2026-01-21 21:56:17,729 INFO Log directory: outputs/OrganoidsINRIA_Slice_32/resnet18/2026-01-21-21-56
2026-01-21 21:56:17,731 INFO {'RandFlipd_prob': 0.2,
 'RandRotate90d_prob': 0.2,
 'RandScaleIntensityd_prob': 0.1,
 'RandShiftIntensityd_prob': 0.1,
 'amp': True,
 'augmentation': True,
 'batch_size': 6,
 'cache_dataset': False,
 'checkpoint_path': None,
 'data_dir': '/home/mraffael/martone_project/Organoids_Dataset_128/',
 'dataset_name': 'OrganoidsINRIA_Slice_32',
 'debug': False,
 'debug_train_samples': 40,
 'debug_val_samples': 10,
 'dist_backend': 'nccl',
 'dist_url': 'tcp://127.0.0.1:23456',
 'distributed': False,
 'dropout_path_rate': 0.0,
 'dropout_rate': 0.2,
 'early_stopping': True,
 'encoder10_pth': '',
 'exact_class': False,
 'feature_size': 48,
 'fold': 0,
 'folds': False,
 'gpu': 0,
 'ignore_label': 3,
 'in_channels': 1,
 'infer_overlap': 0.5,
 'k_folds': 5,
 'logdir': 'test',
 'logs_dir': 'logs/',
 'loss_name': 'CE',
 'lrschedule': 'warmup_cosine',
 'max_epochs': 150,
 'min_delta_loss': 0.001,
 'min_delta_val': 0.01,
 'model_name': 'resnet18',
 'momentum': 0.99,
 'n_slices': 32,
 'noamp': False,
 'norm_name': 'instance',
 'oar_id': 2211233,
 'optim_lr': 0.05,
 'optim_name': 'adamw',
 'out_channels': 1,
 'output_dir': 'outputs/',
 'patch_merging': False,
 'patience_loss': 40,
 'patience_val': 40,
 'pretrained_dir': './pretrained_models/resnet18/',
 'pretrained_model_name': 'resnet_18.pth',
 'rank': 0,
 'reg_weight': 5e-05,
 'restart_T0': 20,
 'resume_ckpt': False,
 'roi_x': 128,
 'roi_y': 128,
 'roi_z': 32,
 'save_checkpoint': True,
 'seed': 3,
 'similarity_loss': '',
 'similarity_loss_weight': 0.0,
 'slice_selection': True,
 'spatial_dims': 3,
 'split_method': 'stratified',
 'start_epoch': 0,
 'sw_batch_size': 8,
 'telegram_log': True,
 'test_mode': False,
 'token': './token/tlg_token.txt',
 'use_checkpoint': False,
 'val_every': 2,
 'warmup_epochs': 5,
 'workers': 8,
 'world_size': 1}
2026-01-21 21:56:17,731 INFO 
2026-01-21 21:56:17,736 INFO Saved configuration to: outputs/OrganoidsINRIA_Slice_32/resnet18/2026-01-21-21-56/config.txt
2026-01-21 21:56:18,313 INFO Using GPU: 0
2026-01-21 21:56:18,313 INFO 
2026-01-21 21:56:18,313 INFO Model INFO:
2026-01-21 21:56:18,313 INFO Model architecture: resnet18
2026-01-21 21:56:18,616 INFO Using pretrained weights
2026-01-21 21:56:18,616 INFO => loading pretrained model './pretrained_models/resnet18/resnet_18.pth'
2026-01-21 21:56:20,059 INFO Missing keys: 27
2026-01-21 21:56:20,059 INFO Using ResNet with Single Linear Classification Head
2026-01-21 21:56:20,060 INFO Total trainable parameters: 33,320,451
2026-01-21 21:56:20,101 INFO 
2026-01-21 21:56:20,101 INFO Optimizer INFO:
2026-01-21 21:56:20,102 INFO Using optimizer: adamw with lr=0.05, weight_decay=5e-05
2026-01-21 21:56:20,102 INFO 
2026-01-21 21:56:20,102 INFO Dataset INFO:
2026-01-21 21:56:20,157 INFO Dataset length: 721
2026-01-21 21:56:20,157 INFO Class distribution in entire dataset:
2026-01-21 21:56:20,157 INFO   Class 0: 351
2026-01-21 21:56:20,157 INFO   Class 1: 38
2026-01-21 21:56:20,157 INFO   Class 2: 332
2026-01-21 21:56:20,157 INFO 
Using split method: stratified
2026-01-21 21:56:20,171 INFO 
Train set balance:
2026-01-21 21:56:20,171 INFO 
Val set balance:
2026-01-21 21:56:20,171 INFO Training set length: 577
2026-01-21 21:56:20,171 INFO Validation set length: 144
2026-01-21 21:56:20,171 INFO 
Using standard shuffle for training
2026-01-21 21:56:20,171 INFO Training loader: 96 batches
2026-01-21 21:56:20,171 INFO Validation loader: 24 batches
2026-01-21 21:56:20,172 INFO 
Class distribution in training set:
2026-01-21 21:56:20,172 INFO   Class 0: 281 (48.7%)
2026-01-21 21:56:20,172 INFO   Class 1: 30 (5.2%)
2026-01-21 21:56:20,172 INFO   Class 2: 266 (46.1%)
2026-01-21 21:56:20,172 INFO Class distribution in validation set:
2026-01-21 21:56:20,172 INFO   Class 0: 70 (48.6%)
2026-01-21 21:56:20,172 INFO   Class 1: 8 (5.6%)
2026-01-21 21:56:20,172 INFO   Class 2: 66 (45.8%)
2026-01-21 21:56:20,172 INFO **************************************************
2026-01-21 21:56:20,308 INFO Class weights: [ 6.845  64.111  7.231]
2026-01-21 21:56:20,308 INFO 
2026-01-21 21:56:20,308 INFO Test Dataset INFO:
2026-01-21 21:56:20,343 INFO Test Dataset length: 82
2026-01-21 21:56:20,343 INFO Class distribution in test dataset:
2026-01-21 21:56:20,343 INFO   Class 0: 40
2026-01-21 21:56:20,343 INFO   Class 1: 5
2026-01-21 21:56:20,343 INFO   Class 2: 37
2026-01-21 21:56:20,343 INFO Test loader: 14 batches
2026-01-21 21:56:20,343 INFO **************************************************
2026-01-21 21:56:20,343 INFO 
2026-01-21 21:56:20,343 INFO Using loss function: CE
2026-01-21 21:56:20,346 INFO **************************************************
2026-01-21 21:56:20,346 INFO Starting training...
2026-01-21 21:56:20,348 INFO 0 Wed Jan 21 21:56:20 2026 Epoch: 1
2026-01-21 21:56:57,822 INFO Final training 1/150, loss: 1.2250, time 37.47s, lr: 0.000000
Accuracy: 0.286
class                  precision    recall   specificity      f1   support
--------------------------------------------------------------------------
0                          0.400     0.157         0.777   0.226       280
1                          0.076     0.700         0.533   0.137        30
2                          0.526     0.376         0.710   0.439       266
*----------------------------------------*
2026-01-21 21:56:58,178 INFO 0 Wed Jan 21 21:56:58 2026 Epoch: 2
2026-01-21 21:57:19,413 INFO Final training 2/150, loss: 1.2751, time 21.24s, lr: 0.012500
Accuracy: 0.502
class                  precision    recall   specificity      f1   support
--------------------------------------------------------------------------
0                          0.599     0.475         0.699   0.530       280
1                          0.114     0.267         0.886   0.160        30
2                          0.521     0.556         0.561   0.538       266
*----------------------------------------*
2026-01-21 21:57:58,300 INFO Final validation 2/150, Val_acc: 0.5813, time 38.89sAccuracy: 0.653
class                  precision    recall   specificity      f1   support
--------------------------------------------------------------------------
0                          0.742     0.700         0.770   0.721        70
1                          0.208     0.625         0.860   0.312         8
2                          0.741     0.606         0.821   0.667        66
*========================================*
2026-01-21 21:57:58,300 INFO New best (0.000000 --> 0.581250)
2026-01-21 21:58:04,048 INFO Copying best model to best_model.pt
2026-01-21 21:58:07,692 INFO 0 Wed Jan 21 21:58:07 2026 Epoch: 3
2026-01-21 21:58:29,541 INFO Final training 3/150, loss: 1.1556, time 21.85s, lr: 0.025000
Accuracy: 0.571
class                  precision    recall   specificity      f1   support
--------------------------------------------------------------------------
0                          0.625     0.607         0.655   0.616       280
1                          0.065     0.167         0.868   0.093        30
2                          0.678     0.579         0.765   0.625       266
*----------------------------------------*
2026-01-21 21:58:29,541 INFO 0 Wed Jan 21 21:58:29 2026 Epoch: 4
2026-01-21 21:58:50,332 INFO Final training 4/150, loss: 1.0709, time 20.79s, lr: 0.037500
Accuracy: 0.622
class                  precision    recall   specificity      f1   support
--------------------------------------------------------------------------
0                          0.660     0.698         0.658   0.678       281
1                          0.057     0.067         0.940   0.062        30
2                          0.656     0.604         0.730   0.629       265
*----------------------------------------*
2026-01-21 21:59:21,116 INFO Final validation 4/150, Val_acc: 0.6366, time 30.78sAccuracy: 0.694
class                  precision    recall   specificity      f1   support
--------------------------------------------------------------------------
0                          0.679     0.757         0.662   0.716        70
1                          0.000     0.000         1.000   0.000         8
2                          0.712     0.712         0.756   0.712        66
*========================================*
2026-01-21 21:59:21,116 INFO New best (0.581250 --> 0.636574)
2026-01-21 21:59:26,832 INFO Copying best model to best_model.pt
2026-01-21 21:59:30,596 INFO 0 Wed Jan 21 21:59:30 2026 Epoch: 5
2026-01-21 21:59:51,439 INFO Final training 5/150, loss: 1.0786, time 20.84s, lr: 0.050000
Accuracy: 0.604
class                  precision    recall   specificity      f1   support
--------------------------------------------------------------------------
0                          0.686     0.544         0.763   0.607       281
1                          0.103     0.200         0.905   0.136        30
2                          0.641     0.713         0.659   0.675       265
*----------------------------------------*
2026-01-21 21:59:51,440 INFO 0 Wed Jan 21 21:59:51 2026 Epoch: 6
2026-01-21 22:00:12,769 INFO Final training 6/150, loss: 1.0172, time 21.33s, lr: 0.050000
Accuracy: 0.642
class                  precision    recall   specificity      f1   support
--------------------------------------------------------------------------
0                          0.741     0.530         0.824   0.618       281
1                          0.077     0.067         0.956   0.071        30
2                          0.628     0.826         0.582   0.713       265
*----------------------------------------*
2026-01-21 22:00:43,287 INFO Final validation 6/150, Val_acc: 0.6641, time 30.52sAccuracy: 0.715
class                  precision    recall   specificity      f1   support
--------------------------------------------------------------------------
0                          0.818     0.643         0.865   0.720        70
1                          0.000     0.000         1.000   0.000         8
2                          0.652     0.879         0.603   0.748        66
*========================================*
2026-01-21 22:00:43,287 INFO New best (0.636574 --> 0.664120)
2026-01-21 22:00:48,926 INFO Copying best model to best_model.pt
2026-01-21 22:00:52,686 INFO 0 Wed Jan 21 22:00:52 2026 Epoch: 7
2026-01-21 22:01:13,886 INFO Final training 7/150, loss: 0.9801, time 21.20s, lr: 0.049994
Accuracy: 0.684
class                  precision    recall   specificity      f1   support
--------------------------------------------------------------------------
0                          0.789     0.598         0.847   0.680       281
1                          0.000     0.000         0.995   0.000        29
2                          0.628     0.850         0.568   0.722       266
*----------------------------------------*
2026-01-21 22:01:13,886 INFO 0 Wed Jan 21 22:01:13 2026 Epoch: 8
2026-01-21 22:01:35,904 INFO Final training 8/150, loss: 0.9238, time 22.02s, lr: 0.049977
Accuracy: 0.717
class                  precision    recall   specificity      f1   support
--------------------------------------------------------------------------
0                          0.842     0.629         0.889   0.720       280
1                          0.000     0.000         1.000   0.000        30
2                          0.646     0.891         0.581   0.749       266
*----------------------------------------*
2026-01-21 22:02:06,375 INFO Final validation 8/150, Val_acc: 0.7306, time 30.47sAccuracy: 0.757
class                  precision    recall   specificity      f1   support
--------------------------------------------------------------------------
0                          0.769     0.857         0.757   0.811        70
1                          0.000     0.000         1.000   0.000         8
2                          0.742     0.742         0.782   0.742        66
*========================================*
2026-01-21 22:02:06,375 INFO New best (0.664120 --> 0.730556)
2026-01-21 22:02:12,010 INFO Copying best model to best_model.pt
2026-01-21 22:02:15,769 INFO 0 Wed Jan 21 22:02:15 2026 Epoch: 9
2026-01-21 22:02:36,213 INFO Final training 9/150, loss: 0.8874, time 20.44s, lr: 0.049947
Accuracy: 0.691
class                  precision    recall   specificity      f1   support
--------------------------------------------------------------------------
0                          0.794     0.673         0.834   0.728       281
1                          0.043     0.034         0.960   0.038        29
2                          0.660     0.782         0.655   0.716       266
*----------------------------------------*
2026-01-21 22:02:36,213 INFO 0 Wed Jan 21 22:02:36 2026 Epoch: 10
2026-01-21 22:02:58,343 INFO Final training 10/150, loss: 0.8928, time 22.13s, lr: 0.049906
Accuracy: 0.675
class                  precision    recall   specificity      f1   support
--------------------------------------------------------------------------
0                          0.758     0.637         0.807   0.692       281
1                          0.000     0.000         1.000   0.000        30
2                          0.618     0.792         0.582   0.694       265
*----------------------------------------*
2026-01-21 22:03:29,039 INFO Final validation 10/150, Val_acc: 0.7358, time 30.70sAccuracy: 0.757
class                  precision    recall   specificity      f1   support
--------------------------------------------------------------------------
0                          0.776     0.843         0.770   0.808        70
1                          0.000     0.000         1.000   0.000         8
2                          0.735     0.758         0.769   0.746        66
*========================================*
2026-01-21 22:03:29,039 INFO New best (0.730556 --> 0.735764)
2026-01-21 22:03:34,727 INFO Copying best model to best_model.pt
2026-01-21 22:03:38,496 INFO 0 Wed Jan 21 22:03:38 2026 Epoch: 11
2026-01-21 22:03:59,420 INFO Final training 11/150, loss: 0.8691, time 20.92s, lr: 0.049853
Accuracy: 0.715
class                  precision    recall   specificity      f1   support
--------------------------------------------------------------------------
0                          0.814     0.671         0.855   0.736       280
1                          0.000     0.000         0.995   0.000        30
2                          0.655     0.842         0.619   0.737       266
*----------------------------------------*
2026-01-21 22:03:59,784 INFO 0 Wed Jan 21 22:03:59 2026 Epoch: 12
2026-01-21 22:04:20,382 INFO Final training 12/150, loss: 0.8459, time 20.60s, lr: 0.049789
Accuracy: 0.720
class                  precision    recall   specificity      f1   support
--------------------------------------------------------------------------
0                          0.796     0.694         0.831   0.741       281
1                          0.000     0.000         1.000   0.000        30
2                          0.665     0.830         0.643   0.738       265
*----------------------------------------*
2026-01-21 22:04:50,962 INFO Final validation 12/150, Val_acc: 0.6773, time 30.58sAccuracy: 0.722
class                  precision    recall   specificity      f1   support
--------------------------------------------------------------------------
0                          0.930     0.571         0.959   0.708        70
1                          0.000     0.000         1.000   0.000         8
2                          0.634     0.970         0.526   0.766        66
*========================================*
2026-01-21 22:04:55,230 INFO 0 Wed Jan 21 22:04:55 2026 Epoch: 13
2026-01-21 22:05:16,681 INFO Final training 13/150, loss: 0.9122, time 21.45s, lr: 0.049713
Accuracy: 0.689
class                  precision    recall   specificity      f1   support
--------------------------------------------------------------------------
0                          0.778     0.689         0.814   0.731       280
1                          0.091     0.067         0.963   0.077        30
2                          0.660     0.759         0.665   0.706       266
*----------------------------------------*
2026-01-21 22:05:16,681 INFO 0 Wed Jan 21 22:05:16 2026 Epoch: 14
2026-01-21 22:05:38,358 INFO Final training 14/150, loss: 0.9283, time 21.68s, lr: 0.049625
Accuracy: 0.691
class                  precision    recall   specificity      f1   support
--------------------------------------------------------------------------
0                          0.801     0.632         0.851   0.707       280
1                          0.045     0.033         0.962   0.038        30
2                          0.661     0.827         0.635   0.735       266
*----------------------------------------*
2026-01-21 22:06:08,693 INFO Final validation 14/150, Val_acc: 0.6900, time 30.33sAccuracy: 0.736
class                  precision    recall   specificity      f1   support
--------------------------------------------------------------------------
0                          0.898     0.629         0.932   0.739        70
1                          0.000     0.000         1.000   0.000         8
2                          0.653     0.939         0.577   0.770        66
*========================================*
2026-01-21 22:06:13,022 INFO 0 Wed Jan 21 22:06:13 2026 Epoch: 15
2026-01-21 22:06:34,656 INFO Final training 15/150, loss: 0.8681, time 21.63s, lr: 0.049526
Accuracy: 0.738
class                  precision    recall   specificity      f1   support
--------------------------------------------------------------------------
0                          0.837     0.694         0.871   0.759       281
1                          0.000     0.000         0.998   0.000        30
2                          0.673     0.868         0.640   0.758       265
*----------------------------------------*
2026-01-21 22:06:34,656 INFO 0 Wed Jan 21 22:06:34 2026 Epoch: 16
2026-01-21 22:06:56,172 INFO Final training 16/150, loss: 0.7757, time 21.52s, lr: 0.049416
Accuracy: 0.776
class                  precision    recall   specificity      f1   support
--------------------------------------------------------------------------
0                          0.866     0.758         0.888   0.808       281
1                          0.000     0.000         1.000   0.000        30
2                          0.709     0.883         0.691   0.787       265
*----------------------------------------*
2026-01-21 22:07:26,543 INFO Final validation 16/150, Val_acc: 0.5497, time 30.37sAccuracy: 0.576
class                  precision    recall   specificity      f1   support
--------------------------------------------------------------------------
0                          0.833     0.286         0.946   0.426        70
1                          0.000     0.000         1.000   0.000         8
2                          0.525     0.955         0.269   0.677        66
*========================================*
2026-01-21 22:07:30,873 INFO 0 Wed Jan 21 22:07:30 2026 Epoch: 17
2026-01-21 22:07:52,589 INFO Final training 17/150, loss: 0.8240, time 21.72s, lr: 0.049293
Accuracy: 0.726
class                  precision    recall   specificity      f1   support
--------------------------------------------------------------------------
0                          0.816     0.694         0.851   0.750       281
1                          0.000     0.000         1.000   0.000        30
2                          0.662     0.842         0.633   0.741       265
*----------------------------------------*
2026-01-21 22:07:52,590 INFO 0 Wed Jan 21 22:07:52 2026 Epoch: 18
2026-01-21 22:08:13,570 INFO Final training 18/150, loss: 0.8032, time 20.98s, lr: 0.049160
Accuracy: 0.734
class                  precision    recall   specificity      f1   support
--------------------------------------------------------------------------
0                          0.839     0.722         0.868   0.776       281
1                          0.000     0.000         0.971   0.000        30
2                          0.692     0.830         0.685   0.755       265
*----------------------------------------*
2026-01-21 22:08:44,101 INFO Final validation 18/150, Val_acc: 0.7544, time 30.53sAccuracy: 0.785
class                  precision    recall   specificity      f1   support
--------------------------------------------------------------------------
0                          0.926     0.714         0.946   0.806        70
1                          0.000     0.000         1.000   0.000         8
2                          0.700     0.955         0.654   0.808        66
*========================================*
2026-01-21 22:08:44,101 INFO New best (0.735764 --> 0.754398)
2026-01-21 22:08:49,734 INFO Copying best model to best_model.pt
2026-01-21 22:08:53,508 INFO 0 Wed Jan 21 22:08:53 2026 Epoch: 19
2026-01-21 22:09:14,948 INFO Final training 19/150, loss: 0.9255, time 21.44s, lr: 0.049015
Accuracy: 0.748
class                  precision    recall   specificity      f1   support
--------------------------------------------------------------------------
0                          0.843     0.707         0.875   0.769       280
1                          0.167     0.033         0.991   0.056        30
2                          0.693     0.872         0.668   0.772       266
*----------------------------------------*
2026-01-21 22:09:14,949 INFO 0 Wed Jan 21 22:09:14 2026 Epoch: 20
2026-01-21 22:09:36,079 INFO Final training 20/150, loss: 0.8440, time 21.13s, lr: 0.048859
Accuracy: 0.743
class                  precision    recall   specificity      f1   support
--------------------------------------------------------------------------
0                          0.834     0.718         0.865   0.772       280
1                          0.000     0.000         0.998   0.000        30
2                          0.680     0.853         0.655   0.757       266
*----------------------------------------*
2026-01-21 22:10:06,881 INFO Final validation 20/150, Val_acc: 0.7933, time 30.80sAccuracy: 0.819
class                  precision    recall   specificity      f1   support
--------------------------------------------------------------------------
0                          0.918     0.800         0.932   0.855        70
1                          0.000     0.000         1.000   0.000         8
2                          0.747     0.939         0.731   0.832        66
*========================================*
2026-01-21 22:10:06,882 INFO New best (0.754398 --> 0.793287)
2026-01-21 22:10:12,585 INFO Copying best model to best_model.pt
2026-01-21 22:10:16,368 INFO 0 Wed Jan 21 22:10:16 2026 Epoch: 21
2026-01-21 22:10:37,701 INFO Final training 21/150, loss: 0.8524, time 21.33s, lr: 0.048691
Accuracy: 0.698
class                  precision    recall   specificity      f1   support
--------------------------------------------------------------------------
0                          0.856     0.655         0.895   0.742       281
1                          0.175     0.241         0.940   0.203        29
2                          0.657     0.793         0.645   0.719       266
*----------------------------------------*
2026-01-21 22:10:38,063 INFO 0 Wed Jan 21 22:10:38 2026 Epoch: 22
2026-01-21 22:10:59,288 INFO Final training 22/150, loss: 0.9248, time 21.23s, lr: 0.048513
Accuracy: 0.542
class                  precision    recall   specificity      f1   support
--------------------------------------------------------------------------
0                          0.735     0.584         0.800   0.651       281
1                          0.146     0.633         0.797   0.237        30
2                          0.578     0.487         0.698   0.529       265
*----------------------------------------*
2026-01-21 22:11:30,392 INFO Final validation 22/150, Val_acc: 0.3509, time 31.10sAccuracy: 0.438
class                  precision    recall   specificity      f1   support
--------------------------------------------------------------------------
0                          0.867     0.743         0.892   0.800        70
1                          0.093     0.875         0.500   0.169         8
2                          0.444     0.061         0.936   0.107        66
*========================================*
2026-01-21 22:11:34,702 INFO 0 Wed Jan 21 22:11:34 2026 Epoch: 23
2026-01-21 22:11:56,310 INFO Final training 23/150, loss: 0.9090, time 21.61s, lr: 0.048323
Accuracy: 0.700
class                  precision    recall   specificity      f1   support
--------------------------------------------------------------------------
0                          0.787     0.708         0.817   0.745       281
1                          0.000     0.000         0.967   0.000        30
2                          0.669     0.770         0.675   0.716       265
*----------------------------------------*
2026-01-21 22:11:56,311 INFO 0 Wed Jan 21 22:11:56 2026 Epoch: 24
2026-01-21 22:12:17,763 INFO Final training 24/150, loss: 0.8238, time 21.45s, lr: 0.048123
Accuracy: 0.736
class                  precision    recall   specificity      f1   support
--------------------------------------------------------------------------
0                          0.853     0.682         0.889   0.758       280
1                          0.000     0.000         0.996   0.000        30
2                          0.666     0.876         0.623   0.756       266
*----------------------------------------*
2026-01-21 22:12:49,232 INFO Final validation 24/150, Val_acc: 0.7130, time 31.47sAccuracy: 0.764
class                  precision    recall   specificity      f1   support
--------------------------------------------------------------------------
0                          0.821     0.786         0.838   0.803        70
1                          0.000     0.000         1.000   0.000         8
2                          0.714     0.833         0.718   0.769        66
*========================================*
2026-01-21 22:12:53,524 INFO 0 Wed Jan 21 22:12:53 2026 Epoch: 25
2026-01-21 22:13:15,241 INFO Final training 25/150, loss: 0.8852, time 21.72s, lr: 0.047911
Accuracy: 0.714
class                  precision    recall   specificity      f1   support
--------------------------------------------------------------------------
0                          0.831     0.668         0.872   0.741       280
1                          0.111     0.067         0.971   0.083        30
2                          0.667     0.835         0.642   0.741       266
*----------------------------------------*
2026-01-21 22:13:15,241 INFO 0 Wed Jan 21 22:13:15 2026 Epoch: 26
2026-01-21 22:13:37,011 INFO Final training 26/150, loss: 0.8255, time 21.77s, lr: 0.047689
Accuracy: 0.707
class                  precision    recall   specificity      f1   support
--------------------------------------------------------------------------
0                          0.830     0.732         0.858   0.778       280
1                          0.114     0.167         0.929   0.135        30
2                          0.691     0.741         0.716   0.715       266
*----------------------------------------*
2026-01-21 22:14:07,832 INFO Final validation 26/150, Val_acc: 0.7231, time 30.82sAccuracy: 0.771
class                  precision    recall   specificity      f1   support
--------------------------------------------------------------------------
0                          0.940     0.671         0.959   0.783        70
1                          0.000     0.000         1.000   0.000         8
2                          0.681     0.970         0.615   0.800        66
*========================================*
2026-01-21 22:14:12,127 INFO 0 Wed Jan 21 22:14:12 2026 Epoch: 27
2026-01-21 22:14:33,934 INFO Final training 27/150, loss: 0.8664, time 21.81s, lr: 0.047457
Accuracy: 0.686
class                  precision    recall   specificity      f1   support
--------------------------------------------------------------------------
0                          0.833     0.712         0.864   0.768       281
1                          0.133     0.267         0.905   0.178        30
2                          0.678     0.706         0.714   0.691       265
*----------------------------------------*
2026-01-21 22:14:33,934 INFO 0 Wed Jan 21 22:14:33 2026 Epoch: 28
2026-01-21 22:14:55,073 INFO Final training 28/150, loss: 0.7286, time 21.14s, lr: 0.047213
Accuracy: 0.731
class                  precision    recall   specificity      f1   support
--------------------------------------------------------------------------
0                          0.861     0.772         0.881   0.814       281
1                          0.206     0.467         0.901   0.286        30
2                          0.742     0.717         0.788   0.729       265
*----------------------------------------*
2026-01-21 22:15:25,902 INFO Final validation 28/150, Val_acc: 0.7389, time 30.83sAccuracy: 0.799
class                  precision    recall   specificity      f1   support
--------------------------------------------------------------------------
0                          0.845     0.857         0.851   0.851        70
1                          0.357     0.625         0.934   0.455         8
2                          0.847     0.758         0.885   0.800        66
*========================================*
2026-01-21 22:15:30,209 INFO 0 Wed Jan 21 22:15:30 2026 Epoch: 29
2026-01-21 22:15:52,358 INFO Final training 29/150, loss: 0.7956, time 22.15s, lr: 0.046960
Accuracy: 0.712
class                  precision    recall   specificity      f1   support
--------------------------------------------------------------------------
0                          0.838     0.718         0.868   0.773       280
1                          0.250     0.633         0.896   0.358        30
2                          0.731     0.714         0.774   0.722       266
*----------------------------------------*
2026-01-21 22:15:52,359 INFO 0 Wed Jan 21 22:15:52 2026 Epoch: 30
2026-01-21 22:16:14,184 INFO Final training 30/150, loss: 0.6889, time 21.83s, lr: 0.046696
Accuracy: 0.743
class                  precision    recall   specificity      f1   support
--------------------------------------------------------------------------
0                          0.846     0.725         0.875   0.781       280
1                          0.349     0.733         0.925   0.473        30
2                          0.744     0.763         0.774   0.753       266
*----------------------------------------*
2026-01-21 22:16:44,821 INFO Final validation 30/150, Val_acc: 0.6865, time 30.64sAccuracy: 0.764
class                  precision    recall   specificity      f1   support
--------------------------------------------------------------------------
0                          0.889     0.800         0.905   0.842        70
1                          0.261     0.750         0.875   0.387         8
2                          0.828     0.727         0.872   0.774        66
*========================================*
2026-01-21 22:16:49,138 INFO 0 Wed Jan 21 22:16:49 2026 Epoch: 31
2026-01-21 22:17:11,343 INFO Final training 31/150, loss: 0.7203, time 22.20s, lr: 0.046421
Accuracy: 0.684
class                  precision    recall   specificity      f1   support
--------------------------------------------------------------------------
0                          0.857     0.704         0.889   0.773       280
1                          0.234     0.833         0.850   0.365        30
2                          0.720     0.647         0.784   0.681       266
*----------------------------------------*
2026-01-21 22:17:11,697 INFO 0 Wed Jan 21 22:17:11 2026 Epoch: 32
2026-01-21 22:17:33,218 INFO Final training 32/150, loss: 0.6551, time 21.52s, lr: 0.046137
Accuracy: 0.743
class                  precision    recall   specificity      f1   support
--------------------------------------------------------------------------
0                          0.869     0.776         0.888   0.820       281
1                          0.233     0.700         0.874   0.350        30
2                          0.804     0.713         0.852   0.756       265
*----------------------------------------*
2026-01-21 22:18:03,811 INFO Final validation 32/150, Val_acc: 0.7109, time 30.59sAccuracy: 0.785
class                  precision    recall   specificity      f1   support
--------------------------------------------------------------------------
0                          0.962     0.729         0.973   0.829        70
1                          0.300     0.750         0.897   0.429         8
2                          0.789     0.848         0.808   0.818        66
*========================================*
2026-01-21 22:18:08,177 INFO 0 Wed Jan 21 22:18:08 2026 Epoch: 33
2026-01-21 22:18:30,228 INFO Final training 33/150, loss: 0.6633, time 22.05s, lr: 0.045843
Accuracy: 0.733
class                  precision    recall   specificity      f1   support
--------------------------------------------------------------------------
0                          0.859     0.782         0.878   0.819       280
1                          0.238     0.667         0.883   0.351        30
2                          0.772     0.688         0.826   0.728       266
*----------------------------------------*
2026-01-21 22:18:30,228 INFO 0 Wed Jan 21 22:18:30 2026 Epoch: 34
2026-01-21 22:18:52,336 INFO Final training 34/150, loss: 0.6079, time 22.11s, lr: 0.045539
Accuracy: 0.743
class                  precision    recall   specificity      f1   support
--------------------------------------------------------------------------
0                          0.852     0.761         0.875   0.804       280
1                          0.306     0.733         0.908   0.431        30
2                          0.760     0.726         0.803   0.742       266
*----------------------------------------*
2026-01-21 22:19:23,107 INFO Final validation 34/150, Val_acc: 0.6833, time 30.77sAccuracy: 0.764
class                  precision    recall   specificity      f1   support
--------------------------------------------------------------------------
0                          0.962     0.729         0.973   0.829        70
1                          0.280     0.875         0.868   0.424         8
2                          0.788     0.788         0.821   0.788        66
*========================================*
2026-01-21 22:19:27,503 INFO 0 Wed Jan 21 22:19:27 2026 Epoch: 35
2026-01-21 22:19:48,484 INFO Final training 35/150, loss: 0.6256, time 20.98s, lr: 0.045225
Accuracy: 0.741
class                  precision    recall   specificity      f1   support
--------------------------------------------------------------------------
0                          0.897     0.776         0.915   0.832       281
1                          0.226     0.800         0.850   0.353        30
2                          0.815     0.698         0.865   0.752       265
*----------------------------------------*
2026-01-21 22:19:48,484 INFO 0 Wed Jan 21 22:19:48 2026 Epoch: 36
2026-01-21 22:20:09,459 INFO Final training 36/150, loss: 0.6459, time 20.97s, lr: 0.044902
Accuracy: 0.757
class                  precision    recall   specificity      f1   support
--------------------------------------------------------------------------
0                          0.878     0.771         0.899   0.821       280
1                          0.253     0.633         0.897   0.362        30
2                          0.788     0.756         0.826   0.772       266
*----------------------------------------*
2026-01-21 22:20:40,345 INFO Final validation 36/150, Val_acc: 0.5465, time 30.89sAccuracy: 0.646
class                  precision    recall   specificity      f1   support
--------------------------------------------------------------------------
0                          0.833     0.857         0.838   0.845        70
1                          0.156     0.875         0.721   0.264         8
2                          0.963     0.394         0.987   0.559        66
*========================================*
2026-01-21 22:20:44,654 INFO 0 Wed Jan 21 22:20:44 2026 Epoch: 37
2026-01-21 22:21:05,445 INFO Final training 37/150, loss: 0.6653, time 20.79s, lr: 0.044570
Accuracy: 0.747
class                  precision    recall   specificity      f1   support
--------------------------------------------------------------------------
0                          0.864     0.744         0.888   0.799       281
1                          0.284     0.633         0.912   0.392        30
2                          0.757     0.762         0.791   0.759       265
*----------------------------------------*
2026-01-21 22:21:05,445 INFO 0 Wed Jan 21 22:21:05 2026 Epoch: 38
2026-01-21 22:21:27,779 INFO Final training 38/150, loss: 0.6570, time 22.33s, lr: 0.044228
Accuracy: 0.755
class                  precision    recall   specificity      f1   support
--------------------------------------------------------------------------
0                          0.887     0.779         0.905   0.830       281
1                          0.260     0.655         0.901   0.373        29
2                          0.770     0.741         0.810   0.755       266
*----------------------------------------*
2026-01-21 22:21:58,632 INFO Final validation 38/150, Val_acc: 0.5633, time 30.85sAccuracy: 0.653
class                  precision    recall   specificity      f1   support
--------------------------------------------------------------------------
0                          0.836     0.871         0.838   0.853        70
1                          0.163     0.875         0.735   0.275         8
2                          0.929     0.394         0.974   0.553        66
*========================================*
2026-01-21 22:22:02,921 INFO 0 Wed Jan 21 22:22:02 2026 Epoch: 39
2026-01-21 22:22:24,874 INFO Final training 39/150, loss: 0.6820, time 21.95s, lr: 0.043878
Accuracy: 0.726
class                  precision    recall   specificity      f1   support
--------------------------------------------------------------------------
0                          0.835     0.740         0.861   0.785       281
1                          0.259     0.733         0.885   0.383        30
2                          0.777     0.709         0.826   0.742       265
*----------------------------------------*
2026-01-21 22:22:24,875 INFO 0 Wed Jan 21 22:22:24 2026 Epoch: 40
2026-01-21 22:22:45,820 INFO Final training 40/150, loss: 0.6877, time 20.95s, lr: 0.043518
Accuracy: 0.712
class                  precision    recall   specificity      f1   support
--------------------------------------------------------------------------
0                          0.879     0.726         0.905   0.795       281
1                          0.214     0.733         0.852   0.331        30
2                          0.763     0.694         0.817   0.727       265
*----------------------------------------*
2026-01-21 22:23:16,821 INFO Final validation 40/150, Val_acc: 0.4356, time 31.00sAccuracy: 0.549
class                  precision    recall   specificity      f1   support
--------------------------------------------------------------------------
0                          0.865     0.457         0.932   0.598        70
1                          0.184     0.875         0.772   0.304         8
2                          0.580     0.606         0.628   0.593        66
*========================================*
2026-01-21 22:23:21,132 INFO 0 Wed Jan 21 22:23:21 2026 Epoch: 41
2026-01-21 22:23:44,288 INFO Final training 41/150, loss: 0.7717, time 23.16s, lr: 0.043150
Accuracy: 0.722
class                  precision    recall   specificity      f1   support
--------------------------------------------------------------------------
0                          0.894     0.747         0.915   0.814       281
1                          0.191     0.600         0.861   0.290        30
2                          0.761     0.709         0.810   0.734       265
*----------------------------------------*
2026-01-21 22:23:44,650 INFO 0 Wed Jan 21 22:23:44 2026 Epoch: 42
2026-01-21 22:24:05,666 INFO Final training 42/150, loss: 0.5987, time 21.02s, lr: 0.042773
Accuracy: 0.760
class                  precision    recall   specificity      f1   support
--------------------------------------------------------------------------
0                          0.865     0.751         0.888   0.804       281
1                          0.355     0.733         0.927   0.478        30
2                          0.759     0.774         0.791   0.766       265
*----------------------------------------*
2026-01-21 22:24:36,424 INFO Final validation 42/150, Val_acc: 0.7123, time 30.76sAccuracy: 0.771
class                  precision    recall   specificity      f1   support
--------------------------------------------------------------------------
0                          0.877     0.814         0.892   0.844        70
1                          0.292     0.875         0.875   0.438         8
2                          0.855     0.712         0.897   0.777        66
*========================================*
2026-01-21 22:24:40,702 INFO 0 Wed Jan 21 22:24:40 2026 Epoch: 43
2026-01-21 22:25:02,483 INFO Final training 43/150, loss: 0.6539, time 21.78s, lr: 0.042388
Accuracy: 0.738
class                  precision    recall   specificity      f1   support
--------------------------------------------------------------------------
0                          0.839     0.746         0.865   0.790       280
1                          0.260     0.667         0.896   0.374        30
2                          0.784     0.737         0.826   0.760       266
*----------------------------------------*
2026-01-21 22:25:02,483 INFO 0 Wed Jan 21 22:25:02 2026 Epoch: 44
2026-01-21 22:25:23,202 INFO Final training 44/150, loss: 0.5898, time 20.72s, lr: 0.041995
Accuracy: 0.762
class                  precision    recall   specificity      f1   support
--------------------------------------------------------------------------
0                          0.899     0.764         0.919   0.826       280
1                          0.271     0.767         0.886   0.400        30
2                          0.798     0.759         0.835   0.778       266
*----------------------------------------*
2026-01-21 22:25:53,895 INFO Final validation 44/150, Val_acc: 0.7029, time 30.69sAccuracy: 0.792
class                  precision    recall   specificity      f1   support
--------------------------------------------------------------------------
0                          0.896     0.857         0.905   0.876        70
1                          0.280     0.875         0.868   0.424         8
2                          0.904     0.712         0.936   0.797        66
*========================================*
2026-01-21 22:25:58,278 INFO 0 Wed Jan 21 22:25:58 2026 Epoch: 45
2026-01-21 22:26:20,467 INFO Final training 45/150, loss: 0.6403, time 22.19s, lr: 0.041594
Accuracy: 0.741
class                  precision    recall   specificity      f1   support
--------------------------------------------------------------------------
0                          0.893     0.772         0.912   0.828       281
1                          0.204     0.667         0.857   0.312        30
2                          0.809     0.717         0.855   0.760       265
*----------------------------------------*
2026-01-21 22:26:20,467 INFO 0 Wed Jan 21 22:26:20 2026 Epoch: 46
2026-01-21 22:26:41,523 INFO Final training 46/150, loss: 0.5299, time 21.06s, lr: 0.041185
Accuracy: 0.780
class                  precision    recall   specificity      f1   support
--------------------------------------------------------------------------
0                          0.886     0.747         0.908   0.811       281
1                          0.369     0.800         0.925   0.505        30
2                          0.785     0.811         0.810   0.798       265
*----------------------------------------*
2026-01-21 22:27:12,745 INFO Final validation 46/150, Val_acc: 0.6260, time 31.22sAccuracy: 0.701
class                  precision    recall   specificity      f1   support
--------------------------------------------------------------------------
0                          1.000     0.543         1.000   0.704        70
1                          0.286     0.750         0.890   0.414         8
2                          0.671     0.864         0.641   0.755        66
*========================================*
2026-01-21 22:27:17,048 INFO 0 Wed Jan 21 22:27:17 2026 Epoch: 47
2026-01-21 22:27:39,321 INFO Final training 47/150, loss: 0.5587, time 22.27s, lr: 0.040768
Accuracy: 0.778
class                  precision    recall   specificity      f1   support
--------------------------------------------------------------------------
0                          0.906     0.758         0.925   0.826       281
1                          0.293     0.800         0.894   0.429        30
2                          0.815     0.796         0.846   0.805       265
*----------------------------------------*
2026-01-21 22:27:39,321 INFO 0 Wed Jan 21 22:27:39 2026 Epoch: 48
2026-01-21 22:28:00,788 INFO Final training 48/150, loss: 0.5780, time 21.47s, lr: 0.040344
Accuracy: 0.780
class                  precision    recall   specificity      f1   support
--------------------------------------------------------------------------
0                          0.908     0.769         0.925   0.832       281
1                          0.301     0.833         0.894   0.442        30
2                          0.816     0.785         0.849   0.800       265
*----------------------------------------*
2026-01-21 22:28:31,720 INFO Final validation 48/150, Val_acc: 0.7794, time 30.93sAccuracy: 0.847
class                  precision    recall   specificity      f1   support
--------------------------------------------------------------------------
0                          0.899     0.886         0.905   0.892        70
1                          0.417     0.625         0.949   0.500         8
2                          0.873     0.833         0.897   0.853        66
*========================================*
2026-01-21 22:28:36,002 INFO 0 Wed Jan 21 22:28:35 2026 Epoch: 49
2026-01-21 22:28:57,655 INFO Final training 49/150, loss: 0.5503, time 21.65s, lr: 0.039913
Accuracy: 0.799
class                  precision    recall   specificity      f1   support
--------------------------------------------------------------------------
0                          0.912     0.782         0.929   0.842       280
1                          0.338     0.800         0.914   0.475        30
2                          0.819     0.816         0.845   0.817       266
*----------------------------------------*
2026-01-21 22:28:57,655 INFO 0 Wed Jan 21 22:28:57 2026 Epoch: 50
2026-01-21 22:29:20,022 INFO Final training 50/150, loss: 0.5778, time 22.37s, lr: 0.039475
Accuracy: 0.762
class                  precision    recall   specificity      f1   support
--------------------------------------------------------------------------
0                          0.881     0.765         0.902   0.819       281
1                          0.299     0.867         0.888   0.444        30
2                          0.808     0.747         0.849   0.776       265
*----------------------------------------*
2026-01-21 22:29:50,607 INFO Final validation 50/150, Val_acc: 0.7801, time 30.58sAccuracy: 0.840
class                  precision    recall   specificity      f1   support
--------------------------------------------------------------------------
0                          0.982     0.800         0.986   0.882        70
1                          0.353     0.750         0.919   0.480         8
2                          0.843     0.894         0.859   0.868        66
*========================================*
2026-01-21 22:29:54,871 INFO 0 Wed Jan 21 22:29:54 2026 Epoch: 51
2026-01-21 22:30:16,264 INFO Final training 51/150, loss: 0.4779, time 21.39s, lr: 0.039030
Accuracy: 0.811
class                  precision    recall   specificity      f1   support
--------------------------------------------------------------------------
0                          0.904     0.811         0.919   0.855       280
1                          0.383     0.767         0.932   0.511        30
2                          0.819     0.816         0.845   0.817       266
*----------------------------------------*
2026-01-21 22:30:16,637 INFO 0 Wed Jan 21 22:30:16 2026 Epoch: 52
2026-01-21 22:30:38,401 INFO Final training 52/150, loss: 0.5360, time 21.76s, lr: 0.038578
Accuracy: 0.790
class                  precision    recall   specificity      f1   support
--------------------------------------------------------------------------
0                          0.905     0.783         0.922   0.840       281
1                          0.324     0.828         0.909   0.466        29
2                          0.815     0.793         0.845   0.804       266
*----------------------------------------*
2026-01-21 22:31:09,144 INFO Final validation 52/150, Val_acc: 0.7296, time 30.74sAccuracy: 0.799
class                  precision    recall   specificity      f1   support
--------------------------------------------------------------------------
0                          0.981     0.729         0.986   0.836        70
1                          0.333     0.875         0.897   0.483         8
2                          0.803     0.864         0.821   0.832        66
*========================================*
2026-01-21 22:31:13,476 INFO 0 Wed Jan 21 22:31:13 2026 Epoch: 53
2026-01-21 22:31:35,125 INFO Final training 53/150, loss: 0.4869, time 21.65s, lr: 0.038120
Accuracy: 0.809
class                  precision    recall   specificity      f1   support
--------------------------------------------------------------------------
0                          0.930     0.804         0.943   0.862       280
1                          0.365     0.900         0.914   0.519        30
2                          0.823     0.805         0.852   0.814       266
*----------------------------------------*
2026-01-21 22:31:35,125 INFO 0 Wed Jan 21 22:31:35 2026 Epoch: 54
2026-01-21 22:31:57,000 INFO Final training 54/150, loss: 0.6120, time 21.87s, lr: 0.037656
Accuracy: 0.780
class                  precision    recall   specificity      f1   support
--------------------------------------------------------------------------
0                          0.926     0.762         0.942   0.836       281
1                          0.286     0.800         0.890   0.421        30
2                          0.808     0.796         0.839   0.802       265
*----------------------------------------*
2026-01-21 22:32:27,651 INFO Final validation 54/150, Val_acc: 0.7465, time 30.65sAccuracy: 0.819
class                  precision    recall   specificity      f1   support
--------------------------------------------------------------------------
0                          0.896     0.857         0.905   0.876        70
1                          0.318     0.875         0.890   0.467         8
2                          0.927     0.773         0.949   0.843        66
*========================================*
2026-01-21 22:32:31,950 INFO 0 Wed Jan 21 22:32:31 2026 Epoch: 55
2026-01-21 22:32:53,766 INFO Final training 55/150, loss: 0.4787, time 21.82s, lr: 0.037186
Accuracy: 0.802
class                  precision    recall   specificity      f1   support
--------------------------------------------------------------------------
0                          0.917     0.786         0.932   0.846       280
1                          0.368     0.833         0.921   0.510        30
2                          0.810     0.816         0.835   0.813       266
*----------------------------------------*
2026-01-21 22:32:53,766 INFO 0 Wed Jan 21 22:32:53 2026 Epoch: 56
2026-01-21 22:33:16,803 INFO Final training 56/150, loss: 0.5604, time 23.04s, lr: 0.036710
Accuracy: 0.781
class                  precision    recall   specificity      f1   support
--------------------------------------------------------------------------
0                          0.906     0.790         0.922   0.844       281
1                          0.277     0.767         0.890   0.407        30
2                          0.827     0.774         0.862   0.799       265
*----------------------------------------*
2026-01-21 22:33:47,757 INFO Final validation 56/150, Val_acc: 0.6530, time 30.95sAccuracy: 0.729
class                  precision    recall   specificity      f1   support
--------------------------------------------------------------------------
0                          0.980     0.700         0.986   0.817        70
1                          0.219     0.875         0.816   0.350         8
2                          0.790     0.742         0.833   0.766        66
*========================================*
2026-01-21 22:33:52,065 INFO 0 Wed Jan 21 22:33:52 2026 Epoch: 57
2026-01-21 22:34:13,093 INFO Final training 57/150, loss: 0.5453, time 21.03s, lr: 0.036229
Accuracy: 0.767
class                  precision    recall   specificity      f1   support
--------------------------------------------------------------------------
0                          0.917     0.744         0.936   0.821       281
1                          0.301     0.933         0.881   0.455        30
2                          0.804     0.774         0.839   0.788       265
*----------------------------------------*
2026-01-21 22:34:13,093 INFO 0 Wed Jan 21 22:34:13 2026 Epoch: 58
2026-01-21 22:34:33,773 INFO Final training 58/150, loss: 0.4860, time 20.68s, lr: 0.035742
Accuracy: 0.833
class                  precision    recall   specificity      f1   support
--------------------------------------------------------------------------
0                          0.924     0.819         0.936   0.868       281
1                          0.397     0.833         0.930   0.538        30
2                          0.852     0.849         0.875   0.851       265
*----------------------------------------*
2026-01-21 22:35:04,666 INFO Final validation 58/150, Val_acc: 0.7553, time 30.89sAccuracy: 0.826
class                  precision    recall   specificity      f1   support
--------------------------------------------------------------------------
0                          0.871     0.871         0.878   0.871        70
1                          0.333     0.750         0.912   0.462         8
2                          0.929     0.788         0.949   0.852        66
*========================================*
2026-01-21 22:35:08,970 INFO 0 Wed Jan 21 22:35:08 2026 Epoch: 59
2026-01-21 22:35:30,635 INFO Final training 59/150, loss: 0.5548, time 21.67s, lr: 0.035251
Accuracy: 0.786
class                  precision    recall   specificity      f1   support
--------------------------------------------------------------------------
0                          0.899     0.825         0.912   0.860       280
1                          0.282     0.733         0.897   0.407        30
2                          0.830     0.752         0.868   0.789       266
*----------------------------------------*
2026-01-21 22:35:30,636 INFO 0 Wed Jan 21 22:35:30 2026 Epoch: 60
2026-01-21 22:35:51,952 INFO Final training 60/150, loss: 0.6099, time 21.32s, lr: 0.034754
Accuracy: 0.783
class                  precision    recall   specificity      f1   support
--------------------------------------------------------------------------
0                          0.922     0.761         0.939   0.834       280
1                          0.286     0.800         0.890   0.421        30
2                          0.820     0.805         0.848   0.812       266
*----------------------------------------*
2026-01-21 22:36:22,733 INFO Final validation 60/150, Val_acc: 0.7624, time 30.78sAccuracy: 0.840
class                  precision    recall   specificity      f1   support
--------------------------------------------------------------------------
0                          0.899     0.886         0.905   0.892        70
1                          0.389     0.875         0.919   0.538         8
2                          0.912     0.788         0.936   0.846        66
*========================================*
2026-01-21 22:36:27,115 INFO 0 Wed Jan 21 22:36:27 2026 Epoch: 61
2026-01-21 22:36:49,011 INFO Final training 61/150, loss: 0.4969, time 21.90s, lr: 0.034253
Accuracy: 0.837
class                  precision    recall   specificity      f1   support
--------------------------------------------------------------------------
0                          0.907     0.829         0.919   0.866       281
1                          0.424     0.833         0.938   0.562        30
2                          0.862     0.845         0.884   0.853       265
*----------------------------------------*
2026-01-21 22:36:49,405 INFO 0 Wed Jan 21 22:36:49 2026 Epoch: 62
2026-01-21 22:37:11,020 INFO Final training 62/150, loss: 0.5481, time 21.61s, lr: 0.033748
Accuracy: 0.821
class                  precision    recall   specificity      f1   support
--------------------------------------------------------------------------
0                          0.935     0.819         0.946   0.873       281
1                          0.333     0.833         0.908   0.476        30
2                          0.855     0.823         0.881   0.838       265
*----------------------------------------*
2026-01-21 22:37:41,435 INFO Final validation 62/150, Val_acc: 0.6833, time 30.42sAccuracy: 0.778
class                  precision    recall   specificity      f1   support
--------------------------------------------------------------------------
0                          0.887     0.900         0.892   0.894        70
1                          0.207     0.750         0.831   0.324         8
2                          0.977     0.652         0.987   0.782        66
*========================================*
2026-01-21 22:37:45,710 INFO 0 Wed Jan 21 22:37:45 2026 Epoch: 63
2026-01-21 22:38:07,625 INFO Final training 63/150, loss: 0.4866, time 21.92s, lr: 0.033239
Accuracy: 0.823
class                  precision    recall   specificity      f1   support
--------------------------------------------------------------------------
0                          0.951     0.822         0.959   0.882       281
1                          0.293     0.733         0.903   0.419        30
2                          0.857     0.834         0.881   0.845       265
*----------------------------------------*
2026-01-21 22:38:07,625 INFO 0 Wed Jan 21 22:38:07 2026 Epoch: 64
2026-01-21 22:38:28,649 INFO Final training 64/150, loss: 0.4801, time 21.02s, lr: 0.032725
Accuracy: 0.828
class                  precision    recall   specificity      f1   support
--------------------------------------------------------------------------
0                          0.923     0.818         0.936   0.867       280
1                          0.362     0.833         0.919   0.505        30
2                          0.861     0.838         0.884   0.850       266
*----------------------------------------*
2026-01-21 22:38:59,068 INFO Final validation 64/150, Val_acc: 0.7647, time 30.42sAccuracy: 0.819
class                  precision    recall   specificity      f1   support
--------------------------------------------------------------------------
0                          0.892     0.829         0.905   0.859        70
1                          0.412     0.875         0.926   0.560         8
2                          0.855     0.803         0.885   0.828        66
*========================================*
2026-01-21 22:39:03,348 INFO 0 Wed Jan 21 22:39:03 2026 Epoch: 65
2026-01-21 22:39:24,995 INFO Final training 65/150, loss: 0.4069, time 21.65s, lr: 0.032209
Accuracy: 0.852
class                  precision    recall   specificity      f1   support
--------------------------------------------------------------------------
0                          0.928     0.832         0.939   0.878       280
1                          0.460     0.967         0.938   0.624        30
2                          0.874     0.861         0.894   0.867       266
*----------------------------------------*
2026-01-21 22:39:24,996 INFO 0 Wed Jan 21 22:39:24 2026 Epoch: 66
2026-01-21 22:39:45,945 INFO Final training 66/150, loss: 0.4184, time 20.95s, lr: 0.031688
Accuracy: 0.863
class                  precision    recall   specificity      f1   support
--------------------------------------------------------------------------
0                          0.948     0.843         0.956   0.893       281
1                          0.419     0.867         0.934   0.565        30
2                          0.886     0.883         0.904   0.885       265
*----------------------------------------*
2026-01-21 22:40:17,063 INFO Final validation 66/150, Val_acc: 0.7346, time 31.12sAccuracy: 0.785
class                  precision    recall   specificity      f1   support
--------------------------------------------------------------------------
0                          0.961     0.700         0.973   0.810        70
1                          0.357     0.625         0.934   0.455         8
2                          0.747     0.894         0.744   0.814        66
*========================================*
2026-01-21 22:40:21,356 INFO 0 Wed Jan 21 22:40:21 2026 Epoch: 67
2026-01-21 22:40:42,880 INFO Final training 67/150, loss: 0.4069, time 21.52s, lr: 0.031165
Accuracy: 0.842
class                  precision    recall   specificity      f1   support
--------------------------------------------------------------------------
0                          0.944     0.840         0.953   0.889       281
1                          0.388     0.867         0.925   0.536        30
2                          0.861     0.842         0.884   0.851       265
*----------------------------------------*
2026-01-21 22:40:42,880 INFO 0 Wed Jan 21 22:40:42 2026 Epoch: 68
2026-01-21 22:41:04,303 INFO Final training 68/150, loss: 0.4132, time 21.42s, lr: 0.030638
Accuracy: 0.858
class                  precision    recall   specificity      f1   support
--------------------------------------------------------------------------
0                          0.952     0.854         0.959   0.901       281
1                          0.388     0.867         0.925   0.536        30
2                          0.887     0.860         0.907   0.874       265
*----------------------------------------*
2026-01-21 22:41:35,017 INFO Final validation 68/150, Val_acc: 0.7582, time 30.71sAccuracy: 0.826
class                  precision    recall   specificity      f1   support
--------------------------------------------------------------------------
0                          0.950     0.814         0.959   0.877        70
1                          0.333     0.625         0.926   0.435         8
2                          0.826     0.864         0.846   0.844        66
*========================================*
2026-01-21 22:41:39,343 INFO 0 Wed Jan 21 22:41:39 2026 Epoch: 69
2026-01-21 22:42:01,204 INFO Final training 69/150, loss: 0.3840, time 21.86s, lr: 0.030109
Accuracy: 0.845
class                  precision    recall   specificity      f1   support
--------------------------------------------------------------------------
0                          0.944     0.836         0.953   0.887       281
1                          0.403     0.833         0.932   0.543        30
2                          0.857     0.857         0.878   0.857       265
*----------------------------------------*
2026-01-21 22:42:01,204 INFO 0 Wed Jan 21 22:42:01 2026 Epoch: 70
2026-01-21 22:42:22,652 INFO Final training 70/150, loss: 0.4054, time 21.45s, lr: 0.029578
Accuracy: 0.858
class                  precision    recall   specificity      f1   support
--------------------------------------------------------------------------
0                          0.951     0.826         0.959   0.884       281
1                          0.435     0.900         0.936   0.587        30
2                          0.870     0.887         0.887   0.879       265
*----------------------------------------*
2026-01-21 22:42:53,301 INFO Final validation 70/150, Val_acc: 0.7164, time 30.65sAccuracy: 0.799
class                  precision    recall   specificity      f1   support
--------------------------------------------------------------------------
0                          0.855     0.843         0.865   0.849        70
1                          0.375     0.750         0.926   0.500         8
2                          0.847     0.758         0.885   0.800        66
*========================================*
2026-01-21 22:42:57,592 INFO 0 Wed Jan 21 22:42:57 2026 Epoch: 71
2026-01-21 22:43:18,861 INFO Final training 71/150, loss: 0.4533, time 21.27s, lr: 0.029045
Accuracy: 0.814
class                  precision    recall   specificity      f1   support
--------------------------------------------------------------------------
0                          0.903     0.826         0.915   0.862       281
1                          0.360     0.900         0.912   0.514        30
2                          0.861     0.792         0.891   0.825       265
*----------------------------------------*
2026-01-21 22:43:19,240 INFO 0 Wed Jan 21 22:43:19 2026 Epoch: 72
2026-01-21 22:43:40,169 INFO Final training 72/150, loss: 0.3649, time 20.93s, lr: 0.028509
Accuracy: 0.875
class                  precision    recall   specificity      f1   support
--------------------------------------------------------------------------
0                          0.943     0.879         0.949   0.909       280
1                          0.450     0.900         0.940   0.600        30
2                          0.906     0.868         0.923   0.887       266
*----------------------------------------*
2026-01-21 22:44:10,630 INFO Final validation 72/150, Val_acc: 0.7464, time 30.46sAccuracy: 0.812
class                  precision    recall   specificity      f1   support
--------------------------------------------------------------------------
0                          0.932     0.786         0.946   0.853        70
1                          0.375     0.750         0.926   0.500         8
2                          0.812     0.848         0.833   0.830        66
*========================================*
2026-01-21 22:44:14,936 INFO 0 Wed Jan 21 22:44:14 2026 Epoch: 73
2026-01-21 22:44:36,129 INFO Final training 73/150, loss: 0.4065, time 21.19s, lr: 0.027972
Accuracy: 0.856
class                  precision    recall   specificity      f1   support
--------------------------------------------------------------------------
0                          0.953     0.865         0.959   0.907       281
1                          0.397     0.900         0.925   0.551        30
2                          0.881     0.842         0.904   0.861       265
*----------------------------------------*
2026-01-21 22:44:36,129 INFO 0 Wed Jan 21 22:44:36 2026 Epoch: 74
2026-01-21 22:44:57,807 INFO Final training 74/150, loss: 0.5367, time 21.68s, lr: 0.027434
Accuracy: 0.800
class                  precision    recall   specificity      f1   support
--------------------------------------------------------------------------
0                          0.894     0.786         0.912   0.837       280
1                          0.329     0.800         0.910   0.466        30
2                          0.844     0.816         0.871   0.830       266
*----------------------------------------*
2026-01-21 22:45:28,419 INFO Final validation 74/150, Val_acc: 0.7464, time 30.61sAccuracy: 0.833
class                  precision    recall   specificity      f1   support
--------------------------------------------------------------------------
0                          0.937     0.843         0.946   0.887        70
1                          0.318     0.875         0.890   0.467         8
2                          0.915     0.818         0.936   0.864        66
*========================================*
2026-01-21 22:45:32,796 INFO 0 Wed Jan 21 22:45:32 2026 Epoch: 75
2026-01-21 22:45:54,667 INFO Final training 75/150, loss: 0.4118, time 21.87s, lr: 0.026894
Accuracy: 0.856
class                  precision    recall   specificity      f1   support
--------------------------------------------------------------------------
0                          0.944     0.839         0.953   0.888       280
1                          0.433     0.867         0.938   0.578        30
2                          0.869     0.872         0.887   0.871       266
*----------------------------------------*
2026-01-21 22:45:54,667 INFO 0 Wed Jan 21 22:45:54 2026 Epoch: 76
2026-01-21 22:46:17,104 INFO Final training 76/150, loss: 0.3782, time 22.44s, lr: 0.026353
Accuracy: 0.872
class                  precision    recall   specificity      f1   support
--------------------------------------------------------------------------
0                          0.948     0.843         0.956   0.893       281
1                          0.483     0.933         0.945   0.636        30
2                          0.884     0.894         0.900   0.889       265
*----------------------------------------*
2026-01-21 22:46:48,040 INFO Final validation 76/150, Val_acc: 0.7890, time 30.94sAccuracy: 0.854
class                  precision    recall   specificity      f1   support
--------------------------------------------------------------------------
0                          0.935     0.829         0.946   0.879        70
1                          0.455     0.625         0.956   0.526         8
2                          0.845     0.909         0.859   0.876        66
*========================================*
2026-01-21 22:46:52,299 INFO 0 Wed Jan 21 22:46:52 2026 Epoch: 77
2026-01-21 22:47:14,091 INFO Final training 77/150, loss: 0.3666, time 21.79s, lr: 0.025812
Accuracy: 0.873
class                  precision    recall   specificity      f1   support
--------------------------------------------------------------------------
0                          0.953     0.868         0.959   0.908       280
1                          0.426     0.967         0.929   0.592        30
2                          0.913     0.868         0.929   0.890       266
*----------------------------------------*
2026-01-21 22:47:14,091 INFO 0 Wed Jan 21 22:47:14 2026 Epoch: 78
2026-01-21 22:47:36,045 INFO Final training 78/150, loss: 0.4431, time 21.95s, lr: 0.025271
Accuracy: 0.878
class                  precision    recall   specificity      f1   support
--------------------------------------------------------------------------
0                          0.964     0.861         0.969   0.910       281
1                          0.433     0.867         0.938   0.578        30
2                          0.898     0.898         0.913   0.898       265
*----------------------------------------*
2026-01-21 22:48:06,717 INFO Final validation 78/150, Val_acc: 0.7800, time 30.67sAccuracy: 0.847
class                  precision    recall   specificity      f1   support
--------------------------------------------------------------------------
0                          0.899     0.886         0.905   0.892        70
1                          0.400     0.750         0.934   0.522         8
2                          0.900     0.818         0.923   0.857        66
*========================================*
2026-01-21 22:48:11,021 INFO 0 Wed Jan 21 22:48:11 2026 Epoch: 79
2026-01-21 22:48:32,869 INFO Final training 79/150, loss: 0.4260, time 21.85s, lr: 0.024729
Accuracy: 0.852
class                  precision    recall   specificity      f1   support
--------------------------------------------------------------------------
0                          0.921     0.836         0.932   0.876       280
1                          0.441     0.867         0.940   0.584        30
2                          0.878     0.868         0.897   0.873       266
*----------------------------------------*
2026-01-21 22:48:32,870 INFO 0 Wed Jan 21 22:48:32 2026 Epoch: 80
2026-01-21 22:48:54,285 INFO Final training 80/150, loss: 0.4330, time 21.42s, lr: 0.024188
Accuracy: 0.856
class                  precision    recall   specificity      f1   support
--------------------------------------------------------------------------
0                          0.933     0.840         0.942   0.884       281
1                          0.435     0.900         0.936   0.587        30
2                          0.881     0.868         0.900   0.875       265
*----------------------------------------*
2026-01-21 22:49:25,111 INFO Final validation 80/150, Val_acc: 0.7240, time 30.83sAccuracy: 0.806
class                  precision    recall   specificity      f1   support
--------------------------------------------------------------------------
0                          0.840     0.900         0.838   0.869        70
1                          0.368     0.875         0.912   0.519         8
2                          0.920     0.697         0.949   0.793        66
*========================================*
2026-01-21 22:49:29,379 INFO 0 Wed Jan 21 22:49:29 2026 Epoch: 81
2026-01-21 22:49:50,627 INFO Final training 81/150, loss: 0.3460, time 21.25s, lr: 0.023647
Accuracy: 0.873
class                  precision    recall   specificity      f1   support
--------------------------------------------------------------------------
0                          0.964     0.868         0.969   0.914       281
1                          0.429     0.900         0.934   0.581        30
2                          0.892     0.875         0.910   0.884       265
*----------------------------------------*
2026-01-21 22:49:50,997 INFO 0 Wed Jan 21 22:49:50 2026 Epoch: 82
2026-01-21 22:50:12,189 INFO Final training 82/150, loss: 0.3792, time 21.19s, lr: 0.023106
Accuracy: 0.863
class                  precision    recall   specificity      f1   support
--------------------------------------------------------------------------
0                          0.938     0.858         0.946   0.896       281
1                          0.406     0.867         0.930   0.553        30
2                          0.902     0.868         0.920   0.885       265
*----------------------------------------*
2026-01-21 22:50:43,268 INFO Final validation 82/150, Val_acc: 0.7981, time 31.08sAccuracy: 0.847
class                  precision    recall   specificity      f1   support
--------------------------------------------------------------------------
0                          0.966     0.800         0.973   0.875        70
1                          0.412     0.875         0.926   0.560         8
2                          0.855     0.894         0.872   0.874        66
*========================================*
2026-01-21 22:50:43,268 INFO New best (0.793287 --> 0.798148)
2026-01-21 22:50:48,927 INFO Copying best model to best_model.pt
2026-01-21 22:50:52,701 INFO 0 Wed Jan 21 22:50:52 2026 Epoch: 83
2026-01-21 22:51:14,132 INFO Final training 83/150, loss: 0.3335, time 21.43s, lr: 0.022566
Accuracy: 0.882
class                  precision    recall   specificity      f1   support
--------------------------------------------------------------------------
0                          0.953     0.861         0.959   0.904       280
1                          0.481     0.867         0.949   0.619        30
2                          0.896     0.906         0.910   0.901       266
*----------------------------------------*
2026-01-21 22:51:14,132 INFO 0 Wed Jan 21 22:51:14 2026 Epoch: 84
2026-01-21 22:51:36,512 INFO Final training 84/150, loss: 0.3082, time 22.38s, lr: 0.022028
Accuracy: 0.885
class                  precision    recall   specificity      f1   support
--------------------------------------------------------------------------
0                          0.950     0.883         0.956   0.915       281
1                          0.446     0.833         0.943   0.581        30
2                          0.915     0.894         0.929   0.905       265
*----------------------------------------*
2026-01-21 22:52:07,147 INFO Final validation 84/150, Val_acc: 0.8041, time 30.63sAccuracy: 0.861
class                  precision    recall   specificity      f1   support
--------------------------------------------------------------------------
0                          0.952     0.843         0.959   0.894        70
1                          0.438     0.875         0.934   0.583         8
2                          0.879     0.879         0.897   0.879        66
*========================================*
2026-01-21 22:52:07,147 INFO New best (0.798148 --> 0.804051)
2026-01-21 22:52:13,008 INFO Copying best model to best_model.pt
2026-01-21 22:52:16,795 INFO 0 Wed Jan 21 22:52:16 2026 Epoch: 85
2026-01-21 22:52:37,966 INFO Final training 85/150, loss: 0.3501, time 21.17s, lr: 0.021491
Accuracy: 0.889
class                  precision    recall   specificity      f1   support
--------------------------------------------------------------------------
0                          0.957     0.865         0.963   0.908       281
1                          0.473     0.867         0.947   0.612        30
2                          0.910     0.917         0.923   0.914       265
*----------------------------------------*
2026-01-21 22:52:37,967 INFO 0 Wed Jan 21 22:52:37 2026 Epoch: 86
2026-01-21 22:52:59,463 INFO Final training 86/150, loss: 0.3332, time 21.50s, lr: 0.020955
Accuracy: 0.872
class                  precision    recall   specificity      f1   support
--------------------------------------------------------------------------
0                          0.949     0.858         0.956   0.901       281
1                          0.431     0.933         0.932   0.589        30
2                          0.907     0.879         0.923   0.893       265
*----------------------------------------*
2026-01-21 22:53:29,969 INFO Final validation 86/150, Val_acc: 0.7954, time 30.51sAccuracy: 0.854
class                  precision    recall   specificity      f1   support
--------------------------------------------------------------------------
0                          0.967     0.843         0.973   0.901        70
1                          0.385     0.625         0.941   0.476         8
2                          0.843     0.894         0.859   0.868        66
*========================================*
2026-01-21 22:53:34,295 INFO 0 Wed Jan 21 22:53:34 2026 Epoch: 87
2026-01-21 22:53:55,431 INFO Final training 87/150, loss: 0.3465, time 21.14s, lr: 0.020422
Accuracy: 0.870
class                  precision    recall   specificity      f1   support
--------------------------------------------------------------------------
0                          0.945     0.854         0.953   0.897       280
1                          0.482     0.900         0.947   0.628        30
2                          0.880     0.883         0.897   0.882       266
*----------------------------------------*
2026-01-21 22:53:55,431 INFO 0 Wed Jan 21 22:53:55 2026 Epoch: 88
2026-01-21 22:54:16,673 INFO Final training 88/150, loss: 0.2683, time 21.24s, lr: 0.019891
Accuracy: 0.894
class                  precision    recall   specificity      f1   support
--------------------------------------------------------------------------
0                          0.954     0.886         0.959   0.919       281
1                          0.500     0.933         0.949   0.651        30
2                          0.919     0.898         0.932   0.908       265
*----------------------------------------*
2026-01-21 22:54:47,687 INFO Final validation 88/150, Val_acc: 0.7916, time 31.01sAccuracy: 0.875
class                  precision    recall   specificity      f1   support
--------------------------------------------------------------------------
0                          0.954     0.886         0.959   0.919        70
1                          0.385     0.625         0.941   0.476         8
2                          0.894     0.894         0.910   0.894        66
*========================================*
2026-01-21 22:54:52,196 INFO 0 Wed Jan 21 22:54:52 2026 Epoch: 89
2026-01-21 22:55:12,881 INFO Final training 89/150, loss: 0.2582, time 20.68s, lr: 0.019362
Accuracy: 0.905
class                  precision    recall   specificity      f1   support
--------------------------------------------------------------------------
0                          0.973     0.890         0.976   0.929       281
1                          0.509     0.933         0.951   0.659        30
2                          0.920     0.917         0.932   0.919       265
*----------------------------------------*
2026-01-21 22:55:12,882 INFO 0 Wed Jan 21 22:55:12 2026 Epoch: 90
2026-01-21 22:55:34,376 INFO Final training 90/150, loss: 0.2933, time 21.49s, lr: 0.018835
Accuracy: 0.894
class                  precision    recall   specificity      f1   support
--------------------------------------------------------------------------
0                          0.965     0.879         0.969   0.920       281
1                          0.481     0.867         0.949   0.619        30
2                          0.910     0.913         0.923   0.911       265
*----------------------------------------*
2026-01-21 22:56:04,935 INFO Final validation 90/150, Val_acc: 0.7913, time 30.56sAccuracy: 0.875
class                  precision    recall   specificity      f1   support
--------------------------------------------------------------------------
0                          0.953     0.871         0.959   0.910        70
1                          0.400     0.750         0.934   0.522         8
2                          0.908     0.894         0.923   0.901        66
*========================================*
2026-01-21 22:56:09,259 INFO 0 Wed Jan 21 22:56:09 2026 Epoch: 91
2026-01-21 22:56:30,767 INFO Final training 91/150, loss: 0.3084, time 21.51s, lr: 0.018312
Accuracy: 0.882
class                  precision    recall   specificity      f1   support
--------------------------------------------------------------------------
0                          0.950     0.882         0.956   0.915       280
1                          0.483     0.933         0.945   0.636        30
2                          0.903     0.876         0.919   0.889       266
*----------------------------------------*
2026-01-21 22:56:31,134 INFO 0 Wed Jan 21 22:56:31 2026 Epoch: 92
2026-01-21 22:56:52,449 INFO Final training 92/150, loss: 0.3351, time 21.31s, lr: 0.017791
Accuracy: 0.878
class                  precision    recall   specificity      f1   support
--------------------------------------------------------------------------
0                          0.972     0.858         0.976   0.911       281
1                          0.433     0.867         0.938   0.578        30
2                          0.892     0.902         0.907   0.897       265
*----------------------------------------*
2026-01-21 22:57:23,028 INFO Final validation 92/150, Val_acc: 0.7688, time 30.58sAccuracy: 0.854
class                  precision    recall   specificity      f1   support
--------------------------------------------------------------------------
0                          0.966     0.814         0.973   0.884        70
1                          0.400     0.750         0.934   0.522         8
2                          0.857     0.909         0.872   0.882        66
*========================================*
2026-01-21 22:57:27,323 INFO 0 Wed Jan 21 22:57:27 2026 Epoch: 93
2026-01-21 22:57:48,791 INFO Final training 93/150, loss: 0.2239, time 21.47s, lr: 0.017275
Accuracy: 0.918
class                  precision    recall   specificity      f1   support
--------------------------------------------------------------------------
0                          0.969     0.900         0.973   0.934       281
1                          0.577     1.000         0.960   0.732        30
2                          0.935     0.928         0.945   0.932       265
*----------------------------------------*
2026-01-21 22:57:48,791 INFO 0 Wed Jan 21 22:57:48 2026 Epoch: 94
2026-01-21 22:58:10,807 INFO Final training 94/150, loss: 0.2917, time 22.02s, lr: 0.016761
Accuracy: 0.899
class                  precision    recall   specificity      f1   support
--------------------------------------------------------------------------
0                          0.969     0.879         0.973   0.922       281
1                          0.519     0.900         0.954   0.659        30
2                          0.907     0.921         0.920   0.914       265
*----------------------------------------*
2026-01-21 22:58:41,854 INFO Final validation 94/150, Val_acc: 0.7152, time 31.05sAccuracy: 0.812
class                  precision    recall   specificity      f1   support
--------------------------------------------------------------------------
0                          0.950     0.814         0.959   0.877        70
1                          0.304     0.875         0.882   0.452         8
2                          0.869     0.803         0.897   0.835        66
*========================================*
2026-01-21 22:58:46,143 INFO 0 Wed Jan 21 22:58:46 2026 Epoch: 95
2026-01-21 22:59:07,676 INFO Final training 95/150, loss: 0.3747, time 21.53s, lr: 0.016252
Accuracy: 0.859
class                  precision    recall   specificity      f1   support
--------------------------------------------------------------------------
0                          0.938     0.868         0.946   0.902       280
1                          0.388     0.867         0.925   0.536        30
2                          0.904     0.850         0.923   0.876       266
*----------------------------------------*
2026-01-21 22:59:07,676 INFO 0 Wed Jan 21 22:59:07 2026 Epoch: 96
2026-01-21 22:59:29,040 INFO Final training 96/150, loss: 0.3015, time 21.36s, lr: 0.015747
Accuracy: 0.899
class                  precision    recall   specificity      f1   support
--------------------------------------------------------------------------
0                          0.980     0.890         0.983   0.933       281
1                          0.444     0.933         0.936   0.602        30
2                          0.930     0.906         0.942   0.918       265
*----------------------------------------*
2026-01-21 22:59:59,826 INFO Final validation 96/150, Val_acc: 0.7669, time 30.79sAccuracy: 0.840
class                  precision    recall   specificity      f1   support
--------------------------------------------------------------------------
0                          0.935     0.829         0.946   0.879        70
1                          0.385     0.625         0.941   0.476         8
2                          0.841     0.879         0.859   0.859        66
*========================================*
2026-01-21 23:00:04,134 INFO 0 Wed Jan 21 23:00:04 2026 Epoch: 97
2026-01-21 23:00:24,803 INFO Final training 97/150, loss: 0.2902, time 20.67s, lr: 0.015246
Accuracy: 0.901
class                  precision    recall   specificity      f1   support
--------------------------------------------------------------------------
0                          0.957     0.882         0.963   0.918       280
1                          0.549     0.933         0.958   0.691        30
2                          0.914     0.917         0.926   0.916       266
*----------------------------------------*
2026-01-21 23:00:24,803 INFO 0 Wed Jan 21 23:00:24 2026 Epoch: 98
2026-01-21 23:00:46,175 INFO Final training 98/150, loss: 0.2597, time 21.37s, lr: 0.014749
Accuracy: 0.910
class                  precision    recall   specificity      f1   support
--------------------------------------------------------------------------
0                          0.980     0.890         0.983   0.933       281
1                          0.519     0.933         0.952   0.667        30
2                          0.921     0.928         0.932   0.925       265
*----------------------------------------*
2026-01-21 23:01:16,788 INFO Final validation 98/150, Val_acc: 0.7705, time 30.61sAccuracy: 0.854
class                  precision    recall   specificity      f1   support
--------------------------------------------------------------------------
0                          0.938     0.857         0.946   0.896        70
1                          0.400     0.750         0.934   0.522         8
2                          0.877     0.864         0.897   0.870        66
*========================================*
2026-01-21 23:01:21,093 INFO 0 Wed Jan 21 23:01:21 2026 Epoch: 99
2026-01-21 23:01:42,261 INFO Final training 99/150, loss: 0.2511, time 21.17s, lr: 0.014258
Accuracy: 0.906
class                  precision    recall   specificity      f1   support
--------------------------------------------------------------------------
0                          0.973     0.889         0.976   0.929       280
1                          0.545     1.000         0.954   0.706        30
2                          0.917     0.914         0.929   0.915       266
*----------------------------------------*
2026-01-21 23:01:42,262 INFO 0 Wed Jan 21 23:01:42 2026 Epoch: 100
2026-01-21 23:02:03,917 INFO Final training 100/150, loss: 0.3388, time 21.66s, lr: 0.013771
Accuracy: 0.892
class                  precision    recall   specificity      f1   support
--------------------------------------------------------------------------
0                          0.954     0.879         0.959   0.915       281
1                          0.571     0.933         0.962   0.709        30
2                          0.892     0.902         0.907   0.897       265
*----------------------------------------*
2026-01-21 23:02:35,423 INFO Final validation 100/150, Val_acc: 0.7153, time 31.51sAccuracy: 0.785
class                  precision    recall   specificity      f1   support
--------------------------------------------------------------------------
0                          0.979     0.657         0.986   0.786        70
1                          0.462     0.750         0.949   0.571         8
2                          0.726     0.924         0.705   0.813        66
*========================================*
2026-01-21 23:02:39,716 INFO 0 Wed Jan 21 23:02:39 2026 Epoch: 101
2026-01-21 23:03:01,520 INFO Final training 101/150, loss: 0.2829, time 21.80s, lr: 0.013290
Accuracy: 0.906
class                  precision    recall   specificity      f1   support
--------------------------------------------------------------------------
0                          0.976     0.879         0.980   0.925       280
1                          0.569     0.967         0.960   0.716        30
2                          0.905     0.929         0.916   0.917       266
*----------------------------------------*
2026-01-21 23:03:01,894 INFO 0 Wed Jan 21 23:03:01 2026 Epoch: 102
2026-01-21 23:03:23,500 INFO Final training 102/150, loss: 0.2427, time 21.61s, lr: 0.012814
Accuracy: 0.922
class                  precision    recall   specificity      f1   support
--------------------------------------------------------------------------
0                          0.981     0.904         0.983   0.941       281
1                          0.571     0.933         0.962   0.709        30
2                          0.929     0.940         0.939   0.934       265
*----------------------------------------*
2026-01-21 23:03:54,204 INFO Final validation 102/150, Val_acc: 0.7851, time 30.70sAccuracy: 0.854
class                  precision    recall   specificity      f1   support
--------------------------------------------------------------------------
0                          0.923     0.857         0.932   0.889        70
1                          0.455     0.625         0.956   0.526         8
2                          0.853     0.879         0.872   0.866        66
*========================================*
2026-01-21 23:03:58,519 INFO 0 Wed Jan 21 23:03:58 2026 Epoch: 103
2026-01-21 23:04:19,384 INFO Final training 103/150, loss: 0.2465, time 20.86s, lr: 0.012344
Accuracy: 0.918
class                  precision    recall   specificity      f1   support
--------------------------------------------------------------------------
0                          0.973     0.911         0.976   0.941       281
1                          0.560     0.933         0.960   0.700        30
2                          0.932     0.925         0.942   0.928       265
*----------------------------------------*
2026-01-21 23:04:19,384 INFO 0 Wed Jan 21 23:04:19 2026 Epoch: 104
2026-01-21 23:04:39,866 INFO Final training 104/150, loss: 0.2092, time 20.48s, lr: 0.011880
Accuracy: 0.920
class                  precision    recall   specificity      f1   support
--------------------------------------------------------------------------
0                          0.977     0.896         0.980   0.935       280
1                          0.583     0.933         0.963   0.718        30
2                          0.926     0.944         0.935   0.935       266
*----------------------------------------*
2026-01-21 23:05:10,840 INFO Final validation 104/150, Val_acc: 0.7826, time 30.97sAccuracy: 0.861
class                  precision    recall   specificity      f1   support
--------------------------------------------------------------------------
0                          0.937     0.843         0.946   0.887        70
1                          0.462     0.750         0.949   0.571         8
2                          0.868     0.894         0.885   0.881        66
*========================================*
2026-01-21 23:05:15,138 INFO 0 Wed Jan 21 23:05:15 2026 Epoch: 105
2026-01-21 23:05:36,445 INFO Final training 105/150, loss: 0.2220, time 21.31s, lr: 0.011422
Accuracy: 0.924
class                  precision    recall   specificity      f1   support
--------------------------------------------------------------------------
0                          0.977     0.907         0.980   0.941       281
1                          0.549     0.933         0.958   0.691        30
2                          0.943     0.940         0.952   0.941       265
*----------------------------------------*
2026-01-21 23:05:36,445 INFO 0 Wed Jan 21 23:05:36 2026 Epoch: 106
2026-01-21 23:05:57,948 INFO Final training 106/150, loss: 0.1996, time 21.50s, lr: 0.010970
Accuracy: 0.924
class                  precision    recall   specificity      f1   support
--------------------------------------------------------------------------
0                          0.966     0.897         0.969   0.930       281
1                          0.628     0.931         0.971   0.750        29
2                          0.930     0.951         0.939   0.941       266
*----------------------------------------*
2026-01-21 23:06:29,231 INFO Final validation 106/150, Val_acc: 0.8480, time 31.28sAccuracy: 0.882
class                  precision    recall   specificity      f1   support
--------------------------------------------------------------------------
0                          0.952     0.843         0.959   0.894        70
1                          0.600     0.750         0.971   0.667         8
2                          0.861     0.939         0.872   0.899        66
*========================================*
2026-01-21 23:06:29,232 INFO New best (0.804051 --> 0.848032)
2026-01-21 23:06:34,909 INFO Copying best model to best_model.pt
2026-01-21 23:06:38,727 INFO 0 Wed Jan 21 23:06:38 2026 Epoch: 107
2026-01-21 23:07:00,538 INFO Final training 107/150, loss: 0.2099, time 21.81s, lr: 0.010525
Accuracy: 0.924
class                  precision    recall   specificity      f1   support
--------------------------------------------------------------------------
0                          0.973     0.897         0.976   0.933       281
1                          0.583     0.933         0.963   0.718        30
2                          0.937     0.951         0.945   0.944       265
*----------------------------------------*
2026-01-21 23:07:00,539 INFO 0 Wed Jan 21 23:07:00 2026 Epoch: 108
2026-01-21 23:07:21,767 INFO Final training 108/150, loss: 0.2119, time 21.23s, lr: 0.010087
Accuracy: 0.929
class                  precision    recall   specificity      f1   support
--------------------------------------------------------------------------
0                          0.981     0.904         0.983   0.941       280
1                          0.592     0.967         0.963   0.734        30
2                          0.941     0.951         0.948   0.946       266
*----------------------------------------*
2026-01-21 23:07:53,340 INFO Final validation 108/150, Val_acc: 0.8094, time 31.57sAccuracy: 0.882
class                  precision    recall   specificity      f1   support
--------------------------------------------------------------------------
0                          0.952     0.857         0.959   0.902        70
1                          0.500     0.750         0.956   0.600         8
2                          0.884     0.924         0.897   0.904        66
*========================================*
2026-01-21 23:07:57,700 INFO 0 Wed Jan 21 23:07:57 2026 Epoch: 109
2026-01-21 23:08:19,308 INFO Final training 109/150, loss: 0.2582, time 21.61s, lr: 0.009656
Accuracy: 0.906
class                  precision    recall   specificity      f1   support
--------------------------------------------------------------------------
0                          0.951     0.900         0.956   0.925       280
1                          0.622     0.933         0.969   0.747        30
2                          0.910     0.910         0.923   0.910       266
*----------------------------------------*
2026-01-21 23:08:19,308 INFO 0 Wed Jan 21 23:08:19 2026 Epoch: 110
2026-01-21 23:08:40,415 INFO Final training 110/150, loss: 0.2393, time 21.11s, lr: 0.009232
Accuracy: 0.910
class                  precision    recall   specificity      f1   support
--------------------------------------------------------------------------
0                          0.968     0.871         0.973   0.917       280
1                          0.636     0.933         0.971   0.757        30
2                          0.900     0.947         0.910   0.923       266
*----------------------------------------*
2026-01-21 23:09:11,804 INFO Final validation 110/150, Val_acc: 0.7887, time 31.39sAccuracy: 0.847
class                  precision    recall   specificity      f1   support
--------------------------------------------------------------------------
0                          0.897     0.871         0.905   0.884        70
1                          0.467     0.875         0.941   0.609         8
2                          0.885     0.818         0.910   0.850        66
*========================================*
2026-01-21 23:09:16,232 INFO 0 Wed Jan 21 23:09:16 2026 Epoch: 111
2026-01-21 23:09:38,461 INFO Final training 111/150, loss: 0.2030, time 22.23s, lr: 0.008815
Accuracy: 0.925
class                  precision    recall   specificity      f1   support
--------------------------------------------------------------------------
0                          0.977     0.904         0.980   0.939       280
1                          0.604     0.967         0.965   0.744        30
2                          0.933     0.944         0.942   0.938       266
*----------------------------------------*
2026-01-21 23:09:38,823 INFO 0 Wed Jan 21 23:09:38 2026 Epoch: 112
2026-01-21 23:10:00,446 INFO Final training 112/150, loss: 0.2084, time 21.62s, lr: 0.008406
Accuracy: 0.924
class                  precision    recall   specificity      f1   support
--------------------------------------------------------------------------
0                          0.984     0.904         0.986   0.942       281
1                          0.566     1.000         0.958   0.723        30
2                          0.936     0.936         0.945   0.936       265
*----------------------------------------*
2026-01-21 23:10:31,975 INFO Final validation 112/150, Val_acc: 0.8031, time 31.53sAccuracy: 0.875
class                  precision    recall   specificity      f1   support
--------------------------------------------------------------------------
0                          0.912     0.886         0.919   0.899        70
1                          0.500     0.750         0.956   0.600         8
2                          0.906     0.879         0.923   0.892        66
*========================================*
2026-01-21 23:10:36,363 INFO 0 Wed Jan 21 23:10:36 2026 Epoch: 113
2026-01-21 23:10:58,789 INFO Final training 113/150, loss: 0.2261, time 22.43s, lr: 0.008005
Accuracy: 0.917
class                  precision    recall   specificity      f1   support
--------------------------------------------------------------------------
0                          0.951     0.893         0.956   0.921       281
1                          0.667     0.933         0.974   0.778        30
2                          0.922     0.940         0.932   0.931       265
*----------------------------------------*
2026-01-21 23:10:58,789 INFO 0 Wed Jan 21 23:10:58 2026 Epoch: 114
2026-01-21 23:11:21,106 INFO Final training 114/150, loss: 0.2141, time 22.32s, lr: 0.007612
Accuracy: 0.927
class                  precision    recall   specificity      f1   support
--------------------------------------------------------------------------
0                          0.969     0.907         0.973   0.937       280
1                          0.580     0.967         0.962   0.725        30
2                          0.951     0.944         0.958   0.947       266
*----------------------------------------*
2026-01-21 23:11:53,227 INFO Final validation 114/150, Val_acc: 0.8059, time 32.12sAccuracy: 0.868
class                  precision    recall   specificity      f1   support
--------------------------------------------------------------------------
0                          0.937     0.843         0.946   0.887        70
1                          0.500     0.750         0.956   0.600         8
2                          0.870     0.909         0.885   0.889        66
*========================================*
2026-01-21 23:11:57,573 INFO 0 Wed Jan 21 23:11:57 2026 Epoch: 115
2026-01-21 23:12:20,100 INFO Final training 115/150, loss: 0.1980, time 22.53s, lr: 0.007227
Accuracy: 0.924
class                  precision    recall   specificity      f1   support
--------------------------------------------------------------------------
0                          0.977     0.911         0.980   0.943       281
1                          0.560     0.933         0.960   0.700        30
2                          0.939     0.936         0.949   0.938       265
*----------------------------------------*
2026-01-21 23:12:20,100 INFO 0 Wed Jan 21 23:12:20 2026 Epoch: 116
2026-01-21 23:12:41,818 INFO Final training 116/150, loss: 0.2022, time 21.72s, lr: 0.006850
Accuracy: 0.922
class                  precision    recall   specificity      f1   support
--------------------------------------------------------------------------
0                          0.977     0.897         0.980   0.935       281
1                          0.604     0.967         0.965   0.744        30
2                          0.926     0.943         0.936   0.935       265
*----------------------------------------*
2026-01-21 23:13:13,227 INFO Final validation 116/150, Val_acc: 0.8019, time 31.41sAccuracy: 0.861
class                  precision    recall   specificity      f1   support
--------------------------------------------------------------------------
0                          0.908     0.843         0.919   0.874        70
1                          0.538     0.875         0.956   0.667         8
2                          0.879     0.879         0.897   0.879        66
*========================================*
2026-01-21 23:13:17,626 INFO 0 Wed Jan 21 23:13:17 2026 Epoch: 117
2026-01-21 23:13:39,051 INFO Final training 117/150, loss: 0.2172, time 21.43s, lr: 0.006482
Accuracy: 0.929
class                  precision    recall   specificity      f1   support
--------------------------------------------------------------------------
0                          0.973     0.907         0.976   0.939       280
1                          0.630     0.967         0.969   0.763        30
2                          0.937     0.947         0.945   0.942       266
*----------------------------------------*
2026-01-21 23:13:39,052 INFO 0 Wed Jan 21 23:13:39 2026 Epoch: 118
2026-01-21 23:14:00,126 INFO Final training 118/150, loss: 0.1947, time 21.07s, lr: 0.006122
Accuracy: 0.931
class                  precision    recall   specificity      f1   support
--------------------------------------------------------------------------
0                          0.992     0.907         0.993   0.948       280
1                          0.556     1.000         0.956   0.714        30
2                          0.947     0.947         0.955   0.947       266
*----------------------------------------*
2026-01-21 23:14:31,570 INFO Final validation 118/150, Val_acc: 0.7719, time 31.44sAccuracy: 0.847
class                  precision    recall   specificity      f1   support
--------------------------------------------------------------------------
0                          0.884     0.871         0.892   0.878        70
1                          0.462     0.750         0.949   0.571         8
2                          0.887     0.833         0.910   0.859        66
*========================================*
2026-01-21 23:14:35,903 INFO 0 Wed Jan 21 23:14:35 2026 Epoch: 119
2026-01-21 23:14:57,261 INFO Final training 119/150, loss: 0.1863, time 21.36s, lr: 0.005772
Accuracy: 0.925
class                  precision    recall   specificity      f1   support
--------------------------------------------------------------------------
0                          0.966     0.907         0.970   0.936       280
1                          0.580     0.967         0.962   0.725        30
2                          0.951     0.940         0.958   0.945       266
*----------------------------------------*
2026-01-21 23:14:57,261 INFO 0 Wed Jan 21 23:14:57 2026 Epoch: 120
2026-01-21 23:15:18,368 INFO Final training 120/150, loss: 0.2042, time 21.11s, lr: 0.005430
Accuracy: 0.932
class                  precision    recall   specificity      f1   support
--------------------------------------------------------------------------
0                          0.966     0.911         0.969   0.938       281
1                          0.690     0.967         0.976   0.806        30
2                          0.937     0.951         0.945   0.944       265
*----------------------------------------*
2026-01-21 23:15:50,073 INFO Final validation 120/150, Val_acc: 0.7938, time 31.70sAccuracy: 0.847
class                  precision    recall   specificity      f1   support
--------------------------------------------------------------------------
0                          0.894     0.843         0.905   0.868        70
1                          0.545     0.750         0.963   0.632         8
2                          0.851     0.864         0.872   0.857        66
*========================================*
2026-01-21 23:15:54,397 INFO 0 Wed Jan 21 23:15:54 2026 Epoch: 121
2026-01-21 23:16:16,097 INFO Final training 121/150, loss: 0.2259, time 21.70s, lr: 0.005098
Accuracy: 0.911
class                  precision    recall   specificity      f1   support
--------------------------------------------------------------------------
0                          0.958     0.890         0.963   0.923       281
1                          0.604     0.967         0.965   0.744        30
2                          0.921     0.928         0.932   0.925       265
*----------------------------------------*
2026-01-21 23:16:16,491 INFO 0 Wed Jan 21 23:16:16 2026 Epoch: 122
2026-01-21 23:16:38,106 INFO Final training 122/150, loss: 0.2628, time 21.62s, lr: 0.004775
Accuracy: 0.931
class                  precision    recall   specificity      f1   support
--------------------------------------------------------------------------
0                          0.977     0.907         0.980   0.941       281
1                          0.630     0.967         0.969   0.763        30
2                          0.937     0.951         0.945   0.944       265
*----------------------------------------*
2026-01-21 23:17:09,618 INFO Final validation 122/150, Val_acc: 0.7955, time 31.51sAccuracy: 0.847
class                  precision    recall   specificity      f1   support
--------------------------------------------------------------------------
0                          0.882     0.857         0.892   0.870        70
1                          0.545     0.750         0.963   0.632         8
2                          0.862     0.848         0.885   0.855        66
*========================================*
2026-01-21 23:17:13,990 INFO 0 Wed Jan 21 23:17:13 2026 Epoch: 123
2026-01-21 23:17:35,255 INFO Final training 123/150, loss: 0.2009, time 21.26s, lr: 0.004461
Accuracy: 0.920
class                  precision    recall   specificity      f1   support
--------------------------------------------------------------------------
0                          0.981     0.911         0.983   0.944       280
1                          0.549     0.933         0.958   0.691        30
2                          0.932     0.929         0.942   0.930       266
*----------------------------------------*
2026-01-21 23:17:35,255 INFO 0 Wed Jan 21 23:17:35 2026 Epoch: 124
2026-01-21 23:17:56,240 INFO Final training 124/150, loss: 0.1873, time 20.98s, lr: 0.004157
Accuracy: 0.934
class                  precision    recall   specificity      f1   support
--------------------------------------------------------------------------
0                          0.988     0.911         0.990   0.948       280
1                          0.596     0.933         0.965   0.727        30
2                          0.941     0.959         0.948   0.950       266
*----------------------------------------*
2026-01-21 23:18:27,582 INFO Final validation 124/150, Val_acc: 0.7851, time 31.34sAccuracy: 0.847
class                  precision    recall   specificity      f1   support
--------------------------------------------------------------------------
0                          0.896     0.857         0.905   0.876        70
1                          0.500     0.625         0.963   0.556         8
2                          0.851     0.864         0.872   0.857        66
*========================================*
2026-01-21 23:18:31,958 INFO 0 Wed Jan 21 23:18:31 2026 Epoch: 125
2026-01-21 23:18:53,685 INFO Final training 125/150, loss: 0.1702, time 21.73s, lr: 0.003863
Accuracy: 0.931
class                  precision    recall   specificity      f1   support
--------------------------------------------------------------------------
0                          0.977     0.918         0.980   0.947       281
1                          0.587     0.931         0.965   0.720        29
2                          0.944     0.944         0.952   0.944       266
*----------------------------------------*
2026-01-21 23:18:53,686 INFO 0 Wed Jan 21 23:18:53 2026 Epoch: 126
2026-01-21 23:19:15,927 INFO Final training 126/150, loss: 0.1739, time 22.24s, lr: 0.003579
Accuracy: 0.934
class                  precision    recall   specificity      f1   support
--------------------------------------------------------------------------
0                          0.988     0.911         0.990   0.948       280
1                          0.600     1.000         0.963   0.750        30
2                          0.944     0.951         0.952   0.948       266
*----------------------------------------*
2026-01-21 23:19:47,101 INFO Final validation 126/150, Val_acc: 0.8036, time 31.17sAccuracy: 0.854
class                  precision    recall   specificity      f1   support
--------------------------------------------------------------------------
0                          0.896     0.857         0.905   0.876        70
1                          0.556     0.625         0.971   0.588         8
2                          0.853     0.879         0.872   0.866        66
*========================================*
2026-01-21 23:19:51,485 INFO 0 Wed Jan 21 23:19:51 2026 Epoch: 127
2026-01-21 23:20:13,533 INFO Final training 127/150, loss: 0.2000, time 22.05s, lr: 0.003304
Accuracy: 0.938
class                  precision    recall   specificity      f1   support
--------------------------------------------------------------------------
0                          0.966     0.921         0.970   0.943       280
1                          0.690     0.967         0.976   0.806        30
2                          0.948     0.951         0.955   0.949       266
*----------------------------------------*
2026-01-21 23:20:13,533 INFO 0 Wed Jan 21 23:20:13 2026 Epoch: 128
2026-01-21 23:20:35,350 INFO Final training 128/150, loss: 0.1638, time 21.82s, lr: 0.003040
Accuracy: 0.943
class                  precision    recall   specificity      f1   support
--------------------------------------------------------------------------
0                          0.981     0.921         0.983   0.950       280
1                          0.692     0.900         0.978   0.783        30
2                          0.942     0.970         0.948   0.956       266
*----------------------------------------*
2026-01-21 23:21:06,606 INFO Final validation 128/150, Val_acc: 0.8031, time 31.26sAccuracy: 0.861
class                  precision    recall   specificity      f1   support
--------------------------------------------------------------------------
0                          0.897     0.871         0.905   0.884        70
1                          0.545     0.750         0.963   0.632         8
2                          0.877     0.864         0.897   0.870        66
*========================================*
2026-01-21 23:21:11,000 INFO 0 Wed Jan 21 23:21:10 2026 Epoch: 129
2026-01-21 23:21:32,433 INFO Final training 129/150, loss: 0.1910, time 21.43s, lr: 0.002787
Accuracy: 0.938
class                  precision    recall   specificity      f1   support
--------------------------------------------------------------------------
0                          0.981     0.915         0.983   0.947       281
1                          0.628     0.931         0.971   0.750        29
2                          0.945     0.962         0.952   0.953       266
*----------------------------------------*
2026-01-21 23:21:32,433 INFO 0 Wed Jan 21 23:21:32 2026 Epoch: 130
2026-01-21 23:21:53,817 INFO Final training 130/150, loss: 0.2113, time 21.38s, lr: 0.002543
Accuracy: 0.927
class                  precision    recall   specificity      f1   support
--------------------------------------------------------------------------
0                          0.962     0.914         0.966   0.938       280
1                          0.614     0.900         0.969   0.730        30
2                          0.944     0.944         0.952   0.944       266
*----------------------------------------*
2026-01-21 23:22:24,957 INFO Final validation 130/150, Val_acc: 0.8428, time 31.14sAccuracy: 0.882
class                  precision    recall   specificity      f1   support
--------------------------------------------------------------------------
0                          0.952     0.843         0.959   0.894        70
1                          0.600     0.750         0.971   0.667         8
2                          0.861     0.939         0.872   0.899        66
*========================================*
2026-01-21 23:22:29,358 INFO 0 Wed Jan 21 23:22:29 2026 Epoch: 131
2026-01-21 23:22:51,006 INFO Final training 131/150, loss: 0.1692, time 21.65s, lr: 0.002311
Accuracy: 0.939
class                  precision    recall   specificity      f1   support
--------------------------------------------------------------------------
0                          0.977     0.921         0.980   0.949       280
1                          0.674     0.967         0.974   0.795        30
2                          0.944     0.955         0.952   0.950       266
*----------------------------------------*
2026-01-21 23:22:51,384 INFO 0 Wed Jan 21 23:22:51 2026 Epoch: 132
2026-01-21 23:23:13,133 INFO Final training 132/150, loss: 0.1630, time 21.75s, lr: 0.002089
Accuracy: 0.941
class                  precision    recall   specificity      f1   support
--------------------------------------------------------------------------
0                          0.981     0.929         0.983   0.954       280
1                          0.638     1.000         0.969   0.779        30
2                          0.955     0.947         0.961   0.951       266
*----------------------------------------*
2026-01-21 23:23:44,308 INFO Final validation 132/150, Val_acc: 0.8227, time 31.17sAccuracy: 0.861
class                  precision    recall   specificity      f1   support
--------------------------------------------------------------------------
0                          0.909     0.857         0.919   0.882        70
1                          0.556     0.625         0.971   0.588         8
2                          0.855     0.894         0.872   0.874        66
*========================================*
2026-01-21 23:23:48,645 INFO 0 Wed Jan 21 23:23:48 2026 Epoch: 133
2026-01-21 23:24:09,614 INFO Final training 133/150, loss: 0.1718, time 20.97s, lr: 0.001877
Accuracy: 0.934
class                  precision    recall   specificity      f1   support
--------------------------------------------------------------------------
0                          0.988     0.904         0.990   0.944       280
1                          0.622     0.933         0.969   0.747        30
2                          0.935     0.966         0.942   0.950       266
*----------------------------------------*
2026-01-21 23:24:09,615 INFO 0 Wed Jan 21 23:24:09 2026 Epoch: 134
2026-01-21 23:24:31,713 INFO Final training 134/150, loss: 0.1594, time 22.10s, lr: 0.001677
Accuracy: 0.948
class                  precision    recall   specificity      f1   support
--------------------------------------------------------------------------
0                          0.996     0.929         0.997   0.961       280
1                          0.630     0.967         0.969   0.763        30
2                          0.955     0.966         0.961   0.961       266
*----------------------------------------*
2026-01-21 23:25:02,818 INFO Final validation 134/150, Val_acc: 0.8123, time 31.10sAccuracy: 0.854
class                  precision    recall   specificity      f1   support
--------------------------------------------------------------------------
0                          0.894     0.843         0.905   0.868        70
1                          0.600     0.750         0.971   0.667         8
2                          0.853     0.879         0.872   0.866        66
*========================================*
2026-01-21 23:25:07,158 INFO 0 Wed Jan 21 23:25:07 2026 Epoch: 135
2026-01-21 23:25:28,426 INFO Final training 135/150, loss: 0.1483, time 21.27s, lr: 0.001487
Accuracy: 0.950
class                  precision    recall   specificity      f1   support
--------------------------------------------------------------------------
0                          0.992     0.922         0.993   0.956       281
1                          0.659     0.967         0.973   0.784        30
2                          0.956     0.977         0.961   0.966       265
*----------------------------------------*
2026-01-21 23:25:28,426 INFO 0 Wed Jan 21 23:25:28 2026 Epoch: 136
2026-01-21 23:25:50,655 INFO Final training 136/150, loss: 0.1450, time 22.23s, lr: 0.001309
Accuracy: 0.950
class                  precision    recall   specificity      f1   support
--------------------------------------------------------------------------
0                          0.981     0.932         0.983   0.956       280
1                          0.690     0.967         0.976   0.806        30
2                          0.959     0.966         0.965   0.963       266
*----------------------------------------*
2026-01-21 23:26:22,052 INFO Final validation 136/150, Val_acc: 0.8453, time 31.40sAccuracy: 0.875
class                  precision    recall   specificity      f1   support
--------------------------------------------------------------------------
0                          0.909     0.857         0.919   0.882        70
1                          0.636     0.875         0.971   0.737         8
2                          0.881     0.894         0.897   0.887        66
*========================================*
2026-01-21 23:26:26,365 INFO 0 Wed Jan 21 23:26:26 2026 Epoch: 137
2026-01-21 23:26:48,045 INFO Final training 137/150, loss: 0.1979, time 21.68s, lr: 0.001141
Accuracy: 0.929
class                  precision    recall   specificity      f1   support
--------------------------------------------------------------------------
0                          0.981     0.911         0.983   0.944       280
1                          0.650     0.867         0.974   0.743        30
2                          0.920     0.955         0.929   0.937       266
*----------------------------------------*
2026-01-21 23:26:48,045 INFO 0 Wed Jan 21 23:26:48 2026 Epoch: 138
2026-01-21 23:27:10,274 INFO Final training 138/150, loss: 0.1671, time 22.23s, lr: 0.000985
Accuracy: 0.939
class                  precision    recall   specificity      f1   support
--------------------------------------------------------------------------
0                          0.989     0.922         0.990   0.954       281
1                          0.617     0.967         0.967   0.753        30
2                          0.948     0.955         0.955   0.951       265
*----------------------------------------*
2026-01-21 23:27:41,391 INFO Final validation 138/150, Val_acc: 0.8216, time 31.12sAccuracy: 0.868
class                  precision    recall   specificity      f1   support
--------------------------------------------------------------------------
0                          0.897     0.871         0.905   0.884        70
1                          0.600     0.750         0.971   0.667         8
2                          0.879     0.879         0.897   0.879        66
*========================================*
2026-01-21 23:27:45,789 INFO 0 Wed Jan 21 23:27:45 2026 Epoch: 139
2026-01-21 23:28:07,079 INFO Final training 139/150, loss: 0.1587, time 21.29s, lr: 0.000840
Accuracy: 0.939
class                  precision    recall   specificity      f1   support
--------------------------------------------------------------------------
0                          0.985     0.925         0.986   0.954       280
1                          0.630     0.967         0.969   0.763        30
2                          0.948     0.951         0.955   0.949       266
*----------------------------------------*
2026-01-21 23:28:07,080 INFO 0 Wed Jan 21 23:28:07 2026 Epoch: 140
2026-01-21 23:28:29,749 INFO Final training 140/150, loss: 0.1594, time 22.67s, lr: 0.000707
Accuracy: 0.946
class                  precision    recall   specificity      f1   support
--------------------------------------------------------------------------
0                          0.977     0.929         0.980   0.952       280
1                          0.707     0.967         0.978   0.817        30
2                          0.952     0.962         0.958   0.957       266
*----------------------------------------*
2026-01-21 23:29:00,851 INFO Final validation 140/150, Val_acc: 0.8355, time 31.10sAccuracy: 0.875
class                  precision    recall   specificity      f1   support
--------------------------------------------------------------------------
0                          0.897     0.871         0.905   0.884        70
1                          0.636     0.875         0.971   0.737         8
2                          0.892     0.879         0.910   0.885        66
*========================================*
2026-01-21 23:29:05,246 INFO 0 Wed Jan 21 23:29:05 2026 Epoch: 141
2026-01-21 23:29:27,322 INFO Final training 141/150, loss: 0.2208, time 22.08s, lr: 0.000584
Accuracy: 0.934
class                  precision    recall   specificity      f1   support
--------------------------------------------------------------------------
0                          0.970     0.925         0.973   0.947       281
1                          0.600     0.900         0.967   0.720        30
2                          0.954     0.947         0.961   0.951       265
*----------------------------------------*
2026-01-21 23:29:27,680 INFO 0 Wed Jan 21 23:29:27 2026 Epoch: 142
2026-01-21 23:29:49,621 INFO Final training 142/150, loss: 0.1325, time 21.94s, lr: 0.000474
Accuracy: 0.946
class                  precision    recall   specificity      f1   support
--------------------------------------------------------------------------
0                          0.989     0.929         0.990   0.958       281
1                          0.651     0.966         0.973   0.778        29
2                          0.952     0.962         0.958   0.957       266
*----------------------------------------*
2026-01-21 23:30:21,065 INFO Final validation 142/150, Val_acc: 0.8355, time 31.44sAccuracy: 0.875
class                  precision    recall   specificity      f1   support
--------------------------------------------------------------------------
0                          0.897     0.871         0.905   0.884        70
1                          0.636     0.875         0.971   0.737         8
2                          0.892     0.879         0.910   0.885        66
*========================================*
2026-01-21 23:30:25,433 INFO 0 Wed Jan 21 23:30:25 2026 Epoch: 143
2026-01-21 23:30:46,863 INFO Final training 143/150, loss: 0.1687, time 21.43s, lr: 0.000375
Accuracy: 0.936
class                  precision    recall   specificity      f1   support
--------------------------------------------------------------------------
0                          0.970     0.921         0.973   0.945       280
1                          0.700     0.933         0.978   0.800        30
2                          0.937     0.951         0.945   0.944       266
*----------------------------------------*
2026-01-21 23:30:46,864 INFO 0 Wed Jan 21 23:30:46 2026 Epoch: 144
2026-01-21 23:31:09,052 INFO Final training 144/150, loss: 0.1468, time 22.19s, lr: 0.000287
Accuracy: 0.946
class                  precision    recall   specificity      f1   support
--------------------------------------------------------------------------
0                          0.996     0.915         0.997   0.954       281
1                          0.667     1.000         0.973   0.800        30
2                          0.945     0.974         0.952   0.959       265
*----------------------------------------*
2026-01-21 23:31:40,037 INFO Final validation 144/150, Val_acc: 0.8314, time 30.98sAccuracy: 0.868
class                  precision    recall   specificity      f1   support
--------------------------------------------------------------------------
0                          0.909     0.857         0.919   0.882        70
1                          0.600     0.750         0.971   0.667         8
2                          0.868     0.894         0.885   0.881        66
*========================================*
2026-01-21 23:31:44,957 INFO 0 Wed Jan 21 23:31:44 2026 Epoch: 145
2026-01-21 23:32:06,964 INFO Final training 145/150, loss: 0.1389, time 22.01s, lr: 0.000211
Accuracy: 0.943
class                  precision    recall   specificity      f1   support
--------------------------------------------------------------------------
0                          0.992     0.904         0.993   0.946       281
1                          0.707     1.000         0.978   0.829        29
2                          0.932     0.977         0.939   0.954       266
*----------------------------------------*
2026-01-21 23:32:06,964 INFO 0 Wed Jan 21 23:32:06 2026 Epoch: 146
2026-01-21 23:32:28,550 INFO Final training 146/150, loss: 0.1512, time 21.59s, lr: 0.000147
Accuracy: 0.936
class                  precision    recall   specificity      f1   support
--------------------------------------------------------------------------
0                          0.981     0.911         0.983   0.944       280
1                          0.690     0.967         0.976   0.806        30
2                          0.931     0.959         0.939   0.944       266
*----------------------------------------*
2026-01-21 23:32:59,693 INFO Final validation 146/150, Val_acc: 0.8355, time 31.14sAccuracy: 0.875
class                  precision    recall   specificity      f1   support
--------------------------------------------------------------------------
0                          0.897     0.871         0.905   0.884        70
1                          0.636     0.875         0.971   0.737         8
2                          0.892     0.879         0.910   0.885        66
*========================================*
2026-01-21 23:33:04,051 INFO 0 Wed Jan 21 23:33:04 2026 Epoch: 147
2026-01-21 23:33:25,217 INFO Final training 147/150, loss: 0.1259, time 21.17s, lr: 0.000094
Accuracy: 0.944
class                  precision    recall   specificity      f1   support
--------------------------------------------------------------------------
0                          0.985     0.929         0.986   0.956       280
1                          0.644     0.967         0.971   0.773        30
2                          0.955     0.959         0.961   0.957       266
*----------------------------------------*
2026-01-21 23:33:25,217 INFO 0 Wed Jan 21 23:33:25 2026 Epoch: 148
2026-01-21 23:33:47,134 INFO Final training 148/150, loss: 0.1428, time 21.92s, lr: 0.000053
Accuracy: 0.939
class                  precision    recall   specificity      f1   support
--------------------------------------------------------------------------
0                          0.978     0.932         0.980   0.954       280
1                          0.636     0.933         0.971   0.757        30
2                          0.951     0.947         0.958   0.949       266
*----------------------------------------*
2026-01-21 23:34:18,299 INFO Final validation 148/150, Val_acc: 0.8355, time 31.16sAccuracy: 0.875
class                  precision    recall   specificity      f1   support
--------------------------------------------------------------------------
0                          0.897     0.871         0.905   0.884        70
1                          0.636     0.875         0.971   0.737         8
2                          0.892     0.879         0.910   0.885        66
*========================================*
2026-01-21 23:34:22,616 INFO 0 Wed Jan 21 23:34:22 2026 Epoch: 149
2026-01-21 23:34:44,028 INFO Final training 149/150, loss: 0.1360, time 21.41s, lr: 0.000023
Accuracy: 0.960
class                  precision    recall   specificity      f1   support
--------------------------------------------------------------------------
0                          0.992     0.936         0.993   0.963       280
1                          0.784     0.967         0.985   0.866        30
2                          0.953     0.985         0.958   0.969       266
*----------------------------------------*
2026-01-21 23:34:44,028 INFO 0 Wed Jan 21 23:34:44 2026 Epoch: 150
2026-01-21 23:35:05,780 INFO Final training 150/150, loss: 0.1376, time 21.75s, lr: 0.000006
Accuracy: 0.953
class                  precision    recall   specificity      f1   support
--------------------------------------------------------------------------
0                          0.989     0.932         0.990   0.960       280
1                          0.725     0.967         0.980   0.829        30
2                          0.952     0.974         0.958   0.963       266
*----------------------------------------*
2026-01-21 23:35:37,240 INFO Final validation 150/150, Val_acc: 0.8175, time 31.46sAccuracy: 0.861
class                  precision    recall   specificity      f1   support
--------------------------------------------------------------------------
0                          0.896     0.857         0.905   0.876        70
1                          0.600     0.750         0.971   0.667         8
2                          0.866     0.879         0.885   0.872        66
*========================================*
2026-01-21 23:35:41,622 INFO Training Finished! Best Accuracy: 0.8480
2026-01-21 23:35:41,622 INFO ====================================================================================================
2026-01-21 23:35:41,622 INFO 
2026-01-21 23:35:50,580 INFO => loading checkpoint 'outputs/OrganoidsINRIA_Slice_32/resnet18/2026-01-21-21-56/training/best_model.pt'
2026-01-21 23:35:50,737 INFO Loaded 136 keys from checkpoint
2026-01-21 23:35:56,177 INFO Final testing , Test_acc: 0.7195, time 5.44sAccuracy: 0.890
class                  precision    recall   specificity      f1   support
--------------------------------------------------------------------------
0                          1.000     0.825         1.000   0.904        40
1                          0.714     1.000         0.974   0.833         5
2                          0.833     0.946         0.844   0.886        37
*========================================*
2026-01-21 23:35:56,550 INFO Testing Finished! Best Accuracy: 0.7195
2026-01-21 23:35:56,551 INFO ====================================================================================================
2026-01-21 23:35:59,263 INFO Starting MC-Dropout Testing...
2026-01-21 23:36:03,131 INFO 
2026-01-21 23:36:03,132 INFO ================================================================================
2026-01-21 23:36:03,132 INFO MC-DROPOUT UNCERTAINTY ANALYSIS - PREDICTIVE ENTROPY
2026-01-21 23:36:03,132 INFO ================================================================================
2026-01-21 23:36:03,132 INFO 
Correct predictions:   0.1266 ± 0.1700
2026-01-21 23:36:03,132 INFO Incorrect predictions: 0.3985 ± 0.1956
2026-01-21 23:36:03,132 INFO Uncertainty gap:       0.2719
2026-01-21 23:36:03,132 INFO 
Per-class uncertainty:
2026-01-21 23:36:03,132 INFO   Class 0: 0.1297 ± 0.1807 (n=40)
2026-01-21 23:36:03,132 INFO   Class 1: 0.3984 ± 0.0749 (n=5)
2026-01-21 23:36:03,132 INFO   Class 2: 0.1527 ± 0.1939 (n=37)
2026-01-21 23:36:03,132 INFO 
Selective prediction (rejection thresholds):
2026-01-21 23:36:03,132 INFO   Reject top 50% (>0.0614): keep 41/82, acc=0.9756
2026-01-21 23:36:03,133 INFO   Reject top 25% (>0.2477): keep 61/82, acc=0.9508
2026-01-21 23:36:03,133 INFO   Reject top 10% (>0.4593): keep 73/82, acc=0.9315
2026-01-21 23:36:03,133 INFO   Reject top 5% (>0.5788): keep 77/82, acc=0.9091
2026-01-21 23:36:03,133 INFO 
Calibration (accuracy by uncertainty bin):
2026-01-21 23:36:03,133 INFO   Low (0-25%)          [0.0001, 0.0202): acc=1.0000, n=21
2026-01-21 23:36:03,133 INFO   Medium (25-50%)      [0.0202, 0.0614): acc=0.9500, n=20
2026-01-21 23:36:03,133 INFO   High (50-75%)        [0.0614, 0.2477): acc=0.9000, n=20
2026-01-21 23:36:03,133 INFO   Very High (75-100%)  [0.2477, 0.7755): acc=0.7000, n=20
2026-01-21 23:36:03,133 INFO 
Top 10 most uncertain samples:
2026-01-21 23:36:03,136 INFO   1. Sample 0: unc=0.7755, pred=0, true=0, ✓ CORRECT
2026-01-21 23:36:03,136 INFO   2. Sample 46: unc=0.7042, pred=2, true=2, ✓ CORRECT
2026-01-21 23:36:03,136 INFO   3. Sample 59: unc=0.6821, pred=1, true=2, ✗ WRONG
2026-01-21 23:36:03,136 INFO   4. Sample 65: unc=0.6034, pred=2, true=2, ✓ CORRECT
2026-01-21 23:36:03,136 INFO   5. Sample 45: unc=0.5804, pred=1, true=2, ✗ WRONG
2026-01-21 23:36:03,136 INFO   6. Sample 18: unc=0.5481, pred=2, true=0, ✗ WRONG
2026-01-21 23:36:03,136 INFO   7. Sample 12: unc=0.5076, pred=2, true=0, ✗ WRONG
2026-01-21 23:36:03,136 INFO   8. Sample 42: unc=0.5049, pred=1, true=1, ✓ CORRECT
2026-01-21 23:36:03,136 INFO   9. Sample 44: unc=0.4597, pred=1, true=1, ✓ CORRECT
2026-01-21 23:36:03,136 INFO   10. Sample 1: unc=0.4555, pred=2, true=0, ✗ WRONG
2026-01-21 23:36:03,136 INFO ================================================================================

2026-01-21 23:36:03,883 INFO 
2026-01-21 23:36:03,884 INFO ================================================================================
2026-01-21 23:36:03,884 INFO MC-DROPOUT UNCERTAINTY ANALYSIS - BALD
2026-01-21 23:36:03,884 INFO ================================================================================
2026-01-21 23:36:03,884 INFO 
Correct predictions:   0.0128 ± 0.0219
2026-01-21 23:36:03,884 INFO Incorrect predictions: 0.0278 ± 0.0313
2026-01-21 23:36:03,884 INFO Uncertainty gap:       0.0150
2026-01-21 23:36:03,884 INFO 
Per-class uncertainty:
2026-01-21 23:36:03,884 INFO   Class 0: 0.0225 ± 0.0303 (n=40)
2026-01-21 23:36:03,884 INFO   Class 1: 0.0093 ± 0.0033 (n=5)
2026-01-21 23:36:03,884 INFO   Class 2: 0.0065 ± 0.0101 (n=37)
2026-01-21 23:36:03,884 INFO 
Selective prediction (rejection thresholds):
2026-01-21 23:36:03,884 INFO   Reject top 50% (>0.0046): keep 41/82, acc=0.9268
2026-01-21 23:36:03,884 INFO   Reject top 25% (>0.0139): keep 61/82, acc=0.9180
2026-01-21 23:36:03,884 INFO   Reject top 10% (>0.0454): keep 73/82, acc=0.9041
2026-01-21 23:36:03,885 INFO   Reject top 5% (>0.0631): keep 77/82, acc=0.8961
2026-01-21 23:36:03,885 INFO 
Calibration (accuracy by uncertainty bin):
2026-01-21 23:36:03,885 INFO   Low (0-25%)          [0.0000, 0.0016): acc=0.9524, n=21
2026-01-21 23:36:03,885 INFO   Medium (25-50%)      [0.0016, 0.0046): acc=0.9000, n=20
2026-01-21 23:36:03,885 INFO   High (50-75%)        [0.0046, 0.0139): acc=0.9000, n=20
2026-01-21 23:36:03,885 INFO   Very High (75-100%)  [0.0139, 0.1073): acc=0.8000, n=20
2026-01-21 23:36:03,885 INFO 
Top 10 most uncertain samples:
2026-01-21 23:36:03,885 INFO   1. Sample 29: unc=0.1073, pred=0, true=0, ✓ CORRECT
2026-01-21 23:36:03,885 INFO   2. Sample 0: unc=0.1025, pred=0, true=0, ✓ CORRECT
2026-01-21 23:36:03,885 INFO   3. Sample 18: unc=0.1012, pred=2, true=0, ✗ WRONG
2026-01-21 23:36:03,885 INFO   4. Sample 2: unc=0.0728, pred=0, true=0, ✓ CORRECT
2026-01-21 23:36:03,885 INFO   5. Sample 6: unc=0.0632, pred=0, true=0, ✓ CORRECT
2026-01-21 23:36:03,885 INFO   6. Sample 13: unc=0.0609, pred=0, true=0, ✓ CORRECT
2026-01-21 23:36:03,885 INFO   7. Sample 1: unc=0.0542, pred=2, true=0, ✗ WRONG
2026-01-21 23:36:03,885 INFO   8. Sample 10: unc=0.0469, pred=0, true=0, ✓ CORRECT
2026-01-21 23:36:03,885 INFO   9. Sample 20: unc=0.0457, pred=0, true=0, ✓ CORRECT
2026-01-21 23:36:03,885 INFO   10. Sample 12: unc=0.0424, pred=2, true=0, ✗ WRONG
2026-01-21 23:36:03,885 INFO ================================================================================

2026-01-21 23:36:04,553 INFO 
2026-01-21 23:36:04,553 INFO ================================================================================
2026-01-21 23:36:04,553 INFO MC-DROPOUT UNCERTAINTY ANALYSIS - MEAN VARIANCE
2026-01-21 23:36:04,553 INFO ================================================================================
2026-01-21 23:36:04,553 INFO 
Correct predictions:   0.0016 ± 0.0041
2026-01-21 23:36:04,553 INFO Incorrect predictions: 0.0055 ± 0.0079
2026-01-21 23:36:04,553 INFO Uncertainty gap:       0.0039
2026-01-21 23:36:04,553 INFO 
Per-class uncertainty:
2026-01-21 23:36:04,554 INFO   Class 0: 0.0034 ± 0.0065 (n=40)
2026-01-21 23:36:04,554 INFO   Class 1: 0.0006 ± 0.0003 (n=5)
2026-01-21 23:36:04,554 INFO   Class 2: 0.0007 ± 0.0017 (n=37)
2026-01-21 23:36:04,554 INFO 
Selective prediction (rejection thresholds):
2026-01-21 23:36:04,554 INFO   Reject top 50% (>0.0001): keep 41/82, acc=0.9756
2026-01-21 23:36:04,554 INFO   Reject top 25% (>0.0007): keep 61/82, acc=0.9344
2026-01-21 23:36:04,554 INFO   Reject top 10% (>0.0072): keep 73/82, acc=0.9178
2026-01-21 23:36:04,554 INFO   Reject top 5% (>0.0105): keep 77/82, acc=0.9091
2026-01-21 23:36:04,554 INFO 
Calibration (accuracy by uncertainty bin):
2026-01-21 23:36:04,554 INFO   Low (0-25%)          [0.0000, 0.0000): acc=1.0000, n=21
2026-01-21 23:36:04,554 INFO   Medium (25-50%)      [0.0000, 0.0001): acc=0.9500, n=20
2026-01-21 23:36:04,555 INFO   High (50-75%)        [0.0001, 0.0007): acc=0.8500, n=20
2026-01-21 23:36:04,555 INFO   Very High (75-100%)  [0.0007, 0.0248): acc=0.8000, n=20
2026-01-21 23:36:04,555 INFO 
Top 10 most uncertain samples:
2026-01-21 23:36:04,555 INFO   1. Sample 18: unc=0.0248, pred=2, true=0, ✗ WRONG
2026-01-21 23:36:04,555 INFO   2. Sample 0: unc=0.0242, pred=0, true=0, ✓ CORRECT
2026-01-21 23:36:04,555 INFO   3. Sample 29: unc=0.0196, pred=0, true=0, ✓ CORRECT
2026-01-21 23:36:04,555 INFO   4. Sample 2: unc=0.0114, pred=0, true=0, ✓ CORRECT
2026-01-21 23:36:04,555 INFO   5. Sample 1: unc=0.0106, pred=2, true=0, ✗ WRONG
2026-01-21 23:36:04,555 INFO   6. Sample 12: unc=0.0101, pred=2, true=0, ✗ WRONG
2026-01-21 23:36:04,555 INFO   7. Sample 6: unc=0.0091, pred=0, true=0, ✓ CORRECT
2026-01-21 23:36:04,555 INFO   8. Sample 13: unc=0.0090, pred=0, true=0, ✓ CORRECT
2026-01-21 23:36:04,555 INFO   9. Sample 65: unc=0.0073, pred=2, true=2, ✓ CORRECT
2026-01-21 23:36:04,555 INFO   10. Sample 49: unc=0.0063, pred=2, true=2, ✓ CORRECT
2026-01-21 23:36:04,555 INFO ================================================================================

2026-01-21 23:36:05,223 INFO 
2026-01-21 23:36:05,224 INFO ================================================================================
2026-01-21 23:36:05,224 INFO MC-DROPOUT UNCERTAINTY ANALYSIS - VARIATION RATIO
2026-01-21 23:36:05,224 INFO ================================================================================
2026-01-21 23:36:05,224 INFO 
Correct predictions:   0.0044 ± 0.0261
2026-01-21 23:36:05,224 INFO Incorrect predictions: 0.0178 ± 0.0319
2026-01-21 23:36:05,224 INFO Uncertainty gap:       0.0134
2026-01-21 23:36:05,224 INFO 
Per-class uncertainty:
2026-01-21 23:36:05,224 INFO   Class 0: 0.0120 ± 0.0379 (n=40)
2026-01-21 23:36:05,224 INFO   Class 1: 0.0000 ± 0.0000 (n=5)
2026-01-21 23:36:05,224 INFO   Class 2: 0.0000 ± 0.0000 (n=37)
2026-01-21 23:36:05,224 INFO 
Selective prediction (rejection thresholds):
2026-01-21 23:36:05,224 INFO   Reject top 50% (>0.0000): keep 74/82, acc=0.9189
2026-01-21 23:36:05,224 INFO   Reject top 25% (>0.0000): keep 74/82, acc=0.9189
2026-01-21 23:36:05,224 INFO   Reject top 10% (>0.0000): keep 74/82, acc=0.9189
2026-01-21 23:36:05,225 INFO   Reject top 5% (>0.0200): keep 78/82, acc=0.9103
2026-01-21 23:36:05,225 INFO 
Calibration (accuracy by uncertainty bin):
2026-01-21 23:36:05,225 INFO   Very High (75-100%)  [0.0000, 0.2200): acc=0.8889, n=81
2026-01-21 23:36:05,225 INFO 
Top 10 most uncertain samples:
2026-01-21 23:36:05,225 INFO   1. Sample 0: unc=0.2200, pred=0, true=0, ✓ CORRECT
2026-01-21 23:36:05,225 INFO   2. Sample 18: unc=0.1000, pred=2, true=0, ✗ WRONG
2026-01-21 23:36:05,225 INFO   3. Sample 12: unc=0.0400, pred=2, true=0, ✗ WRONG
2026-01-21 23:36:05,225 INFO   4. Sample 29: unc=0.0400, pred=0, true=0, ✓ CORRECT
2026-01-21 23:36:05,225 INFO   5. Sample 2: unc=0.0200, pred=0, true=0, ✓ CORRECT
2026-01-21 23:36:05,225 INFO   6. Sample 1: unc=0.0200, pred=2, true=0, ✗ WRONG
2026-01-21 23:36:05,225 INFO   7. Sample 13: unc=0.0200, pred=0, true=0, ✓ CORRECT
2026-01-21 23:36:05,225 INFO   8. Sample 6: unc=0.0200, pred=0, true=0, ✓ CORRECT
2026-01-21 23:36:05,225 INFO   9. Sample 73: unc=0.0000, pred=2, true=2, ✓ CORRECT
2026-01-21 23:36:05,225 INFO   10. Sample 72: unc=0.0000, pred=2, true=2, ✓ CORRECT
2026-01-21 23:36:05,225 INFO ================================================================================

2026-01-21 23:36:06,165 INFO Total time spent: 01 hours 39 minutes 45 seconds
2026-01-21 23:36:06,165 INFO 
2026-01-21 23:36:06,165 INFO Final Results Summary:
2026-01-21 23:36:06,165 INFO | TrainLoss | TrainAcc | ValAccMax | W_TrainF1 | W_TrainPrecision | W_TrainRecall | W_TrainSpecificity | TestAcc | W_TestF1 | W_TestPrecision | W_TestRecall | W_TestSpecificity |
2026-01-21 23:36:06,165 INFO | 0.1376 | 0.9259 | 0.8819 | 0.8834 | 0.8906 | 0.8819 | 0.9199 | 0.8902 | 0.8917 | 0.9074 | 0.8902 | 0.9282 |
2026-01-21 23:36:06,165 INFO 
2026-01-21 23:36:06,165 INFO | Detailed Test MC Metrics |
2026-01-21 23:36:06,165 INFO MC Accuracy: 0.8902
2026-01-21 23:36:06,165 INFO Per-class metrics (MC):
2026-01-21 23:36:06,165 INFO class | precision | recall | specificity | f1 | support
2026-01-21 23:36:06,165 INFO     0 | 1.0000 | 0.8250 | 1.0000 | 0.9041 |      40
2026-01-21 23:36:06,165 INFO     1 | 0.7143 | 1.0000 | 0.9740 | 0.8333 |       5
2026-01-21 23:36:06,165 INFO     2 | 0.8333 | 0.9459 | 0.8444 | 0.8861 |      37
2026-01-21 23:36:06,165 INFO Macro avg (MC): precision=0.8492, recall=0.9236, specificity=0.9395, f1=0.8745
2026-01-21 23:36:06,165 INFO Weighted avg (MC): precision=0.9074, recall=0.8902, specificity=0.9282, f1=0.8917
2026-01-21 23:36:06,165 INFO Micro avg (MC): precision=0.8902, recall=0.8902, specificity=0.9451, f1=0.8902
