Architecture:                            x86_64
CPU op-mode(s):                          32-bit, 64-bit
Byte Order:                              Little Endian
Address sizes:                           48 bits physical, 48 bits virtual
CPU(s):                                  64
On-line CPU(s) list:                     0-63
Thread(s) per core:                      2
Core(s) per socket:                      16
Socket(s):                               2
NUMA node(s):                            8
Vendor ID:                               AuthenticAMD
CPU family:                              25
Model:                                   1
Model name:                              AMD EPYC 7313 16-Core Processor
Stepping:                                1
Frequency boost:                         enabled
CPU MHz:                                 2456.022
CPU max MHz:                             3000.0000
CPU min MHz:                             1500.0000
BogoMIPS:                                5988.70
Virtualization:                          AMD-V
L1d cache:                               1 MiB
L1i cache:                               1 MiB
L2 cache:                                16 MiB
L3 cache:                                256 MiB
NUMA node0 CPU(s):                       0-3,32-35
NUMA node1 CPU(s):                       4-7,36-39
NUMA node2 CPU(s):                       8-11,40-43
NUMA node3 CPU(s):                       12-15,44-47
NUMA node4 CPU(s):                       16-19,48-51
NUMA node5 CPU(s):                       20-23,52-55
NUMA node6 CPU(s):                       24-27,56-59
NUMA node7 CPU(s):                       28-31,60-63
Vulnerability Gather data sampling:      Not affected
Vulnerability Indirect target selection: Not affected
Vulnerability Itlb multihit:             Not affected
Vulnerability L1tf:                      Not affected
Vulnerability Mds:                       Not affected
Vulnerability Meltdown:                  Not affected
Vulnerability Mmio stale data:           Not affected
Vulnerability Reg file data sampling:    Not affected
Vulnerability Retbleed:                  Not affected
Vulnerability Spec rstack overflow:      Mitigation; safe RET
Vulnerability Spec store bypass:         Mitigation; Speculative Store Bypass disabled via prctl and seccomp
Vulnerability Spectre v1:                Mitigation; usercopy/swapgs barriers and __user pointer sanitization
Vulnerability Spectre v2:                Mitigation; Retpolines, IBPB conditional, IBRS_FW, STIBP always-on, RSB filling, PBRSB-eIBRS Not affected
Vulnerability Srbds:                     Not affected
Vulnerability Tsa:                       Mitigation; Clear CPU buffers
Vulnerability Tsx async abort:           Not affected
Vulnerability Vmscape:                   Mitigation; IBPB before exit to userspace
Flags:                                   fpu vme de pse tsc msr pae mce cx8 apic sep mtrr pge mca cmov pat pse36 clflush mmx fxsr sse sse2 ht syscall nx mmxext fxsr_opt pdpe1gb rdtscp lm constant_tsc rep_good nopl nonstop_tsc cpuid extd_apicid aperfmperf pni pclmulqdq monitor ssse3 fma cx16 pcid sse4_1 sse4_2 movbe popcnt aes xsave avx f16c rdrand lahf_lm cmp_legacy svm extapic cr8_legacy abm sse4a misalignsse 3dnowprefetch osvw ibs skinit wdt tce topoext perfctr_core perfctr_nb bpext perfctr_llc mwaitx cpb cat_l3 cdp_l3 invpcid_single hw_pstate ssbd mba ibrs ibpb stibp vmmcall fsgsbase bmi1 avx2 smep bmi2 erms invpcid cqm rdt_a rdseed adx smap clflushopt clwb sha_ni xsaveopt xsavec xgetbv1 xsaves cqm_llc cqm_occup_llc cqm_mbm_total cqm_mbm_local clzero irperf xsaveerptr rdpru wbnoinvd amd_ppin arat npt lbrv svm_lock nrip_save tsc_scale vmcb_clean flushbyasid decodeassists pausefilter pfthreshold v_vmsave_vmload vgif umip pku ospke vaes vpclmulqdq rdpid overflow_recov succor smca fsrm ibpb_exit_to_user
Mon Nov 17 16:11:31 2025       
+---------------------------------------------------------------------------------------+
| NVIDIA-SMI 535.183.06             Driver Version: 535.183.06   CUDA Version: 12.2     |
|-----------------------------------------+----------------------+----------------------+
| GPU  Name                 Persistence-M | Bus-Id        Disp.A | Volatile Uncorr. ECC |
| Fan  Temp   Perf          Pwr:Usage/Cap |         Memory-Usage | GPU-Util  Compute M. |
|                                         |                      |               MIG M. |
|=========================================+======================+======================|
|   0  NVIDIA A40                     On  | 00000000:C3:00.0 Off |                    0 |
|  0%   32C    P8              32W / 300W |      0MiB / 46068MiB |      0%      Default |
|                                         |                      |                  N/A |
+-----------------------------------------+----------------------+----------------------+
                                                                                         
+---------------------------------------------------------------------------------------+
| Processes:                                                                            |
|  GPU   GI   CI        PID   Type   Process name                            GPU Memory |
|        ID   ID                                                             Usage      |
|=======================================================================================|
|  No running processes found                                                           |
+---------------------------------------------------------------------------------------+
/home/mraffael/martone_project/Organoid-Image-Classification-Using-Deep-Learning
{'RandFlipd_prob': 0.2,
 'RandRotate90d_prob': 0.2,
 'RandScaleIntensityd_prob': 0.1,
 'RandShiftIntensityd_prob': 0.1,
 'amp': True,
 'augmentation': True,
 'batch_size': 6,
 'cache_dataset': False,
 'checkpoint_path': None,
 'data_dir': '/home/mraffael/martone_project/Organoids_Dataset_256/',
 'dataset_name': 'OrganoidsINRIA_reduced',
 'debug': False,
 'debug_train_samples': 40,
 'debug_val_samples': 10,
 'dist_backend': 'nccl',
 'dist_url': 'tcp://127.0.0.1:23456',
 'distributed': False,
 'dropout_path_rate': 0.0,
 'dropout_rate': 0.0,
 'early_stopping': True,
 'encoder10_pth': '',
 'exact_class': False,
 'feature_size': 48,
 'fold': 0,
 'folds': False,
 'gpu': 0,
 'ignore_label': 3,
 'in_channels': 1,
 'infer_overlap': 0.5,
 'k_folds': 5,
 'logdir': 'test',
 'logs_dir': 'logs/',
 'loss_name': 'CE',
 'lrschedule': 'warmup_cosine',
 'max_epochs': 150,
 'min_delta_loss': 0.001,
 'min_delta_val': 0.01,
 'model_name': 'resnet18',
 'momentum': 0.99,
 'noamp': False,
 'norm_name': 'instance',
 'oar_id': 2123048,
 'optim_lr': 0.08,
 'optim_name': 'adamw',
 'out_channels': 1,
 'output_dir': 'outputs/',
 'patch_merging': False,
 'patience_loss': 40,
 'patience_val': 40,
 'pretrained_dir': './pretrained_models/resnet18/',
 'pretrained_model_name': 'resnet_18.pth',
 'rank': 0,
 'reg_weight': 5e-05,
 'restart_T0': 20,
 'resume_ckpt': False,
 'roi_x': 128,
 'roi_y': 128,
 'roi_z': 128,
 'save_checkpoint': True,
 'seed': 3,
 'similarity_loss': '',
 'similarity_loss_weight': 0.0,
 'spatial_dims': 3,
 'split_method': 'stratified',
 'start_epoch': 0,
 'sw_batch_size': 8,
 'telegram_log': True,
 'test_mode': False,
 'token': './token/tlg_token.txt',
 'use_checkpoint': False,
 'val_every': 2,
 'warmup_epochs': 5,
 'workers': 8,
 'world_size': 1}

Saved configuration to: outputs/OrganoidsINRIA_reduced/resnet18/2025-11-17-16-11/config.txt
Using GPU: 0

Model INFO:
Model architecture: resnet18
Using pretrained weights
=> loading pretrained model './pretrained_models/resnet18/resnet_18.pth'
Missing keys when loading pretrained: 27
Warning: ResNet18_3D not found, using ResNet50_3D wrapper as fallback
Using ResNet with Single Linear Classification Head
Total trainable parameters: 33,320,451

Optimizer INFO:
Using optimizer: adamw with lr=0.08, weight_decay=5e-05

Dataset INFO:
Dataset length: 721
Class distribution in entire dataset:
  Class 0: 351
  Class 1: 38
  Class 2: 332

Using split method: stratified

Train set balance:
Class distribution:
  Class 0: 281 samples
  Class 1: 30 samples
  Class 2: 266 samples

Val set balance:
Class distribution:
  Class 0: 70 samples
  Class 1: 8 samples
  Class 2: 66 samples
Training set length: 577
Validation set length: 144

Using standard shuffle for training
Training loader: 96 batches
Validation loader: 24 batches

Class distribution in training set:
  Class 0: 281 (48.7%)
  Class 1: 30 (5.2%)
  Class 2: 266 (46.1%)
Class distribution in validation set:
  Class 0: 70 (48.6%)
  Class 1: 8 (5.6%)
  Class 2: 66 (45.8%)
**************************************************
Class weights: [ 6.845  64.111  7.231]

Test Dataset INFO:
Test Dataset length: 82
Class distribution in test dataset:
  Class 0: 40
  Class 1: 5
  Class 2: 37
Test loader: 14 batches
**************************************************

Using loss function: CE
**************************************************
Starting training...
✓ Unfrozen: layer4.0.conv1.weight (3538944 params)
✓ Unfrozen: layer4.0.bn1.weight (512 params)
✓ Unfrozen: layer4.0.bn1.bias (512 params)
✓ Unfrozen: layer4.0.conv2.weight (7077888 params)
✓ Unfrozen: layer4.0.bn2.weight (512 params)
✓ Unfrozen: layer4.0.bn2.bias (512 params)
✓ Unfrozen: layer4.0.downsample.0.weight (131072 params)
✓ Unfrozen: layer4.0.downsample.1.weight (512 params)
✓ Unfrozen: layer4.0.downsample.1.bias (512 params)
✓ Unfrozen: layer4.1.conv1.weight (7077888 params)
✓ Unfrozen: layer4.1.bn1.weight (512 params)
✓ Unfrozen: layer4.1.bn1.bias (512 params)
✓ Unfrozen: layer4.1.conv2.weight (7077888 params)
✓ Unfrozen: layer4.1.bn2.weight (512 params)
✓ Unfrozen: layer4.1.bn2.bias (512 params)
✓ Unfrozen: fc.weight (1536 params)
✓ Unfrozen: fc.bias (3 params)
Total frozen: 0, trainable: 33320451
0 Mon Nov 17 16:11:40 2025 Epoch: 1
Epoch: 1/150 Iter: 1/96 loss: 1.1440 acc: 0.5000 time 12.90s
Epoch: 1/150 Iter: 2/96 loss: 1.2197 acc: 0.5000 time 0.80s
Epoch: 1/150 Iter: 3/96 loss: 1.1598 acc: 0.4444 time 0.87s
Epoch: 1/150 Iter: 4/96 loss: 1.1172 acc: 0.4583 time 0.81s
Epoch: 1/150 Iter: 5/96 loss: 1.1256 acc: 0.4667 time 0.77s
Epoch: 1/150 Iter: 6/96 loss: 1.1316 acc: 0.4722 time 0.88s
Epoch: 1/150 Iter: 7/96 loss: 1.1489 acc: 0.4762 time 1.46s
Epoch: 1/150 Iter: 8/96 loss: 1.1392 acc: 0.4792 time 0.81s
Epoch: 1/150 Iter: 9/96 loss: 1.1314 acc: 0.4815 time 0.82s
Epoch: 1/150 Iter: 10/96 loss: 1.1291 acc: 0.4833 time 0.94s
Epoch: 1/150 Iter: 11/96 loss: 1.1172 acc: 0.4848 time 0.95s
Epoch: 1/150 Iter: 12/96 loss: 1.1209 acc: 0.4722 time 0.91s
Epoch: 1/150 Iter: 13/96 loss: 1.1434 acc: 0.4744 time 1.40s
Epoch: 1/150 Iter: 14/96 loss: 1.1471 acc: 0.4762 time 0.82s
Epoch: 1/150 Iter: 15/96 loss: 1.1375 acc: 0.4778 time 1.47s
Epoch: 1/150 Iter: 16/96 loss: 1.1325 acc: 0.4688 time 1.44s
Epoch: 1/150 Iter: 17/96 loss: 1.1276 acc: 0.4608 time 0.80s
Epoch: 1/150 Iter: 18/96 loss: 1.1296 acc: 0.4537 time 1.49s
Epoch: 1/150 Iter: 19/96 loss: 1.1317 acc: 0.4561 time 0.81s
Epoch: 1/150 Iter: 20/96 loss: 1.1353 acc: 0.4583 time 0.77s
Epoch: 1/150 Iter: 21/96 loss: 1.1470 acc: 0.4603 time 0.80s
Epoch: 1/150 Iter: 22/96 loss: 1.1572 acc: 0.4621 time 1.47s
Epoch: 1/150 Iter: 23/96 loss: 1.1533 acc: 0.4638 time 0.89s
Epoch: 1/150 Iter: 24/96 loss: 1.1631 acc: 0.4653 time 1.42s
Epoch: 1/150 Iter: 25/96 loss: 1.1620 acc: 0.4667 time 0.76s
Epoch: 1/150 Iter: 26/96 loss: 1.1619 acc: 0.4679 time 0.78s
Epoch: 1/150 Iter: 27/96 loss: 1.1630 acc: 0.4691 time 1.46s
Epoch: 1/150 Iter: 28/96 loss: 1.1629 acc: 0.4702 time 0.76s
Epoch: 1/150 Iter: 29/96 loss: 1.1546 acc: 0.4713 time 0.80s
Epoch: 1/150 Iter: 30/96 loss: 1.1547 acc: 0.4667 time 0.83s
Epoch: 1/150 Iter: 31/96 loss: 1.1544 acc: 0.4677 time 1.47s
Epoch: 1/150 Iter: 32/96 loss: 1.1496 acc: 0.4688 time 0.92s
Epoch: 1/150 Iter: 33/96 loss: 1.1497 acc: 0.4646 time 0.78s
Epoch: 1/150 Iter: 34/96 loss: 1.1505 acc: 0.4657 time 1.48s
Epoch: 1/150 Iter: 35/96 loss: 1.1577 acc: 0.4667 time 0.90s
Epoch: 1/150 Iter: 36/96 loss: 1.1599 acc: 0.4676 time 1.44s
Epoch: 1/150 Iter: 37/96 loss: 1.1582 acc: 0.4640 time 1.46s
Epoch: 1/150 Iter: 38/96 loss: 1.1582 acc: 0.4649 time 1.42s
Epoch: 1/150 Iter: 39/96 loss: 1.1582 acc: 0.4615 time 0.94s
Epoch: 1/150 Iter: 40/96 loss: 1.1567 acc: 0.4583 time 0.87s
Epoch: 1/150 Iter: 41/96 loss: 1.1585 acc: 0.4593 time 1.45s
Epoch: 1/150 Iter: 42/96 loss: 1.1611 acc: 0.4603 time 0.86s
Epoch: 1/150 Iter: 43/96 loss: 1.1622 acc: 0.4612 time 1.44s
Epoch: 1/150 Iter: 44/96 loss: 1.1591 acc: 0.4621 time 0.78s
Epoch: 1/150 Iter: 45/96 loss: 1.1547 acc: 0.4593 time 1.45s
Epoch: 1/150 Iter: 46/96 loss: 1.1565 acc: 0.4601 time 0.88s
Epoch: 1/150 Iter: 47/96 loss: 1.1566 acc: 0.4610 time 0.90s
Epoch: 1/150 Iter: 48/96 loss: 1.1537 acc: 0.4618 time 0.90s
Epoch: 1/150 Iter: 49/96 loss: 1.1509 acc: 0.4626 time 1.44s
Epoch: 1/150 Iter: 50/96 loss: 1.1518 acc: 0.4600 time 0.79s
Epoch: 1/150 Iter: 51/96 loss: 1.1502 acc: 0.4608 time 0.89s
Epoch: 1/150 Iter: 52/96 loss: 1.1525 acc: 0.4615 time 1.44s
Epoch: 1/150 Iter: 53/96 loss: 1.1549 acc: 0.4623 time 0.91s
Epoch: 1/150 Iter: 54/96 loss: 1.1505 acc: 0.4630 time 1.47s
Epoch: 1/150 Iter: 55/96 loss: 1.1489 acc: 0.4636 time 1.44s
Epoch: 1/150 Iter: 56/96 loss: 1.1484 acc: 0.4613 time 0.89s
Epoch: 1/150 Iter: 57/96 loss: 1.1465 acc: 0.4620 time 1.47s
Epoch: 1/150 Iter: 58/96 loss: 1.1427 acc: 0.4626 time 1.49s
Epoch: 1/150 Iter: 59/96 loss: 1.1407 acc: 0.4605 time 0.93s
Epoch: 1/150 Iter: 60/96 loss: 1.1446 acc: 0.4611 time 0.91s
Epoch: 1/150 Iter: 61/96 loss: 1.1447 acc: 0.4617 time 1.46s
Epoch: 1/150 Iter: 62/96 loss: 1.1457 acc: 0.4624 time 0.79s
Epoch: 1/150 Iter: 63/96 loss: 1.1450 acc: 0.4603 time 0.74s
Epoch: 1/150 Iter: 64/96 loss: 1.1424 acc: 0.4583 time 0.95s
Epoch: 1/150 Iter: 65/96 loss: 1.1389 acc: 0.4590 time 0.96s
Epoch: 1/150 Iter: 66/96 loss: 1.1377 acc: 0.4571 time 0.86s
Epoch: 1/150 Iter: 67/96 loss: 1.1359 acc: 0.4577 time 1.45s
Epoch: 1/150 Iter: 68/96 loss: 1.1343 acc: 0.4559 time 0.89s
Epoch: 1/150 Iter: 69/96 loss: 1.1347 acc: 0.4565 time 0.88s
Epoch: 1/150 Iter: 70/96 loss: 1.1350 acc: 0.4571 time 0.93s
Epoch: 1/150 Iter: 71/96 loss: 1.1365 acc: 0.4577 time 0.82s
Epoch: 1/150 Iter: 72/96 loss: 1.1340 acc: 0.4560 time 1.48s
Epoch: 1/150 Iter: 73/96 loss: 1.1362 acc: 0.4566 time 1.45s
Epoch: 1/150 Iter: 74/96 loss: 1.1357 acc: 0.4572 time 1.47s
Epoch: 1/150 Iter: 75/96 loss: 1.1373 acc: 0.4578 time 1.47s
Epoch: 1/150 Iter: 76/96 loss: 1.1356 acc: 0.4583 time 0.93s
Epoch: 1/150 Iter: 77/96 loss: 1.1329 acc: 0.4589 time 1.48s
Epoch: 1/150 Iter: 78/96 loss: 1.1342 acc: 0.4594 time 1.42s
Epoch: 1/150 Iter: 79/96 loss: 1.1374 acc: 0.4599 time 0.92s
Epoch: 1/150 Iter: 80/96 loss: 1.1369 acc: 0.4583 time 0.90s
Epoch: 1/150 Iter: 81/96 loss: 1.1399 acc: 0.4588 time 0.77s
Epoch: 1/150 Iter: 82/96 loss: 1.1406 acc: 0.4593 time 0.72s
Epoch: 1/150 Iter: 83/96 loss: 1.1419 acc: 0.4598 time 1.39s
Epoch: 1/150 Iter: 84/96 loss: 1.1417 acc: 0.4603 time 1.40s
Epoch: 1/150 Iter: 85/96 loss: 1.1452 acc: 0.4608 time 0.75s
Epoch: 1/150 Iter: 86/96 loss: 1.1454 acc: 0.4612 time 0.77s
Epoch: 1/150 Iter: 87/96 loss: 1.1444 acc: 0.4617 time 1.42s
Epoch: 1/150 Iter: 88/96 loss: 1.1435 acc: 0.4602 time 0.81s
Epoch: 1/150 Iter: 89/96 loss: 1.1418 acc: 0.4607 time 1.44s
Epoch: 1/150 Iter: 90/96 loss: 1.1393 acc: 0.4611 time 1.38s
Epoch: 1/150 Iter: 91/96 loss: 1.1378 acc: 0.4615 time 1.39s
Epoch: 1/150 Iter: 92/96 loss: 1.1354 acc: 0.4620 time 0.77s
Epoch: 1/150 Iter: 93/96 loss: 1.1331 acc: 0.4624 time 1.39s
Epoch: 1/150 Iter: 94/96 loss: 1.1331 acc: 0.4610 time 1.41s
Epoch: 1/150 Iter: 95/96 loss: 1.1319 acc: 0.4596 time 0.75s
Epoch: 1/150 Iter: 96/96 loss: 1.1312 acc: 0.4601 time 0.70s
[Train epoch 1] avg_loss=1.1312 avg_acc=0.4601 | per-class [c0: 1.000, c1: 0.000, c2: 0.000]
Final training 1/150, loss: 1.1312, time 115.84s, lr: 0.000000
Accuracy: 0.488
class                  precision    recall   specificity      f1   support
--------------------------------------------------------------------------
0                          0.488     1.000         0.000   0.656       281
1                          0.000     0.000         1.000   0.000        30
2                          0.000     0.000         1.000   0.000       265
*----------------------------------------*
0 Mon Nov 17 16:13:36 2025 Epoch: 2
Epoch: 2/150 Iter: 1/96 loss: 1.0147 acc: 0.5000 time 2.40s
Epoch: 2/150 Iter: 2/96 loss: 0.7194 acc: 0.6500 time 0.88s
Epoch: 2/150 Iter: 3/96 loss: 4.2250 acc: 0.6556 time 0.76s
Epoch: 2/150 Iter: 4/96 loss: 3.5892 acc: 0.6167 time 1.46s
Epoch: 2/150 Iter: 5/96 loss: 2.9585 acc: 0.5600 time 1.42s
Epoch: 2/150 Iter: 6/96 loss: 2.5233 acc: 0.5917 time 1.44s
Epoch: 2/150 Iter: 7/96 loss: 2.1982 acc: 0.6500 time 1.49s
Epoch: 2/150 Iter: 8/96 loss: 1.9500 acc: 0.6938 time 0.81s
Epoch: 2/150 Iter: 9/96 loss: 1.7869 acc: 0.7056 time 1.43s
Epoch: 2/150 Iter: 10/96 loss: 1.6433 acc: 0.7017 time 0.86s
Epoch: 2/150 Iter: 11/96 loss: 1.5533 acc: 0.7174 time 0.83s
Epoch: 2/150 Iter: 12/96 loss: 1.4920 acc: 0.7306 time 0.91s
Epoch: 2/150 Iter: 13/96 loss: 1.4334 acc: 0.7256 time 0.82s
Epoch: 2/150 Iter: 14/96 loss: 1.4077 acc: 0.7274 time 1.46s
Epoch: 2/150 Iter: 15/96 loss: 1.8440 acc: 0.6967 time 0.82s
Epoch: 2/150 Iter: 16/96 loss: 1.8147 acc: 0.6531 time 1.48s
Epoch: 2/150 Iter: 17/96 loss: 1.9527 acc: 0.6539 time 1.48s
Epoch: 2/150 Iter: 18/96 loss: 1.8972 acc: 0.6523 time 0.88s
Epoch: 2/150 Iter: 19/96 loss: 1.8527 acc: 0.6509 time 1.48s
Epoch: 2/150 Iter: 20/96 loss: 1.8394 acc: 0.6433 time 0.76s
Epoch: 2/150 Iter: 21/96 loss: 1.7782 acc: 0.6365 time 1.45s
Epoch: 2/150 Iter: 22/96 loss: 1.7313 acc: 0.6417 time 1.45s
Epoch: 2/150 Iter: 23/96 loss: 1.6861 acc: 0.6464 time 0.95s
Epoch: 2/150 Iter: 24/96 loss: 1.6501 acc: 0.6403 time 0.79s
Epoch: 2/150 Iter: 25/96 loss: 1.6207 acc: 0.6347 time 1.48s
Epoch: 2/150 Iter: 26/96 loss: 1.7632 acc: 0.6231 time 0.76s
Epoch: 2/150 Iter: 27/96 loss: 1.8368 acc: 0.6123 time 0.78s
Epoch: 2/150 Iter: 28/96 loss: 1.8000 acc: 0.6083 time 1.45s
Epoch: 2/150 Iter: 29/96 loss: 1.7897 acc: 0.6103 time 0.90s
Epoch: 2/150 Iter: 30/96 loss: 1.7629 acc: 0.5993 time 1.47s
Epoch: 2/150 Iter: 31/96 loss: 1.7318 acc: 0.5907 time 1.44s
Epoch: 2/150 Iter: 32/96 loss: 1.7282 acc: 0.5826 time 1.45s
Epoch: 2/150 Iter: 33/96 loss: 1.7616 acc: 0.5650 time 0.80s
Epoch: 2/150 Iter: 34/96 loss: 1.8163 acc: 0.5484 time 1.46s
Epoch: 2/150 Iter: 35/96 loss: 1.8476 acc: 0.5327 time 0.82s
Epoch: 2/150 Iter: 36/96 loss: 1.8166 acc: 0.5272 time 1.46s
Epoch: 2/150 Iter: 37/96 loss: 1.7965 acc: 0.5129 time 1.42s
Epoch: 2/150 Iter: 38/96 loss: 1.7894 acc: 0.5053 time 0.79s
Epoch: 2/150 Iter: 39/96 loss: 1.7606 acc: 0.4974 time 0.86s
Epoch: 2/150 Iter: 40/96 loss: 1.7598 acc: 0.4933 time 1.46s
Epoch: 2/150 Iter: 41/96 loss: 1.7540 acc: 0.4894 time 0.81s
Epoch: 2/150 Iter: 42/96 loss: 1.7582 acc: 0.4884 time 0.75s
Epoch: 2/150 Iter: 43/96 loss: 1.7440 acc: 0.4860 time 0.81s
Epoch: 2/150 Iter: 44/96 loss: 1.7416 acc: 0.4826 time 1.40s
Epoch: 2/150 Iter: 45/96 loss: 1.7268 acc: 0.4793 time 0.77s
Epoch: 2/150 Iter: 46/96 loss: 1.7165 acc: 0.4761 time 1.47s
Epoch: 2/150 Iter: 47/96 loss: 1.7084 acc: 0.4830 time 1.43s
Epoch: 2/150 Iter: 48/96 loss: 1.7014 acc: 0.4896 time 1.46s
Epoch: 2/150 Iter: 49/96 loss: 1.6897 acc: 0.4887 time 1.47s
Epoch: 2/150 Iter: 50/96 loss: 1.6775 acc: 0.4922 time 0.79s
Epoch: 2/150 Iter: 51/96 loss: 1.6617 acc: 0.5022 time 0.94s
Epoch: 2/150 Iter: 52/96 loss: 1.6512 acc: 0.4979 time 1.45s
Epoch: 2/150 Iter: 53/96 loss: 1.6397 acc: 0.5003 time 1.37s
Epoch: 2/150 Iter: 54/96 loss: 1.6261 acc: 0.5026 time 0.93s
Epoch: 2/150 Iter: 55/96 loss: 1.6147 acc: 0.5093 time 0.78s
Epoch: 2/150 Iter: 56/96 loss: 1.6062 acc: 0.5110 time 0.91s
Epoch: 2/150 Iter: 57/96 loss: 1.5945 acc: 0.5173 time 0.80s
Epoch: 2/150 Iter: 58/96 loss: 1.5796 acc: 0.5257 time 1.45s
Epoch: 2/150 Iter: 59/96 loss: 1.5651 acc: 0.5337 time 0.77s
Epoch: 2/150 Iter: 60/96 loss: 1.5540 acc: 0.5381 time 0.89s
Epoch: 2/150 Iter: 61/96 loss: 1.5403 acc: 0.5430 time 0.80s
Epoch: 2/150 Iter: 62/96 loss: 1.5393 acc: 0.5436 time 1.46s
Epoch: 2/150 Iter: 63/96 loss: 1.5323 acc: 0.5477 time 0.91s
Epoch: 2/150 Iter: 64/96 loss: 1.5302 acc: 0.5470 time 0.89s
Epoch: 2/150 Iter: 65/96 loss: 1.5182 acc: 0.5520 time 0.80s
Epoch: 2/150 Iter: 66/96 loss: 1.5062 acc: 0.5550 time 1.40s
Epoch: 2/150 Iter: 67/96 loss: 1.4968 acc: 0.5567 time 1.45s
Epoch: 2/150 Iter: 68/96 loss: 1.4855 acc: 0.5577 time 1.42s
Epoch: 2/150 Iter: 69/96 loss: 1.4759 acc: 0.5593 time 1.42s
Epoch: 2/150 Iter: 70/96 loss: 1.4784 acc: 0.5596 time 0.91s
Epoch: 2/150 Iter: 71/96 loss: 1.4666 acc: 0.5640 time 0.80s
Epoch: 2/150 Iter: 72/96 loss: 1.4555 acc: 0.5684 time 0.80s
Epoch: 2/150 Iter: 73/96 loss: 1.4430 acc: 0.5726 time 1.43s
Epoch: 2/150 Iter: 74/96 loss: 1.4299 acc: 0.5783 time 0.76s
Epoch: 2/150 Iter: 75/96 loss: 1.4295 acc: 0.5795 time 1.43s
Epoch: 2/150 Iter: 76/96 loss: 1.4197 acc: 0.5824 time 0.77s
Epoch: 2/150 Iter: 77/96 loss: 1.4113 acc: 0.5835 time 0.91s
Epoch: 2/150 Iter: 78/96 loss: 1.3987 acc: 0.5889 time 0.83s
Epoch: 2/150 Iter: 79/96 loss: 1.3906 acc: 0.5898 time 0.87s
Epoch: 2/150 Iter: 80/96 loss: 1.3940 acc: 0.5873 time 0.85s
Epoch: 2/150 Iter: 81/96 loss: 1.3843 acc: 0.5893 time 0.77s
Epoch: 2/150 Iter: 82/96 loss: 1.3891 acc: 0.5889 time 1.42s
Epoch: 2/150 Iter: 83/96 loss: 1.3918 acc: 0.5852 time 0.72s
Epoch: 2/150 Iter: 84/96 loss: 1.3844 acc: 0.5861 time 0.72s
Epoch: 2/150 Iter: 85/96 loss: 1.3749 acc: 0.5895 time 1.36s
Epoch: 2/150 Iter: 86/96 loss: 1.3764 acc: 0.5895 time 0.71s
Epoch: 2/150 Iter: 87/96 loss: 1.3675 acc: 0.5928 time 0.74s
Epoch: 2/150 Iter: 88/96 loss: 1.3684 acc: 0.5883 time 1.39s
Epoch: 2/150 Iter: 89/96 loss: 1.3603 acc: 0.5915 time 1.41s
Epoch: 2/150 Iter: 90/96 loss: 1.3537 acc: 0.5947 time 0.78s
Epoch: 2/150 Iter: 91/96 loss: 1.3487 acc: 0.5936 time 1.39s
Epoch: 2/150 Iter: 92/96 loss: 1.3482 acc: 0.5944 time 1.40s
Epoch: 2/150 Iter: 93/96 loss: 1.3437 acc: 0.5966 time 0.75s
Epoch: 2/150 Iter: 94/96 loss: 1.3363 acc: 0.5996 time 0.73s
Epoch: 2/150 Iter: 95/96 loss: 1.3315 acc: 0.6017 time 0.77s
Epoch: 2/150 Iter: 96/96 loss: 1.3307 acc: 0.5995 time 0.77s
[Train epoch 2] avg_loss=1.3307 avg_acc=0.5995 | per-class [c0: 0.658, c1: 0.133, c2: 0.608]
Final training 2/150, loss: 1.3307, time 105.56s, lr: 0.020000
Accuracy: 0.608
class                  precision    recall   specificity      f1   support
--------------------------------------------------------------------------
0                          0.654     0.658         0.668   0.656       281
1                          0.077     0.133         0.912   0.098        30
2                          0.668     0.608         0.743   0.636       265
*----------------------------------------*
Val 2/150 1/24, Acc: 0.3333, Loss: 2.1894, time 0.52s
Val 2/150 2/24, Acc: 0.6667, Loss: 1.3012, time 0.43s
Val 2/150 3/24, Acc: 0.6111, Loss: 1.2894, time 0.43s
Val 2/150 4/24, Acc: 0.7083, Loss: 1.0857, time 0.45s
Val 2/150 5/24, Acc: 0.7667, Loss: 0.9441, time 0.56s
Val 2/150 6/24, Acc: 0.8056, Loss: 0.8464, time 0.48s
Val 2/150 7/24, Acc: 0.8155, Loss: 0.7925, time 0.54s
Val 2/150 8/24, Acc: 0.8385, Loss: 0.7540, time 0.49s
Val 2/150 9/24, Acc: 0.8009, Loss: 0.7878, time 0.47s
Val 2/150 10/24, Acc: 0.7908, Loss: 0.8076, time 0.57s
Val 2/150 11/24, Acc: 0.7795, Loss: 0.8565, time 0.52s
Val 2/150 12/24, Acc: 0.7493, Loss: 0.8394, time 0.47s
Val 2/150 13/24, Acc: 0.7686, Loss: 0.8069, time 0.56s
Val 2/150 14/24, Acc: 0.7673, Loss: 0.7988, time 0.50s
Val 2/150 15/24, Acc: 0.7606, Loss: 0.8187, time 0.44s
Val 2/150 16/24, Acc: 0.7693, Loss: 0.7943, time 0.42s
Val 2/150 17/24, Acc: 0.7828, Loss: 0.7680, time 0.54s
Val 2/150 18/24, Acc: 0.7810, Loss: 0.7759, time 0.45s
Val 2/150 19/24, Acc: 0.7768, Loss: 0.7863, time 0.49s
Val 2/150 20/24, Acc: 0.7796, Loss: 0.7808, time 0.54s
Val 2/150 21/24, Acc: 0.7901, Loss: 0.7668, time 0.48s
Val 2/150 22/24, Acc: 0.7845, Loss: 0.7719, time 0.63s
Val 2/150 23/24, Acc: 0.7793, Loss: 0.7866, time 0.50s
Val 2/150 24/24, Acc: 0.7747, Loss: 0.7984, time 0.42s
[Val epoch 2] avg_acc=0.7747 | avg_loss=0.7984 | per-class [c0: 0.743, c1: 0.000, c2: 0.985]
Final validation 2/150, Val_acc: 0.7747, time 11.94sAccuracy: 0.812
class                  precision    recall   specificity      f1   support
--------------------------------------------------------------------------
0                          0.945     0.743         0.959   0.832        70
1                          0.000     0.000         1.000   0.000         8
2                          0.730     0.985         0.692   0.839        66
*========================================*
New best (0.000000 --> 0.774653)
Saving checkpoint outputs/OrganoidsINRIA_reduced/resnet18/2025-11-17-16-11/training/model_final.pt
Copying best model to best_model.pt
[EarlyStopping] init best=0.774653
[EarlyStopping] init best=0.798385
0 Mon Nov 17 16:15:43 2025 Epoch: 3
Epoch: 3/150 Iter: 1/96 loss: 1.2939 acc: 0.3889 time 1.90s
Epoch: 3/150 Iter: 2/96 loss: 1.0164 acc: 0.6319 time 1.44s
Epoch: 3/150 Iter: 3/96 loss: 0.9045 acc: 0.7130 time 1.45s
Epoch: 3/150 Iter: 4/96 loss: 1.0053 acc: 0.6806 time 1.46s
Epoch: 3/150 Iter: 5/96 loss: 0.9422 acc: 0.7444 time 1.49s
Epoch: 3/150 Iter: 6/96 loss: 1.0506 acc: 0.6343 time 0.89s
Epoch: 3/150 Iter: 7/96 loss: 1.0468 acc: 0.6151 time 0.79s
Epoch: 3/150 Iter: 8/96 loss: 0.9896 acc: 0.6632 time 1.45s
Epoch: 3/150 Iter: 9/96 loss: 0.9643 acc: 0.6867 time 1.45s
Epoch: 3/150 Iter: 10/96 loss: 0.9422 acc: 0.7056 time 0.79s
Epoch: 3/150 Iter: 11/96 loss: 0.9279 acc: 0.7020 time 1.41s
Epoch: 3/150 Iter: 12/96 loss: 0.9199 acc: 0.6991 time 0.79s
Epoch: 3/150 Iter: 13/96 loss: 0.8945 acc: 0.7126 time 0.92s
Epoch: 3/150 Iter: 14/96 loss: 0.8986 acc: 0.6855 time 0.76s
Epoch: 3/150 Iter: 15/96 loss: 0.8786 acc: 0.6981 time 0.86s
Epoch: 3/150 Iter: 16/96 loss: 0.8388 acc: 0.7170 time 1.43s
Epoch: 3/150 Iter: 17/96 loss: 0.8433 acc: 0.7190 time 0.96s
Epoch: 3/150 Iter: 18/96 loss: 0.8114 acc: 0.7346 time 0.80s
Epoch: 3/150 Iter: 19/96 loss: 0.7786 acc: 0.7485 time 0.80s
Epoch: 3/150 Iter: 20/96 loss: 0.8184 acc: 0.7444 time 0.79s
Epoch: 3/150 Iter: 21/96 loss: 0.8296 acc: 0.7447 time 0.79s
Epoch: 3/150 Iter: 22/96 loss: 0.8288 acc: 0.7260 time 1.46s
Epoch: 3/150 Iter: 23/96 loss: 0.8168 acc: 0.7325 time 0.80s
Epoch: 3/150 Iter: 24/96 loss: 0.8053 acc: 0.7384 time 0.91s
Epoch: 3/150 Iter: 25/96 loss: 0.7911 acc: 0.7439 time 0.88s
Epoch: 3/150 Iter: 26/96 loss: 0.7838 acc: 0.7345 time 0.88s
Epoch: 3/150 Iter: 27/96 loss: 0.8788 acc: 0.7279 time 0.78s
Epoch: 3/150 Iter: 28/96 loss: 0.8743 acc: 0.7197 time 1.43s
Epoch: 3/150 Iter: 29/96 loss: 0.8617 acc: 0.7165 time 1.45s
Epoch: 3/150 Iter: 30/96 loss: 0.8486 acc: 0.7176 time 1.46s
Epoch: 3/150 Iter: 31/96 loss: 0.8457 acc: 0.7186 time 0.86s
Epoch: 3/150 Iter: 32/96 loss: 0.8419 acc: 0.7222 time 1.45s
Epoch: 3/150 Iter: 33/96 loss: 0.8794 acc: 0.7155 time 1.45s
Epoch: 3/150 Iter: 34/96 loss: 0.8826 acc: 0.6969 time 0.75s
Epoch: 3/150 Iter: 35/96 loss: 0.8754 acc: 0.7020 time 1.46s
Epoch: 3/150 Iter: 36/96 loss: 0.8677 acc: 0.7068 time 0.94s
Epoch: 3/150 Iter: 37/96 loss: 0.8649 acc: 0.7102 time 0.82s
Epoch: 3/150 Iter: 38/96 loss: 0.8711 acc: 0.7080 time 1.43s
Epoch: 3/150 Iter: 39/96 loss: 0.8716 acc: 0.7069 time 0.79s
Epoch: 3/150 Iter: 40/96 loss: 0.8913 acc: 0.6948 time 0.90s
Epoch: 3/150 Iter: 41/96 loss: 0.9044 acc: 0.6914 time 1.47s
Epoch: 3/150 Iter: 42/96 loss: 0.9211 acc: 0.6789 time 1.40s
Epoch: 3/150 Iter: 43/96 loss: 0.9169 acc: 0.6747 time 0.98s
Epoch: 3/150 Iter: 44/96 loss: 0.9135 acc: 0.6793 time 1.44s
Epoch: 3/150 Iter: 45/96 loss: 0.9139 acc: 0.6790 time 0.91s
Epoch: 3/150 Iter: 46/96 loss: 0.9149 acc: 0.6787 time 1.46s
Epoch: 3/150 Iter: 47/96 loss: 0.9204 acc: 0.6761 time 1.47s
Epoch: 3/150 Iter: 48/96 loss: 0.9145 acc: 0.6829 time 0.79s
Epoch: 3/150 Iter: 49/96 loss: 0.9156 acc: 0.6803 time 0.78s
Epoch: 3/150 Iter: 50/96 loss: 0.9152 acc: 0.6827 time 0.98s
Epoch: 3/150 Iter: 51/96 loss: 0.9145 acc: 0.6802 time 1.44s
Epoch: 3/150 Iter: 52/96 loss: 0.9181 acc: 0.6825 time 0.94s
Epoch: 3/150 Iter: 53/96 loss: 0.9175 acc: 0.6780 time 1.47s
Epoch: 3/150 Iter: 54/96 loss: 0.9202 acc: 0.6701 time 1.47s
Epoch: 3/150 Iter: 55/96 loss: 0.9219 acc: 0.6619 time 1.45s
Epoch: 3/150 Iter: 56/96 loss: 0.9243 acc: 0.6546 time 0.80s
Epoch: 3/150 Iter: 57/96 loss: 0.9271 acc: 0.6519 time 1.43s
Epoch: 3/150 Iter: 58/96 loss: 0.9268 acc: 0.6521 time 0.88s
Epoch: 3/150 Iter: 59/96 loss: 0.9189 acc: 0.6580 time 1.43s
Epoch: 3/150 Iter: 60/96 loss: 0.9297 acc: 0.6581 time 1.41s
Epoch: 3/150 Iter: 61/96 loss: 0.9392 acc: 0.6556 time 1.41s
Epoch: 3/150 Iter: 62/96 loss: 0.9350 acc: 0.6591 time 1.39s
Epoch: 3/150 Iter: 63/96 loss: 0.9346 acc: 0.6597 time 0.83s
Epoch: 3/150 Iter: 64/96 loss: 0.9356 acc: 0.6592 time 0.92s
Epoch: 3/150 Iter: 65/96 loss: 0.9310 acc: 0.6619 time 1.45s
Epoch: 3/150 Iter: 66/96 loss: 0.9296 acc: 0.6620 time 1.47s
Epoch: 3/150 Iter: 67/96 loss: 0.9390 acc: 0.6608 time 0.74s
Epoch: 3/150 Iter: 68/96 loss: 0.9465 acc: 0.6551 time 0.77s
Epoch: 3/150 Iter: 69/96 loss: 0.9551 acc: 0.6553 time 0.92s
Epoch: 3/150 Iter: 70/96 loss: 0.9527 acc: 0.6567 time 0.78s
Epoch: 3/150 Iter: 71/96 loss: 0.9486 acc: 0.6597 time 0.80s
Epoch: 3/150 Iter: 72/96 loss: 0.9478 acc: 0.6575 time 0.88s
Epoch: 3/150 Iter: 73/96 loss: 0.9518 acc: 0.6531 time 0.78s
Epoch: 3/150 Iter: 74/96 loss: 0.9477 acc: 0.6544 time 1.45s
Epoch: 3/150 Iter: 75/96 loss: 0.9438 acc: 0.6590 time 1.44s
Epoch: 3/150 Iter: 76/96 loss: 0.9429 acc: 0.6569 time 0.91s
Epoch: 3/150 Iter: 77/96 loss: 0.9420 acc: 0.6581 time 1.43s
Epoch: 3/150 Iter: 78/96 loss: 0.9409 acc: 0.6561 time 0.88s
Epoch: 3/150 Iter: 79/96 loss: 0.9478 acc: 0.6513 time 1.47s
Epoch: 3/150 Iter: 80/96 loss: 0.9478 acc: 0.6501 time 1.45s
Epoch: 3/150 Iter: 81/96 loss: 0.9465 acc: 0.6520 time 0.75s
Epoch: 3/150 Iter: 82/96 loss: 0.9521 acc: 0.6487 time 1.39s
Epoch: 3/150 Iter: 83/96 loss: 0.9489 acc: 0.6485 time 0.71s
Epoch: 3/150 Iter: 84/96 loss: 0.9551 acc: 0.6497 time 0.75s
Epoch: 3/150 Iter: 85/96 loss: 0.9480 acc: 0.6538 time 0.78s
Epoch: 3/150 Iter: 86/96 loss: 0.9527 acc: 0.6520 time 1.38s
Epoch: 3/150 Iter: 87/96 loss: 0.9568 acc: 0.6537 time 1.38s
Epoch: 3/150 Iter: 88/96 loss: 0.9528 acc: 0.6565 time 0.70s
Epoch: 3/150 Iter: 89/96 loss: 0.9488 acc: 0.6581 time 1.42s
Epoch: 3/150 Iter: 90/96 loss: 0.9481 acc: 0.6582 time 0.76s
Epoch: 3/150 Iter: 91/96 loss: 0.9508 acc: 0.6546 time 1.40s
Epoch: 3/150 Iter: 92/96 loss: 0.9538 acc: 0.6562 time 0.83s
Epoch: 3/150 Iter: 93/96 loss: 0.9512 acc: 0.6586 time 1.41s
Epoch: 3/150 Iter: 94/96 loss: 0.9528 acc: 0.6587 time 0.74s
Epoch: 3/150 Iter: 95/96 loss: 0.9573 acc: 0.6546 time 0.77s
Epoch: 3/150 Iter: 96/96 loss: 0.9546 acc: 0.6569 time 0.72s
[Train epoch 3] avg_loss=0.9546 avg_acc=0.6569 | per-class [c0: 0.722, c1: 0.000, c2: 0.694]
Final training 3/150, loss: 0.9546, time 106.88s, lr: 0.040000
Accuracy: 0.672
class                  precision    recall   specificity      f1   support
--------------------------------------------------------------------------
0                          0.690     0.722         0.692   0.706       281
1                          0.000     0.000         0.984   0.000        30
2                          0.674     0.694         0.714   0.684       265
*----------------------------------------*
0 Mon Nov 17 16:17:30 2025 Epoch: 4
Epoch: 4/150 Iter: 1/96 loss: 1.0169 acc: 0.5000 time 2.33s
Epoch: 4/150 Iter: 2/96 loss: 1.1815 acc: 0.4444 time 0.81s
Epoch: 4/150 Iter: 3/96 loss: 1.1031 acc: 0.5185 time 0.78s
Epoch: 4/150 Iter: 4/96 loss: 1.0813 acc: 0.4722 time 1.47s
Epoch: 4/150 Iter: 5/96 loss: 1.0960 acc: 0.4778 time 0.86s
Epoch: 4/150 Iter: 6/96 loss: 1.1037 acc: 0.4815 time 0.78s
Epoch: 4/150 Iter: 7/96 loss: 1.0347 acc: 0.5556 time 1.46s
Epoch: 4/150 Iter: 8/96 loss: 1.0013 acc: 0.5955 time 1.45s
Epoch: 4/150 Iter: 9/96 loss: 1.0230 acc: 0.5849 time 0.87s
Epoch: 4/150 Iter: 10/96 loss: 1.0413 acc: 0.5681 time 1.45s
Epoch: 4/150 Iter: 11/96 loss: 1.0581 acc: 0.5543 time 0.91s
Epoch: 4/150 Iter: 12/96 loss: 1.0552 acc: 0.5498 time 0.78s
Epoch: 4/150 Iter: 13/96 loss: 1.0469 acc: 0.5417 time 1.43s
Epoch: 4/150 Iter: 14/96 loss: 1.0107 acc: 0.5744 time 0.89s
Epoch: 4/150 Iter: 15/96 loss: 1.0087 acc: 0.5694 time 0.80s
Epoch: 4/150 Iter: 16/96 loss: 1.0041 acc: 0.5776 time 0.91s
Epoch: 4/150 Iter: 17/96 loss: 1.0561 acc: 0.5828 time 0.78s
Epoch: 4/150 Iter: 18/96 loss: 1.0400 acc: 0.5875 time 1.41s
Epoch: 4/150 Iter: 19/96 loss: 1.0595 acc: 0.5770 time 1.48s
Epoch: 4/150 Iter: 20/96 loss: 1.0579 acc: 0.5782 time 0.84s
Epoch: 4/150 Iter: 21/96 loss: 1.0658 acc: 0.5507 time 0.79s
Epoch: 4/150 Iter: 22/96 loss: 1.0728 acc: 0.5559 time 0.78s
Epoch: 4/150 Iter: 23/96 loss: 1.0762 acc: 0.5607 time 0.84s
Epoch: 4/150 Iter: 24/96 loss: 1.0743 acc: 0.5605 time 0.79s
Epoch: 4/150 Iter: 25/96 loss: 1.0676 acc: 0.5648 time 1.46s
Epoch: 4/150 Iter: 26/96 loss: 1.0699 acc: 0.5463 time 1.45s
Epoch: 4/150 Iter: 27/96 loss: 1.0596 acc: 0.5631 time 0.92s
Epoch: 4/150 Iter: 28/96 loss: 1.0552 acc: 0.5697 time 1.44s
Epoch: 4/150 Iter: 29/96 loss: 1.0612 acc: 0.5654 time 0.93s
Epoch: 4/150 Iter: 30/96 loss: 1.0563 acc: 0.5674 time 0.80s
Epoch: 4/150 Iter: 31/96 loss: 1.0630 acc: 0.5670 time 0.92s
Epoch: 4/150 Iter: 32/96 loss: 1.0570 acc: 0.5649 time 0.81s
Epoch: 4/150 Iter: 33/96 loss: 1.0670 acc: 0.5554 time 1.46s
Epoch: 4/150 Iter: 34/96 loss: 1.0543 acc: 0.5685 time 1.37s
Epoch: 4/150 Iter: 35/96 loss: 1.0574 acc: 0.5617 time 1.41s
Epoch: 4/150 Iter: 36/96 loss: 1.0483 acc: 0.5739 time 0.80s
Epoch: 4/150 Iter: 37/96 loss: 1.0444 acc: 0.5764 time 0.97s
Epoch: 4/150 Iter: 38/96 loss: 1.0441 acc: 0.5788 time 1.47s
Epoch: 4/150 Iter: 39/96 loss: 1.0387 acc: 0.5864 time 0.95s
Epoch: 4/150 Iter: 40/96 loss: 1.0362 acc: 0.5884 time 1.45s
Epoch: 4/150 Iter: 41/96 loss: 1.0334 acc: 0.5903 time 0.92s
Epoch: 4/150 Iter: 42/96 loss: 1.0318 acc: 0.5953 time 0.82s
Epoch: 4/150 Iter: 43/96 loss: 1.0246 acc: 0.5989 time 1.49s
Epoch: 4/150 Iter: 44/96 loss: 1.0199 acc: 0.6035 time 0.96s
Epoch: 4/150 Iter: 45/96 loss: 1.0173 acc: 0.6067 time 0.80s
Epoch: 4/150 Iter: 46/96 loss: 1.0200 acc: 0.5954 time 0.78s
Epoch: 4/150 Iter: 47/96 loss: 1.0115 acc: 0.6013 time 0.81s
Epoch: 4/150 Iter: 48/96 loss: 1.0044 acc: 0.6027 time 1.47s
Epoch: 4/150 Iter: 49/96 loss: 0.9977 acc: 0.6067 time 0.93s
Epoch: 4/150 Iter: 50/96 loss: 0.9888 acc: 0.6112 time 1.47s
Epoch: 4/150 Iter: 51/96 loss: 1.0046 acc: 0.6123 time 0.88s
Epoch: 4/150 Iter: 52/96 loss: 1.0133 acc: 0.6112 time 0.78s
Epoch: 4/150 Iter: 53/96 loss: 1.0261 acc: 0.6022 time 0.78s
Epoch: 4/150 Iter: 54/96 loss: 1.0441 acc: 0.5962 time 1.47s
Epoch: 4/150 Iter: 55/96 loss: 1.0381 acc: 0.6017 time 0.76s
Epoch: 4/150 Iter: 56/96 loss: 1.0322 acc: 0.6029 time 0.96s
Epoch: 4/150 Iter: 57/96 loss: 1.0530 acc: 0.6020 time 1.43s
Epoch: 4/150 Iter: 58/96 loss: 1.0638 acc: 0.6032 time 0.82s
Epoch: 4/150 Iter: 59/96 loss: 1.0629 acc: 0.6014 time 1.47s
Epoch: 4/150 Iter: 60/96 loss: 1.0604 acc: 0.6025 time 1.47s
Epoch: 4/150 Iter: 61/96 loss: 1.0589 acc: 0.6036 time 0.79s
Epoch: 4/150 Iter: 62/96 loss: 1.0611 acc: 0.6019 time 1.43s
Epoch: 4/150 Iter: 63/96 loss: 1.0585 acc: 0.6050 time 0.83s
Epoch: 4/150 Iter: 64/96 loss: 1.0581 acc: 0.6081 time 0.94s
Epoch: 4/150 Iter: 65/96 loss: 1.0521 acc: 0.6141 time 1.43s
Epoch: 4/150 Iter: 66/96 loss: 1.0470 acc: 0.6181 time 1.40s
Epoch: 4/150 Iter: 67/96 loss: 1.0453 acc: 0.6208 time 1.42s
Epoch: 4/150 Iter: 68/96 loss: 1.0404 acc: 0.6245 time 1.41s
Epoch: 4/150 Iter: 69/96 loss: 1.0406 acc: 0.6209 time 0.86s
Epoch: 4/150 Iter: 70/96 loss: 1.0379 acc: 0.6215 time 1.47s
Epoch: 4/150 Iter: 71/96 loss: 1.0365 acc: 0.6198 time 0.77s
Epoch: 4/150 Iter: 72/96 loss: 1.0367 acc: 0.6164 time 1.45s
Epoch: 4/150 Iter: 73/96 loss: 1.0320 acc: 0.6194 time 1.47s
Epoch: 4/150 Iter: 74/96 loss: 1.0306 acc: 0.6178 time 1.46s
Epoch: 4/150 Iter: 75/96 loss: 1.0341 acc: 0.6170 time 1.47s
Epoch: 4/150 Iter: 76/96 loss: 1.0322 acc: 0.6194 time 0.78s
Epoch: 4/150 Iter: 77/96 loss: 1.0372 acc: 0.6131 time 0.78s
Epoch: 4/150 Iter: 78/96 loss: 1.0310 acc: 0.6180 time 1.43s
Epoch: 4/150 Iter: 79/96 loss: 1.0260 acc: 0.6213 time 1.43s
Epoch: 4/150 Iter: 80/96 loss: 1.0222 acc: 0.6218 time 0.87s
Epoch: 4/150 Iter: 81/96 loss: 1.0257 acc: 0.6224 time 0.72s
Epoch: 4/150 Iter: 82/96 loss: 1.0203 acc: 0.6270 time 0.75s
Epoch: 4/150 Iter: 83/96 loss: 1.0169 acc: 0.6285 time 0.70s
Epoch: 4/150 Iter: 84/96 loss: 1.0150 acc: 0.6270 time 0.73s
Epoch: 4/150 Iter: 85/96 loss: 1.0105 acc: 0.6299 time 1.40s
Epoch: 4/150 Iter: 86/96 loss: 1.0088 acc: 0.6284 time 1.41s
Epoch: 4/150 Iter: 87/96 loss: 1.0213 acc: 0.6231 time 1.39s
Epoch: 4/150 Iter: 88/96 loss: 1.0344 acc: 0.6235 time 0.75s
Epoch: 4/150 Iter: 89/96 loss: 1.0290 acc: 0.6264 time 1.38s
Epoch: 4/150 Iter: 90/96 loss: 1.0264 acc: 0.6268 time 0.70s
Epoch: 4/150 Iter: 91/96 loss: 1.0210 acc: 0.6295 time 1.37s
Epoch: 4/150 Iter: 92/96 loss: 1.0157 acc: 0.6322 time 1.37s
Epoch: 4/150 Iter: 93/96 loss: 1.0163 acc: 0.6308 time 0.80s
Epoch: 4/150 Iter: 94/96 loss: 1.0128 acc: 0.6326 time 0.70s
Epoch: 4/150 Iter: 95/96 loss: 1.0112 acc: 0.6312 time 0.72s
Epoch: 4/150 Iter: 96/96 loss: 1.0201 acc: 0.6304 time 1.39s
[Train epoch 4] avg_loss=1.0201 avg_acc=0.6304 | per-class [c0: 0.715, c1: 0.000, c2: 0.630]
Final training 4/150, loss: 1.0201, time 105.82s, lr: 0.060000
Accuracy: 0.639
class                  precision    recall   specificity      f1   support
--------------------------------------------------------------------------
0                          0.653     0.715         0.637   0.683       281
1                          0.000     0.000         0.991   0.000        30
2                          0.635     0.630         0.691   0.633       265
*----------------------------------------*
Val 4/150 1/24, Acc: 0.2222, Loss: 36.4024, time 0.42s
Val 4/150 2/24, Acc: 0.6111, Loss: 18.3472, time 0.43s
Val 4/150 3/24, Acc: 0.5370, Loss: 12.6654, time 0.42s
Val 4/150 4/24, Acc: 0.6528, Loss: 9.5961, time 0.40s
Val 4/150 5/24, Acc: 0.7222, Loss: 7.7162, time 0.49s
Val 4/150 6/24, Acc: 0.7685, Loss: 6.4944, time 0.47s
Val 4/150 7/24, Acc: 0.7837, Loss: 6.2835, time 0.45s
Val 4/150 8/24, Acc: 0.7951, Loss: 5.5565, time 0.43s
Val 4/150 9/24, Acc: 0.7438, Loss: 5.1462, time 0.41s
Val 4/150 10/24, Acc: 0.7494, Loss: 4.6783, time 0.50s
Val 4/150 11/24, Acc: 0.7419, Loss: 4.3805, time 0.40s
Val 4/150 12/24, Acc: 0.7148, Loss: 4.0329, time 0.45s
Val 4/150 13/24, Acc: 0.7271, Loss: 3.7646, time 0.47s
Val 4/150 14/24, Acc: 0.7377, Loss: 3.5262, time 0.46s
Val 4/150 15/24, Acc: 0.7274, Loss: 3.3824, time 0.45s
Val 4/150 16/24, Acc: 0.7444, Loss: 3.1819, time 0.43s
Val 4/150 17/24, Acc: 0.7595, Loss: 3.0178, time 0.49s
Val 4/150 18/24, Acc: 0.7659, Loss: 2.8739, time 0.44s
Val 4/150 19/24, Acc: 0.7730, Loss: 2.7415, time 0.52s
Val 4/150 20/24, Acc: 0.7760, Loss: 2.6276, time 0.50s
Val 4/150 21/24, Acc: 0.7866, Loss: 2.5209, time 0.45s
Val 4/150 22/24, Acc: 0.7888, Loss: 2.5214, time 0.53s
Val 4/150 23/24, Acc: 0.7835, Loss: 2.4623, time 0.43s
Val 4/150 24/24, Acc: 0.7786, Loss: 2.4841, time 0.40s
[Val epoch 4] avg_acc=0.7786 | avg_loss=2.4841 | per-class [c0: 0.857, c1: 0.000, c2: 0.894]
Final validation 4/150, Val_acc: 0.7786, time 10.86sAccuracy: 0.826
class                  precision    recall   specificity      f1   support
--------------------------------------------------------------------------
0                          0.857     0.857         0.865   0.857        70
1                          0.000     0.000         1.000   0.000         8
2                          0.797     0.894         0.808   0.843        66
*========================================*
New best (0.774653 --> 0.778588)
Saving checkpoint outputs/OrganoidsINRIA_reduced/resnet18/2025-11-17-16-11/training/model_final.pt
Copying best model to best_model.pt
[EarlyStopping] no improve (1/40)
[EarlyStopping] no improve (1/40)
0 Mon Nov 17 16:19:36 2025 Epoch: 5
Epoch: 5/150 Iter: 1/96 loss: 0.6593 acc: 0.6250 time 2.31s
Epoch: 5/150 Iter: 2/96 loss: 0.9502 acc: 0.4125 time 1.44s
Epoch: 5/150 Iter: 3/96 loss: 0.9167 acc: 0.3861 time 0.92s
Epoch: 5/150 Iter: 4/96 loss: 1.0517 acc: 0.4285 time 0.73s
Epoch: 5/150 Iter: 5/96 loss: 0.9942 acc: 0.4761 time 1.41s
Epoch: 5/150 Iter: 6/96 loss: 0.9395 acc: 0.5426 time 1.40s
Epoch: 5/150 Iter: 7/96 loss: 0.9980 acc: 0.5206 time 0.87s
Epoch: 5/150 Iter: 8/96 loss: 1.0389 acc: 0.5042 time 0.78s
Epoch: 5/150 Iter: 9/96 loss: 1.0347 acc: 0.5037 time 1.43s
Epoch: 5/150 Iter: 10/96 loss: 1.0048 acc: 0.5408 time 0.69s
Epoch: 5/150 Iter: 11/96 loss: 0.9944 acc: 0.5371 time 0.75s
Epoch: 5/150 Iter: 12/96 loss: 1.0294 acc: 0.5016 time 0.70s
Epoch: 5/150 Iter: 13/96 loss: 1.0198 acc: 0.5143 time 0.75s
Epoch: 5/150 Iter: 14/96 loss: 1.0392 acc: 0.5073 time 1.44s
Epoch: 5/150 Iter: 15/96 loss: 1.0379 acc: 0.5069 time 0.88s
Epoch: 5/150 Iter: 16/96 loss: 1.0201 acc: 0.5299 time 0.80s
Epoch: 5/150 Iter: 17/96 loss: 1.0030 acc: 0.5428 time 0.90s
Epoch: 5/150 Iter: 18/96 loss: 0.9926 acc: 0.5497 time 0.94s
Epoch: 5/150 Iter: 19/96 loss: 1.0054 acc: 0.5412 time 1.46s
Epoch: 5/150 Iter: 20/96 loss: 1.0276 acc: 0.5225 time 0.78s
Epoch: 5/150 Iter: 21/96 loss: 1.0368 acc: 0.5241 time 0.90s
Epoch: 5/150 Iter: 22/96 loss: 1.0445 acc: 0.5230 time 0.80s
Epoch: 5/150 Iter: 23/96 loss: 1.0532 acc: 0.5244 time 0.82s
Epoch: 5/150 Iter: 24/96 loss: 1.0445 acc: 0.5199 time 1.45s
Epoch: 5/150 Iter: 25/96 loss: 1.0442 acc: 0.5224 time 0.75s
Epoch: 5/150 Iter: 26/96 loss: 1.0431 acc: 0.5109 time 1.42s
Epoch: 5/150 Iter: 27/96 loss: 1.0380 acc: 0.5244 time 0.79s
Epoch: 5/150 Iter: 28/96 loss: 1.0376 acc: 0.5215 time 1.39s
Epoch: 5/150 Iter: 29/96 loss: 1.0439 acc: 0.5208 time 0.77s
Epoch: 5/150 Iter: 30/96 loss: 1.0357 acc: 0.5368 time 0.80s
Epoch: 5/150 Iter: 31/96 loss: 1.0311 acc: 0.5436 time 0.89s
Epoch: 5/150 Iter: 32/96 loss: 1.0266 acc: 0.5516 time 1.42s
Epoch: 5/150 Iter: 33/96 loss: 1.0224 acc: 0.5592 time 0.82s
Epoch: 5/150 Iter: 34/96 loss: 1.0215 acc: 0.5633 time 0.88s
Epoch: 5/150 Iter: 35/96 loss: 1.0149 acc: 0.5701 time 1.47s
Epoch: 5/150 Iter: 36/96 loss: 1.0051 acc: 0.5774 time 0.90s
Epoch: 5/150 Iter: 37/96 loss: 0.9931 acc: 0.5861 time 0.92s
Epoch: 5/150 Iter: 38/96 loss: 0.9956 acc: 0.5773 time 1.47s
Epoch: 5/150 Iter: 39/96 loss: 0.9962 acc: 0.5849 time 0.77s
Epoch: 5/150 Iter: 40/96 loss: 1.0837 acc: 0.5753 time 1.45s
Epoch: 5/150 Iter: 41/96 loss: 1.0700 acc: 0.5856 time 0.81s
Epoch: 5/150 Iter: 42/96 loss: 1.0613 acc: 0.5925 time 0.77s
Epoch: 5/150 Iter: 43/96 loss: 1.0546 acc: 0.5991 time 1.49s
Epoch: 5/150 Iter: 44/96 loss: 1.0483 acc: 0.6082 time 0.92s
Epoch: 5/150 Iter: 45/96 loss: 1.0462 acc: 0.6095 time 1.45s
Epoch: 5/150 Iter: 46/96 loss: 1.0500 acc: 0.6044 time 0.90s
Epoch: 5/150 Iter: 47/96 loss: 1.0516 acc: 0.6057 time 1.45s
Epoch: 5/150 Iter: 48/96 loss: 1.0493 acc: 0.6070 time 0.81s
Epoch: 5/150 Iter: 49/96 loss: 1.0472 acc: 0.6099 time 1.39s
Epoch: 5/150 Iter: 50/96 loss: 1.0500 acc: 0.6088 time 0.75s
Epoch: 5/150 Iter: 51/96 loss: 1.0551 acc: 0.6034 time 0.80s
Epoch: 5/150 Iter: 52/96 loss: 1.0520 acc: 0.6046 time 0.81s
Epoch: 5/150 Iter: 53/96 loss: 1.0482 acc: 0.6074 time 1.42s
Epoch: 5/150 Iter: 54/96 loss: 1.0507 acc: 0.6064 time 1.47s
Epoch: 5/150 Iter: 55/96 loss: 1.0496 acc: 0.6075 time 0.88s
Epoch: 5/150 Iter: 56/96 loss: 1.0462 acc: 0.6110 time 0.87s
Epoch: 5/150 Iter: 57/96 loss: 1.0388 acc: 0.6156 time 1.45s
Epoch: 5/150 Iter: 58/96 loss: 1.0376 acc: 0.6201 time 0.83s
Epoch: 5/150 Iter: 59/96 loss: 1.0334 acc: 0.6244 time 1.44s
Epoch: 5/150 Iter: 60/96 loss: 1.0353 acc: 0.6265 time 0.89s
Epoch: 5/150 Iter: 61/96 loss: 1.0270 acc: 0.6306 time 0.73s
Epoch: 5/150 Iter: 62/96 loss: 1.0313 acc: 0.6293 time 1.47s
Epoch: 5/150 Iter: 63/96 loss: 1.0243 acc: 0.6332 time 0.77s
Epoch: 5/150 Iter: 64/96 loss: 1.0182 acc: 0.6370 time 0.92s
Epoch: 5/150 Iter: 65/96 loss: 1.0139 acc: 0.6395 time 0.80s
Epoch: 5/150 Iter: 66/96 loss: 1.0345 acc: 0.6357 time 1.49s
Epoch: 5/150 Iter: 67/96 loss: 1.0355 acc: 0.6337 time 0.76s
Epoch: 5/150 Iter: 68/96 loss: 1.0321 acc: 0.6362 time 0.77s
Epoch: 5/150 Iter: 69/96 loss: 1.0355 acc: 0.6350 time 1.43s
Epoch: 5/150 Iter: 70/96 loss: 1.0349 acc: 0.6331 time 0.88s
Epoch: 5/150 Iter: 71/96 loss: 1.0300 acc: 0.6312 time 1.42s
Epoch: 5/150 Iter: 72/96 loss: 1.0352 acc: 0.6270 time 1.44s
Epoch: 5/150 Iter: 73/96 loss: 1.0401 acc: 0.6230 time 0.77s
Epoch: 5/150 Iter: 74/96 loss: 1.0440 acc: 0.6191 time 0.77s
Epoch: 5/150 Iter: 75/96 loss: 1.0430 acc: 0.6175 time 1.43s
Epoch: 5/150 Iter: 76/96 loss: 1.0408 acc: 0.6160 time 1.48s
Epoch: 5/150 Iter: 77/96 loss: 1.0438 acc: 0.6145 time 0.89s
Epoch: 5/150 Iter: 78/96 loss: 1.0463 acc: 0.6130 time 0.82s
Epoch: 5/150 Iter: 79/96 loss: 1.0424 acc: 0.6116 time 0.72s
Epoch: 5/150 Iter: 80/96 loss: 1.0397 acc: 0.6102 time 0.85s
Epoch: 5/150 Iter: 81/96 loss: 1.0384 acc: 0.6088 time 0.78s
Epoch: 5/150 Iter: 82/96 loss: 1.0369 acc: 0.6075 time 1.44s
Epoch: 5/150 Iter: 83/96 loss: 1.0338 acc: 0.6077 time 0.88s
Epoch: 5/150 Iter: 84/96 loss: 1.0358 acc: 0.6084 time 0.78s
Epoch: 5/150 Iter: 85/96 loss: 1.0329 acc: 0.6115 time 1.39s
Epoch: 5/150 Iter: 86/96 loss: 1.0305 acc: 0.6122 time 1.44s
Epoch: 5/150 Iter: 87/96 loss: 1.0282 acc: 0.6143 time 0.75s
Epoch: 5/150 Iter: 88/96 loss: 1.0262 acc: 0.6149 time 1.39s
Epoch: 5/150 Iter: 89/96 loss: 1.0247 acc: 0.6155 time 0.88s
Epoch: 5/150 Iter: 90/96 loss: 1.0273 acc: 0.6161 time 1.39s
Epoch: 5/150 Iter: 91/96 loss: 1.0248 acc: 0.6181 time 0.71s
Epoch: 5/150 Iter: 92/96 loss: 1.0227 acc: 0.6186 time 0.71s
Epoch: 5/150 Iter: 93/96 loss: 1.0280 acc: 0.6180 time 1.38s
Epoch: 5/150 Iter: 94/96 loss: 1.0274 acc: 0.6199 time 1.39s
Epoch: 5/150 Iter: 95/96 loss: 1.0236 acc: 0.6218 time 0.87s
Epoch: 5/150 Iter: 96/96 loss: 1.0290 acc: 0.6182 time 0.71s
[Train epoch 5] avg_loss=1.0290 avg_acc=0.6182 | per-class [c0: 0.636, c1: 0.000, c2: 0.707]
Final training 5/150, loss: 1.0290, time 101.46s, lr: 0.080000
Accuracy: 0.635
class                  precision    recall   specificity      f1   support
--------------------------------------------------------------------------
0                          0.677     0.636         0.713   0.656       280
1                          0.000     0.000         0.996   0.000        30
2                          0.605     0.707         0.603   0.652       266
*----------------------------------------*
0 Mon Nov 17 16:21:17 2025 Epoch: 6
Epoch: 6/150 Iter: 1/96 loss: 0.6776 acc: 0.8750 time 2.28s
Epoch: 6/150 Iter: 2/96 loss: 0.6804 acc: 0.8750 time 0.86s
Epoch: 6/150 Iter: 3/96 loss: 0.9059 acc: 0.7685 time 1.50s
Epoch: 6/150 Iter: 4/96 loss: 0.8533 acc: 0.7951 time 0.87s
Epoch: 6/150 Iter: 5/96 loss: 0.8482 acc: 0.7694 time 1.50s
Epoch: 6/150 Iter: 6/96 loss: 0.8600 acc: 0.6829 time 0.88s
Epoch: 6/150 Iter: 7/96 loss: 0.8442 acc: 0.7103 time 1.38s
Epoch: 6/150 Iter: 8/96 loss: 0.8462 acc: 0.6997 time 0.79s
Epoch: 6/150 Iter: 9/96 loss: 0.8470 acc: 0.6960 time 1.46s
Epoch: 6/150 Iter: 10/96 loss: 0.8579 acc: 0.6964 time 1.47s
Epoch: 6/150 Iter: 11/96 loss: 0.8668 acc: 0.7058 time 0.81s
Epoch: 6/150 Iter: 12/96 loss: 0.8600 acc: 0.7025 time 0.87s
Epoch: 6/150 Iter: 13/96 loss: 0.8545 acc: 0.6998 time 0.90s
Epoch: 6/150 Iter: 14/96 loss: 0.8477 acc: 0.6974 time 0.78s
Epoch: 6/150 Iter: 15/96 loss: 0.8280 acc: 0.7176 time 1.47s
Epoch: 6/150 Iter: 16/96 loss: 0.7981 acc: 0.7352 time 0.88s
Epoch: 6/150 Iter: 17/96 loss: 0.7825 acc: 0.7391 time 1.46s
Epoch: 6/150 Iter: 18/96 loss: 0.7961 acc: 0.7258 time 0.93s
Epoch: 6/150 Iter: 19/96 loss: 0.8472 acc: 0.7080 time 0.91s
Epoch: 6/150 Iter: 20/96 loss: 0.8451 acc: 0.6976 time 1.44s
Epoch: 6/150 Iter: 21/96 loss: 0.8618 acc: 0.7001 time 0.88s
Epoch: 6/150 Iter: 22/96 loss: 0.9281 acc: 0.6910 time 0.79s
Epoch: 6/150 Iter: 23/96 loss: 0.9160 acc: 0.6972 time 1.43s
Epoch: 6/150 Iter: 24/96 loss: 0.9046 acc: 0.7057 time 0.79s
Epoch: 6/150 Iter: 25/96 loss: 0.9390 acc: 0.6886 time 0.79s
Epoch: 6/150 Iter: 26/96 loss: 0.9330 acc: 0.6928 time 1.45s
Epoch: 6/150 Iter: 27/96 loss: 0.9527 acc: 0.6919 time 0.82s
Epoch: 6/150 Iter: 28/96 loss: 0.9627 acc: 0.6870 time 0.91s
Epoch: 6/150 Iter: 29/96 loss: 0.9584 acc: 0.6935 time 0.86s
Epoch: 6/150 Iter: 30/96 loss: 0.9562 acc: 0.6954 time 0.86s
Epoch: 6/150 Iter: 31/96 loss: 0.9645 acc: 0.6729 time 1.40s
Epoch: 6/150 Iter: 32/96 loss: 0.9770 acc: 0.6545 time 0.92s
Epoch: 6/150 Iter: 33/96 loss: 0.9900 acc: 0.6397 time 0.89s
Epoch: 6/150 Iter: 34/96 loss: 0.9972 acc: 0.6356 time 1.49s
Epoch: 6/150 Iter: 35/96 loss: 1.0107 acc: 0.6286 time 0.94s
Epoch: 6/150 Iter: 36/96 loss: 1.0023 acc: 0.6389 time 0.90s
Epoch: 6/150 Iter: 37/96 loss: 1.0158 acc: 0.6351 time 1.44s
Epoch: 6/150 Iter: 38/96 loss: 1.0132 acc: 0.6250 time 0.79s
Epoch: 6/150 Iter: 39/96 loss: 1.0060 acc: 0.6314 time 1.45s
Epoch: 6/150 Iter: 40/96 loss: 0.9996 acc: 0.6356 time 0.77s
Epoch: 6/150 Iter: 41/96 loss: 0.9953 acc: 0.6364 time 1.41s
Epoch: 6/150 Iter: 42/96 loss: 0.9899 acc: 0.6421 time 1.48s
Epoch: 6/150 Iter: 43/96 loss: 0.9805 acc: 0.6465 time 0.85s
Epoch: 6/150 Iter: 44/96 loss: 0.9908 acc: 0.6444 time 0.93s
Epoch: 6/150 Iter: 45/96 loss: 1.0043 acc: 0.6425 time 0.89s
Epoch: 6/150 Iter: 46/96 loss: 0.9987 acc: 0.6459 time 0.96s
Epoch: 6/150 Iter: 47/96 loss: 0.9953 acc: 0.6428 time 1.45s
Epoch: 6/150 Iter: 48/96 loss: 1.0004 acc: 0.6346 time 1.42s
Epoch: 6/150 Iter: 49/96 loss: 0.9972 acc: 0.6353 time 0.79s
Epoch: 6/150 Iter: 50/96 loss: 0.9912 acc: 0.6401 time 0.94s
Epoch: 6/150 Iter: 51/96 loss: 0.9840 acc: 0.6447 time 0.97s
Epoch: 6/150 Iter: 52/96 loss: 0.9739 acc: 0.6515 time 1.41s
Epoch: 6/150 Iter: 53/96 loss: 0.9758 acc: 0.6486 time 1.45s
Epoch: 6/150 Iter: 54/96 loss: 0.9861 acc: 0.6403 time 0.87s
Epoch: 6/150 Iter: 55/96 loss: 0.9906 acc: 0.6323 time 1.45s
Epoch: 6/150 Iter: 56/96 loss: 0.9858 acc: 0.6359 time 1.47s
Epoch: 6/150 Iter: 57/96 loss: 0.9871 acc: 0.6365 time 1.50s
Epoch: 6/150 Iter: 58/96 loss: 0.9810 acc: 0.6406 time 0.87s
Epoch: 6/150 Iter: 59/96 loss: 0.9725 acc: 0.6467 time 0.89s
Epoch: 6/150 Iter: 60/96 loss: 0.9800 acc: 0.6470 time 1.49s
Epoch: 6/150 Iter: 61/96 loss: 0.9779 acc: 0.6446 time 0.90s
Epoch: 6/150 Iter: 62/96 loss: 0.9761 acc: 0.6422 time 0.80s
Epoch: 6/150 Iter: 63/96 loss: 0.9741 acc: 0.6448 time 0.87s
Epoch: 6/150 Iter: 64/96 loss: 0.9783 acc: 0.6416 time 0.80s
Epoch: 6/150 Iter: 65/96 loss: 0.9873 acc: 0.6382 time 0.79s
Epoch: 6/150 Iter: 66/96 loss: 0.9935 acc: 0.6348 time 1.49s
Epoch: 6/150 Iter: 67/96 loss: 0.9903 acc: 0.6384 time 0.81s
Epoch: 6/150 Iter: 68/96 loss: 0.9976 acc: 0.6372 time 0.79s
Epoch: 6/150 Iter: 69/96 loss: 0.9943 acc: 0.6352 time 0.90s
Epoch: 6/150 Iter: 70/96 loss: 0.9932 acc: 0.6321 time 0.95s
Epoch: 6/150 Iter: 71/96 loss: 0.9919 acc: 0.6267 time 0.82s
Epoch: 6/150 Iter: 72/96 loss: 0.9925 acc: 0.6257 time 0.90s
Epoch: 6/150 Iter: 73/96 loss: 0.9951 acc: 0.6189 time 1.47s
Epoch: 6/150 Iter: 74/96 loss: 0.9985 acc: 0.6173 time 0.81s
Epoch: 6/150 Iter: 75/96 loss: 0.9950 acc: 0.6180 time 1.46s
Epoch: 6/150 Iter: 76/96 loss: 0.9944 acc: 0.6172 time 0.84s
Epoch: 6/150 Iter: 77/96 loss: 0.9928 acc: 0.6178 time 1.44s
Epoch: 6/150 Iter: 78/96 loss: 0.9962 acc: 0.6170 time 1.45s
Epoch: 6/150 Iter: 79/96 loss: 1.0012 acc: 0.6181 time 1.47s
Epoch: 6/150 Iter: 80/96 loss: 1.0010 acc: 0.6124 time 0.74s
Epoch: 6/150 Iter: 81/96 loss: 0.9984 acc: 0.6110 time 0.76s
Epoch: 6/150 Iter: 82/96 loss: 0.9973 acc: 0.6097 time 0.78s
Epoch: 6/150 Iter: 83/96 loss: 0.9955 acc: 0.6084 time 0.75s
Epoch: 6/150 Iter: 84/96 loss: 0.9913 acc: 0.6059 time 0.89s
Epoch: 6/150 Iter: 85/96 loss: 1.0069 acc: 0.6027 time 0.70s
Epoch: 6/150 Iter: 86/96 loss: 1.0161 acc: 0.5995 time 0.72s
Epoch: 6/150 Iter: 87/96 loss: 1.0103 acc: 0.6042 time 0.71s
Epoch: 6/150 Iter: 88/96 loss: 1.0111 acc: 0.6030 time 1.41s
Epoch: 6/150 Iter: 89/96 loss: 1.0096 acc: 0.6018 time 1.40s
Epoch: 6/150 Iter: 90/96 loss: 1.0168 acc: 0.5988 time 1.39s
Epoch: 6/150 Iter: 91/96 loss: 1.0147 acc: 0.5996 time 1.38s
Epoch: 6/150 Iter: 92/96 loss: 1.0143 acc: 0.5971 time 0.77s
Epoch: 6/150 Iter: 93/96 loss: 1.0166 acc: 0.5967 time 1.37s
Epoch: 6/150 Iter: 94/96 loss: 1.0143 acc: 0.5992 time 1.36s
Epoch: 6/150 Iter: 95/96 loss: 1.0123 acc: 0.5999 time 0.78s
Epoch: 6/150 Iter: 96/96 loss: 1.0117 acc: 0.6020 time 1.46s
[Train epoch 6] avg_loss=1.0117 avg_acc=0.6020 | per-class [c0: 0.587, c1: 0.033, c2: 0.709]
Final training 6/150, loss: 1.0117, time 104.66s, lr: 0.080000
Accuracy: 0.615
class                  precision    recall   specificity      f1   support
--------------------------------------------------------------------------
0                          0.679     0.587         0.736   0.630       281
1                          0.038     0.033         0.954   0.036        30
2                          0.612     0.709         0.617   0.657       265
*----------------------------------------*
Val 6/150 1/24, Acc: 0.2222, Loss: 12.8985, time 0.43s
Val 6/150 2/24, Acc: 0.6111, Loss: 6.6171, time 0.46s
Val 6/150 3/24, Acc: 0.5741, Loss: 4.8156, time 0.42s
Val 6/150 4/24, Acc: 0.6806, Loss: 3.7521, time 0.43s
Val 6/150 5/24, Acc: 0.7444, Loss: 3.0581, time 0.50s
Val 6/150 6/24, Acc: 0.7870, Loss: 2.6308, time 0.49s
Val 6/150 7/24, Acc: 0.7996, Loss: 2.4639, time 0.43s
Val 6/150 8/24, Acc: 0.8247, Loss: 2.2174, time 0.46s
Val 6/150 9/24, Acc: 0.7701, Loss: 2.0662, time 0.42s
Val 6/150 10/24, Acc: 0.7831, Loss: 1.9193, time 0.61s
Val 6/150 11/24, Acc: 0.7725, Loss: 1.8606, time 0.47s
Val 6/150 12/24, Acc: 0.7428, Loss: 1.7339, time 0.55s
Val 6/150 13/24, Acc: 0.7434, Loss: 1.6535, time 0.54s
Val 6/150 14/24, Acc: 0.7528, Loss: 1.5745, time 0.53s
Val 6/150 15/24, Acc: 0.7415, Loss: 1.5482, time 0.52s
Val 6/150 16/24, Acc: 0.7576, Loss: 1.4671, time 0.49s
Val 6/150 17/24, Acc: 0.7719, Loss: 1.4069, time 0.52s
Val 6/150 18/24, Acc: 0.7776, Loss: 1.3668, time 0.46s
Val 6/150 19/24, Acc: 0.7788, Loss: 1.3231, time 0.46s
Val 6/150 20/24, Acc: 0.7815, Loss: 1.2846, time 0.48s
Val 6/150 21/24, Acc: 0.7919, Loss: 1.2445, time 0.46s
Val 6/150 22/24, Acc: 0.7862, Loss: 1.2445, time 0.59s
Val 6/150 23/24, Acc: 0.7810, Loss: 1.2371, time 0.39s
Val 6/150 24/24, Acc: 0.7763, Loss: 1.2150, time 0.42s
[Val epoch 6] avg_acc=0.7763 | avg_loss=1.2150 | per-class [c0: 0.829, c1: 0.000, c2: 0.939]
Final validation 6/150, Val_acc: 0.7763, time 11.53sAccuracy: 0.833
class                  precision    recall   specificity      f1   support
--------------------------------------------------------------------------
0                          0.892     0.829         0.905   0.859        70
1                          0.000     0.000         1.000   0.000         8
2                          0.785     0.939         0.782   0.855        66
*========================================*
Saving checkpoint outputs/OrganoidsINRIA_reduced/resnet18/2025-11-17-16-11/training/model_final.pt
[EarlyStopping] no improve (2/40)
[EarlyStopping] no improve (2/40)
0 Mon Nov 17 16:23:18 2025 Epoch: 7
Epoch: 7/150 Iter: 1/96 loss: 1.1228 acc: 0.6667 time 1.93s
Epoch: 7/150 Iter: 2/96 loss: 1.0653 acc: 0.6458 time 0.81s
Epoch: 7/150 Iter: 3/96 loss: 1.0825 acc: 0.5787 time 0.79s
Epoch: 7/150 Iter: 4/96 loss: 0.9970 acc: 0.6340 time 1.44s
Epoch: 7/150 Iter: 5/96 loss: 1.0147 acc: 0.6406 time 1.39s
Epoch: 7/150 Iter: 6/96 loss: 0.9630 acc: 0.6796 time 0.85s
Epoch: 7/150 Iter: 7/96 loss: 0.9858 acc: 0.6361 time 1.45s
Epoch: 7/150 Iter: 8/96 loss: 0.9003 acc: 0.6816 time 0.77s
Epoch: 7/150 Iter: 9/96 loss: 0.8547 acc: 0.7031 time 1.44s
Epoch: 7/150 Iter: 10/96 loss: 0.9716 acc: 0.6717 time 0.77s
Epoch: 7/150 Iter: 11/96 loss: 0.9334 acc: 0.6833 time 1.42s
Epoch: 7/150 Iter: 12/96 loss: 0.9295 acc: 0.6993 time 0.81s
Epoch: 7/150 Iter: 13/96 loss: 0.9247 acc: 0.6968 time 1.48s
Epoch: 7/150 Iter: 14/96 loss: 0.9737 acc: 0.6946 time 1.42s
Epoch: 7/150 Iter: 15/96 loss: 0.9699 acc: 0.7017 time 1.46s
Epoch: 7/150 Iter: 16/96 loss: 0.9585 acc: 0.6891 time 1.40s
Epoch: 7/150 Iter: 17/96 loss: 0.9815 acc: 0.6779 time 0.96s
Epoch: 7/150 Iter: 18/96 loss: 0.9711 acc: 0.6773 time 0.88s
Epoch: 7/150 Iter: 19/96 loss: 0.9635 acc: 0.6768 time 0.87s
Epoch: 7/150 Iter: 20/96 loss: 0.9746 acc: 0.6596 time 0.79s
Epoch: 7/150 Iter: 21/96 loss: 0.9760 acc: 0.6440 time 1.43s
Epoch: 7/150 Iter: 22/96 loss: 0.9828 acc: 0.6375 time 0.76s
Epoch: 7/150 Iter: 23/96 loss: 0.9803 acc: 0.6436 time 0.74s
Epoch: 7/150 Iter: 24/96 loss: 0.9793 acc: 0.6307 time 1.45s
Epoch: 7/150 Iter: 25/96 loss: 0.9688 acc: 0.6321 time 0.91s
Epoch: 7/150 Iter: 26/96 loss: 0.9770 acc: 0.6249 time 1.44s
Epoch: 7/150 Iter: 27/96 loss: 0.9749 acc: 0.6172 time 1.41s
Epoch: 7/150 Iter: 28/96 loss: 0.9675 acc: 0.6150 time 0.89s
Epoch: 7/150 Iter: 29/96 loss: 0.9635 acc: 0.6091 time 0.80s
Epoch: 7/150 Iter: 30/96 loss: 0.9616 acc: 0.5999 time 0.76s
Epoch: 7/150 Iter: 31/96 loss: 0.9692 acc: 0.6064 time 0.77s
Epoch: 7/150 Iter: 32/96 loss: 0.9722 acc: 0.6069 time 1.44s
Epoch: 7/150 Iter: 33/96 loss: 0.9797 acc: 0.6098 time 0.86s
Epoch: 7/150 Iter: 34/96 loss: 1.0394 acc: 0.6082 time 0.79s
Epoch: 7/150 Iter: 35/96 loss: 1.0239 acc: 0.6194 time 0.80s
Epoch: 7/150 Iter: 36/96 loss: 1.0159 acc: 0.6265 time 1.46s
Epoch: 7/150 Iter: 37/96 loss: 1.0039 acc: 0.6366 time 0.81s
Epoch: 7/150 Iter: 38/96 loss: 1.0152 acc: 0.6300 time 1.43s
Epoch: 7/150 Iter: 39/96 loss: 1.0129 acc: 0.6299 time 0.81s
Epoch: 7/150 Iter: 40/96 loss: 1.0192 acc: 0.6288 time 0.82s
Epoch: 7/150 Iter: 41/96 loss: 1.0159 acc: 0.6329 time 0.85s
Epoch: 7/150 Iter: 42/96 loss: 1.0151 acc: 0.6298 time 0.77s
Epoch: 7/150 Iter: 43/96 loss: 1.0151 acc: 0.6306 time 0.81s
Epoch: 7/150 Iter: 44/96 loss: 1.0090 acc: 0.6345 time 0.77s
Epoch: 7/150 Iter: 45/96 loss: 1.0167 acc: 0.6352 time 0.87s
Epoch: 7/150 Iter: 46/96 loss: 1.0131 acc: 0.6359 time 1.50s
Epoch: 7/150 Iter: 47/96 loss: 1.0080 acc: 0.6410 time 0.86s
Epoch: 7/150 Iter: 48/96 loss: 1.0043 acc: 0.6415 time 0.87s
Epoch: 7/150 Iter: 49/96 loss: 1.0012 acc: 0.6420 time 0.93s
Epoch: 7/150 Iter: 50/96 loss: 1.0016 acc: 0.6425 time 0.75s
Epoch: 7/150 Iter: 51/96 loss: 1.0053 acc: 0.6375 time 0.95s
Epoch: 7/150 Iter: 52/96 loss: 1.0004 acc: 0.6397 time 1.46s
Epoch: 7/150 Iter: 53/96 loss: 0.9970 acc: 0.6402 time 0.86s
Epoch: 7/150 Iter: 54/96 loss: 0.9876 acc: 0.6469 time 0.93s
Epoch: 7/150 Iter: 55/96 loss: 0.9801 acc: 0.6533 time 1.46s
Epoch: 7/150 Iter: 56/96 loss: 0.9826 acc: 0.6505 time 0.80s
Epoch: 7/150 Iter: 57/96 loss: 0.9778 acc: 0.6545 time 0.82s
Epoch: 7/150 Iter: 58/96 loss: 0.9759 acc: 0.6570 time 0.89s
Epoch: 7/150 Iter: 59/96 loss: 0.9742 acc: 0.6572 time 0.89s
Epoch: 7/150 Iter: 60/96 loss: 0.9771 acc: 0.6573 time 0.80s
Epoch: 7/150 Iter: 61/96 loss: 0.9791 acc: 0.6575 time 0.75s
Epoch: 7/150 Iter: 62/96 loss: 0.9770 acc: 0.6549 time 0.81s
Epoch: 7/150 Iter: 63/96 loss: 0.9746 acc: 0.6584 time 0.92s
Epoch: 7/150 Iter: 64/96 loss: 0.9650 acc: 0.6638 time 0.81s
Epoch: 7/150 Iter: 65/96 loss: 0.9715 acc: 0.6638 time 1.42s
Epoch: 7/150 Iter: 66/96 loss: 0.9715 acc: 0.6638 time 1.42s
Epoch: 7/150 Iter: 67/96 loss: 0.9690 acc: 0.6659 time 0.74s
Epoch: 7/150 Iter: 68/96 loss: 0.9660 acc: 0.6659 time 0.92s
Epoch: 7/150 Iter: 69/96 loss: 0.9580 acc: 0.6643 time 0.87s
Epoch: 7/150 Iter: 70/96 loss: 0.9580 acc: 0.6619 time 0.78s
Epoch: 7/150 Iter: 71/96 loss: 0.9677 acc: 0.6545 time 0.86s
Epoch: 7/150 Iter: 72/96 loss: 0.9608 acc: 0.6531 time 0.77s
Epoch: 7/150 Iter: 73/96 loss: 0.9532 acc: 0.6518 time 0.76s
Epoch: 7/150 Iter: 74/96 loss: 0.9530 acc: 0.6520 time 1.47s
Epoch: 7/150 Iter: 75/96 loss: 0.9455 acc: 0.6566 time 1.42s
Epoch: 7/150 Iter: 76/96 loss: 0.9448 acc: 0.6546 time 0.77s
Epoch: 7/150 Iter: 77/96 loss: 0.9392 acc: 0.6574 time 1.42s
Epoch: 7/150 Iter: 78/96 loss: 0.9489 acc: 0.6526 time 1.47s
Epoch: 7/150 Iter: 79/96 loss: 0.9429 acc: 0.6554 time 0.77s
Epoch: 7/150 Iter: 80/96 loss: 0.9496 acc: 0.6545 time 0.88s
Epoch: 7/150 Iter: 81/96 loss: 0.9588 acc: 0.6526 time 1.46s
Epoch: 7/150 Iter: 82/96 loss: 0.9576 acc: 0.6538 time 0.77s
Epoch: 7/150 Iter: 83/96 loss: 0.9560 acc: 0.6543 time 0.70s
Epoch: 7/150 Iter: 84/96 loss: 0.9498 acc: 0.6584 time 0.70s
Epoch: 7/150 Iter: 85/96 loss: 0.9502 acc: 0.6566 time 0.69s
Epoch: 7/150 Iter: 86/96 loss: 0.9487 acc: 0.6567 time 0.81s
Epoch: 7/150 Iter: 87/96 loss: 0.9412 acc: 0.6606 time 1.44s
Epoch: 7/150 Iter: 88/96 loss: 0.9444 acc: 0.6594 time 0.69s
Epoch: 7/150 Iter: 89/96 loss: 0.9397 acc: 0.6619 time 1.39s
Epoch: 7/150 Iter: 90/96 loss: 0.9445 acc: 0.6601 time 0.85s
Epoch: 7/150 Iter: 91/96 loss: 0.9405 acc: 0.6624 time 0.70s
Epoch: 7/150 Iter: 92/96 loss: 0.9419 acc: 0.6613 time 1.41s
Epoch: 7/150 Iter: 93/96 loss: 0.9492 acc: 0.6582 time 0.69s
Epoch: 7/150 Iter: 94/96 loss: 0.9496 acc: 0.6565 time 0.70s
Epoch: 7/150 Iter: 95/96 loss: 0.9550 acc: 0.6519 time 0.79s
Epoch: 7/150 Iter: 96/96 loss: 0.9517 acc: 0.6543 time 1.44s
[Train epoch 7] avg_loss=0.9517 avg_acc=0.6543 | per-class [c0: 0.675, c1: 0.067, c2: 0.744]
Final training 7/150, loss: 0.9517, time 97.90s, lr: 0.079991
Accuracy: 0.675
class                  precision    recall   specificity      f1   support
--------------------------------------------------------------------------
0                          0.700     0.675         0.726   0.687       280
1                          0.100     0.067         0.967   0.080        30
2                          0.692     0.744         0.716   0.717       266
*----------------------------------------*
0 Mon Nov 17 16:24:56 2025 Epoch: 8
Epoch: 8/150 Iter: 1/96 loss: 1.3434 acc: 0.4444 time 2.12s
Epoch: 8/150 Iter: 2/96 loss: 1.1086 acc: 0.4722 time 0.81s
Epoch: 8/150 Iter: 3/96 loss: 0.9628 acc: 0.4481 time 0.77s
Epoch: 8/150 Iter: 4/96 loss: 1.0642 acc: 0.3361 time 0.86s
Epoch: 8/150 Iter: 5/96 loss: 0.9597 acc: 0.4689 time 1.49s
Epoch: 8/150 Iter: 6/96 loss: 0.9352 acc: 0.4741 time 0.92s
Epoch: 8/150 Iter: 7/96 loss: 0.9751 acc: 0.4778 time 0.87s
Epoch: 8/150 Iter: 8/96 loss: 0.9886 acc: 0.4597 time 0.89s
Epoch: 8/150 Iter: 9/96 loss: 0.9847 acc: 0.4753 time 1.39s
Epoch: 8/150 Iter: 10/96 loss: 1.0312 acc: 0.4694 time 0.80s
Epoch: 8/150 Iter: 11/96 loss: 1.0185 acc: 0.4995 time 1.48s
Epoch: 8/150 Iter: 12/96 loss: 0.9982 acc: 0.5308 time 0.90s
Epoch: 8/150 Iter: 13/96 loss: 1.0004 acc: 0.5515 time 1.49s
Epoch: 8/150 Iter: 14/96 loss: 0.9792 acc: 0.5746 time 1.47s
Epoch: 8/150 Iter: 15/96 loss: 0.9523 acc: 0.5946 time 1.45s
Epoch: 8/150 Iter: 16/96 loss: 0.9201 acc: 0.6122 time 1.48s
Epoch: 8/150 Iter: 17/96 loss: 0.9225 acc: 0.6056 time 1.48s
Epoch: 8/150 Iter: 18/96 loss: 0.9169 acc: 0.6090 time 1.41s
Epoch: 8/150 Iter: 19/96 loss: 0.8990 acc: 0.6230 time 0.81s
Epoch: 8/150 Iter: 20/96 loss: 0.8991 acc: 0.6043 time 1.44s
Epoch: 8/150 Iter: 21/96 loss: 0.9002 acc: 0.6136 time 1.39s
Epoch: 8/150 Iter: 22/96 loss: 0.8868 acc: 0.6255 time 1.44s
Epoch: 8/150 Iter: 23/96 loss: 0.8773 acc: 0.6273 time 0.93s
Epoch: 8/150 Iter: 24/96 loss: 0.8689 acc: 0.6324 time 1.48s
Epoch: 8/150 Iter: 25/96 loss: 0.8914 acc: 0.6204 time 0.82s
Epoch: 8/150 Iter: 26/96 loss: 0.8866 acc: 0.6158 time 0.78s
Epoch: 8/150 Iter: 27/96 loss: 0.8888 acc: 0.6115 time 1.46s
Epoch: 8/150 Iter: 28/96 loss: 0.8854 acc: 0.6016 time 1.44s
Epoch: 8/150 Iter: 29/96 loss: 0.8805 acc: 0.6038 time 1.46s
Epoch: 8/150 Iter: 30/96 loss: 0.8749 acc: 0.6104 time 1.45s
Epoch: 8/150 Iter: 31/96 loss: 0.8765 acc: 0.6068 time 0.86s
Epoch: 8/150 Iter: 32/96 loss: 0.9019 acc: 0.6052 time 1.47s
Epoch: 8/150 Iter: 33/96 loss: 0.8865 acc: 0.6172 time 0.78s
Epoch: 8/150 Iter: 34/96 loss: 0.8723 acc: 0.6284 time 0.94s
Epoch: 8/150 Iter: 35/96 loss: 0.8599 acc: 0.6343 time 1.50s
Epoch: 8/150 Iter: 36/96 loss: 0.8653 acc: 0.6306 time 1.48s
Epoch: 8/150 Iter: 37/96 loss: 0.8694 acc: 0.6351 time 0.87s
Epoch: 8/150 Iter: 38/96 loss: 0.9283 acc: 0.6330 time 0.78s
Epoch: 8/150 Iter: 39/96 loss: 0.9185 acc: 0.6392 time 0.76s
Epoch: 8/150 Iter: 40/96 loss: 0.9320 acc: 0.6378 time 0.90s
Epoch: 8/150 Iter: 41/96 loss: 0.9399 acc: 0.6386 time 1.46s
Epoch: 8/150 Iter: 42/96 loss: 0.9354 acc: 0.6392 time 1.43s
Epoch: 8/150 Iter: 43/96 loss: 0.9360 acc: 0.6379 time 1.42s
Epoch: 8/150 Iter: 44/96 loss: 0.9311 acc: 0.6433 time 1.45s
Epoch: 8/150 Iter: 45/96 loss: 0.9296 acc: 0.6468 time 0.76s
Epoch: 8/150 Iter: 46/96 loss: 0.9340 acc: 0.6351 time 1.43s
Epoch: 8/150 Iter: 47/96 loss: 0.9379 acc: 0.6335 time 1.44s
Epoch: 8/150 Iter: 48/96 loss: 0.9354 acc: 0.6385 time 1.42s
Epoch: 8/150 Iter: 49/96 loss: 0.9375 acc: 0.6323 time 0.95s
Epoch: 8/150 Iter: 50/96 loss: 0.9315 acc: 0.6396 time 1.40s
Epoch: 8/150 Iter: 51/96 loss: 0.9364 acc: 0.6369 time 0.74s
Epoch: 8/150 Iter: 52/96 loss: 0.9445 acc: 0.6358 time 0.80s
Epoch: 8/150 Iter: 53/96 loss: 0.9579 acc: 0.6301 time 0.79s
Epoch: 8/150 Iter: 54/96 loss: 0.9535 acc: 0.6333 time 0.80s
Epoch: 8/150 Iter: 55/96 loss: 0.9543 acc: 0.6298 time 0.90s
Epoch: 8/150 Iter: 56/96 loss: 0.9515 acc: 0.6269 time 1.43s
Epoch: 8/150 Iter: 57/96 loss: 0.9456 acc: 0.6262 time 0.78s
Epoch: 8/150 Iter: 58/96 loss: 0.9491 acc: 0.6211 time 0.81s
Epoch: 8/150 Iter: 59/96 loss: 0.9471 acc: 0.6177 time 1.47s
Epoch: 8/150 Iter: 60/96 loss: 0.9528 acc: 0.6185 time 1.46s
Epoch: 8/150 Iter: 61/96 loss: 0.9579 acc: 0.6179 time 1.42s
Epoch: 8/150 Iter: 62/96 loss: 0.9654 acc: 0.6120 time 0.76s
Epoch: 8/150 Iter: 63/96 loss: 0.9672 acc: 0.6149 time 0.85s
Epoch: 8/150 Iter: 64/96 loss: 0.9660 acc: 0.6118 time 0.77s
Epoch: 8/150 Iter: 65/96 loss: 0.9668 acc: 0.6076 time 1.40s
Epoch: 8/150 Iter: 66/96 loss: 0.9643 acc: 0.6059 time 1.42s
Epoch: 8/150 Iter: 67/96 loss: 0.9632 acc: 0.6052 time 1.40s
Epoch: 8/150 Iter: 68/96 loss: 0.9614 acc: 0.6080 time 1.45s
Epoch: 8/150 Iter: 69/96 loss: 0.9628 acc: 0.6041 time 0.78s
Epoch: 8/150 Iter: 70/96 loss: 0.9587 acc: 0.6079 time 0.77s
Epoch: 8/150 Iter: 71/96 loss: 0.9534 acc: 0.6135 time 0.77s
Epoch: 8/150 Iter: 72/96 loss: 0.9500 acc: 0.6171 time 0.81s
Epoch: 8/150 Iter: 73/96 loss: 0.9479 acc: 0.6178 time 0.83s
Epoch: 8/150 Iter: 74/96 loss: 0.9521 acc: 0.6184 time 0.84s
Epoch: 8/150 Iter: 75/96 loss: 0.9473 acc: 0.6191 time 1.44s
Epoch: 8/150 Iter: 76/96 loss: 0.9489 acc: 0.6197 time 0.89s
Epoch: 8/150 Iter: 77/96 loss: 0.9535 acc: 0.6192 time 1.45s
Epoch: 8/150 Iter: 78/96 loss: 0.9497 acc: 0.6220 time 1.41s
Epoch: 8/150 Iter: 79/96 loss: 0.9467 acc: 0.6252 time 1.46s
Epoch: 8/150 Iter: 80/96 loss: 0.9421 acc: 0.6283 time 1.46s
Epoch: 8/150 Iter: 81/96 loss: 0.9451 acc: 0.6288 time 1.38s
Epoch: 8/150 Iter: 82/96 loss: 0.9457 acc: 0.6292 time 0.77s
Epoch: 8/150 Iter: 83/96 loss: 0.9470 acc: 0.6301 time 0.77s
Epoch: 8/150 Iter: 84/96 loss: 0.9478 acc: 0.6285 time 1.38s
Epoch: 8/150 Iter: 85/96 loss: 0.9537 acc: 0.6227 time 1.37s
Epoch: 8/150 Iter: 86/96 loss: 0.9531 acc: 0.6213 time 0.75s
Epoch: 8/150 Iter: 87/96 loss: 0.9514 acc: 0.6218 time 0.79s
Epoch: 8/150 Iter: 88/96 loss: 0.9560 acc: 0.6204 time 1.39s
Epoch: 8/150 Iter: 89/96 loss: 0.9521 acc: 0.6219 time 1.39s
Epoch: 8/150 Iter: 90/96 loss: 0.9519 acc: 0.6205 time 0.70s
Epoch: 8/150 Iter: 91/96 loss: 0.9607 acc: 0.6155 time 1.38s
Epoch: 8/150 Iter: 92/96 loss: 0.9568 acc: 0.6170 time 1.39s
Epoch: 8/150 Iter: 93/96 loss: 0.9606 acc: 0.6151 time 1.41s
Epoch: 8/150 Iter: 94/96 loss: 0.9651 acc: 0.6145 time 0.76s
Epoch: 8/150 Iter: 95/96 loss: 0.9647 acc: 0.6139 time 1.44s
Epoch: 8/150 Iter: 96/96 loss: 0.9628 acc: 0.6166 time 0.78s
[Train epoch 8] avg_loss=0.9628 avg_acc=0.6166 | per-class [c0: 0.579, c1: 0.000, c2: 0.782]
Final training 8/150, loss: 0.9628, time 110.73s, lr: 0.079962
Accuracy: 0.642
class                  precision    recall   specificity      f1   support
--------------------------------------------------------------------------
0                          0.714     0.579         0.780   0.639       280
1                          0.000     0.000         0.976   0.000        30
2                          0.619     0.782         0.587   0.691       266
*----------------------------------------*
Val 8/150 1/24, Acc: 0.3333, Loss: 3.6718, time 0.41s
Val 8/150 2/24, Acc: 0.6667, Loss: 2.0516, time 0.44s
Val 8/150 3/24, Acc: 0.6111, Loss: 1.7428, time 0.65s
Val 8/150 4/24, Acc: 0.5833, Loss: 1.4571, time 0.41s
Val 8/150 5/24, Acc: 0.5833, Loss: 1.2799, time 0.47s
Val 8/150 6/24, Acc: 0.5694, Loss: 1.1754, time 0.49s
Val 8/150 7/24, Acc: 0.6131, Loss: 1.1109, time 0.52s
Val 8/150 8/24, Acc: 0.6302, Loss: 1.0464, time 0.45s
Val 8/150 9/24, Acc: 0.6157, Loss: 1.0320, time 0.42s
Val 8/150 10/24, Acc: 0.6242, Loss: 1.0241, time 0.52s
Val 8/150 11/24, Acc: 0.6179, Loss: 1.0379, time 0.40s
Val 8/150 12/24, Acc: 0.5803, Loss: 1.0135, time 0.51s
Val 8/150 13/24, Acc: 0.5934, Loss: 0.9873, time 0.54s
Val 8/150 14/24, Acc: 0.6046, Loss: 0.9803, time 0.48s
Val 8/150 15/24, Acc: 0.6087, Loss: 0.9856, time 0.50s
Val 8/150 16/24, Acc: 0.6269, Loss: 0.9576, time 0.43s
Val 8/150 17/24, Acc: 0.6489, Loss: 0.9257, time 0.49s
Val 8/150 18/24, Acc: 0.6313, Loss: 0.9357, time 0.43s
Val 8/150 19/24, Acc: 0.6156, Loss: 0.9517, time 0.44s
Val 8/150 20/24, Acc: 0.6265, Loss: 0.9423, time 0.44s
Val 8/150 21/24, Acc: 0.6443, Loss: 0.9206, time 0.46s
Val 8/150 22/24, Acc: 0.6302, Loss: 0.9247, time 0.54s
Val 8/150 23/24, Acc: 0.6269, Loss: 0.9301, time 0.40s
Val 8/150 24/24, Acc: 0.6425, Loss: 0.9186, time 0.44s
[Val epoch 8] avg_acc=0.6425 | avg_loss=0.9186 | per-class [c0: 0.543, c1: 0.125, c2: 0.985]
Final validation 8/150, Val_acc: 0.6425, time 11.26sAccuracy: 0.722
class                  precision    recall   specificity      f1   support
--------------------------------------------------------------------------
0                          0.950     0.543         0.973   0.691        70
1                          0.091     0.125         0.926   0.105         8
2                          0.699     0.985         0.641   0.818        66
*========================================*
Saving checkpoint outputs/OrganoidsINRIA_reduced/resnet18/2025-11-17-16-11/training/model_final.pt
[EarlyStopping] no improve (3/40)
[EarlyStopping] no improve (3/40)
0 Mon Nov 17 16:27:02 2025 Epoch: 9
Epoch: 9/150 Iter: 1/96 loss: 1.1699 acc: 0.1667 time 1.87s
Epoch: 9/150 Iter: 2/96 loss: 1.1354 acc: 0.2778 time 1.46s
Epoch: 9/150 Iter: 3/96 loss: 1.1107 acc: 0.2963 time 0.78s
Epoch: 9/150 Iter: 4/96 loss: 1.0186 acc: 0.3611 time 0.92s
Epoch: 9/150 Iter: 5/96 loss: 1.1439 acc: 0.3222 time 1.42s
Epoch: 9/150 Iter: 6/96 loss: 1.1684 acc: 0.2870 time 0.82s
Epoch: 9/150 Iter: 7/96 loss: 1.0901 acc: 0.3294 time 1.45s
Epoch: 9/150 Iter: 8/96 loss: 1.0691 acc: 0.3194 time 0.83s
Epoch: 9/150 Iter: 9/96 loss: 1.0333 acc: 0.3951 time 0.79s
Epoch: 9/150 Iter: 10/96 loss: 1.0189 acc: 0.4356 time 1.47s
Epoch: 9/150 Iter: 11/96 loss: 1.0079 acc: 0.4263 time 1.47s
Epoch: 9/150 Iter: 12/96 loss: 0.9989 acc: 0.4130 time 0.95s
Epoch: 9/150 Iter: 13/96 loss: 1.0193 acc: 0.4068 time 0.89s
Epoch: 9/150 Iter: 14/96 loss: 1.0213 acc: 0.4135 time 1.48s
Epoch: 9/150 Iter: 15/96 loss: 1.0191 acc: 0.4193 time 0.87s
Epoch: 9/150 Iter: 16/96 loss: 1.0209 acc: 0.4139 time 1.45s
Epoch: 9/150 Iter: 17/96 loss: 0.9917 acc: 0.4484 time 0.91s
Epoch: 9/150 Iter: 18/96 loss: 0.9835 acc: 0.4605 time 1.44s
Epoch: 9/150 Iter: 19/96 loss: 0.9632 acc: 0.4823 time 0.96s
Epoch: 9/150 Iter: 20/96 loss: 0.9418 acc: 0.5019 time 1.43s
Epoch: 9/150 Iter: 21/96 loss: 1.0373 acc: 0.5045 time 0.79s
Epoch: 9/150 Iter: 22/96 loss: 1.0237 acc: 0.5179 time 1.46s
Epoch: 9/150 Iter: 23/96 loss: 1.0060 acc: 0.5335 time 0.81s
Epoch: 9/150 Iter: 24/96 loss: 0.9980 acc: 0.5390 time 0.74s
Epoch: 9/150 Iter: 25/96 loss: 0.9875 acc: 0.5524 time 0.77s
Epoch: 9/150 Iter: 26/96 loss: 0.9725 acc: 0.5649 time 0.77s
Epoch: 9/150 Iter: 27/96 loss: 0.9586 acc: 0.5763 time 1.45s
Epoch: 9/150 Iter: 28/96 loss: 0.9529 acc: 0.5796 time 0.97s
Epoch: 9/150 Iter: 29/96 loss: 0.9383 acc: 0.5898 time 1.44s
Epoch: 9/150 Iter: 30/96 loss: 0.9890 acc: 0.5831 time 0.96s
Epoch: 9/150 Iter: 31/96 loss: 0.9757 acc: 0.5925 time 1.45s
Epoch: 9/150 Iter: 32/96 loss: 0.9721 acc: 0.5896 time 0.80s
Epoch: 9/150 Iter: 33/96 loss: 0.9847 acc: 0.5801 time 0.79s
Epoch: 9/150 Iter: 34/96 loss: 0.9781 acc: 0.5827 time 0.78s
Epoch: 9/150 Iter: 35/96 loss: 0.9803 acc: 0.5819 time 0.91s
Epoch: 9/150 Iter: 36/96 loss: 0.9844 acc: 0.5727 time 0.97s
Epoch: 9/150 Iter: 37/96 loss: 0.9720 acc: 0.5809 time 1.44s
Epoch: 9/150 Iter: 38/96 loss: 0.9660 acc: 0.5886 time 1.43s
Epoch: 9/150 Iter: 39/96 loss: 0.9636 acc: 0.5963 time 0.77s
Epoch: 9/150 Iter: 40/96 loss: 0.9646 acc: 0.5939 time 0.84s
Epoch: 9/150 Iter: 41/96 loss: 0.9747 acc: 0.5835 time 0.73s
Epoch: 9/150 Iter: 42/96 loss: 0.9695 acc: 0.5904 time 0.80s
Epoch: 9/150 Iter: 43/96 loss: 0.9643 acc: 0.5909 time 1.46s
Epoch: 9/150 Iter: 44/96 loss: 0.9582 acc: 0.5973 time 1.47s
Epoch: 9/150 Iter: 45/96 loss: 0.9552 acc: 0.5952 time 0.79s
Epoch: 9/150 Iter: 46/96 loss: 0.9559 acc: 0.5913 time 0.92s
Epoch: 9/150 Iter: 47/96 loss: 0.9513 acc: 0.5947 time 1.42s
Epoch: 9/150 Iter: 48/96 loss: 0.9639 acc: 0.5846 time 0.92s
Epoch: 9/150 Iter: 49/96 loss: 0.9678 acc: 0.5795 time 1.43s
Epoch: 9/150 Iter: 50/96 loss: 0.9728 acc: 0.5796 time 0.93s
Epoch: 9/150 Iter: 51/96 loss: 0.9660 acc: 0.5813 time 0.85s
Epoch: 9/150 Iter: 52/96 loss: 0.9569 acc: 0.5869 time 0.82s
Epoch: 9/150 Iter: 53/96 loss: 0.9625 acc: 0.5863 time 0.94s
Epoch: 9/150 Iter: 54/96 loss: 0.9566 acc: 0.5917 time 0.81s
Epoch: 9/150 Iter: 55/96 loss: 0.9488 acc: 0.5968 time 1.42s
Epoch: 9/150 Iter: 56/96 loss: 0.9523 acc: 0.5872 time 1.44s
Epoch: 9/150 Iter: 57/96 loss: 0.9472 acc: 0.5895 time 0.80s
Epoch: 9/150 Iter: 58/96 loss: 0.9457 acc: 0.5880 time 0.77s
Epoch: 9/150 Iter: 59/96 loss: 0.9386 acc: 0.5928 time 1.44s
Epoch: 9/150 Iter: 60/96 loss: 0.9454 acc: 0.5876 time 1.45s
Epoch: 9/150 Iter: 61/96 loss: 0.9392 acc: 0.5923 time 1.42s
Epoch: 9/150 Iter: 62/96 loss: 0.9361 acc: 0.5935 time 0.92s
Epoch: 9/150 Iter: 63/96 loss: 0.9353 acc: 0.5947 time 1.48s
Epoch: 9/150 Iter: 64/96 loss: 0.9326 acc: 0.5958 time 1.49s
Epoch: 9/150 Iter: 65/96 loss: 0.9273 acc: 0.5994 time 0.79s
Epoch: 9/150 Iter: 66/96 loss: 0.9201 acc: 0.6055 time 0.86s
Epoch: 9/150 Iter: 67/96 loss: 0.9139 acc: 0.6048 time 1.49s
Epoch: 9/150 Iter: 68/96 loss: 0.9118 acc: 0.6057 time 0.85s
Epoch: 9/150 Iter: 69/96 loss: 0.9119 acc: 0.6085 time 0.76s
Epoch: 9/150 Iter: 70/96 loss: 0.9049 acc: 0.6077 time 1.45s
Epoch: 9/150 Iter: 71/96 loss: 0.9012 acc: 0.6133 time 0.88s
Epoch: 9/150 Iter: 72/96 loss: 0.9026 acc: 0.6082 time 0.94s
Epoch: 9/150 Iter: 73/96 loss: 0.8982 acc: 0.6119 time 1.47s
Epoch: 9/150 Iter: 74/96 loss: 0.8955 acc: 0.6096 time 0.94s
Epoch: 9/150 Iter: 75/96 loss: 0.8987 acc: 0.6089 time 0.81s
Epoch: 9/150 Iter: 76/96 loss: 0.8938 acc: 0.6075 time 1.47s
Epoch: 9/150 Iter: 77/96 loss: 0.8951 acc: 0.6104 time 0.80s
Epoch: 9/150 Iter: 78/96 loss: 0.8880 acc: 0.6154 time 1.48s
Epoch: 9/150 Iter: 79/96 loss: 0.8843 acc: 0.6187 time 0.93s
Epoch: 9/150 Iter: 80/96 loss: 0.8856 acc: 0.6193 time 0.77s
Epoch: 9/150 Iter: 81/96 loss: 0.8954 acc: 0.6178 time 0.82s
Epoch: 9/150 Iter: 82/96 loss: 0.9021 acc: 0.6148 time 0.98s
Epoch: 9/150 Iter: 83/96 loss: 0.9028 acc: 0.6114 time 1.48s
Epoch: 9/150 Iter: 84/96 loss: 0.9045 acc: 0.6121 time 1.45s
Epoch: 9/150 Iter: 85/96 loss: 0.9056 acc: 0.6101 time 0.72s
Epoch: 9/150 Iter: 86/96 loss: 0.9103 acc: 0.6056 time 1.38s
Epoch: 9/150 Iter: 87/96 loss: 0.9164 acc: 0.5987 time 1.39s
Epoch: 9/150 Iter: 88/96 loss: 0.9180 acc: 0.5963 time 1.37s
Epoch: 9/150 Iter: 89/96 loss: 0.9177 acc: 0.5943 time 0.75s
Epoch: 9/150 Iter: 90/96 loss: 0.9149 acc: 0.5932 time 1.43s
Epoch: 9/150 Iter: 91/96 loss: 0.9140 acc: 0.5922 time 1.47s
Epoch: 9/150 Iter: 92/96 loss: 0.9114 acc: 0.5903 time 1.38s
Epoch: 9/150 Iter: 93/96 loss: 0.9128 acc: 0.5854 time 1.39s
Epoch: 9/150 Iter: 94/96 loss: 0.9108 acc: 0.5884 time 0.70s
Epoch: 9/150 Iter: 95/96 loss: 0.9086 acc: 0.5881 time 1.38s
Epoch: 9/150 Iter: 96/96 loss: 0.9040 acc: 0.5882 time 0.69s
[Train epoch 9] avg_loss=0.9040 avg_acc=0.5882 | per-class [c0: 0.579, c1: 0.333, c2: 0.733]
Final training 9/150, loss: 0.9040, time 106.43s, lr: 0.079916
Accuracy: 0.637
class                  precision    recall   specificity      f1   support
--------------------------------------------------------------------------
0                          0.714     0.579         0.780   0.639       280
1                          0.189     0.333         0.921   0.241        30
2                          0.659     0.733         0.674   0.694       266
*----------------------------------------*
0 Mon Nov 17 16:28:49 2025 Epoch: 10
Epoch: 10/150 Iter: 1/96 loss: 0.5319 acc: 0.9000 time 2.42s
Epoch: 10/150 Iter: 2/96 loss: 0.9376 acc: 0.5333 time 0.97s
Epoch: 10/150 Iter: 3/96 loss: 1.1291 acc: 0.4667 time 0.89s
Epoch: 10/150 Iter: 4/96 loss: 0.9547 acc: 0.5687 time 0.79s
Epoch: 10/150 Iter: 5/96 loss: 1.0727 acc: 0.5300 time 1.46s
Epoch: 10/150 Iter: 6/96 loss: 0.9681 acc: 0.5917 time 0.96s
Epoch: 10/150 Iter: 7/96 loss: 1.0012 acc: 0.6024 time 1.46s
Epoch: 10/150 Iter: 8/96 loss: 1.0393 acc: 0.6104 time 1.47s
Epoch: 10/150 Iter: 9/96 loss: 1.0345 acc: 0.6074 time 1.45s
Epoch: 10/150 Iter: 10/96 loss: 1.0913 acc: 0.5867 time 0.79s
Epoch: 10/150 Iter: 11/96 loss: 1.0212 acc: 0.6242 time 1.46s
Epoch: 10/150 Iter: 12/96 loss: 1.0165 acc: 0.6000 time 1.46s
Epoch: 10/150 Iter: 13/96 loss: 0.9792 acc: 0.5987 time 0.86s
Epoch: 10/150 Iter: 14/96 loss: 0.9635 acc: 0.5917 time 1.46s
Epoch: 10/150 Iter: 15/96 loss: 0.9537 acc: 0.6004 time 0.92s
Epoch: 10/150 Iter: 16/96 loss: 0.9276 acc: 0.6175 time 1.47s
Epoch: 10/150 Iter: 17/96 loss: 0.9286 acc: 0.5959 time 0.83s
Epoch: 10/150 Iter: 18/96 loss: 0.9126 acc: 0.5860 time 0.76s
Epoch: 10/150 Iter: 19/96 loss: 0.9028 acc: 0.5972 time 0.88s
Epoch: 10/150 Iter: 20/96 loss: 0.9046 acc: 0.5940 time 0.80s
Epoch: 10/150 Iter: 21/96 loss: 0.8884 acc: 0.5935 time 1.43s
Epoch: 10/150 Iter: 22/96 loss: 0.8906 acc: 0.5855 time 1.43s
Epoch: 10/150 Iter: 23/96 loss: 0.8920 acc: 0.5818 time 0.78s
Epoch: 10/150 Iter: 24/96 loss: 0.9022 acc: 0.5784 time 0.87s
Epoch: 10/150 Iter: 25/96 loss: 0.8939 acc: 0.5774 time 0.90s
Epoch: 10/150 Iter: 26/96 loss: 0.9018 acc: 0.5681 time 0.91s
Epoch: 10/150 Iter: 27/96 loss: 0.8890 acc: 0.5779 time 0.78s
Epoch: 10/150 Iter: 28/96 loss: 0.8852 acc: 0.5721 time 1.45s
Epoch: 10/150 Iter: 29/96 loss: 0.8834 acc: 0.5677 time 0.82s
Epoch: 10/150 Iter: 30/96 loss: 0.8772 acc: 0.5710 time 1.42s
Epoch: 10/150 Iter: 31/96 loss: 0.8838 acc: 0.5580 time 0.89s
Epoch: 10/150 Iter: 32/96 loss: 0.8821 acc: 0.5510 time 1.44s
Epoch: 10/150 Iter: 33/96 loss: 0.8803 acc: 0.5504 time 1.45s
Epoch: 10/150 Iter: 34/96 loss: 0.8769 acc: 0.5587 time 1.48s
Epoch: 10/150 Iter: 35/96 loss: 0.8715 acc: 0.5555 time 0.92s
Epoch: 10/150 Iter: 36/96 loss: 0.8711 acc: 0.5555 time 1.46s
Epoch: 10/150 Iter: 37/96 loss: 0.8549 acc: 0.5675 time 0.79s
Epoch: 10/150 Iter: 38/96 loss: 0.8539 acc: 0.5657 time 0.78s
Epoch: 10/150 Iter: 39/96 loss: 0.8410 acc: 0.5704 time 0.88s
Epoch: 10/150 Iter: 40/96 loss: 0.8392 acc: 0.5749 time 1.41s
Epoch: 10/150 Iter: 41/96 loss: 0.8361 acc: 0.5731 time 0.81s
Epoch: 10/150 Iter: 42/96 loss: 0.8304 acc: 0.5743 time 0.81s
Epoch: 10/150 Iter: 43/96 loss: 0.8226 acc: 0.5804 time 0.92s
Epoch: 10/150 Iter: 44/96 loss: 0.8177 acc: 0.5871 time 0.89s
Epoch: 10/150 Iter: 45/96 loss: 0.8238 acc: 0.5870 time 1.46s
Epoch: 10/150 Iter: 46/96 loss: 0.8187 acc: 0.5863 time 1.47s
Epoch: 10/150 Iter: 47/96 loss: 0.8156 acc: 0.5880 time 0.77s
Epoch: 10/150 Iter: 48/96 loss: 0.8351 acc: 0.5839 time 1.45s
Epoch: 10/150 Iter: 49/96 loss: 0.8322 acc: 0.5855 time 1.45s
Epoch: 10/150 Iter: 50/96 loss: 0.8276 acc: 0.5838 time 0.89s
Epoch: 10/150 Iter: 51/96 loss: 0.8416 acc: 0.5789 time 1.44s
Epoch: 10/150 Iter: 52/96 loss: 0.8424 acc: 0.5758 time 0.78s
Epoch: 10/150 Iter: 53/96 loss: 0.8332 acc: 0.5807 time 0.88s
Epoch: 10/150 Iter: 54/96 loss: 0.8329 acc: 0.5810 time 0.74s
Epoch: 10/150 Iter: 55/96 loss: 0.8284 acc: 0.5780 time 0.78s
Epoch: 10/150 Iter: 56/96 loss: 0.8237 acc: 0.5826 time 1.47s
Epoch: 10/150 Iter: 57/96 loss: 0.8227 acc: 0.5753 time 0.89s
Epoch: 10/150 Iter: 58/96 loss: 0.8191 acc: 0.5740 time 0.81s
Epoch: 10/150 Iter: 59/96 loss: 0.8502 acc: 0.5718 time 0.80s
Epoch: 10/150 Iter: 60/96 loss: 0.8454 acc: 0.5771 time 0.93s
Epoch: 10/150 Iter: 61/96 loss: 0.8483 acc: 0.5753 time 1.49s
Epoch: 10/150 Iter: 62/96 loss: 0.8590 acc: 0.5735 time 0.88s
Epoch: 10/150 Iter: 63/96 loss: 0.8515 acc: 0.5803 time 1.45s
Epoch: 10/150 Iter: 64/96 loss: 0.8534 acc: 0.5775 time 1.48s
Epoch: 10/150 Iter: 65/96 loss: 0.8512 acc: 0.5771 time 0.88s
Epoch: 10/150 Iter: 66/96 loss: 0.8527 acc: 0.5734 time 0.91s
Epoch: 10/150 Iter: 67/96 loss: 0.8476 acc: 0.5798 time 0.79s
Epoch: 10/150 Iter: 68/96 loss: 0.8481 acc: 0.5799 time 1.49s
Epoch: 10/150 Iter: 69/96 loss: 0.8516 acc: 0.5763 time 0.91s
Epoch: 10/150 Iter: 70/96 loss: 0.8596 acc: 0.5681 time 0.79s
Epoch: 10/150 Iter: 71/96 loss: 0.8618 acc: 0.5647 time 0.75s
Epoch: 10/150 Iter: 72/96 loss: 0.8591 acc: 0.5656 time 0.73s
Epoch: 10/150 Iter: 73/96 loss: 0.8541 acc: 0.5624 time 1.43s
Epoch: 10/150 Iter: 74/96 loss: 0.8538 acc: 0.5638 time 0.80s
Epoch: 10/150 Iter: 75/96 loss: 0.8580 acc: 0.5607 time 0.87s
Epoch: 10/150 Iter: 76/96 loss: 0.8575 acc: 0.5583 time 1.44s
Epoch: 10/150 Iter: 77/96 loss: 0.8523 acc: 0.5619 time 0.95s
Epoch: 10/150 Iter: 78/96 loss: 0.8529 acc: 0.5595 time 0.82s
Epoch: 10/150 Iter: 79/96 loss: 0.8533 acc: 0.5587 time 0.87s
Epoch: 10/150 Iter: 80/96 loss: 0.8516 acc: 0.5580 time 0.97s
Epoch: 10/150 Iter: 81/96 loss: 0.8526 acc: 0.5542 time 1.39s
Epoch: 10/150 Iter: 82/96 loss: 0.8499 acc: 0.5566 time 1.40s
Epoch: 10/150 Iter: 83/96 loss: 0.8589 acc: 0.5579 time 1.39s
Epoch: 10/150 Iter: 84/96 loss: 0.8568 acc: 0.5617 time 0.77s
Epoch: 10/150 Iter: 85/96 loss: 0.8494 acc: 0.5668 time 1.37s
Epoch: 10/150 Iter: 86/96 loss: 0.8572 acc: 0.5680 time 1.43s
Epoch: 10/150 Iter: 87/96 loss: 0.8559 acc: 0.5710 time 0.88s
Epoch: 10/150 Iter: 88/96 loss: 0.8532 acc: 0.5717 time 0.77s
Epoch: 10/150 Iter: 89/96 loss: 0.8756 acc: 0.5715 time 0.75s
Epoch: 10/150 Iter: 90/96 loss: 0.8687 acc: 0.5762 time 1.39s
Epoch: 10/150 Iter: 91/96 loss: 0.8667 acc: 0.5772 time 0.75s
Epoch: 10/150 Iter: 92/96 loss: 0.8647 acc: 0.5800 time 1.40s
Epoch: 10/150 Iter: 93/96 loss: 0.8628 acc: 0.5809 time 0.74s
Epoch: 10/150 Iter: 94/96 loss: 0.8674 acc: 0.5810 time 1.42s
Epoch: 10/150 Iter: 95/96 loss: 0.8627 acc: 0.5854 time 0.77s
Epoch: 10/150 Iter: 96/96 loss: 0.8614 acc: 0.5866 time 0.71s
[Train epoch 10] avg_loss=0.8614 avg_acc=0.5866 | per-class [c0: 0.600, c1: 0.433, c2: 0.688]
Final training 10/150, loss: 0.8614, time 104.36s, lr: 0.079850
Accuracy: 0.632
class                  precision    recall   specificity      f1   support
--------------------------------------------------------------------------
0                          0.677     0.600         0.730   0.636       280
1                          0.245     0.433         0.927   0.313        30
2                          0.665     0.688         0.703   0.677       266
*----------------------------------------*
Val 10/150 1/24, Acc: 0.3333, Loss: 2.8432, time 0.42s
Val 10/150 2/24, Acc: 0.6667, Loss: 1.5833, time 0.44s
Val 10/150 3/24, Acc: 0.6111, Loss: 1.5536, time 0.42s
Val 10/150 4/24, Acc: 0.7083, Loss: 1.2651, time 0.51s
Val 10/150 5/24, Acc: 0.6833, Loss: 1.1196, time 0.53s
Val 10/150 6/24, Acc: 0.7361, Loss: 1.0105, time 0.48s
Val 10/150 7/24, Acc: 0.7560, Loss: 0.9291, time 0.43s
Val 10/150 8/24, Acc: 0.7552, Loss: 0.8626, time 0.48s
Val 10/150 9/24, Acc: 0.7824, Loss: 0.8449, time 0.44s
Val 10/150 10/24, Acc: 0.7742, Loss: 0.8441, time 0.58s
Val 10/150 11/24, Acc: 0.7543, Loss: 0.9035, time 0.50s
Val 10/150 12/24, Acc: 0.7262, Loss: 0.8947, time 0.50s
Val 10/150 13/24, Acc: 0.7280, Loss: 0.8598, time 0.59s
Val 10/150 14/24, Acc: 0.7296, Loss: 0.8520, time 0.50s
Val 10/150 15/24, Acc: 0.7254, Loss: 0.8640, time 0.51s
Val 10/150 16/24, Acc: 0.7363, Loss: 0.8373, time 0.47s
Val 10/150 17/24, Acc: 0.7518, Loss: 0.8031, time 0.54s
Val 10/150 18/24, Acc: 0.7285, Loss: 0.8107, time 0.47s
Val 10/150 19/24, Acc: 0.7323, Loss: 0.8156, time 0.44s
Val 10/150 20/24, Acc: 0.7374, Loss: 0.8044, time 0.46s
Val 10/150 21/24, Acc: 0.7499, Loss: 0.7842, time 0.46s
Val 10/150 22/24, Acc: 0.7385, Loss: 0.7837, time 0.55s
Val 10/150 23/24, Acc: 0.7306, Loss: 0.8118, time 0.39s
Val 10/150 24/24, Acc: 0.7279, Loss: 0.8097, time 0.40s
[Val epoch 10] avg_acc=0.7279 | avg_loss=0.8097 | per-class [c0: 0.657, c1: 0.125, c2: 0.970]
Final validation 10/150, Val_acc: 0.7279, time 11.53sAccuracy: 0.771
class                  precision    recall   specificity      f1   support
--------------------------------------------------------------------------
0                          0.920     0.657         0.946   0.767        70
1                          0.200     0.125         0.971   0.154         8
2                          0.719     0.970         0.679   0.826        66
*========================================*
Saving checkpoint outputs/OrganoidsINRIA_reduced/resnet18/2025-11-17-16-11/training/model_final.pt
[EarlyStopping] no improve (4/40)
[EarlyStopping] no improve (4/40)
0 Mon Nov 17 16:30:49 2025 Epoch: 11
Epoch: 11/150 Iter: 1/96 loss: 1.3233 acc: 0.3333 time 2.79s
Epoch: 11/150 Iter: 2/96 loss: 1.0525 acc: 0.5667 time 0.78s
Epoch: 11/150 Iter: 3/96 loss: 0.8341 acc: 0.7111 time 0.81s
Epoch: 11/150 Iter: 4/96 loss: 0.8189 acc: 0.6583 time 0.78s
Epoch: 11/150 Iter: 5/96 loss: 0.7561 acc: 0.7017 time 1.45s
Epoch: 11/150 Iter: 6/96 loss: 0.7579 acc: 0.7181 time 0.92s
Epoch: 11/150 Iter: 7/96 loss: 0.7728 acc: 0.6869 time 0.79s
Epoch: 11/150 Iter: 8/96 loss: 0.7845 acc: 0.6705 time 0.98s
Epoch: 11/150 Iter: 9/96 loss: 0.7965 acc: 0.6701 time 0.95s
Epoch: 11/150 Iter: 10/96 loss: 0.8536 acc: 0.6531 time 0.75s
Epoch: 11/150 Iter: 11/96 loss: 0.8644 acc: 0.6467 time 0.80s
Epoch: 11/150 Iter: 12/96 loss: 0.8959 acc: 0.6484 time 0.76s
Epoch: 11/150 Iter: 13/96 loss: 0.9019 acc: 0.6466 time 0.85s
Epoch: 11/150 Iter: 14/96 loss: 0.8764 acc: 0.6450 time 1.47s
Epoch: 11/150 Iter: 15/96 loss: 0.8643 acc: 0.6631 time 0.81s
Epoch: 11/150 Iter: 16/96 loss: 0.8896 acc: 0.6321 time 1.41s
Epoch: 11/150 Iter: 17/96 loss: 0.9055 acc: 0.6028 time 0.87s
Epoch: 11/150 Iter: 18/96 loss: 0.8970 acc: 0.6040 time 1.46s
Epoch: 11/150 Iter: 19/96 loss: 0.8948 acc: 0.5956 time 0.87s
Epoch: 11/150 Iter: 20/96 loss: 0.8891 acc: 0.6075 time 1.46s
Epoch: 11/150 Iter: 21/96 loss: 0.8766 acc: 0.6050 time 0.79s
Epoch: 11/150 Iter: 22/96 loss: 0.8813 acc: 0.5987 time 1.45s
Epoch: 11/150 Iter: 23/96 loss: 0.8703 acc: 0.6107 time 0.87s
Epoch: 11/150 Iter: 24/96 loss: 0.8680 acc: 0.6047 time 1.42s
Epoch: 11/150 Iter: 25/96 loss: 0.8591 acc: 0.6117 time 0.79s
Epoch: 11/150 Iter: 26/96 loss: 0.8633 acc: 0.6010 time 0.88s
Epoch: 11/150 Iter: 27/96 loss: 0.8618 acc: 0.5869 time 1.49s
Epoch: 11/150 Iter: 28/96 loss: 0.8626 acc: 0.5809 time 0.80s
Epoch: 11/150 Iter: 29/96 loss: 0.8598 acc: 0.5884 time 0.91s
Epoch: 11/150 Iter: 30/96 loss: 0.8454 acc: 0.5980 time 0.74s
Epoch: 11/150 Iter: 31/96 loss: 0.8404 acc: 0.6069 time 0.76s
Epoch: 11/150 Iter: 32/96 loss: 0.8285 acc: 0.6192 time 0.82s
Epoch: 11/150 Iter: 33/96 loss: 0.8315 acc: 0.6186 time 0.83s
Epoch: 11/150 Iter: 34/96 loss: 0.8218 acc: 0.6225 time 0.81s
Epoch: 11/150 Iter: 35/96 loss: 0.8172 acc: 0.6275 time 0.77s
Epoch: 11/150 Iter: 36/96 loss: 0.8091 acc: 0.6351 time 0.75s
Epoch: 11/150 Iter: 37/96 loss: 0.8052 acc: 0.6382 time 1.42s
Epoch: 11/150 Iter: 38/96 loss: 0.8723 acc: 0.6390 time 0.81s
Epoch: 11/150 Iter: 39/96 loss: 0.8690 acc: 0.6354 time 0.95s
Epoch: 11/150 Iter: 40/96 loss: 0.8779 acc: 0.6362 time 1.44s
Epoch: 11/150 Iter: 41/96 loss: 0.8799 acc: 0.6329 time 0.79s
Epoch: 11/150 Iter: 42/96 loss: 0.8707 acc: 0.6386 time 1.48s
Epoch: 11/150 Iter: 43/96 loss: 0.8637 acc: 0.6393 time 0.90s
Epoch: 11/150 Iter: 44/96 loss: 0.8540 acc: 0.6374 time 0.80s
Epoch: 11/150 Iter: 45/96 loss: 0.8557 acc: 0.6388 time 1.46s
Epoch: 11/150 Iter: 46/96 loss: 0.8605 acc: 0.6303 time 0.88s
Epoch: 11/150 Iter: 47/96 loss: 0.8576 acc: 0.6329 time 1.46s
Epoch: 11/150 Iter: 48/96 loss: 0.8582 acc: 0.6313 time 0.89s
Epoch: 11/150 Iter: 49/96 loss: 0.8588 acc: 0.6252 time 1.48s
Epoch: 11/150 Iter: 50/96 loss: 0.8688 acc: 0.6243 time 1.42s
Epoch: 11/150 Iter: 51/96 loss: 0.8760 acc: 0.6186 time 0.86s
Epoch: 11/150 Iter: 52/96 loss: 0.8665 acc: 0.6260 time 1.47s
Epoch: 11/150 Iter: 53/96 loss: 0.8691 acc: 0.6215 time 0.82s
Epoch: 11/150 Iter: 54/96 loss: 0.8621 acc: 0.6262 time 1.49s
Epoch: 11/150 Iter: 55/96 loss: 0.8537 acc: 0.6330 time 0.81s
Epoch: 11/150 Iter: 56/96 loss: 0.8485 acc: 0.6373 time 0.80s
Epoch: 11/150 Iter: 57/96 loss: 0.8510 acc: 0.6364 time 0.78s
Epoch: 11/150 Iter: 58/96 loss: 0.8501 acc: 0.6398 time 1.44s
Epoch: 11/150 Iter: 59/96 loss: 0.8615 acc: 0.6388 time 0.72s
Epoch: 11/150 Iter: 60/96 loss: 0.8599 acc: 0.6415 time 0.77s
Epoch: 11/150 Iter: 61/96 loss: 0.8617 acc: 0.6419 time 1.39s
Epoch: 11/150 Iter: 62/96 loss: 0.8532 acc: 0.6477 time 1.39s
Epoch: 11/150 Iter: 63/96 loss: 0.8563 acc: 0.6427 time 0.77s
Epoch: 11/150 Iter: 64/96 loss: 0.8507 acc: 0.6463 time 1.40s
Epoch: 11/150 Iter: 65/96 loss: 0.8438 acc: 0.6518 time 1.46s
Epoch: 11/150 Iter: 66/96 loss: 0.8418 acc: 0.6540 time 1.44s
Epoch: 11/150 Iter: 67/96 loss: 0.8379 acc: 0.6573 time 0.87s
Epoch: 11/150 Iter: 68/96 loss: 0.8519 acc: 0.6489 time 0.79s
Epoch: 11/150 Iter: 69/96 loss: 0.8604 acc: 0.6451 time 1.45s
Epoch: 11/150 Iter: 70/96 loss: 0.8688 acc: 0.6406 time 1.45s
Epoch: 11/150 Iter: 71/96 loss: 0.8645 acc: 0.6375 time 0.74s
Epoch: 11/150 Iter: 72/96 loss: 0.8613 acc: 0.6411 time 0.95s
Epoch: 11/150 Iter: 73/96 loss: 0.8633 acc: 0.6369 time 1.46s
Epoch: 11/150 Iter: 74/96 loss: 0.8586 acc: 0.6339 time 1.40s
Epoch: 11/150 Iter: 75/96 loss: 0.8588 acc: 0.6359 time 0.81s
Epoch: 11/150 Iter: 76/96 loss: 0.8577 acc: 0.6341 time 0.79s
Epoch: 11/150 Iter: 77/96 loss: 0.8594 acc: 0.6302 time 0.89s
Epoch: 11/150 Iter: 78/96 loss: 0.8622 acc: 0.6272 time 1.44s
Epoch: 11/150 Iter: 79/96 loss: 0.8629 acc: 0.6235 time 0.90s
Epoch: 11/150 Iter: 80/96 loss: 0.8731 acc: 0.6230 time 0.94s
Epoch: 11/150 Iter: 81/96 loss: 0.8729 acc: 0.6194 time 0.74s
Epoch: 11/150 Iter: 82/96 loss: 0.8709 acc: 0.6200 time 0.72s
Epoch: 11/150 Iter: 83/96 loss: 0.8678 acc: 0.6179 time 1.40s
Epoch: 11/150 Iter: 84/96 loss: 0.8640 acc: 0.6209 time 0.82s
Epoch: 11/150 Iter: 85/96 loss: 0.8597 acc: 0.6239 time 0.71s
Epoch: 11/150 Iter: 86/96 loss: 0.8585 acc: 0.6244 time 0.71s
Epoch: 11/150 Iter: 87/96 loss: 0.8682 acc: 0.6249 time 0.69s
Epoch: 11/150 Iter: 88/96 loss: 0.8620 acc: 0.6292 time 1.38s
Epoch: 11/150 Iter: 89/96 loss: 0.8683 acc: 0.6265 time 0.73s
Epoch: 11/150 Iter: 90/96 loss: 0.8679 acc: 0.6251 time 0.75s
Epoch: 11/150 Iter: 91/96 loss: 0.8640 acc: 0.6281 time 0.75s
Epoch: 11/150 Iter: 92/96 loss: 0.8645 acc: 0.6267 time 1.47s
Epoch: 11/150 Iter: 93/96 loss: 0.8684 acc: 0.6259 time 1.46s
Epoch: 11/150 Iter: 94/96 loss: 0.8682 acc: 0.6272 time 1.44s
Epoch: 11/150 Iter: 95/96 loss: 0.8656 acc: 0.6301 time 0.75s
Epoch: 11/150 Iter: 96/96 loss: 0.8676 acc: 0.6279 time 0.91s
[Train epoch 11] avg_loss=0.8676 avg_acc=0.6279 | per-class [c0: 0.680, c1: 0.167, c2: 0.694]
Final training 11/150, loss: 0.8676, time 100.99s, lr: 0.079766
Accuracy: 0.660
class                  precision    recall   specificity      f1   support
--------------------------------------------------------------------------
0                          0.713     0.680         0.739   0.696       281
1                          0.125     0.167         0.936   0.143        30
2                          0.687     0.694         0.730   0.690       265
*----------------------------------------*
0 Mon Nov 17 16:32:30 2025 Epoch: 12
Epoch: 12/150 Iter: 1/96 loss: 1.2390 acc: 0.2222 time 1.63s
Epoch: 12/150 Iter: 2/96 loss: 0.9544 acc: 0.4861 time 0.84s
Epoch: 12/150 Iter: 3/96 loss: 0.9259 acc: 0.5324 time 1.47s
Epoch: 12/150 Iter: 4/96 loss: 0.9773 acc: 0.4271 time 0.81s
Epoch: 12/150 Iter: 5/96 loss: 0.9421 acc: 0.4083 time 0.90s
Epoch: 12/150 Iter: 6/96 loss: 0.9981 acc: 0.4236 time 1.49s
Epoch: 12/150 Iter: 7/96 loss: 0.9672 acc: 0.4464 time 0.78s
Epoch: 12/150 Iter: 8/96 loss: 0.9648 acc: 0.4240 time 1.48s
Epoch: 12/150 Iter: 9/96 loss: 0.9540 acc: 0.4386 time 0.89s
Epoch: 12/150 Iter: 10/96 loss: 0.9185 acc: 0.4725 time 0.88s
Epoch: 12/150 Iter: 11/96 loss: 0.9414 acc: 0.4396 time 0.89s
Epoch: 12/150 Iter: 12/96 loss: 0.9416 acc: 0.4308 time 1.46s
Epoch: 12/150 Iter: 13/96 loss: 0.9464 acc: 0.4147 time 0.87s
Epoch: 12/150 Iter: 14/96 loss: 0.9405 acc: 0.4387 time 0.79s
Epoch: 12/150 Iter: 15/96 loss: 0.9245 acc: 0.4317 time 1.01s
Epoch: 12/150 Iter: 16/96 loss: 0.9171 acc: 0.4394 time 0.80s
Epoch: 12/150 Iter: 17/96 loss: 0.8971 acc: 0.4650 time 1.50s
Epoch: 12/150 Iter: 18/96 loss: 0.8947 acc: 0.4739 time 0.90s
Epoch: 12/150 Iter: 19/96 loss: 0.8777 acc: 0.5016 time 0.82s
Epoch: 12/150 Iter: 20/96 loss: 0.8680 acc: 0.5099 time 0.96s
Epoch: 12/150 Iter: 21/96 loss: 0.8701 acc: 0.5094 time 1.42s
Epoch: 12/150 Iter: 22/96 loss: 0.8651 acc: 0.5279 time 1.46s
Epoch: 12/150 Iter: 23/96 loss: 0.8843 acc: 0.5243 time 0.79s
Epoch: 12/150 Iter: 24/96 loss: 0.8841 acc: 0.5233 time 0.94s
Epoch: 12/150 Iter: 25/96 loss: 0.8820 acc: 0.5157 time 0.79s
Epoch: 12/150 Iter: 26/96 loss: 0.8742 acc: 0.5199 time 1.45s
Epoch: 12/150 Iter: 27/96 loss: 0.8603 acc: 0.5315 time 0.75s
Epoch: 12/150 Iter: 28/96 loss: 0.8630 acc: 0.5185 time 0.81s
Epoch: 12/150 Iter: 29/96 loss: 0.8607 acc: 0.5167 time 0.88s
Epoch: 12/150 Iter: 30/96 loss: 0.8606 acc: 0.5128 time 0.78s
Epoch: 12/150 Iter: 31/96 loss: 0.8531 acc: 0.5106 time 1.48s
Epoch: 12/150 Iter: 32/96 loss: 0.8482 acc: 0.5102 time 0.91s
Epoch: 12/150 Iter: 33/96 loss: 0.8513 acc: 0.5160 time 0.79s
Epoch: 12/150 Iter: 34/96 loss: 0.8498 acc: 0.5204 time 1.45s
Epoch: 12/150 Iter: 35/96 loss: 0.8391 acc: 0.5151 time 1.47s
Epoch: 12/150 Iter: 36/96 loss: 0.8332 acc: 0.5100 time 0.78s
Epoch: 12/150 Iter: 37/96 loss: 0.8385 acc: 0.5131 time 1.41s
Epoch: 12/150 Iter: 38/96 loss: 0.8358 acc: 0.5216 time 1.43s
Epoch: 12/150 Iter: 39/96 loss: 0.8675 acc: 0.5210 time 0.92s
Epoch: 12/150 Iter: 40/96 loss: 0.8843 acc: 0.5247 time 1.41s
Epoch: 12/150 Iter: 41/96 loss: 0.8736 acc: 0.5362 time 0.89s
Epoch: 12/150 Iter: 42/96 loss: 0.8665 acc: 0.5394 time 0.78s
Epoch: 12/150 Iter: 43/96 loss: 0.8581 acc: 0.5472 time 1.46s
Epoch: 12/150 Iter: 44/96 loss: 0.8520 acc: 0.5518 time 0.79s
Epoch: 12/150 Iter: 45/96 loss: 0.8581 acc: 0.5519 time 0.87s
Epoch: 12/150 Iter: 46/96 loss: 0.8576 acc: 0.5464 time 0.78s
Epoch: 12/150 Iter: 47/96 loss: 0.8577 acc: 0.5489 time 1.41s
Epoch: 12/150 Iter: 48/96 loss: 0.8661 acc: 0.5479 time 0.80s
Epoch: 12/150 Iter: 49/96 loss: 0.8685 acc: 0.5390 time 0.79s
Epoch: 12/150 Iter: 50/96 loss: 0.8623 acc: 0.5449 time 0.91s
Epoch: 12/150 Iter: 51/96 loss: 0.8584 acc: 0.5440 time 0.90s
Epoch: 12/150 Iter: 52/96 loss: 0.8547 acc: 0.5416 time 1.46s
Epoch: 12/150 Iter: 53/96 loss: 0.8504 acc: 0.5455 time 0.91s
Epoch: 12/150 Iter: 54/96 loss: 0.8528 acc: 0.5403 time 1.47s
Epoch: 12/150 Iter: 55/96 loss: 0.8489 acc: 0.5386 time 1.46s
Epoch: 12/150 Iter: 56/96 loss: 0.8454 acc: 0.5438 time 0.77s
Epoch: 12/150 Iter: 57/96 loss: 0.8397 acc: 0.5504 time 0.76s
Epoch: 12/150 Iter: 58/96 loss: 0.8368 acc: 0.5486 time 1.47s
Epoch: 12/150 Iter: 59/96 loss: 0.8327 acc: 0.5541 time 1.47s
Epoch: 12/150 Iter: 60/96 loss: 0.8349 acc: 0.5532 time 0.88s
Epoch: 12/150 Iter: 61/96 loss: 0.8317 acc: 0.5540 time 0.91s
Epoch: 12/150 Iter: 62/96 loss: 0.8377 acc: 0.5544 time 0.79s
Epoch: 12/150 Iter: 63/96 loss: 0.8338 acc: 0.5536 time 0.77s
Epoch: 12/150 Iter: 64/96 loss: 0.8379 acc: 0.5484 time 0.80s
Epoch: 12/150 Iter: 65/96 loss: 0.8432 acc: 0.5468 time 0.87s
Epoch: 12/150 Iter: 66/96 loss: 0.8452 acc: 0.5480 time 0.82s
Epoch: 12/150 Iter: 67/96 loss: 0.8464 acc: 0.5423 time 0.77s
Epoch: 12/150 Iter: 68/96 loss: 0.8426 acc: 0.5429 time 0.79s
Epoch: 12/150 Iter: 69/96 loss: 0.8354 acc: 0.5431 time 0.79s
Epoch: 12/150 Iter: 70/96 loss: 0.8323 acc: 0.5472 time 0.79s
Epoch: 12/150 Iter: 71/96 loss: 0.8320 acc: 0.5466 time 0.90s
Epoch: 12/150 Iter: 72/96 loss: 0.8276 acc: 0.5471 time 0.77s
Epoch: 12/150 Iter: 73/96 loss: 0.8376 acc: 0.5449 time 0.87s
Epoch: 12/150 Iter: 74/96 loss: 0.8330 acc: 0.5443 time 0.91s
Epoch: 12/150 Iter: 75/96 loss: 0.8467 acc: 0.5422 time 1.43s
Epoch: 12/150 Iter: 76/96 loss: 0.8476 acc: 0.5409 time 0.92s
Epoch: 12/150 Iter: 77/96 loss: 0.8556 acc: 0.5415 time 0.95s
Epoch: 12/150 Iter: 78/96 loss: 0.8546 acc: 0.5448 time 1.44s
Epoch: 12/150 Iter: 79/96 loss: 0.8508 acc: 0.5477 time 0.83s
Epoch: 12/150 Iter: 80/96 loss: 0.8510 acc: 0.5434 time 1.45s
Epoch: 12/150 Iter: 81/96 loss: 0.8530 acc: 0.5418 time 0.71s
Epoch: 12/150 Iter: 82/96 loss: 0.8546 acc: 0.5383 time 0.95s
Epoch: 12/150 Iter: 83/96 loss: 0.8506 acc: 0.5425 time 1.39s
Epoch: 12/150 Iter: 84/96 loss: 0.8500 acc: 0.5430 time 1.43s
Epoch: 12/150 Iter: 85/96 loss: 0.8534 acc: 0.5395 time 1.42s
Epoch: 12/150 Iter: 86/96 loss: 0.8539 acc: 0.5426 time 1.38s
Epoch: 12/150 Iter: 87/96 loss: 0.8527 acc: 0.5421 time 1.38s
Epoch: 12/150 Iter: 88/96 loss: 0.8505 acc: 0.5416 time 0.70s
Epoch: 12/150 Iter: 89/96 loss: 0.8468 acc: 0.5453 time 1.37s
Epoch: 12/150 Iter: 90/96 loss: 0.8431 acc: 0.5490 time 0.89s
Epoch: 12/150 Iter: 91/96 loss: 0.8519 acc: 0.5479 time 0.74s
Epoch: 12/150 Iter: 92/96 loss: 0.8507 acc: 0.5492 time 1.38s
Epoch: 12/150 Iter: 93/96 loss: 0.8508 acc: 0.5527 time 0.75s
Epoch: 12/150 Iter: 94/96 loss: 0.8492 acc: 0.5539 time 0.76s
Epoch: 12/150 Iter: 95/96 loss: 0.8483 acc: 0.5539 time 0.71s
Epoch: 12/150 Iter: 96/96 loss: 0.8454 acc: 0.5572 time 0.76s
[Train epoch 12] avg_loss=0.8454 avg_acc=0.5572 | per-class [c0: 0.626, c1: 0.333, c2: 0.683]
Final training 12/150, loss: 0.8454, time 99.58s, lr: 0.079662
Accuracy: 0.637
class                  precision    recall   specificity      f1   support
--------------------------------------------------------------------------
0                          0.707     0.626         0.753   0.664       281
1                          0.149     0.333         0.896   0.206        30
2                          0.696     0.683         0.746   0.690       265
*----------------------------------------*
Val 12/150 1/24, Acc: 0.3333, Loss: 6.3660, time 0.41s
Val 12/150 2/24, Acc: 0.6667, Loss: 3.2830, time 0.43s
Val 12/150 3/24, Acc: 0.6111, Loss: 2.6252, time 0.41s
Val 12/150 4/24, Acc: 0.5833, Loss: 2.0729, time 0.47s
Val 12/150 5/24, Acc: 0.5833, Loss: 1.7619, time 0.47s
Val 12/150 6/24, Acc: 0.5694, Loss: 1.5385, time 0.46s
Val 12/150 7/24, Acc: 0.5714, Loss: 1.4079, time 0.45s
Val 12/150 8/24, Acc: 0.5938, Loss: 1.2865, time 0.42s
Val 12/150 9/24, Acc: 0.6389, Loss: 1.1966, time 0.51s
Val 12/150 10/24, Acc: 0.6450, Loss: 1.1574, time 0.58s
Val 12/150 11/24, Acc: 0.6369, Loss: 1.2046, time 0.49s
Val 12/150 12/24, Acc: 0.5977, Loss: 1.1645, time 0.48s
Val 12/150 13/24, Acc: 0.6286, Loss: 1.1029, time 0.46s
Val 12/150 14/24, Acc: 0.6135, Loss: 1.0812, time 0.43s
Val 12/150 15/24, Acc: 0.5948, Loss: 1.0637, time 0.43s
Val 12/150 16/24, Acc: 0.6139, Loss: 1.0177, time 0.42s
Val 12/150 17/24, Acc: 0.6366, Loss: 0.9728, time 0.47s
Val 12/150 18/24, Acc: 0.6198, Loss: 0.9789, time 0.43s
Val 12/150 19/24, Acc: 0.6117, Loss: 0.9795, time 0.49s
Val 12/150 20/24, Acc: 0.6228, Loss: 0.9564, time 0.45s
Val 12/150 21/24, Acc: 0.6407, Loss: 0.9230, time 0.44s
Val 12/150 22/24, Acc: 0.6217, Loss: 0.9243, time 0.54s
Val 12/150 23/24, Acc: 0.6188, Loss: 0.9379, time 0.38s
Val 12/150 24/24, Acc: 0.6347, Loss: 0.9203, time 0.49s
[Val epoch 12] avg_acc=0.6347 | avg_loss=0.9203 | per-class [c0: 0.557, c1: 0.250, c2: 0.970]
Final validation 12/150, Val_acc: 0.6347, time 11.05sAccuracy: 0.729
class                  precision    recall   specificity      f1   support
--------------------------------------------------------------------------
0                          0.951     0.557         0.973   0.703        70
1                          0.133     0.250         0.904   0.174         8
2                          0.727     0.970         0.692   0.831        66
*========================================*
Saving checkpoint outputs/OrganoidsINRIA_reduced/resnet18/2025-11-17-16-11/training/model_final.pt
[EarlyStopping] no improve (5/40)
[EarlyStopping] no improve (5/40)
0 Mon Nov 17 16:34:25 2025 Epoch: 13
Epoch: 13/150 Iter: 1/96 loss: 0.4103 acc: 0.8750 time 1.97s
Epoch: 13/150 Iter: 2/96 loss: 0.8191 acc: 0.6875 time 1.45s
Epoch: 13/150 Iter: 3/96 loss: 0.9287 acc: 0.6806 time 1.44s
Epoch: 13/150 Iter: 4/96 loss: 0.8904 acc: 0.6354 time 0.82s
Epoch: 13/150 Iter: 5/96 loss: 0.8614 acc: 0.6861 time 0.76s
Epoch: 13/150 Iter: 6/96 loss: 0.9421 acc: 0.6551 time 0.90s
Epoch: 13/150 Iter: 7/96 loss: 0.8972 acc: 0.6865 time 1.42s
Epoch: 13/150 Iter: 8/96 loss: 0.8881 acc: 0.6319 time 0.87s
Epoch: 13/150 Iter: 9/96 loss: 0.8496 acc: 0.6265 time 0.93s
Epoch: 13/150 Iter: 10/96 loss: 0.8309 acc: 0.6514 time 0.89s
Epoch: 13/150 Iter: 11/96 loss: 0.7976 acc: 0.6427 time 0.79s
Epoch: 13/150 Iter: 12/96 loss: 0.7935 acc: 0.6100 time 0.87s
Epoch: 13/150 Iter: 13/96 loss: 0.8063 acc: 0.5823 time 0.80s
Epoch: 13/150 Iter: 14/96 loss: 0.8208 acc: 0.5645 time 1.43s
Epoch: 13/150 Iter: 15/96 loss: 0.8066 acc: 0.5657 time 1.43s
Epoch: 13/150 Iter: 16/96 loss: 0.8033 acc: 0.5564 time 0.79s
Epoch: 13/150 Iter: 17/96 loss: 0.8044 acc: 0.5678 time 1.44s
Epoch: 13/150 Iter: 18/96 loss: 0.8276 acc: 0.5733 time 1.42s
Epoch: 13/150 Iter: 19/96 loss: 0.8255 acc: 0.5852 time 0.81s
Epoch: 13/150 Iter: 20/96 loss: 0.8070 acc: 0.5997 time 0.89s
Epoch: 13/150 Iter: 21/96 loss: 0.7948 acc: 0.6188 time 0.74s
Epoch: 13/150 Iter: 22/96 loss: 0.8161 acc: 0.6159 time 0.86s
Epoch: 13/150 Iter: 23/96 loss: 0.8335 acc: 0.6109 time 0.78s
Epoch: 13/150 Iter: 24/96 loss: 0.8336 acc: 0.6049 time 0.79s
Epoch: 13/150 Iter: 25/96 loss: 0.8434 acc: 0.6007 time 1.45s
Epoch: 13/150 Iter: 26/96 loss: 0.8382 acc: 0.6160 time 1.45s
Epoch: 13/150 Iter: 27/96 loss: 0.8456 acc: 0.6105 time 1.47s
Epoch: 13/150 Iter: 28/96 loss: 0.8253 acc: 0.6244 time 1.47s
Epoch: 13/150 Iter: 29/96 loss: 0.8472 acc: 0.6259 time 1.41s
Epoch: 13/150 Iter: 30/96 loss: 0.8413 acc: 0.6228 time 1.40s
Epoch: 13/150 Iter: 31/96 loss: 0.8403 acc: 0.6113 time 0.92s
Epoch: 13/150 Iter: 32/96 loss: 0.8280 acc: 0.6234 time 0.79s
Epoch: 13/150 Iter: 33/96 loss: 0.8285 acc: 0.6121 time 1.46s
Epoch: 13/150 Iter: 34/96 loss: 0.8407 acc: 0.6023 time 1.36s
Epoch: 13/150 Iter: 35/96 loss: 0.8311 acc: 0.6017 time 0.85s
Epoch: 13/150 Iter: 36/96 loss: 0.8283 acc: 0.6059 time 1.47s
Epoch: 13/150 Iter: 37/96 loss: 0.8196 acc: 0.6098 time 1.45s
Epoch: 13/150 Iter: 38/96 loss: 0.8135 acc: 0.6127 time 0.90s
Epoch: 13/150 Iter: 39/96 loss: 0.8019 acc: 0.6226 time 0.82s
Epoch: 13/150 Iter: 40/96 loss: 0.8174 acc: 0.6154 time 1.48s
Epoch: 13/150 Iter: 41/96 loss: 0.8196 acc: 0.6167 time 0.83s
Epoch: 13/150 Iter: 42/96 loss: 0.8067 acc: 0.6258 time 0.94s
Epoch: 13/150 Iter: 43/96 loss: 0.8117 acc: 0.6190 time 1.44s
Epoch: 13/150 Iter: 44/96 loss: 0.8001 acc: 0.6277 time 0.84s
Epoch: 13/150 Iter: 45/96 loss: 0.7973 acc: 0.6331 time 0.80s
Epoch: 13/150 Iter: 46/96 loss: 0.7943 acc: 0.6321 time 0.87s
Epoch: 13/150 Iter: 47/96 loss: 0.7973 acc: 0.6257 time 1.43s
Epoch: 13/150 Iter: 48/96 loss: 0.7923 acc: 0.6335 time 1.42s
Epoch: 13/150 Iter: 49/96 loss: 0.7876 acc: 0.6369 time 0.74s
Epoch: 13/150 Iter: 50/96 loss: 0.7964 acc: 0.6319 time 0.80s
Epoch: 13/150 Iter: 51/96 loss: 0.8022 acc: 0.6274 time 0.77s
Epoch: 13/150 Iter: 52/96 loss: 0.7976 acc: 0.6330 time 0.75s
Epoch: 13/150 Iter: 53/96 loss: 0.7948 acc: 0.6375 time 0.77s
Epoch: 13/150 Iter: 54/96 loss: 0.7890 acc: 0.6381 time 0.90s
Epoch: 13/150 Iter: 55/96 loss: 0.7934 acc: 0.6305 time 0.78s
Epoch: 13/150 Iter: 56/96 loss: 0.7849 acc: 0.6371 time 0.89s
Epoch: 13/150 Iter: 57/96 loss: 0.7869 acc: 0.6318 time 1.44s
Epoch: 13/150 Iter: 58/96 loss: 0.7913 acc: 0.6295 time 0.88s
Epoch: 13/150 Iter: 59/96 loss: 0.7914 acc: 0.6301 time 0.87s
Epoch: 13/150 Iter: 60/96 loss: 0.7832 acc: 0.6344 time 1.44s
Epoch: 13/150 Iter: 61/96 loss: 0.7816 acc: 0.6350 time 1.46s
Epoch: 13/150 Iter: 62/96 loss: 0.7783 acc: 0.6376 time 0.80s
Epoch: 13/150 Iter: 63/96 loss: 0.7847 acc: 0.6341 time 1.47s
Epoch: 13/150 Iter: 64/96 loss: 0.7831 acc: 0.6340 time 1.41s
Epoch: 13/150 Iter: 65/96 loss: 0.7834 acc: 0.6345 time 0.81s
Epoch: 13/150 Iter: 66/96 loss: 0.7857 acc: 0.6287 time 0.79s
Epoch: 13/150 Iter: 67/96 loss: 0.7863 acc: 0.6267 time 0.94s
Epoch: 13/150 Iter: 68/96 loss: 0.7904 acc: 0.6234 time 0.93s
Epoch: 13/150 Iter: 69/96 loss: 0.7923 acc: 0.6204 time 1.41s
Epoch: 13/150 Iter: 70/96 loss: 0.7934 acc: 0.6187 time 0.90s
Epoch: 13/150 Iter: 71/96 loss: 0.7962 acc: 0.6135 time 0.78s
Epoch: 13/150 Iter: 72/96 loss: 0.7944 acc: 0.6171 time 0.87s
Epoch: 13/150 Iter: 73/96 loss: 0.7933 acc: 0.6155 time 0.76s
Epoch: 13/150 Iter: 74/96 loss: 0.7901 acc: 0.6180 time 0.98s
Epoch: 13/150 Iter: 75/96 loss: 0.7904 acc: 0.6164 time 1.47s
Epoch: 13/150 Iter: 76/96 loss: 0.7850 acc: 0.6198 time 0.85s
Epoch: 13/150 Iter: 77/96 loss: 0.7891 acc: 0.6183 time 0.87s
Epoch: 13/150 Iter: 78/96 loss: 0.7860 acc: 0.6210 time 0.74s
Epoch: 13/150 Iter: 79/96 loss: 0.7878 acc: 0.6220 time 0.91s
Epoch: 13/150 Iter: 80/96 loss: 0.7836 acc: 0.6252 time 0.88s
Epoch: 13/150 Iter: 81/96 loss: 0.7787 acc: 0.6298 time 0.70s
Epoch: 13/150 Iter: 82/96 loss: 0.7730 acc: 0.6343 time 0.88s
Epoch: 13/150 Iter: 83/96 loss: 0.7706 acc: 0.6372 time 1.39s
Epoch: 13/150 Iter: 84/96 loss: 0.7882 acc: 0.6366 time 1.40s
Epoch: 13/150 Iter: 85/96 loss: 0.7837 acc: 0.6409 time 0.80s
Epoch: 13/150 Iter: 86/96 loss: 0.7910 acc: 0.6412 time 0.76s
Epoch: 13/150 Iter: 87/96 loss: 0.7857 acc: 0.6453 time 0.76s
Epoch: 13/150 Iter: 88/96 loss: 0.7855 acc: 0.6449 time 1.40s
Epoch: 13/150 Iter: 89/96 loss: 0.7842 acc: 0.6427 time 0.77s
Epoch: 13/150 Iter: 90/96 loss: 0.7803 acc: 0.6466 time 0.70s
Epoch: 13/150 Iter: 91/96 loss: 0.7805 acc: 0.6450 time 0.70s
Epoch: 13/150 Iter: 92/96 loss: 0.7819 acc: 0.6453 time 0.73s
Epoch: 13/150 Iter: 93/96 loss: 0.7795 acc: 0.6455 time 0.71s
Epoch: 13/150 Iter: 94/96 loss: 0.7798 acc: 0.6395 time 0.76s
Epoch: 13/150 Iter: 95/96 loss: 0.7753 acc: 0.6433 time 0.94s
Epoch: 13/150 Iter: 96/96 loss: 0.7831 acc: 0.6389 time 1.47s
[Train epoch 13] avg_loss=0.7831 avg_acc=0.6389 | per-class [c0: 0.639, c1: 0.567, c2: 0.722]
Final training 13/150, loss: 0.7831, time 100.03s, lr: 0.079541
Accuracy: 0.674
class                  precision    recall   specificity      f1   support
--------------------------------------------------------------------------
0                          0.719     0.639         0.764   0.677       280
1                          0.293     0.567         0.925   0.386        30
2                          0.714     0.722         0.752   0.718       266
*----------------------------------------*
0 Mon Nov 17 16:36:05 2025 Epoch: 14
Epoch: 14/150 Iter: 1/96 loss: 0.9356 acc: 0.6667 time 2.00s
Epoch: 14/150 Iter: 2/96 loss: 0.9229 acc: 0.6111 time 0.82s
Epoch: 14/150 Iter: 3/96 loss: 0.7667 acc: 0.6991 time 1.43s
Epoch: 14/150 Iter: 4/96 loss: 0.7657 acc: 0.6076 time 0.88s
Epoch: 14/150 Iter: 5/96 loss: 0.7392 acc: 0.5694 time 0.76s
Epoch: 14/150 Iter: 6/96 loss: 0.7783 acc: 0.5301 time 0.79s
Epoch: 14/150 Iter: 7/96 loss: 0.7613 acc: 0.5687 time 1.49s
Epoch: 14/150 Iter: 8/96 loss: 0.7312 acc: 0.5531 time 1.38s
Epoch: 14/150 Iter: 9/96 loss: 0.7238 acc: 0.5534 time 0.79s
Epoch: 14/150 Iter: 10/96 loss: 0.7553 acc: 0.5369 time 1.47s
Epoch: 14/150 Iter: 11/96 loss: 0.7123 acc: 0.5689 time 1.42s
Epoch: 14/150 Iter: 12/96 loss: 0.7556 acc: 0.5447 time 1.37s
Epoch: 14/150 Iter: 13/96 loss: 0.8028 acc: 0.5220 time 0.97s
Epoch: 14/150 Iter: 14/96 loss: 0.8116 acc: 0.5204 time 0.81s
Epoch: 14/150 Iter: 15/96 loss: 0.8065 acc: 0.5191 time 0.76s
Epoch: 14/150 Iter: 16/96 loss: 0.8347 acc: 0.5023 time 1.47s
Epoch: 14/150 Iter: 17/96 loss: 0.8177 acc: 0.5168 time 0.81s
Epoch: 14/150 Iter: 18/96 loss: 0.8101 acc: 0.5128 time 1.47s
Epoch: 14/150 Iter: 19/96 loss: 0.8316 acc: 0.4990 time 1.46s
Epoch: 14/150 Iter: 20/96 loss: 0.8169 acc: 0.5157 time 0.83s
Epoch: 14/150 Iter: 21/96 loss: 0.8056 acc: 0.5149 time 0.90s
Epoch: 14/150 Iter: 22/96 loss: 0.8001 acc: 0.5105 time 1.44s
Epoch: 14/150 Iter: 23/96 loss: 0.8016 acc: 0.5100 time 0.91s
Epoch: 14/150 Iter: 24/96 loss: 0.7944 acc: 0.5221 time 1.43s
Epoch: 14/150 Iter: 25/96 loss: 0.7761 acc: 0.5234 time 0.95s
Epoch: 14/150 Iter: 26/96 loss: 0.7594 acc: 0.5418 time 1.46s
Epoch: 14/150 Iter: 27/96 loss: 0.7693 acc: 0.5433 time 0.82s
Epoch: 14/150 Iter: 28/96 loss: 0.7673 acc: 0.5418 time 1.47s
Epoch: 14/150 Iter: 29/96 loss: 0.7587 acc: 0.5507 time 0.79s
Epoch: 14/150 Iter: 30/96 loss: 0.7518 acc: 0.5590 time 0.80s
Epoch: 14/150 Iter: 31/96 loss: 0.7761 acc: 0.5625 time 0.90s
Epoch: 14/150 Iter: 32/96 loss: 0.7705 acc: 0.5683 time 1.45s
Epoch: 14/150 Iter: 33/96 loss: 0.7681 acc: 0.5646 time 0.82s
Epoch: 14/150 Iter: 34/96 loss: 0.7904 acc: 0.5676 time 0.77s
Epoch: 14/150 Iter: 35/96 loss: 0.8068 acc: 0.5640 time 1.40s
Epoch: 14/150 Iter: 36/96 loss: 0.8030 acc: 0.5623 time 0.88s
Epoch: 14/150 Iter: 37/96 loss: 0.7978 acc: 0.5640 time 0.81s
Epoch: 14/150 Iter: 38/96 loss: 0.7858 acc: 0.5754 time 1.45s
Epoch: 14/150 Iter: 39/96 loss: 0.7816 acc: 0.5735 time 1.41s
Epoch: 14/150 Iter: 40/96 loss: 0.7806 acc: 0.5772 time 0.94s
Epoch: 14/150 Iter: 41/96 loss: 0.7845 acc: 0.5713 time 1.42s
Epoch: 14/150 Iter: 42/96 loss: 0.7885 acc: 0.5656 time 0.95s
Epoch: 14/150 Iter: 43/96 loss: 0.7938 acc: 0.5633 time 1.46s
Epoch: 14/150 Iter: 44/96 loss: 0.7953 acc: 0.5619 time 0.93s
Epoch: 14/150 Iter: 45/96 loss: 0.8125 acc: 0.5605 time 1.45s
Epoch: 14/150 Iter: 46/96 loss: 0.8060 acc: 0.5673 time 1.39s
Epoch: 14/150 Iter: 47/96 loss: 0.8076 acc: 0.5666 time 0.77s
Epoch: 14/150 Iter: 48/96 loss: 0.8023 acc: 0.5722 time 0.87s
Epoch: 14/150 Iter: 49/96 loss: 0.7929 acc: 0.5809 time 1.44s
Epoch: 14/150 Iter: 50/96 loss: 0.7939 acc: 0.5809 time 1.44s
Epoch: 14/150 Iter: 51/96 loss: 0.7955 acc: 0.5859 time 1.37s
Epoch: 14/150 Iter: 52/96 loss: 0.8065 acc: 0.5836 time 1.38s
Epoch: 14/150 Iter: 53/96 loss: 0.8072 acc: 0.5836 time 1.41s
Epoch: 14/150 Iter: 54/96 loss: 0.8057 acc: 0.5876 time 1.45s
Epoch: 14/150 Iter: 55/96 loss: 0.8038 acc: 0.5901 time 0.89s
Epoch: 14/150 Iter: 56/96 loss: 0.8008 acc: 0.5894 time 0.93s
Epoch: 14/150 Iter: 57/96 loss: 0.7965 acc: 0.5944 time 0.91s
Epoch: 14/150 Iter: 58/96 loss: 0.7992 acc: 0.5943 time 0.88s
Epoch: 14/150 Iter: 59/96 loss: 0.8034 acc: 0.5861 time 1.40s
Epoch: 14/150 Iter: 60/96 loss: 0.8078 acc: 0.5832 time 0.84s
Epoch: 14/150 Iter: 61/96 loss: 0.8123 acc: 0.5791 time 1.38s
Epoch: 14/150 Iter: 62/96 loss: 0.8127 acc: 0.5770 time 1.42s
Epoch: 14/150 Iter: 63/96 loss: 0.8158 acc: 0.5742 time 0.72s
Epoch: 14/150 Iter: 64/96 loss: 0.8201 acc: 0.5704 time 0.81s
Epoch: 14/150 Iter: 65/96 loss: 0.8158 acc: 0.5736 time 0.92s
Epoch: 14/150 Iter: 66/96 loss: 0.8154 acc: 0.5687 time 1.44s
Epoch: 14/150 Iter: 67/96 loss: 0.8149 acc: 0.5735 time 1.41s
Epoch: 14/150 Iter: 68/96 loss: 0.8226 acc: 0.5708 time 0.80s
Epoch: 14/150 Iter: 69/96 loss: 0.8154 acc: 0.5770 time 0.81s
Epoch: 14/150 Iter: 70/96 loss: 0.8115 acc: 0.5830 time 1.45s
Epoch: 14/150 Iter: 71/96 loss: 0.8145 acc: 0.5795 time 1.46s
Epoch: 14/150 Iter: 72/96 loss: 0.8118 acc: 0.5807 time 1.44s
Epoch: 14/150 Iter: 73/96 loss: 0.8166 acc: 0.5819 time 0.82s
Epoch: 14/150 Iter: 74/96 loss: 0.8156 acc: 0.5797 time 1.42s
Epoch: 14/150 Iter: 75/96 loss: 0.8126 acc: 0.5836 time 0.79s
Epoch: 14/150 Iter: 76/96 loss: 0.8052 acc: 0.5891 time 1.46s
Epoch: 14/150 Iter: 77/96 loss: 0.8048 acc: 0.5918 time 1.43s
Epoch: 14/150 Iter: 78/96 loss: 0.8040 acc: 0.5945 time 0.96s
Epoch: 14/150 Iter: 79/96 loss: 0.7997 acc: 0.5949 time 1.47s
Epoch: 14/150 Iter: 80/96 loss: 0.7975 acc: 0.5958 time 1.49s
Epoch: 14/150 Iter: 81/96 loss: 0.7957 acc: 0.5946 time 1.38s
Epoch: 14/150 Iter: 82/96 loss: 0.7979 acc: 0.5890 time 1.37s
Epoch: 14/150 Iter: 83/96 loss: 0.7942 acc: 0.5909 time 0.76s
Epoch: 14/150 Iter: 84/96 loss: 0.7887 acc: 0.5958 time 0.70s
Epoch: 14/150 Iter: 85/96 loss: 0.7848 acc: 0.5991 time 1.37s
Epoch: 14/150 Iter: 86/96 loss: 0.7981 acc: 0.5998 time 1.46s
Epoch: 14/150 Iter: 87/96 loss: 0.7912 acc: 0.6044 time 0.79s
Epoch: 14/150 Iter: 88/96 loss: 0.7887 acc: 0.6047 time 0.80s
Epoch: 14/150 Iter: 89/96 loss: 0.7859 acc: 0.6069 time 0.74s
Epoch: 14/150 Iter: 90/96 loss: 0.7883 acc: 0.6057 time 0.70s
Epoch: 14/150 Iter: 91/96 loss: 0.7868 acc: 0.6045 time 1.39s
Epoch: 14/150 Iter: 92/96 loss: 0.7851 acc: 0.6034 time 1.37s
Epoch: 14/150 Iter: 93/96 loss: 0.7831 acc: 0.6029 time 0.85s
Epoch: 14/150 Iter: 94/96 loss: 0.7796 acc: 0.6044 time 0.82s
Epoch: 14/150 Iter: 95/96 loss: 0.7781 acc: 0.6075 time 1.41s
Epoch: 14/150 Iter: 96/96 loss: 0.7771 acc: 0.6090 time 0.69s
[Train epoch 14] avg_loss=0.7771 avg_acc=0.6090 | per-class [c0: 0.643, c1: 0.400, c2: 0.699]
Final training 14/150, loss: 0.7771, time 109.13s, lr: 0.079401
Accuracy: 0.656
class                  precision    recall   specificity      f1   support
--------------------------------------------------------------------------
0                          0.744     0.643         0.791   0.690       280
1                          0.169     0.400         0.892   0.238        30
2                          0.707     0.699         0.752   0.703       266
*----------------------------------------*
Val 14/150 1/24, Acc: 0.2222, Loss: 4.7889, time 0.42s
Val 14/150 2/24, Acc: 0.6111, Loss: 2.5455, time 0.42s
Val 14/150 3/24, Acc: 0.5926, Loss: 2.2243, time 0.50s
Val 14/150 4/24, Acc: 0.5694, Loss: 1.7672, time 0.44s
Val 14/150 5/24, Acc: 0.6556, Loss: 1.4999, time 0.49s
Val 14/150 6/24, Acc: 0.7130, Loss: 1.3106, time 0.52s
Val 14/150 7/24, Acc: 0.7361, Loss: 1.1827, time 0.42s
Val 14/150 8/24, Acc: 0.7691, Loss: 1.0837, time 0.50s
Val 14/150 9/24, Acc: 0.7948, Loss: 1.0170, time 0.46s
Val 14/150 10/24, Acc: 0.8153, Loss: 0.9454, time 0.53s
Val 14/150 11/24, Acc: 0.8068, Loss: 0.9390, time 0.44s
Val 14/150 12/24, Acc: 0.7581, Loss: 0.9181, time 0.51s
Val 14/150 13/24, Acc: 0.7575, Loss: 0.8872, time 0.48s
Val 14/150 14/24, Acc: 0.7659, Loss: 0.8679, time 0.46s
Val 14/150 15/24, Acc: 0.7759, Loss: 0.8511, time 0.40s
Val 14/150 16/24, Acc: 0.7899, Loss: 0.8082, time 0.49s
Val 14/150 17/24, Acc: 0.7949, Loss: 0.7841, time 0.55s
Val 14/150 18/24, Acc: 0.7739, Loss: 0.7844, time 0.50s
Val 14/150 19/24, Acc: 0.7753, Loss: 0.7793, time 0.52s
Val 14/150 20/24, Acc: 0.7643, Loss: 0.7589, time 0.53s
Val 14/150 21/24, Acc: 0.7636, Loss: 0.7426, time 0.48s
Val 14/150 22/24, Acc: 0.7441, Loss: 0.7517, time 0.56s
Val 14/150 23/24, Acc: 0.7262, Loss: 0.7728, time 0.39s
Val 14/150 24/24, Acc: 0.7376, Loss: 0.7632, time 0.41s
[Val epoch 14] avg_acc=0.7376 | avg_loss=0.7632 | per-class [c0: 0.800, c1: 0.500, c2: 0.803]
Final validation 14/150, Val_acc: 0.7376, time 11.42sAccuracy: 0.785
class                  precision    recall   specificity      f1   support
--------------------------------------------------------------------------
0                          0.824     0.800         0.838   0.812        70
1                          0.364     0.500         0.949   0.421         8
2                          0.815     0.803         0.846   0.809        66
*========================================*
Saving checkpoint outputs/OrganoidsINRIA_reduced/resnet18/2025-11-17-16-11/training/model_final.pt
[EarlyStopping] no improve (6/40)
[EarlyStopping] improved to 0.763181
0 Mon Nov 17 16:38:10 2025 Epoch: 15
Epoch: 15/150 Iter: 1/96 loss: 0.6906 acc: 0.5333 time 2.76s
Epoch: 15/150 Iter: 2/96 loss: 0.8807 acc: 0.3667 time 1.45s
Epoch: 15/150 Iter: 3/96 loss: 0.8031 acc: 0.3694 time 1.44s
Epoch: 15/150 Iter: 4/96 loss: 0.6958 acc: 0.4854 time 0.79s
Epoch: 15/150 Iter: 5/96 loss: 0.9570 acc: 0.4883 time 0.74s
Epoch: 15/150 Iter: 6/96 loss: 0.9761 acc: 0.4903 time 0.86s
Epoch: 15/150 Iter: 7/96 loss: 1.1738 acc: 0.4758 time 0.75s
Epoch: 15/150 Iter: 8/96 loss: 1.1049 acc: 0.4788 time 1.45s
Epoch: 15/150 Iter: 9/96 loss: 1.0832 acc: 0.4935 time 1.47s
Epoch: 15/150 Iter: 10/96 loss: 1.0916 acc: 0.5108 time 0.79s
Epoch: 15/150 Iter: 11/96 loss: 1.0453 acc: 0.5174 time 0.90s
Epoch: 15/150 Iter: 12/96 loss: 1.0030 acc: 0.5206 time 1.45s
Epoch: 15/150 Iter: 13/96 loss: 0.9663 acc: 0.5575 time 1.43s
Epoch: 15/150 Iter: 14/96 loss: 0.9551 acc: 0.5534 time 1.44s
Epoch: 15/150 Iter: 15/96 loss: 0.9525 acc: 0.5387 time 0.81s
Epoch: 15/150 Iter: 16/96 loss: 0.9256 acc: 0.5675 time 1.45s
Epoch: 15/150 Iter: 17/96 loss: 0.9079 acc: 0.5783 time 0.83s
Epoch: 15/150 Iter: 18/96 loss: 0.9122 acc: 0.5600 time 1.40s
Epoch: 15/150 Iter: 19/96 loss: 0.8911 acc: 0.5569 time 0.79s
Epoch: 15/150 Iter: 20/96 loss: 0.8741 acc: 0.5665 time 1.47s
Epoch: 15/150 Iter: 21/96 loss: 0.8611 acc: 0.5792 time 0.83s
Epoch: 15/150 Iter: 22/96 loss: 0.8480 acc: 0.5933 time 1.41s
Epoch: 15/150 Iter: 23/96 loss: 0.8253 acc: 0.6110 time 0.93s
Epoch: 15/150 Iter: 24/96 loss: 0.8272 acc: 0.6017 time 1.47s
Epoch: 15/150 Iter: 25/96 loss: 0.8343 acc: 0.6043 time 1.43s
Epoch: 15/150 Iter: 26/96 loss: 0.8629 acc: 0.6067 time 0.81s
Epoch: 15/150 Iter: 27/96 loss: 0.8514 acc: 0.6213 time 0.79s
Epoch: 15/150 Iter: 28/96 loss: 0.8539 acc: 0.6110 time 0.81s
Epoch: 15/150 Iter: 29/96 loss: 0.8535 acc: 0.6175 time 1.46s
Epoch: 15/150 Iter: 30/96 loss: 0.8394 acc: 0.6266 time 0.95s
Epoch: 15/150 Iter: 31/96 loss: 0.8537 acc: 0.6144 time 1.45s
Epoch: 15/150 Iter: 32/96 loss: 0.8889 acc: 0.5978 time 0.76s
Epoch: 15/150 Iter: 33/96 loss: 0.8859 acc: 0.5932 time 0.81s
Epoch: 15/150 Iter: 34/96 loss: 0.8742 acc: 0.6002 time 0.78s
Epoch: 15/150 Iter: 35/96 loss: 0.8793 acc: 0.5926 time 1.47s
Epoch: 15/150 Iter: 36/96 loss: 0.8734 acc: 0.5900 time 0.89s
Epoch: 15/150 Iter: 37/96 loss: 0.8717 acc: 0.5861 time 0.80s
Epoch: 15/150 Iter: 38/96 loss: 0.8689 acc: 0.5795 time 1.41s
Epoch: 15/150 Iter: 39/96 loss: 0.8671 acc: 0.5788 time 0.92s
Epoch: 15/150 Iter: 40/96 loss: 0.8616 acc: 0.5790 time 1.40s
Epoch: 15/150 Iter: 41/96 loss: 0.8561 acc: 0.5865 time 0.88s
Epoch: 15/150 Iter: 42/96 loss: 0.8506 acc: 0.5944 time 1.40s
Epoch: 15/150 Iter: 43/96 loss: 0.8555 acc: 0.5883 time 0.82s
Epoch: 15/150 Iter: 44/96 loss: 0.8489 acc: 0.5951 time 1.45s
Epoch: 15/150 Iter: 45/96 loss: 0.8532 acc: 0.5875 time 0.84s
Epoch: 15/150 Iter: 46/96 loss: 0.8464 acc: 0.5937 time 1.42s
Epoch: 15/150 Iter: 47/96 loss: 0.8431 acc: 0.6006 time 0.79s
Epoch: 15/150 Iter: 48/96 loss: 0.8447 acc: 0.6011 time 0.91s
Epoch: 15/150 Iter: 49/96 loss: 0.8474 acc: 0.6041 time 0.88s
Epoch: 15/150 Iter: 50/96 loss: 0.8483 acc: 0.5965 time 0.95s
Epoch: 15/150 Iter: 51/96 loss: 0.8455 acc: 0.5953 time 0.95s
Epoch: 15/150 Iter: 52/96 loss: 0.8478 acc: 0.5870 time 0.80s
Epoch: 15/150 Iter: 53/96 loss: 0.8432 acc: 0.5925 time 0.76s
Epoch: 15/150 Iter: 54/96 loss: 0.8467 acc: 0.5944 time 1.46s
Epoch: 15/150 Iter: 55/96 loss: 0.8412 acc: 0.5995 time 0.86s
Epoch: 15/150 Iter: 56/96 loss: 0.8387 acc: 0.5933 time 0.79s
Epoch: 15/150 Iter: 57/96 loss: 0.8302 acc: 0.5926 time 0.77s
Epoch: 15/150 Iter: 58/96 loss: 0.8272 acc: 0.5962 time 0.80s
Epoch: 15/150 Iter: 59/96 loss: 0.8318 acc: 0.5946 time 0.88s
Epoch: 15/150 Iter: 60/96 loss: 0.8446 acc: 0.5930 time 0.93s
Epoch: 15/150 Iter: 61/96 loss: 0.8419 acc: 0.5956 time 1.43s
Epoch: 15/150 Iter: 62/96 loss: 0.8383 acc: 0.5989 time 1.45s
Epoch: 15/150 Iter: 63/96 loss: 0.8374 acc: 0.5973 time 0.84s
Epoch: 15/150 Iter: 64/96 loss: 0.8407 acc: 0.5989 time 0.89s
Epoch: 15/150 Iter: 65/96 loss: 0.8361 acc: 0.6032 time 1.46s
Epoch: 15/150 Iter: 66/96 loss: 0.8372 acc: 0.6011 time 1.40s
Epoch: 15/150 Iter: 67/96 loss: 0.8315 acc: 0.6033 time 0.89s
Epoch: 15/150 Iter: 68/96 loss: 0.8271 acc: 0.6030 time 1.40s
Epoch: 15/150 Iter: 69/96 loss: 0.8194 acc: 0.6088 time 1.42s
Epoch: 15/150 Iter: 70/96 loss: 0.8224 acc: 0.6025 time 0.75s
Epoch: 15/150 Iter: 71/96 loss: 0.8173 acc: 0.6034 time 1.43s
Epoch: 15/150 Iter: 72/96 loss: 0.8111 acc: 0.6089 time 0.81s
Epoch: 15/150 Iter: 73/96 loss: 0.8216 acc: 0.6085 time 0.79s
Epoch: 15/150 Iter: 74/96 loss: 0.8187 acc: 0.6087 time 0.74s
Epoch: 15/150 Iter: 75/96 loss: 0.8149 acc: 0.6123 time 0.74s
Epoch: 15/150 Iter: 76/96 loss: 0.8126 acc: 0.6158 time 0.89s
Epoch: 15/150 Iter: 77/96 loss: 0.8118 acc: 0.6106 time 1.46s
Epoch: 15/150 Iter: 78/96 loss: 0.8106 acc: 0.6071 time 1.47s
Epoch: 15/150 Iter: 79/96 loss: 0.8222 acc: 0.6078 time 0.77s
Epoch: 15/150 Iter: 80/96 loss: 0.8250 acc: 0.6065 time 0.86s
Epoch: 15/150 Iter: 81/96 loss: 0.8312 acc: 0.6041 time 1.42s
Epoch: 15/150 Iter: 82/96 loss: 0.8326 acc: 0.6029 time 1.46s
Epoch: 15/150 Iter: 83/96 loss: 0.8314 acc: 0.6016 time 0.70s
Epoch: 15/150 Iter: 84/96 loss: 0.8275 acc: 0.6064 time 1.39s
Epoch: 15/150 Iter: 85/96 loss: 0.8292 acc: 0.6032 time 1.40s
Epoch: 15/150 Iter: 86/96 loss: 0.8302 acc: 0.6031 time 1.38s
Epoch: 15/150 Iter: 87/96 loss: 0.8261 acc: 0.6064 time 0.71s
Epoch: 15/150 Iter: 88/96 loss: 0.8329 acc: 0.6027 time 0.73s
Epoch: 15/150 Iter: 89/96 loss: 0.8356 acc: 0.5968 time 0.71s
Epoch: 15/150 Iter: 90/96 loss: 0.8330 acc: 0.5958 time 0.74s
Epoch: 15/150 Iter: 91/96 loss: 0.8300 acc: 0.6002 time 0.85s
Epoch: 15/150 Iter: 92/96 loss: 0.8269 acc: 0.5982 time 0.90s
Epoch: 15/150 Iter: 93/96 loss: 0.8264 acc: 0.5963 time 0.68s
Epoch: 15/150 Iter: 94/96 loss: 0.8257 acc: 0.5964 time 0.78s
Epoch: 15/150 Iter: 95/96 loss: 0.8207 acc: 0.5994 time 1.49s
Epoch: 15/150 Iter: 96/96 loss: 0.8166 acc: 0.5989 time 1.42s
[Train epoch 15] avg_loss=0.8166 avg_acc=0.5989 | per-class [c0: 0.630, c1: 0.533, c2: 0.691]
Final training 15/150, loss: 0.8166, time 104.09s, lr: 0.079242
Accuracy: 0.653
class                  precision    recall   specificity      f1   support
--------------------------------------------------------------------------
0                          0.702     0.630         0.746   0.664       281
1                          0.258     0.533         0.916   0.348        30
2                          0.698     0.691         0.746   0.694       265
*----------------------------------------*
0 Mon Nov 17 16:39:54 2025 Epoch: 16
Epoch: 16/150 Iter: 1/96 loss: 1.1366 acc: 0.4444 time 2.37s
Epoch: 16/150 Iter: 2/96 loss: 1.3787 acc: 0.3889 time 1.46s
Epoch: 16/150 Iter: 3/96 loss: 1.0850 acc: 0.5509 time 0.82s
Epoch: 16/150 Iter: 4/96 loss: 1.0280 acc: 0.6424 time 0.76s
Epoch: 16/150 Iter: 5/96 loss: 1.0099 acc: 0.5806 time 1.48s
Epoch: 16/150 Iter: 6/96 loss: 1.0518 acc: 0.5463 time 1.46s
Epoch: 16/150 Iter: 7/96 loss: 0.9530 acc: 0.6111 time 1.44s
Epoch: 16/150 Iter: 8/96 loss: 0.9026 acc: 0.6441 time 1.46s
Epoch: 16/150 Iter: 9/96 loss: 0.8831 acc: 0.6651 time 0.79s
Epoch: 16/150 Iter: 10/96 loss: 0.8335 acc: 0.6986 time 0.90s
Epoch: 16/150 Iter: 11/96 loss: 0.8523 acc: 0.6987 time 0.79s
Epoch: 16/150 Iter: 12/96 loss: 0.8431 acc: 0.6822 time 1.45s
Epoch: 16/150 Iter: 13/96 loss: 0.8727 acc: 0.6810 time 1.44s
Epoch: 16/150 Iter: 14/96 loss: 0.8694 acc: 0.6800 time 0.88s
Epoch: 16/150 Iter: 15/96 loss: 0.8679 acc: 0.6624 time 1.46s
Epoch: 16/150 Iter: 16/96 loss: 0.8861 acc: 0.6627 time 1.44s
Epoch: 16/150 Iter: 17/96 loss: 0.8776 acc: 0.6551 time 1.40s
Epoch: 16/150 Iter: 18/96 loss: 0.8452 acc: 0.6742 time 1.45s
Epoch: 16/150 Iter: 19/96 loss: 0.8268 acc: 0.6694 time 0.90s
Epoch: 16/150 Iter: 20/96 loss: 0.8229 acc: 0.6526 time 1.45s
Epoch: 16/150 Iter: 21/96 loss: 0.8253 acc: 0.6480 time 1.46s
Epoch: 16/150 Iter: 22/96 loss: 0.8270 acc: 0.6388 time 0.94s
Epoch: 16/150 Iter: 23/96 loss: 0.8274 acc: 0.6400 time 0.74s
Epoch: 16/150 Iter: 24/96 loss: 0.8323 acc: 0.6307 time 0.86s
Epoch: 16/150 Iter: 25/96 loss: 0.8296 acc: 0.6321 time 0.88s
Epoch: 16/150 Iter: 26/96 loss: 0.8156 acc: 0.6356 time 0.95s
Epoch: 16/150 Iter: 27/96 loss: 0.8079 acc: 0.6275 time 0.79s
Epoch: 16/150 Iter: 28/96 loss: 0.7993 acc: 0.6363 time 0.88s
Epoch: 16/150 Iter: 29/96 loss: 0.7961 acc: 0.6445 time 0.81s
Epoch: 16/150 Iter: 30/96 loss: 0.7909 acc: 0.6481 time 0.87s
Epoch: 16/150 Iter: 31/96 loss: 0.7830 acc: 0.6465 time 0.84s
Epoch: 16/150 Iter: 32/96 loss: 0.7801 acc: 0.6471 time 1.40s
Epoch: 16/150 Iter: 33/96 loss: 0.7682 acc: 0.6578 time 0.85s
Epoch: 16/150 Iter: 34/96 loss: 0.7577 acc: 0.6642 time 1.45s
Epoch: 16/150 Iter: 35/96 loss: 0.7642 acc: 0.6643 time 1.45s
Epoch: 16/150 Iter: 36/96 loss: 0.7768 acc: 0.6613 time 1.45s
Epoch: 16/150 Iter: 37/96 loss: 0.7616 acc: 0.6704 time 0.89s
Epoch: 16/150 Iter: 38/96 loss: 0.7753 acc: 0.6659 time 0.87s
Epoch: 16/150 Iter: 39/96 loss: 0.7667 acc: 0.6724 time 1.43s
Epoch: 16/150 Iter: 40/96 loss: 0.7710 acc: 0.6611 time 1.40s
Epoch: 16/150 Iter: 41/96 loss: 0.7666 acc: 0.6669 time 1.45s
Epoch: 16/150 Iter: 42/96 loss: 0.7712 acc: 0.6590 time 0.91s
Epoch: 16/150 Iter: 43/96 loss: 0.7648 acc: 0.6640 time 0.79s
Epoch: 16/150 Iter: 44/96 loss: 0.7690 acc: 0.6648 time 0.87s
Epoch: 16/150 Iter: 45/96 loss: 0.7735 acc: 0.6634 time 0.75s
Epoch: 16/150 Iter: 46/96 loss: 0.7779 acc: 0.6598 time 1.44s
Epoch: 16/150 Iter: 47/96 loss: 0.7917 acc: 0.6600 time 0.81s
Epoch: 16/150 Iter: 48/96 loss: 0.7990 acc: 0.6541 time 0.79s
Epoch: 16/150 Iter: 49/96 loss: 0.7931 acc: 0.6577 time 0.93s
Epoch: 16/150 Iter: 50/96 loss: 0.7922 acc: 0.6557 time 0.93s
Epoch: 16/150 Iter: 51/96 loss: 0.7884 acc: 0.6551 time 0.75s
Epoch: 16/150 Iter: 52/96 loss: 0.7921 acc: 0.6521 time 0.85s
Epoch: 16/150 Iter: 53/96 loss: 0.7908 acc: 0.6492 time 0.78s
Epoch: 16/150 Iter: 54/96 loss: 0.7942 acc: 0.6446 time 1.45s
Epoch: 16/150 Iter: 55/96 loss: 0.7893 acc: 0.6480 time 0.81s
Epoch: 16/150 Iter: 56/96 loss: 0.7917 acc: 0.6400 time 1.46s
Epoch: 16/150 Iter: 57/96 loss: 0.7990 acc: 0.6317 time 1.43s
Epoch: 16/150 Iter: 58/96 loss: 0.7956 acc: 0.6346 time 1.42s
Epoch: 16/150 Iter: 59/96 loss: 0.8002 acc: 0.6357 time 0.81s
Epoch: 16/150 Iter: 60/96 loss: 0.8023 acc: 0.6344 time 1.46s
Epoch: 16/150 Iter: 61/96 loss: 0.8035 acc: 0.6340 time 1.39s
Epoch: 16/150 Iter: 62/96 loss: 0.8062 acc: 0.6301 time 0.77s
Epoch: 16/150 Iter: 63/96 loss: 0.8005 acc: 0.6333 time 0.90s
Epoch: 16/150 Iter: 64/96 loss: 0.8048 acc: 0.6317 time 0.79s
Epoch: 16/150 Iter: 65/96 loss: 0.8180 acc: 0.6297 time 0.77s
Epoch: 16/150 Iter: 66/96 loss: 0.8173 acc: 0.6340 time 0.92s
Epoch: 16/150 Iter: 67/96 loss: 0.8114 acc: 0.6370 time 1.45s
Epoch: 16/150 Iter: 68/96 loss: 0.8199 acc: 0.6358 time 0.76s
Epoch: 16/150 Iter: 69/96 loss: 0.8237 acc: 0.6314 time 0.89s
Epoch: 16/150 Iter: 70/96 loss: 0.8279 acc: 0.6284 time 1.47s
Epoch: 16/150 Iter: 71/96 loss: 0.8224 acc: 0.6289 time 0.81s
Epoch: 16/150 Iter: 72/96 loss: 0.8209 acc: 0.6306 time 1.44s
Epoch: 16/150 Iter: 73/96 loss: 0.8258 acc: 0.6227 time 1.43s
Epoch: 16/150 Iter: 74/96 loss: 0.8314 acc: 0.6188 time 0.80s
Epoch: 16/150 Iter: 75/96 loss: 0.8319 acc: 0.6177 time 1.46s
Epoch: 16/150 Iter: 76/96 loss: 0.8354 acc: 0.6161 time 0.90s
Epoch: 16/150 Iter: 77/96 loss: 0.8450 acc: 0.6103 time 0.88s
Epoch: 16/150 Iter: 78/96 loss: 0.8455 acc: 0.6067 time 0.90s
Epoch: 16/150 Iter: 79/96 loss: 0.8409 acc: 0.6064 time 1.42s
Epoch: 16/150 Iter: 80/96 loss: 0.8355 acc: 0.6114 time 0.92s
Epoch: 16/150 Iter: 81/96 loss: 0.8282 acc: 0.6162 time 0.82s
Epoch: 16/150 Iter: 82/96 loss: 0.8286 acc: 0.6117 time 0.81s
Epoch: 16/150 Iter: 83/96 loss: 0.8301 acc: 0.6073 time 0.71s
Epoch: 16/150 Iter: 84/96 loss: 0.8288 acc: 0.6049 time 0.75s
Epoch: 16/150 Iter: 85/96 loss: 0.8266 acc: 0.6066 time 0.74s
Epoch: 16/150 Iter: 86/96 loss: 0.8202 acc: 0.6111 time 1.40s
Epoch: 16/150 Iter: 87/96 loss: 0.8258 acc: 0.6060 time 1.40s
Epoch: 16/150 Iter: 88/96 loss: 0.8230 acc: 0.6077 time 0.75s
Epoch: 16/150 Iter: 89/96 loss: 0.8273 acc: 0.6074 time 1.43s
Epoch: 16/150 Iter: 90/96 loss: 0.8250 acc: 0.6081 time 0.78s
Epoch: 16/150 Iter: 91/96 loss: 0.8212 acc: 0.6110 time 0.74s
Epoch: 16/150 Iter: 92/96 loss: 0.8285 acc: 0.6086 time 1.36s
Epoch: 16/150 Iter: 93/96 loss: 0.8344 acc: 0.6074 time 1.37s
Epoch: 16/150 Iter: 94/96 loss: 0.8336 acc: 0.6063 time 0.71s
Epoch: 16/150 Iter: 95/96 loss: 0.8333 acc: 0.6051 time 1.44s
Epoch: 16/150 Iter: 96/96 loss: 0.8324 acc: 0.6054 time 0.75s
[Train epoch 16] avg_loss=0.8324 avg_acc=0.6054 | per-class [c0: 0.662, c1: 0.300, c2: 0.702]
Final training 16/150, loss: 0.8324, time 104.77s, lr: 0.079065
Accuracy: 0.661
class                  precision    recall   specificity      f1   support
--------------------------------------------------------------------------
0                          0.721     0.662         0.756   0.690       281
1                          0.161     0.300         0.914   0.209        30
2                          0.710     0.702         0.756   0.706       265
*----------------------------------------*
Val 16/150 1/24, Acc: 0.3333, Loss: 4.0488, time 0.41s
Val 16/150 2/24, Acc: 0.6667, Loss: 2.2229, time 0.42s
Val 16/150 3/24, Acc: 0.5556, Loss: 1.9765, time 0.46s
Val 16/150 4/24, Acc: 0.5417, Loss: 1.6168, time 0.41s
Val 16/150 5/24, Acc: 0.5000, Loss: 1.4731, time 0.48s
Val 16/150 6/24, Acc: 0.5000, Loss: 1.3163, time 0.49s
Val 16/150 7/24, Acc: 0.5357, Loss: 1.1937, time 0.47s
Val 16/150 8/24, Acc: 0.5625, Loss: 1.1060, time 0.42s
Val 16/150 9/24, Acc: 0.6111, Loss: 1.0404, time 0.41s
Val 16/150 10/24, Acc: 0.6000, Loss: 1.0450, time 0.50s
Val 16/150 11/24, Acc: 0.5859, Loss: 1.0730, time 0.41s
Val 16/150 12/24, Acc: 0.5417, Loss: 1.1045, time 0.45s
Val 16/150 13/24, Acc: 0.5577, Loss: 1.0533, time 0.52s
Val 16/150 14/24, Acc: 0.5417, Loss: 1.0553, time 0.50s
Val 16/150 15/24, Acc: 0.5278, Loss: 1.0370, time 0.52s
Val 16/150 16/24, Acc: 0.5385, Loss: 1.0184, time 0.50s
Val 16/150 17/24, Acc: 0.5657, Loss: 0.9747, time 0.52s
Val 16/150 18/24, Acc: 0.5528, Loss: 0.9973, time 0.44s
Val 16/150 19/24, Acc: 0.5447, Loss: 1.0102, time 0.44s
Val 16/150 20/24, Acc: 0.5592, Loss: 0.9895, time 0.46s
Val 16/150 21/24, Acc: 0.5683, Loss: 0.9598, time 0.52s
Val 16/150 22/24, Acc: 0.5576, Loss: 0.9631, time 0.53s
Val 16/150 23/24, Acc: 0.5575, Loss: 0.9839, time 0.40s
Val 16/150 24/24, Acc: 0.5713, Loss: 0.9693, time 0.41s
[Val epoch 16] avg_acc=0.5713 | avg_loss=0.9693 | per-class [c0: 0.314, c1: 0.250, c2: 1.000]
Final validation 16/150, Val_acc: 0.5713, time 11.07sAccuracy: 0.625
class                  precision    recall   specificity      f1   support
--------------------------------------------------------------------------
0                          0.957     0.314         0.986   0.473        70
1                          0.154     0.250         0.919   0.190         8
2                          0.611     1.000         0.462   0.759        66
*========================================*
Saving checkpoint outputs/OrganoidsINRIA_reduced/resnet18/2025-11-17-16-11/training/model_final.pt
[EarlyStopping] no improve (7/40)
[EarlyStopping] no improve (1/40)
0 Mon Nov 17 16:41:55 2025 Epoch: 17
Epoch: 17/150 Iter: 1/96 loss: 0.8018 acc: 0.5000 time 1.99s
Epoch: 17/150 Iter: 2/96 loss: 0.9157 acc: 0.5500 time 0.89s
Epoch: 17/150 Iter: 3/96 loss: 0.8345 acc: 0.6167 time 1.36s
Epoch: 17/150 Iter: 4/96 loss: 0.7981 acc: 0.5667 time 1.42s
Epoch: 17/150 Iter: 5/96 loss: 0.7215 acc: 0.6533 time 1.44s
Epoch: 17/150 Iter: 6/96 loss: 0.6765 acc: 0.6694 time 0.82s
Epoch: 17/150 Iter: 7/96 loss: 0.6804 acc: 0.6929 time 1.49s
Epoch: 17/150 Iter: 8/96 loss: 0.7311 acc: 0.6792 time 0.88s
Epoch: 17/150 Iter: 9/96 loss: 0.6860 acc: 0.7148 time 0.80s
Epoch: 17/150 Iter: 10/96 loss: 0.7104 acc: 0.6933 time 1.39s
Epoch: 17/150 Iter: 11/96 loss: 0.6972 acc: 0.6758 time 0.81s
Epoch: 17/150 Iter: 12/96 loss: 0.7209 acc: 0.6472 time 0.79s
Epoch: 17/150 Iter: 13/96 loss: 0.7098 acc: 0.6615 time 0.94s
Epoch: 17/150 Iter: 14/96 loss: 0.7002 acc: 0.6540 time 0.88s
Epoch: 17/150 Iter: 15/96 loss: 0.6841 acc: 0.6659 time 1.48s
Epoch: 17/150 Iter: 16/96 loss: 0.6621 acc: 0.6868 time 1.46s
Epoch: 17/150 Iter: 17/96 loss: 0.6785 acc: 0.6856 time 1.43s
Epoch: 17/150 Iter: 18/96 loss: 0.6674 acc: 0.6920 time 0.90s
Epoch: 17/150 Iter: 19/96 loss: 0.6499 acc: 0.7016 time 1.44s
Epoch: 17/150 Iter: 20/96 loss: 0.6382 acc: 0.6943 time 0.84s
Epoch: 17/150 Iter: 21/96 loss: 0.6523 acc: 0.6771 time 0.78s
Epoch: 17/150 Iter: 22/96 loss: 0.6576 acc: 0.6716 time 0.85s
Epoch: 17/150 Iter: 23/96 loss: 0.6762 acc: 0.6617 time 0.89s
Epoch: 17/150 Iter: 24/96 loss: 0.6701 acc: 0.6550 time 0.90s
Epoch: 17/150 Iter: 25/96 loss: 0.6762 acc: 0.6466 time 1.44s
Epoch: 17/150 Iter: 26/96 loss: 0.6878 acc: 0.6302 time 0.76s
Epoch: 17/150 Iter: 27/96 loss: 0.6820 acc: 0.6408 time 0.85s
Epoch: 17/150 Iter: 28/96 loss: 0.6809 acc: 0.6328 time 1.40s
Epoch: 17/150 Iter: 29/96 loss: 0.6948 acc: 0.6187 time 0.92s
Epoch: 17/150 Iter: 30/96 loss: 0.6921 acc: 0.6119 time 0.76s
Epoch: 17/150 Iter: 31/96 loss: 0.6955 acc: 0.6124 time 0.84s
Epoch: 17/150 Iter: 32/96 loss: 0.7066 acc: 0.6071 time 0.87s
Epoch: 17/150 Iter: 33/96 loss: 0.6920 acc: 0.6152 time 0.78s
Epoch: 17/150 Iter: 34/96 loss: 0.6866 acc: 0.6207 time 1.47s
Epoch: 17/150 Iter: 35/96 loss: 0.6908 acc: 0.6220 time 1.49s
Epoch: 17/150 Iter: 36/96 loss: 0.6851 acc: 0.6209 time 0.85s
Epoch: 17/150 Iter: 37/96 loss: 0.6916 acc: 0.6131 time 1.45s
Epoch: 17/150 Iter: 38/96 loss: 0.6958 acc: 0.6087 time 1.46s
Epoch: 17/150 Iter: 39/96 loss: 0.6942 acc: 0.6091 time 0.80s
Epoch: 17/150 Iter: 40/96 loss: 0.6921 acc: 0.6022 time 0.96s
Epoch: 17/150 Iter: 41/96 loss: 0.6916 acc: 0.6028 time 0.88s
Epoch: 17/150 Iter: 42/96 loss: 0.6852 acc: 0.6093 time 1.48s
Epoch: 17/150 Iter: 43/96 loss: 0.6781 acc: 0.6125 time 1.46s
Epoch: 17/150 Iter: 44/96 loss: 0.6768 acc: 0.6194 time 0.79s
Epoch: 17/150 Iter: 45/96 loss: 0.6832 acc: 0.6242 time 0.87s
Epoch: 17/150 Iter: 46/96 loss: 0.6807 acc: 0.6324 time 1.43s
Epoch: 17/150 Iter: 47/96 loss: 0.6814 acc: 0.6331 time 0.77s
Epoch: 17/150 Iter: 48/96 loss: 0.6719 acc: 0.6407 time 1.49s
Epoch: 17/150 Iter: 49/96 loss: 0.6705 acc: 0.6362 time 1.39s
Epoch: 17/150 Iter: 50/96 loss: 0.6674 acc: 0.6323 time 0.88s
Epoch: 17/150 Iter: 51/96 loss: 0.6628 acc: 0.6374 time 1.44s
Epoch: 17/150 Iter: 52/96 loss: 0.6542 acc: 0.6443 time 1.41s
Epoch: 17/150 Iter: 53/96 loss: 0.6650 acc: 0.6343 time 1.41s
Epoch: 17/150 Iter: 54/96 loss: 0.6698 acc: 0.6312 time 1.45s
Epoch: 17/150 Iter: 55/96 loss: 0.6656 acc: 0.6348 time 0.85s
Epoch: 17/150 Iter: 56/96 loss: 0.6694 acc: 0.6314 time 0.84s
Epoch: 17/150 Iter: 57/96 loss: 0.6701 acc: 0.6365 time 1.39s
Epoch: 17/150 Iter: 58/96 loss: 0.6753 acc: 0.6274 time 0.91s
Epoch: 17/150 Iter: 59/96 loss: 0.6760 acc: 0.6252 time 1.43s
Epoch: 17/150 Iter: 60/96 loss: 0.6697 acc: 0.6296 time 1.39s
Epoch: 17/150 Iter: 61/96 loss: 0.6655 acc: 0.6343 time 0.88s
Epoch: 17/150 Iter: 62/96 loss: 0.6630 acc: 0.6349 time 0.87s
Epoch: 17/150 Iter: 63/96 loss: 0.6567 acc: 0.6380 time 0.80s
Epoch: 17/150 Iter: 64/96 loss: 0.6584 acc: 0.6345 time 0.77s
Epoch: 17/150 Iter: 65/96 loss: 0.6563 acc: 0.6350 time 0.75s
Epoch: 17/150 Iter: 66/96 loss: 0.6607 acc: 0.6325 time 1.40s
Epoch: 17/150 Iter: 67/96 loss: 0.6613 acc: 0.6342 time 1.48s
Epoch: 17/150 Iter: 68/96 loss: 0.6595 acc: 0.6380 time 0.77s
Epoch: 17/150 Iter: 69/96 loss: 0.6564 acc: 0.6348 time 1.43s
Epoch: 17/150 Iter: 70/96 loss: 0.6576 acc: 0.6364 time 0.77s
Epoch: 17/150 Iter: 71/96 loss: 0.6554 acc: 0.6404 time 0.78s
Epoch: 17/150 Iter: 72/96 loss: 0.6577 acc: 0.6384 time 0.82s
Epoch: 17/150 Iter: 73/96 loss: 0.6652 acc: 0.6358 time 0.74s
Epoch: 17/150 Iter: 74/96 loss: 0.6738 acc: 0.6272 time 0.88s
Epoch: 17/150 Iter: 75/96 loss: 0.6777 acc: 0.6233 time 1.45s
Epoch: 17/150 Iter: 76/96 loss: 0.6731 acc: 0.6282 time 1.44s
Epoch: 17/150 Iter: 77/96 loss: 0.6763 acc: 0.6287 time 1.46s
Epoch: 17/150 Iter: 78/96 loss: 0.6759 acc: 0.6255 time 0.91s
Epoch: 17/150 Iter: 79/96 loss: 0.6770 acc: 0.6207 time 1.46s
Epoch: 17/150 Iter: 80/96 loss: 0.6787 acc: 0.6171 time 0.79s
Epoch: 17/150 Iter: 81/96 loss: 0.6746 acc: 0.6206 time 1.42s
Epoch: 17/150 Iter: 82/96 loss: 0.6698 acc: 0.6252 time 0.80s
Epoch: 17/150 Iter: 83/96 loss: 0.6652 acc: 0.6298 time 1.38s
Epoch: 17/150 Iter: 84/96 loss: 0.6817 acc: 0.6275 time 0.95s
Epoch: 17/150 Iter: 85/96 loss: 0.7034 acc: 0.6247 time 1.39s
Epoch: 17/150 Iter: 86/96 loss: 0.7016 acc: 0.6272 time 1.37s
Epoch: 17/150 Iter: 87/96 loss: 0.7009 acc: 0.6257 time 0.71s
Epoch: 17/150 Iter: 88/96 loss: 0.6975 acc: 0.6285 time 0.70s
Epoch: 17/150 Iter: 89/96 loss: 0.7010 acc: 0.6260 time 1.40s
Epoch: 17/150 Iter: 90/96 loss: 0.7021 acc: 0.6287 time 1.37s
Epoch: 17/150 Iter: 91/96 loss: 0.6992 acc: 0.6317 time 0.79s
Epoch: 17/150 Iter: 92/96 loss: 0.7001 acc: 0.6321 time 0.70s
Epoch: 17/150 Iter: 93/96 loss: 0.7022 acc: 0.6301 time 0.76s
Epoch: 17/150 Iter: 94/96 loss: 0.6980 acc: 0.6327 time 0.70s
Epoch: 17/150 Iter: 95/96 loss: 0.6968 acc: 0.6348 time 0.72s
Epoch: 17/150 Iter: 96/96 loss: 0.6973 acc: 0.6340 time 0.82s
[Train epoch 17] avg_loss=0.6973 avg_acc=0.6340 | per-class [c0: 0.683, c1: 0.600, c2: 0.698]
Final training 17/150, loss: 0.6973, time 104.63s, lr: 0.078869
Accuracy: 0.686
class                  precision    recall   specificity      f1   support
--------------------------------------------------------------------------
0                          0.750     0.683         0.783   0.715       281
1                          0.261     0.600         0.907   0.364        30
2                          0.737     0.698         0.788   0.717       265
*----------------------------------------*
0 Mon Nov 17 16:43:39 2025 Epoch: 18
Epoch: 18/150 Iter: 1/96 loss: 1.0127 acc: 0.4444 time 2.06s
Epoch: 18/150 Iter: 2/96 loss: 0.7643 acc: 0.4722 time 0.76s
Epoch: 18/150 Iter: 3/96 loss: 0.5810 acc: 0.6204 time 0.75s
Epoch: 18/150 Iter: 4/96 loss: 0.8015 acc: 0.5208 time 1.40s
Epoch: 18/150 Iter: 5/96 loss: 0.9246 acc: 0.5056 time 1.40s
Epoch: 18/150 Iter: 6/96 loss: 0.9730 acc: 0.4630 time 1.44s
Epoch: 18/150 Iter: 7/96 loss: 1.0698 acc: 0.4206 time 1.45s
Epoch: 18/150 Iter: 8/96 loss: 1.0761 acc: 0.4097 time 1.40s
Epoch: 18/150 Iter: 9/96 loss: 1.0030 acc: 0.4614 time 0.75s
Epoch: 18/150 Iter: 10/96 loss: 0.9525 acc: 0.5028 time 0.90s
Epoch: 18/150 Iter: 11/96 loss: 0.9188 acc: 0.5025 time 1.46s
Epoch: 18/150 Iter: 12/96 loss: 0.8921 acc: 0.5356 time 0.87s
Epoch: 18/150 Iter: 13/96 loss: 0.9042 acc: 0.5585 time 0.83s
Epoch: 18/150 Iter: 14/96 loss: 0.8809 acc: 0.5829 time 1.47s
Epoch: 18/150 Iter: 15/96 loss: 0.8493 acc: 0.6107 time 1.46s
Epoch: 18/150 Iter: 16/96 loss: 0.8288 acc: 0.6273 time 1.45s
Epoch: 18/150 Iter: 17/96 loss: 0.8256 acc: 0.6361 time 1.43s
Epoch: 18/150 Iter: 18/96 loss: 0.8149 acc: 0.6424 time 0.90s
Epoch: 18/150 Iter: 19/96 loss: 0.8091 acc: 0.6306 time 0.77s
Epoch: 18/150 Iter: 20/96 loss: 0.8012 acc: 0.6324 time 0.95s
Epoch: 18/150 Iter: 21/96 loss: 0.7806 acc: 0.6499 time 0.95s
Epoch: 18/150 Iter: 22/96 loss: 0.7679 acc: 0.6393 time 1.47s
Epoch: 18/150 Iter: 23/96 loss: 0.7682 acc: 0.6332 time 0.88s
Epoch: 18/150 Iter: 24/96 loss: 0.7515 acc: 0.6485 time 0.94s
Epoch: 18/150 Iter: 25/96 loss: 0.7473 acc: 0.6576 time 0.87s
Epoch: 18/150 Iter: 26/96 loss: 0.7433 acc: 0.6547 time 1.46s
Epoch: 18/150 Iter: 27/96 loss: 0.7475 acc: 0.6459 time 0.82s
Epoch: 18/150 Iter: 28/96 loss: 0.7649 acc: 0.6427 time 0.77s
Epoch: 18/150 Iter: 29/96 loss: 0.7637 acc: 0.6389 time 0.92s
Epoch: 18/150 Iter: 30/96 loss: 0.7645 acc: 0.6435 time 0.87s
Epoch: 18/150 Iter: 31/96 loss: 0.7833 acc: 0.6443 time 0.88s
Epoch: 18/150 Iter: 32/96 loss: 0.7730 acc: 0.6408 time 0.79s
Epoch: 18/150 Iter: 33/96 loss: 0.7583 acc: 0.6340 time 0.78s
Epoch: 18/150 Iter: 34/96 loss: 0.7460 acc: 0.6448 time 1.41s
Epoch: 18/150 Iter: 35/96 loss: 0.7508 acc: 0.6454 time 0.77s
Epoch: 18/150 Iter: 36/96 loss: 0.7480 acc: 0.6429 time 0.97s
Epoch: 18/150 Iter: 37/96 loss: 0.7443 acc: 0.6390 time 1.43s
Epoch: 18/150 Iter: 38/96 loss: 0.7362 acc: 0.6452 time 1.46s
Epoch: 18/150 Iter: 39/96 loss: 0.7233 acc: 0.6441 time 0.91s
Epoch: 18/150 Iter: 40/96 loss: 0.7367 acc: 0.6363 time 0.85s
Epoch: 18/150 Iter: 41/96 loss: 0.7581 acc: 0.6330 time 0.77s
Epoch: 18/150 Iter: 42/96 loss: 0.7564 acc: 0.6338 time 1.43s
Epoch: 18/150 Iter: 43/96 loss: 0.7710 acc: 0.6353 time 0.75s
Epoch: 18/150 Iter: 44/96 loss: 0.7777 acc: 0.6254 time 0.79s
Epoch: 18/150 Iter: 45/96 loss: 0.7824 acc: 0.6227 time 1.43s
Epoch: 18/150 Iter: 46/96 loss: 0.7718 acc: 0.6212 time 1.40s
Epoch: 18/150 Iter: 47/96 loss: 0.7787 acc: 0.6098 time 0.79s
Epoch: 18/150 Iter: 48/96 loss: 0.7834 acc: 0.6028 time 1.46s
Epoch: 18/150 Iter: 49/96 loss: 0.7870 acc: 0.6007 time 1.48s
Epoch: 18/150 Iter: 50/96 loss: 0.7910 acc: 0.5987 time 0.81s
Epoch: 18/150 Iter: 51/96 loss: 0.8002 acc: 0.5935 time 0.84s
Epoch: 18/150 Iter: 52/96 loss: 0.7927 acc: 0.6013 time 0.76s
Epoch: 18/150 Iter: 53/96 loss: 0.7848 acc: 0.6041 time 0.94s
Epoch: 18/150 Iter: 54/96 loss: 0.7819 acc: 0.6053 time 0.76s
Epoch: 18/150 Iter: 55/96 loss: 0.7855 acc: 0.5979 time 0.81s
Epoch: 18/150 Iter: 56/96 loss: 0.7868 acc: 0.5917 time 0.77s
Epoch: 18/150 Iter: 57/96 loss: 0.7923 acc: 0.5872 time 0.91s
Epoch: 18/150 Iter: 58/96 loss: 0.7924 acc: 0.5895 time 1.40s
Epoch: 18/150 Iter: 59/96 loss: 0.7917 acc: 0.5936 time 0.74s
Epoch: 18/150 Iter: 60/96 loss: 0.7867 acc: 0.5921 time 1.45s
Epoch: 18/150 Iter: 61/96 loss: 0.7923 acc: 0.5865 time 0.74s
Epoch: 18/150 Iter: 62/96 loss: 0.7865 acc: 0.5914 time 0.86s
Epoch: 18/150 Iter: 63/96 loss: 0.7835 acc: 0.5899 time 0.94s
Epoch: 18/150 Iter: 64/96 loss: 0.7787 acc: 0.5950 time 0.91s
Epoch: 18/150 Iter: 65/96 loss: 0.7819 acc: 0.5920 time 0.80s
Epoch: 18/150 Iter: 66/96 loss: 0.7839 acc: 0.5906 time 1.45s
Epoch: 18/150 Iter: 67/96 loss: 0.7849 acc: 0.5880 time 0.83s
Epoch: 18/150 Iter: 68/96 loss: 0.7884 acc: 0.5853 time 0.82s
Epoch: 18/150 Iter: 69/96 loss: 0.7832 acc: 0.5913 time 0.90s
Epoch: 18/150 Iter: 70/96 loss: 0.7968 acc: 0.5876 time 0.92s
Epoch: 18/150 Iter: 71/96 loss: 0.7964 acc: 0.5832 time 0.74s
Epoch: 18/150 Iter: 72/96 loss: 0.8042 acc: 0.5760 time 0.79s
Epoch: 18/150 Iter: 73/96 loss: 0.7981 acc: 0.5758 time 1.45s
Epoch: 18/150 Iter: 74/96 loss: 0.7987 acc: 0.5707 time 1.45s
Epoch: 18/150 Iter: 75/96 loss: 0.7972 acc: 0.5697 time 0.81s
Epoch: 18/150 Iter: 76/96 loss: 0.7991 acc: 0.5674 time 0.81s
Epoch: 18/150 Iter: 77/96 loss: 0.7962 acc: 0.5681 time 0.80s
Epoch: 18/150 Iter: 78/96 loss: 0.7950 acc: 0.5672 time 0.81s
Epoch: 18/150 Iter: 79/96 loss: 0.7963 acc: 0.5660 time 1.45s
Epoch: 18/150 Iter: 80/96 loss: 0.7913 acc: 0.5658 time 1.46s
Epoch: 18/150 Iter: 81/96 loss: 0.7881 acc: 0.5671 time 0.75s
Epoch: 18/150 Iter: 82/96 loss: 0.7922 acc: 0.5663 time 0.79s
Epoch: 18/150 Iter: 83/96 loss: 0.7916 acc: 0.5675 time 0.76s
Epoch: 18/150 Iter: 84/96 loss: 0.7885 acc: 0.5711 time 0.75s
Epoch: 18/150 Iter: 85/96 loss: 0.7876 acc: 0.5750 time 1.40s
Epoch: 18/150 Iter: 86/96 loss: 0.7848 acc: 0.5780 time 1.42s
Epoch: 18/150 Iter: 87/96 loss: 0.7879 acc: 0.5739 time 0.71s
Epoch: 18/150 Iter: 88/96 loss: 0.7876 acc: 0.5759 time 1.37s
Epoch: 18/150 Iter: 89/96 loss: 0.7879 acc: 0.5732 time 0.76s
Epoch: 18/150 Iter: 90/96 loss: 0.7874 acc: 0.5696 time 0.70s
Epoch: 18/150 Iter: 91/96 loss: 0.7881 acc: 0.5710 time 0.73s
Epoch: 18/150 Iter: 92/96 loss: 0.7873 acc: 0.5684 time 0.77s
Epoch: 18/150 Iter: 93/96 loss: 0.7871 acc: 0.5709 time 0.69s
Epoch: 18/150 Iter: 94/96 loss: 0.7851 acc: 0.5720 time 0.77s
Epoch: 18/150 Iter: 95/96 loss: 0.7789 acc: 0.5765 time 0.89s
Epoch: 18/150 Iter: 96/96 loss: 0.7786 acc: 0.5768 time 1.43s
[Train epoch 18] avg_loss=0.7786 avg_acc=0.5768 | per-class [c0: 0.619, c1: 0.600, c2: 0.630]
Final training 18/150, loss: 0.7786, time 99.07s, lr: 0.078656
Accuracy: 0.623
class                  precision    recall   specificity      f1   support
--------------------------------------------------------------------------
0                          0.696     0.619         0.742   0.655       281
1                          0.220     0.600         0.883   0.321        30
2                          0.684     0.630         0.752   0.656       265
*----------------------------------------*
Val 18/150 1/24, Acc: 0.3333, Loss: 8.5199, time 0.44s
Val 18/150 2/24, Acc: 0.6667, Loss: 4.3887, time 0.42s
Val 18/150 3/24, Acc: 0.6111, Loss: 3.4235, time 0.47s
Val 18/150 4/24, Acc: 0.5833, Loss: 2.6507, time 0.41s
Val 18/150 5/24, Acc: 0.6667, Loss: 2.2013, time 0.51s
Val 18/150 6/24, Acc: 0.6389, Loss: 1.8930, time 0.48s
Val 18/150 7/24, Acc: 0.6905, Loss: 1.6719, time 0.44s
Val 18/150 8/24, Acc: 0.7292, Loss: 1.5047, time 0.45s
Val 18/150 9/24, Acc: 0.7593, Loss: 1.3715, time 0.41s
Val 18/150 10/24, Acc: 0.7733, Loss: 1.2769, time 0.57s
Val 18/150 11/24, Acc: 0.7687, Loss: 1.2395, time 0.43s
Val 18/150 12/24, Acc: 0.7231, Loss: 1.1968, time 0.45s
Val 18/150 13/24, Acc: 0.7444, Loss: 1.1306, time 0.48s
Val 18/150 14/24, Acc: 0.7448, Loss: 1.0947, time 0.43s
Val 18/150 15/24, Acc: 0.7563, Loss: 1.0476, time 0.41s
Val 18/150 16/24, Acc: 0.7715, Loss: 0.9973, time 0.44s
Val 18/150 17/24, Acc: 0.7850, Loss: 0.9525, time 0.48s
Val 18/150 18/24, Acc: 0.7599, Loss: 0.9540, time 0.43s
Val 18/150 19/24, Acc: 0.7444, Loss: 0.9404, time 0.42s
Val 18/150 20/24, Acc: 0.7294, Loss: 0.9186, time 0.49s
Val 18/150 21/24, Acc: 0.7423, Loss: 0.8875, time 0.44s
Val 18/150 22/24, Acc: 0.7237, Loss: 0.8856, time 0.55s
Val 18/150 23/24, Acc: 0.7140, Loss: 0.9026, time 0.41s
Val 18/150 24/24, Acc: 0.7259, Loss: 0.8850, time 0.46s
[Val epoch 18] avg_acc=0.7259 | avg_loss=0.8850 | per-class [c0: 0.700, c1: 0.500, c2: 0.939]
Final validation 18/150, Val_acc: 0.7259, time 10.93sAccuracy: 0.799
class                  precision    recall   specificity      f1   support
--------------------------------------------------------------------------
0                          0.942     0.700         0.959   0.803        70
1                          0.308     0.500         0.934   0.381         8
2                          0.785     0.939         0.782   0.855        66
*========================================*
Saving checkpoint outputs/OrganoidsINRIA_reduced/resnet18/2025-11-17-16-11/training/model_final.pt
[EarlyStopping] no improve (8/40)
[EarlyStopping] no improve (2/40)
0 Mon Nov 17 16:45:34 2025 Epoch: 19
Epoch: 19/150 Iter: 1/96 loss: 0.5242 acc: 0.4444 time 2.04s
Epoch: 19/150 Iter: 2/96 loss: 0.7898 acc: 0.3611 time 0.78s
Epoch: 19/150 Iter: 3/96 loss: 0.7331 acc: 0.5000 time 1.42s
Epoch: 19/150 Iter: 4/96 loss: 0.6974 acc: 0.5000 time 0.90s
Epoch: 19/150 Iter: 5/96 loss: 0.7523 acc: 0.4111 time 1.46s
Epoch: 19/150 Iter: 6/96 loss: 0.7108 acc: 0.4884 time 1.46s
Epoch: 19/150 Iter: 7/96 loss: 0.6808 acc: 0.4901 time 0.78s
Epoch: 19/150 Iter: 8/96 loss: 0.6727 acc: 0.5330 time 1.43s
Epoch: 19/150 Iter: 9/96 loss: 0.6686 acc: 0.5293 time 0.94s
Epoch: 19/150 Iter: 10/96 loss: 0.6624 acc: 0.5431 time 0.77s
Epoch: 19/150 Iter: 11/96 loss: 0.6366 acc: 0.5755 time 1.47s
Epoch: 19/150 Iter: 12/96 loss: 0.6410 acc: 0.5692 time 0.87s
Epoch: 19/150 Iter: 13/96 loss: 0.6357 acc: 0.5895 time 0.82s
Epoch: 19/150 Iter: 14/96 loss: 0.7774 acc: 0.5831 time 0.92s
Epoch: 19/150 Iter: 15/96 loss: 0.7594 acc: 0.5976 time 0.87s
Epoch: 19/150 Iter: 16/96 loss: 0.7362 acc: 0.6227 time 1.47s
Epoch: 19/150 Iter: 17/96 loss: 0.7057 acc: 0.6449 time 1.44s
Epoch: 19/150 Iter: 18/96 loss: 0.7239 acc: 0.6276 time 0.77s
Epoch: 19/150 Iter: 19/96 loss: 0.7266 acc: 0.6121 time 0.92s
Epoch: 19/150 Iter: 20/96 loss: 0.7194 acc: 0.6024 time 1.40s
Epoch: 19/150 Iter: 21/96 loss: 0.7180 acc: 0.6028 time 1.42s
Epoch: 19/150 Iter: 22/96 loss: 0.7122 acc: 0.6032 time 0.88s
Epoch: 19/150 Iter: 23/96 loss: 0.6972 acc: 0.6030 time 0.78s
Epoch: 19/150 Iter: 24/96 loss: 0.7131 acc: 0.5918 time 0.89s
Epoch: 19/150 Iter: 25/96 loss: 0.7268 acc: 0.5814 time 0.94s
Epoch: 19/150 Iter: 26/96 loss: 0.7150 acc: 0.5933 time 0.91s
Epoch: 19/150 Iter: 27/96 loss: 0.7166 acc: 0.5898 time 0.81s
Epoch: 19/150 Iter: 28/96 loss: 0.7192 acc: 0.5866 time 0.91s
Epoch: 19/150 Iter: 29/96 loss: 0.7258 acc: 0.5750 time 0.77s
Epoch: 19/150 Iter: 30/96 loss: 0.7262 acc: 0.5697 time 0.79s
Epoch: 19/150 Iter: 31/96 loss: 0.7175 acc: 0.5800 time 0.88s
Epoch: 19/150 Iter: 32/96 loss: 0.7171 acc: 0.5827 time 1.48s
Epoch: 19/150 Iter: 33/96 loss: 0.7192 acc: 0.5893 time 0.95s
Epoch: 19/150 Iter: 34/96 loss: 0.7153 acc: 0.5850 time 0.78s
Epoch: 19/150 Iter: 35/96 loss: 0.7186 acc: 0.5802 time 0.77s
Epoch: 19/150 Iter: 36/96 loss: 0.7232 acc: 0.5734 time 0.94s
Epoch: 19/150 Iter: 37/96 loss: 0.7360 acc: 0.5705 time 1.41s
Epoch: 19/150 Iter: 38/96 loss: 0.7350 acc: 0.5695 time 1.47s
Epoch: 19/150 Iter: 39/96 loss: 0.7371 acc: 0.5709 time 0.78s
Epoch: 19/150 Iter: 40/96 loss: 0.7280 acc: 0.5792 time 1.43s
Epoch: 19/150 Iter: 41/96 loss: 0.7289 acc: 0.5864 time 0.73s
Epoch: 19/150 Iter: 42/96 loss: 0.7241 acc: 0.5851 time 1.47s
Epoch: 19/150 Iter: 43/96 loss: 0.7199 acc: 0.5870 time 1.43s
Epoch: 19/150 Iter: 44/96 loss: 0.7289 acc: 0.5822 time 1.49s
Epoch: 19/150 Iter: 45/96 loss: 0.7371 acc: 0.5841 time 0.94s
Epoch: 19/150 Iter: 46/96 loss: 0.7389 acc: 0.5841 time 1.46s
Epoch: 19/150 Iter: 47/96 loss: 0.7380 acc: 0.5858 time 0.78s
Epoch: 19/150 Iter: 48/96 loss: 0.7489 acc: 0.5858 time 1.41s
Epoch: 19/150 Iter: 49/96 loss: 0.7380 acc: 0.5942 time 0.87s
Epoch: 19/150 Iter: 50/96 loss: 0.7353 acc: 0.5983 time 1.46s
Epoch: 19/150 Iter: 51/96 loss: 0.7394 acc: 0.5948 time 0.88s
Epoch: 19/150 Iter: 52/96 loss: 0.7391 acc: 0.5897 time 0.90s
Epoch: 19/150 Iter: 53/96 loss: 0.7333 acc: 0.5954 time 1.45s
Epoch: 19/150 Iter: 54/96 loss: 0.7394 acc: 0.5885 time 1.44s
Epoch: 19/150 Iter: 55/96 loss: 0.7331 acc: 0.5960 time 0.86s
Epoch: 19/150 Iter: 56/96 loss: 0.7263 acc: 0.6032 time 0.94s
Epoch: 19/150 Iter: 57/96 loss: 0.7271 acc: 0.6019 time 1.49s
Epoch: 19/150 Iter: 58/96 loss: 0.7284 acc: 0.5973 time 1.43s
Epoch: 19/150 Iter: 59/96 loss: 0.7291 acc: 0.5966 time 0.83s
Epoch: 19/150 Iter: 60/96 loss: 0.7283 acc: 0.5987 time 0.88s
Epoch: 19/150 Iter: 61/96 loss: 0.7269 acc: 0.6035 time 1.43s
Epoch: 19/150 Iter: 62/96 loss: 0.7379 acc: 0.6027 time 0.91s
Epoch: 19/150 Iter: 63/96 loss: 0.7457 acc: 0.6005 time 0.87s
Epoch: 19/150 Iter: 64/96 loss: 0.7394 acc: 0.6068 time 0.91s
Epoch: 19/150 Iter: 65/96 loss: 0.7406 acc: 0.6026 time 1.44s
Epoch: 19/150 Iter: 66/96 loss: 0.7366 acc: 0.6061 time 0.87s
Epoch: 19/150 Iter: 67/96 loss: 0.7315 acc: 0.6036 time 1.47s
Epoch: 19/150 Iter: 68/96 loss: 0.7230 acc: 0.6095 time 1.44s
Epoch: 19/150 Iter: 69/96 loss: 0.7189 acc: 0.6111 time 0.88s
Epoch: 19/150 Iter: 70/96 loss: 0.7227 acc: 0.6079 time 1.44s
Epoch: 19/150 Iter: 71/96 loss: 0.7257 acc: 0.6013 time 1.42s
Epoch: 19/150 Iter: 72/96 loss: 0.7204 acc: 0.6068 time 0.77s
Epoch: 19/150 Iter: 73/96 loss: 0.7266 acc: 0.6008 time 0.90s
Epoch: 19/150 Iter: 74/96 loss: 0.7351 acc: 0.5979 time 0.94s
Epoch: 19/150 Iter: 75/96 loss: 0.7422 acc: 0.5953 time 0.89s
Epoch: 19/150 Iter: 76/96 loss: 0.7390 acc: 0.5980 time 0.92s
Epoch: 19/150 Iter: 77/96 loss: 0.7377 acc: 0.5988 time 0.88s
Epoch: 19/150 Iter: 78/96 loss: 0.7324 acc: 0.6019 time 0.79s
Epoch: 19/150 Iter: 79/96 loss: 0.7376 acc: 0.5951 time 0.77s
Epoch: 19/150 Iter: 80/96 loss: 0.7338 acc: 0.5981 time 1.46s
Epoch: 19/150 Iter: 81/96 loss: 0.7311 acc: 0.5975 time 0.75s
Epoch: 19/150 Iter: 82/96 loss: 0.7311 acc: 0.5988 time 1.43s
Epoch: 19/150 Iter: 83/96 loss: 0.7260 acc: 0.6026 time 0.77s
Epoch: 19/150 Iter: 84/96 loss: 0.7267 acc: 0.6007 time 1.38s
Epoch: 19/150 Iter: 85/96 loss: 0.7236 acc: 0.5986 time 1.40s
Epoch: 19/150 Iter: 86/96 loss: 0.7180 acc: 0.6032 time 1.43s
Epoch: 19/150 Iter: 87/96 loss: 0.7211 acc: 0.6001 time 0.82s
Epoch: 19/150 Iter: 88/96 loss: 0.7182 acc: 0.6018 time 0.80s
Epoch: 19/150 Iter: 89/96 loss: 0.7146 acc: 0.6049 time 1.45s
Epoch: 19/150 Iter: 90/96 loss: 0.7178 acc: 0.6041 time 0.69s
Epoch: 19/150 Iter: 91/96 loss: 0.7163 acc: 0.6066 time 0.75s
Epoch: 19/150 Iter: 92/96 loss: 0.7123 acc: 0.6091 time 1.40s
Epoch: 19/150 Iter: 93/96 loss: 0.7100 acc: 0.6088 time 0.76s
Epoch: 19/150 Iter: 94/96 loss: 0.7101 acc: 0.6094 time 1.39s
Epoch: 19/150 Iter: 95/96 loss: 0.7109 acc: 0.6056 time 0.81s
Epoch: 19/150 Iter: 96/96 loss: 0.7099 acc: 0.6084 time 0.71s
[Train epoch 19] avg_loss=0.7099 avg_acc=0.6084 | per-class [c0: 0.644, c1: 0.633, c2: 0.664]
Final training 19/150, loss: 0.7099, time 104.24s, lr: 0.078424
Accuracy: 0.653
class                  precision    recall   specificity      f1   support
--------------------------------------------------------------------------
0                          0.727     0.644         0.769   0.683       281
1                          0.221     0.633         0.877   0.328        30
2                          0.730     0.664         0.791   0.696       265
*----------------------------------------*
0 Mon Nov 17 16:47:18 2025 Epoch: 20
Epoch: 20/150 Iter: 1/96 loss: 1.1235 acc: 0.3333 time 1.92s
Epoch: 20/150 Iter: 2/96 loss: 0.7087 acc: 0.6042 time 1.49s
Epoch: 20/150 Iter: 3/96 loss: 0.6685 acc: 0.6694 time 0.77s
Epoch: 20/150 Iter: 4/96 loss: 0.5545 acc: 0.7521 time 0.81s
Epoch: 20/150 Iter: 5/96 loss: 0.6233 acc: 0.6906 time 1.45s
Epoch: 20/150 Iter: 6/96 loss: 0.6966 acc: 0.6866 time 1.44s
Epoch: 20/150 Iter: 7/96 loss: 0.7072 acc: 0.6837 time 0.86s
Epoch: 20/150 Iter: 8/96 loss: 0.8119 acc: 0.6149 time 1.42s
Epoch: 20/150 Iter: 9/96 loss: 0.8455 acc: 0.5985 time 0.93s
Epoch: 20/150 Iter: 10/96 loss: 0.7954 acc: 0.6386 time 0.96s
Epoch: 20/150 Iter: 11/96 loss: 0.7611 acc: 0.6614 time 1.45s
Epoch: 20/150 Iter: 12/96 loss: 0.7448 acc: 0.6433 time 0.77s
Epoch: 20/150 Iter: 13/96 loss: 0.7577 acc: 0.6237 time 1.46s
Epoch: 20/150 Iter: 14/96 loss: 0.7459 acc: 0.6427 time 0.91s
Epoch: 20/150 Iter: 15/96 loss: 0.7553 acc: 0.6443 time 0.91s
Epoch: 20/150 Iter: 16/96 loss: 0.7628 acc: 0.6332 time 1.46s
Epoch: 20/150 Iter: 17/96 loss: 0.7519 acc: 0.6489 time 0.86s
Epoch: 20/150 Iter: 18/96 loss: 0.7558 acc: 0.6360 time 0.87s
Epoch: 20/150 Iter: 19/96 loss: 0.7358 acc: 0.6551 time 0.79s
Epoch: 20/150 Iter: 20/96 loss: 0.7618 acc: 0.6274 time 1.43s
Epoch: 20/150 Iter: 21/96 loss: 0.7953 acc: 0.6038 time 0.77s
Epoch: 20/150 Iter: 22/96 loss: 0.7928 acc: 0.6067 time 0.82s
Epoch: 20/150 Iter: 23/96 loss: 0.8117 acc: 0.5876 time 1.43s
Epoch: 20/150 Iter: 24/96 loss: 0.7939 acc: 0.6001 time 0.74s
Epoch: 20/150 Iter: 25/96 loss: 0.7817 acc: 0.6061 time 1.46s
Epoch: 20/150 Iter: 26/96 loss: 0.7860 acc: 0.5956 time 0.78s
Epoch: 20/150 Iter: 27/96 loss: 0.7889 acc: 0.5933 time 1.43s
Epoch: 20/150 Iter: 28/96 loss: 0.7906 acc: 0.5801 time 0.87s
Epoch: 20/150 Iter: 29/96 loss: 0.7816 acc: 0.5902 time 0.78s
Epoch: 20/150 Iter: 30/96 loss: 0.7964 acc: 0.5839 time 0.74s
Epoch: 20/150 Iter: 31/96 loss: 0.7926 acc: 0.5866 time 0.80s
Epoch: 20/150 Iter: 32/96 loss: 0.7867 acc: 0.5813 time 0.88s
Epoch: 20/150 Iter: 33/96 loss: 0.7928 acc: 0.5788 time 0.73s
Epoch: 20/150 Iter: 34/96 loss: 0.7838 acc: 0.5735 time 0.76s
Epoch: 20/150 Iter: 35/96 loss: 0.7860 acc: 0.5667 time 0.83s
Epoch: 20/150 Iter: 36/96 loss: 0.7798 acc: 0.5694 time 0.92s
Epoch: 20/150 Iter: 37/96 loss: 0.7742 acc: 0.5766 time 0.90s
Epoch: 20/150 Iter: 38/96 loss: 0.7682 acc: 0.5746 time 1.47s
Epoch: 20/150 Iter: 39/96 loss: 0.7632 acc: 0.5726 time 1.44s
Epoch: 20/150 Iter: 40/96 loss: 0.7687 acc: 0.5740 time 1.42s
Epoch: 20/150 Iter: 41/96 loss: 0.7598 acc: 0.5819 time 0.87s
Epoch: 20/150 Iter: 42/96 loss: 0.7577 acc: 0.5889 time 0.90s
Epoch: 20/150 Iter: 43/96 loss: 0.7518 acc: 0.5926 time 0.76s
Epoch: 20/150 Iter: 44/96 loss: 0.7526 acc: 0.5867 time 1.44s
Epoch: 20/150 Iter: 45/96 loss: 0.7450 acc: 0.5937 time 0.76s
Epoch: 20/150 Iter: 46/96 loss: 0.7360 acc: 0.5998 time 0.95s
Epoch: 20/150 Iter: 47/96 loss: 0.7429 acc: 0.6012 time 0.80s
Epoch: 20/150 Iter: 48/96 loss: 0.7340 acc: 0.6095 time 0.91s
Epoch: 20/150 Iter: 49/96 loss: 0.7325 acc: 0.6158 time 1.45s
Epoch: 20/150 Iter: 50/96 loss: 0.7310 acc: 0.6210 time 1.45s
Epoch: 20/150 Iter: 51/96 loss: 0.7729 acc: 0.6143 time 0.83s
Epoch: 20/150 Iter: 52/96 loss: 0.7775 acc: 0.6121 time 0.78s
Epoch: 20/150 Iter: 53/96 loss: 0.7761 acc: 0.6089 time 1.47s
Epoch: 20/150 Iter: 54/96 loss: 0.7780 acc: 0.6069 time 1.41s
Epoch: 20/150 Iter: 55/96 loss: 0.7722 acc: 0.6049 time 0.93s
Epoch: 20/150 Iter: 56/96 loss: 0.7701 acc: 0.6016 time 1.42s
Epoch: 20/150 Iter: 57/96 loss: 0.7669 acc: 0.5998 time 0.71s
Epoch: 20/150 Iter: 58/96 loss: 0.7653 acc: 0.5981 time 0.87s
Epoch: 20/150 Iter: 59/96 loss: 0.7618 acc: 0.5964 time 0.79s
Epoch: 20/150 Iter: 60/96 loss: 0.7600 acc: 0.5948 time 0.92s
Epoch: 20/150 Iter: 61/96 loss: 0.7553 acc: 0.5974 time 0.85s
Epoch: 20/150 Iter: 62/96 loss: 0.7645 acc: 0.5958 time 1.42s
Epoch: 20/150 Iter: 63/96 loss: 0.7681 acc: 0.5943 time 1.44s
Epoch: 20/150 Iter: 64/96 loss: 0.7674 acc: 0.5954 time 0.86s
Epoch: 20/150 Iter: 65/96 loss: 0.7674 acc: 0.5934 time 1.45s
Epoch: 20/150 Iter: 66/96 loss: 0.7653 acc: 0.5912 time 1.46s
Epoch: 20/150 Iter: 67/96 loss: 0.7603 acc: 0.5890 time 0.81s
Epoch: 20/150 Iter: 68/96 loss: 0.7629 acc: 0.5840 time 0.78s
Epoch: 20/150 Iter: 69/96 loss: 0.7626 acc: 0.5882 time 0.81s
Epoch: 20/150 Iter: 70/96 loss: 0.7665 acc: 0.5830 time 0.88s
Epoch: 20/150 Iter: 71/96 loss: 0.7700 acc: 0.5842 time 0.75s
Epoch: 20/150 Iter: 72/96 loss: 0.7661 acc: 0.5876 time 1.42s
Epoch: 20/150 Iter: 73/96 loss: 0.7682 acc: 0.5887 time 0.91s
Epoch: 20/150 Iter: 74/96 loss: 0.7629 acc: 0.5943 time 0.92s
Epoch: 20/150 Iter: 75/96 loss: 0.7662 acc: 0.5890 time 0.87s
Epoch: 20/150 Iter: 76/96 loss: 0.7669 acc: 0.5856 time 0.82s
Epoch: 20/150 Iter: 77/96 loss: 0.7653 acc: 0.5850 time 0.78s
Epoch: 20/150 Iter: 78/96 loss: 0.7684 acc: 0.5807 time 0.77s
Epoch: 20/150 Iter: 79/96 loss: 0.7641 acc: 0.5847 time 1.49s
Epoch: 20/150 Iter: 80/96 loss: 0.7591 acc: 0.5847 time 1.46s
Epoch: 20/150 Iter: 81/96 loss: 0.7563 acc: 0.5826 time 0.81s
Epoch: 20/150 Iter: 82/96 loss: 0.7651 acc: 0.5806 time 0.78s
Epoch: 20/150 Iter: 83/96 loss: 0.7636 acc: 0.5800 time 1.40s
Epoch: 20/150 Iter: 84/96 loss: 0.7617 acc: 0.5850 time 0.77s
Epoch: 20/150 Iter: 85/96 loss: 0.7601 acc: 0.5834 time 0.79s
Epoch: 20/150 Iter: 86/96 loss: 0.7621 acc: 0.5785 time 0.73s
Epoch: 20/150 Iter: 87/96 loss: 0.7632 acc: 0.5770 time 0.72s
Epoch: 20/150 Iter: 88/96 loss: 0.7679 acc: 0.5712 time 0.71s
Epoch: 20/150 Iter: 89/96 loss: 0.7664 acc: 0.5741 time 1.39s
Epoch: 20/150 Iter: 90/96 loss: 0.7634 acc: 0.5739 time 0.80s
Epoch: 20/150 Iter: 91/96 loss: 0.7646 acc: 0.5745 time 0.77s
Epoch: 20/150 Iter: 92/96 loss: 0.7714 acc: 0.5737 time 0.73s
Epoch: 20/150 Iter: 93/96 loss: 0.7738 acc: 0.5738 time 0.72s
Epoch: 20/150 Iter: 94/96 loss: 0.7744 acc: 0.5751 time 1.40s
Epoch: 20/150 Iter: 95/96 loss: 0.7757 acc: 0.5726 time 0.75s
Epoch: 20/150 Iter: 96/96 loss: 0.7796 acc: 0.5727 time 0.71s
[Train epoch 20] avg_loss=0.7796 avg_acc=0.5727 | per-class [c0: 0.641, c1: 0.400, c2: 0.675]
Final training 20/150, loss: 0.7796, time 98.36s, lr: 0.078174
Accuracy: 0.644
class                  precision    recall   specificity      f1   support
--------------------------------------------------------------------------
0                          0.695     0.641         0.732   0.667       281
1                          0.174     0.400         0.896   0.242        30
2                          0.722     0.675         0.778   0.698       265
*----------------------------------------*
Val 20/150 1/24, Acc: 0.3333, Loss: 6.3706, time 0.52s
Val 20/150 2/24, Acc: 0.6667, Loss: 3.3002, time 0.44s
Val 20/150 3/24, Acc: 0.6111, Loss: 2.6863, time 0.40s
Val 20/150 4/24, Acc: 0.7083, Loss: 2.0791, time 0.41s
Val 20/150 5/24, Acc: 0.7667, Loss: 1.7163, time 0.46s
Val 20/150 6/24, Acc: 0.8056, Loss: 1.4750, time 0.45s
Val 20/150 7/24, Acc: 0.8155, Loss: 1.3210, time 0.42s
Val 20/150 8/24, Acc: 0.7656, Loss: 1.2087, time 0.43s
Val 20/150 9/24, Acc: 0.7917, Loss: 1.1159, time 0.41s
Val 20/150 10/24, Acc: 0.8025, Loss: 1.0380, time 0.56s
Val 20/150 11/24, Acc: 0.7952, Loss: 1.0106, time 0.40s
Val 20/150 12/24, Acc: 0.7475, Loss: 0.9741, time 0.45s
Val 20/150 13/24, Acc: 0.7669, Loss: 0.9270, time 0.46s
Val 20/150 14/24, Acc: 0.7657, Loss: 0.9035, time 0.43s
Val 20/150 15/24, Acc: 0.7813, Loss: 0.8726, time 0.40s
Val 20/150 16/24, Acc: 0.7950, Loss: 0.8287, time 0.43s
Val 20/150 17/24, Acc: 0.7997, Loss: 0.7950, time 0.48s
Val 20/150 18/24, Acc: 0.7738, Loss: 0.7959, time 0.43s
Val 20/150 19/24, Acc: 0.7751, Loss: 0.7891, time 0.50s
Val 20/150 20/24, Acc: 0.7586, Loss: 0.7762, time 0.55s
Val 20/150 21/24, Acc: 0.7701, Loss: 0.7486, time 0.49s
Val 20/150 22/24, Acc: 0.7503, Loss: 0.7486, time 0.53s
Val 20/150 23/24, Acc: 0.7394, Loss: 0.7711, time 0.41s
Val 20/150 24/24, Acc: 0.7502, Loss: 0.7593, time 0.43s
[Val epoch 20] avg_acc=0.7502 | avg_loss=0.7593 | per-class [c0: 0.729, c1: 0.500, c2: 0.909]
Final validation 20/150, Val_acc: 0.7502, time 10.91sAccuracy: 0.799
class                  precision    recall   specificity      f1   support
--------------------------------------------------------------------------
0                          0.927     0.729         0.946   0.816        70
1                          0.364     0.500         0.949   0.421         8
2                          0.769     0.909         0.769   0.833        66
*========================================*
Saving checkpoint outputs/OrganoidsINRIA_reduced/resnet18/2025-11-17-16-11/training/model_final.pt
[EarlyStopping] no improve (9/40)
[EarlyStopping] improved to 0.759282
0 Mon Nov 17 16:49:12 2025 Epoch: 21
Epoch: 21/150 Iter: 1/96 loss: 0.3898 acc: 1.0000 time 2.39s
Epoch: 21/150 Iter: 2/96 loss: 0.4588 acc: 1.0000 time 0.93s
Epoch: 21/150 Iter: 3/96 loss: 0.6272 acc: 0.7222 time 0.76s
Epoch: 21/150 Iter: 4/96 loss: 0.7622 acc: 0.5833 time 0.87s
Epoch: 21/150 Iter: 5/96 loss: 0.7163 acc: 0.5467 time 0.90s
Epoch: 21/150 Iter: 6/96 loss: 0.7786 acc: 0.5111 time 0.92s
Epoch: 21/150 Iter: 7/96 loss: 0.7784 acc: 0.5571 time 1.42s
Epoch: 21/150 Iter: 8/96 loss: 0.8347 acc: 0.4875 time 1.42s
Epoch: 21/150 Iter: 9/96 loss: 0.8044 acc: 0.4827 time 0.86s
Epoch: 21/150 Iter: 10/96 loss: 0.8568 acc: 0.4456 time 1.44s
Epoch: 21/150 Iter: 11/96 loss: 0.8439 acc: 0.4884 time 0.87s
Epoch: 21/150 Iter: 12/96 loss: 0.8385 acc: 0.4755 time 0.92s
Epoch: 21/150 Iter: 13/96 loss: 0.8322 acc: 0.4645 time 1.45s
Epoch: 21/150 Iter: 14/96 loss: 0.8370 acc: 0.4552 time 0.91s
Epoch: 21/150 Iter: 15/96 loss: 0.8163 acc: 0.4730 time 0.87s
Epoch: 21/150 Iter: 16/96 loss: 0.7823 acc: 0.5059 time 1.43s
Epoch: 21/150 Iter: 17/96 loss: 0.7887 acc: 0.5154 time 1.46s
Epoch: 21/150 Iter: 18/96 loss: 0.7793 acc: 0.5114 time 0.77s
Epoch: 21/150 Iter: 19/96 loss: 0.7769 acc: 0.4933 time 0.81s
Epoch: 21/150 Iter: 20/96 loss: 0.7676 acc: 0.4908 time 0.77s
Epoch: 21/150 Iter: 21/96 loss: 0.7718 acc: 0.4952 time 0.84s
Epoch: 21/150 Iter: 22/96 loss: 0.7775 acc: 0.4929 time 1.39s
Epoch: 21/150 Iter: 23/96 loss: 0.7604 acc: 0.4957 time 0.76s
Epoch: 21/150 Iter: 24/96 loss: 0.7819 acc: 0.4889 time 0.90s
Epoch: 21/150 Iter: 25/96 loss: 0.7681 acc: 0.4916 time 0.78s
Epoch: 21/150 Iter: 26/96 loss: 0.7544 acc: 0.5047 time 1.46s
Epoch: 21/150 Iter: 27/96 loss: 0.7648 acc: 0.5014 time 0.83s
Epoch: 21/150 Iter: 28/96 loss: 0.7529 acc: 0.5103 time 0.90s
Epoch: 21/150 Iter: 29/96 loss: 0.7537 acc: 0.5203 time 0.81s
Epoch: 21/150 Iter: 30/96 loss: 0.7581 acc: 0.5215 time 0.77s
Epoch: 21/150 Iter: 31/96 loss: 0.7631 acc: 0.5172 time 0.92s
Epoch: 21/150 Iter: 32/96 loss: 0.7595 acc: 0.5271 time 0.88s
Epoch: 21/150 Iter: 33/96 loss: 0.7629 acc: 0.5263 time 1.45s
Epoch: 21/150 Iter: 34/96 loss: 0.7655 acc: 0.5181 time 1.46s
Epoch: 21/150 Iter: 35/96 loss: 0.7737 acc: 0.5176 time 0.94s
Epoch: 21/150 Iter: 36/96 loss: 0.7695 acc: 0.5156 time 1.47s
Epoch: 21/150 Iter: 37/96 loss: 0.7654 acc: 0.5242 time 1.41s
Epoch: 21/150 Iter: 38/96 loss: 0.7521 acc: 0.5367 time 0.80s
Epoch: 21/150 Iter: 39/96 loss: 0.7431 acc: 0.5454 time 0.79s
Epoch: 21/150 Iter: 40/96 loss: 0.7586 acc: 0.5442 time 0.79s
Epoch: 21/150 Iter: 41/96 loss: 0.7501 acc: 0.5554 time 1.44s
Epoch: 21/150 Iter: 42/96 loss: 0.7505 acc: 0.5540 time 1.44s
Epoch: 21/150 Iter: 43/96 loss: 0.7462 acc: 0.5508 time 0.86s
Epoch: 21/150 Iter: 44/96 loss: 0.7398 acc: 0.5582 time 1.44s
Epoch: 21/150 Iter: 45/96 loss: 0.7430 acc: 0.5625 time 1.45s
Epoch: 21/150 Iter: 46/96 loss: 0.7491 acc: 0.5611 time 0.84s
Epoch: 21/150 Iter: 47/96 loss: 0.7466 acc: 0.5586 time 1.44s
Epoch: 21/150 Iter: 48/96 loss: 0.7463 acc: 0.5597 time 1.46s
Epoch: 21/150 Iter: 49/96 loss: 0.7430 acc: 0.5662 time 0.75s
Epoch: 21/150 Iter: 50/96 loss: 0.7388 acc: 0.5665 time 1.46s
Epoch: 21/150 Iter: 51/96 loss: 0.7366 acc: 0.5641 time 0.86s
Epoch: 21/150 Iter: 52/96 loss: 0.7436 acc: 0.5622 time 1.47s
Epoch: 21/150 Iter: 53/96 loss: 0.7494 acc: 0.5563 time 0.90s
Epoch: 21/150 Iter: 54/96 loss: 0.7531 acc: 0.5559 time 0.79s
Epoch: 21/150 Iter: 55/96 loss: 0.7511 acc: 0.5569 time 1.43s
Epoch: 21/150 Iter: 56/96 loss: 0.7445 acc: 0.5599 time 0.88s
Epoch: 21/150 Iter: 57/96 loss: 0.7488 acc: 0.5530 time 1.40s
Epoch: 21/150 Iter: 58/96 loss: 0.7569 acc: 0.5492 time 1.42s
Epoch: 21/150 Iter: 59/96 loss: 0.7560 acc: 0.5455 time 1.42s
Epoch: 21/150 Iter: 60/96 loss: 0.7552 acc: 0.5420 time 0.87s
Epoch: 21/150 Iter: 61/96 loss: 0.7600 acc: 0.5353 time 0.78s
Epoch: 21/150 Iter: 62/96 loss: 0.7535 acc: 0.5408 time 1.43s
Epoch: 21/150 Iter: 63/96 loss: 0.7550 acc: 0.5401 time 1.42s
Epoch: 21/150 Iter: 64/96 loss: 0.7533 acc: 0.5447 time 0.74s
Epoch: 21/150 Iter: 65/96 loss: 0.7535 acc: 0.5453 time 0.75s
Epoch: 21/150 Iter: 66/96 loss: 0.7506 acc: 0.5471 time 0.85s
Epoch: 21/150 Iter: 67/96 loss: 0.7488 acc: 0.5439 time 1.44s
Epoch: 21/150 Iter: 68/96 loss: 0.7488 acc: 0.5458 time 0.84s
Epoch: 21/150 Iter: 69/96 loss: 0.7479 acc: 0.5443 time 0.92s
Epoch: 21/150 Iter: 70/96 loss: 0.7415 acc: 0.5508 time 1.43s
Epoch: 21/150 Iter: 71/96 loss: 0.7407 acc: 0.5489 time 0.95s
Epoch: 21/150 Iter: 72/96 loss: 0.7382 acc: 0.5534 time 0.77s
Epoch: 21/150 Iter: 73/96 loss: 0.7348 acc: 0.5582 time 0.81s
Epoch: 21/150 Iter: 74/96 loss: 0.7324 acc: 0.5614 time 1.47s
Epoch: 21/150 Iter: 75/96 loss: 0.7261 acc: 0.5673 time 0.77s
Epoch: 21/150 Iter: 76/96 loss: 0.7323 acc: 0.5628 time 1.48s
Epoch: 21/150 Iter: 77/96 loss: 0.7326 acc: 0.5587 time 1.45s
Epoch: 21/150 Iter: 78/96 loss: 0.7391 acc: 0.5587 time 1.42s
Epoch: 21/150 Iter: 79/96 loss: 0.7375 acc: 0.5630 time 0.88s
Epoch: 21/150 Iter: 80/96 loss: 0.7358 acc: 0.5650 time 1.46s
Epoch: 21/150 Iter: 81/96 loss: 0.7372 acc: 0.5611 time 0.73s
Epoch: 21/150 Iter: 82/96 loss: 0.7369 acc: 0.5619 time 1.38s
Epoch: 21/150 Iter: 83/96 loss: 0.7400 acc: 0.5611 time 0.69s
Epoch: 21/150 Iter: 84/96 loss: 0.7336 acc: 0.5663 time 1.42s
Epoch: 21/150 Iter: 85/96 loss: 0.7268 acc: 0.5714 time 1.37s
Epoch: 21/150 Iter: 86/96 loss: 0.7204 acc: 0.5764 time 0.77s
Epoch: 21/150 Iter: 87/96 loss: 0.7222 acc: 0.5784 time 0.76s
Epoch: 21/150 Iter: 88/96 loss: 0.7233 acc: 0.5747 time 1.39s
Epoch: 21/150 Iter: 89/96 loss: 0.7250 acc: 0.5738 time 0.91s
Epoch: 21/150 Iter: 90/96 loss: 0.7202 acc: 0.5786 time 0.78s
Epoch: 21/150 Iter: 91/96 loss: 0.7173 acc: 0.5805 time 0.80s
Epoch: 21/150 Iter: 92/96 loss: 0.7148 acc: 0.5837 time 0.83s
Epoch: 21/150 Iter: 93/96 loss: 0.7171 acc: 0.5792 time 1.39s
Epoch: 21/150 Iter: 94/96 loss: 0.7164 acc: 0.5828 time 0.75s
Epoch: 21/150 Iter: 95/96 loss: 0.7158 acc: 0.5819 time 0.76s
Epoch: 21/150 Iter: 96/96 loss: 0.7143 acc: 0.5810 time 0.87s
[Train epoch 21] avg_loss=0.7143 avg_acc=0.5810 | per-class [c0: 0.626, c1: 0.467, c2: 0.660]
Final training 21/150, loss: 0.7143, time 104.25s, lr: 0.077906
Accuracy: 0.634
class                  precision    recall   specificity      f1   support
--------------------------------------------------------------------------
0                          0.707     0.626         0.753   0.664       281
1                          0.200     0.467         0.897   0.280        30
2                          0.681     0.660         0.736   0.670       265
*----------------------------------------*
0 Mon Nov 17 16:50:56 2025 Epoch: 22
Epoch: 22/150 Iter: 1/96 loss: 0.5608 acc: 0.8750 time 1.70s
Epoch: 22/150 Iter: 2/96 loss: 0.5263 acc: 0.7292 time 0.94s
Epoch: 22/150 Iter: 3/96 loss: 0.7906 acc: 0.6528 time 1.47s
Epoch: 22/150 Iter: 4/96 loss: 0.7147 acc: 0.7146 time 1.47s
Epoch: 22/150 Iter: 5/96 loss: 0.7466 acc: 0.7050 time 0.83s
Epoch: 22/150 Iter: 6/96 loss: 0.6647 acc: 0.7542 time 0.81s
Epoch: 22/150 Iter: 7/96 loss: 0.6593 acc: 0.7714 time 0.80s
Epoch: 22/150 Iter: 8/96 loss: 0.6655 acc: 0.7653 time 0.81s
Epoch: 22/150 Iter: 9/96 loss: 0.7397 acc: 0.7469 time 0.87s
Epoch: 22/150 Iter: 10/96 loss: 0.7070 acc: 0.7500 time 1.46s
Epoch: 22/150 Iter: 11/96 loss: 0.7731 acc: 0.7273 time 0.78s
Epoch: 22/150 Iter: 12/96 loss: 0.7834 acc: 0.7188 time 1.44s
Epoch: 22/150 Iter: 13/96 loss: 0.7369 acc: 0.7404 time 0.79s
Epoch: 22/150 Iter: 14/96 loss: 0.7138 acc: 0.7589 time 0.82s
Epoch: 22/150 Iter: 15/96 loss: 0.7020 acc: 0.7617 time 1.45s
Epoch: 22/150 Iter: 16/96 loss: 0.7147 acc: 0.7453 time 0.91s
Epoch: 22/150 Iter: 17/96 loss: 0.7054 acc: 0.7407 time 1.44s
Epoch: 22/150 Iter: 18/96 loss: 0.7001 acc: 0.7366 time 1.45s
Epoch: 22/150 Iter: 19/96 loss: 0.6891 acc: 0.7285 time 0.82s
Epoch: 22/150 Iter: 20/96 loss: 0.6894 acc: 0.7143 time 1.45s
Epoch: 22/150 Iter: 21/96 loss: 0.6933 acc: 0.7025 time 0.91s
Epoch: 22/150 Iter: 22/96 loss: 0.6810 acc: 0.7085 time 1.42s
Epoch: 22/150 Iter: 23/96 loss: 0.6879 acc: 0.6958 time 0.80s
Epoch: 22/150 Iter: 24/96 loss: 0.6873 acc: 0.6876 time 0.79s
Epoch: 22/150 Iter: 25/96 loss: 0.6824 acc: 0.6834 time 1.45s
Epoch: 22/150 Iter: 26/96 loss: 0.6852 acc: 0.6807 time 0.92s
Epoch: 22/150 Iter: 27/96 loss: 0.7123 acc: 0.6596 time 0.76s
Epoch: 22/150 Iter: 28/96 loss: 0.7115 acc: 0.6646 time 0.91s
Epoch: 22/150 Iter: 29/96 loss: 0.7168 acc: 0.6486 time 1.40s
Epoch: 22/150 Iter: 30/96 loss: 0.7096 acc: 0.6464 time 0.78s
Epoch: 22/150 Iter: 31/96 loss: 0.7266 acc: 0.6309 time 1.45s
Epoch: 22/150 Iter: 32/96 loss: 0.7310 acc: 0.6242 time 0.92s
Epoch: 22/150 Iter: 33/96 loss: 0.7205 acc: 0.6356 time 0.94s
Epoch: 22/150 Iter: 34/96 loss: 0.7083 acc: 0.6426 time 1.41s
Epoch: 22/150 Iter: 35/96 loss: 0.7106 acc: 0.6443 time 0.77s
Epoch: 22/150 Iter: 36/96 loss: 0.7037 acc: 0.6426 time 0.91s
Epoch: 22/150 Iter: 37/96 loss: 0.6935 acc: 0.6523 time 0.79s
Epoch: 22/150 Iter: 38/96 loss: 0.6955 acc: 0.6592 time 1.46s
Epoch: 22/150 Iter: 39/96 loss: 0.6875 acc: 0.6577 time 1.47s
Epoch: 22/150 Iter: 40/96 loss: 0.6880 acc: 0.6621 time 1.48s
Epoch: 22/150 Iter: 41/96 loss: 0.6763 acc: 0.6703 time 0.93s
Epoch: 22/150 Iter: 42/96 loss: 0.6686 acc: 0.6758 time 1.43s
Epoch: 22/150 Iter: 43/96 loss: 0.6644 acc: 0.6769 time 0.95s
Epoch: 22/150 Iter: 44/96 loss: 0.6640 acc: 0.6804 time 1.41s
Epoch: 22/150 Iter: 45/96 loss: 0.6728 acc: 0.6792 time 0.91s
Epoch: 22/150 Iter: 46/96 loss: 0.6778 acc: 0.6753 time 1.41s
Epoch: 22/150 Iter: 47/96 loss: 0.6751 acc: 0.6763 time 1.46s
Epoch: 22/150 Iter: 48/96 loss: 0.6780 acc: 0.6761 time 1.42s
Epoch: 22/150 Iter: 49/96 loss: 0.6785 acc: 0.6751 time 0.90s
Epoch: 22/150 Iter: 50/96 loss: 0.6830 acc: 0.6666 time 0.89s
Epoch: 22/150 Iter: 51/96 loss: 0.6775 acc: 0.6653 time 0.80s
Epoch: 22/150 Iter: 52/96 loss: 0.6757 acc: 0.6701 time 1.45s
Epoch: 22/150 Iter: 53/96 loss: 0.6689 acc: 0.6763 time 1.46s
Epoch: 22/150 Iter: 54/96 loss: 0.6721 acc: 0.6782 time 0.89s
Epoch: 22/150 Iter: 55/96 loss: 0.6803 acc: 0.6780 time 0.86s
Epoch: 22/150 Iter: 56/96 loss: 0.6795 acc: 0.6793 time 0.87s
Epoch: 22/150 Iter: 57/96 loss: 0.6753 acc: 0.6771 time 0.78s
Epoch: 22/150 Iter: 58/96 loss: 0.6727 acc: 0.6809 time 1.40s
Epoch: 22/150 Iter: 59/96 loss: 0.6806 acc: 0.6750 time 1.42s
Epoch: 22/150 Iter: 60/96 loss: 0.6777 acc: 0.6721 time 0.81s
Epoch: 22/150 Iter: 61/96 loss: 0.6737 acc: 0.6755 time 0.94s
Epoch: 22/150 Iter: 62/96 loss: 0.6829 acc: 0.6690 time 0.88s
Epoch: 22/150 Iter: 63/96 loss: 0.6890 acc: 0.6637 time 1.43s
Epoch: 22/150 Iter: 64/96 loss: 0.6932 acc: 0.6617 time 0.77s
Epoch: 22/150 Iter: 65/96 loss: 0.6899 acc: 0.6566 time 0.93s
Epoch: 22/150 Iter: 66/96 loss: 0.6870 acc: 0.6568 time 1.45s
Epoch: 22/150 Iter: 67/96 loss: 0.6840 acc: 0.6544 time 1.43s
Epoch: 22/150 Iter: 68/96 loss: 0.6805 acc: 0.6530 time 1.47s
Epoch: 22/150 Iter: 69/96 loss: 0.6806 acc: 0.6526 time 0.88s
Epoch: 22/150 Iter: 70/96 loss: 0.6852 acc: 0.6496 time 0.83s
Epoch: 22/150 Iter: 71/96 loss: 0.6832 acc: 0.6483 time 0.82s
Epoch: 22/150 Iter: 72/96 loss: 0.6818 acc: 0.6462 time 1.37s
Epoch: 22/150 Iter: 73/96 loss: 0.6773 acc: 0.6494 time 0.82s
Epoch: 22/150 Iter: 74/96 loss: 0.6737 acc: 0.6487 time 0.80s
Epoch: 22/150 Iter: 75/96 loss: 0.6759 acc: 0.6484 time 1.46s
Epoch: 22/150 Iter: 76/96 loss: 0.6806 acc: 0.6428 time 1.42s
Epoch: 22/150 Iter: 77/96 loss: 0.6738 acc: 0.6474 time 0.79s
Epoch: 22/150 Iter: 78/96 loss: 0.6695 acc: 0.6519 time 0.90s
Epoch: 22/150 Iter: 79/96 loss: 0.6759 acc: 0.6447 time 0.80s
Epoch: 22/150 Iter: 80/96 loss: 0.6818 acc: 0.6394 time 0.93s
Epoch: 22/150 Iter: 81/96 loss: 0.6884 acc: 0.6357 time 1.48s
Epoch: 22/150 Iter: 82/96 loss: 0.6909 acc: 0.6381 time 0.74s
Epoch: 22/150 Iter: 83/96 loss: 0.6924 acc: 0.6324 time 0.92s
Epoch: 22/150 Iter: 84/96 loss: 0.6949 acc: 0.6308 time 1.43s
Epoch: 22/150 Iter: 85/96 loss: 0.6949 acc: 0.6342 time 1.43s
Epoch: 22/150 Iter: 86/96 loss: 0.6942 acc: 0.6371 time 0.80s
Epoch: 22/150 Iter: 87/96 loss: 0.6899 acc: 0.6413 time 0.70s
Epoch: 22/150 Iter: 88/96 loss: 0.6851 acc: 0.6454 time 1.38s
Epoch: 22/150 Iter: 89/96 loss: 0.6852 acc: 0.6456 time 0.71s
Epoch: 22/150 Iter: 90/96 loss: 0.6832 acc: 0.6482 time 0.76s
Epoch: 22/150 Iter: 91/96 loss: 0.6830 acc: 0.6493 time 0.74s
Epoch: 22/150 Iter: 92/96 loss: 0.7015 acc: 0.6513 time 0.76s
Epoch: 22/150 Iter: 93/96 loss: 0.6996 acc: 0.6550 time 0.69s
Epoch: 22/150 Iter: 94/96 loss: 0.6994 acc: 0.6574 time 0.76s
Epoch: 22/150 Iter: 95/96 loss: 0.6985 acc: 0.6557 time 1.36s
Epoch: 22/150 Iter: 96/96 loss: 0.6945 acc: 0.6593 time 0.70s
[Train epoch 22] avg_loss=0.6945 avg_acc=0.6593 | per-class [c0: 0.712, c1: 0.793, c2: 0.699]
Final training 22/150, loss: 0.6945, time 103.24s, lr: 0.077621
Accuracy: 0.710
class                  precision    recall   specificity      f1   support
--------------------------------------------------------------------------
0                          0.772     0.712         0.800   0.741       281
1                          0.295     0.793         0.899   0.430        29
2                          0.778     0.699         0.829   0.737       266
*----------------------------------------*
Val 22/150 1/24, Acc: 0.3333, Loss: 9.0838, time 0.42s
Val 22/150 2/24, Acc: 0.6667, Loss: 4.6573, time 0.48s
Val 22/150 3/24, Acc: 0.5741, Loss: 3.4960, time 0.50s
Val 22/150 4/24, Acc: 0.6493, Loss: 2.6881, time 0.45s
Val 22/150 5/24, Acc: 0.6694, Loss: 2.1978, time 0.48s
Val 22/150 6/24, Acc: 0.7245, Loss: 1.8655, time 0.47s
Val 22/150 7/24, Acc: 0.7460, Loss: 1.6599, time 0.50s
Val 22/150 8/24, Acc: 0.7465, Loss: 1.4971, time 0.42s
Val 22/150 9/24, Acc: 0.7747, Loss: 1.3933, time 0.41s
Val 22/150 10/24, Acc: 0.7972, Loss: 1.2646, time 0.50s
Val 22/150 11/24, Acc: 0.8005, Loss: 1.2071, time 0.43s
Val 22/150 12/24, Acc: 0.8171, Loss: 1.1250, time 0.45s
Val 22/150 13/24, Acc: 0.8216, Loss: 1.0855, time 0.47s
Val 22/150 14/24, Acc: 0.8254, Loss: 1.0374, time 0.42s
Val 22/150 15/24, Acc: 0.8315, Loss: 1.0178, time 0.42s
Val 22/150 16/24, Acc: 0.8420, Loss: 0.9592, time 0.43s
Val 22/150 17/24, Acc: 0.8440, Loss: 0.9300, time 0.48s
Val 22/150 18/24, Acc: 0.8526, Loss: 0.9015, time 0.44s
Val 22/150 19/24, Acc: 0.8551, Loss: 0.8722, time 0.44s
Val 22/150 20/24, Acc: 0.8401, Loss: 0.8438, time 0.44s
Val 22/150 21/24, Acc: 0.8478, Loss: 0.8130, time 0.45s
Val 22/150 22/24, Acc: 0.8395, Loss: 0.8085, time 0.53s
Val 22/150 23/24, Acc: 0.8248, Loss: 0.8226, time 0.38s
Val 22/150 24/24, Acc: 0.8182, Loss: 0.8346, time 0.40s
[Val epoch 22] avg_acc=0.8182 | avg_loss=0.8346 | per-class [c0: 0.900, c1: 0.375, c2: 0.848]
Final validation 22/150, Val_acc: 0.8182, time 10.80sAccuracy: 0.847
class                  precision    recall   specificity      f1   support
--------------------------------------------------------------------------
0                          0.851     0.900         0.851   0.875        70
1                          0.750     0.375         0.993   0.500         8
2                          0.848     0.848         0.872   0.848        66
*========================================*
New best (0.778588 --> 0.818171)
Saving checkpoint outputs/OrganoidsINRIA_reduced/resnet18/2025-11-17-16-11/training/model_final.pt
Copying best model to best_model.pt
[EarlyStopping] improved to 0.818171
[EarlyStopping] no improve (1/40)
0 Mon Nov 17 16:53:00 2025 Epoch: 23
Epoch: 23/150 Iter: 1/96 loss: 0.4065 acc: 1.0000 time 2.58s
Epoch: 23/150 Iter: 2/96 loss: 0.4625 acc: 0.9375 time 1.42s
Epoch: 23/150 Iter: 3/96 loss: 0.5197 acc: 0.9213 time 0.76s
Epoch: 23/150 Iter: 4/96 loss: 0.4380 acc: 0.9410 time 0.80s
Epoch: 23/150 Iter: 5/96 loss: 0.4820 acc: 0.8328 time 0.90s
Epoch: 23/150 Iter: 6/96 loss: 0.5067 acc: 0.8144 time 1.42s
Epoch: 23/150 Iter: 7/96 loss: 0.5477 acc: 0.8230 time 1.47s
Epoch: 23/150 Iter: 8/96 loss: 0.5707 acc: 0.7826 time 0.89s
Epoch: 23/150 Iter: 9/96 loss: 0.6417 acc: 0.7327 time 0.74s
Epoch: 23/150 Iter: 10/96 loss: 0.6153 acc: 0.7594 time 1.42s
Epoch: 23/150 Iter: 11/96 loss: 0.6040 acc: 0.7631 time 1.40s
Epoch: 23/150 Iter: 12/96 loss: 0.6306 acc: 0.7551 time 1.45s
Epoch: 23/150 Iter: 13/96 loss: 0.6195 acc: 0.7397 time 1.47s
Epoch: 23/150 Iter: 14/96 loss: 0.6295 acc: 0.7167 time 0.86s
Epoch: 23/150 Iter: 15/96 loss: 0.6660 acc: 0.6985 time 1.45s
Epoch: 23/150 Iter: 16/96 loss: 0.6771 acc: 0.6840 time 0.89s
Epoch: 23/150 Iter: 17/96 loss: 0.6909 acc: 0.6699 time 0.70s
Epoch: 23/150 Iter: 18/96 loss: 0.6684 acc: 0.6636 time 1.43s
Epoch: 23/150 Iter: 19/96 loss: 0.6811 acc: 0.6404 time 0.76s
Epoch: 23/150 Iter: 20/96 loss: 0.6930 acc: 0.6375 time 1.37s
Epoch: 23/150 Iter: 21/96 loss: 0.6952 acc: 0.6310 time 0.83s
Epoch: 23/150 Iter: 22/96 loss: 0.7042 acc: 0.6174 time 0.79s
Epoch: 23/150 Iter: 23/96 loss: 0.7087 acc: 0.6123 time 1.42s
Epoch: 23/150 Iter: 24/96 loss: 0.7093 acc: 0.6042 time 1.43s
Epoch: 23/150 Iter: 25/96 loss: 0.6867 acc: 0.6200 time 1.47s
Epoch: 23/150 Iter: 26/96 loss: 0.6923 acc: 0.6282 time 0.87s
Epoch: 23/150 Iter: 27/96 loss: 0.6933 acc: 0.6173 time 1.40s
Epoch: 23/150 Iter: 28/96 loss: 0.6812 acc: 0.6310 time 1.41s
Epoch: 23/150 Iter: 29/96 loss: 0.6746 acc: 0.6398 time 1.44s
Epoch: 23/150 Iter: 30/96 loss: 0.6683 acc: 0.6485 time 0.82s
Epoch: 23/150 Iter: 31/96 loss: 0.6581 acc: 0.6545 time 0.83s
Epoch: 23/150 Iter: 32/96 loss: 0.6520 acc: 0.6590 time 0.77s
Epoch: 23/150 Iter: 33/96 loss: 0.6652 acc: 0.6424 time 0.94s
Epoch: 23/150 Iter: 34/96 loss: 0.6752 acc: 0.6333 time 1.46s
Epoch: 23/150 Iter: 35/96 loss: 0.6681 acc: 0.6319 time 0.96s
Epoch: 23/150 Iter: 36/96 loss: 0.6677 acc: 0.6390 time 0.78s
Epoch: 23/150 Iter: 37/96 loss: 0.6596 acc: 0.6454 time 1.49s
Epoch: 23/150 Iter: 38/96 loss: 0.6616 acc: 0.6482 time 0.90s
Epoch: 23/150 Iter: 39/96 loss: 0.6613 acc: 0.6486 time 1.46s
Epoch: 23/150 Iter: 40/96 loss: 0.6661 acc: 0.6491 time 1.47s
Epoch: 23/150 Iter: 41/96 loss: 0.6609 acc: 0.6536 time 1.38s
Epoch: 23/150 Iter: 42/96 loss: 0.6637 acc: 0.6571 time 0.79s
Epoch: 23/150 Iter: 43/96 loss: 0.6598 acc: 0.6592 time 0.80s
Epoch: 23/150 Iter: 44/96 loss: 0.6573 acc: 0.6594 time 0.85s
Epoch: 23/150 Iter: 45/96 loss: 0.6571 acc: 0.6559 time 0.89s
Epoch: 23/150 Iter: 46/96 loss: 0.6630 acc: 0.6532 time 1.42s
Epoch: 23/150 Iter: 47/96 loss: 0.6614 acc: 0.6606 time 1.46s
Epoch: 23/150 Iter: 48/96 loss: 0.6584 acc: 0.6538 time 0.79s
Epoch: 23/150 Iter: 49/96 loss: 0.6470 acc: 0.6608 time 0.89s
Epoch: 23/150 Iter: 50/96 loss: 0.6448 acc: 0.6656 time 1.44s
Epoch: 23/150 Iter: 51/96 loss: 0.6468 acc: 0.6624 time 0.90s
Epoch: 23/150 Iter: 52/96 loss: 0.6526 acc: 0.6592 time 0.75s
Epoch: 23/150 Iter: 53/96 loss: 0.6437 acc: 0.6657 time 0.74s
Epoch: 23/150 Iter: 54/96 loss: 0.6373 acc: 0.6695 time 1.41s
Epoch: 23/150 Iter: 55/96 loss: 0.6420 acc: 0.6680 time 0.86s
Epoch: 23/150 Iter: 56/96 loss: 0.6438 acc: 0.6650 time 0.76s
Epoch: 23/150 Iter: 57/96 loss: 0.6441 acc: 0.6694 time 0.91s
Epoch: 23/150 Iter: 58/96 loss: 0.6451 acc: 0.6722 time 0.78s
Epoch: 23/150 Iter: 59/96 loss: 0.6547 acc: 0.6672 time 0.79s
Epoch: 23/150 Iter: 60/96 loss: 0.6536 acc: 0.6706 time 0.84s
Epoch: 23/150 Iter: 61/96 loss: 0.6641 acc: 0.6660 time 0.93s
Epoch: 23/150 Iter: 62/96 loss: 0.6607 acc: 0.6696 time 0.75s
Epoch: 23/150 Iter: 63/96 loss: 0.6598 acc: 0.6643 time 1.45s
Epoch: 23/150 Iter: 64/96 loss: 0.6593 acc: 0.6643 time 1.47s
Epoch: 23/150 Iter: 65/96 loss: 0.6644 acc: 0.6562 time 1.47s
Epoch: 23/150 Iter: 66/96 loss: 0.6604 acc: 0.6588 time 1.44s
Epoch: 23/150 Iter: 67/96 loss: 0.6561 acc: 0.6639 time 1.42s
Epoch: 23/150 Iter: 68/96 loss: 0.6495 acc: 0.6689 time 1.42s
Epoch: 23/150 Iter: 69/96 loss: 0.6505 acc: 0.6688 time 1.44s
Epoch: 23/150 Iter: 70/96 loss: 0.6498 acc: 0.6718 time 0.80s
Epoch: 23/150 Iter: 71/96 loss: 0.6432 acc: 0.6764 time 0.76s
Epoch: 23/150 Iter: 72/96 loss: 0.6466 acc: 0.6701 time 0.78s
Epoch: 23/150 Iter: 73/96 loss: 0.6470 acc: 0.6689 time 1.45s
Epoch: 23/150 Iter: 74/96 loss: 0.6477 acc: 0.6659 time 0.78s
Epoch: 23/150 Iter: 75/96 loss: 0.6552 acc: 0.6644 time 0.80s
Epoch: 23/150 Iter: 76/96 loss: 0.6551 acc: 0.6688 time 1.41s
Epoch: 23/150 Iter: 77/96 loss: 0.6535 acc: 0.6710 time 1.43s
Epoch: 23/150 Iter: 78/96 loss: 0.6561 acc: 0.6666 time 0.95s
Epoch: 23/150 Iter: 79/96 loss: 0.6528 acc: 0.6709 time 1.45s
Epoch: 23/150 Iter: 80/96 loss: 0.6483 acc: 0.6694 time 0.78s
Epoch: 23/150 Iter: 81/96 loss: 0.6500 acc: 0.6659 time 0.71s
Epoch: 23/150 Iter: 82/96 loss: 0.6515 acc: 0.6626 time 0.76s
Epoch: 23/150 Iter: 83/96 loss: 0.6527 acc: 0.6616 time 0.70s
Epoch: 23/150 Iter: 84/96 loss: 0.6515 acc: 0.6630 time 0.69s
Epoch: 23/150 Iter: 85/96 loss: 0.6490 acc: 0.6621 time 0.74s
Epoch: 23/150 Iter: 86/96 loss: 0.6491 acc: 0.6595 time 1.38s
Epoch: 23/150 Iter: 87/96 loss: 0.6478 acc: 0.6596 time 1.39s
Epoch: 23/150 Iter: 88/96 loss: 0.6462 acc: 0.6610 time 0.73s
Epoch: 23/150 Iter: 89/96 loss: 0.6488 acc: 0.6610 time 1.36s
Epoch: 23/150 Iter: 90/96 loss: 0.6485 acc: 0.6586 time 0.78s
Epoch: 23/150 Iter: 91/96 loss: 0.6448 acc: 0.6593 time 1.37s
Epoch: 23/150 Iter: 92/96 loss: 0.6416 acc: 0.6603 time 0.76s
Epoch: 23/150 Iter: 93/96 loss: 0.6432 acc: 0.6586 time 0.71s
Epoch: 23/150 Iter: 94/96 loss: 0.6473 acc: 0.6551 time 0.75s
Epoch: 23/150 Iter: 95/96 loss: 0.6482 acc: 0.6526 time 0.75s
Epoch: 23/150 Iter: 96/96 loss: 0.6509 acc: 0.6493 time 0.76s
[Train epoch 23] avg_loss=0.6509 avg_acc=0.6493 | per-class [c0: 0.736, c1: 0.500, c2: 0.718]
Final training 23/150, loss: 0.6509, time 104.17s, lr: 0.077317
Accuracy: 0.715
class                  precision    recall   specificity      f1   support
--------------------------------------------------------------------------
0                          0.783     0.736         0.807   0.759       280
1                          0.227     0.500         0.907   0.312        30
2                          0.773     0.718         0.819   0.745       266
*----------------------------------------*
0 Mon Nov 17 16:54:44 2025 Epoch: 24
Epoch: 24/150 Iter: 1/96 loss: 0.2406 acc: 1.0000 time 1.77s
Epoch: 24/150 Iter: 2/96 loss: 0.3610 acc: 0.9375 time 0.81s
Epoch: 24/150 Iter: 3/96 loss: 0.4511 acc: 0.7806 time 0.91s
Epoch: 24/150 Iter: 4/96 loss: 0.4984 acc: 0.7313 time 0.93s
Epoch: 24/150 Iter: 5/96 loss: 0.5128 acc: 0.7350 time 1.43s
Epoch: 24/150 Iter: 6/96 loss: 0.5295 acc: 0.7514 time 1.39s
Epoch: 24/150 Iter: 7/96 loss: 0.5162 acc: 0.7690 time 1.38s
Epoch: 24/150 Iter: 8/96 loss: 0.5930 acc: 0.7313 time 0.79s
Epoch: 24/150 Iter: 9/96 loss: 0.6214 acc: 0.7389 time 0.78s
Epoch: 24/150 Iter: 10/96 loss: 0.6071 acc: 0.7550 time 1.42s
Epoch: 24/150 Iter: 11/96 loss: 0.6143 acc: 0.7167 time 0.90s
Epoch: 24/150 Iter: 12/96 loss: 0.6265 acc: 0.7014 time 1.47s
Epoch: 24/150 Iter: 13/96 loss: 0.6031 acc: 0.7244 time 1.49s
Epoch: 24/150 Iter: 14/96 loss: 0.6007 acc: 0.7202 time 1.38s
Epoch: 24/150 Iter: 15/96 loss: 0.6616 acc: 0.6833 time 0.74s
Epoch: 24/150 Iter: 16/96 loss: 0.6506 acc: 0.6927 time 0.95s
Epoch: 24/150 Iter: 17/96 loss: 0.6332 acc: 0.7010 time 1.46s
Epoch: 24/150 Iter: 18/96 loss: 0.6320 acc: 0.6806 time 1.45s
Epoch: 24/150 Iter: 19/96 loss: 0.6362 acc: 0.6667 time 0.88s
Epoch: 24/150 Iter: 20/96 loss: 0.6091 acc: 0.6833 time 0.94s
Epoch: 24/150 Iter: 21/96 loss: 0.6069 acc: 0.6905 time 1.45s
Epoch: 24/150 Iter: 22/96 loss: 0.6000 acc: 0.6864 time 1.45s
Epoch: 24/150 Iter: 23/96 loss: 0.6116 acc: 0.6837 time 1.46s
Epoch: 24/150 Iter: 24/96 loss: 0.6071 acc: 0.6885 time 0.91s
Epoch: 24/150 Iter: 25/96 loss: 0.6026 acc: 0.6966 time 0.79s
Epoch: 24/150 Iter: 26/96 loss: 0.6017 acc: 0.6938 time 1.45s
Epoch: 24/150 Iter: 27/96 loss: 0.5971 acc: 0.6897 time 0.86s
Epoch: 24/150 Iter: 28/96 loss: 0.5915 acc: 0.6948 time 0.80s
Epoch: 24/150 Iter: 29/96 loss: 0.5919 acc: 0.6967 time 0.77s
Epoch: 24/150 Iter: 30/96 loss: 0.5841 acc: 0.6920 time 0.82s
Epoch: 24/150 Iter: 31/96 loss: 0.5965 acc: 0.6778 time 0.89s
Epoch: 24/150 Iter: 32/96 loss: 0.5853 acc: 0.6800 time 1.39s
Epoch: 24/150 Iter: 33/96 loss: 0.5756 acc: 0.6897 time 0.91s
Epoch: 24/150 Iter: 34/96 loss: 0.5745 acc: 0.6812 time 0.80s
Epoch: 24/150 Iter: 35/96 loss: 0.5729 acc: 0.6856 time 1.41s
Epoch: 24/150 Iter: 36/96 loss: 0.5826 acc: 0.6758 time 1.45s
Epoch: 24/150 Iter: 37/96 loss: 0.5803 acc: 0.6695 time 1.44s
Epoch: 24/150 Iter: 38/96 loss: 0.5758 acc: 0.6738 time 0.88s
Epoch: 24/150 Iter: 39/96 loss: 0.5724 acc: 0.6751 time 0.86s
Epoch: 24/150 Iter: 40/96 loss: 0.5766 acc: 0.6693 time 0.77s
Epoch: 24/150 Iter: 41/96 loss: 0.5740 acc: 0.6774 time 0.81s
Epoch: 24/150 Iter: 42/96 loss: 0.5696 acc: 0.6821 time 1.45s
Epoch: 24/150 Iter: 43/96 loss: 0.6071 acc: 0.6714 time 0.92s
Epoch: 24/150 Iter: 44/96 loss: 0.6033 acc: 0.6703 time 0.96s
Epoch: 24/150 Iter: 45/96 loss: 0.6245 acc: 0.6665 time 0.80s
Epoch: 24/150 Iter: 46/96 loss: 0.6157 acc: 0.6738 time 0.80s
Epoch: 24/150 Iter: 47/96 loss: 0.6130 acc: 0.6807 time 0.79s
Epoch: 24/150 Iter: 48/96 loss: 0.6235 acc: 0.6822 time 0.82s
Epoch: 24/150 Iter: 49/96 loss: 0.6217 acc: 0.6785 time 0.87s
Epoch: 24/150 Iter: 50/96 loss: 0.6264 acc: 0.6749 time 0.89s
Epoch: 24/150 Iter: 51/96 loss: 0.6275 acc: 0.6721 time 1.43s
Epoch: 24/150 Iter: 52/96 loss: 0.6291 acc: 0.6640 time 1.47s
Epoch: 24/150 Iter: 53/96 loss: 0.6274 acc: 0.6625 time 0.83s
Epoch: 24/150 Iter: 54/96 loss: 0.6293 acc: 0.6595 time 1.45s
Epoch: 24/150 Iter: 55/96 loss: 0.6314 acc: 0.6566 time 0.87s
Epoch: 24/150 Iter: 56/96 loss: 0.6442 acc: 0.6508 time 0.81s
Epoch: 24/150 Iter: 57/96 loss: 0.6470 acc: 0.6511 time 0.78s
Epoch: 24/150 Iter: 58/96 loss: 0.6580 acc: 0.6437 time 0.79s
Epoch: 24/150 Iter: 59/96 loss: 0.6577 acc: 0.6429 time 0.79s
Epoch: 24/150 Iter: 60/96 loss: 0.6583 acc: 0.6392 time 1.44s
Epoch: 24/150 Iter: 61/96 loss: 0.6540 acc: 0.6451 time 1.51s
Epoch: 24/150 Iter: 62/96 loss: 0.6529 acc: 0.6441 time 0.92s
Epoch: 24/150 Iter: 63/96 loss: 0.6521 acc: 0.6409 time 0.79s
Epoch: 24/150 Iter: 64/96 loss: 0.6474 acc: 0.6465 time 1.48s
Epoch: 24/150 Iter: 65/96 loss: 0.6621 acc: 0.6443 time 1.44s
Epoch: 24/150 Iter: 66/96 loss: 0.6610 acc: 0.6471 time 1.43s
Epoch: 24/150 Iter: 67/96 loss: 0.6655 acc: 0.6468 time 1.43s
Epoch: 24/150 Iter: 68/96 loss: 0.6676 acc: 0.6504 time 1.44s
Epoch: 24/150 Iter: 69/96 loss: 0.6640 acc: 0.6518 time 1.41s
Epoch: 24/150 Iter: 70/96 loss: 0.6650 acc: 0.6544 time 0.79s
Epoch: 24/150 Iter: 71/96 loss: 0.6778 acc: 0.6530 time 0.92s
Epoch: 24/150 Iter: 72/96 loss: 0.6749 acc: 0.6517 time 0.92s
Epoch: 24/150 Iter: 73/96 loss: 0.6791 acc: 0.6450 time 0.76s
Epoch: 24/150 Iter: 74/96 loss: 0.6802 acc: 0.6431 time 0.81s
Epoch: 24/150 Iter: 75/96 loss: 0.6784 acc: 0.6404 time 0.87s
Epoch: 24/150 Iter: 76/96 loss: 0.6766 acc: 0.6451 time 1.41s
Epoch: 24/150 Iter: 77/96 loss: 0.6742 acc: 0.6443 time 1.44s
Epoch: 24/150 Iter: 78/96 loss: 0.6785 acc: 0.6378 time 1.43s
Epoch: 24/150 Iter: 79/96 loss: 0.6760 acc: 0.6371 time 1.42s
Epoch: 24/150 Iter: 80/96 loss: 0.6765 acc: 0.6350 time 0.88s
Epoch: 24/150 Iter: 81/96 loss: 0.6811 acc: 0.6326 time 0.72s
Epoch: 24/150 Iter: 82/96 loss: 0.6801 acc: 0.6320 time 0.78s
Epoch: 24/150 Iter: 83/96 loss: 0.6833 acc: 0.6284 time 0.75s
Epoch: 24/150 Iter: 84/96 loss: 0.6809 acc: 0.6328 time 1.38s
Epoch: 24/150 Iter: 85/96 loss: 0.6823 acc: 0.6352 time 0.70s
Epoch: 24/150 Iter: 86/96 loss: 0.6815 acc: 0.6375 time 1.36s
Epoch: 24/150 Iter: 87/96 loss: 0.6853 acc: 0.6355 time 0.79s
Epoch: 24/150 Iter: 88/96 loss: 0.6846 acc: 0.6397 time 0.78s
Epoch: 24/150 Iter: 89/96 loss: 0.6856 acc: 0.6372 time 1.39s
Epoch: 24/150 Iter: 90/96 loss: 0.6856 acc: 0.6412 time 0.81s
Epoch: 24/150 Iter: 91/96 loss: 0.6855 acc: 0.6390 time 1.36s
Epoch: 24/150 Iter: 92/96 loss: 0.6831 acc: 0.6412 time 1.37s
Epoch: 24/150 Iter: 93/96 loss: 0.6805 acc: 0.6423 time 1.40s
Epoch: 24/150 Iter: 94/96 loss: 0.6822 acc: 0.6435 time 1.37s
Epoch: 24/150 Iter: 95/96 loss: 0.6792 acc: 0.6461 time 1.39s
Epoch: 24/150 Iter: 96/96 loss: 0.6796 acc: 0.6419 time 0.73s
[Train epoch 24] avg_loss=0.6796 avg_acc=0.6419 | per-class [c0: 0.700, c1: 0.767, c2: 0.737]
Final training 24/150, loss: 0.6796, time 105.23s, lr: 0.076997
Accuracy: 0.720
class                  precision    recall   specificity      f1   support
--------------------------------------------------------------------------
0                          0.803     0.700         0.838   0.748       280
1                          0.284     0.767         0.894   0.414        30
2                          0.781     0.737         0.823   0.758       266
*----------------------------------------*
Val 24/150 1/24, Acc: 0.5000, Loss: 5.3273, time 0.42s
Val 24/150 2/24, Acc: 0.5278, Loss: 2.8156, time 0.43s
Val 24/150 3/24, Acc: 0.5741, Loss: 2.1512, time 0.46s
Val 24/150 4/24, Acc: 0.5556, Loss: 1.7281, time 0.50s
Val 24/150 5/24, Acc: 0.5611, Loss: 1.4843, time 0.51s
Val 24/150 6/24, Acc: 0.5509, Loss: 1.3109, time 0.46s
Val 24/150 7/24, Acc: 0.5556, Loss: 1.1860, time 0.44s
Val 24/150 8/24, Acc: 0.5590, Loss: 1.0986, time 0.42s
Val 24/150 9/24, Acc: 0.6080, Loss: 1.0080, time 0.43s
Val 24/150 10/24, Acc: 0.6472, Loss: 0.9381, time 0.49s
Val 24/150 11/24, Acc: 0.6692, Loss: 0.9000, time 0.40s
Val 24/150 12/24, Acc: 0.6319, Loss: 0.8957, time 0.45s
Val 24/150 13/24, Acc: 0.6154, Loss: 0.8677, time 0.52s
Val 24/150 14/24, Acc: 0.6012, Loss: 0.8606, time 0.46s
Val 24/150 15/24, Acc: 0.6222, Loss: 0.8325, time 0.40s
Val 24/150 16/24, Acc: 0.6458, Loss: 0.7905, time 0.44s
Val 24/150 17/24, Acc: 0.6593, Loss: 0.7617, time 0.50s
Val 24/150 18/24, Acc: 0.6458, Loss: 0.7796, time 0.49s
Val 24/150 19/24, Acc: 0.6364, Loss: 0.7783, time 0.51s
Val 24/150 20/24, Acc: 0.6324, Loss: 0.7662, time 0.51s
Val 24/150 21/24, Acc: 0.6499, Loss: 0.7424, time 0.45s
Val 24/150 22/24, Acc: 0.6355, Loss: 0.7474, time 0.58s
Val 24/150 23/24, Acc: 0.6296, Loss: 0.7602, time 0.48s
Val 24/150 24/24, Acc: 0.6450, Loss: 0.7432, time 0.49s
[Val epoch 24] avg_acc=0.6450 | avg_loss=0.7432 | per-class [c0: 0.757, c1: 0.625, c2: 0.848]
Final validation 24/150, Val_acc: 0.6450, time 11.23sAccuracy: 0.792
class                  precision    recall   specificity      f1   support
--------------------------------------------------------------------------
0                          0.914     0.757         0.932   0.828        70
1                          0.227     0.625         0.875   0.333         8
2                          0.875     0.848         0.897   0.862        66
*========================================*
Saving checkpoint outputs/OrganoidsINRIA_reduced/resnet18/2025-11-17-16-11/training/model_final.pt
[EarlyStopping] no improve (1/40)
[EarlyStopping] improved to 0.743186
0 Mon Nov 17 16:56:45 2025 Epoch: 25
Epoch: 25/150 Iter: 1/96 loss: 0.9617 acc: 0.2500 time 2.85s
Epoch: 25/150 Iter: 2/96 loss: 0.9459 acc: 0.3750 time 0.79s
Epoch: 25/150 Iter: 3/96 loss: 0.8160 acc: 0.4722 time 1.45s
Epoch: 25/150 Iter: 4/96 loss: 0.7551 acc: 0.4875 time 1.44s
Epoch: 25/150 Iter: 5/96 loss: 0.6726 acc: 0.5900 time 0.86s
Epoch: 25/150 Iter: 6/96 loss: 0.6286 acc: 0.5889 time 0.76s
Epoch: 25/150 Iter: 7/96 loss: 0.6753 acc: 0.5643 time 1.47s
Epoch: 25/150 Iter: 8/96 loss: 0.7461 acc: 0.5458 time 0.87s
Epoch: 25/150 Iter: 9/96 loss: 0.7665 acc: 0.5685 time 1.42s
Epoch: 25/150 Iter: 10/96 loss: 0.7437 acc: 0.5783 time 0.96s
Epoch: 25/150 Iter: 11/96 loss: 0.7838 acc: 0.5485 time 1.44s
Epoch: 25/150 Iter: 12/96 loss: 0.7635 acc: 0.5722 time 1.41s
Epoch: 25/150 Iter: 13/96 loss: 0.7458 acc: 0.5624 time 1.41s
Epoch: 25/150 Iter: 14/96 loss: 0.7396 acc: 0.5669 time 0.79s
Epoch: 25/150 Iter: 15/96 loss: 0.7499 acc: 0.5365 time 1.45s
Epoch: 25/150 Iter: 16/96 loss: 0.7463 acc: 0.5394 time 1.47s
Epoch: 25/150 Iter: 17/96 loss: 0.7480 acc: 0.5322 time 0.76s
Epoch: 25/150 Iter: 18/96 loss: 0.8076 acc: 0.5211 time 1.37s
Epoch: 25/150 Iter: 19/96 loss: 0.8032 acc: 0.5077 time 1.47s
Epoch: 25/150 Iter: 20/96 loss: 0.8008 acc: 0.5032 time 1.38s
Epoch: 25/150 Iter: 21/96 loss: 0.8014 acc: 0.5030 time 1.42s
Epoch: 25/150 Iter: 22/96 loss: 0.7955 acc: 0.5105 time 0.85s
Epoch: 25/150 Iter: 23/96 loss: 0.8303 acc: 0.4883 time 1.40s
Epoch: 25/150 Iter: 24/96 loss: 0.8219 acc: 0.5096 time 1.41s
Epoch: 25/150 Iter: 25/96 loss: 0.8125 acc: 0.5242 time 0.79s
Epoch: 25/150 Iter: 26/96 loss: 0.8159 acc: 0.5246 time 1.44s
Epoch: 25/150 Iter: 27/96 loss: 0.8226 acc: 0.5175 time 0.92s
Epoch: 25/150 Iter: 28/96 loss: 0.8120 acc: 0.5308 time 0.78s
Epoch: 25/150 Iter: 29/96 loss: 0.8013 acc: 0.5441 time 0.80s
Epoch: 25/150 Iter: 30/96 loss: 0.7894 acc: 0.5459 time 0.80s
Epoch: 25/150 Iter: 31/96 loss: 0.8001 acc: 0.5391 time 0.81s
Epoch: 25/150 Iter: 32/96 loss: 0.8017 acc: 0.5465 time 0.88s
Epoch: 25/150 Iter: 33/96 loss: 0.8093 acc: 0.5375 time 1.46s
Epoch: 25/150 Iter: 34/96 loss: 0.8131 acc: 0.5291 time 1.43s
Epoch: 25/150 Iter: 35/96 loss: 0.8058 acc: 0.5283 time 0.93s
Epoch: 25/150 Iter: 36/96 loss: 0.8088 acc: 0.5344 time 1.45s
Epoch: 25/150 Iter: 37/96 loss: 0.7946 acc: 0.5357 time 1.46s
Epoch: 25/150 Iter: 38/96 loss: 0.7900 acc: 0.5282 time 0.76s
Epoch: 25/150 Iter: 39/96 loss: 0.8045 acc: 0.5307 time 0.76s
Epoch: 25/150 Iter: 40/96 loss: 0.8047 acc: 0.5341 time 1.45s
Epoch: 25/150 Iter: 41/96 loss: 0.8139 acc: 0.5292 time 1.45s
Epoch: 25/150 Iter: 42/96 loss: 0.8125 acc: 0.5265 time 0.83s
Epoch: 25/150 Iter: 43/96 loss: 0.8032 acc: 0.5356 time 0.90s
Epoch: 25/150 Iter: 44/96 loss: 0.7966 acc: 0.5424 time 0.88s
Epoch: 25/150 Iter: 45/96 loss: 0.7871 acc: 0.5525 time 0.77s
Epoch: 25/150 Iter: 46/96 loss: 0.7868 acc: 0.5496 time 1.46s
Epoch: 25/150 Iter: 47/96 loss: 0.7804 acc: 0.5467 time 0.74s
Epoch: 25/150 Iter: 48/96 loss: 0.7832 acc: 0.5423 time 0.81s
Epoch: 25/150 Iter: 49/96 loss: 0.7762 acc: 0.5499 time 1.45s
Epoch: 25/150 Iter: 50/96 loss: 0.7716 acc: 0.5564 time 1.46s
Epoch: 25/150 Iter: 51/96 loss: 0.7619 acc: 0.5651 time 0.93s
Epoch: 25/150 Iter: 52/96 loss: 0.7534 acc: 0.5735 time 1.44s
Epoch: 25/150 Iter: 53/96 loss: 0.7473 acc: 0.5732 time 1.47s
Epoch: 25/150 Iter: 54/96 loss: 0.7542 acc: 0.5703 time 0.77s
Epoch: 25/150 Iter: 55/96 loss: 0.7481 acc: 0.5781 time 0.85s
Epoch: 25/150 Iter: 56/96 loss: 0.7393 acc: 0.5856 time 1.45s
Epoch: 25/150 Iter: 57/96 loss: 0.7381 acc: 0.5841 time 1.45s
Epoch: 25/150 Iter: 58/96 loss: 0.7358 acc: 0.5855 time 0.89s
Epoch: 25/150 Iter: 59/96 loss: 0.7334 acc: 0.5813 time 0.90s
Epoch: 25/150 Iter: 60/96 loss: 0.7333 acc: 0.5827 time 0.82s
Epoch: 25/150 Iter: 61/96 loss: 0.7322 acc: 0.5868 time 0.75s
Epoch: 25/150 Iter: 62/96 loss: 0.7256 acc: 0.5935 time 0.75s
Epoch: 25/150 Iter: 63/96 loss: 0.7231 acc: 0.5929 time 0.90s
Epoch: 25/150 Iter: 64/96 loss: 0.7196 acc: 0.5975 time 0.78s
Epoch: 25/150 Iter: 65/96 loss: 0.7133 acc: 0.6018 time 0.78s
Epoch: 25/150 Iter: 66/96 loss: 0.7060 acc: 0.6078 time 0.92s
Epoch: 25/150 Iter: 67/96 loss: 0.7004 acc: 0.6118 time 0.79s
Epoch: 25/150 Iter: 68/96 loss: 0.7035 acc: 0.6093 time 1.46s
Epoch: 25/150 Iter: 69/96 loss: 0.7030 acc: 0.6150 time 1.43s
Epoch: 25/150 Iter: 70/96 loss: 0.7009 acc: 0.6110 time 0.75s
Epoch: 25/150 Iter: 71/96 loss: 0.6983 acc: 0.6147 time 1.40s
Epoch: 25/150 Iter: 72/96 loss: 0.6918 acc: 0.6200 time 1.45s
Epoch: 25/150 Iter: 73/96 loss: 0.6929 acc: 0.6229 time 1.43s
Epoch: 25/150 Iter: 74/96 loss: 0.6951 acc: 0.6198 time 1.42s
Epoch: 25/150 Iter: 75/96 loss: 0.6990 acc: 0.6204 time 0.94s
Epoch: 25/150 Iter: 76/96 loss: 0.6981 acc: 0.6188 time 1.47s
Epoch: 25/150 Iter: 77/96 loss: 0.6923 acc: 0.6238 time 0.77s
Epoch: 25/150 Iter: 78/96 loss: 0.6855 acc: 0.6286 time 0.80s
Epoch: 25/150 Iter: 79/96 loss: 0.6838 acc: 0.6286 time 1.41s
Epoch: 25/150 Iter: 80/96 loss: 0.6788 acc: 0.6316 time 1.45s
Epoch: 25/150 Iter: 81/96 loss: 0.6721 acc: 0.6362 time 0.79s
Epoch: 25/150 Iter: 82/96 loss: 0.6731 acc: 0.6355 time 0.70s
Epoch: 25/150 Iter: 83/96 loss: 0.6813 acc: 0.6319 time 0.75s
Epoch: 25/150 Iter: 84/96 loss: 0.6786 acc: 0.6363 time 0.79s
Epoch: 25/150 Iter: 85/96 loss: 0.6723 acc: 0.6406 time 1.39s
Epoch: 25/150 Iter: 86/96 loss: 0.6716 acc: 0.6433 time 0.75s
Epoch: 25/150 Iter: 87/96 loss: 0.6717 acc: 0.6445 time 1.37s
Epoch: 25/150 Iter: 88/96 loss: 0.6722 acc: 0.6473 time 0.77s
Epoch: 25/150 Iter: 89/96 loss: 0.6703 acc: 0.6484 time 0.69s
Epoch: 25/150 Iter: 90/96 loss: 0.6680 acc: 0.6512 time 1.39s
Epoch: 25/150 Iter: 91/96 loss: 0.6683 acc: 0.6526 time 1.42s
Epoch: 25/150 Iter: 92/96 loss: 0.6681 acc: 0.6542 time 0.88s
Epoch: 25/150 Iter: 93/96 loss: 0.6691 acc: 0.6558 time 1.46s
Epoch: 25/150 Iter: 94/96 loss: 0.6646 acc: 0.6595 time 1.46s
Epoch: 25/150 Iter: 95/96 loss: 0.6618 acc: 0.6620 time 0.74s
Epoch: 25/150 Iter: 96/96 loss: 0.6585 acc: 0.6642 time 1.40s
[Train epoch 25] avg_loss=0.6585 avg_acc=0.6642 | per-class [c0: 0.725, c1: 0.767, c2: 0.680]
Final training 25/150, loss: 0.6585, time 108.18s, lr: 0.076658
Accuracy: 0.707
class                  precision    recall   specificity      f1   support
--------------------------------------------------------------------------
0                          0.749     0.725         0.770   0.737       280
1                          0.315     0.767         0.908   0.447        30
2                          0.780     0.680         0.835   0.727       266
*----------------------------------------*
0 Mon Nov 17 16:58:33 2025 Epoch: 26
Epoch: 26/150 Iter: 1/96 loss: 0.7256 acc: 0.5333 time 2.02s
Epoch: 26/150 Iter: 2/96 loss: 0.5418 acc: 0.6833 time 0.90s
Epoch: 26/150 Iter: 3/96 loss: 1.0001 acc: 0.6778 time 0.84s
Epoch: 26/150 Iter: 4/96 loss: 0.9113 acc: 0.6646 time 0.80s
Epoch: 26/150 Iter: 5/96 loss: 0.8003 acc: 0.7094 time 1.46s
Epoch: 26/150 Iter: 6/96 loss: 0.7477 acc: 0.6838 time 0.77s
Epoch: 26/150 Iter: 7/96 loss: 0.7497 acc: 0.6655 time 1.44s
Epoch: 26/150 Iter: 8/96 loss: 0.7692 acc: 0.5990 time 0.79s
Epoch: 26/150 Iter: 9/96 loss: 0.7239 acc: 0.6065 time 1.49s
Epoch: 26/150 Iter: 10/96 loss: 0.7031 acc: 0.5958 time 0.84s
Epoch: 26/150 Iter: 11/96 loss: 0.6952 acc: 0.5821 time 0.86s
Epoch: 26/150 Iter: 12/96 loss: 0.6617 acc: 0.6169 time 1.46s
Epoch: 26/150 Iter: 13/96 loss: 0.7013 acc: 0.5951 time 1.39s
Epoch: 26/150 Iter: 14/96 loss: 0.6961 acc: 0.5923 time 1.41s
Epoch: 26/150 Iter: 15/96 loss: 0.6847 acc: 0.6128 time 0.83s
Epoch: 26/150 Iter: 16/96 loss: 0.6679 acc: 0.6292 time 1.45s
Epoch: 26/150 Iter: 17/96 loss: 0.6670 acc: 0.6167 time 1.44s
Epoch: 26/150 Iter: 18/96 loss: 0.6389 acc: 0.6380 time 1.40s
Epoch: 26/150 Iter: 19/96 loss: 0.6440 acc: 0.6263 time 0.73s
Epoch: 26/150 Iter: 20/96 loss: 0.6688 acc: 0.6283 time 0.80s
Epoch: 26/150 Iter: 21/96 loss: 0.6763 acc: 0.6143 time 0.80s
Epoch: 26/150 Iter: 22/96 loss: 0.6931 acc: 0.5965 time 0.88s
Epoch: 26/150 Iter: 23/96 loss: 0.7038 acc: 0.5821 time 0.88s
Epoch: 26/150 Iter: 24/96 loss: 0.7024 acc: 0.5856 time 0.79s
Epoch: 26/150 Iter: 25/96 loss: 0.7047 acc: 0.5822 time 1.46s
Epoch: 26/150 Iter: 26/96 loss: 0.6982 acc: 0.5759 time 1.46s
Epoch: 26/150 Iter: 27/96 loss: 0.6956 acc: 0.5792 time 0.80s
Epoch: 26/150 Iter: 28/96 loss: 0.6818 acc: 0.5942 time 0.89s
Epoch: 26/150 Iter: 29/96 loss: 0.6939 acc: 0.5807 time 0.76s
Epoch: 26/150 Iter: 30/96 loss: 0.7136 acc: 0.5798 time 0.93s
Epoch: 26/150 Iter: 31/96 loss: 0.7013 acc: 0.5893 time 0.79s
Epoch: 26/150 Iter: 32/96 loss: 0.7071 acc: 0.5813 time 0.96s
Epoch: 26/150 Iter: 33/96 loss: 0.6975 acc: 0.5789 time 0.90s
Epoch: 26/150 Iter: 34/96 loss: 0.6977 acc: 0.5775 time 0.86s
Epoch: 26/150 Iter: 35/96 loss: 0.6876 acc: 0.5896 time 0.87s
Epoch: 26/150 Iter: 36/96 loss: 0.6778 acc: 0.5887 time 1.45s
Epoch: 26/150 Iter: 37/96 loss: 0.6764 acc: 0.5908 time 1.45s
Epoch: 26/150 Iter: 38/96 loss: 0.6756 acc: 0.5862 time 1.42s
Epoch: 26/150 Iter: 39/96 loss: 0.6924 acc: 0.5904 time 1.46s
Epoch: 26/150 Iter: 40/96 loss: 0.6797 acc: 0.6006 time 1.45s
Epoch: 26/150 Iter: 41/96 loss: 0.6779 acc: 0.6043 time 0.95s
Epoch: 26/150 Iter: 42/96 loss: 0.6767 acc: 0.6097 time 0.75s
Epoch: 26/150 Iter: 43/96 loss: 0.6723 acc: 0.6095 time 0.81s
Epoch: 26/150 Iter: 44/96 loss: 0.6767 acc: 0.6158 time 1.41s
Epoch: 26/150 Iter: 45/96 loss: 0.6678 acc: 0.6244 time 0.76s
Epoch: 26/150 Iter: 46/96 loss: 0.6628 acc: 0.6265 time 0.87s
Epoch: 26/150 Iter: 47/96 loss: 0.6625 acc: 0.6220 time 1.43s
Epoch: 26/150 Iter: 48/96 loss: 0.6605 acc: 0.6202 time 0.91s
Epoch: 26/150 Iter: 49/96 loss: 0.6651 acc: 0.6171 time 1.45s
Epoch: 26/150 Iter: 50/96 loss: 0.6584 acc: 0.6197 time 1.41s
Epoch: 26/150 Iter: 51/96 loss: 0.6578 acc: 0.6180 time 1.41s
Epoch: 26/150 Iter: 52/96 loss: 0.6585 acc: 0.6158 time 1.47s
Epoch: 26/150 Iter: 53/96 loss: 0.6535 acc: 0.6188 time 1.48s
Epoch: 26/150 Iter: 54/96 loss: 0.6503 acc: 0.6228 time 1.44s
Epoch: 26/150 Iter: 55/96 loss: 0.6519 acc: 0.6175 time 0.80s
Epoch: 26/150 Iter: 56/96 loss: 0.6524 acc: 0.6154 time 0.81s
Epoch: 26/150 Iter: 57/96 loss: 0.6473 acc: 0.6134 time 0.96s
Epoch: 26/150 Iter: 58/96 loss: 0.6459 acc: 0.6129 time 0.80s
Epoch: 26/150 Iter: 59/96 loss: 0.6454 acc: 0.6166 time 0.84s
Epoch: 26/150 Iter: 60/96 loss: 0.6474 acc: 0.6147 time 0.78s
Epoch: 26/150 Iter: 61/96 loss: 0.6582 acc: 0.6068 time 1.48s
Epoch: 26/150 Iter: 62/96 loss: 0.6654 acc: 0.6115 time 1.41s
Epoch: 26/150 Iter: 63/96 loss: 0.6587 acc: 0.6177 time 0.75s
Epoch: 26/150 Iter: 64/96 loss: 0.6584 acc: 0.6171 time 0.78s
Epoch: 26/150 Iter: 65/96 loss: 0.6602 acc: 0.6179 time 1.40s
Epoch: 26/150 Iter: 66/96 loss: 0.6636 acc: 0.6174 time 1.39s
Epoch: 26/150 Iter: 67/96 loss: 0.6630 acc: 0.6148 time 1.41s
Epoch: 26/150 Iter: 68/96 loss: 0.6587 acc: 0.6188 time 1.44s
Epoch: 26/150 Iter: 69/96 loss: 0.6557 acc: 0.6137 time 1.42s
Epoch: 26/150 Iter: 70/96 loss: 0.6567 acc: 0.6126 time 0.86s
Epoch: 26/150 Iter: 71/96 loss: 0.6565 acc: 0.6157 time 0.75s
Epoch: 26/150 Iter: 72/96 loss: 0.6602 acc: 0.6118 time 1.43s
Epoch: 26/150 Iter: 73/96 loss: 0.6579 acc: 0.6154 time 1.46s
Epoch: 26/150 Iter: 74/96 loss: 0.6531 acc: 0.6192 time 1.45s
Epoch: 26/150 Iter: 75/96 loss: 0.6713 acc: 0.6184 time 1.47s
Epoch: 26/150 Iter: 76/96 loss: 0.6754 acc: 0.6168 time 1.45s
Epoch: 26/150 Iter: 77/96 loss: 0.6738 acc: 0.6205 time 1.41s
Epoch: 26/150 Iter: 78/96 loss: 0.6691 acc: 0.6254 time 0.76s
Epoch: 26/150 Iter: 79/96 loss: 0.6761 acc: 0.6238 time 1.45s
Epoch: 26/150 Iter: 80/96 loss: 0.6728 acc: 0.6229 time 0.77s
Epoch: 26/150 Iter: 81/96 loss: 0.6702 acc: 0.6255 time 0.69s
Epoch: 26/150 Iter: 82/96 loss: 0.6696 acc: 0.6233 time 0.80s
Epoch: 26/150 Iter: 83/96 loss: 0.6648 acc: 0.6278 time 0.74s
Epoch: 26/150 Iter: 84/96 loss: 0.6636 acc: 0.6283 time 1.38s
Epoch: 26/150 Iter: 85/96 loss: 0.6598 acc: 0.6317 time 0.70s
Epoch: 26/150 Iter: 86/96 loss: 0.6576 acc: 0.6331 time 0.77s
Epoch: 26/150 Iter: 87/96 loss: 0.6561 acc: 0.6315 time 1.47s
Epoch: 26/150 Iter: 88/96 loss: 0.6551 acc: 0.6348 time 1.41s
Epoch: 26/150 Iter: 89/96 loss: 0.6550 acc: 0.6361 time 0.74s
Epoch: 26/150 Iter: 90/96 loss: 0.6520 acc: 0.6383 time 1.41s
Epoch: 26/150 Iter: 91/96 loss: 0.6543 acc: 0.6349 time 1.38s
Epoch: 26/150 Iter: 92/96 loss: 0.6587 acc: 0.6329 time 0.72s
Epoch: 26/150 Iter: 93/96 loss: 0.6686 acc: 0.6269 time 1.38s
Epoch: 26/150 Iter: 94/96 loss: 0.6653 acc: 0.6296 time 0.69s
Epoch: 26/150 Iter: 95/96 loss: 0.6636 acc: 0.6258 time 1.41s
Epoch: 26/150 Iter: 96/96 loss: 0.6670 acc: 0.6245 time 0.71s
[Train epoch 26] avg_loss=0.6670 avg_acc=0.6245 | per-class [c0: 0.714, c1: 0.667, c2: 0.711]
Final training 26/150, loss: 0.6670, time 107.16s, lr: 0.076303
Accuracy: 0.710
class                  precision    recall   specificity      f1   support
--------------------------------------------------------------------------
0                          0.787     0.714         0.818   0.749       280
1                          0.247     0.667         0.888   0.360        30
2                          0.784     0.711         0.832   0.746       266
*----------------------------------------*
Val 26/150 1/24, Acc: 0.5000, Loss: 14.1883, time 0.42s
Val 26/150 2/24, Acc: 0.5000, Loss: 7.6114, time 0.44s
Val 26/150 3/24, Acc: 0.4444, Loss: 5.4271, time 0.42s
Val 26/150 4/24, Acc: 0.4583, Loss: 4.2099, time 0.42s
Val 26/150 5/24, Acc: 0.4667, Loss: 3.6097, time 0.56s
Val 26/150 6/24, Acc: 0.4722, Loss: 3.1029, time 0.47s
Val 26/150 7/24, Acc: 0.4762, Loss: 2.7945, time 0.44s
Val 26/150 8/24, Acc: 0.4792, Loss: 2.5748, time 0.47s
Val 26/150 9/24, Acc: 0.4815, Loss: 2.4023, time 0.44s
Val 26/150 10/24, Acc: 0.4933, Loss: 2.4121, time 0.52s
Val 26/150 11/24, Acc: 0.5242, Loss: 2.2738, time 0.45s
Val 26/150 12/24, Acc: 0.4806, Loss: 2.2607, time 0.49s
Val 26/150 13/24, Acc: 0.5013, Loss: 2.1047, time 0.50s
Val 26/150 14/24, Acc: 0.5012, Loss: 2.0624, time 0.47s
Val 26/150 15/24, Acc: 0.4900, Loss: 1.9715, time 0.42s
Val 26/150 16/24, Acc: 0.4906, Loss: 1.9756, time 0.44s
Val 26/150 17/24, Acc: 0.4912, Loss: 1.9089, time 0.51s
Val 26/150 18/24, Acc: 0.4917, Loss: 1.8793, time 0.46s
Val 26/150 19/24, Acc: 0.4921, Loss: 1.9158, time 0.44s
Val 26/150 20/24, Acc: 0.4842, Loss: 1.8782, time 0.55s
Val 26/150 21/24, Acc: 0.4968, Loss: 1.8023, time 0.52s
Val 26/150 22/24, Acc: 0.4970, Loss: 1.7787, time 0.62s
Val 26/150 23/24, Acc: 0.4947, Loss: 1.7476, time 0.46s
Val 26/150 24/24, Acc: 0.4926, Loss: 1.7456, time 0.45s
[Val epoch 26] avg_acc=0.4926 | avg_loss=1.7456 | per-class [c0: 0.143, c1: 0.125, c2: 0.985]
Final validation 26/150, Val_acc: 0.4926, time 11.35sAccuracy: 0.528
class                  precision    recall   specificity      f1   support
--------------------------------------------------------------------------
0                          1.000     0.143         1.000   0.250        70
1                          0.500     0.125         0.993   0.200         8
2                          0.492     0.985         0.141   0.657        66
*========================================*
Saving checkpoint outputs/OrganoidsINRIA_reduced/resnet18/2025-11-17-16-11/training/model_final.pt
[EarlyStopping] no improve (2/40)
[EarlyStopping] no improve (1/40)
0 Mon Nov 17 17:00:36 2025 Epoch: 27
Epoch: 27/150 Iter: 1/96 loss: 0.6525 acc: 0.5000 time 2.30s
Epoch: 27/150 Iter: 2/96 loss: 0.4604 acc: 0.7500 time 1.43s
Epoch: 27/150 Iter: 3/96 loss: 0.6263 acc: 0.6389 time 0.74s
Epoch: 27/150 Iter: 4/96 loss: 0.6093 acc: 0.5833 time 0.75s
Epoch: 27/150 Iter: 5/96 loss: 0.5847 acc: 0.6667 time 0.90s
Epoch: 27/150 Iter: 6/96 loss: 0.5983 acc: 0.7037 time 0.89s
Epoch: 27/150 Iter: 7/96 loss: 0.5854 acc: 0.6865 time 0.83s
Epoch: 27/150 Iter: 8/96 loss: 0.5756 acc: 0.6944 time 1.42s
Epoch: 27/150 Iter: 9/96 loss: 0.6904 acc: 0.6914 time 0.78s
Epoch: 27/150 Iter: 10/96 loss: 0.6491 acc: 0.7122 time 1.50s
Epoch: 27/150 Iter: 11/96 loss: 0.6496 acc: 0.7232 time 1.46s
Epoch: 27/150 Iter: 12/96 loss: 0.6142 acc: 0.7463 time 0.74s
Epoch: 27/150 Iter: 13/96 loss: 0.6193 acc: 0.7444 time 0.95s
Epoch: 27/150 Iter: 14/96 loss: 0.6001 acc: 0.7627 time 1.47s
Epoch: 27/150 Iter: 15/96 loss: 0.5941 acc: 0.7452 time 0.81s
Epoch: 27/150 Iter: 16/96 loss: 0.5906 acc: 0.7299 time 0.81s
Epoch: 27/150 Iter: 17/96 loss: 0.5815 acc: 0.7458 time 0.79s
Epoch: 27/150 Iter: 18/96 loss: 0.5769 acc: 0.7290 time 0.77s
Epoch: 27/150 Iter: 19/96 loss: 0.5644 acc: 0.7228 time 0.87s
Epoch: 27/150 Iter: 20/96 loss: 0.5992 acc: 0.6992 time 0.84s
Epoch: 27/150 Iter: 21/96 loss: 0.6617 acc: 0.6659 time 0.93s
Epoch: 27/150 Iter: 22/96 loss: 0.6452 acc: 0.6811 time 1.43s
Epoch: 27/150 Iter: 23/96 loss: 0.6419 acc: 0.6906 time 0.87s
Epoch: 27/150 Iter: 24/96 loss: 0.6407 acc: 0.6826 time 1.41s
Epoch: 27/150 Iter: 25/96 loss: 0.6349 acc: 0.6953 time 0.82s
Epoch: 27/150 Iter: 26/96 loss: 0.6354 acc: 0.6994 time 0.81s
Epoch: 27/150 Iter: 27/96 loss: 0.6163 acc: 0.7105 time 1.45s
Epoch: 27/150 Iter: 28/96 loss: 0.6007 acc: 0.7208 time 1.45s
Epoch: 27/150 Iter: 29/96 loss: 0.6071 acc: 0.7075 time 0.76s
Epoch: 27/150 Iter: 30/96 loss: 0.5984 acc: 0.7117 time 0.79s
Epoch: 27/150 Iter: 31/96 loss: 0.6483 acc: 0.7066 time 0.88s
Epoch: 27/150 Iter: 32/96 loss: 0.6919 acc: 0.7106 time 0.77s
Epoch: 27/150 Iter: 33/96 loss: 0.6954 acc: 0.7032 time 1.42s
Epoch: 27/150 Iter: 34/96 loss: 0.6916 acc: 0.7095 time 1.45s
Epoch: 27/150 Iter: 35/96 loss: 0.6811 acc: 0.7142 time 0.75s
Epoch: 27/150 Iter: 36/96 loss: 0.6682 acc: 0.7221 time 1.41s
Epoch: 27/150 Iter: 37/96 loss: 0.6633 acc: 0.7191 time 0.79s
Epoch: 27/150 Iter: 38/96 loss: 0.6564 acc: 0.7156 time 0.79s
Epoch: 27/150 Iter: 39/96 loss: 0.6512 acc: 0.7122 time 0.86s
Epoch: 27/150 Iter: 40/96 loss: 0.6455 acc: 0.7152 time 0.74s
Epoch: 27/150 Iter: 41/96 loss: 0.6709 acc: 0.7032 time 0.89s
Epoch: 27/150 Iter: 42/96 loss: 0.6634 acc: 0.7103 time 1.48s
Epoch: 27/150 Iter: 43/96 loss: 0.6593 acc: 0.7105 time 0.96s
Epoch: 27/150 Iter: 44/96 loss: 0.6523 acc: 0.7057 time 0.78s
Epoch: 27/150 Iter: 45/96 loss: 0.6563 acc: 0.7012 time 1.46s
Epoch: 27/150 Iter: 46/96 loss: 0.6480 acc: 0.7053 time 0.93s
Epoch: 27/150 Iter: 47/96 loss: 0.6617 acc: 0.6973 time 0.89s
Epoch: 27/150 Iter: 48/96 loss: 0.6717 acc: 0.6898 time 1.42s
Epoch: 27/150 Iter: 49/96 loss: 0.6821 acc: 0.6893 time 0.86s
Epoch: 27/150 Iter: 50/96 loss: 0.6861 acc: 0.6848 time 0.86s
Epoch: 27/150 Iter: 51/96 loss: 0.6999 acc: 0.6773 time 0.76s
Epoch: 27/150 Iter: 52/96 loss: 0.7026 acc: 0.6763 time 0.79s
Epoch: 27/150 Iter: 53/96 loss: 0.6924 acc: 0.6824 time 0.75s
Epoch: 27/150 Iter: 54/96 loss: 0.7100 acc: 0.6759 time 0.76s
Epoch: 27/150 Iter: 55/96 loss: 0.7007 acc: 0.6818 time 1.45s
Epoch: 27/150 Iter: 56/96 loss: 0.6973 acc: 0.6830 time 0.88s
Epoch: 27/150 Iter: 57/96 loss: 0.7000 acc: 0.6784 time 0.79s
Epoch: 27/150 Iter: 58/96 loss: 0.6993 acc: 0.6753 time 0.76s
Epoch: 27/150 Iter: 59/96 loss: 0.6906 acc: 0.6808 time 0.90s
Epoch: 27/150 Iter: 60/96 loss: 0.6855 acc: 0.6833 time 1.47s
Epoch: 27/150 Iter: 61/96 loss: 0.6859 acc: 0.6831 time 0.83s
Epoch: 27/150 Iter: 62/96 loss: 0.6828 acc: 0.6841 time 0.77s
Epoch: 27/150 Iter: 63/96 loss: 0.6955 acc: 0.6786 time 0.81s
Epoch: 27/150 Iter: 64/96 loss: 0.6883 acc: 0.6836 time 0.90s
Epoch: 27/150 Iter: 65/96 loss: 0.7113 acc: 0.6795 time 0.74s
Epoch: 27/150 Iter: 66/96 loss: 0.7522 acc: 0.6753 time 0.80s
Epoch: 27/150 Iter: 67/96 loss: 0.7439 acc: 0.6801 time 1.42s
Epoch: 27/150 Iter: 68/96 loss: 0.7493 acc: 0.6762 time 0.91s
Epoch: 27/150 Iter: 69/96 loss: 0.7468 acc: 0.6791 time 1.41s
Epoch: 27/150 Iter: 70/96 loss: 0.7383 acc: 0.6837 time 0.75s
Epoch: 27/150 Iter: 71/96 loss: 0.7397 acc: 0.6827 time 0.94s
Epoch: 27/150 Iter: 72/96 loss: 0.7406 acc: 0.6843 time 1.45s
Epoch: 27/150 Iter: 73/96 loss: 0.7408 acc: 0.6818 time 1.47s
Epoch: 27/150 Iter: 74/96 loss: 0.7350 acc: 0.6861 time 0.80s
Epoch: 27/150 Iter: 75/96 loss: 0.7319 acc: 0.6869 time 0.93s
Epoch: 27/150 Iter: 76/96 loss: 0.7455 acc: 0.6845 time 0.89s
Epoch: 27/150 Iter: 77/96 loss: 0.7504 acc: 0.6813 time 0.77s
Epoch: 27/150 Iter: 78/96 loss: 0.7451 acc: 0.6838 time 1.45s
Epoch: 27/150 Iter: 79/96 loss: 0.7398 acc: 0.6822 time 0.79s
Epoch: 27/150 Iter: 80/96 loss: 0.7361 acc: 0.6849 time 0.88s
Epoch: 27/150 Iter: 81/96 loss: 0.7400 acc: 0.6806 time 0.88s
Epoch: 27/150 Iter: 82/96 loss: 0.7434 acc: 0.6772 time 0.85s
Epoch: 27/150 Iter: 83/96 loss: 0.7407 acc: 0.6770 time 0.70s
Epoch: 27/150 Iter: 84/96 loss: 0.7419 acc: 0.6749 time 0.77s
Epoch: 27/150 Iter: 85/96 loss: 0.7382 acc: 0.6739 time 1.36s
Epoch: 27/150 Iter: 86/96 loss: 0.7491 acc: 0.6705 time 0.75s
Epoch: 27/150 Iter: 87/96 loss: 0.7450 acc: 0.6729 time 1.46s
Epoch: 27/150 Iter: 88/96 loss: 0.7415 acc: 0.6721 time 0.79s
Epoch: 27/150 Iter: 89/96 loss: 0.7418 acc: 0.6689 time 0.72s
Epoch: 27/150 Iter: 90/96 loss: 0.7421 acc: 0.6661 time 0.75s
Epoch: 27/150 Iter: 91/96 loss: 0.7390 acc: 0.6646 time 0.76s
Epoch: 27/150 Iter: 92/96 loss: 0.7351 acc: 0.6669 time 1.36s
Epoch: 27/150 Iter: 93/96 loss: 0.7327 acc: 0.6696 time 1.37s
Epoch: 27/150 Iter: 94/96 loss: 0.7284 acc: 0.6731 time 1.47s
Epoch: 27/150 Iter: 95/96 loss: 0.7246 acc: 0.6713 time 0.81s
Epoch: 27/150 Iter: 96/96 loss: 0.7183 acc: 0.6747 time 1.40s
[Train epoch 27] avg_loss=0.7183 avg_acc=0.6747 | per-class [c0: 0.711, c1: 0.567, c2: 0.756]
Final training 27/150, loss: 0.7183, time 97.43s, lr: 0.075931
Accuracy: 0.724
class                  precision    recall   specificity      f1   support
--------------------------------------------------------------------------
0                          0.816     0.711         0.848   0.760       280
1                          0.262     0.567         0.912   0.358        30
2                          0.753     0.756         0.787   0.754       266
*----------------------------------------*
0 Mon Nov 17 17:02:13 2025 Epoch: 28
Epoch: 28/150 Iter: 1/96 loss: 0.7965 acc: 0.4444 time 2.86s
Epoch: 28/150 Iter: 2/96 loss: 0.5237 acc: 0.6597 time 0.76s
Epoch: 28/150 Iter: 3/96 loss: 0.4489 acc: 0.6343 time 0.81s
Epoch: 28/150 Iter: 4/96 loss: 0.4271 acc: 0.7257 time 0.91s
Epoch: 28/150 Iter: 5/96 loss: 0.6049 acc: 0.7056 time 0.89s
Epoch: 28/150 Iter: 6/96 loss: 0.5905 acc: 0.7269 time 0.89s
Epoch: 28/150 Iter: 7/96 loss: 0.6000 acc: 0.7373 time 0.90s
Epoch: 28/150 Iter: 8/96 loss: 0.5470 acc: 0.7701 time 0.81s
Epoch: 28/150 Iter: 9/96 loss: 0.5315 acc: 0.7309 time 1.43s
Epoch: 28/150 Iter: 10/96 loss: 0.5032 acc: 0.7578 time 0.79s
Epoch: 28/150 Iter: 11/96 loss: 0.5427 acc: 0.7131 time 1.41s
Epoch: 28/150 Iter: 12/96 loss: 0.5936 acc: 0.7093 time 1.40s
Epoch: 28/150 Iter: 13/96 loss: 0.5867 acc: 0.6932 time 1.41s
Epoch: 28/150 Iter: 14/96 loss: 0.5999 acc: 0.6913 time 0.80s
Epoch: 28/150 Iter: 15/96 loss: 0.6474 acc: 0.6785 time 0.97s
Epoch: 28/150 Iter: 16/96 loss: 0.6807 acc: 0.6622 time 0.77s
Epoch: 28/150 Iter: 17/96 loss: 0.6658 acc: 0.6673 time 0.79s
Epoch: 28/150 Iter: 18/96 loss: 0.6642 acc: 0.6719 time 0.74s
Epoch: 28/150 Iter: 19/96 loss: 0.6602 acc: 0.6826 time 0.79s
Epoch: 28/150 Iter: 20/96 loss: 0.6830 acc: 0.6707 time 0.77s
Epoch: 28/150 Iter: 21/96 loss: 0.6916 acc: 0.6705 time 0.78s
Epoch: 28/150 Iter: 22/96 loss: 0.6773 acc: 0.6741 time 1.38s
Epoch: 28/150 Iter: 23/96 loss: 0.6839 acc: 0.6521 time 0.85s
Epoch: 28/150 Iter: 24/96 loss: 0.6609 acc: 0.6666 time 0.74s
Epoch: 28/150 Iter: 25/96 loss: 0.6855 acc: 0.6699 time 0.81s
Epoch: 28/150 Iter: 26/96 loss: 0.7012 acc: 0.6518 time 1.44s
Epoch: 28/150 Iter: 27/96 loss: 0.7064 acc: 0.6462 time 1.43s
Epoch: 28/150 Iter: 28/96 loss: 0.7067 acc: 0.6469 time 0.88s
Epoch: 28/150 Iter: 29/96 loss: 0.7034 acc: 0.6488 time 1.46s
Epoch: 28/150 Iter: 30/96 loss: 0.6966 acc: 0.6438 time 0.77s
Epoch: 28/150 Iter: 31/96 loss: 0.6834 acc: 0.6553 time 0.78s
Epoch: 28/150 Iter: 32/96 loss: 0.7436 acc: 0.6504 time 1.46s
Epoch: 28/150 Iter: 33/96 loss: 0.7306 acc: 0.6610 time 1.49s
Epoch: 28/150 Iter: 34/96 loss: 0.7212 acc: 0.6673 time 0.82s
Epoch: 28/150 Iter: 35/96 loss: 0.7216 acc: 0.6578 time 1.50s
Epoch: 28/150 Iter: 36/96 loss: 0.7306 acc: 0.6519 time 0.93s
Epoch: 28/150 Iter: 37/96 loss: 0.7254 acc: 0.6583 time 0.79s
Epoch: 28/150 Iter: 38/96 loss: 0.7202 acc: 0.6599 time 0.79s
Epoch: 28/150 Iter: 39/96 loss: 0.7157 acc: 0.6644 time 0.76s
Epoch: 28/150 Iter: 40/96 loss: 0.7137 acc: 0.6665 time 1.46s
Epoch: 28/150 Iter: 41/96 loss: 0.7080 acc: 0.6706 time 1.42s
Epoch: 28/150 Iter: 42/96 loss: 0.7024 acc: 0.6665 time 0.71s
Epoch: 28/150 Iter: 43/96 loss: 0.6936 acc: 0.6743 time 0.81s
Epoch: 28/150 Iter: 44/96 loss: 0.6940 acc: 0.6703 time 0.79s
Epoch: 28/150 Iter: 45/96 loss: 0.6973 acc: 0.6678 time 1.46s
Epoch: 28/150 Iter: 46/96 loss: 0.6991 acc: 0.6653 time 0.89s
Epoch: 28/150 Iter: 47/96 loss: 0.7052 acc: 0.6606 time 1.47s
Epoch: 28/150 Iter: 48/96 loss: 0.7164 acc: 0.6552 time 1.42s
Epoch: 28/150 Iter: 49/96 loss: 0.7183 acc: 0.6469 time 0.82s
Epoch: 28/150 Iter: 50/96 loss: 0.7163 acc: 0.6496 time 0.85s
Epoch: 28/150 Iter: 51/96 loss: 0.7148 acc: 0.6525 time 0.79s
Epoch: 28/150 Iter: 52/96 loss: 0.7158 acc: 0.6502 time 0.77s
Epoch: 28/150 Iter: 53/96 loss: 0.7086 acc: 0.6568 time 0.88s
Epoch: 28/150 Iter: 54/96 loss: 0.7114 acc: 0.6493 time 0.81s
Epoch: 28/150 Iter: 55/96 loss: 0.7193 acc: 0.6466 time 0.86s
Epoch: 28/150 Iter: 56/96 loss: 0.7237 acc: 0.6506 time 0.74s
Epoch: 28/150 Iter: 57/96 loss: 0.7410 acc: 0.6524 time 0.81s
Epoch: 28/150 Iter: 58/96 loss: 0.7493 acc: 0.6519 time 0.82s
Epoch: 28/150 Iter: 59/96 loss: 0.7454 acc: 0.6550 time 1.44s
Epoch: 28/150 Iter: 60/96 loss: 0.7424 acc: 0.6591 time 1.47s
Epoch: 28/150 Iter: 61/96 loss: 0.7337 acc: 0.6647 time 1.42s
Epoch: 28/150 Iter: 62/96 loss: 0.7351 acc: 0.6593 time 0.94s
Epoch: 28/150 Iter: 63/96 loss: 0.7268 acc: 0.6647 time 0.81s
Epoch: 28/150 Iter: 64/96 loss: 0.7369 acc: 0.6595 time 1.43s
Epoch: 28/150 Iter: 65/96 loss: 0.7510 acc: 0.6545 time 1.43s
Epoch: 28/150 Iter: 66/96 loss: 0.7468 acc: 0.6572 time 0.93s
Epoch: 28/150 Iter: 67/96 loss: 0.7582 acc: 0.6557 time 0.79s
Epoch: 28/150 Iter: 68/96 loss: 0.7615 acc: 0.6534 time 0.87s
Epoch: 28/150 Iter: 69/96 loss: 0.7640 acc: 0.6530 time 1.37s
Epoch: 28/150 Iter: 70/96 loss: 0.7710 acc: 0.6485 time 1.45s
Epoch: 28/150 Iter: 71/96 loss: 0.7665 acc: 0.6464 time 0.93s
Epoch: 28/150 Iter: 72/96 loss: 0.7842 acc: 0.6428 time 1.48s
Epoch: 28/150 Iter: 73/96 loss: 0.7812 acc: 0.6477 time 1.45s
Epoch: 28/150 Iter: 74/96 loss: 0.7823 acc: 0.6457 time 0.86s
Epoch: 28/150 Iter: 75/96 loss: 0.7751 acc: 0.6504 time 0.75s
Epoch: 28/150 Iter: 76/96 loss: 0.7767 acc: 0.6506 time 1.44s
Epoch: 28/150 Iter: 77/96 loss: 0.7727 acc: 0.6530 time 1.42s
Epoch: 28/150 Iter: 78/96 loss: 0.7684 acc: 0.6521 time 0.86s
Epoch: 28/150 Iter: 79/96 loss: 0.7764 acc: 0.6470 time 0.75s
Epoch: 28/150 Iter: 80/96 loss: 0.7877 acc: 0.6410 time 0.90s
Epoch: 28/150 Iter: 81/96 loss: 0.7953 acc: 0.6352 time 0.72s
Epoch: 28/150 Iter: 82/96 loss: 0.7920 acc: 0.6345 time 0.77s
Epoch: 28/150 Iter: 83/96 loss: 0.7865 acc: 0.6389 time 0.71s
Epoch: 28/150 Iter: 84/96 loss: 0.7835 acc: 0.6420 time 0.91s
Epoch: 28/150 Iter: 85/96 loss: 0.7824 acc: 0.6384 time 0.72s
Epoch: 28/150 Iter: 86/96 loss: 0.7849 acc: 0.6349 time 0.78s
Epoch: 28/150 Iter: 87/96 loss: 0.7800 acc: 0.6333 time 0.74s
Epoch: 28/150 Iter: 88/96 loss: 0.7762 acc: 0.6346 time 0.72s
Epoch: 28/150 Iter: 89/96 loss: 0.7755 acc: 0.6345 time 0.75s
Epoch: 28/150 Iter: 90/96 loss: 0.7793 acc: 0.6287 time 0.71s
Epoch: 28/150 Iter: 91/96 loss: 0.7761 acc: 0.6279 time 0.73s
Epoch: 28/150 Iter: 92/96 loss: 0.7736 acc: 0.6319 time 0.75s
Epoch: 28/150 Iter: 93/96 loss: 0.7697 acc: 0.6359 time 1.39s
Epoch: 28/150 Iter: 94/96 loss: 0.7646 acc: 0.6398 time 0.79s
Epoch: 28/150 Iter: 95/96 loss: 0.7675 acc: 0.6365 time 0.71s
Epoch: 28/150 Iter: 96/96 loss: 0.7699 acc: 0.6343 time 1.38s
[Train epoch 28] avg_loss=0.7699 avg_acc=0.6343 | per-class [c0: 0.665, c1: 0.400, c2: 0.747]
Final training 28/150, loss: 0.7699, time 97.88s, lr: 0.075541
Accuracy: 0.689
class                  precision    recall   specificity      f1   support
--------------------------------------------------------------------------
0                          0.782     0.665         0.824   0.719       281
1                          0.185     0.400         0.903   0.253        30
2                          0.728     0.747         0.762   0.737       265
*----------------------------------------*
Val 28/150 1/24, Acc: 0.2222, Loss: 7.2998, time 0.42s
Val 28/150 2/24, Acc: 0.3889, Loss: 3.8045, time 0.49s
Val 28/150 3/24, Acc: 0.4444, Loss: 2.8313, time 0.41s
Val 28/150 4/24, Acc: 0.5521, Loss: 2.2311, time 0.41s
Val 28/150 5/24, Acc: 0.5917, Loss: 1.8538, time 0.53s
Val 28/150 6/24, Acc: 0.6597, Loss: 1.6031, time 0.48s
Val 28/150 7/24, Acc: 0.6905, Loss: 1.4383, time 0.50s
Val 28/150 8/24, Acc: 0.6771, Loss: 1.3124, time 0.42s
Val 28/150 9/24, Acc: 0.7130, Loss: 1.2153, time 0.43s
Val 28/150 10/24, Acc: 0.7417, Loss: 1.1080, time 0.58s
Val 28/150 11/24, Acc: 0.7500, Loss: 1.0719, time 0.42s
Val 28/150 12/24, Acc: 0.7222, Loss: 1.0203, time 0.48s
Val 28/150 13/24, Acc: 0.7244, Loss: 0.9885, time 0.52s
Val 28/150 14/24, Acc: 0.7024, Loss: 0.9565, time 0.45s
Val 28/150 15/24, Acc: 0.7167, Loss: 0.9350, time 0.44s
Val 28/150 16/24, Acc: 0.7344, Loss: 0.8840, time 0.44s
Val 28/150 17/24, Acc: 0.7426, Loss: 0.8597, time 0.52s
Val 28/150 18/24, Acc: 0.7292, Loss: 0.8477, time 0.46s
Val 28/150 19/24, Acc: 0.7329, Loss: 0.8268, time 0.54s
Val 28/150 20/24, Acc: 0.7240, Loss: 0.8058, time 0.54s
Val 28/150 21/24, Acc: 0.7372, Loss: 0.7853, time 0.54s
Val 28/150 22/24, Acc: 0.7340, Loss: 0.7930, time 0.56s
Val 28/150 23/24, Acc: 0.7165, Loss: 0.8016, time 0.47s
Val 28/150 24/24, Acc: 0.7284, Loss: 0.7892, time 0.45s
[Val epoch 28] avg_acc=0.7284 | avg_loss=0.7892 | per-class [c0: 0.871, c1: 0.500, c2: 0.758]
Final validation 28/150, Val_acc: 0.7284, time 11.48sAccuracy: 0.799
class                  precision    recall   specificity      f1   support
--------------------------------------------------------------------------
0                          0.836     0.871         0.838   0.853        70
1                          0.400     0.500         0.956   0.444         8
2                          0.820     0.758         0.859   0.787        66
*========================================*
Saving checkpoint outputs/OrganoidsINRIA_reduced/resnet18/2025-11-17-16-11/training/model_final.pt
[EarlyStopping] no improve (3/40)
[EarlyStopping] no improve (2/40)
0 Mon Nov 17 17:04:07 2025 Epoch: 29
Epoch: 29/150 Iter: 1/96 loss: 0.6861 acc: 0.8333 time 2.33s
Epoch: 29/150 Iter: 2/96 loss: 0.5921 acc: 0.6667 time 1.47s
Epoch: 29/150 Iter: 3/96 loss: 0.6128 acc: 0.7037 time 1.45s
Epoch: 29/150 Iter: 4/96 loss: 0.5118 acc: 0.7778 time 1.43s
Epoch: 29/150 Iter: 5/96 loss: 0.4614 acc: 0.8222 time 1.49s
Epoch: 29/150 Iter: 6/96 loss: 0.4862 acc: 0.8352 time 0.74s
Epoch: 29/150 Iter: 7/96 loss: 0.5095 acc: 0.7635 time 0.75s
Epoch: 29/150 Iter: 8/96 loss: 0.5028 acc: 0.7618 time 1.40s
Epoch: 29/150 Iter: 9/96 loss: 0.5251 acc: 0.7235 time 0.84s
Epoch: 29/150 Iter: 10/96 loss: 0.5081 acc: 0.7511 time 1.47s
Epoch: 29/150 Iter: 11/96 loss: 0.5341 acc: 0.7359 time 0.88s
Epoch: 29/150 Iter: 12/96 loss: 0.5170 acc: 0.7579 time 1.43s
Epoch: 29/150 Iter: 13/96 loss: 0.5524 acc: 0.7150 time 0.95s
Epoch: 29/150 Iter: 14/96 loss: 0.5694 acc: 0.6817 time 0.89s
Epoch: 29/150 Iter: 15/96 loss: 0.6057 acc: 0.6659 time 0.90s
Epoch: 29/150 Iter: 16/96 loss: 0.6253 acc: 0.6618 time 1.46s
Epoch: 29/150 Iter: 17/96 loss: 0.6252 acc: 0.6542 time 1.42s
Epoch: 29/150 Iter: 18/96 loss: 0.6274 acc: 0.6679 time 0.82s
Epoch: 29/150 Iter: 19/96 loss: 0.6417 acc: 0.6608 time 1.45s
Epoch: 29/150 Iter: 20/96 loss: 0.6491 acc: 0.6728 time 0.73s
Epoch: 29/150 Iter: 21/96 loss: 0.6842 acc: 0.6503 time 0.78s
Epoch: 29/150 Iter: 22/96 loss: 0.6966 acc: 0.6510 time 1.42s
Epoch: 29/150 Iter: 23/96 loss: 0.6948 acc: 0.6541 time 0.92s
Epoch: 29/150 Iter: 24/96 loss: 0.6953 acc: 0.6454 time 0.78s
Epoch: 29/150 Iter: 25/96 loss: 0.7000 acc: 0.6362 time 1.49s
Epoch: 29/150 Iter: 26/96 loss: 0.6884 acc: 0.6502 time 0.76s
Epoch: 29/150 Iter: 27/96 loss: 0.6812 acc: 0.6549 time 1.44s
Epoch: 29/150 Iter: 28/96 loss: 0.6761 acc: 0.6405 time 1.42s
Epoch: 29/150 Iter: 29/96 loss: 0.6680 acc: 0.6356 time 0.80s
Epoch: 29/150 Iter: 30/96 loss: 0.6720 acc: 0.6422 time 0.88s
Epoch: 29/150 Iter: 31/96 loss: 0.6640 acc: 0.6344 time 0.89s
Epoch: 29/150 Iter: 32/96 loss: 0.6667 acc: 0.6458 time 0.78s
Epoch: 29/150 Iter: 33/96 loss: 0.6678 acc: 0.6439 time 1.47s
Epoch: 29/150 Iter: 34/96 loss: 0.6652 acc: 0.6397 time 0.80s
Epoch: 29/150 Iter: 35/96 loss: 0.6564 acc: 0.6373 time 1.46s
Epoch: 29/150 Iter: 36/96 loss: 0.6455 acc: 0.6474 time 1.42s
Epoch: 29/150 Iter: 37/96 loss: 0.6349 acc: 0.6569 time 1.45s
Epoch: 29/150 Iter: 38/96 loss: 0.6417 acc: 0.6431 time 0.77s
Epoch: 29/150 Iter: 39/96 loss: 0.6465 acc: 0.6395 time 1.48s
Epoch: 29/150 Iter: 40/96 loss: 0.6501 acc: 0.6339 time 0.90s
Epoch: 29/150 Iter: 41/96 loss: 0.6453 acc: 0.6379 time 1.41s
Epoch: 29/150 Iter: 42/96 loss: 0.6715 acc: 0.6347 time 0.92s
Epoch: 29/150 Iter: 43/96 loss: 0.6740 acc: 0.6302 time 0.90s
Epoch: 29/150 Iter: 44/96 loss: 0.6749 acc: 0.6311 time 0.97s
Epoch: 29/150 Iter: 45/96 loss: 0.6673 acc: 0.6368 time 1.39s
Epoch: 29/150 Iter: 46/96 loss: 0.6744 acc: 0.6266 time 0.88s
Epoch: 29/150 Iter: 47/96 loss: 0.6741 acc: 0.6303 time 1.43s
Epoch: 29/150 Iter: 48/96 loss: 0.6668 acc: 0.6293 time 0.80s
Epoch: 29/150 Iter: 49/96 loss: 0.6654 acc: 0.6283 time 1.44s
Epoch: 29/150 Iter: 50/96 loss: 0.6567 acc: 0.6358 time 0.97s
Epoch: 29/150 Iter: 51/96 loss: 0.6505 acc: 0.6397 time 1.43s
Epoch: 29/150 Iter: 52/96 loss: 0.6452 acc: 0.6434 time 0.92s
Epoch: 29/150 Iter: 53/96 loss: 0.6431 acc: 0.6463 time 1.45s
Epoch: 29/150 Iter: 54/96 loss: 0.6391 acc: 0.6513 time 0.75s
Epoch: 29/150 Iter: 55/96 loss: 0.6319 acc: 0.6496 time 1.46s
Epoch: 29/150 Iter: 56/96 loss: 0.6321 acc: 0.6539 time 1.46s
Epoch: 29/150 Iter: 57/96 loss: 0.6281 acc: 0.6599 time 0.80s
Epoch: 29/150 Iter: 58/96 loss: 0.6216 acc: 0.6658 time 0.81s
Epoch: 29/150 Iter: 59/96 loss: 0.6274 acc: 0.6573 time 0.90s
Epoch: 29/150 Iter: 60/96 loss: 0.6214 acc: 0.6631 time 1.44s
Epoch: 29/150 Iter: 61/96 loss: 0.6180 acc: 0.6665 time 0.89s
Epoch: 29/150 Iter: 62/96 loss: 0.6187 acc: 0.6679 time 1.44s
Epoch: 29/150 Iter: 63/96 loss: 0.6179 acc: 0.6705 time 0.78s
Epoch: 29/150 Iter: 64/96 loss: 0.6140 acc: 0.6687 time 1.47s
Epoch: 29/150 Iter: 65/96 loss: 0.6145 acc: 0.6700 time 0.88s
Epoch: 29/150 Iter: 66/96 loss: 0.6233 acc: 0.6623 time 0.77s
Epoch: 29/150 Iter: 67/96 loss: 0.6185 acc: 0.6674 time 1.43s
Epoch: 29/150 Iter: 68/96 loss: 0.6253 acc: 0.6576 time 0.81s
Epoch: 29/150 Iter: 69/96 loss: 0.6297 acc: 0.6529 time 0.79s
Epoch: 29/150 Iter: 70/96 loss: 0.6286 acc: 0.6483 time 1.44s
Epoch: 29/150 Iter: 71/96 loss: 0.6293 acc: 0.6515 time 0.79s
Epoch: 29/150 Iter: 72/96 loss: 0.6305 acc: 0.6486 time 0.93s
Epoch: 29/150 Iter: 73/96 loss: 0.6305 acc: 0.6500 time 0.87s
Epoch: 29/150 Iter: 74/96 loss: 0.6320 acc: 0.6497 time 0.90s
Epoch: 29/150 Iter: 75/96 loss: 0.6342 acc: 0.6469 time 0.85s
Epoch: 29/150 Iter: 76/96 loss: 0.6331 acc: 0.6501 time 0.96s
Epoch: 29/150 Iter: 77/96 loss: 0.6277 acc: 0.6547 time 0.80s
Epoch: 29/150 Iter: 78/96 loss: 0.6242 acc: 0.6559 time 1.45s
Epoch: 29/150 Iter: 79/96 loss: 0.6207 acc: 0.6602 time 1.39s
Epoch: 29/150 Iter: 80/96 loss: 0.6226 acc: 0.6589 time 0.81s
Epoch: 29/150 Iter: 81/96 loss: 0.6294 acc: 0.6590 time 0.77s
Epoch: 29/150 Iter: 82/96 loss: 0.6333 acc: 0.6550 time 1.45s
Epoch: 29/150 Iter: 83/96 loss: 0.6293 acc: 0.6538 time 0.78s
Epoch: 29/150 Iter: 84/96 loss: 0.6372 acc: 0.6520 time 0.69s
Epoch: 29/150 Iter: 85/96 loss: 0.6372 acc: 0.6561 time 0.77s
Epoch: 29/150 Iter: 86/96 loss: 0.6524 acc: 0.6549 time 0.76s
Epoch: 29/150 Iter: 87/96 loss: 0.6615 acc: 0.6551 time 0.75s
Epoch: 29/150 Iter: 88/96 loss: 0.6616 acc: 0.6527 time 1.42s
Epoch: 29/150 Iter: 89/96 loss: 0.6624 acc: 0.6500 time 0.73s
Epoch: 29/150 Iter: 90/96 loss: 0.6608 acc: 0.6490 time 0.75s
Epoch: 29/150 Iter: 91/96 loss: 0.6620 acc: 0.6464 time 0.69s
Epoch: 29/150 Iter: 92/96 loss: 0.6609 acc: 0.6452 time 0.79s
Epoch: 29/150 Iter: 93/96 loss: 0.6629 acc: 0.6463 time 0.71s
Epoch: 29/150 Iter: 94/96 loss: 0.6633 acc: 0.6439 time 0.78s
Epoch: 29/150 Iter: 95/96 loss: 0.6592 acc: 0.6430 time 0.81s
Epoch: 29/150 Iter: 96/96 loss: 0.6621 acc: 0.6406 time 1.37s
[Train epoch 29] avg_loss=0.6621 avg_acc=0.6406 | per-class [c0: 0.696, c1: 0.667, c2: 0.741]
Final training 29/150, loss: 0.6621, time 103.50s, lr: 0.075135
Accuracy: 0.715
class                  precision    recall   specificity      f1   support
--------------------------------------------------------------------------
0                          0.774     0.696         0.807   0.733       280
1                          0.260     0.667         0.896   0.374        30
2                          0.798     0.741         0.839   0.768       266
*----------------------------------------*
0 Mon Nov 17 17:05:50 2025 Epoch: 30
Epoch: 30/150 Iter: 1/96 loss: 0.6272 acc: 0.3333 time 2.47s
Epoch: 30/150 Iter: 2/96 loss: 0.4401 acc: 0.4444 time 0.76s
Epoch: 30/150 Iter: 3/96 loss: 0.3816 acc: 0.6296 time 0.87s
Epoch: 30/150 Iter: 4/96 loss: 0.6042 acc: 0.6722 time 0.83s
Epoch: 30/150 Iter: 5/96 loss: 0.6581 acc: 0.6711 time 1.41s
Epoch: 30/150 Iter: 6/96 loss: 0.6287 acc: 0.6148 time 1.46s
Epoch: 30/150 Iter: 7/96 loss: 0.6275 acc: 0.6341 time 0.92s
Epoch: 30/150 Iter: 8/96 loss: 0.5872 acc: 0.6799 time 1.47s
Epoch: 30/150 Iter: 9/96 loss: 0.5728 acc: 0.6969 time 0.79s
Epoch: 30/150 Iter: 10/96 loss: 0.5779 acc: 0.7272 time 0.95s
Epoch: 30/150 Iter: 11/96 loss: 0.5912 acc: 0.7066 time 1.45s
Epoch: 30/150 Iter: 12/96 loss: 0.5883 acc: 0.7032 time 1.46s
Epoch: 30/150 Iter: 13/96 loss: 0.5659 acc: 0.7261 time 1.45s
Epoch: 30/150 Iter: 14/96 loss: 0.5543 acc: 0.7159 time 0.84s
Epoch: 30/150 Iter: 15/96 loss: 0.5379 acc: 0.7348 time 1.41s
Epoch: 30/150 Iter: 16/96 loss: 0.5318 acc: 0.7436 time 0.76s
Epoch: 30/150 Iter: 17/96 loss: 0.5499 acc: 0.7325 time 0.89s
Epoch: 30/150 Iter: 18/96 loss: 0.5433 acc: 0.7404 time 1.44s
Epoch: 30/150 Iter: 19/96 loss: 0.5453 acc: 0.7475 time 0.75s
Epoch: 30/150 Iter: 20/96 loss: 0.5521 acc: 0.7335 time 1.42s
Epoch: 30/150 Iter: 21/96 loss: 0.5540 acc: 0.7303 time 1.45s
Epoch: 30/150 Iter: 22/96 loss: 0.5413 acc: 0.7426 time 0.74s
Epoch: 30/150 Iter: 23/96 loss: 0.5433 acc: 0.7494 time 1.44s
Epoch: 30/150 Iter: 24/96 loss: 0.5367 acc: 0.7557 time 1.41s
Epoch: 30/150 Iter: 25/96 loss: 0.5254 acc: 0.7654 time 0.78s
Epoch: 30/150 Iter: 26/96 loss: 0.5193 acc: 0.7745 time 0.95s
Epoch: 30/150 Iter: 27/96 loss: 0.5265 acc: 0.7736 time 1.47s
Epoch: 30/150 Iter: 28/96 loss: 0.5146 acc: 0.7816 time 0.79s
Epoch: 30/150 Iter: 29/96 loss: 0.5137 acc: 0.7806 time 0.91s
Epoch: 30/150 Iter: 30/96 loss: 0.5239 acc: 0.7768 time 0.74s
Epoch: 30/150 Iter: 31/96 loss: 0.5439 acc: 0.7678 time 0.88s
Epoch: 30/150 Iter: 32/96 loss: 0.5607 acc: 0.7612 time 1.43s
Epoch: 30/150 Iter: 33/96 loss: 0.5551 acc: 0.7634 time 0.93s
Epoch: 30/150 Iter: 34/96 loss: 0.5504 acc: 0.7667 time 0.75s
Epoch: 30/150 Iter: 35/96 loss: 0.5482 acc: 0.7698 time 0.79s
Epoch: 30/150 Iter: 36/96 loss: 0.5595 acc: 0.7669 time 1.45s
Epoch: 30/150 Iter: 37/96 loss: 0.5576 acc: 0.7687 time 0.78s
Epoch: 30/150 Iter: 38/96 loss: 0.5641 acc: 0.7704 time 0.79s
Epoch: 30/150 Iter: 39/96 loss: 0.5553 acc: 0.7763 time 0.89s
Epoch: 30/150 Iter: 40/96 loss: 0.5566 acc: 0.7735 time 1.44s
Epoch: 30/150 Iter: 41/96 loss: 0.5537 acc: 0.7760 time 0.77s
Epoch: 30/150 Iter: 42/96 loss: 0.5448 acc: 0.7813 time 1.45s
Epoch: 30/150 Iter: 43/96 loss: 0.5377 acc: 0.7864 time 1.39s
Epoch: 30/150 Iter: 44/96 loss: 0.5461 acc: 0.7837 time 0.87s
Epoch: 30/150 Iter: 45/96 loss: 0.5363 acc: 0.7885 time 1.47s
Epoch: 30/150 Iter: 46/96 loss: 0.5454 acc: 0.7859 time 1.42s
Epoch: 30/150 Iter: 47/96 loss: 0.5347 acc: 0.7904 time 1.44s
Epoch: 30/150 Iter: 48/96 loss: 0.5424 acc: 0.7832 time 0.88s
Epoch: 30/150 Iter: 49/96 loss: 0.5379 acc: 0.7795 time 0.79s
Epoch: 30/150 Iter: 50/96 loss: 0.5365 acc: 0.7814 time 0.72s
Epoch: 30/150 Iter: 51/96 loss: 0.5488 acc: 0.7759 time 1.43s
Epoch: 30/150 Iter: 52/96 loss: 0.5572 acc: 0.7706 time 0.87s
Epoch: 30/150 Iter: 53/96 loss: 0.5566 acc: 0.7730 time 1.42s
Epoch: 30/150 Iter: 54/96 loss: 0.5499 acc: 0.7772 time 1.42s
Epoch: 30/150 Iter: 55/96 loss: 0.5486 acc: 0.7737 time 1.42s
Epoch: 30/150 Iter: 56/96 loss: 0.5475 acc: 0.7698 time 0.77s
Epoch: 30/150 Iter: 57/96 loss: 0.5548 acc: 0.7709 time 0.80s
Epoch: 30/150 Iter: 58/96 loss: 0.5536 acc: 0.7662 time 0.76s
Epoch: 30/150 Iter: 59/96 loss: 0.5578 acc: 0.7674 time 0.78s
Epoch: 30/150 Iter: 60/96 loss: 0.5542 acc: 0.7638 time 0.81s
Epoch: 30/150 Iter: 61/96 loss: 0.5641 acc: 0.7595 time 0.93s
Epoch: 30/150 Iter: 62/96 loss: 0.5712 acc: 0.7562 time 0.73s
Epoch: 30/150 Iter: 63/96 loss: 0.5735 acc: 0.7535 time 0.78s
Epoch: 30/150 Iter: 64/96 loss: 0.5678 acc: 0.7573 time 1.41s
Epoch: 30/150 Iter: 65/96 loss: 0.5720 acc: 0.7495 time 0.78s
Epoch: 30/150 Iter: 66/96 loss: 0.5728 acc: 0.7432 time 0.90s
Epoch: 30/150 Iter: 67/96 loss: 0.5761 acc: 0.7383 time 0.80s
Epoch: 30/150 Iter: 68/96 loss: 0.5789 acc: 0.7367 time 0.80s
Epoch: 30/150 Iter: 69/96 loss: 0.5752 acc: 0.7381 time 0.78s
Epoch: 30/150 Iter: 70/96 loss: 0.5801 acc: 0.7390 time 0.79s
Epoch: 30/150 Iter: 71/96 loss: 0.5815 acc: 0.7379 time 1.43s
Epoch: 30/150 Iter: 72/96 loss: 0.5879 acc: 0.7370 time 1.41s
Epoch: 30/150 Iter: 73/96 loss: 0.5918 acc: 0.7337 time 0.84s
Epoch: 30/150 Iter: 74/96 loss: 0.5893 acc: 0.7317 time 0.79s
Epoch: 30/150 Iter: 75/96 loss: 0.5878 acc: 0.7303 time 1.42s
Epoch: 30/150 Iter: 76/96 loss: 0.5973 acc: 0.7250 time 0.89s
Epoch: 30/150 Iter: 77/96 loss: 0.5935 acc: 0.7272 time 0.78s
Epoch: 30/150 Iter: 78/96 loss: 0.5923 acc: 0.7250 time 0.91s
Epoch: 30/150 Iter: 79/96 loss: 0.5992 acc: 0.7200 time 1.46s
Epoch: 30/150 Iter: 80/96 loss: 0.5973 acc: 0.7180 time 0.89s
Epoch: 30/150 Iter: 81/96 loss: 0.5992 acc: 0.7153 time 1.44s
Epoch: 30/150 Iter: 82/96 loss: 0.5933 acc: 0.7187 time 0.76s
Epoch: 30/150 Iter: 83/96 loss: 0.5915 acc: 0.7208 time 1.41s
Epoch: 30/150 Iter: 84/96 loss: 0.5980 acc: 0.7182 time 1.39s
Epoch: 30/150 Iter: 85/96 loss: 0.5989 acc: 0.7136 time 1.41s
Epoch: 30/150 Iter: 86/96 loss: 0.5955 acc: 0.7118 time 1.38s
Epoch: 30/150 Iter: 87/96 loss: 0.6060 acc: 0.7087 time 0.79s
Epoch: 30/150 Iter: 88/96 loss: 0.6037 acc: 0.7111 time 0.73s
Epoch: 30/150 Iter: 89/96 loss: 0.6028 acc: 0.7134 time 1.42s
Epoch: 30/150 Iter: 90/96 loss: 0.6005 acc: 0.7147 time 0.71s
Epoch: 30/150 Iter: 91/96 loss: 0.6031 acc: 0.7096 time 0.70s
Epoch: 30/150 Iter: 92/96 loss: 0.6099 acc: 0.7046 time 1.38s
Epoch: 30/150 Iter: 93/96 loss: 0.6096 acc: 0.7036 time 0.77s
Epoch: 30/150 Iter: 94/96 loss: 0.6068 acc: 0.7038 time 1.39s
Epoch: 30/150 Iter: 95/96 loss: 0.6108 acc: 0.7027 time 1.45s
Epoch: 30/150 Iter: 96/96 loss: 0.6120 acc: 0.6997 time 0.74s
[Train epoch 30] avg_loss=0.6120 avg_acc=0.6997 | per-class [c0: 0.786, c1: 0.433, c2: 0.755]
Final training 30/150, loss: 0.6120, time 103.75s, lr: 0.074713
Accuracy: 0.753
class                  precision    recall   specificity      f1   support
--------------------------------------------------------------------------
0                          0.819     0.786         0.834   0.802       281
1                          0.228     0.433         0.919   0.299        30
2                          0.803     0.755         0.842   0.778       265
*----------------------------------------*
Val 30/150 1/24, Acc: 0.5000, Loss: 3.5443, time 0.43s
Val 30/150 2/24, Acc: 0.5278, Loss: 1.9459, time 0.42s
Val 30/150 3/24, Acc: 0.5185, Loss: 1.7490, time 0.41s
Val 30/150 4/24, Acc: 0.5139, Loss: 1.4565, time 0.49s
Val 30/150 5/24, Acc: 0.4944, Loss: 1.3361, time 0.56s
Val 30/150 6/24, Acc: 0.4954, Loss: 1.2190, time 0.48s
Val 30/150 7/24, Acc: 0.5079, Loss: 1.1099, time 0.45s
Val 30/150 8/24, Acc: 0.5174, Loss: 1.0421, time 0.42s
Val 30/150 9/24, Acc: 0.5710, Loss: 0.9501, time 0.50s
Val 30/150 10/24, Acc: 0.6039, Loss: 0.9074, time 0.56s
Val 30/150 11/24, Acc: 0.6197, Loss: 0.8714, time 0.46s
Val 30/150 12/24, Acc: 0.5773, Loss: 0.9290, time 0.49s
Val 30/150 13/24, Acc: 0.6098, Loss: 0.8877, time 0.56s
Val 30/150 14/24, Acc: 0.5782, Loss: 0.9109, time 0.50s
Val 30/150 15/24, Acc: 0.5785, Loss: 0.8742, time 0.47s
Val 30/150 16/24, Acc: 0.5924, Loss: 0.8558, time 0.42s
Val 30/150 17/24, Acc: 0.6163, Loss: 0.8163, time 0.52s
Val 30/150 18/24, Acc: 0.6006, Loss: 0.8404, time 0.50s
Val 30/150 19/24, Acc: 0.5936, Loss: 0.8405, time 0.44s
Val 30/150 20/24, Acc: 0.5861, Loss: 0.8331, time 0.47s
Val 30/150 21/24, Acc: 0.6058, Loss: 0.8057, time 0.47s
Val 30/150 22/24, Acc: 0.5985, Loss: 0.8043, time 0.53s
Val 30/150 23/24, Acc: 0.5894, Loss: 0.8110, time 0.40s
Val 30/150 24/24, Acc: 0.6019, Loss: 0.7892, time 0.40s
[Val epoch 30] avg_acc=0.6019 | avg_loss=0.7892 | per-class [c0: 0.529, c1: 0.625, c2: 0.894]
Final validation 30/150, Val_acc: 0.6019, time 11.35sAccuracy: 0.701
class                  precision    recall   specificity      f1   support
--------------------------------------------------------------------------
0                          0.949     0.529         0.973   0.679        70
1                          0.179     0.625         0.831   0.278         8
2                          0.766     0.894         0.769   0.825        66
*========================================*
Saving checkpoint outputs/OrganoidsINRIA_reduced/resnet18/2025-11-17-16-11/training/model_final.pt
[EarlyStopping] no improve (4/40)
[EarlyStopping] no improve (3/40)
0 Mon Nov 17 17:07:50 2025 Epoch: 31
Epoch: 31/150 Iter: 1/96 loss: 0.6323 acc: 0.8000 time 2.42s
Epoch: 31/150 Iter: 2/96 loss: 0.4629 acc: 0.9000 time 0.78s
Epoch: 31/150 Iter: 3/96 loss: 0.6291 acc: 0.7389 time 0.93s
Epoch: 31/150 Iter: 4/96 loss: 0.5562 acc: 0.6931 time 1.44s
Epoch: 31/150 Iter: 5/96 loss: 0.6089 acc: 0.5878 time 1.43s
Epoch: 31/150 Iter: 6/96 loss: 0.6053 acc: 0.5787 time 1.46s
Epoch: 31/150 Iter: 7/96 loss: 0.6005 acc: 0.5913 time 0.88s
Epoch: 31/150 Iter: 8/96 loss: 0.5788 acc: 0.5799 time 0.78s
Epoch: 31/150 Iter: 9/96 loss: 0.6673 acc: 0.5648 time 0.88s
Epoch: 31/150 Iter: 10/96 loss: 0.8969 acc: 0.5583 time 0.79s
Epoch: 31/150 Iter: 11/96 loss: 0.8351 acc: 0.5985 time 0.96s
Epoch: 31/150 Iter: 12/96 loss: 0.7819 acc: 0.6319 time 1.49s
Epoch: 31/150 Iter: 13/96 loss: 0.7865 acc: 0.6346 time 1.42s
Epoch: 31/150 Iter: 14/96 loss: 0.7682 acc: 0.6210 time 0.76s
Epoch: 31/150 Iter: 15/96 loss: 0.7631 acc: 0.6296 time 0.80s
Epoch: 31/150 Iter: 16/96 loss: 0.7555 acc: 0.6267 time 1.45s
Epoch: 31/150 Iter: 17/96 loss: 0.7389 acc: 0.6389 time 1.47s
Epoch: 31/150 Iter: 18/96 loss: 0.7473 acc: 0.6219 time 1.48s
Epoch: 31/150 Iter: 19/96 loss: 0.7181 acc: 0.6418 time 0.79s
Epoch: 31/150 Iter: 20/96 loss: 0.7151 acc: 0.6285 time 1.41s
Epoch: 31/150 Iter: 21/96 loss: 0.7085 acc: 0.6462 time 0.75s
Epoch: 31/150 Iter: 22/96 loss: 0.7092 acc: 0.6509 time 1.41s
Epoch: 31/150 Iter: 23/96 loss: 0.7696 acc: 0.6395 time 1.43s
Epoch: 31/150 Iter: 24/96 loss: 0.7947 acc: 0.6295 time 1.44s
Epoch: 31/150 Iter: 25/96 loss: 0.7864 acc: 0.6257 time 0.89s
Epoch: 31/150 Iter: 26/96 loss: 0.7883 acc: 0.6256 time 0.80s
Epoch: 31/150 Iter: 27/96 loss: 0.7968 acc: 0.6179 time 1.40s
Epoch: 31/150 Iter: 28/96 loss: 0.8183 acc: 0.6038 time 0.81s
Epoch: 31/150 Iter: 29/96 loss: 0.8173 acc: 0.6098 time 1.44s
Epoch: 31/150 Iter: 30/96 loss: 0.8034 acc: 0.6080 time 1.49s
Epoch: 31/150 Iter: 31/96 loss: 0.7984 acc: 0.6116 time 1.39s
Epoch: 31/150 Iter: 32/96 loss: 0.7966 acc: 0.6134 time 0.88s
Epoch: 31/150 Iter: 33/96 loss: 0.7790 acc: 0.6251 time 1.46s
Epoch: 31/150 Iter: 34/96 loss: 0.7786 acc: 0.6198 time 0.78s
Epoch: 31/150 Iter: 35/96 loss: 0.7665 acc: 0.6259 time 1.41s
Epoch: 31/150 Iter: 36/96 loss: 0.7558 acc: 0.6247 time 0.82s
Epoch: 31/150 Iter: 37/96 loss: 0.7557 acc: 0.6258 time 1.40s
Epoch: 31/150 Iter: 38/96 loss: 0.7562 acc: 0.6216 time 1.46s
Epoch: 31/150 Iter: 39/96 loss: 0.7474 acc: 0.6164 time 0.80s
Epoch: 31/150 Iter: 40/96 loss: 0.7364 acc: 0.6228 time 0.90s
Epoch: 31/150 Iter: 41/96 loss: 0.7335 acc: 0.6178 time 0.88s
Epoch: 31/150 Iter: 42/96 loss: 0.7244 acc: 0.6249 time 1.42s
Epoch: 31/150 Iter: 43/96 loss: 0.7281 acc: 0.6182 time 1.40s
Epoch: 31/150 Iter: 44/96 loss: 0.7389 acc: 0.6104 time 0.83s
Epoch: 31/150 Iter: 45/96 loss: 0.7386 acc: 0.6067 time 0.78s
Epoch: 31/150 Iter: 46/96 loss: 0.7383 acc: 0.5993 time 1.44s
Epoch: 31/150 Iter: 47/96 loss: 0.7294 acc: 0.6052 time 0.93s
Epoch: 31/150 Iter: 48/96 loss: 0.7284 acc: 0.6023 time 0.75s
Epoch: 31/150 Iter: 49/96 loss: 0.7217 acc: 0.6014 time 1.45s
Epoch: 31/150 Iter: 50/96 loss: 0.7160 acc: 0.6060 time 0.95s
Epoch: 31/150 Iter: 51/96 loss: 0.7134 acc: 0.6072 time 1.44s
Epoch: 31/150 Iter: 52/96 loss: 0.7120 acc: 0.6083 time 0.85s
Epoch: 31/150 Iter: 53/96 loss: 0.7014 acc: 0.6157 time 0.84s
Epoch: 31/150 Iter: 54/96 loss: 0.7053 acc: 0.6182 time 1.39s
Epoch: 31/150 Iter: 55/96 loss: 0.7079 acc: 0.6130 time 0.81s
Epoch: 31/150 Iter: 56/96 loss: 0.7139 acc: 0.6080 time 0.79s
Epoch: 31/150 Iter: 57/96 loss: 0.7102 acc: 0.6047 time 0.91s
Epoch: 31/150 Iter: 58/96 loss: 0.7066 acc: 0.6043 time 0.80s
Epoch: 31/150 Iter: 59/96 loss: 0.7154 acc: 0.5997 time 0.80s
Epoch: 31/150 Iter: 60/96 loss: 0.7169 acc: 0.5934 time 0.89s
Epoch: 31/150 Iter: 61/96 loss: 0.7092 acc: 0.5980 time 0.75s
Epoch: 31/150 Iter: 62/96 loss: 0.7042 acc: 0.5974 time 0.92s
Epoch: 31/150 Iter: 63/96 loss: 0.7062 acc: 0.5967 time 0.78s
Epoch: 31/150 Iter: 64/96 loss: 0.7061 acc: 0.5991 time 0.82s
Epoch: 31/150 Iter: 65/96 loss: 0.7002 acc: 0.5984 time 0.77s
Epoch: 31/150 Iter: 66/96 loss: 0.6958 acc: 0.6045 time 1.41s
Epoch: 31/150 Iter: 67/96 loss: 0.6915 acc: 0.6104 time 1.43s
Epoch: 31/150 Iter: 68/96 loss: 0.6936 acc: 0.6112 time 1.45s
Epoch: 31/150 Iter: 69/96 loss: 0.6881 acc: 0.6169 time 1.42s
Epoch: 31/150 Iter: 70/96 loss: 0.6878 acc: 0.6144 time 1.44s
Epoch: 31/150 Iter: 71/96 loss: 0.6825 acc: 0.6181 time 0.81s
Epoch: 31/150 Iter: 72/96 loss: 0.6804 acc: 0.6218 time 0.78s
Epoch: 31/150 Iter: 73/96 loss: 0.6800 acc: 0.6197 time 1.46s
Epoch: 31/150 Iter: 74/96 loss: 0.6744 acc: 0.6226 time 0.80s
Epoch: 31/150 Iter: 75/96 loss: 0.6729 acc: 0.6254 time 1.44s
Epoch: 31/150 Iter: 76/96 loss: 0.6761 acc: 0.6238 time 0.89s
Epoch: 31/150 Iter: 77/96 loss: 0.6721 acc: 0.6222 time 0.80s
Epoch: 31/150 Iter: 78/96 loss: 0.6704 acc: 0.6259 time 1.46s
Epoch: 31/150 Iter: 79/96 loss: 0.6760 acc: 0.6233 time 1.45s
Epoch: 31/150 Iter: 80/96 loss: 0.6735 acc: 0.6230 time 0.78s
Epoch: 31/150 Iter: 81/96 loss: 0.6681 acc: 0.6261 time 0.76s
Epoch: 31/150 Iter: 82/96 loss: 0.6745 acc: 0.6201 time 1.44s
Epoch: 31/150 Iter: 83/96 loss: 0.6744 acc: 0.6206 time 0.80s
Epoch: 31/150 Iter: 84/96 loss: 0.6789 acc: 0.6182 time 1.46s
Epoch: 31/150 Iter: 85/96 loss: 0.6762 acc: 0.6158 time 1.48s
Epoch: 31/150 Iter: 86/96 loss: 0.6795 acc: 0.6145 time 0.71s
Epoch: 31/150 Iter: 87/96 loss: 0.6812 acc: 0.6166 time 0.70s
Epoch: 31/150 Iter: 88/96 loss: 0.6777 acc: 0.6210 time 0.71s
Epoch: 31/150 Iter: 89/96 loss: 0.6738 acc: 0.6243 time 1.41s
Epoch: 31/150 Iter: 90/96 loss: 0.6758 acc: 0.6211 time 1.43s
Epoch: 31/150 Iter: 91/96 loss: 0.6705 acc: 0.6241 time 1.39s
Epoch: 31/150 Iter: 92/96 loss: 0.6684 acc: 0.6269 time 0.74s
Epoch: 31/150 Iter: 93/96 loss: 0.6685 acc: 0.6297 time 0.73s
Epoch: 31/150 Iter: 94/96 loss: 0.6648 acc: 0.6292 time 1.44s
Epoch: 31/150 Iter: 95/96 loss: 0.6663 acc: 0.6302 time 0.74s
Epoch: 31/150 Iter: 96/96 loss: 0.6702 acc: 0.6271 time 1.37s
[Train epoch 31] avg_loss=0.6702 avg_acc=0.6271 | per-class [c0: 0.689, c1: 0.633, c2: 0.726]
Final training 31/150, loss: 0.6702, time 106.58s, lr: 0.074274
Accuracy: 0.703
class                  precision    recall   specificity      f1   support
--------------------------------------------------------------------------
0                          0.811     0.689         0.848   0.745       280
1                          0.211     0.633         0.870   0.317        30
2                          0.778     0.726         0.823   0.751       266
*----------------------------------------*
0 Mon Nov 17 17:09:37 2025 Epoch: 32
Epoch: 32/150 Iter: 1/96 loss: 0.4977 acc: 0.8333 time 1.96s
Epoch: 32/150 Iter: 2/96 loss: 0.4723 acc: 0.9167 time 0.95s
Epoch: 32/150 Iter: 3/96 loss: 0.3742 acc: 0.9444 time 0.75s
Epoch: 32/150 Iter: 4/96 loss: 0.3888 acc: 0.9583 time 0.91s
Epoch: 32/150 Iter: 5/96 loss: 0.4860 acc: 0.8556 time 1.44s
Epoch: 32/150 Iter: 6/96 loss: 0.4839 acc: 0.7963 time 0.87s
Epoch: 32/150 Iter: 7/96 loss: 0.5588 acc: 0.7421 time 0.93s
Epoch: 32/150 Iter: 8/96 loss: 0.5751 acc: 0.7535 time 1.44s
Epoch: 32/150 Iter: 9/96 loss: 0.5549 acc: 0.7716 time 0.87s
Epoch: 32/150 Iter: 10/96 loss: 0.5304 acc: 0.7819 time 0.89s
Epoch: 32/150 Iter: 11/96 loss: 0.5283 acc: 0.7715 time 0.80s
Epoch: 32/150 Iter: 12/96 loss: 0.5200 acc: 0.7766 time 0.77s
Epoch: 32/150 Iter: 13/96 loss: 0.5101 acc: 0.7489 time 1.49s
Epoch: 32/150 Iter: 14/96 loss: 0.5201 acc: 0.7312 time 0.96s
Epoch: 32/150 Iter: 15/96 loss: 0.5246 acc: 0.7002 time 0.76s
Epoch: 32/150 Iter: 16/96 loss: 0.5158 acc: 0.7111 time 0.78s
Epoch: 32/150 Iter: 17/96 loss: 0.5179 acc: 0.7060 time 0.87s
Epoch: 32/150 Iter: 18/96 loss: 0.5206 acc: 0.7131 time 0.91s
Epoch: 32/150 Iter: 19/96 loss: 0.5002 acc: 0.7282 time 0.80s
Epoch: 32/150 Iter: 20/96 loss: 0.4962 acc: 0.7335 time 0.89s
Epoch: 32/150 Iter: 21/96 loss: 0.5075 acc: 0.7303 time 0.78s
Epoch: 32/150 Iter: 22/96 loss: 0.4907 acc: 0.7426 time 0.88s
Epoch: 32/150 Iter: 23/96 loss: 0.4875 acc: 0.7429 time 0.78s
Epoch: 32/150 Iter: 24/96 loss: 0.4932 acc: 0.7293 time 1.45s
Epoch: 32/150 Iter: 25/96 loss: 0.5123 acc: 0.7157 time 1.45s
Epoch: 32/150 Iter: 26/96 loss: 0.5662 acc: 0.7138 time 1.45s
Epoch: 32/150 Iter: 27/96 loss: 0.5546 acc: 0.7244 time 1.41s
Epoch: 32/150 Iter: 28/96 loss: 0.5434 acc: 0.7342 time 0.92s
Epoch: 32/150 Iter: 29/96 loss: 0.5405 acc: 0.7396 time 0.81s
Epoch: 32/150 Iter: 30/96 loss: 0.5331 acc: 0.7334 time 0.91s
Epoch: 32/150 Iter: 31/96 loss: 0.5363 acc: 0.7340 time 0.80s
Epoch: 32/150 Iter: 32/96 loss: 0.5345 acc: 0.7240 time 1.39s
Epoch: 32/150 Iter: 33/96 loss: 0.5244 acc: 0.7324 time 0.80s
Epoch: 32/150 Iter: 34/96 loss: 0.5330 acc: 0.7280 time 1.45s
Epoch: 32/150 Iter: 35/96 loss: 0.5347 acc: 0.7199 time 1.41s
Epoch: 32/150 Iter: 36/96 loss: 0.5310 acc: 0.7154 time 0.78s
Epoch: 32/150 Iter: 37/96 loss: 0.5388 acc: 0.7050 time 0.93s
Epoch: 32/150 Iter: 38/96 loss: 0.5400 acc: 0.7011 time 0.87s
Epoch: 32/150 Iter: 39/96 loss: 0.5504 acc: 0.6900 time 0.80s
Epoch: 32/150 Iter: 40/96 loss: 0.5442 acc: 0.6977 time 1.45s
Epoch: 32/150 Iter: 41/96 loss: 0.5439 acc: 0.6872 time 0.78s
Epoch: 32/150 Iter: 42/96 loss: 0.5348 acc: 0.6946 time 0.76s
Epoch: 32/150 Iter: 43/96 loss: 0.5489 acc: 0.6862 time 1.47s
Epoch: 32/150 Iter: 44/96 loss: 0.5475 acc: 0.6896 time 0.79s
Epoch: 32/150 Iter: 45/96 loss: 0.5618 acc: 0.6772 time 1.43s
Epoch: 32/150 Iter: 46/96 loss: 0.5614 acc: 0.6815 time 1.45s
Epoch: 32/150 Iter: 47/96 loss: 0.5586 acc: 0.6883 time 1.47s
Epoch: 32/150 Iter: 48/96 loss: 0.5695 acc: 0.6826 time 0.75s
Epoch: 32/150 Iter: 49/96 loss: 0.5656 acc: 0.6874 time 0.95s
Epoch: 32/150 Iter: 50/96 loss: 0.5593 acc: 0.6937 time 0.79s
Epoch: 32/150 Iter: 51/96 loss: 0.5556 acc: 0.6977 time 1.46s
Epoch: 32/150 Iter: 52/96 loss: 0.5680 acc: 0.6875 time 0.81s
Epoch: 32/150 Iter: 53/96 loss: 0.5678 acc: 0.6850 time 0.78s
Epoch: 32/150 Iter: 54/96 loss: 0.5668 acc: 0.6836 time 0.76s
Epoch: 32/150 Iter: 55/96 loss: 0.5675 acc: 0.6793 time 1.42s
Epoch: 32/150 Iter: 56/96 loss: 0.5649 acc: 0.6828 time 1.44s
Epoch: 32/150 Iter: 57/96 loss: 0.5610 acc: 0.6810 time 0.90s
Epoch: 32/150 Iter: 58/96 loss: 0.5593 acc: 0.6837 time 1.45s
Epoch: 32/150 Iter: 59/96 loss: 0.5565 acc: 0.6823 time 0.78s
Epoch: 32/150 Iter: 60/96 loss: 0.5550 acc: 0.6806 time 1.48s
Epoch: 32/150 Iter: 61/96 loss: 0.5560 acc: 0.6776 time 0.89s
Epoch: 32/150 Iter: 62/96 loss: 0.5514 acc: 0.6828 time 0.78s
Epoch: 32/150 Iter: 63/96 loss: 0.5584 acc: 0.6755 time 0.89s
Epoch: 32/150 Iter: 64/96 loss: 0.5604 acc: 0.6715 time 0.85s
Epoch: 32/150 Iter: 65/96 loss: 0.5585 acc: 0.6731 time 0.94s
Epoch: 32/150 Iter: 66/96 loss: 0.5535 acc: 0.6781 time 1.46s
Epoch: 32/150 Iter: 67/96 loss: 0.5491 acc: 0.6810 time 0.96s
Epoch: 32/150 Iter: 68/96 loss: 0.5518 acc: 0.6759 time 0.86s
Epoch: 32/150 Iter: 69/96 loss: 0.5542 acc: 0.6721 time 1.42s
Epoch: 32/150 Iter: 70/96 loss: 0.5497 acc: 0.6768 time 0.79s
Epoch: 32/150 Iter: 71/96 loss: 0.5456 acc: 0.6798 time 1.41s
Epoch: 32/150 Iter: 72/96 loss: 0.5697 acc: 0.6758 time 0.95s
Epoch: 32/150 Iter: 73/96 loss: 0.5663 acc: 0.6734 time 0.87s
Epoch: 32/150 Iter: 74/96 loss: 0.5736 acc: 0.6710 time 0.75s
Epoch: 32/150 Iter: 75/96 loss: 0.5686 acc: 0.6754 time 0.90s
Epoch: 32/150 Iter: 76/96 loss: 0.5663 acc: 0.6775 time 0.80s
Epoch: 32/150 Iter: 77/96 loss: 0.5675 acc: 0.6765 time 0.79s
Epoch: 32/150 Iter: 78/96 loss: 0.5739 acc: 0.6704 time 1.44s
Epoch: 32/150 Iter: 79/96 loss: 0.5762 acc: 0.6682 time 1.43s
Epoch: 32/150 Iter: 80/96 loss: 0.5792 acc: 0.6654 time 1.42s
Epoch: 32/150 Iter: 81/96 loss: 0.5764 acc: 0.6641 time 0.75s
Epoch: 32/150 Iter: 82/96 loss: 0.5723 acc: 0.6682 time 0.72s
Epoch: 32/150 Iter: 83/96 loss: 0.5723 acc: 0.6691 time 0.77s
Epoch: 32/150 Iter: 84/96 loss: 0.5709 acc: 0.6665 time 1.37s
Epoch: 32/150 Iter: 85/96 loss: 0.5760 acc: 0.6684 time 0.71s
Epoch: 32/150 Iter: 86/96 loss: 0.5794 acc: 0.6645 time 1.39s
Epoch: 32/150 Iter: 87/96 loss: 0.5803 acc: 0.6626 time 1.46s
Epoch: 32/150 Iter: 88/96 loss: 0.5832 acc: 0.6589 time 1.40s
Epoch: 32/150 Iter: 89/96 loss: 0.5838 acc: 0.6562 time 1.38s
Epoch: 32/150 Iter: 90/96 loss: 0.5842 acc: 0.6558 time 0.70s
Epoch: 32/150 Iter: 91/96 loss: 0.5846 acc: 0.6552 time 0.76s
Epoch: 32/150 Iter: 92/96 loss: 0.5852 acc: 0.6535 time 0.74s
Epoch: 32/150 Iter: 93/96 loss: 0.5830 acc: 0.6528 time 0.78s
Epoch: 32/150 Iter: 94/96 loss: 0.5792 acc: 0.6547 time 1.48s
Epoch: 32/150 Iter: 95/96 loss: 0.5759 acc: 0.6531 time 1.44s
Epoch: 32/150 Iter: 96/96 loss: 0.5739 acc: 0.6541 time 0.72s
[Train epoch 32] avg_loss=0.5739 avg_acc=0.6541 | per-class [c0: 0.736, c1: 0.733, c2: 0.771]
Final training 32/150, loss: 0.5739, time 100.73s, lr: 0.073819
Accuracy: 0.752
class                  precision    recall   specificity      f1   support
--------------------------------------------------------------------------
0                          0.841     0.736         0.868   0.785       280
1                          0.262     0.733         0.886   0.386        30
2                          0.830     0.771         0.865   0.799       266
*----------------------------------------*
Val 32/150 1/24, Acc: 0.5000, Loss: 8.9627, time 0.43s
Val 32/150 2/24, Acc: 0.5278, Loss: 4.6216, time 0.47s
Val 32/150 3/24, Acc: 0.6481, Loss: 3.1987, time 0.43s
Val 32/150 4/24, Acc: 0.7361, Loss: 2.4547, time 0.42s
Val 32/150 5/24, Acc: 0.7889, Loss: 2.0172, time 0.47s
Val 32/150 6/24, Acc: 0.8241, Loss: 1.7078, time 0.46s
Val 32/150 7/24, Acc: 0.8313, Loss: 1.5086, time 0.53s
Val 32/150 8/24, Acc: 0.7795, Loss: 1.3910, time 0.50s
Val 32/150 9/24, Acc: 0.8040, Loss: 1.2664, time 0.52s
Val 32/150 10/24, Acc: 0.8236, Loss: 1.1510, time 0.61s
Val 32/150 11/24, Acc: 0.8396, Loss: 1.0804, time 0.44s
Val 32/150 12/24, Acc: 0.7789, Loss: 1.0462, time 0.46s
Val 32/150 13/24, Acc: 0.7575, Loss: 0.9950, time 0.47s
Val 32/150 14/24, Acc: 0.7272, Loss: 0.9722, time 0.50s
Val 32/150 15/24, Acc: 0.7398, Loss: 0.9355, time 0.44s
Val 32/150 16/24, Acc: 0.7561, Loss: 0.8850, time 0.42s
Val 32/150 17/24, Acc: 0.7704, Loss: 0.8437, time 0.48s
Val 32/150 18/24, Acc: 0.7693, Loss: 0.8317, time 0.46s
Val 32/150 19/24, Acc: 0.7709, Loss: 0.8128, time 0.45s
Val 32/150 20/24, Acc: 0.7601, Loss: 0.7990, time 0.46s
Val 32/150 21/24, Acc: 0.7716, Loss: 0.7681, time 0.45s
Val 32/150 22/24, Acc: 0.7668, Loss: 0.7585, time 0.53s
Val 32/150 23/24, Acc: 0.7552, Loss: 0.7645, time 0.47s
Val 32/150 24/24, Acc: 0.7654, Loss: 0.7527, time 0.48s
[Val epoch 32] avg_acc=0.7654 | avg_loss=0.7527 | per-class [c0: 0.800, c1: 0.750, c2: 0.864]
Final validation 32/150, Val_acc: 0.7654, time 11.34sAccuracy: 0.826
class                  precision    recall   specificity      f1   support
--------------------------------------------------------------------------
0                          0.918     0.800         0.932   0.855        70
1                          0.462     0.750         0.949   0.571         8
2                          0.814     0.864         0.833   0.838        66
*========================================*
Saving checkpoint outputs/OrganoidsINRIA_reduced/resnet18/2025-11-17-16-11/training/model_final.pt
[EarlyStopping] no improve (5/40)
[EarlyStopping] no improve (4/40)
0 Mon Nov 17 17:11:33 2025 Epoch: 33
Epoch: 33/150 Iter: 1/96 loss: 0.4613 acc: 0.8333 time 2.83s
Epoch: 33/150 Iter: 2/96 loss: 0.6255 acc: 0.6667 time 1.46s
Epoch: 33/150 Iter: 3/96 loss: 0.6195 acc: 0.5833 time 0.92s
Epoch: 33/150 Iter: 4/96 loss: 0.6725 acc: 0.6125 time 0.93s
Epoch: 33/150 Iter: 5/96 loss: 0.6166 acc: 0.6067 time 0.86s
Epoch: 33/150 Iter: 6/96 loss: 0.6673 acc: 0.5472 time 1.49s
Epoch: 33/150 Iter: 7/96 loss: 0.6719 acc: 0.5940 time 1.49s
Epoch: 33/150 Iter: 8/96 loss: 0.6902 acc: 0.6135 time 1.46s
Epoch: 33/150 Iter: 9/96 loss: 0.6600 acc: 0.6441 time 0.89s
Epoch: 33/150 Iter: 10/96 loss: 0.6697 acc: 0.6131 time 0.86s
Epoch: 33/150 Iter: 11/96 loss: 0.6625 acc: 0.6369 time 0.73s
Epoch: 33/150 Iter: 12/96 loss: 0.6516 acc: 0.6602 time 0.77s
Epoch: 33/150 Iter: 13/96 loss: 0.6349 acc: 0.6350 time 0.93s
Epoch: 33/150 Iter: 14/96 loss: 0.5997 acc: 0.6611 time 0.91s
Epoch: 33/150 Iter: 15/96 loss: 0.5790 acc: 0.6837 time 1.43s
Epoch: 33/150 Iter: 16/96 loss: 0.5770 acc: 0.6931 time 1.45s
Epoch: 33/150 Iter: 17/96 loss: 0.5598 acc: 0.7038 time 1.47s
Epoch: 33/150 Iter: 18/96 loss: 0.5793 acc: 0.7017 time 1.47s
Epoch: 33/150 Iter: 19/96 loss: 0.5979 acc: 0.6893 time 0.85s
Epoch: 33/150 Iter: 20/96 loss: 0.6151 acc: 0.6882 time 0.93s
Epoch: 33/150 Iter: 21/96 loss: 0.6174 acc: 0.6766 time 0.90s
Epoch: 33/150 Iter: 22/96 loss: 0.6117 acc: 0.6787 time 0.78s
Epoch: 33/150 Iter: 23/96 loss: 0.6137 acc: 0.6607 time 0.77s
Epoch: 33/150 Iter: 24/96 loss: 0.6302 acc: 0.6506 time 0.88s
Epoch: 33/150 Iter: 25/96 loss: 0.6229 acc: 0.6534 time 0.79s
Epoch: 33/150 Iter: 26/96 loss: 0.6153 acc: 0.6625 time 1.48s
Epoch: 33/150 Iter: 27/96 loss: 0.6176 acc: 0.6611 time 1.46s
Epoch: 33/150 Iter: 28/96 loss: 0.6258 acc: 0.6661 time 1.46s
Epoch: 33/150 Iter: 29/96 loss: 0.6109 acc: 0.6776 time 0.92s
Epoch: 33/150 Iter: 30/96 loss: 0.6098 acc: 0.6698 time 0.91s
Epoch: 33/150 Iter: 31/96 loss: 0.6037 acc: 0.6625 time 1.44s
Epoch: 33/150 Iter: 32/96 loss: 0.6005 acc: 0.6549 time 0.93s
Epoch: 33/150 Iter: 33/96 loss: 0.5921 acc: 0.6527 time 0.88s
Epoch: 33/150 Iter: 34/96 loss: 0.5891 acc: 0.6498 time 0.86s
Epoch: 33/150 Iter: 35/96 loss: 0.5919 acc: 0.6432 time 0.87s
Epoch: 33/150 Iter: 36/96 loss: 0.5794 acc: 0.6531 time 0.77s
Epoch: 33/150 Iter: 37/96 loss: 0.5744 acc: 0.6602 time 0.82s
Epoch: 33/150 Iter: 38/96 loss: 0.5621 acc: 0.6692 time 1.44s
Epoch: 33/150 Iter: 39/96 loss: 0.5687 acc: 0.6605 time 1.46s
Epoch: 33/150 Iter: 40/96 loss: 0.5879 acc: 0.6565 time 0.88s
Epoch: 33/150 Iter: 41/96 loss: 0.5818 acc: 0.6649 time 0.95s
Epoch: 33/150 Iter: 42/96 loss: 0.5930 acc: 0.6570 time 0.80s
Epoch: 33/150 Iter: 43/96 loss: 0.5983 acc: 0.6541 time 0.75s
Epoch: 33/150 Iter: 44/96 loss: 0.5945 acc: 0.6525 time 0.90s
Epoch: 33/150 Iter: 45/96 loss: 0.5840 acc: 0.6602 time 1.44s
Epoch: 33/150 Iter: 46/96 loss: 0.5861 acc: 0.6633 time 1.44s
Epoch: 33/150 Iter: 47/96 loss: 0.5859 acc: 0.6619 time 1.40s
Epoch: 33/150 Iter: 48/96 loss: 0.5840 acc: 0.6655 time 0.75s
Epoch: 33/150 Iter: 49/96 loss: 0.5794 acc: 0.6698 time 0.79s
Epoch: 33/150 Iter: 50/96 loss: 0.5909 acc: 0.6664 time 1.48s
Epoch: 33/150 Iter: 51/96 loss: 0.5863 acc: 0.6642 time 0.76s
Epoch: 33/150 Iter: 52/96 loss: 0.5918 acc: 0.6595 time 0.78s
Epoch: 33/150 Iter: 53/96 loss: 0.5945 acc: 0.6640 time 0.79s
Epoch: 33/150 Iter: 54/96 loss: 0.5932 acc: 0.6671 time 1.46s
Epoch: 33/150 Iter: 55/96 loss: 0.5962 acc: 0.6598 time 0.88s
Epoch: 33/150 Iter: 56/96 loss: 0.5913 acc: 0.6560 time 1.45s
Epoch: 33/150 Iter: 57/96 loss: 0.5842 acc: 0.6620 time 1.45s
Epoch: 33/150 Iter: 58/96 loss: 0.5863 acc: 0.6636 time 0.78s
Epoch: 33/150 Iter: 59/96 loss: 0.5836 acc: 0.6622 time 0.86s
Epoch: 33/150 Iter: 60/96 loss: 0.5787 acc: 0.6609 time 0.90s
Epoch: 33/150 Iter: 61/96 loss: 0.5797 acc: 0.6651 time 0.96s
Epoch: 33/150 Iter: 62/96 loss: 0.5780 acc: 0.6615 time 0.96s
Epoch: 33/150 Iter: 63/96 loss: 0.5802 acc: 0.6552 time 1.48s
Epoch: 33/150 Iter: 64/96 loss: 0.5899 acc: 0.6515 time 1.46s
Epoch: 33/150 Iter: 65/96 loss: 0.5943 acc: 0.6441 time 1.47s
Epoch: 33/150 Iter: 66/96 loss: 0.5907 acc: 0.6457 time 0.93s
Epoch: 33/150 Iter: 67/96 loss: 0.5981 acc: 0.6454 time 0.90s
Epoch: 33/150 Iter: 68/96 loss: 0.6047 acc: 0.6476 time 1.47s
Epoch: 33/150 Iter: 69/96 loss: 0.6046 acc: 0.6503 time 0.87s
Epoch: 33/150 Iter: 70/96 loss: 0.6026 acc: 0.6529 time 0.79s
Epoch: 33/150 Iter: 71/96 loss: 0.6018 acc: 0.6525 time 0.77s
Epoch: 33/150 Iter: 72/96 loss: 0.6001 acc: 0.6509 time 1.47s
Epoch: 33/150 Iter: 73/96 loss: 0.5991 acc: 0.6488 time 0.87s
Epoch: 33/150 Iter: 74/96 loss: 0.5950 acc: 0.6536 time 0.88s
Epoch: 33/150 Iter: 75/96 loss: 0.5894 acc: 0.6582 time 0.78s
Epoch: 33/150 Iter: 76/96 loss: 0.5867 acc: 0.6627 time 1.51s
Epoch: 33/150 Iter: 77/96 loss: 0.5928 acc: 0.6645 time 0.88s
Epoch: 33/150 Iter: 78/96 loss: 0.5876 acc: 0.6688 time 0.78s
Epoch: 33/150 Iter: 79/96 loss: 0.5840 acc: 0.6730 time 0.89s
Epoch: 33/150 Iter: 80/96 loss: 0.5802 acc: 0.6750 time 1.48s
Epoch: 33/150 Iter: 81/96 loss: 0.5817 acc: 0.6769 time 1.46s
Epoch: 33/150 Iter: 82/96 loss: 0.5774 acc: 0.6809 time 0.96s
Epoch: 33/150 Iter: 83/96 loss: 0.5772 acc: 0.6817 time 0.79s
Epoch: 33/150 Iter: 84/96 loss: 0.5731 acc: 0.6840 time 0.81s
Epoch: 33/150 Iter: 85/96 loss: 0.5684 acc: 0.6877 time 0.70s
Epoch: 33/150 Iter: 86/96 loss: 0.5773 acc: 0.6855 time 0.82s
Epoch: 33/150 Iter: 87/96 loss: 0.5748 acc: 0.6872 time 0.73s
Epoch: 33/150 Iter: 88/96 loss: 0.5692 acc: 0.6908 time 1.43s
Epoch: 33/150 Iter: 89/96 loss: 0.5665 acc: 0.6924 time 1.41s
Epoch: 33/150 Iter: 90/96 loss: 0.5642 acc: 0.6940 time 0.74s
Epoch: 33/150 Iter: 91/96 loss: 0.5659 acc: 0.6918 time 0.94s
Epoch: 33/150 Iter: 92/96 loss: 0.5658 acc: 0.6943 time 1.45s
Epoch: 33/150 Iter: 93/96 loss: 0.5628 acc: 0.6976 time 0.79s
Epoch: 33/150 Iter: 94/96 loss: 0.5576 acc: 0.7008 time 0.69s
Epoch: 33/150 Iter: 95/96 loss: 0.5593 acc: 0.7004 time 0.86s
Epoch: 33/150 Iter: 96/96 loss: 0.5560 acc: 0.7035 time 0.80s
[Train epoch 33] avg_loss=0.5560 avg_acc=0.7035 | per-class [c0: 0.758, c1: 0.700, c2: 0.789]
Final training 33/150, loss: 0.5560, time 102.64s, lr: 0.073349
Accuracy: 0.769
class                  precision    recall   specificity      f1   support
--------------------------------------------------------------------------
0                          0.852     0.758         0.875   0.802       281
1                          0.296     0.700         0.908   0.416        30
2                          0.820     0.789         0.852   0.804       265
*----------------------------------------*
0 Mon Nov 17 17:13:16 2025 Epoch: 34
Epoch: 34/150 Iter: 1/96 loss: 0.6251 acc: 0.6667 time 1.67s
Epoch: 34/150 Iter: 2/96 loss: 0.4010 acc: 0.8333 time 0.85s
Epoch: 34/150 Iter: 3/96 loss: 0.4466 acc: 0.7037 time 0.95s
Epoch: 34/150 Iter: 4/96 loss: 0.5119 acc: 0.6319 time 0.82s
Epoch: 34/150 Iter: 5/96 loss: 0.5436 acc: 0.5944 time 0.74s
Epoch: 34/150 Iter: 6/96 loss: 0.4931 acc: 0.6620 time 0.72s
Epoch: 34/150 Iter: 7/96 loss: 0.4777 acc: 0.6960 time 1.39s
Epoch: 34/150 Iter: 8/96 loss: 0.4750 acc: 0.7028 time 0.87s
Epoch: 34/150 Iter: 9/96 loss: 0.4617 acc: 0.6864 time 0.85s
Epoch: 34/150 Iter: 10/96 loss: 0.4427 acc: 0.6733 time 0.90s
Epoch: 34/150 Iter: 11/96 loss: 0.4355 acc: 0.6879 time 1.43s
Epoch: 34/150 Iter: 12/96 loss: 0.4626 acc: 0.6931 time 0.79s
Epoch: 34/150 Iter: 13/96 loss: 0.4553 acc: 0.6825 time 0.92s
Epoch: 34/150 Iter: 14/96 loss: 0.4312 acc: 0.7052 time 0.79s
Epoch: 34/150 Iter: 15/96 loss: 0.4567 acc: 0.6937 time 1.47s
Epoch: 34/150 Iter: 16/96 loss: 0.4562 acc: 0.7128 time 0.73s
Epoch: 34/150 Iter: 17/96 loss: 0.4573 acc: 0.6905 time 0.82s
Epoch: 34/150 Iter: 18/96 loss: 0.4724 acc: 0.6753 time 1.42s
Epoch: 34/150 Iter: 19/96 loss: 0.4631 acc: 0.6705 time 1.45s
Epoch: 34/150 Iter: 20/96 loss: 0.4520 acc: 0.6869 time 0.90s
Epoch: 34/150 Iter: 21/96 loss: 0.4434 acc: 0.7019 time 1.40s
Epoch: 34/150 Iter: 22/96 loss: 0.4433 acc: 0.7104 time 0.77s
Epoch: 34/150 Iter: 23/96 loss: 0.4654 acc: 0.7085 time 0.92s
Epoch: 34/150 Iter: 24/96 loss: 0.4854 acc: 0.7032 time 0.79s
Epoch: 34/150 Iter: 25/96 loss: 0.4913 acc: 0.7051 time 0.95s
Epoch: 34/150 Iter: 26/96 loss: 0.4985 acc: 0.6940 time 1.42s
Epoch: 34/150 Iter: 27/96 loss: 0.4995 acc: 0.6848 time 1.42s
Epoch: 34/150 Iter: 28/96 loss: 0.4918 acc: 0.6871 time 0.75s
Epoch: 34/150 Iter: 29/96 loss: 0.4975 acc: 0.6910 time 0.74s
Epoch: 34/150 Iter: 30/96 loss: 0.4995 acc: 0.6846 time 0.84s
Epoch: 34/150 Iter: 31/96 loss: 0.4947 acc: 0.6884 time 0.76s
Epoch: 34/150 Iter: 32/96 loss: 0.5063 acc: 0.6773 time 1.46s
Epoch: 34/150 Iter: 33/96 loss: 0.5029 acc: 0.6749 time 0.90s
Epoch: 34/150 Iter: 34/96 loss: 0.4931 acc: 0.6845 time 0.77s
Epoch: 34/150 Iter: 35/96 loss: 0.4909 acc: 0.6802 time 0.93s
Epoch: 34/150 Iter: 36/96 loss: 0.5103 acc: 0.6717 time 0.75s
Epoch: 34/150 Iter: 37/96 loss: 0.5145 acc: 0.6693 time 1.46s
Epoch: 34/150 Iter: 38/96 loss: 0.5215 acc: 0.6747 time 0.86s
Epoch: 34/150 Iter: 39/96 loss: 0.5205 acc: 0.6802 time 0.90s
Epoch: 34/150 Iter: 40/96 loss: 0.5127 acc: 0.6882 time 1.45s
Epoch: 34/150 Iter: 41/96 loss: 0.5108 acc: 0.6934 time 1.42s
Epoch: 34/150 Iter: 42/96 loss: 0.5138 acc: 0.6927 time 1.43s
Epoch: 34/150 Iter: 43/96 loss: 0.5358 acc: 0.6895 time 0.94s
Epoch: 34/150 Iter: 44/96 loss: 0.5498 acc: 0.6865 time 0.77s
Epoch: 34/150 Iter: 45/96 loss: 0.5486 acc: 0.6831 time 0.93s
Epoch: 34/150 Iter: 46/96 loss: 0.5441 acc: 0.6900 time 0.93s
Epoch: 34/150 Iter: 47/96 loss: 0.5490 acc: 0.6824 time 1.47s
Epoch: 34/150 Iter: 48/96 loss: 0.5552 acc: 0.6774 time 0.77s
Epoch: 34/150 Iter: 49/96 loss: 0.5609 acc: 0.6727 time 1.46s
Epoch: 34/150 Iter: 50/96 loss: 0.5581 acc: 0.6709 time 1.47s
Epoch: 34/150 Iter: 51/96 loss: 0.5548 acc: 0.6752 time 1.43s
Epoch: 34/150 Iter: 52/96 loss: 0.5500 acc: 0.6814 time 1.44s
Epoch: 34/150 Iter: 53/96 loss: 0.5533 acc: 0.6836 time 1.43s
Epoch: 34/150 Iter: 54/96 loss: 0.5453 acc: 0.6895 time 1.47s
Epoch: 34/150 Iter: 55/96 loss: 0.5432 acc: 0.6931 time 0.90s
Epoch: 34/150 Iter: 56/96 loss: 0.5471 acc: 0.6971 time 1.42s
Epoch: 34/150 Iter: 57/96 loss: 0.5466 acc: 0.6981 time 1.37s
Epoch: 34/150 Iter: 58/96 loss: 0.5416 acc: 0.7004 time 1.45s
Epoch: 34/150 Iter: 59/96 loss: 0.5401 acc: 0.7026 time 0.80s
Epoch: 34/150 Iter: 60/96 loss: 0.5374 acc: 0.7059 time 0.79s
Epoch: 34/150 Iter: 61/96 loss: 0.5409 acc: 0.6998 time 0.89s
Epoch: 34/150 Iter: 62/96 loss: 0.5369 acc: 0.6975 time 0.80s
Epoch: 34/150 Iter: 63/96 loss: 0.5410 acc: 0.6938 time 0.87s
Epoch: 34/150 Iter: 64/96 loss: 0.5420 acc: 0.6947 time 0.86s
Epoch: 34/150 Iter: 65/96 loss: 0.5376 acc: 0.6968 time 1.38s
Epoch: 34/150 Iter: 66/96 loss: 0.5468 acc: 0.6896 time 1.43s
Epoch: 34/150 Iter: 67/96 loss: 0.5475 acc: 0.6873 time 0.80s
Epoch: 34/150 Iter: 68/96 loss: 0.5439 acc: 0.6907 time 1.47s
Epoch: 34/150 Iter: 69/96 loss: 0.5488 acc: 0.6855 time 1.42s
Epoch: 34/150 Iter: 70/96 loss: 0.5469 acc: 0.6840 time 0.93s
Epoch: 34/150 Iter: 71/96 loss: 0.5418 acc: 0.6885 time 1.46s
Epoch: 34/150 Iter: 72/96 loss: 0.5383 acc: 0.6894 time 0.86s
Epoch: 34/150 Iter: 73/96 loss: 0.5410 acc: 0.6885 time 0.81s
Epoch: 34/150 Iter: 74/96 loss: 0.5476 acc: 0.6864 time 0.84s
Epoch: 34/150 Iter: 75/96 loss: 0.5454 acc: 0.6883 time 0.93s
Epoch: 34/150 Iter: 76/96 loss: 0.5437 acc: 0.6908 time 1.40s
Epoch: 34/150 Iter: 77/96 loss: 0.5449 acc: 0.6876 time 0.86s
Epoch: 34/150 Iter: 78/96 loss: 0.5527 acc: 0.6839 time 0.89s
Epoch: 34/150 Iter: 79/96 loss: 0.5587 acc: 0.6837 time 1.47s
Epoch: 34/150 Iter: 80/96 loss: 0.5639 acc: 0.6821 time 1.47s
Epoch: 34/150 Iter: 81/96 loss: 0.5685 acc: 0.6798 time 0.71s
Epoch: 34/150 Iter: 82/96 loss: 0.5625 acc: 0.6837 time 1.36s
Epoch: 34/150 Iter: 83/96 loss: 0.5666 acc: 0.6851 time 0.68s
Epoch: 34/150 Iter: 84/96 loss: 0.5624 acc: 0.6889 time 0.75s
Epoch: 34/150 Iter: 85/96 loss: 0.5645 acc: 0.6906 time 0.78s
Epoch: 34/150 Iter: 86/96 loss: 0.5595 acc: 0.6942 time 1.38s
Epoch: 34/150 Iter: 87/96 loss: 0.5598 acc: 0.6963 time 1.37s
Epoch: 34/150 Iter: 88/96 loss: 0.5588 acc: 0.6947 time 0.75s
Epoch: 34/150 Iter: 89/96 loss: 0.5568 acc: 0.6931 time 1.41s
Epoch: 34/150 Iter: 90/96 loss: 0.5559 acc: 0.6923 time 1.43s
Epoch: 34/150 Iter: 91/96 loss: 0.5646 acc: 0.6877 time 1.38s
Epoch: 34/150 Iter: 92/96 loss: 0.5614 acc: 0.6911 time 0.70s
Epoch: 34/150 Iter: 93/96 loss: 0.5576 acc: 0.6944 time 1.42s
Epoch: 34/150 Iter: 94/96 loss: 0.5536 acc: 0.6976 time 1.41s
Epoch: 34/150 Iter: 95/96 loss: 0.5540 acc: 0.6973 time 0.76s
Epoch: 34/150 Iter: 96/96 loss: 0.5513 acc: 0.6935 time 0.72s
[Train epoch 34] avg_loss=0.5513 avg_acc=0.6935 | per-class [c0: 0.758, c1: 0.700, c2: 0.785]
Final training 34/150, loss: 0.5513, time 103.75s, lr: 0.072862
Accuracy: 0.767
class                  precision    recall   specificity      f1   support
--------------------------------------------------------------------------
0                          0.845     0.758         0.868   0.799       281
1                          0.296     0.700         0.908   0.416        30
2                          0.822     0.785         0.855   0.803       265
*----------------------------------------*
Val 34/150 1/24, Acc: 0.5000, Loss: 6.3579, time 0.42s
Val 34/150 2/24, Acc: 0.5278, Loss: 3.3183, time 0.42s
Val 34/150 3/24, Acc: 0.5185, Loss: 2.6637, time 0.43s
Val 34/150 4/24, Acc: 0.5139, Loss: 2.0922, time 0.44s
Val 34/150 5/24, Acc: 0.5861, Loss: 1.7616, time 0.52s
Val 34/150 6/24, Acc: 0.5718, Loss: 1.5235, time 0.52s
Val 34/150 7/24, Acc: 0.5734, Loss: 1.3659, time 0.45s
Val 34/150 8/24, Acc: 0.5538, Loss: 1.2867, time 0.43s
Val 34/150 9/24, Acc: 0.6034, Loss: 1.1650, time 0.42s
Val 34/150 10/24, Acc: 0.6231, Loss: 1.0885, time 0.56s
Val 34/150 11/24, Acc: 0.6321, Loss: 1.0439, time 0.40s
Val 34/150 12/24, Acc: 0.5887, Loss: 1.0552, time 0.47s
Val 34/150 13/24, Acc: 0.6203, Loss: 0.9890, time 0.46s
Val 34/150 14/24, Acc: 0.5938, Loss: 0.9918, time 0.43s
Val 34/150 15/24, Acc: 0.5987, Loss: 0.9471, time 0.41s
Val 34/150 16/24, Acc: 0.6175, Loss: 0.9108, time 0.42s
Val 34/150 17/24, Acc: 0.6400, Loss: 0.8640, time 0.48s
Val 34/150 18/24, Acc: 0.6230, Loss: 0.8719, time 0.44s
Val 34/150 19/24, Acc: 0.6148, Loss: 0.8744, time 0.45s
Val 34/150 20/24, Acc: 0.6063, Loss: 0.8622, time 0.46s
Val 34/150 21/24, Acc: 0.6250, Loss: 0.8294, time 0.45s
Val 34/150 22/24, Acc: 0.6168, Loss: 0.8245, time 0.53s
Val 34/150 23/24, Acc: 0.6069, Loss: 0.8386, time 0.41s
Val 34/150 24/24, Acc: 0.6233, Loss: 0.8140, time 0.40s
[Val epoch 34] avg_acc=0.6233 | avg_loss=0.8140 | per-class [c0: 0.586, c1: 0.500, c2: 0.909]
Final validation 34/150, Val_acc: 0.6233, time 10.84sAccuracy: 0.729
class                  precision    recall   specificity      f1   support
--------------------------------------------------------------------------
0                          0.976     0.586         0.986   0.732        70
1                          0.182     0.500         0.868   0.267         8
2                          0.750     0.909         0.744   0.822        66
*========================================*
Saving checkpoint outputs/OrganoidsINRIA_reduced/resnet18/2025-11-17-16-11/training/model_final.pt
[EarlyStopping] no improve (6/40)
[EarlyStopping] no improve (5/40)
0 Mon Nov 17 17:15:15 2025 Epoch: 35
Epoch: 35/150 Iter: 1/96 loss: 0.4614 acc: 0.8750 time 2.46s
Epoch: 35/150 Iter: 2/96 loss: 0.4950 acc: 0.7708 time 0.79s
Epoch: 35/150 Iter: 3/96 loss: 0.4545 acc: 0.8139 time 1.42s
Epoch: 35/150 Iter: 4/96 loss: 0.5845 acc: 0.6382 time 0.92s
Epoch: 35/150 Iter: 5/96 loss: 0.5414 acc: 0.6272 time 1.44s
Epoch: 35/150 Iter: 6/96 loss: 0.5224 acc: 0.6153 time 0.94s
Epoch: 35/150 Iter: 7/96 loss: 0.5934 acc: 0.5750 time 0.77s
Epoch: 35/150 Iter: 8/96 loss: 0.5805 acc: 0.6281 time 1.46s
Epoch: 35/150 Iter: 9/96 loss: 0.5682 acc: 0.6201 time 0.77s
Epoch: 35/150 Iter: 10/96 loss: 0.5299 acc: 0.6581 time 1.44s
Epoch: 35/150 Iter: 11/96 loss: 0.4966 acc: 0.6891 time 0.79s
Epoch: 35/150 Iter: 12/96 loss: 0.4943 acc: 0.6688 time 0.78s
Epoch: 35/150 Iter: 13/96 loss: 0.5239 acc: 0.6344 time 0.78s
Epoch: 35/150 Iter: 14/96 loss: 0.5310 acc: 0.6248 time 0.87s
Epoch: 35/150 Iter: 15/96 loss: 0.5114 acc: 0.6202 time 0.74s
Epoch: 35/150 Iter: 16/96 loss: 0.5166 acc: 0.6314 time 1.45s
Epoch: 35/150 Iter: 17/96 loss: 0.5093 acc: 0.6335 time 0.78s
Epoch: 35/150 Iter: 18/96 loss: 0.5017 acc: 0.6215 time 0.78s
Epoch: 35/150 Iter: 19/96 loss: 0.4932 acc: 0.6414 time 0.85s
Epoch: 35/150 Iter: 20/96 loss: 0.5272 acc: 0.6288 time 1.41s
Epoch: 35/150 Iter: 21/96 loss: 0.5163 acc: 0.6464 time 0.75s
Epoch: 35/150 Iter: 22/96 loss: 0.5146 acc: 0.6455 time 0.79s
Epoch: 35/150 Iter: 23/96 loss: 0.4991 acc: 0.6609 time 0.77s
Epoch: 35/150 Iter: 24/96 loss: 0.4946 acc: 0.6542 time 0.90s
Epoch: 35/150 Iter: 25/96 loss: 0.5305 acc: 0.6547 time 0.79s
Epoch: 35/150 Iter: 26/96 loss: 0.5196 acc: 0.6679 time 0.80s
Epoch: 35/150 Iter: 27/96 loss: 0.5103 acc: 0.6802 time 1.45s
Epoch: 35/150 Iter: 28/96 loss: 0.5026 acc: 0.6917 time 0.74s
Epoch: 35/150 Iter: 29/96 loss: 0.4991 acc: 0.6980 time 1.48s
Epoch: 35/150 Iter: 30/96 loss: 0.5092 acc: 0.6858 time 1.46s
Epoch: 35/150 Iter: 31/96 loss: 0.5081 acc: 0.6852 time 0.78s
Epoch: 35/150 Iter: 32/96 loss: 0.5071 acc: 0.6721 time 0.80s
Epoch: 35/150 Iter: 33/96 loss: 0.5051 acc: 0.6787 time 0.90s
Epoch: 35/150 Iter: 34/96 loss: 0.5173 acc: 0.6793 time 0.84s
Epoch: 35/150 Iter: 35/96 loss: 0.5211 acc: 0.6718 time 0.75s
Epoch: 35/150 Iter: 36/96 loss: 0.5346 acc: 0.6671 time 1.44s
Epoch: 35/150 Iter: 37/96 loss: 0.5286 acc: 0.6648 time 0.90s
Epoch: 35/150 Iter: 38/96 loss: 0.5375 acc: 0.6561 time 0.95s
Epoch: 35/150 Iter: 39/96 loss: 0.5460 acc: 0.6506 time 1.45s
Epoch: 35/150 Iter: 40/96 loss: 0.5404 acc: 0.6594 time 1.44s
Epoch: 35/150 Iter: 41/96 loss: 0.5388 acc: 0.6652 time 0.79s
Epoch: 35/150 Iter: 42/96 loss: 0.5318 acc: 0.6732 time 1.45s
Epoch: 35/150 Iter: 43/96 loss: 0.5344 acc: 0.6627 time 1.45s
Epoch: 35/150 Iter: 44/96 loss: 0.5359 acc: 0.6590 time 1.44s
Epoch: 35/150 Iter: 45/96 loss: 0.5427 acc: 0.6592 time 1.45s
Epoch: 35/150 Iter: 46/96 loss: 0.5480 acc: 0.6585 time 0.88s
Epoch: 35/150 Iter: 47/96 loss: 0.5437 acc: 0.6604 time 1.43s
Epoch: 35/150 Iter: 48/96 loss: 0.5358 acc: 0.6675 time 0.90s
Epoch: 35/150 Iter: 49/96 loss: 0.5493 acc: 0.6618 time 1.47s
Epoch: 35/150 Iter: 50/96 loss: 0.5469 acc: 0.6663 time 1.45s
Epoch: 35/150 Iter: 51/96 loss: 0.5513 acc: 0.6614 time 1.37s
Epoch: 35/150 Iter: 52/96 loss: 0.5531 acc: 0.6583 time 0.74s
Epoch: 35/150 Iter: 53/96 loss: 0.5446 acc: 0.6648 time 1.39s
Epoch: 35/150 Iter: 54/96 loss: 0.5498 acc: 0.6633 time 0.80s
Epoch: 35/150 Iter: 55/96 loss: 0.5567 acc: 0.6583 time 0.80s
Epoch: 35/150 Iter: 56/96 loss: 0.5520 acc: 0.6614 time 1.41s
Epoch: 35/150 Iter: 57/96 loss: 0.5455 acc: 0.6673 time 0.86s
Epoch: 35/150 Iter: 58/96 loss: 0.5472 acc: 0.6688 time 1.44s
Epoch: 35/150 Iter: 59/96 loss: 0.5440 acc: 0.6716 time 1.42s
Epoch: 35/150 Iter: 60/96 loss: 0.5488 acc: 0.6693 time 1.42s
Epoch: 35/150 Iter: 61/96 loss: 0.5566 acc: 0.6624 time 0.88s
Epoch: 35/150 Iter: 62/96 loss: 0.5562 acc: 0.6658 time 1.44s
Epoch: 35/150 Iter: 63/96 loss: 0.5572 acc: 0.6623 time 1.46s
Epoch: 35/150 Iter: 64/96 loss: 0.5522 acc: 0.6676 time 0.85s
Epoch: 35/150 Iter: 65/96 loss: 0.5517 acc: 0.6650 time 0.88s
Epoch: 35/150 Iter: 66/96 loss: 0.5514 acc: 0.6617 time 0.78s
Epoch: 35/150 Iter: 67/96 loss: 0.5483 acc: 0.6642 time 1.44s
Epoch: 35/150 Iter: 68/96 loss: 0.5589 acc: 0.6618 time 0.78s
Epoch: 35/150 Iter: 69/96 loss: 0.5515 acc: 0.6667 time 0.79s
Epoch: 35/150 Iter: 70/96 loss: 0.5576 acc: 0.6631 time 1.43s
Epoch: 35/150 Iter: 71/96 loss: 0.5593 acc: 0.6667 time 0.78s
Epoch: 35/150 Iter: 72/96 loss: 0.5578 acc: 0.6644 time 1.46s
Epoch: 35/150 Iter: 73/96 loss: 0.5553 acc: 0.6633 time 0.79s
Epoch: 35/150 Iter: 74/96 loss: 0.5571 acc: 0.6606 time 1.36s
Epoch: 35/150 Iter: 75/96 loss: 0.5512 acc: 0.6651 time 0.74s
Epoch: 35/150 Iter: 76/96 loss: 0.5548 acc: 0.6630 time 0.77s
Epoch: 35/150 Iter: 77/96 loss: 0.5487 acc: 0.6674 time 0.87s
Epoch: 35/150 Iter: 78/96 loss: 0.5554 acc: 0.6631 time 0.79s
Epoch: 35/150 Iter: 79/96 loss: 0.5534 acc: 0.6617 time 1.48s
Epoch: 35/150 Iter: 80/96 loss: 0.5537 acc: 0.6601 time 1.43s
Epoch: 35/150 Iter: 81/96 loss: 0.5569 acc: 0.6622 time 0.69s
Epoch: 35/150 Iter: 82/96 loss: 0.5608 acc: 0.6599 time 0.71s
Epoch: 35/150 Iter: 83/96 loss: 0.5588 acc: 0.6640 time 1.45s
Epoch: 35/150 Iter: 84/96 loss: 0.5611 acc: 0.6620 time 0.76s
Epoch: 35/150 Iter: 85/96 loss: 0.5616 acc: 0.6608 time 1.37s
Epoch: 35/150 Iter: 86/96 loss: 0.5571 acc: 0.6647 time 0.78s
Epoch: 35/150 Iter: 87/96 loss: 0.5550 acc: 0.6657 time 0.86s
Epoch: 35/150 Iter: 88/96 loss: 0.5503 acc: 0.6695 time 0.77s
Epoch: 35/150 Iter: 89/96 loss: 0.5528 acc: 0.6657 time 1.38s
Epoch: 35/150 Iter: 90/96 loss: 0.5500 acc: 0.6639 time 1.38s
Epoch: 35/150 Iter: 91/96 loss: 0.5538 acc: 0.6607 time 0.78s
Epoch: 35/150 Iter: 92/96 loss: 0.5500 acc: 0.6644 time 0.73s
Epoch: 35/150 Iter: 93/96 loss: 0.5528 acc: 0.6608 time 0.80s
Epoch: 35/150 Iter: 94/96 loss: 0.5568 acc: 0.6597 time 1.37s
Epoch: 35/150 Iter: 95/96 loss: 0.5592 acc: 0.6598 time 1.36s
Epoch: 35/150 Iter: 96/96 loss: 0.5581 acc: 0.6616 time 0.70s
[Train epoch 35] avg_loss=0.5581 avg_acc=0.6616 | per-class [c0: 0.722, c1: 0.621, c2: 0.763]
Final training 35/150, loss: 0.5581, time 103.30s, lr: 0.072361
Accuracy: 0.736
class                  precision    recall   specificity      f1   support
--------------------------------------------------------------------------
0                          0.815     0.722         0.844   0.766       281
1                          0.261     0.621         0.907   0.367        29
2                          0.787     0.763         0.823   0.775       266
*----------------------------------------*
0 Mon Nov 17 17:16:58 2025 Epoch: 36
Epoch: 36/150 Iter: 1/96 loss: 0.4137 acc: 0.8750 time 2.91s
Epoch: 36/150 Iter: 2/96 loss: 0.4092 acc: 0.8750 time 1.42s
Epoch: 36/150 Iter: 3/96 loss: 0.4073 acc: 0.8750 time 0.89s
Epoch: 36/150 Iter: 4/96 loss: 0.5058 acc: 0.7951 time 0.88s
Epoch: 36/150 Iter: 5/96 loss: 0.4958 acc: 0.8111 time 0.88s
Epoch: 36/150 Iter: 6/96 loss: 0.5242 acc: 0.8148 time 1.45s
Epoch: 36/150 Iter: 7/96 loss: 0.4885 acc: 0.8056 time 0.81s
Epoch: 36/150 Iter: 8/96 loss: 0.5236 acc: 0.7715 time 1.43s
Epoch: 36/150 Iter: 9/96 loss: 0.5687 acc: 0.7228 time 0.91s
Epoch: 36/150 Iter: 10/96 loss: 0.5508 acc: 0.7339 time 1.41s
Epoch: 36/150 Iter: 11/96 loss: 0.5580 acc: 0.7096 time 0.75s
Epoch: 36/150 Iter: 12/96 loss: 0.5660 acc: 0.6782 time 1.35s
Epoch: 36/150 Iter: 13/96 loss: 0.5692 acc: 0.6603 time 0.88s
Epoch: 36/150 Iter: 14/96 loss: 0.5618 acc: 0.6607 time 1.40s
Epoch: 36/150 Iter: 15/96 loss: 0.5381 acc: 0.6833 time 0.77s
Epoch: 36/150 Iter: 16/96 loss: 0.5169 acc: 0.7031 time 1.47s
Epoch: 36/150 Iter: 17/96 loss: 0.5089 acc: 0.7147 time 0.89s
Epoch: 36/150 Iter: 18/96 loss: 0.5137 acc: 0.7213 time 1.43s
Epoch: 36/150 Iter: 19/96 loss: 0.5258 acc: 0.7079 time 1.44s
Epoch: 36/150 Iter: 20/96 loss: 0.5148 acc: 0.6975 time 0.78s
Epoch: 36/150 Iter: 21/96 loss: 0.4999 acc: 0.7119 time 0.78s
Epoch: 36/150 Iter: 22/96 loss: 0.5056 acc: 0.7098 time 0.77s
Epoch: 36/150 Iter: 23/96 loss: 0.5229 acc: 0.7080 time 0.86s
Epoch: 36/150 Iter: 24/96 loss: 0.5237 acc: 0.7118 time 0.79s
Epoch: 36/150 Iter: 25/96 loss: 0.5253 acc: 0.7056 time 0.76s
Epoch: 36/150 Iter: 26/96 loss: 0.5357 acc: 0.7105 time 0.85s
Epoch: 36/150 Iter: 27/96 loss: 0.5325 acc: 0.7058 time 1.47s
Epoch: 36/150 Iter: 28/96 loss: 0.5196 acc: 0.7163 time 0.82s
Epoch: 36/150 Iter: 29/96 loss: 0.5174 acc: 0.7174 time 0.81s
Epoch: 36/150 Iter: 30/96 loss: 0.5234 acc: 0.7157 time 0.81s
Epoch: 36/150 Iter: 31/96 loss: 0.5147 acc: 0.7168 time 0.94s
Epoch: 36/150 Iter: 32/96 loss: 0.5211 acc: 0.7083 time 0.89s
Epoch: 36/150 Iter: 33/96 loss: 0.5204 acc: 0.7172 time 1.41s
Epoch: 36/150 Iter: 34/96 loss: 0.5087 acc: 0.7255 time 0.75s
Epoch: 36/150 Iter: 35/96 loss: 0.5216 acc: 0.7190 time 1.44s
Epoch: 36/150 Iter: 36/96 loss: 0.5181 acc: 0.7157 time 0.78s
Epoch: 36/150 Iter: 37/96 loss: 0.5127 acc: 0.7099 time 1.43s
Epoch: 36/150 Iter: 38/96 loss: 0.5102 acc: 0.7102 time 0.85s
Epoch: 36/150 Iter: 39/96 loss: 0.5040 acc: 0.7134 time 0.88s
Epoch: 36/150 Iter: 40/96 loss: 0.5016 acc: 0.7081 time 1.49s
Epoch: 36/150 Iter: 41/96 loss: 0.4957 acc: 0.7152 time 0.77s
Epoch: 36/150 Iter: 42/96 loss: 0.4939 acc: 0.7120 time 1.42s
Epoch: 36/150 Iter: 43/96 loss: 0.4887 acc: 0.7084 time 0.90s
Epoch: 36/150 Iter: 44/96 loss: 0.4852 acc: 0.7087 time 0.79s
Epoch: 36/150 Iter: 45/96 loss: 0.4825 acc: 0.7115 time 0.79s
Epoch: 36/150 Iter: 46/96 loss: 0.4852 acc: 0.7141 time 1.42s
Epoch: 36/150 Iter: 47/96 loss: 0.4951 acc: 0.7138 time 0.80s
Epoch: 36/150 Iter: 48/96 loss: 0.4923 acc: 0.7152 time 0.88s
Epoch: 36/150 Iter: 49/96 loss: 0.5022 acc: 0.7115 time 1.47s
Epoch: 36/150 Iter: 50/96 loss: 0.5014 acc: 0.7150 time 1.45s
Epoch: 36/150 Iter: 51/96 loss: 0.4961 acc: 0.7206 time 0.89s
Epoch: 36/150 Iter: 52/96 loss: 0.4977 acc: 0.7144 time 1.39s
Epoch: 36/150 Iter: 53/96 loss: 0.5030 acc: 0.7093 time 0.90s
Epoch: 36/150 Iter: 54/96 loss: 0.5043 acc: 0.7132 time 1.45s
Epoch: 36/150 Iter: 55/96 loss: 0.5047 acc: 0.7111 time 0.76s
Epoch: 36/150 Iter: 56/96 loss: 0.5103 acc: 0.7091 time 1.43s
Epoch: 36/150 Iter: 57/96 loss: 0.5230 acc: 0.7035 time 0.80s
Epoch: 36/150 Iter: 58/96 loss: 0.5228 acc: 0.7065 time 1.43s
Epoch: 36/150 Iter: 59/96 loss: 0.5184 acc: 0.7096 time 0.82s
Epoch: 36/150 Iter: 60/96 loss: 0.5217 acc: 0.7044 time 0.77s
Epoch: 36/150 Iter: 61/96 loss: 0.5203 acc: 0.7010 time 0.79s
Epoch: 36/150 Iter: 62/96 loss: 0.5218 acc: 0.6991 time 0.94s
Epoch: 36/150 Iter: 63/96 loss: 0.5287 acc: 0.6960 time 0.89s
Epoch: 36/150 Iter: 64/96 loss: 0.5281 acc: 0.6916 time 0.77s
Epoch: 36/150 Iter: 65/96 loss: 0.5314 acc: 0.6878 time 0.87s
Epoch: 36/150 Iter: 66/96 loss: 0.5291 acc: 0.6907 time 1.42s
Epoch: 36/150 Iter: 67/96 loss: 0.5325 acc: 0.6923 time 0.82s
Epoch: 36/150 Iter: 68/96 loss: 0.5379 acc: 0.6931 time 1.43s
Epoch: 36/150 Iter: 69/96 loss: 0.5390 acc: 0.6903 time 0.77s
Epoch: 36/150 Iter: 70/96 loss: 0.5364 acc: 0.6924 time 0.77s
Epoch: 36/150 Iter: 71/96 loss: 0.5350 acc: 0.6885 time 1.42s
Epoch: 36/150 Iter: 72/96 loss: 0.5354 acc: 0.6913 time 0.78s
Epoch: 36/150 Iter: 73/96 loss: 0.5302 acc: 0.6955 time 1.40s
Epoch: 36/150 Iter: 74/96 loss: 0.5277 acc: 0.6974 time 0.89s
Epoch: 36/150 Iter: 75/96 loss: 0.5298 acc: 0.6925 time 0.77s
Epoch: 36/150 Iter: 76/96 loss: 0.5251 acc: 0.6966 time 0.79s
Epoch: 36/150 Iter: 77/96 loss: 0.5228 acc: 0.6947 time 1.44s
Epoch: 36/150 Iter: 78/96 loss: 0.5176 acc: 0.6986 time 1.46s
Epoch: 36/150 Iter: 79/96 loss: 0.5132 acc: 0.7025 time 1.47s
Epoch: 36/150 Iter: 80/96 loss: 0.5163 acc: 0.7020 time 0.78s
Epoch: 36/150 Iter: 81/96 loss: 0.5193 acc: 0.7036 time 1.41s
Epoch: 36/150 Iter: 82/96 loss: 0.5176 acc: 0.7062 time 0.82s
Epoch: 36/150 Iter: 83/96 loss: 0.5161 acc: 0.7084 time 1.40s
Epoch: 36/150 Iter: 84/96 loss: 0.5141 acc: 0.7104 time 0.78s
Epoch: 36/150 Iter: 85/96 loss: 0.5144 acc: 0.7075 time 0.71s
Epoch: 36/150 Iter: 86/96 loss: 0.5123 acc: 0.7051 time 0.75s
Epoch: 36/150 Iter: 87/96 loss: 0.5137 acc: 0.7034 time 1.39s
Epoch: 36/150 Iter: 88/96 loss: 0.5094 acc: 0.7068 time 0.81s
Epoch: 36/150 Iter: 89/96 loss: 0.5056 acc: 0.7101 time 0.74s
Epoch: 36/150 Iter: 90/96 loss: 0.5034 acc: 0.7105 time 0.75s
Epoch: 36/150 Iter: 91/96 loss: 0.5033 acc: 0.7115 time 0.73s
Epoch: 36/150 Iter: 92/96 loss: 0.5062 acc: 0.7101 time 0.71s
Epoch: 36/150 Iter: 93/96 loss: 0.5066 acc: 0.7119 time 0.73s
Epoch: 36/150 Iter: 94/96 loss: 0.5032 acc: 0.7123 time 1.41s
Epoch: 36/150 Iter: 95/96 loss: 0.5150 acc: 0.7109 time 1.37s
Epoch: 36/150 Iter: 96/96 loss: 0.5125 acc: 0.7093 time 0.72s
[Train epoch 36] avg_loss=0.5125 avg_acc=0.7093 | per-class [c0: 0.740, c1: 0.833, c2: 0.804]
Final training 36/150, loss: 0.5125, time 101.02s, lr: 0.071844
Accuracy: 0.774
class                  precision    recall   specificity      f1   support
--------------------------------------------------------------------------
0                          0.870     0.740         0.895   0.800       281
1                          0.352     0.833         0.916   0.495        30
2                          0.801     0.804         0.830   0.802       265
*----------------------------------------*
Val 36/150 1/24, Acc: 0.3333, Loss: 13.8206, time 0.41s
Val 36/150 2/24, Acc: 0.4444, Loss: 7.0057, time 0.46s
Val 36/150 3/24, Acc: 0.5185, Loss: 5.1819, time 0.41s
Val 36/150 4/24, Acc: 0.6389, Loss: 3.9217, time 0.40s
Val 36/150 5/24, Acc: 0.7111, Loss: 3.1778, time 0.47s
Val 36/150 6/24, Acc: 0.7593, Loss: 2.6589, time 0.45s
Val 36/150 7/24, Acc: 0.7937, Loss: 2.3023, time 0.46s
Val 36/150 8/24, Acc: 0.7465, Loss: 2.0824, time 0.42s
Val 36/150 9/24, Acc: 0.7747, Loss: 1.8710, time 0.52s
Val 36/150 10/24, Acc: 0.7972, Loss: 1.6925, time 0.49s
Val 36/150 11/24, Acc: 0.8005, Loss: 1.5860, time 0.40s
Val 36/150 12/24, Acc: 0.7546, Loss: 1.5148, time 0.44s
Val 36/150 13/24, Acc: 0.7735, Loss: 1.4084, time 0.54s
Val 36/150 14/24, Acc: 0.7718, Loss: 1.3627, time 0.43s
Val 36/150 15/24, Acc: 0.7815, Loss: 1.2945, time 0.44s
Val 36/150 16/24, Acc: 0.7951, Loss: 1.2210, time 0.44s
Val 36/150 17/24, Acc: 0.8072, Loss: 1.1564, time 0.50s
Val 36/150 18/24, Acc: 0.7971, Loss: 1.1301, time 0.52s
Val 36/150 19/24, Acc: 0.7972, Loss: 1.0960, time 0.50s
Val 36/150 20/24, Acc: 0.7851, Loss: 1.0590, time 0.44s
Val 36/150 21/24, Acc: 0.7954, Loss: 1.0118, time 0.45s
Val 36/150 22/24, Acc: 0.7895, Loss: 0.9926, time 0.53s
Val 36/150 23/24, Acc: 0.7769, Loss: 0.9947, time 0.38s
Val 36/150 24/24, Acc: 0.7862, Loss: 0.9710, time 0.40s
[Val epoch 36] avg_acc=0.7862 | avg_loss=0.9710 | per-class [c0: 0.800, c1: 0.500, c2: 0.909]
Final validation 36/150, Val_acc: 0.7862, time 10.90sAccuracy: 0.833
class                  precision    recall   specificity      f1   support
--------------------------------------------------------------------------
0                          0.933     0.800         0.946   0.862        70
1                          0.571     0.500         0.978   0.533         8
2                          0.779     0.909         0.782   0.839        66
*========================================*
Saving checkpoint outputs/OrganoidsINRIA_reduced/resnet18/2025-11-17-16-11/training/model_final.pt
[EarlyStopping] no improve (7/40)
[EarlyStopping] no improve (6/40)
0 Mon Nov 17 17:18:55 2025 Epoch: 37
Epoch: 37/150 Iter: 1/96 loss: 0.4992 acc: 0.9167 time 1.62s
Epoch: 37/150 Iter: 2/96 loss: 0.6167 acc: 0.6806 time 0.78s
Epoch: 37/150 Iter: 3/96 loss: 0.4697 acc: 0.7870 time 0.92s
Epoch: 37/150 Iter: 4/96 loss: 0.4847 acc: 0.7292 time 0.94s
Epoch: 37/150 Iter: 5/96 loss: 0.4628 acc: 0.7500 time 1.44s
Epoch: 37/150 Iter: 6/96 loss: 0.4863 acc: 0.6944 time 0.80s
Epoch: 37/150 Iter: 7/96 loss: 0.5123 acc: 0.7143 time 0.86s
Epoch: 37/150 Iter: 8/96 loss: 0.5284 acc: 0.7292 time 0.76s
Epoch: 37/150 Iter: 9/96 loss: 0.5108 acc: 0.7469 time 1.46s
Epoch: 37/150 Iter: 10/96 loss: 0.5181 acc: 0.7622 time 0.92s
Epoch: 37/150 Iter: 11/96 loss: 0.4865 acc: 0.7838 time 1.42s
Epoch: 37/150 Iter: 12/96 loss: 0.4690 acc: 0.8019 time 0.86s
Epoch: 37/150 Iter: 13/96 loss: 0.4417 acc: 0.8171 time 0.75s
Epoch: 37/150 Iter: 14/96 loss: 0.5025 acc: 0.7905 time 1.46s
Epoch: 37/150 Iter: 15/96 loss: 0.4856 acc: 0.7978 time 0.96s
Epoch: 37/150 Iter: 16/96 loss: 0.4584 acc: 0.8104 time 0.86s
Epoch: 37/150 Iter: 17/96 loss: 0.4400 acc: 0.8216 time 0.76s
Epoch: 37/150 Iter: 18/96 loss: 0.4283 acc: 0.8315 time 1.44s
Epoch: 37/150 Iter: 19/96 loss: 0.4405 acc: 0.8111 time 1.46s
Epoch: 37/150 Iter: 20/96 loss: 0.4689 acc: 0.7939 time 0.79s
Epoch: 37/150 Iter: 21/96 loss: 0.5133 acc: 0.7783 time 0.79s
Epoch: 37/150 Iter: 22/96 loss: 0.5142 acc: 0.7833 time 0.86s
Epoch: 37/150 Iter: 23/96 loss: 0.5262 acc: 0.7855 time 0.77s
Epoch: 37/150 Iter: 24/96 loss: 0.5087 acc: 0.7944 time 1.38s
Epoch: 37/150 Iter: 25/96 loss: 0.5040 acc: 0.8027 time 0.77s
Epoch: 37/150 Iter: 26/96 loss: 0.4897 acc: 0.8103 time 0.89s
Epoch: 37/150 Iter: 27/96 loss: 0.4967 acc: 0.8080 time 1.43s
Epoch: 37/150 Iter: 28/96 loss: 0.5017 acc: 0.8104 time 1.40s
Epoch: 37/150 Iter: 29/96 loss: 0.4866 acc: 0.8170 time 1.43s
Epoch: 37/150 Iter: 30/96 loss: 0.4878 acc: 0.8231 time 1.43s
Epoch: 37/150 Iter: 31/96 loss: 0.4828 acc: 0.8247 time 0.89s
Epoch: 37/150 Iter: 32/96 loss: 0.4835 acc: 0.8224 time 1.45s
Epoch: 37/150 Iter: 33/96 loss: 0.4732 acc: 0.8278 time 1.47s
Epoch: 37/150 Iter: 34/96 loss: 0.4662 acc: 0.8328 time 1.43s
Epoch: 37/150 Iter: 35/96 loss: 0.4643 acc: 0.8340 time 0.86s
Epoch: 37/150 Iter: 36/96 loss: 0.4996 acc: 0.8248 time 1.45s
Epoch: 37/150 Iter: 37/96 loss: 0.4952 acc: 0.8250 time 0.86s
Epoch: 37/150 Iter: 38/96 loss: 0.4920 acc: 0.8296 time 1.39s
Epoch: 37/150 Iter: 39/96 loss: 0.4851 acc: 0.8297 time 1.40s
Epoch: 37/150 Iter: 40/96 loss: 0.4844 acc: 0.8298 time 1.45s
Epoch: 37/150 Iter: 41/96 loss: 0.4879 acc: 0.8278 time 0.80s
Epoch: 37/150 Iter: 42/96 loss: 0.5044 acc: 0.8161 time 0.93s
Epoch: 37/150 Iter: 43/96 loss: 0.4943 acc: 0.8203 time 1.45s
Epoch: 37/150 Iter: 44/96 loss: 0.5091 acc: 0.8093 time 1.44s
Epoch: 37/150 Iter: 45/96 loss: 0.5089 acc: 0.8098 time 1.36s
Epoch: 37/150 Iter: 46/96 loss: 0.5203 acc: 0.8031 time 0.88s
Epoch: 37/150 Iter: 47/96 loss: 0.5200 acc: 0.7978 time 0.72s
Epoch: 37/150 Iter: 48/96 loss: 0.5173 acc: 0.8020 time 1.45s
Epoch: 37/150 Iter: 49/96 loss: 0.5212 acc: 0.7942 time 0.78s
Epoch: 37/150 Iter: 50/96 loss: 0.5243 acc: 0.7836 time 0.92s
Epoch: 37/150 Iter: 51/96 loss: 0.5262 acc: 0.7770 time 0.90s
Epoch: 37/150 Iter: 52/96 loss: 0.5191 acc: 0.7813 time 0.79s
Epoch: 37/150 Iter: 53/96 loss: 0.5190 acc: 0.7822 time 1.43s
Epoch: 37/150 Iter: 54/96 loss: 0.5176 acc: 0.7780 time 0.88s
Epoch: 37/150 Iter: 55/96 loss: 0.5130 acc: 0.7790 time 1.44s
Epoch: 37/150 Iter: 56/96 loss: 0.5082 acc: 0.7830 time 1.42s
Epoch: 37/150 Iter: 57/96 loss: 0.5028 acc: 0.7848 time 0.76s
Epoch: 37/150 Iter: 58/96 loss: 0.4974 acc: 0.7886 time 1.42s
Epoch: 37/150 Iter: 59/96 loss: 0.4949 acc: 0.7903 time 0.90s
Epoch: 37/150 Iter: 60/96 loss: 0.4954 acc: 0.7863 time 1.45s
Epoch: 37/150 Iter: 61/96 loss: 0.4937 acc: 0.7835 time 1.45s
Epoch: 37/150 Iter: 62/96 loss: 0.4905 acc: 0.7853 time 0.84s
Epoch: 37/150 Iter: 63/96 loss: 0.4934 acc: 0.7799 time 0.79s
Epoch: 37/150 Iter: 64/96 loss: 0.4945 acc: 0.7799 time 0.83s
Epoch: 37/150 Iter: 65/96 loss: 0.4925 acc: 0.7794 time 0.79s
Epoch: 37/150 Iter: 66/96 loss: 0.4927 acc: 0.7803 time 0.80s
Epoch: 37/150 Iter: 67/96 loss: 0.4906 acc: 0.7761 time 0.97s
Epoch: 37/150 Iter: 68/96 loss: 0.4897 acc: 0.7794 time 0.78s
Epoch: 37/150 Iter: 69/96 loss: 0.4864 acc: 0.7793 time 0.90s
Epoch: 37/150 Iter: 70/96 loss: 0.4840 acc: 0.7801 time 0.81s
Epoch: 37/150 Iter: 71/96 loss: 0.4844 acc: 0.7750 time 0.87s
Epoch: 37/150 Iter: 72/96 loss: 0.4800 acc: 0.7764 time 0.77s
Epoch: 37/150 Iter: 73/96 loss: 0.4759 acc: 0.7795 time 0.78s
Epoch: 37/150 Iter: 74/96 loss: 0.4748 acc: 0.7768 time 0.80s
Epoch: 37/150 Iter: 75/96 loss: 0.4762 acc: 0.7753 time 1.46s
Epoch: 37/150 Iter: 76/96 loss: 0.4803 acc: 0.7706 time 0.91s
Epoch: 37/150 Iter: 77/96 loss: 0.4829 acc: 0.7671 time 0.92s
Epoch: 37/150 Iter: 78/96 loss: 0.4783 acc: 0.7701 time 1.41s
Epoch: 37/150 Iter: 79/96 loss: 0.4761 acc: 0.7730 time 0.89s
Epoch: 37/150 Iter: 80/96 loss: 0.4754 acc: 0.7696 time 0.77s
Epoch: 37/150 Iter: 81/96 loss: 0.4721 acc: 0.7693 time 1.42s
Epoch: 37/150 Iter: 82/96 loss: 0.4996 acc: 0.7681 time 1.43s
Epoch: 37/150 Iter: 83/96 loss: 0.4964 acc: 0.7694 time 0.92s
Epoch: 37/150 Iter: 84/96 loss: 0.4954 acc: 0.7697 time 0.85s
Epoch: 37/150 Iter: 85/96 loss: 0.4947 acc: 0.7646 time 1.39s
Epoch: 37/150 Iter: 86/96 loss: 0.4950 acc: 0.7661 time 0.69s
Epoch: 37/150 Iter: 87/96 loss: 0.4943 acc: 0.7630 time 0.72s
Epoch: 37/150 Iter: 88/96 loss: 0.5003 acc: 0.7606 time 0.76s
Epoch: 37/150 Iter: 89/96 loss: 0.4978 acc: 0.7633 time 0.72s
Epoch: 37/150 Iter: 90/96 loss: 0.4982 acc: 0.7616 time 1.40s
Epoch: 37/150 Iter: 91/96 loss: 0.4965 acc: 0.7629 time 0.86s
Epoch: 37/150 Iter: 92/96 loss: 0.4959 acc: 0.7609 time 0.77s
Epoch: 37/150 Iter: 93/96 loss: 0.4920 acc: 0.7635 time 1.36s
Epoch: 37/150 Iter: 94/96 loss: 0.4901 acc: 0.7607 time 0.70s
Epoch: 37/150 Iter: 95/96 loss: 0.4911 acc: 0.7603 time 1.37s
Epoch: 37/150 Iter: 96/96 loss: 0.5018 acc: 0.7576 time 0.73s
[Train epoch 37] avg_loss=0.5018 avg_acc=0.7576 | per-class [c0: 0.796, c1: 0.867, c2: 0.808]
Final training 37/150, loss: 0.5018, time 101.86s, lr: 0.071312
Accuracy: 0.806
class                  precision    recall   specificity      f1   support
--------------------------------------------------------------------------
0                          0.871     0.796         0.889   0.832       280
1                          0.382     0.867         0.923   0.531        30
2                          0.853     0.808         0.881   0.830       266
*----------------------------------------*
0 Mon Nov 17 17:20:37 2025 Epoch: 38
Epoch: 38/150 Iter: 1/96 loss: 0.2687 acc: 0.7778 time 1.86s
Epoch: 38/150 Iter: 2/96 loss: 0.3371 acc: 0.8472 time 0.89s
Epoch: 38/150 Iter: 3/96 loss: 0.4285 acc: 0.7204 time 1.47s
Epoch: 38/150 Iter: 4/96 loss: 0.3707 acc: 0.7903 time 1.44s
Epoch: 38/150 Iter: 5/96 loss: 0.3722 acc: 0.7489 time 1.43s
Epoch: 38/150 Iter: 6/96 loss: 0.4458 acc: 0.6796 time 0.81s
Epoch: 38/150 Iter: 7/96 loss: 0.5154 acc: 0.6421 time 1.47s
Epoch: 38/150 Iter: 8/96 loss: 0.4869 acc: 0.6660 time 0.85s
Epoch: 38/150 Iter: 9/96 loss: 0.5011 acc: 0.6809 time 1.46s
Epoch: 38/150 Iter: 10/96 loss: 0.5317 acc: 0.6461 time 1.48s
Epoch: 38/150 Iter: 11/96 loss: 0.4944 acc: 0.6783 time 1.45s
Epoch: 38/150 Iter: 12/96 loss: 0.4638 acc: 0.7051 time 0.83s
Epoch: 38/150 Iter: 13/96 loss: 0.5259 acc: 0.6765 time 1.42s
Epoch: 38/150 Iter: 14/96 loss: 0.5334 acc: 0.6639 time 1.45s
Epoch: 38/150 Iter: 15/96 loss: 0.5022 acc: 0.6863 time 0.89s
Epoch: 38/150 Iter: 16/96 loss: 0.4890 acc: 0.6981 time 0.88s
Epoch: 38/150 Iter: 17/96 loss: 0.4955 acc: 0.7060 time 0.79s
Epoch: 38/150 Iter: 18/96 loss: 0.5259 acc: 0.6779 time 0.79s
Epoch: 38/150 Iter: 19/96 loss: 0.5013 acc: 0.6949 time 1.46s
Epoch: 38/150 Iter: 20/96 loss: 0.4837 acc: 0.7101 time 0.77s
Epoch: 38/150 Iter: 21/96 loss: 0.4734 acc: 0.7160 time 1.44s
Epoch: 38/150 Iter: 22/96 loss: 0.4910 acc: 0.7198 time 0.92s
Epoch: 38/150 Iter: 23/96 loss: 0.4888 acc: 0.7266 time 0.86s
Epoch: 38/150 Iter: 24/96 loss: 0.4868 acc: 0.7328 time 1.45s
Epoch: 38/150 Iter: 25/96 loss: 0.4803 acc: 0.7274 time 0.89s
Epoch: 38/150 Iter: 26/96 loss: 0.4779 acc: 0.7379 time 0.93s
Epoch: 38/150 Iter: 27/96 loss: 0.4649 acc: 0.7476 time 0.78s
Epoch: 38/150 Iter: 28/96 loss: 0.4523 acc: 0.7566 time 0.90s
Epoch: 38/150 Iter: 29/96 loss: 0.4578 acc: 0.7459 time 1.48s
Epoch: 38/150 Iter: 30/96 loss: 0.4444 acc: 0.7544 time 0.87s
Epoch: 38/150 Iter: 31/96 loss: 0.4434 acc: 0.7596 time 0.93s
Epoch: 38/150 Iter: 32/96 loss: 0.4538 acc: 0.7515 time 0.87s
Epoch: 38/150 Iter: 33/96 loss: 0.4434 acc: 0.7590 time 1.46s
Epoch: 38/150 Iter: 34/96 loss: 0.4582 acc: 0.7426 time 0.81s
Epoch: 38/150 Iter: 35/96 loss: 0.4879 acc: 0.7372 time 1.46s
Epoch: 38/150 Iter: 36/96 loss: 0.5127 acc: 0.7275 time 0.88s
Epoch: 38/150 Iter: 37/96 loss: 0.5044 acc: 0.7349 time 0.76s
Epoch: 38/150 Iter: 38/96 loss: 0.5022 acc: 0.7309 time 0.89s
Epoch: 38/150 Iter: 39/96 loss: 0.5007 acc: 0.7335 time 0.92s
Epoch: 38/150 Iter: 40/96 loss: 0.4954 acc: 0.7381 time 1.43s
Epoch: 38/150 Iter: 41/96 loss: 0.4990 acc: 0.7364 time 1.45s
Epoch: 38/150 Iter: 42/96 loss: 0.4974 acc: 0.7397 time 0.78s
Epoch: 38/150 Iter: 43/96 loss: 0.4896 acc: 0.7457 time 1.48s
Epoch: 38/150 Iter: 44/96 loss: 0.4893 acc: 0.7470 time 0.91s
Epoch: 38/150 Iter: 45/96 loss: 0.4881 acc: 0.7422 time 0.86s
Epoch: 38/150 Iter: 46/96 loss: 0.4847 acc: 0.7391 time 0.87s
Epoch: 38/150 Iter: 47/96 loss: 0.4875 acc: 0.7323 time 0.87s
Epoch: 38/150 Iter: 48/96 loss: 0.4826 acc: 0.7344 time 0.88s
Epoch: 38/150 Iter: 49/96 loss: 0.4910 acc: 0.7285 time 0.71s
Epoch: 38/150 Iter: 50/96 loss: 0.4938 acc: 0.7246 time 0.92s
Epoch: 38/150 Iter: 51/96 loss: 0.4955 acc: 0.7202 time 0.84s
Epoch: 38/150 Iter: 52/96 loss: 0.4909 acc: 0.7239 time 1.43s
Epoch: 38/150 Iter: 53/96 loss: 0.4853 acc: 0.7291 time 0.89s
Epoch: 38/150 Iter: 54/96 loss: 0.4811 acc: 0.7259 time 0.88s
Epoch: 38/150 Iter: 55/96 loss: 0.4793 acc: 0.7279 time 1.45s
Epoch: 38/150 Iter: 56/96 loss: 0.4837 acc: 0.7196 time 0.74s
Epoch: 38/150 Iter: 57/96 loss: 0.4893 acc: 0.7143 time 0.74s
Epoch: 38/150 Iter: 58/96 loss: 0.4907 acc: 0.7145 time 0.79s
Epoch: 38/150 Iter: 59/96 loss: 0.4957 acc: 0.7129 time 0.90s
Epoch: 38/150 Iter: 60/96 loss: 0.4895 acc: 0.7177 time 0.78s
Epoch: 38/150 Iter: 61/96 loss: 0.4874 acc: 0.7224 time 0.77s
Epoch: 38/150 Iter: 62/96 loss: 0.4823 acc: 0.7268 time 0.79s
Epoch: 38/150 Iter: 63/96 loss: 0.4781 acc: 0.7285 time 1.45s
Epoch: 38/150 Iter: 64/96 loss: 0.5130 acc: 0.7258 time 0.90s
Epoch: 38/150 Iter: 65/96 loss: 0.5131 acc: 0.7288 time 0.79s
Epoch: 38/150 Iter: 66/96 loss: 0.5061 acc: 0.7329 time 0.99s
Epoch: 38/150 Iter: 67/96 loss: 0.5003 acc: 0.7369 time 0.87s
Epoch: 38/150 Iter: 68/96 loss: 0.4949 acc: 0.7407 time 1.39s
Epoch: 38/150 Iter: 69/96 loss: 0.5030 acc: 0.7390 time 1.38s
Epoch: 38/150 Iter: 70/96 loss: 0.5122 acc: 0.7309 time 0.77s
Epoch: 38/150 Iter: 71/96 loss: 0.5068 acc: 0.7347 time 1.42s
Epoch: 38/150 Iter: 72/96 loss: 0.5056 acc: 0.7360 time 1.44s
Epoch: 38/150 Iter: 73/96 loss: 0.5014 acc: 0.7396 time 1.44s
Epoch: 38/150 Iter: 74/96 loss: 0.4994 acc: 0.7394 time 0.77s
Epoch: 38/150 Iter: 75/96 loss: 0.5121 acc: 0.7416 time 0.82s
Epoch: 38/150 Iter: 76/96 loss: 0.5095 acc: 0.7428 time 1.36s
Epoch: 38/150 Iter: 77/96 loss: 0.5046 acc: 0.7461 time 0.80s
Epoch: 38/150 Iter: 78/96 loss: 0.5104 acc: 0.7417 time 0.79s
Epoch: 38/150 Iter: 79/96 loss: 0.5116 acc: 0.7402 time 1.42s
Epoch: 38/150 Iter: 80/96 loss: 0.5125 acc: 0.7361 time 1.40s
Epoch: 38/150 Iter: 81/96 loss: 0.5330 acc: 0.7339 time 1.39s
Epoch: 38/150 Iter: 82/96 loss: 0.5334 acc: 0.7351 time 0.82s
Epoch: 38/150 Iter: 83/96 loss: 0.5280 acc: 0.7383 time 1.49s
Epoch: 38/150 Iter: 84/96 loss: 0.5280 acc: 0.7395 time 0.76s
Epoch: 38/150 Iter: 85/96 loss: 0.5250 acc: 0.7425 time 0.71s
Epoch: 38/150 Iter: 86/96 loss: 0.5244 acc: 0.7441 time 1.37s
Epoch: 38/150 Iter: 87/96 loss: 0.5259 acc: 0.7406 time 1.38s
Epoch: 38/150 Iter: 88/96 loss: 0.5372 acc: 0.7335 time 1.40s
Epoch: 38/150 Iter: 89/96 loss: 0.5355 acc: 0.7346 time 0.69s
Epoch: 38/150 Iter: 90/96 loss: 0.5387 acc: 0.7357 time 0.80s
Epoch: 38/150 Iter: 91/96 loss: 0.5362 acc: 0.7386 time 1.38s
Epoch: 38/150 Iter: 92/96 loss: 0.5309 acc: 0.7414 time 1.37s
Epoch: 38/150 Iter: 93/96 loss: 0.5367 acc: 0.7356 time 1.38s
Epoch: 38/150 Iter: 94/96 loss: 0.5395 acc: 0.7363 time 1.41s
Epoch: 38/150 Iter: 95/96 loss: 0.5393 acc: 0.7373 time 1.37s
Epoch: 38/150 Iter: 96/96 loss: 0.5395 acc: 0.7366 time 0.74s
[Train epoch 38] avg_loss=0.5395 avg_acc=0.7366 | per-class [c0: 0.765, c1: 0.800, c2: 0.811]
Final training 38/150, loss: 0.5395, time 104.29s, lr: 0.070765
Accuracy: 0.788
class                  precision    recall   specificity      f1   support
--------------------------------------------------------------------------
0                          0.863     0.765         0.885   0.811       281
1                          0.333     0.800         0.912   0.471        30
2                          0.843     0.811         0.871   0.827       265
*----------------------------------------*
Val 38/150 1/24, Acc: 0.5000, Loss: 8.8555, time 0.42s
Val 38/150 2/24, Acc: 0.5278, Loss: 4.5253, time 0.43s
Val 38/150 3/24, Acc: 0.5185, Loss: 3.2969, time 0.42s
Val 38/150 4/24, Acc: 0.6389, Loss: 2.5365, time 0.43s
Val 38/150 5/24, Acc: 0.6861, Loss: 2.0862, time 0.51s
Val 38/150 6/24, Acc: 0.7384, Loss: 1.7637, time 0.54s
Val 38/150 7/24, Acc: 0.7758, Loss: 1.5397, time 0.50s
Val 38/150 8/24, Acc: 0.7309, Loss: 1.3984, time 0.46s
Val 38/150 9/24, Acc: 0.7608, Loss: 1.2620, time 0.43s
Val 38/150 10/24, Acc: 0.7847, Loss: 1.1509, time 0.56s
Val 38/150 11/24, Acc: 0.7942, Loss: 1.0791, time 0.43s
Val 38/150 12/24, Acc: 0.7373, Loss: 1.0781, time 0.49s
Val 38/150 13/24, Acc: 0.7190, Loss: 1.0185, time 0.49s
Val 38/150 14/24, Acc: 0.7212, Loss: 0.9967, time 0.51s
Val 38/150 15/24, Acc: 0.7343, Loss: 0.9541, time 0.42s
Val 38/150 16/24, Acc: 0.7446, Loss: 0.9132, time 0.42s
Val 38/150 17/24, Acc: 0.7596, Loss: 0.8638, time 0.49s
Val 38/150 18/24, Acc: 0.7522, Loss: 0.8631, time 0.50s
Val 38/150 19/24, Acc: 0.7547, Loss: 0.8389, time 0.43s
Val 38/150 20/24, Acc: 0.7392, Loss: 0.8198, time 0.44s
Val 38/150 21/24, Acc: 0.7516, Loss: 0.7855, time 0.49s
Val 38/150 22/24, Acc: 0.7553, Loss: 0.7733, time 0.59s
Val 38/150 23/24, Acc: 0.7442, Loss: 0.7851, time 0.49s
Val 38/150 24/24, Acc: 0.7549, Loss: 0.7625, time 0.39s
[Val epoch 38] avg_acc=0.7549 | avg_loss=0.7625 | per-class [c0: 0.714, c1: 0.625, c2: 0.924]
Final validation 38/150, Val_acc: 0.7549, time 11.29sAccuracy: 0.806
class                  precision    recall   specificity      f1   support
--------------------------------------------------------------------------
0                          0.962     0.714         0.973   0.820        70
1                          0.385     0.625         0.941   0.476         8
2                          0.772     0.924         0.769   0.841        66
*========================================*
Saving checkpoint outputs/OrganoidsINRIA_reduced/resnet18/2025-11-17-16-11/training/model_final.pt
[EarlyStopping] no improve (8/40)
[EarlyStopping] no improve (7/40)
0 Mon Nov 17 17:22:37 2025 Epoch: 39
Epoch: 39/150 Iter: 1/96 loss: 0.2210 acc: 1.0000 time 2.08s
Epoch: 39/150 Iter: 2/96 loss: 0.3224 acc: 0.9583 time 0.78s
Epoch: 39/150 Iter: 3/96 loss: 0.5029 acc: 0.8889 time 0.76s
Epoch: 39/150 Iter: 4/96 loss: 0.4793 acc: 0.8542 time 0.88s
Epoch: 39/150 Iter: 5/96 loss: 0.4184 acc: 0.8833 time 1.49s
Epoch: 39/150 Iter: 6/96 loss: 0.4260 acc: 0.8819 time 1.40s
Epoch: 39/150 Iter: 7/96 loss: 0.4482 acc: 0.8274 time 0.88s
Epoch: 39/150 Iter: 8/96 loss: 0.5462 acc: 0.8073 time 0.92s
Epoch: 39/150 Iter: 9/96 loss: 0.5297 acc: 0.8065 time 0.79s
Epoch: 39/150 Iter: 10/96 loss: 0.5540 acc: 0.7758 time 0.91s
Epoch: 39/150 Iter: 11/96 loss: 0.5500 acc: 0.7811 time 1.44s
Epoch: 39/150 Iter: 12/96 loss: 0.5503 acc: 0.7715 time 1.45s
Epoch: 39/150 Iter: 13/96 loss: 0.5245 acc: 0.7891 time 0.80s
Epoch: 39/150 Iter: 14/96 loss: 0.5170 acc: 0.7625 time 0.78s
Epoch: 39/150 Iter: 15/96 loss: 0.5325 acc: 0.7394 time 0.79s
Epoch: 39/150 Iter: 16/96 loss: 0.5277 acc: 0.7557 time 0.74s
Epoch: 39/150 Iter: 17/96 loss: 0.5183 acc: 0.7456 time 1.44s
Epoch: 39/150 Iter: 18/96 loss: 0.5182 acc: 0.7458 time 0.74s
Epoch: 39/150 Iter: 19/96 loss: 0.5147 acc: 0.7446 time 1.38s
Epoch: 39/150 Iter: 20/96 loss: 0.4977 acc: 0.7574 time 1.38s
Epoch: 39/150 Iter: 21/96 loss: 0.5041 acc: 0.7610 time 0.78s
Epoch: 39/150 Iter: 22/96 loss: 0.4968 acc: 0.7673 time 0.90s
Epoch: 39/150 Iter: 23/96 loss: 0.4985 acc: 0.7629 time 1.42s
Epoch: 39/150 Iter: 24/96 loss: 0.4966 acc: 0.7572 time 1.41s
Epoch: 39/150 Iter: 25/96 loss: 0.4895 acc: 0.7669 time 0.82s
Epoch: 39/150 Iter: 26/96 loss: 0.4990 acc: 0.7630 time 1.44s
Epoch: 39/150 Iter: 27/96 loss: 0.4847 acc: 0.7718 time 1.46s
Epoch: 39/150 Iter: 28/96 loss: 0.4756 acc: 0.7800 time 1.45s
Epoch: 39/150 Iter: 29/96 loss: 0.4689 acc: 0.7738 time 1.40s
Epoch: 39/150 Iter: 30/96 loss: 0.4709 acc: 0.7674 time 1.40s
Epoch: 39/150 Iter: 31/96 loss: 0.4796 acc: 0.7709 time 0.86s
Epoch: 39/150 Iter: 32/96 loss: 0.4725 acc: 0.7780 time 1.42s
Epoch: 39/150 Iter: 33/96 loss: 0.4740 acc: 0.7713 time 0.90s
Epoch: 39/150 Iter: 34/96 loss: 0.4754 acc: 0.7650 time 0.93s
Epoch: 39/150 Iter: 35/96 loss: 0.4812 acc: 0.7502 time 0.90s
Epoch: 39/150 Iter: 36/96 loss: 0.4709 acc: 0.7572 time 0.95s
Epoch: 39/150 Iter: 37/96 loss: 0.4634 acc: 0.7637 time 1.46s
Epoch: 39/150 Iter: 38/96 loss: 0.4570 acc: 0.7700 time 0.78s
Epoch: 39/150 Iter: 39/96 loss: 0.4514 acc: 0.7759 time 1.44s
Epoch: 39/150 Iter: 40/96 loss: 0.4500 acc: 0.7773 time 0.88s
Epoch: 39/150 Iter: 41/96 loss: 0.4454 acc: 0.7800 time 1.44s
Epoch: 39/150 Iter: 42/96 loss: 0.4374 acc: 0.7853 time 1.42s
Epoch: 39/150 Iter: 43/96 loss: 0.4311 acc: 0.7902 time 0.87s
Epoch: 39/150 Iter: 44/96 loss: 0.4369 acc: 0.7874 time 1.49s
Epoch: 39/150 Iter: 45/96 loss: 0.4391 acc: 0.7922 time 0.87s
Epoch: 39/150 Iter: 46/96 loss: 0.4375 acc: 0.7912 time 1.41s
Epoch: 39/150 Iter: 47/96 loss: 0.4313 acc: 0.7957 time 0.86s
Epoch: 39/150 Iter: 48/96 loss: 0.4357 acc: 0.7921 time 0.78s
Epoch: 39/150 Iter: 49/96 loss: 0.4411 acc: 0.7862 time 1.46s
Epoch: 39/150 Iter: 50/96 loss: 0.4470 acc: 0.7829 time 0.79s
Epoch: 39/150 Iter: 51/96 loss: 0.4417 acc: 0.7872 time 1.46s
Epoch: 39/150 Iter: 52/96 loss: 0.4419 acc: 0.7841 time 0.77s
Epoch: 39/150 Iter: 53/96 loss: 0.4465 acc: 0.7771 time 0.84s
Epoch: 39/150 Iter: 54/96 loss: 0.4520 acc: 0.7669 time 1.46s
Epoch: 39/150 Iter: 55/96 loss: 0.4489 acc: 0.7711 time 1.43s
Epoch: 39/150 Iter: 56/96 loss: 0.4492 acc: 0.7730 time 0.78s
Epoch: 39/150 Iter: 57/96 loss: 0.4516 acc: 0.7740 time 1.44s
Epoch: 39/150 Iter: 58/96 loss: 0.4511 acc: 0.7758 time 0.78s
Epoch: 39/150 Iter: 59/96 loss: 0.4490 acc: 0.7796 time 1.45s
Epoch: 39/150 Iter: 60/96 loss: 0.4500 acc: 0.7805 time 0.77s
Epoch: 39/150 Iter: 61/96 loss: 0.4459 acc: 0.7841 time 0.93s
Epoch: 39/150 Iter: 62/96 loss: 0.4410 acc: 0.7875 time 0.91s
Epoch: 39/150 Iter: 63/96 loss: 0.4384 acc: 0.7843 time 0.97s
Epoch: 39/150 Iter: 64/96 loss: 0.4346 acc: 0.7877 time 0.76s
Epoch: 39/150 Iter: 65/96 loss: 0.4321 acc: 0.7894 time 0.98s
Epoch: 39/150 Iter: 66/96 loss: 0.4325 acc: 0.7901 time 0.91s
Epoch: 39/150 Iter: 67/96 loss: 0.4320 acc: 0.7907 time 1.44s
Epoch: 39/150 Iter: 68/96 loss: 0.4374 acc: 0.7877 time 1.46s
Epoch: 39/150 Iter: 69/96 loss: 0.4321 acc: 0.7907 time 1.38s
Epoch: 39/150 Iter: 70/96 loss: 0.4287 acc: 0.7866 time 0.94s
Epoch: 39/150 Iter: 71/96 loss: 0.4315 acc: 0.7861 time 1.46s
Epoch: 39/150 Iter: 72/96 loss: 0.4311 acc: 0.7826 time 0.86s
Epoch: 39/150 Iter: 73/96 loss: 0.4361 acc: 0.7782 time 1.44s
Epoch: 39/150 Iter: 74/96 loss: 0.4329 acc: 0.7795 time 1.43s
Epoch: 39/150 Iter: 75/96 loss: 0.4486 acc: 0.7780 time 1.37s
Epoch: 39/150 Iter: 76/96 loss: 0.4543 acc: 0.7733 time 1.43s
Epoch: 39/150 Iter: 77/96 loss: 0.4544 acc: 0.7741 time 1.40s
Epoch: 39/150 Iter: 78/96 loss: 0.4509 acc: 0.7727 time 0.78s
Epoch: 39/150 Iter: 79/96 loss: 0.4478 acc: 0.7756 time 0.89s
Epoch: 39/150 Iter: 80/96 loss: 0.4467 acc: 0.7732 time 0.76s
Epoch: 39/150 Iter: 81/96 loss: 0.4443 acc: 0.7746 time 0.76s
Epoch: 39/150 Iter: 82/96 loss: 0.4401 acc: 0.7773 time 0.75s
Epoch: 39/150 Iter: 83/96 loss: 0.4388 acc: 0.7750 time 0.75s
Epoch: 39/150 Iter: 84/96 loss: 0.4368 acc: 0.7762 time 0.73s
Epoch: 39/150 Iter: 85/96 loss: 0.4369 acc: 0.7739 time 1.37s
Epoch: 39/150 Iter: 86/96 loss: 0.4426 acc: 0.7698 time 1.36s
Epoch: 39/150 Iter: 87/96 loss: 0.4479 acc: 0.7657 time 0.77s
Epoch: 39/150 Iter: 88/96 loss: 0.4514 acc: 0.7621 time 0.79s
Epoch: 39/150 Iter: 89/96 loss: 0.4480 acc: 0.7647 time 0.78s
Epoch: 39/150 Iter: 90/96 loss: 0.4460 acc: 0.7664 time 0.90s
Epoch: 39/150 Iter: 91/96 loss: 0.4571 acc: 0.7624 time 0.70s
Epoch: 39/150 Iter: 92/96 loss: 0.4560 acc: 0.7636 time 0.73s
Epoch: 39/150 Iter: 93/96 loss: 0.4526 acc: 0.7662 time 1.41s
Epoch: 39/150 Iter: 94/96 loss: 0.4515 acc: 0.7669 time 0.72s
Epoch: 39/150 Iter: 95/96 loss: 0.4509 acc: 0.7658 time 1.42s
Epoch: 39/150 Iter: 96/96 loss: 0.4501 acc: 0.7657 time 1.37s
[Train epoch 39] avg_loss=0.4501 avg_acc=0.7657 | per-class [c0: 0.832, c1: 0.800, c2: 0.816]
Final training 39/150, loss: 0.4501, time 105.28s, lr: 0.070204
Accuracy: 0.823
class                  precision    recall   specificity      f1   support
--------------------------------------------------------------------------
0                          0.876     0.832         0.889   0.853       280
1                          0.444     0.800         0.945   0.571        30
2                          0.848     0.816         0.874   0.831       266
*----------------------------------------*
0 Mon Nov 17 17:24:22 2025 Epoch: 40
Epoch: 40/150 Iter: 1/96 loss: 0.5592 acc: 0.8333 time 2.36s
Epoch: 40/150 Iter: 2/96 loss: 0.7166 acc: 0.6389 time 0.75s
Epoch: 40/150 Iter: 3/96 loss: 0.7229 acc: 0.7259 time 0.79s
Epoch: 40/150 Iter: 4/96 loss: 0.6481 acc: 0.6694 time 0.94s
Epoch: 40/150 Iter: 5/96 loss: 0.5948 acc: 0.7022 time 0.92s
Epoch: 40/150 Iter: 6/96 loss: 0.5098 acc: 0.7519 time 0.91s
Epoch: 40/150 Iter: 7/96 loss: 0.5324 acc: 0.7079 time 1.43s
Epoch: 40/150 Iter: 8/96 loss: 0.4719 acc: 0.7444 time 0.89s
Epoch: 40/150 Iter: 9/96 loss: 0.4587 acc: 0.7590 time 1.41s
Epoch: 40/150 Iter: 10/96 loss: 0.4237 acc: 0.7831 time 1.46s
Epoch: 40/150 Iter: 11/96 loss: 0.4034 acc: 0.8028 time 0.81s
Epoch: 40/150 Iter: 12/96 loss: 0.3760 acc: 0.8192 time 0.77s
Epoch: 40/150 Iter: 13/96 loss: 0.3694 acc: 0.8331 time 0.86s
Epoch: 40/150 Iter: 14/96 loss: 0.3516 acc: 0.8450 time 0.81s
Epoch: 40/150 Iter: 15/96 loss: 0.3649 acc: 0.8331 time 1.45s
Epoch: 40/150 Iter: 16/96 loss: 0.3607 acc: 0.8384 time 1.42s
Epoch: 40/150 Iter: 17/96 loss: 0.3542 acc: 0.8243 time 1.39s
Epoch: 40/150 Iter: 18/96 loss: 0.3581 acc: 0.8285 time 0.90s
Epoch: 40/150 Iter: 19/96 loss: 0.3716 acc: 0.8171 time 0.78s
Epoch: 40/150 Iter: 20/96 loss: 0.3732 acc: 0.8179 time 0.77s
Epoch: 40/150 Iter: 21/96 loss: 0.3705 acc: 0.8206 time 1.43s
Epoch: 40/150 Iter: 22/96 loss: 0.3690 acc: 0.8212 time 1.46s
Epoch: 40/150 Iter: 23/96 loss: 0.4131 acc: 0.8000 time 0.78s
Epoch: 40/150 Iter: 24/96 loss: 0.4215 acc: 0.7917 time 1.43s
Epoch: 40/150 Iter: 25/96 loss: 0.4309 acc: 0.7733 time 0.87s
Epoch: 40/150 Iter: 26/96 loss: 0.4178 acc: 0.7821 time 0.75s
Epoch: 40/150 Iter: 27/96 loss: 0.4157 acc: 0.7747 time 1.42s
Epoch: 40/150 Iter: 28/96 loss: 0.4192 acc: 0.7619 time 0.79s
Epoch: 40/150 Iter: 29/96 loss: 0.4083 acc: 0.7701 time 0.76s
Epoch: 40/150 Iter: 30/96 loss: 0.4173 acc: 0.7741 time 1.43s
Epoch: 40/150 Iter: 31/96 loss: 0.4203 acc: 0.7760 time 1.43s
Epoch: 40/150 Iter: 32/96 loss: 0.4106 acc: 0.7830 time 1.42s
Epoch: 40/150 Iter: 33/96 loss: 0.4147 acc: 0.7795 time 1.41s
Epoch: 40/150 Iter: 34/96 loss: 0.4073 acc: 0.7859 time 0.90s
Epoch: 40/150 Iter: 35/96 loss: 0.3985 acc: 0.7921 time 1.45s
Epoch: 40/150 Iter: 36/96 loss: 0.4054 acc: 0.7895 time 1.36s
Epoch: 40/150 Iter: 37/96 loss: 0.3985 acc: 0.7952 time 1.40s
Epoch: 40/150 Iter: 38/96 loss: 0.3960 acc: 0.7984 time 0.84s
Epoch: 40/150 Iter: 39/96 loss: 0.3898 acc: 0.8036 time 1.41s
Epoch: 40/150 Iter: 40/96 loss: 0.4237 acc: 0.7918 time 0.90s
Epoch: 40/150 Iter: 41/96 loss: 0.4345 acc: 0.7790 time 1.45s
Epoch: 40/150 Iter: 42/96 loss: 0.4392 acc: 0.7813 time 0.88s
Epoch: 40/150 Iter: 43/96 loss: 0.4370 acc: 0.7835 time 0.76s
Epoch: 40/150 Iter: 44/96 loss: 0.4485 acc: 0.7778 time 1.42s
Epoch: 40/150 Iter: 45/96 loss: 0.4488 acc: 0.7802 time 0.80s
Epoch: 40/150 Iter: 46/96 loss: 0.4509 acc: 0.7807 time 1.42s
Epoch: 40/150 Iter: 47/96 loss: 0.4469 acc: 0.7853 time 0.79s
Epoch: 40/150 Iter: 48/96 loss: 0.4504 acc: 0.7829 time 1.45s
Epoch: 40/150 Iter: 49/96 loss: 0.4457 acc: 0.7873 time 0.79s
Epoch: 40/150 Iter: 50/96 loss: 0.4592 acc: 0.7809 time 0.93s
Epoch: 40/150 Iter: 51/96 loss: 0.4537 acc: 0.7852 time 0.95s
Epoch: 40/150 Iter: 52/96 loss: 0.4544 acc: 0.7821 time 0.77s
Epoch: 40/150 Iter: 53/96 loss: 0.4541 acc: 0.7839 time 1.44s
Epoch: 40/150 Iter: 54/96 loss: 0.4549 acc: 0.7786 time 0.89s
Epoch: 40/150 Iter: 55/96 loss: 0.4591 acc: 0.7811 time 0.92s
Epoch: 40/150 Iter: 56/96 loss: 0.4573 acc: 0.7820 time 0.96s
Epoch: 40/150 Iter: 57/96 loss: 0.4511 acc: 0.7859 time 1.43s
Epoch: 40/150 Iter: 58/96 loss: 0.4494 acc: 0.7878 time 1.43s
Epoch: 40/150 Iter: 59/96 loss: 0.4465 acc: 0.7893 time 1.43s
Epoch: 40/150 Iter: 60/96 loss: 0.4558 acc: 0.7859 time 0.86s
Epoch: 40/150 Iter: 61/96 loss: 0.4527 acc: 0.7873 time 0.92s
Epoch: 40/150 Iter: 62/96 loss: 0.4477 acc: 0.7908 time 1.47s
Epoch: 40/150 Iter: 63/96 loss: 0.4577 acc: 0.7856 time 0.80s
Epoch: 40/150 Iter: 64/96 loss: 0.4604 acc: 0.7859 time 1.43s
Epoch: 40/150 Iter: 65/96 loss: 0.4560 acc: 0.7891 time 1.41s
Epoch: 40/150 Iter: 66/96 loss: 0.4537 acc: 0.7904 time 0.85s
Epoch: 40/150 Iter: 67/96 loss: 0.4531 acc: 0.7921 time 0.76s
Epoch: 40/150 Iter: 68/96 loss: 0.4491 acc: 0.7951 time 0.79s
Epoch: 40/150 Iter: 69/96 loss: 0.4490 acc: 0.7927 time 1.44s
Epoch: 40/150 Iter: 70/96 loss: 0.4497 acc: 0.7897 time 0.85s
Epoch: 40/150 Iter: 71/96 loss: 0.4548 acc: 0.7856 time 1.41s
Epoch: 40/150 Iter: 72/96 loss: 0.4555 acc: 0.7816 time 0.87s
Epoch: 40/150 Iter: 73/96 loss: 0.4523 acc: 0.7823 time 0.90s
Epoch: 40/150 Iter: 74/96 loss: 0.4502 acc: 0.7839 time 1.43s
Epoch: 40/150 Iter: 75/96 loss: 0.4670 acc: 0.7801 time 0.77s
Epoch: 40/150 Iter: 76/96 loss: 0.4701 acc: 0.7808 time 1.46s
Epoch: 40/150 Iter: 77/96 loss: 0.4657 acc: 0.7837 time 0.90s
Epoch: 40/150 Iter: 78/96 loss: 0.4650 acc: 0.7843 time 0.93s
Epoch: 40/150 Iter: 79/96 loss: 0.4636 acc: 0.7871 time 1.40s
Epoch: 40/150 Iter: 80/96 loss: 0.4679 acc: 0.7828 time 1.44s
Epoch: 40/150 Iter: 81/96 loss: 0.4751 acc: 0.7759 time 0.74s
Epoch: 40/150 Iter: 82/96 loss: 0.4736 acc: 0.7786 time 1.47s
Epoch: 40/150 Iter: 83/96 loss: 0.4730 acc: 0.7779 time 1.42s
Epoch: 40/150 Iter: 84/96 loss: 0.4702 acc: 0.7806 time 0.69s
Epoch: 40/150 Iter: 85/96 loss: 0.4694 acc: 0.7818 time 1.37s
Epoch: 40/150 Iter: 86/96 loss: 0.4692 acc: 0.7786 time 0.73s
Epoch: 40/150 Iter: 87/96 loss: 0.4681 acc: 0.7773 time 1.37s
Epoch: 40/150 Iter: 88/96 loss: 0.4661 acc: 0.7798 time 0.80s
Epoch: 40/150 Iter: 89/96 loss: 0.4764 acc: 0.7725 time 1.39s
Epoch: 40/150 Iter: 90/96 loss: 0.4806 acc: 0.7695 time 1.38s
Epoch: 40/150 Iter: 91/96 loss: 0.4773 acc: 0.7720 time 1.38s
Epoch: 40/150 Iter: 92/96 loss: 0.4787 acc: 0.7685 time 0.76s
Epoch: 40/150 Iter: 93/96 loss: 0.4772 acc: 0.7692 time 0.71s
Epoch: 40/150 Iter: 94/96 loss: 0.4787 acc: 0.7669 time 0.76s
Epoch: 40/150 Iter: 95/96 loss: 0.4773 acc: 0.7658 time 0.76s
Epoch: 40/150 Iter: 96/96 loss: 0.4756 acc: 0.7648 time 0.90s
[Train epoch 40] avg_loss=0.4756 avg_acc=0.7648 | per-class [c0: 0.786, c1: 0.833, c2: 0.808]
Final training 40/150, loss: 0.4756, time 106.18s, lr: 0.069629
Accuracy: 0.799
class                  precision    recall   specificity      f1   support
--------------------------------------------------------------------------
0                          0.880     0.786         0.898   0.831       281
1                          0.410     0.833         0.934   0.549        30
2                          0.811     0.808         0.839   0.809       265
*----------------------------------------*
Val 40/150 1/24, Acc: 0.3333, Loss: 4.9054, time 0.52s
Val 40/150 2/24, Acc: 0.4444, Loss: 2.5758, time 0.51s
Val 40/150 3/24, Acc: 0.5370, Loss: 1.9142, time 0.49s
Val 40/150 4/24, Acc: 0.5278, Loss: 1.5662, time 0.41s
Val 40/150 5/24, Acc: 0.5972, Loss: 1.3386, time 0.47s
Val 40/150 6/24, Acc: 0.5810, Loss: 1.1745, time 0.45s
Val 40/150 7/24, Acc: 0.6409, Loss: 1.0454, time 0.42s
Val 40/150 8/24, Acc: 0.6128, Loss: 0.9910, time 0.42s
Val 40/150 9/24, Acc: 0.6559, Loss: 0.9035, time 0.41s
Val 40/150 10/24, Acc: 0.6903, Loss: 0.8427, time 0.49s
Val 40/150 11/24, Acc: 0.6982, Loss: 0.7962, time 0.40s
Val 40/150 12/24, Acc: 0.6493, Loss: 0.8345, time 0.51s
Val 40/150 13/24, Acc: 0.6378, Loss: 0.8101, time 0.47s
Val 40/150 14/24, Acc: 0.6161, Loss: 0.8424, time 0.49s
Val 40/150 15/24, Acc: 0.6139, Loss: 0.8119, time 0.40s
Val 40/150 16/24, Acc: 0.6130, Loss: 0.7874, time 0.42s
Val 40/150 17/24, Acc: 0.6358, Loss: 0.7487, time 0.48s
Val 40/150 18/24, Acc: 0.6190, Loss: 0.7757, time 0.46s
Val 40/150 19/24, Acc: 0.6285, Loss: 0.7645, time 0.43s
Val 40/150 20/24, Acc: 0.6193, Loss: 0.7569, time 0.44s
Val 40/150 21/24, Acc: 0.6374, Loss: 0.7327, time 0.45s
Val 40/150 22/24, Acc: 0.6463, Loss: 0.7223, time 0.58s
Val 40/150 23/24, Acc: 0.6351, Loss: 0.7282, time 0.39s
Val 40/150 24/24, Acc: 0.6457, Loss: 0.7075, time 0.46s
[Val epoch 40] avg_acc=0.6457 | avg_loss=0.7075 | per-class [c0: 0.571, c1: 0.750, c2: 0.909]
Final validation 40/150, Val_acc: 0.6457, time 10.99sAccuracy: 0.736
class                  precision    recall   specificity      f1   support
--------------------------------------------------------------------------
0                          0.952     0.571         0.973   0.714        70
1                          0.231     0.750         0.853   0.353         8
2                          0.789     0.909         0.795   0.845        66
*========================================*
Saving checkpoint outputs/OrganoidsINRIA_reduced/resnet18/2025-11-17-16-11/training/model_final.pt
[EarlyStopping] no improve (9/40)
[EarlyStopping] improved to 0.707538
0 Mon Nov 17 17:26:23 2025 Epoch: 41
Epoch: 41/150 Iter: 1/96 loss: 0.5963 acc: 0.5833 time 1.85s
Epoch: 41/150 Iter: 2/96 loss: 0.3769 acc: 0.7917 time 0.78s
Epoch: 41/150 Iter: 3/96 loss: 0.4567 acc: 0.6389 time 1.41s
Epoch: 41/150 Iter: 4/96 loss: 0.4987 acc: 0.6667 time 0.89s
Epoch: 41/150 Iter: 5/96 loss: 0.4830 acc: 0.6889 time 0.71s
Epoch: 41/150 Iter: 6/96 loss: 0.5452 acc: 0.6741 time 1.45s
Epoch: 41/150 Iter: 7/96 loss: 0.5156 acc: 0.6968 time 0.93s
Epoch: 41/150 Iter: 8/96 loss: 0.4637 acc: 0.7347 time 1.45s
Epoch: 41/150 Iter: 9/96 loss: 0.4678 acc: 0.7503 time 0.86s
Epoch: 41/150 Iter: 10/96 loss: 0.5343 acc: 0.7142 time 1.43s
Epoch: 41/150 Iter: 11/96 loss: 0.5343 acc: 0.7288 time 1.45s
Epoch: 41/150 Iter: 12/96 loss: 0.5131 acc: 0.7410 time 1.44s
Epoch: 41/150 Iter: 13/96 loss: 0.5139 acc: 0.7321 time 0.73s
Epoch: 41/150 Iter: 14/96 loss: 0.4943 acc: 0.7512 time 1.47s
Epoch: 41/150 Iter: 15/96 loss: 0.4959 acc: 0.7400 time 0.87s
Epoch: 41/150 Iter: 16/96 loss: 0.4812 acc: 0.7484 time 0.77s
Epoch: 41/150 Iter: 17/96 loss: 0.4945 acc: 0.7436 time 0.79s
Epoch: 41/150 Iter: 18/96 loss: 0.4782 acc: 0.7579 time 1.42s
Epoch: 41/150 Iter: 19/96 loss: 0.4608 acc: 0.7706 time 1.44s
Epoch: 41/150 Iter: 20/96 loss: 0.4497 acc: 0.7738 time 0.85s
Epoch: 41/150 Iter: 21/96 loss: 0.4334 acc: 0.7845 time 1.41s
Epoch: 41/150 Iter: 22/96 loss: 0.4323 acc: 0.7867 time 1.41s
Epoch: 41/150 Iter: 23/96 loss: 0.4437 acc: 0.7670 time 1.40s
Epoch: 41/150 Iter: 24/96 loss: 0.4302 acc: 0.7767 time 0.90s
Epoch: 41/150 Iter: 25/96 loss: 0.4264 acc: 0.7790 time 1.47s
Epoch: 41/150 Iter: 26/96 loss: 0.4284 acc: 0.7651 time 0.78s
Epoch: 41/150 Iter: 27/96 loss: 0.4282 acc: 0.7522 time 1.40s
Epoch: 41/150 Iter: 28/96 loss: 0.4430 acc: 0.7521 time 0.75s
Epoch: 41/150 Iter: 29/96 loss: 0.4342 acc: 0.7606 time 0.88s
Epoch: 41/150 Iter: 30/96 loss: 0.4264 acc: 0.7686 time 0.85s
Epoch: 41/150 Iter: 31/96 loss: 0.4376 acc: 0.7519 time 0.77s
Epoch: 41/150 Iter: 32/96 loss: 0.4363 acc: 0.7492 time 0.79s
Epoch: 41/150 Iter: 33/96 loss: 0.4346 acc: 0.7434 time 1.44s
Epoch: 41/150 Iter: 34/96 loss: 0.4248 acc: 0.7509 time 0.91s
Epoch: 41/150 Iter: 35/96 loss: 0.4243 acc: 0.7548 time 1.43s
Epoch: 41/150 Iter: 36/96 loss: 0.4504 acc: 0.7524 time 0.80s
Epoch: 41/150 Iter: 37/96 loss: 0.4540 acc: 0.7471 time 0.89s
Epoch: 41/150 Iter: 38/96 loss: 0.4541 acc: 0.7471 time 0.94s
Epoch: 41/150 Iter: 39/96 loss: 0.4623 acc: 0.7394 time 0.89s
Epoch: 41/150 Iter: 40/96 loss: 0.4645 acc: 0.7348 time 0.80s
Epoch: 41/150 Iter: 41/96 loss: 0.4697 acc: 0.7277 time 0.79s
Epoch: 41/150 Iter: 42/96 loss: 0.4810 acc: 0.7136 time 1.48s
Epoch: 41/150 Iter: 43/96 loss: 0.4778 acc: 0.7176 time 0.74s
Epoch: 41/150 Iter: 44/96 loss: 0.4770 acc: 0.7165 time 0.88s
Epoch: 41/150 Iter: 45/96 loss: 0.4829 acc: 0.7117 time 1.41s
Epoch: 41/150 Iter: 46/96 loss: 0.4816 acc: 0.7143 time 0.87s
Epoch: 41/150 Iter: 47/96 loss: 0.4831 acc: 0.7119 time 0.76s
Epoch: 41/150 Iter: 48/96 loss: 0.4852 acc: 0.7156 time 0.80s
Epoch: 41/150 Iter: 49/96 loss: 0.4828 acc: 0.7123 time 0.77s
Epoch: 41/150 Iter: 50/96 loss: 0.4879 acc: 0.7106 time 0.90s
Epoch: 41/150 Iter: 51/96 loss: 0.4886 acc: 0.7048 time 0.81s
Epoch: 41/150 Iter: 52/96 loss: 0.4917 acc: 0.6993 time 0.78s
Epoch: 41/150 Iter: 53/96 loss: 0.4956 acc: 0.6979 time 0.92s
Epoch: 41/150 Iter: 54/96 loss: 0.4992 acc: 0.6973 time 0.97s
Epoch: 41/150 Iter: 55/96 loss: 0.5039 acc: 0.6937 time 1.39s
Epoch: 41/150 Iter: 56/96 loss: 0.4983 acc: 0.6992 time 1.45s
Epoch: 41/150 Iter: 57/96 loss: 0.4920 acc: 0.7044 time 0.80s
Epoch: 41/150 Iter: 58/96 loss: 0.4908 acc: 0.7095 time 0.84s
Epoch: 41/150 Iter: 59/96 loss: 0.4961 acc: 0.7050 time 0.77s
Epoch: 41/150 Iter: 60/96 loss: 0.4957 acc: 0.7058 time 0.80s
Epoch: 41/150 Iter: 61/96 loss: 0.4955 acc: 0.7051 time 0.79s
Epoch: 41/150 Iter: 62/96 loss: 0.4953 acc: 0.7063 time 0.79s
Epoch: 41/150 Iter: 63/96 loss: 0.4926 acc: 0.7110 time 0.79s
Epoch: 41/150 Iter: 64/96 loss: 0.5043 acc: 0.7072 time 0.89s
Epoch: 41/150 Iter: 65/96 loss: 0.4989 acc: 0.7117 time 0.84s
Epoch: 41/150 Iter: 66/96 loss: 0.5023 acc: 0.7085 time 1.49s
Epoch: 41/150 Iter: 67/96 loss: 0.4982 acc: 0.7109 time 1.44s
Epoch: 41/150 Iter: 68/96 loss: 0.4942 acc: 0.7152 time 1.40s
Epoch: 41/150 Iter: 69/96 loss: 0.4907 acc: 0.7157 time 0.74s
Epoch: 41/150 Iter: 70/96 loss: 0.4898 acc: 0.7174 time 0.80s
Epoch: 41/150 Iter: 71/96 loss: 0.4859 acc: 0.7214 time 0.85s
Epoch: 41/150 Iter: 72/96 loss: 0.4859 acc: 0.7229 time 1.38s
Epoch: 41/150 Iter: 73/96 loss: 0.4869 acc: 0.7240 time 1.39s
Epoch: 41/150 Iter: 74/96 loss: 0.4841 acc: 0.7277 time 1.40s
Epoch: 41/150 Iter: 75/96 loss: 0.4829 acc: 0.7254 time 1.46s
Epoch: 41/150 Iter: 76/96 loss: 0.4779 acc: 0.7290 time 0.87s
Epoch: 41/150 Iter: 77/96 loss: 0.4762 acc: 0.7312 time 1.49s
Epoch: 41/150 Iter: 78/96 loss: 0.4760 acc: 0.7283 time 0.86s
Epoch: 41/150 Iter: 79/96 loss: 0.4718 acc: 0.7317 time 1.44s
Epoch: 41/150 Iter: 80/96 loss: 0.4724 acc: 0.7304 time 1.40s
Epoch: 41/150 Iter: 81/96 loss: 0.4804 acc: 0.7300 time 0.77s
Epoch: 41/150 Iter: 82/96 loss: 0.4785 acc: 0.7313 time 1.40s
Epoch: 41/150 Iter: 83/96 loss: 0.4756 acc: 0.7325 time 0.72s
Epoch: 41/150 Iter: 84/96 loss: 0.4722 acc: 0.7357 time 0.75s
Epoch: 41/150 Iter: 85/96 loss: 0.4682 acc: 0.7388 time 0.69s
Epoch: 41/150 Iter: 86/96 loss: 0.4656 acc: 0.7418 time 1.42s
Epoch: 41/150 Iter: 87/96 loss: 0.4638 acc: 0.7434 time 0.78s
Epoch: 41/150 Iter: 88/96 loss: 0.4651 acc: 0.7395 time 0.70s
Epoch: 41/150 Iter: 89/96 loss: 0.4602 acc: 0.7424 time 0.74s
Epoch: 41/150 Iter: 90/96 loss: 0.4582 acc: 0.7439 time 1.38s
Epoch: 41/150 Iter: 91/96 loss: 0.4581 acc: 0.7456 time 0.74s
Epoch: 41/150 Iter: 92/96 loss: 0.4594 acc: 0.7465 time 1.39s
Epoch: 41/150 Iter: 93/96 loss: 0.4587 acc: 0.7481 time 0.75s
Epoch: 41/150 Iter: 94/96 loss: 0.4562 acc: 0.7494 time 1.38s
Epoch: 41/150 Iter: 95/96 loss: 0.4542 acc: 0.7520 time 0.72s
Epoch: 41/150 Iter: 96/96 loss: 0.4549 acc: 0.7520 time 0.72s
[Train epoch 41] avg_loss=0.4549 avg_acc=0.7520 | per-class [c0: 0.786, c1: 0.867, c2: 0.815]
Final training 41/150, loss: 0.4549, time 100.45s, lr: 0.069040
Accuracy: 0.804
class                  precision    recall   specificity      f1   support
--------------------------------------------------------------------------
0                          0.867     0.786         0.885   0.825       281
1                          0.441     0.867         0.940   0.584        30
2                          0.824     0.815         0.852   0.820       265
*----------------------------------------*
0 Mon Nov 17 17:28:04 2025 Epoch: 42
Epoch: 42/150 Iter: 1/96 loss: 0.2762 acc: 0.8333 time 2.20s
Epoch: 42/150 Iter: 2/96 loss: 0.6771 acc: 0.6667 time 0.95s
Epoch: 42/150 Iter: 3/96 loss: 0.7154 acc: 0.5926 time 1.43s
Epoch: 42/150 Iter: 4/96 loss: 0.6464 acc: 0.6528 time 0.88s
Epoch: 42/150 Iter: 5/96 loss: 0.6266 acc: 0.6822 time 0.79s
Epoch: 42/150 Iter: 6/96 loss: 0.5604 acc: 0.7352 time 0.93s
Epoch: 42/150 Iter: 7/96 loss: 0.6122 acc: 0.7063 time 1.47s
Epoch: 42/150 Iter: 8/96 loss: 0.6030 acc: 0.7431 time 0.90s
Epoch: 42/150 Iter: 9/96 loss: 0.5817 acc: 0.7160 time 0.89s
Epoch: 42/150 Iter: 10/96 loss: 0.5662 acc: 0.7319 time 1.42s
Epoch: 42/150 Iter: 11/96 loss: 0.5449 acc: 0.7563 time 0.77s
Epoch: 42/150 Iter: 12/96 loss: 0.5378 acc: 0.7350 time 0.78s
Epoch: 42/150 Iter: 13/96 loss: 0.5389 acc: 0.7041 time 0.87s
Epoch: 42/150 Iter: 14/96 loss: 0.5617 acc: 0.7014 time 0.78s
Epoch: 42/150 Iter: 15/96 loss: 0.5335 acc: 0.7213 time 0.87s
Epoch: 42/150 Iter: 16/96 loss: 0.5526 acc: 0.7231 time 1.45s
Epoch: 42/150 Iter: 17/96 loss: 0.5304 acc: 0.7247 time 1.46s
Epoch: 42/150 Iter: 18/96 loss: 0.5672 acc: 0.7029 time 0.82s
Epoch: 42/150 Iter: 19/96 loss: 0.5569 acc: 0.7010 time 1.47s
Epoch: 42/150 Iter: 20/96 loss: 0.5438 acc: 0.7160 time 0.71s
Epoch: 42/150 Iter: 21/96 loss: 0.5376 acc: 0.7295 time 1.43s
Epoch: 42/150 Iter: 22/96 loss: 0.5418 acc: 0.7153 time 0.88s
Epoch: 42/150 Iter: 23/96 loss: 0.6625 acc: 0.7095 time 0.91s
Epoch: 42/150 Iter: 24/96 loss: 0.6441 acc: 0.7147 time 0.80s
Epoch: 42/150 Iter: 25/96 loss: 0.6462 acc: 0.7039 time 0.77s
Epoch: 42/150 Iter: 26/96 loss: 0.6366 acc: 0.6960 time 0.79s
Epoch: 42/150 Iter: 27/96 loss: 0.6370 acc: 0.6919 time 1.48s
Epoch: 42/150 Iter: 28/96 loss: 0.6177 acc: 0.7029 time 1.43s
Epoch: 42/150 Iter: 29/96 loss: 0.6154 acc: 0.7088 time 0.87s
Epoch: 42/150 Iter: 30/96 loss: 0.5994 acc: 0.7185 time 0.95s
Epoch: 42/150 Iter: 31/96 loss: 0.5835 acc: 0.7276 time 0.72s
Epoch: 42/150 Iter: 32/96 loss: 0.5873 acc: 0.7188 time 0.77s
Epoch: 42/150 Iter: 33/96 loss: 0.5764 acc: 0.7247 time 1.49s
Epoch: 42/150 Iter: 34/96 loss: 0.5663 acc: 0.7328 time 0.93s
Epoch: 42/150 Iter: 35/96 loss: 0.5562 acc: 0.7405 time 1.41s
Epoch: 42/150 Iter: 36/96 loss: 0.5697 acc: 0.7329 time 0.76s
Epoch: 42/150 Iter: 37/96 loss: 0.5740 acc: 0.7266 time 1.45s
Epoch: 42/150 Iter: 38/96 loss: 0.5699 acc: 0.7272 time 0.78s
Epoch: 42/150 Iter: 39/96 loss: 0.5670 acc: 0.7199 time 0.81s
Epoch: 42/150 Iter: 40/96 loss: 0.5741 acc: 0.7103 time 0.87s
Epoch: 42/150 Iter: 41/96 loss: 0.5705 acc: 0.7173 time 1.45s
Epoch: 42/150 Iter: 42/96 loss: 0.5612 acc: 0.7214 time 0.94s
Epoch: 42/150 Iter: 43/96 loss: 0.5497 acc: 0.7279 time 0.76s
Epoch: 42/150 Iter: 44/96 loss: 0.5479 acc: 0.7303 time 0.92s
Epoch: 42/150 Iter: 45/96 loss: 0.5429 acc: 0.7363 time 1.43s
Epoch: 42/150 Iter: 46/96 loss: 0.5354 acc: 0.7396 time 1.44s
Epoch: 42/150 Iter: 47/96 loss: 0.5315 acc: 0.7352 time 0.92s
Epoch: 42/150 Iter: 48/96 loss: 0.5284 acc: 0.7387 time 0.89s
Epoch: 42/150 Iter: 49/96 loss: 0.5330 acc: 0.7327 time 0.75s
Epoch: 42/150 Iter: 50/96 loss: 0.5272 acc: 0.7347 time 1.46s
Epoch: 42/150 Iter: 51/96 loss: 0.5195 acc: 0.7399 time 0.93s
Epoch: 42/150 Iter: 52/96 loss: 0.5136 acc: 0.7429 time 0.75s
Epoch: 42/150 Iter: 53/96 loss: 0.5139 acc: 0.7384 time 0.81s
Epoch: 42/150 Iter: 54/96 loss: 0.5054 acc: 0.7432 time 0.87s
Epoch: 42/150 Iter: 55/96 loss: 0.5047 acc: 0.7358 time 0.93s
Epoch: 42/150 Iter: 56/96 loss: 0.5003 acc: 0.7405 time 0.90s
Epoch: 42/150 Iter: 57/96 loss: 0.4956 acc: 0.7428 time 0.78s
Epoch: 42/150 Iter: 58/96 loss: 0.4890 acc: 0.7473 time 1.45s
Epoch: 42/150 Iter: 59/96 loss: 0.5017 acc: 0.7425 time 0.77s
Epoch: 42/150 Iter: 60/96 loss: 0.4938 acc: 0.7468 time 0.77s
Epoch: 42/150 Iter: 61/96 loss: 0.4922 acc: 0.7441 time 1.47s
Epoch: 42/150 Iter: 62/96 loss: 0.5015 acc: 0.7450 time 0.91s
Epoch: 42/150 Iter: 63/96 loss: 0.5127 acc: 0.7396 time 0.78s
Epoch: 42/150 Iter: 64/96 loss: 0.5056 acc: 0.7436 time 0.79s
Epoch: 42/150 Iter: 65/96 loss: 0.5005 acc: 0.7459 time 0.76s
Epoch: 42/150 Iter: 66/96 loss: 0.5008 acc: 0.7409 time 0.88s
Epoch: 42/150 Iter: 67/96 loss: 0.5046 acc: 0.7364 time 0.91s
Epoch: 42/150 Iter: 68/96 loss: 0.5065 acc: 0.7348 time 0.78s
Epoch: 42/150 Iter: 69/96 loss: 0.5078 acc: 0.7314 time 0.81s
Epoch: 42/150 Iter: 70/96 loss: 0.5170 acc: 0.7267 time 1.41s
Epoch: 42/150 Iter: 71/96 loss: 0.5135 acc: 0.7305 time 1.46s
Epoch: 42/150 Iter: 72/96 loss: 0.5108 acc: 0.7262 time 0.87s
Epoch: 42/150 Iter: 73/96 loss: 0.5066 acc: 0.7299 time 1.42s
Epoch: 42/150 Iter: 74/96 loss: 0.5053 acc: 0.7245 time 1.44s
Epoch: 42/150 Iter: 75/96 loss: 0.5059 acc: 0.7253 time 0.85s
Epoch: 42/150 Iter: 76/96 loss: 0.5035 acc: 0.7256 time 1.38s
Epoch: 42/150 Iter: 77/96 loss: 0.5001 acc: 0.7270 time 1.39s
Epoch: 42/150 Iter: 78/96 loss: 0.4972 acc: 0.7283 time 0.79s
Epoch: 42/150 Iter: 79/96 loss: 0.4954 acc: 0.7302 time 0.85s
Epoch: 42/150 Iter: 80/96 loss: 0.4925 acc: 0.7284 time 0.88s
Epoch: 42/150 Iter: 81/96 loss: 0.4959 acc: 0.7276 time 0.78s
Epoch: 42/150 Iter: 82/96 loss: 0.5076 acc: 0.7289 time 0.74s
Epoch: 42/150 Iter: 83/96 loss: 0.5043 acc: 0.7322 time 1.47s
Epoch: 42/150 Iter: 84/96 loss: 0.5003 acc: 0.7354 time 1.38s
Epoch: 42/150 Iter: 85/96 loss: 0.4974 acc: 0.7365 time 0.70s
Epoch: 42/150 Iter: 86/96 loss: 0.4943 acc: 0.7396 time 1.40s
Epoch: 42/150 Iter: 87/96 loss: 0.4925 acc: 0.7426 time 0.74s
Epoch: 42/150 Iter: 88/96 loss: 0.4930 acc: 0.7404 time 0.74s
Epoch: 42/150 Iter: 89/96 loss: 0.4892 acc: 0.7434 time 1.38s
Epoch: 42/150 Iter: 90/96 loss: 0.4859 acc: 0.7462 time 0.78s
Epoch: 42/150 Iter: 91/96 loss: 0.4815 acc: 0.7490 time 1.38s
Epoch: 42/150 Iter: 92/96 loss: 0.4822 acc: 0.7469 time 1.42s
Epoch: 42/150 Iter: 93/96 loss: 0.4792 acc: 0.7496 time 0.76s
Epoch: 42/150 Iter: 94/96 loss: 0.4792 acc: 0.7514 time 0.74s
Epoch: 42/150 Iter: 95/96 loss: 0.4873 acc: 0.7493 time 0.72s
Epoch: 42/150 Iter: 96/96 loss: 0.4878 acc: 0.7485 time 0.77s
[Train epoch 42] avg_loss=0.4878 avg_acc=0.7485 | per-class [c0: 0.807, c1: 0.767, c2: 0.812]
Final training 42/150, loss: 0.4878, time 98.84s, lr: 0.068437
Accuracy: 0.807
class                  precision    recall   specificity      f1   support
--------------------------------------------------------------------------
0                          0.866     0.807         0.882   0.835       280
1                          0.426     0.767         0.943   0.548        30
2                          0.828     0.812         0.855   0.820       266
*----------------------------------------*
Val 42/150 1/24, Acc: 0.3333, Loss: 4.7155, time 0.42s
Val 42/150 2/24, Acc: 0.4444, Loss: 2.4809, time 0.43s
Val 42/150 3/24, Acc: 0.5370, Loss: 1.8583, time 0.41s
Val 42/150 4/24, Acc: 0.5903, Loss: 1.4656, time 0.42s
Val 42/150 5/24, Acc: 0.6472, Loss: 1.2393, time 0.54s
Val 42/150 6/24, Acc: 0.7060, Loss: 1.0721, time 0.47s
Val 42/150 7/24, Acc: 0.7480, Loss: 0.9609, time 0.42s
Val 42/150 8/24, Acc: 0.7066, Loss: 0.9534, time 0.42s
Val 42/150 9/24, Acc: 0.7281, Loss: 0.8648, time 0.46s
Val 42/150 10/24, Acc: 0.7353, Loss: 0.8244, time 0.51s
Val 42/150 11/24, Acc: 0.7492, Loss: 0.7682, time 0.52s
Val 42/150 12/24, Acc: 0.6961, Loss: 0.8058, time 0.51s
Val 42/150 13/24, Acc: 0.6810, Loss: 0.7843, time 0.53s
Val 42/150 14/24, Acc: 0.6859, Loss: 0.8020, time 0.43s
Val 42/150 15/24, Acc: 0.6846, Loss: 0.7606, time 0.41s
Val 42/150 16/24, Acc: 0.6918, Loss: 0.7464, time 0.43s
Val 42/150 17/24, Acc: 0.7100, Loss: 0.7057, time 0.48s
Val 42/150 18/24, Acc: 0.6890, Loss: 0.7191, time 0.46s
Val 42/150 19/24, Acc: 0.6949, Loss: 0.7210, time 0.43s
Val 42/150 20/24, Acc: 0.6824, Loss: 0.7342, time 0.44s
Val 42/150 21/24, Acc: 0.6975, Loss: 0.7027, time 0.45s
Val 42/150 22/24, Acc: 0.7037, Loss: 0.6980, time 0.53s
Val 42/150 23/24, Acc: 0.6900, Loss: 0.7019, time 0.39s
Val 42/150 24/24, Acc: 0.7029, Loss: 0.6790, time 0.40s
[Val epoch 42] avg_acc=0.7029 | avg_loss=0.6790 | per-class [c0: 0.600, c1: 0.750, c2: 0.909]
Final validation 42/150, Val_acc: 0.7029, time 10.93sAccuracy: 0.750
class                  precision    recall   specificity      f1   support
--------------------------------------------------------------------------
0                          0.977     0.600         0.986   0.743        70
1                          0.300     0.750         0.897   0.429         8
2                          0.741     0.909         0.731   0.816        66
*========================================*
Saving checkpoint outputs/OrganoidsINRIA_reduced/resnet18/2025-11-17-16-11/training/model_final.pt
[EarlyStopping] no improve (10/40)
[EarlyStopping] improved to 0.679024
0 Mon Nov 17 17:29:59 2025 Epoch: 43
Epoch: 43/150 Iter: 1/96 loss: 0.8923 acc: 0.4167 time 2.15s
Epoch: 43/150 Iter: 2/96 loss: 0.6438 acc: 0.5083 time 0.81s
Epoch: 43/150 Iter: 3/96 loss: 0.4700 acc: 0.6722 time 0.77s
Epoch: 43/150 Iter: 4/96 loss: 0.5123 acc: 0.6500 time 0.76s
Epoch: 43/150 Iter: 5/96 loss: 0.5111 acc: 0.6756 time 0.73s
Epoch: 43/150 Iter: 6/96 loss: 0.5623 acc: 0.6324 time 1.44s
Epoch: 43/150 Iter: 7/96 loss: 0.6053 acc: 0.6563 time 1.42s
Epoch: 43/150 Iter: 8/96 loss: 0.6063 acc: 0.6264 time 0.72s
Epoch: 43/150 Iter: 9/96 loss: 0.6299 acc: 0.6160 time 0.75s
Epoch: 43/150 Iter: 10/96 loss: 0.6160 acc: 0.6433 time 0.75s
Epoch: 43/150 Iter: 11/96 loss: 0.6599 acc: 0.6253 time 0.78s
Epoch: 43/150 Iter: 12/96 loss: 0.6143 acc: 0.6565 time 1.46s
Epoch: 43/150 Iter: 13/96 loss: 0.5950 acc: 0.6733 time 0.90s
Epoch: 43/150 Iter: 14/96 loss: 0.5882 acc: 0.6895 time 1.46s
Epoch: 43/150 Iter: 15/96 loss: 0.5737 acc: 0.7035 time 1.47s
Epoch: 43/150 Iter: 16/96 loss: 0.5428 acc: 0.7220 time 0.95s
Epoch: 43/150 Iter: 17/96 loss: 0.5255 acc: 0.7123 time 0.93s
Epoch: 43/150 Iter: 18/96 loss: 0.5152 acc: 0.7221 time 0.93s
Epoch: 43/150 Iter: 19/96 loss: 0.4936 acc: 0.7367 time 1.43s
Epoch: 43/150 Iter: 20/96 loss: 0.4882 acc: 0.7499 time 0.86s
Epoch: 43/150 Iter: 21/96 loss: 0.4750 acc: 0.7618 time 0.86s
Epoch: 43/150 Iter: 22/96 loss: 0.4625 acc: 0.7726 time 1.42s
Epoch: 43/150 Iter: 23/96 loss: 0.4623 acc: 0.7535 time 1.43s
Epoch: 43/150 Iter: 24/96 loss: 0.4838 acc: 0.7360 time 0.84s
Epoch: 43/150 Iter: 25/96 loss: 0.4726 acc: 0.7432 time 1.38s
Epoch: 43/150 Iter: 26/96 loss: 0.4714 acc: 0.7499 time 1.43s
Epoch: 43/150 Iter: 27/96 loss: 0.4591 acc: 0.7592 time 0.80s
Epoch: 43/150 Iter: 28/96 loss: 0.4667 acc: 0.7633 time 0.88s
Epoch: 43/150 Iter: 29/96 loss: 0.4567 acc: 0.7715 time 0.82s
Epoch: 43/150 Iter: 30/96 loss: 0.4533 acc: 0.7754 time 0.74s
Epoch: 43/150 Iter: 31/96 loss: 0.4462 acc: 0.7786 time 0.89s
Epoch: 43/150 Iter: 32/96 loss: 0.4485 acc: 0.7709 time 0.95s
Epoch: 43/150 Iter: 33/96 loss: 0.4473 acc: 0.7556 time 0.94s
Epoch: 43/150 Iter: 34/96 loss: 0.4460 acc: 0.7579 time 1.40s
Epoch: 43/150 Iter: 35/96 loss: 0.4529 acc: 0.7506 time 0.78s
Epoch: 43/150 Iter: 36/96 loss: 0.4429 acc: 0.7575 time 0.94s
Epoch: 43/150 Iter: 37/96 loss: 0.4401 acc: 0.7528 time 1.45s
Epoch: 43/150 Iter: 38/96 loss: 0.4360 acc: 0.7527 time 0.92s
Epoch: 43/150 Iter: 39/96 loss: 0.4284 acc: 0.7590 time 0.85s
Epoch: 43/150 Iter: 40/96 loss: 0.4257 acc: 0.7651 time 1.47s
Epoch: 43/150 Iter: 41/96 loss: 0.4285 acc: 0.7600 time 1.44s
Epoch: 43/150 Iter: 42/96 loss: 0.4380 acc: 0.7498 time 1.44s
Epoch: 43/150 Iter: 43/96 loss: 0.4342 acc: 0.7440 time 1.43s
Epoch: 43/150 Iter: 44/96 loss: 0.4259 acc: 0.7498 time 0.78s
Epoch: 43/150 Iter: 45/96 loss: 0.4244 acc: 0.7531 time 1.45s
Epoch: 43/150 Iter: 46/96 loss: 0.4342 acc: 0.7495 time 1.39s
Epoch: 43/150 Iter: 47/96 loss: 0.4285 acc: 0.7495 time 1.45s
Epoch: 43/150 Iter: 48/96 loss: 0.4216 acc: 0.7547 time 0.82s
Epoch: 43/150 Iter: 49/96 loss: 0.4198 acc: 0.7571 time 1.43s
Epoch: 43/150 Iter: 50/96 loss: 0.4142 acc: 0.7620 time 1.45s
Epoch: 43/150 Iter: 51/96 loss: 0.4319 acc: 0.7618 time 1.49s
Epoch: 43/150 Iter: 52/96 loss: 0.4242 acc: 0.7663 time 0.81s
Epoch: 43/150 Iter: 53/96 loss: 0.4215 acc: 0.7684 time 1.41s
Epoch: 43/150 Iter: 54/96 loss: 0.4197 acc: 0.7708 time 0.89s
Epoch: 43/150 Iter: 55/96 loss: 0.4181 acc: 0.7727 time 0.89s
Epoch: 43/150 Iter: 56/96 loss: 0.4180 acc: 0.7696 time 1.48s
Epoch: 43/150 Iter: 57/96 loss: 0.4206 acc: 0.7659 time 1.47s
Epoch: 43/150 Iter: 58/96 loss: 0.4187 acc: 0.7642 time 0.86s
Epoch: 43/150 Iter: 59/96 loss: 0.4147 acc: 0.7682 time 0.82s
Epoch: 43/150 Iter: 60/96 loss: 0.4180 acc: 0.7646 time 1.43s
Epoch: 43/150 Iter: 61/96 loss: 0.4193 acc: 0.7630 time 1.41s
Epoch: 43/150 Iter: 62/96 loss: 0.4189 acc: 0.7624 time 1.42s
Epoch: 43/150 Iter: 63/96 loss: 0.4227 acc: 0.7608 time 1.44s
Epoch: 43/150 Iter: 64/96 loss: 0.4196 acc: 0.7583 time 0.76s
Epoch: 43/150 Iter: 65/96 loss: 0.4239 acc: 0.7569 time 1.44s
Epoch: 43/150 Iter: 66/96 loss: 0.4216 acc: 0.7606 time 1.42s
Epoch: 43/150 Iter: 67/96 loss: 0.4303 acc: 0.7572 time 0.80s
Epoch: 43/150 Iter: 68/96 loss: 0.4253 acc: 0.7608 time 0.89s
Epoch: 43/150 Iter: 69/96 loss: 0.4282 acc: 0.7570 time 0.90s
Epoch: 43/150 Iter: 70/96 loss: 0.4238 acc: 0.7605 time 1.44s
Epoch: 43/150 Iter: 71/96 loss: 0.4199 acc: 0.7638 time 1.45s
Epoch: 43/150 Iter: 72/96 loss: 0.4172 acc: 0.7671 time 1.41s
Epoch: 43/150 Iter: 73/96 loss: 0.4122 acc: 0.7703 time 1.44s
Epoch: 43/150 Iter: 74/96 loss: 0.4190 acc: 0.7712 time 0.80s
Epoch: 43/150 Iter: 75/96 loss: 0.4195 acc: 0.7664 time 0.88s
Epoch: 43/150 Iter: 76/96 loss: 0.4183 acc: 0.7682 time 1.44s
Epoch: 43/150 Iter: 77/96 loss: 0.4150 acc: 0.7696 time 1.48s
Epoch: 43/150 Iter: 78/96 loss: 0.4217 acc: 0.7666 time 0.76s
Epoch: 43/150 Iter: 79/96 loss: 0.4221 acc: 0.7695 time 0.93s
Epoch: 43/150 Iter: 80/96 loss: 0.4370 acc: 0.7641 time 0.80s
Epoch: 43/150 Iter: 81/96 loss: 0.4363 acc: 0.7642 time 1.40s
Epoch: 43/150 Iter: 82/96 loss: 0.4326 acc: 0.7671 time 0.75s
Epoch: 43/150 Iter: 83/96 loss: 0.4304 acc: 0.7684 time 1.36s
Epoch: 43/150 Iter: 84/96 loss: 0.4260 acc: 0.7712 time 0.74s
Epoch: 43/150 Iter: 85/96 loss: 0.4226 acc: 0.7739 time 0.72s
Epoch: 43/150 Iter: 86/96 loss: 0.4212 acc: 0.7765 time 1.41s
Epoch: 43/150 Iter: 87/96 loss: 0.4188 acc: 0.7791 time 1.39s
Epoch: 43/150 Iter: 88/96 loss: 0.4178 acc: 0.7765 time 0.74s
Epoch: 43/150 Iter: 89/96 loss: 0.4210 acc: 0.7762 time 1.45s
Epoch: 43/150 Iter: 90/96 loss: 0.4183 acc: 0.7787 time 0.90s
Epoch: 43/150 Iter: 91/96 loss: 0.4159 acc: 0.7811 time 0.72s
Epoch: 43/150 Iter: 92/96 loss: 0.4156 acc: 0.7817 time 0.71s
Epoch: 43/150 Iter: 93/96 loss: 0.4199 acc: 0.7778 time 1.39s
Epoch: 43/150 Iter: 94/96 loss: 0.4287 acc: 0.7766 time 0.73s
Epoch: 43/150 Iter: 95/96 loss: 0.4288 acc: 0.7778 time 0.72s
Epoch: 43/150 Iter: 96/96 loss: 0.4272 acc: 0.7791 time 0.73s
[Train epoch 43] avg_loss=0.4272 avg_acc=0.7791 | per-class [c0: 0.826, c1: 0.900, c2: 0.830]
Final training 43/150, loss: 0.4272, time 106.53s, lr: 0.067821
Accuracy: 0.832
class                  precision    recall   specificity      f1   support
--------------------------------------------------------------------------
0                          0.896     0.826         0.908   0.859       281
1                          0.466     0.900         0.943   0.614        30
2                          0.849     0.830         0.875   0.840       265
*----------------------------------------*
0 Mon Nov 17 17:31:45 2025 Epoch: 44
Epoch: 44/150 Iter: 1/96 loss: 0.3114 acc: 1.0000 time 2.13s
Epoch: 44/150 Iter: 2/96 loss: 0.2739 acc: 1.0000 time 0.87s
Epoch: 44/150 Iter: 3/96 loss: 0.4518 acc: 0.9000 time 1.42s
Epoch: 44/150 Iter: 4/96 loss: 0.5222 acc: 0.7917 time 1.46s
Epoch: 44/150 Iter: 5/96 loss: 0.5857 acc: 0.7222 time 0.86s
Epoch: 44/150 Iter: 6/96 loss: 0.5429 acc: 0.7519 time 0.82s
Epoch: 44/150 Iter: 7/96 loss: 0.5217 acc: 0.7730 time 1.44s
Epoch: 44/150 Iter: 8/96 loss: 0.5518 acc: 0.7389 time 0.95s
Epoch: 44/150 Iter: 9/96 loss: 0.5128 acc: 0.7586 time 0.78s
Epoch: 44/150 Iter: 10/96 loss: 0.5817 acc: 0.7050 time 0.89s
Epoch: 44/150 Iter: 11/96 loss: 0.5919 acc: 0.7015 time 0.93s
Epoch: 44/150 Iter: 12/96 loss: 0.5666 acc: 0.7264 time 1.43s
Epoch: 44/150 Iter: 13/96 loss: 0.5363 acc: 0.7474 time 1.46s
Epoch: 44/150 Iter: 14/96 loss: 0.5493 acc: 0.7179 time 1.44s
Epoch: 44/150 Iter: 15/96 loss: 0.5183 acc: 0.7367 time 0.78s
Epoch: 44/150 Iter: 16/96 loss: 0.5078 acc: 0.7531 time 1.49s
Epoch: 44/150 Iter: 17/96 loss: 0.5463 acc: 0.7284 time 0.81s
Epoch: 44/150 Iter: 18/96 loss: 0.5412 acc: 0.7343 time 0.85s
Epoch: 44/150 Iter: 19/96 loss: 0.5363 acc: 0.7351 time 1.44s
Epoch: 44/150 Iter: 20/96 loss: 0.5199 acc: 0.7483 time 0.92s
Epoch: 44/150 Iter: 21/96 loss: 0.5244 acc: 0.7392 time 0.77s
Epoch: 44/150 Iter: 22/96 loss: 0.5169 acc: 0.7308 time 1.49s
Epoch: 44/150 Iter: 23/96 loss: 0.5327 acc: 0.7208 time 0.88s
Epoch: 44/150 Iter: 24/96 loss: 0.5166 acc: 0.7324 time 0.90s
Epoch: 44/150 Iter: 25/96 loss: 0.5090 acc: 0.7398 time 0.91s
Epoch: 44/150 Iter: 26/96 loss: 0.5040 acc: 0.7327 time 0.90s
Epoch: 44/150 Iter: 27/96 loss: 0.5180 acc: 0.7200 time 1.48s
Epoch: 44/150 Iter: 28/96 loss: 0.5018 acc: 0.7300 time 1.48s
Epoch: 44/150 Iter: 29/96 loss: 0.5303 acc: 0.7209 time 1.48s
Epoch: 44/150 Iter: 30/96 loss: 0.5218 acc: 0.7260 time 1.46s
Epoch: 44/150 Iter: 31/96 loss: 0.5078 acc: 0.7349 time 0.90s
Epoch: 44/150 Iter: 32/96 loss: 0.5007 acc: 0.7431 time 0.76s
Epoch: 44/150 Iter: 33/96 loss: 0.5102 acc: 0.7341 time 1.46s
Epoch: 44/150 Iter: 34/96 loss: 0.5056 acc: 0.7390 time 0.74s
Epoch: 44/150 Iter: 35/96 loss: 0.5046 acc: 0.7429 time 0.76s
Epoch: 44/150 Iter: 36/96 loss: 0.5029 acc: 0.7361 time 0.87s
Epoch: 44/150 Iter: 37/96 loss: 0.4904 acc: 0.7432 time 0.80s
Epoch: 44/150 Iter: 38/96 loss: 0.4788 acc: 0.7500 time 0.74s
Epoch: 44/150 Iter: 39/96 loss: 0.4727 acc: 0.7521 time 0.93s
Epoch: 44/150 Iter: 40/96 loss: 0.4680 acc: 0.7583 time 0.82s
Epoch: 44/150 Iter: 41/96 loss: 0.4632 acc: 0.7642 time 0.86s
Epoch: 44/150 Iter: 42/96 loss: 0.4589 acc: 0.7669 time 1.42s
Epoch: 44/150 Iter: 43/96 loss: 0.4513 acc: 0.7723 time 1.48s
Epoch: 44/150 Iter: 44/96 loss: 0.4633 acc: 0.7661 time 0.78s
Epoch: 44/150 Iter: 45/96 loss: 0.4586 acc: 0.7676 time 0.77s
Epoch: 44/150 Iter: 46/96 loss: 0.4567 acc: 0.7672 time 1.48s
Epoch: 44/150 Iter: 47/96 loss: 0.4516 acc: 0.7722 time 1.43s
Epoch: 44/150 Iter: 48/96 loss: 0.4587 acc: 0.7707 time 1.45s
Epoch: 44/150 Iter: 49/96 loss: 0.4639 acc: 0.7651 time 0.91s
Epoch: 44/150 Iter: 50/96 loss: 0.4722 acc: 0.7558 time 0.88s
Epoch: 44/150 Iter: 51/96 loss: 0.4651 acc: 0.7606 time 0.93s
Epoch: 44/150 Iter: 52/96 loss: 0.4734 acc: 0.7524 time 0.90s
Epoch: 44/150 Iter: 53/96 loss: 0.4675 acc: 0.7571 time 0.79s
Epoch: 44/150 Iter: 54/96 loss: 0.4716 acc: 0.7508 time 0.76s
Epoch: 44/150 Iter: 55/96 loss: 0.4690 acc: 0.7492 time 0.87s
Epoch: 44/150 Iter: 56/96 loss: 0.4637 acc: 0.7537 time 1.45s
Epoch: 44/150 Iter: 57/96 loss: 0.4610 acc: 0.7551 time 1.42s
Epoch: 44/150 Iter: 58/96 loss: 0.4560 acc: 0.7593 time 1.40s
Epoch: 44/150 Iter: 59/96 loss: 0.4541 acc: 0.7613 time 1.39s
Epoch: 44/150 Iter: 60/96 loss: 0.4490 acc: 0.7653 time 1.42s
Epoch: 44/150 Iter: 61/96 loss: 0.4545 acc: 0.7618 time 0.94s
Epoch: 44/150 Iter: 62/96 loss: 0.4539 acc: 0.7616 time 0.76s
Epoch: 44/150 Iter: 63/96 loss: 0.4472 acc: 0.7654 time 1.44s
Epoch: 44/150 Iter: 64/96 loss: 0.4542 acc: 0.7665 time 0.90s
Epoch: 44/150 Iter: 65/96 loss: 0.4493 acc: 0.7701 time 0.94s
Epoch: 44/150 Iter: 66/96 loss: 0.5101 acc: 0.7652 time 0.77s
Epoch: 44/150 Iter: 67/96 loss: 0.5073 acc: 0.7612 time 1.44s
Epoch: 44/150 Iter: 68/96 loss: 0.5064 acc: 0.7574 time 1.45s
Epoch: 44/150 Iter: 69/96 loss: 0.5083 acc: 0.7580 time 1.40s
Epoch: 44/150 Iter: 70/96 loss: 0.5149 acc: 0.7551 time 1.44s
Epoch: 44/150 Iter: 71/96 loss: 0.5094 acc: 0.7585 time 0.84s
Epoch: 44/150 Iter: 72/96 loss: 0.5097 acc: 0.7557 time 1.42s
Epoch: 44/150 Iter: 73/96 loss: 0.5065 acc: 0.7568 time 1.47s
Epoch: 44/150 Iter: 74/96 loss: 0.5039 acc: 0.7578 time 0.88s
Epoch: 44/150 Iter: 75/96 loss: 0.5002 acc: 0.7544 time 1.45s
Epoch: 44/150 Iter: 76/96 loss: 0.4971 acc: 0.7576 time 1.43s
Epoch: 44/150 Iter: 77/96 loss: 0.4952 acc: 0.7532 time 0.85s
Epoch: 44/150 Iter: 78/96 loss: 0.4924 acc: 0.7521 time 1.45s
Epoch: 44/150 Iter: 79/96 loss: 0.4945 acc: 0.7482 time 0.77s
Epoch: 44/150 Iter: 80/96 loss: 0.5002 acc: 0.7440 time 1.46s
Epoch: 44/150 Iter: 81/96 loss: 0.5020 acc: 0.7403 time 0.75s
Epoch: 44/150 Iter: 82/96 loss: 0.4989 acc: 0.7425 time 0.73s
Epoch: 44/150 Iter: 83/96 loss: 0.4963 acc: 0.7416 time 1.36s
Epoch: 44/150 Iter: 84/96 loss: 0.4931 acc: 0.7427 time 1.43s
Epoch: 44/150 Iter: 85/96 loss: 0.4934 acc: 0.7437 time 0.76s
Epoch: 44/150 Iter: 86/96 loss: 0.4922 acc: 0.7402 time 1.37s
Epoch: 44/150 Iter: 87/96 loss: 0.4908 acc: 0.7404 time 0.70s
Epoch: 44/150 Iter: 88/96 loss: 0.4925 acc: 0.7410 time 0.75s
Epoch: 44/150 Iter: 89/96 loss: 0.4915 acc: 0.7439 time 0.74s
Epoch: 44/150 Iter: 90/96 loss: 0.4913 acc: 0.7454 time 0.74s
Epoch: 44/150 Iter: 91/96 loss: 0.5030 acc: 0.7400 time 0.69s
Epoch: 44/150 Iter: 92/96 loss: 0.4999 acc: 0.7428 time 0.76s
Epoch: 44/150 Iter: 93/96 loss: 0.4974 acc: 0.7442 time 0.74s
Epoch: 44/150 Iter: 94/96 loss: 0.4966 acc: 0.7429 time 1.38s
Epoch: 44/150 Iter: 95/96 loss: 0.4979 acc: 0.7413 time 0.76s
Epoch: 44/150 Iter: 96/96 loss: 0.5053 acc: 0.7384 time 1.38s
[Train epoch 44] avg_loss=0.5053 avg_acc=0.7384 | per-class [c0: 0.800, c1: 0.800, c2: 0.797]
Final training 44/150, loss: 0.5053, time 105.08s, lr: 0.067192
Accuracy: 0.799
class                  precision    recall   specificity      f1   support
--------------------------------------------------------------------------
0                          0.868     0.800         0.885   0.833       280
1                          0.414     0.800         0.938   0.545        30
2                          0.815     0.797         0.845   0.806       266
*----------------------------------------*
Val 44/150 1/24, Acc: 0.3889, Loss: 7.7478, time 0.44s
Val 44/150 2/24, Acc: 0.4722, Loss: 4.0121, time 0.46s
Val 44/150 3/24, Acc: 0.4815, Loss: 2.9393, time 0.42s
Val 44/150 4/24, Acc: 0.5799, Loss: 2.3061, time 0.50s
Val 44/150 5/24, Acc: 0.6139, Loss: 1.8970, time 0.54s
Val 44/150 6/24, Acc: 0.6574, Loss: 1.6164, time 0.48s
Val 44/150 7/24, Acc: 0.6885, Loss: 1.4383, time 0.45s
Val 44/150 8/24, Acc: 0.6753, Loss: 1.3055, time 0.42s
Val 44/150 9/24, Acc: 0.7114, Loss: 1.1821, time 0.41s
Val 44/150 10/24, Acc: 0.7403, Loss: 1.0680, time 0.52s
Val 44/150 11/24, Acc: 0.7639, Loss: 0.9872, time 0.47s
Val 44/150 12/24, Acc: 0.7836, Loss: 0.9258, time 0.44s
Val 44/150 13/24, Acc: 0.7553, Loss: 0.8923, time 0.45s
Val 44/150 14/24, Acc: 0.7728, Loss: 0.8509, time 0.42s
Val 44/150 15/24, Acc: 0.7824, Loss: 0.8208, time 0.43s
Val 44/150 16/24, Acc: 0.7960, Loss: 0.7760, time 0.43s
Val 44/150 17/24, Acc: 0.8007, Loss: 0.7449, time 0.52s
Val 44/150 18/24, Acc: 0.8117, Loss: 0.7217, time 0.43s
Val 44/150 19/24, Acc: 0.8216, Loss: 0.6893, time 0.44s
Val 44/150 20/24, Acc: 0.8083, Loss: 0.6758, time 0.44s
Val 44/150 21/24, Acc: 0.8115, Loss: 0.6592, time 0.45s
Val 44/150 22/24, Acc: 0.8049, Loss: 0.6601, time 0.53s
Val 44/150 23/24, Acc: 0.7844, Loss: 0.6744, time 0.38s
Val 44/150 24/24, Acc: 0.7934, Loss: 0.6546, time 0.40s
[Val epoch 44] avg_acc=0.7934 | avg_loss=0.6546 | per-class [c0: 0.943, c1: 0.625, c2: 0.773]
Final validation 44/150, Val_acc: 0.7934, time 10.88sAccuracy: 0.847
class                  precision    recall   specificity      f1   support
--------------------------------------------------------------------------
0                          0.846     0.943         0.838   0.892        70
1                          0.455     0.625         0.956   0.526         8
2                          0.927     0.773         0.949   0.843        66
*========================================*
Saving checkpoint outputs/OrganoidsINRIA_reduced/resnet18/2025-11-17-16-11/training/model_final.pt
[EarlyStopping] no improve (11/40)
[EarlyStopping] improved to 0.654564
0 Mon Nov 17 17:33:45 2025 Epoch: 45
Epoch: 45/150 Iter: 1/96 loss: 0.8933 acc: 0.5000 time 3.23s
Epoch: 45/150 Iter: 2/96 loss: 0.5246 acc: 0.7500 time 1.91s
Epoch: 45/150 Iter: 3/96 loss: 0.5108 acc: 0.7593 time 0.74s
Epoch: 45/150 Iter: 4/96 loss: 0.4984 acc: 0.7361 time 0.80s
Epoch: 45/150 Iter: 5/96 loss: 0.4863 acc: 0.7667 time 0.89s
Epoch: 45/150 Iter: 6/96 loss: 0.4970 acc: 0.7083 time 0.88s
Epoch: 45/150 Iter: 7/96 loss: 0.5263 acc: 0.7321 time 0.90s
Epoch: 45/150 Iter: 8/96 loss: 0.4937 acc: 0.7531 time 1.91s
Epoch: 45/150 Iter: 9/96 loss: 0.4937 acc: 0.7435 time 1.93s
Epoch: 45/150 Iter: 10/96 loss: 0.4696 acc: 0.7442 time 0.88s
Epoch: 45/150 Iter: 11/96 loss: 0.5286 acc: 0.7371 time 1.93s
Epoch: 45/150 Iter: 12/96 loss: 0.5084 acc: 0.7590 time 1.85s
Epoch: 45/150 Iter: 13/96 loss: 0.4988 acc: 0.7712 time 0.82s
Epoch: 45/150 Iter: 14/96 loss: 0.5100 acc: 0.7518 time 1.92s
Epoch: 45/150 Iter: 15/96 loss: 0.4838 acc: 0.7683 time 1.85s
Epoch: 45/150 Iter: 16/96 loss: 0.4697 acc: 0.7828 time 0.76s
Epoch: 45/150 Iter: 17/96 loss: 0.4769 acc: 0.7760 time 0.74s
Epoch: 45/150 Iter: 18/96 loss: 0.4611 acc: 0.7884 time 1.88s
Epoch: 45/150 Iter: 19/96 loss: 0.4764 acc: 0.7750 time 1.84s
Epoch: 45/150 Iter: 20/96 loss: 0.4680 acc: 0.7779 time 1.86s
Epoch: 45/150 Iter: 21/96 loss: 0.4513 acc: 0.7885 time 1.90s
Epoch: 45/150 Iter: 22/96 loss: 0.4472 acc: 0.7779 time 0.81s
Epoch: 45/150 Iter: 23/96 loss: 0.4466 acc: 0.7821 time 1.89s
Epoch: 45/150 Iter: 24/96 loss: 0.4383 acc: 0.7808 time 1.88s
Epoch: 45/150 Iter: 25/96 loss: 0.4216 acc: 0.7896 time 0.90s
Epoch: 45/150 Iter: 26/96 loss: 0.4123 acc: 0.7976 time 1.91s
Epoch: 45/150 Iter: 27/96 loss: 0.4168 acc: 0.8010 time 0.88s
Epoch: 45/150 Iter: 28/96 loss: 0.4282 acc: 0.8037 time 1.90s
Epoch: 45/150 Iter: 29/96 loss: 0.4268 acc: 0.8070 time 1.92s
Epoch: 45/150 Iter: 30/96 loss: 0.4268 acc: 0.8079 time 0.76s
Epoch: 45/150 Iter: 31/96 loss: 0.4248 acc: 0.8069 time 1.92s
Epoch: 45/150 Iter: 32/96 loss: 0.4474 acc: 0.7886 time 0.75s
Epoch: 45/150 Iter: 33/96 loss: 0.4375 acc: 0.7950 time 1.86s
Epoch: 45/150 Iter: 34/96 loss: 0.4262 acc: 0.8011 time 0.80s
Epoch: 45/150 Iter: 35/96 loss: 0.4218 acc: 0.7988 time 0.74s
Epoch: 45/150 Iter: 36/96 loss: 0.4375 acc: 0.7905 time 0.78s
Epoch: 45/150 Iter: 37/96 loss: 0.4541 acc: 0.7782 time 1.91s
Epoch: 45/150 Iter: 38/96 loss: 0.4499 acc: 0.7730 time 0.86s
Epoch: 45/150 Iter: 39/96 loss: 0.4659 acc: 0.7575 time 0.77s
Epoch: 45/150 Iter: 40/96 loss: 0.4627 acc: 0.7594 time 0.77s
Epoch: 45/150 Iter: 41/96 loss: 0.4544 acc: 0.7652 time 0.88s
Epoch: 45/150 Iter: 42/96 loss: 0.4465 acc: 0.7708 time 1.86s
Epoch: 45/150 Iter: 43/96 loss: 0.4404 acc: 0.7733 time 0.79s
Epoch: 45/150 Iter: 44/96 loss: 0.4347 acc: 0.7784 time 0.89s
Epoch: 45/150 Iter: 45/96 loss: 0.4374 acc: 0.7759 time 0.75s
Epoch: 45/150 Iter: 46/96 loss: 0.4324 acc: 0.7772 time 0.82s
Epoch: 45/150 Iter: 47/96 loss: 0.4274 acc: 0.7819 time 1.88s
Epoch: 45/150 Iter: 48/96 loss: 0.4608 acc: 0.7778 time 1.87s
Epoch: 45/150 Iter: 49/96 loss: 0.4631 acc: 0.7728 time 1.88s
Epoch: 45/150 Iter: 50/96 loss: 0.4582 acc: 0.7690 time 0.76s
Epoch: 45/150 Iter: 51/96 loss: 0.4554 acc: 0.7654 time 0.90s
Epoch: 45/150 Iter: 52/96 loss: 0.4566 acc: 0.7619 time 0.79s
Epoch: 45/150 Iter: 53/96 loss: 0.4587 acc: 0.7616 time 1.89s
Epoch: 45/150 Iter: 54/96 loss: 0.4614 acc: 0.7614 time 0.76s
Epoch: 45/150 Iter: 55/96 loss: 0.4614 acc: 0.7621 time 0.88s
Epoch: 45/150 Iter: 56/96 loss: 0.4600 acc: 0.7664 time 0.78s
Epoch: 45/150 Iter: 57/96 loss: 0.4761 acc: 0.7558 time 0.83s
Epoch: 45/150 Iter: 58/96 loss: 0.4720 acc: 0.7601 time 1.90s
Epoch: 45/150 Iter: 59/96 loss: 0.4654 acc: 0.7641 time 1.88s
Epoch: 45/150 Iter: 60/96 loss: 0.4628 acc: 0.7681 time 1.87s
Epoch: 45/150 Iter: 61/96 loss: 0.4568 acc: 0.7719 time 1.88s
Epoch: 45/150 Iter: 62/96 loss: 0.4576 acc: 0.7688 time 1.88s
Epoch: 45/150 Iter: 63/96 loss: 0.4515 acc: 0.7725 time 1.89s
Epoch: 45/150 Iter: 64/96 loss: 0.4475 acc: 0.7747 time 0.77s
Epoch: 45/150 Iter: 65/96 loss: 0.4450 acc: 0.7782 time 0.91s
Epoch: 45/150 Iter: 66/96 loss: 0.4464 acc: 0.7745 time 0.86s
Epoch: 45/150 Iter: 67/96 loss: 0.4433 acc: 0.7754 time 0.78s
Epoch: 45/150 Iter: 68/96 loss: 0.4426 acc: 0.7762 time 1.94s
Epoch: 45/150 Iter: 69/96 loss: 0.4520 acc: 0.7698 time 0.87s
Epoch: 45/150 Iter: 70/96 loss: 0.4513 acc: 0.7683 time 1.91s
Epoch: 45/150 Iter: 71/96 loss: 0.4477 acc: 0.7716 time 0.74s
Epoch: 45/150 Iter: 72/96 loss: 0.4493 acc: 0.7690 time 0.80s
Epoch: 45/150 Iter: 73/96 loss: 0.4481 acc: 0.7699 time 0.93s
Epoch: 45/150 Iter: 74/96 loss: 0.4498 acc: 0.7662 time 0.76s
Epoch: 45/150 Iter: 75/96 loss: 0.4462 acc: 0.7693 time 0.87s
Epoch: 45/150 Iter: 76/96 loss: 0.4437 acc: 0.7665 time 0.75s
Epoch: 45/150 Iter: 77/96 loss: 0.4502 acc: 0.7652 time 0.86s
Epoch: 45/150 Iter: 78/96 loss: 0.4530 acc: 0.7650 time 0.92s
Epoch: 45/150 Iter: 79/96 loss: 0.4496 acc: 0.7664 time 0.93s
Epoch: 45/150 Iter: 80/96 loss: 0.4460 acc: 0.7693 time 0.87s
Epoch: 45/150 Iter: 81/96 loss: 0.4549 acc: 0.7664 time 0.76s
Epoch: 45/150 Iter: 82/96 loss: 0.4522 acc: 0.7693 time 0.73s
Epoch: 45/150 Iter: 83/96 loss: 0.4482 acc: 0.7721 time 0.85s
Epoch: 45/150 Iter: 84/96 loss: 0.4443 acc: 0.7748 time 1.84s
Epoch: 45/150 Iter: 85/96 loss: 0.4398 acc: 0.7774 time 1.85s
Epoch: 45/150 Iter: 86/96 loss: 0.4417 acc: 0.7781 time 0.73s
Epoch: 45/150 Iter: 87/96 loss: 0.4453 acc: 0.7768 time 1.84s
Epoch: 45/150 Iter: 88/96 loss: 0.4464 acc: 0.7784 time 1.83s
Epoch: 45/150 Iter: 89/96 loss: 0.4470 acc: 0.7752 time 1.81s
Epoch: 45/150 Iter: 90/96 loss: 0.4428 acc: 0.7777 time 1.84s
Epoch: 45/150 Iter: 91/96 loss: 0.4424 acc: 0.7765 time 0.69s
Epoch: 45/150 Iter: 92/96 loss: 0.4393 acc: 0.7790 time 0.71s
Epoch: 45/150 Iter: 93/96 loss: 0.4417 acc: 0.7763 time 1.80s
Epoch: 45/150 Iter: 94/96 loss: 0.4438 acc: 0.7725 time 1.88s
Epoch: 45/150 Iter: 95/96 loss: 0.4473 acc: 0.7700 time 0.69s
Epoch: 45/150 Iter: 96/96 loss: 0.4472 acc: 0.7682 time 0.76s
[Train epoch 45] avg_loss=0.4472 avg_acc=0.7682 | per-class [c0: 0.811, c1: 0.867, c2: 0.823]
Final training 45/150, loss: 0.4472, time 123.12s, lr: 0.066550
Accuracy: 0.819
class                  precision    recall   specificity      f1   support
--------------------------------------------------------------------------
0                          0.890     0.811         0.905   0.849       280
1                          0.400     0.867         0.929   0.547        30
2                          0.855     0.823         0.881   0.839       266
*----------------------------------------*
0 Mon Nov 17 17:35:49 2025 Epoch: 46
Epoch: 46/150 Iter: 1/96 loss: 0.3962 acc: 1.0000 time 2.17s
Epoch: 46/150 Iter: 2/96 loss: 0.4789 acc: 0.8333 time 1.87s
Epoch: 46/150 Iter: 3/96 loss: 0.4687 acc: 0.8148 time 0.80s
Epoch: 46/150 Iter: 4/96 loss: 0.4321 acc: 0.8194 time 1.88s
Epoch: 46/150 Iter: 5/96 loss: 0.5968 acc: 0.7489 time 1.88s
Epoch: 46/150 Iter: 6/96 loss: 0.5970 acc: 0.7130 time 0.91s
Epoch: 46/150 Iter: 7/96 loss: 0.5556 acc: 0.6944 time 0.87s
Epoch: 46/150 Iter: 8/96 loss: 0.5466 acc: 0.6597 time 0.83s
Epoch: 46/150 Iter: 9/96 loss: 0.5193 acc: 0.6790 time 0.88s
Epoch: 46/150 Iter: 10/96 loss: 0.5211 acc: 0.6778 time 0.80s
Epoch: 46/150 Iter: 11/96 loss: 0.4860 acc: 0.7071 time 0.95s
Epoch: 46/150 Iter: 12/96 loss: 0.4811 acc: 0.7315 time 1.91s
Epoch: 46/150 Iter: 13/96 loss: 0.4639 acc: 0.7425 time 1.91s
Epoch: 46/150 Iter: 14/96 loss: 0.4534 acc: 0.7252 time 0.90s
Epoch: 46/150 Iter: 15/96 loss: 0.4343 acc: 0.7435 time 0.79s
Epoch: 46/150 Iter: 16/96 loss: 0.4319 acc: 0.7517 time 0.79s
Epoch: 46/150 Iter: 17/96 loss: 0.4479 acc: 0.7516 time 0.87s
Epoch: 46/150 Iter: 18/96 loss: 0.4430 acc: 0.7654 time 1.87s
Epoch: 46/150 Iter: 19/96 loss: 0.4352 acc: 0.7602 time 1.87s
Epoch: 46/150 Iter: 20/96 loss: 0.4325 acc: 0.7660 time 1.93s
Epoch: 46/150 Iter: 21/96 loss: 0.4301 acc: 0.7724 time 0.91s
Epoch: 46/150 Iter: 22/96 loss: 0.4500 acc: 0.7657 time 1.90s
Epoch: 46/150 Iter: 23/96 loss: 0.4654 acc: 0.7505 time 0.77s
Epoch: 46/150 Iter: 24/96 loss: 0.4632 acc: 0.7563 time 1.89s
Epoch: 46/150 Iter: 25/96 loss: 0.4727 acc: 0.7438 time 1.89s
Epoch: 46/150 Iter: 26/96 loss: 0.4629 acc: 0.7536 time 0.87s
Epoch: 46/150 Iter: 27/96 loss: 0.4511 acc: 0.7628 time 1.83s
Epoch: 46/150 Iter: 28/96 loss: 0.4748 acc: 0.7427 time 0.78s
Epoch: 46/150 Iter: 29/96 loss: 0.4672 acc: 0.7515 time 1.91s
Epoch: 46/150 Iter: 30/96 loss: 0.4638 acc: 0.7443 time 0.73s
Epoch: 46/150 Iter: 31/96 loss: 0.4538 acc: 0.7525 time 0.85s
Epoch: 46/150 Iter: 32/96 loss: 0.4522 acc: 0.7602 time 0.87s
Epoch: 46/150 Iter: 33/96 loss: 0.4499 acc: 0.7561 time 1.89s
Epoch: 46/150 Iter: 34/96 loss: 0.4439 acc: 0.7604 time 1.81s
Epoch: 46/150 Iter: 35/96 loss: 0.4420 acc: 0.7637 time 0.84s
Epoch: 46/150 Iter: 36/96 loss: 0.4404 acc: 0.7656 time 1.89s
Epoch: 46/150 Iter: 37/96 loss: 0.4345 acc: 0.7719 time 1.89s
Epoch: 46/150 Iter: 38/96 loss: 0.4252 acc: 0.7779 time 0.76s
Epoch: 46/150 Iter: 39/96 loss: 0.4164 acc: 0.7836 time 1.88s
Epoch: 46/150 Iter: 40/96 loss: 0.4242 acc: 0.7765 time 0.79s
Epoch: 46/150 Iter: 41/96 loss: 0.4202 acc: 0.7789 time 1.87s
Epoch: 46/150 Iter: 42/96 loss: 0.4131 acc: 0.7842 time 0.75s
Epoch: 46/150 Iter: 43/96 loss: 0.4065 acc: 0.7892 time 0.77s
Epoch: 46/150 Iter: 44/96 loss: 0.4026 acc: 0.7940 time 0.73s
Epoch: 46/150 Iter: 45/96 loss: 0.3987 acc: 0.7986 time 1.87s
Epoch: 46/150 Iter: 46/96 loss: 0.3959 acc: 0.7939 time 1.90s
Epoch: 46/150 Iter: 47/96 loss: 0.3890 acc: 0.7983 time 0.82s
Epoch: 46/150 Iter: 48/96 loss: 0.3934 acc: 0.7938 time 0.86s
Epoch: 46/150 Iter: 49/96 loss: 0.3991 acc: 0.7912 time 1.92s
Epoch: 46/150 Iter: 50/96 loss: 0.3961 acc: 0.7937 time 0.76s
Epoch: 46/150 Iter: 51/96 loss: 0.3932 acc: 0.7978 time 1.90s
Epoch: 46/150 Iter: 52/96 loss: 0.4005 acc: 0.7952 time 0.80s
Epoch: 46/150 Iter: 53/96 loss: 0.3953 acc: 0.7991 time 0.79s
Epoch: 46/150 Iter: 54/96 loss: 0.4013 acc: 0.7997 time 0.81s
Epoch: 46/150 Iter: 55/96 loss: 0.3979 acc: 0.7988 time 1.91s
Epoch: 46/150 Iter: 56/96 loss: 0.3956 acc: 0.8002 time 0.79s
Epoch: 46/150 Iter: 57/96 loss: 0.3989 acc: 0.7993 time 0.81s
Epoch: 46/150 Iter: 58/96 loss: 0.3945 acc: 0.8028 time 0.89s
Epoch: 46/150 Iter: 59/96 loss: 0.3908 acc: 0.8014 time 0.77s
Epoch: 46/150 Iter: 60/96 loss: 0.3973 acc: 0.7922 time 1.87s
Epoch: 46/150 Iter: 61/96 loss: 0.3938 acc: 0.7938 time 0.87s
Epoch: 46/150 Iter: 62/96 loss: 0.3884 acc: 0.7971 time 0.87s
Epoch: 46/150 Iter: 63/96 loss: 0.3856 acc: 0.8004 time 0.90s
Epoch: 46/150 Iter: 64/96 loss: 0.3818 acc: 0.8035 time 1.85s
Epoch: 46/150 Iter: 65/96 loss: 0.3854 acc: 0.8039 time 0.76s
Epoch: 46/150 Iter: 66/96 loss: 0.3891 acc: 0.7985 time 1.93s
Epoch: 46/150 Iter: 67/96 loss: 0.3901 acc: 0.7978 time 0.77s
Epoch: 46/150 Iter: 68/96 loss: 0.4012 acc: 0.7978 time 0.72s
Epoch: 46/150 Iter: 69/96 loss: 0.3995 acc: 0.7935 time 1.89s
Epoch: 46/150 Iter: 70/96 loss: 0.4131 acc: 0.7940 time 1.88s
Epoch: 46/150 Iter: 71/96 loss: 0.4143 acc: 0.7876 time 1.87s
Epoch: 46/150 Iter: 72/96 loss: 0.4109 acc: 0.7905 time 0.97s
Epoch: 46/150 Iter: 73/96 loss: 0.4072 acc: 0.7934 time 1.86s
Epoch: 46/150 Iter: 74/96 loss: 0.4036 acc: 0.7962 time 0.72s
Epoch: 46/150 Iter: 75/96 loss: 0.4043 acc: 0.7972 time 1.91s
Epoch: 46/150 Iter: 76/96 loss: 0.4107 acc: 0.7933 time 1.90s
Epoch: 46/150 Iter: 77/96 loss: 0.4081 acc: 0.7960 time 0.78s
Epoch: 46/150 Iter: 78/96 loss: 0.4041 acc: 0.7986 time 1.90s
Epoch: 46/150 Iter: 79/96 loss: 0.4021 acc: 0.8012 time 1.86s
Epoch: 46/150 Iter: 80/96 loss: 0.4082 acc: 0.7974 time 1.89s
Epoch: 46/150 Iter: 81/96 loss: 0.4072 acc: 0.7999 time 0.69s
Epoch: 46/150 Iter: 82/96 loss: 0.4050 acc: 0.8023 time 0.76s
Epoch: 46/150 Iter: 83/96 loss: 0.4039 acc: 0.8037 time 0.70s
Epoch: 46/150 Iter: 84/96 loss: 0.4008 acc: 0.8061 time 1.82s
Epoch: 46/150 Iter: 85/96 loss: 0.3974 acc: 0.8083 time 1.90s
Epoch: 46/150 Iter: 86/96 loss: 0.3947 acc: 0.8106 time 1.84s
Epoch: 46/150 Iter: 87/96 loss: 0.3929 acc: 0.8089 time 1.80s
Epoch: 46/150 Iter: 88/96 loss: 0.3901 acc: 0.8111 time 0.78s
Epoch: 46/150 Iter: 89/96 loss: 0.3876 acc: 0.8120 time 0.74s
Epoch: 46/150 Iter: 90/96 loss: 0.3852 acc: 0.8140 time 1.94s
Epoch: 46/150 Iter: 91/96 loss: 0.3879 acc: 0.8124 time 0.70s
Epoch: 46/150 Iter: 92/96 loss: 0.3847 acc: 0.8145 time 1.91s
Epoch: 46/150 Iter: 93/96 loss: 0.3957 acc: 0.8102 time 0.78s
Epoch: 46/150 Iter: 94/96 loss: 0.3936 acc: 0.8122 time 0.79s
Epoch: 46/150 Iter: 95/96 loss: 0.3931 acc: 0.8142 time 0.76s
Epoch: 46/150 Iter: 96/96 loss: 0.3925 acc: 0.8138 time 1.85s
[Train epoch 46] avg_loss=0.3925 avg_acc=0.8138 | per-class [c0: 0.840, c1: 0.867, c2: 0.849]
Final training 46/150, loss: 0.3925, time 125.15s, lr: 0.065895
Accuracy: 0.845
class                  precision    recall   specificity      f1   support
--------------------------------------------------------------------------
0                          0.911     0.840         0.922   0.874       281
1                          0.491     0.867         0.951   0.627        30
2                          0.852     0.849         0.875   0.851       265
*----------------------------------------*
Val 46/150 1/24, Acc: 0.5000, Loss: 6.2128, time 0.45s
Val 46/150 2/24, Acc: 0.5278, Loss: 3.2845, time 0.46s
Val 46/150 3/24, Acc: 0.5926, Loss: 2.2929, time 0.51s
Val 46/150 4/24, Acc: 0.6319, Loss: 1.7942, time 0.45s
Val 46/150 5/24, Acc: 0.6806, Loss: 1.5120, time 0.52s
Val 46/150 6/24, Acc: 0.6921, Loss: 1.2992, time 0.46s
Val 46/150 7/24, Acc: 0.7361, Loss: 1.1409, time 0.51s
Val 46/150 8/24, Acc: 0.7170, Loss: 1.0705, time 0.46s
Val 46/150 9/24, Acc: 0.7373, Loss: 0.9712, time 0.41s
Val 46/150 10/24, Acc: 0.7636, Loss: 0.8910, time 0.50s
Val 46/150 11/24, Acc: 0.7851, Loss: 0.8159, time 0.40s
Val 46/150 12/24, Acc: 0.7336, Loss: 0.8360, time 0.44s
Val 46/150 13/24, Acc: 0.7156, Loss: 0.8192, time 0.45s
Val 46/150 14/24, Acc: 0.7181, Loss: 0.8188, time 0.43s
Val 46/150 15/24, Acc: 0.7313, Loss: 0.7775, time 0.41s
Val 46/150 16/24, Acc: 0.7418, Loss: 0.7534, time 0.43s
Val 46/150 17/24, Acc: 0.7570, Loss: 0.7132, time 0.57s
Val 46/150 18/24, Acc: 0.7566, Loss: 0.7108, time 0.49s
Val 46/150 19/24, Acc: 0.7642, Loss: 0.6861, time 0.45s
Val 46/150 20/24, Acc: 0.7482, Loss: 0.6950, time 0.47s
Val 46/150 21/24, Acc: 0.7602, Loss: 0.6695, time 0.48s
Val 46/150 22/24, Acc: 0.7635, Loss: 0.6539, time 0.64s
Val 46/150 23/24, Acc: 0.7665, Loss: 0.6588, time 0.40s
Val 46/150 24/24, Acc: 0.7693, Loss: 0.6372, time 0.43s
[Val epoch 46] avg_acc=0.7693 | avg_loss=0.6372 | per-class [c0: 0.743, c1: 0.875, c2: 0.879]
Final validation 46/150, Val_acc: 0.7693, time 11.22sAccuracy: 0.812
class                  precision    recall   specificity      f1   support
--------------------------------------------------------------------------
0                          0.963     0.743         0.973   0.839        70
1                          0.412     0.875         0.926   0.560         8
2                          0.795     0.879         0.808   0.835        66
*========================================*
Saving checkpoint outputs/OrganoidsINRIA_reduced/resnet18/2025-11-17-16-11/training/model_final.pt
[EarlyStopping] no improve (12/40)
[EarlyStopping] improved to 0.637197
0 Mon Nov 17 17:38:09 2025 Epoch: 47
Epoch: 47/150 Iter: 1/96 loss: 0.2780 acc: 1.0000 time 1.78s
Epoch: 47/150 Iter: 2/96 loss: 0.1639 acc: 1.0000 time 0.81s
Epoch: 47/150 Iter: 3/96 loss: 0.1254 acc: 1.0000 time 0.95s
Epoch: 47/150 Iter: 4/96 loss: 0.1396 acc: 0.9722 time 0.88s
Epoch: 47/150 Iter: 5/96 loss: 0.1462 acc: 0.9778 time 0.87s
Epoch: 47/150 Iter: 6/96 loss: 0.1494 acc: 0.9537 time 1.46s
Epoch: 47/150 Iter: 7/96 loss: 0.1531 acc: 0.9444 time 0.80s
Epoch: 47/150 Iter: 8/96 loss: 0.1728 acc: 0.9375 time 0.77s
Epoch: 47/150 Iter: 9/96 loss: 0.1716 acc: 0.9444 time 0.77s
Epoch: 47/150 Iter: 10/96 loss: 0.3052 acc: 0.8567 time 1.45s
Epoch: 47/150 Iter: 11/96 loss: 0.3070 acc: 0.8293 time 1.44s
Epoch: 47/150 Iter: 12/96 loss: 0.3300 acc: 0.8227 time 1.46s
Epoch: 47/150 Iter: 13/96 loss: 0.3254 acc: 0.8107 time 1.46s
Epoch: 47/150 Iter: 14/96 loss: 0.3162 acc: 0.8242 time 1.40s
Epoch: 47/150 Iter: 15/96 loss: 0.3126 acc: 0.8063 time 0.75s
Epoch: 47/150 Iter: 16/96 loss: 0.3460 acc: 0.8080 time 1.47s
Epoch: 47/150 Iter: 17/96 loss: 0.4761 acc: 0.7948 time 0.77s
Epoch: 47/150 Iter: 18/96 loss: 0.4607 acc: 0.8062 time 1.45s
Epoch: 47/150 Iter: 19/96 loss: 0.4496 acc: 0.7953 time 1.41s
Epoch: 47/150 Iter: 20/96 loss: 0.4403 acc: 0.7993 time 0.78s
Epoch: 47/150 Iter: 21/96 loss: 0.4316 acc: 0.8036 time 0.76s
Epoch: 47/150 Iter: 22/96 loss: 0.4170 acc: 0.8125 time 1.39s
Epoch: 47/150 Iter: 23/96 loss: 0.4163 acc: 0.8170 time 0.71s
Epoch: 47/150 Iter: 24/96 loss: 0.4014 acc: 0.8247 time 1.44s
Epoch: 47/150 Iter: 25/96 loss: 0.3955 acc: 0.8317 time 0.77s
Epoch: 47/150 Iter: 26/96 loss: 0.3834 acc: 0.8381 time 0.80s
Epoch: 47/150 Iter: 27/96 loss: 0.3725 acc: 0.8441 time 0.83s
Epoch: 47/150 Iter: 28/96 loss: 0.4074 acc: 0.8390 time 1.43s
Epoch: 47/150 Iter: 29/96 loss: 0.4188 acc: 0.8254 time 1.44s
Epoch: 47/150 Iter: 30/96 loss: 0.4070 acc: 0.8312 time 0.78s
Epoch: 47/150 Iter: 31/96 loss: 0.4133 acc: 0.8178 time 0.94s
Epoch: 47/150 Iter: 32/96 loss: 0.4166 acc: 0.8183 time 1.42s
Epoch: 47/150 Iter: 33/96 loss: 0.4115 acc: 0.8200 time 1.41s
Epoch: 47/150 Iter: 34/96 loss: 0.4325 acc: 0.8106 time 1.43s
Epoch: 47/150 Iter: 35/96 loss: 0.4326 acc: 0.8081 time 1.46s
Epoch: 47/150 Iter: 36/96 loss: 0.4222 acc: 0.8134 time 1.39s
Epoch: 47/150 Iter: 37/96 loss: 0.4230 acc: 0.8059 time 1.41s
Epoch: 47/150 Iter: 38/96 loss: 0.4349 acc: 0.8057 time 0.78s
Epoch: 47/150 Iter: 39/96 loss: 0.4642 acc: 0.7957 time 0.78s
Epoch: 47/150 Iter: 40/96 loss: 0.4616 acc: 0.7908 time 0.83s
Epoch: 47/150 Iter: 41/96 loss: 0.4510 acc: 0.7959 time 1.42s
Epoch: 47/150 Iter: 42/96 loss: 0.4470 acc: 0.7902 time 0.87s
Epoch: 47/150 Iter: 43/96 loss: 0.4414 acc: 0.7951 time 0.89s
Epoch: 47/150 Iter: 44/96 loss: 0.4394 acc: 0.7997 time 1.43s
Epoch: 47/150 Iter: 45/96 loss: 0.4387 acc: 0.8005 time 0.92s
Epoch: 47/150 Iter: 46/96 loss: 0.4388 acc: 0.7940 time 0.89s
Epoch: 47/150 Iter: 47/96 loss: 0.4367 acc: 0.7895 time 0.86s
Epoch: 47/150 Iter: 48/96 loss: 0.4492 acc: 0.7861 time 0.90s
Epoch: 47/150 Iter: 49/96 loss: 0.4535 acc: 0.7785 time 0.79s
Epoch: 47/150 Iter: 50/96 loss: 0.4466 acc: 0.7829 time 1.46s
Epoch: 47/150 Iter: 51/96 loss: 0.4383 acc: 0.7872 time 0.78s
Epoch: 47/150 Iter: 52/96 loss: 0.4331 acc: 0.7889 time 1.42s
Epoch: 47/150 Iter: 53/96 loss: 0.4269 acc: 0.7929 time 0.93s
Epoch: 47/150 Iter: 54/96 loss: 0.4225 acc: 0.7944 time 1.45s
Epoch: 47/150 Iter: 55/96 loss: 0.4193 acc: 0.7959 time 1.45s
Epoch: 47/150 Iter: 56/96 loss: 0.4638 acc: 0.7846 time 0.75s
Epoch: 47/150 Iter: 57/96 loss: 0.4587 acc: 0.7884 time 0.75s
Epoch: 47/150 Iter: 58/96 loss: 0.4652 acc: 0.7877 time 0.79s
Epoch: 47/150 Iter: 59/96 loss: 0.4589 acc: 0.7913 time 0.89s
Epoch: 47/150 Iter: 60/96 loss: 0.4648 acc: 0.7865 time 1.44s
Epoch: 47/150 Iter: 61/96 loss: 0.4599 acc: 0.7900 time 1.42s
Epoch: 47/150 Iter: 62/96 loss: 0.4580 acc: 0.7916 time 0.88s
Epoch: 47/150 Iter: 63/96 loss: 0.4566 acc: 0.7883 time 1.42s
Epoch: 47/150 Iter: 64/96 loss: 0.4512 acc: 0.7916 time 0.85s
Epoch: 47/150 Iter: 65/96 loss: 0.4519 acc: 0.7897 time 0.78s
Epoch: 47/150 Iter: 66/96 loss: 0.4536 acc: 0.7916 time 1.44s
Epoch: 47/150 Iter: 67/96 loss: 0.4547 acc: 0.7889 time 1.43s
Epoch: 47/150 Iter: 68/96 loss: 0.4551 acc: 0.7865 time 1.42s
Epoch: 47/150 Iter: 69/96 loss: 0.4526 acc: 0.7896 time 0.78s
Epoch: 47/150 Iter: 70/96 loss: 0.4522 acc: 0.7862 time 0.78s
Epoch: 47/150 Iter: 71/96 loss: 0.4500 acc: 0.7892 time 0.81s
Epoch: 47/150 Iter: 72/96 loss: 0.4486 acc: 0.7845 time 0.84s
Epoch: 47/150 Iter: 73/96 loss: 0.4558 acc: 0.7771 time 0.79s
Epoch: 47/150 Iter: 74/96 loss: 0.4559 acc: 0.7734 time 0.79s
Epoch: 47/150 Iter: 75/96 loss: 0.4556 acc: 0.7690 time 0.77s
Epoch: 47/150 Iter: 76/96 loss: 0.4520 acc: 0.7720 time 1.39s
Epoch: 47/150 Iter: 77/96 loss: 0.4543 acc: 0.7685 time 0.90s
Epoch: 47/150 Iter: 78/96 loss: 0.4517 acc: 0.7699 time 0.82s
Epoch: 47/150 Iter: 79/96 loss: 0.4485 acc: 0.7672 time 1.43s
Epoch: 47/150 Iter: 80/96 loss: 0.4513 acc: 0.7628 time 0.83s
Epoch: 47/150 Iter: 81/96 loss: 0.4603 acc: 0.7591 time 1.42s
Epoch: 47/150 Iter: 82/96 loss: 0.4657 acc: 0.7564 time 0.76s
Epoch: 47/150 Iter: 83/96 loss: 0.4651 acc: 0.7573 time 0.71s
Epoch: 47/150 Iter: 84/96 loss: 0.4629 acc: 0.7532 time 1.40s
Epoch: 47/150 Iter: 85/96 loss: 0.4629 acc: 0.7493 time 0.71s
Epoch: 47/150 Iter: 86/96 loss: 0.4665 acc: 0.7454 time 0.70s
Epoch: 47/150 Iter: 87/96 loss: 0.4632 acc: 0.7483 time 1.40s
Epoch: 47/150 Iter: 88/96 loss: 0.4668 acc: 0.7436 time 0.74s
Epoch: 47/150 Iter: 89/96 loss: 0.4686 acc: 0.7428 time 0.72s
Epoch: 47/150 Iter: 90/96 loss: 0.4673 acc: 0.7438 time 1.36s
Epoch: 47/150 Iter: 91/96 loss: 0.4661 acc: 0.7402 time 1.37s
Epoch: 47/150 Iter: 92/96 loss: 0.4908 acc: 0.7394 time 1.38s
Epoch: 47/150 Iter: 93/96 loss: 0.4902 acc: 0.7398 time 0.73s
Epoch: 47/150 Iter: 94/96 loss: 0.4922 acc: 0.7363 time 1.37s
Epoch: 47/150 Iter: 95/96 loss: 0.4879 acc: 0.7391 time 0.79s
Epoch: 47/150 Iter: 96/96 loss: 0.4861 acc: 0.7418 time 1.41s
[Train epoch 47] avg_loss=0.4861 avg_acc=0.7418 | per-class [c0: 0.783, c1: 0.800, c2: 0.834]
Final training 47/150, loss: 0.4861, time 103.84s, lr: 0.065229
Accuracy: 0.807
class                  precision    recall   specificity      f1   support
--------------------------------------------------------------------------
0                          0.898     0.783         0.915   0.837       281
1                          0.375     0.800         0.927   0.511        30
2                          0.828     0.834         0.852   0.831       265
*----------------------------------------*
0 Mon Nov 17 17:39:53 2025 Epoch: 48
Epoch: 48/150 Iter: 1/96 loss: 0.7434 acc: 0.4167 time 1.82s
Epoch: 48/150 Iter: 2/96 loss: 0.6758 acc: 0.5417 time 0.79s
Epoch: 48/150 Iter: 3/96 loss: 0.5095 acc: 0.6944 time 0.86s
Epoch: 48/150 Iter: 4/96 loss: 0.4842 acc: 0.7500 time 0.90s
Epoch: 48/150 Iter: 5/96 loss: 0.4275 acc: 0.8000 time 1.39s
Epoch: 48/150 Iter: 6/96 loss: 0.4230 acc: 0.7870 time 0.80s
Epoch: 48/150 Iter: 7/96 loss: 0.3923 acc: 0.7460 time 1.45s
Epoch: 48/150 Iter: 8/96 loss: 0.4017 acc: 0.7194 time 0.78s
Epoch: 48/150 Iter: 9/96 loss: 0.3802 acc: 0.7506 time 0.87s
Epoch: 48/150 Iter: 10/96 loss: 0.3988 acc: 0.7672 time 0.92s
Epoch: 48/150 Iter: 11/96 loss: 0.4726 acc: 0.7354 time 1.47s
Epoch: 48/150 Iter: 12/96 loss: 0.4400 acc: 0.7574 time 0.80s
Epoch: 48/150 Iter: 13/96 loss: 0.4168 acc: 0.7761 time 0.87s
Epoch: 48/150 Iter: 14/96 loss: 0.4442 acc: 0.7635 time 1.40s
Epoch: 48/150 Iter: 15/96 loss: 0.4543 acc: 0.7515 time 0.72s
Epoch: 48/150 Iter: 16/96 loss: 0.4395 acc: 0.7601 time 1.48s
Epoch: 48/150 Iter: 17/96 loss: 0.4316 acc: 0.7693 time 0.81s
Epoch: 48/150 Iter: 18/96 loss: 0.4180 acc: 0.7821 time 0.86s
Epoch: 48/150 Iter: 19/96 loss: 0.4281 acc: 0.7629 time 1.44s
Epoch: 48/150 Iter: 20/96 loss: 0.4200 acc: 0.7664 time 1.43s
Epoch: 48/150 Iter: 21/96 loss: 0.4311 acc: 0.7511 time 0.78s
Epoch: 48/150 Iter: 22/96 loss: 0.4537 acc: 0.7359 time 0.79s
Epoch: 48/150 Iter: 23/96 loss: 0.4485 acc: 0.7430 time 1.47s
Epoch: 48/150 Iter: 24/96 loss: 0.4555 acc: 0.7306 time 0.92s
Epoch: 48/150 Iter: 25/96 loss: 0.4627 acc: 0.7302 time 1.44s
Epoch: 48/150 Iter: 26/96 loss: 0.4506 acc: 0.7406 time 1.42s
Epoch: 48/150 Iter: 27/96 loss: 0.4491 acc: 0.7409 time 0.80s
Epoch: 48/150 Iter: 28/96 loss: 0.4398 acc: 0.7502 time 0.89s
Epoch: 48/150 Iter: 29/96 loss: 0.4310 acc: 0.7588 time 1.43s
Epoch: 48/150 Iter: 30/96 loss: 0.4275 acc: 0.7669 time 1.45s
Epoch: 48/150 Iter: 31/96 loss: 0.4324 acc: 0.7654 time 0.87s
Epoch: 48/150 Iter: 32/96 loss: 0.4305 acc: 0.7649 time 1.43s
Epoch: 48/150 Iter: 33/96 loss: 0.4236 acc: 0.7721 time 0.87s
Epoch: 48/150 Iter: 34/96 loss: 0.4192 acc: 0.7788 time 0.87s
Epoch: 48/150 Iter: 35/96 loss: 0.4235 acc: 0.7822 time 1.47s
Epoch: 48/150 Iter: 36/96 loss: 0.4174 acc: 0.7883 time 1.42s
Epoch: 48/150 Iter: 37/96 loss: 0.4151 acc: 0.7872 time 0.92s
Epoch: 48/150 Iter: 38/96 loss: 0.4204 acc: 0.7775 time 1.43s
Epoch: 48/150 Iter: 39/96 loss: 0.4211 acc: 0.7781 time 0.76s
Epoch: 48/150 Iter: 40/96 loss: 0.4244 acc: 0.7836 time 0.75s
Epoch: 48/150 Iter: 41/96 loss: 0.4307 acc: 0.7840 time 0.77s
Epoch: 48/150 Iter: 42/96 loss: 0.4415 acc: 0.7749 time 1.39s
Epoch: 48/150 Iter: 43/96 loss: 0.4382 acc: 0.7724 time 1.44s
Epoch: 48/150 Iter: 44/96 loss: 0.4299 acc: 0.7775 time 0.80s
Epoch: 48/150 Iter: 45/96 loss: 0.4223 acc: 0.7825 time 0.79s
Epoch: 48/150 Iter: 46/96 loss: 0.4290 acc: 0.7763 time 0.81s
Epoch: 48/150 Iter: 47/96 loss: 0.4330 acc: 0.7740 time 0.77s
Epoch: 48/150 Iter: 48/96 loss: 0.4345 acc: 0.7725 time 0.89s
Epoch: 48/150 Iter: 49/96 loss: 0.4354 acc: 0.7751 time 0.80s
Epoch: 48/150 Iter: 50/96 loss: 0.4350 acc: 0.7756 time 0.76s
Epoch: 48/150 Iter: 51/96 loss: 0.4292 acc: 0.7800 time 0.88s
Epoch: 48/150 Iter: 52/96 loss: 0.4252 acc: 0.7842 time 1.42s
Epoch: 48/150 Iter: 53/96 loss: 0.4220 acc: 0.7799 time 0.79s
Epoch: 48/150 Iter: 54/96 loss: 0.4211 acc: 0.7778 time 0.84s
Epoch: 48/150 Iter: 55/96 loss: 0.4296 acc: 0.7788 time 0.88s
Epoch: 48/150 Iter: 56/96 loss: 0.4266 acc: 0.7738 time 0.88s
Epoch: 48/150 Iter: 57/96 loss: 0.4423 acc: 0.7680 time 0.88s
Epoch: 48/150 Iter: 58/96 loss: 0.4379 acc: 0.7677 time 0.79s
Epoch: 48/150 Iter: 59/96 loss: 0.4418 acc: 0.7646 time 0.81s
Epoch: 48/150 Iter: 60/96 loss: 0.4374 acc: 0.7671 time 1.43s
Epoch: 48/150 Iter: 61/96 loss: 0.4494 acc: 0.7628 time 0.94s
Epoch: 48/150 Iter: 62/96 loss: 0.4429 acc: 0.7666 time 1.43s
Epoch: 48/150 Iter: 63/96 loss: 0.4440 acc: 0.7663 time 0.90s
Epoch: 48/150 Iter: 64/96 loss: 0.4503 acc: 0.7641 time 0.84s
Epoch: 48/150 Iter: 65/96 loss: 0.4465 acc: 0.7677 time 0.78s
Epoch: 48/150 Iter: 66/96 loss: 0.4417 acc: 0.7713 time 0.88s
Epoch: 48/150 Iter: 67/96 loss: 0.4392 acc: 0.7747 time 0.82s
Epoch: 48/150 Iter: 68/96 loss: 0.4424 acc: 0.7780 time 1.45s
Epoch: 48/150 Iter: 69/96 loss: 0.4439 acc: 0.7731 time 0.78s
Epoch: 48/150 Iter: 70/96 loss: 0.4417 acc: 0.7750 time 0.90s
Epoch: 48/150 Iter: 71/96 loss: 0.4418 acc: 0.7764 time 1.38s
Epoch: 48/150 Iter: 72/96 loss: 0.4491 acc: 0.7737 time 1.42s
Epoch: 48/150 Iter: 73/96 loss: 0.4450 acc: 0.7768 time 0.88s
Epoch: 48/150 Iter: 74/96 loss: 0.4421 acc: 0.7798 time 0.94s
Epoch: 48/150 Iter: 75/96 loss: 0.4406 acc: 0.7814 time 1.40s
Epoch: 48/150 Iter: 76/96 loss: 0.4409 acc: 0.7766 time 0.77s
Epoch: 48/150 Iter: 77/96 loss: 0.4456 acc: 0.7752 time 1.45s
Epoch: 48/150 Iter: 78/96 loss: 0.4452 acc: 0.7759 time 0.75s
Epoch: 48/150 Iter: 79/96 loss: 0.4417 acc: 0.7788 time 1.39s
Epoch: 48/150 Iter: 80/96 loss: 0.4401 acc: 0.7801 time 0.79s
Epoch: 48/150 Iter: 81/96 loss: 0.4395 acc: 0.7829 time 0.78s
Epoch: 48/150 Iter: 82/96 loss: 0.4398 acc: 0.7794 time 0.74s
Epoch: 48/150 Iter: 83/96 loss: 0.4440 acc: 0.7740 time 0.75s
Epoch: 48/150 Iter: 84/96 loss: 0.4411 acc: 0.7747 time 0.77s
Epoch: 48/150 Iter: 85/96 loss: 0.4391 acc: 0.7759 time 0.94s
Epoch: 48/150 Iter: 86/96 loss: 0.4403 acc: 0.7762 time 1.47s
Epoch: 48/150 Iter: 87/96 loss: 0.4385 acc: 0.7776 time 0.82s
Epoch: 48/150 Iter: 88/96 loss: 0.4384 acc: 0.7787 time 0.87s
Epoch: 48/150 Iter: 89/96 loss: 0.4339 acc: 0.7812 time 1.42s
Epoch: 48/150 Iter: 90/96 loss: 0.4306 acc: 0.7836 time 1.37s
Epoch: 48/150 Iter: 91/96 loss: 0.4278 acc: 0.7860 time 0.73s
Epoch: 48/150 Iter: 92/96 loss: 0.4241 acc: 0.7883 time 0.80s
Epoch: 48/150 Iter: 93/96 loss: 0.4288 acc: 0.7813 time 0.71s
Epoch: 48/150 Iter: 94/96 loss: 0.4258 acc: 0.7836 time 1.39s
Epoch: 48/150 Iter: 95/96 loss: 0.4313 acc: 0.7830 time 0.69s
Epoch: 48/150 Iter: 96/96 loss: 0.4303 acc: 0.7809 time 0.69s
[Train epoch 48] avg_loss=0.4303 avg_acc=0.7809 | per-class [c0: 0.804, c1: 0.833, c2: 0.827]
Final training 48/150, loss: 0.4303, time 98.75s, lr: 0.064551
Accuracy: 0.816
class                  precision    recall   specificity      f1   support
--------------------------------------------------------------------------
0                          0.879     0.804         0.895   0.840       280
1                          0.455     0.833         0.945   0.588        30
2                          0.830     0.827         0.855   0.829       266
*----------------------------------------*
Val 48/150 1/24, Acc: 0.5000, Loss: 4.9678, time 0.41s
Val 48/150 2/24, Acc: 0.5278, Loss: 2.5903, time 0.46s
Val 48/150 3/24, Acc: 0.5741, Loss: 1.9416, time 0.41s
Val 48/150 4/24, Acc: 0.6806, Loss: 1.4880, time 0.41s
Val 48/150 5/24, Acc: 0.7194, Loss: 1.2334, time 0.48s
Val 48/150 6/24, Acc: 0.7662, Loss: 1.0441, time 0.47s
Val 48/150 7/24, Acc: 0.7996, Loss: 0.9228, time 0.48s
Val 48/150 8/24, Acc: 0.7517, Loss: 0.8836, time 0.42s
Val 48/150 9/24, Acc: 0.7793, Loss: 0.8017, time 0.44s
Val 48/150 10/24, Acc: 0.7914, Loss: 0.7492, time 0.51s
Val 48/150 11/24, Acc: 0.8104, Loss: 0.6912, time 0.42s
Val 48/150 12/24, Acc: 0.7706, Loss: 0.6900, time 0.46s
Val 48/150 13/24, Acc: 0.7498, Loss: 0.6699, time 0.47s
Val 48/150 14/24, Acc: 0.7498, Loss: 0.6719, time 0.44s
Val 48/150 15/24, Acc: 0.7665, Loss: 0.6339, time 0.41s
Val 48/150 16/24, Acc: 0.7748, Loss: 0.6297, time 0.42s
Val 48/150 17/24, Acc: 0.7881, Loss: 0.5950, time 0.48s
Val 48/150 18/24, Acc: 0.7929, Loss: 0.5883, time 0.43s
Val 48/150 19/24, Acc: 0.7985, Loss: 0.5833, time 0.44s
Val 48/150 20/24, Acc: 0.7808, Loss: 0.5962, time 0.49s
Val 48/150 21/24, Acc: 0.7913, Loss: 0.5701, time 0.45s
Val 48/150 22/24, Acc: 0.7932, Loss: 0.5644, time 0.58s
Val 48/150 23/24, Acc: 0.7804, Loss: 0.5798, time 0.39s
Val 48/150 24/24, Acc: 0.7896, Loss: 0.5614, time 0.40s
[Val epoch 48] avg_acc=0.7896 | avg_loss=0.5614 | per-class [c0: 0.800, c1: 0.625, c2: 0.939]
Final validation 48/150, Val_acc: 0.7896, time 10.76sAccuracy: 0.854
class                  precision    recall   specificity      f1   support
--------------------------------------------------------------------------
0                          0.982     0.800         0.986   0.882        70
1                          0.455     0.625         0.956   0.526         8
2                          0.816     0.939         0.821   0.873        66
*========================================*
Saving checkpoint outputs/OrganoidsINRIA_reduced/resnet18/2025-11-17-16-11/training/model_final.pt
[EarlyStopping] no improve (13/40)
[EarlyStopping] improved to 0.561417
0 Mon Nov 17 17:41:47 2025 Epoch: 49
Epoch: 49/150 Iter: 1/96 loss: 0.1092 acc: 1.0000 time 1.54s
Epoch: 49/150 Iter: 2/96 loss: 0.1662 acc: 1.0000 time 0.92s
Epoch: 49/150 Iter: 3/96 loss: 0.3392 acc: 0.8889 time 0.81s
Epoch: 49/150 Iter: 4/96 loss: 0.3507 acc: 0.8056 time 0.86s
Epoch: 49/150 Iter: 5/96 loss: 0.4471 acc: 0.6778 time 1.41s
Epoch: 49/150 Iter: 6/96 loss: 0.4519 acc: 0.7037 time 0.86s
Epoch: 49/150 Iter: 7/96 loss: 0.4306 acc: 0.7460 time 0.89s
Epoch: 49/150 Iter: 8/96 loss: 0.4203 acc: 0.7153 time 1.47s
Epoch: 49/150 Iter: 9/96 loss: 0.4759 acc: 0.6877 time 1.45s
Epoch: 49/150 Iter: 10/96 loss: 0.4594 acc: 0.6689 time 0.78s
Epoch: 49/150 Iter: 11/96 loss: 0.4639 acc: 0.6611 time 0.90s
Epoch: 49/150 Iter: 12/96 loss: 0.4304 acc: 0.6894 time 0.81s
Epoch: 49/150 Iter: 13/96 loss: 0.4267 acc: 0.6791 time 0.78s
Epoch: 49/150 Iter: 14/96 loss: 0.4338 acc: 0.6841 time 1.44s
Epoch: 49/150 Iter: 15/96 loss: 0.4646 acc: 0.6830 time 0.88s
Epoch: 49/150 Iter: 16/96 loss: 0.4428 acc: 0.7028 time 1.42s
Epoch: 49/150 Iter: 17/96 loss: 0.4514 acc: 0.7105 time 0.80s
Epoch: 49/150 Iter: 18/96 loss: 0.4529 acc: 0.7265 time 0.79s
Epoch: 49/150 Iter: 19/96 loss: 0.4640 acc: 0.7234 time 0.71s
Epoch: 49/150 Iter: 20/96 loss: 0.4557 acc: 0.7372 time 0.75s
Epoch: 49/150 Iter: 21/96 loss: 0.4405 acc: 0.7497 time 1.41s
Epoch: 49/150 Iter: 22/96 loss: 0.4757 acc: 0.7460 time 0.78s
Epoch: 49/150 Iter: 23/96 loss: 0.4751 acc: 0.7329 time 1.43s
Epoch: 49/150 Iter: 24/96 loss: 0.4674 acc: 0.7440 time 0.94s
Epoch: 49/150 Iter: 25/96 loss: 0.4702 acc: 0.7442 time 1.45s
Epoch: 49/150 Iter: 26/96 loss: 0.4629 acc: 0.7370 time 0.86s
Epoch: 49/150 Iter: 27/96 loss: 0.4591 acc: 0.7430 time 1.49s
Epoch: 49/150 Iter: 28/96 loss: 0.4623 acc: 0.7331 time 1.44s
Epoch: 49/150 Iter: 29/96 loss: 0.4664 acc: 0.7280 time 0.75s
Epoch: 49/150 Iter: 30/96 loss: 0.4569 acc: 0.7370 time 0.85s
Epoch: 49/150 Iter: 31/96 loss: 0.4465 acc: 0.7455 time 1.44s
Epoch: 49/150 Iter: 32/96 loss: 0.4567 acc: 0.7431 time 0.79s
Epoch: 49/150 Iter: 33/96 loss: 0.4623 acc: 0.7382 time 0.92s
Epoch: 49/150 Iter: 34/96 loss: 0.4510 acc: 0.7459 time 1.46s
Epoch: 49/150 Iter: 35/96 loss: 0.4613 acc: 0.7475 time 0.92s
Epoch: 49/150 Iter: 36/96 loss: 0.4621 acc: 0.7452 time 1.43s
Epoch: 49/150 Iter: 37/96 loss: 0.4665 acc: 0.7341 time 0.77s
Epoch: 49/150 Iter: 38/96 loss: 0.4671 acc: 0.7378 time 0.77s
Epoch: 49/150 Iter: 39/96 loss: 0.4620 acc: 0.7417 time 0.88s
Epoch: 49/150 Iter: 40/96 loss: 0.4551 acc: 0.7481 time 0.80s
Epoch: 49/150 Iter: 41/96 loss: 0.4760 acc: 0.7407 time 1.45s
Epoch: 49/150 Iter: 42/96 loss: 0.4870 acc: 0.7310 time 0.80s
Epoch: 49/150 Iter: 43/96 loss: 0.4832 acc: 0.7347 time 0.83s
Epoch: 49/150 Iter: 44/96 loss: 0.4776 acc: 0.7306 time 1.45s
Epoch: 49/150 Iter: 45/96 loss: 0.4888 acc: 0.7255 time 1.46s
Epoch: 49/150 Iter: 46/96 loss: 0.4862 acc: 0.7293 time 0.90s
Epoch: 49/150 Iter: 47/96 loss: 0.4781 acc: 0.7350 time 1.46s
Epoch: 49/150 Iter: 48/96 loss: 0.4766 acc: 0.7371 time 1.44s
Epoch: 49/150 Iter: 49/96 loss: 0.4719 acc: 0.7391 time 0.78s
Epoch: 49/150 Iter: 50/96 loss: 0.4694 acc: 0.7409 time 0.93s
Epoch: 49/150 Iter: 51/96 loss: 0.4643 acc: 0.7460 time 0.87s
Epoch: 49/150 Iter: 52/96 loss: 0.4702 acc: 0.7445 time 0.83s
Epoch: 49/150 Iter: 53/96 loss: 0.4653 acc: 0.7470 time 1.47s
Epoch: 49/150 Iter: 54/96 loss: 0.4625 acc: 0.7493 time 0.76s
Epoch: 49/150 Iter: 55/96 loss: 0.4578 acc: 0.7539 time 0.89s
Epoch: 49/150 Iter: 56/96 loss: 0.4522 acc: 0.7583 time 0.88s
Epoch: 49/150 Iter: 57/96 loss: 0.4474 acc: 0.7625 time 1.44s
Epoch: 49/150 Iter: 58/96 loss: 0.4430 acc: 0.7666 time 0.81s
Epoch: 49/150 Iter: 59/96 loss: 0.4474 acc: 0.7621 time 0.79s
Epoch: 49/150 Iter: 60/96 loss: 0.4467 acc: 0.7661 time 0.94s
Epoch: 49/150 Iter: 61/96 loss: 0.4473 acc: 0.7597 time 0.87s
Epoch: 49/150 Iter: 62/96 loss: 0.4453 acc: 0.7635 time 0.89s
Epoch: 49/150 Iter: 63/96 loss: 0.4445 acc: 0.7607 time 0.77s
Epoch: 49/150 Iter: 64/96 loss: 0.4469 acc: 0.7618 time 0.81s
Epoch: 49/150 Iter: 65/96 loss: 0.4456 acc: 0.7616 time 0.88s
Epoch: 49/150 Iter: 66/96 loss: 0.4531 acc: 0.7539 time 0.79s
Epoch: 49/150 Iter: 67/96 loss: 0.4502 acc: 0.7575 time 1.45s
Epoch: 49/150 Iter: 68/96 loss: 0.4457 acc: 0.7611 time 0.91s
Epoch: 49/150 Iter: 69/96 loss: 0.4410 acc: 0.7646 time 1.42s
Epoch: 49/150 Iter: 70/96 loss: 0.4364 acc: 0.7679 time 0.73s
Epoch: 49/150 Iter: 71/96 loss: 0.4333 acc: 0.7642 time 1.45s
Epoch: 49/150 Iter: 72/96 loss: 0.4279 acc: 0.7674 time 1.44s
Epoch: 49/150 Iter: 73/96 loss: 0.4248 acc: 0.7689 time 0.78s
Epoch: 49/150 Iter: 74/96 loss: 0.4234 acc: 0.7720 time 1.37s
Epoch: 49/150 Iter: 75/96 loss: 0.4211 acc: 0.7751 time 1.41s
Epoch: 49/150 Iter: 76/96 loss: 0.4222 acc: 0.7722 time 1.43s
Epoch: 49/150 Iter: 77/96 loss: 0.4192 acc: 0.7694 time 0.76s
Epoch: 49/150 Iter: 78/96 loss: 0.4170 acc: 0.7723 time 0.78s
Epoch: 49/150 Iter: 79/96 loss: 0.4158 acc: 0.7720 time 1.47s
Epoch: 49/150 Iter: 80/96 loss: 0.4225 acc: 0.7697 time 0.81s
Epoch: 49/150 Iter: 81/96 loss: 0.4206 acc: 0.7705 time 1.38s
Epoch: 49/150 Iter: 82/96 loss: 0.4207 acc: 0.7733 time 0.93s
Epoch: 49/150 Iter: 83/96 loss: 0.4287 acc: 0.7715 time 0.90s
Epoch: 49/150 Iter: 84/96 loss: 0.4255 acc: 0.7742 time 1.40s
Epoch: 49/150 Iter: 85/96 loss: 0.4217 acc: 0.7769 time 1.37s
Epoch: 49/150 Iter: 86/96 loss: 0.4207 acc: 0.7780 time 0.69s
Epoch: 49/150 Iter: 87/96 loss: 0.4170 acc: 0.7806 time 0.69s
Epoch: 49/150 Iter: 88/96 loss: 0.4136 acc: 0.7830 time 1.37s
Epoch: 49/150 Iter: 89/96 loss: 0.4112 acc: 0.7855 time 0.75s
Epoch: 49/150 Iter: 90/96 loss: 0.4089 acc: 0.7868 time 0.70s
Epoch: 49/150 Iter: 91/96 loss: 0.4086 acc: 0.7873 time 1.37s
Epoch: 49/150 Iter: 92/96 loss: 0.4054 acc: 0.7896 time 0.77s
Epoch: 49/150 Iter: 93/96 loss: 0.4046 acc: 0.7892 time 1.41s
Epoch: 49/150 Iter: 94/96 loss: 0.4015 acc: 0.7914 time 0.78s
Epoch: 49/150 Iter: 95/96 loss: 0.4033 acc: 0.7889 time 1.45s
Epoch: 49/150 Iter: 96/96 loss: 0.4011 acc: 0.7894 time 0.76s
[Train epoch 49] avg_loss=0.4011 avg_acc=0.7894 | per-class [c0: 0.854, c1: 0.833, c2: 0.850]
Final training 49/150, loss: 0.4011, time 101.05s, lr: 0.063861
Accuracy: 0.851
class                  precision    recall   specificity      f1   support
--------------------------------------------------------------------------
0                          0.912     0.854         0.922   0.882       280
1                          0.455     0.833         0.945   0.588        30
2                          0.873     0.850         0.894   0.861       266
*----------------------------------------*
0 Mon Nov 17 17:43:28 2025 Epoch: 50
Epoch: 50/150 Iter: 1/96 loss: 0.2049 acc: 1.0000 time 1.90s
Epoch: 50/150 Iter: 2/96 loss: 0.1719 acc: 1.0000 time 1.48s
Epoch: 50/150 Iter: 3/96 loss: 0.3065 acc: 0.9167 time 0.86s
Epoch: 50/150 Iter: 4/96 loss: 0.3700 acc: 0.8125 time 0.85s
Epoch: 50/150 Iter: 5/96 loss: 0.3139 acc: 0.8500 time 0.83s
Epoch: 50/150 Iter: 6/96 loss: 0.2788 acc: 0.8750 time 0.76s
Epoch: 50/150 Iter: 7/96 loss: 0.3131 acc: 0.8750 time 1.46s
Epoch: 50/150 Iter: 8/96 loss: 0.3189 acc: 0.8698 time 1.46s
Epoch: 50/150 Iter: 9/96 loss: 0.3115 acc: 0.8657 time 0.88s
Epoch: 50/150 Iter: 10/96 loss: 0.3155 acc: 0.8681 time 0.79s
Epoch: 50/150 Iter: 11/96 loss: 0.3048 acc: 0.8573 time 0.79s
Epoch: 50/150 Iter: 12/96 loss: 0.3112 acc: 0.8553 time 0.94s
Epoch: 50/150 Iter: 13/96 loss: 0.3172 acc: 0.8568 time 0.92s
Epoch: 50/150 Iter: 14/96 loss: 0.3067 acc: 0.8671 time 0.75s
Epoch: 50/150 Iter: 15/96 loss: 0.2971 acc: 0.8759 time 1.43s
Epoch: 50/150 Iter: 16/96 loss: 0.2798 acc: 0.8837 time 1.43s
Epoch: 50/150 Iter: 17/96 loss: 0.2657 acc: 0.8905 time 0.76s
Epoch: 50/150 Iter: 18/96 loss: 0.2894 acc: 0.8642 time 0.92s
Epoch: 50/150 Iter: 19/96 loss: 0.2842 acc: 0.8713 time 1.44s
Epoch: 50/150 Iter: 20/96 loss: 0.2829 acc: 0.8778 time 1.46s
Epoch: 50/150 Iter: 21/96 loss: 0.2717 acc: 0.8836 time 0.91s
Epoch: 50/150 Iter: 22/96 loss: 0.2823 acc: 0.8889 time 0.80s
Epoch: 50/150 Iter: 23/96 loss: 0.2928 acc: 0.8647 time 1.43s
Epoch: 50/150 Iter: 24/96 loss: 0.3171 acc: 0.8426 time 0.90s
Epoch: 50/150 Iter: 25/96 loss: 0.3269 acc: 0.8289 time 0.88s
Epoch: 50/150 Iter: 26/96 loss: 0.3402 acc: 0.8141 time 0.86s
Epoch: 50/150 Iter: 27/96 loss: 0.3494 acc: 0.7963 time 1.43s
Epoch: 50/150 Iter: 28/96 loss: 0.3384 acc: 0.8036 time 0.85s
Epoch: 50/150 Iter: 29/96 loss: 0.3420 acc: 0.8008 time 0.88s
Epoch: 50/150 Iter: 30/96 loss: 0.3420 acc: 0.8037 time 0.88s
Epoch: 50/150 Iter: 31/96 loss: 0.3326 acc: 0.8100 time 0.89s
Epoch: 50/150 Iter: 32/96 loss: 0.3250 acc: 0.8160 time 0.93s
Epoch: 50/150 Iter: 33/96 loss: 0.3214 acc: 0.8064 time 1.48s
Epoch: 50/150 Iter: 34/96 loss: 0.3157 acc: 0.8121 time 1.43s
Epoch: 50/150 Iter: 35/96 loss: 0.3162 acc: 0.8175 time 0.83s
Epoch: 50/150 Iter: 36/96 loss: 0.3079 acc: 0.8225 time 1.42s
Epoch: 50/150 Iter: 37/96 loss: 0.3142 acc: 0.8273 time 0.92s
Epoch: 50/150 Iter: 38/96 loss: 0.3152 acc: 0.8275 time 0.87s
Epoch: 50/150 Iter: 39/96 loss: 0.3326 acc: 0.8170 time 0.93s
Epoch: 50/150 Iter: 40/96 loss: 0.3395 acc: 0.8153 time 0.87s
Epoch: 50/150 Iter: 41/96 loss: 0.3720 acc: 0.8076 time 0.77s
Epoch: 50/150 Iter: 42/96 loss: 0.4223 acc: 0.8016 time 1.46s
Epoch: 50/150 Iter: 43/96 loss: 0.4333 acc: 0.7984 time 0.87s
Epoch: 50/150 Iter: 44/96 loss: 0.4337 acc: 0.7985 time 0.76s
Epoch: 50/150 Iter: 45/96 loss: 0.4272 acc: 0.8030 time 0.90s
Epoch: 50/150 Iter: 46/96 loss: 0.4219 acc: 0.8048 time 0.90s
Epoch: 50/150 Iter: 47/96 loss: 0.4356 acc: 0.7972 time 1.40s
Epoch: 50/150 Iter: 48/96 loss: 0.4306 acc: 0.7968 time 1.41s
Epoch: 50/150 Iter: 49/96 loss: 0.4331 acc: 0.7918 time 0.80s
Epoch: 50/150 Iter: 50/96 loss: 0.4488 acc: 0.7800 time 0.79s
Epoch: 50/150 Iter: 51/96 loss: 0.4436 acc: 0.7821 time 0.76s
Epoch: 50/150 Iter: 52/96 loss: 0.4450 acc: 0.7767 time 1.40s
Epoch: 50/150 Iter: 53/96 loss: 0.4449 acc: 0.7731 time 1.44s
Epoch: 50/150 Iter: 54/96 loss: 0.4446 acc: 0.7749 time 0.85s
Epoch: 50/150 Iter: 55/96 loss: 0.4429 acc: 0.7775 time 1.44s
Epoch: 50/150 Iter: 56/96 loss: 0.4465 acc: 0.7716 time 1.43s
Epoch: 50/150 Iter: 57/96 loss: 0.4478 acc: 0.7727 time 0.79s
Epoch: 50/150 Iter: 58/96 loss: 0.4496 acc: 0.7680 time 0.93s
Epoch: 50/150 Iter: 59/96 loss: 0.4504 acc: 0.7648 time 0.77s
Epoch: 50/150 Iter: 60/96 loss: 0.4566 acc: 0.7646 time 1.46s
Epoch: 50/150 Iter: 61/96 loss: 0.4568 acc: 0.7593 time 0.76s
Epoch: 50/150 Iter: 62/96 loss: 0.4498 acc: 0.7632 time 0.81s
Epoch: 50/150 Iter: 63/96 loss: 0.4520 acc: 0.7564 time 1.45s
Epoch: 50/150 Iter: 64/96 loss: 0.4503 acc: 0.7585 time 1.46s
Epoch: 50/150 Iter: 65/96 loss: 0.4546 acc: 0.7499 time 0.89s
Epoch: 50/150 Iter: 66/96 loss: 0.4528 acc: 0.7511 time 1.45s
Epoch: 50/150 Iter: 67/96 loss: 0.4541 acc: 0.7499 time 1.42s
Epoch: 50/150 Iter: 68/96 loss: 0.4540 acc: 0.7480 time 0.89s
Epoch: 50/150 Iter: 69/96 loss: 0.4578 acc: 0.7501 time 0.77s
Epoch: 50/150 Iter: 70/96 loss: 0.4577 acc: 0.7513 time 0.76s
Epoch: 50/150 Iter: 71/96 loss: 0.4547 acc: 0.7524 time 1.45s
Epoch: 50/150 Iter: 72/96 loss: 0.4591 acc: 0.7481 time 0.80s
Epoch: 50/150 Iter: 73/96 loss: 0.4569 acc: 0.7502 time 1.38s
Epoch: 50/150 Iter: 74/96 loss: 0.4573 acc: 0.7536 time 1.42s
Epoch: 50/150 Iter: 75/96 loss: 0.4560 acc: 0.7554 time 0.79s
Epoch: 50/150 Iter: 76/96 loss: 0.4532 acc: 0.7586 time 1.40s
Epoch: 50/150 Iter: 77/96 loss: 0.4478 acc: 0.7618 time 0.85s
Epoch: 50/150 Iter: 78/96 loss: 0.4492 acc: 0.7632 time 1.41s
Epoch: 50/150 Iter: 79/96 loss: 0.4477 acc: 0.7609 time 0.85s
Epoch: 50/150 Iter: 80/96 loss: 0.4451 acc: 0.7639 time 0.79s
Epoch: 50/150 Iter: 81/96 loss: 0.4464 acc: 0.7627 time 0.71s
Epoch: 50/150 Iter: 82/96 loss: 0.4429 acc: 0.7636 time 1.39s
Epoch: 50/150 Iter: 83/96 loss: 0.4407 acc: 0.7616 time 0.75s
Epoch: 50/150 Iter: 84/96 loss: 0.4379 acc: 0.7645 time 0.78s
Epoch: 50/150 Iter: 85/96 loss: 0.4481 acc: 0.7570 time 1.37s
Epoch: 50/150 Iter: 86/96 loss: 0.4503 acc: 0.7534 time 0.77s
Epoch: 50/150 Iter: 87/96 loss: 0.4511 acc: 0.7509 time 0.71s
Epoch: 50/150 Iter: 88/96 loss: 0.4548 acc: 0.7471 time 0.70s
Epoch: 50/150 Iter: 89/96 loss: 0.4529 acc: 0.7499 time 0.71s
Epoch: 50/150 Iter: 90/96 loss: 0.4510 acc: 0.7527 time 0.74s
Epoch: 50/150 Iter: 91/96 loss: 0.4576 acc: 0.7481 time 0.75s
Epoch: 50/150 Iter: 92/96 loss: 0.4542 acc: 0.7508 time 0.76s
Epoch: 50/150 Iter: 93/96 loss: 0.4510 acc: 0.7535 time 0.74s
Epoch: 50/150 Iter: 94/96 loss: 0.4529 acc: 0.7543 time 1.42s
Epoch: 50/150 Iter: 95/96 loss: 0.4586 acc: 0.7520 time 1.43s
Epoch: 50/150 Iter: 96/96 loss: 0.4545 acc: 0.7546 time 1.38s
[Train epoch 50] avg_loss=0.4545 avg_acc=0.7546 | per-class [c0: 0.793, c1: 0.867, c2: 0.835]
Final training 50/150, loss: 0.4545, time 100.77s, lr: 0.063159
Accuracy: 0.816
class                  precision    recall   specificity      f1   support
--------------------------------------------------------------------------
0                          0.902     0.793         0.919   0.844       280
1                          0.371     0.867         0.919   0.520        30
2                          0.854     0.835         0.877   0.844       266
*----------------------------------------*
Val 50/150 1/24, Acc: 0.5000, Loss: 9.1520, time 0.42s
Val 50/150 2/24, Acc: 0.7500, Loss: 4.6388, time 0.43s
Val 50/150 3/24, Acc: 0.7222, Loss: 3.3683, time 0.42s
Val 50/150 4/24, Acc: 0.7292, Loss: 2.5723, time 0.41s
Val 50/150 5/24, Acc: 0.7583, Loss: 2.1171, time 0.47s
Val 50/150 6/24, Acc: 0.7986, Loss: 1.7766, time 0.49s
Val 50/150 7/24, Acc: 0.8274, Loss: 1.5406, time 0.43s
Val 50/150 8/24, Acc: 0.7760, Loss: 1.4191, time 0.42s
Val 50/150 9/24, Acc: 0.8009, Loss: 1.2912, time 0.51s
Val 50/150 10/24, Acc: 0.8108, Loss: 1.1895, time 0.50s
Val 50/150 11/24, Acc: 0.8280, Loss: 1.1059, time 0.40s
Val 50/150 12/24, Acc: 0.7799, Loss: 1.1038, time 0.45s
Val 50/150 13/24, Acc: 0.7968, Loss: 1.0248, time 0.54s
Val 50/150 14/24, Acc: 0.7935, Loss: 1.0188, time 0.50s
Val 50/150 15/24, Acc: 0.8072, Loss: 0.9724, time 0.52s
Val 50/150 16/24, Acc: 0.8130, Loss: 0.9518, time 0.47s
Val 50/150 17/24, Acc: 0.8240, Loss: 0.8979, time 0.48s
Val 50/150 18/24, Acc: 0.8199, Loss: 0.8907, time 0.44s
Val 50/150 19/24, Acc: 0.8241, Loss: 0.8634, time 0.43s
Val 50/150 20/24, Acc: 0.8051, Loss: 0.8429, time 0.46s
Val 50/150 21/24, Acc: 0.8144, Loss: 0.8046, time 0.46s
Val 50/150 22/24, Acc: 0.8153, Loss: 0.7883, time 0.54s
Val 50/150 23/24, Acc: 0.8016, Loss: 0.7931, time 0.40s
Val 50/150 24/24, Acc: 0.8098, Loss: 0.7780, time 0.42s
[Val epoch 50] avg_acc=0.8098 | avg_loss=0.7780 | per-class [c0: 0.771, c1: 0.625, c2: 0.955]
Final validation 50/150, Val_acc: 0.8098, time 11.01sAccuracy: 0.847
class                  precision    recall   specificity      f1   support
--------------------------------------------------------------------------
0                          0.982     0.771         0.986   0.864        70
1                          0.625     0.625         0.978   0.625         8
2                          0.778     0.955         0.769   0.857        66
*========================================*
Saving checkpoint outputs/OrganoidsINRIA_reduced/resnet18/2025-11-17-16-11/training/model_final.pt
[EarlyStopping] no improve (14/40)
[EarlyStopping] no improve (1/40)
0 Mon Nov 17 17:45:24 2025 Epoch: 51
Epoch: 51/150 Iter: 1/96 loss: 0.5698 acc: 0.8889 time 2.28s
Epoch: 51/150 Iter: 2/96 loss: 0.3428 acc: 0.9444 time 1.47s
Epoch: 51/150 Iter: 3/96 loss: 0.3095 acc: 0.9630 time 1.45s
Epoch: 51/150 Iter: 4/96 loss: 0.3980 acc: 0.9097 time 1.42s
Epoch: 51/150 Iter: 5/96 loss: 0.3325 acc: 0.9278 time 0.85s
Epoch: 51/150 Iter: 6/96 loss: 0.4156 acc: 0.8657 time 0.76s
Epoch: 51/150 Iter: 7/96 loss: 0.3788 acc: 0.8849 time 0.81s
Epoch: 51/150 Iter: 8/96 loss: 0.3829 acc: 0.8264 time 0.95s
Epoch: 51/150 Iter: 9/96 loss: 0.3894 acc: 0.8272 time 1.43s
Epoch: 51/150 Iter: 10/96 loss: 0.3667 acc: 0.8444 time 0.86s
Epoch: 51/150 Iter: 11/96 loss: 0.3972 acc: 0.8586 time 0.86s
Epoch: 51/150 Iter: 12/96 loss: 0.3821 acc: 0.8704 time 0.87s
Epoch: 51/150 Iter: 13/96 loss: 0.3915 acc: 0.8590 time 0.89s
Epoch: 51/150 Iter: 14/96 loss: 0.3669 acc: 0.8690 time 1.43s
Epoch: 51/150 Iter: 15/96 loss: 0.3891 acc: 0.8556 time 0.89s
Epoch: 51/150 Iter: 16/96 loss: 0.3987 acc: 0.8281 time 0.87s
Epoch: 51/150 Iter: 17/96 loss: 0.4158 acc: 0.7990 time 0.80s
Epoch: 51/150 Iter: 18/96 loss: 0.4201 acc: 0.8040 time 0.86s
Epoch: 51/150 Iter: 19/96 loss: 0.4073 acc: 0.8143 time 0.89s
Epoch: 51/150 Iter: 20/96 loss: 0.4122 acc: 0.8236 time 0.81s
Epoch: 51/150 Iter: 21/96 loss: 0.3978 acc: 0.8320 time 0.88s
Epoch: 51/150 Iter: 22/96 loss: 0.3889 acc: 0.8396 time 0.89s
Epoch: 51/150 Iter: 23/96 loss: 0.4042 acc: 0.8285 time 1.47s
Epoch: 51/150 Iter: 24/96 loss: 0.4137 acc: 0.8287 time 0.77s
Epoch: 51/150 Iter: 25/96 loss: 0.4015 acc: 0.8356 time 0.86s
Epoch: 51/150 Iter: 26/96 loss: 0.3938 acc: 0.8376 time 1.48s
Epoch: 51/150 Iter: 27/96 loss: 0.4037 acc: 0.8333 time 0.79s
Epoch: 51/150 Iter: 28/96 loss: 0.4070 acc: 0.8185 time 0.80s
Epoch: 51/150 Iter: 29/96 loss: 0.3996 acc: 0.8247 time 1.46s
Epoch: 51/150 Iter: 30/96 loss: 0.4138 acc: 0.8120 time 0.92s
Epoch: 51/150 Iter: 31/96 loss: 0.4123 acc: 0.8149 time 1.47s
Epoch: 51/150 Iter: 32/96 loss: 0.4092 acc: 0.8076 time 0.84s
Epoch: 51/150 Iter: 33/96 loss: 0.4075 acc: 0.7958 time 0.73s
Epoch: 51/150 Iter: 34/96 loss: 0.3999 acc: 0.8018 time 0.70s
Epoch: 51/150 Iter: 35/96 loss: 0.4223 acc: 0.7846 time 0.77s
Epoch: 51/150 Iter: 36/96 loss: 0.4176 acc: 0.7878 time 0.75s
Epoch: 51/150 Iter: 37/96 loss: 0.4126 acc: 0.7902 time 1.42s
Epoch: 51/150 Iter: 38/96 loss: 0.4037 acc: 0.7957 time 1.41s
Epoch: 51/150 Iter: 39/96 loss: 0.3945 acc: 0.8009 time 0.85s
Epoch: 51/150 Iter: 40/96 loss: 0.3859 acc: 0.8059 time 1.42s
Epoch: 51/150 Iter: 41/96 loss: 0.3838 acc: 0.8066 time 0.81s
Epoch: 51/150 Iter: 42/96 loss: 0.3761 acc: 0.8112 time 0.79s
Epoch: 51/150 Iter: 43/96 loss: 0.3869 acc: 0.8059 time 0.93s
Epoch: 51/150 Iter: 44/96 loss: 0.3904 acc: 0.8078 time 1.49s
Epoch: 51/150 Iter: 45/96 loss: 0.3837 acc: 0.8120 time 0.78s
Epoch: 51/150 Iter: 46/96 loss: 0.3786 acc: 0.8161 time 0.87s
Epoch: 51/150 Iter: 47/96 loss: 0.3913 acc: 0.8059 time 0.79s
Epoch: 51/150 Iter: 48/96 loss: 0.3859 acc: 0.8099 time 0.78s
Epoch: 51/150 Iter: 49/96 loss: 0.3892 acc: 0.8036 time 0.77s
Epoch: 51/150 Iter: 50/96 loss: 0.3834 acc: 0.8075 time 0.96s
Epoch: 51/150 Iter: 51/96 loss: 0.3825 acc: 0.7982 time 0.92s
Epoch: 51/150 Iter: 52/96 loss: 0.3863 acc: 0.7925 time 1.48s
Epoch: 51/150 Iter: 53/96 loss: 0.3839 acc: 0.7964 time 1.43s
Epoch: 51/150 Iter: 54/96 loss: 0.3809 acc: 0.7971 time 0.87s
Epoch: 51/150 Iter: 55/96 loss: 0.3796 acc: 0.7977 time 1.47s
Epoch: 51/150 Iter: 56/96 loss: 0.3796 acc: 0.7994 time 1.43s
Epoch: 51/150 Iter: 57/96 loss: 0.3870 acc: 0.7976 time 0.79s
Epoch: 51/150 Iter: 58/96 loss: 0.3851 acc: 0.7934 time 0.79s
Epoch: 51/150 Iter: 59/96 loss: 0.3839 acc: 0.7955 time 1.45s
Epoch: 51/150 Iter: 60/96 loss: 0.3790 acc: 0.7989 time 0.90s
Epoch: 51/150 Iter: 61/96 loss: 0.3741 acc: 0.8022 time 0.90s
Epoch: 51/150 Iter: 62/96 loss: 0.3683 acc: 0.8054 time 1.42s
Epoch: 51/150 Iter: 63/96 loss: 0.3670 acc: 0.8069 time 0.84s
Epoch: 51/150 Iter: 64/96 loss: 0.3630 acc: 0.8099 time 0.86s
Epoch: 51/150 Iter: 65/96 loss: 0.3616 acc: 0.8129 time 0.76s
Epoch: 51/150 Iter: 66/96 loss: 0.3702 acc: 0.8094 time 1.44s
Epoch: 51/150 Iter: 67/96 loss: 0.3748 acc: 0.8048 time 0.92s
Epoch: 51/150 Iter: 68/96 loss: 0.3882 acc: 0.7978 time 0.88s
Epoch: 51/150 Iter: 69/96 loss: 0.3903 acc: 0.7911 time 0.90s
Epoch: 51/150 Iter: 70/96 loss: 0.3886 acc: 0.7941 time 0.89s
Epoch: 51/150 Iter: 71/96 loss: 0.3851 acc: 0.7970 time 0.92s
Epoch: 51/150 Iter: 72/96 loss: 0.3871 acc: 0.7946 time 1.46s
Epoch: 51/150 Iter: 73/96 loss: 0.3845 acc: 0.7959 time 0.90s
Epoch: 51/150 Iter: 74/96 loss: 0.3820 acc: 0.7986 time 0.90s
Epoch: 51/150 Iter: 75/96 loss: 0.3785 acc: 0.8013 time 0.92s
Epoch: 51/150 Iter: 76/96 loss: 0.3772 acc: 0.8018 time 0.80s
Epoch: 51/150 Iter: 77/96 loss: 0.3916 acc: 0.8000 time 0.87s
Epoch: 51/150 Iter: 78/96 loss: 0.3934 acc: 0.7951 time 0.87s
Epoch: 51/150 Iter: 79/96 loss: 0.3912 acc: 0.7977 time 0.92s
Epoch: 51/150 Iter: 80/96 loss: 0.3886 acc: 0.8002 time 1.46s
Epoch: 51/150 Iter: 81/96 loss: 0.3893 acc: 0.8014 time 1.44s
Epoch: 51/150 Iter: 82/96 loss: 0.3913 acc: 0.8018 time 0.84s
Epoch: 51/150 Iter: 83/96 loss: 0.3924 acc: 0.8022 time 0.74s
Epoch: 51/150 Iter: 84/96 loss: 0.3911 acc: 0.7993 time 0.79s
Epoch: 51/150 Iter: 85/96 loss: 0.3870 acc: 0.8016 time 0.79s
Epoch: 51/150 Iter: 86/96 loss: 0.3849 acc: 0.8039 time 1.39s
Epoch: 51/150 Iter: 87/96 loss: 0.3861 acc: 0.8024 time 0.79s
Epoch: 51/150 Iter: 88/96 loss: 0.3842 acc: 0.8032 time 1.37s
Epoch: 51/150 Iter: 89/96 loss: 0.3810 acc: 0.8054 time 0.74s
Epoch: 51/150 Iter: 90/96 loss: 0.3799 acc: 0.8076 time 0.86s
Epoch: 51/150 Iter: 91/96 loss: 0.3818 acc: 0.8083 time 0.77s
Epoch: 51/150 Iter: 92/96 loss: 0.3807 acc: 0.8056 time 0.75s
Epoch: 51/150 Iter: 93/96 loss: 0.3820 acc: 0.8059 time 1.40s
Epoch: 51/150 Iter: 94/96 loss: 0.3812 acc: 0.8079 time 0.83s
Epoch: 51/150 Iter: 95/96 loss: 0.3817 acc: 0.8073 time 1.37s
Epoch: 51/150 Iter: 96/96 loss: 0.3822 acc: 0.8050 time 0.73s
[Train epoch 51] avg_loss=0.3822 avg_acc=0.8050 | per-class [c0: 0.854, c1: 0.867, c2: 0.872]
Final training 51/150, loss: 0.3822, time 98.06s, lr: 0.062447
Accuracy: 0.863
class                  precision    recall   specificity      f1   support
--------------------------------------------------------------------------
0                          0.926     0.854         0.936   0.888       280
1                          0.531     0.867         0.958   0.658        30
2                          0.862     0.872         0.881   0.867       266
*----------------------------------------*
0 Mon Nov 17 17:47:03 2025 Epoch: 52
Epoch: 52/150 Iter: 1/96 loss: 0.0182 acc: 1.0000 time 1.60s
Epoch: 52/150 Iter: 2/96 loss: 0.6170 acc: 0.7667 time 0.81s
Epoch: 52/150 Iter: 3/96 loss: 0.5567 acc: 0.6593 time 0.88s
Epoch: 52/150 Iter: 4/96 loss: 0.5242 acc: 0.6194 time 0.79s
Epoch: 52/150 Iter: 5/96 loss: 0.4522 acc: 0.6956 time 1.43s
Epoch: 52/150 Iter: 6/96 loss: 0.3847 acc: 0.7463 time 0.79s
Epoch: 52/150 Iter: 7/96 loss: 0.3738 acc: 0.7667 time 1.43s
Epoch: 52/150 Iter: 8/96 loss: 0.3728 acc: 0.7750 time 0.76s
Epoch: 52/150 Iter: 9/96 loss: 0.3443 acc: 0.8000 time 0.75s
Epoch: 52/150 Iter: 10/96 loss: 0.3866 acc: 0.7700 time 1.44s
Epoch: 52/150 Iter: 11/96 loss: 0.3784 acc: 0.7818 time 0.83s
Epoch: 52/150 Iter: 12/96 loss: 0.4070 acc: 0.7444 time 1.45s
Epoch: 52/150 Iter: 13/96 loss: 0.4434 acc: 0.7256 time 0.90s
Epoch: 52/150 Iter: 14/96 loss: 0.4194 acc: 0.7452 time 1.44s
Epoch: 52/150 Iter: 15/96 loss: 0.4303 acc: 0.7489 time 1.42s
Epoch: 52/150 Iter: 16/96 loss: 0.4175 acc: 0.7568 time 1.44s
Epoch: 52/150 Iter: 17/96 loss: 0.4031 acc: 0.7637 time 1.48s
Epoch: 52/150 Iter: 18/96 loss: 0.3889 acc: 0.7769 time 0.90s
Epoch: 52/150 Iter: 19/96 loss: 0.3743 acc: 0.7886 time 1.43s
Epoch: 52/150 Iter: 20/96 loss: 0.3569 acc: 0.7992 time 0.80s
Epoch: 52/150 Iter: 21/96 loss: 0.3651 acc: 0.7810 time 1.46s
Epoch: 52/150 Iter: 22/96 loss: 0.3511 acc: 0.7909 time 1.39s
Epoch: 52/150 Iter: 23/96 loss: 0.3402 acc: 0.8000 time 0.87s
Epoch: 52/150 Iter: 24/96 loss: 0.3342 acc: 0.8014 time 0.96s
Epoch: 52/150 Iter: 25/96 loss: 0.3341 acc: 0.8027 time 0.89s
Epoch: 52/150 Iter: 26/96 loss: 0.3366 acc: 0.8038 time 0.90s
Epoch: 52/150 Iter: 27/96 loss: 0.3315 acc: 0.8111 time 0.88s
Epoch: 52/150 Iter: 28/96 loss: 0.3222 acc: 0.8179 time 1.46s
Epoch: 52/150 Iter: 29/96 loss: 0.3304 acc: 0.8241 time 0.86s
Epoch: 52/150 Iter: 30/96 loss: 0.3450 acc: 0.8258 time 0.90s
Epoch: 52/150 Iter: 31/96 loss: 0.3359 acc: 0.8315 time 0.90s
Epoch: 52/150 Iter: 32/96 loss: 0.3378 acc: 0.8263 time 1.49s
Epoch: 52/150 Iter: 33/96 loss: 0.3381 acc: 0.8240 time 1.44s
Epoch: 52/150 Iter: 34/96 loss: 0.3571 acc: 0.8120 time 0.90s
Epoch: 52/150 Iter: 35/96 loss: 0.3503 acc: 0.8174 time 0.79s
Epoch: 52/150 Iter: 36/96 loss: 0.3726 acc: 0.8063 time 0.77s
Epoch: 52/150 Iter: 37/96 loss: 0.3765 acc: 0.8081 time 1.46s
Epoch: 52/150 Iter: 38/96 loss: 0.3747 acc: 0.8015 time 0.81s
Epoch: 52/150 Iter: 39/96 loss: 0.3857 acc: 0.7969 time 0.87s
Epoch: 52/150 Iter: 40/96 loss: 0.3880 acc: 0.7989 time 0.89s
Epoch: 52/150 Iter: 41/96 loss: 0.3847 acc: 0.7997 time 0.86s
Epoch: 52/150 Iter: 42/96 loss: 0.3818 acc: 0.8045 time 1.43s
Epoch: 52/150 Iter: 43/96 loss: 0.3739 acc: 0.8090 time 0.74s
Epoch: 52/150 Iter: 44/96 loss: 0.3910 acc: 0.8020 time 0.76s
Epoch: 52/150 Iter: 45/96 loss: 0.3987 acc: 0.7981 time 0.82s
Epoch: 52/150 Iter: 46/96 loss: 0.3980 acc: 0.7998 time 0.77s
Epoch: 52/150 Iter: 47/96 loss: 0.3917 acc: 0.8040 time 0.74s
Epoch: 52/150 Iter: 48/96 loss: 0.3914 acc: 0.7942 time 0.90s
Epoch: 52/150 Iter: 49/96 loss: 0.3894 acc: 0.7893 time 1.45s
Epoch: 52/150 Iter: 50/96 loss: 0.3852 acc: 0.7911 time 0.92s
Epoch: 52/150 Iter: 51/96 loss: 0.3828 acc: 0.7930 time 1.46s
Epoch: 52/150 Iter: 52/96 loss: 0.3795 acc: 0.7938 time 1.44s
Epoch: 52/150 Iter: 53/96 loss: 0.3801 acc: 0.7953 time 0.84s
Epoch: 52/150 Iter: 54/96 loss: 0.3840 acc: 0.7914 time 1.45s
Epoch: 52/150 Iter: 55/96 loss: 0.3808 acc: 0.7952 time 0.77s
Epoch: 52/150 Iter: 56/96 loss: 0.3755 acc: 0.7988 time 0.86s
Epoch: 52/150 Iter: 57/96 loss: 0.3761 acc: 0.7984 time 0.88s
Epoch: 52/150 Iter: 58/96 loss: 0.3832 acc: 0.7904 time 1.46s
Epoch: 52/150 Iter: 59/96 loss: 0.3803 acc: 0.7869 time 0.90s
Epoch: 52/150 Iter: 60/96 loss: 0.3774 acc: 0.7905 time 0.87s
Epoch: 52/150 Iter: 61/96 loss: 0.3792 acc: 0.7884 time 0.94s
Epoch: 52/150 Iter: 62/96 loss: 0.3748 acc: 0.7918 time 0.75s
Epoch: 52/150 Iter: 63/96 loss: 0.3761 acc: 0.7912 time 1.48s
Epoch: 52/150 Iter: 64/96 loss: 0.3711 acc: 0.7944 time 0.93s
Epoch: 52/150 Iter: 65/96 loss: 0.3699 acc: 0.7976 time 1.48s
Epoch: 52/150 Iter: 66/96 loss: 0.3676 acc: 0.7956 time 0.75s
Epoch: 52/150 Iter: 67/96 loss: 0.3666 acc: 0.7900 time 0.79s
Epoch: 52/150 Iter: 68/96 loss: 0.3653 acc: 0.7845 time 0.91s
Epoch: 52/150 Iter: 69/96 loss: 0.3616 acc: 0.7876 time 1.47s
Epoch: 52/150 Iter: 70/96 loss: 0.3593 acc: 0.7883 time 0.82s
Epoch: 52/150 Iter: 71/96 loss: 0.3564 acc: 0.7854 time 1.44s
Epoch: 52/150 Iter: 72/96 loss: 0.3550 acc: 0.7826 time 0.76s
Epoch: 52/150 Iter: 73/96 loss: 0.3535 acc: 0.7810 time 0.79s
Epoch: 52/150 Iter: 74/96 loss: 0.3504 acc: 0.7839 time 0.89s
Epoch: 52/150 Iter: 75/96 loss: 0.3548 acc: 0.7779 time 1.42s
Epoch: 52/150 Iter: 76/96 loss: 0.3511 acc: 0.7808 time 0.77s
Epoch: 52/150 Iter: 77/96 loss: 0.3474 acc: 0.7837 time 0.90s
Epoch: 52/150 Iter: 78/96 loss: 0.3523 acc: 0.7850 time 1.47s
Epoch: 52/150 Iter: 79/96 loss: 0.3512 acc: 0.7857 time 0.78s
Epoch: 52/150 Iter: 80/96 loss: 0.3485 acc: 0.7883 time 0.78s
Epoch: 52/150 Iter: 81/96 loss: 0.3482 acc: 0.7889 time 1.37s
Epoch: 52/150 Iter: 82/96 loss: 0.3460 acc: 0.7915 time 0.79s
Epoch: 52/150 Iter: 83/96 loss: 0.3421 acc: 0.7940 time 1.40s
Epoch: 52/150 Iter: 84/96 loss: 0.3402 acc: 0.7964 time 0.75s
Epoch: 52/150 Iter: 85/96 loss: 0.3397 acc: 0.7976 time 1.37s
Epoch: 52/150 Iter: 86/96 loss: 0.3419 acc: 0.7946 time 1.42s
Epoch: 52/150 Iter: 87/96 loss: 0.3511 acc: 0.7916 time 0.75s
Epoch: 52/150 Iter: 88/96 loss: 0.3510 acc: 0.7911 time 1.39s
Epoch: 52/150 Iter: 89/96 loss: 0.3498 acc: 0.7906 time 1.46s
Epoch: 52/150 Iter: 90/96 loss: 0.3499 acc: 0.7920 time 0.75s
Epoch: 52/150 Iter: 91/96 loss: 0.3485 acc: 0.7888 time 0.81s
Epoch: 52/150 Iter: 92/96 loss: 0.3477 acc: 0.7902 time 0.76s
Epoch: 52/150 Iter: 93/96 loss: 0.3588 acc: 0.7865 time 0.69s
Epoch: 52/150 Iter: 94/96 loss: 0.3598 acc: 0.7870 time 0.76s
Epoch: 52/150 Iter: 95/96 loss: 0.3577 acc: 0.7879 time 0.75s
Epoch: 52/150 Iter: 96/96 loss: 0.3625 acc: 0.7867 time 1.38s
[Train epoch 52] avg_loss=0.3625 avg_acc=0.7867 | per-class [c0: 0.821, c1: 0.900, c2: 0.865]
Final training 52/150, loss: 0.3625, time 100.95s, lr: 0.061725
Accuracy: 0.845
class                  precision    recall   specificity      f1   support
--------------------------------------------------------------------------
0                          0.916     0.821         0.929   0.866       280
1                          0.519     0.900         0.954   0.659        30
2                          0.842     0.865         0.861   0.853       266
*----------------------------------------*
Val 52/150 1/24, Acc: 0.6667, Loss: 10.7751, time 0.42s
Val 52/150 2/24, Acc: 0.6111, Loss: 5.5610, time 0.45s
Val 52/150 3/24, Acc: 0.7037, Loss: 3.8055, time 0.50s
Val 52/150 4/24, Acc: 0.7778, Loss: 2.8962, time 0.50s
Val 52/150 5/24, Acc: 0.8222, Loss: 2.3456, time 0.55s
Val 52/150 6/24, Acc: 0.8519, Loss: 1.9686, time 0.52s
Val 52/150 7/24, Acc: 0.8730, Loss: 1.7213, time 0.44s
Val 52/150 8/24, Acc: 0.8160, Loss: 1.5892, time 0.45s
Val 52/150 9/24, Acc: 0.8253, Loss: 1.4360, time 0.46s
Val 52/150 10/24, Acc: 0.8428, Loss: 1.2962, time 0.50s
Val 52/150 11/24, Acc: 0.8571, Loss: 1.1860, time 0.41s
Val 52/150 12/24, Acc: 0.8134, Loss: 1.1262, time 0.46s
Val 52/150 13/24, Acc: 0.8278, Loss: 1.0483, time 0.47s
Val 52/150 14/24, Acc: 0.8222, Loss: 1.0153, time 0.44s
Val 52/150 15/24, Acc: 0.8285, Loss: 0.9581, time 0.40s
Val 52/150 16/24, Acc: 0.8330, Loss: 0.9231, time 0.43s
Val 52/150 17/24, Acc: 0.8428, Loss: 0.8734, time 0.48s
Val 52/150 18/24, Acc: 0.8446, Loss: 0.8419, time 0.47s
Val 52/150 19/24, Acc: 0.8475, Loss: 0.8072, time 0.43s
Val 52/150 20/24, Acc: 0.8274, Loss: 0.8046, time 0.46s
Val 52/150 21/24, Acc: 0.8356, Loss: 0.7714, time 0.45s
Val 52/150 22/24, Acc: 0.8355, Loss: 0.7474, time 0.57s
Val 52/150 23/24, Acc: 0.8354, Loss: 0.7381, time 0.39s
Val 52/150 24/24, Acc: 0.8422, Loss: 0.7136, time 0.42s
[Val epoch 52] avg_acc=0.8422 | avg_loss=0.7136 | per-class [c0: 0.857, c1: 0.875, c2: 0.894]
Final validation 52/150, Val_acc: 0.8422, time 11.10sAccuracy: 0.875
class                  precision    recall   specificity      f1   support
--------------------------------------------------------------------------
0                          0.968     0.857         0.973   0.909        70
1                          0.538     0.875         0.956   0.667         8
2                          0.855     0.894         0.872   0.874        66
*========================================*
New best (0.818171 --> 0.842245)
Saving checkpoint outputs/OrganoidsINRIA_reduced/resnet18/2025-11-17-16-11/training/model_final.pt
Copying best model to best_model.pt
[EarlyStopping] improved to 0.842245
[EarlyStopping] no improve (2/40)
0 Mon Nov 17 17:49:04 2025 Epoch: 53
Epoch: 53/150 Iter: 1/96 loss: 0.1948 acc: 0.9167 time 2.77s
Epoch: 53/150 Iter: 2/96 loss: 0.1712 acc: 0.9583 time 0.90s
Epoch: 53/150 Iter: 3/96 loss: 0.3774 acc: 0.8056 time 0.95s
Epoch: 53/150 Iter: 4/96 loss: 0.3209 acc: 0.8542 time 1.43s
Epoch: 53/150 Iter: 5/96 loss: 0.2908 acc: 0.8833 time 0.89s
Epoch: 53/150 Iter: 6/96 loss: 0.2766 acc: 0.8843 time 1.39s
Epoch: 53/150 Iter: 7/96 loss: 0.2660 acc: 0.8849 time 0.76s
Epoch: 53/150 Iter: 8/96 loss: 0.2525 acc: 0.8854 time 0.85s
Epoch: 53/150 Iter: 9/96 loss: 0.2909 acc: 0.8519 time 0.71s
Epoch: 53/150 Iter: 10/96 loss: 0.2673 acc: 0.8667 time 0.84s
Epoch: 53/150 Iter: 11/96 loss: 0.3194 acc: 0.8258 time 0.77s
Epoch: 53/150 Iter: 12/96 loss: 0.3005 acc: 0.8403 time 0.77s
Epoch: 53/150 Iter: 13/96 loss: 0.2887 acc: 0.8397 time 0.76s
Epoch: 53/150 Iter: 14/96 loss: 0.2881 acc: 0.8214 time 0.77s
Epoch: 53/150 Iter: 15/96 loss: 0.2803 acc: 0.8333 time 1.43s
Epoch: 53/150 Iter: 16/96 loss: 0.2811 acc: 0.8125 time 0.91s
Epoch: 53/150 Iter: 17/96 loss: 0.2674 acc: 0.8235 time 1.43s
Epoch: 53/150 Iter: 18/96 loss: 0.2652 acc: 0.8056 time 1.39s
Epoch: 53/150 Iter: 19/96 loss: 0.2766 acc: 0.7895 time 0.83s
Epoch: 53/150 Iter: 20/96 loss: 0.2833 acc: 0.7950 time 0.76s
Epoch: 53/150 Iter: 21/96 loss: 0.2962 acc: 0.7783 time 0.79s
Epoch: 53/150 Iter: 22/96 loss: 0.2974 acc: 0.7682 time 1.43s
Epoch: 53/150 Iter: 23/96 loss: 0.2903 acc: 0.7783 time 0.86s
Epoch: 53/150 Iter: 24/96 loss: 0.2839 acc: 0.7875 time 1.43s
Epoch: 53/150 Iter: 25/96 loss: 0.3070 acc: 0.7693 time 0.79s
Epoch: 53/150 Iter: 26/96 loss: 0.3203 acc: 0.7718 time 0.81s
Epoch: 53/150 Iter: 27/96 loss: 0.3158 acc: 0.7741 time 1.47s
Epoch: 53/150 Iter: 28/96 loss: 0.3142 acc: 0.7663 time 1.45s
Epoch: 53/150 Iter: 29/96 loss: 0.3256 acc: 0.7700 time 0.77s
Epoch: 53/150 Iter: 30/96 loss: 0.3364 acc: 0.7592 time 0.88s
Epoch: 53/150 Iter: 31/96 loss: 0.3296 acc: 0.7669 time 1.49s
Epoch: 53/150 Iter: 32/96 loss: 0.3415 acc: 0.7586 time 0.76s
Epoch: 53/150 Iter: 33/96 loss: 0.3357 acc: 0.7659 time 0.95s
Epoch: 53/150 Iter: 34/96 loss: 0.3292 acc: 0.7728 time 1.45s
Epoch: 53/150 Iter: 35/96 loss: 0.3217 acc: 0.7793 time 1.42s
Epoch: 53/150 Iter: 36/96 loss: 0.3142 acc: 0.7854 time 0.81s
Epoch: 53/150 Iter: 37/96 loss: 0.3130 acc: 0.7878 time 0.89s
Epoch: 53/150 Iter: 38/96 loss: 0.3060 acc: 0.7934 time 0.87s
Epoch: 53/150 Iter: 39/96 loss: 0.3202 acc: 0.7873 time 1.46s
Epoch: 53/150 Iter: 40/96 loss: 0.3189 acc: 0.7926 time 0.85s
Epoch: 53/150 Iter: 41/96 loss: 0.3330 acc: 0.7896 time 0.92s
Epoch: 53/150 Iter: 42/96 loss: 0.3318 acc: 0.7886 time 1.41s
Epoch: 53/150 Iter: 43/96 loss: 0.3307 acc: 0.7877 time 0.87s
Epoch: 53/150 Iter: 44/96 loss: 0.3364 acc: 0.7880 time 0.80s
Epoch: 53/150 Iter: 45/96 loss: 0.3486 acc: 0.7828 time 0.74s
Epoch: 53/150 Iter: 46/96 loss: 0.3493 acc: 0.7839 time 0.74s
Epoch: 53/150 Iter: 47/96 loss: 0.3494 acc: 0.7797 time 1.39s
Epoch: 53/150 Iter: 48/96 loss: 0.3438 acc: 0.7843 time 0.83s
Epoch: 53/150 Iter: 49/96 loss: 0.3381 acc: 0.7887 time 1.45s
Epoch: 53/150 Iter: 50/96 loss: 0.3357 acc: 0.7912 time 0.77s
Epoch: 53/150 Iter: 51/96 loss: 0.3361 acc: 0.7920 time 0.85s
Epoch: 53/150 Iter: 52/96 loss: 0.3364 acc: 0.7936 time 0.86s
Epoch: 53/150 Iter: 53/96 loss: 0.3354 acc: 0.7912 time 1.46s
Epoch: 53/150 Iter: 54/96 loss: 0.3349 acc: 0.7933 time 1.44s
Epoch: 53/150 Iter: 55/96 loss: 0.3319 acc: 0.7952 time 1.46s
Epoch: 53/150 Iter: 56/96 loss: 0.3305 acc: 0.7989 time 1.45s
Epoch: 53/150 Iter: 57/96 loss: 0.3275 acc: 0.8024 time 0.79s
Epoch: 53/150 Iter: 58/96 loss: 0.3351 acc: 0.7993 time 0.77s
Epoch: 53/150 Iter: 59/96 loss: 0.3369 acc: 0.7985 time 0.88s
Epoch: 53/150 Iter: 60/96 loss: 0.3445 acc: 0.7977 time 0.76s
Epoch: 53/150 Iter: 61/96 loss: 0.3408 acc: 0.8010 time 0.90s
Epoch: 53/150 Iter: 62/96 loss: 0.3430 acc: 0.7961 time 1.42s
Epoch: 53/150 Iter: 63/96 loss: 0.3416 acc: 0.7967 time 1.43s
Epoch: 53/150 Iter: 64/96 loss: 0.3407 acc: 0.7921 time 1.46s
Epoch: 53/150 Iter: 65/96 loss: 0.3448 acc: 0.7915 time 1.43s
Epoch: 53/150 Iter: 66/96 loss: 0.3442 acc: 0.7946 time 1.46s
Epoch: 53/150 Iter: 67/96 loss: 0.3541 acc: 0.7902 time 0.92s
Epoch: 53/150 Iter: 68/96 loss: 0.3572 acc: 0.7915 time 1.46s
Epoch: 53/150 Iter: 69/96 loss: 0.3562 acc: 0.7930 time 0.75s
Epoch: 53/150 Iter: 70/96 loss: 0.3613 acc: 0.7877 time 1.44s
Epoch: 53/150 Iter: 71/96 loss: 0.3574 acc: 0.7906 time 0.84s
Epoch: 53/150 Iter: 72/96 loss: 0.3581 acc: 0.7912 time 0.88s
Epoch: 53/150 Iter: 73/96 loss: 0.3631 acc: 0.7865 time 0.87s
Epoch: 53/150 Iter: 74/96 loss: 0.3613 acc: 0.7879 time 1.39s
Epoch: 53/150 Iter: 75/96 loss: 0.3601 acc: 0.7890 time 0.77s
Epoch: 53/150 Iter: 76/96 loss: 0.3597 acc: 0.7918 time 1.42s
Epoch: 53/150 Iter: 77/96 loss: 0.3603 acc: 0.7932 time 0.80s
Epoch: 53/150 Iter: 78/96 loss: 0.3584 acc: 0.7959 time 0.81s
Epoch: 53/150 Iter: 79/96 loss: 0.3568 acc: 0.7921 time 0.86s
Epoch: 53/150 Iter: 80/96 loss: 0.3632 acc: 0.7864 time 0.93s
Epoch: 53/150 Iter: 81/96 loss: 0.3646 acc: 0.7839 time 0.82s
Epoch: 53/150 Iter: 82/96 loss: 0.3619 acc: 0.7865 time 1.41s
Epoch: 53/150 Iter: 83/96 loss: 0.3597 acc: 0.7891 time 0.71s
Epoch: 53/150 Iter: 84/96 loss: 0.3571 acc: 0.7916 time 0.87s
Epoch: 53/150 Iter: 85/96 loss: 0.3539 acc: 0.7941 time 0.77s
Epoch: 53/150 Iter: 86/96 loss: 0.3545 acc: 0.7952 time 1.37s
Epoch: 53/150 Iter: 87/96 loss: 0.3507 acc: 0.7975 time 0.73s
Epoch: 53/150 Iter: 88/96 loss: 0.3499 acc: 0.7948 time 0.76s
Epoch: 53/150 Iter: 89/96 loss: 0.3487 acc: 0.7958 time 0.76s
Epoch: 53/150 Iter: 90/96 loss: 0.3499 acc: 0.7953 time 1.35s
Epoch: 53/150 Iter: 91/96 loss: 0.3468 acc: 0.7976 time 0.71s
Epoch: 53/150 Iter: 92/96 loss: 0.3506 acc: 0.7934 time 0.74s
Epoch: 53/150 Iter: 93/96 loss: 0.3483 acc: 0.7956 time 1.37s
Epoch: 53/150 Iter: 94/96 loss: 0.3449 acc: 0.7978 time 0.74s
Epoch: 53/150 Iter: 95/96 loss: 0.3589 acc: 0.7915 time 1.43s
Epoch: 53/150 Iter: 96/96 loss: 0.3606 acc: 0.7876 time 0.71s
[Train epoch 53] avg_loss=0.3606 avg_acc=0.7876 | per-class [c0: 0.839, c1: 0.867, c2: 0.846]
Final training 53/150, loss: 0.3606, time 101.19s, lr: 0.060992
Accuracy: 0.844
class                  precision    recall   specificity      f1   support
--------------------------------------------------------------------------
0                          0.914     0.839         0.926   0.875       280
1                          0.448     0.867         0.941   0.591        30
2                          0.862     0.846         0.884   0.854       266
*----------------------------------------*
0 Mon Nov 17 17:50:46 2025 Epoch: 54
Epoch: 54/150 Iter: 1/96 loss: 0.0922 acc: 1.0000 time 2.72s
Epoch: 54/150 Iter: 2/96 loss: 0.1271 acc: 1.0000 time 1.43s
Epoch: 54/150 Iter: 3/96 loss: 0.1038 acc: 1.0000 time 1.43s
Epoch: 54/150 Iter: 4/96 loss: 0.1443 acc: 1.0000 time 1.42s
Epoch: 54/150 Iter: 5/96 loss: 0.1419 acc: 1.0000 time 0.88s
Epoch: 54/150 Iter: 6/96 loss: 0.1594 acc: 1.0000 time 0.78s
Epoch: 54/150 Iter: 7/96 loss: 0.1438 acc: 1.0000 time 1.47s
Epoch: 54/150 Iter: 8/96 loss: 0.1570 acc: 1.0000 time 1.45s
Epoch: 54/150 Iter: 9/96 loss: 0.1624 acc: 1.0000 time 1.46s
Epoch: 54/150 Iter: 10/96 loss: 0.1733 acc: 1.0000 time 0.74s
Epoch: 54/150 Iter: 11/96 loss: 0.1645 acc: 1.0000 time 1.45s
Epoch: 54/150 Iter: 12/96 loss: 0.1874 acc: 0.9931 time 0.76s
Epoch: 54/150 Iter: 13/96 loss: 0.2539 acc: 0.9594 time 0.85s
Epoch: 54/150 Iter: 14/96 loss: 0.2430 acc: 0.9623 time 1.44s
Epoch: 54/150 Iter: 15/96 loss: 0.2290 acc: 0.9648 time 0.79s
Epoch: 54/150 Iter: 16/96 loss: 0.2310 acc: 0.9592 time 0.88s
Epoch: 54/150 Iter: 17/96 loss: 0.2390 acc: 0.9518 time 0.76s
Epoch: 54/150 Iter: 18/96 loss: 0.2419 acc: 0.9475 time 1.40s
Epoch: 54/150 Iter: 19/96 loss: 0.2444 acc: 0.9284 time 0.72s
Epoch: 54/150 Iter: 20/96 loss: 0.2561 acc: 0.9194 time 1.43s
Epoch: 54/150 Iter: 21/96 loss: 0.2628 acc: 0.9034 time 1.46s
Epoch: 54/150 Iter: 22/96 loss: 0.2532 acc: 0.9078 time 1.41s
Epoch: 54/150 Iter: 23/96 loss: 0.2624 acc: 0.8829 time 1.43s
Epoch: 54/150 Iter: 24/96 loss: 0.2963 acc: 0.8530 time 0.78s
Epoch: 54/150 Iter: 25/96 loss: 0.2878 acc: 0.8589 time 0.80s
Epoch: 54/150 Iter: 26/96 loss: 0.2852 acc: 0.8595 time 1.42s
Epoch: 54/150 Iter: 27/96 loss: 0.2867 acc: 0.8544 time 0.80s
Epoch: 54/150 Iter: 28/96 loss: 0.2928 acc: 0.8388 time 1.46s
Epoch: 54/150 Iter: 29/96 loss: 0.2891 acc: 0.8415 time 1.40s
Epoch: 54/150 Iter: 30/96 loss: 0.2885 acc: 0.8468 time 0.92s
Epoch: 54/150 Iter: 31/96 loss: 0.2909 acc: 0.8485 time 1.43s
Epoch: 54/150 Iter: 32/96 loss: 0.3008 acc: 0.8454 time 0.91s
Epoch: 54/150 Iter: 33/96 loss: 0.3048 acc: 0.8463 time 1.40s
Epoch: 54/150 Iter: 34/96 loss: 0.2987 acc: 0.8508 time 0.77s
Epoch: 54/150 Iter: 35/96 loss: 0.2954 acc: 0.8551 time 1.47s
Epoch: 54/150 Iter: 36/96 loss: 0.3024 acc: 0.8452 time 0.85s
Epoch: 54/150 Iter: 37/96 loss: 0.2952 acc: 0.8494 time 0.76s
Epoch: 54/150 Iter: 38/96 loss: 0.2909 acc: 0.8534 time 1.50s
Epoch: 54/150 Iter: 39/96 loss: 0.3131 acc: 0.8422 time 1.47s
Epoch: 54/150 Iter: 40/96 loss: 0.3080 acc: 0.8461 time 0.80s
Epoch: 54/150 Iter: 41/96 loss: 0.3067 acc: 0.8458 time 0.77s
Epoch: 54/150 Iter: 42/96 loss: 0.3025 acc: 0.8495 time 0.89s
Epoch: 54/150 Iter: 43/96 loss: 0.2965 acc: 0.8530 time 0.81s
Epoch: 54/150 Iter: 44/96 loss: 0.2945 acc: 0.8563 time 0.75s
Epoch: 54/150 Iter: 45/96 loss: 0.2918 acc: 0.8595 time 0.94s
Epoch: 54/150 Iter: 46/96 loss: 0.2907 acc: 0.8571 time 0.80s
Epoch: 54/150 Iter: 47/96 loss: 0.2911 acc: 0.8580 time 1.41s
Epoch: 54/150 Iter: 48/96 loss: 0.2942 acc: 0.8527 time 0.72s
Epoch: 54/150 Iter: 49/96 loss: 0.2935 acc: 0.8472 time 1.37s
Epoch: 54/150 Iter: 50/96 loss: 0.2946 acc: 0.8409 time 0.91s
Epoch: 54/150 Iter: 51/96 loss: 0.2975 acc: 0.8407 time 0.78s
Epoch: 54/150 Iter: 52/96 loss: 0.2991 acc: 0.8419 time 0.78s
Epoch: 54/150 Iter: 53/96 loss: 0.3035 acc: 0.8354 time 1.41s
Epoch: 54/150 Iter: 54/96 loss: 0.3042 acc: 0.8354 time 0.91s
Epoch: 54/150 Iter: 55/96 loss: 0.2998 acc: 0.8384 time 1.38s
Epoch: 54/150 Iter: 56/96 loss: 0.3069 acc: 0.8383 time 0.76s
Epoch: 54/150 Iter: 57/96 loss: 0.3023 acc: 0.8411 time 1.42s
Epoch: 54/150 Iter: 58/96 loss: 0.3014 acc: 0.8439 time 1.46s
Epoch: 54/150 Iter: 59/96 loss: 0.3058 acc: 0.8423 time 0.76s
Epoch: 54/150 Iter: 60/96 loss: 0.3024 acc: 0.8449 time 1.41s
Epoch: 54/150 Iter: 61/96 loss: 0.3068 acc: 0.8383 time 1.43s
Epoch: 54/150 Iter: 62/96 loss: 0.3056 acc: 0.8383 time 0.80s
Epoch: 54/150 Iter: 63/96 loss: 0.3038 acc: 0.8408 time 1.43s
Epoch: 54/150 Iter: 64/96 loss: 0.3000 acc: 0.8433 time 1.43s
Epoch: 54/150 Iter: 65/96 loss: 0.3011 acc: 0.8396 time 0.94s
Epoch: 54/150 Iter: 66/96 loss: 0.3003 acc: 0.8405 time 1.46s
Epoch: 54/150 Iter: 67/96 loss: 0.3009 acc: 0.8369 time 1.43s
Epoch: 54/150 Iter: 68/96 loss: 0.3058 acc: 0.8332 time 0.78s
Epoch: 54/150 Iter: 69/96 loss: 0.3035 acc: 0.8356 time 0.94s
Epoch: 54/150 Iter: 70/96 loss: 0.3056 acc: 0.8356 time 0.81s
Epoch: 54/150 Iter: 71/96 loss: 0.3198 acc: 0.8316 time 0.78s
Epoch: 54/150 Iter: 72/96 loss: 0.3224 acc: 0.8262 time 0.75s
Epoch: 54/150 Iter: 73/96 loss: 0.3203 acc: 0.8263 time 1.47s
Epoch: 54/150 Iter: 74/96 loss: 0.3210 acc: 0.8230 time 1.42s
Epoch: 54/150 Iter: 75/96 loss: 0.3237 acc: 0.8195 time 0.88s
Epoch: 54/150 Iter: 76/96 loss: 0.3212 acc: 0.8219 time 0.79s
Epoch: 54/150 Iter: 77/96 loss: 0.3257 acc: 0.8209 time 1.44s
Epoch: 54/150 Iter: 78/96 loss: 0.3249 acc: 0.8175 time 1.41s
Epoch: 54/150 Iter: 79/96 loss: 0.3211 acc: 0.8198 time 0.75s
Epoch: 54/150 Iter: 80/96 loss: 0.3233 acc: 0.8200 time 1.45s
Epoch: 54/150 Iter: 81/96 loss: 0.3209 acc: 0.8222 time 1.41s
Epoch: 54/150 Iter: 82/96 loss: 0.3300 acc: 0.8203 time 0.70s
Epoch: 54/150 Iter: 83/96 loss: 0.3275 acc: 0.8225 time 1.39s
Epoch: 54/150 Iter: 84/96 loss: 0.3238 acc: 0.8246 time 0.72s
Epoch: 54/150 Iter: 85/96 loss: 0.3296 acc: 0.8208 time 0.71s
Epoch: 54/150 Iter: 86/96 loss: 0.3274 acc: 0.8182 time 0.75s
Epoch: 54/150 Iter: 87/96 loss: 0.3268 acc: 0.8203 time 0.80s
Epoch: 54/150 Iter: 88/96 loss: 0.3327 acc: 0.8160 time 0.90s
Epoch: 54/150 Iter: 89/96 loss: 0.3310 acc: 0.8181 time 1.47s
Epoch: 54/150 Iter: 90/96 loss: 0.3279 acc: 0.8201 time 1.40s
Epoch: 54/150 Iter: 91/96 loss: 0.3259 acc: 0.8203 time 0.76s
Epoch: 54/150 Iter: 92/96 loss: 0.3256 acc: 0.8159 time 1.40s
Epoch: 54/150 Iter: 93/96 loss: 0.3271 acc: 0.8136 time 0.71s
Epoch: 54/150 Iter: 94/96 loss: 0.3272 acc: 0.8132 time 1.38s
Epoch: 54/150 Iter: 95/96 loss: 0.3260 acc: 0.8151 time 0.81s
Epoch: 54/150 Iter: 96/96 loss: 0.3234 acc: 0.8171 time 0.70s
[Train epoch 54] avg_loss=0.3234 avg_acc=0.8171 | per-class [c0: 0.843, c1: 0.900, c2: 0.879]
Final training 54/150, loss: 0.3234, time 106.56s, lr: 0.060250
Accuracy: 0.863
class                  precision    recall   specificity      f1   support
--------------------------------------------------------------------------
0                          0.940     0.843         0.949   0.889       281
1                          0.482     0.900         0.947   0.628        30
2                          0.869     0.879         0.887   0.874       265
*----------------------------------------*
Val 54/150 1/24, Acc: 0.6667, Loss: 9.1016, time 0.42s
Val 54/150 2/24, Acc: 0.6111, Loss: 4.6595, time 0.44s
Val 54/150 3/24, Acc: 0.7037, Loss: 3.1696, time 0.41s
Val 54/150 4/24, Acc: 0.6840, Loss: 2.4695, time 0.42s
Val 54/150 5/24, Acc: 0.6722, Loss: 2.0823, time 0.50s
Val 54/150 6/24, Acc: 0.7269, Loss: 1.7456, time 0.46s
Val 54/150 7/24, Acc: 0.7659, Loss: 1.5072, time 1.25s
Val 54/150 8/24, Acc: 0.7639, Loss: 1.3684, time 1.38s
Val 54/150 9/24, Acc: 0.7790, Loss: 1.2347, time 1.31s
Val 54/150 10/24, Acc: 0.8011, Loss: 1.1164, time 0.52s
Val 54/150 11/24, Acc: 0.8192, Loss: 1.0203, time 0.43s
Val 54/150 12/24, Acc: 0.7718, Loss: 0.9837, time 0.50s
Val 54/150 13/24, Acc: 0.7509, Loss: 0.9310, time 0.47s
Val 54/150 14/24, Acc: 0.7508, Loss: 0.9064, time 0.45s
Val 54/150 15/24, Acc: 0.7619, Loss: 0.8640, time 0.40s
Val 54/150 16/24, Acc: 0.7642, Loss: 0.8478, time 0.43s
Val 54/150 17/24, Acc: 0.7708, Loss: 0.8056, time 0.53s
Val 54/150 18/24, Acc: 0.7765, Loss: 0.7815, time 0.44s
Val 54/150 19/24, Acc: 0.7830, Loss: 0.7499, time 0.43s
Val 54/150 20/24, Acc: 0.7717, Loss: 0.7324, time 0.45s
Val 54/150 21/24, Acc: 0.7766, Loss: 0.7074, time 0.45s
Val 54/150 22/24, Acc: 0.7792, Loss: 0.6930, time 0.53s
Val 54/150 23/24, Acc: 0.7815, Loss: 0.6898, time 0.42s
Val 54/150 24/24, Acc: 0.7906, Loss: 0.6678, time 0.42s
[Val epoch 54] avg_acc=0.7906 | avg_loss=0.6678 | per-class [c0: 0.800, c1: 0.875, c2: 0.848]
Final validation 54/150, Val_acc: 0.7906, time 13.48sAccuracy: 0.826
class                  precision    recall   specificity      f1   support
--------------------------------------------------------------------------
0                          0.903     0.800         0.919   0.848        70
1                          0.538     0.875         0.956   0.667         8
2                          0.812     0.848         0.833   0.830        66
*========================================*
Saving checkpoint outputs/OrganoidsINRIA_reduced/resnet18/2025-11-17-16-11/training/model_final.pt
[EarlyStopping] no improve (1/40)
[EarlyStopping] no improve (3/40)
0 Mon Nov 17 17:52:50 2025 Epoch: 55
Epoch: 55/150 Iter: 1/96 loss: 0.2854 acc: 0.9000 time 1.58s
Epoch: 55/150 Iter: 2/96 loss: 0.3704 acc: 0.9000 time 0.80s
Epoch: 55/150 Iter: 3/96 loss: 0.3700 acc: 0.7667 time 0.87s
Epoch: 55/150 Iter: 4/96 loss: 0.2929 acc: 0.8250 time 1.43s
Epoch: 55/150 Iter: 5/96 loss: 0.3607 acc: 0.8100 time 0.77s
Epoch: 55/150 Iter: 6/96 loss: 0.3927 acc: 0.8139 time 0.89s
Epoch: 55/150 Iter: 7/96 loss: 0.3840 acc: 0.7833 time 1.44s
Epoch: 55/150 Iter: 8/96 loss: 0.3615 acc: 0.7792 time 0.77s
Epoch: 55/150 Iter: 9/96 loss: 0.3619 acc: 0.7389 time 0.78s
Epoch: 55/150 Iter: 10/96 loss: 0.3666 acc: 0.7400 time 1.43s
Epoch: 55/150 Iter: 11/96 loss: 0.3592 acc: 0.7258 time 0.76s
Epoch: 55/150 Iter: 12/96 loss: 0.3620 acc: 0.7139 time 0.77s
Epoch: 55/150 Iter: 13/96 loss: 0.3442 acc: 0.7359 time 1.45s
Epoch: 55/150 Iter: 14/96 loss: 0.3475 acc: 0.7429 time 0.76s
Epoch: 55/150 Iter: 15/96 loss: 0.3334 acc: 0.7600 time 1.46s
Epoch: 55/150 Iter: 16/96 loss: 0.3888 acc: 0.7646 time 0.80s
Epoch: 55/150 Iter: 17/96 loss: 0.3723 acc: 0.7784 time 0.86s
Epoch: 55/150 Iter: 18/96 loss: 0.3572 acc: 0.7907 time 0.76s
Epoch: 55/150 Iter: 19/96 loss: 0.3896 acc: 0.7725 time 0.77s
Epoch: 55/150 Iter: 20/96 loss: 0.3808 acc: 0.7839 time 0.85s
Epoch: 55/150 Iter: 21/96 loss: 0.3765 acc: 0.7664 time 0.92s
Epoch: 55/150 Iter: 22/96 loss: 0.3622 acc: 0.7770 time 1.45s
Epoch: 55/150 Iter: 23/96 loss: 0.3711 acc: 0.7819 time 1.46s
Epoch: 55/150 Iter: 24/96 loss: 0.3659 acc: 0.7736 time 1.42s
Epoch: 55/150 Iter: 25/96 loss: 0.3661 acc: 0.7738 time 0.85s
Epoch: 55/150 Iter: 26/96 loss: 0.3535 acc: 0.7825 time 0.79s
Epoch: 55/150 Iter: 27/96 loss: 0.3522 acc: 0.7868 time 1.46s
Epoch: 55/150 Iter: 28/96 loss: 0.3413 acc: 0.7944 time 1.46s
Epoch: 55/150 Iter: 29/96 loss: 0.3513 acc: 0.7920 time 0.77s
Epoch: 55/150 Iter: 30/96 loss: 0.3424 acc: 0.7989 time 1.42s
Epoch: 55/150 Iter: 31/96 loss: 0.3328 acc: 0.8054 time 0.80s
Epoch: 55/150 Iter: 32/96 loss: 0.3277 acc: 0.8083 time 1.43s
Epoch: 55/150 Iter: 33/96 loss: 0.3256 acc: 0.8141 time 0.78s
Epoch: 55/150 Iter: 34/96 loss: 0.3493 acc: 0.8025 time 0.88s
Epoch: 55/150 Iter: 35/96 loss: 0.3424 acc: 0.8081 time 0.80s
Epoch: 55/150 Iter: 36/96 loss: 0.3353 acc: 0.8134 time 0.85s
Epoch: 55/150 Iter: 37/96 loss: 0.3473 acc: 0.8035 time 0.85s
Epoch: 55/150 Iter: 38/96 loss: 0.3590 acc: 0.7969 time 0.95s
Epoch: 55/150 Iter: 39/96 loss: 0.3614 acc: 0.7936 time 1.47s
Epoch: 55/150 Iter: 40/96 loss: 0.3692 acc: 0.7938 time 1.47s
Epoch: 55/150 Iter: 41/96 loss: 0.3623 acc: 0.7988 time 1.47s
Epoch: 55/150 Iter: 42/96 loss: 0.3665 acc: 0.8036 time 1.42s
Epoch: 55/150 Iter: 43/96 loss: 0.3649 acc: 0.8058 time 0.78s
Epoch: 55/150 Iter: 44/96 loss: 0.3634 acc: 0.8083 time 1.45s
Epoch: 55/150 Iter: 45/96 loss: 0.3600 acc: 0.8126 time 1.47s
Epoch: 55/150 Iter: 46/96 loss: 0.3630 acc: 0.8139 time 0.88s
Epoch: 55/150 Iter: 47/96 loss: 0.3612 acc: 0.8158 time 0.78s
Epoch: 55/150 Iter: 48/96 loss: 0.3569 acc: 0.8196 time 0.79s
Epoch: 55/150 Iter: 49/96 loss: 0.3523 acc: 0.8148 time 1.46s
Epoch: 55/150 Iter: 50/96 loss: 0.3501 acc: 0.8135 time 0.81s
Epoch: 55/150 Iter: 51/96 loss: 0.3463 acc: 0.8123 time 1.47s
Epoch: 55/150 Iter: 52/96 loss: 0.3442 acc: 0.8135 time 0.78s
Epoch: 55/150 Iter: 53/96 loss: 0.3434 acc: 0.8075 time 1.51s
Epoch: 55/150 Iter: 54/96 loss: 0.3381 acc: 0.8111 time 0.92s
Epoch: 55/150 Iter: 55/96 loss: 0.3383 acc: 0.8127 time 1.42s
Epoch: 55/150 Iter: 56/96 loss: 0.3377 acc: 0.8131 time 1.36s
Epoch: 55/150 Iter: 57/96 loss: 0.3332 acc: 0.8164 time 1.42s
Epoch: 55/150 Iter: 58/96 loss: 0.3331 acc: 0.8148 time 0.82s
Epoch: 55/150 Iter: 59/96 loss: 0.3279 acc: 0.8179 time 0.78s
Epoch: 55/150 Iter: 60/96 loss: 0.3230 acc: 0.8209 time 0.89s
Epoch: 55/150 Iter: 61/96 loss: 0.3274 acc: 0.8218 time 0.91s
Epoch: 55/150 Iter: 62/96 loss: 0.3225 acc: 0.8247 time 0.78s
Epoch: 55/150 Iter: 63/96 loss: 0.3296 acc: 0.8201 time 0.92s
Epoch: 55/150 Iter: 64/96 loss: 0.3264 acc: 0.8229 time 0.87s
Epoch: 55/150 Iter: 65/96 loss: 0.3236 acc: 0.8256 time 1.42s
Epoch: 55/150 Iter: 66/96 loss: 0.3221 acc: 0.8215 time 1.47s
Epoch: 55/150 Iter: 67/96 loss: 0.3219 acc: 0.8217 time 0.77s
Epoch: 55/150 Iter: 68/96 loss: 0.3240 acc: 0.8170 time 1.40s
Epoch: 55/150 Iter: 69/96 loss: 0.3215 acc: 0.8196 time 0.89s
Epoch: 55/150 Iter: 70/96 loss: 0.3182 acc: 0.8222 time 0.86s
Epoch: 55/150 Iter: 71/96 loss: 0.3245 acc: 0.8153 time 1.44s
Epoch: 55/150 Iter: 72/96 loss: 0.3436 acc: 0.8055 time 0.80s
Epoch: 55/150 Iter: 73/96 loss: 0.3454 acc: 0.8000 time 0.91s
Epoch: 55/150 Iter: 74/96 loss: 0.3492 acc: 0.7959 time 0.77s
Epoch: 55/150 Iter: 75/96 loss: 0.3502 acc: 0.7973 time 1.43s
Epoch: 55/150 Iter: 76/96 loss: 0.3505 acc: 0.8000 time 0.87s
Epoch: 55/150 Iter: 77/96 loss: 0.3492 acc: 0.8004 time 1.47s
Epoch: 55/150 Iter: 78/96 loss: 0.3551 acc: 0.8014 time 1.44s
Epoch: 55/150 Iter: 79/96 loss: 0.3522 acc: 0.8039 time 1.44s
Epoch: 55/150 Iter: 80/96 loss: 0.3516 acc: 0.8042 time 1.43s
Epoch: 55/150 Iter: 81/96 loss: 0.3494 acc: 0.8067 time 0.85s
Epoch: 55/150 Iter: 82/96 loss: 0.3616 acc: 0.8029 time 0.71s
Epoch: 55/150 Iter: 83/96 loss: 0.3663 acc: 0.8013 time 1.39s
Epoch: 55/150 Iter: 84/96 loss: 0.3634 acc: 0.8036 time 0.87s
Epoch: 55/150 Iter: 85/96 loss: 0.3732 acc: 0.8005 time 0.73s
Epoch: 55/150 Iter: 86/96 loss: 0.3705 acc: 0.8028 time 1.47s
Epoch: 55/150 Iter: 87/96 loss: 0.3726 acc: 0.8019 time 0.75s
Epoch: 55/150 Iter: 88/96 loss: 0.3775 acc: 0.8027 time 0.76s
Epoch: 55/150 Iter: 89/96 loss: 0.3749 acc: 0.8049 time 1.37s
Epoch: 55/150 Iter: 90/96 loss: 0.3756 acc: 0.8071 time 1.41s
Epoch: 55/150 Iter: 91/96 loss: 0.3742 acc: 0.8083 time 1.44s
Epoch: 55/150 Iter: 92/96 loss: 0.3710 acc: 0.8104 time 0.81s
Epoch: 55/150 Iter: 93/96 loss: 0.3677 acc: 0.8124 time 0.71s
Epoch: 55/150 Iter: 94/96 loss: 0.3695 acc: 0.8117 time 0.71s
Epoch: 55/150 Iter: 95/96 loss: 0.3716 acc: 0.8124 time 1.39s
Epoch: 55/150 Iter: 96/96 loss: 0.3689 acc: 0.8144 time 0.70s
[Train epoch 55] avg_loss=0.3689 avg_acc=0.8144 | per-class [c0: 0.832, c1: 0.933, c2: 0.861]
Final training 55/150, loss: 0.3689, time 103.38s, lr: 0.059498
Accuracy: 0.851
class                  precision    recall   specificity      f1   support
--------------------------------------------------------------------------
0                          0.917     0.832         0.929   0.873       280
1                          0.538     0.933         0.956   0.683        30
2                          0.848     0.861         0.868   0.854       266
*----------------------------------------*
0 Mon Nov 17 17:54:33 2025 Epoch: 56
Epoch: 56/150 Iter: 1/96 loss: 0.3921 acc: 0.7778 time 1.98s
Epoch: 56/150 Iter: 2/96 loss: 0.2396 acc: 0.8889 time 1.45s
Epoch: 56/150 Iter: 3/96 loss: 0.1708 acc: 0.9259 time 0.94s
Epoch: 56/150 Iter: 4/96 loss: 0.2010 acc: 0.9132 time 0.87s
Epoch: 56/150 Iter: 5/96 loss: 0.3316 acc: 0.8639 time 1.46s
Epoch: 56/150 Iter: 6/96 loss: 0.3486 acc: 0.8403 time 0.85s
Epoch: 56/150 Iter: 7/96 loss: 0.3819 acc: 0.7837 time 0.91s
Epoch: 56/150 Iter: 8/96 loss: 0.3989 acc: 0.7951 time 1.49s
Epoch: 56/150 Iter: 9/96 loss: 0.3839 acc: 0.7932 time 1.41s
Epoch: 56/150 Iter: 10/96 loss: 0.3563 acc: 0.8139 time 0.84s
Epoch: 56/150 Iter: 11/96 loss: 0.3366 acc: 0.8308 time 0.79s
Epoch: 56/150 Iter: 12/96 loss: 0.3403 acc: 0.8449 time 0.82s
Epoch: 56/150 Iter: 13/96 loss: 0.3879 acc: 0.8184 time 0.93s
Epoch: 56/150 Iter: 14/96 loss: 0.3859 acc: 0.8135 time 1.41s
Epoch: 56/150 Iter: 15/96 loss: 0.3722 acc: 0.8176 time 0.84s
Epoch: 56/150 Iter: 16/96 loss: 0.3544 acc: 0.8290 time 0.77s
Epoch: 56/150 Iter: 17/96 loss: 0.3379 acc: 0.8391 time 1.45s
Epoch: 56/150 Iter: 18/96 loss: 0.3346 acc: 0.8248 time 0.87s
Epoch: 56/150 Iter: 19/96 loss: 0.3330 acc: 0.8130 time 0.78s
Epoch: 56/150 Iter: 20/96 loss: 0.3320 acc: 0.8224 time 1.42s
Epoch: 56/150 Iter: 21/96 loss: 0.3442 acc: 0.8118 time 0.91s
Epoch: 56/150 Iter: 22/96 loss: 0.3341 acc: 0.8203 time 0.81s
Epoch: 56/150 Iter: 23/96 loss: 0.3381 acc: 0.8100 time 1.43s
Epoch: 56/150 Iter: 24/96 loss: 0.3333 acc: 0.8138 time 0.94s
Epoch: 56/150 Iter: 25/96 loss: 0.3419 acc: 0.8012 time 0.89s
Epoch: 56/150 Iter: 26/96 loss: 0.3378 acc: 0.8089 time 0.92s
Epoch: 56/150 Iter: 27/96 loss: 0.3338 acc: 0.7995 time 1.46s
Epoch: 56/150 Iter: 28/96 loss: 0.3318 acc: 0.8066 time 1.43s
Epoch: 56/150 Iter: 29/96 loss: 0.3293 acc: 0.8095 time 0.89s
Epoch: 56/150 Iter: 30/96 loss: 0.3277 acc: 0.8158 time 1.45s
Epoch: 56/150 Iter: 31/96 loss: 0.3302 acc: 0.8089 time 0.87s
Epoch: 56/150 Iter: 32/96 loss: 0.3206 acc: 0.8148 time 0.77s
Epoch: 56/150 Iter: 33/96 loss: 0.3300 acc: 0.8063 time 0.87s
Epoch: 56/150 Iter: 34/96 loss: 0.3237 acc: 0.8120 time 1.41s
Epoch: 56/150 Iter: 35/96 loss: 0.3391 acc: 0.7983 time 1.42s
Epoch: 56/150 Iter: 36/96 loss: 0.3383 acc: 0.8012 time 1.38s
Epoch: 56/150 Iter: 37/96 loss: 0.3306 acc: 0.8065 time 1.43s
Epoch: 56/150 Iter: 38/96 loss: 0.3266 acc: 0.8116 time 0.79s
Epoch: 56/150 Iter: 39/96 loss: 0.3219 acc: 0.8165 time 1.42s
Epoch: 56/150 Iter: 40/96 loss: 0.3149 acc: 0.8210 time 0.87s
Epoch: 56/150 Iter: 41/96 loss: 0.3144 acc: 0.8146 time 0.87s
Epoch: 56/150 Iter: 42/96 loss: 0.3149 acc: 0.8095 time 0.90s
Epoch: 56/150 Iter: 43/96 loss: 0.3124 acc: 0.8120 time 0.80s
Epoch: 56/150 Iter: 44/96 loss: 0.3091 acc: 0.8162 time 0.81s
Epoch: 56/150 Iter: 45/96 loss: 0.3030 acc: 0.8203 time 1.44s
Epoch: 56/150 Iter: 46/96 loss: 0.2978 acc: 0.8242 time 0.80s
Epoch: 56/150 Iter: 47/96 loss: 0.2933 acc: 0.8280 time 0.79s
Epoch: 56/150 Iter: 48/96 loss: 0.3102 acc: 0.8229 time 0.80s
Epoch: 56/150 Iter: 49/96 loss: 0.3057 acc: 0.8265 time 0.76s
Epoch: 56/150 Iter: 50/96 loss: 0.3106 acc: 0.8283 time 0.89s
Epoch: 56/150 Iter: 51/96 loss: 0.3098 acc: 0.8218 time 1.39s
Epoch: 56/150 Iter: 52/96 loss: 0.3059 acc: 0.8253 time 0.77s
Epoch: 56/150 Iter: 53/96 loss: 0.3043 acc: 0.8286 time 1.43s
Epoch: 56/150 Iter: 54/96 loss: 0.3093 acc: 0.8271 time 1.47s
Epoch: 56/150 Iter: 55/96 loss: 0.3040 acc: 0.8303 time 0.92s
Epoch: 56/150 Iter: 56/96 loss: 0.3226 acc: 0.8199 time 0.89s
Epoch: 56/150 Iter: 57/96 loss: 0.3187 acc: 0.8231 time 0.79s
Epoch: 56/150 Iter: 58/96 loss: 0.3204 acc: 0.8232 time 0.87s
Epoch: 56/150 Iter: 59/96 loss: 0.3240 acc: 0.8234 time 0.82s
Epoch: 56/150 Iter: 60/96 loss: 0.3204 acc: 0.8263 time 0.80s
Epoch: 56/150 Iter: 61/96 loss: 0.3226 acc: 0.8215 time 0.96s
Epoch: 56/150 Iter: 62/96 loss: 0.3241 acc: 0.8244 time 1.46s
Epoch: 56/150 Iter: 63/96 loss: 0.3207 acc: 0.8272 time 1.46s
Epoch: 56/150 Iter: 64/96 loss: 0.3243 acc: 0.8280 time 0.74s
Epoch: 56/150 Iter: 65/96 loss: 0.3274 acc: 0.8216 time 0.76s
Epoch: 56/150 Iter: 66/96 loss: 0.3287 acc: 0.8218 time 0.79s
Epoch: 56/150 Iter: 67/96 loss: 0.3270 acc: 0.8245 time 0.76s
Epoch: 56/150 Iter: 68/96 loss: 0.3281 acc: 0.8241 time 0.91s
Epoch: 56/150 Iter: 69/96 loss: 0.3264 acc: 0.8209 time 0.79s
Epoch: 56/150 Iter: 70/96 loss: 0.3249 acc: 0.8218 time 1.38s
Epoch: 56/150 Iter: 71/96 loss: 0.3284 acc: 0.8220 time 0.88s
Epoch: 56/150 Iter: 72/96 loss: 0.3294 acc: 0.8175 time 0.87s
Epoch: 56/150 Iter: 73/96 loss: 0.3341 acc: 0.8154 time 1.44s
Epoch: 56/150 Iter: 74/96 loss: 0.3325 acc: 0.8179 time 1.45s
Epoch: 56/150 Iter: 75/96 loss: 0.3325 acc: 0.8204 time 0.81s
Epoch: 56/150 Iter: 76/96 loss: 0.3354 acc: 0.8211 time 1.47s
Epoch: 56/150 Iter: 77/96 loss: 0.3320 acc: 0.8234 time 1.44s
Epoch: 56/150 Iter: 78/96 loss: 0.3335 acc: 0.8193 time 1.43s
Epoch: 56/150 Iter: 79/96 loss: 0.3337 acc: 0.8194 time 0.94s
Epoch: 56/150 Iter: 80/96 loss: 0.3325 acc: 0.8217 time 0.77s
Epoch: 56/150 Iter: 81/96 loss: 0.3297 acc: 0.8239 time 0.69s
Epoch: 56/150 Iter: 82/96 loss: 0.3269 acc: 0.8261 time 0.81s
Epoch: 56/150 Iter: 83/96 loss: 0.3249 acc: 0.8281 time 1.38s
Epoch: 56/150 Iter: 84/96 loss: 0.3230 acc: 0.8287 time 1.38s
Epoch: 56/150 Iter: 85/96 loss: 0.3213 acc: 0.8278 time 0.68s
Epoch: 56/150 Iter: 86/96 loss: 0.3215 acc: 0.8298 time 0.75s
Epoch: 56/150 Iter: 87/96 loss: 0.3218 acc: 0.8306 time 0.76s
Epoch: 56/150 Iter: 88/96 loss: 0.3196 acc: 0.8325 time 0.75s
Epoch: 56/150 Iter: 89/96 loss: 0.3205 acc: 0.8299 time 0.69s
Epoch: 56/150 Iter: 90/96 loss: 0.3240 acc: 0.8299 time 0.74s
Epoch: 56/150 Iter: 91/96 loss: 0.3214 acc: 0.8318 time 0.70s
Epoch: 56/150 Iter: 92/96 loss: 0.3215 acc: 0.8288 time 1.36s
Epoch: 56/150 Iter: 93/96 loss: 0.3202 acc: 0.8306 time 0.72s
Epoch: 56/150 Iter: 94/96 loss: 0.3190 acc: 0.8311 time 0.76s
Epoch: 56/150 Iter: 95/96 loss: 0.3178 acc: 0.8329 time 0.78s
Epoch: 56/150 Iter: 96/96 loss: 0.3179 acc: 0.8317 time 0.70s
[Train epoch 56] avg_loss=0.3179 avg_acc=0.8317 | per-class [c0: 0.858, c1: 0.967, c2: 0.868]
Final training 56/150, loss: 0.3179, time 98.90s, lr: 0.058736
Accuracy: 0.868
class                  precision    recall   specificity      f1   support
--------------------------------------------------------------------------
0                          0.938     0.858         0.946   0.896       281
1                          0.509     0.967         0.949   0.667        30
2                          0.878     0.868         0.897   0.873       265
*----------------------------------------*
Val 56/150 1/24, Acc: 0.5000, Loss: 13.7412, time 0.45s
Val 56/150 2/24, Acc: 0.5278, Loss: 7.0240, time 0.43s
Val 56/150 3/24, Acc: 0.6852, Loss: 4.7493, time 0.43s
Val 56/150 4/24, Acc: 0.7639, Loss: 3.6003, time 0.42s
Val 56/150 5/24, Acc: 0.8111, Loss: 2.9071, time 0.54s
Val 56/150 6/24, Acc: 0.8426, Loss: 2.4364, time 0.52s
Val 56/150 7/24, Acc: 0.8651, Loss: 2.1073, time 0.47s
Val 56/150 8/24, Acc: 0.8507, Loss: 1.8934, time 0.42s
Val 56/150 9/24, Acc: 0.8562, Loss: 1.7036, time 0.45s
Val 56/150 10/24, Acc: 0.8706, Loss: 1.5414, time 0.57s
Val 56/150 11/24, Acc: 0.8823, Loss: 1.4061, time 0.40s
Val 56/150 12/24, Acc: 0.8366, Loss: 1.3334, time 0.45s
Val 56/150 13/24, Acc: 0.8107, Loss: 1.2475, time 0.46s
Val 56/150 14/24, Acc: 0.8063, Loss: 1.2140, time 0.42s
Val 56/150 15/24, Acc: 0.8137, Loss: 1.1406, time 0.40s
Val 56/150 16/24, Acc: 0.8128, Loss: 1.1021, time 0.43s
Val 56/150 17/24, Acc: 0.8239, Loss: 1.0423, time 0.48s
Val 56/150 18/24, Acc: 0.8267, Loss: 1.0064, time 0.43s
Val 56/150 19/24, Acc: 0.8306, Loss: 0.9702, time 0.46s
Val 56/150 20/24, Acc: 0.8168, Loss: 0.9499, time 0.45s
Val 56/150 21/24, Acc: 0.8255, Loss: 0.9103, time 0.47s
Val 56/150 22/24, Acc: 0.8259, Loss: 0.8833, time 0.53s
Val 56/150 23/24, Acc: 0.8262, Loss: 0.8629, time 0.38s
Val 56/150 24/24, Acc: 0.8334, Loss: 0.8383, time 0.40s
[Val epoch 56] avg_acc=0.8334 | avg_loss=0.8383 | per-class [c0: 0.829, c1: 0.875, c2: 0.924]
Final validation 56/150, Val_acc: 0.8334, time 10.87sAccuracy: 0.875
class                  precision    recall   specificity      f1   support
--------------------------------------------------------------------------
0                          0.967     0.829         0.973   0.892        70
1                          0.583     0.875         0.963   0.700         8
2                          0.847     0.924         0.859   0.884        66
*========================================*
Saving checkpoint outputs/OrganoidsINRIA_reduced/resnet18/2025-11-17-16-11/training/model_final.pt
[EarlyStopping] no improve (2/40)
[EarlyStopping] no improve (4/40)
0 Mon Nov 17 17:56:28 2025 Epoch: 57
Epoch: 57/150 Iter: 1/96 loss: 0.7943 acc: 0.2667 time 2.41s
Epoch: 57/150 Iter: 2/96 loss: 0.5184 acc: 0.6333 time 1.45s
Epoch: 57/150 Iter: 3/96 loss: 0.5933 acc: 0.6222 time 0.80s
Epoch: 57/150 Iter: 4/96 loss: 0.4652 acc: 0.7167 time 1.44s
Epoch: 57/150 Iter: 5/96 loss: 0.3965 acc: 0.7733 time 1.46s
Epoch: 57/150 Iter: 6/96 loss: 0.3901 acc: 0.7944 time 1.47s
Epoch: 57/150 Iter: 7/96 loss: 0.3645 acc: 0.8000 time 0.77s
Epoch: 57/150 Iter: 8/96 loss: 0.3224 acc: 0.8250 time 0.83s
Epoch: 57/150 Iter: 9/96 loss: 0.3238 acc: 0.8444 time 1.50s
Epoch: 57/150 Iter: 10/96 loss: 0.3007 acc: 0.8600 time 1.47s
Epoch: 57/150 Iter: 11/96 loss: 0.2924 acc: 0.8727 time 0.79s
Epoch: 57/150 Iter: 12/96 loss: 0.2709 acc: 0.8833 time 0.84s
Epoch: 57/150 Iter: 13/96 loss: 0.2633 acc: 0.8827 time 0.83s
Epoch: 57/150 Iter: 14/96 loss: 0.2594 acc: 0.8792 time 1.44s
Epoch: 57/150 Iter: 15/96 loss: 0.2512 acc: 0.8872 time 0.91s
Epoch: 57/150 Iter: 16/96 loss: 0.2616 acc: 0.8880 time 0.79s
Epoch: 57/150 Iter: 17/96 loss: 0.2604 acc: 0.8848 time 1.45s
Epoch: 57/150 Iter: 18/96 loss: 0.2721 acc: 0.8773 time 1.45s
Epoch: 57/150 Iter: 19/96 loss: 0.2617 acc: 0.8838 time 0.87s
Epoch: 57/150 Iter: 20/96 loss: 0.2617 acc: 0.8833 time 0.92s
Epoch: 57/150 Iter: 21/96 loss: 0.2616 acc: 0.8889 time 0.80s
Epoch: 57/150 Iter: 22/96 loss: 0.2511 acc: 0.8939 time 1.43s
Epoch: 57/150 Iter: 23/96 loss: 0.2461 acc: 0.8942 time 0.79s
Epoch: 57/150 Iter: 24/96 loss: 0.2531 acc: 0.8755 time 1.43s
Epoch: 57/150 Iter: 25/96 loss: 0.2448 acc: 0.8804 time 0.79s
Epoch: 57/150 Iter: 26/96 loss: 0.2412 acc: 0.8850 time 1.43s
Epoch: 57/150 Iter: 27/96 loss: 0.2384 acc: 0.8852 time 0.82s
Epoch: 57/150 Iter: 28/96 loss: 0.2379 acc: 0.8804 time 1.47s
Epoch: 57/150 Iter: 29/96 loss: 0.2444 acc: 0.8802 time 0.90s
Epoch: 57/150 Iter: 30/96 loss: 0.2422 acc: 0.8842 time 0.93s
Epoch: 57/150 Iter: 31/96 loss: 0.2710 acc: 0.8700 time 1.43s
Epoch: 57/150 Iter: 32/96 loss: 0.2778 acc: 0.8636 time 0.76s
Epoch: 57/150 Iter: 33/96 loss: 0.2843 acc: 0.8640 time 1.43s
Epoch: 57/150 Iter: 34/96 loss: 0.2943 acc: 0.8582 time 0.80s
Epoch: 57/150 Iter: 35/96 loss: 0.2904 acc: 0.8622 time 1.45s
Epoch: 57/150 Iter: 36/96 loss: 0.2952 acc: 0.8626 time 0.91s
Epoch: 57/150 Iter: 37/96 loss: 0.2918 acc: 0.8550 time 1.39s
Epoch: 57/150 Iter: 38/96 loss: 0.2855 acc: 0.8588 time 0.98s
Epoch: 57/150 Iter: 39/96 loss: 0.2804 acc: 0.8625 time 0.82s
Epoch: 57/150 Iter: 40/96 loss: 0.2820 acc: 0.8576 time 0.87s
Epoch: 57/150 Iter: 41/96 loss: 0.2835 acc: 0.8502 time 0.80s
Epoch: 57/150 Iter: 42/96 loss: 0.2774 acc: 0.8538 time 1.43s
Epoch: 57/150 Iter: 43/96 loss: 0.2893 acc: 0.8494 time 0.91s
Epoch: 57/150 Iter: 44/96 loss: 0.2848 acc: 0.8528 time 1.37s
Epoch: 57/150 Iter: 45/96 loss: 0.2824 acc: 0.8561 time 1.40s
Epoch: 57/150 Iter: 46/96 loss: 0.2827 acc: 0.8592 time 1.41s
Epoch: 57/150 Iter: 47/96 loss: 0.2788 acc: 0.8622 time 1.44s
Epoch: 57/150 Iter: 48/96 loss: 0.2743 acc: 0.8651 time 1.46s
Epoch: 57/150 Iter: 49/96 loss: 0.2711 acc: 0.8679 time 0.84s
Epoch: 57/150 Iter: 50/96 loss: 0.2682 acc: 0.8705 time 1.44s
Epoch: 57/150 Iter: 51/96 loss: 0.2814 acc: 0.8681 time 0.75s
Epoch: 57/150 Iter: 52/96 loss: 0.2782 acc: 0.8707 time 0.82s
Epoch: 57/150 Iter: 53/96 loss: 0.2817 acc: 0.8621 time 1.39s
Epoch: 57/150 Iter: 54/96 loss: 0.2824 acc: 0.8616 time 1.40s
Epoch: 57/150 Iter: 55/96 loss: 0.2802 acc: 0.8641 time 0.82s
Epoch: 57/150 Iter: 56/96 loss: 0.2770 acc: 0.8665 time 1.43s
Epoch: 57/150 Iter: 57/96 loss: 0.2793 acc: 0.8640 time 0.78s
Epoch: 57/150 Iter: 58/96 loss: 0.2767 acc: 0.8663 time 1.48s
Epoch: 57/150 Iter: 59/96 loss: 0.2836 acc: 0.8587 time 1.45s
Epoch: 57/150 Iter: 60/96 loss: 0.2810 acc: 0.8611 time 0.75s
Epoch: 57/150 Iter: 61/96 loss: 0.2833 acc: 0.8601 time 0.77s
Epoch: 57/150 Iter: 62/96 loss: 0.2862 acc: 0.8583 time 0.85s
Epoch: 57/150 Iter: 63/96 loss: 0.2909 acc: 0.8570 time 0.92s
Epoch: 57/150 Iter: 64/96 loss: 0.2902 acc: 0.8592 time 0.79s
Epoch: 57/150 Iter: 65/96 loss: 0.3001 acc: 0.8529 time 0.90s
Epoch: 57/150 Iter: 66/96 loss: 0.2973 acc: 0.8551 time 0.81s
Epoch: 57/150 Iter: 67/96 loss: 0.3003 acc: 0.8543 time 0.77s
Epoch: 57/150 Iter: 68/96 loss: 0.2985 acc: 0.8564 time 1.46s
Epoch: 57/150 Iter: 69/96 loss: 0.2948 acc: 0.8585 time 1.43s
Epoch: 57/150 Iter: 70/96 loss: 0.2991 acc: 0.8605 time 1.45s
Epoch: 57/150 Iter: 71/96 loss: 0.2982 acc: 0.8613 time 0.84s
Epoch: 57/150 Iter: 72/96 loss: 0.2970 acc: 0.8632 time 0.73s
Epoch: 57/150 Iter: 73/96 loss: 0.2963 acc: 0.8651 time 0.78s
Epoch: 57/150 Iter: 74/96 loss: 0.2958 acc: 0.8652 time 1.42s
Epoch: 57/150 Iter: 75/96 loss: 0.2941 acc: 0.8670 time 1.44s
Epoch: 57/150 Iter: 76/96 loss: 0.2976 acc: 0.8629 time 0.92s
Epoch: 57/150 Iter: 77/96 loss: 0.2946 acc: 0.8647 time 1.41s
Epoch: 57/150 Iter: 78/96 loss: 0.2915 acc: 0.8665 time 0.87s
Epoch: 57/150 Iter: 79/96 loss: 0.2888 acc: 0.8681 time 0.76s
Epoch: 57/150 Iter: 80/96 loss: 0.2860 acc: 0.8698 time 1.42s
Epoch: 57/150 Iter: 81/96 loss: 0.2878 acc: 0.8689 time 0.85s
Epoch: 57/150 Iter: 82/96 loss: 0.2886 acc: 0.8644 time 1.40s
Epoch: 57/150 Iter: 83/96 loss: 0.2862 acc: 0.8661 time 0.87s
Epoch: 57/150 Iter: 84/96 loss: 0.2857 acc: 0.8627 time 0.88s
Epoch: 57/150 Iter: 85/96 loss: 0.2838 acc: 0.8643 time 0.73s
Epoch: 57/150 Iter: 86/96 loss: 0.2887 acc: 0.8620 time 0.71s
Epoch: 57/150 Iter: 87/96 loss: 0.2956 acc: 0.8598 time 1.38s
Epoch: 57/150 Iter: 88/96 loss: 0.2953 acc: 0.8595 time 1.40s
Epoch: 57/150 Iter: 89/96 loss: 0.2944 acc: 0.8598 time 1.43s
Epoch: 57/150 Iter: 90/96 loss: 0.2985 acc: 0.8601 time 0.76s
Epoch: 57/150 Iter: 91/96 loss: 0.2980 acc: 0.8598 time 0.74s
Epoch: 57/150 Iter: 92/96 loss: 0.2986 acc: 0.8583 time 0.81s
Epoch: 57/150 Iter: 93/96 loss: 0.3003 acc: 0.8554 time 0.74s
Epoch: 57/150 Iter: 94/96 loss: 0.3016 acc: 0.8528 time 0.77s
Epoch: 57/150 Iter: 95/96 loss: 0.3000 acc: 0.8543 time 0.70s
Epoch: 57/150 Iter: 96/96 loss: 0.2980 acc: 0.8558 time 0.69s
[Train epoch 57] avg_loss=0.2980 avg_acc=0.8558 | per-class [c0: 0.883, c1: 0.900, c2: 0.879]
Final training 57/150, loss: 0.2980, time 104.73s, lr: 0.057966
Accuracy: 0.882
class                  precision    recall   specificity      f1   support
--------------------------------------------------------------------------
0                          0.922     0.883         0.929   0.902       281
1                          0.628     0.900         0.971   0.740        30
2                          0.883     0.879         0.900   0.881       265
*----------------------------------------*
0 Mon Nov 17 17:58:12 2025 Epoch: 58
Epoch: 58/150 Iter: 1/96 loss: 0.0578 acc: 1.0000 time 2.19s
Epoch: 58/150 Iter: 2/96 loss: 0.2132 acc: 0.9167 time 0.90s
Epoch: 58/150 Iter: 3/96 loss: 0.1907 acc: 0.9444 time 0.88s
Epoch: 58/150 Iter: 4/96 loss: 0.1558 acc: 0.9583 time 1.45s
Epoch: 58/150 Iter: 5/96 loss: 0.2134 acc: 0.9333 time 0.77s
Epoch: 58/150 Iter: 6/96 loss: 0.1982 acc: 0.9444 time 1.45s
Epoch: 58/150 Iter: 7/96 loss: 0.1887 acc: 0.9286 time 1.45s
Epoch: 58/150 Iter: 8/96 loss: 0.2367 acc: 0.8854 time 0.92s
Epoch: 58/150 Iter: 9/96 loss: 0.2755 acc: 0.8704 time 0.79s
Epoch: 58/150 Iter: 10/96 loss: 0.2530 acc: 0.8833 time 1.46s
Epoch: 58/150 Iter: 11/96 loss: 0.5050 acc: 0.8384 time 0.80s
Epoch: 58/150 Iter: 12/96 loss: 0.4978 acc: 0.8148 time 1.48s
Epoch: 58/150 Iter: 13/96 loss: 0.4767 acc: 0.8162 time 0.81s
Epoch: 58/150 Iter: 14/96 loss: 0.4767 acc: 0.7996 time 0.80s
Epoch: 58/150 Iter: 15/96 loss: 0.4568 acc: 0.8056 time 1.43s
Epoch: 58/150 Iter: 16/96 loss: 0.4575 acc: 0.7899 time 0.86s
Epoch: 58/150 Iter: 17/96 loss: 0.4466 acc: 0.7958 time 1.47s
Epoch: 58/150 Iter: 18/96 loss: 0.4570 acc: 0.7849 time 1.39s
Epoch: 58/150 Iter: 19/96 loss: 0.4856 acc: 0.7699 time 0.84s
Epoch: 58/150 Iter: 20/96 loss: 0.4655 acc: 0.7814 time 1.44s
Epoch: 58/150 Iter: 21/96 loss: 0.4739 acc: 0.7858 time 0.92s
Epoch: 58/150 Iter: 22/96 loss: 0.4592 acc: 0.7905 time 0.73s
Epoch: 58/150 Iter: 23/96 loss: 0.4443 acc: 0.7996 time 1.41s
Epoch: 58/150 Iter: 24/96 loss: 0.4307 acc: 0.8080 time 0.78s
Epoch: 58/150 Iter: 25/96 loss: 0.4167 acc: 0.8157 time 1.44s
Epoch: 58/150 Iter: 26/96 loss: 0.4074 acc: 0.8189 time 0.86s
Epoch: 58/150 Iter: 27/96 loss: 0.4061 acc: 0.8194 time 0.87s
Epoch: 58/150 Iter: 28/96 loss: 0.3951 acc: 0.8259 time 0.87s
Epoch: 58/150 Iter: 29/96 loss: 0.4139 acc: 0.8112 time 1.41s
Epoch: 58/150 Iter: 30/96 loss: 0.4242 acc: 0.7953 time 0.79s
Epoch: 58/150 Iter: 31/96 loss: 0.4266 acc: 0.7965 time 0.78s
Epoch: 58/150 Iter: 32/96 loss: 0.4177 acc: 0.8029 time 0.80s
Epoch: 58/150 Iter: 33/96 loss: 0.4255 acc: 0.7947 time 0.82s
Epoch: 58/150 Iter: 34/96 loss: 0.4198 acc: 0.7975 time 1.46s
Epoch: 58/150 Iter: 35/96 loss: 0.4152 acc: 0.8009 time 0.80s
Epoch: 58/150 Iter: 36/96 loss: 0.4098 acc: 0.8064 time 0.92s
Epoch: 58/150 Iter: 37/96 loss: 0.4085 acc: 0.8116 time 1.45s
Epoch: 58/150 Iter: 38/96 loss: 0.4056 acc: 0.8034 time 1.49s
Epoch: 58/150 Iter: 39/96 loss: 0.4017 acc: 0.8063 time 1.46s
Epoch: 58/150 Iter: 40/96 loss: 0.3942 acc: 0.8112 time 1.47s
Epoch: 58/150 Iter: 41/96 loss: 0.3934 acc: 0.8097 time 0.81s
Epoch: 58/150 Iter: 42/96 loss: 0.3860 acc: 0.8142 time 1.45s
Epoch: 58/150 Iter: 43/96 loss: 0.3797 acc: 0.8185 time 1.44s
Epoch: 58/150 Iter: 44/96 loss: 0.3772 acc: 0.8227 time 0.77s
Epoch: 58/150 Iter: 45/96 loss: 0.3759 acc: 0.8244 time 0.93s
Epoch: 58/150 Iter: 46/96 loss: 0.3762 acc: 0.8260 time 1.45s
Epoch: 58/150 Iter: 47/96 loss: 0.3750 acc: 0.8244 time 0.84s
Epoch: 58/150 Iter: 48/96 loss: 0.3785 acc: 0.8246 time 0.91s
Epoch: 58/150 Iter: 49/96 loss: 0.3783 acc: 0.8231 time 0.89s
Epoch: 58/150 Iter: 50/96 loss: 0.3725 acc: 0.8266 time 0.87s
Epoch: 58/150 Iter: 51/96 loss: 0.3784 acc: 0.8191 time 1.46s
Epoch: 58/150 Iter: 52/96 loss: 0.3719 acc: 0.8226 time 1.42s
Epoch: 58/150 Iter: 53/96 loss: 0.3673 acc: 0.8259 time 0.90s
Epoch: 58/150 Iter: 54/96 loss: 0.3706 acc: 0.8230 time 0.81s
Epoch: 58/150 Iter: 55/96 loss: 0.3676 acc: 0.8232 time 1.46s
Epoch: 58/150 Iter: 56/96 loss: 0.3652 acc: 0.8219 time 0.79s
Epoch: 58/150 Iter: 57/96 loss: 0.3623 acc: 0.8250 time 1.44s
Epoch: 58/150 Iter: 58/96 loss: 0.3575 acc: 0.8280 time 0.86s
Epoch: 58/150 Iter: 59/96 loss: 0.3557 acc: 0.8281 time 0.79s
Epoch: 58/150 Iter: 60/96 loss: 0.3525 acc: 0.8310 time 0.89s
Epoch: 58/150 Iter: 61/96 loss: 0.3479 acc: 0.8337 time 1.47s
Epoch: 58/150 Iter: 62/96 loss: 0.3463 acc: 0.8324 time 1.45s
Epoch: 58/150 Iter: 63/96 loss: 0.3486 acc: 0.8280 time 1.44s
Epoch: 58/150 Iter: 64/96 loss: 0.3459 acc: 0.8307 time 0.75s
Epoch: 58/150 Iter: 65/96 loss: 0.3453 acc: 0.8243 time 0.77s
Epoch: 58/150 Iter: 66/96 loss: 0.3543 acc: 0.8219 time 0.90s
Epoch: 58/150 Iter: 67/96 loss: 0.3584 acc: 0.8180 time 0.78s
Epoch: 58/150 Iter: 68/96 loss: 0.3576 acc: 0.8133 time 0.92s
Epoch: 58/150 Iter: 69/96 loss: 0.3529 acc: 0.8160 time 0.76s
Epoch: 58/150 Iter: 70/96 loss: 0.3490 acc: 0.8186 time 1.42s
Epoch: 58/150 Iter: 71/96 loss: 0.3463 acc: 0.8155 time 0.90s
Epoch: 58/150 Iter: 72/96 loss: 0.3472 acc: 0.8164 time 1.45s
Epoch: 58/150 Iter: 73/96 loss: 0.3461 acc: 0.8172 time 0.94s
Epoch: 58/150 Iter: 74/96 loss: 0.3488 acc: 0.8151 time 0.95s
Epoch: 58/150 Iter: 75/96 loss: 0.3471 acc: 0.8176 time 0.77s
Epoch: 58/150 Iter: 76/96 loss: 0.3509 acc: 0.8183 time 0.78s
Epoch: 58/150 Iter: 77/96 loss: 0.3533 acc: 0.8149 time 0.94s
Epoch: 58/150 Iter: 78/96 loss: 0.3532 acc: 0.8116 time 0.94s
Epoch: 58/150 Iter: 79/96 loss: 0.3495 acc: 0.8140 time 1.42s
Epoch: 58/150 Iter: 80/96 loss: 0.3501 acc: 0.8148 time 1.47s
Epoch: 58/150 Iter: 81/96 loss: 0.3465 acc: 0.8170 time 1.41s
Epoch: 58/150 Iter: 82/96 loss: 0.3477 acc: 0.8125 time 1.38s
Epoch: 58/150 Iter: 83/96 loss: 0.3502 acc: 0.8117 time 1.40s
Epoch: 58/150 Iter: 84/96 loss: 0.3580 acc: 0.8100 time 1.39s
Epoch: 58/150 Iter: 85/96 loss: 0.3582 acc: 0.8103 time 1.38s
Epoch: 58/150 Iter: 86/96 loss: 0.3576 acc: 0.8099 time 1.36s
Epoch: 58/150 Iter: 87/96 loss: 0.3662 acc: 0.8083 time 1.39s
Epoch: 58/150 Iter: 88/96 loss: 0.3626 acc: 0.8104 time 1.37s
Epoch: 58/150 Iter: 89/96 loss: 0.3635 acc: 0.8107 time 1.43s
Epoch: 58/150 Iter: 90/96 loss: 0.3609 acc: 0.8128 time 0.78s
Epoch: 58/150 Iter: 91/96 loss: 0.3635 acc: 0.8100 time 1.41s
Epoch: 58/150 Iter: 92/96 loss: 0.3600 acc: 0.8120 time 1.41s
Epoch: 58/150 Iter: 93/96 loss: 0.3586 acc: 0.8123 time 0.78s
Epoch: 58/150 Iter: 94/96 loss: 0.3554 acc: 0.8143 time 0.78s
Epoch: 58/150 Iter: 95/96 loss: 0.3582 acc: 0.8115 time 0.77s
Epoch: 58/150 Iter: 96/96 loss: 0.3568 acc: 0.8125 time 0.75s
[Train epoch 58] avg_loss=0.3568 avg_acc=0.8125 | per-class [c0: 0.854, c1: 0.867, c2: 0.868]
Final training 58/150, loss: 0.3568, time 106.74s, lr: 0.057188
Accuracy: 0.861
class                  precision    recall   specificity      f1   support
--------------------------------------------------------------------------
0                          0.934     0.854         0.943   0.892       280
1                          0.419     0.867         0.934   0.565        30
2                          0.895     0.868         0.913   0.882       266
*----------------------------------------*
Val 58/150 1/24, Acc: 0.5000, Loss: 6.7127, time 0.50s
Val 58/150 2/24, Acc: 0.5278, Loss: 3.4653, time 0.44s
Val 58/150 3/24, Acc: 0.5741, Loss: 2.7080, time 0.42s
Val 58/150 4/24, Acc: 0.6493, Loss: 2.1269, time 0.43s
Val 58/150 5/24, Acc: 0.6694, Loss: 1.7501, time 0.49s
Val 58/150 6/24, Acc: 0.7245, Loss: 1.4661, time 0.46s
Val 58/150 7/24, Acc: 0.7639, Loss: 1.2705, time 0.44s
Val 58/150 8/24, Acc: 0.7622, Loss: 1.1597, time 0.44s
Val 58/150 9/24, Acc: 0.7886, Loss: 1.0428, time 0.41s
Val 58/150 10/24, Acc: 0.8097, Loss: 0.9406, time 0.49s
Val 58/150 11/24, Acc: 0.8270, Loss: 0.8619, time 0.42s
Val 58/150 12/24, Acc: 0.7859, Loss: 0.8439, time 0.51s
Val 58/150 13/24, Acc: 0.7639, Loss: 0.7978, time 0.54s
Val 58/150 14/24, Acc: 0.7450, Loss: 0.7943, time 0.44s
Val 58/150 15/24, Acc: 0.7565, Loss: 0.7563, time 0.40s
Val 58/150 16/24, Acc: 0.7592, Loss: 0.7372, time 0.44s
Val 58/150 17/24, Acc: 0.7734, Loss: 0.7012, time 0.48s
Val 58/150 18/24, Acc: 0.7790, Loss: 0.6942, time 0.44s
Val 58/150 19/24, Acc: 0.7906, Loss: 0.6686, time 0.44s
Val 58/150 20/24, Acc: 0.7789, Loss: 0.6558, time 0.49s
Val 58/150 21/24, Acc: 0.7894, Loss: 0.6286, time 0.45s
Val 58/150 22/24, Acc: 0.7914, Loss: 0.6261, time 0.52s
Val 58/150 23/24, Acc: 0.7787, Loss: 0.6322, time 0.49s
Val 58/150 24/24, Acc: 0.7880, Loss: 0.6091, time 0.42s
[Val epoch 58] avg_acc=0.7880 | avg_loss=0.6091 | per-class [c0: 0.843, c1: 0.625, c2: 0.909]
Final validation 58/150, Val_acc: 0.7880, time 10.99sAccuracy: 0.861
class                  precision    recall   specificity      f1   support
--------------------------------------------------------------------------
0                          0.937     0.843         0.946   0.887        70
1                          0.500     0.625         0.963   0.556         8
2                          0.845     0.909         0.859   0.876        66
*========================================*
Saving checkpoint outputs/OrganoidsINRIA_reduced/resnet18/2025-11-17-16-11/training/model_final.pt
[EarlyStopping] no improve (3/40)
[EarlyStopping] no improve (5/40)
0 Mon Nov 17 18:00:14 2025 Epoch: 59
Epoch: 59/150 Iter: 1/96 loss: 0.1064 acc: 1.0000 time 1.81s
Epoch: 59/150 Iter: 2/96 loss: 0.1627 acc: 1.0000 time 1.47s
Epoch: 59/150 Iter: 3/96 loss: 0.1501 acc: 1.0000 time 0.90s
Epoch: 59/150 Iter: 4/96 loss: 0.2749 acc: 0.8167 time 1.45s
Epoch: 59/150 Iter: 5/96 loss: 0.2969 acc: 0.7533 time 1.46s
Epoch: 59/150 Iter: 6/96 loss: 0.2560 acc: 0.7944 time 1.44s
Epoch: 59/150 Iter: 7/96 loss: 0.2265 acc: 0.8238 time 0.89s
Epoch: 59/150 Iter: 8/96 loss: 0.2213 acc: 0.8458 time 0.84s
Epoch: 59/150 Iter: 9/96 loss: 0.2107 acc: 0.8259 time 0.78s
Epoch: 59/150 Iter: 10/96 loss: 0.2192 acc: 0.8267 time 1.44s
Epoch: 59/150 Iter: 11/96 loss: 0.3013 acc: 0.7919 time 1.44s
Epoch: 59/150 Iter: 12/96 loss: 0.3312 acc: 0.7630 time 0.86s
Epoch: 59/150 Iter: 13/96 loss: 0.3193 acc: 0.7812 time 0.78s
Epoch: 59/150 Iter: 14/96 loss: 0.3080 acc: 0.7968 time 0.95s
Epoch: 59/150 Iter: 15/96 loss: 0.3263 acc: 0.7715 time 0.84s
Epoch: 59/150 Iter: 16/96 loss: 0.3204 acc: 0.7753 time 0.78s
Epoch: 59/150 Iter: 17/96 loss: 0.3230 acc: 0.7650 time 0.76s
Epoch: 59/150 Iter: 18/96 loss: 0.3129 acc: 0.7781 time 0.92s
Epoch: 59/150 Iter: 19/96 loss: 0.3130 acc: 0.7591 time 0.77s
Epoch: 59/150 Iter: 20/96 loss: 0.3107 acc: 0.7649 time 1.47s
Epoch: 59/150 Iter: 21/96 loss: 0.2976 acc: 0.7761 time 0.82s
Epoch: 59/150 Iter: 22/96 loss: 0.2885 acc: 0.7862 time 1.47s
Epoch: 59/150 Iter: 23/96 loss: 0.2814 acc: 0.7955 time 0.80s
Epoch: 59/150 Iter: 24/96 loss: 0.2858 acc: 0.8041 time 1.46s
Epoch: 59/150 Iter: 25/96 loss: 0.2942 acc: 0.8074 time 1.44s
Epoch: 59/150 Iter: 26/96 loss: 0.2955 acc: 0.8072 time 1.39s
Epoch: 59/150 Iter: 27/96 loss: 0.2934 acc: 0.7978 time 1.37s
Epoch: 59/150 Iter: 28/96 loss: 0.2878 acc: 0.8051 time 0.96s
Epoch: 59/150 Iter: 29/96 loss: 0.2871 acc: 0.8118 time 0.88s
Epoch: 59/150 Iter: 30/96 loss: 0.3143 acc: 0.7986 time 1.45s
Epoch: 59/150 Iter: 31/96 loss: 0.3059 acc: 0.8051 time 1.44s
Epoch: 59/150 Iter: 32/96 loss: 0.3109 acc: 0.7956 time 1.46s
Epoch: 59/150 Iter: 33/96 loss: 0.3058 acc: 0.7934 time 0.79s
Epoch: 59/150 Iter: 34/96 loss: 0.3050 acc: 0.7896 time 1.47s
Epoch: 59/150 Iter: 35/96 loss: 0.2983 acc: 0.7956 time 0.78s
Epoch: 59/150 Iter: 36/96 loss: 0.2915 acc: 0.8013 time 0.80s
Epoch: 59/150 Iter: 37/96 loss: 0.2988 acc: 0.7909 time 0.81s
Epoch: 59/150 Iter: 38/96 loss: 0.2940 acc: 0.7935 time 1.44s
Epoch: 59/150 Iter: 39/96 loss: 0.3084 acc: 0.7892 time 1.42s
Epoch: 59/150 Iter: 40/96 loss: 0.3069 acc: 0.7944 time 0.78s
Epoch: 59/150 Iter: 41/96 loss: 0.3084 acc: 0.7964 time 0.80s
Epoch: 59/150 Iter: 42/96 loss: 0.3022 acc: 0.8013 time 1.46s
Epoch: 59/150 Iter: 43/96 loss: 0.2988 acc: 0.8059 time 1.45s
Epoch: 59/150 Iter: 44/96 loss: 0.3026 acc: 0.8074 time 1.41s
Epoch: 59/150 Iter: 45/96 loss: 0.2991 acc: 0.8117 time 0.80s
Epoch: 59/150 Iter: 46/96 loss: 0.2964 acc: 0.8158 time 1.44s
Epoch: 59/150 Iter: 47/96 loss: 0.2936 acc: 0.8197 time 0.73s
Epoch: 59/150 Iter: 48/96 loss: 0.3018 acc: 0.8131 time 1.44s
Epoch: 59/150 Iter: 49/96 loss: 0.2967 acc: 0.8169 time 0.87s
Epoch: 59/150 Iter: 50/96 loss: 0.2912 acc: 0.8206 time 0.81s
Epoch: 59/150 Iter: 51/96 loss: 0.2863 acc: 0.8241 time 1.46s
Epoch: 59/150 Iter: 52/96 loss: 0.2872 acc: 0.8253 time 1.47s
Epoch: 59/150 Iter: 53/96 loss: 0.2838 acc: 0.8286 time 1.45s
Epoch: 59/150 Iter: 54/96 loss: 0.2928 acc: 0.8256 time 0.79s
Epoch: 59/150 Iter: 55/96 loss: 0.2957 acc: 0.8258 time 0.89s
Epoch: 59/150 Iter: 56/96 loss: 0.3000 acc: 0.8229 time 1.48s
Epoch: 59/150 Iter: 57/96 loss: 0.3012 acc: 0.8231 time 1.42s
Epoch: 59/150 Iter: 58/96 loss: 0.2980 acc: 0.8261 time 1.43s
Epoch: 59/150 Iter: 59/96 loss: 0.2981 acc: 0.8291 time 0.79s
Epoch: 59/150 Iter: 60/96 loss: 0.2947 acc: 0.8319 time 1.41s
Epoch: 59/150 Iter: 61/96 loss: 0.2908 acc: 0.8347 time 0.83s
Epoch: 59/150 Iter: 62/96 loss: 0.2868 acc: 0.8374 time 1.43s
Epoch: 59/150 Iter: 63/96 loss: 0.2925 acc: 0.8320 time 0.79s
Epoch: 59/150 Iter: 64/96 loss: 0.2918 acc: 0.8346 time 0.81s
Epoch: 59/150 Iter: 65/96 loss: 0.2929 acc: 0.8372 time 0.78s
Epoch: 59/150 Iter: 66/96 loss: 0.2930 acc: 0.8359 time 1.48s
Epoch: 59/150 Iter: 67/96 loss: 0.3017 acc: 0.8364 time 0.87s
Epoch: 59/150 Iter: 68/96 loss: 0.3010 acc: 0.8372 time 1.45s
Epoch: 59/150 Iter: 69/96 loss: 0.3041 acc: 0.8335 time 0.78s
Epoch: 59/150 Iter: 70/96 loss: 0.3074 acc: 0.8323 time 1.43s
Epoch: 59/150 Iter: 71/96 loss: 0.3078 acc: 0.8312 time 1.40s
Epoch: 59/150 Iter: 72/96 loss: 0.3056 acc: 0.8335 time 0.85s
Epoch: 59/150 Iter: 73/96 loss: 0.3023 acc: 0.8358 time 1.44s
Epoch: 59/150 Iter: 74/96 loss: 0.2986 acc: 0.8380 time 0.87s
Epoch: 59/150 Iter: 75/96 loss: 0.2962 acc: 0.8402 time 0.78s
Epoch: 59/150 Iter: 76/96 loss: 0.2947 acc: 0.8423 time 0.82s
Epoch: 59/150 Iter: 77/96 loss: 0.2918 acc: 0.8443 time 0.72s
Epoch: 59/150 Iter: 78/96 loss: 0.3033 acc: 0.8378 time 0.80s
Epoch: 59/150 Iter: 79/96 loss: 0.3024 acc: 0.8377 time 0.93s
Epoch: 59/150 Iter: 80/96 loss: 0.3003 acc: 0.8398 time 0.79s
Epoch: 59/150 Iter: 81/96 loss: 0.3017 acc: 0.8386 time 0.73s
Epoch: 59/150 Iter: 82/96 loss: 0.3040 acc: 0.8345 time 0.73s
Epoch: 59/150 Iter: 83/96 loss: 0.3061 acc: 0.8305 time 0.69s
Epoch: 59/150 Iter: 84/96 loss: 0.3045 acc: 0.8272 time 1.39s
Epoch: 59/150 Iter: 85/96 loss: 0.3075 acc: 0.8253 time 1.46s
Epoch: 59/150 Iter: 86/96 loss: 0.3105 acc: 0.8239 time 1.40s
Epoch: 59/150 Iter: 87/96 loss: 0.3124 acc: 0.8211 time 0.74s
Epoch: 59/150 Iter: 88/96 loss: 0.3115 acc: 0.8181 time 1.44s
Epoch: 59/150 Iter: 89/96 loss: 0.3166 acc: 0.8154 time 0.85s
Epoch: 59/150 Iter: 90/96 loss: 0.3219 acc: 0.8129 time 1.38s
Epoch: 59/150 Iter: 91/96 loss: 0.3203 acc: 0.8131 time 1.37s
Epoch: 59/150 Iter: 92/96 loss: 0.3224 acc: 0.8138 time 0.79s
Epoch: 59/150 Iter: 93/96 loss: 0.3206 acc: 0.8144 time 0.71s
Epoch: 59/150 Iter: 94/96 loss: 0.3177 acc: 0.8164 time 0.72s
Epoch: 59/150 Iter: 95/96 loss: 0.3166 acc: 0.8183 time 1.37s
Epoch: 59/150 Iter: 96/96 loss: 0.3161 acc: 0.8185 time 0.72s
[Train epoch 59] avg_loss=0.3161 avg_acc=0.8185 | per-class [c0: 0.861, c1: 0.933, c2: 0.887]
Final training 59/150, loss: 0.3161, time 105.71s, lr: 0.056401
Accuracy: 0.877
class                  precision    recall   specificity      f1   support
--------------------------------------------------------------------------
0                          0.938     0.861         0.946   0.898       281
1                          0.549     0.933         0.958   0.691        30
2                          0.880     0.887         0.897   0.883       265
*----------------------------------------*
0 Mon Nov 17 18:02:00 2025 Epoch: 60
Epoch: 60/150 Iter: 1/96 loss: 0.2107 acc: 1.0000 time 2.03s
Epoch: 60/150 Iter: 2/96 loss: 0.1815 acc: 0.9167 time 0.87s
Epoch: 60/150 Iter: 3/96 loss: 0.3306 acc: 0.8704 time 1.39s
Epoch: 60/150 Iter: 4/96 loss: 0.2677 acc: 0.9028 time 0.78s
Epoch: 60/150 Iter: 5/96 loss: 0.2212 acc: 0.9222 time 1.42s
Epoch: 60/150 Iter: 6/96 loss: 0.2025 acc: 0.9352 time 1.42s
Epoch: 60/150 Iter: 7/96 loss: 0.2294 acc: 0.9206 time 0.94s
Epoch: 60/150 Iter: 8/96 loss: 0.3349 acc: 0.8889 time 0.80s
Epoch: 60/150 Iter: 9/96 loss: 0.3446 acc: 0.9012 time 0.80s
Epoch: 60/150 Iter: 10/96 loss: 0.3328 acc: 0.9111 time 0.79s
Epoch: 60/150 Iter: 11/96 loss: 0.3148 acc: 0.8813 time 0.87s
Epoch: 60/150 Iter: 12/96 loss: 0.3028 acc: 0.8912 time 0.82s
Epoch: 60/150 Iter: 13/96 loss: 0.2857 acc: 0.8996 time 0.78s
Epoch: 60/150 Iter: 14/96 loss: 0.3017 acc: 0.8996 time 0.80s
Epoch: 60/150 Iter: 15/96 loss: 0.3214 acc: 0.8841 time 0.75s
Epoch: 60/150 Iter: 16/96 loss: 0.3205 acc: 0.8913 time 1.50s
Epoch: 60/150 Iter: 17/96 loss: 0.3032 acc: 0.8977 time 1.49s
Epoch: 60/150 Iter: 18/96 loss: 0.2972 acc: 0.8941 time 1.41s
Epoch: 60/150 Iter: 19/96 loss: 0.2840 acc: 0.8997 time 0.87s
Epoch: 60/150 Iter: 20/96 loss: 0.2736 acc: 0.9047 time 1.43s
Epoch: 60/150 Iter: 21/96 loss: 0.3084 acc: 0.8854 time 0.92s
Epoch: 60/150 Iter: 22/96 loss: 0.3203 acc: 0.8869 time 0.88s
Epoch: 60/150 Iter: 23/96 loss: 0.3331 acc: 0.8809 time 1.43s
Epoch: 60/150 Iter: 24/96 loss: 0.3277 acc: 0.8674 time 1.46s
Epoch: 60/150 Iter: 25/96 loss: 0.3270 acc: 0.8638 time 1.39s
Epoch: 60/150 Iter: 26/96 loss: 0.3302 acc: 0.8519 time 0.79s
Epoch: 60/150 Iter: 27/96 loss: 0.3558 acc: 0.8401 time 1.46s
Epoch: 60/150 Iter: 28/96 loss: 0.3477 acc: 0.8458 time 1.45s
Epoch: 60/150 Iter: 29/96 loss: 0.3496 acc: 0.8259 time 1.41s
Epoch: 60/150 Iter: 30/96 loss: 0.3890 acc: 0.8122 time 1.47s
Epoch: 60/150 Iter: 31/96 loss: 0.3963 acc: 0.8004 time 0.89s
Epoch: 60/150 Iter: 32/96 loss: 0.3859 acc: 0.8066 time 0.80s
Epoch: 60/150 Iter: 33/96 loss: 0.3755 acc: 0.8125 time 1.39s
Epoch: 60/150 Iter: 34/96 loss: 0.3679 acc: 0.8180 time 0.80s
Epoch: 60/150 Iter: 35/96 loss: 0.3790 acc: 0.8098 time 0.83s
Epoch: 60/150 Iter: 36/96 loss: 0.3692 acc: 0.8151 time 0.75s
Epoch: 60/150 Iter: 37/96 loss: 0.3775 acc: 0.8111 time 1.43s
Epoch: 60/150 Iter: 38/96 loss: 0.3684 acc: 0.8161 time 0.79s
Epoch: 60/150 Iter: 39/96 loss: 0.3709 acc: 0.8066 time 1.46s
Epoch: 60/150 Iter: 40/96 loss: 0.3792 acc: 0.8003 time 1.43s
Epoch: 60/150 Iter: 41/96 loss: 0.3769 acc: 0.8021 time 0.91s
Epoch: 60/150 Iter: 42/96 loss: 0.3720 acc: 0.8068 time 0.90s
Epoch: 60/150 Iter: 43/96 loss: 0.3760 acc: 0.7997 time 0.78s
Epoch: 60/150 Iter: 44/96 loss: 0.3695 acc: 0.8042 time 1.44s
Epoch: 60/150 Iter: 45/96 loss: 0.3733 acc: 0.8058 time 1.41s
Epoch: 60/150 Iter: 46/96 loss: 0.3728 acc: 0.8076 time 1.48s
Epoch: 60/150 Iter: 47/96 loss: 0.3728 acc: 0.8117 time 1.41s
Epoch: 60/150 Iter: 48/96 loss: 0.3678 acc: 0.8156 time 0.81s
Epoch: 60/150 Iter: 49/96 loss: 0.3672 acc: 0.8160 time 1.43s
Epoch: 60/150 Iter: 50/96 loss: 0.3606 acc: 0.8197 time 1.47s
Epoch: 60/150 Iter: 51/96 loss: 0.3707 acc: 0.8101 time 0.87s
Epoch: 60/150 Iter: 52/96 loss: 0.3640 acc: 0.8138 time 0.78s
Epoch: 60/150 Iter: 53/96 loss: 0.3732 acc: 0.8068 time 1.47s
Epoch: 60/150 Iter: 54/96 loss: 0.3738 acc: 0.8011 time 1.44s
Epoch: 60/150 Iter: 55/96 loss: 0.3671 acc: 0.8047 time 0.93s
Epoch: 60/150 Iter: 56/96 loss: 0.3613 acc: 0.8082 time 0.89s
Epoch: 60/150 Iter: 57/96 loss: 0.3684 acc: 0.8028 time 0.77s
Epoch: 60/150 Iter: 58/96 loss: 0.3630 acc: 0.8062 time 0.76s
Epoch: 60/150 Iter: 59/96 loss: 0.3614 acc: 0.8067 time 1.45s
Epoch: 60/150 Iter: 60/96 loss: 0.3587 acc: 0.8071 time 1.44s
Epoch: 60/150 Iter: 61/96 loss: 0.3649 acc: 0.8048 time 1.44s
Epoch: 60/150 Iter: 62/96 loss: 0.3619 acc: 0.8080 time 1.39s
Epoch: 60/150 Iter: 63/96 loss: 0.3591 acc: 0.8110 time 1.43s
Epoch: 60/150 Iter: 64/96 loss: 0.3551 acc: 0.8140 time 0.78s
Epoch: 60/150 Iter: 65/96 loss: 0.3560 acc: 0.8107 time 0.75s
Epoch: 60/150 Iter: 66/96 loss: 0.3530 acc: 0.8136 time 1.46s
Epoch: 60/150 Iter: 67/96 loss: 0.3555 acc: 0.8126 time 0.77s
Epoch: 60/150 Iter: 68/96 loss: 0.3554 acc: 0.8117 time 1.46s
Epoch: 60/150 Iter: 69/96 loss: 0.3507 acc: 0.8144 time 1.44s
Epoch: 60/150 Iter: 70/96 loss: 0.3511 acc: 0.8171 time 0.87s
Epoch: 60/150 Iter: 71/96 loss: 0.3467 acc: 0.8196 time 0.82s
Epoch: 60/150 Iter: 72/96 loss: 0.3429 acc: 0.8221 time 1.41s
Epoch: 60/150 Iter: 73/96 loss: 0.3420 acc: 0.8170 time 1.40s
Epoch: 60/150 Iter: 74/96 loss: 0.3402 acc: 0.8181 time 0.84s
Epoch: 60/150 Iter: 75/96 loss: 0.3359 acc: 0.8205 time 1.40s
Epoch: 60/150 Iter: 76/96 loss: 0.3400 acc: 0.8207 time 0.87s
Epoch: 60/150 Iter: 77/96 loss: 0.3403 acc: 0.8209 time 1.44s
Epoch: 60/150 Iter: 78/96 loss: 0.3392 acc: 0.8210 time 0.87s
Epoch: 60/150 Iter: 79/96 loss: 0.3385 acc: 0.8212 time 0.79s
Epoch: 60/150 Iter: 80/96 loss: 0.3356 acc: 0.8234 time 0.76s
Epoch: 60/150 Iter: 81/96 loss: 0.3341 acc: 0.8240 time 0.89s
Epoch: 60/150 Iter: 82/96 loss: 0.3311 acc: 0.8262 time 1.41s
Epoch: 60/150 Iter: 83/96 loss: 0.3283 acc: 0.8283 time 1.36s
Epoch: 60/150 Iter: 84/96 loss: 0.3329 acc: 0.8270 time 0.74s
Epoch: 60/150 Iter: 85/96 loss: 0.3339 acc: 0.8246 time 0.71s
Epoch: 60/150 Iter: 86/96 loss: 0.3304 acc: 0.8267 time 0.71s
Epoch: 60/150 Iter: 87/96 loss: 0.3306 acc: 0.8277 time 0.80s
Epoch: 60/150 Iter: 88/96 loss: 0.3287 acc: 0.8283 time 1.42s
Epoch: 60/150 Iter: 89/96 loss: 0.3387 acc: 0.8242 time 0.89s
Epoch: 60/150 Iter: 90/96 loss: 0.3353 acc: 0.8261 time 0.75s
Epoch: 60/150 Iter: 91/96 loss: 0.3332 acc: 0.8281 time 0.78s
Epoch: 60/150 Iter: 92/96 loss: 0.3367 acc: 0.8263 time 1.39s
Epoch: 60/150 Iter: 93/96 loss: 0.3387 acc: 0.8246 time 1.40s
Epoch: 60/150 Iter: 94/96 loss: 0.3352 acc: 0.8264 time 0.75s
Epoch: 60/150 Iter: 95/96 loss: 0.3329 acc: 0.8283 time 1.37s
Epoch: 60/150 Iter: 96/96 loss: 0.3366 acc: 0.8257 time 0.69s
[Train epoch 60] avg_loss=0.3366 avg_acc=0.8257 | per-class [c0: 0.850, c1: 0.900, c2: 0.872]
Final training 60/150, loss: 0.3366, time 106.54s, lr: 0.055607
Accuracy: 0.863
class                  precision    recall   specificity      f1   support
--------------------------------------------------------------------------
0                          0.919     0.850         0.929   0.883       280
1                          0.509     0.900         0.952   0.651        30
2                          0.879     0.872         0.897   0.875       266
*----------------------------------------*
Val 60/150 1/24, Acc: 0.3333, Loss: 8.1955, time 0.42s
Val 60/150 2/24, Acc: 0.4444, Loss: 4.1736, time 0.43s
Val 60/150 3/24, Acc: 0.4630, Loss: 3.2369, time 0.42s
Val 60/150 4/24, Acc: 0.5347, Loss: 2.4924, time 0.42s
Val 60/150 5/24, Acc: 0.6028, Loss: 2.0323, time 0.48s
Val 60/150 6/24, Acc: 0.6690, Loss: 1.7057, time 0.45s
Val 60/150 7/24, Acc: 0.7163, Loss: 1.4878, time 0.45s
Val 60/150 8/24, Acc: 0.7205, Loss: 1.3660, time 0.43s
Val 60/150 9/24, Acc: 0.7515, Loss: 1.2285, time 0.45s
Val 60/150 10/24, Acc: 0.7564, Loss: 1.1452, time 0.50s
Val 60/150 11/24, Acc: 0.7785, Loss: 1.0500, time 0.40s
Val 60/150 12/24, Acc: 0.7345, Loss: 1.0335, time 0.45s
Val 60/150 13/24, Acc: 0.7036, Loss: 0.9998, time 0.54s
Val 60/150 14/24, Acc: 0.6980, Loss: 1.0080, time 0.49s
Val 60/150 15/24, Acc: 0.7181, Loss: 0.9508, time 0.52s
Val 60/150 16/24, Acc: 0.7233, Loss: 0.9426, time 0.49s
Val 60/150 17/24, Acc: 0.7395, Loss: 0.8893, time 0.55s
Val 60/150 18/24, Acc: 0.7401, Loss: 0.8709, time 0.48s
Val 60/150 19/24, Acc: 0.7433, Loss: 0.8621, time 0.43s
Val 60/150 20/24, Acc: 0.7283, Loss: 0.8581, time 0.45s
Val 60/150 21/24, Acc: 0.7413, Loss: 0.8189, time 0.45s
Val 60/150 22/24, Acc: 0.7455, Loss: 0.8088, time 0.54s
Val 60/150 23/24, Acc: 0.7348, Loss: 0.8213, time 0.48s
Val 60/150 24/24, Acc: 0.7412, Loss: 0.7950, time 0.47s
[Val epoch 60] avg_acc=0.7412 | avg_loss=0.7950 | per-class [c0: 0.643, c1: 0.625, c2: 0.955]
Final validation 60/150, Val_acc: 0.7412, time 11.19sAccuracy: 0.785
class                  precision    recall   specificity      f1   support
--------------------------------------------------------------------------
0                          0.978     0.643         0.986   0.776        70
1                          0.500     0.625         0.963   0.556         8
2                          0.716     0.955         0.679   0.818        66
*========================================*
Saving checkpoint outputs/OrganoidsINRIA_reduced/resnet18/2025-11-17-16-11/training/model_final.pt
[EarlyStopping] no improve (4/40)
[EarlyStopping] no improve (6/40)
0 Mon Nov 17 18:04:02 2025 Epoch: 61
Epoch: 61/150 Iter: 1/96 loss: 0.3474 acc: 0.8333 time 2.31s
Epoch: 61/150 Iter: 2/96 loss: 0.2227 acc: 0.9167 time 0.78s
Epoch: 61/150 Iter: 3/96 loss: 0.1751 acc: 0.9444 time 1.43s
Epoch: 61/150 Iter: 4/96 loss: 0.3022 acc: 0.8125 time 1.42s
Epoch: 61/150 Iter: 5/96 loss: 0.3832 acc: 0.7500 time 0.78s
Epoch: 61/150 Iter: 6/96 loss: 0.3458 acc: 0.7917 time 0.80s
Epoch: 61/150 Iter: 7/96 loss: 0.3093 acc: 0.7738 time 0.94s
Epoch: 61/150 Iter: 8/96 loss: 0.3263 acc: 0.7813 time 1.42s
Epoch: 61/150 Iter: 9/96 loss: 0.3249 acc: 0.8056 time 0.78s
Epoch: 61/150 Iter: 10/96 loss: 0.3549 acc: 0.7833 time 1.48s
Epoch: 61/150 Iter: 11/96 loss: 0.3373 acc: 0.8030 time 0.74s
Epoch: 61/150 Iter: 12/96 loss: 0.3188 acc: 0.8194 time 1.44s
Epoch: 61/150 Iter: 13/96 loss: 0.3035 acc: 0.8077 time 0.90s
Epoch: 61/150 Iter: 14/96 loss: 0.3162 acc: 0.7798 time 0.76s
Epoch: 61/150 Iter: 15/96 loss: 0.3210 acc: 0.7633 time 1.38s
Epoch: 61/150 Iter: 16/96 loss: 0.3120 acc: 0.7781 time 0.78s
Epoch: 61/150 Iter: 17/96 loss: 0.3263 acc: 0.7716 time 1.45s
Epoch: 61/150 Iter: 18/96 loss: 0.3340 acc: 0.7534 time 1.45s
Epoch: 61/150 Iter: 19/96 loss: 0.3180 acc: 0.7664 time 1.44s
Epoch: 61/150 Iter: 20/96 loss: 0.3062 acc: 0.7781 time 0.89s
Epoch: 61/150 Iter: 21/96 loss: 0.3025 acc: 0.7688 time 0.75s
Epoch: 61/150 Iter: 22/96 loss: 0.3015 acc: 0.7793 time 0.80s
Epoch: 61/150 Iter: 23/96 loss: 0.3248 acc: 0.7647 time 0.77s
Epoch: 61/150 Iter: 24/96 loss: 0.3201 acc: 0.7676 time 1.43s
Epoch: 61/150 Iter: 25/96 loss: 0.3198 acc: 0.7669 time 0.93s
Epoch: 61/150 Iter: 26/96 loss: 0.3126 acc: 0.7759 time 0.78s
Epoch: 61/150 Iter: 27/96 loss: 0.3239 acc: 0.7739 time 0.78s
Epoch: 61/150 Iter: 28/96 loss: 0.3164 acc: 0.7819 time 0.96s
Epoch: 61/150 Iter: 29/96 loss: 0.3275 acc: 0.7722 time 0.88s
Epoch: 61/150 Iter: 30/96 loss: 0.3279 acc: 0.7756 time 0.78s
Epoch: 61/150 Iter: 31/96 loss: 0.3327 acc: 0.7789 time 1.45s
Epoch: 61/150 Iter: 32/96 loss: 0.3274 acc: 0.7858 time 0.92s
Epoch: 61/150 Iter: 33/96 loss: 0.3213 acc: 0.7923 time 0.76s
Epoch: 61/150 Iter: 34/96 loss: 0.3212 acc: 0.7886 time 0.79s
Epoch: 61/150 Iter: 35/96 loss: 0.3194 acc: 0.7946 time 0.78s
Epoch: 61/150 Iter: 36/96 loss: 0.3121 acc: 0.8003 time 1.39s
Epoch: 61/150 Iter: 37/96 loss: 0.3256 acc: 0.7922 time 1.49s
Epoch: 61/150 Iter: 38/96 loss: 0.3184 acc: 0.7977 time 1.40s
Epoch: 61/150 Iter: 39/96 loss: 0.3129 acc: 0.8028 time 1.44s
Epoch: 61/150 Iter: 40/96 loss: 0.3218 acc: 0.8036 time 1.44s
Epoch: 61/150 Iter: 41/96 loss: 0.3293 acc: 0.8084 time 1.40s
Epoch: 61/150 Iter: 42/96 loss: 0.3239 acc: 0.8130 time 1.48s
Epoch: 61/150 Iter: 43/96 loss: 0.3242 acc: 0.8147 time 0.79s
Epoch: 61/150 Iter: 44/96 loss: 0.3197 acc: 0.8189 time 0.90s
Epoch: 61/150 Iter: 45/96 loss: 0.3287 acc: 0.8126 time 0.92s
Epoch: 61/150 Iter: 46/96 loss: 0.3226 acc: 0.8167 time 1.42s
Epoch: 61/150 Iter: 47/96 loss: 0.3180 acc: 0.8206 time 1.47s
Epoch: 61/150 Iter: 48/96 loss: 0.3157 acc: 0.8243 time 0.78s
Epoch: 61/150 Iter: 49/96 loss: 0.3124 acc: 0.8253 time 0.76s
Epoch: 61/150 Iter: 50/96 loss: 0.3073 acc: 0.8288 time 0.81s
Epoch: 61/150 Iter: 51/96 loss: 0.3120 acc: 0.8257 time 0.76s
Epoch: 61/150 Iter: 52/96 loss: 0.3073 acc: 0.8290 time 0.79s
Epoch: 61/150 Iter: 53/96 loss: 0.3026 acc: 0.8322 time 1.45s
Epoch: 61/150 Iter: 54/96 loss: 0.2973 acc: 0.8353 time 0.89s
Epoch: 61/150 Iter: 55/96 loss: 0.2929 acc: 0.8383 time 0.83s
Epoch: 61/150 Iter: 56/96 loss: 0.2914 acc: 0.8338 time 1.46s
Epoch: 61/150 Iter: 57/96 loss: 0.2937 acc: 0.8345 time 1.41s
Epoch: 61/150 Iter: 58/96 loss: 0.2976 acc: 0.8273 time 0.86s
Epoch: 61/150 Iter: 59/96 loss: 0.3005 acc: 0.8234 time 0.94s
Epoch: 61/150 Iter: 60/96 loss: 0.2995 acc: 0.8264 time 0.89s
Epoch: 61/150 Iter: 61/96 loss: 0.2947 acc: 0.8292 time 1.43s
Epoch: 61/150 Iter: 62/96 loss: 0.2918 acc: 0.8320 time 1.44s
Epoch: 61/150 Iter: 63/96 loss: 0.2905 acc: 0.8347 time 0.88s
Epoch: 61/150 Iter: 64/96 loss: 0.2922 acc: 0.8294 time 0.82s
Epoch: 61/150 Iter: 65/96 loss: 0.2913 acc: 0.8321 time 0.89s
Epoch: 61/150 Iter: 66/96 loss: 0.2880 acc: 0.8346 time 0.87s
Epoch: 61/150 Iter: 67/96 loss: 0.2865 acc: 0.8371 time 0.77s
Epoch: 61/150 Iter: 68/96 loss: 0.2885 acc: 0.8380 time 0.89s
Epoch: 61/150 Iter: 69/96 loss: 0.2873 acc: 0.8379 time 1.46s
Epoch: 61/150 Iter: 70/96 loss: 0.2857 acc: 0.8402 time 0.81s
Epoch: 61/150 Iter: 71/96 loss: 0.2823 acc: 0.8425 time 1.41s
Epoch: 61/150 Iter: 72/96 loss: 0.2794 acc: 0.8447 time 1.42s
Epoch: 61/150 Iter: 73/96 loss: 0.3038 acc: 0.8400 time 1.43s
Epoch: 61/150 Iter: 74/96 loss: 0.3041 acc: 0.8387 time 1.40s
Epoch: 61/150 Iter: 75/96 loss: 0.3017 acc: 0.8394 time 0.86s
Epoch: 61/150 Iter: 76/96 loss: 0.2992 acc: 0.8415 time 0.82s
Epoch: 61/150 Iter: 77/96 loss: 0.2966 acc: 0.8436 time 0.79s
Epoch: 61/150 Iter: 78/96 loss: 0.2946 acc: 0.8442 time 1.42s
Epoch: 61/150 Iter: 79/96 loss: 0.2941 acc: 0.8426 time 0.79s
Epoch: 61/150 Iter: 80/96 loss: 0.2928 acc: 0.8446 time 0.92s
Epoch: 61/150 Iter: 81/96 loss: 0.2969 acc: 0.8403 time 0.75s
Epoch: 61/150 Iter: 82/96 loss: 0.2965 acc: 0.8402 time 0.79s
Epoch: 61/150 Iter: 83/96 loss: 0.3008 acc: 0.8351 time 1.38s
Epoch: 61/150 Iter: 84/96 loss: 0.3012 acc: 0.8312 time 0.77s
Epoch: 61/150 Iter: 85/96 loss: 0.2997 acc: 0.8331 time 1.37s
Epoch: 61/150 Iter: 86/96 loss: 0.2975 acc: 0.8351 time 1.40s
Epoch: 61/150 Iter: 87/96 loss: 0.3062 acc: 0.8293 time 0.75s
Epoch: 61/150 Iter: 88/96 loss: 0.3051 acc: 0.8294 time 0.77s
Epoch: 61/150 Iter: 89/96 loss: 0.3072 acc: 0.8294 time 0.69s
Epoch: 61/150 Iter: 90/96 loss: 0.3067 acc: 0.8288 time 0.70s
Epoch: 61/150 Iter: 91/96 loss: 0.3128 acc: 0.8243 time 0.72s
Epoch: 61/150 Iter: 92/96 loss: 0.3202 acc: 0.8199 time 0.70s
Epoch: 61/150 Iter: 93/96 loss: 0.3218 acc: 0.8205 time 1.36s
Epoch: 61/150 Iter: 94/96 loss: 0.3230 acc: 0.8197 time 1.35s
Epoch: 61/150 Iter: 95/96 loss: 0.3256 acc: 0.8155 time 1.37s
Epoch: 61/150 Iter: 96/96 loss: 0.3240 acc: 0.8165 time 1.38s
[Train epoch 61] avg_loss=0.3240 avg_acc=0.8165 | per-class [c0: 0.868, c1: 0.933, c2: 0.872]
Final training 61/150, loss: 0.3240, time 102.96s, lr: 0.054806
Accuracy: 0.873
class                  precision    recall   specificity      f1   support
--------------------------------------------------------------------------
0                          0.953     0.868         0.959   0.909       281
1                          0.459     0.933         0.940   0.615        30
2                          0.892     0.872         0.910   0.882       265
*----------------------------------------*
0 Mon Nov 17 18:05:46 2025 Epoch: 62
Epoch: 62/150 Iter: 1/96 loss: 0.3480 acc: 0.4167 time 1.78s
Epoch: 62/150 Iter: 2/96 loss: 0.2340 acc: 0.7083 time 0.95s
Epoch: 62/150 Iter: 3/96 loss: 0.1679 acc: 0.8056 time 0.85s
Epoch: 62/150 Iter: 4/96 loss: 0.1667 acc: 0.7917 time 0.76s
Epoch: 62/150 Iter: 5/96 loss: 0.1895 acc: 0.7500 time 0.81s
Epoch: 62/150 Iter: 6/96 loss: 0.1644 acc: 0.7917 time 0.80s
Epoch: 62/150 Iter: 7/96 loss: 0.2946 acc: 0.7452 time 1.45s
Epoch: 62/150 Iter: 8/96 loss: 0.3413 acc: 0.7521 time 0.81s
Epoch: 62/150 Iter: 9/96 loss: 0.3312 acc: 0.7657 time 0.89s
Epoch: 62/150 Iter: 10/96 loss: 0.3192 acc: 0.7781 time 0.87s
Epoch: 62/150 Iter: 11/96 loss: 0.3080 acc: 0.7982 time 0.75s
Epoch: 62/150 Iter: 12/96 loss: 0.3002 acc: 0.8150 time 0.81s
Epoch: 62/150 Iter: 13/96 loss: 0.3126 acc: 0.8165 time 1.44s
Epoch: 62/150 Iter: 14/96 loss: 0.3226 acc: 0.8236 time 0.89s
Epoch: 62/150 Iter: 15/96 loss: 0.3119 acc: 0.8354 time 0.87s
Epoch: 62/150 Iter: 16/96 loss: 0.3064 acc: 0.8457 time 0.76s
Epoch: 62/150 Iter: 17/96 loss: 0.4553 acc: 0.8351 time 0.81s
Epoch: 62/150 Iter: 18/96 loss: 0.4656 acc: 0.8165 time 0.80s
Epoch: 62/150 Iter: 19/96 loss: 0.4455 acc: 0.8262 time 0.83s
Epoch: 62/150 Iter: 20/96 loss: 0.4839 acc: 0.8057 time 0.84s
Epoch: 62/150 Iter: 21/96 loss: 0.4687 acc: 0.8097 time 1.46s
Epoch: 62/150 Iter: 22/96 loss: 0.4559 acc: 0.8183 time 0.90s
Epoch: 62/150 Iter: 23/96 loss: 0.4442 acc: 0.8190 time 1.45s
Epoch: 62/150 Iter: 24/96 loss: 0.4363 acc: 0.8149 time 1.47s
Epoch: 62/150 Iter: 25/96 loss: 0.4316 acc: 0.8112 time 1.42s
Epoch: 62/150 Iter: 26/96 loss: 0.4356 acc: 0.7903 time 0.93s
Epoch: 62/150 Iter: 27/96 loss: 0.4505 acc: 0.7775 time 0.77s
Epoch: 62/150 Iter: 28/96 loss: 0.4442 acc: 0.7755 time 0.74s
Epoch: 62/150 Iter: 29/96 loss: 0.4554 acc: 0.7602 time 1.42s
Epoch: 62/150 Iter: 30/96 loss: 0.4520 acc: 0.7655 time 0.89s
Epoch: 62/150 Iter: 31/96 loss: 0.4507 acc: 0.7569 time 0.81s
Epoch: 62/150 Iter: 32/96 loss: 0.4465 acc: 0.7645 time 1.44s
Epoch: 62/150 Iter: 33/96 loss: 0.4395 acc: 0.7716 time 1.46s
Epoch: 62/150 Iter: 34/96 loss: 0.4536 acc: 0.7587 time 0.79s
Epoch: 62/150 Iter: 35/96 loss: 0.4598 acc: 0.7490 time 0.79s
Epoch: 62/150 Iter: 36/96 loss: 0.4675 acc: 0.7421 time 1.46s
Epoch: 62/150 Iter: 37/96 loss: 0.4618 acc: 0.7490 time 0.72s
Epoch: 62/150 Iter: 38/96 loss: 0.4661 acc: 0.7433 time 0.81s
Epoch: 62/150 Iter: 39/96 loss: 0.4605 acc: 0.7385 time 1.42s
Epoch: 62/150 Iter: 40/96 loss: 0.4604 acc: 0.7419 time 0.77s
Epoch: 62/150 Iter: 41/96 loss: 0.4515 acc: 0.7482 time 0.89s
Epoch: 62/150 Iter: 42/96 loss: 0.4511 acc: 0.7483 time 0.89s
Epoch: 62/150 Iter: 43/96 loss: 0.4515 acc: 0.7448 time 0.86s
Epoch: 62/150 Iter: 44/96 loss: 0.4451 acc: 0.7506 time 1.43s
Epoch: 62/150 Iter: 45/96 loss: 0.4381 acc: 0.7562 time 0.74s
Epoch: 62/150 Iter: 46/96 loss: 0.4300 acc: 0.7615 time 0.87s
Epoch: 62/150 Iter: 47/96 loss: 0.4217 acc: 0.7665 time 1.45s
Epoch: 62/150 Iter: 48/96 loss: 0.4159 acc: 0.7714 time 0.83s
Epoch: 62/150 Iter: 49/96 loss: 0.4088 acc: 0.7761 time 0.77s
Epoch: 62/150 Iter: 50/96 loss: 0.4011 acc: 0.7806 time 0.90s
Epoch: 62/150 Iter: 51/96 loss: 0.4062 acc: 0.7775 time 0.79s
Epoch: 62/150 Iter: 52/96 loss: 0.4065 acc: 0.7794 time 0.93s
Epoch: 62/150 Iter: 53/96 loss: 0.4100 acc: 0.7741 time 1.42s
Epoch: 62/150 Iter: 54/96 loss: 0.4063 acc: 0.7760 time 1.42s
Epoch: 62/150 Iter: 55/96 loss: 0.4001 acc: 0.7801 time 1.40s
Epoch: 62/150 Iter: 56/96 loss: 0.3940 acc: 0.7840 time 0.76s
Epoch: 62/150 Iter: 57/96 loss: 0.3906 acc: 0.7878 time 1.44s
Epoch: 62/150 Iter: 58/96 loss: 0.3887 acc: 0.7893 time 1.45s
Epoch: 62/150 Iter: 59/96 loss: 0.3858 acc: 0.7858 time 1.46s
Epoch: 62/150 Iter: 60/96 loss: 0.3797 acc: 0.7894 time 0.90s
Epoch: 62/150 Iter: 61/96 loss: 0.3817 acc: 0.7887 time 0.89s
Epoch: 62/150 Iter: 62/96 loss: 0.3829 acc: 0.7881 time 0.85s
Epoch: 62/150 Iter: 63/96 loss: 0.3787 acc: 0.7914 time 0.74s
Epoch: 62/150 Iter: 64/96 loss: 0.3746 acc: 0.7947 time 0.88s
Epoch: 62/150 Iter: 65/96 loss: 0.3723 acc: 0.7940 time 1.38s
Epoch: 62/150 Iter: 66/96 loss: 0.3792 acc: 0.7921 time 1.42s
Epoch: 62/150 Iter: 67/96 loss: 0.3757 acc: 0.7952 time 0.83s
Epoch: 62/150 Iter: 68/96 loss: 0.3731 acc: 0.7964 time 0.81s
Epoch: 62/150 Iter: 69/96 loss: 0.3815 acc: 0.7945 time 0.86s
Epoch: 62/150 Iter: 70/96 loss: 0.3767 acc: 0.7974 time 1.42s
Epoch: 62/150 Iter: 71/96 loss: 0.3734 acc: 0.8003 time 1.43s
Epoch: 62/150 Iter: 72/96 loss: 0.3720 acc: 0.7969 time 0.86s
Epoch: 62/150 Iter: 73/96 loss: 0.3693 acc: 0.7997 time 0.81s
Epoch: 62/150 Iter: 74/96 loss: 0.3651 acc: 0.8024 time 0.82s
Epoch: 62/150 Iter: 75/96 loss: 0.3648 acc: 0.8050 time 1.46s
Epoch: 62/150 Iter: 76/96 loss: 0.3714 acc: 0.8032 time 1.46s
Epoch: 62/150 Iter: 77/96 loss: 0.3783 acc: 0.7982 time 1.44s
Epoch: 62/150 Iter: 78/96 loss: 0.3787 acc: 0.7991 time 1.46s
Epoch: 62/150 Iter: 79/96 loss: 0.3805 acc: 0.8017 time 1.46s
Epoch: 62/150 Iter: 80/96 loss: 0.3774 acc: 0.8042 time 1.43s
Epoch: 62/150 Iter: 81/96 loss: 0.3793 acc: 0.7997 time 0.77s
Epoch: 62/150 Iter: 82/96 loss: 0.3801 acc: 0.8022 time 0.83s
Epoch: 62/150 Iter: 83/96 loss: 0.3767 acc: 0.8046 time 0.75s
Epoch: 62/150 Iter: 84/96 loss: 0.3750 acc: 0.8059 time 0.75s
Epoch: 62/150 Iter: 85/96 loss: 0.3712 acc: 0.8082 time 0.79s
Epoch: 62/150 Iter: 86/96 loss: 0.3701 acc: 0.8085 time 0.70s
Epoch: 62/150 Iter: 87/96 loss: 0.3701 acc: 0.8049 time 1.41s
Epoch: 62/150 Iter: 88/96 loss: 0.3666 acc: 0.8071 time 0.75s
Epoch: 62/150 Iter: 89/96 loss: 0.3640 acc: 0.8093 time 0.74s
Epoch: 62/150 Iter: 90/96 loss: 0.3605 acc: 0.8114 time 0.73s
Epoch: 62/150 Iter: 91/96 loss: 0.3638 acc: 0.8107 time 0.73s
Epoch: 62/150 Iter: 92/96 loss: 0.3612 acc: 0.8128 time 1.38s
Epoch: 62/150 Iter: 93/96 loss: 0.3591 acc: 0.8094 time 0.80s
Epoch: 62/150 Iter: 94/96 loss: 0.3603 acc: 0.8097 time 0.79s
Epoch: 62/150 Iter: 95/96 loss: 0.3571 acc: 0.8117 time 0.71s
Epoch: 62/150 Iter: 96/96 loss: 0.3588 acc: 0.8111 time 1.37s
[Train epoch 62] avg_loss=0.3588 avg_acc=0.8111 | per-class [c0: 0.864, c1: 0.867, c2: 0.861]
Final training 62/150, loss: 0.3588, time 99.10s, lr: 0.053997
Accuracy: 0.863
class                  precision    recall   specificity      f1   support
--------------------------------------------------------------------------
0                          0.917     0.864         0.926   0.890       280
1                          0.433     0.867         0.938   0.578        30
2                          0.909     0.861         0.926   0.884       266
*----------------------------------------*
Val 62/150 1/24, Acc: 0.5000, Loss: 10.9594, time 0.42s
Val 62/150 2/24, Acc: 0.5278, Loss: 5.6172, time 0.45s
Val 62/150 3/24, Acc: 0.5370, Loss: 3.9771, time 0.43s
Val 62/150 4/24, Acc: 0.6528, Loss: 3.0126, time 0.43s
Val 62/150 5/24, Acc: 0.7222, Loss: 2.4330, time 0.47s
Val 62/150 6/24, Acc: 0.7685, Loss: 2.0336, time 0.47s
Val 62/150 7/24, Acc: 0.7837, Loss: 1.7677, time 0.43s
Val 62/150 8/24, Acc: 0.7378, Loss: 1.6179, time 0.43s
Val 62/150 9/24, Acc: 0.7670, Loss: 1.4516, time 0.42s
Val 62/150 10/24, Acc: 0.7803, Loss: 1.3282, time 0.50s
Val 62/150 11/24, Acc: 0.8003, Loss: 1.2169, time 0.46s
Val 62/150 12/24, Acc: 0.7683, Loss: 1.1582, time 0.47s
Val 62/150 13/24, Acc: 0.7861, Loss: 1.0743, time 0.49s
Val 62/150 14/24, Acc: 0.7835, Loss: 1.0565, time 0.43s
Val 62/150 15/24, Acc: 0.7980, Loss: 0.9903, time 0.43s
Val 62/150 16/24, Acc: 0.7981, Loss: 0.9723, time 0.50s
Val 62/150 17/24, Acc: 0.8100, Loss: 0.9172, time 0.54s
Val 62/150 18/24, Acc: 0.8136, Loss: 0.8884, time 0.47s
Val 62/150 19/24, Acc: 0.8181, Loss: 0.8624, time 0.47s
Val 62/150 20/24, Acc: 0.7994, Loss: 0.8663, time 0.49s
Val 62/150 21/24, Acc: 0.8090, Loss: 0.8269, time 0.47s
Val 62/150 22/24, Acc: 0.8101, Loss: 0.8131, time 0.53s
Val 62/150 23/24, Acc: 0.8111, Loss: 0.7973, time 0.38s
Val 62/150 24/24, Acc: 0.8190, Loss: 0.7748, time 0.40s
[Val epoch 62] avg_acc=0.8190 | avg_loss=0.7748 | per-class [c0: 0.829, c1: 0.750, c2: 0.909]
Final validation 62/150, Val_acc: 0.8190, time 10.98sAccuracy: 0.861
class                  precision    recall   specificity      f1   support
--------------------------------------------------------------------------
0                          0.951     0.829         0.959   0.885        70
1                          0.600     0.750         0.971   0.667         8
2                          0.822     0.909         0.833   0.863        66
*========================================*
Saving checkpoint outputs/OrganoidsINRIA_reduced/resnet18/2025-11-17-16-11/training/model_final.pt
[EarlyStopping] no improve (5/40)
[EarlyStopping] no improve (7/40)
0 Mon Nov 17 18:07:40 2025 Epoch: 63
Epoch: 63/150 Iter: 1/96 loss: 0.0707 acc: 1.0000 time 2.30s
Epoch: 63/150 Iter: 2/96 loss: 0.1465 acc: 0.8000 time 0.81s
Epoch: 63/150 Iter: 3/96 loss: 0.3447 acc: 0.6444 time 0.86s
Epoch: 63/150 Iter: 4/96 loss: 0.3046 acc: 0.7333 time 0.92s
Epoch: 63/150 Iter: 5/96 loss: 0.3505 acc: 0.7533 time 1.44s
Epoch: 63/150 Iter: 6/96 loss: 0.3007 acc: 0.7944 time 1.42s
Epoch: 63/150 Iter: 7/96 loss: 0.2895 acc: 0.8060 time 0.88s
Epoch: 63/150 Iter: 8/96 loss: 0.2707 acc: 0.8302 time 0.79s
Epoch: 63/150 Iter: 9/96 loss: 0.2538 acc: 0.8491 time 0.88s
Epoch: 63/150 Iter: 10/96 loss: 0.2405 acc: 0.8642 time 0.91s
Epoch: 63/150 Iter: 11/96 loss: 0.2479 acc: 0.8235 time 0.93s
Epoch: 63/150 Iter: 12/96 loss: 0.2348 acc: 0.8382 time 1.45s
Epoch: 63/150 Iter: 13/96 loss: 0.2736 acc: 0.8186 time 0.90s
Epoch: 63/150 Iter: 14/96 loss: 0.2815 acc: 0.8137 time 0.91s
Epoch: 63/150 Iter: 15/96 loss: 0.3723 acc: 0.7906 time 1.46s
Epoch: 63/150 Iter: 16/96 loss: 0.3709 acc: 0.7786 time 1.40s
Epoch: 63/150 Iter: 17/96 loss: 0.3569 acc: 0.7917 time 0.81s
Epoch: 63/150 Iter: 18/96 loss: 0.3614 acc: 0.7708 time 0.77s
Epoch: 63/150 Iter: 19/96 loss: 0.3573 acc: 0.7610 time 0.75s
Epoch: 63/150 Iter: 20/96 loss: 0.3426 acc: 0.7729 time 1.38s
Epoch: 63/150 Iter: 21/96 loss: 0.3303 acc: 0.7837 time 1.40s
Epoch: 63/150 Iter: 22/96 loss: 0.3214 acc: 0.7936 time 0.75s
Epoch: 63/150 Iter: 23/96 loss: 0.3094 acc: 0.8025 time 0.77s
Epoch: 63/150 Iter: 24/96 loss: 0.3099 acc: 0.7969 time 0.88s
Epoch: 63/150 Iter: 25/96 loss: 0.3071 acc: 0.7883 time 0.92s
Epoch: 63/150 Iter: 26/96 loss: 0.2978 acc: 0.7965 time 0.91s
Epoch: 63/150 Iter: 27/96 loss: 0.3026 acc: 0.7855 time 0.81s
Epoch: 63/150 Iter: 28/96 loss: 0.3312 acc: 0.7634 time 0.76s
Epoch: 63/150 Iter: 29/96 loss: 0.3296 acc: 0.7672 time 1.46s
Epoch: 63/150 Iter: 30/96 loss: 0.3221 acc: 0.7750 time 0.76s
Epoch: 63/150 Iter: 31/96 loss: 0.3283 acc: 0.7787 time 1.44s
Epoch: 63/150 Iter: 32/96 loss: 0.3233 acc: 0.7856 time 0.77s
Epoch: 63/150 Iter: 33/96 loss: 0.3304 acc: 0.7870 time 1.45s
Epoch: 63/150 Iter: 34/96 loss: 0.3347 acc: 0.7835 time 1.43s
Epoch: 63/150 Iter: 35/96 loss: 0.3321 acc: 0.7868 time 0.75s
Epoch: 63/150 Iter: 36/96 loss: 0.3514 acc: 0.7881 time 1.40s
Epoch: 63/150 Iter: 37/96 loss: 0.3445 acc: 0.7938 time 0.87s
Epoch: 63/150 Iter: 38/96 loss: 0.3435 acc: 0.7861 time 1.40s
Epoch: 63/150 Iter: 39/96 loss: 0.3401 acc: 0.7916 time 0.75s
Epoch: 63/150 Iter: 40/96 loss: 0.3361 acc: 0.7940 time 1.41s
Epoch: 63/150 Iter: 41/96 loss: 0.3314 acc: 0.7991 time 1.44s
Epoch: 63/150 Iter: 42/96 loss: 0.3252 acc: 0.8038 time 1.43s
Epoch: 63/150 Iter: 43/96 loss: 0.3234 acc: 0.8084 time 0.83s
Epoch: 63/150 Iter: 44/96 loss: 0.3163 acc: 0.8128 time 0.75s
Epoch: 63/150 Iter: 45/96 loss: 0.3171 acc: 0.8077 time 0.81s
Epoch: 63/150 Iter: 46/96 loss: 0.3130 acc: 0.8118 time 0.79s
Epoch: 63/150 Iter: 47/96 loss: 0.3074 acc: 0.8158 time 0.77s
Epoch: 63/150 Iter: 48/96 loss: 0.3125 acc: 0.8162 time 0.87s
Epoch: 63/150 Iter: 49/96 loss: 0.3072 acc: 0.8200 time 1.45s
Epoch: 63/150 Iter: 50/96 loss: 0.3016 acc: 0.8236 time 0.87s
Epoch: 63/150 Iter: 51/96 loss: 0.3017 acc: 0.8270 time 0.79s
Epoch: 63/150 Iter: 52/96 loss: 0.3018 acc: 0.8271 time 1.45s
Epoch: 63/150 Iter: 53/96 loss: 0.2982 acc: 0.8304 time 0.89s
Epoch: 63/150 Iter: 54/96 loss: 0.3047 acc: 0.8212 time 0.78s
Epoch: 63/150 Iter: 55/96 loss: 0.3177 acc: 0.8169 time 1.44s
Epoch: 63/150 Iter: 56/96 loss: 0.3139 acc: 0.8201 time 1.45s
Epoch: 63/150 Iter: 57/96 loss: 0.3247 acc: 0.8131 time 1.45s
Epoch: 63/150 Iter: 58/96 loss: 0.3229 acc: 0.8120 time 0.83s
Epoch: 63/150 Iter: 59/96 loss: 0.3193 acc: 0.8152 time 0.73s
Epoch: 63/150 Iter: 60/96 loss: 0.3157 acc: 0.8182 time 0.92s
Epoch: 63/150 Iter: 61/96 loss: 0.3152 acc: 0.8192 time 0.87s
Epoch: 63/150 Iter: 62/96 loss: 0.3171 acc: 0.8140 time 0.79s
Epoch: 63/150 Iter: 63/96 loss: 0.3163 acc: 0.8090 time 1.44s
Epoch: 63/150 Iter: 64/96 loss: 0.3121 acc: 0.8120 time 0.80s
Epoch: 63/150 Iter: 65/96 loss: 0.3086 acc: 0.8149 time 1.44s
Epoch: 63/150 Iter: 66/96 loss: 0.3058 acc: 0.8177 time 1.45s
Epoch: 63/150 Iter: 67/96 loss: 0.3029 acc: 0.8192 time 0.80s
Epoch: 63/150 Iter: 68/96 loss: 0.3014 acc: 0.8219 time 1.44s
Epoch: 63/150 Iter: 69/96 loss: 0.2976 acc: 0.8244 time 1.45s
Epoch: 63/150 Iter: 70/96 loss: 0.3003 acc: 0.8210 time 0.81s
Epoch: 63/150 Iter: 71/96 loss: 0.3043 acc: 0.8200 time 0.88s
Epoch: 63/150 Iter: 72/96 loss: 0.3031 acc: 0.8167 time 1.44s
Epoch: 63/150 Iter: 73/96 loss: 0.3010 acc: 0.8178 time 1.44s
Epoch: 63/150 Iter: 74/96 loss: 0.3033 acc: 0.8166 time 0.79s
Epoch: 63/150 Iter: 75/96 loss: 0.2996 acc: 0.8190 time 1.41s
Epoch: 63/150 Iter: 76/96 loss: 0.3053 acc: 0.8170 time 0.80s
Epoch: 63/150 Iter: 77/96 loss: 0.3036 acc: 0.8194 time 1.43s
Epoch: 63/150 Iter: 78/96 loss: 0.3030 acc: 0.8201 time 1.46s
Epoch: 63/150 Iter: 79/96 loss: 0.2995 acc: 0.8224 time 0.89s
Epoch: 63/150 Iter: 80/96 loss: 0.2966 acc: 0.8246 time 0.79s
Epoch: 63/150 Iter: 81/96 loss: 0.3024 acc: 0.8165 time 1.38s
Epoch: 63/150 Iter: 82/96 loss: 0.3028 acc: 0.8157 time 1.36s
Epoch: 63/150 Iter: 83/96 loss: 0.3069 acc: 0.8098 time 0.73s
Epoch: 63/150 Iter: 84/96 loss: 0.3114 acc: 0.8055 time 0.77s
Epoch: 63/150 Iter: 85/96 loss: 0.3083 acc: 0.8078 time 1.35s
Epoch: 63/150 Iter: 86/96 loss: 0.3077 acc: 0.8089 time 1.37s
Epoch: 63/150 Iter: 87/96 loss: 0.3129 acc: 0.8063 time 0.74s
Epoch: 63/150 Iter: 88/96 loss: 0.3118 acc: 0.8073 time 0.74s
Epoch: 63/150 Iter: 89/96 loss: 0.3107 acc: 0.8095 time 1.36s
Epoch: 63/150 Iter: 90/96 loss: 0.3102 acc: 0.8116 time 1.36s
Epoch: 63/150 Iter: 91/96 loss: 0.3096 acc: 0.8137 time 0.87s
Epoch: 63/150 Iter: 92/96 loss: 0.3087 acc: 0.8139 time 1.47s
Epoch: 63/150 Iter: 93/96 loss: 0.3064 acc: 0.8159 time 0.69s
Epoch: 63/150 Iter: 94/96 loss: 0.3045 acc: 0.8178 time 0.73s
Epoch: 63/150 Iter: 95/96 loss: 0.3025 acc: 0.8198 time 0.69s
Epoch: 63/150 Iter: 96/96 loss: 0.3015 acc: 0.8203 time 0.79s
[Train epoch 63] avg_loss=0.3015 avg_acc=0.8203 | per-class [c0: 0.864, c1: 0.867, c2: 0.895]
Final training 63/150, loss: 0.3015, time 102.89s, lr: 0.053182
Accuracy: 0.878
class                  precision    recall   specificity      f1   support
--------------------------------------------------------------------------
0                          0.945     0.864         0.953   0.903       280
1                          0.531     0.867         0.958   0.658        30
2                          0.878     0.895         0.894   0.886       266
*----------------------------------------*
0 Mon Nov 17 18:09:23 2025 Epoch: 64
Epoch: 64/150 Iter: 1/96 loss: 0.2488 acc: 1.0000 time 1.65s
Epoch: 64/150 Iter: 2/96 loss: 0.2420 acc: 0.8611 time 0.80s
Epoch: 64/150 Iter: 3/96 loss: 0.1984 acc: 0.9074 time 0.89s
Epoch: 64/150 Iter: 4/96 loss: 0.2005 acc: 0.9306 time 1.47s
Epoch: 64/150 Iter: 5/96 loss: 0.3068 acc: 0.8111 time 0.81s
Epoch: 64/150 Iter: 6/96 loss: 0.3040 acc: 0.8259 time 0.85s
Epoch: 64/150 Iter: 7/96 loss: 0.2653 acc: 0.8508 time 0.88s
Epoch: 64/150 Iter: 8/96 loss: 0.3073 acc: 0.8278 time 0.97s
Epoch: 64/150 Iter: 9/96 loss: 0.3066 acc: 0.8006 time 0.81s
Epoch: 64/150 Iter: 10/96 loss: 0.3006 acc: 0.8039 time 0.75s
Epoch: 64/150 Iter: 11/96 loss: 0.3585 acc: 0.7712 time 0.87s
Epoch: 64/150 Iter: 12/96 loss: 0.3409 acc: 0.7903 time 0.79s
Epoch: 64/150 Iter: 13/96 loss: 0.3747 acc: 0.7756 time 0.81s
Epoch: 64/150 Iter: 14/96 loss: 0.3660 acc: 0.7599 time 1.45s
Epoch: 64/150 Iter: 15/96 loss: 0.3444 acc: 0.7759 time 0.88s
Epoch: 64/150 Iter: 16/96 loss: 0.3453 acc: 0.7821 time 0.81s
Epoch: 64/150 Iter: 17/96 loss: 0.3525 acc: 0.7688 time 0.77s
Epoch: 64/150 Iter: 18/96 loss: 0.3447 acc: 0.7816 time 0.92s
Epoch: 64/150 Iter: 19/96 loss: 0.3291 acc: 0.7931 time 0.82s
Epoch: 64/150 Iter: 20/96 loss: 0.3202 acc: 0.7979 time 0.93s
Epoch: 64/150 Iter: 21/96 loss: 0.3216 acc: 0.8016 time 1.43s
Epoch: 64/150 Iter: 22/96 loss: 0.3161 acc: 0.8106 time 0.91s
Epoch: 64/150 Iter: 23/96 loss: 0.3241 acc: 0.8043 time 1.45s
Epoch: 64/150 Iter: 24/96 loss: 0.3208 acc: 0.8083 time 0.79s
Epoch: 64/150 Iter: 25/96 loss: 0.3126 acc: 0.8160 time 1.39s
Epoch: 64/150 Iter: 26/96 loss: 0.3289 acc: 0.8051 time 0.81s
Epoch: 64/150 Iter: 27/96 loss: 0.3338 acc: 0.8123 time 0.84s
Epoch: 64/150 Iter: 28/96 loss: 0.3240 acc: 0.8190 time 1.43s
Epoch: 64/150 Iter: 29/96 loss: 0.3300 acc: 0.8210 time 1.48s
Epoch: 64/150 Iter: 30/96 loss: 0.3202 acc: 0.8269 time 0.89s
Epoch: 64/150 Iter: 31/96 loss: 0.3106 acc: 0.8325 time 0.79s
Epoch: 64/150 Iter: 32/96 loss: 0.3167 acc: 0.8260 time 0.81s
Epoch: 64/150 Iter: 33/96 loss: 0.3126 acc: 0.8263 time 0.86s
Epoch: 64/150 Iter: 34/96 loss: 0.3345 acc: 0.8265 time 1.44s
Epoch: 64/150 Iter: 35/96 loss: 0.3816 acc: 0.8219 time 1.42s
Epoch: 64/150 Iter: 36/96 loss: 0.3732 acc: 0.8269 time 0.73s
Epoch: 64/150 Iter: 37/96 loss: 0.3643 acc: 0.8315 time 1.40s
Epoch: 64/150 Iter: 38/96 loss: 0.3551 acc: 0.8360 time 1.41s
Epoch: 64/150 Iter: 39/96 loss: 0.3513 acc: 0.8295 time 0.90s
Epoch: 64/150 Iter: 40/96 loss: 0.3441 acc: 0.8338 time 1.44s
Epoch: 64/150 Iter: 41/96 loss: 0.3448 acc: 0.8276 time 0.87s
Epoch: 64/150 Iter: 42/96 loss: 0.3484 acc: 0.8179 time 1.46s
Epoch: 64/150 Iter: 43/96 loss: 0.3429 acc: 0.8221 time 1.48s
Epoch: 64/150 Iter: 44/96 loss: 0.3407 acc: 0.8198 time 1.46s
Epoch: 64/150 Iter: 45/96 loss: 0.3398 acc: 0.8201 time 0.79s
Epoch: 64/150 Iter: 46/96 loss: 0.3463 acc: 0.8153 time 0.88s
Epoch: 64/150 Iter: 47/96 loss: 0.3394 acc: 0.8193 time 1.47s
Epoch: 64/150 Iter: 48/96 loss: 0.3376 acc: 0.8196 time 0.78s
Epoch: 64/150 Iter: 49/96 loss: 0.3341 acc: 0.8142 time 1.41s
Epoch: 64/150 Iter: 50/96 loss: 0.3303 acc: 0.8179 time 1.42s
Epoch: 64/150 Iter: 51/96 loss: 0.3270 acc: 0.8182 time 1.45s
Epoch: 64/150 Iter: 52/96 loss: 0.3212 acc: 0.8217 time 0.89s
Epoch: 64/150 Iter: 53/96 loss: 0.3167 acc: 0.8251 time 0.77s
Epoch: 64/150 Iter: 54/96 loss: 0.3190 acc: 0.8252 time 0.90s
Epoch: 64/150 Iter: 55/96 loss: 0.3171 acc: 0.8261 time 0.90s
Epoch: 64/150 Iter: 56/96 loss: 0.3184 acc: 0.8270 time 0.91s
Epoch: 64/150 Iter: 57/96 loss: 0.3256 acc: 0.8227 time 0.90s
Epoch: 64/150 Iter: 58/96 loss: 0.3248 acc: 0.8171 time 1.37s
Epoch: 64/150 Iter: 59/96 loss: 0.3305 acc: 0.8160 time 1.45s
Epoch: 64/150 Iter: 60/96 loss: 0.3287 acc: 0.8191 time 0.82s
Epoch: 64/150 Iter: 61/96 loss: 0.3285 acc: 0.8138 time 1.45s
Epoch: 64/150 Iter: 62/96 loss: 0.3235 acc: 0.8168 time 0.86s
Epoch: 64/150 Iter: 63/96 loss: 0.3196 acc: 0.8198 time 0.92s
Epoch: 64/150 Iter: 64/96 loss: 0.3336 acc: 0.8148 time 1.38s
Epoch: 64/150 Iter: 65/96 loss: 0.3340 acc: 0.8091 time 1.40s
Epoch: 64/150 Iter: 66/96 loss: 0.3336 acc: 0.8094 time 0.79s
Epoch: 64/150 Iter: 67/96 loss: 0.3415 acc: 0.8013 time 0.79s
Epoch: 64/150 Iter: 68/96 loss: 0.3368 acc: 0.8042 time 0.83s
Epoch: 64/150 Iter: 69/96 loss: 0.3447 acc: 0.7986 time 0.92s
Epoch: 64/150 Iter: 70/96 loss: 0.3408 acc: 0.8015 time 1.43s
Epoch: 64/150 Iter: 71/96 loss: 0.3583 acc: 0.7996 time 1.41s
Epoch: 64/150 Iter: 72/96 loss: 0.3604 acc: 0.7966 time 0.82s
Epoch: 64/150 Iter: 73/96 loss: 0.3599 acc: 0.7971 time 0.91s
Epoch: 64/150 Iter: 74/96 loss: 0.3575 acc: 0.7998 time 0.90s
Epoch: 64/150 Iter: 75/96 loss: 0.3542 acc: 0.8025 time 0.88s
Epoch: 64/150 Iter: 76/96 loss: 0.3522 acc: 0.8051 time 0.79s
Epoch: 64/150 Iter: 77/96 loss: 0.3503 acc: 0.8063 time 1.43s
Epoch: 64/150 Iter: 78/96 loss: 0.3521 acc: 0.8035 time 0.87s
Epoch: 64/150 Iter: 79/96 loss: 0.3479 acc: 0.8060 time 0.92s
Epoch: 64/150 Iter: 80/96 loss: 0.3479 acc: 0.8068 time 0.76s
Epoch: 64/150 Iter: 81/96 loss: 0.3486 acc: 0.8092 time 0.90s
Epoch: 64/150 Iter: 82/96 loss: 0.3472 acc: 0.8116 time 0.75s
Epoch: 64/150 Iter: 83/96 loss: 0.3510 acc: 0.8118 time 1.41s
Epoch: 64/150 Iter: 84/96 loss: 0.3484 acc: 0.8141 time 1.36s
Epoch: 64/150 Iter: 85/96 loss: 0.3450 acc: 0.8162 time 0.75s
Epoch: 64/150 Iter: 86/96 loss: 0.3437 acc: 0.8172 time 1.39s
Epoch: 64/150 Iter: 87/96 loss: 0.3454 acc: 0.8179 time 0.72s
Epoch: 64/150 Iter: 88/96 loss: 0.3453 acc: 0.8181 time 1.45s
Epoch: 64/150 Iter: 89/96 loss: 0.3425 acc: 0.8201 time 0.78s
Epoch: 64/150 Iter: 90/96 loss: 0.3639 acc: 0.8162 time 0.70s
Epoch: 64/150 Iter: 91/96 loss: 0.3617 acc: 0.8182 time 1.38s
Epoch: 64/150 Iter: 92/96 loss: 0.3636 acc: 0.8138 time 1.44s
Epoch: 64/150 Iter: 93/96 loss: 0.3604 acc: 0.8158 time 0.92s
Epoch: 64/150 Iter: 94/96 loss: 0.3642 acc: 0.8125 time 1.40s
Epoch: 64/150 Iter: 95/96 loss: 0.3705 acc: 0.8074 time 1.42s
Epoch: 64/150 Iter: 96/96 loss: 0.3689 acc: 0.8094 time 0.75s
[Train epoch 64] avg_loss=0.3689 avg_acc=0.8094 | per-class [c0: 0.843, c1: 0.933, c2: 0.872]
Final training 64/150, loss: 0.3689, time 101.97s, lr: 0.052361
Accuracy: 0.861
class                  precision    recall   specificity      f1   support
--------------------------------------------------------------------------
0                          0.937     0.843         0.946   0.888       281
1                          0.475     0.933         0.943   0.629        30
2                          0.875     0.872         0.894   0.873       265
*----------------------------------------*
Val 64/150 1/24, Acc: 0.3333, Loss: 8.6940, time 0.42s
Val 64/150 2/24, Acc: 0.3889, Loss: 4.5168, time 0.52s
Val 64/150 3/24, Acc: 0.4259, Loss: 3.3237, time 0.43s
Val 64/150 4/24, Acc: 0.5069, Loss: 2.5919, time 0.46s
Val 64/150 5/24, Acc: 0.5556, Loss: 2.2201, time 0.50s
Val 64/150 6/24, Acc: 0.5880, Loss: 1.8822, time 0.50s
Val 64/150 7/24, Acc: 0.6111, Loss: 1.6612, time 0.48s
Val 64/150 8/24, Acc: 0.6285, Loss: 1.5329, time 0.52s
Val 64/150 9/24, Acc: 0.6698, Loss: 1.3782, time 0.53s
Val 64/150 10/24, Acc: 0.6728, Loss: 1.3085, time 0.53s
Val 64/150 11/24, Acc: 0.7025, Loss: 1.2168, time 0.46s
Val 64/150 12/24, Acc: 0.6509, Loss: 1.2886, time 0.47s
Val 64/150 13/24, Acc: 0.6265, Loss: 1.2250, time 0.46s
Val 64/150 14/24, Acc: 0.6264, Loss: 1.2454, time 0.42s
Val 64/150 15/24, Acc: 0.6291, Loss: 1.1878, time 0.42s
Val 64/150 16/24, Acc: 0.6398, Loss: 1.1916, time 0.42s
Val 64/150 17/24, Acc: 0.6609, Loss: 1.1229, time 0.48s
Val 64/150 18/24, Acc: 0.6590, Loss: 1.1244, time 0.43s
Val 64/150 19/24, Acc: 0.6664, Loss: 1.1143, time 0.46s
Val 64/150 20/24, Acc: 0.6553, Loss: 1.0869, time 0.46s
Val 64/150 21/24, Acc: 0.6598, Loss: 1.0432, time 0.49s
Val 64/150 22/24, Acc: 0.6677, Loss: 1.0298, time 0.56s
Val 64/150 23/24, Acc: 0.6604, Loss: 1.0172, time 0.39s
Val 64/150 24/24, Acc: 0.6699, Loss: 0.9865, time 0.41s
[Val epoch 64] avg_acc=0.6699 | avg_loss=0.9865 | per-class [c0: 0.500, c1: 0.625, c2: 0.955]
Final validation 64/150, Val_acc: 0.6699, time 11.26sAccuracy: 0.715
class                  precision    recall   specificity      f1   support
--------------------------------------------------------------------------
0                          0.972     0.500         0.986   0.660        70
1                          0.500     0.625         0.963   0.556         8
2                          0.643     0.955         0.551   0.768        66
*========================================*
Saving checkpoint outputs/OrganoidsINRIA_reduced/resnet18/2025-11-17-16-11/training/model_final.pt
[EarlyStopping] no improve (6/40)
[EarlyStopping] no improve (8/40)
0 Mon Nov 17 18:11:21 2025 Epoch: 65
Epoch: 65/150 Iter: 1/96 loss: 0.6096 acc: 0.6667 time 2.16s
Epoch: 65/150 Iter: 2/96 loss: 0.4236 acc: 0.6667 time 0.92s
Epoch: 65/150 Iter: 3/96 loss: 0.5155 acc: 0.6944 time 0.90s
Epoch: 65/150 Iter: 4/96 loss: 0.4871 acc: 0.6736 time 1.43s
Epoch: 65/150 Iter: 5/96 loss: 0.4396 acc: 0.7167 time 0.79s
Epoch: 65/150 Iter: 6/96 loss: 0.3921 acc: 0.7639 time 0.89s
Epoch: 65/150 Iter: 7/96 loss: 0.4765 acc: 0.7440 time 0.90s
Epoch: 65/150 Iter: 8/96 loss: 0.4497 acc: 0.7622 time 0.87s
Epoch: 65/150 Iter: 9/96 loss: 0.4318 acc: 0.7793 time 1.43s
Epoch: 65/150 Iter: 10/96 loss: 0.4122 acc: 0.7514 time 1.43s
Epoch: 65/150 Iter: 11/96 loss: 0.4073 acc: 0.7588 time 1.45s
Epoch: 65/150 Iter: 12/96 loss: 0.3884 acc: 0.7697 time 1.44s
Epoch: 65/150 Iter: 13/96 loss: 0.3764 acc: 0.7682 time 0.81s
Epoch: 65/150 Iter: 14/96 loss: 0.4231 acc: 0.7490 time 0.89s
Epoch: 65/150 Iter: 15/96 loss: 0.4027 acc: 0.7657 time 0.90s
Epoch: 65/150 Iter: 16/96 loss: 0.3819 acc: 0.7804 time 0.87s
Epoch: 65/150 Iter: 17/96 loss: 0.4143 acc: 0.7462 time 0.94s
Epoch: 65/150 Iter: 18/96 loss: 0.3988 acc: 0.7511 time 1.46s
Epoch: 65/150 Iter: 19/96 loss: 0.3815 acc: 0.7642 time 0.91s
Epoch: 65/150 Iter: 20/96 loss: 0.3970 acc: 0.7660 time 1.42s
Epoch: 65/150 Iter: 21/96 loss: 0.4282 acc: 0.7533 time 0.81s
Epoch: 65/150 Iter: 22/96 loss: 0.4256 acc: 0.7443 time 0.86s
Epoch: 65/150 Iter: 23/96 loss: 0.4090 acc: 0.7554 time 1.45s
Epoch: 65/150 Iter: 24/96 loss: 0.4086 acc: 0.7615 time 0.75s
Epoch: 65/150 Iter: 25/96 loss: 0.4053 acc: 0.7666 time 0.78s
Epoch: 65/150 Iter: 26/96 loss: 0.3996 acc: 0.7691 time 1.44s
Epoch: 65/150 Iter: 27/96 loss: 0.4014 acc: 0.7715 time 0.94s
Epoch: 65/150 Iter: 28/96 loss: 0.4082 acc: 0.7717 time 0.87s
Epoch: 65/150 Iter: 29/96 loss: 0.3970 acc: 0.7739 time 0.76s
Epoch: 65/150 Iter: 30/96 loss: 0.3887 acc: 0.7814 time 1.47s
Epoch: 65/150 Iter: 31/96 loss: 0.4072 acc: 0.7723 time 0.75s
Epoch: 65/150 Iter: 32/96 loss: 0.4031 acc: 0.7768 time 1.46s
Epoch: 65/150 Iter: 33/96 loss: 0.3930 acc: 0.7836 time 0.75s
Epoch: 65/150 Iter: 34/96 loss: 0.3849 acc: 0.7900 time 1.40s
Epoch: 65/150 Iter: 35/96 loss: 0.3934 acc: 0.7840 time 0.87s
Epoch: 65/150 Iter: 36/96 loss: 0.3858 acc: 0.7870 time 0.87s
Epoch: 65/150 Iter: 37/96 loss: 0.3760 acc: 0.7927 time 1.46s
Epoch: 65/150 Iter: 38/96 loss: 0.3908 acc: 0.7828 time 0.78s
Epoch: 65/150 Iter: 39/96 loss: 0.3976 acc: 0.7741 time 0.78s
Epoch: 65/150 Iter: 40/96 loss: 0.4053 acc: 0.7694 time 0.90s
Epoch: 65/150 Iter: 41/96 loss: 0.4061 acc: 0.7628 time 0.80s
Epoch: 65/150 Iter: 42/96 loss: 0.4007 acc: 0.7526 time 0.75s
Epoch: 65/150 Iter: 43/96 loss: 0.3927 acc: 0.7583 time 1.43s
Epoch: 65/150 Iter: 44/96 loss: 0.3917 acc: 0.7563 time 0.85s
Epoch: 65/150 Iter: 45/96 loss: 0.3904 acc: 0.7594 time 0.76s
Epoch: 65/150 Iter: 46/96 loss: 0.3864 acc: 0.7611 time 1.43s
Epoch: 65/150 Iter: 47/96 loss: 0.3842 acc: 0.7644 time 0.76s
Epoch: 65/150 Iter: 48/96 loss: 0.3816 acc: 0.7672 time 0.95s
Epoch: 65/150 Iter: 49/96 loss: 0.3808 acc: 0.7699 time 0.88s
Epoch: 65/150 Iter: 50/96 loss: 0.3819 acc: 0.7662 time 0.89s
Epoch: 65/150 Iter: 51/96 loss: 0.3815 acc: 0.7683 time 0.79s
Epoch: 65/150 Iter: 52/96 loss: 0.3766 acc: 0.7728 time 0.79s
Epoch: 65/150 Iter: 53/96 loss: 0.3760 acc: 0.7687 time 0.74s
Epoch: 65/150 Iter: 54/96 loss: 0.3709 acc: 0.7729 time 0.77s
Epoch: 65/150 Iter: 55/96 loss: 0.3663 acc: 0.7771 time 1.44s
Epoch: 65/150 Iter: 56/96 loss: 0.3736 acc: 0.7739 time 1.45s
Epoch: 65/150 Iter: 57/96 loss: 0.3679 acc: 0.7779 time 1.46s
Epoch: 65/150 Iter: 58/96 loss: 0.3675 acc: 0.7745 time 1.47s
Epoch: 65/150 Iter: 59/96 loss: 0.3703 acc: 0.7699 time 0.79s
Epoch: 65/150 Iter: 60/96 loss: 0.3674 acc: 0.7737 time 1.43s
Epoch: 65/150 Iter: 61/96 loss: 0.3627 acc: 0.7774 time 0.76s
Epoch: 65/150 Iter: 62/96 loss: 0.3679 acc: 0.7716 time 0.88s
Epoch: 65/150 Iter: 63/96 loss: 0.3643 acc: 0.7752 time 0.77s
Epoch: 65/150 Iter: 64/96 loss: 0.3666 acc: 0.7722 time 1.45s
Epoch: 65/150 Iter: 65/96 loss: 0.3645 acc: 0.7693 time 0.90s
Epoch: 65/150 Iter: 66/96 loss: 0.3623 acc: 0.7703 time 1.43s
Epoch: 65/150 Iter: 67/96 loss: 0.3628 acc: 0.7700 time 0.96s
Epoch: 65/150 Iter: 68/96 loss: 0.3697 acc: 0.7636 time 0.91s
Epoch: 65/150 Iter: 69/96 loss: 0.3657 acc: 0.7670 time 0.86s
Epoch: 65/150 Iter: 70/96 loss: 0.3690 acc: 0.7679 time 0.79s
Epoch: 65/150 Iter: 71/96 loss: 0.3688 acc: 0.7694 time 0.81s
Epoch: 65/150 Iter: 72/96 loss: 0.3685 acc: 0.7692 time 0.93s
Epoch: 65/150 Iter: 73/96 loss: 0.3679 acc: 0.7689 time 0.78s
Epoch: 65/150 Iter: 74/96 loss: 0.3702 acc: 0.7720 time 0.78s
Epoch: 65/150 Iter: 75/96 loss: 0.3722 acc: 0.7717 time 0.76s
Epoch: 65/150 Iter: 76/96 loss: 0.4070 acc: 0.7704 time 1.42s
Epoch: 65/150 Iter: 77/96 loss: 0.4048 acc: 0.7733 time 0.78s
Epoch: 65/150 Iter: 78/96 loss: 0.4001 acc: 0.7762 time 0.90s
Epoch: 65/150 Iter: 79/96 loss: 0.4022 acc: 0.7738 time 1.43s
Epoch: 65/150 Iter: 80/96 loss: 0.3999 acc: 0.7766 time 1.45s
Epoch: 65/150 Iter: 81/96 loss: 0.3994 acc: 0.7780 time 0.78s
Epoch: 65/150 Iter: 82/96 loss: 0.3956 acc: 0.7807 time 1.36s
Epoch: 65/150 Iter: 83/96 loss: 0.3940 acc: 0.7814 time 1.37s
Epoch: 65/150 Iter: 84/96 loss: 0.3899 acc: 0.7840 time 1.41s
Epoch: 65/150 Iter: 85/96 loss: 0.3876 acc: 0.7865 time 1.40s
Epoch: 65/150 Iter: 86/96 loss: 0.3873 acc: 0.7870 time 0.76s
Epoch: 65/150 Iter: 87/96 loss: 0.3856 acc: 0.7847 time 0.79s
Epoch: 65/150 Iter: 88/96 loss: 0.3878 acc: 0.7805 time 1.39s
Epoch: 65/150 Iter: 89/96 loss: 0.3868 acc: 0.7830 time 0.78s
Epoch: 65/150 Iter: 90/96 loss: 0.3837 acc: 0.7854 time 0.71s
Epoch: 65/150 Iter: 91/96 loss: 0.3834 acc: 0.7859 time 1.44s
Epoch: 65/150 Iter: 92/96 loss: 0.3801 acc: 0.7883 time 0.74s
Epoch: 65/150 Iter: 93/96 loss: 0.3778 acc: 0.7893 time 0.73s
Epoch: 65/150 Iter: 94/96 loss: 0.3755 acc: 0.7898 time 0.72s
Epoch: 65/150 Iter: 95/96 loss: 0.3727 acc: 0.7920 time 0.76s
Epoch: 65/150 Iter: 96/96 loss: 0.3843 acc: 0.7903 time 0.73s
[Train epoch 65] avg_loss=0.3843 avg_acc=0.7903 | per-class [c0: 0.814, c1: 0.933, c2: 0.872]
Final training 65/150, loss: 0.3843, time 99.28s, lr: 0.051534
Accuracy: 0.847
class                  precision    recall   specificity      f1   support
--------------------------------------------------------------------------
0                          0.919     0.814         0.932   0.864       280
1                          0.500     0.933         0.949   0.651        30
2                          0.853     0.872         0.871   0.862       266
*----------------------------------------*
0 Mon Nov 17 18:13:00 2025 Epoch: 66
Epoch: 66/150 Iter: 1/96 loss: 0.2375 acc: 0.5556 time 2.29s
Epoch: 66/150 Iter: 2/96 loss: 0.4722 acc: 0.5694 time 1.45s
Epoch: 66/150 Iter: 3/96 loss: 0.4406 acc: 0.6574 time 0.86s
Epoch: 66/150 Iter: 4/96 loss: 0.4424 acc: 0.7153 time 0.84s
Epoch: 66/150 Iter: 5/96 loss: 0.4839 acc: 0.7472 time 0.77s
Epoch: 66/150 Iter: 6/96 loss: 0.4609 acc: 0.7616 time 1.42s
Epoch: 66/150 Iter: 7/96 loss: 0.4149 acc: 0.7956 time 0.79s
Epoch: 66/150 Iter: 8/96 loss: 0.4030 acc: 0.8003 time 0.74s
Epoch: 66/150 Iter: 9/96 loss: 0.4176 acc: 0.7670 time 0.80s
Epoch: 66/150 Iter: 10/96 loss: 0.3911 acc: 0.7903 time 1.45s
Epoch: 66/150 Iter: 11/96 loss: 0.3877 acc: 0.7992 time 1.45s
Epoch: 66/150 Iter: 12/96 loss: 0.3666 acc: 0.8160 time 0.92s
Epoch: 66/150 Iter: 13/96 loss: 0.3421 acc: 0.8301 time 0.87s
Epoch: 66/150 Iter: 14/96 loss: 0.3427 acc: 0.8304 time 1.44s
Epoch: 66/150 Iter: 15/96 loss: 0.3400 acc: 0.8120 time 0.78s
Epoch: 66/150 Iter: 16/96 loss: 0.3341 acc: 0.8160 time 0.78s
Epoch: 66/150 Iter: 17/96 loss: 0.3254 acc: 0.8268 time 1.42s
Epoch: 66/150 Iter: 18/96 loss: 0.3092 acc: 0.8364 time 0.78s
Epoch: 66/150 Iter: 19/96 loss: 0.2968 acc: 0.8450 time 1.38s
Epoch: 66/150 Iter: 20/96 loss: 0.3043 acc: 0.8319 time 0.84s
Epoch: 66/150 Iter: 21/96 loss: 0.2993 acc: 0.8201 time 0.80s
Epoch: 66/150 Iter: 22/96 loss: 0.2972 acc: 0.8245 time 1.46s
Epoch: 66/150 Iter: 23/96 loss: 0.3074 acc: 0.8176 time 0.86s
Epoch: 66/150 Iter: 24/96 loss: 0.3049 acc: 0.8252 time 1.39s
Epoch: 66/150 Iter: 25/96 loss: 0.3012 acc: 0.8322 time 1.44s
Epoch: 66/150 Iter: 26/96 loss: 0.3078 acc: 0.8387 time 0.82s
Epoch: 66/150 Iter: 27/96 loss: 0.3004 acc: 0.8447 time 1.44s
Epoch: 66/150 Iter: 28/96 loss: 0.3051 acc: 0.8423 time 0.94s
Epoch: 66/150 Iter: 29/96 loss: 0.2960 acc: 0.8477 time 0.84s
Epoch: 66/150 Iter: 30/96 loss: 0.2894 acc: 0.8528 time 0.92s
Epoch: 66/150 Iter: 31/96 loss: 0.2853 acc: 0.8432 time 0.78s
Epoch: 66/150 Iter: 32/96 loss: 0.2806 acc: 0.8481 time 1.45s
Epoch: 66/150 Iter: 33/96 loss: 0.2747 acc: 0.8527 time 1.45s
Epoch: 66/150 Iter: 34/96 loss: 0.2744 acc: 0.8399 time 0.75s
Epoch: 66/150 Iter: 35/96 loss: 0.2802 acc: 0.8222 time 0.92s
Epoch: 66/150 Iter: 36/96 loss: 0.2953 acc: 0.8179 time 1.46s
Epoch: 66/150 Iter: 37/96 loss: 0.3107 acc: 0.8161 time 0.80s
Epoch: 66/150 Iter: 38/96 loss: 0.3099 acc: 0.8209 time 1.41s
Epoch: 66/150 Iter: 39/96 loss: 0.3042 acc: 0.8255 time 0.77s
Epoch: 66/150 Iter: 40/96 loss: 0.3166 acc: 0.8153 time 0.79s
Epoch: 66/150 Iter: 41/96 loss: 0.3096 acc: 0.8198 time 1.43s
Epoch: 66/150 Iter: 42/96 loss: 0.3026 acc: 0.8241 time 0.77s
Epoch: 66/150 Iter: 43/96 loss: 0.2968 acc: 0.8282 time 1.43s
Epoch: 66/150 Iter: 44/96 loss: 0.2916 acc: 0.8321 time 0.88s
Epoch: 66/150 Iter: 45/96 loss: 0.2897 acc: 0.8358 time 1.47s
Epoch: 66/150 Iter: 46/96 loss: 0.2926 acc: 0.8394 time 1.44s
Epoch: 66/150 Iter: 47/96 loss: 0.2945 acc: 0.8404 time 0.83s
Epoch: 66/150 Iter: 48/96 loss: 0.3014 acc: 0.8322 time 0.97s
Epoch: 66/150 Iter: 49/96 loss: 0.3023 acc: 0.8237 time 1.46s
Epoch: 66/150 Iter: 50/96 loss: 0.3028 acc: 0.8272 time 0.87s
Epoch: 66/150 Iter: 51/96 loss: 0.3051 acc: 0.8219 time 1.41s
Epoch: 66/150 Iter: 52/96 loss: 0.3018 acc: 0.8253 time 1.41s
Epoch: 66/150 Iter: 53/96 loss: 0.3024 acc: 0.8202 time 0.96s
Epoch: 66/150 Iter: 54/96 loss: 0.3073 acc: 0.8212 time 0.80s
Epoch: 66/150 Iter: 55/96 loss: 0.3064 acc: 0.8215 time 0.85s
Epoch: 66/150 Iter: 56/96 loss: 0.3084 acc: 0.8227 time 0.89s
Epoch: 66/150 Iter: 57/96 loss: 0.3045 acc: 0.8258 time 1.47s
Epoch: 66/150 Iter: 58/96 loss: 0.3026 acc: 0.8288 time 0.94s
Epoch: 66/150 Iter: 59/96 loss: 0.3089 acc: 0.8232 time 1.44s
Epoch: 66/150 Iter: 60/96 loss: 0.3080 acc: 0.8150 time 1.44s
Epoch: 66/150 Iter: 61/96 loss: 0.3128 acc: 0.8140 time 0.79s
Epoch: 66/150 Iter: 62/96 loss: 0.3107 acc: 0.8129 time 1.46s
Epoch: 66/150 Iter: 63/96 loss: 0.3190 acc: 0.8080 time 0.76s
Epoch: 66/150 Iter: 64/96 loss: 0.3169 acc: 0.8045 time 0.76s
Epoch: 66/150 Iter: 65/96 loss: 0.3130 acc: 0.8075 time 1.36s
Epoch: 66/150 Iter: 66/96 loss: 0.3097 acc: 0.8104 time 0.89s
Epoch: 66/150 Iter: 67/96 loss: 0.3103 acc: 0.8095 time 0.76s
Epoch: 66/150 Iter: 68/96 loss: 0.3143 acc: 0.8098 time 0.76s
Epoch: 66/150 Iter: 69/96 loss: 0.3109 acc: 0.8126 time 1.49s
Epoch: 66/150 Iter: 70/96 loss: 0.3126 acc: 0.8086 time 1.46s
Epoch: 66/150 Iter: 71/96 loss: 0.3152 acc: 0.8097 time 0.74s
Epoch: 66/150 Iter: 72/96 loss: 0.3124 acc: 0.8124 time 1.41s
Epoch: 66/150 Iter: 73/96 loss: 0.3126 acc: 0.8132 time 0.77s
Epoch: 66/150 Iter: 74/96 loss: 0.3103 acc: 0.8158 time 0.83s
Epoch: 66/150 Iter: 75/96 loss: 0.3072 acc: 0.8182 time 0.91s
Epoch: 66/150 Iter: 76/96 loss: 0.3040 acc: 0.8206 time 1.44s
Epoch: 66/150 Iter: 77/96 loss: 0.3008 acc: 0.8229 time 1.46s
Epoch: 66/150 Iter: 78/96 loss: 0.3053 acc: 0.8220 time 0.75s
Epoch: 66/150 Iter: 79/96 loss: 0.3027 acc: 0.8243 time 0.81s
Epoch: 66/150 Iter: 80/96 loss: 0.2997 acc: 0.8265 time 1.47s
Epoch: 66/150 Iter: 81/96 loss: 0.2981 acc: 0.8245 time 0.74s
Epoch: 66/150 Iter: 82/96 loss: 0.2961 acc: 0.8266 time 1.35s
Epoch: 66/150 Iter: 83/96 loss: 0.2956 acc: 0.8260 time 0.69s
Epoch: 66/150 Iter: 84/96 loss: 0.2975 acc: 0.8222 time 0.70s
Epoch: 66/150 Iter: 85/96 loss: 0.2948 acc: 0.8242 time 1.37s
Epoch: 66/150 Iter: 86/96 loss: 0.2921 acc: 0.8263 time 0.76s
Epoch: 66/150 Iter: 87/96 loss: 0.2909 acc: 0.8270 time 1.45s
Epoch: 66/150 Iter: 88/96 loss: 0.2891 acc: 0.8290 time 0.74s
Epoch: 66/150 Iter: 89/96 loss: 0.2895 acc: 0.8295 time 0.71s
Epoch: 66/150 Iter: 90/96 loss: 0.2875 acc: 0.8314 time 0.75s
Epoch: 66/150 Iter: 91/96 loss: 0.2851 acc: 0.8332 time 0.75s
Epoch: 66/150 Iter: 92/96 loss: 0.2875 acc: 0.8332 time 1.37s
Epoch: 66/150 Iter: 93/96 loss: 0.2904 acc: 0.8297 time 0.79s
Epoch: 66/150 Iter: 94/96 loss: 0.2921 acc: 0.8273 time 1.38s
Epoch: 66/150 Iter: 95/96 loss: 0.2917 acc: 0.8278 time 0.69s
Epoch: 66/150 Iter: 96/96 loss: 0.2898 acc: 0.8296 time 1.37s
[Train epoch 66] avg_loss=0.2898 avg_acc=0.8296 | per-class [c0: 0.858, c1: 0.967, c2: 0.894]
Final training 66/150, loss: 0.2898, time 103.45s, lr: 0.050701
Accuracy: 0.880
class                  precision    recall   specificity      f1   support
--------------------------------------------------------------------------
0                          0.941     0.858         0.949   0.898       281
1                          0.547     0.967         0.956   0.699        30
2                          0.888     0.894         0.904   0.891       265
*----------------------------------------*
Val 66/150 1/24, Acc: 0.6667, Loss: 9.7684, time 0.41s
Val 66/150 2/24, Acc: 0.6111, Loss: 4.9912, time 0.44s
Val 66/150 3/24, Acc: 0.6852, Loss: 3.5079, time 0.44s
Val 66/150 4/24, Acc: 0.7014, Loss: 2.6974, time 0.42s
Val 66/150 5/24, Acc: 0.7361, Loss: 2.1963, time 0.47s
Val 66/150 6/24, Acc: 0.7801, Loss: 1.8405, time 0.46s
Val 66/150 7/24, Acc: 0.8115, Loss: 1.5898, time 0.42s
Val 66/150 8/24, Acc: 0.7622, Loss: 1.4616, time 0.46s
Val 66/150 9/24, Acc: 0.7886, Loss: 1.3131, time 0.42s
Val 66/150 10/24, Acc: 0.8097, Loss: 1.1886, time 0.50s
Val 66/150 11/24, Acc: 0.8270, Loss: 1.0889, time 0.46s
Val 66/150 12/24, Acc: 0.7789, Loss: 1.0500, time 0.52s
Val 66/150 13/24, Acc: 0.7959, Loss: 0.9771, time 0.52s
Val 66/150 14/24, Acc: 0.7837, Loss: 0.9634, time 0.44s
Val 66/150 15/24, Acc: 0.7981, Loss: 0.9128, time 0.40s
Val 66/150 16/24, Acc: 0.7983, Loss: 0.8939, time 0.45s
Val 66/150 17/24, Acc: 0.8101, Loss: 0.8474, time 0.54s
Val 66/150 18/24, Acc: 0.8137, Loss: 0.8217, time 0.51s
Val 66/150 19/24, Acc: 0.8183, Loss: 0.8003, time 0.51s
Val 66/150 20/24, Acc: 0.7996, Loss: 0.7823, time 0.55s
Val 66/150 21/24, Acc: 0.8091, Loss: 0.7479, time 0.47s
Val 66/150 22/24, Acc: 0.8102, Loss: 0.7310, time 0.56s
Val 66/150 23/24, Acc: 0.8112, Loss: 0.7246, time 0.41s
Val 66/150 24/24, Acc: 0.8145, Loss: 0.7043, time 0.43s
[Val epoch 66] avg_acc=0.8145 | avg_loss=0.7043 | per-class [c0: 0.757, c1: 0.875, c2: 0.939]
Final validation 66/150, Val_acc: 0.8145, time 11.22sAccuracy: 0.847
class                  precision    recall   specificity      f1   support
--------------------------------------------------------------------------
0                          0.964     0.757         0.973   0.848        70
1                          0.636     0.875         0.971   0.737         8
2                          0.795     0.939         0.795   0.861        66
*========================================*
Saving checkpoint outputs/OrganoidsINRIA_reduced/resnet18/2025-11-17-16-11/training/model_final.pt
[EarlyStopping] no improve (7/40)
[EarlyStopping] no improve (9/40)
0 Mon Nov 17 18:14:59 2025 Epoch: 67
Epoch: 67/150 Iter: 1/96 loss: 0.4926 acc: 0.8889 time 1.92s
Epoch: 67/150 Iter: 2/96 loss: 0.3595 acc: 0.6528 time 0.96s
Epoch: 67/150 Iter: 3/96 loss: 0.3723 acc: 0.7685 time 0.77s
Epoch: 67/150 Iter: 4/96 loss: 0.2875 acc: 0.8264 time 0.75s
Epoch: 67/150 Iter: 5/96 loss: 0.3535 acc: 0.7778 time 0.77s
Epoch: 67/150 Iter: 6/96 loss: 0.3274 acc: 0.7870 time 0.79s
Epoch: 67/150 Iter: 7/96 loss: 0.2903 acc: 0.8175 time 0.93s
Epoch: 67/150 Iter: 8/96 loss: 0.3304 acc: 0.7986 time 0.79s
Epoch: 67/150 Iter: 9/96 loss: 0.3363 acc: 0.8117 time 0.89s
Epoch: 67/150 Iter: 10/96 loss: 0.3052 acc: 0.8306 time 0.79s
Epoch: 67/150 Iter: 11/96 loss: 0.3200 acc: 0.8308 time 0.78s
Epoch: 67/150 Iter: 12/96 loss: 0.3193 acc: 0.8345 time 1.44s
Epoch: 67/150 Iter: 13/96 loss: 0.2978 acc: 0.8472 time 0.90s
Epoch: 67/150 Iter: 14/96 loss: 0.2983 acc: 0.8284 time 1.41s
Epoch: 67/150 Iter: 15/96 loss: 0.3467 acc: 0.8009 time 1.40s
Epoch: 67/150 Iter: 16/96 loss: 0.3364 acc: 0.8134 time 0.89s
Epoch: 67/150 Iter: 17/96 loss: 0.3462 acc: 0.7998 time 0.94s
Epoch: 67/150 Iter: 18/96 loss: 0.3364 acc: 0.8110 time 1.46s
Epoch: 67/150 Iter: 19/96 loss: 0.3225 acc: 0.8209 time 0.91s
Epoch: 67/150 Iter: 20/96 loss: 0.3408 acc: 0.8090 time 0.78s
Epoch: 67/150 Iter: 21/96 loss: 0.3339 acc: 0.8181 time 0.77s
Epoch: 67/150 Iter: 22/96 loss: 0.3243 acc: 0.8264 time 0.87s
Epoch: 67/150 Iter: 23/96 loss: 0.3241 acc: 0.8296 time 0.90s
Epoch: 67/150 Iter: 24/96 loss: 0.3226 acc: 0.8159 time 0.82s
Epoch: 67/150 Iter: 25/96 loss: 0.3172 acc: 0.8232 time 0.81s
Epoch: 67/150 Iter: 26/96 loss: 0.3173 acc: 0.8236 time 0.75s
Epoch: 67/150 Iter: 27/96 loss: 0.3084 acc: 0.8301 time 0.84s
Epoch: 67/150 Iter: 28/96 loss: 0.3042 acc: 0.8362 time 1.38s
Epoch: 67/150 Iter: 29/96 loss: 0.3083 acc: 0.8189 time 1.43s
Epoch: 67/150 Iter: 30/96 loss: 0.3096 acc: 0.8216 time 1.41s
Epoch: 67/150 Iter: 31/96 loss: 0.3070 acc: 0.8233 time 0.84s
Epoch: 67/150 Iter: 32/96 loss: 0.3090 acc: 0.8184 time 0.77s
Epoch: 67/150 Iter: 33/96 loss: 0.3240 acc: 0.8037 time 0.87s
Epoch: 67/150 Iter: 34/96 loss: 0.3200 acc: 0.8095 time 0.82s
Epoch: 67/150 Iter: 35/96 loss: 0.3234 acc: 0.8054 time 0.78s
Epoch: 67/150 Iter: 36/96 loss: 0.3195 acc: 0.8073 time 0.75s
Epoch: 67/150 Iter: 37/96 loss: 0.3124 acc: 0.8125 time 1.44s
Epoch: 67/150 Iter: 38/96 loss: 0.3082 acc: 0.8175 time 0.88s
Epoch: 67/150 Iter: 39/96 loss: 0.3056 acc: 0.8193 time 1.41s
Epoch: 67/150 Iter: 40/96 loss: 0.2998 acc: 0.8238 time 1.46s
Epoch: 67/150 Iter: 41/96 loss: 0.2965 acc: 0.8281 time 1.43s
Epoch: 67/150 Iter: 42/96 loss: 0.2942 acc: 0.8263 time 0.93s
Epoch: 67/150 Iter: 43/96 loss: 0.2907 acc: 0.8303 time 1.45s
Epoch: 67/150 Iter: 44/96 loss: 0.2915 acc: 0.8241 time 1.41s
Epoch: 67/150 Iter: 45/96 loss: 0.2854 acc: 0.8280 time 0.79s
Epoch: 67/150 Iter: 46/96 loss: 0.2912 acc: 0.8230 time 0.79s
Epoch: 67/150 Iter: 47/96 loss: 0.2904 acc: 0.8268 time 1.46s
Epoch: 67/150 Iter: 48/96 loss: 0.2873 acc: 0.8304 time 1.37s
Epoch: 67/150 Iter: 49/96 loss: 0.2827 acc: 0.8338 time 0.83s
Epoch: 67/150 Iter: 50/96 loss: 0.2958 acc: 0.8305 time 0.78s
Epoch: 67/150 Iter: 51/96 loss: 0.2999 acc: 0.8306 time 1.42s
Epoch: 67/150 Iter: 52/96 loss: 0.2996 acc: 0.8261 time 1.46s
Epoch: 67/150 Iter: 53/96 loss: 0.2956 acc: 0.8294 time 0.78s
Epoch: 67/150 Iter: 54/96 loss: 0.3252 acc: 0.8264 time 0.79s
Epoch: 67/150 Iter: 55/96 loss: 0.3201 acc: 0.8295 time 0.91s
Epoch: 67/150 Iter: 56/96 loss: 0.3178 acc: 0.8326 time 1.42s
Epoch: 67/150 Iter: 57/96 loss: 0.3197 acc: 0.8268 time 0.93s
Epoch: 67/150 Iter: 58/96 loss: 0.3147 acc: 0.8297 time 1.42s
Epoch: 67/150 Iter: 59/96 loss: 0.3165 acc: 0.8309 time 1.48s
Epoch: 67/150 Iter: 60/96 loss: 0.3210 acc: 0.8263 time 0.77s
Epoch: 67/150 Iter: 61/96 loss: 0.3181 acc: 0.8292 time 0.80s
Epoch: 67/150 Iter: 62/96 loss: 0.3334 acc: 0.8212 time 1.48s
Epoch: 67/150 Iter: 63/96 loss: 0.3360 acc: 0.8166 time 0.75s
Epoch: 67/150 Iter: 64/96 loss: 0.3442 acc: 0.8091 time 0.93s
Epoch: 67/150 Iter: 65/96 loss: 0.3525 acc: 0.8082 time 0.75s
Epoch: 67/150 Iter: 66/96 loss: 0.3501 acc: 0.8111 time 0.75s
Epoch: 67/150 Iter: 67/96 loss: 0.3475 acc: 0.8122 time 0.82s
Epoch: 67/150 Iter: 68/96 loss: 0.3436 acc: 0.8150 time 0.79s
Epoch: 67/150 Iter: 69/96 loss: 0.3400 acc: 0.8177 time 0.80s
Epoch: 67/150 Iter: 70/96 loss: 0.3412 acc: 0.8179 time 0.77s
Epoch: 67/150 Iter: 71/96 loss: 0.3375 acc: 0.8205 time 0.87s
Epoch: 67/150 Iter: 72/96 loss: 0.3349 acc: 0.8230 time 0.91s
Epoch: 67/150 Iter: 73/96 loss: 0.3345 acc: 0.8185 time 1.43s
Epoch: 67/150 Iter: 74/96 loss: 0.3303 acc: 0.8210 time 1.44s
Epoch: 67/150 Iter: 75/96 loss: 0.3337 acc: 0.8174 time 0.77s
Epoch: 67/150 Iter: 76/96 loss: 0.3300 acc: 0.8198 time 1.39s
Epoch: 67/150 Iter: 77/96 loss: 0.3319 acc: 0.8146 time 1.44s
Epoch: 67/150 Iter: 78/96 loss: 0.3294 acc: 0.8170 time 1.42s
Epoch: 67/150 Iter: 79/96 loss: 0.3371 acc: 0.8151 time 1.44s
Epoch: 67/150 Iter: 80/96 loss: 0.3337 acc: 0.8174 time 0.74s
Epoch: 67/150 Iter: 81/96 loss: 0.3318 acc: 0.8145 time 1.39s
Epoch: 67/150 Iter: 82/96 loss: 0.3348 acc: 0.8155 time 1.42s
Epoch: 67/150 Iter: 83/96 loss: 0.3319 acc: 0.8178 time 0.70s
Epoch: 67/150 Iter: 84/96 loss: 0.3297 acc: 0.8199 time 0.77s
Epoch: 67/150 Iter: 85/96 loss: 0.3282 acc: 0.8221 time 0.73s
Epoch: 67/150 Iter: 86/96 loss: 0.3294 acc: 0.8190 time 0.71s
Epoch: 67/150 Iter: 87/96 loss: 0.3271 acc: 0.8210 time 1.35s
Epoch: 67/150 Iter: 88/96 loss: 0.3243 acc: 0.8231 time 1.37s
Epoch: 67/150 Iter: 89/96 loss: 0.3233 acc: 0.8223 time 0.78s
Epoch: 67/150 Iter: 90/96 loss: 0.3204 acc: 0.8242 time 0.75s
Epoch: 67/150 Iter: 91/96 loss: 0.3255 acc: 0.8225 time 1.39s
Epoch: 67/150 Iter: 92/96 loss: 0.3257 acc: 0.8199 time 1.41s
Epoch: 67/150 Iter: 93/96 loss: 0.3246 acc: 0.8171 time 1.37s
Epoch: 67/150 Iter: 94/96 loss: 0.3231 acc: 0.8190 time 0.75s
Epoch: 67/150 Iter: 95/96 loss: 0.3238 acc: 0.8196 time 1.42s
Epoch: 67/150 Iter: 96/96 loss: 0.3208 acc: 0.8215 time 1.39s
[Train epoch 67] avg_loss=0.3208 avg_acc=0.8215 | per-class [c0: 0.861, c1: 0.867, c2: 0.898]
Final training 67/150, loss: 0.3208, time 101.12s, lr: 0.049864
Accuracy: 0.878
class                  precision    recall   specificity      f1   support
--------------------------------------------------------------------------
0                          0.941     0.861         0.949   0.899       280
1                          0.491     0.867         0.951   0.627        30
2                          0.895     0.898         0.910   0.897       266
*----------------------------------------*
0 Mon Nov 17 18:16:40 2025 Epoch: 68
Epoch: 68/150 Iter: 1/96 loss: 0.1980 acc: 0.8333 time 2.33s
Epoch: 68/150 Iter: 2/96 loss: 0.3232 acc: 0.8333 time 0.94s
Epoch: 68/150 Iter: 3/96 loss: 0.2937 acc: 0.8472 time 1.42s
Epoch: 68/150 Iter: 4/96 loss: 0.2307 acc: 0.8854 time 0.87s
Epoch: 68/150 Iter: 5/96 loss: 0.2062 acc: 0.9083 time 1.41s
Epoch: 68/150 Iter: 6/96 loss: 0.1920 acc: 0.9236 time 0.80s
Epoch: 68/150 Iter: 7/96 loss: 0.2017 acc: 0.9345 time 0.78s
Epoch: 68/150 Iter: 8/96 loss: 0.2422 acc: 0.9288 time 1.45s
Epoch: 68/150 Iter: 9/96 loss: 0.2618 acc: 0.9256 time 1.43s
Epoch: 68/150 Iter: 10/96 loss: 0.2558 acc: 0.9331 time 0.90s
Epoch: 68/150 Iter: 11/96 loss: 0.2579 acc: 0.9164 time 1.42s
Epoch: 68/150 Iter: 12/96 loss: 0.2875 acc: 0.9025 time 0.79s
Epoch: 68/150 Iter: 13/96 loss: 0.2711 acc: 0.9100 time 1.43s
Epoch: 68/150 Iter: 14/96 loss: 0.2970 acc: 0.8847 time 1.41s
Epoch: 68/150 Iter: 15/96 loss: 0.2821 acc: 0.8924 time 0.88s
Epoch: 68/150 Iter: 16/96 loss: 0.2667 acc: 0.8991 time 1.42s
Epoch: 68/150 Iter: 17/96 loss: 0.2738 acc: 0.9051 time 1.48s
Epoch: 68/150 Iter: 18/96 loss: 0.3117 acc: 0.8696 time 0.78s
Epoch: 68/150 Iter: 19/96 loss: 0.3365 acc: 0.8633 time 0.75s
Epoch: 68/150 Iter: 20/96 loss: 0.3282 acc: 0.8701 time 1.46s
Epoch: 68/150 Iter: 21/96 loss: 0.3331 acc: 0.8552 time 0.80s
Epoch: 68/150 Iter: 22/96 loss: 0.3270 acc: 0.8617 time 1.44s
Epoch: 68/150 Iter: 23/96 loss: 0.3313 acc: 0.8484 time 1.47s
Epoch: 68/150 Iter: 24/96 loss: 0.3521 acc: 0.8374 time 0.76s
Epoch: 68/150 Iter: 25/96 loss: 0.3413 acc: 0.8439 time 0.90s
Epoch: 68/150 Iter: 26/96 loss: 0.3303 acc: 0.8499 time 0.93s
Epoch: 68/150 Iter: 27/96 loss: 0.3190 acc: 0.8555 time 0.80s
Epoch: 68/150 Iter: 28/96 loss: 0.3313 acc: 0.8457 time 0.79s
Epoch: 68/150 Iter: 29/96 loss: 0.3272 acc: 0.8453 time 0.89s
Epoch: 68/150 Iter: 30/96 loss: 0.3354 acc: 0.8471 time 1.44s
Epoch: 68/150 Iter: 31/96 loss: 0.3271 acc: 0.8521 time 1.42s
Epoch: 68/150 Iter: 32/96 loss: 0.3199 acc: 0.8567 time 1.46s
Epoch: 68/150 Iter: 33/96 loss: 0.3126 acc: 0.8610 time 0.89s
Epoch: 68/150 Iter: 34/96 loss: 0.3212 acc: 0.8529 time 0.92s
Epoch: 68/150 Iter: 35/96 loss: 0.3235 acc: 0.8523 time 0.93s
Epoch: 68/150 Iter: 36/96 loss: 0.3167 acc: 0.8564 time 0.86s
Epoch: 68/150 Iter: 37/96 loss: 0.3116 acc: 0.8558 time 1.46s
Epoch: 68/150 Iter: 38/96 loss: 0.3274 acc: 0.8486 time 0.94s
Epoch: 68/150 Iter: 39/96 loss: 0.3194 acc: 0.8525 time 1.42s
Epoch: 68/150 Iter: 40/96 loss: 0.3142 acc: 0.8562 time 0.89s
Epoch: 68/150 Iter: 41/96 loss: 0.3162 acc: 0.8524 time 1.47s
Epoch: 68/150 Iter: 42/96 loss: 0.3282 acc: 0.8384 time 1.46s
Epoch: 68/150 Iter: 43/96 loss: 0.3225 acc: 0.8422 time 0.77s
Epoch: 68/150 Iter: 44/96 loss: 0.3166 acc: 0.8458 time 1.45s
Epoch: 68/150 Iter: 45/96 loss: 0.3104 acc: 0.8492 time 0.77s
Epoch: 68/150 Iter: 46/96 loss: 0.3056 acc: 0.8525 time 0.92s
Epoch: 68/150 Iter: 47/96 loss: 0.3021 acc: 0.8556 time 0.94s
Epoch: 68/150 Iter: 48/96 loss: 0.3053 acc: 0.8565 time 1.47s
Epoch: 68/150 Iter: 49/96 loss: 0.3125 acc: 0.8499 time 0.78s
Epoch: 68/150 Iter: 50/96 loss: 0.3125 acc: 0.8496 time 0.90s
Epoch: 68/150 Iter: 51/96 loss: 0.3150 acc: 0.8506 time 0.87s
Epoch: 68/150 Iter: 52/96 loss: 0.3113 acc: 0.8535 time 0.89s
Epoch: 68/150 Iter: 53/96 loss: 0.3102 acc: 0.8531 time 1.45s
Epoch: 68/150 Iter: 54/96 loss: 0.3078 acc: 0.8558 time 1.45s
Epoch: 68/150 Iter: 55/96 loss: 0.3036 acc: 0.8584 time 0.87s
Epoch: 68/150 Iter: 56/96 loss: 0.2988 acc: 0.8610 time 0.75s
Epoch: 68/150 Iter: 57/96 loss: 0.3005 acc: 0.8634 time 1.44s
Epoch: 68/150 Iter: 58/96 loss: 0.3022 acc: 0.8636 time 0.97s
Epoch: 68/150 Iter: 59/96 loss: 0.2982 acc: 0.8659 time 0.74s
Epoch: 68/150 Iter: 60/96 loss: 0.2980 acc: 0.8612 time 1.45s
Epoch: 68/150 Iter: 61/96 loss: 0.3078 acc: 0.8566 time 0.90s
Epoch: 68/150 Iter: 62/96 loss: 0.3036 acc: 0.8590 time 0.81s
Epoch: 68/150 Iter: 63/96 loss: 0.3032 acc: 0.8592 time 0.92s
Epoch: 68/150 Iter: 64/96 loss: 0.3016 acc: 0.8614 time 0.94s
Epoch: 68/150 Iter: 65/96 loss: 0.2993 acc: 0.8635 time 0.86s
Epoch: 68/150 Iter: 66/96 loss: 0.2956 acc: 0.8656 time 1.41s
Epoch: 68/150 Iter: 67/96 loss: 0.3006 acc: 0.8602 time 0.75s
Epoch: 68/150 Iter: 68/96 loss: 0.3167 acc: 0.8573 time 1.47s
Epoch: 68/150 Iter: 69/96 loss: 0.3155 acc: 0.8529 time 0.86s
Epoch: 68/150 Iter: 70/96 loss: 0.3128 acc: 0.8550 time 1.45s
Epoch: 68/150 Iter: 71/96 loss: 0.3104 acc: 0.8557 time 0.77s
Epoch: 68/150 Iter: 72/96 loss: 0.3107 acc: 0.8554 time 1.43s
Epoch: 68/150 Iter: 73/96 loss: 0.3072 acc: 0.8573 time 0.75s
Epoch: 68/150 Iter: 74/96 loss: 0.3045 acc: 0.8593 time 0.83s
Epoch: 68/150 Iter: 75/96 loss: 0.3013 acc: 0.8611 time 0.87s
Epoch: 68/150 Iter: 76/96 loss: 0.3024 acc: 0.8575 time 0.78s
Epoch: 68/150 Iter: 77/96 loss: 0.3013 acc: 0.8579 time 1.46s
Epoch: 68/150 Iter: 78/96 loss: 0.3176 acc: 0.8533 time 0.86s
Epoch: 68/150 Iter: 79/96 loss: 0.3169 acc: 0.8499 time 1.49s
Epoch: 68/150 Iter: 80/96 loss: 0.3144 acc: 0.8518 time 0.95s
Epoch: 68/150 Iter: 81/96 loss: 0.3144 acc: 0.8478 time 0.74s
Epoch: 68/150 Iter: 82/96 loss: 0.3141 acc: 0.8483 time 0.82s
Epoch: 68/150 Iter: 83/96 loss: 0.3115 acc: 0.8502 time 0.69s
Epoch: 68/150 Iter: 84/96 loss: 0.3089 acc: 0.8520 time 1.42s
Epoch: 68/150 Iter: 85/96 loss: 0.3114 acc: 0.8478 time 0.72s
Epoch: 68/150 Iter: 86/96 loss: 0.3096 acc: 0.8496 time 0.76s
Epoch: 68/150 Iter: 87/96 loss: 0.3084 acc: 0.8499 time 1.37s
Epoch: 68/150 Iter: 88/96 loss: 0.3064 acc: 0.8516 time 0.74s
Epoch: 68/150 Iter: 89/96 loss: 0.3041 acc: 0.8532 time 0.77s
Epoch: 68/150 Iter: 90/96 loss: 0.3028 acc: 0.8499 time 0.94s
Epoch: 68/150 Iter: 91/96 loss: 0.2997 acc: 0.8516 time 0.75s
Epoch: 68/150 Iter: 92/96 loss: 0.3000 acc: 0.8514 time 1.39s
Epoch: 68/150 Iter: 93/96 loss: 0.3007 acc: 0.8516 time 0.68s
Epoch: 68/150 Iter: 94/96 loss: 0.3040 acc: 0.8488 time 0.70s
Epoch: 68/150 Iter: 95/96 loss: 0.3070 acc: 0.8469 time 0.70s
Epoch: 68/150 Iter: 96/96 loss: 0.3053 acc: 0.8474 time 1.38s
[Train epoch 68] avg_loss=0.3053 avg_acc=0.8474 | per-class [c0: 0.890, c1: 0.767, c2: 0.909]
Final training 68/150, loss: 0.3053, time 102.60s, lr: 0.049021
Accuracy: 0.892
class                  precision    recall   specificity      f1   support
--------------------------------------------------------------------------
0                          0.954     0.890         0.959   0.921       281
1                          0.511     0.767         0.960   0.613        30
2                          0.896     0.909         0.910   0.903       265
*----------------------------------------*
Val 68/150 1/24, Acc: 0.5000, Loss: 9.3136, time 0.47s
Val 68/150 2/24, Acc: 0.5278, Loss: 4.8507, time 0.43s
Val 68/150 3/24, Acc: 0.5926, Loss: 3.3573, time 0.42s
Val 68/150 4/24, Acc: 0.5694, Loss: 2.6069, time 0.49s
Val 68/150 5/24, Acc: 0.6306, Loss: 2.1403, time 0.48s
Val 68/150 6/24, Acc: 0.6921, Loss: 1.7979, time 0.49s
Val 68/150 7/24, Acc: 0.7361, Loss: 1.5622, time 0.45s
Val 68/150 8/24, Acc: 0.6962, Loss: 1.4457, time 0.43s
Val 68/150 9/24, Acc: 0.7188, Loss: 1.3019, time 0.41s
Val 68/150 10/24, Acc: 0.7469, Loss: 1.1785, time 0.50s
Val 68/150 11/24, Acc: 0.7699, Loss: 1.0801, time 0.40s
Val 68/150 12/24, Acc: 0.7266, Loss: 1.0765, time 0.45s
Val 68/150 13/24, Acc: 0.7476, Loss: 1.0028, time 0.46s
Val 68/150 14/24, Acc: 0.7181, Loss: 1.0184, time 0.44s
Val 68/150 15/24, Acc: 0.7091, Loss: 0.9614, time 0.46s
Val 68/150 16/24, Acc: 0.7148, Loss: 0.9317, time 0.42s
Val 68/150 17/24, Acc: 0.7315, Loss: 0.8844, time 0.48s
Val 68/150 18/24, Acc: 0.7140, Loss: 0.8739, time 0.53s
Val 68/150 19/24, Acc: 0.7238, Loss: 0.8496, time 0.44s
Val 68/150 20/24, Acc: 0.7099, Loss: 0.8404, time 0.47s
Val 68/150 21/24, Acc: 0.7237, Loss: 0.8035, time 0.44s
Val 68/150 22/24, Acc: 0.7287, Loss: 0.7877, time 0.53s
Val 68/150 23/24, Acc: 0.7284, Loss: 0.7803, time 0.38s
Val 68/150 24/24, Acc: 0.7397, Loss: 0.7535, time 0.40s
[Val epoch 68] avg_acc=0.7397 | avg_loss=0.7535 | per-class [c0: 0.686, c1: 0.875, c2: 0.894]
Final validation 68/150, Val_acc: 0.7397, time 10.89sAccuracy: 0.792
class                  precision    recall   specificity      f1   support
--------------------------------------------------------------------------
0                          0.960     0.686         0.973   0.800        70
1                          0.350     0.875         0.904   0.500         8
2                          0.797     0.894         0.808   0.843        66
*========================================*
Saving checkpoint outputs/OrganoidsINRIA_reduced/resnet18/2025-11-17-16-11/training/model_final.pt
[EarlyStopping] no improve (8/40)
[EarlyStopping] no improve (10/40)
0 Mon Nov 17 18:18:38 2025 Epoch: 69
Epoch: 69/150 Iter: 1/96 loss: 0.0319 acc: 1.0000 time 2.11s
Epoch: 69/150 Iter: 2/96 loss: 0.1160 acc: 0.9167 time 1.43s
Epoch: 69/150 Iter: 3/96 loss: 0.1313 acc: 0.9444 time 1.37s
Epoch: 69/150 Iter: 4/96 loss: 0.2166 acc: 0.8125 time 1.43s
Epoch: 69/150 Iter: 5/96 loss: 0.2327 acc: 0.8000 time 0.72s
Epoch: 69/150 Iter: 6/96 loss: 0.2346 acc: 0.8056 time 1.45s
Epoch: 69/150 Iter: 7/96 loss: 0.2438 acc: 0.8333 time 0.77s
Epoch: 69/150 Iter: 8/96 loss: 0.2530 acc: 0.8021 time 0.90s
Epoch: 69/150 Iter: 9/96 loss: 0.2344 acc: 0.8241 time 1.43s
Epoch: 69/150 Iter: 10/96 loss: 0.2476 acc: 0.7972 time 1.48s
Epoch: 69/150 Iter: 11/96 loss: 0.2379 acc: 0.8157 time 0.88s
Epoch: 69/150 Iter: 12/96 loss: 0.2514 acc: 0.8102 time 0.77s
Epoch: 69/150 Iter: 13/96 loss: 0.2434 acc: 0.8248 time 1.46s
Epoch: 69/150 Iter: 14/96 loss: 0.2408 acc: 0.8373 time 0.92s
Epoch: 69/150 Iter: 15/96 loss: 0.2436 acc: 0.8398 time 0.85s
Epoch: 69/150 Iter: 16/96 loss: 0.2527 acc: 0.8429 time 1.43s
Epoch: 69/150 Iter: 17/96 loss: 0.2583 acc: 0.8472 time 0.79s
Epoch: 69/150 Iter: 18/96 loss: 0.2476 acc: 0.8557 time 0.85s
Epoch: 69/150 Iter: 19/96 loss: 0.2474 acc: 0.8580 time 0.90s
Epoch: 69/150 Iter: 20/96 loss: 0.2424 acc: 0.8651 time 0.74s
Epoch: 69/150 Iter: 21/96 loss: 0.2356 acc: 0.8716 time 1.41s
Epoch: 69/150 Iter: 22/96 loss: 0.2284 acc: 0.8774 time 1.43s
Epoch: 69/150 Iter: 23/96 loss: 0.2195 acc: 0.8827 time 1.38s
Epoch: 69/150 Iter: 24/96 loss: 0.2160 acc: 0.8876 time 0.85s
Epoch: 69/150 Iter: 25/96 loss: 0.2106 acc: 0.8921 time 0.88s
Epoch: 69/150 Iter: 26/96 loss: 0.2046 acc: 0.8963 time 0.91s
Epoch: 69/150 Iter: 27/96 loss: 0.2062 acc: 0.8970 time 0.86s
Epoch: 69/150 Iter: 28/96 loss: 0.2135 acc: 0.8947 time 0.78s
Epoch: 69/150 Iter: 29/96 loss: 0.2143 acc: 0.8926 time 0.85s
Epoch: 69/150 Iter: 30/96 loss: 0.2269 acc: 0.8851 time 0.78s
Epoch: 69/150 Iter: 31/96 loss: 0.2342 acc: 0.8709 time 1.39s
Epoch: 69/150 Iter: 32/96 loss: 0.2439 acc: 0.8593 time 0.95s
Epoch: 69/150 Iter: 33/96 loss: 0.2399 acc: 0.8636 time 0.94s
Epoch: 69/150 Iter: 34/96 loss: 0.2341 acc: 0.8676 time 1.44s
Epoch: 69/150 Iter: 35/96 loss: 0.2352 acc: 0.8666 time 0.82s
Epoch: 69/150 Iter: 36/96 loss: 0.2378 acc: 0.8592 time 0.90s
Epoch: 69/150 Iter: 37/96 loss: 0.2435 acc: 0.8585 time 1.46s
Epoch: 69/150 Iter: 38/96 loss: 0.2399 acc: 0.8534 time 0.92s
Epoch: 69/150 Iter: 39/96 loss: 0.2362 acc: 0.8572 time 0.88s
Epoch: 69/150 Iter: 40/96 loss: 0.2321 acc: 0.8608 time 0.78s
Epoch: 69/150 Iter: 41/96 loss: 0.2354 acc: 0.8581 time 0.79s
Epoch: 69/150 Iter: 42/96 loss: 0.2367 acc: 0.8614 time 0.80s
Epoch: 69/150 Iter: 43/96 loss: 0.2355 acc: 0.8647 time 0.77s
Epoch: 69/150 Iter: 44/96 loss: 0.2320 acc: 0.8677 time 1.45s
Epoch: 69/150 Iter: 45/96 loss: 0.2318 acc: 0.8651 time 1.44s
Epoch: 69/150 Iter: 46/96 loss: 0.2398 acc: 0.8626 time 0.78s
Epoch: 69/150 Iter: 47/96 loss: 0.2403 acc: 0.8549 time 0.78s
Epoch: 69/150 Iter: 48/96 loss: 0.2377 acc: 0.8579 time 0.75s
Epoch: 69/150 Iter: 49/96 loss: 0.2348 acc: 0.8608 time 0.79s
Epoch: 69/150 Iter: 50/96 loss: 0.2313 acc: 0.8636 time 0.86s
Epoch: 69/150 Iter: 51/96 loss: 0.2272 acc: 0.8663 time 0.77s
Epoch: 69/150 Iter: 52/96 loss: 0.2259 acc: 0.8657 time 1.45s
Epoch: 69/150 Iter: 53/96 loss: 0.2257 acc: 0.8682 time 1.46s
Epoch: 69/150 Iter: 54/96 loss: 0.2390 acc: 0.8603 time 0.86s
Epoch: 69/150 Iter: 55/96 loss: 0.2434 acc: 0.8611 time 0.80s
Epoch: 69/150 Iter: 56/96 loss: 0.2396 acc: 0.8635 time 1.46s
Epoch: 69/150 Iter: 57/96 loss: 0.2367 acc: 0.8659 time 1.46s
Epoch: 69/150 Iter: 58/96 loss: 0.2341 acc: 0.8682 time 1.43s
Epoch: 69/150 Iter: 59/96 loss: 0.2469 acc: 0.8671 time 0.89s
Epoch: 69/150 Iter: 60/96 loss: 0.2544 acc: 0.8600 time 1.41s
Epoch: 69/150 Iter: 61/96 loss: 0.2544 acc: 0.8623 time 0.88s
Epoch: 69/150 Iter: 62/96 loss: 0.2515 acc: 0.8646 time 1.44s
Epoch: 69/150 Iter: 63/96 loss: 0.2507 acc: 0.8641 time 0.86s
Epoch: 69/150 Iter: 64/96 loss: 0.2592 acc: 0.8589 time 1.46s
Epoch: 69/150 Iter: 65/96 loss: 0.2575 acc: 0.8611 time 0.95s
Epoch: 69/150 Iter: 66/96 loss: 0.2588 acc: 0.8606 time 0.81s
Epoch: 69/150 Iter: 67/96 loss: 0.2550 acc: 0.8627 time 1.42s
Epoch: 69/150 Iter: 68/96 loss: 0.2542 acc: 0.8647 time 0.88s
Epoch: 69/150 Iter: 69/96 loss: 0.2518 acc: 0.8667 time 0.79s
Epoch: 69/150 Iter: 70/96 loss: 0.2522 acc: 0.8658 time 1.47s
Epoch: 69/150 Iter: 71/96 loss: 0.2511 acc: 0.8662 time 1.41s
Epoch: 69/150 Iter: 72/96 loss: 0.2558 acc: 0.8669 time 0.89s
Epoch: 69/150 Iter: 73/96 loss: 0.2567 acc: 0.8688 time 0.92s
Epoch: 69/150 Iter: 74/96 loss: 0.2546 acc: 0.8705 time 0.77s
Epoch: 69/150 Iter: 75/96 loss: 0.2527 acc: 0.8723 time 0.77s
Epoch: 69/150 Iter: 76/96 loss: 0.2509 acc: 0.8739 time 0.85s
Epoch: 69/150 Iter: 77/96 loss: 0.2506 acc: 0.8741 time 1.43s
Epoch: 69/150 Iter: 78/96 loss: 0.2492 acc: 0.8757 time 1.40s
Epoch: 69/150 Iter: 79/96 loss: 0.2504 acc: 0.8761 time 1.45s
Epoch: 69/150 Iter: 80/96 loss: 0.2483 acc: 0.8776 time 1.38s
Epoch: 69/150 Iter: 81/96 loss: 0.2458 acc: 0.8791 time 1.39s
Epoch: 69/150 Iter: 82/96 loss: 0.2457 acc: 0.8745 time 1.37s
Epoch: 69/150 Iter: 83/96 loss: 0.2448 acc: 0.8760 time 0.75s
Epoch: 69/150 Iter: 84/96 loss: 0.2424 acc: 0.8775 time 0.73s
Epoch: 69/150 Iter: 85/96 loss: 0.2401 acc: 0.8789 time 1.37s
Epoch: 69/150 Iter: 86/96 loss: 0.2557 acc: 0.8726 time 0.71s
Epoch: 69/150 Iter: 87/96 loss: 0.2577 acc: 0.8726 time 0.78s
Epoch: 69/150 Iter: 88/96 loss: 0.2584 acc: 0.8728 time 1.39s
Epoch: 69/150 Iter: 89/96 loss: 0.2603 acc: 0.8723 time 0.76s
Epoch: 69/150 Iter: 90/96 loss: 0.2614 acc: 0.8719 time 0.76s
Epoch: 69/150 Iter: 91/96 loss: 0.2617 acc: 0.8687 time 0.78s
Epoch: 69/150 Iter: 92/96 loss: 0.2594 acc: 0.8702 time 0.71s
Epoch: 69/150 Iter: 93/96 loss: 0.2567 acc: 0.8716 time 1.39s
Epoch: 69/150 Iter: 94/96 loss: 0.2549 acc: 0.8729 time 1.47s
Epoch: 69/150 Iter: 95/96 loss: 0.2544 acc: 0.8731 time 1.36s
Epoch: 69/150 Iter: 96/96 loss: 0.2525 acc: 0.8744 time 0.73s
[Train epoch 69] avg_loss=0.2525 avg_acc=0.8744 | per-class [c0: 0.886, c1: 0.967, c2: 0.917]
Final training 69/150, loss: 0.2525, time 103.22s, lr: 0.048175
Accuracy: 0.905
class                  precision    recall   specificity      f1   support
--------------------------------------------------------------------------
0                          0.961     0.886         0.966   0.922       281
1                          0.580     0.967         0.962   0.725        30
2                          0.910     0.917         0.923   0.914       265
*----------------------------------------*
0 Mon Nov 17 18:20:22 2025 Epoch: 70
Epoch: 70/150 Iter: 1/96 loss: 0.1077 acc: 1.0000 time 2.49s
Epoch: 70/150 Iter: 2/96 loss: 0.3447 acc: 0.7000 time 1.46s
Epoch: 70/150 Iter: 3/96 loss: 0.2759 acc: 0.8000 time 0.77s
Epoch: 70/150 Iter: 4/96 loss: 0.2632 acc: 0.7389 time 1.45s
Epoch: 70/150 Iter: 5/96 loss: 0.3877 acc: 0.6978 time 0.82s
Epoch: 70/150 Iter: 6/96 loss: 0.4434 acc: 0.6648 time 1.46s
Epoch: 70/150 Iter: 7/96 loss: 0.4370 acc: 0.6532 time 0.77s
Epoch: 70/150 Iter: 8/96 loss: 0.3841 acc: 0.6965 time 1.41s
Epoch: 70/150 Iter: 9/96 loss: 0.3546 acc: 0.7302 time 1.48s
Epoch: 70/150 Iter: 10/96 loss: 0.3515 acc: 0.7472 time 0.70s
Epoch: 70/150 Iter: 11/96 loss: 0.3286 acc: 0.7702 time 1.48s
Epoch: 70/150 Iter: 12/96 loss: 0.3415 acc: 0.7523 time 0.85s
Epoch: 70/150 Iter: 13/96 loss: 0.3395 acc: 0.7618 time 1.50s
Epoch: 70/150 Iter: 14/96 loss: 0.3171 acc: 0.7788 time 1.44s
Epoch: 70/150 Iter: 15/96 loss: 0.3044 acc: 0.7935 time 0.85s
Epoch: 70/150 Iter: 16/96 loss: 0.2921 acc: 0.8064 time 1.43s
Epoch: 70/150 Iter: 17/96 loss: 0.2760 acc: 0.8178 time 0.75s
Epoch: 70/150 Iter: 18/96 loss: 0.2834 acc: 0.8279 time 0.86s
Epoch: 70/150 Iter: 19/96 loss: 0.2716 acc: 0.8370 time 1.43s
Epoch: 70/150 Iter: 20/96 loss: 0.2596 acc: 0.8451 time 1.46s
Epoch: 70/150 Iter: 21/96 loss: 0.2716 acc: 0.8478 time 0.73s
Epoch: 70/150 Iter: 22/96 loss: 0.2762 acc: 0.8547 time 0.77s
Epoch: 70/150 Iter: 23/96 loss: 0.2864 acc: 0.8465 time 0.91s
Epoch: 70/150 Iter: 24/96 loss: 0.2809 acc: 0.8529 time 1.41s
Epoch: 70/150 Iter: 25/96 loss: 0.2717 acc: 0.8588 time 0.91s
Epoch: 70/150 Iter: 26/96 loss: 0.2631 acc: 0.8642 time 0.80s
Epoch: 70/150 Iter: 27/96 loss: 0.2535 acc: 0.8692 time 1.37s
Epoch: 70/150 Iter: 28/96 loss: 0.2581 acc: 0.8596 time 0.90s
Epoch: 70/150 Iter: 29/96 loss: 0.2505 acc: 0.8645 time 0.90s
Epoch: 70/150 Iter: 30/96 loss: 0.2466 acc: 0.8690 time 0.92s
Epoch: 70/150 Iter: 31/96 loss: 0.2442 acc: 0.8732 time 0.89s
Epoch: 70/150 Iter: 32/96 loss: 0.2393 acc: 0.8772 time 0.77s
Epoch: 70/150 Iter: 33/96 loss: 0.2508 acc: 0.8758 time 1.41s
Epoch: 70/150 Iter: 34/96 loss: 0.2604 acc: 0.8579 time 0.88s
Epoch: 70/150 Iter: 35/96 loss: 0.2539 acc: 0.8620 time 0.92s
Epoch: 70/150 Iter: 36/96 loss: 0.2574 acc: 0.8623 time 1.42s
Epoch: 70/150 Iter: 37/96 loss: 0.2519 acc: 0.8661 time 1.41s
Epoch: 70/150 Iter: 38/96 loss: 0.2705 acc: 0.8652 time 0.79s
Epoch: 70/150 Iter: 39/96 loss: 0.2654 acc: 0.8687 time 1.38s
Epoch: 70/150 Iter: 40/96 loss: 0.2773 acc: 0.8536 time 0.81s
Epoch: 70/150 Iter: 41/96 loss: 0.2714 acc: 0.8572 time 0.86s
Epoch: 70/150 Iter: 42/96 loss: 0.2660 acc: 0.8606 time 1.44s
Epoch: 70/150 Iter: 43/96 loss: 0.2730 acc: 0.8580 time 0.78s
Epoch: 70/150 Iter: 44/96 loss: 0.3089 acc: 0.8499 time 0.80s
Epoch: 70/150 Iter: 45/96 loss: 0.3038 acc: 0.8532 time 0.89s
Epoch: 70/150 Iter: 46/96 loss: 0.3011 acc: 0.8546 time 1.46s
Epoch: 70/150 Iter: 47/96 loss: 0.2971 acc: 0.8577 time 0.82s
Epoch: 70/150 Iter: 48/96 loss: 0.3003 acc: 0.8572 time 1.49s
Epoch: 70/150 Iter: 49/96 loss: 0.2960 acc: 0.8601 time 0.81s
Epoch: 70/150 Iter: 50/96 loss: 0.3006 acc: 0.8540 time 0.77s
Epoch: 70/150 Iter: 51/96 loss: 0.3045 acc: 0.8487 time 1.47s
Epoch: 70/150 Iter: 52/96 loss: 0.2992 acc: 0.8516 time 0.78s
Epoch: 70/150 Iter: 53/96 loss: 0.3042 acc: 0.8465 time 1.40s
Epoch: 70/150 Iter: 54/96 loss: 0.2991 acc: 0.8494 time 0.81s
Epoch: 70/150 Iter: 55/96 loss: 0.3194 acc: 0.8415 time 0.78s
Epoch: 70/150 Iter: 56/96 loss: 0.3145 acc: 0.8443 time 0.80s
Epoch: 70/150 Iter: 57/96 loss: 0.3159 acc: 0.8442 time 0.90s
Epoch: 70/150 Iter: 58/96 loss: 0.3143 acc: 0.8440 time 0.78s
Epoch: 70/150 Iter: 59/96 loss: 0.3097 acc: 0.8466 time 0.77s
Epoch: 70/150 Iter: 60/96 loss: 0.3091 acc: 0.8425 time 0.86s
Epoch: 70/150 Iter: 61/96 loss: 0.3144 acc: 0.8434 time 0.86s
Epoch: 70/150 Iter: 62/96 loss: 0.3107 acc: 0.8460 time 1.37s
Epoch: 70/150 Iter: 63/96 loss: 0.3143 acc: 0.8458 time 1.48s
Epoch: 70/150 Iter: 64/96 loss: 0.3160 acc: 0.8443 time 0.81s
Epoch: 70/150 Iter: 65/96 loss: 0.3126 acc: 0.8467 time 0.95s
Epoch: 70/150 Iter: 66/96 loss: 0.3106 acc: 0.8490 time 0.95s
Epoch: 70/150 Iter: 67/96 loss: 0.3127 acc: 0.8488 time 1.38s
Epoch: 70/150 Iter: 68/96 loss: 0.3095 acc: 0.8510 time 0.79s
Epoch: 70/150 Iter: 69/96 loss: 0.3212 acc: 0.8435 time 1.46s
Epoch: 70/150 Iter: 70/96 loss: 0.3270 acc: 0.8374 time 1.47s
Epoch: 70/150 Iter: 71/96 loss: 0.3231 acc: 0.8397 time 1.44s
Epoch: 70/150 Iter: 72/96 loss: 0.3264 acc: 0.8365 time 0.76s
Epoch: 70/150 Iter: 73/96 loss: 0.3223 acc: 0.8387 time 0.94s
Epoch: 70/150 Iter: 74/96 loss: 0.3222 acc: 0.8409 time 1.40s
Epoch: 70/150 Iter: 75/96 loss: 0.3227 acc: 0.8380 time 0.79s
Epoch: 70/150 Iter: 76/96 loss: 0.3212 acc: 0.8402 time 1.45s
Epoch: 70/150 Iter: 77/96 loss: 0.3182 acc: 0.8422 time 0.85s
Epoch: 70/150 Iter: 78/96 loss: 0.3156 acc: 0.8443 time 1.45s
Epoch: 70/150 Iter: 79/96 loss: 0.3126 acc: 0.8462 time 1.45s
Epoch: 70/150 Iter: 80/96 loss: 0.3114 acc: 0.8482 time 1.44s
Epoch: 70/150 Iter: 81/96 loss: 0.3082 acc: 0.8500 time 1.42s
Epoch: 70/150 Iter: 82/96 loss: 0.3147 acc: 0.8447 time 0.79s
Epoch: 70/150 Iter: 83/96 loss: 0.3214 acc: 0.8386 time 1.41s
Epoch: 70/150 Iter: 84/96 loss: 0.3186 acc: 0.8405 time 1.38s
Epoch: 70/150 Iter: 85/96 loss: 0.3174 acc: 0.8377 time 1.41s
Epoch: 70/150 Iter: 86/96 loss: 0.3147 acc: 0.8396 time 0.69s
Epoch: 70/150 Iter: 87/96 loss: 0.3120 acc: 0.8414 time 0.70s
Epoch: 70/150 Iter: 88/96 loss: 0.3094 acc: 0.8432 time 1.37s
Epoch: 70/150 Iter: 89/96 loss: 0.3116 acc: 0.8400 time 0.70s
Epoch: 70/150 Iter: 90/96 loss: 0.3132 acc: 0.8418 time 0.71s
Epoch: 70/150 Iter: 91/96 loss: 0.3125 acc: 0.8389 time 0.71s
Epoch: 70/150 Iter: 92/96 loss: 0.3155 acc: 0.8385 time 1.38s
Epoch: 70/150 Iter: 93/96 loss: 0.3145 acc: 0.8393 time 0.72s
Epoch: 70/150 Iter: 94/96 loss: 0.3130 acc: 0.8393 time 0.78s
Epoch: 70/150 Iter: 95/96 loss: 0.3107 acc: 0.8410 time 0.70s
Epoch: 70/150 Iter: 96/96 loss: 0.3128 acc: 0.8391 time 0.71s
[Train epoch 70] avg_loss=0.3128 avg_acc=0.8391 | per-class [c0: 0.882, c1: 0.867, c2: 0.887]
Final training 70/150, loss: 0.3128, time 103.77s, lr: 0.047325
Accuracy: 0.884
class                  precision    recall   specificity      f1   support
--------------------------------------------------------------------------
0                          0.939     0.882         0.946   0.910       280
1                          0.520     0.867         0.956   0.650        30
2                          0.897     0.887         0.913   0.892       266
*----------------------------------------*
Val 70/150 1/24, Acc: 0.5000, Loss: 12.8546, time 0.42s
Val 70/150 2/24, Acc: 0.5278, Loss: 6.5249, time 0.50s
Val 70/150 3/24, Acc: 0.6852, Loss: 4.4825, time 0.50s
Val 70/150 4/24, Acc: 0.7014, Loss: 3.4221, time 0.42s
Val 70/150 5/24, Acc: 0.7611, Loss: 2.7737, time 0.48s
Val 70/150 6/24, Acc: 0.8009, Loss: 2.3216, time 0.47s
Val 70/150 7/24, Acc: 0.8294, Loss: 2.0023, time 0.43s
Val 70/150 8/24, Acc: 0.7778, Loss: 1.8120, time 0.43s
Val 70/150 9/24, Acc: 0.7914, Loss: 1.6270, time 0.45s
Val 70/150 10/24, Acc: 0.8122, Loss: 1.4756, time 0.51s
Val 70/150 11/24, Acc: 0.8293, Loss: 1.3503, time 0.41s
Val 70/150 12/24, Acc: 0.7880, Loss: 1.3069, time 0.49s
Val 70/150 13/24, Acc: 0.8043, Loss: 1.2161, time 0.47s
Val 70/150 14/24, Acc: 0.8093, Loss: 1.1807, time 0.43s
Val 70/150 15/24, Acc: 0.8165, Loss: 1.1111, time 0.40s
Val 70/150 16/24, Acc: 0.8217, Loss: 1.0741, time 0.41s
Val 70/150 17/24, Acc: 0.8322, Loss: 1.0164, time 0.56s
Val 70/150 18/24, Acc: 0.8276, Loss: 0.9819, time 0.46s
Val 70/150 19/24, Acc: 0.8314, Loss: 0.9458, time 0.44s
Val 70/150 20/24, Acc: 0.8176, Loss: 0.9282, time 0.45s
Val 70/150 21/24, Acc: 0.8263, Loss: 0.8878, time 0.53s
Val 70/150 22/24, Acc: 0.8266, Loss: 0.8701, time 0.57s
Val 70/150 23/24, Acc: 0.8124, Loss: 0.8637, time 0.39s
Val 70/150 24/24, Acc: 0.8203, Loss: 0.8427, time 0.40s
[Val epoch 70] avg_acc=0.8203 | avg_loss=0.8427 | per-class [c0: 0.843, c1: 0.750, c2: 0.909]
Final validation 70/150, Val_acc: 0.8203, time 11.02sAccuracy: 0.868
class                  precision    recall   specificity      f1   support
--------------------------------------------------------------------------
0                          0.967     0.843         0.973   0.901        70
1                          0.545     0.750         0.963   0.632         8
2                          0.833     0.909         0.846   0.870        66
*========================================*
Saving checkpoint outputs/OrganoidsINRIA_reduced/resnet18/2025-11-17-16-11/training/model_final.pt
[EarlyStopping] no improve (9/40)
[EarlyStopping] no improve (11/40)
0 Mon Nov 17 18:22:21 2025 Epoch: 71
Epoch: 71/150 Iter: 1/96 loss: 0.4434 acc: 0.5556 time 2.36s
Epoch: 71/150 Iter: 2/96 loss: 0.2554 acc: 0.7778 time 1.42s
Epoch: 71/150 Iter: 3/96 loss: 0.3145 acc: 0.7963 time 0.92s
Epoch: 71/150 Iter: 4/96 loss: 0.3232 acc: 0.8194 time 1.47s
Epoch: 71/150 Iter: 5/96 loss: 0.3185 acc: 0.8556 time 1.39s
Epoch: 71/150 Iter: 6/96 loss: 0.2722 acc: 0.8796 time 0.77s
Epoch: 71/150 Iter: 7/96 loss: 0.2642 acc: 0.8825 time 0.78s
Epoch: 71/150 Iter: 8/96 loss: 0.2695 acc: 0.8764 time 0.75s
Epoch: 71/150 Iter: 9/96 loss: 0.3158 acc: 0.8716 time 1.44s
Epoch: 71/150 Iter: 10/96 loss: 0.3003 acc: 0.8844 time 0.81s
Epoch: 71/150 Iter: 11/96 loss: 0.2789 acc: 0.8949 time 0.81s
Epoch: 71/150 Iter: 12/96 loss: 0.2903 acc: 0.8412 time 0.84s
Epoch: 71/150 Iter: 13/96 loss: 0.3024 acc: 0.8021 time 1.45s
Epoch: 71/150 Iter: 14/96 loss: 0.2931 acc: 0.8163 time 0.75s
Epoch: 71/150 Iter: 15/96 loss: 0.2759 acc: 0.8285 time 1.43s
Epoch: 71/150 Iter: 16/96 loss: 0.2822 acc: 0.8028 time 0.76s
Epoch: 71/150 Iter: 17/96 loss: 0.2720 acc: 0.8078 time 0.95s
Epoch: 71/150 Iter: 18/96 loss: 0.2709 acc: 0.7938 time 0.78s
Epoch: 71/150 Iter: 19/96 loss: 0.2904 acc: 0.7871 time 1.44s
Epoch: 71/150 Iter: 20/96 loss: 0.2861 acc: 0.7915 time 0.76s
Epoch: 71/150 Iter: 21/96 loss: 0.2759 acc: 0.8015 time 0.78s
Epoch: 71/150 Iter: 22/96 loss: 0.2662 acc: 0.8105 time 1.46s
Epoch: 71/150 Iter: 23/96 loss: 0.2710 acc: 0.8151 time 0.93s
Epoch: 71/150 Iter: 24/96 loss: 0.2700 acc: 0.8228 time 0.81s
Epoch: 71/150 Iter: 25/96 loss: 0.2690 acc: 0.8266 time 0.90s
Epoch: 71/150 Iter: 26/96 loss: 0.2611 acc: 0.8332 time 0.94s
Epoch: 71/150 Iter: 27/96 loss: 0.2543 acc: 0.8394 time 0.97s
Epoch: 71/150 Iter: 28/96 loss: 0.2476 acc: 0.8451 time 1.46s
Epoch: 71/150 Iter: 29/96 loss: 0.2471 acc: 0.8462 time 0.81s
Epoch: 71/150 Iter: 30/96 loss: 0.2435 acc: 0.8513 time 0.88s
Epoch: 71/150 Iter: 31/96 loss: 0.2497 acc: 0.8440 time 0.86s
Epoch: 71/150 Iter: 32/96 loss: 0.2495 acc: 0.8364 time 0.79s
Epoch: 71/150 Iter: 33/96 loss: 0.2452 acc: 0.8413 time 1.45s
Epoch: 71/150 Iter: 34/96 loss: 0.2553 acc: 0.8337 time 0.80s
Epoch: 71/150 Iter: 35/96 loss: 0.2508 acc: 0.8385 time 0.76s
Epoch: 71/150 Iter: 36/96 loss: 0.2512 acc: 0.8383 time 1.44s
Epoch: 71/150 Iter: 37/96 loss: 0.2502 acc: 0.8427 time 0.85s
Epoch: 71/150 Iter: 38/96 loss: 0.2444 acc: 0.8469 time 1.46s
Epoch: 71/150 Iter: 39/96 loss: 0.2424 acc: 0.8508 time 0.79s
Epoch: 71/150 Iter: 40/96 loss: 0.2378 acc: 0.8545 time 1.46s
Epoch: 71/150 Iter: 41/96 loss: 0.2393 acc: 0.8526 time 0.81s
Epoch: 71/150 Iter: 42/96 loss: 0.2356 acc: 0.8562 time 0.82s
Epoch: 71/150 Iter: 43/96 loss: 0.2322 acc: 0.8595 time 1.45s
Epoch: 71/150 Iter: 44/96 loss: 0.2297 acc: 0.8627 time 0.93s
Epoch: 71/150 Iter: 45/96 loss: 0.2265 acc: 0.8657 time 0.92s
Epoch: 71/150 Iter: 46/96 loss: 0.2242 acc: 0.8687 time 0.87s
Epoch: 71/150 Iter: 47/96 loss: 0.2252 acc: 0.8679 time 1.47s
Epoch: 71/150 Iter: 48/96 loss: 0.2215 acc: 0.8707 time 1.44s
Epoch: 71/150 Iter: 49/96 loss: 0.2176 acc: 0.8733 time 0.87s
Epoch: 71/150 Iter: 50/96 loss: 0.2174 acc: 0.8758 time 1.40s
Epoch: 71/150 Iter: 51/96 loss: 0.2186 acc: 0.8734 time 1.48s
Epoch: 71/150 Iter: 52/96 loss: 0.2200 acc: 0.8734 time 0.78s
Epoch: 71/150 Iter: 53/96 loss: 0.2165 acc: 0.8758 time 1.41s
Epoch: 71/150 Iter: 54/96 loss: 0.2248 acc: 0.8750 time 1.47s
Epoch: 71/150 Iter: 55/96 loss: 0.2334 acc: 0.8672 time 0.87s
Epoch: 71/150 Iter: 56/96 loss: 0.2307 acc: 0.8695 time 0.78s
Epoch: 71/150 Iter: 57/96 loss: 0.2313 acc: 0.8696 time 1.44s
Epoch: 71/150 Iter: 58/96 loss: 0.2370 acc: 0.8638 time 0.77s
Epoch: 71/150 Iter: 59/96 loss: 0.2338 acc: 0.8661 time 0.77s
Epoch: 71/150 Iter: 60/96 loss: 0.2356 acc: 0.8628 time 0.79s
Epoch: 71/150 Iter: 61/96 loss: 0.2328 acc: 0.8651 time 0.76s
Epoch: 71/150 Iter: 62/96 loss: 0.2402 acc: 0.8565 time 0.90s
Epoch: 71/150 Iter: 63/96 loss: 0.2366 acc: 0.8588 time 0.90s
Epoch: 71/150 Iter: 64/96 loss: 0.2366 acc: 0.8532 time 1.43s
Epoch: 71/150 Iter: 65/96 loss: 0.2381 acc: 0.8465 time 1.45s
Epoch: 71/150 Iter: 66/96 loss: 0.2435 acc: 0.8425 time 0.77s
Epoch: 71/150 Iter: 67/96 loss: 0.2417 acc: 0.8423 time 0.93s
Epoch: 71/150 Iter: 68/96 loss: 0.2464 acc: 0.8428 time 0.94s
Epoch: 71/150 Iter: 69/96 loss: 0.2478 acc: 0.8439 time 0.76s
Epoch: 71/150 Iter: 70/96 loss: 0.2452 acc: 0.8461 time 0.79s
Epoch: 71/150 Iter: 71/96 loss: 0.2457 acc: 0.8465 time 1.42s
Epoch: 71/150 Iter: 72/96 loss: 0.2461 acc: 0.8486 time 0.81s
Epoch: 71/150 Iter: 73/96 loss: 0.2457 acc: 0.8507 time 0.77s
Epoch: 71/150 Iter: 74/96 loss: 0.2433 acc: 0.8527 time 1.46s
Epoch: 71/150 Iter: 75/96 loss: 0.2512 acc: 0.8503 time 1.43s
Epoch: 71/150 Iter: 76/96 loss: 0.2507 acc: 0.8509 time 0.89s
Epoch: 71/150 Iter: 77/96 loss: 0.2483 acc: 0.8528 time 1.47s
Epoch: 71/150 Iter: 78/96 loss: 0.2500 acc: 0.8476 time 0.87s
Epoch: 71/150 Iter: 79/96 loss: 0.2471 acc: 0.8495 time 0.91s
Epoch: 71/150 Iter: 80/96 loss: 0.2453 acc: 0.8514 time 0.87s
Epoch: 71/150 Iter: 81/96 loss: 0.2458 acc: 0.8533 time 1.39s
Epoch: 71/150 Iter: 82/96 loss: 0.2443 acc: 0.8550 time 1.46s
Epoch: 71/150 Iter: 83/96 loss: 0.2421 acc: 0.8568 time 1.39s
Epoch: 71/150 Iter: 84/96 loss: 0.2420 acc: 0.8573 time 0.71s
Epoch: 71/150 Iter: 85/96 loss: 0.2396 acc: 0.8590 time 0.75s
Epoch: 71/150 Iter: 86/96 loss: 0.2405 acc: 0.8577 time 0.81s
Epoch: 71/150 Iter: 87/96 loss: 0.2428 acc: 0.8579 time 0.72s
Epoch: 71/150 Iter: 88/96 loss: 0.2414 acc: 0.8586 time 0.71s
Epoch: 71/150 Iter: 89/96 loss: 0.2415 acc: 0.8602 time 0.75s
Epoch: 71/150 Iter: 90/96 loss: 0.2395 acc: 0.8617 time 0.69s
Epoch: 71/150 Iter: 91/96 loss: 0.2390 acc: 0.8614 time 0.68s
Epoch: 71/150 Iter: 92/96 loss: 0.2394 acc: 0.8611 time 1.38s
Epoch: 71/150 Iter: 93/96 loss: 0.2377 acc: 0.8626 time 0.74s
Epoch: 71/150 Iter: 94/96 loss: 0.2407 acc: 0.8593 time 1.37s
Epoch: 71/150 Iter: 95/96 loss: 0.2396 acc: 0.8564 time 1.38s
Epoch: 71/150 Iter: 96/96 loss: 0.2439 acc: 0.8558 time 0.71s
[Train epoch 71] avg_loss=0.2439 avg_acc=0.8558 | per-class [c0: 0.890, c1: 0.967, c2: 0.887]
Final training 71/150, loss: 0.2439, time 100.41s, lr: 0.046471
Accuracy: 0.892
class                  precision    recall   specificity      f1   support
--------------------------------------------------------------------------
0                          0.926     0.890         0.932   0.907       281
1                          0.617     0.967         0.967   0.753        30
2                          0.907     0.887         0.923   0.897       265
*----------------------------------------*
0 Mon Nov 17 18:24:02 2025 Epoch: 72
Epoch: 72/150 Iter: 1/96 loss: 0.3474 acc: 0.9000 time 2.61s
Epoch: 72/150 Iter: 2/96 loss: 0.2867 acc: 0.9500 time 1.46s
Epoch: 72/150 Iter: 3/96 loss: 0.2153 acc: 0.9667 time 0.88s
Epoch: 72/150 Iter: 4/96 loss: 0.1825 acc: 0.9750 time 0.79s
Epoch: 72/150 Iter: 5/96 loss: 0.1737 acc: 0.9800 time 0.88s
Epoch: 72/150 Iter: 6/96 loss: 0.1826 acc: 0.9139 time 0.79s
Epoch: 72/150 Iter: 7/96 loss: 0.1917 acc: 0.9024 time 0.77s
Epoch: 72/150 Iter: 8/96 loss: 0.1861 acc: 0.9146 time 0.78s
Epoch: 72/150 Iter: 9/96 loss: 0.1912 acc: 0.9241 time 1.47s
Epoch: 72/150 Iter: 10/96 loss: 0.1985 acc: 0.9317 time 1.45s
Epoch: 72/150 Iter: 11/96 loss: 0.1968 acc: 0.9379 time 1.40s
Epoch: 72/150 Iter: 12/96 loss: 0.1993 acc: 0.9431 time 0.86s
Epoch: 72/150 Iter: 13/96 loss: 0.1865 acc: 0.9474 time 0.82s
Epoch: 72/150 Iter: 14/96 loss: 0.2113 acc: 0.9274 time 1.47s
Epoch: 72/150 Iter: 15/96 loss: 0.2011 acc: 0.9322 time 0.75s
Epoch: 72/150 Iter: 16/96 loss: 0.2393 acc: 0.8948 time 0.87s
Epoch: 72/150 Iter: 17/96 loss: 0.2289 acc: 0.9010 time 0.90s
Epoch: 72/150 Iter: 18/96 loss: 0.2280 acc: 0.9065 time 0.95s
Epoch: 72/150 Iter: 19/96 loss: 0.2544 acc: 0.8807 time 1.47s
Epoch: 72/150 Iter: 20/96 loss: 0.2467 acc: 0.8867 time 1.41s
Epoch: 72/150 Iter: 21/96 loss: 0.2554 acc: 0.8643 time 0.96s
Epoch: 72/150 Iter: 22/96 loss: 0.2508 acc: 0.8654 time 0.80s
Epoch: 72/150 Iter: 23/96 loss: 0.2666 acc: 0.8423 time 0.78s
Epoch: 72/150 Iter: 24/96 loss: 0.2733 acc: 0.8396 time 1.47s
Epoch: 72/150 Iter: 25/96 loss: 0.2637 acc: 0.8460 time 0.92s
Epoch: 72/150 Iter: 26/96 loss: 0.2552 acc: 0.8519 time 0.88s
Epoch: 72/150 Iter: 27/96 loss: 0.2624 acc: 0.8537 time 0.75s
Epoch: 72/150 Iter: 28/96 loss: 0.2782 acc: 0.8351 time 0.83s
Epoch: 72/150 Iter: 29/96 loss: 0.2740 acc: 0.8207 time 0.83s
Epoch: 72/150 Iter: 30/96 loss: 0.2655 acc: 0.8267 time 1.49s
Epoch: 72/150 Iter: 31/96 loss: 0.2619 acc: 0.8323 time 0.91s
Epoch: 72/150 Iter: 32/96 loss: 0.2804 acc: 0.8313 time 0.86s
Epoch: 72/150 Iter: 33/96 loss: 0.2810 acc: 0.8333 time 1.46s
Epoch: 72/150 Iter: 34/96 loss: 0.2787 acc: 0.8353 time 1.43s
Epoch: 72/150 Iter: 35/96 loss: 0.2990 acc: 0.8352 time 0.74s
Epoch: 72/150 Iter: 36/96 loss: 0.2998 acc: 0.8282 time 0.89s
Epoch: 72/150 Iter: 37/96 loss: 0.2961 acc: 0.8329 time 0.78s
Epoch: 72/150 Iter: 38/96 loss: 0.2893 acc: 0.8373 time 0.87s
Epoch: 72/150 Iter: 39/96 loss: 0.2871 acc: 0.8372 time 0.87s
Epoch: 72/150 Iter: 40/96 loss: 0.2903 acc: 0.8371 time 0.90s
Epoch: 72/150 Iter: 41/96 loss: 0.2874 acc: 0.8383 time 1.42s
Epoch: 72/150 Iter: 42/96 loss: 0.2851 acc: 0.8396 time 0.76s
Epoch: 72/150 Iter: 43/96 loss: 0.2891 acc: 0.8404 time 0.78s
Epoch: 72/150 Iter: 44/96 loss: 0.2845 acc: 0.8440 time 0.75s
Epoch: 72/150 Iter: 45/96 loss: 0.2799 acc: 0.8475 time 0.92s
Epoch: 72/150 Iter: 46/96 loss: 0.2798 acc: 0.8423 time 0.87s
Epoch: 72/150 Iter: 47/96 loss: 0.2742 acc: 0.8457 time 0.79s
Epoch: 72/150 Iter: 48/96 loss: 0.2703 acc: 0.8489 time 1.42s
Epoch: 72/150 Iter: 49/96 loss: 0.2911 acc: 0.8401 time 0.79s
Epoch: 72/150 Iter: 50/96 loss: 0.2879 acc: 0.8433 time 0.82s
Epoch: 72/150 Iter: 51/96 loss: 0.2849 acc: 0.8464 time 0.82s
Epoch: 72/150 Iter: 52/96 loss: 0.2825 acc: 0.8493 time 1.42s
Epoch: 72/150 Iter: 53/96 loss: 0.2825 acc: 0.8506 time 0.87s
Epoch: 72/150 Iter: 54/96 loss: 0.2792 acc: 0.8533 time 0.82s
Epoch: 72/150 Iter: 55/96 loss: 0.2747 acc: 0.8560 time 1.45s
Epoch: 72/150 Iter: 56/96 loss: 0.2759 acc: 0.8482 time 1.40s
Epoch: 72/150 Iter: 57/96 loss: 0.2717 acc: 0.8508 time 1.44s
Epoch: 72/150 Iter: 58/96 loss: 0.2696 acc: 0.8534 time 0.89s
Epoch: 72/150 Iter: 59/96 loss: 0.2727 acc: 0.8538 time 0.80s
Epoch: 72/150 Iter: 60/96 loss: 0.2786 acc: 0.8520 time 0.80s
Epoch: 72/150 Iter: 61/96 loss: 0.2782 acc: 0.8531 time 1.42s
Epoch: 72/150 Iter: 62/96 loss: 0.2883 acc: 0.8465 time 0.95s
Epoch: 72/150 Iter: 63/96 loss: 0.2876 acc: 0.8463 time 0.78s
Epoch: 72/150 Iter: 64/96 loss: 0.2872 acc: 0.8467 time 0.79s
Epoch: 72/150 Iter: 65/96 loss: 0.2896 acc: 0.8474 time 1.41s
Epoch: 72/150 Iter: 66/96 loss: 0.2900 acc: 0.8447 time 0.81s
Epoch: 72/150 Iter: 67/96 loss: 0.2875 acc: 0.8470 time 0.92s
Epoch: 72/150 Iter: 68/96 loss: 0.2885 acc: 0.8427 time 1.45s
Epoch: 72/150 Iter: 69/96 loss: 0.2876 acc: 0.8434 time 1.49s
Epoch: 72/150 Iter: 70/96 loss: 0.2853 acc: 0.8456 time 1.48s
Epoch: 72/150 Iter: 71/96 loss: 0.2847 acc: 0.8442 time 1.47s
Epoch: 72/150 Iter: 72/96 loss: 0.2839 acc: 0.8449 time 1.43s
Epoch: 72/150 Iter: 73/96 loss: 0.2804 acc: 0.8470 time 0.90s
Epoch: 72/150 Iter: 74/96 loss: 0.2810 acc: 0.8474 time 0.92s
Epoch: 72/150 Iter: 75/96 loss: 0.2829 acc: 0.8472 time 1.41s
Epoch: 72/150 Iter: 76/96 loss: 0.2956 acc: 0.8448 time 1.43s
Epoch: 72/150 Iter: 77/96 loss: 0.2926 acc: 0.8468 time 0.80s
Epoch: 72/150 Iter: 78/96 loss: 0.2930 acc: 0.8488 time 0.80s
Epoch: 72/150 Iter: 79/96 loss: 0.2975 acc: 0.8437 time 0.76s
Epoch: 72/150 Iter: 80/96 loss: 0.2953 acc: 0.8456 time 1.47s
Epoch: 72/150 Iter: 81/96 loss: 0.2957 acc: 0.8455 time 0.79s
Epoch: 72/150 Iter: 82/96 loss: 0.2961 acc: 0.8453 time 0.88s
Epoch: 72/150 Iter: 83/96 loss: 0.2933 acc: 0.8472 time 0.75s
Epoch: 72/150 Iter: 84/96 loss: 0.2902 acc: 0.8490 time 0.78s
Epoch: 72/150 Iter: 85/96 loss: 0.2876 acc: 0.8508 time 1.43s
Epoch: 72/150 Iter: 86/96 loss: 0.2848 acc: 0.8525 time 0.80s
Epoch: 72/150 Iter: 87/96 loss: 0.2836 acc: 0.8528 time 0.69s
Epoch: 72/150 Iter: 88/96 loss: 0.2825 acc: 0.8545 time 0.78s
Epoch: 72/150 Iter: 89/96 loss: 0.2809 acc: 0.8561 time 1.38s
Epoch: 72/150 Iter: 90/96 loss: 0.2793 acc: 0.8577 time 1.45s
Epoch: 72/150 Iter: 91/96 loss: 0.2801 acc: 0.8574 time 1.38s
Epoch: 72/150 Iter: 92/96 loss: 0.2809 acc: 0.8541 time 0.71s
Epoch: 72/150 Iter: 93/96 loss: 0.2825 acc: 0.8544 time 0.74s
Epoch: 72/150 Iter: 94/96 loss: 0.2810 acc: 0.8559 time 0.76s
Epoch: 72/150 Iter: 95/96 loss: 0.2856 acc: 0.8522 time 1.36s
Epoch: 72/150 Iter: 96/96 loss: 0.2850 acc: 0.8537 time 1.36s
[Train epoch 72] avg_loss=0.2850 avg_acc=0.8537 | per-class [c0: 0.872, c1: 0.933, c2: 0.891]
Final training 72/150, loss: 0.2850, time 101.20s, lr: 0.045615
Accuracy: 0.884
class                  precision    recall   specificity      f1   support
--------------------------------------------------------------------------
0                          0.935     0.872         0.942   0.902       281
1                          0.560     0.933         0.960   0.700        30
2                          0.894     0.891         0.910   0.892       265
*----------------------------------------*
Val 72/150 1/24, Acc: 0.6667, Loss: 12.3808, time 0.43s
Val 72/150 2/24, Acc: 0.6111, Loss: 6.3270, time 0.42s
Val 72/150 3/24, Acc: 0.6296, Loss: 4.4344, time 0.41s
Val 72/150 4/24, Acc: 0.6597, Loss: 3.3830, time 0.42s
Val 72/150 5/24, Acc: 0.7028, Loss: 2.7544, time 0.52s
Val 72/150 6/24, Acc: 0.7523, Loss: 2.3052, time 0.45s
Val 72/150 7/24, Acc: 0.7877, Loss: 1.9922, time 0.44s
Val 72/150 8/24, Acc: 0.7830, Loss: 1.7930, time 0.42s
Val 72/150 9/24, Acc: 0.7960, Loss: 1.6103, time 0.49s
Val 72/150 10/24, Acc: 0.8164, Loss: 1.4563, time 0.49s
Val 72/150 11/24, Acc: 0.8331, Loss: 1.3283, time 0.43s
Val 72/150 12/24, Acc: 0.7914, Loss: 1.2880, time 0.47s
Val 72/150 13/24, Acc: 0.7690, Loss: 1.2061, time 0.54s
Val 72/150 14/24, Acc: 0.7766, Loss: 1.1676, time 0.49s
Val 72/150 15/24, Acc: 0.7859, Loss: 1.1010, time 0.43s
Val 72/150 16/24, Acc: 0.7931, Loss: 1.0693, time 0.43s
Val 72/150 17/24, Acc: 0.7979, Loss: 1.0145, time 0.50s
Val 72/150 18/24, Acc: 0.7952, Loss: 0.9817, time 0.48s
Val 72/150 19/24, Acc: 0.8007, Loss: 0.9446, time 0.43s
Val 72/150 20/24, Acc: 0.7829, Loss: 0.9375, time 0.46s
Val 72/150 21/24, Acc: 0.7933, Loss: 0.8965, time 0.45s
Val 72/150 22/24, Acc: 0.7951, Loss: 0.8786, time 0.54s
Val 72/150 23/24, Acc: 0.7822, Loss: 0.8696, time 0.38s
Val 72/150 24/24, Acc: 0.7913, Loss: 0.8521, time 0.40s
[Val epoch 72] avg_acc=0.7913 | avg_loss=0.8521 | per-class [c0: 0.814, c1: 0.625, c2: 0.909]
Final validation 72/150, Val_acc: 0.7913, time 10.93sAccuracy: 0.847
class                  precision    recall   specificity      f1   support
--------------------------------------------------------------------------
0                          0.950     0.814         0.959   0.877        70
1                          0.500     0.625         0.963   0.556         8
2                          0.811     0.909         0.821   0.857        66
*========================================*
Saving checkpoint outputs/OrganoidsINRIA_reduced/resnet18/2025-11-17-16-11/training/model_final.pt
[EarlyStopping] no improve (10/40)
[EarlyStopping] no improve (12/40)
0 Mon Nov 17 18:25:58 2025 Epoch: 73
Epoch: 73/150 Iter: 1/96 loss: 0.0573 acc: 1.0000 time 1.95s
Epoch: 73/150 Iter: 2/96 loss: 0.2119 acc: 0.7917 time 1.49s
Epoch: 73/150 Iter: 3/96 loss: 0.3665 acc: 0.6667 time 0.83s
Epoch: 73/150 Iter: 4/96 loss: 0.2956 acc: 0.7500 time 0.78s
Epoch: 73/150 Iter: 5/96 loss: 0.2471 acc: 0.8000 time 0.84s
Epoch: 73/150 Iter: 6/96 loss: 0.2100 acc: 0.8333 time 0.83s
Epoch: 73/150 Iter: 7/96 loss: 0.1941 acc: 0.8571 time 0.94s
Epoch: 73/150 Iter: 8/96 loss: 0.2422 acc: 0.8542 time 1.47s
Epoch: 73/150 Iter: 9/96 loss: 0.2278 acc: 0.8704 time 0.85s
Epoch: 73/150 Iter: 10/96 loss: 0.2467 acc: 0.8278 time 0.84s
Epoch: 73/150 Iter: 11/96 loss: 0.2297 acc: 0.8434 time 0.95s
Epoch: 73/150 Iter: 12/96 loss: 0.2322 acc: 0.8461 time 1.40s
Epoch: 73/150 Iter: 13/96 loss: 0.2461 acc: 0.8483 time 0.78s
Epoch: 73/150 Iter: 14/96 loss: 0.2448 acc: 0.8294 time 0.80s
Epoch: 73/150 Iter: 15/96 loss: 0.2423 acc: 0.8333 time 0.89s
Epoch: 73/150 Iter: 16/96 loss: 0.2282 acc: 0.8438 time 1.39s
Epoch: 73/150 Iter: 17/96 loss: 0.2154 acc: 0.8529 time 0.78s
Epoch: 73/150 Iter: 18/96 loss: 0.2599 acc: 0.8272 time 0.76s
Epoch: 73/150 Iter: 19/96 loss: 0.2465 acc: 0.8363 time 0.87s
Epoch: 73/150 Iter: 20/96 loss: 0.2451 acc: 0.8444 time 1.46s
Epoch: 73/150 Iter: 21/96 loss: 0.2709 acc: 0.8254 time 0.87s
Epoch: 73/150 Iter: 22/96 loss: 0.2725 acc: 0.8295 time 0.91s
Epoch: 73/150 Iter: 23/96 loss: 0.2741 acc: 0.8297 time 0.76s
Epoch: 73/150 Iter: 24/96 loss: 0.2744 acc: 0.8299 time 1.45s
Epoch: 73/150 Iter: 25/96 loss: 0.2674 acc: 0.8367 time 0.90s
Epoch: 73/150 Iter: 26/96 loss: 0.2735 acc: 0.8285 time 0.89s
Epoch: 73/150 Iter: 27/96 loss: 0.2736 acc: 0.8287 time 1.47s
Epoch: 73/150 Iter: 28/96 loss: 0.2675 acc: 0.8348 time 1.41s
Epoch: 73/150 Iter: 29/96 loss: 0.2605 acc: 0.8405 time 1.41s
Epoch: 73/150 Iter: 30/96 loss: 0.2598 acc: 0.8458 time 0.77s
Epoch: 73/150 Iter: 31/96 loss: 0.2623 acc: 0.8468 time 0.94s
Epoch: 73/150 Iter: 32/96 loss: 0.2611 acc: 0.8385 time 0.92s
Epoch: 73/150 Iter: 33/96 loss: 0.2733 acc: 0.8374 time 1.45s
Epoch: 73/150 Iter: 34/96 loss: 0.2656 acc: 0.8422 time 0.87s
Epoch: 73/150 Iter: 35/96 loss: 0.2625 acc: 0.8340 time 1.44s
Epoch: 73/150 Iter: 36/96 loss: 0.2704 acc: 0.8363 time 0.91s
Epoch: 73/150 Iter: 37/96 loss: 0.2785 acc: 0.8257 time 1.49s
Epoch: 73/150 Iter: 38/96 loss: 0.2864 acc: 0.8237 time 0.93s
Epoch: 73/150 Iter: 39/96 loss: 0.2843 acc: 0.8282 time 0.78s
Epoch: 73/150 Iter: 40/96 loss: 0.2783 acc: 0.8325 time 1.44s
Epoch: 73/150 Iter: 41/96 loss: 0.2752 acc: 0.8366 time 0.74s
Epoch: 73/150 Iter: 42/96 loss: 0.2711 acc: 0.8385 time 0.75s
Epoch: 73/150 Iter: 43/96 loss: 0.2665 acc: 0.8422 time 0.85s
Epoch: 73/150 Iter: 44/96 loss: 0.2650 acc: 0.8383 time 1.42s
Epoch: 73/150 Iter: 45/96 loss: 0.2623 acc: 0.8326 time 0.79s
Epoch: 73/150 Iter: 46/96 loss: 0.2675 acc: 0.8254 time 0.86s
Epoch: 73/150 Iter: 47/96 loss: 0.2637 acc: 0.8291 time 0.77s
Epoch: 73/150 Iter: 48/96 loss: 0.2698 acc: 0.8309 time 0.81s
Epoch: 73/150 Iter: 49/96 loss: 0.2722 acc: 0.8321 time 0.79s
Epoch: 73/150 Iter: 50/96 loss: 0.2698 acc: 0.8354 time 0.77s
Epoch: 73/150 Iter: 51/96 loss: 0.2658 acc: 0.8387 time 0.81s
Epoch: 73/150 Iter: 52/96 loss: 0.2624 acc: 0.8418 time 0.89s
Epoch: 73/150 Iter: 53/96 loss: 0.2660 acc: 0.8372 time 1.43s
Epoch: 73/150 Iter: 54/96 loss: 0.2741 acc: 0.8347 time 0.76s
Epoch: 73/150 Iter: 55/96 loss: 0.2707 acc: 0.8377 time 0.88s
Epoch: 73/150 Iter: 56/96 loss: 0.2677 acc: 0.8406 time 0.76s
Epoch: 73/150 Iter: 57/96 loss: 0.2637 acc: 0.8434 time 0.88s
Epoch: 73/150 Iter: 58/96 loss: 0.2608 acc: 0.8461 time 1.47s
Epoch: 73/150 Iter: 59/96 loss: 0.2710 acc: 0.8393 time 0.93s
Epoch: 73/150 Iter: 60/96 loss: 0.2673 acc: 0.8419 time 1.46s
Epoch: 73/150 Iter: 61/96 loss: 0.2646 acc: 0.8445 time 1.45s
Epoch: 73/150 Iter: 62/96 loss: 0.2609 acc: 0.8470 time 1.45s
Epoch: 73/150 Iter: 63/96 loss: 0.2602 acc: 0.8481 time 1.43s
Epoch: 73/150 Iter: 64/96 loss: 0.2597 acc: 0.8453 time 1.45s
Epoch: 73/150 Iter: 65/96 loss: 0.2620 acc: 0.8409 time 1.45s
Epoch: 73/150 Iter: 66/96 loss: 0.2607 acc: 0.8407 time 0.78s
Epoch: 73/150 Iter: 67/96 loss: 0.2573 acc: 0.8431 time 0.77s
Epoch: 73/150 Iter: 68/96 loss: 0.2608 acc: 0.8405 time 1.42s
Epoch: 73/150 Iter: 69/96 loss: 0.2593 acc: 0.8410 time 0.79s
Epoch: 73/150 Iter: 70/96 loss: 0.2568 acc: 0.8433 time 0.93s
Epoch: 73/150 Iter: 71/96 loss: 0.2578 acc: 0.8432 time 1.40s
Epoch: 73/150 Iter: 72/96 loss: 0.2575 acc: 0.8453 time 0.92s
Epoch: 73/150 Iter: 73/96 loss: 0.2560 acc: 0.8475 time 0.91s
Epoch: 73/150 Iter: 74/96 loss: 0.2537 acc: 0.8495 time 0.79s
Epoch: 73/150 Iter: 75/96 loss: 0.2527 acc: 0.8515 time 0.91s
Epoch: 73/150 Iter: 76/96 loss: 0.2512 acc: 0.8535 time 0.95s
Epoch: 73/150 Iter: 77/96 loss: 0.2496 acc: 0.8554 time 0.93s
Epoch: 73/150 Iter: 78/96 loss: 0.2465 acc: 0.8572 time 0.71s
Epoch: 73/150 Iter: 79/96 loss: 0.2460 acc: 0.8590 time 1.46s
Epoch: 73/150 Iter: 80/96 loss: 0.2533 acc: 0.8539 time 0.94s
Epoch: 73/150 Iter: 81/96 loss: 0.2505 acc: 0.8557 time 0.78s
Epoch: 73/150 Iter: 82/96 loss: 0.2491 acc: 0.8554 time 0.75s
Epoch: 73/150 Iter: 83/96 loss: 0.2484 acc: 0.8551 time 0.77s
Epoch: 73/150 Iter: 84/96 loss: 0.2461 acc: 0.8568 time 0.73s
Epoch: 73/150 Iter: 85/96 loss: 0.2440 acc: 0.8585 time 0.69s
Epoch: 73/150 Iter: 86/96 loss: 0.2422 acc: 0.8602 time 0.70s
Epoch: 73/150 Iter: 87/96 loss: 0.2486 acc: 0.8567 time 0.77s
Epoch: 73/150 Iter: 88/96 loss: 0.2459 acc: 0.8583 time 1.38s
Epoch: 73/150 Iter: 89/96 loss: 0.2451 acc: 0.8599 time 0.69s
Epoch: 73/150 Iter: 90/96 loss: 0.2431 acc: 0.8615 time 1.36s
Epoch: 73/150 Iter: 91/96 loss: 0.2447 acc: 0.8566 time 1.44s
Epoch: 73/150 Iter: 92/96 loss: 0.2450 acc: 0.8536 time 0.76s
Epoch: 73/150 Iter: 93/96 loss: 0.2426 acc: 0.8552 time 1.37s
Epoch: 73/150 Iter: 94/96 loss: 0.2412 acc: 0.8567 time 0.74s
Epoch: 73/150 Iter: 95/96 loss: 0.2404 acc: 0.8582 time 0.89s
Epoch: 73/150 Iter: 96/96 loss: 0.2400 acc: 0.8584 time 0.76s
[Train epoch 73] avg_loss=0.2400 avg_acc=0.8584 | per-class [c0: 0.890, c1: 0.933, c2: 0.898]
Final training 73/150, loss: 0.2400, time 98.16s, lr: 0.044755
Accuracy: 0.896
class                  precision    recall   specificity      f1   support
--------------------------------------------------------------------------
0                          0.943     0.890         0.949   0.916       281
1                          0.596     0.933         0.965   0.727        30
2                          0.902     0.898         0.916   0.900       265
*----------------------------------------*
0 Mon Nov 17 18:27:36 2025 Epoch: 74
Epoch: 74/150 Iter: 1/96 loss: 0.1068 acc: 1.0000 time 2.33s
Epoch: 74/150 Iter: 2/96 loss: 0.1346 acc: 1.0000 time 0.74s
Epoch: 74/150 Iter: 3/96 loss: 0.2170 acc: 0.8611 time 1.49s
Epoch: 74/150 Iter: 4/96 loss: 0.1700 acc: 0.8958 time 0.74s
Epoch: 74/150 Iter: 5/96 loss: 0.1586 acc: 0.9167 time 0.78s
Epoch: 74/150 Iter: 6/96 loss: 0.1580 acc: 0.8611 time 0.93s
Epoch: 74/150 Iter: 7/96 loss: 0.2716 acc: 0.8048 time 1.48s
Epoch: 74/150 Iter: 8/96 loss: 0.3306 acc: 0.8083 time 0.87s
Epoch: 74/150 Iter: 9/96 loss: 0.3054 acc: 0.8296 time 0.72s
Epoch: 74/150 Iter: 10/96 loss: 0.2790 acc: 0.8467 time 0.84s
Epoch: 74/150 Iter: 11/96 loss: 0.2552 acc: 0.8606 time 0.91s
Epoch: 74/150 Iter: 12/96 loss: 0.2520 acc: 0.8352 time 1.46s
Epoch: 74/150 Iter: 13/96 loss: 0.2346 acc: 0.8479 time 1.47s
Epoch: 74/150 Iter: 14/96 loss: 0.2396 acc: 0.8587 time 1.43s
Epoch: 74/150 Iter: 15/96 loss: 0.2268 acc: 0.8681 time 0.77s
Epoch: 74/150 Iter: 16/96 loss: 0.2150 acc: 0.8764 time 1.49s
Epoch: 74/150 Iter: 17/96 loss: 0.2026 acc: 0.8837 time 0.85s
Epoch: 74/150 Iter: 18/96 loss: 0.1996 acc: 0.8901 time 0.86s
Epoch: 74/150 Iter: 19/96 loss: 0.1920 acc: 0.8959 time 0.82s
Epoch: 74/150 Iter: 20/96 loss: 0.1845 acc: 0.9011 time 0.88s
Epoch: 74/150 Iter: 21/96 loss: 0.1829 acc: 0.9058 time 0.75s
Epoch: 74/150 Iter: 22/96 loss: 0.1793 acc: 0.9101 time 1.43s
Epoch: 74/150 Iter: 23/96 loss: 0.1838 acc: 0.9140 time 0.75s
Epoch: 74/150 Iter: 24/96 loss: 0.1790 acc: 0.9176 time 0.77s
Epoch: 74/150 Iter: 25/96 loss: 0.1766 acc: 0.9209 time 0.80s
Epoch: 74/150 Iter: 26/96 loss: 0.1810 acc: 0.9239 time 0.77s
Epoch: 74/150 Iter: 27/96 loss: 0.1956 acc: 0.9226 time 0.94s
Epoch: 74/150 Iter: 28/96 loss: 0.1962 acc: 0.9254 time 1.41s
Epoch: 74/150 Iter: 29/96 loss: 0.2025 acc: 0.9142 time 1.44s
Epoch: 74/150 Iter: 30/96 loss: 0.2120 acc: 0.8976 time 1.44s
Epoch: 74/150 Iter: 31/96 loss: 0.2067 acc: 0.9009 time 1.44s
Epoch: 74/150 Iter: 32/96 loss: 0.2108 acc: 0.8910 time 0.92s
Epoch: 74/150 Iter: 33/96 loss: 0.2052 acc: 0.8943 time 0.88s
Epoch: 74/150 Iter: 34/96 loss: 0.2044 acc: 0.8937 time 0.93s
Epoch: 74/150 Iter: 35/96 loss: 0.2062 acc: 0.8939 time 0.78s
Epoch: 74/150 Iter: 36/96 loss: 0.2017 acc: 0.8968 time 0.76s
Epoch: 74/150 Iter: 37/96 loss: 0.2022 acc: 0.8861 time 0.95s
Epoch: 74/150 Iter: 38/96 loss: 0.2013 acc: 0.8858 time 0.90s
Epoch: 74/150 Iter: 39/96 loss: 0.1963 acc: 0.8887 time 1.46s
Epoch: 74/150 Iter: 40/96 loss: 0.2093 acc: 0.8790 time 1.46s
Epoch: 74/150 Iter: 41/96 loss: 0.2052 acc: 0.8820 time 0.78s
Epoch: 74/150 Iter: 42/96 loss: 0.2005 acc: 0.8848 time 0.78s
Epoch: 74/150 Iter: 43/96 loss: 0.2023 acc: 0.8836 time 1.42s
Epoch: 74/150 Iter: 44/96 loss: 0.2027 acc: 0.8862 time 0.77s
Epoch: 74/150 Iter: 45/96 loss: 0.2026 acc: 0.8851 time 0.89s
Epoch: 74/150 Iter: 46/96 loss: 0.2063 acc: 0.8839 time 1.44s
Epoch: 74/150 Iter: 47/96 loss: 0.2068 acc: 0.8829 time 0.85s
Epoch: 74/150 Iter: 48/96 loss: 0.2061 acc: 0.8853 time 0.81s
Epoch: 74/150 Iter: 49/96 loss: 0.2188 acc: 0.8781 time 0.76s
Epoch: 74/150 Iter: 50/96 loss: 0.2173 acc: 0.8806 time 0.76s
Epoch: 74/150 Iter: 51/96 loss: 0.2133 acc: 0.8829 time 0.77s
Epoch: 74/150 Iter: 52/96 loss: 0.2271 acc: 0.8762 time 1.45s
Epoch: 74/150 Iter: 53/96 loss: 0.2251 acc: 0.8785 time 0.76s
Epoch: 74/150 Iter: 54/96 loss: 0.2309 acc: 0.8734 time 0.77s
Epoch: 74/150 Iter: 55/96 loss: 0.2505 acc: 0.8635 time 0.90s
Epoch: 74/150 Iter: 56/96 loss: 0.2504 acc: 0.8640 time 0.80s
Epoch: 74/150 Iter: 57/96 loss: 0.2543 acc: 0.8561 time 0.80s
Epoch: 74/150 Iter: 58/96 loss: 0.2537 acc: 0.8557 time 0.90s
Epoch: 74/150 Iter: 59/96 loss: 0.2578 acc: 0.8511 time 1.39s
Epoch: 74/150 Iter: 60/96 loss: 0.2658 acc: 0.8481 time 0.90s
Epoch: 74/150 Iter: 61/96 loss: 0.2672 acc: 0.8478 time 1.49s
Epoch: 74/150 Iter: 62/96 loss: 0.2705 acc: 0.8462 time 1.43s
Epoch: 74/150 Iter: 63/96 loss: 0.2694 acc: 0.8469 time 1.47s
Epoch: 74/150 Iter: 64/96 loss: 0.2681 acc: 0.8493 time 0.80s
Epoch: 74/150 Iter: 65/96 loss: 0.2658 acc: 0.8516 time 0.94s
Epoch: 74/150 Iter: 66/96 loss: 0.2741 acc: 0.8513 time 0.83s
Epoch: 74/150 Iter: 67/96 loss: 0.2711 acc: 0.8536 time 0.95s
Epoch: 74/150 Iter: 68/96 loss: 0.2726 acc: 0.8557 time 1.46s
Epoch: 74/150 Iter: 69/96 loss: 0.2719 acc: 0.8578 time 0.78s
Epoch: 74/150 Iter: 70/96 loss: 0.2753 acc: 0.8575 time 0.76s
Epoch: 74/150 Iter: 71/96 loss: 0.2796 acc: 0.8559 time 0.80s
Epoch: 74/150 Iter: 72/96 loss: 0.2809 acc: 0.8545 time 0.78s
Epoch: 74/150 Iter: 73/96 loss: 0.2783 acc: 0.8565 time 0.81s
Epoch: 74/150 Iter: 74/96 loss: 0.2760 acc: 0.8584 time 0.83s
Epoch: 74/150 Iter: 75/96 loss: 0.2872 acc: 0.8559 time 0.76s
Epoch: 74/150 Iter: 76/96 loss: 0.2880 acc: 0.8525 time 0.78s
Epoch: 74/150 Iter: 77/96 loss: 0.2902 acc: 0.8522 time 1.43s
Epoch: 74/150 Iter: 78/96 loss: 0.2963 acc: 0.8481 time 0.75s
Epoch: 74/150 Iter: 79/96 loss: 0.2959 acc: 0.8480 time 0.90s
Epoch: 74/150 Iter: 80/96 loss: 0.2931 acc: 0.8499 time 1.41s
Epoch: 74/150 Iter: 81/96 loss: 0.2906 acc: 0.8517 time 0.76s
Epoch: 74/150 Iter: 82/96 loss: 0.2913 acc: 0.8474 time 1.44s
Epoch: 74/150 Iter: 83/96 loss: 0.2987 acc: 0.8412 time 0.70s
Epoch: 74/150 Iter: 84/96 loss: 0.2959 acc: 0.8431 time 1.48s
Epoch: 74/150 Iter: 85/96 loss: 0.2939 acc: 0.8450 time 0.83s
Epoch: 74/150 Iter: 86/96 loss: 0.2924 acc: 0.8448 time 0.70s
Epoch: 74/150 Iter: 87/96 loss: 0.2899 acc: 0.8466 time 0.70s
Epoch: 74/150 Iter: 88/96 loss: 0.2875 acc: 0.8484 time 0.77s
Epoch: 74/150 Iter: 89/96 loss: 0.2893 acc: 0.8469 time 1.39s
Epoch: 74/150 Iter: 90/96 loss: 0.2891 acc: 0.8431 time 1.45s
Epoch: 74/150 Iter: 91/96 loss: 0.2878 acc: 0.8402 time 0.71s
Epoch: 74/150 Iter: 92/96 loss: 0.2892 acc: 0.8402 time 1.38s
Epoch: 74/150 Iter: 93/96 loss: 0.2914 acc: 0.8356 time 1.38s
Epoch: 74/150 Iter: 94/96 loss: 0.2910 acc: 0.8362 time 0.79s
Epoch: 74/150 Iter: 95/96 loss: 0.2902 acc: 0.8337 time 1.36s
Epoch: 74/150 Iter: 96/96 loss: 0.2875 acc: 0.8354 time 0.78s
[Train epoch 74] avg_loss=0.2875 avg_acc=0.8354 | per-class [c0: 0.865, c1: 0.933, c2: 0.906]
Final training 74/150, loss: 0.2875, time 98.32s, lr: 0.043894
Accuracy: 0.887
class                  precision    recall   specificity      f1   support
--------------------------------------------------------------------------
0                          0.953     0.865         0.959   0.907       281
1                          0.528     0.933         0.954   0.675        30
2                          0.896     0.906         0.910   0.901       265
*----------------------------------------*
Val 74/150 1/24, Acc: 0.6667, Loss: 16.5896, time 0.41s
Val 74/150 2/24, Acc: 0.6111, Loss: 8.4830, time 0.43s
Val 74/150 3/24, Acc: 0.7037, Loss: 5.7144, time 0.42s
Val 74/150 4/24, Acc: 0.7778, Loss: 4.3135, time 0.41s
Val 74/150 5/24, Acc: 0.8222, Loss: 3.4808, time 0.48s
Val 74/150 6/24, Acc: 0.8519, Loss: 2.9099, time 0.49s
Val 74/150 7/24, Acc: 0.8730, Loss: 2.5206, time 0.48s
Val 74/150 8/24, Acc: 0.8160, Loss: 2.2992, time 0.43s
Val 74/150 9/24, Acc: 0.8253, Loss: 2.0703, time 0.51s
Val 74/150 10/24, Acc: 0.8428, Loss: 1.8676, time 0.52s
Val 74/150 11/24, Acc: 0.8571, Loss: 1.7038, time 0.41s
Val 74/150 12/24, Acc: 0.8134, Loss: 1.6187, time 0.46s
Val 74/150 13/24, Acc: 0.8278, Loss: 1.5040, time 0.47s
Val 74/150 14/24, Acc: 0.8222, Loss: 1.4621, time 0.42s
Val 74/150 15/24, Acc: 0.8285, Loss: 1.3727, time 0.40s
Val 74/150 16/24, Acc: 0.8330, Loss: 1.3081, time 0.42s
Val 74/150 17/24, Acc: 0.8428, Loss: 1.2350, time 0.48s
Val 74/150 18/24, Acc: 0.8446, Loss: 1.1821, time 0.50s
Val 74/150 19/24, Acc: 0.8475, Loss: 1.1451, time 0.52s
Val 74/150 20/24, Acc: 0.8274, Loss: 1.1406, time 0.46s
Val 74/150 21/24, Acc: 0.8356, Loss: 1.0895, time 0.47s
Val 74/150 22/24, Acc: 0.8355, Loss: 1.0583, time 0.53s
Val 74/150 23/24, Acc: 0.8354, Loss: 1.0279, time 0.38s
Val 74/150 24/24, Acc: 0.8284, Loss: 1.0187, time 0.39s
[Val epoch 74] avg_acc=0.8284 | avg_loss=1.0187 | per-class [c0: 0.857, c1: 0.750, c2: 0.894]
Final validation 74/150, Val_acc: 0.8284, time 10.90sAccuracy: 0.868
class                  precision    recall   specificity      f1   support
--------------------------------------------------------------------------
0                          0.952     0.857         0.959   0.902        70
1                          0.500     0.750         0.956   0.600         8
2                          0.855     0.894         0.872   0.874        66
*========================================*
Saving checkpoint outputs/OrganoidsINRIA_reduced/resnet18/2025-11-17-16-11/training/model_final.pt
[EarlyStopping] no improve (11/40)
[EarlyStopping] no improve (13/40)
0 Mon Nov 17 18:29:30 2025 Epoch: 75
Epoch: 75/150 Iter: 1/96 loss: 0.5152 acc: 0.5333 time 2.80s
Epoch: 75/150 Iter: 2/96 loss: 0.2992 acc: 0.7667 time 0.85s
Epoch: 75/150 Iter: 3/96 loss: 0.2055 acc: 0.8444 time 0.80s
Epoch: 75/150 Iter: 4/96 loss: 0.1594 acc: 0.8833 time 0.76s
Epoch: 75/150 Iter: 5/96 loss: 0.2408 acc: 0.8817 time 0.77s
Epoch: 75/150 Iter: 6/96 loss: 0.2025 acc: 0.9014 time 0.80s
Epoch: 75/150 Iter: 7/96 loss: 0.1881 acc: 0.8679 time 0.75s
Epoch: 75/150 Iter: 8/96 loss: 0.1704 acc: 0.8844 time 0.78s
Epoch: 75/150 Iter: 9/96 loss: 0.1548 acc: 0.8972 time 0.82s
Epoch: 75/150 Iter: 10/96 loss: 0.1502 acc: 0.9075 time 1.47s
Epoch: 75/150 Iter: 11/96 loss: 0.1447 acc: 0.9159 time 1.46s
Epoch: 75/150 Iter: 12/96 loss: 0.1698 acc: 0.9137 time 1.46s
Epoch: 75/150 Iter: 13/96 loss: 0.1824 acc: 0.9107 time 1.51s
Epoch: 75/150 Iter: 14/96 loss: 0.1703 acc: 0.9171 time 1.50s
Epoch: 75/150 Iter: 15/96 loss: 0.1604 acc: 0.9226 time 1.49s
Epoch: 75/150 Iter: 16/96 loss: 0.1676 acc: 0.9196 time 0.76s
Epoch: 75/150 Iter: 17/96 loss: 0.1602 acc: 0.9243 time 0.92s
Epoch: 75/150 Iter: 18/96 loss: 0.1603 acc: 0.9239 time 0.75s
Epoch: 75/150 Iter: 19/96 loss: 0.1838 acc: 0.9213 time 0.77s
Epoch: 75/150 Iter: 20/96 loss: 0.1770 acc: 0.9253 time 0.80s
Epoch: 75/150 Iter: 21/96 loss: 0.2152 acc: 0.8971 time 1.52s
Epoch: 75/150 Iter: 22/96 loss: 0.2226 acc: 0.8961 time 0.88s
Epoch: 75/150 Iter: 23/96 loss: 0.2162 acc: 0.9006 time 1.48s
Epoch: 75/150 Iter: 24/96 loss: 0.2150 acc: 0.9047 time 1.51s
Epoch: 75/150 Iter: 25/96 loss: 0.2172 acc: 0.9086 time 1.44s
Epoch: 75/150 Iter: 26/96 loss: 0.2115 acc: 0.9121 time 1.44s
Epoch: 75/150 Iter: 27/96 loss: 0.2067 acc: 0.9153 time 0.89s
Epoch: 75/150 Iter: 28/96 loss: 0.2005 acc: 0.9184 time 0.73s
Epoch: 75/150 Iter: 29/96 loss: 0.1949 acc: 0.9212 time 0.76s
Epoch: 75/150 Iter: 30/96 loss: 0.1904 acc: 0.9238 time 1.53s
Epoch: 75/150 Iter: 31/96 loss: 0.1950 acc: 0.9227 time 0.82s
Epoch: 75/150 Iter: 32/96 loss: 0.1914 acc: 0.9251 time 1.52s
Epoch: 75/150 Iter: 33/96 loss: 0.1920 acc: 0.9243 time 0.80s
Epoch: 75/150 Iter: 34/96 loss: 0.1906 acc: 0.9266 time 1.49s
Epoch: 75/150 Iter: 35/96 loss: 0.1879 acc: 0.9287 time 1.45s
Epoch: 75/150 Iter: 36/96 loss: 0.1929 acc: 0.9183 time 0.76s
Epoch: 75/150 Iter: 37/96 loss: 0.1968 acc: 0.9171 time 0.90s
Epoch: 75/150 Iter: 38/96 loss: 0.1921 acc: 0.9193 time 1.51s
Epoch: 75/150 Iter: 39/96 loss: 0.1961 acc: 0.9100 time 1.48s
Epoch: 75/150 Iter: 40/96 loss: 0.2085 acc: 0.9018 time 0.76s
Epoch: 75/150 Iter: 41/96 loss: 0.2161 acc: 0.8961 time 0.77s
Epoch: 75/150 Iter: 42/96 loss: 0.2195 acc: 0.8946 time 0.78s
Epoch: 75/150 Iter: 43/96 loss: 0.2294 acc: 0.8846 time 0.87s
Epoch: 75/150 Iter: 44/96 loss: 0.2584 acc: 0.8771 time 1.47s
Epoch: 75/150 Iter: 45/96 loss: 0.2535 acc: 0.8799 time 0.89s
Epoch: 75/150 Iter: 46/96 loss: 0.2487 acc: 0.8825 time 1.52s
Epoch: 75/150 Iter: 47/96 loss: 0.2522 acc: 0.8765 time 0.93s
Epoch: 75/150 Iter: 48/96 loss: 0.2599 acc: 0.8628 time 1.53s
Epoch: 75/150 Iter: 49/96 loss: 0.2569 acc: 0.8656 time 0.90s
Epoch: 75/150 Iter: 50/96 loss: 0.2630 acc: 0.8617 time 1.51s
Epoch: 75/150 Iter: 51/96 loss: 0.2586 acc: 0.8644 time 0.79s
Epoch: 75/150 Iter: 52/96 loss: 0.2538 acc: 0.8670 time 0.76s
Epoch: 75/150 Iter: 53/96 loss: 0.2502 acc: 0.8695 time 0.78s
Epoch: 75/150 Iter: 54/96 loss: 0.2604 acc: 0.8657 time 0.93s
Epoch: 75/150 Iter: 55/96 loss: 0.2577 acc: 0.8682 time 0.80s
Epoch: 75/150 Iter: 56/96 loss: 0.2537 acc: 0.8705 time 1.52s
Epoch: 75/150 Iter: 57/96 loss: 0.2494 acc: 0.8728 time 1.47s
Epoch: 75/150 Iter: 58/96 loss: 0.2493 acc: 0.8707 time 1.52s
Epoch: 75/150 Iter: 59/96 loss: 0.2465 acc: 0.8729 time 1.45s
Epoch: 75/150 Iter: 60/96 loss: 0.2483 acc: 0.8722 time 0.76s
Epoch: 75/150 Iter: 61/96 loss: 0.2452 acc: 0.8743 time 1.46s
Epoch: 75/150 Iter: 62/96 loss: 0.2434 acc: 0.8737 time 1.51s
Epoch: 75/150 Iter: 63/96 loss: 0.2652 acc: 0.8651 time 0.79s
Epoch: 75/150 Iter: 64/96 loss: 0.2629 acc: 0.8672 time 1.48s
Epoch: 75/150 Iter: 65/96 loss: 0.2618 acc: 0.8679 time 1.49s
Epoch: 75/150 Iter: 66/96 loss: 0.2603 acc: 0.8674 time 0.78s
Epoch: 75/150 Iter: 67/96 loss: 0.2571 acc: 0.8694 time 1.52s
Epoch: 75/150 Iter: 68/96 loss: 0.2550 acc: 0.8713 time 1.47s
Epoch: 75/150 Iter: 69/96 loss: 0.2528 acc: 0.8732 time 0.84s
Epoch: 75/150 Iter: 70/96 loss: 0.2614 acc: 0.8690 time 1.50s
Epoch: 75/150 Iter: 71/96 loss: 0.2595 acc: 0.8709 time 0.89s
Epoch: 75/150 Iter: 72/96 loss: 0.2570 acc: 0.8727 time 1.46s
Epoch: 75/150 Iter: 73/96 loss: 0.2586 acc: 0.8710 time 1.49s
Epoch: 75/150 Iter: 74/96 loss: 0.2607 acc: 0.8682 time 0.84s
Epoch: 75/150 Iter: 75/96 loss: 0.2600 acc: 0.8678 time 0.74s
Epoch: 75/150 Iter: 76/96 loss: 0.2588 acc: 0.8682 time 1.45s
Epoch: 75/150 Iter: 77/96 loss: 0.2560 acc: 0.8699 time 1.44s
Epoch: 75/150 Iter: 78/96 loss: 0.2532 acc: 0.8716 time 1.48s
Epoch: 75/150 Iter: 79/96 loss: 0.2546 acc: 0.8719 time 1.51s
Epoch: 75/150 Iter: 80/96 loss: 0.2517 acc: 0.8735 time 1.47s
Epoch: 75/150 Iter: 81/96 loss: 0.2491 acc: 0.8751 time 1.50s
Epoch: 75/150 Iter: 82/96 loss: 0.2472 acc: 0.8766 time 1.43s
Epoch: 75/150 Iter: 83/96 loss: 0.2499 acc: 0.8731 time 0.80s
Epoch: 75/150 Iter: 84/96 loss: 0.2495 acc: 0.8736 time 0.74s
Epoch: 75/150 Iter: 85/96 loss: 0.2508 acc: 0.8696 time 1.44s
Epoch: 75/150 Iter: 86/96 loss: 0.2590 acc: 0.8624 time 0.73s
Epoch: 75/150 Iter: 87/96 loss: 0.2574 acc: 0.8640 time 0.75s
Epoch: 75/150 Iter: 88/96 loss: 0.2575 acc: 0.8655 time 0.73s
Epoch: 75/150 Iter: 89/96 loss: 0.2552 acc: 0.8670 time 0.77s
Epoch: 75/150 Iter: 90/96 loss: 0.2537 acc: 0.8685 time 0.74s
Epoch: 75/150 Iter: 91/96 loss: 0.2546 acc: 0.8686 time 0.70s
Epoch: 75/150 Iter: 92/96 loss: 0.2615 acc: 0.8664 time 0.74s
Epoch: 75/150 Iter: 93/96 loss: 0.2604 acc: 0.8678 time 0.70s
Epoch: 75/150 Iter: 94/96 loss: 0.2588 acc: 0.8692 time 1.43s
Epoch: 75/150 Iter: 95/96 loss: 0.2566 acc: 0.8706 time 0.75s
Epoch: 75/150 Iter: 96/96 loss: 0.2545 acc: 0.8720 time 0.70s
[Train epoch 75] avg_loss=0.2545 avg_acc=0.8720 | per-class [c0: 0.893, c1: 0.867, c2: 0.914]
Final training 75/150, loss: 0.2545, time 107.94s, lr: 0.043030
Accuracy: 0.901
class                  precision    recall   specificity      f1   support
--------------------------------------------------------------------------
0                          0.954     0.893         0.959   0.923       280
1                          0.619     0.867         0.971   0.722        30
2                          0.893     0.914         0.906   0.903       266
*----------------------------------------*
0 Mon Nov 17 18:31:18 2025 Epoch: 76
Epoch: 76/150 Iter: 1/96 loss: 0.0369 acc: 1.0000 time 3.07s
Epoch: 76/150 Iter: 2/96 loss: 0.0423 acc: 1.0000 time 1.48s
Epoch: 76/150 Iter: 3/96 loss: 0.0758 acc: 0.8611 time 0.77s
Epoch: 76/150 Iter: 4/96 loss: 0.0594 acc: 0.8958 time 0.81s
Epoch: 76/150 Iter: 5/96 loss: 0.1112 acc: 0.8056 time 1.45s
Epoch: 76/150 Iter: 6/96 loss: 0.1176 acc: 0.8102 time 1.45s
Epoch: 76/150 Iter: 7/96 loss: 0.1368 acc: 0.7738 time 0.86s
Epoch: 76/150 Iter: 8/96 loss: 0.1378 acc: 0.7865 time 0.93s
Epoch: 76/150 Iter: 9/96 loss: 0.1967 acc: 0.7608 time 0.75s
Epoch: 76/150 Iter: 10/96 loss: 0.1888 acc: 0.7847 time 1.41s
Epoch: 76/150 Iter: 11/96 loss: 0.1919 acc: 0.7664 time 1.44s
Epoch: 76/150 Iter: 12/96 loss: 0.1993 acc: 0.7775 time 1.46s
Epoch: 76/150 Iter: 13/96 loss: 0.1924 acc: 0.7947 time 0.89s
Epoch: 76/150 Iter: 14/96 loss: 0.1864 acc: 0.8093 time 0.89s
Epoch: 76/150 Iter: 15/96 loss: 0.1849 acc: 0.7831 time 1.45s
Epoch: 76/150 Iter: 16/96 loss: 0.1927 acc: 0.7707 time 0.77s
Epoch: 76/150 Iter: 17/96 loss: 0.1846 acc: 0.7842 time 0.80s
Epoch: 76/150 Iter: 18/96 loss: 0.1789 acc: 0.7961 time 0.75s
Epoch: 76/150 Iter: 19/96 loss: 0.1698 acc: 0.8069 time 0.86s
Epoch: 76/150 Iter: 20/96 loss: 0.1674 acc: 0.8165 time 0.81s
Epoch: 76/150 Iter: 21/96 loss: 0.1624 acc: 0.8253 time 0.79s
Epoch: 76/150 Iter: 22/96 loss: 0.2185 acc: 0.8218 time 1.45s
Epoch: 76/150 Iter: 23/96 loss: 0.2285 acc: 0.8103 time 0.90s
Epoch: 76/150 Iter: 24/96 loss: 0.2602 acc: 0.7939 time 0.78s
Epoch: 76/150 Iter: 25/96 loss: 0.2519 acc: 0.8021 time 1.44s
Epoch: 76/150 Iter: 26/96 loss: 0.2561 acc: 0.8059 time 0.78s
Epoch: 76/150 Iter: 27/96 loss: 0.2475 acc: 0.8131 time 0.93s
Epoch: 76/150 Iter: 28/96 loss: 0.2451 acc: 0.8153 time 1.41s
Epoch: 76/150 Iter: 29/96 loss: 0.2436 acc: 0.8216 time 0.79s
Epoch: 76/150 Iter: 30/96 loss: 0.2367 acc: 0.8276 time 1.44s
Epoch: 76/150 Iter: 31/96 loss: 0.2341 acc: 0.8278 time 0.88s
Epoch: 76/150 Iter: 32/96 loss: 0.2468 acc: 0.8186 time 1.43s
Epoch: 76/150 Iter: 33/96 loss: 0.2404 acc: 0.8241 time 0.88s
Epoch: 76/150 Iter: 34/96 loss: 0.2457 acc: 0.8170 time 1.45s
Epoch: 76/150 Iter: 35/96 loss: 0.2579 acc: 0.8190 time 0.93s
Epoch: 76/150 Iter: 36/96 loss: 0.2681 acc: 0.8102 time 0.82s
Epoch: 76/150 Iter: 37/96 loss: 0.2633 acc: 0.8153 time 0.82s
Epoch: 76/150 Iter: 38/96 loss: 0.2783 acc: 0.8123 time 0.94s
Epoch: 76/150 Iter: 39/96 loss: 0.2744 acc: 0.8171 time 1.45s
Epoch: 76/150 Iter: 40/96 loss: 0.2699 acc: 0.8217 time 1.47s
Epoch: 76/150 Iter: 41/96 loss: 0.2711 acc: 0.8240 time 0.78s
Epoch: 76/150 Iter: 42/96 loss: 0.2655 acc: 0.8282 time 0.90s
Epoch: 76/150 Iter: 43/96 loss: 0.2634 acc: 0.8296 time 1.44s
Epoch: 76/150 Iter: 44/96 loss: 0.2585 acc: 0.8335 time 0.77s
Epoch: 76/150 Iter: 45/96 loss: 0.2609 acc: 0.8335 time 0.90s
Epoch: 76/150 Iter: 46/96 loss: 0.2563 acc: 0.8371 time 0.79s
Epoch: 76/150 Iter: 47/96 loss: 0.2529 acc: 0.8405 time 0.79s
Epoch: 76/150 Iter: 48/96 loss: 0.2730 acc: 0.8369 time 0.84s
Epoch: 76/150 Iter: 49/96 loss: 0.2765 acc: 0.8402 time 0.79s
Epoch: 76/150 Iter: 50/96 loss: 0.2716 acc: 0.8434 time 1.42s
Epoch: 76/150 Iter: 51/96 loss: 0.2667 acc: 0.8465 time 0.79s
Epoch: 76/150 Iter: 52/96 loss: 0.2673 acc: 0.8463 time 1.44s
Epoch: 76/150 Iter: 53/96 loss: 0.2624 acc: 0.8492 time 0.93s
Epoch: 76/150 Iter: 54/96 loss: 0.2705 acc: 0.8458 time 0.77s
Epoch: 76/150 Iter: 55/96 loss: 0.2666 acc: 0.8486 time 1.43s
Epoch: 76/150 Iter: 56/96 loss: 0.2652 acc: 0.8513 time 0.77s
Epoch: 76/150 Iter: 57/96 loss: 0.2632 acc: 0.8510 time 0.90s
Epoch: 76/150 Iter: 58/96 loss: 0.2675 acc: 0.8459 time 1.40s
Epoch: 76/150 Iter: 59/96 loss: 0.2735 acc: 0.8400 time 1.45s
Epoch: 76/150 Iter: 60/96 loss: 0.2713 acc: 0.8427 time 1.45s
Epoch: 76/150 Iter: 61/96 loss: 0.2679 acc: 0.8453 time 1.38s
Epoch: 76/150 Iter: 62/96 loss: 0.2648 acc: 0.8478 time 1.45s
Epoch: 76/150 Iter: 63/96 loss: 0.2648 acc: 0.8431 time 0.87s
Epoch: 76/150 Iter: 64/96 loss: 0.2631 acc: 0.8456 time 0.93s
Epoch: 76/150 Iter: 65/96 loss: 0.2639 acc: 0.8462 time 1.43s
Epoch: 76/150 Iter: 66/96 loss: 0.2697 acc: 0.8402 time 0.77s
Epoch: 76/150 Iter: 67/96 loss: 0.2723 acc: 0.8388 time 1.37s
Epoch: 76/150 Iter: 68/96 loss: 0.2836 acc: 0.8387 time 0.74s
Epoch: 76/150 Iter: 69/96 loss: 0.2796 acc: 0.8411 time 0.96s
Epoch: 76/150 Iter: 70/96 loss: 0.2814 acc: 0.8370 time 0.94s
Epoch: 76/150 Iter: 71/96 loss: 0.2779 acc: 0.8393 time 1.42s
Epoch: 76/150 Iter: 72/96 loss: 0.2773 acc: 0.8392 time 1.43s
Epoch: 76/150 Iter: 73/96 loss: 0.2741 acc: 0.8414 time 0.93s
Epoch: 76/150 Iter: 74/96 loss: 0.2717 acc: 0.8424 time 0.85s
Epoch: 76/150 Iter: 75/96 loss: 0.2697 acc: 0.8445 time 0.76s
Epoch: 76/150 Iter: 76/96 loss: 0.2695 acc: 0.8444 time 0.87s
Epoch: 76/150 Iter: 77/96 loss: 0.2697 acc: 0.8421 time 0.79s
Epoch: 76/150 Iter: 78/96 loss: 0.2690 acc: 0.8409 time 0.80s
Epoch: 76/150 Iter: 79/96 loss: 0.2754 acc: 0.8387 time 0.81s
Epoch: 76/150 Iter: 80/96 loss: 0.2741 acc: 0.8386 time 0.87s
Epoch: 76/150 Iter: 81/96 loss: 0.2709 acc: 0.8406 time 1.39s
Epoch: 76/150 Iter: 82/96 loss: 0.2681 acc: 0.8425 time 1.38s
Epoch: 76/150 Iter: 83/96 loss: 0.2656 acc: 0.8444 time 1.38s
Epoch: 76/150 Iter: 84/96 loss: 0.2646 acc: 0.8448 time 0.76s
Epoch: 76/150 Iter: 85/96 loss: 0.2641 acc: 0.8447 time 0.73s
Epoch: 76/150 Iter: 86/96 loss: 0.2621 acc: 0.8465 time 1.37s
Epoch: 76/150 Iter: 87/96 loss: 0.2618 acc: 0.8482 time 1.43s
Epoch: 76/150 Iter: 88/96 loss: 0.2663 acc: 0.8447 time 1.37s
Epoch: 76/150 Iter: 89/96 loss: 0.2637 acc: 0.8464 time 1.40s
Epoch: 76/150 Iter: 90/96 loss: 0.2680 acc: 0.8459 time 0.78s
Epoch: 76/150 Iter: 91/96 loss: 0.2667 acc: 0.8476 time 0.77s
Epoch: 76/150 Iter: 92/96 loss: 0.2673 acc: 0.8444 time 0.73s
Epoch: 76/150 Iter: 93/96 loss: 0.2652 acc: 0.8461 time 1.36s
Epoch: 76/150 Iter: 94/96 loss: 0.2755 acc: 0.8421 time 0.69s
Epoch: 76/150 Iter: 95/96 loss: 0.2734 acc: 0.8437 time 0.74s
Epoch: 76/150 Iter: 96/96 loss: 0.2711 acc: 0.8453 time 0.70s
[Train epoch 76] avg_loss=0.2711 avg_acc=0.8453 | per-class [c0: 0.889, c1: 0.967, c2: 0.872]
Final training 76/150, loss: 0.2711, time 103.03s, lr: 0.042166
Accuracy: 0.885
class                  precision    recall   specificity      f1   support
--------------------------------------------------------------------------
0                          0.936     0.889         0.943   0.912       280
1                          0.527     0.967         0.952   0.682        30
2                          0.910     0.872         0.926   0.891       266
*----------------------------------------*
Val 76/150 1/24, Acc: 0.5000, Loss: 13.2218, time 0.44s
Val 76/150 2/24, Acc: 0.7500, Loss: 6.6562, time 0.47s
Val 76/150 3/24, Acc: 0.8333, Loss: 4.5581, time 0.45s
Val 76/150 4/24, Acc: 0.8125, Loss: 3.4704, time 0.42s
Val 76/150 5/24, Acc: 0.8500, Loss: 2.7972, time 0.48s
Val 76/150 6/24, Acc: 0.8750, Loss: 2.3380, time 0.48s
Val 76/150 7/24, Acc: 0.8929, Loss: 2.0119, time 0.43s
Val 76/150 8/24, Acc: 0.8750, Loss: 1.8027, time 0.50s
Val 76/150 9/24, Acc: 0.8778, Loss: 1.6152, time 0.42s
Val 76/150 10/24, Acc: 0.8900, Loss: 1.4570, time 0.51s
Val 76/150 11/24, Acc: 0.9000, Loss: 1.3282, time 0.48s
Val 76/150 12/24, Acc: 0.8528, Loss: 1.2797, time 0.45s
Val 76/150 13/24, Acc: 0.8256, Loss: 1.2148, time 0.48s
Val 76/150 14/24, Acc: 0.8202, Loss: 1.1782, time 0.46s
Val 76/150 15/24, Acc: 0.8322, Loss: 1.1047, time 0.44s
Val 76/150 16/24, Acc: 0.8302, Loss: 1.0767, time 0.44s
Val 76/150 17/24, Acc: 0.8402, Loss: 1.0196, time 0.53s
Val 76/150 18/24, Acc: 0.8491, Loss: 0.9683, time 0.44s
Val 76/150 19/24, Acc: 0.8518, Loss: 0.9366, time 0.43s
Val 76/150 20/24, Acc: 0.8314, Loss: 0.9270, time 0.46s
Val 76/150 21/24, Acc: 0.8394, Loss: 0.8858, time 0.47s
Val 76/150 22/24, Acc: 0.8391, Loss: 0.8658, time 0.55s
Val 76/150 23/24, Acc: 0.8389, Loss: 0.8511, time 0.38s
Val 76/150 24/24, Acc: 0.8456, Loss: 0.8316, time 0.41s
[Val epoch 76] avg_acc=0.8456 | avg_loss=0.8316 | per-class [c0: 0.814, c1: 0.875, c2: 0.955]
Final validation 76/150, Val_acc: 0.8456, time 11.04sAccuracy: 0.882
class                  precision    recall   specificity      f1   support
--------------------------------------------------------------------------
0                          0.966     0.814         0.973   0.884        70
1                          0.700     0.875         0.978   0.778         8
2                          0.840     0.955         0.846   0.894        66
*========================================*
New best (0.842245 --> 0.845602)
Saving checkpoint outputs/OrganoidsINRIA_reduced/resnet18/2025-11-17-16-11/training/model_final.pt
Copying best model to best_model.pt
[EarlyStopping] no improve (12/40)
[EarlyStopping] no improve (14/40)
0 Mon Nov 17 18:33:22 2025 Epoch: 77
Epoch: 77/150 Iter: 1/96 loss: 0.4004 acc: 1.0000 time 1.82s
Epoch: 77/150 Iter: 2/96 loss: 0.3125 acc: 0.9167 time 0.91s
Epoch: 77/150 Iter: 3/96 loss: 0.2218 acc: 0.9444 time 1.83s
Epoch: 77/150 Iter: 4/96 loss: 0.1708 acc: 0.9583 time 0.73s
Epoch: 77/150 Iter: 5/96 loss: 0.1753 acc: 0.8778 time 0.76s
Epoch: 77/150 Iter: 6/96 loss: 0.1703 acc: 0.8773 time 0.87s
Epoch: 77/150 Iter: 7/96 loss: 0.2572 acc: 0.8710 time 0.88s
Epoch: 77/150 Iter: 8/96 loss: 0.2437 acc: 0.8872 time 0.89s
Epoch: 77/150 Iter: 9/96 loss: 0.2287 acc: 0.8997 time 1.83s
Epoch: 77/150 Iter: 10/96 loss: 0.2335 acc: 0.8972 time 1.83s
Epoch: 77/150 Iter: 11/96 loss: 0.2412 acc: 0.8611 time 0.84s
Epoch: 77/150 Iter: 12/96 loss: 0.2232 acc: 0.8727 time 1.81s
Epoch: 77/150 Iter: 13/96 loss: 0.2359 acc: 0.8825 time 0.69s
Epoch: 77/150 Iter: 14/96 loss: 0.2228 acc: 0.8909 time 0.78s
Epoch: 77/150 Iter: 15/96 loss: 0.2095 acc: 0.8981 time 0.79s
Epoch: 77/150 Iter: 16/96 loss: 0.2174 acc: 0.8889 time 1.79s
Epoch: 77/150 Iter: 17/96 loss: 0.2261 acc: 0.8758 time 0.76s
Epoch: 77/150 Iter: 18/96 loss: 0.2328 acc: 0.8827 time 1.83s
Epoch: 77/150 Iter: 19/96 loss: 0.2216 acc: 0.8889 time 0.76s
Epoch: 77/150 Iter: 20/96 loss: 0.2149 acc: 0.8903 time 0.76s
Epoch: 77/150 Iter: 21/96 loss: 0.2049 acc: 0.8955 time 1.83s
Epoch: 77/150 Iter: 22/96 loss: 0.1982 acc: 0.9003 time 0.74s
Epoch: 77/150 Iter: 23/96 loss: 0.2029 acc: 0.8998 time 0.76s
Epoch: 77/150 Iter: 24/96 loss: 0.2009 acc: 0.8854 time 0.79s
Epoch: 77/150 Iter: 25/96 loss: 0.2071 acc: 0.8850 time 1.82s
Epoch: 77/150 Iter: 26/96 loss: 0.2020 acc: 0.8894 time 0.77s
Epoch: 77/150 Iter: 27/96 loss: 0.1972 acc: 0.8935 time 1.87s
Epoch: 77/150 Iter: 28/96 loss: 0.1984 acc: 0.8830 time 1.79s
Epoch: 77/150 Iter: 29/96 loss: 0.2055 acc: 0.8679 time 0.70s
Epoch: 77/150 Iter: 30/96 loss: 0.2002 acc: 0.8723 time 1.83s
Epoch: 77/150 Iter: 31/96 loss: 0.1940 acc: 0.8764 time 0.85s
Epoch: 77/150 Iter: 32/96 loss: 0.1919 acc: 0.8803 time 0.80s
Epoch: 77/150 Iter: 33/96 loss: 0.1891 acc: 0.8839 time 1.82s
Epoch: 77/150 Iter: 34/96 loss: 0.1996 acc: 0.8824 time 0.77s
Epoch: 77/150 Iter: 35/96 loss: 0.1955 acc: 0.8858 time 0.75s
Epoch: 77/150 Iter: 36/96 loss: 0.2091 acc: 0.8728 time 1.79s
Epoch: 77/150 Iter: 37/96 loss: 0.2093 acc: 0.8604 time 1.83s
Epoch: 77/150 Iter: 38/96 loss: 0.2183 acc: 0.8510 time 0.73s
Epoch: 77/150 Iter: 39/96 loss: 0.2182 acc: 0.8516 time 0.87s
Epoch: 77/150 Iter: 40/96 loss: 0.2247 acc: 0.8553 time 0.94s
Epoch: 77/150 Iter: 41/96 loss: 0.2256 acc: 0.8480 time 1.84s
Epoch: 77/150 Iter: 42/96 loss: 0.2279 acc: 0.8496 time 0.87s
Epoch: 77/150 Iter: 43/96 loss: 0.2279 acc: 0.8531 time 0.81s
Epoch: 77/150 Iter: 44/96 loss: 0.2337 acc: 0.8451 time 0.76s
Epoch: 77/150 Iter: 45/96 loss: 0.2292 acc: 0.8485 time 0.75s
Epoch: 77/150 Iter: 46/96 loss: 0.2248 acc: 0.8518 time 0.80s
Epoch: 77/150 Iter: 47/96 loss: 0.2224 acc: 0.8550 time 1.82s
Epoch: 77/150 Iter: 48/96 loss: 0.2190 acc: 0.8580 time 0.91s
Epoch: 77/150 Iter: 49/96 loss: 0.2150 acc: 0.8609 time 1.79s
Epoch: 77/150 Iter: 50/96 loss: 0.2121 acc: 0.8637 time 0.77s
Epoch: 77/150 Iter: 51/96 loss: 0.2107 acc: 0.8565 time 0.91s
Epoch: 77/150 Iter: 52/96 loss: 0.2166 acc: 0.8507 time 0.81s
Epoch: 77/150 Iter: 53/96 loss: 0.2138 acc: 0.8536 time 0.80s
Epoch: 77/150 Iter: 54/96 loss: 0.2114 acc: 0.8563 time 1.77s
Epoch: 77/150 Iter: 55/96 loss: 0.2086 acc: 0.8589 time 1.77s
Epoch: 77/150 Iter: 56/96 loss: 0.2052 acc: 0.8614 time 0.87s
Epoch: 77/150 Iter: 57/96 loss: 0.2076 acc: 0.8638 time 0.79s
Epoch: 77/150 Iter: 58/96 loss: 0.2072 acc: 0.8662 time 1.80s
Epoch: 77/150 Iter: 59/96 loss: 0.2083 acc: 0.8609 time 0.78s
Epoch: 77/150 Iter: 60/96 loss: 0.2085 acc: 0.8632 time 0.86s
Epoch: 77/150 Iter: 61/96 loss: 0.2100 acc: 0.8589 time 0.90s
Epoch: 77/150 Iter: 62/96 loss: 0.2072 acc: 0.8612 time 1.77s
Epoch: 77/150 Iter: 63/96 loss: 0.2074 acc: 0.8608 time 1.78s
Epoch: 77/150 Iter: 64/96 loss: 0.2070 acc: 0.8560 time 0.87s
Epoch: 77/150 Iter: 65/96 loss: 0.2085 acc: 0.8531 time 0.81s
Epoch: 77/150 Iter: 66/96 loss: 0.2057 acc: 0.8553 time 0.78s
Epoch: 77/150 Iter: 67/96 loss: 0.2038 acc: 0.8575 time 0.78s
Epoch: 77/150 Iter: 68/96 loss: 0.2046 acc: 0.8577 time 0.77s
Epoch: 77/150 Iter: 69/96 loss: 0.2044 acc: 0.8525 time 0.91s
Epoch: 77/150 Iter: 70/96 loss: 0.2029 acc: 0.8546 time 0.77s
Epoch: 77/150 Iter: 71/96 loss: 0.2092 acc: 0.8520 time 0.79s
Epoch: 77/150 Iter: 72/96 loss: 0.2069 acc: 0.8541 time 0.80s
Epoch: 77/150 Iter: 73/96 loss: 0.2110 acc: 0.8492 time 0.78s
Epoch: 77/150 Iter: 74/96 loss: 0.2088 acc: 0.8512 time 0.72s
Epoch: 77/150 Iter: 75/96 loss: 0.2123 acc: 0.8461 time 0.77s
Epoch: 77/150 Iter: 76/96 loss: 0.2121 acc: 0.8481 time 0.79s
Epoch: 77/150 Iter: 77/96 loss: 0.2118 acc: 0.8469 time 0.89s
Epoch: 77/150 Iter: 78/96 loss: 0.2094 acc: 0.8488 time 0.85s
Epoch: 77/150 Iter: 79/96 loss: 0.2121 acc: 0.8507 time 1.83s
Epoch: 77/150 Iter: 80/96 loss: 0.2096 acc: 0.8526 time 0.77s
Epoch: 77/150 Iter: 81/96 loss: 0.2133 acc: 0.8483 time 1.78s
Epoch: 77/150 Iter: 82/96 loss: 0.2114 acc: 0.8501 time 0.75s
Epoch: 77/150 Iter: 83/96 loss: 0.2110 acc: 0.8499 time 0.80s
Epoch: 77/150 Iter: 84/96 loss: 0.2169 acc: 0.8487 time 0.76s
Epoch: 77/150 Iter: 85/96 loss: 0.2144 acc: 0.8505 time 0.88s
Epoch: 77/150 Iter: 86/96 loss: 0.2141 acc: 0.8509 time 0.86s
Epoch: 77/150 Iter: 87/96 loss: 0.2148 acc: 0.8527 time 0.81s
Epoch: 77/150 Iter: 88/96 loss: 0.2187 acc: 0.8475 time 1.78s
Epoch: 77/150 Iter: 89/96 loss: 0.2193 acc: 0.8473 time 0.70s
Epoch: 77/150 Iter: 90/96 loss: 0.2171 acc: 0.8490 time 0.75s
Epoch: 77/150 Iter: 91/96 loss: 0.2158 acc: 0.8507 time 1.75s
Epoch: 77/150 Iter: 92/96 loss: 0.2164 acc: 0.8511 time 0.76s
Epoch: 77/150 Iter: 93/96 loss: 0.2152 acc: 0.8515 time 0.88s
Epoch: 77/150 Iter: 94/96 loss: 0.2132 acc: 0.8531 time 0.70s
Epoch: 77/150 Iter: 95/96 loss: 0.2120 acc: 0.8546 time 0.71s
Epoch: 77/150 Iter: 96/96 loss: 0.2134 acc: 0.8518 time 1.74s
[Train epoch 77] avg_loss=0.2134 avg_acc=0.8518 | per-class [c0: 0.886, c1: 0.933, c2: 0.921]
Final training 77/150, loss: 0.2134, time 105.10s, lr: 0.041300
Accuracy: 0.905
class                  precision    recall   specificity      f1   support
--------------------------------------------------------------------------
0                          0.958     0.886         0.963   0.921       281
1                          0.609     0.933         0.967   0.737        30
2                          0.904     0.921         0.916   0.912       265
*----------------------------------------*
0 Mon Nov 17 18:35:07 2025 Epoch: 78
Epoch: 78/150 Iter: 1/96 loss: 0.1960 acc: 0.8889 time 2.40s
Epoch: 78/150 Iter: 2/96 loss: 0.2582 acc: 0.7222 time 0.87s
Epoch: 78/150 Iter: 3/96 loss: 0.1823 acc: 0.8148 time 1.41s
Epoch: 78/150 Iter: 4/96 loss: 0.2501 acc: 0.8361 time 0.75s
Epoch: 78/150 Iter: 5/96 loss: 0.3385 acc: 0.7856 time 1.43s
Epoch: 78/150 Iter: 6/96 loss: 0.2920 acc: 0.8213 time 0.81s
Epoch: 78/150 Iter: 7/96 loss: 0.2567 acc: 0.8468 time 0.87s
Epoch: 78/150 Iter: 8/96 loss: 0.2327 acc: 0.8660 time 0.78s
Epoch: 78/150 Iter: 9/96 loss: 0.2587 acc: 0.8364 time 1.43s
Epoch: 78/150 Iter: 10/96 loss: 0.3075 acc: 0.8278 time 0.90s
Epoch: 78/150 Iter: 11/96 loss: 0.3462 acc: 0.7980 time 1.41s
Epoch: 78/150 Iter: 12/96 loss: 0.4034 acc: 0.7778 time 0.77s
Epoch: 78/150 Iter: 13/96 loss: 0.3751 acc: 0.7949 time 0.88s
Epoch: 78/150 Iter: 14/96 loss: 0.4029 acc: 0.7857 time 0.74s
Epoch: 78/150 Iter: 15/96 loss: 0.3883 acc: 0.7704 time 1.46s
Epoch: 78/150 Iter: 16/96 loss: 0.3722 acc: 0.7847 time 1.45s
Epoch: 78/150 Iter: 17/96 loss: 0.3597 acc: 0.7876 time 0.79s
Epoch: 78/150 Iter: 18/96 loss: 0.3420 acc: 0.7994 time 0.84s
Epoch: 78/150 Iter: 19/96 loss: 0.3312 acc: 0.8047 time 1.45s
Epoch: 78/150 Iter: 20/96 loss: 0.3173 acc: 0.8144 time 0.90s
Epoch: 78/150 Iter: 21/96 loss: 0.3223 acc: 0.7995 time 0.87s
Epoch: 78/150 Iter: 22/96 loss: 0.3283 acc: 0.8029 time 0.79s
Epoch: 78/150 Iter: 23/96 loss: 0.3197 acc: 0.8115 time 0.79s
Epoch: 78/150 Iter: 24/96 loss: 0.3100 acc: 0.8193 time 0.80s
Epoch: 78/150 Iter: 25/96 loss: 0.3139 acc: 0.8199 time 0.89s
Epoch: 78/150 Iter: 26/96 loss: 0.3053 acc: 0.8268 time 0.96s
Epoch: 78/150 Iter: 27/96 loss: 0.3214 acc: 0.8221 time 1.45s
Epoch: 78/150 Iter: 28/96 loss: 0.3192 acc: 0.8106 time 1.41s
Epoch: 78/150 Iter: 29/96 loss: 0.3088 acc: 0.8171 time 0.77s
Epoch: 78/150 Iter: 30/96 loss: 0.2993 acc: 0.8232 time 0.93s
Epoch: 78/150 Iter: 31/96 loss: 0.2910 acc: 0.8289 time 1.46s
Epoch: 78/150 Iter: 32/96 loss: 0.2840 acc: 0.8343 time 0.95s
Epoch: 78/150 Iter: 33/96 loss: 0.2795 acc: 0.8393 time 1.44s
Epoch: 78/150 Iter: 34/96 loss: 0.2827 acc: 0.8404 time 0.89s
Epoch: 78/150 Iter: 35/96 loss: 0.2805 acc: 0.8413 time 1.43s
Epoch: 78/150 Iter: 36/96 loss: 0.2815 acc: 0.8388 time 1.40s
Epoch: 78/150 Iter: 37/96 loss: 0.2825 acc: 0.8405 time 0.78s
Epoch: 78/150 Iter: 38/96 loss: 0.2972 acc: 0.8403 time 0.77s
Epoch: 78/150 Iter: 39/96 loss: 0.2940 acc: 0.8444 time 1.44s
Epoch: 78/150 Iter: 40/96 loss: 0.2888 acc: 0.8483 time 0.80s
Epoch: 78/150 Iter: 41/96 loss: 0.2828 acc: 0.8520 time 1.48s
Epoch: 78/150 Iter: 42/96 loss: 0.2783 acc: 0.8555 time 0.78s
Epoch: 78/150 Iter: 43/96 loss: 0.2736 acc: 0.8589 time 0.74s
Epoch: 78/150 Iter: 44/96 loss: 0.2786 acc: 0.8507 time 0.87s
Epoch: 78/150 Iter: 45/96 loss: 0.2777 acc: 0.8540 time 0.76s
Epoch: 78/150 Iter: 46/96 loss: 0.2785 acc: 0.8475 time 0.88s
Epoch: 78/150 Iter: 47/96 loss: 0.2728 acc: 0.8508 time 0.93s
Epoch: 78/150 Iter: 48/96 loss: 0.2804 acc: 0.8518 time 0.88s
Epoch: 78/150 Iter: 49/96 loss: 0.2765 acc: 0.8548 time 0.84s
Epoch: 78/150 Iter: 50/96 loss: 0.2722 acc: 0.8577 time 1.42s
Epoch: 78/150 Iter: 51/96 loss: 0.2720 acc: 0.8572 time 0.75s
Epoch: 78/150 Iter: 52/96 loss: 0.2676 acc: 0.8600 time 0.85s
Epoch: 78/150 Iter: 53/96 loss: 0.2648 acc: 0.8626 time 1.46s
Epoch: 78/150 Iter: 54/96 loss: 0.2608 acc: 0.8652 time 0.85s
Epoch: 78/150 Iter: 55/96 loss: 0.2574 acc: 0.8676 time 0.90s
Epoch: 78/150 Iter: 56/96 loss: 0.2560 acc: 0.8700 time 0.94s
Epoch: 78/150 Iter: 57/96 loss: 0.2521 acc: 0.8723 time 1.43s
Epoch: 78/150 Iter: 58/96 loss: 0.2517 acc: 0.8716 time 0.77s
Epoch: 78/150 Iter: 59/96 loss: 0.2558 acc: 0.8639 time 0.77s
Epoch: 78/150 Iter: 60/96 loss: 0.2551 acc: 0.8662 time 0.96s
Epoch: 78/150 Iter: 61/96 loss: 0.2512 acc: 0.8684 time 1.45s
Epoch: 78/150 Iter: 62/96 loss: 0.2548 acc: 0.8611 time 0.91s
Epoch: 78/150 Iter: 63/96 loss: 0.2533 acc: 0.8633 time 0.79s
Epoch: 78/150 Iter: 64/96 loss: 0.2519 acc: 0.8592 time 0.91s
Epoch: 78/150 Iter: 65/96 loss: 0.2495 acc: 0.8613 time 0.89s
Epoch: 78/150 Iter: 66/96 loss: 0.2519 acc: 0.8567 time 0.80s
Epoch: 78/150 Iter: 67/96 loss: 0.2500 acc: 0.8588 time 0.80s
Epoch: 78/150 Iter: 68/96 loss: 0.2468 acc: 0.8609 time 1.49s
Epoch: 78/150 Iter: 69/96 loss: 0.2442 acc: 0.8629 time 1.48s
Epoch: 78/150 Iter: 70/96 loss: 0.2425 acc: 0.8649 time 1.42s
Epoch: 78/150 Iter: 71/96 loss: 0.2447 acc: 0.8650 time 1.48s
Epoch: 78/150 Iter: 72/96 loss: 0.2444 acc: 0.8652 time 1.42s
Epoch: 78/150 Iter: 73/96 loss: 0.2482 acc: 0.8636 time 0.75s
Epoch: 78/150 Iter: 74/96 loss: 0.2493 acc: 0.8641 time 0.84s
Epoch: 78/150 Iter: 75/96 loss: 0.2479 acc: 0.8659 time 0.93s
Epoch: 78/150 Iter: 76/96 loss: 0.2540 acc: 0.8603 time 1.45s
Epoch: 78/150 Iter: 77/96 loss: 0.2531 acc: 0.8605 time 0.91s
Epoch: 78/150 Iter: 78/96 loss: 0.2619 acc: 0.8610 time 0.79s
Epoch: 78/150 Iter: 79/96 loss: 0.2588 acc: 0.8628 time 1.49s
Epoch: 78/150 Iter: 80/96 loss: 0.2566 acc: 0.8645 time 0.96s
Epoch: 78/150 Iter: 81/96 loss: 0.2544 acc: 0.8662 time 1.36s
Epoch: 78/150 Iter: 82/96 loss: 0.2589 acc: 0.8658 time 1.35s
Epoch: 78/150 Iter: 83/96 loss: 0.2632 acc: 0.8634 time 1.45s
Epoch: 78/150 Iter: 84/96 loss: 0.2688 acc: 0.8591 time 1.38s
Epoch: 78/150 Iter: 85/96 loss: 0.2708 acc: 0.8578 time 0.77s
Epoch: 78/150 Iter: 86/96 loss: 0.2702 acc: 0.8548 time 0.70s
Epoch: 78/150 Iter: 87/96 loss: 0.2743 acc: 0.8550 time 1.44s
Epoch: 78/150 Iter: 88/96 loss: 0.2796 acc: 0.8544 time 1.37s
Epoch: 78/150 Iter: 89/96 loss: 0.2813 acc: 0.8504 time 1.36s
Epoch: 78/150 Iter: 90/96 loss: 0.2802 acc: 0.8521 time 0.73s
Epoch: 78/150 Iter: 91/96 loss: 0.2776 acc: 0.8537 time 1.37s
Epoch: 78/150 Iter: 92/96 loss: 0.2853 acc: 0.8505 time 0.71s
Epoch: 78/150 Iter: 93/96 loss: 0.2933 acc: 0.8485 time 0.79s
Epoch: 78/150 Iter: 94/96 loss: 0.2904 acc: 0.8501 time 0.73s
Epoch: 78/150 Iter: 95/96 loss: 0.2947 acc: 0.8490 time 0.78s
Epoch: 78/150 Iter: 96/96 loss: 0.2974 acc: 0.8489 time 0.70s
[Train epoch 78] avg_loss=0.2974 avg_acc=0.8489 | per-class [c0: 0.868, c1: 0.933, c2: 0.887]
Final training 78/150, loss: 0.2974, time 101.67s, lr: 0.040433
Accuracy: 0.880
class                  precision    recall   specificity      f1   support
--------------------------------------------------------------------------
0                          0.927     0.868         0.936   0.897       280
1                          0.583     0.933         0.963   0.718        30
2                          0.887     0.887         0.903   0.887       266
*----------------------------------------*
Val 78/150 1/24, Acc: 0.6667, Loss: 18.0731, time 0.42s
Val 78/150 2/24, Acc: 0.6111, Loss: 9.3033, time 0.51s
Val 78/150 3/24, Acc: 0.7037, Loss: 6.2726, time 0.45s
Val 78/150 4/24, Acc: 0.7778, Loss: 4.7518, time 0.42s
Val 78/150 5/24, Acc: 0.7722, Loss: 3.8570, time 0.48s
Val 78/150 6/24, Acc: 0.8102, Loss: 3.2310, time 0.47s
Val 78/150 7/24, Acc: 0.8373, Loss: 2.7956, time 0.43s
Val 78/150 8/24, Acc: 0.8420, Loss: 2.5358, time 0.44s
Val 78/150 9/24, Acc: 0.8485, Loss: 2.2878, time 0.50s
Val 78/150 10/24, Acc: 0.8636, Loss: 2.0612, time 0.58s
Val 78/150 11/24, Acc: 0.8760, Loss: 1.8814, time 0.53s
Val 78/150 12/24, Acc: 0.8377, Loss: 1.7632, time 0.52s
Val 78/150 13/24, Acc: 0.8502, Loss: 1.6383, time 0.55s
Val 78/150 14/24, Acc: 0.8520, Loss: 1.5573, time 0.45s
Val 78/150 15/24, Acc: 0.8563, Loss: 1.4822, time 0.49s
Val 78/150 16/24, Acc: 0.8653, Loss: 1.3961, time 0.48s
Val 78/150 17/24, Acc: 0.8658, Loss: 1.3436, time 0.55s
Val 78/150 18/24, Acc: 0.8733, Loss: 1.2787, time 0.44s
Val 78/150 19/24, Acc: 0.8800, Loss: 1.2186, time 0.52s
Val 78/150 20/24, Acc: 0.8582, Loss: 1.2086, time 0.55s
Val 78/150 21/24, Acc: 0.8590, Loss: 1.1714, time 0.50s
Val 78/150 22/24, Acc: 0.8578, Loss: 1.1275, time 0.56s
Val 78/150 23/24, Acc: 0.8568, Loss: 1.1074, time 0.39s
Val 78/150 24/24, Acc: 0.8419, Loss: 1.1356, time 0.41s
[Val epoch 78] avg_acc=0.8419 | avg_loss=1.1356 | per-class [c0: 0.957, c1: 0.750, c2: 0.818]
Final validation 78/150, Val_acc: 0.8419, time 11.65sAccuracy: 0.882
class                  precision    recall   specificity      f1   support
--------------------------------------------------------------------------
0                          0.893     0.957         0.892   0.924        70
1                          0.500     0.750         0.956   0.600         8
2                          0.947     0.818         0.962   0.878        66
*========================================*
Saving checkpoint outputs/OrganoidsINRIA_reduced/resnet18/2025-11-17-16-11/training/model_final.pt
[EarlyStopping] no improve (13/40)
[EarlyStopping] no improve (15/40)
0 Mon Nov 17 18:37:05 2025 Epoch: 79
Epoch: 79/150 Iter: 1/96 loss: 1.4006 acc: 0.4444 time 2.96s
Epoch: 79/150 Iter: 2/96 loss: 0.9277 acc: 0.3889 time 1.44s
Epoch: 79/150 Iter: 3/96 loss: 0.6628 acc: 0.5648 time 0.82s
Epoch: 79/150 Iter: 4/96 loss: 0.5353 acc: 0.6736 time 1.40s
Epoch: 79/150 Iter: 5/96 loss: 0.4639 acc: 0.7056 time 0.89s
Epoch: 79/150 Iter: 6/96 loss: 0.3981 acc: 0.7546 time 0.91s
Epoch: 79/150 Iter: 7/96 loss: 0.3577 acc: 0.7659 time 0.86s
Epoch: 79/150 Iter: 8/96 loss: 0.3883 acc: 0.7222 time 1.45s
Epoch: 79/150 Iter: 9/96 loss: 0.3634 acc: 0.7531 time 0.74s
Epoch: 79/150 Iter: 10/96 loss: 0.3729 acc: 0.7694 time 0.76s
Epoch: 79/150 Iter: 11/96 loss: 0.3787 acc: 0.7753 time 0.81s
Epoch: 79/150 Iter: 12/96 loss: 0.3721 acc: 0.7801 time 1.46s
Epoch: 79/150 Iter: 13/96 loss: 0.3503 acc: 0.7970 time 0.78s
Epoch: 79/150 Iter: 14/96 loss: 0.3259 acc: 0.8115 time 0.79s
Epoch: 79/150 Iter: 15/96 loss: 0.3105 acc: 0.8241 time 0.87s
Epoch: 79/150 Iter: 16/96 loss: 0.3263 acc: 0.8090 time 0.87s
Epoch: 79/150 Iter: 17/96 loss: 0.3360 acc: 0.8144 time 0.82s
Epoch: 79/150 Iter: 18/96 loss: 0.3257 acc: 0.8247 time 1.39s
Epoch: 79/150 Iter: 19/96 loss: 0.3190 acc: 0.8251 time 0.94s
Epoch: 79/150 Iter: 20/96 loss: 0.3061 acc: 0.8339 time 1.45s
Epoch: 79/150 Iter: 21/96 loss: 0.3061 acc: 0.8365 time 1.41s
Epoch: 79/150 Iter: 22/96 loss: 0.3257 acc: 0.8174 time 0.93s
Epoch: 79/150 Iter: 23/96 loss: 0.3124 acc: 0.8254 time 1.42s
Epoch: 79/150 Iter: 24/96 loss: 0.3083 acc: 0.8326 time 1.46s
Epoch: 79/150 Iter: 25/96 loss: 0.2979 acc: 0.8393 time 0.80s
Epoch: 79/150 Iter: 26/96 loss: 0.2986 acc: 0.8407 time 1.44s
Epoch: 79/150 Iter: 27/96 loss: 0.2889 acc: 0.8466 time 1.44s
Epoch: 79/150 Iter: 28/96 loss: 0.2857 acc: 0.8485 time 0.75s
Epoch: 79/150 Iter: 29/96 loss: 0.2903 acc: 0.8399 time 1.37s
Epoch: 79/150 Iter: 30/96 loss: 0.2903 acc: 0.8397 time 1.43s
Epoch: 79/150 Iter: 31/96 loss: 0.2857 acc: 0.8449 time 0.78s
Epoch: 79/150 Iter: 32/96 loss: 0.2821 acc: 0.8497 time 0.90s
Epoch: 79/150 Iter: 33/96 loss: 0.2777 acc: 0.8543 time 1.49s
Epoch: 79/150 Iter: 34/96 loss: 0.2888 acc: 0.8341 time 1.44s
Epoch: 79/150 Iter: 35/96 loss: 0.2830 acc: 0.8388 time 0.75s
Epoch: 79/150 Iter: 36/96 loss: 0.2783 acc: 0.8433 time 0.79s
Epoch: 79/150 Iter: 37/96 loss: 0.2782 acc: 0.8363 time 0.88s
Epoch: 79/150 Iter: 38/96 loss: 0.2724 acc: 0.8406 time 1.43s
Epoch: 79/150 Iter: 39/96 loss: 0.2699 acc: 0.8447 time 1.39s
Epoch: 79/150 Iter: 40/96 loss: 0.2835 acc: 0.8402 time 1.46s
Epoch: 79/150 Iter: 41/96 loss: 0.2782 acc: 0.8441 time 0.79s
Epoch: 79/150 Iter: 42/96 loss: 0.2738 acc: 0.8478 time 0.79s
Epoch: 79/150 Iter: 43/96 loss: 0.2704 acc: 0.8514 time 1.46s
Epoch: 79/150 Iter: 44/96 loss: 0.2705 acc: 0.8509 time 0.85s
Epoch: 79/150 Iter: 45/96 loss: 0.2779 acc: 0.8454 time 0.90s
Epoch: 79/150 Iter: 46/96 loss: 0.2850 acc: 0.8361 time 0.95s
Epoch: 79/150 Iter: 47/96 loss: 0.2800 acc: 0.8395 time 0.78s
Epoch: 79/150 Iter: 48/96 loss: 0.2779 acc: 0.8429 time 1.45s
Epoch: 79/150 Iter: 49/96 loss: 0.2733 acc: 0.8461 time 0.79s
Epoch: 79/150 Iter: 50/96 loss: 0.2739 acc: 0.8467 time 1.43s
Epoch: 79/150 Iter: 51/96 loss: 0.2824 acc: 0.8472 time 0.88s
Epoch: 79/150 Iter: 52/96 loss: 0.2811 acc: 0.8502 time 1.41s
Epoch: 79/150 Iter: 53/96 loss: 0.2820 acc: 0.8483 time 1.46s
Epoch: 79/150 Iter: 54/96 loss: 0.2822 acc: 0.8492 time 0.88s
Epoch: 79/150 Iter: 55/96 loss: 0.2846 acc: 0.8435 time 0.87s
Epoch: 79/150 Iter: 56/96 loss: 0.2928 acc: 0.8359 time 0.96s
Epoch: 79/150 Iter: 57/96 loss: 0.2906 acc: 0.8309 time 1.47s
Epoch: 79/150 Iter: 58/96 loss: 0.2909 acc: 0.8319 time 0.92s
Epoch: 79/150 Iter: 59/96 loss: 0.2864 acc: 0.8348 time 1.41s
Epoch: 79/150 Iter: 60/96 loss: 0.2842 acc: 0.8375 time 1.42s
Epoch: 79/150 Iter: 61/96 loss: 0.2841 acc: 0.8375 time 1.38s
Epoch: 79/150 Iter: 62/96 loss: 0.2852 acc: 0.8361 time 0.87s
Epoch: 79/150 Iter: 63/96 loss: 0.2922 acc: 0.8347 time 0.78s
Epoch: 79/150 Iter: 64/96 loss: 0.2888 acc: 0.8373 time 1.42s
Epoch: 79/150 Iter: 65/96 loss: 0.2857 acc: 0.8398 time 1.46s
Epoch: 79/150 Iter: 66/96 loss: 0.2818 acc: 0.8422 time 1.46s
Epoch: 79/150 Iter: 67/96 loss: 0.2826 acc: 0.8379 time 1.41s
Epoch: 79/150 Iter: 68/96 loss: 0.2823 acc: 0.8403 time 0.78s
Epoch: 79/150 Iter: 69/96 loss: 0.2785 acc: 0.8426 time 0.86s
Epoch: 79/150 Iter: 70/96 loss: 0.2783 acc: 0.8425 time 0.79s
Epoch: 79/150 Iter: 71/96 loss: 0.2751 acc: 0.8447 time 1.47s
Epoch: 79/150 Iter: 72/96 loss: 0.2724 acc: 0.8469 time 1.46s
Epoch: 79/150 Iter: 73/96 loss: 0.2801 acc: 0.8426 time 1.46s
Epoch: 79/150 Iter: 74/96 loss: 0.2792 acc: 0.8447 time 0.88s
Epoch: 79/150 Iter: 75/96 loss: 0.2777 acc: 0.8468 time 1.49s
Epoch: 79/150 Iter: 76/96 loss: 0.2764 acc: 0.8466 time 1.45s
Epoch: 79/150 Iter: 77/96 loss: 0.2735 acc: 0.8486 time 0.76s
Epoch: 79/150 Iter: 78/96 loss: 0.2702 acc: 0.8505 time 0.86s
Epoch: 79/150 Iter: 79/96 loss: 0.2716 acc: 0.8472 time 1.44s
Epoch: 79/150 Iter: 80/96 loss: 0.2723 acc: 0.8470 time 0.78s
Epoch: 79/150 Iter: 81/96 loss: 0.2723 acc: 0.8476 time 0.70s
Epoch: 79/150 Iter: 82/96 loss: 0.2732 acc: 0.8464 time 0.76s
Epoch: 79/150 Iter: 83/96 loss: 0.2755 acc: 0.8483 time 1.39s
Epoch: 79/150 Iter: 84/96 loss: 0.2775 acc: 0.8486 time 0.73s
Epoch: 79/150 Iter: 85/96 loss: 0.2769 acc: 0.8492 time 0.84s
Epoch: 79/150 Iter: 86/96 loss: 0.2820 acc: 0.8432 time 1.40s
Epoch: 79/150 Iter: 87/96 loss: 0.2807 acc: 0.8450 time 0.69s
Epoch: 79/150 Iter: 88/96 loss: 0.2801 acc: 0.8458 time 1.42s
Epoch: 79/150 Iter: 89/96 loss: 0.2772 acc: 0.8476 time 1.37s
Epoch: 79/150 Iter: 90/96 loss: 0.2765 acc: 0.8493 time 1.37s
Epoch: 79/150 Iter: 91/96 loss: 0.2738 acc: 0.8509 time 0.68s
Epoch: 79/150 Iter: 92/96 loss: 0.2783 acc: 0.8462 time 1.45s
Epoch: 79/150 Iter: 93/96 loss: 0.2767 acc: 0.8467 time 0.69s
Epoch: 79/150 Iter: 94/96 loss: 0.2740 acc: 0.8483 time 0.70s
Epoch: 79/150 Iter: 95/96 loss: 0.2717 acc: 0.8499 time 1.38s
Epoch: 79/150 Iter: 96/96 loss: 0.2705 acc: 0.8514 time 0.85s
[Train epoch 79] avg_loss=0.2705 avg_acc=0.8514 | per-class [c0: 0.879, c1: 0.967, c2: 0.895]
Final training 79/150, loss: 0.2705, time 107.78s, lr: 0.039567
Accuracy: 0.891
class                  precision    recall   specificity      f1   support
--------------------------------------------------------------------------
0                          0.946     0.879         0.953   0.911       280
1                          0.558     0.967         0.958   0.707        30
2                          0.902     0.895         0.916   0.898       266
*----------------------------------------*
0 Mon Nov 17 18:38:52 2025 Epoch: 80
Epoch: 80/150 Iter: 1/96 loss: 0.0446 acc: 1.0000 time 2.35s
Epoch: 80/150 Iter: 2/96 loss: 0.0375 acc: 1.0000 time 0.72s
Epoch: 80/150 Iter: 3/96 loss: 0.0388 acc: 1.0000 time 0.74s
Epoch: 80/150 Iter: 4/96 loss: 0.0506 acc: 1.0000 time 1.43s
Epoch: 80/150 Iter: 5/96 loss: 0.1237 acc: 0.9556 time 0.90s
Epoch: 80/150 Iter: 6/96 loss: 0.1128 acc: 0.9630 time 0.81s
Epoch: 80/150 Iter: 7/96 loss: 0.1197 acc: 0.9524 time 0.76s
Epoch: 80/150 Iter: 8/96 loss: 0.1167 acc: 0.9583 time 0.81s
Epoch: 80/150 Iter: 9/96 loss: 0.1142 acc: 0.9630 time 0.82s
Epoch: 80/150 Iter: 10/96 loss: 0.1040 acc: 0.9667 time 0.95s
Epoch: 80/150 Iter: 11/96 loss: 0.1067 acc: 0.9697 time 0.78s
Epoch: 80/150 Iter: 12/96 loss: 0.1292 acc: 0.9537 time 0.88s
Epoch: 80/150 Iter: 13/96 loss: 0.1412 acc: 0.9060 time 0.78s
Epoch: 80/150 Iter: 14/96 loss: 0.1700 acc: 0.8829 time 0.77s
Epoch: 80/150 Iter: 15/96 loss: 0.1611 acc: 0.8907 time 1.44s
Epoch: 80/150 Iter: 16/96 loss: 0.1520 acc: 0.8976 time 1.39s
Epoch: 80/150 Iter: 17/96 loss: 0.1450 acc: 0.9036 time 0.82s
Epoch: 80/150 Iter: 18/96 loss: 0.1379 acc: 0.9090 time 1.48s
Epoch: 80/150 Iter: 19/96 loss: 0.1328 acc: 0.9137 time 1.41s
Epoch: 80/150 Iter: 20/96 loss: 0.1285 acc: 0.9181 time 0.73s
Epoch: 80/150 Iter: 21/96 loss: 0.1242 acc: 0.9220 time 0.87s
Epoch: 80/150 Iter: 22/96 loss: 0.1664 acc: 0.9179 time 0.79s
Epoch: 80/150 Iter: 23/96 loss: 0.2023 acc: 0.8961 time 0.78s
Epoch: 80/150 Iter: 24/96 loss: 0.1976 acc: 0.9005 time 1.49s
Epoch: 80/150 Iter: 25/96 loss: 0.1910 acc: 0.9044 time 1.43s
Epoch: 80/150 Iter: 26/96 loss: 0.1850 acc: 0.9081 time 1.41s
Epoch: 80/150 Iter: 27/96 loss: 0.1791 acc: 0.9115 time 1.41s
Epoch: 80/150 Iter: 28/96 loss: 0.1850 acc: 0.9087 time 0.86s
Epoch: 80/150 Iter: 29/96 loss: 0.1807 acc: 0.9119 time 1.45s
Epoch: 80/150 Iter: 30/96 loss: 0.1756 acc: 0.9148 time 0.86s
Epoch: 80/150 Iter: 31/96 loss: 0.1770 acc: 0.9047 time 1.47s
Epoch: 80/150 Iter: 32/96 loss: 0.1734 acc: 0.9076 time 1.45s
Epoch: 80/150 Iter: 33/96 loss: 0.1700 acc: 0.9104 time 0.87s
Epoch: 80/150 Iter: 34/96 loss: 0.1747 acc: 0.9094 time 1.41s
Epoch: 80/150 Iter: 35/96 loss: 0.1922 acc: 0.8961 time 0.86s
Epoch: 80/150 Iter: 36/96 loss: 0.1879 acc: 0.8990 time 0.75s
Epoch: 80/150 Iter: 37/96 loss: 0.1907 acc: 0.8905 time 1.42s
Epoch: 80/150 Iter: 38/96 loss: 0.1909 acc: 0.8817 time 1.42s
Epoch: 80/150 Iter: 39/96 loss: 0.1899 acc: 0.8847 time 1.46s
Epoch: 80/150 Iter: 40/96 loss: 0.1867 acc: 0.8876 time 1.46s
Epoch: 80/150 Iter: 41/96 loss: 0.1838 acc: 0.8903 time 0.88s
Epoch: 80/150 Iter: 42/96 loss: 0.1826 acc: 0.8929 time 1.43s
Epoch: 80/150 Iter: 43/96 loss: 0.1843 acc: 0.8915 time 0.92s
Epoch: 80/150 Iter: 44/96 loss: 0.1819 acc: 0.8940 time 0.71s
Epoch: 80/150 Iter: 45/96 loss: 0.1900 acc: 0.8908 time 0.88s
Epoch: 80/150 Iter: 46/96 loss: 0.1874 acc: 0.8932 time 0.77s
Epoch: 80/150 Iter: 47/96 loss: 0.1870 acc: 0.8954 time 1.40s
Epoch: 80/150 Iter: 48/96 loss: 0.1842 acc: 0.8976 time 0.82s
Epoch: 80/150 Iter: 49/96 loss: 0.1852 acc: 0.8946 time 1.39s
Epoch: 80/150 Iter: 50/96 loss: 0.1905 acc: 0.8934 time 0.86s
Epoch: 80/150 Iter: 51/96 loss: 0.1926 acc: 0.8955 time 1.44s
Epoch: 80/150 Iter: 52/96 loss: 0.1921 acc: 0.8975 time 0.77s
Epoch: 80/150 Iter: 53/96 loss: 0.1941 acc: 0.8994 time 0.94s
Epoch: 80/150 Iter: 54/96 loss: 0.1952 acc: 0.8905 time 0.78s
Epoch: 80/150 Iter: 55/96 loss: 0.1945 acc: 0.8905 time 0.86s
Epoch: 80/150 Iter: 56/96 loss: 0.1936 acc: 0.8924 time 1.42s
Epoch: 80/150 Iter: 57/96 loss: 0.1945 acc: 0.8943 time 0.93s
Epoch: 80/150 Iter: 58/96 loss: 0.2086 acc: 0.8846 time 0.92s
Epoch: 80/150 Iter: 59/96 loss: 0.2056 acc: 0.8866 time 0.76s
Epoch: 80/150 Iter: 60/96 loss: 0.2065 acc: 0.8811 time 0.81s
Epoch: 80/150 Iter: 61/96 loss: 0.2104 acc: 0.8757 time 0.82s
Epoch: 80/150 Iter: 62/96 loss: 0.2080 acc: 0.8777 time 0.87s
Epoch: 80/150 Iter: 63/96 loss: 0.2060 acc: 0.8797 time 0.78s
Epoch: 80/150 Iter: 64/96 loss: 0.2091 acc: 0.8772 time 0.87s
Epoch: 80/150 Iter: 65/96 loss: 0.2081 acc: 0.8791 time 0.87s
Epoch: 80/150 Iter: 66/96 loss: 0.2061 acc: 0.8809 time 0.89s
Epoch: 80/150 Iter: 67/96 loss: 0.2042 acc: 0.8827 time 1.44s
Epoch: 80/150 Iter: 68/96 loss: 0.2070 acc: 0.8820 time 1.47s
Epoch: 80/150 Iter: 69/96 loss: 0.2087 acc: 0.8825 time 0.77s
Epoch: 80/150 Iter: 70/96 loss: 0.2158 acc: 0.8770 time 1.43s
Epoch: 80/150 Iter: 71/96 loss: 0.2133 acc: 0.8788 time 0.88s
Epoch: 80/150 Iter: 72/96 loss: 0.2125 acc: 0.8793 time 1.40s
Epoch: 80/150 Iter: 73/96 loss: 0.2104 acc: 0.8809 time 1.42s
Epoch: 80/150 Iter: 74/96 loss: 0.2093 acc: 0.8825 time 0.91s
Epoch: 80/150 Iter: 75/96 loss: 0.2075 acc: 0.8841 time 0.91s
Epoch: 80/150 Iter: 76/96 loss: 0.2050 acc: 0.8856 time 1.40s
Epoch: 80/150 Iter: 77/96 loss: 0.2043 acc: 0.8871 time 0.83s
Epoch: 80/150 Iter: 78/96 loss: 0.2076 acc: 0.8814 time 0.71s
Epoch: 80/150 Iter: 79/96 loss: 0.2072 acc: 0.8829 time 1.43s
Epoch: 80/150 Iter: 80/96 loss: 0.2047 acc: 0.8844 time 0.84s
Epoch: 80/150 Iter: 81/96 loss: 0.2045 acc: 0.8838 time 0.79s
Epoch: 80/150 Iter: 82/96 loss: 0.2073 acc: 0.8832 time 0.78s
Epoch: 80/150 Iter: 83/96 loss: 0.2093 acc: 0.8832 time 1.41s
Epoch: 80/150 Iter: 84/96 loss: 0.2129 acc: 0.8831 time 1.38s
Epoch: 80/150 Iter: 85/96 loss: 0.2114 acc: 0.8845 time 0.70s
Epoch: 80/150 Iter: 86/96 loss: 0.2097 acc: 0.8859 time 1.43s
Epoch: 80/150 Iter: 87/96 loss: 0.2187 acc: 0.8826 time 0.79s
Epoch: 80/150 Iter: 88/96 loss: 0.2260 acc: 0.8776 time 1.36s
Epoch: 80/150 Iter: 89/96 loss: 0.2242 acc: 0.8790 time 0.71s
Epoch: 80/150 Iter: 90/96 loss: 0.2227 acc: 0.8803 time 1.38s
Epoch: 80/150 Iter: 91/96 loss: 0.2209 acc: 0.8816 time 1.38s
Epoch: 80/150 Iter: 92/96 loss: 0.2238 acc: 0.8775 time 0.80s
Epoch: 80/150 Iter: 93/96 loss: 0.2222 acc: 0.8779 time 0.80s
Epoch: 80/150 Iter: 94/96 loss: 0.2244 acc: 0.8774 time 0.77s
Epoch: 80/150 Iter: 95/96 loss: 0.2220 acc: 0.8787 time 0.73s
Epoch: 80/150 Iter: 96/96 loss: 0.2204 acc: 0.8800 time 0.73s
[Train epoch 80] avg_loss=0.2204 avg_acc=0.8800 | per-class [c0: 0.907, c1: 0.967, c2: 0.921]
Final training 80/150, loss: 0.2204, time 101.32s, lr: 0.038700
Accuracy: 0.917
class                  precision    recall   specificity      f1   support
--------------------------------------------------------------------------
0                          0.970     0.907         0.973   0.938       281
1                          0.580     0.967         0.962   0.725        30
2                          0.928     0.921         0.939   0.924       265
*----------------------------------------*
Val 80/150 1/24, Acc: 0.5000, Loss: 12.0047, time 0.41s
Val 80/150 2/24, Acc: 0.5278, Loss: 6.1487, time 0.44s
Val 80/150 3/24, Acc: 0.5741, Loss: 4.8765, time 0.43s
Val 80/150 4/24, Acc: 0.6806, Loss: 3.6711, time 0.48s
Val 80/150 5/24, Acc: 0.7194, Loss: 2.9703, time 0.49s
Val 80/150 6/24, Acc: 0.7662, Loss: 2.4823, time 0.53s
Val 80/150 7/24, Acc: 0.7996, Loss: 2.1420, time 0.47s
Val 80/150 8/24, Acc: 0.7778, Loss: 1.9458, time 0.44s
Val 80/150 9/24, Acc: 0.8025, Loss: 1.7421, time 0.47s
Val 80/150 10/24, Acc: 0.8122, Loss: 1.5861, time 0.52s
Val 80/150 11/24, Acc: 0.8293, Loss: 1.4491, time 0.46s
Val 80/150 12/24, Acc: 0.7880, Loss: 1.3928, time 0.46s
Val 80/150 13/24, Acc: 0.8043, Loss: 1.2887, time 0.48s
Val 80/150 14/24, Acc: 0.8004, Loss: 1.2538, time 0.45s
Val 80/150 15/24, Acc: 0.8137, Loss: 1.1742, time 0.40s
Val 80/150 16/24, Acc: 0.8191, Loss: 1.1416, time 0.43s
Val 80/150 17/24, Acc: 0.8297, Loss: 1.0767, time 0.49s
Val 80/150 18/24, Acc: 0.8323, Loss: 1.0294, time 0.50s
Val 80/150 19/24, Acc: 0.8358, Loss: 0.9842, time 0.48s
Val 80/150 20/24, Acc: 0.8162, Loss: 0.9955, time 0.51s
Val 80/150 21/24, Acc: 0.8250, Loss: 0.9536, time 0.46s
Val 80/150 22/24, Acc: 0.8254, Loss: 0.9428, time 0.55s
Val 80/150 23/24, Acc: 0.8112, Loss: 0.9607, time 0.42s
Val 80/150 24/24, Acc: 0.8052, Loss: 0.9713, time 0.43s
[Val epoch 80] avg_acc=0.8052 | avg_loss=0.9713 | per-class [c0: 0.814, c1: 0.500, c2: 0.939]
Final validation 80/150, Val_acc: 0.8052, time 11.18sAccuracy: 0.854
class                  precision    recall   specificity      f1   support
--------------------------------------------------------------------------
0                          0.950     0.814         0.959   0.877        70
1                          0.571     0.500         0.978   0.533         8
2                          0.805     0.939         0.808   0.867        66
*========================================*
Saving checkpoint outputs/OrganoidsINRIA_reduced/resnet18/2025-11-17-16-11/training/model_final.pt
[EarlyStopping] no improve (14/40)
[EarlyStopping] no improve (16/40)
0 Mon Nov 17 18:40:49 2025 Epoch: 81
Epoch: 81/150 Iter: 1/96 loss: 0.3020 acc: 0.5833 time 2.54s
Epoch: 81/150 Iter: 2/96 loss: 0.1941 acc: 0.7917 time 0.86s
Epoch: 81/150 Iter: 3/96 loss: 0.2096 acc: 0.8333 time 1.43s
Epoch: 81/150 Iter: 4/96 loss: 0.2432 acc: 0.8542 time 1.40s
Epoch: 81/150 Iter: 5/96 loss: 0.2188 acc: 0.8833 time 1.44s
Epoch: 81/150 Iter: 6/96 loss: 0.2009 acc: 0.9028 time 1.43s
Epoch: 81/150 Iter: 7/96 loss: 0.2219 acc: 0.8849 time 0.77s
Epoch: 81/150 Iter: 8/96 loss: 0.2271 acc: 0.8785 time 1.46s
Epoch: 81/150 Iter: 9/96 loss: 0.2395 acc: 0.8426 time 1.44s
Epoch: 81/150 Iter: 10/96 loss: 0.2434 acc: 0.8458 time 1.44s
Epoch: 81/150 Iter: 11/96 loss: 0.2441 acc: 0.8371 time 1.44s
Epoch: 81/150 Iter: 12/96 loss: 0.2291 acc: 0.8507 time 1.46s
Epoch: 81/150 Iter: 13/96 loss: 0.2141 acc: 0.8622 time 0.87s
Epoch: 81/150 Iter: 14/96 loss: 0.2276 acc: 0.8363 time 0.81s
Epoch: 81/150 Iter: 15/96 loss: 0.2216 acc: 0.8472 time 1.42s
Epoch: 81/150 Iter: 16/96 loss: 0.2131 acc: 0.8568 time 0.79s
Epoch: 81/150 Iter: 17/96 loss: 0.2192 acc: 0.8578 time 0.87s
Epoch: 81/150 Iter: 18/96 loss: 0.2093 acc: 0.8657 time 1.42s
Epoch: 81/150 Iter: 19/96 loss: 0.2034 acc: 0.8728 time 1.48s
Epoch: 81/150 Iter: 20/96 loss: 0.2183 acc: 0.8729 time 0.77s
Epoch: 81/150 Iter: 21/96 loss: 0.2127 acc: 0.8790 time 0.76s
Epoch: 81/150 Iter: 22/96 loss: 0.2088 acc: 0.8845 time 0.95s
Epoch: 81/150 Iter: 23/96 loss: 0.2156 acc: 0.8750 time 0.96s
Epoch: 81/150 Iter: 24/96 loss: 0.2083 acc: 0.8802 time 1.44s
Epoch: 81/150 Iter: 25/96 loss: 0.2003 acc: 0.8850 time 1.42s
Epoch: 81/150 Iter: 26/96 loss: 0.1954 acc: 0.8894 time 0.79s
Epoch: 81/150 Iter: 27/96 loss: 0.1890 acc: 0.8935 time 1.47s
Epoch: 81/150 Iter: 28/96 loss: 0.1979 acc: 0.8814 time 0.80s
Epoch: 81/150 Iter: 29/96 loss: 0.2095 acc: 0.8769 time 0.79s
Epoch: 81/150 Iter: 30/96 loss: 0.2084 acc: 0.8777 time 1.41s
Epoch: 81/150 Iter: 31/96 loss: 0.2099 acc: 0.8687 time 1.42s
Epoch: 81/150 Iter: 32/96 loss: 0.2063 acc: 0.8728 time 0.92s
Epoch: 81/150 Iter: 33/96 loss: 0.2049 acc: 0.8615 time 0.79s
Epoch: 81/150 Iter: 34/96 loss: 0.2042 acc: 0.8656 time 1.42s
Epoch: 81/150 Iter: 35/96 loss: 0.2059 acc: 0.8671 time 0.77s
Epoch: 81/150 Iter: 36/96 loss: 0.2022 acc: 0.8708 time 0.95s
Epoch: 81/150 Iter: 37/96 loss: 0.1987 acc: 0.8742 time 0.78s
Epoch: 81/150 Iter: 38/96 loss: 0.1963 acc: 0.8776 time 0.76s
Epoch: 81/150 Iter: 39/96 loss: 0.1922 acc: 0.8807 time 0.83s
Epoch: 81/150 Iter: 40/96 loss: 0.1903 acc: 0.8837 time 0.71s
Epoch: 81/150 Iter: 41/96 loss: 0.2029 acc: 0.8784 time 0.90s
Epoch: 81/150 Iter: 42/96 loss: 0.2130 acc: 0.8786 time 1.43s
Epoch: 81/150 Iter: 43/96 loss: 0.2081 acc: 0.8815 time 1.45s
Epoch: 81/150 Iter: 44/96 loss: 0.2084 acc: 0.8842 time 1.45s
Epoch: 81/150 Iter: 45/96 loss: 0.2067 acc: 0.8867 time 0.78s
Epoch: 81/150 Iter: 46/96 loss: 0.2106 acc: 0.8856 time 0.93s
Epoch: 81/150 Iter: 47/96 loss: 0.2081 acc: 0.8880 time 1.43s
Epoch: 81/150 Iter: 48/96 loss: 0.2069 acc: 0.8886 time 0.73s
Epoch: 81/150 Iter: 49/96 loss: 0.2045 acc: 0.8909 time 0.87s
Epoch: 81/150 Iter: 50/96 loss: 0.2029 acc: 0.8897 time 0.76s
Epoch: 81/150 Iter: 51/96 loss: 0.2000 acc: 0.8919 time 0.79s
Epoch: 81/150 Iter: 52/96 loss: 0.2074 acc: 0.8850 time 1.43s
Epoch: 81/150 Iter: 53/96 loss: 0.2043 acc: 0.8872 time 1.44s
Epoch: 81/150 Iter: 54/96 loss: 0.2051 acc: 0.8869 time 0.79s
Epoch: 81/150 Iter: 55/96 loss: 0.2021 acc: 0.8890 time 1.42s
Epoch: 81/150 Iter: 56/96 loss: 0.2085 acc: 0.8830 time 0.88s
Epoch: 81/150 Iter: 57/96 loss: 0.2214 acc: 0.8829 time 1.44s
Epoch: 81/150 Iter: 58/96 loss: 0.2204 acc: 0.8820 time 1.49s
Epoch: 81/150 Iter: 59/96 loss: 0.2180 acc: 0.8840 time 0.91s
Epoch: 81/150 Iter: 60/96 loss: 0.2148 acc: 0.8860 time 1.47s
Epoch: 81/150 Iter: 61/96 loss: 0.2121 acc: 0.8878 time 1.45s
Epoch: 81/150 Iter: 62/96 loss: 0.2240 acc: 0.8843 time 0.95s
Epoch: 81/150 Iter: 63/96 loss: 0.2223 acc: 0.8861 time 0.81s
Epoch: 81/150 Iter: 64/96 loss: 0.2205 acc: 0.8853 time 0.90s
Epoch: 81/150 Iter: 65/96 loss: 0.2203 acc: 0.8794 time 0.94s
Epoch: 81/150 Iter: 66/96 loss: 0.2176 acc: 0.8812 time 0.92s
Epoch: 81/150 Iter: 67/96 loss: 0.2342 acc: 0.8743 time 1.43s
Epoch: 81/150 Iter: 68/96 loss: 0.2308 acc: 0.8761 time 0.87s
Epoch: 81/150 Iter: 69/96 loss: 0.2303 acc: 0.8715 time 0.96s
Epoch: 81/150 Iter: 70/96 loss: 0.2276 acc: 0.8733 time 1.40s
Epoch: 81/150 Iter: 71/96 loss: 0.2299 acc: 0.8735 time 0.94s
Epoch: 81/150 Iter: 72/96 loss: 0.2342 acc: 0.8679 time 0.78s
Epoch: 81/150 Iter: 73/96 loss: 0.2346 acc: 0.8674 time 0.96s
Epoch: 81/150 Iter: 74/96 loss: 0.2362 acc: 0.8636 time 1.44s
Epoch: 81/150 Iter: 75/96 loss: 0.2345 acc: 0.8654 time 0.71s
Epoch: 81/150 Iter: 76/96 loss: 0.2429 acc: 0.8584 time 0.76s
Epoch: 81/150 Iter: 77/96 loss: 0.2410 acc: 0.8602 time 1.42s
Epoch: 81/150 Iter: 78/96 loss: 0.2391 acc: 0.8620 time 1.43s
Epoch: 81/150 Iter: 79/96 loss: 0.2364 acc: 0.8637 time 0.79s
Epoch: 81/150 Iter: 80/96 loss: 0.2341 acc: 0.8655 time 0.79s
Epoch: 81/150 Iter: 81/96 loss: 0.2333 acc: 0.8616 time 1.37s
Epoch: 81/150 Iter: 82/96 loss: 0.2355 acc: 0.8633 time 0.72s
Epoch: 81/150 Iter: 83/96 loss: 0.2328 acc: 0.8650 time 0.69s
Epoch: 81/150 Iter: 84/96 loss: 0.2322 acc: 0.8646 time 0.71s
Epoch: 81/150 Iter: 85/96 loss: 0.2309 acc: 0.8662 time 1.41s
Epoch: 81/150 Iter: 86/96 loss: 0.2347 acc: 0.8629 time 0.76s
Epoch: 81/150 Iter: 87/96 loss: 0.2358 acc: 0.8616 time 1.39s
Epoch: 81/150 Iter: 88/96 loss: 0.2333 acc: 0.8632 time 0.76s
Epoch: 81/150 Iter: 89/96 loss: 0.2340 acc: 0.8633 time 0.76s
Epoch: 81/150 Iter: 90/96 loss: 0.2321 acc: 0.8648 time 0.71s
Epoch: 81/150 Iter: 91/96 loss: 0.2357 acc: 0.8626 time 1.40s
Epoch: 81/150 Iter: 92/96 loss: 0.2370 acc: 0.8628 time 0.77s
Epoch: 81/150 Iter: 93/96 loss: 0.2353 acc: 0.8642 time 0.70s
Epoch: 81/150 Iter: 94/96 loss: 0.2328 acc: 0.8657 time 1.38s
Epoch: 81/150 Iter: 95/96 loss: 0.2351 acc: 0.8618 time 0.71s
Epoch: 81/150 Iter: 96/96 loss: 0.2337 acc: 0.8633 time 0.73s
[Train epoch 81] avg_loss=0.2337 avg_acc=0.8633 | per-class [c0: 0.900, c1: 0.867, c2: 0.906]
Final training 81/150, loss: 0.2337, time 104.11s, lr: 0.037834
Accuracy: 0.901
class                  precision    recall   specificity      f1   support
--------------------------------------------------------------------------
0                          0.958     0.900         0.963   0.928       281
1                          0.565     0.867         0.963   0.684        30
2                          0.902     0.906         0.916   0.904       265
*----------------------------------------*
0 Mon Nov 17 18:42:34 2025 Epoch: 82
Epoch: 82/150 Iter: 1/96 loss: 0.3702 acc: 0.7500 time 2.00s
Epoch: 82/150 Iter: 2/96 loss: 0.2368 acc: 0.8750 time 1.47s
Epoch: 82/150 Iter: 3/96 loss: 0.2367 acc: 0.8750 time 1.45s
Epoch: 82/150 Iter: 4/96 loss: 0.1823 acc: 0.9062 time 1.42s
Epoch: 82/150 Iter: 5/96 loss: 0.1553 acc: 0.9250 time 1.46s
Epoch: 82/150 Iter: 6/96 loss: 0.1982 acc: 0.8681 time 0.79s
Epoch: 82/150 Iter: 7/96 loss: 0.2230 acc: 0.8234 time 1.39s
Epoch: 82/150 Iter: 8/96 loss: 0.2104 acc: 0.8247 time 0.85s
Epoch: 82/150 Iter: 9/96 loss: 0.1976 acc: 0.8441 time 0.96s
Epoch: 82/150 Iter: 10/96 loss: 0.2363 acc: 0.8097 time 1.41s
Epoch: 82/150 Iter: 11/96 loss: 0.2254 acc: 0.8119 time 0.85s
Epoch: 82/150 Iter: 12/96 loss: 0.2699 acc: 0.8067 time 1.44s
Epoch: 82/150 Iter: 13/96 loss: 0.2523 acc: 0.8216 time 1.42s
Epoch: 82/150 Iter: 14/96 loss: 0.2536 acc: 0.8026 time 0.97s
Epoch: 82/150 Iter: 15/96 loss: 0.2495 acc: 0.8046 time 0.94s
Epoch: 82/150 Iter: 16/96 loss: 0.2396 acc: 0.8168 time 1.45s
Epoch: 82/150 Iter: 17/96 loss: 0.2427 acc: 0.8203 time 0.78s
Epoch: 82/150 Iter: 18/96 loss: 0.2326 acc: 0.8302 time 0.87s
Epoch: 82/150 Iter: 19/96 loss: 0.2209 acc: 0.8392 time 0.90s
Epoch: 82/150 Iter: 20/96 loss: 0.2342 acc: 0.8389 time 0.84s
Epoch: 82/150 Iter: 21/96 loss: 0.2402 acc: 0.8275 time 1.43s
Epoch: 82/150 Iter: 22/96 loss: 0.2382 acc: 0.8303 time 0.90s
Epoch: 82/150 Iter: 23/96 loss: 0.2294 acc: 0.8377 time 0.76s
Epoch: 82/150 Iter: 24/96 loss: 0.2584 acc: 0.8306 time 1.42s
Epoch: 82/150 Iter: 25/96 loss: 0.2588 acc: 0.8323 time 0.79s
Epoch: 82/150 Iter: 26/96 loss: 0.2520 acc: 0.8388 time 0.80s
Epoch: 82/150 Iter: 27/96 loss: 0.2584 acc: 0.8262 time 1.43s
Epoch: 82/150 Iter: 28/96 loss: 0.2675 acc: 0.8280 time 0.93s
Epoch: 82/150 Iter: 29/96 loss: 0.2616 acc: 0.8339 time 1.43s
Epoch: 82/150 Iter: 30/96 loss: 0.2562 acc: 0.8394 time 0.75s
Epoch: 82/150 Iter: 31/96 loss: 0.2491 acc: 0.8446 time 0.86s
Epoch: 82/150 Iter: 32/96 loss: 0.2495 acc: 0.8495 time 1.46s
Epoch: 82/150 Iter: 33/96 loss: 0.2682 acc: 0.8355 time 0.80s
Epoch: 82/150 Iter: 34/96 loss: 0.2620 acc: 0.8404 time 1.43s
Epoch: 82/150 Iter: 35/96 loss: 0.2693 acc: 0.8421 time 0.82s
Epoch: 82/150 Iter: 36/96 loss: 0.2690 acc: 0.8341 time 1.41s
Epoch: 82/150 Iter: 37/96 loss: 0.2668 acc: 0.8386 time 0.89s
Epoch: 82/150 Iter: 38/96 loss: 0.2620 acc: 0.8428 time 0.83s
Epoch: 82/150 Iter: 39/96 loss: 0.2571 acc: 0.8469 time 0.90s
Epoch: 82/150 Iter: 40/96 loss: 0.2591 acc: 0.8438 time 1.43s
Epoch: 82/150 Iter: 41/96 loss: 0.2634 acc: 0.8408 time 0.76s
Epoch: 82/150 Iter: 42/96 loss: 0.2584 acc: 0.8446 time 1.39s
Epoch: 82/150 Iter: 43/96 loss: 0.2532 acc: 0.8482 time 0.95s
Epoch: 82/150 Iter: 44/96 loss: 0.2518 acc: 0.8516 time 1.41s
Epoch: 82/150 Iter: 45/96 loss: 0.2466 acc: 0.8549 time 0.91s
Epoch: 82/150 Iter: 46/96 loss: 0.2415 acc: 0.8581 time 1.42s
Epoch: 82/150 Iter: 47/96 loss: 0.2397 acc: 0.8540 time 0.73s
Epoch: 82/150 Iter: 48/96 loss: 0.2403 acc: 0.8545 time 1.35s
Epoch: 82/150 Iter: 49/96 loss: 0.2379 acc: 0.8574 time 0.91s
Epoch: 82/150 Iter: 50/96 loss: 0.2364 acc: 0.8603 time 0.82s
Epoch: 82/150 Iter: 51/96 loss: 0.2355 acc: 0.8597 time 1.43s
Epoch: 82/150 Iter: 52/96 loss: 0.2314 acc: 0.8624 time 1.42s
Epoch: 82/150 Iter: 53/96 loss: 0.2272 acc: 0.8650 time 1.45s
Epoch: 82/150 Iter: 54/96 loss: 0.2317 acc: 0.8589 time 0.80s
Epoch: 82/150 Iter: 55/96 loss: 0.2289 acc: 0.8615 time 0.89s
Epoch: 82/150 Iter: 56/96 loss: 0.2260 acc: 0.8639 time 0.90s
Epoch: 82/150 Iter: 57/96 loss: 0.2292 acc: 0.8663 time 0.81s
Epoch: 82/150 Iter: 58/96 loss: 0.2253 acc: 0.8686 time 0.91s
Epoch: 82/150 Iter: 59/96 loss: 0.2227 acc: 0.8709 time 0.86s
Epoch: 82/150 Iter: 60/96 loss: 0.2212 acc: 0.8730 time 1.42s
Epoch: 82/150 Iter: 61/96 loss: 0.2217 acc: 0.8724 time 1.43s
Epoch: 82/150 Iter: 62/96 loss: 0.2196 acc: 0.8744 time 0.75s
Epoch: 82/150 Iter: 63/96 loss: 0.2185 acc: 0.8738 time 1.45s
Epoch: 82/150 Iter: 64/96 loss: 0.2280 acc: 0.8742 time 0.85s
Epoch: 82/150 Iter: 65/96 loss: 0.2265 acc: 0.8761 time 0.89s
Epoch: 82/150 Iter: 66/96 loss: 0.2245 acc: 0.8780 time 1.43s
Epoch: 82/150 Iter: 67/96 loss: 0.2216 acc: 0.8798 time 0.89s
Epoch: 82/150 Iter: 68/96 loss: 0.2193 acc: 0.8791 time 1.42s
Epoch: 82/150 Iter: 69/96 loss: 0.2164 acc: 0.8809 time 1.36s
Epoch: 82/150 Iter: 70/96 loss: 0.2147 acc: 0.8826 time 0.90s
Epoch: 82/150 Iter: 71/96 loss: 0.2156 acc: 0.8842 time 0.81s
Epoch: 82/150 Iter: 72/96 loss: 0.2154 acc: 0.8845 time 1.46s
Epoch: 82/150 Iter: 73/96 loss: 0.2132 acc: 0.8860 time 1.45s
Epoch: 82/150 Iter: 74/96 loss: 0.2107 acc: 0.8876 time 1.41s
Epoch: 82/150 Iter: 75/96 loss: 0.2097 acc: 0.8891 time 0.82s
Epoch: 82/150 Iter: 76/96 loss: 0.2072 acc: 0.8905 time 0.87s
Epoch: 82/150 Iter: 77/96 loss: 0.2047 acc: 0.8920 time 1.44s
Epoch: 82/150 Iter: 78/96 loss: 0.2036 acc: 0.8891 time 0.77s
Epoch: 82/150 Iter: 79/96 loss: 0.2024 acc: 0.8884 time 1.45s
Epoch: 82/150 Iter: 80/96 loss: 0.2012 acc: 0.8898 time 0.76s
Epoch: 82/150 Iter: 81/96 loss: 0.2031 acc: 0.8911 time 0.71s
Epoch: 82/150 Iter: 82/96 loss: 0.2044 acc: 0.8894 time 0.72s
Epoch: 82/150 Iter: 83/96 loss: 0.2106 acc: 0.8847 time 1.38s
Epoch: 82/150 Iter: 84/96 loss: 0.2144 acc: 0.8808 time 1.37s
Epoch: 82/150 Iter: 85/96 loss: 0.2182 acc: 0.8757 time 1.42s
Epoch: 82/150 Iter: 86/96 loss: 0.2160 acc: 0.8771 time 1.37s
Epoch: 82/150 Iter: 87/96 loss: 0.2198 acc: 0.8708 time 0.70s
Epoch: 82/150 Iter: 88/96 loss: 0.2176 acc: 0.8723 time 1.37s
Epoch: 82/150 Iter: 89/96 loss: 0.2160 acc: 0.8738 time 0.74s
Epoch: 82/150 Iter: 90/96 loss: 0.2177 acc: 0.8733 time 1.36s
Epoch: 82/150 Iter: 91/96 loss: 0.2175 acc: 0.8736 time 1.39s
Epoch: 82/150 Iter: 92/96 loss: 0.2242 acc: 0.8701 time 0.75s
Epoch: 82/150 Iter: 93/96 loss: 0.2231 acc: 0.8715 time 0.76s
Epoch: 82/150 Iter: 94/96 loss: 0.2212 acc: 0.8729 time 0.73s
Epoch: 82/150 Iter: 95/96 loss: 0.2194 acc: 0.8742 time 1.42s
Epoch: 82/150 Iter: 96/96 loss: 0.2301 acc: 0.8709 time 0.71s
[Train epoch 82] avg_loss=0.2301 avg_acc=0.8709 | per-class [c0: 0.911, c1: 0.933, c2: 0.902]
Final training 82/150, loss: 0.2301, time 106.23s, lr: 0.036970
Accuracy: 0.908
class                  precision    recall   specificity      f1   support
--------------------------------------------------------------------------
0                          0.948     0.911         0.953   0.929       281
1                          0.596     0.933         0.965   0.727        30
2                          0.923     0.902         0.936   0.912       265
*----------------------------------------*
Val 82/150 1/24, Acc: 0.5000, Loss: 12.1410, time 0.42s
Val 82/150 2/24, Acc: 0.7500, Loss: 6.1334, time 0.42s
Val 82/150 3/24, Acc: 0.7222, Loss: 4.2963, time 0.43s
Val 82/150 4/24, Acc: 0.7292, Loss: 3.2946, time 0.41s
Val 82/150 5/24, Acc: 0.7833, Loss: 2.6604, time 0.48s
Val 82/150 6/24, Acc: 0.8194, Loss: 2.2200, time 0.45s
Val 82/150 7/24, Acc: 0.8452, Loss: 1.9150, time 0.56s
Val 82/150 8/24, Acc: 0.7917, Loss: 1.7707, time 0.45s
Val 82/150 9/24, Acc: 0.8148, Loss: 1.5894, time 0.42s
Val 82/150 10/24, Acc: 0.8333, Loss: 1.4334, time 0.50s
Val 82/150 11/24, Acc: 0.8485, Loss: 1.3093, time 0.41s
Val 82/150 12/24, Acc: 0.8056, Loss: 1.2503, time 0.46s
Val 82/150 13/24, Acc: 0.8205, Loss: 1.1590, time 0.47s
Val 82/150 14/24, Acc: 0.8155, Loss: 1.1315, time 0.50s
Val 82/150 15/24, Acc: 0.8278, Loss: 1.0614, time 0.53s
Val 82/150 16/24, Acc: 0.8323, Loss: 1.0140, time 0.44s
Val 82/150 17/24, Acc: 0.8348, Loss: 0.9636, time 0.48s
Val 82/150 18/24, Acc: 0.8370, Loss: 0.9245, time 0.45s
Val 82/150 19/24, Acc: 0.8404, Loss: 0.8950, time 0.44s
Val 82/150 20/24, Acc: 0.8261, Loss: 0.8837, time 0.45s
Val 82/150 21/24, Acc: 0.8344, Loss: 0.8443, time 0.46s
Val 82/150 22/24, Acc: 0.8343, Loss: 0.8301, time 0.52s
Val 82/150 23/24, Acc: 0.8198, Loss: 0.8434, time 0.38s
Val 82/150 24/24, Acc: 0.8273, Loss: 0.8259, time 0.40s
[Val epoch 82] avg_acc=0.8273 | avg_loss=0.8259 | per-class [c0: 0.843, c1: 0.625, c2: 0.939]
Final validation 82/150, Val_acc: 0.8273, time 10.92sAccuracy: 0.875
class                  precision    recall   specificity      f1   support
--------------------------------------------------------------------------
0                          0.952     0.843         0.959   0.894        70
1                          0.714     0.625         0.985   0.667         8
2                          0.827     0.939         0.833   0.879        66
*========================================*
Saving checkpoint outputs/OrganoidsINRIA_reduced/resnet18/2025-11-17-16-11/training/model_final.pt
[EarlyStopping] no improve (15/40)
[EarlyStopping] no improve (17/40)
0 Mon Nov 17 18:44:35 2025 Epoch: 83
Epoch: 83/150 Iter: 1/96 loss: 0.1321 acc: 1.0000 time 2.35s
Epoch: 83/150 Iter: 2/96 loss: 0.0863 acc: 1.0000 time 0.77s
Epoch: 83/150 Iter: 3/96 loss: 0.2021 acc: 0.9667 time 1.41s
Epoch: 83/150 Iter: 4/96 loss: 0.1745 acc: 0.9750 time 1.45s
Epoch: 83/150 Iter: 5/96 loss: 0.1834 acc: 0.9300 time 0.85s
Epoch: 83/150 Iter: 6/96 loss: 0.1951 acc: 0.9250 time 1.45s
Epoch: 83/150 Iter: 7/96 loss: 0.1908 acc: 0.9357 time 1.43s
Epoch: 83/150 Iter: 8/96 loss: 0.2858 acc: 0.9021 time 0.84s
Epoch: 83/150 Iter: 9/96 loss: 0.2647 acc: 0.9130 time 1.43s
Epoch: 83/150 Iter: 10/96 loss: 0.2720 acc: 0.9050 time 1.45s
Epoch: 83/150 Iter: 11/96 loss: 0.2783 acc: 0.8682 time 0.91s
Epoch: 83/150 Iter: 12/96 loss: 0.2616 acc: 0.8792 time 0.77s
Epoch: 83/150 Iter: 13/96 loss: 0.2434 acc: 0.8885 time 0.80s
Epoch: 83/150 Iter: 14/96 loss: 0.2270 acc: 0.8964 time 0.72s
Epoch: 83/150 Iter: 15/96 loss: 0.2215 acc: 0.9033 time 1.43s
Epoch: 83/150 Iter: 16/96 loss: 0.2130 acc: 0.9094 time 0.87s
Epoch: 83/150 Iter: 17/96 loss: 0.2078 acc: 0.9147 time 1.45s
Epoch: 83/150 Iter: 18/96 loss: 0.1973 acc: 0.9194 time 1.43s
Epoch: 83/150 Iter: 19/96 loss: 0.1893 acc: 0.9237 time 0.73s
Epoch: 83/150 Iter: 20/96 loss: 0.1801 acc: 0.9275 time 0.77s
Epoch: 83/150 Iter: 21/96 loss: 0.2158 acc: 0.8992 time 0.94s
Epoch: 83/150 Iter: 22/96 loss: 0.2180 acc: 0.8811 time 0.94s
Epoch: 83/150 Iter: 23/96 loss: 0.2159 acc: 0.8862 time 1.44s
Epoch: 83/150 Iter: 24/96 loss: 0.2240 acc: 0.8771 time 1.43s
Epoch: 83/150 Iter: 25/96 loss: 0.2199 acc: 0.8820 time 0.76s
Epoch: 83/150 Iter: 26/96 loss: 0.2138 acc: 0.8865 time 0.86s
Epoch: 83/150 Iter: 27/96 loss: 0.2072 acc: 0.8907 time 0.92s
Epoch: 83/150 Iter: 28/96 loss: 0.2032 acc: 0.8946 time 1.44s
Epoch: 83/150 Iter: 29/96 loss: 0.1991 acc: 0.8983 time 1.44s
Epoch: 83/150 Iter: 30/96 loss: 0.2295 acc: 0.8878 time 0.78s
Epoch: 83/150 Iter: 31/96 loss: 0.2232 acc: 0.8914 time 0.78s
Epoch: 83/150 Iter: 32/96 loss: 0.2193 acc: 0.8948 time 0.80s
Epoch: 83/150 Iter: 33/96 loss: 0.2177 acc: 0.8980 time 0.90s
Epoch: 83/150 Iter: 34/96 loss: 0.2277 acc: 0.8961 time 1.44s
Epoch: 83/150 Iter: 35/96 loss: 0.2256 acc: 0.8990 time 1.46s
Epoch: 83/150 Iter: 36/96 loss: 0.2241 acc: 0.8972 time 0.78s
Epoch: 83/150 Iter: 37/96 loss: 0.2254 acc: 0.8910 time 1.42s
Epoch: 83/150 Iter: 38/96 loss: 0.2316 acc: 0.8895 time 0.77s
Epoch: 83/150 Iter: 39/96 loss: 0.2291 acc: 0.8923 time 0.78s
Epoch: 83/150 Iter: 40/96 loss: 0.2236 acc: 0.8950 time 0.95s
Epoch: 83/150 Iter: 41/96 loss: 0.2328 acc: 0.8915 time 1.46s
Epoch: 83/150 Iter: 42/96 loss: 0.2354 acc: 0.8901 time 0.84s
Epoch: 83/150 Iter: 43/96 loss: 0.2308 acc: 0.8926 time 1.40s
Epoch: 83/150 Iter: 44/96 loss: 0.2263 acc: 0.8951 time 1.43s
Epoch: 83/150 Iter: 45/96 loss: 0.2225 acc: 0.8974 time 1.41s
Epoch: 83/150 Iter: 46/96 loss: 0.2178 acc: 0.8996 time 1.49s
Epoch: 83/150 Iter: 47/96 loss: 0.2161 acc: 0.9018 time 0.76s
Epoch: 83/150 Iter: 48/96 loss: 0.2139 acc: 0.9038 time 0.76s
Epoch: 83/150 Iter: 49/96 loss: 0.2199 acc: 0.9035 time 0.93s
Epoch: 83/150 Iter: 50/96 loss: 0.2332 acc: 0.8921 time 1.48s
Epoch: 83/150 Iter: 51/96 loss: 0.2324 acc: 0.8861 time 0.89s
Epoch: 83/150 Iter: 52/96 loss: 0.2303 acc: 0.8858 time 0.76s
Epoch: 83/150 Iter: 53/96 loss: 0.2308 acc: 0.8828 time 0.91s
Epoch: 83/150 Iter: 54/96 loss: 0.2273 acc: 0.8849 time 0.78s
Epoch: 83/150 Iter: 55/96 loss: 0.2249 acc: 0.8870 time 0.82s
Epoch: 83/150 Iter: 56/96 loss: 0.2210 acc: 0.8890 time 0.89s
Epoch: 83/150 Iter: 57/96 loss: 0.2226 acc: 0.8888 time 0.76s
Epoch: 83/150 Iter: 58/96 loss: 0.2263 acc: 0.8830 time 1.39s
Epoch: 83/150 Iter: 59/96 loss: 0.2244 acc: 0.8850 time 0.81s
Epoch: 83/150 Iter: 60/96 loss: 0.2226 acc: 0.8842 time 1.44s
Epoch: 83/150 Iter: 61/96 loss: 0.2201 acc: 0.8861 time 0.89s
Epoch: 83/150 Iter: 62/96 loss: 0.2221 acc: 0.8819 time 0.77s
Epoch: 83/150 Iter: 63/96 loss: 0.2197 acc: 0.8837 time 1.39s
Epoch: 83/150 Iter: 64/96 loss: 0.2197 acc: 0.8855 time 1.40s
Epoch: 83/150 Iter: 65/96 loss: 0.2166 acc: 0.8873 time 0.88s
Epoch: 83/150 Iter: 66/96 loss: 0.2142 acc: 0.8890 time 0.77s
Epoch: 83/150 Iter: 67/96 loss: 0.2166 acc: 0.8890 time 0.79s
Epoch: 83/150 Iter: 68/96 loss: 0.2138 acc: 0.8906 time 0.79s
Epoch: 83/150 Iter: 69/96 loss: 0.2115 acc: 0.8922 time 1.45s
Epoch: 83/150 Iter: 70/96 loss: 0.2098 acc: 0.8938 time 0.75s
Epoch: 83/150 Iter: 71/96 loss: 0.2075 acc: 0.8953 time 1.45s
Epoch: 83/150 Iter: 72/96 loss: 0.2105 acc: 0.8915 time 0.74s
Epoch: 83/150 Iter: 73/96 loss: 0.2079 acc: 0.8930 time 1.43s
Epoch: 83/150 Iter: 74/96 loss: 0.2103 acc: 0.8929 time 0.90s
Epoch: 83/150 Iter: 75/96 loss: 0.2102 acc: 0.8921 time 0.81s
Epoch: 83/150 Iter: 76/96 loss: 0.2077 acc: 0.8936 time 0.74s
Epoch: 83/150 Iter: 77/96 loss: 0.2052 acc: 0.8949 time 1.45s
Epoch: 83/150 Iter: 78/96 loss: 0.2033 acc: 0.8963 time 0.94s
Epoch: 83/150 Iter: 79/96 loss: 0.2044 acc: 0.8966 time 0.78s
Epoch: 83/150 Iter: 80/96 loss: 0.2067 acc: 0.8926 time 1.43s
Epoch: 83/150 Iter: 81/96 loss: 0.2046 acc: 0.8940 time 0.75s
Epoch: 83/150 Iter: 82/96 loss: 0.2027 acc: 0.8953 time 0.73s
Epoch: 83/150 Iter: 83/96 loss: 0.2009 acc: 0.8965 time 0.75s
Epoch: 83/150 Iter: 84/96 loss: 0.1993 acc: 0.8978 time 1.43s
Epoch: 83/150 Iter: 85/96 loss: 0.2029 acc: 0.8935 time 1.42s
Epoch: 83/150 Iter: 86/96 loss: 0.2016 acc: 0.8947 time 0.70s
Epoch: 83/150 Iter: 87/96 loss: 0.2065 acc: 0.8902 time 0.74s
Epoch: 83/150 Iter: 88/96 loss: 0.2053 acc: 0.8914 time 1.45s
Epoch: 83/150 Iter: 89/96 loss: 0.2061 acc: 0.8901 time 1.42s
Epoch: 83/150 Iter: 90/96 loss: 0.2040 acc: 0.8914 time 1.43s
Epoch: 83/150 Iter: 91/96 loss: 0.2028 acc: 0.8926 time 0.69s
Epoch: 83/150 Iter: 92/96 loss: 0.2036 acc: 0.8924 time 1.39s
Epoch: 83/150 Iter: 93/96 loss: 0.2018 acc: 0.8935 time 0.70s
Epoch: 83/150 Iter: 94/96 loss: 0.2002 acc: 0.8947 time 0.70s
Epoch: 83/150 Iter: 95/96 loss: 0.1989 acc: 0.8958 time 0.70s
Epoch: 83/150 Iter: 96/96 loss: 0.1982 acc: 0.8968 time 0.73s
[Train epoch 83] avg_loss=0.1982 avg_acc=0.8968 | per-class [c0: 0.918, c1: 0.933, c2: 0.914]
Final training 83/150, loss: 0.1982, time 102.06s, lr: 0.036106
Accuracy: 0.917
class                  precision    recall   specificity      f1   support
--------------------------------------------------------------------------
0                          0.948     0.918         0.953   0.933       280
1                          0.651     0.933         0.973   0.767        30
2                          0.927     0.914         0.939   0.920       266
*----------------------------------------*
0 Mon Nov 17 18:46:17 2025 Epoch: 84
Epoch: 84/150 Iter: 1/96 loss: 0.0020 acc: 1.0000 time 2.20s
Epoch: 84/150 Iter: 2/96 loss: 0.2563 acc: 0.7778 time 0.94s
Epoch: 84/150 Iter: 3/96 loss: 0.1744 acc: 0.8519 time 0.88s
Epoch: 84/150 Iter: 4/96 loss: 0.1857 acc: 0.8889 time 0.90s
Epoch: 84/150 Iter: 5/96 loss: 0.1697 acc: 0.9111 time 1.41s
Epoch: 84/150 Iter: 6/96 loss: 0.1475 acc: 0.9259 time 1.43s
Epoch: 84/150 Iter: 7/96 loss: 0.1278 acc: 0.9365 time 0.87s
Epoch: 84/150 Iter: 8/96 loss: 0.1205 acc: 0.9444 time 1.43s
Epoch: 84/150 Iter: 9/96 loss: 0.1592 acc: 0.9321 time 1.42s
Epoch: 84/150 Iter: 10/96 loss: 0.1825 acc: 0.9222 time 1.43s
Epoch: 84/150 Iter: 11/96 loss: 0.1675 acc: 0.9293 time 0.89s
Epoch: 84/150 Iter: 12/96 loss: 0.1730 acc: 0.9248 time 1.47s
Epoch: 84/150 Iter: 13/96 loss: 0.2549 acc: 0.8947 time 0.89s
Epoch: 84/150 Iter: 14/96 loss: 0.2552 acc: 0.8843 time 0.78s
Epoch: 84/150 Iter: 15/96 loss: 0.2636 acc: 0.8837 time 0.93s
Epoch: 84/150 Iter: 16/96 loss: 0.2511 acc: 0.8910 time 0.77s
Epoch: 84/150 Iter: 17/96 loss: 0.2578 acc: 0.8915 time 0.78s
Epoch: 84/150 Iter: 18/96 loss: 0.2546 acc: 0.8883 time 1.45s
Epoch: 84/150 Iter: 19/96 loss: 0.2428 acc: 0.8942 time 0.77s
Epoch: 84/150 Iter: 20/96 loss: 0.2331 acc: 0.8994 time 0.80s
Epoch: 84/150 Iter: 21/96 loss: 0.2244 acc: 0.9042 time 0.77s
Epoch: 84/150 Iter: 22/96 loss: 0.2329 acc: 0.8972 time 1.45s
Epoch: 84/150 Iter: 23/96 loss: 0.2236 acc: 0.9017 time 0.95s
Epoch: 84/150 Iter: 24/96 loss: 0.2657 acc: 0.9012 time 0.80s
Epoch: 84/150 Iter: 25/96 loss: 0.2678 acc: 0.8951 time 0.78s
Epoch: 84/150 Iter: 26/96 loss: 0.2665 acc: 0.8991 time 0.78s
Epoch: 84/150 Iter: 27/96 loss: 0.2575 acc: 0.9029 time 0.90s
Epoch: 84/150 Iter: 28/96 loss: 0.2684 acc: 0.8905 time 1.48s
Epoch: 84/150 Iter: 29/96 loss: 0.2671 acc: 0.8943 time 0.81s
Epoch: 84/150 Iter: 30/96 loss: 0.2781 acc: 0.8936 time 0.94s
Epoch: 84/150 Iter: 31/96 loss: 0.2692 acc: 0.8970 time 1.43s
Epoch: 84/150 Iter: 32/96 loss: 0.2640 acc: 0.9003 time 0.87s
Epoch: 84/150 Iter: 33/96 loss: 0.2743 acc: 0.8891 time 0.90s
Epoch: 84/150 Iter: 34/96 loss: 0.2667 acc: 0.8924 time 0.92s
Epoch: 84/150 Iter: 35/96 loss: 0.2931 acc: 0.8788 time 1.42s
Epoch: 84/150 Iter: 36/96 loss: 0.2920 acc: 0.8822 time 1.42s
Epoch: 84/150 Iter: 37/96 loss: 0.2877 acc: 0.8854 time 0.92s
Epoch: 84/150 Iter: 38/96 loss: 0.2888 acc: 0.8818 time 0.81s
Epoch: 84/150 Iter: 39/96 loss: 0.2931 acc: 0.8741 time 0.91s
Epoch: 84/150 Iter: 40/96 loss: 0.2892 acc: 0.8773 time 0.89s
Epoch: 84/150 Iter: 41/96 loss: 0.2839 acc: 0.8803 time 0.95s
Epoch: 84/150 Iter: 42/96 loss: 0.2804 acc: 0.8831 time 0.92s
Epoch: 84/150 Iter: 43/96 loss: 0.2778 acc: 0.8859 time 0.79s
Epoch: 84/150 Iter: 44/96 loss: 0.2780 acc: 0.8847 time 0.78s
Epoch: 84/150 Iter: 45/96 loss: 0.2733 acc: 0.8872 time 0.91s
Epoch: 84/150 Iter: 46/96 loss: 0.2678 acc: 0.8897 time 0.84s
Epoch: 84/150 Iter: 47/96 loss: 0.2644 acc: 0.8920 time 1.41s
Epoch: 84/150 Iter: 48/96 loss: 0.2590 acc: 0.8943 time 0.74s
Epoch: 84/150 Iter: 49/96 loss: 0.2538 acc: 0.8964 time 1.43s
Epoch: 84/150 Iter: 50/96 loss: 0.2501 acc: 0.8985 time 0.79s
Epoch: 84/150 Iter: 51/96 loss: 0.2535 acc: 0.8907 time 0.87s
Epoch: 84/150 Iter: 52/96 loss: 0.2537 acc: 0.8904 time 0.78s
Epoch: 84/150 Iter: 53/96 loss: 0.2556 acc: 0.8906 time 0.79s
Epoch: 84/150 Iter: 54/96 loss: 0.2537 acc: 0.8926 time 1.44s
Epoch: 84/150 Iter: 55/96 loss: 0.2503 acc: 0.8945 time 1.43s
Epoch: 84/150 Iter: 56/96 loss: 0.2537 acc: 0.8942 time 0.84s
Epoch: 84/150 Iter: 57/96 loss: 0.2529 acc: 0.8890 time 0.91s
Epoch: 84/150 Iter: 58/96 loss: 0.2571 acc: 0.8838 time 1.40s
Epoch: 84/150 Iter: 59/96 loss: 0.2554 acc: 0.8839 time 0.81s
Epoch: 84/150 Iter: 60/96 loss: 0.2553 acc: 0.8858 time 0.77s
Epoch: 84/150 Iter: 61/96 loss: 0.2514 acc: 0.8877 time 0.86s
Epoch: 84/150 Iter: 62/96 loss: 0.2568 acc: 0.8877 time 0.80s
Epoch: 84/150 Iter: 63/96 loss: 0.2533 acc: 0.8895 time 0.75s
Epoch: 84/150 Iter: 64/96 loss: 0.2523 acc: 0.8886 time 0.77s
Epoch: 84/150 Iter: 65/96 loss: 0.2504 acc: 0.8903 time 1.46s
Epoch: 84/150 Iter: 66/96 loss: 0.2471 acc: 0.8920 time 1.45s
Epoch: 84/150 Iter: 67/96 loss: 0.2478 acc: 0.8911 time 1.46s
Epoch: 84/150 Iter: 68/96 loss: 0.2464 acc: 0.8927 time 1.45s
Epoch: 84/150 Iter: 69/96 loss: 0.2434 acc: 0.8942 time 1.45s
Epoch: 84/150 Iter: 70/96 loss: 0.2417 acc: 0.8958 time 1.47s
Epoch: 84/150 Iter: 71/96 loss: 0.2384 acc: 0.8972 time 0.91s
Epoch: 84/150 Iter: 72/96 loss: 0.2375 acc: 0.8986 time 1.46s
Epoch: 84/150 Iter: 73/96 loss: 0.2359 acc: 0.9000 time 0.86s
Epoch: 84/150 Iter: 74/96 loss: 0.2333 acc: 0.9014 time 0.78s
Epoch: 84/150 Iter: 75/96 loss: 0.2325 acc: 0.9027 time 0.77s
Epoch: 84/150 Iter: 76/96 loss: 0.2347 acc: 0.8987 time 1.46s
Epoch: 84/150 Iter: 77/96 loss: 0.2324 acc: 0.9000 time 1.46s
Epoch: 84/150 Iter: 78/96 loss: 0.2302 acc: 0.9013 time 0.91s
Epoch: 84/150 Iter: 79/96 loss: 0.2278 acc: 0.9026 time 0.88s
Epoch: 84/150 Iter: 80/96 loss: 0.2261 acc: 0.9038 time 1.44s
Epoch: 84/150 Iter: 81/96 loss: 0.2235 acc: 0.9050 time 1.37s
Epoch: 84/150 Iter: 82/96 loss: 0.2211 acc: 0.9061 time 1.39s
Epoch: 84/150 Iter: 83/96 loss: 0.2230 acc: 0.9002 time 0.74s
Epoch: 84/150 Iter: 84/96 loss: 0.2208 acc: 0.9014 time 0.68s
Epoch: 84/150 Iter: 85/96 loss: 0.2211 acc: 0.9026 time 0.70s
Epoch: 84/150 Iter: 86/96 loss: 0.2188 acc: 0.9037 time 0.75s
Epoch: 84/150 Iter: 87/96 loss: 0.2168 acc: 0.9048 time 0.76s
Epoch: 84/150 Iter: 88/96 loss: 0.2196 acc: 0.9040 time 1.38s
Epoch: 84/150 Iter: 89/96 loss: 0.2178 acc: 0.9051 time 0.70s
Epoch: 84/150 Iter: 90/96 loss: 0.2202 acc: 0.9006 time 1.39s
Epoch: 84/150 Iter: 91/96 loss: 0.2180 acc: 0.9017 time 1.39s
Epoch: 84/150 Iter: 92/96 loss: 0.2157 acc: 0.9027 time 1.47s
Epoch: 84/150 Iter: 93/96 loss: 0.2144 acc: 0.9038 time 0.75s
Epoch: 84/150 Iter: 94/96 loss: 0.2135 acc: 0.9048 time 1.43s
Epoch: 84/150 Iter: 95/96 loss: 0.2115 acc: 0.9058 time 1.45s
Epoch: 84/150 Iter: 96/96 loss: 0.2108 acc: 0.9033 time 0.79s
[Train epoch 84] avg_loss=0.2108 avg_acc=0.9033 | per-class [c0: 0.918, c1: 0.933, c2: 0.955]
Final training 84/150, loss: 0.2108, time 102.23s, lr: 0.035245
Accuracy: 0.936
class                  precision    recall   specificity      f1   support
--------------------------------------------------------------------------
0                          0.974     0.918         0.976   0.945       281
1                          0.718     0.933         0.980   0.812        30
2                          0.930     0.955         0.939   0.942       265
*----------------------------------------*
Val 84/150 1/24, Acc: 0.5000, Loss: 12.2240, time 0.45s
Val 84/150 2/24, Acc: 0.7500, Loss: 6.1280, time 0.46s
Val 84/150 3/24, Acc: 0.7222, Loss: 5.9852, time 0.46s
Val 84/150 4/24, Acc: 0.7917, Loss: 4.5233, time 0.42s
Val 84/150 5/24, Acc: 0.8333, Loss: 3.6357, time 0.47s
Val 84/150 6/24, Acc: 0.8611, Loss: 3.0345, time 0.52s
Val 84/150 7/24, Acc: 0.8810, Loss: 2.6059, time 0.43s
Val 84/150 8/24, Acc: 0.8646, Loss: 2.3510, time 0.42s
Val 84/150 9/24, Acc: 0.8796, Loss: 2.0945, time 0.41s
Val 84/150 10/24, Acc: 0.8917, Loss: 1.8924, time 0.51s
Val 84/150 11/24, Acc: 0.9015, Loss: 1.7488, time 0.42s
Val 84/150 12/24, Acc: 0.8542, Loss: 1.6728, time 0.47s
Val 84/150 13/24, Acc: 0.8654, Loss: 1.5576, time 0.48s
Val 84/150 14/24, Acc: 0.8333, Loss: 1.5065, time 0.42s
Val 84/150 15/24, Acc: 0.8444, Loss: 1.4090, time 0.39s
Val 84/150 16/24, Acc: 0.8417, Loss: 1.3799, time 0.42s
Val 84/150 17/24, Acc: 0.8510, Loss: 1.3020, time 0.47s
Val 84/150 18/24, Acc: 0.8523, Loss: 1.2419, time 0.43s
Val 84/150 19/24, Acc: 0.8548, Loss: 1.1952, time 0.44s
Val 84/150 20/24, Acc: 0.8343, Loss: 1.1648, time 0.50s
Val 84/150 21/24, Acc: 0.8422, Loss: 1.1101, time 0.45s
Val 84/150 22/24, Acc: 0.8418, Loss: 1.1007, time 0.53s
Val 84/150 23/24, Acc: 0.8269, Loss: 1.1772, time 0.38s
Val 84/150 24/24, Acc: 0.8203, Loss: 1.1519, time 0.40s
[Val epoch 84] avg_acc=0.8203 | avg_loss=1.1519 | per-class [c0: 0.814, c1: 0.500, c2: 0.970]
Final validation 84/150, Val_acc: 0.8203, time 10.75sAccuracy: 0.868
class                  precision    recall   specificity      f1   support
--------------------------------------------------------------------------
0                          0.966     0.814         0.973   0.884        70
1                          0.571     0.500         0.978   0.533         8
2                          0.821     0.970         0.821   0.889        66
*========================================*
Saving checkpoint outputs/OrganoidsINRIA_reduced/resnet18/2025-11-17-16-11/training/model_final.pt
[EarlyStopping] no improve (16/40)
[EarlyStopping] no improve (18/40)
0 Mon Nov 17 18:48:15 2025 Epoch: 85
Epoch: 85/150 Iter: 1/96 loss: 0.1146 acc: 0.8889 time 2.82s
Epoch: 85/150 Iter: 2/96 loss: 0.1052 acc: 0.9444 time 1.43s
Epoch: 85/150 Iter: 3/96 loss: 0.0852 acc: 0.9630 time 0.70s
Epoch: 85/150 Iter: 4/96 loss: 0.1186 acc: 0.8681 time 0.91s
Epoch: 85/150 Iter: 5/96 loss: 0.1149 acc: 0.8944 time 0.78s
Epoch: 85/150 Iter: 6/96 loss: 0.1423 acc: 0.8981 time 1.40s
Epoch: 85/150 Iter: 7/96 loss: 0.1271 acc: 0.9127 time 0.90s
Epoch: 85/150 Iter: 8/96 loss: 0.1316 acc: 0.9236 time 0.81s
Epoch: 85/150 Iter: 9/96 loss: 0.1245 acc: 0.9321 time 1.43s
Epoch: 85/150 Iter: 10/96 loss: 0.1133 acc: 0.9389 time 1.35s
Epoch: 85/150 Iter: 11/96 loss: 0.1059 acc: 0.9444 time 1.46s
Epoch: 85/150 Iter: 12/96 loss: 0.1088 acc: 0.9491 time 1.47s
Epoch: 85/150 Iter: 13/96 loss: 0.1056 acc: 0.9530 time 1.47s
Epoch: 85/150 Iter: 14/96 loss: 0.1031 acc: 0.9563 time 0.84s
Epoch: 85/150 Iter: 15/96 loss: 0.1284 acc: 0.9315 time 1.39s
Epoch: 85/150 Iter: 16/96 loss: 0.1270 acc: 0.9358 time 0.89s
Epoch: 85/150 Iter: 17/96 loss: 0.1232 acc: 0.9395 time 1.43s
Epoch: 85/150 Iter: 18/96 loss: 0.1238 acc: 0.9336 time 0.91s
Epoch: 85/150 Iter: 19/96 loss: 0.1179 acc: 0.9371 time 0.78s
Epoch: 85/150 Iter: 20/96 loss: 0.1155 acc: 0.9403 time 1.45s
Epoch: 85/150 Iter: 21/96 loss: 0.1193 acc: 0.9352 time 1.45s
Epoch: 85/150 Iter: 22/96 loss: 0.1146 acc: 0.9381 time 1.43s
Epoch: 85/150 Iter: 23/96 loss: 0.1114 acc: 0.9408 time 0.90s
Epoch: 85/150 Iter: 24/96 loss: 0.1069 acc: 0.9433 time 1.46s
Epoch: 85/150 Iter: 25/96 loss: 0.1040 acc: 0.9456 time 1.35s
Epoch: 85/150 Iter: 26/96 loss: 0.1022 acc: 0.9476 time 1.38s
Epoch: 85/150 Iter: 27/96 loss: 0.0999 acc: 0.9496 time 0.91s
Epoch: 85/150 Iter: 28/96 loss: 0.1002 acc: 0.9514 time 0.81s
Epoch: 85/150 Iter: 29/96 loss: 0.1068 acc: 0.9473 time 1.48s
Epoch: 85/150 Iter: 30/96 loss: 0.1286 acc: 0.9306 time 1.45s
Epoch: 85/150 Iter: 31/96 loss: 0.1373 acc: 0.9292 time 0.86s
Epoch: 85/150 Iter: 32/96 loss: 0.1330 acc: 0.9314 time 0.85s
Epoch: 85/150 Iter: 33/96 loss: 0.1471 acc: 0.9133 time 1.48s
Epoch: 85/150 Iter: 34/96 loss: 0.1556 acc: 0.9085 time 0.93s
Epoch: 85/150 Iter: 35/96 loss: 0.1661 acc: 0.9063 time 0.77s
Epoch: 85/150 Iter: 36/96 loss: 0.1684 acc: 0.8951 time 0.89s
Epoch: 85/150 Iter: 37/96 loss: 0.1664 acc: 0.8934 time 1.41s
Epoch: 85/150 Iter: 38/96 loss: 0.1627 acc: 0.8962 time 1.44s
Epoch: 85/150 Iter: 39/96 loss: 0.1660 acc: 0.8925 time 0.87s
Epoch: 85/150 Iter: 40/96 loss: 0.1625 acc: 0.8951 time 1.42s
Epoch: 85/150 Iter: 41/96 loss: 0.1605 acc: 0.8977 time 1.42s
Epoch: 85/150 Iter: 42/96 loss: 0.1614 acc: 0.8935 time 0.74s
Epoch: 85/150 Iter: 43/96 loss: 0.1783 acc: 0.8931 time 0.84s
Epoch: 85/150 Iter: 44/96 loss: 0.1746 acc: 0.8955 time 0.79s
Epoch: 85/150 Iter: 45/96 loss: 0.1711 acc: 0.8978 time 0.85s
Epoch: 85/150 Iter: 46/96 loss: 0.1691 acc: 0.9001 time 1.42s
Epoch: 85/150 Iter: 47/96 loss: 0.1877 acc: 0.8904 time 0.81s
Epoch: 85/150 Iter: 48/96 loss: 0.1861 acc: 0.8927 time 0.87s
Epoch: 85/150 Iter: 49/96 loss: 0.1875 acc: 0.8948 time 1.45s
Epoch: 85/150 Iter: 50/96 loss: 0.2018 acc: 0.8919 time 0.85s
Epoch: 85/150 Iter: 51/96 loss: 0.2036 acc: 0.8941 time 0.91s
Epoch: 85/150 Iter: 52/96 loss: 0.2001 acc: 0.8961 time 0.95s
Epoch: 85/150 Iter: 53/96 loss: 0.1976 acc: 0.8981 time 1.46s
Epoch: 85/150 Iter: 54/96 loss: 0.1942 acc: 0.8999 time 1.45s
Epoch: 85/150 Iter: 55/96 loss: 0.1992 acc: 0.8995 time 1.46s
Epoch: 85/150 Iter: 56/96 loss: 0.1994 acc: 0.9013 time 1.42s
Epoch: 85/150 Iter: 57/96 loss: 0.1965 acc: 0.9030 time 1.43s
Epoch: 85/150 Iter: 58/96 loss: 0.1933 acc: 0.9047 time 0.74s
Epoch: 85/150 Iter: 59/96 loss: 0.1928 acc: 0.9044 time 0.86s
Epoch: 85/150 Iter: 60/96 loss: 0.1897 acc: 0.9060 time 1.47s
Epoch: 85/150 Iter: 61/96 loss: 0.1892 acc: 0.9076 time 0.90s
Epoch: 85/150 Iter: 62/96 loss: 0.1896 acc: 0.9019 time 0.78s
Epoch: 85/150 Iter: 63/96 loss: 0.1908 acc: 0.9008 time 0.93s
Epoch: 85/150 Iter: 64/96 loss: 0.1887 acc: 0.9023 time 0.80s
Epoch: 85/150 Iter: 65/96 loss: 0.1870 acc: 0.9038 time 0.92s
Epoch: 85/150 Iter: 66/96 loss: 0.1868 acc: 0.9053 time 0.77s
Epoch: 85/150 Iter: 67/96 loss: 0.1845 acc: 0.9067 time 1.48s
Epoch: 85/150 Iter: 68/96 loss: 0.1892 acc: 0.9032 time 0.79s
Epoch: 85/150 Iter: 69/96 loss: 0.1904 acc: 0.9022 time 0.77s
Epoch: 85/150 Iter: 70/96 loss: 0.1901 acc: 0.9036 time 1.41s
Epoch: 85/150 Iter: 71/96 loss: 0.1877 acc: 0.9049 time 0.89s
Epoch: 85/150 Iter: 72/96 loss: 0.1859 acc: 0.9063 time 0.91s
Epoch: 85/150 Iter: 73/96 loss: 0.1852 acc: 0.8995 time 1.42s
Epoch: 85/150 Iter: 74/96 loss: 0.1874 acc: 0.8953 time 0.77s
Epoch: 85/150 Iter: 75/96 loss: 0.1861 acc: 0.8967 time 1.44s
Epoch: 85/150 Iter: 76/96 loss: 0.1862 acc: 0.8980 time 0.91s
Epoch: 85/150 Iter: 77/96 loss: 0.1839 acc: 0.8994 time 0.71s
Epoch: 85/150 Iter: 78/96 loss: 0.1896 acc: 0.8964 time 1.46s
Epoch: 85/150 Iter: 79/96 loss: 0.1901 acc: 0.8924 time 0.90s
Epoch: 85/150 Iter: 80/96 loss: 0.1944 acc: 0.8913 time 1.45s
Epoch: 85/150 Iter: 81/96 loss: 0.1923 acc: 0.8926 time 1.42s
Epoch: 85/150 Iter: 82/96 loss: 0.1944 acc: 0.8924 time 0.75s
Epoch: 85/150 Iter: 83/96 loss: 0.1969 acc: 0.8917 time 0.74s
Epoch: 85/150 Iter: 84/96 loss: 0.1966 acc: 0.8910 time 0.84s
Epoch: 85/150 Iter: 85/96 loss: 0.1981 acc: 0.8875 time 1.37s
Epoch: 85/150 Iter: 86/96 loss: 0.1976 acc: 0.8889 time 1.36s
Epoch: 85/150 Iter: 87/96 loss: 0.1969 acc: 0.8901 time 1.37s
Epoch: 85/150 Iter: 88/96 loss: 0.1989 acc: 0.8895 time 1.38s
Epoch: 85/150 Iter: 89/96 loss: 0.1993 acc: 0.8893 time 0.75s
Epoch: 85/150 Iter: 90/96 loss: 0.1976 acc: 0.8906 time 0.80s
Epoch: 85/150 Iter: 91/96 loss: 0.1976 acc: 0.8872 time 0.79s
Epoch: 85/150 Iter: 92/96 loss: 0.2008 acc: 0.8839 time 1.40s
Epoch: 85/150 Iter: 93/96 loss: 0.1996 acc: 0.8851 time 0.69s
Epoch: 85/150 Iter: 94/96 loss: 0.1978 acc: 0.8863 time 1.42s
Epoch: 85/150 Iter: 95/96 loss: 0.2007 acc: 0.8798 time 0.96s
Epoch: 85/150 Iter: 96/96 loss: 0.1987 acc: 0.8811 time 0.72s
[Train epoch 85] avg_loss=0.1987 avg_acc=0.8811 | per-class [c0: 0.907, c1: 0.967, c2: 0.921]
Final training 85/150, loss: 0.1987, time 107.57s, lr: 0.034385
Accuracy: 0.917
class                  precision    recall   specificity      f1   support
--------------------------------------------------------------------------
0                          0.955     0.907         0.959   0.930       280
1                          0.644     0.967         0.971   0.773        30
2                          0.925     0.921         0.935   0.923       266
*----------------------------------------*
0 Mon Nov 17 18:50:02 2025 Epoch: 86
Epoch: 86/150 Iter: 1/96 loss: 0.0704 acc: 1.0000 time 2.99s
Epoch: 86/150 Iter: 2/96 loss: 0.0558 acc: 1.0000 time 0.80s
Epoch: 86/150 Iter: 3/96 loss: 0.1139 acc: 1.0000 time 1.42s
Epoch: 86/150 Iter: 4/96 loss: 0.1099 acc: 1.0000 time 0.76s
Epoch: 86/150 Iter: 5/96 loss: 0.0923 acc: 1.0000 time 1.40s
Epoch: 86/150 Iter: 6/96 loss: 0.1339 acc: 0.9583 time 0.75s
Epoch: 86/150 Iter: 7/96 loss: 0.1697 acc: 0.9405 time 0.80s
Epoch: 86/150 Iter: 8/96 loss: 0.1798 acc: 0.8854 time 1.45s
Epoch: 86/150 Iter: 9/96 loss: 0.2196 acc: 0.8488 time 1.47s
Epoch: 86/150 Iter: 10/96 loss: 0.2572 acc: 0.8139 time 0.76s
Epoch: 86/150 Iter: 11/96 loss: 0.2424 acc: 0.8308 time 0.76s
Epoch: 86/150 Iter: 12/96 loss: 0.2379 acc: 0.8449 time 0.90s
Epoch: 86/150 Iter: 13/96 loss: 0.2387 acc: 0.8440 time 0.78s
Epoch: 86/150 Iter: 14/96 loss: 0.2365 acc: 0.8433 time 1.45s
Epoch: 86/150 Iter: 15/96 loss: 0.2526 acc: 0.8404 time 0.74s
Epoch: 86/150 Iter: 16/96 loss: 0.2406 acc: 0.8503 time 0.91s
Epoch: 86/150 Iter: 17/96 loss: 0.2315 acc: 0.8592 time 0.82s
Epoch: 86/150 Iter: 18/96 loss: 0.2455 acc: 0.8559 time 1.49s
Epoch: 86/150 Iter: 19/96 loss: 0.2358 acc: 0.8635 time 0.74s
Epoch: 86/150 Iter: 20/96 loss: 0.2368 acc: 0.8619 time 0.78s
Epoch: 86/150 Iter: 21/96 loss: 0.2637 acc: 0.8368 time 0.97s
Epoch: 86/150 Iter: 22/96 loss: 0.2965 acc: 0.8215 time 1.47s
Epoch: 86/150 Iter: 23/96 loss: 0.2873 acc: 0.8292 time 0.80s
Epoch: 86/150 Iter: 24/96 loss: 0.2765 acc: 0.8363 time 1.42s
Epoch: 86/150 Iter: 25/96 loss: 0.2685 acc: 0.8429 time 1.44s
Epoch: 86/150 Iter: 26/96 loss: 0.2626 acc: 0.8425 time 0.80s
Epoch: 86/150 Iter: 27/96 loss: 0.2545 acc: 0.8484 time 0.75s
Epoch: 86/150 Iter: 28/96 loss: 0.2620 acc: 0.8300 time 0.78s
Epoch: 86/150 Iter: 29/96 loss: 0.2550 acc: 0.8358 time 0.75s
Epoch: 86/150 Iter: 30/96 loss: 0.2493 acc: 0.8376 time 1.43s
Epoch: 86/150 Iter: 31/96 loss: 0.2441 acc: 0.8428 time 1.43s
Epoch: 86/150 Iter: 32/96 loss: 0.2366 acc: 0.8477 time 0.91s
Epoch: 86/150 Iter: 33/96 loss: 0.2328 acc: 0.8524 time 1.45s
Epoch: 86/150 Iter: 34/96 loss: 0.2355 acc: 0.8436 time 0.79s
Epoch: 86/150 Iter: 35/96 loss: 0.2364 acc: 0.8449 time 0.87s
Epoch: 86/150 Iter: 36/96 loss: 0.2356 acc: 0.8423 time 1.45s
Epoch: 86/150 Iter: 37/96 loss: 0.2527 acc: 0.8339 time 0.93s
Epoch: 86/150 Iter: 38/96 loss: 0.2501 acc: 0.8383 time 1.45s
Epoch: 86/150 Iter: 39/96 loss: 0.2603 acc: 0.8296 time 0.78s
Epoch: 86/150 Iter: 40/96 loss: 0.2582 acc: 0.8276 time 0.86s
Epoch: 86/150 Iter: 41/96 loss: 0.2539 acc: 0.8318 time 1.44s
Epoch: 86/150 Iter: 42/96 loss: 0.2480 acc: 0.8358 time 1.44s
Epoch: 86/150 Iter: 43/96 loss: 0.2528 acc: 0.8280 time 0.86s
Epoch: 86/150 Iter: 44/96 loss: 0.2478 acc: 0.8319 time 1.48s
Epoch: 86/150 Iter: 45/96 loss: 0.2428 acc: 0.8357 time 0.81s
Epoch: 86/150 Iter: 46/96 loss: 0.2434 acc: 0.8393 time 1.40s
Epoch: 86/150 Iter: 47/96 loss: 0.2591 acc: 0.8356 time 0.80s
Epoch: 86/150 Iter: 48/96 loss: 0.2694 acc: 0.8332 time 0.86s
Epoch: 86/150 Iter: 49/96 loss: 0.2685 acc: 0.8346 time 0.94s
Epoch: 86/150 Iter: 50/96 loss: 0.2657 acc: 0.8379 time 1.41s
Epoch: 86/150 Iter: 51/96 loss: 0.2639 acc: 0.8411 time 0.88s
Epoch: 86/150 Iter: 52/96 loss: 0.2617 acc: 0.8441 time 1.44s
Epoch: 86/150 Iter: 53/96 loss: 0.2582 acc: 0.8471 time 0.76s
Epoch: 86/150 Iter: 54/96 loss: 0.2547 acc: 0.8499 time 0.77s
Epoch: 86/150 Iter: 55/96 loss: 0.2511 acc: 0.8526 time 1.46s
Epoch: 86/150 Iter: 56/96 loss: 0.2579 acc: 0.8419 time 0.91s
Epoch: 86/150 Iter: 57/96 loss: 0.2539 acc: 0.8446 time 1.45s
Epoch: 86/150 Iter: 58/96 loss: 0.2598 acc: 0.8373 time 0.76s
Epoch: 86/150 Iter: 59/96 loss: 0.2599 acc: 0.8379 time 0.74s
Epoch: 86/150 Iter: 60/96 loss: 0.2581 acc: 0.8378 time 0.88s
Epoch: 86/150 Iter: 61/96 loss: 0.2596 acc: 0.8309 time 0.79s
Epoch: 86/150 Iter: 62/96 loss: 0.2578 acc: 0.8296 time 1.43s
Epoch: 86/150 Iter: 63/96 loss: 0.2616 acc: 0.8297 time 0.78s
Epoch: 86/150 Iter: 64/96 loss: 0.2637 acc: 0.8271 time 0.81s
Epoch: 86/150 Iter: 65/96 loss: 0.2598 acc: 0.8298 time 1.45s
Epoch: 86/150 Iter: 66/96 loss: 0.2668 acc: 0.8261 time 1.43s
Epoch: 86/150 Iter: 67/96 loss: 0.2683 acc: 0.8227 time 0.77s
Epoch: 86/150 Iter: 68/96 loss: 0.2697 acc: 0.8253 time 1.44s
Epoch: 86/150 Iter: 69/96 loss: 0.2668 acc: 0.8278 time 0.87s
Epoch: 86/150 Iter: 70/96 loss: 0.2640 acc: 0.8303 time 0.77s
Epoch: 86/150 Iter: 71/96 loss: 0.2632 acc: 0.8303 time 0.83s
Epoch: 86/150 Iter: 72/96 loss: 0.2612 acc: 0.8309 time 1.42s
Epoch: 86/150 Iter: 73/96 loss: 0.2584 acc: 0.8333 time 0.79s
Epoch: 86/150 Iter: 74/96 loss: 0.2574 acc: 0.8333 time 0.92s
Epoch: 86/150 Iter: 75/96 loss: 0.2585 acc: 0.8277 time 0.87s
Epoch: 86/150 Iter: 76/96 loss: 0.2558 acc: 0.8300 time 1.43s
Epoch: 86/150 Iter: 77/96 loss: 0.2544 acc: 0.8322 time 0.77s
Epoch: 86/150 Iter: 78/96 loss: 0.2517 acc: 0.8343 time 0.77s
Epoch: 86/150 Iter: 79/96 loss: 0.2502 acc: 0.8364 time 1.48s
Epoch: 86/150 Iter: 80/96 loss: 0.2490 acc: 0.8364 time 0.91s
Epoch: 86/150 Iter: 81/96 loss: 0.2481 acc: 0.8384 time 0.87s
Epoch: 86/150 Iter: 82/96 loss: 0.2493 acc: 0.8353 time 1.38s
Epoch: 86/150 Iter: 83/96 loss: 0.2468 acc: 0.8373 time 0.76s
Epoch: 86/150 Iter: 84/96 loss: 0.2454 acc: 0.8392 time 0.82s
Epoch: 86/150 Iter: 85/96 loss: 0.2559 acc: 0.8317 time 0.75s
Epoch: 86/150 Iter: 86/96 loss: 0.2549 acc: 0.8337 time 0.73s
Epoch: 86/150 Iter: 87/96 loss: 0.2582 acc: 0.8337 time 0.72s
Epoch: 86/150 Iter: 88/96 loss: 0.2567 acc: 0.8289 time 0.73s
Epoch: 86/150 Iter: 89/96 loss: 0.2547 acc: 0.8308 time 1.37s
Epoch: 86/150 Iter: 90/96 loss: 0.2544 acc: 0.8278 time 0.74s
Epoch: 86/150 Iter: 91/96 loss: 0.2527 acc: 0.8297 time 0.73s
Epoch: 86/150 Iter: 92/96 loss: 0.2506 acc: 0.8315 time 0.76s
Epoch: 86/150 Iter: 93/96 loss: 0.2480 acc: 0.8333 time 0.75s
Epoch: 86/150 Iter: 94/96 loss: 0.2455 acc: 0.8351 time 1.46s
Epoch: 86/150 Iter: 95/96 loss: 0.2470 acc: 0.8342 time 1.48s
Epoch: 86/150 Iter: 96/96 loss: 0.2468 acc: 0.8346 time 0.79s
[Train epoch 86] avg_loss=0.2468 avg_acc=0.8346 | per-class [c0: 0.889, c1: 0.900, c2: 0.898]
Final training 86/150, loss: 0.2468, time 100.63s, lr: 0.033529
Accuracy: 0.894
class                  precision    recall   specificity      f1   support
--------------------------------------------------------------------------
0                          0.936     0.889         0.943   0.912       280
1                          0.574     0.900         0.963   0.701        30
2                          0.909     0.898         0.923   0.904       266
*----------------------------------------*
Val 86/150 1/24, Acc: 0.6667, Loss: 12.4756, time 0.51s
Val 86/150 2/24, Acc: 0.8333, Loss: 6.3010, time 0.46s
Val 86/150 3/24, Acc: 0.7778, Loss: 5.3728, time 0.47s
Val 86/150 4/24, Acc: 0.8021, Loss: 4.0880, time 0.42s
Val 86/150 5/24, Acc: 0.8417, Loss: 3.3117, time 0.48s
Val 86/150 6/24, Acc: 0.8681, Loss: 2.7703, time 0.52s
Val 86/150 7/24, Acc: 0.8869, Loss: 2.3890, time 0.51s
Val 86/150 8/24, Acc: 0.8542, Loss: 2.1863, time 0.45s
Val 86/150 9/24, Acc: 0.8704, Loss: 1.9586, time 0.42s
Val 86/150 10/24, Acc: 0.8833, Loss: 1.7642, time 0.57s
Val 86/150 11/24, Acc: 0.8939, Loss: 1.6316, time 0.43s
Val 86/150 12/24, Acc: 0.8472, Loss: 1.5701, time 0.45s
Val 86/150 13/24, Acc: 0.8590, Loss: 1.4533, time 0.46s
Val 86/150 14/24, Acc: 0.8274, Loss: 1.4221, time 0.43s
Val 86/150 15/24, Acc: 0.8333, Loss: 1.3454, time 0.40s
Val 86/150 16/24, Acc: 0.8313, Loss: 1.2900, time 0.50s
Val 86/150 17/24, Acc: 0.8338, Loss: 1.2228, time 0.54s
Val 86/150 18/24, Acc: 0.8361, Loss: 1.1672, time 0.44s
Val 86/150 19/24, Acc: 0.8395, Loss: 1.1205, time 0.50s
Val 86/150 20/24, Acc: 0.8392, Loss: 1.1029, time 0.46s
Val 86/150 21/24, Acc: 0.8409, Loss: 1.0609, time 0.52s
Val 86/150 22/24, Acc: 0.8405, Loss: 1.0389, time 0.59s
Val 86/150 23/24, Acc: 0.8257, Loss: 1.1419, time 0.39s
Val 86/150 24/24, Acc: 0.8191, Loss: 1.1483, time 0.43s
[Val epoch 86] avg_acc=0.8191 | avg_loss=1.1483 | per-class [c0: 0.843, c1: 0.500, c2: 0.894]
Final validation 86/150, Val_acc: 0.8191, time 11.35sAccuracy: 0.847
class                  precision    recall   specificity      f1   support
--------------------------------------------------------------------------
0                          0.868     0.843         0.878   0.855        70
1                          0.667     0.500         0.985   0.571         8
2                          0.843     0.894         0.859   0.868        66
*========================================*
Saving checkpoint outputs/OrganoidsINRIA_reduced/resnet18/2025-11-17-16-11/training/model_final.pt
[EarlyStopping] no improve (17/40)
[EarlyStopping] no improve (19/40)
0 Mon Nov 17 18:51:59 2025 Epoch: 87
Epoch: 87/150 Iter: 1/96 loss: 0.6515 acc: 0.8750 time 2.74s
Epoch: 87/150 Iter: 2/96 loss: 0.4715 acc: 0.8750 time 1.44s
Epoch: 87/150 Iter: 3/96 loss: 0.4227 acc: 0.8750 time 0.86s
Epoch: 87/150 Iter: 4/96 loss: 0.3342 acc: 0.9062 time 0.81s
Epoch: 87/150 Iter: 5/96 loss: 0.3098 acc: 0.8450 time 0.87s
Epoch: 87/150 Iter: 6/96 loss: 0.2649 acc: 0.8708 time 0.95s
Epoch: 87/150 Iter: 7/96 loss: 0.4497 acc: 0.8417 time 0.90s
Epoch: 87/150 Iter: 8/96 loss: 0.3997 acc: 0.8615 time 0.78s
Epoch: 87/150 Iter: 9/96 loss: 0.3759 acc: 0.8583 time 1.40s
Epoch: 87/150 Iter: 10/96 loss: 0.3414 acc: 0.8725 time 0.75s
Epoch: 87/150 Iter: 11/96 loss: 0.3405 acc: 0.8750 time 0.79s
Epoch: 87/150 Iter: 12/96 loss: 0.3311 acc: 0.8646 time 1.45s
Epoch: 87/150 Iter: 13/96 loss: 0.3067 acc: 0.8750 time 0.79s
Epoch: 87/150 Iter: 14/96 loss: 0.2930 acc: 0.8839 time 1.45s
Epoch: 87/150 Iter: 15/96 loss: 0.3225 acc: 0.8528 time 0.76s
Epoch: 87/150 Iter: 16/96 loss: 0.3257 acc: 0.8542 time 1.45s
Epoch: 87/150 Iter: 17/96 loss: 0.3761 acc: 0.8186 time 0.95s
Epoch: 87/150 Iter: 18/96 loss: 0.3621 acc: 0.8287 time 0.77s
Epoch: 87/150 Iter: 19/96 loss: 0.3441 acc: 0.8377 time 1.42s
Epoch: 87/150 Iter: 20/96 loss: 0.3444 acc: 0.8208 time 0.80s
Epoch: 87/150 Iter: 21/96 loss: 0.3436 acc: 0.8254 time 0.81s
Epoch: 87/150 Iter: 22/96 loss: 0.3999 acc: 0.8081 time 0.74s
Epoch: 87/150 Iter: 23/96 loss: 0.3844 acc: 0.8164 time 0.78s
Epoch: 87/150 Iter: 24/96 loss: 0.3729 acc: 0.8241 time 0.76s
Epoch: 87/150 Iter: 25/96 loss: 0.3590 acc: 0.8311 time 0.78s
Epoch: 87/150 Iter: 26/96 loss: 0.3466 acc: 0.8376 time 1.41s
Epoch: 87/150 Iter: 27/96 loss: 0.3362 acc: 0.8436 time 0.84s
Epoch: 87/150 Iter: 28/96 loss: 0.3428 acc: 0.8254 time 0.71s
Epoch: 87/150 Iter: 29/96 loss: 0.3336 acc: 0.8314 time 0.73s
Epoch: 87/150 Iter: 30/96 loss: 0.3355 acc: 0.8370 time 1.39s
Epoch: 87/150 Iter: 31/96 loss: 0.3253 acc: 0.8423 time 0.91s
Epoch: 87/150 Iter: 32/96 loss: 0.3174 acc: 0.8472 time 1.47s
Epoch: 87/150 Iter: 33/96 loss: 0.3259 acc: 0.8418 time 0.76s
Epoch: 87/150 Iter: 34/96 loss: 0.3245 acc: 0.8427 time 1.37s
Epoch: 87/150 Iter: 35/96 loss: 0.3186 acc: 0.8472 time 1.35s
Epoch: 87/150 Iter: 36/96 loss: 0.3101 acc: 0.8515 time 0.83s
Epoch: 87/150 Iter: 37/96 loss: 0.3067 acc: 0.8555 time 1.46s
Epoch: 87/150 Iter: 38/96 loss: 0.3036 acc: 0.8593 time 0.80s
Epoch: 87/150 Iter: 39/96 loss: 0.2989 acc: 0.8629 time 0.94s
Epoch: 87/150 Iter: 40/96 loss: 0.3016 acc: 0.8497 time 0.73s
Epoch: 87/150 Iter: 41/96 loss: 0.2957 acc: 0.8533 time 0.90s
Epoch: 87/150 Iter: 42/96 loss: 0.2897 acc: 0.8568 time 0.92s
Epoch: 87/150 Iter: 43/96 loss: 0.2838 acc: 0.8601 time 0.75s
Epoch: 87/150 Iter: 44/96 loss: 0.2806 acc: 0.8633 time 0.81s
Epoch: 87/150 Iter: 45/96 loss: 0.2756 acc: 0.8664 time 1.42s
Epoch: 87/150 Iter: 46/96 loss: 0.2769 acc: 0.8656 time 1.37s
Epoch: 87/150 Iter: 47/96 loss: 0.2715 acc: 0.8685 time 1.48s
Epoch: 87/150 Iter: 48/96 loss: 0.2682 acc: 0.8712 time 0.75s
Epoch: 87/150 Iter: 49/96 loss: 0.2718 acc: 0.8705 time 1.42s
Epoch: 87/150 Iter: 50/96 loss: 0.2684 acc: 0.8731 time 1.43s
Epoch: 87/150 Iter: 51/96 loss: 0.2655 acc: 0.8755 time 1.44s
Epoch: 87/150 Iter: 52/96 loss: 0.2609 acc: 0.8779 time 0.72s
Epoch: 87/150 Iter: 53/96 loss: 0.2568 acc: 0.8802 time 0.77s
Epoch: 87/150 Iter: 54/96 loss: 0.2558 acc: 0.8742 time 1.44s
Epoch: 87/150 Iter: 55/96 loss: 0.2515 acc: 0.8765 time 1.42s
Epoch: 87/150 Iter: 56/96 loss: 0.2506 acc: 0.8787 time 0.78s
Epoch: 87/150 Iter: 57/96 loss: 0.2468 acc: 0.8808 time 1.43s
Epoch: 87/150 Iter: 58/96 loss: 0.2500 acc: 0.8800 time 1.43s
Epoch: 87/150 Iter: 59/96 loss: 0.2555 acc: 0.8722 time 0.94s
Epoch: 87/150 Iter: 60/96 loss: 0.2563 acc: 0.8722 time 0.92s
Epoch: 87/150 Iter: 61/96 loss: 0.2554 acc: 0.8716 time 1.40s
Epoch: 87/150 Iter: 62/96 loss: 0.2517 acc: 0.8737 time 1.44s
Epoch: 87/150 Iter: 63/96 loss: 0.2480 acc: 0.8757 time 1.46s
Epoch: 87/150 Iter: 64/96 loss: 0.2478 acc: 0.8757 time 0.79s
Epoch: 87/150 Iter: 65/96 loss: 0.2447 acc: 0.8776 time 0.83s
Epoch: 87/150 Iter: 66/96 loss: 0.2424 acc: 0.8794 time 0.75s
Epoch: 87/150 Iter: 67/96 loss: 0.2392 acc: 0.8812 time 0.73s
Epoch: 87/150 Iter: 68/96 loss: 0.2445 acc: 0.8815 time 0.74s
Epoch: 87/150 Iter: 69/96 loss: 0.2417 acc: 0.8832 time 0.90s
Epoch: 87/150 Iter: 70/96 loss: 0.2407 acc: 0.8837 time 1.40s
Epoch: 87/150 Iter: 71/96 loss: 0.2384 acc: 0.8853 time 0.75s
Epoch: 87/150 Iter: 72/96 loss: 0.2366 acc: 0.8869 time 1.43s
Epoch: 87/150 Iter: 73/96 loss: 0.2395 acc: 0.8809 time 0.76s
Epoch: 87/150 Iter: 74/96 loss: 0.2444 acc: 0.8768 time 0.77s
Epoch: 87/150 Iter: 75/96 loss: 0.2431 acc: 0.8785 time 0.87s
Epoch: 87/150 Iter: 76/96 loss: 0.2494 acc: 0.8742 time 1.43s
Epoch: 87/150 Iter: 77/96 loss: 0.2486 acc: 0.8726 time 0.78s
Epoch: 87/150 Iter: 78/96 loss: 0.2456 acc: 0.8743 time 1.42s
Epoch: 87/150 Iter: 79/96 loss: 0.2440 acc: 0.8758 time 0.88s
Epoch: 87/150 Iter: 80/96 loss: 0.2465 acc: 0.8753 time 1.44s
Epoch: 87/150 Iter: 81/96 loss: 0.2466 acc: 0.8714 time 0.70s
Epoch: 87/150 Iter: 82/96 loss: 0.2453 acc: 0.8729 time 1.41s
Epoch: 87/150 Iter: 83/96 loss: 0.2435 acc: 0.8745 time 0.73s
Epoch: 87/150 Iter: 84/96 loss: 0.2447 acc: 0.8748 time 1.41s
Epoch: 87/150 Iter: 85/96 loss: 0.2422 acc: 0.8762 time 0.75s
Epoch: 87/150 Iter: 86/96 loss: 0.2399 acc: 0.8777 time 1.41s
Epoch: 87/150 Iter: 87/96 loss: 0.2381 acc: 0.8791 time 0.73s
Epoch: 87/150 Iter: 88/96 loss: 0.2408 acc: 0.8757 time 1.37s
Epoch: 87/150 Iter: 89/96 loss: 0.2384 acc: 0.8771 time 0.70s
Epoch: 87/150 Iter: 90/96 loss: 0.2366 acc: 0.8785 time 1.39s
Epoch: 87/150 Iter: 91/96 loss: 0.2387 acc: 0.8749 time 0.73s
Epoch: 87/150 Iter: 92/96 loss: 0.2392 acc: 0.8749 time 0.75s
Epoch: 87/150 Iter: 93/96 loss: 0.2381 acc: 0.8745 time 0.70s
Epoch: 87/150 Iter: 94/96 loss: 0.2357 acc: 0.8758 time 1.36s
Epoch: 87/150 Iter: 95/96 loss: 0.2353 acc: 0.8771 time 0.70s
Epoch: 87/150 Iter: 96/96 loss: 0.2340 acc: 0.8784 time 1.36s
[Train epoch 87] avg_loss=0.2340 avg_acc=0.8784 | per-class [c0: 0.893, c1: 0.931, c2: 0.932]
Final training 87/150, loss: 0.2340, time 101.46s, lr: 0.032675
Accuracy: 0.913
class                  precision    recall   specificity      f1   support
--------------------------------------------------------------------------
0                          0.965     0.893         0.969   0.928       281
1                          0.574     0.931         0.963   0.711        29
2                          0.922     0.932         0.932   0.927       266
*----------------------------------------*
0 Mon Nov 17 18:53:40 2025 Epoch: 88
Epoch: 88/150 Iter: 1/96 loss: 0.0163 acc: 1.0000 time 2.60s
Epoch: 88/150 Iter: 2/96 loss: 0.1829 acc: 0.9375 time 0.81s
Epoch: 88/150 Iter: 3/96 loss: 0.1292 acc: 0.9583 time 1.44s
Epoch: 88/150 Iter: 4/96 loss: 0.1655 acc: 0.9688 time 0.79s
Epoch: 88/150 Iter: 5/96 loss: 0.2185 acc: 0.9550 time 1.46s
Epoch: 88/150 Iter: 6/96 loss: 0.1946 acc: 0.9625 time 1.48s
Epoch: 88/150 Iter: 7/96 loss: 0.1865 acc: 0.9107 time 1.42s
Epoch: 88/150 Iter: 8/96 loss: 0.1803 acc: 0.9219 time 1.44s
Epoch: 88/150 Iter: 9/96 loss: 0.1996 acc: 0.9120 time 0.96s
Epoch: 88/150 Iter: 10/96 loss: 0.1803 acc: 0.9208 time 0.85s
Epoch: 88/150 Iter: 11/96 loss: 0.1659 acc: 0.9280 time 0.76s
Epoch: 88/150 Iter: 12/96 loss: 0.1599 acc: 0.9340 time 1.48s
Epoch: 88/150 Iter: 13/96 loss: 0.1620 acc: 0.9263 time 0.89s
Epoch: 88/150 Iter: 14/96 loss: 0.1643 acc: 0.9315 time 0.86s
Epoch: 88/150 Iter: 15/96 loss: 0.1592 acc: 0.9361 time 1.40s
Epoch: 88/150 Iter: 16/96 loss: 0.1560 acc: 0.9151 time 0.93s
Epoch: 88/150 Iter: 17/96 loss: 0.1530 acc: 0.9201 time 0.91s
Epoch: 88/150 Iter: 18/96 loss: 0.1462 acc: 0.9245 time 1.48s
Epoch: 88/150 Iter: 19/96 loss: 0.1388 acc: 0.9285 time 1.43s
Epoch: 88/150 Iter: 20/96 loss: 0.1350 acc: 0.9321 time 1.45s
Epoch: 88/150 Iter: 21/96 loss: 0.1396 acc: 0.9274 time 0.91s
Epoch: 88/150 Iter: 22/96 loss: 0.1401 acc: 0.9307 time 1.42s
Epoch: 88/150 Iter: 23/96 loss: 0.1370 acc: 0.9337 time 1.46s
Epoch: 88/150 Iter: 24/96 loss: 0.1455 acc: 0.9313 time 1.45s
Epoch: 88/150 Iter: 25/96 loss: 0.1428 acc: 0.9340 time 0.83s
Epoch: 88/150 Iter: 26/96 loss: 0.1656 acc: 0.9205 time 0.83s
Epoch: 88/150 Iter: 27/96 loss: 0.1639 acc: 0.9193 time 0.94s
Epoch: 88/150 Iter: 28/96 loss: 0.1770 acc: 0.9073 time 0.79s
Epoch: 88/150 Iter: 29/96 loss: 0.1791 acc: 0.9019 time 0.72s
Epoch: 88/150 Iter: 30/96 loss: 0.1927 acc: 0.8913 time 1.47s
Epoch: 88/150 Iter: 31/96 loss: 0.2034 acc: 0.8916 time 0.95s
Epoch: 88/150 Iter: 32/96 loss: 0.1975 acc: 0.8950 time 0.80s
Epoch: 88/150 Iter: 33/96 loss: 0.2007 acc: 0.8906 time 1.46s
Epoch: 88/150 Iter: 34/96 loss: 0.1959 acc: 0.8938 time 0.75s
Epoch: 88/150 Iter: 35/96 loss: 0.1910 acc: 0.8968 time 1.43s
Epoch: 88/150 Iter: 36/96 loss: 0.1870 acc: 0.8997 time 1.37s
Epoch: 88/150 Iter: 37/96 loss: 0.1861 acc: 0.8956 time 1.43s
Epoch: 88/150 Iter: 38/96 loss: 0.1915 acc: 0.8896 time 1.44s
Epoch: 88/150 Iter: 39/96 loss: 0.1884 acc: 0.8925 time 0.78s
Epoch: 88/150 Iter: 40/96 loss: 0.1837 acc: 0.8951 time 0.92s
Epoch: 88/150 Iter: 41/96 loss: 0.1863 acc: 0.8953 time 0.80s
Epoch: 88/150 Iter: 42/96 loss: 0.1873 acc: 0.8918 time 0.94s
Epoch: 88/150 Iter: 43/96 loss: 0.1861 acc: 0.8943 time 1.45s
Epoch: 88/150 Iter: 44/96 loss: 0.1867 acc: 0.8967 time 1.44s
Epoch: 88/150 Iter: 45/96 loss: 0.1834 acc: 0.8990 time 1.43s
Epoch: 88/150 Iter: 46/96 loss: 0.1803 acc: 0.9012 time 0.76s
Epoch: 88/150 Iter: 47/96 loss: 0.1842 acc: 0.9009 time 0.89s
Epoch: 88/150 Iter: 48/96 loss: 0.1840 acc: 0.8995 time 0.79s
Epoch: 88/150 Iter: 49/96 loss: 0.1807 acc: 0.9016 time 0.75s
Epoch: 88/150 Iter: 50/96 loss: 0.1774 acc: 0.9036 time 1.41s
Epoch: 88/150 Iter: 51/96 loss: 0.1757 acc: 0.9054 time 0.80s
Epoch: 88/150 Iter: 52/96 loss: 0.1737 acc: 0.9073 time 1.44s
Epoch: 88/150 Iter: 53/96 loss: 0.1762 acc: 0.9059 time 0.78s
Epoch: 88/150 Iter: 54/96 loss: 0.1735 acc: 0.9076 time 1.42s
Epoch: 88/150 Iter: 55/96 loss: 0.1708 acc: 0.9093 time 0.95s
Epoch: 88/150 Iter: 56/96 loss: 0.1688 acc: 0.9109 time 0.89s
Epoch: 88/150 Iter: 57/96 loss: 0.1746 acc: 0.9105 time 0.83s
Epoch: 88/150 Iter: 58/96 loss: 0.1718 acc: 0.9121 time 0.88s
Epoch: 88/150 Iter: 59/96 loss: 0.1714 acc: 0.9107 time 0.91s
Epoch: 88/150 Iter: 60/96 loss: 0.1756 acc: 0.9094 time 0.91s
Epoch: 88/150 Iter: 61/96 loss: 0.1782 acc: 0.9089 time 1.46s
Epoch: 88/150 Iter: 62/96 loss: 0.1821 acc: 0.9036 time 0.78s
Epoch: 88/150 Iter: 63/96 loss: 0.1796 acc: 0.9052 time 1.40s
Epoch: 88/150 Iter: 64/96 loss: 0.1786 acc: 0.9049 time 1.45s
Epoch: 88/150 Iter: 65/96 loss: 0.1767 acc: 0.9064 time 0.88s
Epoch: 88/150 Iter: 66/96 loss: 0.1758 acc: 0.9078 time 0.74s
Epoch: 88/150 Iter: 67/96 loss: 0.1737 acc: 0.9092 time 1.44s
Epoch: 88/150 Iter: 68/96 loss: 0.1713 acc: 0.9105 time 1.45s
Epoch: 88/150 Iter: 69/96 loss: 0.1725 acc: 0.9100 time 1.46s
Epoch: 88/150 Iter: 70/96 loss: 0.1766 acc: 0.9053 time 0.92s
Epoch: 88/150 Iter: 71/96 loss: 0.1875 acc: 0.8991 time 0.91s
Epoch: 88/150 Iter: 72/96 loss: 0.1850 acc: 0.9005 time 0.75s
Epoch: 88/150 Iter: 73/96 loss: 0.1833 acc: 0.9019 time 1.43s
Epoch: 88/150 Iter: 74/96 loss: 0.1809 acc: 0.9032 time 0.75s
Epoch: 88/150 Iter: 75/96 loss: 0.1874 acc: 0.8992 time 0.93s
Epoch: 88/150 Iter: 76/96 loss: 0.1871 acc: 0.9005 time 0.89s
Epoch: 88/150 Iter: 77/96 loss: 0.1848 acc: 0.9018 time 0.79s
Epoch: 88/150 Iter: 78/96 loss: 0.1842 acc: 0.9009 time 0.78s
Epoch: 88/150 Iter: 79/96 loss: 0.1835 acc: 0.9022 time 0.78s
Epoch: 88/150 Iter: 80/96 loss: 0.1830 acc: 0.9013 time 1.43s
Epoch: 88/150 Iter: 81/96 loss: 0.1824 acc: 0.9025 time 0.79s
Epoch: 88/150 Iter: 82/96 loss: 0.1823 acc: 0.9037 time 0.91s
Epoch: 88/150 Iter: 83/96 loss: 0.1804 acc: 0.9049 time 1.46s
Epoch: 88/150 Iter: 84/96 loss: 0.1831 acc: 0.9048 time 0.76s
Epoch: 88/150 Iter: 85/96 loss: 0.1848 acc: 0.9040 time 0.73s
Epoch: 88/150 Iter: 86/96 loss: 0.1842 acc: 0.9051 time 1.39s
Epoch: 88/150 Iter: 87/96 loss: 0.1837 acc: 0.9062 time 0.74s
Epoch: 88/150 Iter: 88/96 loss: 0.1843 acc: 0.9073 time 1.39s
Epoch: 88/150 Iter: 89/96 loss: 0.1837 acc: 0.9083 time 1.38s
Epoch: 88/150 Iter: 90/96 loss: 0.2018 acc: 0.9038 time 0.76s
Epoch: 88/150 Iter: 91/96 loss: 0.2011 acc: 0.9048 time 1.39s
Epoch: 88/150 Iter: 92/96 loss: 0.2002 acc: 0.9059 time 1.37s
Epoch: 88/150 Iter: 93/96 loss: 0.2040 acc: 0.9058 time 0.75s
Epoch: 88/150 Iter: 94/96 loss: 0.2033 acc: 0.9068 time 0.79s
Epoch: 88/150 Iter: 95/96 loss: 0.2020 acc: 0.9078 time 1.38s
Epoch: 88/150 Iter: 96/96 loss: 0.2097 acc: 0.9035 time 1.43s
[Train epoch 88] avg_loss=0.2097 avg_acc=0.9035 | per-class [c0: 0.921, c1: 0.967, c2: 0.925]
Final training 88/150, loss: 0.2097, time 106.35s, lr: 0.031825
Accuracy: 0.925
class                  precision    recall   specificity      f1   support
--------------------------------------------------------------------------
0                          0.952     0.921         0.956   0.936       280
1                          0.707     0.967         0.978   0.817        30
2                          0.932     0.925         0.942   0.928       266
*----------------------------------------*
Val 88/150 1/24, Acc: 0.6667, Loss: 13.8677, time 0.49s
Val 88/150 2/24, Acc: 0.6111, Loss: 7.1910, time 0.44s
Val 88/150 3/24, Acc: 0.6296, Loss: 5.0349, time 0.41s
Val 88/150 4/24, Acc: 0.6597, Loss: 3.8879, time 0.43s
Val 88/150 5/24, Acc: 0.7278, Loss: 3.1276, time 0.51s
Val 88/150 6/24, Acc: 0.7731, Loss: 2.6164, time 0.46s
Val 88/150 7/24, Acc: 0.7877, Loss: 2.2814, time 0.43s
Val 88/150 8/24, Acc: 0.7674, Loss: 2.0938, time 0.45s
Val 88/150 9/24, Acc: 0.7821, Loss: 1.8810, time 0.42s
Val 88/150 10/24, Acc: 0.8039, Loss: 1.6937, time 0.51s
Val 88/150 11/24, Acc: 0.8217, Loss: 1.5473, time 0.41s
Val 88/150 12/24, Acc: 0.7810, Loss: 1.4526, time 0.45s
Val 88/150 13/24, Acc: 0.7979, Loss: 1.3485, time 0.46s
Val 88/150 14/24, Acc: 0.8034, Loss: 1.2890, time 0.43s
Val 88/150 15/24, Acc: 0.8109, Loss: 1.2210, time 0.40s
Val 88/150 16/24, Acc: 0.8165, Loss: 1.1687, time 0.43s
Val 88/150 17/24, Acc: 0.8199, Loss: 1.1149, time 0.51s
Val 88/150 18/24, Acc: 0.8299, Loss: 1.0566, time 0.49s
Val 88/150 19/24, Acc: 0.8336, Loss: 1.0098, time 0.49s
Val 88/150 20/24, Acc: 0.8197, Loss: 1.0196, time 0.46s
Val 88/150 21/24, Acc: 0.8283, Loss: 0.9763, time 0.46s
Val 88/150 22/24, Acc: 0.8285, Loss: 0.9496, time 0.56s
Val 88/150 23/24, Acc: 0.8287, Loss: 0.9362, time 0.40s
Val 88/150 24/24, Acc: 0.8220, Loss: 0.9542, time 0.41s
[Val epoch 88] avg_acc=0.8220 | avg_loss=0.9542 | per-class [c0: 0.900, c1: 0.625, c2: 0.848]
Final validation 88/150, Val_acc: 0.8220, time 10.93sAccuracy: 0.861
class                  precision    recall   specificity      f1   support
--------------------------------------------------------------------------
0                          0.875     0.900         0.878   0.887        70
1                          0.556     0.625         0.971   0.588         8
2                          0.889     0.848         0.910   0.868        66
*========================================*
Saving checkpoint outputs/OrganoidsINRIA_reduced/resnet18/2025-11-17-16-11/training/model_final.pt
[EarlyStopping] no improve (18/40)
[EarlyStopping] no improve (20/40)
0 Mon Nov 17 18:55:42 2025 Epoch: 89
Epoch: 89/150 Iter: 1/96 loss: 0.0436 acc: 1.0000 time 1.82s
Epoch: 89/150 Iter: 2/96 loss: 0.0612 acc: 1.0000 time 0.94s
Epoch: 89/150 Iter: 3/96 loss: 0.0580 acc: 1.0000 time 0.87s
Epoch: 89/150 Iter: 4/96 loss: 0.0974 acc: 0.9688 time 1.42s
Epoch: 89/150 Iter: 5/96 loss: 0.0904 acc: 0.9750 time 0.92s
Epoch: 89/150 Iter: 6/96 loss: 0.0793 acc: 0.9792 time 1.37s
Epoch: 89/150 Iter: 7/96 loss: 0.0771 acc: 0.9821 time 0.93s
Epoch: 89/150 Iter: 8/96 loss: 0.0920 acc: 0.9635 time 0.72s
Epoch: 89/150 Iter: 9/96 loss: 0.0863 acc: 0.9676 time 1.46s
Epoch: 89/150 Iter: 10/96 loss: 0.0964 acc: 0.9708 time 1.46s
Epoch: 89/150 Iter: 11/96 loss: 0.1009 acc: 0.9735 time 0.78s
Epoch: 89/150 Iter: 12/96 loss: 0.0994 acc: 0.9757 time 0.80s
Epoch: 89/150 Iter: 13/96 loss: 0.1010 acc: 0.9647 time 0.84s
Epoch: 89/150 Iter: 14/96 loss: 0.1289 acc: 0.9244 time 1.42s
Epoch: 89/150 Iter: 15/96 loss: 0.1257 acc: 0.9294 time 1.44s
Epoch: 89/150 Iter: 16/96 loss: 0.1203 acc: 0.9339 time 0.82s
Epoch: 89/150 Iter: 17/96 loss: 0.1178 acc: 0.9377 time 0.86s
Epoch: 89/150 Iter: 18/96 loss: 0.1115 acc: 0.9412 time 0.85s
Epoch: 89/150 Iter: 19/96 loss: 0.1177 acc: 0.9385 time 0.88s
Epoch: 89/150 Iter: 20/96 loss: 0.1332 acc: 0.9360 time 1.48s
Epoch: 89/150 Iter: 21/96 loss: 0.1307 acc: 0.9337 time 0.80s
Epoch: 89/150 Iter: 22/96 loss: 0.1339 acc: 0.9165 time 0.79s
Epoch: 89/150 Iter: 23/96 loss: 0.1285 acc: 0.9202 time 1.41s
Epoch: 89/150 Iter: 24/96 loss: 0.1523 acc: 0.9068 time 0.87s
Epoch: 89/150 Iter: 25/96 loss: 0.1496 acc: 0.9039 time 0.90s
Epoch: 89/150 Iter: 26/96 loss: 0.1444 acc: 0.9076 time 1.43s
Epoch: 89/150 Iter: 27/96 loss: 0.1400 acc: 0.9110 time 0.78s
Epoch: 89/150 Iter: 28/96 loss: 0.1361 acc: 0.9142 time 1.45s
Epoch: 89/150 Iter: 29/96 loss: 0.1335 acc: 0.9171 time 0.92s
Epoch: 89/150 Iter: 30/96 loss: 0.1308 acc: 0.9199 time 0.95s
Epoch: 89/150 Iter: 31/96 loss: 0.1321 acc: 0.9091 time 1.47s
Epoch: 89/150 Iter: 32/96 loss: 0.1301 acc: 0.9119 time 1.42s
Epoch: 89/150 Iter: 33/96 loss: 0.1274 acc: 0.9146 time 0.78s
Epoch: 89/150 Iter: 34/96 loss: 0.1237 acc: 0.9171 time 0.83s
Epoch: 89/150 Iter: 35/96 loss: 0.1220 acc: 0.9194 time 1.43s
Epoch: 89/150 Iter: 36/96 loss: 0.1335 acc: 0.9093 time 0.94s
Epoch: 89/150 Iter: 37/96 loss: 0.1443 acc: 0.9050 time 1.45s
Epoch: 89/150 Iter: 38/96 loss: 0.1434 acc: 0.9075 time 0.91s
Epoch: 89/150 Iter: 39/96 loss: 0.1410 acc: 0.9099 time 1.42s
Epoch: 89/150 Iter: 40/96 loss: 0.1493 acc: 0.9017 time 1.45s
Epoch: 89/150 Iter: 41/96 loss: 0.1544 acc: 0.9011 time 1.48s
Epoch: 89/150 Iter: 42/96 loss: 0.1568 acc: 0.9034 time 0.89s
Epoch: 89/150 Iter: 43/96 loss: 0.1600 acc: 0.8953 time 1.41s
Epoch: 89/150 Iter: 44/96 loss: 0.1659 acc: 0.8939 time 0.86s
Epoch: 89/150 Iter: 45/96 loss: 0.1637 acc: 0.8963 time 1.44s
Epoch: 89/150 Iter: 46/96 loss: 0.1608 acc: 0.8986 time 0.97s
Epoch: 89/150 Iter: 47/96 loss: 0.1578 acc: 0.9007 time 0.71s
Epoch: 89/150 Iter: 48/96 loss: 0.1577 acc: 0.9028 time 1.44s
Epoch: 89/150 Iter: 49/96 loss: 0.1555 acc: 0.9048 time 0.79s
Epoch: 89/150 Iter: 50/96 loss: 0.1539 acc: 0.9067 time 1.38s
Epoch: 89/150 Iter: 51/96 loss: 0.1567 acc: 0.9060 time 0.89s
Epoch: 89/150 Iter: 52/96 loss: 0.1548 acc: 0.9079 time 1.40s
Epoch: 89/150 Iter: 53/96 loss: 0.1553 acc: 0.9064 time 1.44s
Epoch: 89/150 Iter: 54/96 loss: 0.1568 acc: 0.8989 time 1.36s
Epoch: 89/150 Iter: 55/96 loss: 0.1642 acc: 0.8923 time 1.38s
Epoch: 89/150 Iter: 56/96 loss: 0.1632 acc: 0.8942 time 0.79s
Epoch: 89/150 Iter: 57/96 loss: 0.1644 acc: 0.8917 time 0.86s
Epoch: 89/150 Iter: 58/96 loss: 0.1628 acc: 0.8935 time 1.46s
Epoch: 89/150 Iter: 59/96 loss: 0.1611 acc: 0.8953 time 0.90s
Epoch: 89/150 Iter: 60/96 loss: 0.1612 acc: 0.8971 time 0.78s
Epoch: 89/150 Iter: 61/96 loss: 0.1731 acc: 0.8892 time 0.76s
Epoch: 89/150 Iter: 62/96 loss: 0.1723 acc: 0.8910 time 0.93s
Epoch: 89/150 Iter: 63/96 loss: 0.1771 acc: 0.8868 time 0.86s
Epoch: 89/150 Iter: 64/96 loss: 0.1761 acc: 0.8885 time 1.45s
Epoch: 89/150 Iter: 65/96 loss: 0.1756 acc: 0.8903 time 1.43s
Epoch: 89/150 Iter: 66/96 loss: 0.1751 acc: 0.8902 time 1.41s
Epoch: 89/150 Iter: 67/96 loss: 0.1881 acc: 0.8869 time 0.76s
Epoch: 89/150 Iter: 68/96 loss: 0.1961 acc: 0.8804 time 0.82s
Epoch: 89/150 Iter: 69/96 loss: 0.1969 acc: 0.8803 time 1.46s
Epoch: 89/150 Iter: 70/96 loss: 0.1941 acc: 0.8820 time 0.81s
Epoch: 89/150 Iter: 71/96 loss: 0.1914 acc: 0.8837 time 1.44s
Epoch: 89/150 Iter: 72/96 loss: 0.1925 acc: 0.8839 time 1.48s
Epoch: 89/150 Iter: 73/96 loss: 0.1999 acc: 0.8832 time 0.95s
Epoch: 89/150 Iter: 74/96 loss: 0.1999 acc: 0.8848 time 0.87s
Epoch: 89/150 Iter: 75/96 loss: 0.2040 acc: 0.8850 time 0.87s
Epoch: 89/150 Iter: 76/96 loss: 0.2015 acc: 0.8865 time 0.78s
Epoch: 89/150 Iter: 77/96 loss: 0.2025 acc: 0.8864 time 0.77s
Epoch: 89/150 Iter: 78/96 loss: 0.2024 acc: 0.8864 time 1.43s
Epoch: 89/150 Iter: 79/96 loss: 0.2005 acc: 0.8878 time 0.84s
Epoch: 89/150 Iter: 80/96 loss: 0.1988 acc: 0.8892 time 0.77s
Epoch: 89/150 Iter: 81/96 loss: 0.1970 acc: 0.8906 time 0.80s
Epoch: 89/150 Iter: 82/96 loss: 0.1949 acc: 0.8919 time 0.75s
Epoch: 89/150 Iter: 83/96 loss: 0.1929 acc: 0.8932 time 0.75s
Epoch: 89/150 Iter: 84/96 loss: 0.1963 acc: 0.8892 time 0.70s
Epoch: 89/150 Iter: 85/96 loss: 0.1974 acc: 0.8895 time 0.75s
Epoch: 89/150 Iter: 86/96 loss: 0.1958 acc: 0.8908 time 1.39s
Epoch: 89/150 Iter: 87/96 loss: 0.1951 acc: 0.8921 time 0.80s
Epoch: 89/150 Iter: 88/96 loss: 0.1944 acc: 0.8933 time 0.83s
Epoch: 89/150 Iter: 89/96 loss: 0.1970 acc: 0.8917 time 0.75s
Epoch: 89/150 Iter: 90/96 loss: 0.1967 acc: 0.8929 time 0.80s
Epoch: 89/150 Iter: 91/96 loss: 0.1978 acc: 0.8922 time 1.45s
Epoch: 89/150 Iter: 92/96 loss: 0.1963 acc: 0.8934 time 1.37s
Epoch: 89/150 Iter: 93/96 loss: 0.1948 acc: 0.8946 time 0.71s
Epoch: 89/150 Iter: 94/96 loss: 0.1959 acc: 0.8939 time 1.47s
Epoch: 89/150 Iter: 95/96 loss: 0.1941 acc: 0.8950 time 1.41s
Epoch: 89/150 Iter: 96/96 loss: 0.2006 acc: 0.8951 time 0.69s
[Train epoch 89] avg_loss=0.2006 avg_acc=0.8951 | per-class [c0: 0.918, c1: 0.933, c2: 0.925]
Final training 89/150, loss: 0.2006, time 103.53s, lr: 0.030979
Accuracy: 0.922
class                  precision    recall   specificity      f1   support
--------------------------------------------------------------------------
0                          0.963     0.918         0.966   0.940       281
1                          0.609     0.933         0.967   0.737        30
2                          0.935     0.925         0.945   0.930       265
*----------------------------------------*
0 Mon Nov 17 18:57:25 2025 Epoch: 90
Epoch: 90/150 Iter: 1/96 loss: 0.0863 acc: 1.0000 time 1.78s
Epoch: 90/150 Iter: 2/96 loss: 0.0926 acc: 0.9444 time 0.78s
Epoch: 90/150 Iter: 3/96 loss: 0.1377 acc: 0.9213 time 1.46s
Epoch: 90/150 Iter: 4/96 loss: 0.1698 acc: 0.8368 time 0.79s
Epoch: 90/150 Iter: 5/96 loss: 0.1443 acc: 0.8694 time 0.90s
Epoch: 90/150 Iter: 6/96 loss: 0.1427 acc: 0.8218 time 1.42s
Epoch: 90/150 Iter: 7/96 loss: 0.1384 acc: 0.8472 time 1.45s
Epoch: 90/150 Iter: 8/96 loss: 0.1294 acc: 0.8663 time 1.45s
Epoch: 90/150 Iter: 9/96 loss: 0.1277 acc: 0.8688 time 1.42s
Epoch: 90/150 Iter: 10/96 loss: 0.1496 acc: 0.8736 time 0.91s
Epoch: 90/150 Iter: 11/96 loss: 0.1984 acc: 0.8245 time 0.89s
Epoch: 90/150 Iter: 12/96 loss: 0.1868 acc: 0.8391 time 1.47s
Epoch: 90/150 Iter: 13/96 loss: 0.1825 acc: 0.8515 time 0.74s
Epoch: 90/150 Iter: 14/96 loss: 0.1957 acc: 0.8323 time 1.45s
Epoch: 90/150 Iter: 15/96 loss: 0.1910 acc: 0.8361 time 0.86s
Epoch: 90/150 Iter: 16/96 loss: 0.2113 acc: 0.8359 time 1.46s
Epoch: 90/150 Iter: 17/96 loss: 0.2153 acc: 0.8382 time 1.47s
Epoch: 90/150 Iter: 18/96 loss: 0.2072 acc: 0.8472 time 0.87s
Epoch: 90/150 Iter: 19/96 loss: 0.2021 acc: 0.8553 time 0.78s
Epoch: 90/150 Iter: 20/96 loss: 0.2011 acc: 0.8417 time 0.89s
Epoch: 90/150 Iter: 21/96 loss: 0.1993 acc: 0.8492 time 0.92s
Epoch: 90/150 Iter: 22/96 loss: 0.1935 acc: 0.8561 time 1.44s
Epoch: 90/150 Iter: 23/96 loss: 0.1862 acc: 0.8623 time 0.77s
Epoch: 90/150 Iter: 24/96 loss: 0.1818 acc: 0.8681 time 0.94s
Epoch: 90/150 Iter: 25/96 loss: 0.1786 acc: 0.8733 time 1.49s
Epoch: 90/150 Iter: 26/96 loss: 0.1764 acc: 0.8782 time 1.46s
Epoch: 90/150 Iter: 27/96 loss: 0.1919 acc: 0.8753 time 0.94s
Epoch: 90/150 Iter: 28/96 loss: 0.2084 acc: 0.8664 time 0.77s
Epoch: 90/150 Iter: 29/96 loss: 0.2111 acc: 0.8595 time 1.49s
Epoch: 90/150 Iter: 30/96 loss: 0.2255 acc: 0.8586 time 0.78s
Epoch: 90/150 Iter: 31/96 loss: 0.2279 acc: 0.8591 time 0.88s
Epoch: 90/150 Iter: 32/96 loss: 0.2287 acc: 0.8583 time 0.82s
Epoch: 90/150 Iter: 33/96 loss: 0.2236 acc: 0.8626 time 1.43s
Epoch: 90/150 Iter: 34/96 loss: 0.2230 acc: 0.8667 time 0.85s
Epoch: 90/150 Iter: 35/96 loss: 0.2201 acc: 0.8705 time 0.92s
Epoch: 90/150 Iter: 36/96 loss: 0.2198 acc: 0.8710 time 0.80s
Epoch: 90/150 Iter: 37/96 loss: 0.2189 acc: 0.8745 time 1.46s
Epoch: 90/150 Iter: 38/96 loss: 0.2152 acc: 0.8778 time 1.45s
Epoch: 90/150 Iter: 39/96 loss: 0.2100 acc: 0.8809 time 1.44s
Epoch: 90/150 Iter: 40/96 loss: 0.2058 acc: 0.8839 time 0.89s
Epoch: 90/150 Iter: 41/96 loss: 0.2067 acc: 0.8840 time 1.43s
Epoch: 90/150 Iter: 42/96 loss: 0.2066 acc: 0.8844 time 0.80s
Epoch: 90/150 Iter: 43/96 loss: 0.2029 acc: 0.8871 time 0.89s
Epoch: 90/150 Iter: 44/96 loss: 0.1987 acc: 0.8896 time 0.93s
Epoch: 90/150 Iter: 45/96 loss: 0.2069 acc: 0.8847 time 0.94s
Epoch: 90/150 Iter: 46/96 loss: 0.2072 acc: 0.8872 time 0.88s
Epoch: 90/150 Iter: 47/96 loss: 0.2102 acc: 0.8869 time 0.83s
Epoch: 90/150 Iter: 48/96 loss: 0.2152 acc: 0.8796 time 1.41s
Epoch: 90/150 Iter: 49/96 loss: 0.2187 acc: 0.8769 time 0.77s
Epoch: 90/150 Iter: 50/96 loss: 0.2295 acc: 0.8694 time 0.74s
Epoch: 90/150 Iter: 51/96 loss: 0.2254 acc: 0.8719 time 0.90s
Epoch: 90/150 Iter: 52/96 loss: 0.2279 acc: 0.8696 time 1.41s
Epoch: 90/150 Iter: 53/96 loss: 0.2276 acc: 0.8673 time 0.71s
Epoch: 90/150 Iter: 54/96 loss: 0.2262 acc: 0.8680 time 0.74s
Epoch: 90/150 Iter: 55/96 loss: 0.2284 acc: 0.8688 time 1.47s
Epoch: 90/150 Iter: 56/96 loss: 0.2251 acc: 0.8712 time 1.44s
Epoch: 90/150 Iter: 57/96 loss: 0.2260 acc: 0.8656 time 1.43s
Epoch: 90/150 Iter: 58/96 loss: 0.2224 acc: 0.8680 time 1.44s
Epoch: 90/150 Iter: 59/96 loss: 0.2197 acc: 0.8702 time 1.45s
Epoch: 90/150 Iter: 60/96 loss: 0.2187 acc: 0.8613 time 0.90s
Epoch: 90/150 Iter: 61/96 loss: 0.2162 acc: 0.8635 time 0.80s
Epoch: 90/150 Iter: 62/96 loss: 0.2133 acc: 0.8657 time 0.89s
Epoch: 90/150 Iter: 63/96 loss: 0.2108 acc: 0.8679 time 0.93s
Epoch: 90/150 Iter: 64/96 loss: 0.2088 acc: 0.8699 time 0.77s
Epoch: 90/150 Iter: 65/96 loss: 0.2082 acc: 0.8700 time 0.93s
Epoch: 90/150 Iter: 66/96 loss: 0.2086 acc: 0.8631 time 1.50s
Epoch: 90/150 Iter: 67/96 loss: 0.2131 acc: 0.8585 time 1.48s
Epoch: 90/150 Iter: 68/96 loss: 0.2128 acc: 0.8606 time 0.83s
Epoch: 90/150 Iter: 69/96 loss: 0.2161 acc: 0.8566 time 1.46s
Epoch: 90/150 Iter: 70/96 loss: 0.2237 acc: 0.8539 time 0.81s
Epoch: 90/150 Iter: 71/96 loss: 0.2216 acc: 0.8559 time 0.87s
Epoch: 90/150 Iter: 72/96 loss: 0.2188 acc: 0.8579 time 0.77s
Epoch: 90/150 Iter: 73/96 loss: 0.2167 acc: 0.8599 time 0.84s
Epoch: 90/150 Iter: 74/96 loss: 0.2139 acc: 0.8618 time 1.47s
Epoch: 90/150 Iter: 75/96 loss: 0.2122 acc: 0.8614 time 0.78s
Epoch: 90/150 Iter: 76/96 loss: 0.2097 acc: 0.8632 time 0.86s
Epoch: 90/150 Iter: 77/96 loss: 0.2080 acc: 0.8650 time 0.90s
Epoch: 90/150 Iter: 78/96 loss: 0.2061 acc: 0.8667 time 1.46s
Epoch: 90/150 Iter: 79/96 loss: 0.2036 acc: 0.8684 time 0.89s
Epoch: 90/150 Iter: 80/96 loss: 0.2030 acc: 0.8685 time 0.75s
Epoch: 90/150 Iter: 81/96 loss: 0.2010 acc: 0.8701 time 1.46s
Epoch: 90/150 Iter: 82/96 loss: 0.1987 acc: 0.8717 time 0.87s
Epoch: 90/150 Iter: 83/96 loss: 0.1983 acc: 0.8719 time 0.71s
Epoch: 90/150 Iter: 84/96 loss: 0.1962 acc: 0.8734 time 1.38s
Epoch: 90/150 Iter: 85/96 loss: 0.1949 acc: 0.8736 time 0.72s
Epoch: 90/150 Iter: 86/96 loss: 0.1932 acc: 0.8751 time 0.71s
Epoch: 90/150 Iter: 87/96 loss: 0.1928 acc: 0.8765 time 0.74s
Epoch: 90/150 Iter: 88/96 loss: 0.1923 acc: 0.8779 time 1.37s
Epoch: 90/150 Iter: 89/96 loss: 0.1904 acc: 0.8793 time 0.76s
Epoch: 90/150 Iter: 90/96 loss: 0.1885 acc: 0.8806 time 0.84s
Epoch: 90/150 Iter: 91/96 loss: 0.1893 acc: 0.8792 time 1.42s
Epoch: 90/150 Iter: 92/96 loss: 0.1877 acc: 0.8805 time 1.41s
Epoch: 90/150 Iter: 93/96 loss: 0.1864 acc: 0.8818 time 1.46s
Epoch: 90/150 Iter: 94/96 loss: 0.1847 acc: 0.8831 time 1.37s
Epoch: 90/150 Iter: 95/96 loss: 0.1833 acc: 0.8843 time 1.38s
Epoch: 90/150 Iter: 96/96 loss: 0.1826 acc: 0.8855 time 0.78s
[Train epoch 90] avg_loss=0.1826 avg_acc=0.8855 | per-class [c0: 0.904, c1: 0.933, c2: 0.925]
Final training 90/150, loss: 0.1826, time 104.10s, lr: 0.030136
Accuracy: 0.915
class                  precision    recall   specificity      f1   support
--------------------------------------------------------------------------
0                          0.951     0.904         0.956   0.927       281
1                          0.622     0.933         0.969   0.747        30
2                          0.928     0.925         0.939   0.926       265
*----------------------------------------*
Val 90/150 1/24, Acc: 0.5000, Loss: 14.9641, time 0.51s
Val 90/150 2/24, Acc: 0.5278, Loss: 7.6433, time 0.42s
Val 90/150 3/24, Acc: 0.6852, Loss: 5.2186, time 0.54s
Val 90/150 4/24, Acc: 0.7639, Loss: 3.9447, time 0.49s
Val 90/150 5/24, Acc: 0.8111, Loss: 3.1626, time 0.53s
Val 90/150 6/24, Acc: 0.8426, Loss: 2.6389, time 0.45s
Val 90/150 7/24, Acc: 0.8651, Loss: 2.2733, time 0.42s
Val 90/150 8/24, Acc: 0.8507, Loss: 2.0534, time 0.45s
Val 90/150 9/24, Acc: 0.8562, Loss: 1.8401, time 0.45s
Val 90/150 10/24, Acc: 0.8706, Loss: 1.6567, time 0.51s
Val 90/150 11/24, Acc: 0.8823, Loss: 1.5109, time 0.44s
Val 90/150 12/24, Acc: 0.8435, Loss: 1.4177, time 0.45s
Val 90/150 13/24, Acc: 0.8556, Loss: 1.3160, time 0.51s
Val 90/150 14/24, Acc: 0.8569, Loss: 1.2640, time 0.43s
Val 90/150 15/24, Acc: 0.8609, Loss: 1.1869, time 0.42s
Val 90/150 16/24, Acc: 0.8634, Loss: 1.1302, time 0.42s
Val 90/150 17/24, Acc: 0.8641, Loss: 1.0811, time 0.54s
Val 90/150 18/24, Acc: 0.8716, Loss: 1.0233, time 0.43s
Val 90/150 19/24, Acc: 0.8731, Loss: 0.9838, time 0.43s
Val 90/150 20/24, Acc: 0.8572, Loss: 0.9743, time 0.45s
Val 90/150 21/24, Acc: 0.8640, Loss: 0.9304, time 0.52s
Val 90/150 22/24, Acc: 0.8626, Loss: 0.9124, time 0.52s
Val 90/150 23/24, Acc: 0.8614, Loss: 0.8973, time 0.44s
Val 90/150 24/24, Acc: 0.8532, Loss: 0.8925, time 0.44s
[Val epoch 90] avg_acc=0.8532 | avg_loss=0.8925 | per-class [c0: 0.900, c1: 0.750, c2: 0.909]
Final validation 90/150, Val_acc: 0.8532, time 11.21sAccuracy: 0.896
class                  precision    recall   specificity      f1   support
--------------------------------------------------------------------------
0                          0.940     0.900         0.946   0.920        70
1                          0.600     0.750         0.971   0.667         8
2                          0.896     0.909         0.910   0.902        66
*========================================*
New best (0.845602 --> 0.853241)
Saving checkpoint outputs/OrganoidsINRIA_reduced/resnet18/2025-11-17-16-11/training/model_final.pt
Copying best model to best_model.pt
[EarlyStopping] improved to 0.853241
[EarlyStopping] no improve (21/40)
0 Mon Nov 17 18:59:30 2025 Epoch: 91
Epoch: 91/150 Iter: 1/96 loss: 0.0617 acc: 1.0000 time 1.95s
Epoch: 91/150 Iter: 2/96 loss: 0.0754 acc: 0.9583 time 0.90s
Epoch: 91/150 Iter: 3/96 loss: 0.0591 acc: 0.9722 time 0.75s
Epoch: 91/150 Iter: 4/96 loss: 0.1001 acc: 0.9583 time 0.79s
Epoch: 91/150 Iter: 5/96 loss: 0.0918 acc: 0.9667 time 1.45s
Epoch: 91/150 Iter: 6/96 loss: 0.1323 acc: 0.9444 time 0.79s
Epoch: 91/150 Iter: 7/96 loss: 0.1161 acc: 0.9524 time 0.90s
Epoch: 91/150 Iter: 8/96 loss: 0.1150 acc: 0.9583 time 1.44s
Epoch: 91/150 Iter: 9/96 loss: 0.1149 acc: 0.9630 time 1.41s
Epoch: 91/150 Iter: 10/96 loss: 0.1865 acc: 0.9222 time 0.81s
Epoch: 91/150 Iter: 11/96 loss: 0.1902 acc: 0.9293 time 0.93s
Epoch: 91/150 Iter: 12/96 loss: 0.1810 acc: 0.9352 time 0.85s
Epoch: 91/150 Iter: 13/96 loss: 0.1713 acc: 0.9402 time 0.80s
Epoch: 91/150 Iter: 14/96 loss: 0.1593 acc: 0.9444 time 0.85s
Epoch: 91/150 Iter: 15/96 loss: 0.1519 acc: 0.9481 time 1.43s
Epoch: 91/150 Iter: 16/96 loss: 0.1434 acc: 0.9514 time 0.91s
Epoch: 91/150 Iter: 17/96 loss: 0.1468 acc: 0.9281 time 0.82s
Epoch: 91/150 Iter: 18/96 loss: 0.1415 acc: 0.9321 time 0.79s
Epoch: 91/150 Iter: 19/96 loss: 0.1343 acc: 0.9357 time 0.76s
Epoch: 91/150 Iter: 20/96 loss: 0.1331 acc: 0.9389 time 0.80s
Epoch: 91/150 Iter: 21/96 loss: 0.1487 acc: 0.9365 time 0.87s
Epoch: 91/150 Iter: 22/96 loss: 0.1459 acc: 0.9394 time 1.44s
Epoch: 91/150 Iter: 23/96 loss: 0.1532 acc: 0.9227 time 1.46s
Epoch: 91/150 Iter: 24/96 loss: 0.1737 acc: 0.9176 time 1.42s
Epoch: 91/150 Iter: 25/96 loss: 0.1683 acc: 0.9209 time 1.47s
Epoch: 91/150 Iter: 26/96 loss: 0.1734 acc: 0.9143 time 1.44s
Epoch: 91/150 Iter: 27/96 loss: 0.1717 acc: 0.9175 time 0.92s
Epoch: 91/150 Iter: 28/96 loss: 0.1674 acc: 0.9204 time 1.48s
Epoch: 91/150 Iter: 29/96 loss: 0.1651 acc: 0.9232 time 0.92s
Epoch: 91/150 Iter: 30/96 loss: 0.1617 acc: 0.9257 time 0.89s
Epoch: 91/150 Iter: 31/96 loss: 0.1576 acc: 0.9281 time 1.43s
Epoch: 91/150 Iter: 32/96 loss: 0.1533 acc: 0.9304 time 1.43s
Epoch: 91/150 Iter: 33/96 loss: 0.1491 acc: 0.9325 time 0.77s
Epoch: 91/150 Iter: 34/96 loss: 0.1476 acc: 0.9345 time 1.46s
Epoch: 91/150 Iter: 35/96 loss: 0.1455 acc: 0.9363 time 0.89s
Epoch: 91/150 Iter: 36/96 loss: 0.1451 acc: 0.9350 time 0.91s
Epoch: 91/150 Iter: 37/96 loss: 0.1434 acc: 0.9368 time 0.90s
Epoch: 91/150 Iter: 38/96 loss: 0.1408 acc: 0.9385 time 1.41s
Epoch: 91/150 Iter: 39/96 loss: 0.1373 acc: 0.9400 time 1.42s
Epoch: 91/150 Iter: 40/96 loss: 0.1352 acc: 0.9415 time 0.89s
Epoch: 91/150 Iter: 41/96 loss: 0.1410 acc: 0.9389 time 0.90s
Epoch: 91/150 Iter: 42/96 loss: 0.1462 acc: 0.9377 time 1.43s
Epoch: 91/150 Iter: 43/96 loss: 0.1432 acc: 0.9391 time 1.43s
Epoch: 91/150 Iter: 44/96 loss: 0.1685 acc: 0.9367 time 0.86s
Epoch: 91/150 Iter: 45/96 loss: 0.1653 acc: 0.9381 time 0.74s
Epoch: 91/150 Iter: 46/96 loss: 0.1636 acc: 0.9395 time 1.46s
Epoch: 91/150 Iter: 47/96 loss: 0.1621 acc: 0.9408 time 1.43s
Epoch: 91/150 Iter: 48/96 loss: 0.1670 acc: 0.9368 time 0.88s
Epoch: 91/150 Iter: 49/96 loss: 0.1683 acc: 0.9330 time 0.77s
Epoch: 91/150 Iter: 50/96 loss: 0.1697 acc: 0.9254 time 0.92s
Epoch: 91/150 Iter: 51/96 loss: 0.1686 acc: 0.9269 time 0.88s
Epoch: 91/150 Iter: 52/96 loss: 0.1717 acc: 0.9219 time 0.77s
Epoch: 91/150 Iter: 53/96 loss: 0.1706 acc: 0.9234 time 0.85s
Epoch: 91/150 Iter: 54/96 loss: 0.1708 acc: 0.9171 time 1.44s
Epoch: 91/150 Iter: 55/96 loss: 0.1691 acc: 0.9186 time 0.88s
Epoch: 91/150 Iter: 56/96 loss: 0.1674 acc: 0.9200 time 1.46s
Epoch: 91/150 Iter: 57/96 loss: 0.1686 acc: 0.9112 time 1.46s
Epoch: 91/150 Iter: 58/96 loss: 0.1691 acc: 0.9110 time 1.42s
Epoch: 91/150 Iter: 59/96 loss: 0.1669 acc: 0.9125 time 0.86s
Epoch: 91/150 Iter: 60/96 loss: 0.1647 acc: 0.9140 time 0.90s
Epoch: 91/150 Iter: 61/96 loss: 0.1624 acc: 0.9154 time 1.40s
Epoch: 91/150 Iter: 62/96 loss: 0.1727 acc: 0.9127 time 1.43s
Epoch: 91/150 Iter: 63/96 loss: 0.1710 acc: 0.9141 time 1.44s
Epoch: 91/150 Iter: 64/96 loss: 0.1686 acc: 0.9155 time 0.81s
Epoch: 91/150 Iter: 65/96 loss: 0.1675 acc: 0.9168 time 0.92s
Epoch: 91/150 Iter: 66/96 loss: 0.1651 acc: 0.9180 time 0.88s
Epoch: 91/150 Iter: 67/96 loss: 0.1728 acc: 0.9136 time 0.78s
Epoch: 91/150 Iter: 68/96 loss: 0.1755 acc: 0.9112 time 0.77s
Epoch: 91/150 Iter: 69/96 loss: 0.1741 acc: 0.9125 time 1.43s
Epoch: 91/150 Iter: 70/96 loss: 0.1751 acc: 0.9114 time 0.94s
Epoch: 91/150 Iter: 71/96 loss: 0.1742 acc: 0.9126 time 1.42s
Epoch: 91/150 Iter: 72/96 loss: 0.1729 acc: 0.9139 time 1.44s
Epoch: 91/150 Iter: 73/96 loss: 0.1707 acc: 0.9150 time 0.80s
Epoch: 91/150 Iter: 74/96 loss: 0.1736 acc: 0.9102 time 1.39s
Epoch: 91/150 Iter: 75/96 loss: 0.1715 acc: 0.9114 time 1.45s
Epoch: 91/150 Iter: 76/96 loss: 0.1695 acc: 0.9125 time 1.42s
Epoch: 91/150 Iter: 77/96 loss: 0.1683 acc: 0.9137 time 1.39s
Epoch: 91/150 Iter: 78/96 loss: 0.1672 acc: 0.9148 time 0.85s
Epoch: 91/150 Iter: 79/96 loss: 0.1664 acc: 0.9159 time 0.78s
Epoch: 91/150 Iter: 80/96 loss: 0.1663 acc: 0.9169 time 0.76s
Epoch: 91/150 Iter: 81/96 loss: 0.1647 acc: 0.9179 time 1.41s
Epoch: 91/150 Iter: 82/96 loss: 0.1707 acc: 0.9128 time 0.73s
Epoch: 91/150 Iter: 83/96 loss: 0.1698 acc: 0.9139 time 0.72s
Epoch: 91/150 Iter: 84/96 loss: 0.1684 acc: 0.9149 time 0.76s
Epoch: 91/150 Iter: 85/96 loss: 0.1687 acc: 0.9159 time 0.79s
Epoch: 91/150 Iter: 86/96 loss: 0.1692 acc: 0.9157 time 1.38s
Epoch: 91/150 Iter: 87/96 loss: 0.1679 acc: 0.9167 time 1.36s
Epoch: 91/150 Iter: 88/96 loss: 0.1664 acc: 0.9176 time 0.74s
Epoch: 91/150 Iter: 89/96 loss: 0.1647 acc: 0.9186 time 0.73s
Epoch: 91/150 Iter: 90/96 loss: 0.1750 acc: 0.9145 time 1.40s
Epoch: 91/150 Iter: 91/96 loss: 0.1754 acc: 0.9111 time 0.73s
Epoch: 91/150 Iter: 92/96 loss: 0.1814 acc: 0.9055 time 0.72s
Epoch: 91/150 Iter: 93/96 loss: 0.1898 acc: 0.9047 time 0.75s
Epoch: 91/150 Iter: 94/96 loss: 0.1887 acc: 0.9058 time 0.74s
Epoch: 91/150 Iter: 95/96 loss: 0.1876 acc: 0.9068 time 0.75s
Epoch: 91/150 Iter: 96/96 loss: 0.1874 acc: 0.9077 time 0.74s
[Train epoch 91] avg_loss=0.1874 avg_acc=0.9077 | per-class [c0: 0.929, c1: 0.933, c2: 0.940]
Final training 91/150, loss: 0.1874, time 102.72s, lr: 0.029299
Accuracy: 0.934
class                  precision    recall   specificity      f1   support
--------------------------------------------------------------------------
0                          0.977     0.929         0.980   0.952       280
1                          0.667     0.933         0.974   0.778        30
2                          0.933     0.940         0.942   0.936       266
*----------------------------------------*
0 Mon Nov 17 19:01:13 2025 Epoch: 92
Epoch: 92/150 Iter: 1/96 loss: 0.2182 acc: 1.0000 time 2.76s
Epoch: 92/150 Iter: 2/96 loss: 0.1207 acc: 1.0000 time 0.90s
Epoch: 92/150 Iter: 3/96 loss: 0.2256 acc: 0.8611 time 0.85s
Epoch: 92/150 Iter: 4/96 loss: 0.1767 acc: 0.8958 time 0.79s
Epoch: 92/150 Iter: 5/96 loss: 0.1977 acc: 0.9000 time 0.92s
Epoch: 92/150 Iter: 6/96 loss: 0.2004 acc: 0.9167 time 0.91s
Epoch: 92/150 Iter: 7/96 loss: 0.1821 acc: 0.9286 time 0.80s
Epoch: 92/150 Iter: 8/96 loss: 0.2058 acc: 0.8854 time 1.44s
Epoch: 92/150 Iter: 9/96 loss: 0.2392 acc: 0.8241 time 0.89s
Epoch: 92/150 Iter: 10/96 loss: 0.2281 acc: 0.8417 time 1.47s
Epoch: 92/150 Iter: 11/96 loss: 0.2098 acc: 0.8561 time 0.78s
Epoch: 92/150 Iter: 12/96 loss: 0.2178 acc: 0.8347 time 0.78s
Epoch: 92/150 Iter: 13/96 loss: 0.2023 acc: 0.8474 time 1.45s
Epoch: 92/150 Iter: 14/96 loss: 0.1893 acc: 0.8583 time 1.45s
Epoch: 92/150 Iter: 15/96 loss: 0.1780 acc: 0.8678 time 0.81s
Epoch: 92/150 Iter: 16/96 loss: 0.1712 acc: 0.8760 time 1.44s
Epoch: 92/150 Iter: 17/96 loss: 0.1849 acc: 0.8735 time 1.42s
Epoch: 92/150 Iter: 18/96 loss: 0.1952 acc: 0.8736 time 1.43s
Epoch: 92/150 Iter: 19/96 loss: 0.1914 acc: 0.8627 time 0.79s
Epoch: 92/150 Iter: 20/96 loss: 0.1835 acc: 0.8696 time 1.43s
Epoch: 92/150 Iter: 21/96 loss: 0.1835 acc: 0.8758 time 0.78s
Epoch: 92/150 Iter: 22/96 loss: 0.1786 acc: 0.8814 time 1.42s
Epoch: 92/150 Iter: 23/96 loss: 0.1717 acc: 0.8866 time 0.96s
Epoch: 92/150 Iter: 24/96 loss: 0.1684 acc: 0.8913 time 1.49s
Epoch: 92/150 Iter: 25/96 loss: 0.1644 acc: 0.8957 time 0.72s
Epoch: 92/150 Iter: 26/96 loss: 0.1615 acc: 0.8997 time 0.92s
Epoch: 92/150 Iter: 27/96 loss: 0.1611 acc: 0.9034 time 1.41s
Epoch: 92/150 Iter: 28/96 loss: 0.1564 acc: 0.9068 time 0.76s
Epoch: 92/150 Iter: 29/96 loss: 0.1579 acc: 0.9043 time 0.78s
Epoch: 92/150 Iter: 30/96 loss: 0.1580 acc: 0.9047 time 0.76s
Epoch: 92/150 Iter: 31/96 loss: 0.1570 acc: 0.9078 time 1.43s
Epoch: 92/150 Iter: 32/96 loss: 0.1570 acc: 0.9107 time 1.39s
Epoch: 92/150 Iter: 33/96 loss: 0.1813 acc: 0.8957 time 1.43s
Epoch: 92/150 Iter: 34/96 loss: 0.1820 acc: 0.8988 time 0.86s
Epoch: 92/150 Iter: 35/96 loss: 0.1828 acc: 0.8902 time 0.94s
Epoch: 92/150 Iter: 36/96 loss: 0.1792 acc: 0.8933 time 0.85s
Epoch: 92/150 Iter: 37/96 loss: 0.1752 acc: 0.8962 time 1.46s
Epoch: 92/150 Iter: 38/96 loss: 0.1897 acc: 0.8814 time 0.87s
Epoch: 92/150 Iter: 39/96 loss: 0.1911 acc: 0.8801 time 0.77s
Epoch: 92/150 Iter: 40/96 loss: 0.1868 acc: 0.8831 time 0.72s
Epoch: 92/150 Iter: 41/96 loss: 0.1990 acc: 0.8829 time 1.44s
Epoch: 92/150 Iter: 42/96 loss: 0.1968 acc: 0.8857 time 0.88s
Epoch: 92/150 Iter: 43/96 loss: 0.1970 acc: 0.8729 time 1.45s
Epoch: 92/150 Iter: 44/96 loss: 0.1991 acc: 0.8735 time 0.86s
Epoch: 92/150 Iter: 45/96 loss: 0.1959 acc: 0.8763 time 1.44s
Epoch: 92/150 Iter: 46/96 loss: 0.1923 acc: 0.8790 time 0.93s
Epoch: 92/150 Iter: 47/96 loss: 0.1952 acc: 0.8780 time 0.79s
Epoch: 92/150 Iter: 48/96 loss: 0.1918 acc: 0.8806 time 0.86s
Epoch: 92/150 Iter: 49/96 loss: 0.1890 acc: 0.8830 time 0.94s
Epoch: 92/150 Iter: 50/96 loss: 0.1921 acc: 0.8737 time 0.81s
Epoch: 92/150 Iter: 51/96 loss: 0.2078 acc: 0.8696 time 0.88s
Epoch: 92/150 Iter: 52/96 loss: 0.2054 acc: 0.8721 time 0.72s
Epoch: 92/150 Iter: 53/96 loss: 0.2064 acc: 0.8670 time 1.46s
Epoch: 92/150 Iter: 54/96 loss: 0.2102 acc: 0.8694 time 0.78s
Epoch: 92/150 Iter: 55/96 loss: 0.2077 acc: 0.8718 time 0.82s
Epoch: 92/150 Iter: 56/96 loss: 0.2056 acc: 0.8741 time 1.43s
Epoch: 92/150 Iter: 57/96 loss: 0.2046 acc: 0.8646 time 1.44s
Epoch: 92/150 Iter: 58/96 loss: 0.2044 acc: 0.8670 time 1.43s
Epoch: 92/150 Iter: 59/96 loss: 0.2035 acc: 0.8692 time 0.93s
Epoch: 92/150 Iter: 60/96 loss: 0.2026 acc: 0.8686 time 1.45s
Epoch: 92/150 Iter: 61/96 loss: 0.2012 acc: 0.8708 time 0.76s
Epoch: 92/150 Iter: 62/96 loss: 0.2088 acc: 0.8675 time 0.80s
Epoch: 92/150 Iter: 63/96 loss: 0.2089 acc: 0.8669 time 0.76s
Epoch: 92/150 Iter: 64/96 loss: 0.2073 acc: 0.8690 time 1.42s
Epoch: 92/150 Iter: 65/96 loss: 0.2070 acc: 0.8695 time 1.45s
Epoch: 92/150 Iter: 66/96 loss: 0.2041 acc: 0.8715 time 1.41s
Epoch: 92/150 Iter: 67/96 loss: 0.2012 acc: 0.8734 time 0.75s
Epoch: 92/150 Iter: 68/96 loss: 0.2141 acc: 0.8654 time 0.80s
Epoch: 92/150 Iter: 69/96 loss: 0.2125 acc: 0.8662 time 0.80s
Epoch: 92/150 Iter: 70/96 loss: 0.2123 acc: 0.8681 time 1.44s
Epoch: 92/150 Iter: 71/96 loss: 0.2098 acc: 0.8700 time 0.93s
Epoch: 92/150 Iter: 72/96 loss: 0.2132 acc: 0.8700 time 0.83s
Epoch: 92/150 Iter: 73/96 loss: 0.2178 acc: 0.8657 time 0.87s
Epoch: 92/150 Iter: 74/96 loss: 0.2154 acc: 0.8675 time 0.79s
Epoch: 92/150 Iter: 75/96 loss: 0.2128 acc: 0.8693 time 1.45s
Epoch: 92/150 Iter: 76/96 loss: 0.2101 acc: 0.8710 time 1.43s
Epoch: 92/150 Iter: 77/96 loss: 0.2077 acc: 0.8727 time 0.79s
Epoch: 92/150 Iter: 78/96 loss: 0.2122 acc: 0.8722 time 0.89s
Epoch: 92/150 Iter: 79/96 loss: 0.2185 acc: 0.8664 time 0.89s
Epoch: 92/150 Iter: 80/96 loss: 0.2178 acc: 0.8681 time 0.78s
Epoch: 92/150 Iter: 81/96 loss: 0.2153 acc: 0.8697 time 0.74s
Epoch: 92/150 Iter: 82/96 loss: 0.2171 acc: 0.8693 time 0.71s
Epoch: 92/150 Iter: 83/96 loss: 0.2146 acc: 0.8709 time 0.73s
Epoch: 92/150 Iter: 84/96 loss: 0.2122 acc: 0.8724 time 0.75s
Epoch: 92/150 Iter: 85/96 loss: 0.2098 acc: 0.8739 time 1.39s
Epoch: 92/150 Iter: 86/96 loss: 0.2077 acc: 0.8754 time 1.42s
Epoch: 92/150 Iter: 87/96 loss: 0.2063 acc: 0.8768 time 1.43s
Epoch: 92/150 Iter: 88/96 loss: 0.2040 acc: 0.8782 time 1.38s
Epoch: 92/150 Iter: 89/96 loss: 0.2038 acc: 0.8777 time 0.74s
Epoch: 92/150 Iter: 90/96 loss: 0.2026 acc: 0.8790 time 1.37s
Epoch: 92/150 Iter: 91/96 loss: 0.2022 acc: 0.8804 time 0.75s
Epoch: 92/150 Iter: 92/96 loss: 0.2014 acc: 0.8817 time 0.79s
Epoch: 92/150 Iter: 93/96 loss: 0.2012 acc: 0.8776 time 0.87s
Epoch: 92/150 Iter: 94/96 loss: 0.2025 acc: 0.8775 time 1.37s
Epoch: 92/150 Iter: 95/96 loss: 0.2010 acc: 0.8788 time 0.74s
Epoch: 92/150 Iter: 96/96 loss: 0.2011 acc: 0.8789 time 0.70s
[Train epoch 92] avg_loss=0.2011 avg_acc=0.8789 | per-class [c0: 0.911, c1: 0.931, c2: 0.940]
Final training 92/150, loss: 0.2011, time 101.95s, lr: 0.028466
Accuracy: 0.925
class                  precision    recall   specificity      f1   support
--------------------------------------------------------------------------
0                          0.970     0.911         0.973   0.939       281
1                          0.600     0.931         0.967   0.730        29
2                          0.936     0.940         0.945   0.938       266
*----------------------------------------*
Val 92/150 1/24, Acc: 0.6667, Loss: 13.5089, time 0.42s
Val 92/150 2/24, Acc: 0.6111, Loss: 6.9907, time 0.44s
Val 92/150 3/24, Acc: 0.7407, Loss: 4.7447, time 0.42s
Val 92/150 4/24, Acc: 0.7743, Loss: 3.8485, time 0.43s
Val 92/150 5/24, Acc: 0.8194, Loss: 3.0841, time 0.50s
Val 92/150 6/24, Acc: 0.8495, Loss: 2.5728, time 0.47s
Val 92/150 7/24, Acc: 0.8115, Loss: 2.2706, time 0.43s
Val 92/150 8/24, Acc: 0.7882, Loss: 2.0621, time 0.50s
Val 92/150 9/24, Acc: 0.8006, Loss: 1.8500, time 0.46s
Val 92/150 10/24, Acc: 0.8206, Loss: 1.6653, time 0.62s
Val 92/150 11/24, Acc: 0.8369, Loss: 1.5171, time 0.49s
Val 92/150 12/24, Acc: 0.8019, Loss: 1.4135, time 0.47s
Val 92/150 13/24, Acc: 0.8171, Loss: 1.3135, time 0.48s
Val 92/150 14/24, Acc: 0.8212, Loss: 1.2654, time 0.50s
Val 92/150 15/24, Acc: 0.8276, Loss: 1.1966, time 0.44s
Val 92/150 16/24, Acc: 0.8384, Loss: 1.1329, time 0.52s
Val 92/150 17/24, Acc: 0.8405, Loss: 1.0970, time 0.51s
Val 92/150 18/24, Acc: 0.8494, Loss: 1.0395, time 0.53s
Val 92/150 19/24, Acc: 0.8520, Loss: 0.9968, time 0.44s
Val 92/150 20/24, Acc: 0.8372, Loss: 0.9796, time 0.52s
Val 92/150 21/24, Acc: 0.8450, Loss: 0.9356, time 0.45s
Val 92/150 22/24, Acc: 0.8444, Loss: 0.9160, time 0.59s
Val 92/150 23/24, Acc: 0.8440, Loss: 0.8985, time 0.49s
Val 92/150 24/24, Acc: 0.8505, Loss: 0.8703, time 0.47s
[Val epoch 92] avg_acc=0.8505 | avg_loss=0.8703 | per-class [c0: 0.929, c1: 0.875, c2: 0.864]
Final validation 92/150, Val_acc: 0.8505, time 11.59sAccuracy: 0.896
class                  precision    recall   specificity      f1   support
--------------------------------------------------------------------------
0                          0.929     0.929         0.932   0.929        70
1                          0.583     0.875         0.963   0.700         8
2                          0.919     0.864         0.936   0.891        66
*========================================*
Saving checkpoint outputs/OrganoidsINRIA_reduced/resnet18/2025-11-17-16-11/training/model_final.pt
[EarlyStopping] no improve (1/40)
[EarlyStopping] no improve (22/40)
0 Mon Nov 17 19:03:11 2025 Epoch: 93
Epoch: 93/150 Iter: 1/96 loss: 0.0250 acc: 1.0000 time 2.28s
Epoch: 93/150 Iter: 2/96 loss: 0.2024 acc: 0.7778 time 0.90s
Epoch: 93/150 Iter: 3/96 loss: 0.2925 acc: 0.7963 time 1.47s
Epoch: 93/150 Iter: 4/96 loss: 0.3185 acc: 0.7361 time 0.87s
Epoch: 93/150 Iter: 5/96 loss: 0.4278 acc: 0.6956 time 1.45s
Epoch: 93/150 Iter: 6/96 loss: 0.4519 acc: 0.6491 time 1.45s
Epoch: 93/150 Iter: 7/96 loss: 0.4498 acc: 0.6813 time 1.46s
Epoch: 93/150 Iter: 8/96 loss: 0.4000 acc: 0.7212 time 1.45s
Epoch: 93/150 Iter: 9/96 loss: 0.3800 acc: 0.6873 time 0.90s
Epoch: 93/150 Iter: 10/96 loss: 0.4016 acc: 0.6769 time 1.45s
Epoch: 93/150 Iter: 11/96 loss: 0.4116 acc: 0.6912 time 0.90s
Epoch: 93/150 Iter: 12/96 loss: 0.3855 acc: 0.7169 time 1.44s
Epoch: 93/150 Iter: 13/96 loss: 0.3691 acc: 0.7079 time 1.43s
Epoch: 93/150 Iter: 14/96 loss: 0.3830 acc: 0.6891 time 0.80s
Epoch: 93/150 Iter: 15/96 loss: 0.3598 acc: 0.7098 time 1.45s
Epoch: 93/150 Iter: 16/96 loss: 0.3383 acc: 0.7280 time 0.78s
Epoch: 93/150 Iter: 17/96 loss: 0.3218 acc: 0.7440 time 1.44s
Epoch: 93/150 Iter: 18/96 loss: 0.3220 acc: 0.7350 time 0.76s
Epoch: 93/150 Iter: 19/96 loss: 0.3088 acc: 0.7490 time 0.90s
Epoch: 93/150 Iter: 20/96 loss: 0.2959 acc: 0.7615 time 1.43s
Epoch: 93/150 Iter: 21/96 loss: 0.2840 acc: 0.7729 time 1.43s
Epoch: 93/150 Iter: 22/96 loss: 0.2782 acc: 0.7832 time 0.91s
Epoch: 93/150 Iter: 23/96 loss: 0.2665 acc: 0.7926 time 1.41s
Epoch: 93/150 Iter: 24/96 loss: 0.2577 acc: 0.8013 time 1.41s
Epoch: 93/150 Iter: 25/96 loss: 0.2623 acc: 0.7859 time 1.44s
Epoch: 93/150 Iter: 26/96 loss: 0.2542 acc: 0.7941 time 1.44s
Epoch: 93/150 Iter: 27/96 loss: 0.2515 acc: 0.8017 time 1.43s
Epoch: 93/150 Iter: 28/96 loss: 0.2460 acc: 0.8088 time 0.76s
Epoch: 93/150 Iter: 29/96 loss: 0.3044 acc: 0.7943 time 0.78s
Epoch: 93/150 Iter: 30/96 loss: 0.2951 acc: 0.8012 time 1.43s
Epoch: 93/150 Iter: 31/96 loss: 0.2872 acc: 0.8076 time 1.46s
Epoch: 93/150 Iter: 32/96 loss: 0.2813 acc: 0.8136 time 0.79s
Epoch: 93/150 Iter: 33/96 loss: 0.2993 acc: 0.7991 time 1.45s
Epoch: 93/150 Iter: 34/96 loss: 0.2912 acc: 0.8050 time 1.46s
Epoch: 93/150 Iter: 35/96 loss: 0.2883 acc: 0.8074 time 0.77s
Epoch: 93/150 Iter: 36/96 loss: 0.2836 acc: 0.8127 time 0.85s
Epoch: 93/150 Iter: 37/96 loss: 0.2766 acc: 0.8178 time 0.77s
Epoch: 93/150 Iter: 38/96 loss: 0.2696 acc: 0.8226 time 1.44s
Epoch: 93/150 Iter: 39/96 loss: 0.2723 acc: 0.8169 time 0.93s
Epoch: 93/150 Iter: 40/96 loss: 0.2663 acc: 0.8215 time 0.89s
Epoch: 93/150 Iter: 41/96 loss: 0.2792 acc: 0.8157 time 1.44s
Epoch: 93/150 Iter: 42/96 loss: 0.2728 acc: 0.8200 time 0.77s
Epoch: 93/150 Iter: 43/96 loss: 0.2677 acc: 0.8242 time 1.42s
Epoch: 93/150 Iter: 44/96 loss: 0.2637 acc: 0.8282 time 1.47s
Epoch: 93/150 Iter: 45/96 loss: 0.2665 acc: 0.8293 time 1.44s
Epoch: 93/150 Iter: 46/96 loss: 0.2615 acc: 0.8330 time 0.81s
Epoch: 93/150 Iter: 47/96 loss: 0.2570 acc: 0.8365 time 1.40s
Epoch: 93/150 Iter: 48/96 loss: 0.2518 acc: 0.8399 time 0.75s
Epoch: 93/150 Iter: 49/96 loss: 0.2476 acc: 0.8432 time 0.74s
Epoch: 93/150 Iter: 50/96 loss: 0.2430 acc: 0.8463 time 1.44s
Epoch: 93/150 Iter: 51/96 loss: 0.2468 acc: 0.8469 time 0.79s
Epoch: 93/150 Iter: 52/96 loss: 0.2425 acc: 0.8498 time 0.75s
Epoch: 93/150 Iter: 53/96 loss: 0.2463 acc: 0.8503 time 0.80s
Epoch: 93/150 Iter: 54/96 loss: 0.2421 acc: 0.8531 time 0.94s
Epoch: 93/150 Iter: 55/96 loss: 0.2480 acc: 0.8467 time 0.76s
Epoch: 93/150 Iter: 56/96 loss: 0.2455 acc: 0.8494 time 1.41s
Epoch: 93/150 Iter: 57/96 loss: 0.2440 acc: 0.8491 time 0.78s
Epoch: 93/150 Iter: 58/96 loss: 0.2454 acc: 0.8489 time 0.92s
Epoch: 93/150 Iter: 59/96 loss: 0.2428 acc: 0.8514 time 1.45s
Epoch: 93/150 Iter: 60/96 loss: 0.2397 acc: 0.8539 time 0.78s
Epoch: 93/150 Iter: 61/96 loss: 0.2384 acc: 0.8522 time 0.74s
Epoch: 93/150 Iter: 62/96 loss: 0.2407 acc: 0.8519 time 0.89s
Epoch: 93/150 Iter: 63/96 loss: 0.2381 acc: 0.8542 time 0.78s
Epoch: 93/150 Iter: 64/96 loss: 0.2394 acc: 0.8487 time 1.44s
Epoch: 93/150 Iter: 65/96 loss: 0.2396 acc: 0.8485 time 0.76s
Epoch: 93/150 Iter: 66/96 loss: 0.2381 acc: 0.8482 time 0.88s
Epoch: 93/150 Iter: 67/96 loss: 0.2362 acc: 0.8505 time 1.42s
Epoch: 93/150 Iter: 68/96 loss: 0.2330 acc: 0.8527 time 1.46s
Epoch: 93/150 Iter: 69/96 loss: 0.2332 acc: 0.8532 time 1.46s
Epoch: 93/150 Iter: 70/96 loss: 0.2305 acc: 0.8553 time 1.43s
Epoch: 93/150 Iter: 71/96 loss: 0.2273 acc: 0.8574 time 0.81s
Epoch: 93/150 Iter: 72/96 loss: 0.2245 acc: 0.8593 time 1.41s
Epoch: 93/150 Iter: 73/96 loss: 0.2231 acc: 0.8613 time 0.78s
Epoch: 93/150 Iter: 74/96 loss: 0.2201 acc: 0.8631 time 0.93s
Epoch: 93/150 Iter: 75/96 loss: 0.2181 acc: 0.8650 time 0.80s
Epoch: 93/150 Iter: 76/96 loss: 0.2157 acc: 0.8667 time 0.81s
Epoch: 93/150 Iter: 77/96 loss: 0.2158 acc: 0.8663 time 1.42s
Epoch: 93/150 Iter: 78/96 loss: 0.2150 acc: 0.8680 time 0.78s
Epoch: 93/150 Iter: 79/96 loss: 0.2138 acc: 0.8697 time 1.46s
Epoch: 93/150 Iter: 80/96 loss: 0.2141 acc: 0.8692 time 0.79s
Epoch: 93/150 Iter: 81/96 loss: 0.2119 acc: 0.8709 time 0.72s
Epoch: 93/150 Iter: 82/96 loss: 0.2101 acc: 0.8724 time 1.40s
Epoch: 93/150 Iter: 83/96 loss: 0.2087 acc: 0.8740 time 0.75s
Epoch: 93/150 Iter: 84/96 loss: 0.2080 acc: 0.8725 time 1.38s
Epoch: 93/150 Iter: 85/96 loss: 0.2065 acc: 0.8740 time 0.72s
Epoch: 93/150 Iter: 86/96 loss: 0.2065 acc: 0.8703 time 0.74s
Epoch: 93/150 Iter: 87/96 loss: 0.2042 acc: 0.8718 time 1.38s
Epoch: 93/150 Iter: 88/96 loss: 0.2037 acc: 0.8713 time 0.71s
Epoch: 93/150 Iter: 89/96 loss: 0.2032 acc: 0.8728 time 0.71s
Epoch: 93/150 Iter: 90/96 loss: 0.2011 acc: 0.8742 time 1.37s
Epoch: 93/150 Iter: 91/96 loss: 0.1990 acc: 0.8756 time 1.37s
Epoch: 93/150 Iter: 92/96 loss: 0.1978 acc: 0.8769 time 1.46s
Epoch: 93/150 Iter: 93/96 loss: 0.1959 acc: 0.8783 time 1.43s
Epoch: 93/150 Iter: 94/96 loss: 0.1971 acc: 0.8778 time 0.74s
Epoch: 93/150 Iter: 95/96 loss: 0.1966 acc: 0.8773 time 0.73s
Epoch: 93/150 Iter: 96/96 loss: 0.1973 acc: 0.8786 time 1.39s
[Train epoch 93] avg_loss=0.1973 avg_acc=0.8786 | per-class [c0: 0.915, c1: 0.967, c2: 0.917]
Final training 93/150, loss: 0.1973, time 107.59s, lr: 0.027639
Accuracy: 0.918
class                  precision    recall   specificity      f1   support
--------------------------------------------------------------------------
0                          0.955     0.915         0.959   0.935       281
1                          0.617     0.967         0.967   0.753        30
2                          0.935     0.917         0.945   0.926       265
*----------------------------------------*
0 Mon Nov 17 19:04:59 2025 Epoch: 94
Epoch: 94/150 Iter: 1/96 loss: 0.0123 acc: 1.0000 time 2.01s
Epoch: 94/150 Iter: 2/96 loss: 0.6837 acc: 0.7222 time 0.90s
Epoch: 94/150 Iter: 3/96 loss: 0.4695 acc: 0.8148 time 1.40s
Epoch: 94/150 Iter: 4/96 loss: 0.4046 acc: 0.8194 time 0.84s
Epoch: 94/150 Iter: 5/96 loss: 0.3279 acc: 0.8556 time 0.77s
Epoch: 94/150 Iter: 6/96 loss: 0.2872 acc: 0.8796 time 0.91s
Epoch: 94/150 Iter: 7/96 loss: 0.2894 acc: 0.8373 time 1.45s
Epoch: 94/150 Iter: 8/96 loss: 0.2754 acc: 0.8576 time 0.86s
Epoch: 94/150 Iter: 9/96 loss: 0.2497 acc: 0.8735 time 0.86s
Epoch: 94/150 Iter: 10/96 loss: 0.2570 acc: 0.8694 time 1.48s
Epoch: 94/150 Iter: 11/96 loss: 0.2963 acc: 0.8359 time 0.75s
Epoch: 94/150 Iter: 12/96 loss: 0.2739 acc: 0.8495 time 1.42s
Epoch: 94/150 Iter: 13/96 loss: 0.2696 acc: 0.8611 time 0.86s
Epoch: 94/150 Iter: 14/96 loss: 0.2525 acc: 0.8710 time 1.43s
Epoch: 94/150 Iter: 15/96 loss: 0.2397 acc: 0.8796 time 1.45s
Epoch: 94/150 Iter: 16/96 loss: 0.2256 acc: 0.8872 time 0.84s
Epoch: 94/150 Iter: 17/96 loss: 0.2142 acc: 0.8938 time 1.45s
Epoch: 94/150 Iter: 18/96 loss: 0.2024 acc: 0.8997 time 0.78s
Epoch: 94/150 Iter: 19/96 loss: 0.1923 acc: 0.9050 time 1.46s
Epoch: 94/150 Iter: 20/96 loss: 0.1907 acc: 0.9042 time 0.79s
Epoch: 94/150 Iter: 21/96 loss: 0.1818 acc: 0.9087 time 0.76s
Epoch: 94/150 Iter: 22/96 loss: 0.1788 acc: 0.9129 time 0.78s
Epoch: 94/150 Iter: 23/96 loss: 0.1933 acc: 0.9094 time 0.92s
Epoch: 94/150 Iter: 24/96 loss: 0.1857 acc: 0.9132 time 1.44s
Epoch: 94/150 Iter: 25/96 loss: 0.1789 acc: 0.9167 time 1.44s
Epoch: 94/150 Iter: 26/96 loss: 0.1760 acc: 0.9199 time 1.47s
Epoch: 94/150 Iter: 27/96 loss: 0.1738 acc: 0.9228 time 0.88s
Epoch: 94/150 Iter: 28/96 loss: 0.1682 acc: 0.9256 time 1.47s
Epoch: 94/150 Iter: 29/96 loss: 0.1842 acc: 0.9109 time 0.80s
Epoch: 94/150 Iter: 30/96 loss: 0.1880 acc: 0.9102 time 0.88s
Epoch: 94/150 Iter: 31/96 loss: 0.1858 acc: 0.9131 time 1.42s
Epoch: 94/150 Iter: 32/96 loss: 0.1805 acc: 0.9158 time 1.39s
Epoch: 94/150 Iter: 33/96 loss: 0.1761 acc: 0.9184 time 0.76s
Epoch: 94/150 Iter: 34/96 loss: 0.1876 acc: 0.9158 time 0.88s
Epoch: 94/150 Iter: 35/96 loss: 0.1847 acc: 0.9183 time 0.92s
Epoch: 94/150 Iter: 36/96 loss: 0.1802 acc: 0.9205 time 0.79s
Epoch: 94/150 Iter: 37/96 loss: 0.1761 acc: 0.9227 time 0.89s
Epoch: 94/150 Iter: 38/96 loss: 0.1732 acc: 0.9247 time 0.85s
Epoch: 94/150 Iter: 39/96 loss: 0.1690 acc: 0.9266 time 0.94s
Epoch: 94/150 Iter: 40/96 loss: 0.1651 acc: 0.9285 time 0.74s
Epoch: 94/150 Iter: 41/96 loss: 0.1639 acc: 0.9302 time 0.80s
Epoch: 94/150 Iter: 42/96 loss: 0.1610 acc: 0.9319 time 0.87s
Epoch: 94/150 Iter: 43/96 loss: 0.1632 acc: 0.9335 time 0.78s
Epoch: 94/150 Iter: 44/96 loss: 0.1694 acc: 0.9249 time 1.49s
Epoch: 94/150 Iter: 45/96 loss: 0.1674 acc: 0.9265 time 0.96s
Epoch: 94/150 Iter: 46/96 loss: 0.1716 acc: 0.9185 time 1.46s
Epoch: 94/150 Iter: 47/96 loss: 0.1685 acc: 0.9202 time 0.93s
Epoch: 94/150 Iter: 48/96 loss: 0.1652 acc: 0.9219 time 1.40s
Epoch: 94/150 Iter: 49/96 loss: 0.1630 acc: 0.9235 time 0.92s
Epoch: 94/150 Iter: 50/96 loss: 0.1624 acc: 0.9250 time 0.84s
Epoch: 94/150 Iter: 51/96 loss: 0.1903 acc: 0.9199 time 0.80s
Epoch: 94/150 Iter: 52/96 loss: 0.1903 acc: 0.9215 time 1.46s
Epoch: 94/150 Iter: 53/96 loss: 0.1993 acc: 0.9097 time 0.89s
Epoch: 94/150 Iter: 54/96 loss: 0.1989 acc: 0.9022 time 0.90s
Epoch: 94/150 Iter: 55/96 loss: 0.1955 acc: 0.9039 time 0.87s
Epoch: 94/150 Iter: 56/96 loss: 0.1995 acc: 0.8977 time 0.79s
Epoch: 94/150 Iter: 57/96 loss: 0.2034 acc: 0.8978 time 1.45s
Epoch: 94/150 Iter: 58/96 loss: 0.2005 acc: 0.8995 time 0.78s
Epoch: 94/150 Iter: 59/96 loss: 0.2019 acc: 0.8984 time 1.44s
Epoch: 94/150 Iter: 60/96 loss: 0.1990 acc: 0.9001 time 1.47s
Epoch: 94/150 Iter: 61/96 loss: 0.2000 acc: 0.8990 time 0.90s
Epoch: 94/150 Iter: 62/96 loss: 0.2104 acc: 0.8986 time 0.77s
Epoch: 94/150 Iter: 63/96 loss: 0.2079 acc: 0.9002 time 0.88s
Epoch: 94/150 Iter: 64/96 loss: 0.2060 acc: 0.9018 time 1.43s
Epoch: 94/150 Iter: 65/96 loss: 0.2051 acc: 0.9033 time 0.93s
Epoch: 94/150 Iter: 66/96 loss: 0.2047 acc: 0.8987 time 0.77s
Epoch: 94/150 Iter: 67/96 loss: 0.2076 acc: 0.8927 time 0.76s
Epoch: 94/150 Iter: 68/96 loss: 0.2065 acc: 0.8943 time 0.85s
Epoch: 94/150 Iter: 69/96 loss: 0.2054 acc: 0.8959 time 0.74s
Epoch: 94/150 Iter: 70/96 loss: 0.2144 acc: 0.8894 time 1.48s
Epoch: 94/150 Iter: 71/96 loss: 0.2127 acc: 0.8910 time 0.85s
Epoch: 94/150 Iter: 72/96 loss: 0.2130 acc: 0.8913 time 0.73s
Epoch: 94/150 Iter: 73/96 loss: 0.2203 acc: 0.8848 time 0.86s
Epoch: 94/150 Iter: 74/96 loss: 0.2232 acc: 0.8850 time 0.78s
Epoch: 94/150 Iter: 75/96 loss: 0.2210 acc: 0.8866 time 1.40s
Epoch: 94/150 Iter: 76/96 loss: 0.2190 acc: 0.8880 time 0.79s
Epoch: 94/150 Iter: 77/96 loss: 0.2168 acc: 0.8895 time 1.46s
Epoch: 94/150 Iter: 78/96 loss: 0.2151 acc: 0.8909 time 1.40s
Epoch: 94/150 Iter: 79/96 loss: 0.2133 acc: 0.8923 time 0.76s
Epoch: 94/150 Iter: 80/96 loss: 0.2110 acc: 0.8936 time 0.75s
Epoch: 94/150 Iter: 81/96 loss: 0.2106 acc: 0.8950 time 1.40s
Epoch: 94/150 Iter: 82/96 loss: 0.2086 acc: 0.8962 time 0.71s
Epoch: 94/150 Iter: 83/96 loss: 0.2100 acc: 0.8975 time 0.83s
Epoch: 94/150 Iter: 84/96 loss: 0.2077 acc: 0.8987 time 0.75s
Epoch: 94/150 Iter: 85/96 loss: 0.2081 acc: 0.8987 time 1.37s
Epoch: 94/150 Iter: 86/96 loss: 0.2059 acc: 0.8999 time 0.75s
Epoch: 94/150 Iter: 87/96 loss: 0.2064 acc: 0.8991 time 0.72s
Epoch: 94/150 Iter: 88/96 loss: 0.2094 acc: 0.8984 time 1.43s
Epoch: 94/150 Iter: 89/96 loss: 0.2073 acc: 0.8995 time 0.75s
Epoch: 94/150 Iter: 90/96 loss: 0.2053 acc: 0.9006 time 0.73s
Epoch: 94/150 Iter: 91/96 loss: 0.2031 acc: 0.9017 time 0.76s
Epoch: 94/150 Iter: 92/96 loss: 0.2060 acc: 0.8968 time 1.46s
Epoch: 94/150 Iter: 93/96 loss: 0.2046 acc: 0.8979 time 1.46s
Epoch: 94/150 Iter: 94/96 loss: 0.2027 acc: 0.8990 time 1.40s
Epoch: 94/150 Iter: 95/96 loss: 0.2032 acc: 0.8956 time 1.41s
Epoch: 94/150 Iter: 96/96 loss: 0.2011 acc: 0.8967 time 0.76s
[Train epoch 94] avg_loss=0.2011 avg_acc=0.8967 | per-class [c0: 0.922, c1: 0.933, c2: 0.951]
Final training 94/150, loss: 0.2011, time 100.46s, lr: 0.026818
Accuracy: 0.936
class                  precision    recall   specificity      f1   support
--------------------------------------------------------------------------
0                          0.970     0.922         0.973   0.945       281
1                          0.683     0.933         0.976   0.789        30
2                          0.940     0.951         0.949   0.946       265
*----------------------------------------*
Val 94/150 1/24, Acc: 0.6667, Loss: 15.6547, time 0.42s
Val 94/150 2/24, Acc: 0.6111, Loss: 7.9681, time 0.44s
Val 94/150 3/24, Acc: 0.7407, Loss: 5.3770, time 0.42s
Val 94/150 4/24, Acc: 0.7743, Loss: 4.0876, time 0.49s
Val 94/150 5/24, Acc: 0.8194, Loss: 3.2767, time 0.54s
Val 94/150 6/24, Acc: 0.8495, Loss: 2.7339, time 0.51s
Val 94/150 7/24, Acc: 0.8710, Loss: 2.3578, time 0.47s
Val 94/150 8/24, Acc: 0.8403, Loss: 2.1688, time 0.42s
Val 94/150 9/24, Acc: 0.8469, Loss: 1.9445, time 0.44s
Val 94/150 10/24, Acc: 0.8622, Loss: 1.7509, time 0.57s
Val 94/150 11/24, Acc: 0.8747, Loss: 1.5952, time 0.45s
Val 94/150 12/24, Acc: 0.8296, Loss: 1.4949, time 0.50s
Val 94/150 13/24, Acc: 0.8427, Loss: 1.3832, time 0.54s
Val 94/150 14/24, Acc: 0.8450, Loss: 1.3291, time 0.43s
Val 94/150 15/24, Acc: 0.8498, Loss: 1.2450, time 0.40s
Val 94/150 16/24, Acc: 0.8530, Loss: 1.1936, time 0.42s
Val 94/150 17/24, Acc: 0.8542, Loss: 1.1323, time 0.48s
Val 94/150 18/24, Acc: 0.8623, Loss: 1.0763, time 0.43s
Val 94/150 19/24, Acc: 0.8643, Loss: 1.0405, time 0.43s
Val 94/150 20/24, Acc: 0.8489, Loss: 1.0235, time 0.45s
Val 94/150 21/24, Acc: 0.8561, Loss: 0.9761, time 0.45s
Val 94/150 22/24, Acc: 0.8551, Loss: 0.9559, time 0.58s
Val 94/150 23/24, Acc: 0.8396, Loss: 0.9435, time 0.39s
Val 94/150 24/24, Acc: 0.8324, Loss: 0.9495, time 0.44s
[Val epoch 94] avg_acc=0.8324 | avg_loss=0.9495 | per-class [c0: 0.900, c1: 0.625, c2: 0.879]
Final validation 94/150, Val_acc: 0.8324, time 11.10sAccuracy: 0.875
class                  precision    recall   specificity      f1   support
--------------------------------------------------------------------------
0                          0.913     0.900         0.919   0.906        70
1                          0.556     0.625         0.971   0.588         8
2                          0.879     0.879         0.897   0.879        66
*========================================*
Saving checkpoint outputs/OrganoidsINRIA_reduced/resnet18/2025-11-17-16-11/training/model_final.pt
[EarlyStopping] no improve (2/40)
[EarlyStopping] no improve (23/40)
0 Mon Nov 17 19:06:55 2025 Epoch: 95
Epoch: 95/150 Iter: 1/96 loss: 0.0335 acc: 1.0000 time 3.02s
Epoch: 95/150 Iter: 2/96 loss: 0.0434 acc: 1.0000 time 1.44s
Epoch: 95/150 Iter: 3/96 loss: 0.0340 acc: 1.0000 time 0.80s
Epoch: 95/150 Iter: 4/96 loss: 0.0419 acc: 1.0000 time 0.90s
Epoch: 95/150 Iter: 5/96 loss: 0.0394 acc: 1.0000 time 0.87s
Epoch: 95/150 Iter: 6/96 loss: 0.0753 acc: 0.9537 time 1.43s
Epoch: 95/150 Iter: 7/96 loss: 0.0829 acc: 0.9603 time 0.94s
Epoch: 95/150 Iter: 8/96 loss: 0.0943 acc: 0.9514 time 0.86s
Epoch: 95/150 Iter: 9/96 loss: 0.0872 acc: 0.9568 time 0.76s
Epoch: 95/150 Iter: 10/96 loss: 0.0937 acc: 0.9611 time 0.75s
Epoch: 95/150 Iter: 11/96 loss: 0.0900 acc: 0.9646 time 1.46s
Epoch: 95/150 Iter: 12/96 loss: 0.1059 acc: 0.9329 time 0.85s
Epoch: 95/150 Iter: 13/96 loss: 0.1015 acc: 0.9380 time 1.43s
Epoch: 95/150 Iter: 14/96 loss: 0.0964 acc: 0.9425 time 1.46s
Epoch: 95/150 Iter: 15/96 loss: 0.0961 acc: 0.9463 time 0.79s
Epoch: 95/150 Iter: 16/96 loss: 0.1202 acc: 0.9392 time 0.87s
Epoch: 95/150 Iter: 17/96 loss: 0.1166 acc: 0.9428 time 1.47s
Epoch: 95/150 Iter: 18/96 loss: 0.1112 acc: 0.9460 time 0.86s
Epoch: 95/150 Iter: 19/96 loss: 0.1151 acc: 0.9488 time 1.47s
Epoch: 95/150 Iter: 20/96 loss: 0.1192 acc: 0.9514 time 0.77s
Epoch: 95/150 Iter: 21/96 loss: 0.1177 acc: 0.9537 time 1.45s
Epoch: 95/150 Iter: 22/96 loss: 0.1266 acc: 0.9508 time 0.78s
Epoch: 95/150 Iter: 23/96 loss: 0.1245 acc: 0.9529 time 0.93s
Epoch: 95/150 Iter: 24/96 loss: 0.1212 acc: 0.9549 time 1.44s
Epoch: 95/150 Iter: 25/96 loss: 0.1176 acc: 0.9567 time 0.76s
Epoch: 95/150 Iter: 26/96 loss: 0.1252 acc: 0.9404 time 0.75s
Epoch: 95/150 Iter: 27/96 loss: 0.1216 acc: 0.9426 time 0.76s
Epoch: 95/150 Iter: 28/96 loss: 0.1260 acc: 0.9407 time 0.94s
Epoch: 95/150 Iter: 29/96 loss: 0.1243 acc: 0.9427 time 0.79s
Epoch: 95/150 Iter: 30/96 loss: 0.1209 acc: 0.9446 time 1.43s
Epoch: 95/150 Iter: 31/96 loss: 0.1171 acc: 0.9464 time 0.87s
Epoch: 95/150 Iter: 32/96 loss: 0.1189 acc: 0.9429 time 0.96s
Epoch: 95/150 Iter: 33/96 loss: 0.1366 acc: 0.9278 time 0.77s
Epoch: 95/150 Iter: 34/96 loss: 0.1340 acc: 0.9299 time 0.88s
Epoch: 95/150 Iter: 35/96 loss: 0.1312 acc: 0.9319 time 1.43s
Epoch: 95/150 Iter: 36/96 loss: 0.1364 acc: 0.9303 time 0.80s
Epoch: 95/150 Iter: 37/96 loss: 0.1330 acc: 0.9322 time 0.80s
Epoch: 95/150 Iter: 38/96 loss: 0.1333 acc: 0.9230 time 0.75s
Epoch: 95/150 Iter: 39/96 loss: 0.1369 acc: 0.9122 time 0.84s
Epoch: 95/150 Iter: 40/96 loss: 0.1339 acc: 0.9144 time 1.44s
Epoch: 95/150 Iter: 41/96 loss: 0.1348 acc: 0.9056 time 1.39s
Epoch: 95/150 Iter: 42/96 loss: 0.1351 acc: 0.9079 time 1.42s
Epoch: 95/150 Iter: 43/96 loss: 0.1325 acc: 0.9100 time 0.86s
Epoch: 95/150 Iter: 44/96 loss: 0.1315 acc: 0.9121 time 0.77s
Epoch: 95/150 Iter: 45/96 loss: 0.1289 acc: 0.9140 time 1.45s
Epoch: 95/150 Iter: 46/96 loss: 0.1277 acc: 0.9159 time 1.43s
Epoch: 95/150 Iter: 47/96 loss: 0.1391 acc: 0.9141 time 0.77s
Epoch: 95/150 Iter: 48/96 loss: 0.1367 acc: 0.9159 time 0.82s
Epoch: 95/150 Iter: 49/96 loss: 0.1351 acc: 0.9176 time 1.43s
Epoch: 95/150 Iter: 50/96 loss: 0.1402 acc: 0.9109 time 0.86s
Epoch: 95/150 Iter: 51/96 loss: 0.1392 acc: 0.9127 time 1.45s
Epoch: 95/150 Iter: 52/96 loss: 0.1365 acc: 0.9144 time 1.45s
Epoch: 95/150 Iter: 53/96 loss: 0.1353 acc: 0.9160 time 0.79s
Epoch: 95/150 Iter: 54/96 loss: 0.1458 acc: 0.9073 time 0.87s
Epoch: 95/150 Iter: 55/96 loss: 0.1434 acc: 0.9089 time 0.87s
Epoch: 95/150 Iter: 56/96 loss: 0.1409 acc: 0.9106 time 1.40s
Epoch: 95/150 Iter: 57/96 loss: 0.1429 acc: 0.9121 time 1.46s
Epoch: 95/150 Iter: 58/96 loss: 0.1426 acc: 0.9136 time 1.42s
Epoch: 95/150 Iter: 59/96 loss: 0.1462 acc: 0.9081 time 0.76s
Epoch: 95/150 Iter: 60/96 loss: 0.1443 acc: 0.9096 time 0.87s
Epoch: 95/150 Iter: 61/96 loss: 0.1456 acc: 0.9111 time 0.80s
Epoch: 95/150 Iter: 62/96 loss: 0.1530 acc: 0.9058 time 0.86s
Epoch: 95/150 Iter: 63/96 loss: 0.1511 acc: 0.9073 time 0.96s
Epoch: 95/150 Iter: 64/96 loss: 0.1518 acc: 0.9072 time 0.78s
Epoch: 95/150 Iter: 65/96 loss: 0.1494 acc: 0.9086 time 0.92s
Epoch: 95/150 Iter: 66/96 loss: 0.1475 acc: 0.9100 time 1.44s
Epoch: 95/150 Iter: 67/96 loss: 0.1485 acc: 0.9088 time 0.87s
Epoch: 95/150 Iter: 68/96 loss: 0.1469 acc: 0.9102 time 0.76s
Epoch: 95/150 Iter: 69/96 loss: 0.1455 acc: 0.9115 time 0.78s
Epoch: 95/150 Iter: 70/96 loss: 0.1516 acc: 0.9070 time 0.73s
Epoch: 95/150 Iter: 71/96 loss: 0.1504 acc: 0.9083 time 1.47s
Epoch: 95/150 Iter: 72/96 loss: 0.1502 acc: 0.9096 time 1.45s
Epoch: 95/150 Iter: 73/96 loss: 0.1566 acc: 0.9091 time 1.46s
Epoch: 95/150 Iter: 74/96 loss: 0.1603 acc: 0.9087 time 0.79s
Epoch: 95/150 Iter: 75/96 loss: 0.1583 acc: 0.9099 time 1.41s
Epoch: 95/150 Iter: 76/96 loss: 0.1570 acc: 0.9111 time 0.80s
Epoch: 95/150 Iter: 77/96 loss: 0.1585 acc: 0.9122 time 0.87s
Epoch: 95/150 Iter: 78/96 loss: 0.1579 acc: 0.9134 time 1.46s
Epoch: 95/150 Iter: 79/96 loss: 0.1573 acc: 0.9123 time 0.80s
Epoch: 95/150 Iter: 80/96 loss: 0.1584 acc: 0.9061 time 0.80s
Epoch: 95/150 Iter: 81/96 loss: 0.1594 acc: 0.9052 time 0.76s
Epoch: 95/150 Iter: 82/96 loss: 0.1598 acc: 0.9064 time 1.37s
Epoch: 95/150 Iter: 83/96 loss: 0.1589 acc: 0.9055 time 0.74s
Epoch: 95/150 Iter: 84/96 loss: 0.1582 acc: 0.9066 time 0.82s
Epoch: 95/150 Iter: 85/96 loss: 0.1568 acc: 0.9077 time 0.69s
Epoch: 95/150 Iter: 86/96 loss: 0.1580 acc: 0.9077 time 0.76s
Epoch: 95/150 Iter: 87/96 loss: 0.1562 acc: 0.9087 time 1.39s
Epoch: 95/150 Iter: 88/96 loss: 0.1545 acc: 0.9098 time 1.40s
Epoch: 95/150 Iter: 89/96 loss: 0.1548 acc: 0.9080 time 0.72s
Epoch: 95/150 Iter: 90/96 loss: 0.1559 acc: 0.9071 time 1.38s
Epoch: 95/150 Iter: 91/96 loss: 0.1562 acc: 0.9033 time 0.72s
Epoch: 95/150 Iter: 92/96 loss: 0.1583 acc: 0.9025 time 1.38s
Epoch: 95/150 Iter: 93/96 loss: 0.1574 acc: 0.9036 time 0.70s
Epoch: 95/150 Iter: 94/96 loss: 0.1614 acc: 0.8993 time 0.77s
Epoch: 95/150 Iter: 95/96 loss: 0.1597 acc: 0.9003 time 1.40s
Epoch: 95/150 Iter: 96/96 loss: 0.1584 acc: 0.9014 time 0.78s
[Train epoch 95] avg_loss=0.1584 avg_acc=0.9014 | per-class [c0: 0.921, c1: 1.000, c2: 0.936]
Final training 95/150, loss: 0.1584, time 101.39s, lr: 0.026003
Accuracy: 0.932
class                  precision    recall   specificity      f1   support
--------------------------------------------------------------------------
0                          0.963     0.921         0.966   0.942       280
1                          0.698     1.000         0.976   0.822        30
2                          0.940     0.936         0.948   0.938       266
*----------------------------------------*
0 Mon Nov 17 19:08:36 2025 Epoch: 96
Epoch: 96/150 Iter: 1/96 loss: 0.0088 acc: 1.0000 time 2.38s
Epoch: 96/150 Iter: 2/96 loss: 0.2284 acc: 0.8000 time 0.84s
Epoch: 96/150 Iter: 3/96 loss: 0.2155 acc: 0.8111 time 1.43s
Epoch: 96/150 Iter: 4/96 loss: 0.1802 acc: 0.8583 time 0.73s
Epoch: 96/150 Iter: 5/96 loss: 0.1757 acc: 0.8644 time 1.40s
Epoch: 96/150 Iter: 6/96 loss: 0.1994 acc: 0.8454 time 0.82s
Epoch: 96/150 Iter: 7/96 loss: 0.1750 acc: 0.8675 time 0.90s
Epoch: 96/150 Iter: 8/96 loss: 0.1597 acc: 0.8840 time 0.92s
Epoch: 96/150 Iter: 9/96 loss: 0.1482 acc: 0.8969 time 1.47s
Epoch: 96/150 Iter: 10/96 loss: 0.1626 acc: 0.8489 time 1.42s
Epoch: 96/150 Iter: 11/96 loss: 0.1989 acc: 0.8626 time 0.91s
Epoch: 96/150 Iter: 12/96 loss: 0.2087 acc: 0.8741 time 0.75s
Epoch: 96/150 Iter: 13/96 loss: 0.1955 acc: 0.8838 time 1.45s
Epoch: 96/150 Iter: 14/96 loss: 0.2027 acc: 0.8635 time 1.47s
Epoch: 96/150 Iter: 15/96 loss: 0.2071 acc: 0.8659 time 1.43s
Epoch: 96/150 Iter: 16/96 loss: 0.1946 acc: 0.8743 time 1.49s
Epoch: 96/150 Iter: 17/96 loss: 0.2021 acc: 0.8743 time 1.42s
Epoch: 96/150 Iter: 18/96 loss: 0.1999 acc: 0.8674 time 0.85s
Epoch: 96/150 Iter: 19/96 loss: 0.1901 acc: 0.8744 time 0.80s
Epoch: 96/150 Iter: 20/96 loss: 0.1906 acc: 0.8807 time 0.85s
Epoch: 96/150 Iter: 21/96 loss: 0.1849 acc: 0.8864 time 1.42s
Epoch: 96/150 Iter: 22/96 loss: 0.1808 acc: 0.8915 time 0.77s
Epoch: 96/150 Iter: 23/96 loss: 0.1771 acc: 0.8963 time 0.75s
Epoch: 96/150 Iter: 24/96 loss: 0.1751 acc: 0.9006 time 0.89s
Epoch: 96/150 Iter: 25/96 loss: 0.1684 acc: 0.9046 time 1.42s
Epoch: 96/150 Iter: 26/96 loss: 0.1670 acc: 0.8928 time 0.92s
Epoch: 96/150 Iter: 27/96 loss: 0.1615 acc: 0.8968 time 0.78s
Epoch: 96/150 Iter: 28/96 loss: 0.1570 acc: 0.9005 time 1.50s
Epoch: 96/150 Iter: 29/96 loss: 0.1543 acc: 0.9039 time 0.85s
Epoch: 96/150 Iter: 30/96 loss: 0.1570 acc: 0.9034 time 1.44s
Epoch: 96/150 Iter: 31/96 loss: 0.1637 acc: 0.8976 time 0.92s
Epoch: 96/150 Iter: 32/96 loss: 0.1654 acc: 0.8956 time 0.92s
Epoch: 96/150 Iter: 33/96 loss: 0.1645 acc: 0.8962 time 0.82s
Epoch: 96/150 Iter: 34/96 loss: 0.1618 acc: 0.8944 time 0.80s
Epoch: 96/150 Iter: 35/96 loss: 0.1574 acc: 0.8974 time 1.48s
Epoch: 96/150 Iter: 36/96 loss: 0.1549 acc: 0.9002 time 0.87s
Epoch: 96/150 Iter: 37/96 loss: 0.1515 acc: 0.9029 time 0.84s
Epoch: 96/150 Iter: 38/96 loss: 0.1486 acc: 0.9055 time 0.83s
Epoch: 96/150 Iter: 39/96 loss: 0.1458 acc: 0.9079 time 0.89s
Epoch: 96/150 Iter: 40/96 loss: 0.1432 acc: 0.9102 time 0.93s
Epoch: 96/150 Iter: 41/96 loss: 0.1546 acc: 0.9022 time 0.88s
Epoch: 96/150 Iter: 42/96 loss: 0.1566 acc: 0.8940 time 1.38s
Epoch: 96/150 Iter: 43/96 loss: 0.1537 acc: 0.8964 time 1.49s
Epoch: 96/150 Iter: 44/96 loss: 0.1515 acc: 0.8988 time 0.92s
Epoch: 96/150 Iter: 45/96 loss: 0.1490 acc: 0.9010 time 1.47s
Epoch: 96/150 Iter: 46/96 loss: 0.1593 acc: 0.8978 time 0.79s
Epoch: 96/150 Iter: 47/96 loss: 0.1709 acc: 0.8858 time 0.90s
Epoch: 96/150 Iter: 48/96 loss: 0.1688 acc: 0.8881 time 1.42s
Epoch: 96/150 Iter: 49/96 loss: 0.1699 acc: 0.8802 time 1.44s
Epoch: 96/150 Iter: 50/96 loss: 0.1675 acc: 0.8826 time 0.87s
Epoch: 96/150 Iter: 51/96 loss: 0.1647 acc: 0.8849 time 0.85s
Epoch: 96/150 Iter: 52/96 loss: 0.1617 acc: 0.8871 time 1.46s
Epoch: 96/150 Iter: 53/96 loss: 0.1591 acc: 0.8893 time 1.41s
Epoch: 96/150 Iter: 54/96 loss: 0.1571 acc: 0.8913 time 1.43s
Epoch: 96/150 Iter: 55/96 loss: 0.1563 acc: 0.8913 time 0.90s
Epoch: 96/150 Iter: 56/96 loss: 0.1582 acc: 0.8910 time 1.47s
Epoch: 96/150 Iter: 57/96 loss: 0.1579 acc: 0.8929 time 0.88s
Epoch: 96/150 Iter: 58/96 loss: 0.1552 acc: 0.8947 time 1.39s
Epoch: 96/150 Iter: 59/96 loss: 0.1531 acc: 0.8965 time 1.39s
Epoch: 96/150 Iter: 60/96 loss: 0.1523 acc: 0.8982 time 0.77s
Epoch: 96/150 Iter: 61/96 loss: 0.1501 acc: 0.8999 time 1.48s
Epoch: 96/150 Iter: 62/96 loss: 0.1508 acc: 0.8995 time 0.93s
Epoch: 96/150 Iter: 63/96 loss: 0.1492 acc: 0.9011 time 0.73s
Epoch: 96/150 Iter: 64/96 loss: 0.1487 acc: 0.9026 time 1.43s
Epoch: 96/150 Iter: 65/96 loss: 0.1466 acc: 0.9041 time 0.90s
Epoch: 96/150 Iter: 66/96 loss: 0.1448 acc: 0.9056 time 0.77s
Epoch: 96/150 Iter: 67/96 loss: 0.1485 acc: 0.9014 time 0.75s
Epoch: 96/150 Iter: 68/96 loss: 0.1467 acc: 0.9029 time 0.90s
Epoch: 96/150 Iter: 69/96 loss: 0.1453 acc: 0.9043 time 1.47s
Epoch: 96/150 Iter: 70/96 loss: 0.1446 acc: 0.9056 time 0.77s
Epoch: 96/150 Iter: 71/96 loss: 0.1428 acc: 0.9070 time 1.40s
Epoch: 96/150 Iter: 72/96 loss: 0.1417 acc: 0.9083 time 1.47s
Epoch: 96/150 Iter: 73/96 loss: 0.1399 acc: 0.9095 time 1.43s
Epoch: 96/150 Iter: 74/96 loss: 0.1393 acc: 0.9085 time 0.92s
Epoch: 96/150 Iter: 75/96 loss: 0.1385 acc: 0.9086 time 0.75s
Epoch: 96/150 Iter: 76/96 loss: 0.1460 acc: 0.9065 time 0.76s
Epoch: 96/150 Iter: 77/96 loss: 0.1467 acc: 0.9023 time 0.81s
Epoch: 96/150 Iter: 78/96 loss: 0.1469 acc: 0.9036 time 0.87s
Epoch: 96/150 Iter: 79/96 loss: 0.1471 acc: 0.9048 time 0.76s
Epoch: 96/150 Iter: 80/96 loss: 0.1547 acc: 0.8997 time 0.81s
Epoch: 96/150 Iter: 81/96 loss: 0.1575 acc: 0.8989 time 1.37s
Epoch: 96/150 Iter: 82/96 loss: 0.1557 acc: 0.9001 time 1.37s
Epoch: 96/150 Iter: 83/96 loss: 0.1539 acc: 0.9013 time 0.71s
Epoch: 96/150 Iter: 84/96 loss: 0.1573 acc: 0.9010 time 0.80s
Epoch: 96/150 Iter: 85/96 loss: 0.1558 acc: 0.9022 time 0.70s
Epoch: 96/150 Iter: 86/96 loss: 0.1561 acc: 0.8982 time 0.91s
Epoch: 96/150 Iter: 87/96 loss: 0.1579 acc: 0.8945 time 0.79s
Epoch: 96/150 Iter: 88/96 loss: 0.1712 acc: 0.8920 time 1.36s
Epoch: 96/150 Iter: 89/96 loss: 0.1713 acc: 0.8932 time 1.37s
Epoch: 96/150 Iter: 90/96 loss: 0.1698 acc: 0.8944 time 1.41s
Epoch: 96/150 Iter: 91/96 loss: 0.1894 acc: 0.8906 time 1.40s
Epoch: 96/150 Iter: 92/96 loss: 0.1883 acc: 0.8918 time 0.72s
Epoch: 96/150 Iter: 93/96 loss: 0.1909 acc: 0.8918 time 1.37s
Epoch: 96/150 Iter: 94/96 loss: 0.1898 acc: 0.8929 time 0.73s
Epoch: 96/150 Iter: 95/96 loss: 0.1907 acc: 0.8914 time 1.37s
Epoch: 96/150 Iter: 96/96 loss: 0.1890 acc: 0.8926 time 0.76s
[Train epoch 96] avg_loss=0.1890 avg_acc=0.8926 | per-class [c0: 0.914, c1: 0.933, c2: 0.925]
Final training 96/150, loss: 0.1890, time 104.58s, lr: 0.025194
Accuracy: 0.920
class                  precision    recall   specificity      f1   support
--------------------------------------------------------------------------
0                          0.959     0.914         0.963   0.936       280
1                          0.651     0.933         0.973   0.767        30
2                          0.925     0.925         0.935   0.925       266
*----------------------------------------*
Val 96/150 1/24, Acc: 0.6667, Loss: 11.6212, time 0.46s
Val 96/150 2/24, Acc: 0.6111, Loss: 6.0186, time 0.43s
Val 96/150 3/24, Acc: 0.7407, Loss: 4.1350, time 0.41s
Val 96/150 4/24, Acc: 0.8056, Loss: 3.1196, time 0.41s
Val 96/150 5/24, Acc: 0.8194, Loss: 2.5502, time 0.48s
Val 96/150 6/24, Acc: 0.8495, Loss: 2.1312, time 0.47s
Val 96/150 7/24, Acc: 0.8710, Loss: 1.8361, time 0.43s
Val 96/150 8/24, Acc: 0.8403, Loss: 1.7340, time 0.47s
Val 96/150 9/24, Acc: 0.8469, Loss: 1.5522, time 0.44s
Val 96/150 10/24, Acc: 0.8622, Loss: 1.3978, time 0.50s
Val 96/150 11/24, Acc: 0.8747, Loss: 1.2777, time 0.40s
Val 96/150 12/24, Acc: 0.8296, Loss: 1.2490, time 0.46s
Val 96/150 13/24, Acc: 0.8043, Loss: 1.1767, time 0.47s
Val 96/150 14/24, Acc: 0.7825, Loss: 1.1566, time 0.47s
Val 96/150 15/24, Acc: 0.7915, Loss: 1.1000, time 0.47s
Val 96/150 16/24, Acc: 0.7920, Loss: 1.0539, time 0.41s
Val 96/150 17/24, Acc: 0.7969, Loss: 1.0120, time 0.48s
Val 96/150 18/24, Acc: 0.8082, Loss: 0.9597, time 0.44s
Val 96/150 19/24, Acc: 0.8130, Loss: 0.9219, time 0.45s
Val 96/150 20/24, Acc: 0.8001, Loss: 0.9394, time 0.52s
Val 96/150 21/24, Acc: 0.8097, Loss: 0.8985, time 0.45s
Val 96/150 22/24, Acc: 0.8107, Loss: 0.8765, time 0.58s
Val 96/150 23/24, Acc: 0.7972, Loss: 0.8801, time 0.40s
Val 96/150 24/24, Acc: 0.7918, Loss: 0.8908, time 0.43s
[Val epoch 96] avg_acc=0.7918 | avg_loss=0.8908 | per-class [c0: 0.843, c1: 0.625, c2: 0.894]
Final validation 96/150, Val_acc: 0.7918, time 10.92sAccuracy: 0.854
class                  precision    recall   specificity      f1   support
--------------------------------------------------------------------------
0                          0.922     0.843         0.932   0.881        70
1                          0.455     0.625         0.956   0.526         8
2                          0.855     0.894         0.872   0.874        66
*========================================*
Saving checkpoint outputs/OrganoidsINRIA_reduced/resnet18/2025-11-17-16-11/training/model_final.pt
[EarlyStopping] no improve (3/40)
[EarlyStopping] no improve (24/40)
0 Mon Nov 17 19:10:36 2025 Epoch: 97
Epoch: 97/150 Iter: 1/96 loss: 0.0156 acc: 1.0000 time 1.81s
Epoch: 97/150 Iter: 2/96 loss: 0.2744 acc: 0.7917 time 1.47s
Epoch: 97/150 Iter: 3/96 loss: 0.2034 acc: 0.8611 time 0.89s
Epoch: 97/150 Iter: 4/96 loss: 0.1933 acc: 0.8958 time 1.42s
Epoch: 97/150 Iter: 5/96 loss: 0.4517 acc: 0.8167 time 0.76s
Epoch: 97/150 Iter: 6/96 loss: 0.4068 acc: 0.8472 time 0.74s
Epoch: 97/150 Iter: 7/96 loss: 0.3699 acc: 0.8690 time 0.88s
Epoch: 97/150 Iter: 8/96 loss: 0.3318 acc: 0.8854 time 1.45s
Epoch: 97/150 Iter: 9/96 loss: 0.3117 acc: 0.8981 time 0.79s
Epoch: 97/150 Iter: 10/96 loss: 0.2829 acc: 0.9083 time 1.44s
Epoch: 97/150 Iter: 11/96 loss: 0.2976 acc: 0.9091 time 0.93s
Epoch: 97/150 Iter: 12/96 loss: 0.2795 acc: 0.9167 time 1.44s
Epoch: 97/150 Iter: 13/96 loss: 0.2665 acc: 0.9103 time 1.43s
Epoch: 97/150 Iter: 14/96 loss: 0.3127 acc: 0.8833 time 0.86s
Epoch: 97/150 Iter: 15/96 loss: 0.3324 acc: 0.8578 time 1.42s
Epoch: 97/150 Iter: 16/96 loss: 0.3183 acc: 0.8563 time 0.87s
Epoch: 97/150 Iter: 17/96 loss: 0.3220 acc: 0.8402 time 0.76s
Epoch: 97/150 Iter: 18/96 loss: 0.3094 acc: 0.8491 time 0.86s
Epoch: 97/150 Iter: 19/96 loss: 0.2935 acc: 0.8570 time 0.86s
Epoch: 97/150 Iter: 20/96 loss: 0.2792 acc: 0.8642 time 1.45s
Epoch: 97/150 Iter: 21/96 loss: 0.3101 acc: 0.8357 time 0.80s
Epoch: 97/150 Iter: 22/96 loss: 0.3119 acc: 0.8375 time 1.39s
Epoch: 97/150 Iter: 23/96 loss: 0.3014 acc: 0.8446 time 1.40s
Epoch: 97/150 Iter: 24/96 loss: 0.2899 acc: 0.8510 time 0.75s
Epoch: 97/150 Iter: 25/96 loss: 0.3018 acc: 0.8383 time 1.47s
Epoch: 97/150 Iter: 26/96 loss: 0.3022 acc: 0.8349 time 1.47s
Epoch: 97/150 Iter: 27/96 loss: 0.2943 acc: 0.8410 time 0.76s
Epoch: 97/150 Iter: 28/96 loss: 0.2897 acc: 0.8467 time 0.76s
Epoch: 97/150 Iter: 29/96 loss: 0.2902 acc: 0.8463 time 0.80s
Epoch: 97/150 Iter: 30/96 loss: 0.2919 acc: 0.8458 time 0.89s
Epoch: 97/150 Iter: 31/96 loss: 0.2908 acc: 0.8468 time 0.76s
Epoch: 97/150 Iter: 32/96 loss: 0.2978 acc: 0.8273 time 1.45s
Epoch: 97/150 Iter: 33/96 loss: 0.3026 acc: 0.8264 time 1.45s
Epoch: 97/150 Iter: 34/96 loss: 0.3005 acc: 0.8315 time 0.78s
Epoch: 97/150 Iter: 35/96 loss: 0.2930 acc: 0.8363 time 0.93s
Epoch: 97/150 Iter: 36/96 loss: 0.2861 acc: 0.8409 time 0.76s
Epoch: 97/150 Iter: 37/96 loss: 0.2796 acc: 0.8452 time 1.46s
Epoch: 97/150 Iter: 38/96 loss: 0.2847 acc: 0.8493 time 1.37s
Epoch: 97/150 Iter: 39/96 loss: 0.2778 acc: 0.8531 time 1.40s
Epoch: 97/150 Iter: 40/96 loss: 0.2718 acc: 0.8568 time 1.41s
Epoch: 97/150 Iter: 41/96 loss: 0.2817 acc: 0.8489 time 1.45s
Epoch: 97/150 Iter: 42/96 loss: 0.2788 acc: 0.8495 time 0.88s
Epoch: 97/150 Iter: 43/96 loss: 0.2726 acc: 0.8530 time 0.77s
Epoch: 97/150 Iter: 44/96 loss: 0.2749 acc: 0.8526 time 0.87s
Epoch: 97/150 Iter: 45/96 loss: 0.2813 acc: 0.8492 time 1.46s
Epoch: 97/150 Iter: 46/96 loss: 0.2769 acc: 0.8525 time 0.75s
Epoch: 97/150 Iter: 47/96 loss: 0.2737 acc: 0.8556 time 1.45s
Epoch: 97/150 Iter: 48/96 loss: 0.2683 acc: 0.8586 time 0.76s
Epoch: 97/150 Iter: 49/96 loss: 0.2712 acc: 0.8547 time 0.81s
Epoch: 97/150 Iter: 50/96 loss: 0.2668 acc: 0.8576 time 0.76s
Epoch: 97/150 Iter: 51/96 loss: 0.2691 acc: 0.8517 time 1.45s
Epoch: 97/150 Iter: 52/96 loss: 0.2685 acc: 0.8460 time 0.84s
Epoch: 97/150 Iter: 53/96 loss: 0.2656 acc: 0.8458 time 0.79s
Epoch: 97/150 Iter: 54/96 loss: 0.2622 acc: 0.8486 time 1.42s
Epoch: 97/150 Iter: 55/96 loss: 0.2576 acc: 0.8514 time 0.78s
Epoch: 97/150 Iter: 56/96 loss: 0.2558 acc: 0.8540 time 0.88s
Epoch: 97/150 Iter: 57/96 loss: 0.2529 acc: 0.8537 time 1.46s
Epoch: 97/150 Iter: 58/96 loss: 0.2508 acc: 0.8562 time 0.81s
Epoch: 97/150 Iter: 59/96 loss: 0.2545 acc: 0.8558 time 0.87s
Epoch: 97/150 Iter: 60/96 loss: 0.2509 acc: 0.8582 time 0.73s
Epoch: 97/150 Iter: 61/96 loss: 0.2475 acc: 0.8605 time 0.80s
Epoch: 97/150 Iter: 62/96 loss: 0.2447 acc: 0.8628 time 1.46s
Epoch: 97/150 Iter: 63/96 loss: 0.2421 acc: 0.8649 time 0.76s
Epoch: 97/150 Iter: 64/96 loss: 0.2408 acc: 0.8651 time 0.90s
Epoch: 97/150 Iter: 65/96 loss: 0.2375 acc: 0.8672 time 1.41s
Epoch: 97/150 Iter: 66/96 loss: 0.2488 acc: 0.8677 time 0.80s
Epoch: 97/150 Iter: 67/96 loss: 0.2517 acc: 0.8678 time 1.44s
Epoch: 97/150 Iter: 68/96 loss: 0.2487 acc: 0.8697 time 0.78s
Epoch: 97/150 Iter: 69/96 loss: 0.2465 acc: 0.8716 time 0.90s
Epoch: 97/150 Iter: 70/96 loss: 0.2438 acc: 0.8735 time 0.87s
Epoch: 97/150 Iter: 71/96 loss: 0.2405 acc: 0.8752 time 0.86s
Epoch: 97/150 Iter: 72/96 loss: 0.2397 acc: 0.8770 time 0.91s
Epoch: 97/150 Iter: 73/96 loss: 0.2372 acc: 0.8787 time 1.48s
Epoch: 97/150 Iter: 74/96 loss: 0.2393 acc: 0.8788 time 0.78s
Epoch: 97/150 Iter: 75/96 loss: 0.2371 acc: 0.8804 time 1.41s
Epoch: 97/150 Iter: 76/96 loss: 0.2341 acc: 0.8820 time 0.77s
Epoch: 97/150 Iter: 77/96 loss: 0.2438 acc: 0.8770 time 0.92s
Epoch: 97/150 Iter: 78/96 loss: 0.2474 acc: 0.8765 time 1.46s
Epoch: 97/150 Iter: 79/96 loss: 0.2445 acc: 0.8780 time 1.39s
Epoch: 97/150 Iter: 80/96 loss: 0.2507 acc: 0.8764 time 1.45s
Epoch: 97/150 Iter: 81/96 loss: 0.2499 acc: 0.8749 time 0.76s
Epoch: 97/150 Iter: 82/96 loss: 0.2504 acc: 0.8749 time 0.74s
Epoch: 97/150 Iter: 83/96 loss: 0.2486 acc: 0.8764 time 1.44s
Epoch: 97/150 Iter: 84/96 loss: 0.2486 acc: 0.8759 time 1.45s
Epoch: 97/150 Iter: 85/96 loss: 0.2504 acc: 0.8754 time 0.70s
Epoch: 97/150 Iter: 86/96 loss: 0.2484 acc: 0.8768 time 1.37s
Epoch: 97/150 Iter: 87/96 loss: 0.2486 acc: 0.8736 time 0.69s
Epoch: 97/150 Iter: 88/96 loss: 0.2470 acc: 0.8751 time 0.73s
Epoch: 97/150 Iter: 89/96 loss: 0.2466 acc: 0.8765 time 1.37s
Epoch: 97/150 Iter: 90/96 loss: 0.2439 acc: 0.8778 time 0.74s
Epoch: 97/150 Iter: 91/96 loss: 0.2451 acc: 0.8737 time 0.73s
Epoch: 97/150 Iter: 92/96 loss: 0.2430 acc: 0.8751 time 0.77s
Epoch: 97/150 Iter: 93/96 loss: 0.2414 acc: 0.8764 time 1.36s
Epoch: 97/150 Iter: 94/96 loss: 0.2489 acc: 0.8768 time 0.70s
Epoch: 97/150 Iter: 95/96 loss: 0.2481 acc: 0.8781 time 0.70s
Epoch: 97/150 Iter: 96/96 loss: 0.2459 acc: 0.8794 time 0.75s
[Train epoch 97] avg_loss=0.2459 avg_acc=0.8794 | per-class [c0: 0.886, c1: 1.000, c2: 0.925]
Final training 97/150, loss: 0.2459, time 101.40s, lr: 0.024393
Accuracy: 0.910
class                  precision    recall   specificity      f1   support
--------------------------------------------------------------------------
0                          0.965     0.886         0.969   0.924       281
1                          0.612     1.000         0.965   0.759        30
2                          0.911     0.925         0.923   0.918       265
*----------------------------------------*
0 Mon Nov 17 19:12:18 2025 Epoch: 98
Epoch: 98/150 Iter: 1/96 loss: 0.1164 acc: 1.0000 time 1.77s
Epoch: 98/150 Iter: 2/96 loss: 0.1360 acc: 1.0000 time 0.80s
Epoch: 98/150 Iter: 3/96 loss: 0.1045 acc: 1.0000 time 1.42s
Epoch: 98/150 Iter: 4/96 loss: 0.1224 acc: 0.9688 time 0.84s
Epoch: 98/150 Iter: 5/96 loss: 0.1368 acc: 0.9194 time 0.86s
Epoch: 98/150 Iter: 6/96 loss: 0.1181 acc: 0.9329 time 1.39s
Epoch: 98/150 Iter: 7/96 loss: 0.1122 acc: 0.9425 time 0.78s
Epoch: 98/150 Iter: 8/96 loss: 0.1025 acc: 0.9497 time 1.48s
Epoch: 98/150 Iter: 9/96 loss: 0.1085 acc: 0.9552 time 0.75s
Epoch: 98/150 Iter: 10/96 loss: 0.1010 acc: 0.9597 time 0.88s
Epoch: 98/150 Iter: 11/96 loss: 0.0959 acc: 0.9634 time 1.45s
Epoch: 98/150 Iter: 12/96 loss: 0.0927 acc: 0.9664 time 0.89s
Epoch: 98/150 Iter: 13/96 loss: 0.0860 acc: 0.9690 time 0.88s
Epoch: 98/150 Iter: 14/96 loss: 0.0908 acc: 0.9712 time 1.46s
Epoch: 98/150 Iter: 15/96 loss: 0.0889 acc: 0.9731 time 0.79s
Epoch: 98/150 Iter: 16/96 loss: 0.0858 acc: 0.9748 time 1.37s
Epoch: 98/150 Iter: 17/96 loss: 0.0951 acc: 0.9502 time 0.86s
Epoch: 98/150 Iter: 18/96 loss: 0.0928 acc: 0.9529 time 1.46s
Epoch: 98/150 Iter: 19/96 loss: 0.1187 acc: 0.9168 time 1.46s
Epoch: 98/150 Iter: 20/96 loss: 0.1145 acc: 0.9210 time 1.40s
Epoch: 98/150 Iter: 21/96 loss: 0.1131 acc: 0.9247 time 1.45s
Epoch: 98/150 Iter: 22/96 loss: 0.1176 acc: 0.9080 time 1.42s
Epoch: 98/150 Iter: 23/96 loss: 0.1138 acc: 0.9120 time 1.43s
Epoch: 98/150 Iter: 24/96 loss: 0.1146 acc: 0.9110 time 0.78s
Epoch: 98/150 Iter: 25/96 loss: 0.1440 acc: 0.9012 time 0.90s
Epoch: 98/150 Iter: 26/96 loss: 0.1466 acc: 0.9050 time 0.77s
Epoch: 98/150 Iter: 27/96 loss: 0.1481 acc: 0.9048 time 1.40s
Epoch: 98/150 Iter: 28/96 loss: 0.1499 acc: 0.9043 time 0.87s
Epoch: 98/150 Iter: 29/96 loss: 0.1450 acc: 0.9076 time 1.49s
Epoch: 98/150 Iter: 30/96 loss: 0.1424 acc: 0.9106 time 1.46s
Epoch: 98/150 Iter: 31/96 loss: 0.1386 acc: 0.9135 time 1.47s
Epoch: 98/150 Iter: 32/96 loss: 0.1345 acc: 0.9162 time 1.47s
Epoch: 98/150 Iter: 33/96 loss: 0.1408 acc: 0.9188 time 1.43s
Epoch: 98/150 Iter: 34/96 loss: 0.1378 acc: 0.9212 time 1.44s
Epoch: 98/150 Iter: 35/96 loss: 0.1372 acc: 0.9139 time 0.78s
Epoch: 98/150 Iter: 36/96 loss: 0.1497 acc: 0.9001 time 1.44s
Epoch: 98/150 Iter: 37/96 loss: 0.1541 acc: 0.9005 time 1.47s
Epoch: 98/150 Iter: 38/96 loss: 0.1653 acc: 0.8926 time 0.87s
Epoch: 98/150 Iter: 39/96 loss: 0.1622 acc: 0.8954 time 1.45s
Epoch: 98/150 Iter: 40/96 loss: 0.1594 acc: 0.8980 time 0.89s
Epoch: 98/150 Iter: 41/96 loss: 0.1662 acc: 0.8974 time 0.92s
Epoch: 98/150 Iter: 42/96 loss: 0.1629 acc: 0.8999 time 0.80s
Epoch: 98/150 Iter: 43/96 loss: 0.1591 acc: 0.9022 time 0.75s
Epoch: 98/150 Iter: 44/96 loss: 0.1587 acc: 0.9016 time 1.43s
Epoch: 98/150 Iter: 45/96 loss: 0.1553 acc: 0.9038 time 0.85s
Epoch: 98/150 Iter: 46/96 loss: 0.1534 acc: 0.9059 time 0.81s
Epoch: 98/150 Iter: 47/96 loss: 0.1520 acc: 0.9079 time 1.44s
Epoch: 98/150 Iter: 48/96 loss: 0.1502 acc: 0.9098 time 0.72s
Epoch: 98/150 Iter: 49/96 loss: 0.1527 acc: 0.9091 time 0.94s
Epoch: 98/150 Iter: 50/96 loss: 0.1504 acc: 0.9109 time 0.80s
Epoch: 98/150 Iter: 51/96 loss: 0.1478 acc: 0.9126 time 0.85s
Epoch: 98/150 Iter: 52/96 loss: 0.1472 acc: 0.9095 time 1.45s
Epoch: 98/150 Iter: 53/96 loss: 0.1509 acc: 0.9081 time 1.43s
Epoch: 98/150 Iter: 54/96 loss: 0.1544 acc: 0.9077 time 0.79s
Epoch: 98/150 Iter: 55/96 loss: 0.1542 acc: 0.9064 time 0.77s
Epoch: 98/150 Iter: 56/96 loss: 0.1527 acc: 0.9080 time 1.44s
Epoch: 98/150 Iter: 57/96 loss: 0.1541 acc: 0.9026 time 0.78s
Epoch: 98/150 Iter: 58/96 loss: 0.1531 acc: 0.9043 time 0.88s
Epoch: 98/150 Iter: 59/96 loss: 0.1531 acc: 0.9031 time 0.93s
Epoch: 98/150 Iter: 60/96 loss: 0.1512 acc: 0.9047 time 1.44s
Epoch: 98/150 Iter: 61/96 loss: 0.1502 acc: 0.9063 time 1.46s
Epoch: 98/150 Iter: 62/96 loss: 0.1500 acc: 0.9078 time 0.78s
Epoch: 98/150 Iter: 63/96 loss: 0.1481 acc: 0.9093 time 0.86s
Epoch: 98/150 Iter: 64/96 loss: 0.1470 acc: 0.9107 time 0.88s
Epoch: 98/150 Iter: 65/96 loss: 0.1450 acc: 0.9121 time 1.44s
Epoch: 98/150 Iter: 66/96 loss: 0.1507 acc: 0.9058 time 0.78s
Epoch: 98/150 Iter: 67/96 loss: 0.1489 acc: 0.9072 time 0.76s
Epoch: 98/150 Iter: 68/96 loss: 0.1468 acc: 0.9086 time 1.40s
Epoch: 98/150 Iter: 69/96 loss: 0.1450 acc: 0.9099 time 1.45s
Epoch: 98/150 Iter: 70/96 loss: 0.1432 acc: 0.9112 time 0.87s
Epoch: 98/150 Iter: 71/96 loss: 0.1471 acc: 0.9110 time 0.79s
Epoch: 98/150 Iter: 72/96 loss: 0.1481 acc: 0.9123 time 0.78s
Epoch: 98/150 Iter: 73/96 loss: 0.1514 acc: 0.9074 time 1.45s
Epoch: 98/150 Iter: 74/96 loss: 0.1502 acc: 0.9086 time 1.43s
Epoch: 98/150 Iter: 75/96 loss: 0.1534 acc: 0.9085 time 1.45s
Epoch: 98/150 Iter: 76/96 loss: 0.1589 acc: 0.9039 time 0.80s
Epoch: 98/150 Iter: 77/96 loss: 0.1572 acc: 0.9051 time 1.45s
Epoch: 98/150 Iter: 78/96 loss: 0.1558 acc: 0.9063 time 1.37s
Epoch: 98/150 Iter: 79/96 loss: 0.1554 acc: 0.9075 time 0.91s
Epoch: 98/150 Iter: 80/96 loss: 0.1579 acc: 0.9073 time 0.80s
Epoch: 98/150 Iter: 81/96 loss: 0.1568 acc: 0.9084 time 0.76s
Epoch: 98/150 Iter: 82/96 loss: 0.1582 acc: 0.9065 time 1.44s
Epoch: 98/150 Iter: 83/96 loss: 0.1564 acc: 0.9076 time 0.70s
Epoch: 98/150 Iter: 84/96 loss: 0.1576 acc: 0.9087 time 0.71s
Epoch: 98/150 Iter: 85/96 loss: 0.1562 acc: 0.9098 time 0.85s
Epoch: 98/150 Iter: 86/96 loss: 0.1546 acc: 0.9109 time 1.35s
Epoch: 98/150 Iter: 87/96 loss: 0.1528 acc: 0.9119 time 1.37s
Epoch: 98/150 Iter: 88/96 loss: 0.1560 acc: 0.9110 time 0.75s
Epoch: 98/150 Iter: 89/96 loss: 0.1572 acc: 0.9101 time 0.89s
Epoch: 98/150 Iter: 90/96 loss: 0.1566 acc: 0.9111 time 1.45s
Epoch: 98/150 Iter: 91/96 loss: 0.1577 acc: 0.9121 time 0.71s
Epoch: 98/150 Iter: 92/96 loss: 0.1582 acc: 0.9082 time 1.38s
Epoch: 98/150 Iter: 93/96 loss: 0.1631 acc: 0.9070 time 0.74s
Epoch: 98/150 Iter: 94/96 loss: 0.1619 acc: 0.9080 time 0.72s
Epoch: 98/150 Iter: 95/96 loss: 0.1606 acc: 0.9090 time 1.42s
Epoch: 98/150 Iter: 96/96 loss: 0.1633 acc: 0.9087 time 0.73s
[Train epoch 98] avg_loss=0.1633 avg_acc=0.9087 | per-class [c0: 0.925, c1: 0.967, c2: 0.940]
Final training 98/150, loss: 0.1633, time 105.80s, lr: 0.023599
Accuracy: 0.934
class                  precision    recall   specificity      f1   support
--------------------------------------------------------------------------
0                          0.970     0.925         0.973   0.947       280
1                          0.644     0.967         0.971   0.773        30
2                          0.947     0.940         0.955   0.943       266
*----------------------------------------*
Val 98/150 1/24, Acc: 0.6667, Loss: 14.7247, time 0.44s
Val 98/150 2/24, Acc: 0.6111, Loss: 7.6078, time 0.50s
Val 98/150 3/24, Acc: 0.7407, Loss: 5.1145, time 0.43s
Val 98/150 4/24, Acc: 0.7743, Loss: 4.1427, time 0.42s
Val 98/150 5/24, Acc: 0.8194, Loss: 3.3303, time 0.48s
Val 98/150 6/24, Acc: 0.8495, Loss: 2.7826, time 0.46s
Val 98/150 7/24, Acc: 0.8353, Loss: 2.4969, time 0.42s
Val 98/150 8/24, Acc: 0.8090, Loss: 2.2593, time 0.42s
Val 98/150 9/24, Acc: 0.8191, Loss: 2.0262, time 0.44s
Val 98/150 10/24, Acc: 0.8372, Loss: 1.8240, time 0.51s
Val 98/150 11/24, Acc: 0.8520, Loss: 1.6642, time 0.41s
Val 98/150 12/24, Acc: 0.8644, Loss: 1.5322, time 0.49s
Val 98/150 13/24, Acc: 0.8748, Loss: 1.4170, time 0.49s
Val 98/150 14/24, Acc: 0.8748, Loss: 1.3444, time 0.51s
Val 98/150 15/24, Acc: 0.8776, Loss: 1.2697, time 0.43s
Val 98/150 16/24, Acc: 0.8852, Loss: 1.1988, time 0.51s
Val 98/150 17/24, Acc: 0.8846, Loss: 1.1633, time 0.51s
Val 98/150 18/24, Acc: 0.8910, Loss: 1.0999, time 0.50s
Val 98/150 19/24, Acc: 0.8915, Loss: 1.0509, time 0.45s
Val 98/150 20/24, Acc: 0.8747, Loss: 1.0410, time 0.49s
Val 98/150 21/24, Acc: 0.8807, Loss: 0.9948, time 0.53s
Val 98/150 22/24, Acc: 0.8785, Loss: 0.9685, time 0.60s
Val 98/150 23/24, Acc: 0.8766, Loss: 0.9577, time 0.46s
Val 98/150 24/24, Acc: 0.8678, Loss: 0.9759, time 0.51s
[Val epoch 98] avg_acc=0.8678 | avg_loss=0.9759 | per-class [c0: 0.943, c1: 0.750, c2: 0.848]
Final validation 98/150, Val_acc: 0.8678, time 11.41s
Accuracy: 0.889
class                  precision    recall   specificity      f1   support
--------------------------------------------------------------------------
0                          0.892     0.943         0.892   0.917        70
1                          0.600     0.750         0.971   0.667         8
2                          0.933     0.848         0.949   0.889        66
*========================================*
New best (0.853241 --> 0.867824)
Saving checkpoint outputs/OrganoidsINRIA_reduced/resnet18/2025-11-17-16-11/training/model_final.pt
Copying best model to best_model.pt
[EarlyStopping] improved to 0.867824
[EarlyStopping] no improve (25/40)
0 Mon Nov 17 19:14:24 2025 Epoch: 99
Epoch: 99/150 Iter: 1/96 loss: 0.1790 acc: 1.0000 time 2.46s
Epoch: 99/150 Iter: 2/96 loss: 0.1068 acc: 1.0000 time 0.80s
Epoch: 99/150 Iter: 3/96 loss: 0.1062 acc: 1.0000 time 0.81s
Epoch: 99/150 Iter: 4/96 loss: 0.0934 acc: 1.0000 time 0.86s
Epoch: 99/150 Iter: 5/96 loss: 0.0750 acc: 1.0000 time 0.76s
Epoch: 99/150 Iter: 6/96 loss: 0.1115 acc: 0.9583 time 0.88s
Epoch: 99/150 Iter: 7/96 loss: 0.0997 acc: 0.9643 time 0.79s
Epoch: 99/150 Iter: 8/96 loss: 0.1963 acc: 0.9375 time 0.83s
Epoch: 99/150 Iter: 9/96 loss: 0.1817 acc: 0.9444 time 1.42s
Epoch: 99/150 Iter: 10/96 loss: 0.1661 acc: 0.9500 time 0.76s
Epoch: 99/150 Iter: 11/96 loss: 0.1527 acc: 0.9545 time 0.85s
Epoch: 99/150 Iter: 12/96 loss: 0.1425 acc: 0.9583 time 1.47s
Epoch: 99/150 Iter: 13/96 loss: 0.1378 acc: 0.9615 time 0.78s
Epoch: 99/150 Iter: 14/96 loss: 0.1296 acc: 0.9643 time 0.93s
Epoch: 99/150 Iter: 15/96 loss: 0.1247 acc: 0.9667 time 1.45s
Epoch: 99/150 Iter: 16/96 loss: 0.1179 acc: 0.9688 time 1.43s
Epoch: 99/150 Iter: 17/96 loss: 0.1123 acc: 0.9706 time 0.92s
Epoch: 99/150 Iter: 18/96 loss: 0.1149 acc: 0.9722 time 0.79s
Epoch: 99/150 Iter: 19/96 loss: 0.1108 acc: 0.9737 time 0.84s
Epoch: 99/150 Iter: 20/96 loss: 0.1080 acc: 0.9750 time 0.76s
Epoch: 99/150 Iter: 21/96 loss: 0.1037 acc: 0.9762 time 1.43s
Epoch: 99/150 Iter: 22/96 loss: 0.1047 acc: 0.9773 time 1.48s
Epoch: 99/150 Iter: 23/96 loss: 0.1211 acc: 0.9620 time 0.96s
Epoch: 99/150 Iter: 24/96 loss: 0.1332 acc: 0.9601 time 0.82s
Epoch: 99/150 Iter: 25/96 loss: 0.1289 acc: 0.9617 time 1.42s
Epoch: 99/150 Iter: 26/96 loss: 0.1325 acc: 0.9583 time 0.78s
Epoch: 99/150 Iter: 27/96 loss: 0.1394 acc: 0.9506 time 0.87s
Epoch: 99/150 Iter: 28/96 loss: 0.1434 acc: 0.9524 time 1.43s
Epoch: 99/150 Iter: 29/96 loss: 0.1405 acc: 0.9540 time 0.87s
Epoch: 99/150 Iter: 30/96 loss: 0.1599 acc: 0.9481 time 0.80s
Epoch: 99/150 Iter: 31/96 loss: 0.1585 acc: 0.9498 time 1.42s
Epoch: 99/150 Iter: 32/96 loss: 0.1569 acc: 0.9514 time 0.76s
Epoch: 99/150 Iter: 33/96 loss: 0.1547 acc: 0.9529 time 1.44s
Epoch: 99/150 Iter: 34/96 loss: 0.1638 acc: 0.9395 time 0.84s
Epoch: 99/150 Iter: 35/96 loss: 0.1726 acc: 0.9377 time 0.77s
Epoch: 99/150 Iter: 36/96 loss: 0.1706 acc: 0.9394 time 1.47s
Epoch: 99/150 Iter: 37/96 loss: 0.1694 acc: 0.9411 time 1.44s
Epoch: 99/150 Iter: 38/96 loss: 0.1656 acc: 0.9426 time 0.84s
Epoch: 99/150 Iter: 39/96 loss: 0.1614 acc: 0.9441 time 1.41s
Epoch: 99/150 Iter: 40/96 loss: 0.1615 acc: 0.9413 time 0.94s
Epoch: 99/150 Iter: 41/96 loss: 0.1583 acc: 0.9428 time 1.45s
Epoch: 99/150 Iter: 42/96 loss: 0.1552 acc: 0.9441 time 0.75s
Epoch: 99/150 Iter: 43/96 loss: 0.1595 acc: 0.9435 time 0.74s
Epoch: 99/150 Iter: 44/96 loss: 0.1559 acc: 0.9448 time 0.89s
Epoch: 99/150 Iter: 45/96 loss: 0.1529 acc: 0.9460 time 0.80s
Epoch: 99/150 Iter: 46/96 loss: 0.1533 acc: 0.9472 time 1.40s
Epoch: 99/150 Iter: 47/96 loss: 0.1503 acc: 0.9483 time 0.86s
Epoch: 99/150 Iter: 48/96 loss: 0.1482 acc: 0.9494 time 0.93s
Epoch: 99/150 Iter: 49/96 loss: 0.1458 acc: 0.9504 time 1.44s
Epoch: 99/150 Iter: 50/96 loss: 0.1449 acc: 0.9514 time 1.46s
Epoch: 99/150 Iter: 51/96 loss: 0.1422 acc: 0.9523 time 1.42s
Epoch: 99/150 Iter: 52/96 loss: 0.1503 acc: 0.9392 time 0.96s
Epoch: 99/150 Iter: 53/96 loss: 0.1626 acc: 0.9298 time 0.73s
Epoch: 99/150 Iter: 54/96 loss: 0.1660 acc: 0.9229 time 0.80s
Epoch: 99/150 Iter: 55/96 loss: 0.1650 acc: 0.9243 time 1.45s
Epoch: 99/150 Iter: 56/96 loss: 0.1634 acc: 0.9256 time 0.87s
Epoch: 99/150 Iter: 57/96 loss: 0.1859 acc: 0.9182 time 0.78s
Epoch: 99/150 Iter: 58/96 loss: 0.1835 acc: 0.9196 time 0.83s
Epoch: 99/150 Iter: 59/96 loss: 0.1825 acc: 0.9167 time 0.91s
Epoch: 99/150 Iter: 60/96 loss: 0.1813 acc: 0.9181 time 0.90s
Epoch: 99/150 Iter: 61/96 loss: 0.1816 acc: 0.9129 time 0.77s
Epoch: 99/150 Iter: 62/96 loss: 0.1797 acc: 0.9143 time 1.43s
Epoch: 99/150 Iter: 63/96 loss: 0.1828 acc: 0.9112 time 1.46s
Epoch: 99/150 Iter: 64/96 loss: 0.1812 acc: 0.9126 time 0.89s
Epoch: 99/150 Iter: 65/96 loss: 0.1799 acc: 0.9140 time 1.43s
Epoch: 99/150 Iter: 66/96 loss: 0.1857 acc: 0.9138 time 0.76s
Epoch: 99/150 Iter: 67/96 loss: 0.1833 acc: 0.9150 time 1.42s
Epoch: 99/150 Iter: 68/96 loss: 0.1822 acc: 0.9147 time 0.88s
Epoch: 99/150 Iter: 69/96 loss: 0.1803 acc: 0.9159 time 1.47s
Epoch: 99/150 Iter: 70/96 loss: 0.1779 acc: 0.9171 time 1.45s
Epoch: 99/150 Iter: 71/96 loss: 0.1762 acc: 0.9183 time 1.45s
Epoch: 99/150 Iter: 72/96 loss: 0.1754 acc: 0.9148 time 0.77s
Epoch: 99/150 Iter: 73/96 loss: 0.1731 acc: 0.9159 time 1.43s
Epoch: 99/150 Iter: 74/96 loss: 0.1777 acc: 0.9114 time 0.81s
Epoch: 99/150 Iter: 75/96 loss: 0.1756 acc: 0.9126 time 1.42s
Epoch: 99/150 Iter: 76/96 loss: 0.1779 acc: 0.9116 time 1.47s
Epoch: 99/150 Iter: 77/96 loss: 0.1777 acc: 0.9117 time 0.77s
Epoch: 99/150 Iter: 78/96 loss: 0.1760 acc: 0.9128 time 0.88s
Epoch: 99/150 Iter: 79/96 loss: 0.1822 acc: 0.9086 time 0.74s
Epoch: 99/150 Iter: 80/96 loss: 0.1800 acc: 0.9098 time 0.82s
Epoch: 99/150 Iter: 81/96 loss: 0.1841 acc: 0.9078 time 1.42s
Epoch: 99/150 Iter: 82/96 loss: 0.1857 acc: 0.9069 time 0.78s
Epoch: 99/150 Iter: 83/96 loss: 0.1839 acc: 0.9080 time 1.41s
Epoch: 99/150 Iter: 84/96 loss: 0.1825 acc: 0.9091 time 1.38s
Epoch: 99/150 Iter: 85/96 loss: 0.1806 acc: 0.9102 time 1.36s
Epoch: 99/150 Iter: 86/96 loss: 0.1788 acc: 0.9112 time 1.41s
Epoch: 99/150 Iter: 87/96 loss: 0.1775 acc: 0.9122 time 1.36s
Epoch: 99/150 Iter: 88/96 loss: 0.1795 acc: 0.9082 time 1.35s
Epoch: 99/150 Iter: 89/96 loss: 0.1786 acc: 0.9092 time 0.77s
Epoch: 99/150 Iter: 90/96 loss: 0.1768 acc: 0.9102 time 0.78s
Epoch: 99/150 Iter: 91/96 loss: 0.1759 acc: 0.9112 time 0.75s
Epoch: 99/150 Iter: 92/96 loss: 0.1823 acc: 0.9049 time 1.38s
Epoch: 99/150 Iter: 93/96 loss: 0.1820 acc: 0.9059 time 1.43s
Epoch: 99/150 Iter: 94/96 loss: 0.1811 acc: 0.9069 time 1.41s
Epoch: 99/150 Iter: 95/96 loss: 0.1798 acc: 0.9079 time 0.74s
Epoch: 99/150 Iter: 96/96 loss: 0.1785 acc: 0.9089 time 1.40s
[Train epoch 99] avg_loss=0.1785 avg_acc=0.9089 | per-class [c0: 0.918, c1: 0.967, c2: 0.936]
Final training 99/150, loss: 0.1785, time 104.85s, lr: 0.022812
Accuracy: 0.929
class                  precision    recall   specificity      f1   support
--------------------------------------------------------------------------
0                          0.963     0.918         0.966   0.940       281
1                          0.690     0.967         0.976   0.806        30
2                          0.932     0.936         0.942   0.934       265
*----------------------------------------*
0 Mon Nov 17 19:16:09 2025 Epoch: 100
Epoch: 100/150 Iter: 1/96 loss: 0.0845 acc: 1.0000 time 1.78s
Epoch: 100/150 Iter: 2/96 loss: 0.0631 acc: 1.0000 time 0.94s
Epoch: 100/150 Iter: 3/96 loss: 0.1641 acc: 0.9444 time 1.48s
Epoch: 100/150 Iter: 4/96 loss: 0.1868 acc: 0.9271 time 0.88s
Epoch: 100/150 Iter: 5/96 loss: 0.1894 acc: 0.9417 time 1.42s
Epoch: 100/150 Iter: 6/96 loss: 0.1956 acc: 0.9514 time 1.37s
Epoch: 100/150 Iter: 7/96 loss: 0.1752 acc: 0.9583 time 0.86s
Epoch: 100/150 Iter: 8/96 loss: 0.1800 acc: 0.9010 time 1.43s
Epoch: 100/150 Iter: 9/96 loss: 0.1614 acc: 0.9120 time 0.82s
Epoch: 100/150 Iter: 10/96 loss: 0.1459 acc: 0.9208 time 0.90s
Epoch: 100/150 Iter: 11/96 loss: 0.1623 acc: 0.9129 time 0.93s
Epoch: 100/150 Iter: 12/96 loss: 0.1573 acc: 0.9201 time 1.44s
Epoch: 100/150 Iter: 13/96 loss: 0.1483 acc: 0.9263 time 0.90s
Epoch: 100/150 Iter: 14/96 loss: 0.1579 acc: 0.8839 time 0.83s
Epoch: 100/150 Iter: 15/96 loss: 0.1517 acc: 0.8917 time 0.79s
Epoch: 100/150 Iter: 16/96 loss: 0.1423 acc: 0.8984 time 1.46s
Epoch: 100/150 Iter: 17/96 loss: 0.1519 acc: 0.8897 time 0.92s
Epoch: 100/150 Iter: 18/96 loss: 0.1565 acc: 0.8866 time 1.44s
Epoch: 100/150 Iter: 19/96 loss: 0.1498 acc: 0.8925 time 0.84s
Epoch: 100/150 Iter: 20/96 loss: 0.1616 acc: 0.8868 time 0.93s
Epoch: 100/150 Iter: 21/96 loss: 0.1689 acc: 0.8874 time 0.77s
Epoch: 100/150 Iter: 22/96 loss: 0.1637 acc: 0.8926 time 1.43s
Epoch: 100/150 Iter: 23/96 loss: 0.1577 acc: 0.8972 time 0.82s
Epoch: 100/150 Iter: 24/96 loss: 0.1678 acc: 0.8973 time 1.40s
Epoch: 100/150 Iter: 25/96 loss: 0.1840 acc: 0.8964 time 0.74s
Epoch: 100/150 Iter: 26/96 loss: 0.1770 acc: 0.9004 time 0.88s
Epoch: 100/150 Iter: 27/96 loss: 0.1814 acc: 0.8918 time 0.89s
Epoch: 100/150 Iter: 28/96 loss: 0.1896 acc: 0.8921 time 0.94s
Epoch: 100/150 Iter: 29/96 loss: 0.1866 acc: 0.8958 time 0.80s
Epoch: 100/150 Iter: 30/96 loss: 0.1858 acc: 0.8959 time 0.89s
Epoch: 100/150 Iter: 31/96 loss: 0.1852 acc: 0.8961 time 1.42s
Epoch: 100/150 Iter: 32/96 loss: 0.1799 acc: 0.8993 time 0.72s
Epoch: 100/150 Iter: 33/96 loss: 0.1755 acc: 0.9024 time 1.45s
Epoch: 100/150 Iter: 34/96 loss: 0.1714 acc: 0.9052 time 0.89s
Epoch: 100/150 Iter: 35/96 loss: 0.1690 acc: 0.9079 time 1.43s
Epoch: 100/150 Iter: 36/96 loss: 0.1647 acc: 0.9105 time 1.44s
Epoch: 100/150 Iter: 37/96 loss: 0.1764 acc: 0.9102 time 0.76s
Epoch: 100/150 Iter: 38/96 loss: 0.1724 acc: 0.9126 time 1.43s
Epoch: 100/150 Iter: 39/96 loss: 0.1703 acc: 0.9148 time 0.81s
Epoch: 100/150 Iter: 40/96 loss: 0.1894 acc: 0.9128 time 1.48s
Epoch: 100/150 Iter: 41/96 loss: 0.1849 acc: 0.9149 time 0.91s
Epoch: 100/150 Iter: 42/96 loss: 0.1807 acc: 0.9169 time 1.44s
Epoch: 100/150 Iter: 43/96 loss: 0.1896 acc: 0.9150 time 1.46s
Epoch: 100/150 Iter: 44/96 loss: 0.1935 acc: 0.9141 time 1.48s
Epoch: 100/150 Iter: 45/96 loss: 0.1902 acc: 0.9160 time 0.79s
Epoch: 100/150 Iter: 46/96 loss: 0.1933 acc: 0.9178 time 1.43s
Epoch: 100/150 Iter: 47/96 loss: 0.1899 acc: 0.9196 time 0.94s
Epoch: 100/150 Iter: 48/96 loss: 0.1934 acc: 0.9143 time 1.45s
Epoch: 100/150 Iter: 49/96 loss: 0.1896 acc: 0.9160 time 0.83s
Epoch: 100/150 Iter: 50/96 loss: 0.1899 acc: 0.9177 time 1.40s
Epoch: 100/150 Iter: 51/96 loss: 0.1870 acc: 0.9193 time 1.44s
Epoch: 100/150 Iter: 52/96 loss: 0.1877 acc: 0.9177 time 0.91s
Epoch: 100/150 Iter: 53/96 loss: 0.1846 acc: 0.9192 time 1.40s
Epoch: 100/150 Iter: 54/96 loss: 0.1837 acc: 0.9187 time 1.40s
Epoch: 100/150 Iter: 55/96 loss: 0.1809 acc: 0.9202 time 1.42s
Epoch: 100/150 Iter: 56/96 loss: 0.1851 acc: 0.9201 time 1.47s
Epoch: 100/150 Iter: 57/96 loss: 0.1841 acc: 0.9215 time 0.83s
Epoch: 100/150 Iter: 58/96 loss: 0.1816 acc: 0.9228 time 1.43s
Epoch: 100/150 Iter: 59/96 loss: 0.1843 acc: 0.9242 time 0.77s
Epoch: 100/150 Iter: 60/96 loss: 0.1826 acc: 0.9233 time 0.77s
Epoch: 100/150 Iter: 61/96 loss: 0.1801 acc: 0.9246 time 1.42s
Epoch: 100/150 Iter: 62/96 loss: 0.1847 acc: 0.9242 time 0.78s
Epoch: 100/150 Iter: 63/96 loss: 0.1830 acc: 0.9254 time 1.44s
Epoch: 100/150 Iter: 64/96 loss: 0.1805 acc: 0.9266 time 1.39s
Epoch: 100/150 Iter: 65/96 loss: 0.1783 acc: 0.9277 time 0.89s
Epoch: 100/150 Iter: 66/96 loss: 0.1764 acc: 0.9288 time 1.48s
Epoch: 100/150 Iter: 67/96 loss: 0.1835 acc: 0.9274 time 0.78s
Epoch: 100/150 Iter: 68/96 loss: 0.1872 acc: 0.9186 time 0.83s
Epoch: 100/150 Iter: 69/96 loss: 0.1859 acc: 0.9198 time 0.76s
Epoch: 100/150 Iter: 70/96 loss: 0.1837 acc: 0.9210 time 0.91s
Epoch: 100/150 Iter: 71/96 loss: 0.1882 acc: 0.9162 time 0.75s
Epoch: 100/150 Iter: 72/96 loss: 0.1861 acc: 0.9174 time 0.82s
Epoch: 100/150 Iter: 73/96 loss: 0.1871 acc: 0.9171 time 0.79s
Epoch: 100/150 Iter: 74/96 loss: 0.1846 acc: 0.9182 time 1.47s
Epoch: 100/150 Iter: 75/96 loss: 0.1836 acc: 0.9193 time 0.85s
Epoch: 100/150 Iter: 76/96 loss: 0.1948 acc: 0.9127 time 0.78s
Epoch: 100/150 Iter: 77/96 loss: 0.1946 acc: 0.9122 time 1.44s
Epoch: 100/150 Iter: 78/96 loss: 0.1934 acc: 0.9134 time 0.80s
Epoch: 100/150 Iter: 79/96 loss: 0.1912 acc: 0.9145 time 1.49s
Epoch: 100/150 Iter: 80/96 loss: 0.1890 acc: 0.9155 time 0.89s
Epoch: 100/150 Iter: 81/96 loss: 0.1889 acc: 0.9152 time 1.46s
Epoch: 100/150 Iter: 82/96 loss: 0.1867 acc: 0.9162 time 0.76s
Epoch: 100/150 Iter: 83/96 loss: 0.1940 acc: 0.9112 time 0.75s
Epoch: 100/150 Iter: 84/96 loss: 0.1960 acc: 0.9057 time 0.70s
Epoch: 100/150 Iter: 85/96 loss: 0.1947 acc: 0.9068 time 1.38s
Epoch: 100/150 Iter: 86/96 loss: 0.1926 acc: 0.9078 time 1.43s
Epoch: 100/150 Iter: 87/96 loss: 0.1908 acc: 0.9089 time 1.45s
Epoch: 100/150 Iter: 88/96 loss: 0.1930 acc: 0.9049 time 0.71s
Epoch: 100/150 Iter: 89/96 loss: 0.1923 acc: 0.9060 time 0.72s
Epoch: 100/150 Iter: 90/96 loss: 0.1906 acc: 0.9070 time 1.37s
Epoch: 100/150 Iter: 91/96 loss: 0.1886 acc: 0.9080 time 1.39s
Epoch: 100/150 Iter: 92/96 loss: 0.1935 acc: 0.9054 time 0.69s
Epoch: 100/150 Iter: 93/96 loss: 0.1927 acc: 0.9064 time 0.80s
Epoch: 100/150 Iter: 94/96 loss: 0.1924 acc: 0.9074 time 0.81s
Epoch: 100/150 Iter: 95/96 loss: 0.1916 acc: 0.9084 time 1.38s
Epoch: 100/150 Iter: 96/96 loss: 0.1906 acc: 0.9093 time 1.37s
[Train epoch 100] avg_loss=0.1906 avg_acc=0.9093 | per-class [c0: 0.914, c1: 0.933, c2: 0.932]
Final training 100/150, loss: 0.1906, time 105.71s, lr: 0.022034
Accuracy: 0.924
class                  precision    recall   specificity      f1   support
--------------------------------------------------------------------------
0                          0.962     0.914         0.966   0.938       280
1                          0.683     0.933         0.976   0.789        30
2                          0.922     0.932         0.932   0.927       266
*----------------------------------------*
Val 100/150 1/24, Acc: 0.6667, Loss: 12.5213, time 0.41s
Val 100/150 2/24, Acc: 0.6111, Loss: 6.4767, time 0.41s
Val 100/150 3/24, Acc: 0.7407, Loss: 4.3447, time 0.41s
Val 100/150 4/24, Acc: 0.7743, Loss: 3.6464, time 0.49s
Val 100/150 5/24, Acc: 0.8194, Loss: 2.9311, time 0.54s
Val 100/150 6/24, Acc: 0.8495, Loss: 2.4488, time 0.52s
Val 100/150 7/24, Acc: 0.8532, Loss: 2.1954, time 0.51s
Val 100/150 8/24, Acc: 0.8247, Loss: 2.0113, time 0.43s
Val 100/150 9/24, Acc: 0.8330, Loss: 1.8069, time 0.50s
Val 100/150 10/24, Acc: 0.8497, Loss: 1.6270, time 0.51s
Val 100/150 11/24, Acc: 0.8634, Loss: 1.4830, time 0.46s
Val 100/150 12/24, Acc: 0.8192, Loss: 1.3874, time 0.49s
Val 100/150 13/24, Acc: 0.8331, Loss: 1.2913, time 0.47s
Val 100/150 14/24, Acc: 0.8361, Loss: 1.2461, time 0.46s
Val 100/150 15/24, Acc: 0.8415, Loss: 1.1702, time 0.40s
Val 100/150 16/24, Acc: 0.8451, Loss: 1.1235, time 0.42s
Val 100/150 17/24, Acc: 0.8469, Loss: 1.0652, time 0.50s
Val 100/150 18/24, Acc: 0.8554, Loss: 1.0106, time 0.43s
Val 100/150 19/24, Acc: 0.8577, Loss: 0.9710, time 0.43s
Val 100/150 20/24, Acc: 0.8426, Loss: 0.9621, time 0.45s
Val 100/150 21/24, Acc: 0.8501, Loss: 0.9197, time 0.46s
Val 100/150 22/24, Acc: 0.8494, Loss: 0.9008, time 0.57s
Val 100/150 23/24, Acc: 0.8487, Loss: 0.8865, time 0.50s
Val 100/150 24/24, Acc: 0.8411, Loss: 0.8920, time 0.45s
[Val epoch 100] avg_acc=0.8411 | avg_loss=0.8920 | per-class [c0: 0.900, c1: 0.750, c2: 0.864]
Final validation 100/150, Val_acc: 0.8411, time 11.23sAccuracy: 0.875
class                  precision    recall   specificity      f1   support
--------------------------------------------------------------------------
0                          0.900     0.900         0.905   0.900        70
1                          0.600     0.750         0.971   0.667         8
2                          0.891     0.864         0.910   0.877        66
*========================================*
Saving checkpoint outputs/OrganoidsINRIA_reduced/resnet18/2025-11-17-16-11/training/model_final.pt
[EarlyStopping] no improve (1/40)
[EarlyStopping] no improve (26/40)
0 Mon Nov 17 19:18:10 2025 Epoch: 101
Epoch: 101/150 Iter: 1/96 loss: 0.0227 acc: 1.0000 time 1.84s
Epoch: 101/150 Iter: 2/96 loss: 0.0536 acc: 1.0000 time 0.88s
Epoch: 101/150 Iter: 3/96 loss: 0.1295 acc: 1.0000 time 1.46s
Epoch: 101/150 Iter: 4/96 loss: 0.1235 acc: 1.0000 time 1.46s
Epoch: 101/150 Iter: 5/96 loss: 0.1106 acc: 1.0000 time 1.45s
Epoch: 101/150 Iter: 6/96 loss: 0.2182 acc: 0.9259 time 0.95s
Epoch: 101/150 Iter: 7/96 loss: 0.2105 acc: 0.8651 time 1.44s
Epoch: 101/150 Iter: 8/96 loss: 0.1882 acc: 0.8819 time 1.40s
Epoch: 101/150 Iter: 9/96 loss: 0.1783 acc: 0.8827 time 1.43s
Epoch: 101/150 Iter: 10/96 loss: 0.1852 acc: 0.8861 time 1.42s
Epoch: 101/150 Iter: 11/96 loss: 0.1758 acc: 0.8965 time 1.43s
Epoch: 101/150 Iter: 12/96 loss: 0.1876 acc: 0.8947 time 0.76s
Epoch: 101/150 Iter: 13/96 loss: 0.1803 acc: 0.9028 time 1.40s
Epoch: 101/150 Iter: 14/96 loss: 0.1691 acc: 0.9097 time 1.41s
Epoch: 101/150 Iter: 15/96 loss: 0.1592 acc: 0.9157 time 1.41s
Epoch: 101/150 Iter: 16/96 loss: 0.1515 acc: 0.9210 time 0.88s
Epoch: 101/150 Iter: 17/96 loss: 0.1460 acc: 0.9257 time 0.88s
Epoch: 101/150 Iter: 18/96 loss: 0.1397 acc: 0.9298 time 0.90s
Epoch: 101/150 Iter: 19/96 loss: 0.1457 acc: 0.9247 time 1.49s
Epoch: 101/150 Iter: 20/96 loss: 0.1464 acc: 0.9222 time 1.44s
Epoch: 101/150 Iter: 21/96 loss: 0.1442 acc: 0.9259 time 0.77s
Epoch: 101/150 Iter: 22/96 loss: 0.1411 acc: 0.9293 time 0.79s
Epoch: 101/150 Iter: 23/96 loss: 0.1435 acc: 0.9251 time 0.94s
Epoch: 101/150 Iter: 24/96 loss: 0.1392 acc: 0.9282 time 1.47s
Epoch: 101/150 Iter: 25/96 loss: 0.1340 acc: 0.9311 time 1.45s
Epoch: 101/150 Iter: 26/96 loss: 0.1402 acc: 0.9338 time 1.42s
Epoch: 101/150 Iter: 27/96 loss: 0.1383 acc: 0.9362 time 0.85s
Epoch: 101/150 Iter: 28/96 loss: 0.1373 acc: 0.9385 time 0.81s
Epoch: 101/150 Iter: 29/96 loss: 0.1345 acc: 0.9406 time 1.46s
Epoch: 101/150 Iter: 30/96 loss: 0.1469 acc: 0.9384 time 0.88s
Epoch: 101/150 Iter: 31/96 loss: 0.1461 acc: 0.9404 time 0.77s
Epoch: 101/150 Iter: 32/96 loss: 0.1503 acc: 0.9388 time 1.41s
Epoch: 101/150 Iter: 33/96 loss: 0.1484 acc: 0.9407 time 0.86s
Epoch: 101/150 Iter: 34/96 loss: 0.1598 acc: 0.9252 time 1.39s
Epoch: 101/150 Iter: 35/96 loss: 0.1568 acc: 0.9274 time 0.77s
Epoch: 101/150 Iter: 36/96 loss: 0.1539 acc: 0.9294 time 0.80s
Epoch: 101/150 Iter: 37/96 loss: 0.1516 acc: 0.9313 time 1.45s
Epoch: 101/150 Iter: 38/96 loss: 0.1581 acc: 0.9287 time 0.92s
Epoch: 101/150 Iter: 39/96 loss: 0.1564 acc: 0.9306 time 0.77s
Epoch: 101/150 Iter: 40/96 loss: 0.1537 acc: 0.9323 time 1.43s
Epoch: 101/150 Iter: 41/96 loss: 0.1502 acc: 0.9339 time 0.85s
Epoch: 101/150 Iter: 42/96 loss: 0.1556 acc: 0.9315 time 0.89s
Epoch: 101/150 Iter: 43/96 loss: 0.1581 acc: 0.9196 time 0.78s
Epoch: 101/150 Iter: 44/96 loss: 0.1548 acc: 0.9214 time 1.44s
Epoch: 101/150 Iter: 45/96 loss: 0.1522 acc: 0.9231 time 0.85s
Epoch: 101/150 Iter: 46/96 loss: 0.1578 acc: 0.9158 time 1.40s
Epoch: 101/150 Iter: 47/96 loss: 0.1550 acc: 0.9176 time 0.77s
Epoch: 101/150 Iter: 48/96 loss: 0.1555 acc: 0.9158 time 1.44s
Epoch: 101/150 Iter: 49/96 loss: 0.1535 acc: 0.9175 time 1.41s
Epoch: 101/150 Iter: 50/96 loss: 0.1512 acc: 0.9192 time 1.35s
Epoch: 101/150 Iter: 51/96 loss: 0.1516 acc: 0.9175 time 0.87s
Epoch: 101/150 Iter: 52/96 loss: 0.1575 acc: 0.9075 time 0.87s
Epoch: 101/150 Iter: 53/96 loss: 0.1548 acc: 0.9093 time 0.88s
Epoch: 101/150 Iter: 54/96 loss: 0.1625 acc: 0.9007 time 0.79s
Epoch: 101/150 Iter: 55/96 loss: 0.1607 acc: 0.9025 time 0.77s
Epoch: 101/150 Iter: 56/96 loss: 0.1715 acc: 0.8953 time 0.75s
Epoch: 101/150 Iter: 57/96 loss: 0.1696 acc: 0.8971 time 1.39s
Epoch: 101/150 Iter: 58/96 loss: 0.1670 acc: 0.8989 time 0.87s
Epoch: 101/150 Iter: 59/96 loss: 0.1658 acc: 0.9006 time 0.89s
Epoch: 101/150 Iter: 60/96 loss: 0.1657 acc: 0.8953 time 1.45s
Epoch: 101/150 Iter: 61/96 loss: 0.1700 acc: 0.8929 time 0.94s
Epoch: 101/150 Iter: 62/96 loss: 0.1683 acc: 0.8947 time 0.80s
Epoch: 101/150 Iter: 63/96 loss: 0.1664 acc: 0.8963 time 1.42s
Epoch: 101/150 Iter: 64/96 loss: 0.1663 acc: 0.8980 time 1.41s
Epoch: 101/150 Iter: 65/96 loss: 0.1666 acc: 0.8980 time 0.77s
Epoch: 101/150 Iter: 66/96 loss: 0.1667 acc: 0.8957 time 1.45s
Epoch: 101/150 Iter: 67/96 loss: 0.1659 acc: 0.8948 time 1.41s
Epoch: 101/150 Iter: 68/96 loss: 0.1786 acc: 0.8878 time 0.90s
Epoch: 101/150 Iter: 69/96 loss: 0.1762 acc: 0.8894 time 1.43s
Epoch: 101/150 Iter: 70/96 loss: 0.1758 acc: 0.8886 time 1.40s
Epoch: 101/150 Iter: 71/96 loss: 0.1739 acc: 0.8902 time 1.42s
Epoch: 101/150 Iter: 72/96 loss: 0.1726 acc: 0.8917 time 1.45s
Epoch: 101/150 Iter: 73/96 loss: 0.1758 acc: 0.8871 time 1.45s
Epoch: 101/150 Iter: 74/96 loss: 0.1754 acc: 0.8886 time 0.92s
Epoch: 101/150 Iter: 75/96 loss: 0.1801 acc: 0.8884 time 0.88s
Epoch: 101/150 Iter: 76/96 loss: 0.1830 acc: 0.8883 time 0.85s
Epoch: 101/150 Iter: 77/96 loss: 0.1823 acc: 0.8881 time 1.41s
Epoch: 101/150 Iter: 78/96 loss: 0.1808 acc: 0.8895 time 1.44s
Epoch: 101/150 Iter: 79/96 loss: 0.1785 acc: 0.8909 time 1.45s
Epoch: 101/150 Iter: 80/96 loss: 0.1765 acc: 0.8923 time 1.42s
Epoch: 101/150 Iter: 81/96 loss: 0.1790 acc: 0.8921 time 1.43s
Epoch: 101/150 Iter: 82/96 loss: 0.1798 acc: 0.8883 time 1.36s
Epoch: 101/150 Iter: 83/96 loss: 0.1797 acc: 0.8897 time 1.36s
Epoch: 101/150 Iter: 84/96 loss: 0.1783 acc: 0.8910 time 0.69s
Epoch: 101/150 Iter: 85/96 loss: 0.1766 acc: 0.8923 time 0.77s
Epoch: 101/150 Iter: 86/96 loss: 0.1749 acc: 0.8935 time 1.43s
Epoch: 101/150 Iter: 87/96 loss: 0.1745 acc: 0.8947 time 0.95s
Epoch: 101/150 Iter: 88/96 loss: 0.1746 acc: 0.8959 time 1.43s
Epoch: 101/150 Iter: 89/96 loss: 0.1737 acc: 0.8971 time 0.72s
Epoch: 101/150 Iter: 90/96 loss: 0.1719 acc: 0.8982 time 0.74s
Epoch: 101/150 Iter: 91/96 loss: 0.1705 acc: 0.8994 time 1.38s
Epoch: 101/150 Iter: 92/96 loss: 0.1697 acc: 0.9005 time 0.74s
Epoch: 101/150 Iter: 93/96 loss: 0.1694 acc: 0.9015 time 0.71s
Epoch: 101/150 Iter: 94/96 loss: 0.1693 acc: 0.9008 time 0.75s
Epoch: 101/150 Iter: 95/96 loss: 0.1682 acc: 0.9018 time 0.75s
Epoch: 101/150 Iter: 96/96 loss: 0.1686 acc: 0.8977 time 1.36s
[Train epoch 101] avg_loss=0.1686 avg_acc=0.8977 | per-class [c0: 0.929, c1: 0.967, c2: 0.932]
Final training 101/150, loss: 0.1686, time 109.10s, lr: 0.021264
Accuracy: 0.932
class                  precision    recall   specificity      f1   support
--------------------------------------------------------------------------
0                          0.959     0.929         0.963   0.944       280
1                          0.659     0.967         0.973   0.784        30
2                          0.950     0.932         0.958   0.941       266
*----------------------------------------*
0 Mon Nov 17 19:20:00 2025 Epoch: 102
Epoch: 102/150 Iter: 1/96 loss: 0.1014 acc: 1.0000 time 2.59s
Epoch: 102/150 Iter: 2/96 loss: 0.2473 acc: 0.9583 time 1.45s
Epoch: 102/150 Iter: 3/96 loss: 0.1671 acc: 0.9722 time 1.46s
Epoch: 102/150 Iter: 4/96 loss: 0.2215 acc: 0.9792 time 0.91s
Epoch: 102/150 Iter: 5/96 loss: 0.1878 acc: 0.9833 time 0.89s
Epoch: 102/150 Iter: 6/96 loss: 0.1781 acc: 0.9167 time 1.41s
Epoch: 102/150 Iter: 7/96 loss: 0.1637 acc: 0.9286 time 0.86s
Epoch: 102/150 Iter: 8/96 loss: 0.1624 acc: 0.9375 time 1.43s
Epoch: 102/150 Iter: 9/96 loss: 0.1586 acc: 0.9444 time 1.40s
Epoch: 102/150 Iter: 10/96 loss: 0.1811 acc: 0.9100 time 1.46s
Epoch: 102/150 Iter: 11/96 loss: 0.1665 acc: 0.9182 time 1.45s
Epoch: 102/150 Iter: 12/96 loss: 0.1547 acc: 0.9250 time 0.76s
Epoch: 102/150 Iter: 13/96 loss: 0.1623 acc: 0.9179 time 1.48s
Epoch: 102/150 Iter: 14/96 loss: 0.1717 acc: 0.9119 time 1.40s
Epoch: 102/150 Iter: 15/96 loss: 0.1748 acc: 0.8844 time 1.43s
Epoch: 102/150 Iter: 16/96 loss: 0.1692 acc: 0.8917 time 0.86s
Epoch: 102/150 Iter: 17/96 loss: 0.1702 acc: 0.8980 time 0.77s
Epoch: 102/150 Iter: 18/96 loss: 0.1622 acc: 0.9037 time 0.76s
Epoch: 102/150 Iter: 19/96 loss: 0.1574 acc: 0.9088 time 1.42s
Epoch: 102/150 Iter: 20/96 loss: 0.1511 acc: 0.9133 time 0.86s
Epoch: 102/150 Iter: 21/96 loss: 0.1480 acc: 0.9175 time 1.47s
Epoch: 102/150 Iter: 22/96 loss: 0.1425 acc: 0.9212 time 0.89s
Epoch: 102/150 Iter: 23/96 loss: 0.1507 acc: 0.9246 time 0.89s
Epoch: 102/150 Iter: 24/96 loss: 0.1551 acc: 0.9111 time 1.45s
Epoch: 102/150 Iter: 25/96 loss: 0.1504 acc: 0.9147 time 0.74s
Epoch: 102/150 Iter: 26/96 loss: 0.1553 acc: 0.9009 time 0.87s
Epoch: 102/150 Iter: 27/96 loss: 0.1508 acc: 0.9045 time 0.91s
Epoch: 102/150 Iter: 28/96 loss: 0.1499 acc: 0.9079 time 0.80s
Epoch: 102/150 Iter: 29/96 loss: 0.1547 acc: 0.9054 time 1.47s
Epoch: 102/150 Iter: 30/96 loss: 0.1505 acc: 0.9085 time 0.78s
Epoch: 102/150 Iter: 31/96 loss: 0.1557 acc: 0.8953 time 0.82s
Epoch: 102/150 Iter: 32/96 loss: 0.1510 acc: 0.8986 time 1.42s
Epoch: 102/150 Iter: 33/96 loss: 0.1470 acc: 0.9017 time 0.90s
Epoch: 102/150 Iter: 34/96 loss: 0.1433 acc: 0.9046 time 0.92s
Epoch: 102/150 Iter: 35/96 loss: 0.1502 acc: 0.8954 time 0.82s
Epoch: 102/150 Iter: 36/96 loss: 0.1543 acc: 0.8937 time 1.42s
Epoch: 102/150 Iter: 37/96 loss: 0.1557 acc: 0.8857 time 1.42s
Epoch: 102/150 Iter: 38/96 loss: 0.1577 acc: 0.8800 time 0.77s
Epoch: 102/150 Iter: 39/96 loss: 0.1732 acc: 0.8724 time 1.45s
Epoch: 102/150 Iter: 40/96 loss: 0.1793 acc: 0.8714 time 1.43s
Epoch: 102/150 Iter: 41/96 loss: 0.1784 acc: 0.8691 time 1.44s
Epoch: 102/150 Iter: 42/96 loss: 0.1752 acc: 0.8722 time 0.80s
Epoch: 102/150 Iter: 43/96 loss: 0.1718 acc: 0.8752 time 0.89s
Epoch: 102/150 Iter: 44/96 loss: 0.1697 acc: 0.8780 time 0.95s
Epoch: 102/150 Iter: 45/96 loss: 0.1664 acc: 0.8807 time 0.74s
Epoch: 102/150 Iter: 46/96 loss: 0.1668 acc: 0.8833 time 0.77s
Epoch: 102/150 Iter: 47/96 loss: 0.1633 acc: 0.8858 time 0.78s
Epoch: 102/150 Iter: 48/96 loss: 0.1604 acc: 0.8882 time 1.42s
Epoch: 102/150 Iter: 49/96 loss: 0.1573 acc: 0.8905 time 0.80s
Epoch: 102/150 Iter: 50/96 loss: 0.1554 acc: 0.8927 time 1.45s
Epoch: 102/150 Iter: 51/96 loss: 0.1541 acc: 0.8948 time 0.89s
Epoch: 102/150 Iter: 52/96 loss: 0.1517 acc: 0.8968 time 1.44s
Epoch: 102/150 Iter: 53/96 loss: 0.1498 acc: 0.8987 time 1.39s
Epoch: 102/150 Iter: 54/96 loss: 0.1471 acc: 0.9006 time 0.77s
Epoch: 102/150 Iter: 55/96 loss: 0.1463 acc: 0.9024 time 0.74s
Epoch: 102/150 Iter: 56/96 loss: 0.1447 acc: 0.9042 time 0.78s
Epoch: 102/150 Iter: 57/96 loss: 0.1432 acc: 0.9058 time 0.78s
Epoch: 102/150 Iter: 58/96 loss: 0.1423 acc: 0.9075 time 0.88s
Epoch: 102/150 Iter: 59/96 loss: 0.1449 acc: 0.9069 time 0.75s
Epoch: 102/150 Iter: 60/96 loss: 0.1427 acc: 0.9085 time 0.86s
Epoch: 102/150 Iter: 61/96 loss: 0.1589 acc: 0.9027 time 1.46s
Epoch: 102/150 Iter: 62/96 loss: 0.1567 acc: 0.9043 time 0.78s
Epoch: 102/150 Iter: 63/96 loss: 0.1547 acc: 0.9058 time 0.83s
Epoch: 102/150 Iter: 64/96 loss: 0.1556 acc: 0.9007 time 0.77s
Epoch: 102/150 Iter: 65/96 loss: 0.1562 acc: 0.9023 time 0.77s
Epoch: 102/150 Iter: 66/96 loss: 0.1617 acc: 0.8970 time 0.76s
Epoch: 102/150 Iter: 67/96 loss: 0.1602 acc: 0.8985 time 1.46s
Epoch: 102/150 Iter: 68/96 loss: 0.1591 acc: 0.9000 time 0.87s
Epoch: 102/150 Iter: 69/96 loss: 0.1568 acc: 0.9015 time 0.76s
Epoch: 102/150 Iter: 70/96 loss: 0.1561 acc: 0.9029 time 0.84s
Epoch: 102/150 Iter: 71/96 loss: 0.1583 acc: 0.9043 time 1.46s
Epoch: 102/150 Iter: 72/96 loss: 0.1563 acc: 0.9056 time 0.78s
Epoch: 102/150 Iter: 73/96 loss: 0.1543 acc: 0.9069 time 0.88s
Epoch: 102/150 Iter: 74/96 loss: 0.1523 acc: 0.9081 time 0.78s
Epoch: 102/150 Iter: 75/96 loss: 0.1512 acc: 0.9094 time 0.85s
Epoch: 102/150 Iter: 76/96 loss: 0.1504 acc: 0.9106 time 0.80s
Epoch: 102/150 Iter: 77/96 loss: 0.1485 acc: 0.9117 time 1.44s
Epoch: 102/150 Iter: 78/96 loss: 0.1487 acc: 0.9113 time 0.84s
Epoch: 102/150 Iter: 79/96 loss: 0.1551 acc: 0.9082 time 0.79s
Epoch: 102/150 Iter: 80/96 loss: 0.1646 acc: 0.9017 time 1.44s
Epoch: 102/150 Iter: 81/96 loss: 0.1631 acc: 0.9029 time 0.74s
Epoch: 102/150 Iter: 82/96 loss: 0.1625 acc: 0.9041 time 0.75s
Epoch: 102/150 Iter: 83/96 loss: 0.1619 acc: 0.9042 time 1.37s
Epoch: 102/150 Iter: 84/96 loss: 0.1661 acc: 0.9040 time 0.78s
Epoch: 102/150 Iter: 85/96 loss: 0.1696 acc: 0.9032 time 1.38s
Epoch: 102/150 Iter: 86/96 loss: 0.1686 acc: 0.9043 time 0.77s
Epoch: 102/150 Iter: 87/96 loss: 0.1673 acc: 0.9054 time 0.76s
Epoch: 102/150 Iter: 88/96 loss: 0.1654 acc: 0.9065 time 1.40s
Epoch: 102/150 Iter: 89/96 loss: 0.1639 acc: 0.9076 time 1.40s
Epoch: 102/150 Iter: 90/96 loss: 0.1622 acc: 0.9086 time 0.69s
Epoch: 102/150 Iter: 91/96 loss: 0.1604 acc: 0.9096 time 0.79s
Epoch: 102/150 Iter: 92/96 loss: 0.1589 acc: 0.9106 time 0.71s
Epoch: 102/150 Iter: 93/96 loss: 0.1602 acc: 0.9097 time 0.72s
Epoch: 102/150 Iter: 94/96 loss: 0.1589 acc: 0.9107 time 0.77s
Epoch: 102/150 Iter: 95/96 loss: 0.1596 acc: 0.9090 time 1.41s
Epoch: 102/150 Iter: 96/96 loss: 0.1588 acc: 0.9100 time 0.69s
[Train epoch 102] avg_loss=0.1588 avg_acc=0.9100 | per-class [c0: 0.940, c1: 0.967, c2: 0.940]
Final training 102/150, loss: 0.1588, time 100.54s, lr: 0.020502
Accuracy: 0.941
class                  precision    recall   specificity      f1   support
--------------------------------------------------------------------------
0                          0.971     0.940         0.973   0.955       281
1                          0.674     0.967         0.974   0.795        30
2                          0.954     0.940         0.961   0.947       265
*----------------------------------------*
Val 102/150 1/24, Acc: 0.5000, Loss: 15.9140, time 0.43s
Val 102/150 2/24, Acc: 0.5278, Loss: 8.1143, time 0.43s
Val 102/150 3/24, Acc: 0.6296, Loss: 5.5419, time 0.42s
Val 102/150 4/24, Acc: 0.5972, Loss: 4.2771, time 0.43s
Val 102/150 5/24, Acc: 0.6528, Loss: 3.4605, time 0.48s
Val 102/150 6/24, Acc: 0.7106, Loss: 2.8877, time 0.46s
Val 102/150 7/24, Acc: 0.7520, Loss: 2.4938, time 0.42s
Val 102/150 8/24, Acc: 0.7517, Loss: 2.2736, time 0.44s
Val 102/150 9/24, Acc: 0.7793, Loss: 2.0307, time 0.43s
Val 102/150 10/24, Acc: 0.8014, Loss: 1.8302, time 0.52s
Val 102/150 11/24, Acc: 0.8093, Loss: 1.6711, time 0.41s
Val 102/150 12/24, Acc: 0.7697, Loss: 1.5940, time 0.46s
Val 102/150 13/24, Acc: 0.7874, Loss: 1.4755, time 0.57s
Val 102/150 14/24, Acc: 0.7609, Loss: 1.4455, time 0.44s
Val 102/150 15/24, Acc: 0.7769, Loss: 1.3531, time 0.50s
Val 102/150 16/24, Acc: 0.7783, Loss: 1.3025, time 0.42s
Val 102/150 17/24, Acc: 0.7840, Loss: 1.2354, time 0.48s
Val 102/150 18/24, Acc: 0.7682, Loss: 1.1968, time 0.44s
Val 102/150 19/24, Acc: 0.7751, Loss: 1.1648, time 0.45s
Val 102/150 20/24, Acc: 0.7642, Loss: 1.1372, time 0.49s
Val 102/150 21/24, Acc: 0.7754, Loss: 1.0842, time 0.48s
Val 102/150 22/24, Acc: 0.7780, Loss: 1.0670, time 0.52s
Val 102/150 23/24, Acc: 0.7659, Loss: 1.0549, time 0.39s
Val 102/150 24/24, Acc: 0.7618, Loss: 1.0415, time 0.41s
[Val epoch 102] avg_acc=0.7618 | avg_loss=1.0415 | per-class [c0: 0.757, c1: 0.625, c2: 0.939]
Final validation 102/150, Val_acc: 0.7618, time 10.90sAccuracy: 0.833
class                  precision    recall   specificity      f1   support
--------------------------------------------------------------------------
0                          0.946     0.757         0.959   0.841        70
1                          0.357     0.625         0.934   0.455         8
2                          0.838     0.939         0.846   0.886        66
*========================================*
Saving checkpoint outputs/OrganoidsINRIA_reduced/resnet18/2025-11-17-16-11/training/model_final.pt
[EarlyStopping] no improve (2/40)
[EarlyStopping] no improve (27/40)
0 Mon Nov 17 19:21:56 2025 Epoch: 103
Epoch: 103/150 Iter: 1/96 loss: 0.0337 acc: 1.0000 time 1.75s
Epoch: 103/150 Iter: 2/96 loss: 0.0224 acc: 1.0000 time 1.43s
Epoch: 103/150 Iter: 3/96 loss: 0.0324 acc: 1.0000 time 1.40s
Epoch: 103/150 Iter: 4/96 loss: 0.0426 acc: 1.0000 time 1.45s
Epoch: 103/150 Iter: 5/96 loss: 0.0403 acc: 1.0000 time 0.93s
Epoch: 103/150 Iter: 6/96 loss: 0.0419 acc: 1.0000 time 1.45s
Epoch: 103/150 Iter: 7/96 loss: 0.0540 acc: 1.0000 time 1.42s
Epoch: 103/150 Iter: 8/96 loss: 0.0533 acc: 1.0000 time 0.77s
Epoch: 103/150 Iter: 9/96 loss: 0.0698 acc: 0.9815 time 1.45s
Epoch: 103/150 Iter: 10/96 loss: 0.1163 acc: 0.9633 time 1.43s
Epoch: 103/150 Iter: 11/96 loss: 0.1087 acc: 0.9667 time 0.88s
Epoch: 103/150 Iter: 12/96 loss: 0.1243 acc: 0.9590 time 1.46s
Epoch: 103/150 Iter: 13/96 loss: 0.1469 acc: 0.9494 time 0.90s
Epoch: 103/150 Iter: 14/96 loss: 0.1368 acc: 0.9530 time 0.78s
Epoch: 103/150 Iter: 15/96 loss: 0.1276 acc: 0.9561 time 1.43s
Epoch: 103/150 Iter: 16/96 loss: 0.1203 acc: 0.9589 time 1.47s
Epoch: 103/150 Iter: 17/96 loss: 0.1344 acc: 0.9351 time 1.42s
Epoch: 103/150 Iter: 18/96 loss: 0.1377 acc: 0.9063 time 1.43s
Epoch: 103/150 Iter: 19/96 loss: 0.1349 acc: 0.9113 time 0.76s
Epoch: 103/150 Iter: 20/96 loss: 0.1285 acc: 0.9157 time 0.92s
Epoch: 103/150 Iter: 21/96 loss: 0.1270 acc: 0.9197 time 0.85s
Epoch: 103/150 Iter: 22/96 loss: 0.1220 acc: 0.9234 time 1.46s
Epoch: 103/150 Iter: 23/96 loss: 0.1175 acc: 0.9267 time 0.75s
Epoch: 103/150 Iter: 24/96 loss: 0.1165 acc: 0.9297 time 0.79s
Epoch: 103/150 Iter: 25/96 loss: 0.1188 acc: 0.9326 time 1.42s
Epoch: 103/150 Iter: 26/96 loss: 0.1378 acc: 0.9275 time 0.79s
Epoch: 103/150 Iter: 27/96 loss: 0.2190 acc: 0.9264 time 0.92s
Epoch: 103/150 Iter: 28/96 loss: 0.2127 acc: 0.9291 time 1.40s
Epoch: 103/150 Iter: 29/96 loss: 0.2058 acc: 0.9315 time 0.76s
Epoch: 103/150 Iter: 30/96 loss: 0.1990 acc: 0.9338 time 0.77s
Epoch: 103/150 Iter: 31/96 loss: 0.1932 acc: 0.9359 time 0.73s
Epoch: 103/150 Iter: 32/96 loss: 0.2061 acc: 0.9240 time 0.92s
Epoch: 103/150 Iter: 33/96 loss: 0.2001 acc: 0.9263 time 1.44s
Epoch: 103/150 Iter: 34/96 loss: 0.1980 acc: 0.9236 time 1.41s
Epoch: 103/150 Iter: 35/96 loss: 0.1984 acc: 0.9226 time 0.76s
Epoch: 103/150 Iter: 36/96 loss: 0.1935 acc: 0.9248 time 0.87s
Epoch: 103/150 Iter: 37/96 loss: 0.1931 acc: 0.9223 time 0.90s
Epoch: 103/150 Iter: 38/96 loss: 0.1888 acc: 0.9243 time 0.79s
Epoch: 103/150 Iter: 39/96 loss: 0.1928 acc: 0.9177 time 0.90s
Epoch: 103/150 Iter: 40/96 loss: 0.1908 acc: 0.9198 time 0.80s
Epoch: 103/150 Iter: 41/96 loss: 0.1869 acc: 0.9217 time 1.46s
Epoch: 103/150 Iter: 42/96 loss: 0.1831 acc: 0.9236 time 1.42s
Epoch: 103/150 Iter: 43/96 loss: 0.1840 acc: 0.9161 time 0.88s
Epoch: 103/150 Iter: 44/96 loss: 0.1841 acc: 0.9089 time 1.41s
Epoch: 103/150 Iter: 45/96 loss: 0.1910 acc: 0.8998 time 0.79s
Epoch: 103/150 Iter: 46/96 loss: 0.1876 acc: 0.9020 time 0.72s
Epoch: 103/150 Iter: 47/96 loss: 0.1928 acc: 0.9014 time 0.76s
Epoch: 103/150 Iter: 48/96 loss: 0.1902 acc: 0.9035 time 0.77s
Epoch: 103/150 Iter: 49/96 loss: 0.1895 acc: 0.8969 time 1.45s
Epoch: 103/150 Iter: 50/96 loss: 0.1927 acc: 0.8890 time 0.91s
Epoch: 103/150 Iter: 51/96 loss: 0.1916 acc: 0.8912 time 1.46s
Epoch: 103/150 Iter: 52/96 loss: 0.1910 acc: 0.8933 time 0.71s
Epoch: 103/150 Iter: 53/96 loss: 0.1882 acc: 0.8953 time 0.88s
Epoch: 103/150 Iter: 54/96 loss: 0.1852 acc: 0.8972 time 0.77s
Epoch: 103/150 Iter: 55/96 loss: 0.1835 acc: 0.8991 time 1.45s
Epoch: 103/150 Iter: 56/96 loss: 0.1827 acc: 0.9009 time 0.92s
Epoch: 103/150 Iter: 57/96 loss: 0.1797 acc: 0.9026 time 0.91s
Epoch: 103/150 Iter: 58/96 loss: 0.1792 acc: 0.9029 time 1.47s
Epoch: 103/150 Iter: 59/96 loss: 0.1810 acc: 0.9045 time 0.79s
Epoch: 103/150 Iter: 60/96 loss: 0.1785 acc: 0.9061 time 0.78s
Epoch: 103/150 Iter: 61/96 loss: 0.1765 acc: 0.9077 time 1.42s
Epoch: 103/150 Iter: 62/96 loss: 0.1746 acc: 0.9091 time 0.87s
Epoch: 103/150 Iter: 63/96 loss: 0.1945 acc: 0.9040 time 1.45s
Epoch: 103/150 Iter: 64/96 loss: 0.1945 acc: 0.9029 time 1.45s
Epoch: 103/150 Iter: 65/96 loss: 0.1933 acc: 0.9044 time 0.87s
Epoch: 103/150 Iter: 66/96 loss: 0.1906 acc: 0.9058 time 0.77s
Epoch: 103/150 Iter: 67/96 loss: 0.1885 acc: 0.9072 time 0.74s
Epoch: 103/150 Iter: 68/96 loss: 0.1913 acc: 0.9061 time 1.43s
Epoch: 103/150 Iter: 69/96 loss: 0.1958 acc: 0.9060 time 0.88s
Epoch: 103/150 Iter: 70/96 loss: 0.1940 acc: 0.9074 time 1.46s
Epoch: 103/150 Iter: 71/96 loss: 0.1913 acc: 0.9087 time 1.47s
Epoch: 103/150 Iter: 72/96 loss: 0.1889 acc: 0.9100 time 0.78s
Epoch: 103/150 Iter: 73/96 loss: 0.1867 acc: 0.9112 time 1.47s
Epoch: 103/150 Iter: 74/96 loss: 0.1843 acc: 0.9124 time 0.79s
Epoch: 103/150 Iter: 75/96 loss: 0.1835 acc: 0.9136 time 0.91s
Epoch: 103/150 Iter: 76/96 loss: 0.1813 acc: 0.9147 time 0.87s
Epoch: 103/150 Iter: 77/96 loss: 0.1790 acc: 0.9158 time 1.44s
Epoch: 103/150 Iter: 78/96 loss: 0.1772 acc: 0.9169 time 0.80s
Epoch: 103/150 Iter: 79/96 loss: 0.1753 acc: 0.9179 time 0.78s
Epoch: 103/150 Iter: 80/96 loss: 0.1735 acc: 0.9190 time 0.79s
Epoch: 103/150 Iter: 81/96 loss: 0.1762 acc: 0.9148 time 0.74s
Epoch: 103/150 Iter: 82/96 loss: 0.1744 acc: 0.9159 time 0.73s
Epoch: 103/150 Iter: 83/96 loss: 0.1763 acc: 0.9098 time 0.69s
Epoch: 103/150 Iter: 84/96 loss: 0.1744 acc: 0.9109 time 1.40s
Epoch: 103/150 Iter: 85/96 loss: 0.1744 acc: 0.9093 time 0.82s
Epoch: 103/150 Iter: 86/96 loss: 0.1726 acc: 0.9104 time 1.41s
Epoch: 103/150 Iter: 87/96 loss: 0.1715 acc: 0.9114 time 0.94s
Epoch: 103/150 Iter: 88/96 loss: 0.1731 acc: 0.9061 time 0.76s
Epoch: 103/150 Iter: 89/96 loss: 0.1723 acc: 0.9072 time 0.76s
Epoch: 103/150 Iter: 90/96 loss: 0.1770 acc: 0.9017 time 0.74s
Epoch: 103/150 Iter: 91/96 loss: 0.1797 acc: 0.8984 time 0.76s
Epoch: 103/150 Iter: 92/96 loss: 0.1779 acc: 0.8995 time 0.75s
Epoch: 103/150 Iter: 93/96 loss: 0.1772 acc: 0.9006 time 0.69s
Epoch: 103/150 Iter: 94/96 loss: 0.1763 acc: 0.9017 time 0.76s
Epoch: 103/150 Iter: 95/96 loss: 0.1745 acc: 0.9027 time 1.47s
Epoch: 103/150 Iter: 96/96 loss: 0.1762 acc: 0.9011 time 1.43s
[Train epoch 103] avg_loss=0.1762 avg_acc=0.9011 | per-class [c0: 0.911, c1: 0.967, c2: 0.955]
Final training 103/150, loss: 0.1762, time 101.38s, lr: 0.019750
Accuracy: 0.934
class                  precision    recall   specificity      f1   support
--------------------------------------------------------------------------
0                          0.981     0.911         0.983   0.944       280
1                          0.674     0.967         0.974   0.795        30
2                          0.930     0.955         0.939   0.942       266
*----------------------------------------*
0 Mon Nov 17 19:23:37 2025 Epoch: 104
Epoch: 104/150 Iter: 1/96 loss: 0.0043 acc: 1.0000 time 1.68s
Epoch: 104/150 Iter: 2/96 loss: 0.3027 acc: 0.8750 time 0.79s
Epoch: 104/150 Iter: 3/96 loss: 0.2033 acc: 0.9167 time 1.46s
Epoch: 104/150 Iter: 4/96 loss: 0.1556 acc: 0.9375 time 0.77s
Epoch: 104/150 Iter: 5/96 loss: 0.1859 acc: 0.8667 time 0.78s
Epoch: 104/150 Iter: 6/96 loss: 0.2591 acc: 0.7917 time 0.80s
Epoch: 104/150 Iter: 7/96 loss: 0.2376 acc: 0.8214 time 0.79s
Epoch: 104/150 Iter: 8/96 loss: 0.2376 acc: 0.8313 time 1.46s
Epoch: 104/150 Iter: 9/96 loss: 0.2511 acc: 0.8222 time 0.74s
Epoch: 104/150 Iter: 10/96 loss: 0.2610 acc: 0.8400 time 0.78s
Epoch: 104/150 Iter: 11/96 loss: 0.2382 acc: 0.8545 time 0.74s
Epoch: 104/150 Iter: 12/96 loss: 0.2202 acc: 0.8667 time 0.94s
Epoch: 104/150 Iter: 13/96 loss: 0.2391 acc: 0.8641 time 0.76s
Epoch: 104/150 Iter: 14/96 loss: 0.2515 acc: 0.8738 time 1.44s
Epoch: 104/150 Iter: 15/96 loss: 0.2379 acc: 0.8822 time 1.48s
Epoch: 104/150 Iter: 16/96 loss: 0.2252 acc: 0.8896 time 1.47s
Epoch: 104/150 Iter: 17/96 loss: 0.2211 acc: 0.8863 time 1.42s
Epoch: 104/150 Iter: 18/96 loss: 0.2090 acc: 0.8926 time 1.46s
Epoch: 104/150 Iter: 19/96 loss: 0.2335 acc: 0.8763 time 1.47s
Epoch: 104/150 Iter: 20/96 loss: 0.2226 acc: 0.8825 time 1.45s
Epoch: 104/150 Iter: 21/96 loss: 0.2133 acc: 0.8881 time 0.88s
Epoch: 104/150 Iter: 22/96 loss: 0.2058 acc: 0.8932 time 0.77s
Epoch: 104/150 Iter: 23/96 loss: 0.1993 acc: 0.8978 time 1.42s
Epoch: 104/150 Iter: 24/96 loss: 0.1939 acc: 0.9021 time 0.89s
Epoch: 104/150 Iter: 25/96 loss: 0.2085 acc: 0.9010 time 0.79s
Epoch: 104/150 Iter: 26/96 loss: 0.2269 acc: 0.8856 time 0.88s
Epoch: 104/150 Iter: 27/96 loss: 0.2357 acc: 0.8759 time 1.46s
Epoch: 104/150 Iter: 28/96 loss: 0.2279 acc: 0.8804 time 0.77s
Epoch: 104/150 Iter: 29/96 loss: 0.2203 acc: 0.8845 time 1.41s
Epoch: 104/150 Iter: 30/96 loss: 0.2210 acc: 0.8661 time 0.78s
Epoch: 104/150 Iter: 31/96 loss: 0.2155 acc: 0.8704 time 0.86s
Epoch: 104/150 Iter: 32/96 loss: 0.2198 acc: 0.8606 time 0.78s
Epoch: 104/150 Iter: 33/96 loss: 0.2152 acc: 0.8648 time 1.46s
Epoch: 104/150 Iter: 34/96 loss: 0.2266 acc: 0.8590 time 0.90s
Epoch: 104/150 Iter: 35/96 loss: 0.2255 acc: 0.8606 time 1.42s
Epoch: 104/150 Iter: 36/96 loss: 0.2194 acc: 0.8645 time 0.76s
Epoch: 104/150 Iter: 37/96 loss: 0.2139 acc: 0.8682 time 1.45s
Epoch: 104/150 Iter: 38/96 loss: 0.2093 acc: 0.8716 time 0.80s
Epoch: 104/150 Iter: 39/96 loss: 0.2066 acc: 0.8749 time 1.43s
Epoch: 104/150 Iter: 40/96 loss: 0.2053 acc: 0.8781 time 0.76s
Epoch: 104/150 Iter: 41/96 loss: 0.2025 acc: 0.8810 time 1.44s
Epoch: 104/150 Iter: 42/96 loss: 0.2084 acc: 0.8791 time 0.92s
Epoch: 104/150 Iter: 43/96 loss: 0.2049 acc: 0.8819 time 0.82s
Epoch: 104/150 Iter: 44/96 loss: 0.2016 acc: 0.8846 time 1.46s
Epoch: 104/150 Iter: 45/96 loss: 0.2076 acc: 0.8798 time 0.77s
Epoch: 104/150 Iter: 46/96 loss: 0.2037 acc: 0.8824 time 0.94s
Epoch: 104/150 Iter: 47/96 loss: 0.2087 acc: 0.8742 time 0.77s
Epoch: 104/150 Iter: 48/96 loss: 0.2065 acc: 0.8769 time 1.43s
Epoch: 104/150 Iter: 49/96 loss: 0.2033 acc: 0.8794 time 1.47s
Epoch: 104/150 Iter: 50/96 loss: 0.2020 acc: 0.8801 time 0.88s
Epoch: 104/150 Iter: 51/96 loss: 0.2016 acc: 0.8727 time 1.43s
Epoch: 104/150 Iter: 52/96 loss: 0.1978 acc: 0.8751 time 0.74s
Epoch: 104/150 Iter: 53/96 loss: 0.1962 acc: 0.8775 time 0.72s
Epoch: 104/150 Iter: 54/96 loss: 0.1942 acc: 0.8797 time 0.79s
Epoch: 104/150 Iter: 55/96 loss: 0.1950 acc: 0.8789 time 1.44s
Epoch: 104/150 Iter: 56/96 loss: 0.1919 acc: 0.8811 time 1.42s
Epoch: 104/150 Iter: 57/96 loss: 0.1904 acc: 0.8831 time 0.87s
Epoch: 104/150 Iter: 58/96 loss: 0.1883 acc: 0.8852 time 0.77s
Epoch: 104/150 Iter: 59/96 loss: 0.1876 acc: 0.8871 time 1.46s
Epoch: 104/150 Iter: 60/96 loss: 0.1852 acc: 0.8890 time 0.89s
Epoch: 104/150 Iter: 61/96 loss: 0.1835 acc: 0.8908 time 0.84s
Epoch: 104/150 Iter: 62/96 loss: 0.1823 acc: 0.8926 time 0.76s
Epoch: 104/150 Iter: 63/96 loss: 0.1795 acc: 0.8943 time 1.43s
Epoch: 104/150 Iter: 64/96 loss: 0.1804 acc: 0.8959 time 0.78s
Epoch: 104/150 Iter: 65/96 loss: 0.1798 acc: 0.8960 time 1.45s
Epoch: 104/150 Iter: 66/96 loss: 0.1780 acc: 0.8976 time 0.92s
Epoch: 104/150 Iter: 67/96 loss: 0.1787 acc: 0.8916 time 1.47s
Epoch: 104/150 Iter: 68/96 loss: 0.1807 acc: 0.8914 time 1.40s
Epoch: 104/150 Iter: 69/96 loss: 0.1794 acc: 0.8930 time 1.45s
Epoch: 104/150 Iter: 70/96 loss: 0.1770 acc: 0.8945 time 1.41s
Epoch: 104/150 Iter: 71/96 loss: 0.1752 acc: 0.8960 time 0.86s
Epoch: 104/150 Iter: 72/96 loss: 0.1777 acc: 0.8974 time 0.74s
Epoch: 104/150 Iter: 73/96 loss: 0.1755 acc: 0.8988 time 0.88s
Epoch: 104/150 Iter: 74/96 loss: 0.1734 acc: 0.9002 time 0.78s
Epoch: 104/150 Iter: 75/96 loss: 0.1712 acc: 0.9015 time 0.92s
Epoch: 104/150 Iter: 76/96 loss: 0.1696 acc: 0.9028 time 1.48s
Epoch: 104/150 Iter: 77/96 loss: 0.1684 acc: 0.9041 time 0.89s
Epoch: 104/150 Iter: 78/96 loss: 0.1665 acc: 0.9053 time 0.89s
Epoch: 104/150 Iter: 79/96 loss: 0.1741 acc: 0.8995 time 0.85s
Epoch: 104/150 Iter: 80/96 loss: 0.1751 acc: 0.8952 time 0.79s
Epoch: 104/150 Iter: 81/96 loss: 0.1742 acc: 0.8965 time 1.46s
Epoch: 104/150 Iter: 82/96 loss: 0.1729 acc: 0.8977 time 0.84s
Epoch: 104/150 Iter: 83/96 loss: 0.1724 acc: 0.8990 time 0.77s
Epoch: 104/150 Iter: 84/96 loss: 0.1704 acc: 0.9002 time 0.77s
Epoch: 104/150 Iter: 85/96 loss: 0.1713 acc: 0.9002 time 0.73s
Epoch: 104/150 Iter: 86/96 loss: 0.1698 acc: 0.9013 time 1.37s
Epoch: 104/150 Iter: 87/96 loss: 0.1685 acc: 0.9025 time 0.69s
Epoch: 104/150 Iter: 88/96 loss: 0.1678 acc: 0.9036 time 0.76s
Epoch: 104/150 Iter: 89/96 loss: 0.1679 acc: 0.9028 time 1.45s
Epoch: 104/150 Iter: 90/96 loss: 0.1666 acc: 0.9039 time 0.72s
Epoch: 104/150 Iter: 91/96 loss: 0.1663 acc: 0.9049 time 0.76s
Epoch: 104/150 Iter: 92/96 loss: 0.1646 acc: 0.9059 time 1.39s
Epoch: 104/150 Iter: 93/96 loss: 0.1665 acc: 0.9070 time 0.89s
Epoch: 104/150 Iter: 94/96 loss: 0.1742 acc: 0.9009 time 1.45s
Epoch: 104/150 Iter: 95/96 loss: 0.1734 acc: 0.9019 time 0.75s
Epoch: 104/150 Iter: 96/96 loss: 0.1717 acc: 0.9029 time 0.73s
[Train epoch 104] avg_loss=0.1717 avg_acc=0.9029 | per-class [c0: 0.918, c1: 1.000, c2: 0.947]
Final training 104/150, loss: 0.1717, time 101.37s, lr: 0.019008
Accuracy: 0.936
class                  precision    recall   specificity      f1   support
--------------------------------------------------------------------------
0                          0.970     0.918         0.973   0.943       281
1                          0.698     1.000         0.976   0.822        30
2                          0.940     0.947         0.949   0.944       265
*----------------------------------------*
Val 104/150 1/24, Acc: 0.6667, Loss: 13.5292, time 0.41s
Val 104/150 2/24, Acc: 0.6111, Loss: 6.9593, time 0.42s
Val 104/150 3/24, Acc: 0.7407, Loss: 4.6854, time 0.50s
Val 104/150 4/24, Acc: 0.7743, Loss: 3.5929, time 0.43s
Val 104/150 5/24, Acc: 0.8194, Loss: 2.8928, time 0.54s
Val 104/150 6/24, Acc: 0.8495, Loss: 2.4137, time 0.48s
Val 104/150 7/24, Acc: 0.8532, Loss: 2.1121, time 0.43s
Val 104/150 8/24, Acc: 0.8247, Loss: 1.9342, time 0.42s
Val 104/150 9/24, Acc: 0.8330, Loss: 1.7389, time 0.43s
Val 104/150 10/24, Acc: 0.8497, Loss: 1.5658, time 0.52s
Val 104/150 11/24, Acc: 0.8634, Loss: 1.4279, time 0.51s
Val 104/150 12/24, Acc: 0.8262, Loss: 1.3391, time 0.46s
Val 104/150 13/24, Acc: 0.8395, Loss: 1.2390, time 0.47s
Val 104/150 14/24, Acc: 0.8421, Loss: 1.1931, time 0.44s
Val 104/150 15/24, Acc: 0.8526, Loss: 1.1179, time 0.42s
Val 104/150 16/24, Acc: 0.8493, Loss: 1.0648, time 0.43s
Val 104/150 17/24, Acc: 0.8508, Loss: 1.0160, time 0.51s
Val 104/150 18/24, Acc: 0.8591, Loss: 0.9633, time 0.44s
Val 104/150 19/24, Acc: 0.8613, Loss: 0.9344, time 0.47s
Val 104/150 20/24, Acc: 0.8460, Loss: 0.9353, time 0.50s
Val 104/150 21/24, Acc: 0.8533, Loss: 0.8927, time 0.53s
Val 104/150 22/24, Acc: 0.8524, Loss: 0.8746, time 0.53s
Val 104/150 23/24, Acc: 0.8516, Loss: 0.8642, time 0.39s
Val 104/150 24/24, Acc: 0.8439, Loss: 0.8559, time 0.47s
[Val epoch 104] avg_acc=0.8439 | avg_loss=0.8559 | per-class [c0: 0.900, c1: 0.750, c2: 0.879]
Final validation 104/150, Val_acc: 0.8439, time 11.14sAccuracy: 0.882
class                  precision    recall   specificity      f1   support
--------------------------------------------------------------------------
0                          0.913     0.900         0.919   0.906        70
1                          0.600     0.750         0.971   0.667         8
2                          0.892     0.879         0.910   0.885        66
*========================================*
Saving checkpoint outputs/OrganoidsINRIA_reduced/resnet18/2025-11-17-16-11/training/model_final.pt
[EarlyStopping] no improve (3/40)
[EarlyStopping] no improve (28/40)
0 Mon Nov 17 19:25:34 2025 Epoch: 105
Epoch: 105/150 Iter: 1/96 loss: 0.0382 acc: 1.0000 time 2.88s
Epoch: 105/150 Iter: 2/96 loss: 0.0843 acc: 0.9375 time 0.88s
Epoch: 105/150 Iter: 3/96 loss: 0.0662 acc: 0.9583 time 0.95s
Epoch: 105/150 Iter: 4/96 loss: 0.0598 acc: 0.9688 time 1.42s
Epoch: 105/150 Iter: 5/96 loss: 0.0523 acc: 0.9750 time 0.86s
Epoch: 105/150 Iter: 6/96 loss: 0.0693 acc: 0.9583 time 1.47s
Epoch: 105/150 Iter: 7/96 loss: 0.0919 acc: 0.9524 time 0.75s
Epoch: 105/150 Iter: 8/96 loss: 0.0944 acc: 0.9583 time 0.82s
Epoch: 105/150 Iter: 9/96 loss: 0.1082 acc: 0.9491 time 0.87s
Epoch: 105/150 Iter: 10/96 loss: 0.1093 acc: 0.9542 time 1.49s
Epoch: 105/150 Iter: 11/96 loss: 0.1006 acc: 0.9583 time 0.78s
Epoch: 105/150 Iter: 12/96 loss: 0.1023 acc: 0.9618 time 0.89s
Epoch: 105/150 Iter: 13/96 loss: 0.1103 acc: 0.9519 time 0.80s
Epoch: 105/150 Iter: 14/96 loss: 0.1055 acc: 0.9554 time 0.82s
Epoch: 105/150 Iter: 15/96 loss: 0.1003 acc: 0.9583 time 0.86s
Epoch: 105/150 Iter: 16/96 loss: 0.0945 acc: 0.9609 time 0.75s
Epoch: 105/150 Iter: 17/96 loss: 0.0961 acc: 0.9632 time 1.40s
Epoch: 105/150 Iter: 18/96 loss: 0.0978 acc: 0.9653 time 1.38s
Epoch: 105/150 Iter: 19/96 loss: 0.0962 acc: 0.9671 time 0.86s
Epoch: 105/150 Iter: 20/96 loss: 0.0936 acc: 0.9688 time 0.81s
Epoch: 105/150 Iter: 21/96 loss: 0.0918 acc: 0.9702 time 1.45s
Epoch: 105/150 Iter: 22/96 loss: 0.0888 acc: 0.9716 time 0.90s
Epoch: 105/150 Iter: 23/96 loss: 0.0947 acc: 0.9674 time 0.78s
Epoch: 105/150 Iter: 24/96 loss: 0.0980 acc: 0.9635 time 1.40s
Epoch: 105/150 Iter: 25/96 loss: 0.1065 acc: 0.9550 time 0.79s
Epoch: 105/150 Iter: 26/96 loss: 0.1039 acc: 0.9567 time 1.41s
Epoch: 105/150 Iter: 27/96 loss: 0.1153 acc: 0.9522 time 0.87s
Epoch: 105/150 Iter: 28/96 loss: 0.1128 acc: 0.9539 time 0.89s
Epoch: 105/150 Iter: 29/96 loss: 0.1107 acc: 0.9555 time 1.44s
Epoch: 105/150 Iter: 30/96 loss: 0.1189 acc: 0.9536 time 0.76s
Epoch: 105/150 Iter: 31/96 loss: 0.1153 acc: 0.9551 time 1.45s
Epoch: 105/150 Iter: 32/96 loss: 0.1123 acc: 0.9565 time 1.46s
Epoch: 105/150 Iter: 33/96 loss: 0.1093 acc: 0.9578 time 1.47s
Epoch: 105/150 Iter: 34/96 loss: 0.1072 acc: 0.9591 time 0.88s
Epoch: 105/150 Iter: 35/96 loss: 0.1164 acc: 0.9571 time 1.47s
Epoch: 105/150 Iter: 36/96 loss: 0.1148 acc: 0.9583 time 0.78s
Epoch: 105/150 Iter: 37/96 loss: 0.1145 acc: 0.9594 time 1.47s
Epoch: 105/150 Iter: 38/96 loss: 0.1121 acc: 0.9605 time 1.49s
Epoch: 105/150 Iter: 39/96 loss: 0.1094 acc: 0.9615 time 0.87s
Epoch: 105/150 Iter: 40/96 loss: 0.1074 acc: 0.9624 time 0.94s
Epoch: 105/150 Iter: 41/96 loss: 0.1088 acc: 0.9525 time 0.72s
Epoch: 105/150 Iter: 42/96 loss: 0.1067 acc: 0.9536 time 0.86s
Epoch: 105/150 Iter: 43/96 loss: 0.1050 acc: 0.9547 time 0.87s
Epoch: 105/150 Iter: 44/96 loss: 0.1033 acc: 0.9557 time 0.74s
Epoch: 105/150 Iter: 45/96 loss: 0.1032 acc: 0.9567 time 0.94s
Epoch: 105/150 Iter: 46/96 loss: 0.1037 acc: 0.9550 time 1.45s
Epoch: 105/150 Iter: 47/96 loss: 0.1045 acc: 0.9524 time 0.79s
Epoch: 105/150 Iter: 48/96 loss: 0.1027 acc: 0.9534 time 1.49s
Epoch: 105/150 Iter: 49/96 loss: 0.1011 acc: 0.9543 time 0.79s
Epoch: 105/150 Iter: 50/96 loss: 0.1050 acc: 0.9519 time 0.91s
Epoch: 105/150 Iter: 51/96 loss: 0.1054 acc: 0.9504 time 1.45s
Epoch: 105/150 Iter: 52/96 loss: 0.1065 acc: 0.9428 time 0.78s
Epoch: 105/150 Iter: 53/96 loss: 0.1052 acc: 0.9439 time 0.92s
Epoch: 105/150 Iter: 54/96 loss: 0.1070 acc: 0.9431 time 0.91s
Epoch: 105/150 Iter: 55/96 loss: 0.1161 acc: 0.9360 time 1.42s
Epoch: 105/150 Iter: 56/96 loss: 0.1145 acc: 0.9372 time 0.87s
Epoch: 105/150 Iter: 57/96 loss: 0.1154 acc: 0.9383 time 0.77s
Epoch: 105/150 Iter: 58/96 loss: 0.1164 acc: 0.9393 time 1.47s
Epoch: 105/150 Iter: 59/96 loss: 0.1168 acc: 0.9375 time 0.87s
Epoch: 105/150 Iter: 60/96 loss: 0.1175 acc: 0.9344 time 1.42s
Epoch: 105/150 Iter: 61/96 loss: 0.1189 acc: 0.9355 time 0.86s
Epoch: 105/150 Iter: 62/96 loss: 0.1180 acc: 0.9365 time 0.80s
Epoch: 105/150 Iter: 63/96 loss: 0.1190 acc: 0.9375 time 0.90s
Epoch: 105/150 Iter: 64/96 loss: 0.1229 acc: 0.9322 time 0.85s
Epoch: 105/150 Iter: 65/96 loss: 0.1250 acc: 0.9243 time 0.76s
Epoch: 105/150 Iter: 66/96 loss: 0.1231 acc: 0.9255 time 1.46s
Epoch: 105/150 Iter: 67/96 loss: 0.1218 acc: 0.9266 time 0.79s
Epoch: 105/150 Iter: 68/96 loss: 0.1201 acc: 0.9277 time 1.45s
Epoch: 105/150 Iter: 69/96 loss: 0.1201 acc: 0.9275 time 0.73s
Epoch: 105/150 Iter: 70/96 loss: 0.1246 acc: 0.9222 time 1.41s
Epoch: 105/150 Iter: 71/96 loss: 0.1241 acc: 0.9233 time 1.41s
Epoch: 105/150 Iter: 72/96 loss: 0.1247 acc: 0.9220 time 0.89s
Epoch: 105/150 Iter: 73/96 loss: 0.1236 acc: 0.9231 time 1.46s
Epoch: 105/150 Iter: 74/96 loss: 0.1241 acc: 0.9241 time 0.76s
Epoch: 105/150 Iter: 75/96 loss: 0.1231 acc: 0.9251 time 0.91s
Epoch: 105/150 Iter: 76/96 loss: 0.1219 acc: 0.9261 time 0.91s
Epoch: 105/150 Iter: 77/96 loss: 0.1203 acc: 0.9271 time 0.79s
Epoch: 105/150 Iter: 78/96 loss: 0.1190 acc: 0.9280 time 0.77s
Epoch: 105/150 Iter: 79/96 loss: 0.1186 acc: 0.9289 time 1.45s
Epoch: 105/150 Iter: 80/96 loss: 0.1190 acc: 0.9236 time 0.90s
Epoch: 105/150 Iter: 81/96 loss: 0.1197 acc: 0.9245 time 0.70s
Epoch: 105/150 Iter: 82/96 loss: 0.1183 acc: 0.9254 time 1.37s
Epoch: 105/150 Iter: 83/96 loss: 0.1172 acc: 0.9263 time 0.83s
Epoch: 105/150 Iter: 84/96 loss: 0.1219 acc: 0.9223 time 1.47s
Epoch: 105/150 Iter: 85/96 loss: 0.1230 acc: 0.9212 time 0.77s
Epoch: 105/150 Iter: 86/96 loss: 0.1222 acc: 0.9221 time 0.82s
Epoch: 105/150 Iter: 87/96 loss: 0.1222 acc: 0.9216 time 1.36s
Epoch: 105/150 Iter: 88/96 loss: 0.1215 acc: 0.9225 time 0.75s
Epoch: 105/150 Iter: 89/96 loss: 0.1244 acc: 0.9233 time 0.72s
Epoch: 105/150 Iter: 90/96 loss: 0.1233 acc: 0.9242 time 0.74s
Epoch: 105/150 Iter: 91/96 loss: 0.1226 acc: 0.9250 time 1.37s
Epoch: 105/150 Iter: 92/96 loss: 0.1221 acc: 0.9258 time 0.71s
Epoch: 105/150 Iter: 93/96 loss: 0.1212 acc: 0.9266 time 1.44s
Epoch: 105/150 Iter: 94/96 loss: 0.1204 acc: 0.9274 time 0.71s
Epoch: 105/150 Iter: 95/96 loss: 0.1259 acc: 0.9229 time 1.39s
Epoch: 105/150 Iter: 96/96 loss: 0.1251 acc: 0.9237 time 1.40s
[Train epoch 105] avg_loss=0.1251 avg_acc=0.9237 | per-class [c0: 0.936, c1: 0.967, c2: 0.947]
Final training 105/150, loss: 0.1251, time 101.97s, lr: 0.018275
Accuracy: 0.943
class                  precision    recall   specificity      f1   support
--------------------------------------------------------------------------
0                          0.970     0.936         0.973   0.953       281
1                          0.725     0.967         0.980   0.829        30
2                          0.947     0.947         0.955   0.947       265
*----------------------------------------*
0 Mon Nov 17 19:27:16 2025 Epoch: 106
Epoch: 106/150 Iter: 1/96 loss: 0.1398 acc: 1.0000 time 2.28s
Epoch: 106/150 Iter: 2/96 loss: 0.0788 acc: 1.0000 time 1.43s
Epoch: 106/150 Iter: 3/96 loss: 0.1783 acc: 0.8611 time 1.46s
Epoch: 106/150 Iter: 4/96 loss: 0.1365 acc: 0.8958 time 0.79s
Epoch: 106/150 Iter: 5/96 loss: 0.1289 acc: 0.9167 time 1.45s
Epoch: 106/150 Iter: 6/96 loss: 0.1901 acc: 0.8639 time 1.45s
Epoch: 106/150 Iter: 7/96 loss: 0.1669 acc: 0.8833 time 0.86s
Epoch: 106/150 Iter: 8/96 loss: 0.1468 acc: 0.8979 time 0.78s
Epoch: 106/150 Iter: 9/96 loss: 0.1367 acc: 0.9093 time 0.83s
Epoch: 106/150 Iter: 10/96 loss: 0.1249 acc: 0.9183 time 0.89s
Epoch: 106/150 Iter: 11/96 loss: 0.1756 acc: 0.8955 time 0.81s
Epoch: 106/150 Iter: 12/96 loss: 0.1645 acc: 0.9042 time 0.90s
Epoch: 106/150 Iter: 13/96 loss: 0.1526 acc: 0.9115 time 0.91s
Epoch: 106/150 Iter: 14/96 loss: 0.1593 acc: 0.9099 time 1.46s
Epoch: 106/150 Iter: 15/96 loss: 0.1519 acc: 0.9159 time 0.82s
Epoch: 106/150 Iter: 16/96 loss: 0.1433 acc: 0.9212 time 0.74s
Epoch: 106/150 Iter: 17/96 loss: 0.1621 acc: 0.9013 time 0.82s
Epoch: 106/150 Iter: 18/96 loss: 0.1538 acc: 0.9068 time 0.89s
Epoch: 106/150 Iter: 19/96 loss: 0.1466 acc: 0.9117 time 0.92s
Epoch: 106/150 Iter: 20/96 loss: 0.1454 acc: 0.9161 time 0.77s
Epoch: 106/150 Iter: 21/96 loss: 0.1412 acc: 0.9201 time 1.43s
Epoch: 106/150 Iter: 22/96 loss: 0.1387 acc: 0.9237 time 0.78s
Epoch: 106/150 Iter: 23/96 loss: 0.1553 acc: 0.9216 time 0.81s
Epoch: 106/150 Iter: 24/96 loss: 0.1491 acc: 0.9249 time 1.47s
Epoch: 106/150 Iter: 25/96 loss: 0.1467 acc: 0.9279 time 0.78s
Epoch: 106/150 Iter: 26/96 loss: 0.1491 acc: 0.9243 time 0.81s
Epoch: 106/150 Iter: 27/96 loss: 0.1463 acc: 0.9147 time 1.43s
Epoch: 106/150 Iter: 28/96 loss: 0.1421 acc: 0.9178 time 0.94s
Epoch: 106/150 Iter: 29/96 loss: 0.1389 acc: 0.9206 time 0.81s
Epoch: 106/150 Iter: 30/96 loss: 0.1358 acc: 0.9232 time 1.48s
Epoch: 106/150 Iter: 31/96 loss: 0.1381 acc: 0.9257 time 0.88s
Epoch: 106/150 Iter: 32/96 loss: 0.1601 acc: 0.9241 time 0.95s
Epoch: 106/150 Iter: 33/96 loss: 0.1604 acc: 0.9189 time 0.77s
Epoch: 106/150 Iter: 34/96 loss: 0.1571 acc: 0.9212 time 1.45s
Epoch: 106/150 Iter: 35/96 loss: 0.1533 acc: 0.9235 time 1.42s
Epoch: 106/150 Iter: 36/96 loss: 0.1494 acc: 0.9256 time 0.87s
Epoch: 106/150 Iter: 37/96 loss: 0.1550 acc: 0.9126 time 0.86s
Epoch: 106/150 Iter: 38/96 loss: 0.1519 acc: 0.9149 time 0.92s
Epoch: 106/150 Iter: 39/96 loss: 0.1484 acc: 0.9171 time 0.91s
Epoch: 106/150 Iter: 40/96 loss: 0.1475 acc: 0.9192 time 1.44s
Epoch: 106/150 Iter: 41/96 loss: 0.1447 acc: 0.9211 time 0.89s
Epoch: 106/150 Iter: 42/96 loss: 0.1434 acc: 0.9230 time 0.84s
Epoch: 106/150 Iter: 43/96 loss: 0.1409 acc: 0.9248 time 0.88s
Epoch: 106/150 Iter: 44/96 loss: 0.1380 acc: 0.9265 time 1.39s
Epoch: 106/150 Iter: 45/96 loss: 0.1361 acc: 0.9281 time 1.41s
Epoch: 106/150 Iter: 46/96 loss: 0.1357 acc: 0.9210 time 0.80s
Epoch: 106/150 Iter: 47/96 loss: 0.1335 acc: 0.9227 time 0.91s
Epoch: 106/150 Iter: 48/96 loss: 0.1311 acc: 0.9243 time 1.45s
Epoch: 106/150 Iter: 49/96 loss: 0.1301 acc: 0.9259 time 0.76s
Epoch: 106/150 Iter: 50/96 loss: 0.1285 acc: 0.9273 time 0.77s
Epoch: 106/150 Iter: 51/96 loss: 0.1271 acc: 0.9288 time 0.82s
Epoch: 106/150 Iter: 52/96 loss: 0.1335 acc: 0.9248 time 0.88s
Epoch: 106/150 Iter: 53/96 loss: 0.1317 acc: 0.9262 time 0.95s
Epoch: 106/150 Iter: 54/96 loss: 0.1370 acc: 0.9183 time 1.43s
Epoch: 106/150 Iter: 55/96 loss: 0.1358 acc: 0.9198 time 0.88s
Epoch: 106/150 Iter: 56/96 loss: 0.1335 acc: 0.9212 time 1.48s
Epoch: 106/150 Iter: 57/96 loss: 0.1341 acc: 0.9226 time 0.76s
Epoch: 106/150 Iter: 58/96 loss: 0.1320 acc: 0.9239 time 0.80s
Epoch: 106/150 Iter: 59/96 loss: 0.1301 acc: 0.9252 time 1.41s
Epoch: 106/150 Iter: 60/96 loss: 0.1294 acc: 0.9265 time 0.76s
Epoch: 106/150 Iter: 61/96 loss: 0.1290 acc: 0.9277 time 1.47s
Epoch: 106/150 Iter: 62/96 loss: 0.1285 acc: 0.9289 time 0.89s
Epoch: 106/150 Iter: 63/96 loss: 0.1270 acc: 0.9300 time 0.75s
Epoch: 106/150 Iter: 64/96 loss: 0.1256 acc: 0.9311 time 1.42s
Epoch: 106/150 Iter: 65/96 loss: 0.1251 acc: 0.9321 time 0.80s
Epoch: 106/150 Iter: 66/96 loss: 0.1253 acc: 0.9306 time 0.94s
Epoch: 106/150 Iter: 67/96 loss: 0.1249 acc: 0.9317 time 0.76s
Epoch: 106/150 Iter: 68/96 loss: 0.1270 acc: 0.9308 time 0.89s
Epoch: 106/150 Iter: 69/96 loss: 0.1322 acc: 0.9260 time 0.93s
Epoch: 106/150 Iter: 70/96 loss: 0.1308 acc: 0.9271 time 1.41s
Epoch: 106/150 Iter: 71/96 loss: 0.1310 acc: 0.9281 time 0.80s
Epoch: 106/150 Iter: 72/96 loss: 0.1310 acc: 0.9291 time 1.46s
Epoch: 106/150 Iter: 73/96 loss: 0.1331 acc: 0.9301 time 1.44s
Epoch: 106/150 Iter: 74/96 loss: 0.1316 acc: 0.9310 time 0.78s
Epoch: 106/150 Iter: 75/96 loss: 0.1301 acc: 0.9320 time 1.47s
Epoch: 106/150 Iter: 76/96 loss: 0.1297 acc: 0.9329 time 0.89s
Epoch: 106/150 Iter: 77/96 loss: 0.1281 acc: 0.9337 time 0.80s
Epoch: 106/150 Iter: 78/96 loss: 0.1265 acc: 0.9346 time 0.92s
Epoch: 106/150 Iter: 79/96 loss: 0.1289 acc: 0.9338 time 0.77s
Epoch: 106/150 Iter: 80/96 loss: 0.1277 acc: 0.9347 time 1.43s
Epoch: 106/150 Iter: 81/96 loss: 0.1277 acc: 0.9355 time 0.87s
Epoch: 106/150 Iter: 82/96 loss: 0.1301 acc: 0.9332 time 1.41s
Epoch: 106/150 Iter: 83/96 loss: 0.1308 acc: 0.9320 time 0.76s
Epoch: 106/150 Iter: 84/96 loss: 0.1312 acc: 0.9288 time 0.78s
Epoch: 106/150 Iter: 85/96 loss: 0.1300 acc: 0.9297 time 0.70s
Epoch: 106/150 Iter: 86/96 loss: 0.1296 acc: 0.9305 time 0.77s
Epoch: 106/150 Iter: 87/96 loss: 0.1312 acc: 0.9301 time 0.70s
Epoch: 106/150 Iter: 88/96 loss: 0.1300 acc: 0.9309 time 1.40s
Epoch: 106/150 Iter: 89/96 loss: 0.1287 acc: 0.9317 time 0.70s
Epoch: 106/150 Iter: 90/96 loss: 0.1279 acc: 0.9325 time 1.36s
Epoch: 106/150 Iter: 91/96 loss: 0.1317 acc: 0.9318 time 0.71s
Epoch: 106/150 Iter: 92/96 loss: 0.1311 acc: 0.9326 time 0.72s
Epoch: 106/150 Iter: 93/96 loss: 0.1316 acc: 0.9322 time 0.72s
Epoch: 106/150 Iter: 94/96 loss: 0.1305 acc: 0.9329 time 1.39s
Epoch: 106/150 Iter: 95/96 loss: 0.1295 acc: 0.9337 time 0.69s
Epoch: 106/150 Iter: 96/96 loss: 0.1283 acc: 0.9343 time 1.37s
[Train epoch 106] avg_loss=0.1283 avg_acc=0.9343 | per-class [c0: 0.946, c1: 0.967, c2: 0.955]
Final training 106/150, loss: 0.1283, time 98.91s, lr: 0.017553
Accuracy: 0.951
class                  precision    recall   specificity      f1   support
--------------------------------------------------------------------------
0                          0.971     0.946         0.973   0.958       280
1                          0.763     0.967         0.984   0.853        30
2                          0.958     0.955         0.965   0.957       266
*----------------------------------------*
Val 106/150 1/24, Acc: 0.6667, Loss: 14.4225, time 0.44s
Val 106/150 2/24, Acc: 0.6111, Loss: 7.3338, time 0.43s
Val 106/150 3/24, Acc: 0.7407, Loss: 4.9857, time 0.42s
Val 106/150 4/24, Acc: 0.7118, Loss: 3.9409, time 0.42s
Val 106/150 5/24, Acc: 0.7694, Loss: 3.1746, time 0.49s
Val 106/150 6/24, Acc: 0.8079, Loss: 2.6492, time 0.51s
Val 106/150 7/24, Acc: 0.8353, Loss: 2.2869, time 0.44s
Val 106/150 8/24, Acc: 0.8090, Loss: 2.0877, time 0.42s
Val 106/150 9/24, Acc: 0.8191, Loss: 1.8697, time 0.52s
Val 106/150 10/24, Acc: 0.8372, Loss: 1.6916, time 0.53s
Val 106/150 11/24, Acc: 0.8520, Loss: 1.5429, time 0.43s
Val 106/150 12/24, Acc: 0.8088, Loss: 1.4700, time 0.51s
Val 106/150 13/24, Acc: 0.8235, Loss: 1.3597, time 0.54s
Val 106/150 14/24, Acc: 0.8272, Loss: 1.3208, time 0.43s
Val 106/150 15/24, Acc: 0.8387, Loss: 1.2352, time 0.41s
Val 106/150 16/24, Acc: 0.8425, Loss: 1.1782, time 0.42s
Val 106/150 17/24, Acc: 0.8444, Loss: 1.1179, time 0.49s
Val 106/150 18/24, Acc: 0.8531, Loss: 1.0695, time 0.46s
Val 106/150 19/24, Acc: 0.8556, Loss: 1.0378, time 0.44s
Val 106/150 20/24, Acc: 0.8406, Loss: 1.0254, time 0.44s
Val 106/150 21/24, Acc: 0.8481, Loss: 0.9777, time 0.50s
Val 106/150 22/24, Acc: 0.8475, Loss: 0.9611, time 0.53s
Val 106/150 23/24, Acc: 0.8469, Loss: 0.9443, time 0.40s
Val 106/150 24/24, Acc: 0.8532, Loss: 0.9220, time 0.41s
[Val epoch 106] avg_acc=0.8532 | avg_loss=0.9220 | per-class [c0: 0.886, c1: 0.875, c2: 0.894]
Final validation 106/150, Val_acc: 0.8532, time 11.05sAccuracy: 0.889
class                  precision    recall   specificity      f1   support
--------------------------------------------------------------------------
0                          0.925     0.886         0.932   0.905        70
1                          0.700     0.875         0.978   0.778         8
2                          0.881     0.894         0.897   0.887        66
*========================================*
Saving checkpoint outputs/OrganoidsINRIA_reduced/resnet18/2025-11-17-16-11/training/model_final.pt
[EarlyStopping] no improve (4/40)
[EarlyStopping] no improve (29/40)
0 Mon Nov 17 19:29:10 2025 Epoch: 107
Epoch: 107/150 Iter: 1/96 loss: 0.1589 acc: 0.8333 time 1.64s
Epoch: 107/150 Iter: 2/96 loss: 0.1577 acc: 0.9167 time 1.07s
Epoch: 107/150 Iter: 3/96 loss: 0.1665 acc: 0.9074 time 0.95s
Epoch: 107/150 Iter: 4/96 loss: 0.1333 acc: 0.9306 time 1.44s
Epoch: 107/150 Iter: 5/96 loss: 0.1184 acc: 0.9444 time 1.43s
Epoch: 107/150 Iter: 6/96 loss: 0.1070 acc: 0.9537 time 0.77s
Epoch: 107/150 Iter: 7/96 loss: 0.1057 acc: 0.9603 time 0.81s
Epoch: 107/150 Iter: 8/96 loss: 0.1762 acc: 0.9097 time 1.44s
Epoch: 107/150 Iter: 9/96 loss: 0.1641 acc: 0.9198 time 1.43s
Epoch: 107/150 Iter: 10/96 loss: 0.1511 acc: 0.9278 time 0.90s
Epoch: 107/150 Iter: 11/96 loss: 0.1392 acc: 0.9343 time 0.79s
Epoch: 107/150 Iter: 12/96 loss: 0.1278 acc: 0.9398 time 1.43s
Epoch: 107/150 Iter: 13/96 loss: 0.1205 acc: 0.9444 time 1.42s
Epoch: 107/150 Iter: 14/96 loss: 0.1132 acc: 0.9484 time 0.73s
Epoch: 107/150 Iter: 15/96 loss: 0.1238 acc: 0.9519 time 0.81s
Epoch: 107/150 Iter: 16/96 loss: 0.1281 acc: 0.9271 time 1.48s
Epoch: 107/150 Iter: 17/96 loss: 0.1442 acc: 0.9052 time 1.38s
Epoch: 107/150 Iter: 18/96 loss: 0.1363 acc: 0.9105 time 0.72s
Epoch: 107/150 Iter: 19/96 loss: 0.1332 acc: 0.9152 time 0.89s
Epoch: 107/150 Iter: 20/96 loss: 0.1305 acc: 0.9194 time 1.46s
Epoch: 107/150 Iter: 21/96 loss: 0.1779 acc: 0.9034 time 1.48s
Epoch: 107/150 Iter: 22/96 loss: 0.1927 acc: 0.8876 time 0.79s
Epoch: 107/150 Iter: 23/96 loss: 0.2020 acc: 0.8853 time 0.77s
Epoch: 107/150 Iter: 24/96 loss: 0.1938 acc: 0.8900 time 0.84s
Epoch: 107/150 Iter: 25/96 loss: 0.1863 acc: 0.8944 time 0.86s
Epoch: 107/150 Iter: 26/96 loss: 0.1854 acc: 0.8831 time 0.82s
Epoch: 107/150 Iter: 27/96 loss: 0.1921 acc: 0.8813 time 1.46s
Epoch: 107/150 Iter: 28/96 loss: 0.1855 acc: 0.8855 time 1.44s
Epoch: 107/150 Iter: 29/96 loss: 0.1863 acc: 0.8856 time 0.79s
Epoch: 107/150 Iter: 30/96 loss: 0.1804 acc: 0.8894 time 0.85s
Epoch: 107/150 Iter: 31/96 loss: 0.1761 acc: 0.8930 time 1.46s
Epoch: 107/150 Iter: 32/96 loss: 0.1728 acc: 0.8964 time 0.79s
Epoch: 107/150 Iter: 33/96 loss: 0.1712 acc: 0.8995 time 0.79s
Epoch: 107/150 Iter: 34/96 loss: 0.1713 acc: 0.8975 time 0.77s
Epoch: 107/150 Iter: 35/96 loss: 0.1668 acc: 0.9005 time 1.47s
Epoch: 107/150 Iter: 36/96 loss: 0.1675 acc: 0.8986 time 1.48s
Epoch: 107/150 Iter: 37/96 loss: 0.1634 acc: 0.9014 time 0.94s
Epoch: 107/150 Iter: 38/96 loss: 0.1607 acc: 0.9039 time 1.42s
Epoch: 107/150 Iter: 39/96 loss: 0.1575 acc: 0.9064 time 0.86s
Epoch: 107/150 Iter: 40/96 loss: 0.1541 acc: 0.9088 time 1.43s
Epoch: 107/150 Iter: 41/96 loss: 0.1625 acc: 0.9001 time 0.85s
Epoch: 107/150 Iter: 42/96 loss: 0.1589 acc: 0.9025 time 1.46s
Epoch: 107/150 Iter: 43/96 loss: 0.1560 acc: 0.9048 time 0.89s
Epoch: 107/150 Iter: 44/96 loss: 0.1530 acc: 0.9069 time 0.77s
Epoch: 107/150 Iter: 45/96 loss: 0.1875 acc: 0.9062 time 0.91s
Epoch: 107/150 Iter: 46/96 loss: 0.1877 acc: 0.9083 time 0.83s
Epoch: 107/150 Iter: 47/96 loss: 0.1958 acc: 0.9102 time 0.81s
Epoch: 107/150 Iter: 48/96 loss: 0.1954 acc: 0.9095 time 0.79s
Epoch: 107/150 Iter: 49/96 loss: 0.2015 acc: 0.9079 time 0.95s
Epoch: 107/150 Iter: 50/96 loss: 0.1980 acc: 0.9098 time 0.83s
Epoch: 107/150 Iter: 51/96 loss: 0.1946 acc: 0.9115 time 0.90s
Epoch: 107/150 Iter: 52/96 loss: 0.1930 acc: 0.9132 time 1.42s
Epoch: 107/150 Iter: 53/96 loss: 0.1894 acc: 0.9149 time 1.43s
Epoch: 107/150 Iter: 54/96 loss: 0.1870 acc: 0.9165 time 1.39s
Epoch: 107/150 Iter: 55/96 loss: 0.1849 acc: 0.9180 time 0.90s
Epoch: 107/150 Iter: 56/96 loss: 0.1827 acc: 0.9194 time 0.87s
Epoch: 107/150 Iter: 57/96 loss: 0.1799 acc: 0.9209 time 0.79s
Epoch: 107/150 Iter: 58/96 loss: 0.1769 acc: 0.9222 time 1.44s
Epoch: 107/150 Iter: 59/96 loss: 0.1759 acc: 0.9235 time 1.45s
Epoch: 107/150 Iter: 60/96 loss: 0.1731 acc: 0.9248 time 1.43s
Epoch: 107/150 Iter: 61/96 loss: 0.1720 acc: 0.9260 time 1.42s
Epoch: 107/150 Iter: 62/96 loss: 0.1696 acc: 0.9272 time 1.42s
Epoch: 107/150 Iter: 63/96 loss: 0.1675 acc: 0.9284 time 0.85s
Epoch: 107/150 Iter: 64/96 loss: 0.1660 acc: 0.9282 time 1.46s
Epoch: 107/150 Iter: 65/96 loss: 0.1644 acc: 0.9293 time 0.77s
Epoch: 107/150 Iter: 66/96 loss: 0.1622 acc: 0.9304 time 1.42s
Epoch: 107/150 Iter: 67/96 loss: 0.1609 acc: 0.9314 time 0.78s
Epoch: 107/150 Iter: 68/96 loss: 0.1646 acc: 0.9300 time 0.89s
Epoch: 107/150 Iter: 69/96 loss: 0.1646 acc: 0.9310 time 0.91s
Epoch: 107/150 Iter: 70/96 loss: 0.1633 acc: 0.9320 time 0.77s
Epoch: 107/150 Iter: 71/96 loss: 0.1630 acc: 0.9294 time 0.92s
Epoch: 107/150 Iter: 72/96 loss: 0.1608 acc: 0.9304 time 1.37s
Epoch: 107/150 Iter: 73/96 loss: 0.1588 acc: 0.9314 time 0.84s
Epoch: 107/150 Iter: 74/96 loss: 0.1591 acc: 0.9323 time 1.47s
Epoch: 107/150 Iter: 75/96 loss: 0.1616 acc: 0.9258 time 0.87s
Epoch: 107/150 Iter: 76/96 loss: 0.1656 acc: 0.9268 time 1.39s
Epoch: 107/150 Iter: 77/96 loss: 0.1653 acc: 0.9277 time 0.79s
Epoch: 107/150 Iter: 78/96 loss: 0.1633 acc: 0.9286 time 0.88s
Epoch: 107/150 Iter: 79/96 loss: 0.1637 acc: 0.9274 time 0.93s
Epoch: 107/150 Iter: 80/96 loss: 0.1640 acc: 0.9283 time 1.48s
Epoch: 107/150 Iter: 81/96 loss: 0.1629 acc: 0.9292 time 0.79s
Epoch: 107/150 Iter: 82/96 loss: 0.1619 acc: 0.9301 time 0.79s
Epoch: 107/150 Iter: 83/96 loss: 0.1623 acc: 0.9309 time 1.45s
Epoch: 107/150 Iter: 84/96 loss: 0.1610 acc: 0.9317 time 0.74s
Epoch: 107/150 Iter: 85/96 loss: 0.1637 acc: 0.9273 time 1.38s
Epoch: 107/150 Iter: 86/96 loss: 0.1626 acc: 0.9282 time 0.90s
Epoch: 107/150 Iter: 87/96 loss: 0.1686 acc: 0.9247 time 0.77s
Epoch: 107/150 Iter: 88/96 loss: 0.1671 acc: 0.9255 time 0.69s
Epoch: 107/150 Iter: 89/96 loss: 0.1680 acc: 0.9208 time 0.69s
Epoch: 107/150 Iter: 90/96 loss: 0.1663 acc: 0.9216 time 1.38s
Epoch: 107/150 Iter: 91/96 loss: 0.1679 acc: 0.9211 time 0.74s
Epoch: 107/150 Iter: 92/96 loss: 0.1661 acc: 0.9220 time 0.70s
Epoch: 107/150 Iter: 93/96 loss: 0.1704 acc: 0.9165 time 1.37s
Epoch: 107/150 Iter: 94/96 loss: 0.1703 acc: 0.9157 time 0.78s
Epoch: 107/150 Iter: 95/96 loss: 0.1687 acc: 0.9165 time 0.77s
Epoch: 107/150 Iter: 96/96 loss: 0.1674 acc: 0.9174 time 1.42s
[Train epoch 107] avg_loss=0.1674 avg_acc=0.9174 | per-class [c0: 0.940, c1: 0.967, c2: 0.947]
Final training 107/150, loss: 0.1674, time 102.64s, lr: 0.016841
Accuracy: 0.944
class                  precision    recall   specificity      f1   support
--------------------------------------------------------------------------
0                          0.974     0.940         0.976   0.957       281
1                          0.690     0.967         0.976   0.806        30
2                          0.954     0.947         0.961   0.951       265
*----------------------------------------*
0 Mon Nov 17 19:30:53 2025 Epoch: 108
Epoch: 108/150 Iter: 1/96 loss: 0.1537 acc: 1.0000 time 2.10s
Epoch: 108/150 Iter: 2/96 loss: 0.1960 acc: 0.7917 time 0.81s
Epoch: 108/150 Iter: 3/96 loss: 0.1399 acc: 0.8611 time 0.80s
Epoch: 108/150 Iter: 4/96 loss: 0.1284 acc: 0.8958 time 0.96s
Epoch: 108/150 Iter: 5/96 loss: 0.1078 acc: 0.9167 time 1.39s
Epoch: 108/150 Iter: 6/96 loss: 0.0899 acc: 0.9306 time 0.83s
Epoch: 108/150 Iter: 7/96 loss: 0.0946 acc: 0.9405 time 1.38s
Epoch: 108/150 Iter: 8/96 loss: 0.0876 acc: 0.9479 time 0.74s
Epoch: 108/150 Iter: 9/96 loss: 0.1098 acc: 0.8889 time 0.77s
Epoch: 108/150 Iter: 10/96 loss: 0.1355 acc: 0.9000 time 0.90s
Epoch: 108/150 Iter: 11/96 loss: 0.1399 acc: 0.8864 time 0.90s
Epoch: 108/150 Iter: 12/96 loss: 0.1287 acc: 0.8958 time 0.80s
Epoch: 108/150 Iter: 13/96 loss: 0.1408 acc: 0.8910 time 1.45s
Epoch: 108/150 Iter: 14/96 loss: 0.1951 acc: 0.8591 time 0.71s
Epoch: 108/150 Iter: 15/96 loss: 0.1894 acc: 0.8685 time 0.77s
Epoch: 108/150 Iter: 16/96 loss: 0.1959 acc: 0.8767 time 1.42s
Epoch: 108/150 Iter: 17/96 loss: 0.1847 acc: 0.8840 time 0.78s
Epoch: 108/150 Iter: 18/96 loss: 0.1788 acc: 0.8904 time 1.45s
Epoch: 108/150 Iter: 19/96 loss: 0.1742 acc: 0.8962 time 1.45s
Epoch: 108/150 Iter: 20/96 loss: 0.1698 acc: 0.9014 time 1.46s
Epoch: 108/150 Iter: 21/96 loss: 0.1851 acc: 0.8862 time 0.88s
Epoch: 108/150 Iter: 22/96 loss: 0.1770 acc: 0.8914 time 1.43s
Epoch: 108/150 Iter: 23/96 loss: 0.1715 acc: 0.8961 time 1.45s
Epoch: 108/150 Iter: 24/96 loss: 0.1690 acc: 0.9005 time 1.46s
Epoch: 108/150 Iter: 25/96 loss: 0.1674 acc: 0.9044 time 0.90s
Epoch: 108/150 Iter: 26/96 loss: 0.1660 acc: 0.9081 time 0.80s
Epoch: 108/150 Iter: 27/96 loss: 0.1606 acc: 0.9115 time 0.91s
Epoch: 108/150 Iter: 28/96 loss: 0.1575 acc: 0.9147 time 0.89s
Epoch: 108/150 Iter: 29/96 loss: 0.1530 acc: 0.9176 time 0.81s
Epoch: 108/150 Iter: 30/96 loss: 0.1483 acc: 0.9204 time 0.86s
Epoch: 108/150 Iter: 31/96 loss: 0.1443 acc: 0.9229 time 0.82s
Epoch: 108/150 Iter: 32/96 loss: 0.1406 acc: 0.9253 time 1.42s
Epoch: 108/150 Iter: 33/96 loss: 0.1411 acc: 0.9276 time 0.82s
Epoch: 108/150 Iter: 34/96 loss: 0.1372 acc: 0.9297 time 0.90s
Epoch: 108/150 Iter: 35/96 loss: 0.1347 acc: 0.9317 time 0.94s
Epoch: 108/150 Iter: 36/96 loss: 0.1324 acc: 0.9336 time 1.43s
Epoch: 108/150 Iter: 37/96 loss: 0.1306 acc: 0.9354 time 0.90s
Epoch: 108/150 Iter: 38/96 loss: 0.1275 acc: 0.9371 time 1.42s
Epoch: 108/150 Iter: 39/96 loss: 0.1271 acc: 0.9387 time 0.89s
Epoch: 108/150 Iter: 40/96 loss: 0.1264 acc: 0.9403 time 0.78s
Epoch: 108/150 Iter: 41/96 loss: 0.1328 acc: 0.9390 time 0.91s
Epoch: 108/150 Iter: 42/96 loss: 0.1322 acc: 0.9405 time 0.93s
Epoch: 108/150 Iter: 43/96 loss: 0.1293 acc: 0.9419 time 1.43s
Epoch: 108/150 Iter: 44/96 loss: 0.1284 acc: 0.9432 time 1.40s
Epoch: 108/150 Iter: 45/96 loss: 0.1310 acc: 0.9407 time 1.48s
Epoch: 108/150 Iter: 46/96 loss: 0.1293 acc: 0.9420 time 0.73s
Epoch: 108/150 Iter: 47/96 loss: 0.1289 acc: 0.9415 time 0.77s
Epoch: 108/150 Iter: 48/96 loss: 0.1263 acc: 0.9427 time 0.77s
Epoch: 108/150 Iter: 49/96 loss: 0.1268 acc: 0.9439 time 1.39s
Epoch: 108/150 Iter: 50/96 loss: 0.1253 acc: 0.9450 time 1.42s
Epoch: 108/150 Iter: 51/96 loss: 0.1238 acc: 0.9461 time 1.41s
Epoch: 108/150 Iter: 52/96 loss: 0.1214 acc: 0.9471 time 1.40s
Epoch: 108/150 Iter: 53/96 loss: 0.1200 acc: 0.9481 time 0.92s
Epoch: 108/150 Iter: 54/96 loss: 0.1183 acc: 0.9491 time 0.89s
Epoch: 108/150 Iter: 55/96 loss: 0.1215 acc: 0.9480 time 0.88s
Epoch: 108/150 Iter: 56/96 loss: 0.1216 acc: 0.9415 time 1.45s
Epoch: 108/150 Iter: 57/96 loss: 0.1196 acc: 0.9425 time 1.44s
Epoch: 108/150 Iter: 58/96 loss: 0.1245 acc: 0.9406 time 0.78s
Epoch: 108/150 Iter: 59/96 loss: 0.1233 acc: 0.9416 time 0.75s
Epoch: 108/150 Iter: 60/96 loss: 0.1243 acc: 0.9329 time 0.80s
Epoch: 108/150 Iter: 61/96 loss: 0.1233 acc: 0.9340 time 0.75s
Epoch: 108/150 Iter: 62/96 loss: 0.1214 acc: 0.9350 time 0.77s
Epoch: 108/150 Iter: 63/96 loss: 0.1243 acc: 0.9345 time 0.79s
Epoch: 108/150 Iter: 64/96 loss: 0.1312 acc: 0.9251 time 1.48s
Epoch: 108/150 Iter: 65/96 loss: 0.1301 acc: 0.9262 time 1.44s
Epoch: 108/150 Iter: 66/96 loss: 0.1301 acc: 0.9248 time 0.87s
Epoch: 108/150 Iter: 67/96 loss: 0.1288 acc: 0.9260 time 1.44s
Epoch: 108/150 Iter: 68/96 loss: 0.1272 acc: 0.9270 time 0.74s
Epoch: 108/150 Iter: 69/96 loss: 0.1255 acc: 0.9281 time 1.46s
Epoch: 108/150 Iter: 70/96 loss: 0.1253 acc: 0.9291 time 0.79s
Epoch: 108/150 Iter: 71/96 loss: 0.1275 acc: 0.9245 time 0.88s
Epoch: 108/150 Iter: 72/96 loss: 0.1261 acc: 0.9255 time 1.38s
Epoch: 108/150 Iter: 73/96 loss: 0.1274 acc: 0.9243 time 0.91s
Epoch: 108/150 Iter: 74/96 loss: 0.1258 acc: 0.9253 time 1.51s
Epoch: 108/150 Iter: 75/96 loss: 0.1245 acc: 0.9263 time 1.42s
Epoch: 108/150 Iter: 76/96 loss: 0.1249 acc: 0.9207 time 1.42s
Epoch: 108/150 Iter: 77/96 loss: 0.1234 acc: 0.9217 time 0.91s
Epoch: 108/150 Iter: 78/96 loss: 0.1327 acc: 0.9206 time 0.79s
Epoch: 108/150 Iter: 79/96 loss: 0.1335 acc: 0.9200 time 0.90s
Epoch: 108/150 Iter: 80/96 loss: 0.1361 acc: 0.9175 time 0.78s
Epoch: 108/150 Iter: 81/96 loss: 0.1346 acc: 0.9186 time 0.80s
Epoch: 108/150 Iter: 82/96 loss: 0.1348 acc: 0.9195 time 0.74s
Epoch: 108/150 Iter: 83/96 loss: 0.1370 acc: 0.9145 time 0.70s
Epoch: 108/150 Iter: 84/96 loss: 0.1363 acc: 0.9155 time 0.75s
Epoch: 108/150 Iter: 85/96 loss: 0.1347 acc: 0.9165 time 0.76s
Epoch: 108/150 Iter: 86/96 loss: 0.1343 acc: 0.9175 time 1.38s
Epoch: 108/150 Iter: 87/96 loss: 0.1347 acc: 0.9171 time 1.36s
Epoch: 108/150 Iter: 88/96 loss: 0.1400 acc: 0.9143 time 0.74s
Epoch: 108/150 Iter: 89/96 loss: 0.1391 acc: 0.9153 time 0.74s
Epoch: 108/150 Iter: 90/96 loss: 0.1379 acc: 0.9162 time 0.81s
Epoch: 108/150 Iter: 91/96 loss: 0.1379 acc: 0.9171 time 1.38s
Epoch: 108/150 Iter: 92/96 loss: 0.1377 acc: 0.9180 time 0.70s
Epoch: 108/150 Iter: 93/96 loss: 0.1367 acc: 0.9189 time 0.70s
Epoch: 108/150 Iter: 94/96 loss: 0.1354 acc: 0.9198 time 1.37s
Epoch: 108/150 Iter: 95/96 loss: 0.1373 acc: 0.9206 time 0.78s
Epoch: 108/150 Iter: 96/96 loss: 0.1397 acc: 0.9173 time 1.42s
[Train epoch 108] avg_loss=0.1397 avg_acc=0.9173 | per-class [c0: 0.947, c1: 0.967, c2: 0.951]
Final training 108/150, loss: 0.1397, time 101.16s, lr: 0.016139
Accuracy: 0.950
class                  precision    recall   specificity      f1   support
--------------------------------------------------------------------------
0                          0.974     0.947         0.976   0.960       281
1                          0.690     0.967         0.976   0.806        30
2                          0.966     0.951         0.971   0.958       265
*----------------------------------------*
Val 108/150 1/24, Acc: 0.6667, Loss: 17.1446, time 0.43s
Val 108/150 2/24, Acc: 0.6111, Loss: 8.6893, time 0.44s
Val 108/150 3/24, Acc: 0.7407, Loss: 5.8498, time 0.45s
Val 108/150 4/24, Acc: 0.7431, Loss: 4.5083, time 0.42s
Val 108/150 5/24, Acc: 0.7944, Loss: 3.6374, time 0.48s
Val 108/150 6/24, Acc: 0.8287, Loss: 3.0339, time 0.47s
Val 108/150 7/24, Acc: 0.8532, Loss: 2.6073, time 0.42s
Val 108/150 8/24, Acc: 0.7986, Loss: 2.3818, time 0.49s
Val 108/150 9/24, Acc: 0.8099, Loss: 2.1314, time 0.47s
Val 108/150 10/24, Acc: 0.8289, Loss: 1.9232, time 0.51s
Val 108/150 11/24, Acc: 0.8444, Loss: 1.7543, time 0.42s
Val 108/150 12/24, Acc: 0.8019, Loss: 1.6486, time 0.46s
Val 108/150 13/24, Acc: 0.8171, Loss: 1.5267, time 0.49s
Val 108/150 14/24, Acc: 0.7885, Loss: 1.4853, time 0.45s
Val 108/150 15/24, Acc: 0.7970, Loss: 1.3923, time 0.42s
Val 108/150 16/24, Acc: 0.8035, Loss: 1.3240, time 0.43s
Val 108/150 17/24, Acc: 0.8077, Loss: 1.2586, time 0.49s
Val 108/150 18/24, Acc: 0.7952, Loss: 1.2049, time 0.44s
Val 108/150 19/24, Acc: 0.8007, Loss: 1.1675, time 0.44s
Val 108/150 20/24, Acc: 0.7885, Loss: 1.1458, time 0.46s
Val 108/150 21/24, Acc: 0.7985, Loss: 1.0925, time 0.47s
Val 108/150 22/24, Acc: 0.7926, Loss: 1.0808, time 0.54s
Val 108/150 23/24, Acc: 0.7798, Loss: 1.0630, time 0.39s
Val 108/150 24/24, Acc: 0.7890, Loss: 1.0370, time 0.41s
[Val epoch 108] avg_acc=0.7890 | avg_loss=1.0370 | per-class [c0: 0.843, c1: 0.750, c2: 0.879]
Final validation 108/150, Val_acc: 0.7890, time 10.89sAccuracy: 0.854
class                  precision    recall   specificity      f1   support
--------------------------------------------------------------------------
0                          0.922     0.843         0.932   0.881        70
1                          0.462     0.750         0.949   0.571         8
2                          0.866     0.879         0.885   0.872        66
*========================================*
Saving checkpoint outputs/OrganoidsINRIA_reduced/resnet18/2025-11-17-16-11/training/model_final.pt
[EarlyStopping] no improve (5/40)
[EarlyStopping] no improve (30/40)
0 Mon Nov 17 19:32:50 2025 Epoch: 109
Epoch: 109/150 Iter: 1/96 loss: 0.0987 acc: 1.0000 time 1.97s
Epoch: 109/150 Iter: 2/96 loss: 0.0576 acc: 1.0000 time 1.50s
Epoch: 109/150 Iter: 3/96 loss: 0.0887 acc: 1.0000 time 1.47s
Epoch: 109/150 Iter: 4/96 loss: 0.0843 acc: 1.0000 time 1.45s
Epoch: 109/150 Iter: 5/96 loss: 0.0727 acc: 1.0000 time 0.80s
Epoch: 109/150 Iter: 6/96 loss: 0.0786 acc: 1.0000 time 1.46s
Epoch: 109/150 Iter: 7/96 loss: 0.0780 acc: 1.0000 time 1.37s
Epoch: 109/150 Iter: 8/96 loss: 0.0760 acc: 1.0000 time 0.92s
Epoch: 109/150 Iter: 9/96 loss: 0.1217 acc: 0.9815 time 1.40s
Epoch: 109/150 Iter: 10/96 loss: 0.1280 acc: 0.9722 time 0.84s
Epoch: 109/150 Iter: 11/96 loss: 0.1284 acc: 0.9747 time 1.37s
Epoch: 109/150 Iter: 12/96 loss: 0.1209 acc: 0.9769 time 1.42s
Epoch: 109/150 Iter: 13/96 loss: 0.1131 acc: 0.9786 time 1.41s
Epoch: 109/150 Iter: 14/96 loss: 0.1078 acc: 0.9802 time 1.43s
Epoch: 109/150 Iter: 15/96 loss: 0.1015 acc: 0.9815 time 1.44s
Epoch: 109/150 Iter: 16/96 loss: 0.1076 acc: 0.9722 time 0.75s
Epoch: 109/150 Iter: 17/96 loss: 0.1032 acc: 0.9739 time 1.44s
Epoch: 109/150 Iter: 18/96 loss: 0.0992 acc: 0.9753 time 0.76s
Epoch: 109/150 Iter: 19/96 loss: 0.0970 acc: 0.9766 time 1.43s
Epoch: 109/150 Iter: 20/96 loss: 0.1185 acc: 0.9556 time 0.78s
Epoch: 109/150 Iter: 21/96 loss: 0.1137 acc: 0.9577 time 0.75s
Epoch: 109/150 Iter: 22/96 loss: 0.1090 acc: 0.9596 time 0.80s
Epoch: 109/150 Iter: 23/96 loss: 0.1062 acc: 0.9614 time 1.44s
Epoch: 109/150 Iter: 24/96 loss: 0.1020 acc: 0.9630 time 1.41s
Epoch: 109/150 Iter: 25/96 loss: 0.1169 acc: 0.9458 time 0.76s
Epoch: 109/150 Iter: 26/96 loss: 0.1200 acc: 0.9447 time 1.42s
Epoch: 109/150 Iter: 27/96 loss: 0.1159 acc: 0.9467 time 0.77s
Epoch: 109/150 Iter: 28/96 loss: 0.1125 acc: 0.9486 time 0.90s
Epoch: 109/150 Iter: 29/96 loss: 0.1104 acc: 0.9504 time 0.75s
Epoch: 109/150 Iter: 30/96 loss: 0.1087 acc: 0.9520 time 1.45s
Epoch: 109/150 Iter: 31/96 loss: 0.1069 acc: 0.9536 time 0.74s
Epoch: 109/150 Iter: 32/96 loss: 0.1066 acc: 0.9550 time 1.44s
Epoch: 109/150 Iter: 33/96 loss: 0.1053 acc: 0.9564 time 0.76s
Epoch: 109/150 Iter: 34/96 loss: 0.1046 acc: 0.9577 time 0.79s
Epoch: 109/150 Iter: 35/96 loss: 0.1020 acc: 0.9589 time 0.75s
Epoch: 109/150 Iter: 36/96 loss: 0.1065 acc: 0.9554 time 1.46s
Epoch: 109/150 Iter: 37/96 loss: 0.1183 acc: 0.9431 time 0.90s
Epoch: 109/150 Iter: 38/96 loss: 0.1163 acc: 0.9446 time 0.78s
Epoch: 109/150 Iter: 39/96 loss: 0.1267 acc: 0.9417 time 0.75s
Epoch: 109/150 Iter: 40/96 loss: 0.1301 acc: 0.9411 time 1.41s
Epoch: 109/150 Iter: 41/96 loss: 0.1316 acc: 0.9405 time 1.37s
Epoch: 109/150 Iter: 42/96 loss: 0.1299 acc: 0.9419 time 1.41s
Epoch: 109/150 Iter: 43/96 loss: 0.1276 acc: 0.9433 time 1.42s
Epoch: 109/150 Iter: 44/96 loss: 0.1254 acc: 0.9446 time 0.76s
Epoch: 109/150 Iter: 45/96 loss: 0.1245 acc: 0.9458 time 1.44s
Epoch: 109/150 Iter: 46/96 loss: 0.1250 acc: 0.9470 time 0.86s
Epoch: 109/150 Iter: 47/96 loss: 0.1236 acc: 0.9481 time 0.90s
Epoch: 109/150 Iter: 48/96 loss: 0.1213 acc: 0.9492 time 0.79s
Epoch: 109/150 Iter: 49/96 loss: 0.1191 acc: 0.9502 time 0.95s
Epoch: 109/150 Iter: 50/96 loss: 0.1223 acc: 0.9479 time 1.45s
Epoch: 109/150 Iter: 51/96 loss: 0.1199 acc: 0.9489 time 0.88s
Epoch: 109/150 Iter: 52/96 loss: 0.1199 acc: 0.9499 time 0.89s
Epoch: 109/150 Iter: 53/96 loss: 0.1190 acc: 0.9508 time 1.42s
Epoch: 109/150 Iter: 54/96 loss: 0.1177 acc: 0.9517 time 0.77s
Epoch: 109/150 Iter: 55/96 loss: 0.1289 acc: 0.9441 time 0.93s
Epoch: 109/150 Iter: 56/96 loss: 0.1273 acc: 0.9451 time 1.45s
Epoch: 109/150 Iter: 57/96 loss: 0.1251 acc: 0.9461 time 1.42s
Epoch: 109/150 Iter: 58/96 loss: 0.1237 acc: 0.9470 time 1.46s
Epoch: 109/150 Iter: 59/96 loss: 0.1252 acc: 0.9462 time 0.92s
Epoch: 109/150 Iter: 60/96 loss: 0.1237 acc: 0.9471 time 0.77s
Epoch: 109/150 Iter: 61/96 loss: 0.1222 acc: 0.9480 time 1.43s
Epoch: 109/150 Iter: 62/96 loss: 0.1230 acc: 0.9448 time 0.91s
Epoch: 109/150 Iter: 63/96 loss: 0.1210 acc: 0.9457 time 0.74s
Epoch: 109/150 Iter: 64/96 loss: 0.1197 acc: 0.9465 time 1.47s
Epoch: 109/150 Iter: 65/96 loss: 0.1194 acc: 0.9456 time 1.44s
Epoch: 109/150 Iter: 66/96 loss: 0.1181 acc: 0.9465 time 0.78s
Epoch: 109/150 Iter: 67/96 loss: 0.1164 acc: 0.9473 time 1.43s
Epoch: 109/150 Iter: 68/96 loss: 0.1160 acc: 0.9480 time 1.45s
Epoch: 109/150 Iter: 69/96 loss: 0.1144 acc: 0.9488 time 0.72s
Epoch: 109/150 Iter: 70/96 loss: 0.1132 acc: 0.9495 time 1.43s
Epoch: 109/150 Iter: 71/96 loss: 0.1166 acc: 0.9467 time 1.46s
Epoch: 109/150 Iter: 72/96 loss: 0.1152 acc: 0.9475 time 0.87s
Epoch: 109/150 Iter: 73/96 loss: 0.1144 acc: 0.9482 time 0.88s
Epoch: 109/150 Iter: 74/96 loss: 0.1130 acc: 0.9489 time 1.46s
Epoch: 109/150 Iter: 75/96 loss: 0.1121 acc: 0.9496 time 1.47s
Epoch: 109/150 Iter: 76/96 loss: 0.1108 acc: 0.9502 time 1.44s
Epoch: 109/150 Iter: 77/96 loss: 0.1099 acc: 0.9509 time 0.77s
Epoch: 109/150 Iter: 78/96 loss: 0.1099 acc: 0.9515 time 0.82s
Epoch: 109/150 Iter: 79/96 loss: 0.1149 acc: 0.9500 time 1.46s
Epoch: 109/150 Iter: 80/96 loss: 0.1181 acc: 0.9451 time 0.75s
Epoch: 109/150 Iter: 81/96 loss: 0.1168 acc: 0.9457 time 1.40s
Epoch: 109/150 Iter: 82/96 loss: 0.1154 acc: 0.9464 time 0.73s
Epoch: 109/150 Iter: 83/96 loss: 0.1144 acc: 0.9471 time 0.75s
Epoch: 109/150 Iter: 84/96 loss: 0.1131 acc: 0.9477 time 0.73s
Epoch: 109/150 Iter: 85/96 loss: 0.1120 acc: 0.9483 time 0.73s
Epoch: 109/150 Iter: 86/96 loss: 0.1123 acc: 0.9437 time 1.38s
Epoch: 109/150 Iter: 87/96 loss: 0.1116 acc: 0.9444 time 1.38s
Epoch: 109/150 Iter: 88/96 loss: 0.1108 acc: 0.9450 time 0.74s
Epoch: 109/150 Iter: 89/96 loss: 0.1096 acc: 0.9456 time 0.73s
Epoch: 109/150 Iter: 90/96 loss: 0.1098 acc: 0.9462 time 1.37s
Epoch: 109/150 Iter: 91/96 loss: 0.1151 acc: 0.9450 time 1.38s
Epoch: 109/150 Iter: 92/96 loss: 0.1145 acc: 0.9456 time 0.72s
Epoch: 109/150 Iter: 93/96 loss: 0.1134 acc: 0.9462 time 0.72s
Epoch: 109/150 Iter: 94/96 loss: 0.1125 acc: 0.9467 time 1.38s
Epoch: 109/150 Iter: 95/96 loss: 0.1114 acc: 0.9473 time 1.39s
Epoch: 109/150 Iter: 96/96 loss: 0.1114 acc: 0.9479 time 0.73s
[Train epoch 109] avg_loss=0.1114 avg_acc=0.9479 | per-class [c0: 0.946, c1: 1.000, c2: 0.970]
Final training 109/150, loss: 0.1114, time 107.34s, lr: 0.015449
Accuracy: 0.960
class                  precision    recall   specificity      f1   support
--------------------------------------------------------------------------
0                          0.981     0.946         0.983   0.964       280
1                          0.789     1.000         0.985   0.882        30
2                          0.963     0.970         0.968   0.966       266
*----------------------------------------*
0 Mon Nov 17 19:34:37 2025 Epoch: 110
Epoch: 110/150 Iter: 1/96 loss: 0.1939 acc: 0.9000 time 2.07s
Epoch: 110/150 Iter: 2/96 loss: 0.2604 acc: 0.8667 time 0.77s
Epoch: 110/150 Iter: 3/96 loss: 0.2137 acc: 0.9111 time 0.80s
Epoch: 110/150 Iter: 4/96 loss: 0.2829 acc: 0.8708 time 0.86s
Epoch: 110/150 Iter: 5/96 loss: 0.2268 acc: 0.8967 time 1.41s
Epoch: 110/150 Iter: 6/96 loss: 0.2412 acc: 0.8167 time 1.43s
Epoch: 110/150 Iter: 7/96 loss: 0.2187 acc: 0.8429 time 1.45s
Epoch: 110/150 Iter: 8/96 loss: 0.1921 acc: 0.8625 time 0.73s
Epoch: 110/150 Iter: 9/96 loss: 0.1834 acc: 0.8778 time 0.93s
Epoch: 110/150 Iter: 10/96 loss: 0.1656 acc: 0.8900 time 1.44s
Epoch: 110/150 Iter: 11/96 loss: 0.1629 acc: 0.8886 time 1.42s
Epoch: 110/150 Iter: 12/96 loss: 0.1516 acc: 0.8979 time 0.87s
Epoch: 110/150 Iter: 13/96 loss: 0.1460 acc: 0.9058 time 0.94s
Epoch: 110/150 Iter: 14/96 loss: 0.1570 acc: 0.9125 time 1.41s
Epoch: 110/150 Iter: 15/96 loss: 0.1815 acc: 0.8887 time 0.82s
Epoch: 110/150 Iter: 16/96 loss: 0.1714 acc: 0.8957 time 0.78s
Epoch: 110/150 Iter: 17/96 loss: 0.1629 acc: 0.9018 time 0.92s
Epoch: 110/150 Iter: 18/96 loss: 0.1557 acc: 0.9073 time 0.87s
Epoch: 110/150 Iter: 19/96 loss: 0.1557 acc: 0.8902 time 1.46s
Epoch: 110/150 Iter: 20/96 loss: 0.1485 acc: 0.8957 time 1.42s
Epoch: 110/150 Iter: 21/96 loss: 0.1621 acc: 0.8795 time 1.43s
Epoch: 110/150 Iter: 22/96 loss: 0.1717 acc: 0.8774 time 0.94s
Epoch: 110/150 Iter: 23/96 loss: 0.1757 acc: 0.8634 time 0.88s
Epoch: 110/150 Iter: 24/96 loss: 0.1742 acc: 0.8691 time 1.48s
Epoch: 110/150 Iter: 25/96 loss: 0.1688 acc: 0.8743 time 0.88s
Epoch: 110/150 Iter: 26/96 loss: 0.1701 acc: 0.8744 time 0.76s
Epoch: 110/150 Iter: 27/96 loss: 0.1690 acc: 0.8790 time 0.79s
Epoch: 110/150 Iter: 28/96 loss: 0.1633 acc: 0.8833 time 1.45s
Epoch: 110/150 Iter: 29/96 loss: 0.1578 acc: 0.8874 time 0.87s
Epoch: 110/150 Iter: 30/96 loss: 0.1530 acc: 0.8911 time 0.79s
Epoch: 110/150 Iter: 31/96 loss: 0.1544 acc: 0.8946 time 1.43s
Epoch: 110/150 Iter: 32/96 loss: 0.1505 acc: 0.8979 time 1.42s
Epoch: 110/150 Iter: 33/96 loss: 0.1504 acc: 0.9010 time 0.75s
Epoch: 110/150 Iter: 34/96 loss: 0.1538 acc: 0.9039 time 0.85s
Epoch: 110/150 Iter: 35/96 loss: 0.1505 acc: 0.9067 time 0.84s
Epoch: 110/150 Iter: 36/96 loss: 0.1465 acc: 0.9093 time 0.91s
Epoch: 110/150 Iter: 37/96 loss: 0.1495 acc: 0.9083 time 1.47s
Epoch: 110/150 Iter: 38/96 loss: 0.1467 acc: 0.9107 time 0.89s
Epoch: 110/150 Iter: 39/96 loss: 0.1439 acc: 0.9130 time 0.80s
Epoch: 110/150 Iter: 40/96 loss: 0.1430 acc: 0.9152 time 0.84s
Epoch: 110/150 Iter: 41/96 loss: 0.1502 acc: 0.9064 time 1.44s
Epoch: 110/150 Iter: 42/96 loss: 0.1467 acc: 0.9087 time 1.42s
Epoch: 110/150 Iter: 43/96 loss: 0.1445 acc: 0.9108 time 1.40s
Epoch: 110/150 Iter: 44/96 loss: 0.1436 acc: 0.9128 time 0.82s
Epoch: 110/150 Iter: 45/96 loss: 0.1409 acc: 0.9148 time 1.41s
Epoch: 110/150 Iter: 46/96 loss: 0.1399 acc: 0.9166 time 1.47s
Epoch: 110/150 Iter: 47/96 loss: 0.1390 acc: 0.9184 time 0.78s
Epoch: 110/150 Iter: 48/96 loss: 0.1408 acc: 0.9201 time 0.80s
Epoch: 110/150 Iter: 49/96 loss: 0.1382 acc: 0.9217 time 1.46s
Epoch: 110/150 Iter: 50/96 loss: 0.1359 acc: 0.9233 time 1.43s
Epoch: 110/150 Iter: 51/96 loss: 0.1341 acc: 0.9248 time 1.41s
Epoch: 110/150 Iter: 52/96 loss: 0.1354 acc: 0.9238 time 0.88s
Epoch: 110/150 Iter: 53/96 loss: 0.1336 acc: 0.9253 time 0.76s
Epoch: 110/150 Iter: 54/96 loss: 0.1321 acc: 0.9266 time 1.46s
Epoch: 110/150 Iter: 55/96 loss: 0.1308 acc: 0.9280 time 1.39s
Epoch: 110/150 Iter: 56/96 loss: 0.1288 acc: 0.9293 time 0.88s
Epoch: 110/150 Iter: 57/96 loss: 0.1326 acc: 0.9227 time 0.78s
Epoch: 110/150 Iter: 58/96 loss: 0.1306 acc: 0.9240 time 0.96s
Epoch: 110/150 Iter: 59/96 loss: 0.1288 acc: 0.9253 time 0.88s
Epoch: 110/150 Iter: 60/96 loss: 0.1270 acc: 0.9266 time 0.76s
Epoch: 110/150 Iter: 61/96 loss: 0.1279 acc: 0.9209 time 0.87s
Epoch: 110/150 Iter: 62/96 loss: 0.1260 acc: 0.9222 time 1.42s
Epoch: 110/150 Iter: 63/96 loss: 0.1241 acc: 0.9235 time 0.71s
Epoch: 110/150 Iter: 64/96 loss: 0.1256 acc: 0.9194 time 1.40s
Epoch: 110/150 Iter: 65/96 loss: 0.1248 acc: 0.9207 time 0.87s
Epoch: 110/150 Iter: 66/96 loss: 0.1268 acc: 0.9219 time 1.42s
Epoch: 110/150 Iter: 67/96 loss: 0.1250 acc: 0.9231 time 0.70s
Epoch: 110/150 Iter: 68/96 loss: 0.1238 acc: 0.9242 time 1.43s
Epoch: 110/150 Iter: 69/96 loss: 0.1223 acc: 0.9253 time 0.81s
Epoch: 110/150 Iter: 70/96 loss: 0.1206 acc: 0.9263 time 0.91s
Epoch: 110/150 Iter: 71/96 loss: 0.1267 acc: 0.9262 time 1.45s
Epoch: 110/150 Iter: 72/96 loss: 0.1254 acc: 0.9272 time 0.87s
Epoch: 110/150 Iter: 73/96 loss: 0.1243 acc: 0.9282 time 0.89s
Epoch: 110/150 Iter: 74/96 loss: 0.1233 acc: 0.9292 time 1.43s
Epoch: 110/150 Iter: 75/96 loss: 0.1220 acc: 0.9301 time 0.92s
Epoch: 110/150 Iter: 76/96 loss: 0.1224 acc: 0.9311 time 1.47s
Epoch: 110/150 Iter: 77/96 loss: 0.1211 acc: 0.9320 time 0.79s
Epoch: 110/150 Iter: 78/96 loss: 0.1231 acc: 0.9271 time 0.80s
Epoch: 110/150 Iter: 79/96 loss: 0.1217 acc: 0.9281 time 0.82s
Epoch: 110/150 Iter: 80/96 loss: 0.1261 acc: 0.9206 time 0.78s
Epoch: 110/150 Iter: 81/96 loss: 0.1250 acc: 0.9216 time 1.41s
Epoch: 110/150 Iter: 82/96 loss: 0.1235 acc: 0.9226 time 0.74s
Epoch: 110/150 Iter: 83/96 loss: 0.1223 acc: 0.9235 time 0.77s
Epoch: 110/150 Iter: 84/96 loss: 0.1244 acc: 0.9244 time 0.73s
Epoch: 110/150 Iter: 85/96 loss: 0.1230 acc: 0.9253 time 1.38s
Epoch: 110/150 Iter: 86/96 loss: 0.1222 acc: 0.9262 time 1.39s
Epoch: 110/150 Iter: 87/96 loss: 0.1210 acc: 0.9270 time 1.38s
Epoch: 110/150 Iter: 88/96 loss: 0.1197 acc: 0.9278 time 1.48s
Epoch: 110/150 Iter: 89/96 loss: 0.1194 acc: 0.9287 time 0.75s
Epoch: 110/150 Iter: 90/96 loss: 0.1195 acc: 0.9294 time 0.70s
Epoch: 110/150 Iter: 91/96 loss: 0.1185 acc: 0.9302 time 1.36s
Epoch: 110/150 Iter: 92/96 loss: 0.1175 acc: 0.9310 time 0.69s
Epoch: 110/150 Iter: 93/96 loss: 0.1165 acc: 0.9317 time 1.38s
Epoch: 110/150 Iter: 94/96 loss: 0.1156 acc: 0.9324 time 1.37s
Epoch: 110/150 Iter: 95/96 loss: 0.1215 acc: 0.9305 time 1.44s
Epoch: 110/150 Iter: 96/96 loss: 0.1203 acc: 0.9313 time 0.85s
[Train epoch 110] avg_loss=0.1203 avg_acc=0.9313 | per-class [c0: 0.947, c1: 0.967, c2: 0.981]
Final training 110/150, loss: 0.1203, time 104.52s, lr: 0.014771
Accuracy: 0.964
class                  precision    recall   specificity      f1   support
--------------------------------------------------------------------------
0                          0.993     0.947         0.993   0.969       281
1                          0.763     0.967         0.984   0.853        30
2                          0.963     0.981         0.968   0.972       265
*----------------------------------------*
Val 110/150 1/24, Acc: 0.6667, Loss: 17.5042, time 0.41s
Val 110/150 2/24, Acc: 0.6111, Loss: 8.9609, time 0.43s
Val 110/150 3/24, Acc: 0.7407, Loss: 6.0166, time 0.46s
Val 110/150 4/24, Acc: 0.7118, Loss: 4.8442, time 0.43s
Val 110/150 5/24, Acc: 0.7694, Loss: 3.8854, time 0.52s
Val 110/150 6/24, Acc: 0.8079, Loss: 3.2391, time 0.49s
Val 110/150 7/24, Acc: 0.7996, Loss: 2.8513, time 0.43s
Val 110/150 8/24, Acc: 0.7778, Loss: 2.6206, time 0.46s
Val 110/150 9/24, Acc: 0.7914, Loss: 2.3462, time 0.45s
Val 110/150 10/24, Acc: 0.8122, Loss: 2.1122, time 0.54s
Val 110/150 11/24, Acc: 0.8293, Loss: 1.9257, time 0.42s
Val 110/150 12/24, Acc: 0.7949, Loss: 1.7854, time 0.50s
Val 110/150 13/24, Acc: 0.8107, Loss: 1.6493, time 0.50s
Val 110/150 14/24, Acc: 0.8153, Loss: 1.5840, time 0.53s
Val 110/150 15/24, Acc: 0.8220, Loss: 1.4827, time 0.42s
Val 110/150 16/24, Acc: 0.8207, Loss: 1.4110, time 0.44s
Val 110/150 17/24, Acc: 0.8239, Loss: 1.3458, time 0.50s
Val 110/150 18/24, Acc: 0.8336, Loss: 1.2767, time 0.45s
Val 110/150 19/24, Acc: 0.8371, Loss: 1.2340, time 0.45s
Val 110/150 20/24, Acc: 0.8231, Loss: 1.2220, time 0.48s
Val 110/150 21/24, Acc: 0.8315, Loss: 1.1641, time 0.46s
Val 110/150 22/24, Acc: 0.8316, Loss: 1.1396, time 0.55s
Val 110/150 23/24, Acc: 0.8316, Loss: 1.1138, time 0.47s
Val 110/150 24/24, Acc: 0.8248, Loss: 1.1190, time 0.49s
[Val epoch 110] avg_acc=0.8248 | avg_loss=1.1190 | per-class [c0: 0.886, c1: 0.750, c2: 0.848]
Final validation 110/150, Val_acc: 0.8248, time 11.29sAccuracy: 0.861
class                  precision    recall   specificity      f1   support
--------------------------------------------------------------------------
0                          0.886     0.886         0.892   0.886        70
1                          0.600     0.750         0.971   0.667         8
2                          0.875     0.848         0.897   0.862        66
*========================================*
Saving checkpoint outputs/OrganoidsINRIA_reduced/resnet18/2025-11-17-16-11/training/model_final.pt
[EarlyStopping] no improve (6/40)
[EarlyStopping] no improve (31/40)
0 Mon Nov 17 19:36:37 2025 Epoch: 111
Epoch: 111/150 Iter: 1/96 loss: 0.3106 acc: 0.9167 time 1.95s
Epoch: 111/150 Iter: 2/96 loss: 0.1818 acc: 0.9583 time 0.81s
Epoch: 111/150 Iter: 3/96 loss: 0.1559 acc: 0.9722 time 1.49s
Epoch: 111/150 Iter: 4/96 loss: 0.2167 acc: 0.9167 time 1.49s
Epoch: 111/150 Iter: 5/96 loss: 0.1783 acc: 0.9333 time 0.86s
Epoch: 111/150 Iter: 6/96 loss: 0.1822 acc: 0.9028 time 0.91s
Epoch: 111/150 Iter: 7/96 loss: 0.1632 acc: 0.9167 time 0.80s
Epoch: 111/150 Iter: 8/96 loss: 0.1507 acc: 0.9271 time 0.77s
Epoch: 111/150 Iter: 9/96 loss: 0.1356 acc: 0.9352 time 0.88s
Epoch: 111/150 Iter: 10/96 loss: 0.1348 acc: 0.9417 time 0.78s
Epoch: 111/150 Iter: 11/96 loss: 0.1312 acc: 0.9470 time 0.85s
Epoch: 111/150 Iter: 12/96 loss: 0.1352 acc: 0.9097 time 1.44s
Epoch: 111/150 Iter: 13/96 loss: 0.1263 acc: 0.9167 time 0.85s
Epoch: 111/150 Iter: 14/96 loss: 0.1177 acc: 0.9226 time 0.88s
Epoch: 111/150 Iter: 15/96 loss: 0.1118 acc: 0.9278 time 1.47s
Epoch: 111/150 Iter: 16/96 loss: 0.1093 acc: 0.9323 time 0.72s
Epoch: 111/150 Iter: 17/96 loss: 0.1035 acc: 0.9363 time 0.81s
Epoch: 111/150 Iter: 18/96 loss: 0.1038 acc: 0.9336 time 1.45s
Epoch: 111/150 Iter: 19/96 loss: 0.1059 acc: 0.9371 time 1.48s
Epoch: 111/150 Iter: 20/96 loss: 0.1011 acc: 0.9403 time 1.42s
Epoch: 111/150 Iter: 21/96 loss: 0.0974 acc: 0.9431 time 0.87s
Epoch: 111/150 Iter: 22/96 loss: 0.0984 acc: 0.9457 time 0.87s
Epoch: 111/150 Iter: 23/96 loss: 0.1059 acc: 0.9481 time 1.42s
Epoch: 111/150 Iter: 24/96 loss: 0.1138 acc: 0.9329 time 0.77s
Epoch: 111/150 Iter: 25/96 loss: 0.1092 acc: 0.9356 time 0.86s
Epoch: 111/150 Iter: 26/96 loss: 0.1062 acc: 0.9380 time 1.43s
Epoch: 111/150 Iter: 27/96 loss: 0.1071 acc: 0.9403 time 1.40s
Epoch: 111/150 Iter: 28/96 loss: 0.1037 acc: 0.9425 time 1.48s
Epoch: 111/150 Iter: 29/96 loss: 0.1014 acc: 0.9444 time 0.76s
Epoch: 111/150 Iter: 30/96 loss: 0.1000 acc: 0.9463 time 0.90s
Epoch: 111/150 Iter: 31/96 loss: 0.0968 acc: 0.9480 time 1.46s
Epoch: 111/150 Iter: 32/96 loss: 0.0942 acc: 0.9497 time 0.78s
Epoch: 111/150 Iter: 33/96 loss: 0.0921 acc: 0.9512 time 1.43s
Epoch: 111/150 Iter: 34/96 loss: 0.0924 acc: 0.9502 time 1.48s
Epoch: 111/150 Iter: 35/96 loss: 0.0901 acc: 0.9516 time 0.91s
Epoch: 111/150 Iter: 36/96 loss: 0.0877 acc: 0.9529 time 0.93s
Epoch: 111/150 Iter: 37/96 loss: 0.0858 acc: 0.9542 time 0.76s
Epoch: 111/150 Iter: 38/96 loss: 0.0838 acc: 0.9554 time 0.76s
Epoch: 111/150 Iter: 39/96 loss: 0.0817 acc: 0.9566 time 0.86s
Epoch: 111/150 Iter: 40/96 loss: 0.0805 acc: 0.9576 time 0.90s
Epoch: 111/150 Iter: 41/96 loss: 0.0885 acc: 0.9489 time 1.46s
Epoch: 111/150 Iter: 42/96 loss: 0.1005 acc: 0.9406 time 0.93s
Epoch: 111/150 Iter: 43/96 loss: 0.0983 acc: 0.9420 time 1.43s
Epoch: 111/150 Iter: 44/96 loss: 0.0963 acc: 0.9433 time 0.85s
Epoch: 111/150 Iter: 45/96 loss: 0.0943 acc: 0.9446 time 0.87s
Epoch: 111/150 Iter: 46/96 loss: 0.0995 acc: 0.9349 time 0.95s
Epoch: 111/150 Iter: 47/96 loss: 0.0979 acc: 0.9363 time 0.79s
Epoch: 111/150 Iter: 48/96 loss: 0.1001 acc: 0.9355 time 1.44s
Epoch: 111/150 Iter: 49/96 loss: 0.0987 acc: 0.9368 time 0.77s
Epoch: 111/150 Iter: 50/96 loss: 0.0985 acc: 0.9381 time 0.73s
Epoch: 111/150 Iter: 51/96 loss: 0.0985 acc: 0.9393 time 0.87s
Epoch: 111/150 Iter: 52/96 loss: 0.1010 acc: 0.9373 time 1.42s
Epoch: 111/150 Iter: 53/96 loss: 0.1015 acc: 0.9338 time 0.88s
Epoch: 111/150 Iter: 54/96 loss: 0.0997 acc: 0.9350 time 1.47s
Epoch: 111/150 Iter: 55/96 loss: 0.1113 acc: 0.9331 time 0.76s
Epoch: 111/150 Iter: 56/96 loss: 0.1097 acc: 0.9343 time 0.88s
Epoch: 111/150 Iter: 57/96 loss: 0.1086 acc: 0.9355 time 0.75s
Epoch: 111/150 Iter: 58/96 loss: 0.1068 acc: 0.9366 time 1.48s
Epoch: 111/150 Iter: 59/96 loss: 0.1069 acc: 0.9377 time 1.45s
Epoch: 111/150 Iter: 60/96 loss: 0.1052 acc: 0.9387 time 0.87s
Epoch: 111/150 Iter: 61/96 loss: 0.1056 acc: 0.9329 time 0.94s
Epoch: 111/150 Iter: 62/96 loss: 0.1080 acc: 0.9340 time 1.46s
Epoch: 111/150 Iter: 63/96 loss: 0.1066 acc: 0.9350 time 1.44s
Epoch: 111/150 Iter: 64/96 loss: 0.1050 acc: 0.9360 time 0.74s
Epoch: 111/150 Iter: 65/96 loss: 0.1037 acc: 0.9370 time 1.44s
Epoch: 111/150 Iter: 66/96 loss: 0.1024 acc: 0.9380 time 1.41s
Epoch: 111/150 Iter: 67/96 loss: 0.1018 acc: 0.9389 time 1.44s
Epoch: 111/150 Iter: 68/96 loss: 0.1009 acc: 0.9398 time 0.87s
Epoch: 111/150 Iter: 69/96 loss: 0.0995 acc: 0.9407 time 0.73s
Epoch: 111/150 Iter: 70/96 loss: 0.0998 acc: 0.9415 time 0.76s
Epoch: 111/150 Iter: 71/96 loss: 0.0988 acc: 0.9423 time 0.80s
Epoch: 111/150 Iter: 72/96 loss: 0.1069 acc: 0.9354 time 0.76s
Epoch: 111/150 Iter: 73/96 loss: 0.1059 acc: 0.9363 time 1.43s
Epoch: 111/150 Iter: 74/96 loss: 0.1048 acc: 0.9372 time 0.81s
Epoch: 111/150 Iter: 75/96 loss: 0.1038 acc: 0.9380 time 0.90s
Epoch: 111/150 Iter: 76/96 loss: 0.1025 acc: 0.9388 time 0.76s
Epoch: 111/150 Iter: 77/96 loss: 0.1012 acc: 0.9396 time 0.80s
Epoch: 111/150 Iter: 78/96 loss: 0.1005 acc: 0.9404 time 0.78s
Epoch: 111/150 Iter: 79/96 loss: 0.0993 acc: 0.9411 time 0.90s
Epoch: 111/150 Iter: 80/96 loss: 0.0984 acc: 0.9419 time 1.45s
Epoch: 111/150 Iter: 81/96 loss: 0.0997 acc: 0.9405 time 1.45s
Epoch: 111/150 Iter: 82/96 loss: 0.1005 acc: 0.9352 time 0.71s
Epoch: 111/150 Iter: 83/96 loss: 0.1056 acc: 0.9347 time 0.76s
Epoch: 111/150 Iter: 84/96 loss: 0.1044 acc: 0.9355 time 0.80s
Epoch: 111/150 Iter: 85/96 loss: 0.1032 acc: 0.9363 time 0.70s
Epoch: 111/150 Iter: 86/96 loss: 0.1021 acc: 0.9370 time 0.81s
Epoch: 111/150 Iter: 87/96 loss: 0.1011 acc: 0.9377 time 1.38s
Epoch: 111/150 Iter: 88/96 loss: 0.1044 acc: 0.9318 time 0.75s
Epoch: 111/150 Iter: 89/96 loss: 0.1036 acc: 0.9326 time 0.74s
Epoch: 111/150 Iter: 90/96 loss: 0.1025 acc: 0.9333 time 0.70s
Epoch: 111/150 Iter: 91/96 loss: 0.1047 acc: 0.9327 time 1.45s
Epoch: 111/150 Iter: 92/96 loss: 0.1052 acc: 0.9307 time 0.91s
Epoch: 111/150 Iter: 93/96 loss: 0.1041 acc: 0.9315 time 0.79s
Epoch: 111/150 Iter: 94/96 loss: 0.1058 acc: 0.9277 time 0.71s
Epoch: 111/150 Iter: 95/96 loss: 0.1059 acc: 0.9285 time 0.74s
Epoch: 111/150 Iter: 96/96 loss: 0.1049 acc: 0.9293 time 0.74s
[Train epoch 111] avg_loss=0.1049 avg_acc=0.9293 | per-class [c0: 0.950, c1: 0.967, c2: 0.966]
Final training 111/150, loss: 0.1049, time 99.05s, lr: 0.014105
Accuracy: 0.958
class                  precision    recall   specificity      f1   support
--------------------------------------------------------------------------
0                          0.985     0.950         0.986   0.967       281
1                          0.763     0.967         0.984   0.853        30
2                          0.959     0.966         0.965   0.962       265
*----------------------------------------*
0 Mon Nov 17 19:38:17 2025 Epoch: 112
Epoch: 112/150 Iter: 1/96 loss: 0.0105 acc: 1.0000 time 2.57s
Epoch: 112/150 Iter: 2/96 loss: 0.1374 acc: 0.7917 time 1.38s
Epoch: 112/150 Iter: 3/96 loss: 0.0974 acc: 0.8611 time 0.76s
Epoch: 112/150 Iter: 4/96 loss: 0.0862 acc: 0.8958 time 0.86s
Epoch: 112/150 Iter: 5/96 loss: 0.0755 acc: 0.9167 time 1.45s
Epoch: 112/150 Iter: 6/96 loss: 0.0634 acc: 0.9306 time 0.79s
Epoch: 112/150 Iter: 7/96 loss: 0.0550 acc: 0.9405 time 1.46s
Epoch: 112/150 Iter: 8/96 loss: 0.0927 acc: 0.9354 time 0.78s
Epoch: 112/150 Iter: 9/96 loss: 0.0827 acc: 0.9426 time 0.86s
Epoch: 112/150 Iter: 10/96 loss: 0.1273 acc: 0.8900 time 1.42s
Epoch: 112/150 Iter: 11/96 loss: 0.1171 acc: 0.9000 time 0.85s
Epoch: 112/150 Iter: 12/96 loss: 0.1434 acc: 0.8750 time 1.44s
Epoch: 112/150 Iter: 13/96 loss: 0.1542 acc: 0.8761 time 1.43s
Epoch: 112/150 Iter: 14/96 loss: 0.1465 acc: 0.8849 time 0.80s
Epoch: 112/150 Iter: 15/96 loss: 0.1407 acc: 0.8926 time 1.45s
Epoch: 112/150 Iter: 16/96 loss: 0.1423 acc: 0.8681 time 0.75s
Epoch: 112/150 Iter: 17/96 loss: 0.1365 acc: 0.8758 time 0.90s
Epoch: 112/150 Iter: 18/96 loss: 0.1333 acc: 0.8735 time 1.44s
Epoch: 112/150 Iter: 19/96 loss: 0.1265 acc: 0.8801 time 0.91s
Epoch: 112/150 Iter: 20/96 loss: 0.1245 acc: 0.8861 time 1.45s
Epoch: 112/150 Iter: 21/96 loss: 0.1212 acc: 0.8915 time 1.45s
Epoch: 112/150 Iter: 22/96 loss: 0.1456 acc: 0.8908 time 1.43s
Epoch: 112/150 Iter: 23/96 loss: 0.1395 acc: 0.8955 time 0.89s
Epoch: 112/150 Iter: 24/96 loss: 0.1340 acc: 0.8999 time 0.80s
Epoch: 112/150 Iter: 25/96 loss: 0.1292 acc: 0.9039 time 0.96s
Epoch: 112/150 Iter: 26/96 loss: 0.1257 acc: 0.9076 time 0.91s
Epoch: 112/150 Iter: 27/96 loss: 0.1215 acc: 0.9110 time 1.41s
Epoch: 112/150 Iter: 28/96 loss: 0.1193 acc: 0.9142 time 0.92s
Epoch: 112/150 Iter: 29/96 loss: 0.1160 acc: 0.9171 time 0.76s
Epoch: 112/150 Iter: 30/96 loss: 0.1146 acc: 0.9199 time 0.91s
Epoch: 112/150 Iter: 31/96 loss: 0.1270 acc: 0.9160 time 0.92s
Epoch: 112/150 Iter: 32/96 loss: 0.1233 acc: 0.9187 time 0.78s
Epoch: 112/150 Iter: 33/96 loss: 0.1196 acc: 0.9211 time 0.78s
Epoch: 112/150 Iter: 34/96 loss: 0.1170 acc: 0.9234 time 1.45s
Epoch: 112/150 Iter: 35/96 loss: 0.1222 acc: 0.9209 time 0.89s
Epoch: 112/150 Iter: 36/96 loss: 0.1200 acc: 0.9231 time 0.92s
Epoch: 112/150 Iter: 37/96 loss: 0.1174 acc: 0.9252 time 0.80s
Epoch: 112/150 Iter: 38/96 loss: 0.1249 acc: 0.9227 time 1.41s
Epoch: 112/150 Iter: 39/96 loss: 0.1219 acc: 0.9247 time 0.91s
Epoch: 112/150 Iter: 40/96 loss: 0.1195 acc: 0.9266 time 0.84s
Epoch: 112/150 Iter: 41/96 loss: 0.1198 acc: 0.9284 time 0.78s
Epoch: 112/150 Iter: 42/96 loss: 0.1170 acc: 0.9301 time 0.79s
Epoch: 112/150 Iter: 43/96 loss: 0.1197 acc: 0.9220 time 0.92s
Epoch: 112/150 Iter: 44/96 loss: 0.1263 acc: 0.9238 time 0.90s
Epoch: 112/150 Iter: 45/96 loss: 0.1244 acc: 0.9255 time 0.96s
Epoch: 112/150 Iter: 46/96 loss: 0.1230 acc: 0.9271 time 0.89s
Epoch: 112/150 Iter: 47/96 loss: 0.1279 acc: 0.9192 time 0.88s
Epoch: 112/150 Iter: 48/96 loss: 0.1254 acc: 0.9209 time 1.47s
Epoch: 112/150 Iter: 49/96 loss: 0.1304 acc: 0.9200 time 1.47s
Epoch: 112/150 Iter: 50/96 loss: 0.1295 acc: 0.9216 time 1.42s
Epoch: 112/150 Iter: 51/96 loss: 0.1270 acc: 0.9231 time 1.45s
Epoch: 112/150 Iter: 52/96 loss: 0.1262 acc: 0.9246 time 1.43s
Epoch: 112/150 Iter: 53/96 loss: 0.1337 acc: 0.9155 time 0.80s
Epoch: 112/150 Iter: 54/96 loss: 0.1313 acc: 0.9171 time 0.80s
Epoch: 112/150 Iter: 55/96 loss: 0.1307 acc: 0.9186 time 0.79s
Epoch: 112/150 Iter: 56/96 loss: 0.1307 acc: 0.9171 time 0.78s
Epoch: 112/150 Iter: 57/96 loss: 0.1295 acc: 0.9185 time 1.43s
Epoch: 112/150 Iter: 58/96 loss: 0.1273 acc: 0.9199 time 1.46s
Epoch: 112/150 Iter: 59/96 loss: 0.1269 acc: 0.9213 time 0.88s
Epoch: 112/150 Iter: 60/96 loss: 0.1255 acc: 0.9226 time 0.96s
Epoch: 112/150 Iter: 61/96 loss: 0.1237 acc: 0.9239 time 1.44s
Epoch: 112/150 Iter: 62/96 loss: 0.1219 acc: 0.9251 time 1.42s
Epoch: 112/150 Iter: 63/96 loss: 0.1240 acc: 0.9170 time 1.42s
Epoch: 112/150 Iter: 64/96 loss: 0.1225 acc: 0.9183 time 1.45s
Epoch: 112/150 Iter: 65/96 loss: 0.1307 acc: 0.9127 time 0.79s
Epoch: 112/150 Iter: 66/96 loss: 0.1289 acc: 0.9141 time 0.84s
Epoch: 112/150 Iter: 67/96 loss: 0.1281 acc: 0.9153 time 0.84s
Epoch: 112/150 Iter: 68/96 loss: 0.1286 acc: 0.9166 time 0.79s
Epoch: 112/150 Iter: 69/96 loss: 0.1272 acc: 0.9178 time 0.84s
Epoch: 112/150 Iter: 70/96 loss: 0.1259 acc: 0.9190 time 1.47s
Epoch: 112/150 Iter: 71/96 loss: 0.1242 acc: 0.9201 time 0.87s
Epoch: 112/150 Iter: 72/96 loss: 0.1231 acc: 0.9212 time 1.43s
Epoch: 112/150 Iter: 73/96 loss: 0.1218 acc: 0.9223 time 0.81s
Epoch: 112/150 Iter: 74/96 loss: 0.1245 acc: 0.9166 time 0.76s
Epoch: 112/150 Iter: 75/96 loss: 0.1229 acc: 0.9177 time 1.42s
Epoch: 112/150 Iter: 76/96 loss: 0.1215 acc: 0.9188 time 0.72s
Epoch: 112/150 Iter: 77/96 loss: 0.1211 acc: 0.9198 time 0.90s
Epoch: 112/150 Iter: 78/96 loss: 0.1217 acc: 0.9152 time 0.81s
Epoch: 112/150 Iter: 79/96 loss: 0.1234 acc: 0.9148 time 1.46s
Epoch: 112/150 Iter: 80/96 loss: 0.1328 acc: 0.9109 time 0.80s
Epoch: 112/150 Iter: 81/96 loss: 0.1324 acc: 0.9120 time 1.46s
Epoch: 112/150 Iter: 82/96 loss: 0.1309 acc: 0.9131 time 1.41s
Epoch: 112/150 Iter: 83/96 loss: 0.1294 acc: 0.9141 time 0.69s
Epoch: 112/150 Iter: 84/96 loss: 0.1286 acc: 0.9151 time 0.83s
Epoch: 112/150 Iter: 85/96 loss: 0.1332 acc: 0.9147 time 0.70s
Epoch: 112/150 Iter: 86/96 loss: 0.1318 acc: 0.9157 time 1.44s
Epoch: 112/150 Iter: 87/96 loss: 0.1314 acc: 0.9166 time 1.44s
Epoch: 112/150 Iter: 88/96 loss: 0.1316 acc: 0.9176 time 0.84s
Epoch: 112/150 Iter: 89/96 loss: 0.1310 acc: 0.9185 time 1.40s
Epoch: 112/150 Iter: 90/96 loss: 0.1347 acc: 0.9132 time 1.46s
Epoch: 112/150 Iter: 91/96 loss: 0.1343 acc: 0.9130 time 0.74s
Epoch: 112/150 Iter: 92/96 loss: 0.1330 acc: 0.9139 time 1.38s
Epoch: 112/150 Iter: 93/96 loss: 0.1317 acc: 0.9148 time 1.36s
Epoch: 112/150 Iter: 94/96 loss: 0.1333 acc: 0.9144 time 1.38s
Epoch: 112/150 Iter: 95/96 loss: 0.1320 acc: 0.9153 time 0.78s
Epoch: 112/150 Iter: 96/96 loss: 0.1364 acc: 0.9127 time 1.38s
[Train epoch 112] avg_loss=0.1364 avg_acc=0.9127 | per-class [c0: 0.939, c1: 0.933, c2: 0.959]
Final training 112/150, loss: 0.1364, time 105.20s, lr: 0.013450
Accuracy: 0.948
class                  precision    recall   specificity      f1   support
--------------------------------------------------------------------------
0                          0.981     0.939         0.983   0.960       280
1                          0.700     0.933         0.978   0.800        30
2                          0.951     0.959         0.958   0.955       266
*----------------------------------------*
Val 112/150 1/24, Acc: 0.6667, Loss: 18.0926, time 0.42s
Val 112/150 2/24, Acc: 0.6111, Loss: 9.1965, time 0.44s
Val 112/150 3/24, Acc: 0.7407, Loss: 6.1692, time 0.42s
Val 112/150 4/24, Acc: 0.7743, Loss: 4.9875, time 0.41s
Val 112/150 5/24, Acc: 0.8194, Loss: 4.0209, time 0.48s
Val 112/150 6/24, Acc: 0.8495, Loss: 3.3519, time 0.46s
Val 112/150 7/24, Acc: 0.8532, Loss: 2.9185, time 0.43s
Val 112/150 8/24, Acc: 0.8247, Loss: 2.6503, time 0.50s
Val 112/150 9/24, Acc: 0.8330, Loss: 2.3702, time 0.46s
Val 112/150 10/24, Acc: 0.8497, Loss: 2.1337, time 0.50s
Val 112/150 11/24, Acc: 0.8634, Loss: 1.9434, time 0.43s
Val 112/150 12/24, Acc: 0.8262, Loss: 1.8267, time 0.46s
Val 112/150 13/24, Acc: 0.8395, Loss: 1.6886, time 0.47s
Val 112/150 14/24, Acc: 0.8421, Loss: 1.6221, time 0.44s
Val 112/150 15/24, Acc: 0.8470, Loss: 1.5212, time 0.40s
Val 112/150 16/24, Acc: 0.8441, Loss: 1.4521, time 0.42s
Val 112/150 17/24, Acc: 0.8459, Loss: 1.3966, time 0.48s
Val 112/150 18/24, Acc: 0.8545, Loss: 1.3211, time 0.44s
Val 112/150 19/24, Acc: 0.8569, Loss: 1.2758, time 0.44s
Val 112/150 20/24, Acc: 0.8418, Loss: 1.2488, time 0.48s
Val 112/150 21/24, Acc: 0.8493, Loss: 1.1900, time 0.51s
Val 112/150 22/24, Acc: 0.8486, Loss: 1.1549, time 0.54s
Val 112/150 23/24, Acc: 0.8479, Loss: 1.1262, time 0.39s
Val 112/150 24/24, Acc: 0.8404, Loss: 1.1192, time 0.41s
[Val epoch 112] avg_acc=0.8404 | avg_loss=1.1192 | per-class [c0: 0.900, c1: 0.750, c2: 0.864]
Final validation 112/150, Val_acc: 0.8404, time 10.83sAccuracy: 0.875
class                  precision    recall   specificity      f1   support
--------------------------------------------------------------------------
0                          0.887     0.900         0.892   0.894        70
1                          0.667     0.750         0.978   0.706         8
2                          0.891     0.864         0.910   0.877        66
*========================================*
Saving checkpoint outputs/OrganoidsINRIA_reduced/resnet18/2025-11-17-16-11/training/model_final.pt
[EarlyStopping] no improve (7/40)
[EarlyStopping] no improve (32/40)
0 Mon Nov 17 19:40:17 2025 Epoch: 113
Epoch: 113/150 Iter: 1/96 loss: 0.0047 acc: 1.0000 time 2.31s
Epoch: 113/150 Iter: 2/96 loss: 0.0053 acc: 1.0000 time 0.78s
Epoch: 113/150 Iter: 3/96 loss: 0.0383 acc: 1.0000 time 1.43s
Epoch: 113/150 Iter: 4/96 loss: 0.0832 acc: 1.0000 time 0.80s
Epoch: 113/150 Iter: 5/96 loss: 0.0776 acc: 1.0000 time 0.79s
Epoch: 113/150 Iter: 6/96 loss: 0.0847 acc: 0.9861 time 0.88s
Epoch: 113/150 Iter: 7/96 loss: 0.0997 acc: 0.9643 time 1.44s
Epoch: 113/150 Iter: 8/96 loss: 0.0952 acc: 0.9688 time 1.46s
Epoch: 113/150 Iter: 9/96 loss: 0.1414 acc: 0.9056 time 1.44s
Epoch: 113/150 Iter: 10/96 loss: 0.1309 acc: 0.9150 time 1.44s
Epoch: 113/150 Iter: 11/96 loss: 0.1221 acc: 0.9227 time 0.78s
Epoch: 113/150 Iter: 12/96 loss: 0.1227 acc: 0.9292 time 1.45s
Epoch: 113/150 Iter: 13/96 loss: 0.1568 acc: 0.8962 time 0.74s
Epoch: 113/150 Iter: 14/96 loss: 0.2194 acc: 0.8560 time 1.45s
Epoch: 113/150 Iter: 15/96 loss: 0.2055 acc: 0.8656 time 0.75s
Epoch: 113/150 Iter: 16/96 loss: 0.1947 acc: 0.8740 time 0.75s
Epoch: 113/150 Iter: 17/96 loss: 0.1886 acc: 0.8814 time 0.90s
Epoch: 113/150 Iter: 18/96 loss: 0.1866 acc: 0.8787 time 0.89s
Epoch: 113/150 Iter: 19/96 loss: 0.1784 acc: 0.8851 time 0.77s
Epoch: 113/150 Iter: 20/96 loss: 0.1765 acc: 0.8908 time 1.47s
Epoch: 113/150 Iter: 21/96 loss: 0.1682 acc: 0.8960 time 1.43s
Epoch: 113/150 Iter: 22/96 loss: 0.1629 acc: 0.9008 time 1.50s
Epoch: 113/150 Iter: 23/96 loss: 0.1590 acc: 0.9051 time 1.46s
Epoch: 113/150 Iter: 24/96 loss: 0.1529 acc: 0.9090 time 0.91s
Epoch: 113/150 Iter: 25/96 loss: 0.1522 acc: 0.9127 time 0.83s
Epoch: 113/150 Iter: 26/96 loss: 0.1504 acc: 0.9160 time 0.81s
Epoch: 113/150 Iter: 27/96 loss: 0.1489 acc: 0.9191 time 1.43s
Epoch: 113/150 Iter: 28/96 loss: 0.1673 acc: 0.9101 time 0.85s
Epoch: 113/150 Iter: 29/96 loss: 0.1777 acc: 0.8994 time 0.85s
Epoch: 113/150 Iter: 30/96 loss: 0.1723 acc: 0.9028 time 1.43s
Epoch: 113/150 Iter: 31/96 loss: 0.1675 acc: 0.9059 time 1.44s
Epoch: 113/150 Iter: 32/96 loss: 0.1660 acc: 0.9089 time 1.39s
Epoch: 113/150 Iter: 33/96 loss: 0.1708 acc: 0.9066 time 0.76s
Epoch: 113/150 Iter: 34/96 loss: 0.1683 acc: 0.9093 time 0.79s
Epoch: 113/150 Iter: 35/96 loss: 0.1674 acc: 0.9119 time 1.44s
Epoch: 113/150 Iter: 36/96 loss: 0.1666 acc: 0.9144 time 0.76s
Epoch: 113/150 Iter: 37/96 loss: 0.1636 acc: 0.9167 time 1.43s
Epoch: 113/150 Iter: 38/96 loss: 0.1594 acc: 0.9189 time 1.45s
Epoch: 113/150 Iter: 39/96 loss: 0.1556 acc: 0.9209 time 0.78s
Epoch: 113/150 Iter: 40/96 loss: 0.1572 acc: 0.9167 time 0.87s
Epoch: 113/150 Iter: 41/96 loss: 0.1562 acc: 0.9187 time 0.80s
Epoch: 113/150 Iter: 42/96 loss: 0.1532 acc: 0.9206 time 0.78s
Epoch: 113/150 Iter: 43/96 loss: 0.1504 acc: 0.9225 time 0.93s
Epoch: 113/150 Iter: 44/96 loss: 0.1576 acc: 0.9091 time 0.78s
Epoch: 113/150 Iter: 45/96 loss: 0.1546 acc: 0.9111 time 0.76s
Epoch: 113/150 Iter: 46/96 loss: 0.1520 acc: 0.9130 time 1.41s
Epoch: 113/150 Iter: 47/96 loss: 0.1489 acc: 0.9149 time 0.78s
Epoch: 113/150 Iter: 48/96 loss: 0.1487 acc: 0.9120 time 1.45s
Epoch: 113/150 Iter: 49/96 loss: 0.1493 acc: 0.9121 time 0.88s
Epoch: 113/150 Iter: 50/96 loss: 0.1479 acc: 0.9139 time 1.41s
Epoch: 113/150 Iter: 51/96 loss: 0.1495 acc: 0.9123 time 1.40s
Epoch: 113/150 Iter: 52/96 loss: 0.1515 acc: 0.9063 time 0.85s
Epoch: 113/150 Iter: 53/96 loss: 0.1490 acc: 0.9081 time 0.94s
Epoch: 113/150 Iter: 54/96 loss: 0.1466 acc: 0.9098 time 0.79s
Epoch: 113/150 Iter: 55/96 loss: 0.1448 acc: 0.9114 time 1.49s
Epoch: 113/150 Iter: 56/96 loss: 0.1424 acc: 0.9130 time 1.40s
Epoch: 113/150 Iter: 57/96 loss: 0.1408 acc: 0.9145 time 0.82s
Epoch: 113/150 Iter: 58/96 loss: 0.1433 acc: 0.9064 time 1.42s
Epoch: 113/150 Iter: 59/96 loss: 0.1412 acc: 0.9080 time 0.81s
Epoch: 113/150 Iter: 60/96 loss: 0.1395 acc: 0.9095 time 0.74s
Epoch: 113/150 Iter: 61/96 loss: 0.1418 acc: 0.9092 time 1.44s
Epoch: 113/150 Iter: 62/96 loss: 0.1482 acc: 0.9053 time 0.73s
Epoch: 113/150 Iter: 63/96 loss: 0.1467 acc: 0.9068 time 1.46s
Epoch: 113/150 Iter: 64/96 loss: 0.1450 acc: 0.9082 time 0.77s
Epoch: 113/150 Iter: 65/96 loss: 0.1434 acc: 0.9097 time 1.40s
Epoch: 113/150 Iter: 66/96 loss: 0.1507 acc: 0.9022 time 0.78s
Epoch: 113/150 Iter: 67/96 loss: 0.1487 acc: 0.9036 time 0.76s
Epoch: 113/150 Iter: 68/96 loss: 0.1469 acc: 0.9051 time 0.89s
Epoch: 113/150 Iter: 69/96 loss: 0.1452 acc: 0.9064 time 1.46s
Epoch: 113/150 Iter: 70/96 loss: 0.1436 acc: 0.9078 time 1.42s
Epoch: 113/150 Iter: 71/96 loss: 0.1422 acc: 0.9091 time 0.96s
Epoch: 113/150 Iter: 72/96 loss: 0.1427 acc: 0.9086 time 0.79s
Epoch: 113/150 Iter: 73/96 loss: 0.1409 acc: 0.9099 time 0.78s
Epoch: 113/150 Iter: 74/96 loss: 0.1391 acc: 0.9111 time 1.41s
Epoch: 113/150 Iter: 75/96 loss: 0.1374 acc: 0.9123 time 1.47s
Epoch: 113/150 Iter: 76/96 loss: 0.1386 acc: 0.9118 time 0.91s
Epoch: 113/150 Iter: 77/96 loss: 0.1370 acc: 0.9129 time 1.46s
Epoch: 113/150 Iter: 78/96 loss: 0.1355 acc: 0.9140 time 0.79s
Epoch: 113/150 Iter: 79/96 loss: 0.1372 acc: 0.9135 time 0.81s
Epoch: 113/150 Iter: 80/96 loss: 0.1371 acc: 0.9115 time 1.42s
Epoch: 113/150 Iter: 81/96 loss: 0.1361 acc: 0.9126 time 1.37s
Epoch: 113/150 Iter: 82/96 loss: 0.1389 acc: 0.9124 time 0.74s
Epoch: 113/150 Iter: 83/96 loss: 0.1372 acc: 0.9135 time 0.70s
Epoch: 113/150 Iter: 84/96 loss: 0.1361 acc: 0.9145 time 0.73s
Epoch: 113/150 Iter: 85/96 loss: 0.1352 acc: 0.9155 time 0.74s
Epoch: 113/150 Iter: 86/96 loss: 0.1338 acc: 0.9165 time 0.78s
Epoch: 113/150 Iter: 87/96 loss: 0.1324 acc: 0.9175 time 1.38s
Epoch: 113/150 Iter: 88/96 loss: 0.1315 acc: 0.9184 time 1.37s
Epoch: 113/150 Iter: 89/96 loss: 0.1311 acc: 0.9193 time 1.35s
Epoch: 113/150 Iter: 90/96 loss: 0.1300 acc: 0.9202 time 1.45s
Epoch: 113/150 Iter: 91/96 loss: 0.1286 acc: 0.9211 time 0.74s
Epoch: 113/150 Iter: 92/96 loss: 0.1297 acc: 0.9201 time 0.75s
Epoch: 113/150 Iter: 93/96 loss: 0.1300 acc: 0.9162 time 0.76s
Epoch: 113/150 Iter: 94/96 loss: 0.1287 acc: 0.9171 time 0.77s
Epoch: 113/150 Iter: 95/96 loss: 0.1274 acc: 0.9180 time 0.74s
Epoch: 113/150 Iter: 96/96 loss: 0.1262 acc: 0.9188 time 0.75s
[Train epoch 113] avg_loss=0.1262 avg_acc=0.9188 | per-class [c0: 0.940, c1: 0.933, c2: 0.951]
Final training 113/150, loss: 0.1262, time 103.05s, lr: 0.012808
Accuracy: 0.944
class                  precision    recall   specificity      f1   support
--------------------------------------------------------------------------
0                          0.967     0.940         0.969   0.953       281
1                          0.757     0.933         0.984   0.836        30
2                          0.947     0.951         0.955   0.949       265
*----------------------------------------*
0 Mon Nov 17 19:42:00 2025 Epoch: 114
Epoch: 114/150 Iter: 1/96 loss: 0.0951 acc: 1.0000 time 2.42s
Epoch: 114/150 Iter: 2/96 loss: 0.0567 acc: 1.0000 time 0.75s
Epoch: 114/150 Iter: 3/96 loss: 0.2120 acc: 0.9333 time 1.39s
Epoch: 114/150 Iter: 4/96 loss: 0.2105 acc: 0.9188 time 1.47s
Epoch: 114/150 Iter: 5/96 loss: 0.2027 acc: 0.9150 time 0.77s
Epoch: 114/150 Iter: 6/96 loss: 0.1767 acc: 0.9292 time 1.44s
Epoch: 114/150 Iter: 7/96 loss: 0.1726 acc: 0.9393 time 1.47s
Epoch: 114/150 Iter: 8/96 loss: 0.1824 acc: 0.9260 time 1.39s
Epoch: 114/150 Iter: 9/96 loss: 0.2272 acc: 0.9204 time 1.48s
Epoch: 114/150 Iter: 10/96 loss: 0.2119 acc: 0.9283 time 1.47s
Epoch: 114/150 Iter: 11/96 loss: 0.2203 acc: 0.9273 time 0.79s
Epoch: 114/150 Iter: 12/96 loss: 0.2307 acc: 0.9333 time 0.89s
Epoch: 114/150 Iter: 13/96 loss: 0.2220 acc: 0.9385 time 1.45s
Epoch: 114/150 Iter: 14/96 loss: 0.2077 acc: 0.9429 time 0.81s
Epoch: 114/150 Iter: 15/96 loss: 0.1942 acc: 0.9467 time 0.78s
Epoch: 114/150 Iter: 16/96 loss: 0.1859 acc: 0.9500 time 0.79s
Epoch: 114/150 Iter: 17/96 loss: 0.2261 acc: 0.9431 time 0.79s
Epoch: 114/150 Iter: 18/96 loss: 0.2149 acc: 0.9463 time 1.42s
Epoch: 114/150 Iter: 19/96 loss: 0.2074 acc: 0.9491 time 0.81s
Epoch: 114/150 Iter: 20/96 loss: 0.1993 acc: 0.9517 time 1.43s
Epoch: 114/150 Iter: 21/96 loss: 0.1902 acc: 0.9540 time 1.44s
Epoch: 114/150 Iter: 22/96 loss: 0.1857 acc: 0.9561 time 0.79s
Epoch: 114/150 Iter: 23/96 loss: 0.1778 acc: 0.9580 time 0.76s
Epoch: 114/150 Iter: 24/96 loss: 0.1708 acc: 0.9597 time 1.43s
Epoch: 114/150 Iter: 25/96 loss: 0.1657 acc: 0.9613 time 0.71s
Epoch: 114/150 Iter: 26/96 loss: 0.1628 acc: 0.9628 time 1.45s
Epoch: 114/150 Iter: 27/96 loss: 0.1584 acc: 0.9642 time 1.47s
Epoch: 114/150 Iter: 28/96 loss: 0.1547 acc: 0.9655 time 0.87s
Epoch: 114/150 Iter: 29/96 loss: 0.1506 acc: 0.9667 time 0.78s
Epoch: 114/150 Iter: 30/96 loss: 0.1459 acc: 0.9678 time 1.44s
Epoch: 114/150 Iter: 31/96 loss: 0.1683 acc: 0.9554 time 0.82s
Epoch: 114/150 Iter: 32/96 loss: 0.1660 acc: 0.9568 time 1.47s
Epoch: 114/150 Iter: 33/96 loss: 0.1615 acc: 0.9581 time 0.85s
Epoch: 114/150 Iter: 34/96 loss: 0.1631 acc: 0.9446 time 0.78s
Epoch: 114/150 Iter: 35/96 loss: 0.1588 acc: 0.9462 time 0.80s
Epoch: 114/150 Iter: 36/96 loss: 0.1706 acc: 0.9353 time 1.41s
Epoch: 114/150 Iter: 37/96 loss: 0.1661 acc: 0.9371 time 1.40s
Epoch: 114/150 Iter: 38/96 loss: 0.1628 acc: 0.9387 time 0.80s
Epoch: 114/150 Iter: 39/96 loss: 0.1664 acc: 0.9360 time 0.88s
Epoch: 114/150 Iter: 40/96 loss: 0.1632 acc: 0.9376 time 0.71s
Epoch: 114/150 Iter: 41/96 loss: 0.1654 acc: 0.9351 time 0.93s
Epoch: 114/150 Iter: 42/96 loss: 0.1616 acc: 0.9366 time 0.93s
Epoch: 114/150 Iter: 43/96 loss: 0.1596 acc: 0.9381 time 1.43s
Epoch: 114/150 Iter: 44/96 loss: 0.1616 acc: 0.9345 time 0.88s
Epoch: 114/150 Iter: 45/96 loss: 0.1581 acc: 0.9359 time 1.41s
Epoch: 114/150 Iter: 46/96 loss: 0.1578 acc: 0.9373 time 0.92s
Epoch: 114/150 Iter: 47/96 loss: 0.1545 acc: 0.9387 time 0.90s
Epoch: 114/150 Iter: 48/96 loss: 0.1519 acc: 0.9399 time 1.47s
Epoch: 114/150 Iter: 49/96 loss: 0.1499 acc: 0.9412 time 0.78s
Epoch: 114/150 Iter: 50/96 loss: 0.1529 acc: 0.9403 time 0.78s
Epoch: 114/150 Iter: 51/96 loss: 0.1531 acc: 0.9366 time 0.78s
Epoch: 114/150 Iter: 52/96 loss: 0.1512 acc: 0.9378 time 0.79s
Epoch: 114/150 Iter: 53/96 loss: 0.1498 acc: 0.9390 time 1.42s
Epoch: 114/150 Iter: 54/96 loss: 0.1472 acc: 0.9401 time 0.85s
Epoch: 114/150 Iter: 55/96 loss: 0.1505 acc: 0.9389 time 0.91s
Epoch: 114/150 Iter: 56/96 loss: 0.1510 acc: 0.9311 time 0.85s
Epoch: 114/150 Iter: 57/96 loss: 0.1484 acc: 0.9323 time 1.40s
Epoch: 114/150 Iter: 58/96 loss: 0.1466 acc: 0.9335 time 0.81s
Epoch: 114/150 Iter: 59/96 loss: 0.1442 acc: 0.9346 time 1.44s
Epoch: 114/150 Iter: 60/96 loss: 0.1431 acc: 0.9357 time 0.96s
Epoch: 114/150 Iter: 61/96 loss: 0.1462 acc: 0.9367 time 0.78s
Epoch: 114/150 Iter: 62/96 loss: 0.1463 acc: 0.9358 time 0.89s
Epoch: 114/150 Iter: 63/96 loss: 0.1465 acc: 0.9368 time 0.76s
Epoch: 114/150 Iter: 64/96 loss: 0.1443 acc: 0.9378 time 1.44s
Epoch: 114/150 Iter: 65/96 loss: 0.1471 acc: 0.9310 time 0.75s
Epoch: 114/150 Iter: 66/96 loss: 0.1451 acc: 0.9321 time 1.44s
Epoch: 114/150 Iter: 67/96 loss: 0.1430 acc: 0.9331 time 0.78s
Epoch: 114/150 Iter: 68/96 loss: 0.1412 acc: 0.9341 time 0.71s
Epoch: 114/150 Iter: 69/96 loss: 0.1405 acc: 0.9350 time 1.48s
Epoch: 114/150 Iter: 70/96 loss: 0.1387 acc: 0.9360 time 0.92s
Epoch: 114/150 Iter: 71/96 loss: 0.1376 acc: 0.9369 time 1.45s
Epoch: 114/150 Iter: 72/96 loss: 0.1361 acc: 0.9377 time 0.76s
Epoch: 114/150 Iter: 73/96 loss: 0.1345 acc: 0.9386 time 0.89s
Epoch: 114/150 Iter: 74/96 loss: 0.1331 acc: 0.9394 time 0.79s
Epoch: 114/150 Iter: 75/96 loss: 0.1320 acc: 0.9402 time 0.75s
Epoch: 114/150 Iter: 76/96 loss: 0.1316 acc: 0.9410 time 0.86s
Epoch: 114/150 Iter: 77/96 loss: 0.1397 acc: 0.9346 time 1.45s
Epoch: 114/150 Iter: 78/96 loss: 0.1381 acc: 0.9354 time 1.46s
Epoch: 114/150 Iter: 79/96 loss: 0.1373 acc: 0.9352 time 0.81s
Epoch: 114/150 Iter: 80/96 loss: 0.1365 acc: 0.9360 time 0.79s
Epoch: 114/150 Iter: 81/96 loss: 0.1352 acc: 0.9368 time 1.42s
Epoch: 114/150 Iter: 82/96 loss: 0.1383 acc: 0.9375 time 1.44s
Epoch: 114/150 Iter: 83/96 loss: 0.1394 acc: 0.9363 time 1.45s
Epoch: 114/150 Iter: 84/96 loss: 0.1404 acc: 0.9370 time 0.71s
Epoch: 114/150 Iter: 85/96 loss: 0.1406 acc: 0.9366 time 0.80s
Epoch: 114/150 Iter: 86/96 loss: 0.1391 acc: 0.9373 time 1.35s
Epoch: 114/150 Iter: 87/96 loss: 0.1376 acc: 0.9381 time 0.71s
Epoch: 114/150 Iter: 88/96 loss: 0.1371 acc: 0.9388 time 0.74s
Epoch: 114/150 Iter: 89/96 loss: 0.1365 acc: 0.9395 time 1.46s
Epoch: 114/150 Iter: 90/96 loss: 0.1350 acc: 0.9401 time 0.70s
Epoch: 114/150 Iter: 91/96 loss: 0.1363 acc: 0.9389 time 0.69s
Epoch: 114/150 Iter: 92/96 loss: 0.1355 acc: 0.9396 time 0.72s
Epoch: 114/150 Iter: 93/96 loss: 0.1396 acc: 0.9376 time 0.79s
Epoch: 114/150 Iter: 94/96 loss: 0.1428 acc: 0.9340 time 1.41s
Epoch: 114/150 Iter: 95/96 loss: 0.1414 acc: 0.9347 time 0.77s
Epoch: 114/150 Iter: 96/96 loss: 0.1407 acc: 0.9354 time 1.37s
[Train epoch 114] avg_loss=0.1407 avg_acc=0.9354 | per-class [c0: 0.936, c1: 1.000, c2: 0.959]
Final training 114/150, loss: 0.1407, time 102.22s, lr: 0.012179
Accuracy: 0.950
class                  precision    recall   specificity      f1   support
--------------------------------------------------------------------------
0                          0.970     0.936         0.973   0.953       280
1                          0.789     1.000         0.985   0.882        30
2                          0.951     0.959         0.958   0.955       266
*----------------------------------------*
Val 114/150 1/24, Acc: 0.6667, Loss: 20.1859, time 0.43s
Val 114/150 2/24, Acc: 0.6111, Loss: 10.2863, time 0.44s
Val 114/150 3/24, Acc: 0.7407, Loss: 6.9171, time 0.44s
Val 114/150 4/24, Acc: 0.7743, Loss: 5.6765, time 0.49s
Val 114/150 5/24, Acc: 0.8194, Loss: 4.5564, time 0.55s
Val 114/150 6/24, Acc: 0.8495, Loss: 3.7994, time 0.56s
Val 114/150 7/24, Acc: 0.8353, Loss: 3.3778, time 0.50s
Val 114/150 8/24, Acc: 0.8090, Loss: 3.0566, time 0.43s
Val 114/150 9/24, Acc: 0.8191, Loss: 2.7344, time 0.54s
Val 114/150 10/24, Acc: 0.8372, Loss: 2.4614, time 0.59s
Val 114/150 11/24, Acc: 0.8520, Loss: 2.2490, time 0.42s
Val 114/150 12/24, Acc: 0.8157, Loss: 2.1010, time 0.48s
Val 114/150 13/24, Acc: 0.8299, Loss: 1.9414, time 0.49s
Val 114/150 14/24, Acc: 0.8331, Loss: 1.8465, time 0.47s
Val 114/150 15/24, Acc: 0.8387, Loss: 1.7286, time 0.41s
Val 114/150 16/24, Acc: 0.8425, Loss: 1.6376, time 0.45s
Val 114/150 17/24, Acc: 0.8444, Loss: 1.5541, time 0.55s
Val 114/150 18/24, Acc: 0.8531, Loss: 1.4697, time 0.46s
Val 114/150 19/24, Acc: 0.8556, Loss: 1.4138, time 0.52s
Val 114/150 20/24, Acc: 0.8406, Loss: 1.3994, time 0.56s
Val 114/150 21/24, Acc: 0.8481, Loss: 1.3332, time 0.51s
Val 114/150 22/24, Acc: 0.8475, Loss: 1.3003, time 0.56s
Val 114/150 23/24, Acc: 0.8469, Loss: 1.2682, time 0.41s
Val 114/150 24/24, Acc: 0.8394, Loss: 1.2961, time 0.42s
[Val epoch 114] avg_acc=0.8394 | avg_loss=1.2961 | per-class [c0: 0.914, c1: 0.750, c2: 0.848]
Final validation 114/150, Val_acc: 0.8394, time 11.67sAccuracy: 0.875
class                  precision    recall   specificity      f1   support
--------------------------------------------------------------------------
0                          0.877     0.914         0.878   0.895        70
1                          0.667     0.750         0.978   0.706         8
2                          0.903     0.848         0.923   0.875        66
*========================================*
Saving checkpoint outputs/OrganoidsINRIA_reduced/resnet18/2025-11-17-16-11/training/model_final.pt
[EarlyStopping] no improve (8/40)
[EarlyStopping] no improve (33/40)
0 Mon Nov 17 19:43:59 2025 Epoch: 115
Epoch: 115/150 Iter: 1/96 loss: 0.0218 acc: 1.0000 time 1.81s
Epoch: 115/150 Iter: 2/96 loss: 0.1825 acc: 0.7917 time 0.77s
Epoch: 115/150 Iter: 3/96 loss: 0.1326 acc: 0.8611 time 1.48s
Epoch: 115/150 Iter: 4/96 loss: 0.1019 acc: 0.8958 time 0.81s
Epoch: 115/150 Iter: 5/96 loss: 0.1014 acc: 0.9167 time 1.43s
Epoch: 115/150 Iter: 6/96 loss: 0.0998 acc: 0.9306 time 0.78s
Epoch: 115/150 Iter: 7/96 loss: 0.0863 acc: 0.9405 time 0.74s
Epoch: 115/150 Iter: 8/96 loss: 0.0760 acc: 0.9479 time 0.80s
Epoch: 115/150 Iter: 9/96 loss: 0.1213 acc: 0.9074 time 0.89s
Epoch: 115/150 Iter: 10/96 loss: 0.1129 acc: 0.9167 time 0.74s
Epoch: 115/150 Iter: 11/96 loss: 0.1263 acc: 0.9129 time 1.45s
Epoch: 115/150 Iter: 12/96 loss: 0.1189 acc: 0.9201 time 0.77s
Epoch: 115/150 Iter: 13/96 loss: 0.1144 acc: 0.9263 time 0.90s
Epoch: 115/150 Iter: 14/96 loss: 0.1445 acc: 0.9196 time 0.94s
Epoch: 115/150 Iter: 15/96 loss: 0.1351 acc: 0.9250 time 1.43s
Epoch: 115/150 Iter: 16/96 loss: 0.1349 acc: 0.9297 time 1.41s
Epoch: 115/150 Iter: 17/96 loss: 0.1435 acc: 0.9289 time 0.91s
Epoch: 115/150 Iter: 18/96 loss: 0.1376 acc: 0.9329 time 1.41s
Epoch: 115/150 Iter: 19/96 loss: 0.1331 acc: 0.9364 time 0.82s
Epoch: 115/150 Iter: 20/96 loss: 0.1411 acc: 0.9340 time 0.90s
Epoch: 115/150 Iter: 21/96 loss: 0.1346 acc: 0.9372 time 0.88s
Epoch: 115/150 Iter: 22/96 loss: 0.1568 acc: 0.9324 time 1.46s
Epoch: 115/150 Iter: 23/96 loss: 0.1523 acc: 0.9354 time 0.77s
Epoch: 115/150 Iter: 24/96 loss: 0.1474 acc: 0.9381 time 1.41s
Epoch: 115/150 Iter: 25/96 loss: 0.1418 acc: 0.9406 time 1.44s
Epoch: 115/150 Iter: 26/96 loss: 0.1380 acc: 0.9428 time 1.44s
Epoch: 115/150 Iter: 27/96 loss: 0.1391 acc: 0.9450 time 0.85s
Epoch: 115/150 Iter: 28/96 loss: 0.1348 acc: 0.9469 time 0.77s
Epoch: 115/150 Iter: 29/96 loss: 0.1305 acc: 0.9488 time 0.77s
Epoch: 115/150 Iter: 30/96 loss: 0.1401 acc: 0.9356 time 1.43s
Epoch: 115/150 Iter: 31/96 loss: 0.1419 acc: 0.9350 time 0.79s
Epoch: 115/150 Iter: 32/96 loss: 0.1401 acc: 0.9371 time 0.78s
Epoch: 115/150 Iter: 33/96 loss: 0.1417 acc: 0.9263 time 0.96s
Epoch: 115/150 Iter: 34/96 loss: 0.1377 acc: 0.9285 time 1.46s
Epoch: 115/150 Iter: 35/96 loss: 0.1340 acc: 0.9306 time 0.73s
Epoch: 115/150 Iter: 36/96 loss: 0.1324 acc: 0.9325 time 0.89s
Epoch: 115/150 Iter: 37/96 loss: 0.1293 acc: 0.9343 time 0.74s
Epoch: 115/150 Iter: 38/96 loss: 0.1329 acc: 0.9327 time 1.47s
Epoch: 115/150 Iter: 39/96 loss: 0.1326 acc: 0.9302 time 0.71s
Epoch: 115/150 Iter: 40/96 loss: 0.1519 acc: 0.9288 time 1.42s
Epoch: 115/150 Iter: 41/96 loss: 0.1490 acc: 0.9306 time 0.91s
Epoch: 115/150 Iter: 42/96 loss: 0.1455 acc: 0.9322 time 1.46s
Epoch: 115/150 Iter: 43/96 loss: 0.1430 acc: 0.9338 time 0.79s
Epoch: 115/150 Iter: 44/96 loss: 0.1435 acc: 0.9353 time 0.80s
Epoch: 115/150 Iter: 45/96 loss: 0.1677 acc: 0.9293 time 0.81s
Epoch: 115/150 Iter: 46/96 loss: 0.1650 acc: 0.9309 time 0.80s
Epoch: 115/150 Iter: 47/96 loss: 0.1616 acc: 0.9323 time 0.91s
Epoch: 115/150 Iter: 48/96 loss: 0.1647 acc: 0.9233 time 1.40s
Epoch: 115/150 Iter: 49/96 loss: 0.1671 acc: 0.9232 time 0.79s
Epoch: 115/150 Iter: 50/96 loss: 0.1641 acc: 0.9247 time 0.74s
Epoch: 115/150 Iter: 51/96 loss: 0.1616 acc: 0.9262 time 1.44s
Epoch: 115/150 Iter: 52/96 loss: 0.1585 acc: 0.9276 time 0.96s
Epoch: 115/150 Iter: 53/96 loss: 0.1588 acc: 0.9258 time 1.46s
Epoch: 115/150 Iter: 54/96 loss: 0.1602 acc: 0.9180 time 0.78s
Epoch: 115/150 Iter: 55/96 loss: 0.1601 acc: 0.9194 time 0.81s
Epoch: 115/150 Iter: 56/96 loss: 0.1576 acc: 0.9209 time 0.93s
Epoch: 115/150 Iter: 57/96 loss: 0.1558 acc: 0.9223 time 1.44s
Epoch: 115/150 Iter: 58/96 loss: 0.1541 acc: 0.9236 time 0.88s
Epoch: 115/150 Iter: 59/96 loss: 0.1545 acc: 0.9249 time 1.47s
Epoch: 115/150 Iter: 60/96 loss: 0.1521 acc: 0.9262 time 0.76s
Epoch: 115/150 Iter: 61/96 loss: 0.1640 acc: 0.9246 time 0.80s
Epoch: 115/150 Iter: 62/96 loss: 0.1618 acc: 0.9259 time 1.42s
Epoch: 115/150 Iter: 63/96 loss: 0.1633 acc: 0.9235 time 0.78s
Epoch: 115/150 Iter: 64/96 loss: 0.1631 acc: 0.9230 time 0.93s
Epoch: 115/150 Iter: 65/96 loss: 0.1638 acc: 0.9241 time 0.72s
Epoch: 115/150 Iter: 66/96 loss: 0.1614 acc: 0.9253 time 1.47s
Epoch: 115/150 Iter: 67/96 loss: 0.1610 acc: 0.9264 time 0.76s
Epoch: 115/150 Iter: 68/96 loss: 0.1592 acc: 0.9275 time 0.82s
Epoch: 115/150 Iter: 69/96 loss: 0.1575 acc: 0.9285 time 0.95s
Epoch: 115/150 Iter: 70/96 loss: 0.1555 acc: 0.9296 time 0.92s
Epoch: 115/150 Iter: 71/96 loss: 0.1546 acc: 0.9306 time 0.90s
Epoch: 115/150 Iter: 72/96 loss: 0.1531 acc: 0.9315 time 0.90s
Epoch: 115/150 Iter: 73/96 loss: 0.1512 acc: 0.9325 time 1.42s
Epoch: 115/150 Iter: 74/96 loss: 0.1534 acc: 0.9300 time 0.91s
Epoch: 115/150 Iter: 75/96 loss: 0.1523 acc: 0.9309 time 0.81s
Epoch: 115/150 Iter: 76/96 loss: 0.1504 acc: 0.9318 time 1.44s
Epoch: 115/150 Iter: 77/96 loss: 0.1486 acc: 0.9327 time 0.87s
Epoch: 115/150 Iter: 78/96 loss: 0.1533 acc: 0.9279 time 0.79s
Epoch: 115/150 Iter: 79/96 loss: 0.1530 acc: 0.9288 time 0.86s
Epoch: 115/150 Iter: 80/96 loss: 0.1511 acc: 0.9297 time 0.77s
Epoch: 115/150 Iter: 81/96 loss: 0.1494 acc: 0.9306 time 0.69s
Epoch: 115/150 Iter: 82/96 loss: 0.1493 acc: 0.9299 time 0.74s
Epoch: 115/150 Iter: 83/96 loss: 0.1526 acc: 0.9307 time 0.68s
Epoch: 115/150 Iter: 84/96 loss: 0.1509 acc: 0.9315 time 1.35s
Epoch: 115/150 Iter: 85/96 loss: 0.1495 acc: 0.9324 time 1.46s
Epoch: 115/150 Iter: 86/96 loss: 0.1478 acc: 0.9331 time 1.46s
Epoch: 115/150 Iter: 87/96 loss: 0.1466 acc: 0.9339 time 1.44s
Epoch: 115/150 Iter: 88/96 loss: 0.1449 acc: 0.9347 time 0.69s
Epoch: 115/150 Iter: 89/96 loss: 0.1446 acc: 0.9354 time 0.75s
Epoch: 115/150 Iter: 90/96 loss: 0.1434 acc: 0.9361 time 1.39s
Epoch: 115/150 Iter: 91/96 loss: 0.1429 acc: 0.9368 time 1.39s
Epoch: 115/150 Iter: 92/96 loss: 0.1415 acc: 0.9375 time 0.75s
Epoch: 115/150 Iter: 93/96 loss: 0.1423 acc: 0.9337 time 1.38s
Epoch: 115/150 Iter: 94/96 loss: 0.1427 acc: 0.9326 time 0.70s
Epoch: 115/150 Iter: 95/96 loss: 0.1414 acc: 0.9333 time 0.82s
Epoch: 115/150 Iter: 96/96 loss: 0.1406 acc: 0.9340 time 1.46s
[Train epoch 115] avg_loss=0.1406 avg_acc=0.9340 | per-class [c0: 0.943, c1: 0.967, c2: 0.959]
Final training 115/150, loss: 0.1406, time 99.12s, lr: 0.011563
Accuracy: 0.951
class                  precision    recall   specificity      f1   support
--------------------------------------------------------------------------
0                          0.978     0.943         0.980   0.960       280
1                          0.744     0.967         0.982   0.841        30
2                          0.955     0.959         0.961   0.957       266
*----------------------------------------*
0 Mon Nov 17 19:45:38 2025 Epoch: 116
Epoch: 116/150 Iter: 1/96 loss: 0.0198 acc: 1.0000 time 1.78s
Epoch: 116/150 Iter: 2/96 loss: 0.0245 acc: 1.0000 time 0.84s
Epoch: 116/150 Iter: 3/96 loss: 0.0269 acc: 1.0000 time 1.44s
Epoch: 116/150 Iter: 4/96 loss: 0.0392 acc: 1.0000 time 0.82s
Epoch: 116/150 Iter: 5/96 loss: 0.0836 acc: 0.9111 time 0.85s
Epoch: 116/150 Iter: 6/96 loss: 0.0993 acc: 0.9259 time 0.77s
Epoch: 116/150 Iter: 7/96 loss: 0.0915 acc: 0.9365 time 1.45s
Epoch: 116/150 Iter: 8/96 loss: 0.0805 acc: 0.9444 time 1.41s
Epoch: 116/150 Iter: 9/96 loss: 0.1125 acc: 0.9012 time 1.44s
Epoch: 116/150 Iter: 10/96 loss: 0.1017 acc: 0.9111 time 0.78s
Epoch: 116/150 Iter: 11/96 loss: 0.0972 acc: 0.9192 time 0.87s
Epoch: 116/150 Iter: 12/96 loss: 0.0906 acc: 0.9259 time 1.46s
Epoch: 116/150 Iter: 13/96 loss: 0.0879 acc: 0.9316 time 1.47s
Epoch: 116/150 Iter: 14/96 loss: 0.1064 acc: 0.9246 time 0.84s
Epoch: 116/150 Iter: 15/96 loss: 0.1010 acc: 0.9296 time 0.76s
Epoch: 116/150 Iter: 16/96 loss: 0.1125 acc: 0.9271 time 1.45s
Epoch: 116/150 Iter: 17/96 loss: 0.1095 acc: 0.9314 time 1.42s
Epoch: 116/150 Iter: 18/96 loss: 0.1055 acc: 0.9352 time 0.82s
Epoch: 116/150 Iter: 19/96 loss: 0.1143 acc: 0.9079 time 0.77s
Epoch: 116/150 Iter: 20/96 loss: 0.1175 acc: 0.9000 time 0.78s
Epoch: 116/150 Iter: 21/96 loss: 0.1129 acc: 0.9048 time 1.38s
Epoch: 116/150 Iter: 22/96 loss: 0.1106 acc: 0.9091 time 0.87s
Epoch: 116/150 Iter: 23/96 loss: 0.1072 acc: 0.9130 time 0.72s
Epoch: 116/150 Iter: 24/96 loss: 0.1054 acc: 0.9167 time 0.79s
Epoch: 116/150 Iter: 25/96 loss: 0.1031 acc: 0.9200 time 1.42s
Epoch: 116/150 Iter: 26/96 loss: 0.1000 acc: 0.9231 time 0.92s
Epoch: 116/150 Iter: 27/96 loss: 0.0973 acc: 0.9259 time 1.44s
Epoch: 116/150 Iter: 28/96 loss: 0.1025 acc: 0.9196 time 1.44s
Epoch: 116/150 Iter: 29/96 loss: 0.0990 acc: 0.9224 time 1.41s
Epoch: 116/150 Iter: 30/96 loss: 0.0986 acc: 0.9250 time 1.46s
Epoch: 116/150 Iter: 31/96 loss: 0.0965 acc: 0.9274 time 0.88s
Epoch: 116/150 Iter: 32/96 loss: 0.0989 acc: 0.9266 time 1.47s
Epoch: 116/150 Iter: 33/96 loss: 0.0969 acc: 0.9288 time 1.46s
Epoch: 116/150 Iter: 34/96 loss: 0.0973 acc: 0.9276 time 0.78s
Epoch: 116/150 Iter: 35/96 loss: 0.0948 acc: 0.9297 time 0.74s
Epoch: 116/150 Iter: 36/96 loss: 0.0923 acc: 0.9316 time 0.82s
Epoch: 116/150 Iter: 37/96 loss: 0.0912 acc: 0.9335 time 0.89s
Epoch: 116/150 Iter: 38/96 loss: 0.0898 acc: 0.9352 time 1.43s
Epoch: 116/150 Iter: 39/96 loss: 0.0883 acc: 0.9369 time 0.75s
Epoch: 116/150 Iter: 40/96 loss: 0.0957 acc: 0.9315 time 0.78s
Epoch: 116/150 Iter: 41/96 loss: 0.0942 acc: 0.9332 time 1.45s
Epoch: 116/150 Iter: 42/96 loss: 0.1046 acc: 0.9253 time 1.39s
Epoch: 116/150 Iter: 43/96 loss: 0.1022 acc: 0.9270 time 0.84s
Epoch: 116/150 Iter: 44/96 loss: 0.1004 acc: 0.9287 time 0.79s
Epoch: 116/150 Iter: 45/96 loss: 0.0985 acc: 0.9302 time 0.86s
Epoch: 116/150 Iter: 46/96 loss: 0.0965 acc: 0.9318 time 0.90s
Epoch: 116/150 Iter: 47/96 loss: 0.0979 acc: 0.9306 time 1.46s
Epoch: 116/150 Iter: 48/96 loss: 0.0969 acc: 0.9320 time 0.89s
Epoch: 116/150 Iter: 49/96 loss: 0.0990 acc: 0.9243 time 0.90s
Epoch: 116/150 Iter: 50/96 loss: 0.0978 acc: 0.9258 time 0.80s
Epoch: 116/150 Iter: 51/96 loss: 0.0966 acc: 0.9273 time 0.79s
Epoch: 116/150 Iter: 52/96 loss: 0.0966 acc: 0.9287 time 0.93s
Epoch: 116/150 Iter: 53/96 loss: 0.1052 acc: 0.9222 time 0.97s
Epoch: 116/150 Iter: 54/96 loss: 0.1041 acc: 0.9236 time 0.74s
Epoch: 116/150 Iter: 55/96 loss: 0.1031 acc: 0.9250 time 1.39s
Epoch: 116/150 Iter: 56/96 loss: 0.1018 acc: 0.9263 time 0.74s
Epoch: 116/150 Iter: 57/96 loss: 0.1040 acc: 0.9254 time 0.74s
Epoch: 116/150 Iter: 58/96 loss: 0.1034 acc: 0.9267 time 1.42s
Epoch: 116/150 Iter: 59/96 loss: 0.1022 acc: 0.9280 time 1.45s
Epoch: 116/150 Iter: 60/96 loss: 0.1010 acc: 0.9292 time 1.45s
Epoch: 116/150 Iter: 61/96 loss: 0.1000 acc: 0.9303 time 0.87s
Epoch: 116/150 Iter: 62/96 loss: 0.1028 acc: 0.9294 time 0.91s
Epoch: 116/150 Iter: 63/96 loss: 0.1021 acc: 0.9306 time 1.46s
Epoch: 116/150 Iter: 64/96 loss: 0.1021 acc: 0.9316 time 1.44s
Epoch: 116/150 Iter: 65/96 loss: 0.1024 acc: 0.9327 time 0.81s
Epoch: 116/150 Iter: 66/96 loss: 0.1010 acc: 0.9337 time 0.78s
Epoch: 116/150 Iter: 67/96 loss: 0.0996 acc: 0.9347 time 1.47s
Epoch: 116/150 Iter: 68/96 loss: 0.0985 acc: 0.9357 time 1.42s
Epoch: 116/150 Iter: 69/96 loss: 0.0989 acc: 0.9366 time 0.80s
Epoch: 116/150 Iter: 70/96 loss: 0.1021 acc: 0.9351 time 0.85s
Epoch: 116/150 Iter: 71/96 loss: 0.1009 acc: 0.9360 time 0.78s
Epoch: 116/150 Iter: 72/96 loss: 0.0996 acc: 0.9369 time 1.44s
Epoch: 116/150 Iter: 73/96 loss: 0.0985 acc: 0.9378 time 1.42s
Epoch: 116/150 Iter: 74/96 loss: 0.0974 acc: 0.9386 time 0.85s
Epoch: 116/150 Iter: 75/96 loss: 0.0990 acc: 0.9394 time 0.77s
Epoch: 116/150 Iter: 76/96 loss: 0.1036 acc: 0.9380 time 0.83s
Epoch: 116/150 Iter: 77/96 loss: 0.1023 acc: 0.9389 time 0.80s
Epoch: 116/150 Iter: 78/96 loss: 0.1013 acc: 0.9396 time 0.87s
Epoch: 116/150 Iter: 79/96 loss: 0.1044 acc: 0.9388 time 1.45s
Epoch: 116/150 Iter: 80/96 loss: 0.1034 acc: 0.9396 time 1.38s
Epoch: 116/150 Iter: 81/96 loss: 0.1058 acc: 0.9372 time 0.78s
Epoch: 116/150 Iter: 82/96 loss: 0.1055 acc: 0.9380 time 0.75s
Epoch: 116/150 Iter: 83/96 loss: 0.1044 acc: 0.9388 time 1.39s
Epoch: 116/150 Iter: 84/96 loss: 0.1077 acc: 0.9382 time 1.38s
Epoch: 116/150 Iter: 85/96 loss: 0.1140 acc: 0.9337 time 0.81s
Epoch: 116/150 Iter: 86/96 loss: 0.1139 acc: 0.9344 time 1.39s
Epoch: 116/150 Iter: 87/96 loss: 0.1126 acc: 0.9352 time 0.75s
Epoch: 116/150 Iter: 88/96 loss: 0.1116 acc: 0.9359 time 0.70s
Epoch: 116/150 Iter: 89/96 loss: 0.1122 acc: 0.9348 time 1.43s
Epoch: 116/150 Iter: 90/96 loss: 0.1121 acc: 0.9355 time 1.36s
Epoch: 116/150 Iter: 91/96 loss: 0.1113 acc: 0.9362 time 0.70s
Epoch: 116/150 Iter: 92/96 loss: 0.1103 acc: 0.9369 time 0.70s
Epoch: 116/150 Iter: 93/96 loss: 0.1100 acc: 0.9376 time 0.71s
Epoch: 116/150 Iter: 94/96 loss: 0.1148 acc: 0.9311 time 0.74s
Epoch: 116/150 Iter: 95/96 loss: 0.1153 acc: 0.9319 time 0.73s
Epoch: 116/150 Iter: 96/96 loss: 0.1184 acc: 0.9256 time 1.36s
[Train epoch 116] avg_loss=0.1184 avg_acc=0.9256 | per-class [c0: 0.950, c1: 1.000, c2: 0.955]
Final training 116/150, loss: 0.1184, time 102.10s, lr: 0.010960
Accuracy: 0.955
class                  precision    recall   specificity      f1   support
--------------------------------------------------------------------------
0                          0.974     0.950         0.976   0.962       281
1                          0.750     1.000         0.982   0.857        30
2                          0.966     0.955         0.971   0.960       265
*----------------------------------------*
Val 116/150 1/24, Acc: 0.6667, Loss: 18.2291, time 0.42s
Val 116/150 2/24, Acc: 0.6111, Loss: 9.3278, time 0.45s
Val 116/150 3/24, Acc: 0.7407, Loss: 6.3347, time 0.43s
Val 116/150 4/24, Acc: 0.6597, Loss: 5.4549, time 0.41s
Val 116/150 5/24, Acc: 0.7278, Loss: 4.3984, time 0.48s
Val 116/150 6/24, Acc: 0.7731, Loss: 3.6695, time 0.46s
Val 116/150 7/24, Acc: 0.7877, Loss: 3.3571, time 0.42s
Val 116/150 8/24, Acc: 0.7674, Loss: 3.0579, time 0.45s
Val 116/150 9/24, Acc: 0.7821, Loss: 2.7360, time 0.42s
Val 116/150 10/24, Acc: 0.8039, Loss: 2.4636, time 0.51s
Val 116/150 11/24, Acc: 0.8217, Loss: 2.2470, time 0.42s
Val 116/150 12/24, Acc: 0.7880, Loss: 2.1107, time 0.46s
Val 116/150 13/24, Acc: 0.8043, Loss: 1.9527, time 0.55s
Val 116/150 14/24, Acc: 0.8093, Loss: 1.8689, time 0.52s
Val 116/150 15/24, Acc: 0.8165, Loss: 1.7505, time 0.50s
Val 116/150 16/24, Acc: 0.8155, Loss: 1.6583, time 0.45s
Val 116/150 17/24, Acc: 0.8190, Loss: 1.5750, time 0.51s
Val 116/150 18/24, Acc: 0.8290, Loss: 1.4941, time 0.51s
Val 116/150 19/24, Acc: 0.8327, Loss: 1.4377, time 0.50s
Val 116/150 20/24, Acc: 0.8189, Loss: 1.4170, time 0.46s
Val 116/150 21/24, Acc: 0.8275, Loss: 1.3501, time 0.47s
Val 116/150 22/24, Acc: 0.8278, Loss: 1.3188, time 0.55s
Val 116/150 23/24, Acc: 0.8280, Loss: 1.2877, time 0.39s
Val 116/150 24/24, Acc: 0.8213, Loss: 1.2717, time 0.43s
[Val epoch 116] avg_acc=0.8213 | avg_loss=1.2717 | per-class [c0: 0.886, c1: 0.750, c2: 0.864]
Final validation 116/150, Val_acc: 0.8213, time 11.17sAccuracy: 0.868
class                  precision    recall   specificity      f1   support
--------------------------------------------------------------------------
0                          0.899     0.886         0.905   0.892        70
1                          0.545     0.750         0.963   0.632         8
2                          0.891     0.864         0.910   0.877        66
*========================================*
Saving checkpoint outputs/OrganoidsINRIA_reduced/resnet18/2025-11-17-16-11/training/model_final.pt
[EarlyStopping] no improve (9/40)
[EarlyStopping] no improve (34/40)
0 Mon Nov 17 19:47:35 2025 Epoch: 117
Epoch: 117/150 Iter: 1/96 loss: 0.0588 acc: 1.0000 time 2.51s
Epoch: 117/150 Iter: 2/96 loss: 0.7234 acc: 0.7000 time 0.80s
Epoch: 117/150 Iter: 3/96 loss: 0.5610 acc: 0.7444 time 1.45s
Epoch: 117/150 Iter: 4/96 loss: 0.4384 acc: 0.8083 time 0.82s
Epoch: 117/150 Iter: 5/96 loss: 0.3635 acc: 0.8467 time 0.96s
Epoch: 117/150 Iter: 6/96 loss: 0.3061 acc: 0.8722 time 0.82s
Epoch: 117/150 Iter: 7/96 loss: 0.2687 acc: 0.8905 time 0.73s
Epoch: 117/150 Iter: 8/96 loss: 0.2356 acc: 0.9042 time 1.38s
Epoch: 117/150 Iter: 9/96 loss: 0.2121 acc: 0.9148 time 0.74s
Epoch: 117/150 Iter: 10/96 loss: 0.1916 acc: 0.9233 time 0.80s
Epoch: 117/150 Iter: 11/96 loss: 0.1748 acc: 0.9303 time 0.88s
Epoch: 117/150 Iter: 12/96 loss: 0.1791 acc: 0.9361 time 1.40s
Epoch: 117/150 Iter: 13/96 loss: 0.1722 acc: 0.9346 time 1.47s
Epoch: 117/150 Iter: 14/96 loss: 0.1730 acc: 0.9095 time 1.46s
Epoch: 117/150 Iter: 15/96 loss: 0.1854 acc: 0.9044 time 0.80s
Epoch: 117/150 Iter: 16/96 loss: 0.1743 acc: 0.9104 time 1.44s
Epoch: 117/150 Iter: 17/96 loss: 0.1642 acc: 0.9157 time 1.45s
Epoch: 117/150 Iter: 18/96 loss: 0.1560 acc: 0.9204 time 1.45s
Epoch: 117/150 Iter: 19/96 loss: 0.1708 acc: 0.9193 time 0.85s
Epoch: 117/150 Iter: 20/96 loss: 0.1654 acc: 0.9233 time 0.88s
Epoch: 117/150 Iter: 21/96 loss: 0.1584 acc: 0.9270 time 0.90s
Epoch: 117/150 Iter: 22/96 loss: 0.1611 acc: 0.9038 time 0.79s
Epoch: 117/150 Iter: 23/96 loss: 0.1567 acc: 0.9080 time 1.44s
Epoch: 117/150 Iter: 24/96 loss: 0.1504 acc: 0.9118 time 1.43s
Epoch: 117/150 Iter: 25/96 loss: 0.1445 acc: 0.9153 time 0.78s
Epoch: 117/150 Iter: 26/96 loss: 0.1405 acc: 0.9186 time 0.91s
Epoch: 117/150 Iter: 27/96 loss: 0.1378 acc: 0.9216 time 0.87s
Epoch: 117/150 Iter: 28/96 loss: 0.1341 acc: 0.9244 time 0.80s
Epoch: 117/150 Iter: 29/96 loss: 0.1584 acc: 0.9236 time 0.92s
Epoch: 117/150 Iter: 30/96 loss: 0.1639 acc: 0.9178 time 1.43s
Epoch: 117/150 Iter: 31/96 loss: 0.1638 acc: 0.9204 time 1.47s
Epoch: 117/150 Iter: 32/96 loss: 0.1589 acc: 0.9229 time 1.45s
Epoch: 117/150 Iter: 33/96 loss: 0.1560 acc: 0.9253 time 0.79s
Epoch: 117/150 Iter: 34/96 loss: 0.1517 acc: 0.9275 time 1.43s
Epoch: 117/150 Iter: 35/96 loss: 0.1478 acc: 0.9295 time 0.79s
Epoch: 117/150 Iter: 36/96 loss: 0.1453 acc: 0.9315 time 1.42s
Epoch: 117/150 Iter: 37/96 loss: 0.1585 acc: 0.9221 time 0.94s
Epoch: 117/150 Iter: 38/96 loss: 0.1597 acc: 0.9175 time 1.45s
Epoch: 117/150 Iter: 39/96 loss: 0.1640 acc: 0.9083 time 0.81s
Epoch: 117/150 Iter: 40/96 loss: 0.1651 acc: 0.9074 time 1.44s
Epoch: 117/150 Iter: 41/96 loss: 0.1621 acc: 0.9097 time 0.76s
Epoch: 117/150 Iter: 42/96 loss: 0.1669 acc: 0.9079 time 0.77s
Epoch: 117/150 Iter: 43/96 loss: 0.1788 acc: 0.9077 time 0.83s
Epoch: 117/150 Iter: 44/96 loss: 0.1807 acc: 0.9003 time 0.83s
Epoch: 117/150 Iter: 45/96 loss: 0.1770 acc: 0.9025 time 0.77s
Epoch: 117/150 Iter: 46/96 loss: 0.1739 acc: 0.9046 time 0.78s
Epoch: 117/150 Iter: 47/96 loss: 0.1706 acc: 0.9067 time 0.91s
Epoch: 117/150 Iter: 48/96 loss: 0.1689 acc: 0.9086 time 0.76s
Epoch: 117/150 Iter: 49/96 loss: 0.1673 acc: 0.9105 time 0.77s
Epoch: 117/150 Iter: 50/96 loss: 0.1640 acc: 0.9123 time 0.79s
Epoch: 117/150 Iter: 51/96 loss: 0.1790 acc: 0.9042 time 1.45s
Epoch: 117/150 Iter: 52/96 loss: 0.1758 acc: 0.9060 time 1.42s
Epoch: 117/150 Iter: 53/96 loss: 0.1764 acc: 0.9057 time 0.78s
Epoch: 117/150 Iter: 54/96 loss: 0.1835 acc: 0.9044 time 1.45s
Epoch: 117/150 Iter: 55/96 loss: 0.1802 acc: 0.9061 time 0.78s
Epoch: 117/150 Iter: 56/96 loss: 0.1780 acc: 0.9078 time 1.46s
Epoch: 117/150 Iter: 57/96 loss: 0.1765 acc: 0.9094 time 1.44s
Epoch: 117/150 Iter: 58/96 loss: 0.1746 acc: 0.9110 time 1.47s
Epoch: 117/150 Iter: 59/96 loss: 0.1718 acc: 0.9125 time 0.79s
Epoch: 117/150 Iter: 60/96 loss: 0.1752 acc: 0.9112 time 0.90s
Epoch: 117/150 Iter: 61/96 loss: 0.1755 acc: 0.9058 time 1.48s
Epoch: 117/150 Iter: 62/96 loss: 0.1755 acc: 0.9033 time 1.44s
Epoch: 117/150 Iter: 63/96 loss: 0.1731 acc: 0.9048 time 0.87s
Epoch: 117/150 Iter: 64/96 loss: 0.1704 acc: 0.9063 time 0.80s
Epoch: 117/150 Iter: 65/96 loss: 0.1688 acc: 0.9077 time 1.45s
Epoch: 117/150 Iter: 66/96 loss: 0.1665 acc: 0.9091 time 0.76s
Epoch: 117/150 Iter: 67/96 loss: 0.1643 acc: 0.9105 time 0.75s
Epoch: 117/150 Iter: 68/96 loss: 0.1629 acc: 0.9118 time 1.44s
Epoch: 117/150 Iter: 69/96 loss: 0.1611 acc: 0.9131 time 1.45s
Epoch: 117/150 Iter: 70/96 loss: 0.1589 acc: 0.9143 time 0.72s
Epoch: 117/150 Iter: 71/96 loss: 0.1572 acc: 0.9155 time 0.77s
Epoch: 117/150 Iter: 72/96 loss: 0.1559 acc: 0.9167 time 1.45s
Epoch: 117/150 Iter: 73/96 loss: 0.1538 acc: 0.9178 time 0.81s
Epoch: 117/150 Iter: 74/96 loss: 0.1518 acc: 0.9190 time 1.46s
Epoch: 117/150 Iter: 75/96 loss: 0.1517 acc: 0.9200 time 0.87s
Epoch: 117/150 Iter: 76/96 loss: 0.1521 acc: 0.9189 time 0.81s
Epoch: 117/150 Iter: 77/96 loss: 0.1517 acc: 0.9199 time 0.76s
Epoch: 117/150 Iter: 78/96 loss: 0.1505 acc: 0.9210 time 0.89s
Epoch: 117/150 Iter: 79/96 loss: 0.1495 acc: 0.9220 time 0.97s
Epoch: 117/150 Iter: 80/96 loss: 0.1489 acc: 0.9219 time 1.43s
Epoch: 117/150 Iter: 81/96 loss: 0.1558 acc: 0.9167 time 0.72s
Epoch: 117/150 Iter: 82/96 loss: 0.1540 acc: 0.9177 time 0.86s
Epoch: 117/150 Iter: 83/96 loss: 0.1524 acc: 0.9187 time 1.40s
Epoch: 117/150 Iter: 84/96 loss: 0.1518 acc: 0.9197 time 1.45s
Epoch: 117/150 Iter: 85/96 loss: 0.1508 acc: 0.9206 time 1.43s
Epoch: 117/150 Iter: 86/96 loss: 0.1500 acc: 0.9215 time 0.73s
Epoch: 117/150 Iter: 87/96 loss: 0.1485 acc: 0.9224 time 1.38s
Epoch: 117/150 Iter: 88/96 loss: 0.1473 acc: 0.9233 time 1.38s
Epoch: 117/150 Iter: 89/96 loss: 0.1461 acc: 0.9242 time 1.49s
Epoch: 117/150 Iter: 90/96 loss: 0.1466 acc: 0.9232 time 0.75s
Epoch: 117/150 Iter: 91/96 loss: 0.1452 acc: 0.9240 time 0.73s
Epoch: 117/150 Iter: 92/96 loss: 0.1456 acc: 0.9203 time 1.41s
Epoch: 117/150 Iter: 93/96 loss: 0.1442 acc: 0.9212 time 0.71s
Epoch: 117/150 Iter: 94/96 loss: 0.1448 acc: 0.9202 time 0.73s
Epoch: 117/150 Iter: 95/96 loss: 0.1447 acc: 0.9141 time 1.38s
Epoch: 117/150 Iter: 96/96 loss: 0.1500 acc: 0.9098 time 0.70s
[Train epoch 117] avg_loss=0.1500 avg_acc=0.9098 | per-class [c0: 0.939, c1: 0.933, c2: 0.951]
Final training 117/150, loss: 0.1500, time 103.93s, lr: 0.010371
Accuracy: 0.944
class                  precision    recall   specificity      f1   support
--------------------------------------------------------------------------
0                          0.974     0.939         0.976   0.956       280
1                          0.700     0.933         0.978   0.800        30
2                          0.951     0.951         0.958   0.951       266
*----------------------------------------*
0 Mon Nov 17 19:49:19 2025 Epoch: 118
Epoch: 118/150 Iter: 1/96 loss: 0.4807 acc: 0.9000 time 1.75s
Epoch: 118/150 Iter: 2/96 loss: 0.3012 acc: 0.8667 time 1.45s
Epoch: 118/150 Iter: 3/96 loss: 0.2085 acc: 0.9111 time 1.46s
Epoch: 118/150 Iter: 4/96 loss: 0.1571 acc: 0.9333 time 1.42s
Epoch: 118/150 Iter: 5/96 loss: 0.1493 acc: 0.9467 time 0.77s
Epoch: 118/150 Iter: 6/96 loss: 0.1263 acc: 0.9556 time 1.45s
Epoch: 118/150 Iter: 7/96 loss: 0.1230 acc: 0.9619 time 1.47s
Epoch: 118/150 Iter: 8/96 loss: 0.1329 acc: 0.9510 time 0.78s
Epoch: 118/150 Iter: 9/96 loss: 0.1209 acc: 0.9565 time 1.45s
Epoch: 118/150 Iter: 10/96 loss: 0.1201 acc: 0.9497 time 1.46s
Epoch: 118/150 Iter: 11/96 loss: 0.1610 acc: 0.9442 time 1.49s
Epoch: 118/150 Iter: 12/96 loss: 0.1510 acc: 0.9488 time 1.45s
Epoch: 118/150 Iter: 13/96 loss: 0.1421 acc: 0.9528 time 1.45s
Epoch: 118/150 Iter: 14/96 loss: 0.1504 acc: 0.9204 time 0.80s
Epoch: 118/150 Iter: 15/96 loss: 0.1422 acc: 0.9257 time 1.45s
Epoch: 118/150 Iter: 16/96 loss: 0.1625 acc: 0.9148 time 1.45s
Epoch: 118/150 Iter: 17/96 loss: 0.1586 acc: 0.9198 time 1.46s
Epoch: 118/150 Iter: 18/96 loss: 0.1635 acc: 0.9150 time 0.90s
Epoch: 118/150 Iter: 19/96 loss: 0.1582 acc: 0.9194 time 0.94s
Epoch: 118/150 Iter: 20/96 loss: 0.1505 acc: 0.9235 time 0.90s
Epoch: 118/150 Iter: 21/96 loss: 0.1489 acc: 0.9271 time 1.42s
Epoch: 118/150 Iter: 22/96 loss: 0.1423 acc: 0.9304 time 1.44s
Epoch: 118/150 Iter: 23/96 loss: 0.1363 acc: 0.9335 time 0.81s
Epoch: 118/150 Iter: 24/96 loss: 0.1332 acc: 0.9362 time 0.80s
Epoch: 118/150 Iter: 25/96 loss: 0.1286 acc: 0.9388 time 1.45s
Epoch: 118/150 Iter: 26/96 loss: 0.1247 acc: 0.9411 time 1.43s
Epoch: 118/150 Iter: 27/96 loss: 0.1203 acc: 0.9433 time 0.93s
Epoch: 118/150 Iter: 28/96 loss: 0.1164 acc: 0.9453 time 0.78s
Epoch: 118/150 Iter: 29/96 loss: 0.1138 acc: 0.9472 time 0.89s
Epoch: 118/150 Iter: 30/96 loss: 0.1103 acc: 0.9490 time 0.78s
Epoch: 118/150 Iter: 31/96 loss: 0.1067 acc: 0.9506 time 0.79s
Epoch: 118/150 Iter: 32/96 loss: 0.1041 acc: 0.9522 time 0.77s
Epoch: 118/150 Iter: 33/96 loss: 0.1058 acc: 0.9506 time 1.45s
Epoch: 118/150 Iter: 34/96 loss: 0.1227 acc: 0.9447 time 0.80s
Epoch: 118/150 Iter: 35/96 loss: 0.1201 acc: 0.9463 time 1.43s
Epoch: 118/150 Iter: 36/96 loss: 0.1169 acc: 0.9478 time 0.87s
Epoch: 118/150 Iter: 37/96 loss: 0.1185 acc: 0.9372 time 0.86s
Epoch: 118/150 Iter: 38/96 loss: 0.1171 acc: 0.9388 time 1.41s
Epoch: 118/150 Iter: 39/96 loss: 0.1145 acc: 0.9404 time 0.87s
Epoch: 118/150 Iter: 40/96 loss: 0.1120 acc: 0.9419 time 0.75s
Epoch: 118/150 Iter: 41/96 loss: 0.1107 acc: 0.9433 time 0.86s
Epoch: 118/150 Iter: 42/96 loss: 0.1104 acc: 0.9407 time 1.44s
Epoch: 118/150 Iter: 43/96 loss: 0.1087 acc: 0.9421 time 0.86s
Epoch: 118/150 Iter: 44/96 loss: 0.1105 acc: 0.9411 time 1.45s
Epoch: 118/150 Iter: 45/96 loss: 0.1152 acc: 0.9313 time 1.42s
Epoch: 118/150 Iter: 46/96 loss: 0.1158 acc: 0.9328 time 0.89s
Epoch: 118/150 Iter: 47/96 loss: 0.1146 acc: 0.9342 time 0.82s
Epoch: 118/150 Iter: 48/96 loss: 0.1123 acc: 0.9356 time 0.84s
Epoch: 118/150 Iter: 49/96 loss: 0.1104 acc: 0.9369 time 0.77s
Epoch: 118/150 Iter: 50/96 loss: 0.1082 acc: 0.9382 time 0.94s
Epoch: 118/150 Iter: 51/96 loss: 0.1078 acc: 0.9394 time 0.79s
Epoch: 118/150 Iter: 52/96 loss: 0.1062 acc: 0.9405 time 1.44s
Epoch: 118/150 Iter: 53/96 loss: 0.1046 acc: 0.9417 time 1.42s
Epoch: 118/150 Iter: 54/96 loss: 0.1046 acc: 0.9350 time 0.76s
Epoch: 118/150 Iter: 55/96 loss: 0.1034 acc: 0.9362 time 0.78s
Epoch: 118/150 Iter: 56/96 loss: 0.1060 acc: 0.9344 time 0.92s
Epoch: 118/150 Iter: 57/96 loss: 0.1052 acc: 0.9355 time 0.77s
Epoch: 118/150 Iter: 58/96 loss: 0.1128 acc: 0.9345 time 1.42s
Epoch: 118/150 Iter: 59/96 loss: 0.1110 acc: 0.9356 time 0.86s
Epoch: 118/150 Iter: 60/96 loss: 0.1093 acc: 0.9367 time 0.76s
Epoch: 118/150 Iter: 61/96 loss: 0.1080 acc: 0.9377 time 1.45s
Epoch: 118/150 Iter: 62/96 loss: 0.1081 acc: 0.9369 time 0.79s
Epoch: 118/150 Iter: 63/96 loss: 0.1065 acc: 0.9379 time 0.89s
Epoch: 118/150 Iter: 64/96 loss: 0.1075 acc: 0.9389 time 0.85s
Epoch: 118/150 Iter: 65/96 loss: 0.1111 acc: 0.9383 time 1.43s
Epoch: 118/150 Iter: 66/96 loss: 0.1101 acc: 0.9392 time 0.78s
Epoch: 118/150 Iter: 67/96 loss: 0.1123 acc: 0.9332 time 0.75s
Epoch: 118/150 Iter: 68/96 loss: 0.1157 acc: 0.9327 time 0.83s
Epoch: 118/150 Iter: 69/96 loss: 0.1145 acc: 0.9337 time 0.92s
Epoch: 118/150 Iter: 70/96 loss: 0.1130 acc: 0.9346 time 1.45s
Epoch: 118/150 Iter: 71/96 loss: 0.1181 acc: 0.9293 time 1.46s
Epoch: 118/150 Iter: 72/96 loss: 0.1207 acc: 0.9241 time 1.44s
Epoch: 118/150 Iter: 73/96 loss: 0.1208 acc: 0.9228 time 0.77s
Epoch: 118/150 Iter: 74/96 loss: 0.1207 acc: 0.9239 time 0.93s
Epoch: 118/150 Iter: 75/96 loss: 0.1191 acc: 0.9249 time 0.92s
Epoch: 118/150 Iter: 76/96 loss: 0.1183 acc: 0.9259 time 0.92s
Epoch: 118/150 Iter: 77/96 loss: 0.1237 acc: 0.9225 time 0.91s
Epoch: 118/150 Iter: 78/96 loss: 0.1229 acc: 0.9235 time 1.41s
Epoch: 118/150 Iter: 79/96 loss: 0.1231 acc: 0.9245 time 0.77s
Epoch: 118/150 Iter: 80/96 loss: 0.1223 acc: 0.9254 time 1.45s
Epoch: 118/150 Iter: 81/96 loss: 0.1214 acc: 0.9263 time 0.75s
Epoch: 118/150 Iter: 82/96 loss: 0.1206 acc: 0.9272 time 0.70s
Epoch: 118/150 Iter: 83/96 loss: 0.1200 acc: 0.9281 time 0.70s
Epoch: 118/150 Iter: 84/96 loss: 0.1191 acc: 0.9290 time 0.69s
Epoch: 118/150 Iter: 85/96 loss: 0.1177 acc: 0.9298 time 0.89s
Epoch: 118/150 Iter: 86/96 loss: 0.1164 acc: 0.9306 time 1.41s
Epoch: 118/150 Iter: 87/96 loss: 0.1156 acc: 0.9314 time 1.38s
Epoch: 118/150 Iter: 88/96 loss: 0.1174 acc: 0.9308 time 0.78s
Epoch: 118/150 Iter: 89/96 loss: 0.1179 acc: 0.9316 time 0.70s
Epoch: 118/150 Iter: 90/96 loss: 0.1168 acc: 0.9323 time 1.38s
Epoch: 118/150 Iter: 91/96 loss: 0.1177 acc: 0.9317 time 0.76s
Epoch: 118/150 Iter: 92/96 loss: 0.1166 acc: 0.9324 time 0.93s
Epoch: 118/150 Iter: 93/96 loss: 0.1159 acc: 0.9332 time 1.37s
Epoch: 118/150 Iter: 94/96 loss: 0.1164 acc: 0.9327 time 0.75s
Epoch: 118/150 Iter: 95/96 loss: 0.1224 acc: 0.9290 time 1.44s
Epoch: 118/150 Iter: 96/96 loss: 0.1222 acc: 0.9297 time 1.42s
[Train epoch 118] avg_loss=0.1222 avg_acc=0.9297 | per-class [c0: 0.947, c1: 0.967, c2: 0.947]
Final training 118/150, loss: 0.1222, time 103.93s, lr: 0.009796
Accuracy: 0.948
class                  precision    recall   specificity      f1   support
--------------------------------------------------------------------------
0                          0.967     0.947         0.969   0.957       281
1                          0.744     0.967         0.982   0.841        30
2                          0.958     0.947         0.965   0.953       265
*----------------------------------------*
Val 118/150 1/24, Acc: 0.6667, Loss: 19.6939, time 0.43s
Val 118/150 2/24, Acc: 0.6111, Loss: 10.0360, time 0.45s
Val 118/150 3/24, Acc: 0.7407, Loss: 6.7495, time 0.43s
Val 118/150 4/24, Acc: 0.7743, Loss: 5.5706, time 0.42s
Val 118/150 5/24, Acc: 0.7694, Loss: 4.4922, time 0.48s
Val 118/150 6/24, Acc: 0.8079, Loss: 3.7467, time 0.46s
Val 118/150 7/24, Acc: 0.7996, Loss: 3.3343, time 0.42s
Val 118/150 8/24, Acc: 0.7778, Loss: 3.0241, time 0.47s
Val 118/150 9/24, Acc: 0.7914, Loss: 2.7075, time 0.42s
Val 118/150 10/24, Acc: 0.8122, Loss: 2.4369, time 0.51s
Val 118/150 11/24, Acc: 0.8293, Loss: 2.2244, time 0.41s
Val 118/150 12/24, Acc: 0.7949, Loss: 2.0707, time 0.49s
Val 118/150 13/24, Acc: 0.8107, Loss: 1.9126, time 0.49s
Val 118/150 14/24, Acc: 0.8153, Loss: 1.8215, time 0.44s
Val 118/150 15/24, Acc: 0.8220, Loss: 1.7207, time 0.41s
Val 118/150 16/24, Acc: 0.8332, Loss: 1.6264, time 0.45s
Val 118/150 17/24, Acc: 0.8356, Loss: 1.5488, time 0.48s
Val 118/150 18/24, Acc: 0.8448, Loss: 1.4637, time 0.44s
Val 118/150 19/24, Acc: 0.8477, Loss: 1.4006, time 0.43s
Val 118/150 20/24, Acc: 0.8331, Loss: 1.3826, time 0.45s
Val 118/150 21/24, Acc: 0.8410, Loss: 1.3175, time 0.45s
Val 118/150 22/24, Acc: 0.8407, Loss: 1.2805, time 0.53s
Val 118/150 23/24, Acc: 0.8403, Loss: 1.2526, time 0.46s
Val 118/150 24/24, Acc: 0.8331, Loss: 1.2945, time 0.47s
[Val epoch 118] avg_acc=0.8331 | avg_loss=1.2945 | per-class [c0: 0.929, c1: 0.750, c2: 0.833]
Final validation 118/150, Val_acc: 0.8331, time 10.89sAccuracy: 0.875
class                  precision    recall   specificity      f1   support
--------------------------------------------------------------------------
0                          0.878     0.929         0.878   0.903        70
1                          0.600     0.750         0.971   0.667         8
2                          0.917     0.833         0.936   0.873        66
*========================================*
Saving checkpoint outputs/OrganoidsINRIA_reduced/resnet18/2025-11-17-16-11/training/model_final.pt
[EarlyStopping] no improve (10/40)
[EarlyStopping] no improve (35/40)
0 Mon Nov 17 19:51:18 2025 Epoch: 119
Epoch: 119/150 Iter: 1/96 loss: 0.0712 acc: 1.0000 time 2.49s
Epoch: 119/150 Iter: 2/96 loss: 0.3342 acc: 0.9167 time 0.89s
Epoch: 119/150 Iter: 3/96 loss: 0.2309 acc: 0.9444 time 1.42s
Epoch: 119/150 Iter: 4/96 loss: 0.2291 acc: 0.8472 time 0.80s
Epoch: 119/150 Iter: 5/96 loss: 0.1906 acc: 0.8778 time 0.88s
Epoch: 119/150 Iter: 6/96 loss: 0.2483 acc: 0.8287 time 0.76s
Epoch: 119/150 Iter: 7/96 loss: 0.2169 acc: 0.8532 time 0.82s
Epoch: 119/150 Iter: 8/96 loss: 0.1907 acc: 0.8715 time 0.74s
Epoch: 119/150 Iter: 9/96 loss: 0.1696 acc: 0.8858 time 1.46s
Epoch: 119/150 Iter: 10/96 loss: 0.1539 acc: 0.8972 time 0.75s
Epoch: 119/150 Iter: 11/96 loss: 0.1440 acc: 0.9066 time 1.45s
Epoch: 119/150 Iter: 12/96 loss: 0.1336 acc: 0.9144 time 0.76s
Epoch: 119/150 Iter: 13/96 loss: 0.1309 acc: 0.9209 time 0.76s
Epoch: 119/150 Iter: 14/96 loss: 0.1292 acc: 0.9266 time 0.75s
Epoch: 119/150 Iter: 15/96 loss: 0.1224 acc: 0.9315 time 0.80s
Epoch: 119/150 Iter: 16/96 loss: 0.1241 acc: 0.9306 time 0.72s
Epoch: 119/150 Iter: 17/96 loss: 0.1181 acc: 0.9346 time 1.43s
Epoch: 119/150 Iter: 18/96 loss: 0.1145 acc: 0.9383 time 1.42s
Epoch: 119/150 Iter: 19/96 loss: 0.1153 acc: 0.9327 time 0.93s
Epoch: 119/150 Iter: 20/96 loss: 0.1108 acc: 0.9361 time 1.47s
Epoch: 119/150 Iter: 21/96 loss: 0.1056 acc: 0.9392 time 0.78s
Epoch: 119/150 Iter: 22/96 loss: 0.1091 acc: 0.9343 time 0.81s
Epoch: 119/150 Iter: 23/96 loss: 0.1114 acc: 0.9324 time 0.81s
Epoch: 119/150 Iter: 24/96 loss: 0.1070 acc: 0.9352 time 1.43s
Epoch: 119/150 Iter: 25/96 loss: 0.1081 acc: 0.9378 time 0.87s
Epoch: 119/150 Iter: 26/96 loss: 0.1043 acc: 0.9402 time 1.42s
Epoch: 119/150 Iter: 27/96 loss: 0.1045 acc: 0.9424 time 0.79s
Epoch: 119/150 Iter: 28/96 loss: 0.1031 acc: 0.9444 time 0.95s
Epoch: 119/150 Iter: 29/96 loss: 0.1021 acc: 0.9464 time 1.39s
Epoch: 119/150 Iter: 30/96 loss: 0.0994 acc: 0.9481 time 0.77s
Epoch: 119/150 Iter: 31/96 loss: 0.1047 acc: 0.9418 time 0.79s
Epoch: 119/150 Iter: 32/96 loss: 0.1027 acc: 0.9436 time 1.42s
Epoch: 119/150 Iter: 33/96 loss: 0.1005 acc: 0.9453 time 1.39s
Epoch: 119/150 Iter: 34/96 loss: 0.0977 acc: 0.9469 time 1.40s
Epoch: 119/150 Iter: 35/96 loss: 0.0950 acc: 0.9484 time 0.85s
Epoch: 119/150 Iter: 36/96 loss: 0.0927 acc: 0.9498 time 0.81s
Epoch: 119/150 Iter: 37/96 loss: 0.0998 acc: 0.9399 time 1.46s
Epoch: 119/150 Iter: 38/96 loss: 0.0987 acc: 0.9415 time 1.45s
Epoch: 119/150 Iter: 39/96 loss: 0.0995 acc: 0.9430 time 1.46s
Epoch: 119/150 Iter: 40/96 loss: 0.0978 acc: 0.9444 time 0.86s
Epoch: 119/150 Iter: 41/96 loss: 0.0977 acc: 0.9458 time 0.91s
Epoch: 119/150 Iter: 42/96 loss: 0.0954 acc: 0.9471 time 1.39s
Epoch: 119/150 Iter: 43/96 loss: 0.0932 acc: 0.9483 time 1.44s
Epoch: 119/150 Iter: 44/96 loss: 0.0926 acc: 0.9495 time 0.82s
Epoch: 119/150 Iter: 45/96 loss: 0.0906 acc: 0.9506 time 0.76s
Epoch: 119/150 Iter: 46/96 loss: 0.0945 acc: 0.9457 time 0.93s
Epoch: 119/150 Iter: 47/96 loss: 0.0935 acc: 0.9468 time 0.82s
Epoch: 119/150 Iter: 48/96 loss: 0.1133 acc: 0.9410 time 0.85s
Epoch: 119/150 Iter: 49/96 loss: 0.1117 acc: 0.9422 time 1.45s
Epoch: 119/150 Iter: 50/96 loss: 0.1097 acc: 0.9433 time 1.42s
Epoch: 119/150 Iter: 51/96 loss: 0.1079 acc: 0.9444 time 1.47s
Epoch: 119/150 Iter: 52/96 loss: 0.1078 acc: 0.9455 time 0.75s
Epoch: 119/150 Iter: 53/96 loss: 0.1058 acc: 0.9465 time 0.81s
Epoch: 119/150 Iter: 54/96 loss: 0.1042 acc: 0.9475 time 0.89s
Epoch: 119/150 Iter: 55/96 loss: 0.1061 acc: 0.9439 time 0.76s
Epoch: 119/150 Iter: 56/96 loss: 0.1079 acc: 0.9427 time 1.46s
Epoch: 119/150 Iter: 57/96 loss: 0.1066 acc: 0.9437 time 0.79s
Epoch: 119/150 Iter: 58/96 loss: 0.1055 acc: 0.9447 time 0.89s
Epoch: 119/150 Iter: 59/96 loss: 0.1039 acc: 0.9456 time 0.92s
Epoch: 119/150 Iter: 60/96 loss: 0.1050 acc: 0.9396 time 0.74s
Epoch: 119/150 Iter: 61/96 loss: 0.1131 acc: 0.9333 time 0.75s
Epoch: 119/150 Iter: 62/96 loss: 0.1114 acc: 0.9344 time 0.90s
Epoch: 119/150 Iter: 63/96 loss: 0.1098 acc: 0.9354 time 1.43s
Epoch: 119/150 Iter: 64/96 loss: 0.1083 acc: 0.9364 time 0.87s
Epoch: 119/150 Iter: 65/96 loss: 0.1069 acc: 0.9374 time 1.47s
Epoch: 119/150 Iter: 66/96 loss: 0.1110 acc: 0.9364 time 1.41s
Epoch: 119/150 Iter: 67/96 loss: 0.1100 acc: 0.9374 time 0.77s
Epoch: 119/150 Iter: 68/96 loss: 0.1103 acc: 0.9322 time 1.47s
Epoch: 119/150 Iter: 69/96 loss: 0.1106 acc: 0.9332 time 1.45s
Epoch: 119/150 Iter: 70/96 loss: 0.1091 acc: 0.9341 time 1.41s
Epoch: 119/150 Iter: 71/96 loss: 0.1087 acc: 0.9351 time 1.42s
Epoch: 119/150 Iter: 72/96 loss: 0.1073 acc: 0.9360 time 0.94s
Epoch: 119/150 Iter: 73/96 loss: 0.1061 acc: 0.9368 time 1.47s
Epoch: 119/150 Iter: 74/96 loss: 0.1079 acc: 0.9343 time 1.48s
Epoch: 119/150 Iter: 75/96 loss: 0.1111 acc: 0.9330 time 0.86s
Epoch: 119/150 Iter: 76/96 loss: 0.1107 acc: 0.9338 time 1.43s
Epoch: 119/150 Iter: 77/96 loss: 0.1169 acc: 0.9289 time 0.77s
Epoch: 119/150 Iter: 78/96 loss: 0.1156 acc: 0.9298 time 1.42s
Epoch: 119/150 Iter: 79/96 loss: 0.1147 acc: 0.9307 time 0.72s
Epoch: 119/150 Iter: 80/96 loss: 0.1135 acc: 0.9316 time 0.88s
Epoch: 119/150 Iter: 81/96 loss: 0.1204 acc: 0.9267 time 1.37s
Epoch: 119/150 Iter: 82/96 loss: 0.1190 acc: 0.9276 time 0.70s
Epoch: 119/150 Iter: 83/96 loss: 0.1176 acc: 0.9284 time 0.70s
Epoch: 119/150 Iter: 84/96 loss: 0.1164 acc: 0.9293 time 1.38s
Epoch: 119/150 Iter: 85/96 loss: 0.1175 acc: 0.9287 time 0.76s
Epoch: 119/150 Iter: 86/96 loss: 0.1168 acc: 0.9295 time 1.39s
Epoch: 119/150 Iter: 87/96 loss: 0.1161 acc: 0.9303 time 1.39s
Epoch: 119/150 Iter: 88/96 loss: 0.1159 acc: 0.9311 time 1.35s
Epoch: 119/150 Iter: 89/96 loss: 0.1147 acc: 0.9319 time 1.40s
Epoch: 119/150 Iter: 90/96 loss: 0.1136 acc: 0.9326 time 0.93s
Epoch: 119/150 Iter: 91/96 loss: 0.1160 acc: 0.9320 time 0.79s
Epoch: 119/150 Iter: 92/96 loss: 0.1154 acc: 0.9327 time 1.41s
Epoch: 119/150 Iter: 93/96 loss: 0.1147 acc: 0.9335 time 0.82s
Epoch: 119/150 Iter: 94/96 loss: 0.1137 acc: 0.9342 time 1.40s
Epoch: 119/150 Iter: 95/96 loss: 0.1127 acc: 0.9349 time 0.71s
Epoch: 119/150 Iter: 96/96 loss: 0.1145 acc: 0.9342 time 0.75s
[Train epoch 119] avg_loss=0.1145 avg_acc=0.9342 | per-class [c0: 0.943, c1: 0.967, c2: 0.966]
Final training 119/150, loss: 0.1145, time 104.33s, lr: 0.009235
Accuracy: 0.955
class                  precision    recall   specificity      f1   support
--------------------------------------------------------------------------
0                          0.981     0.943         0.983   0.962       281
1                          0.763     0.967         0.984   0.853        30
2                          0.955     0.966         0.961   0.961       265
*----------------------------------------*
0 Mon Nov 17 19:53:03 2025 Epoch: 120
Epoch: 120/150 Iter: 1/96 loss: 0.0097 acc: 1.0000 time 2.14s
Epoch: 120/150 Iter: 2/96 loss: 0.0657 acc: 0.9444 time 1.47s
Epoch: 120/150 Iter: 3/96 loss: 0.1618 acc: 0.9296 time 0.94s
Epoch: 120/150 Iter: 4/96 loss: 0.1507 acc: 0.9056 time 1.40s
Epoch: 120/150 Iter: 5/96 loss: 0.1363 acc: 0.9244 time 0.75s
Epoch: 120/150 Iter: 6/96 loss: 0.1340 acc: 0.9093 time 1.46s
Epoch: 120/150 Iter: 7/96 loss: 0.1368 acc: 0.8984 time 0.80s
Epoch: 120/150 Iter: 8/96 loss: 0.1354 acc: 0.8903 time 0.94s
Epoch: 120/150 Iter: 9/96 loss: 0.1218 acc: 0.9025 time 0.80s
Epoch: 120/150 Iter: 10/96 loss: 0.1224 acc: 0.8956 time 0.93s
Epoch: 120/150 Iter: 11/96 loss: 0.1370 acc: 0.8672 time 0.76s
Epoch: 120/150 Iter: 12/96 loss: 0.1340 acc: 0.8782 time 0.92s
Epoch: 120/150 Iter: 13/96 loss: 0.1284 acc: 0.8876 time 0.79s
Epoch: 120/150 Iter: 14/96 loss: 0.1205 acc: 0.8956 time 1.45s
Epoch: 120/150 Iter: 15/96 loss: 0.1145 acc: 0.9026 time 0.82s
Epoch: 120/150 Iter: 16/96 loss: 0.1257 acc: 0.8983 time 1.46s
Epoch: 120/150 Iter: 17/96 loss: 0.1191 acc: 0.9042 time 0.83s
Epoch: 120/150 Iter: 18/96 loss: 0.1381 acc: 0.9026 time 0.91s
Epoch: 120/150 Iter: 19/96 loss: 0.1339 acc: 0.9077 time 0.81s
Epoch: 120/150 Iter: 20/96 loss: 0.1292 acc: 0.9124 time 1.45s
Epoch: 120/150 Iter: 21/96 loss: 0.1392 acc: 0.9106 time 1.43s
Epoch: 120/150 Iter: 22/96 loss: 0.1329 acc: 0.9146 time 0.78s
Epoch: 120/150 Iter: 23/96 loss: 0.1407 acc: 0.9135 time 0.90s
Epoch: 120/150 Iter: 24/96 loss: 0.1356 acc: 0.9171 time 0.96s
Epoch: 120/150 Iter: 25/96 loss: 0.1306 acc: 0.9204 time 0.89s
Epoch: 120/150 Iter: 26/96 loss: 0.1298 acc: 0.9235 time 1.47s
Epoch: 120/150 Iter: 27/96 loss: 0.1300 acc: 0.9263 time 1.42s
Epoch: 120/150 Iter: 28/96 loss: 0.1265 acc: 0.9290 time 0.78s
Epoch: 120/150 Iter: 29/96 loss: 0.1232 acc: 0.9314 time 1.47s
Epoch: 120/150 Iter: 30/96 loss: 0.1307 acc: 0.9143 time 1.42s
Epoch: 120/150 Iter: 31/96 loss: 0.1269 acc: 0.9170 time 1.43s
Epoch: 120/150 Iter: 32/96 loss: 0.1316 acc: 0.9161 time 0.88s
Epoch: 120/150 Iter: 33/96 loss: 0.1287 acc: 0.9187 time 0.74s
Epoch: 120/150 Iter: 34/96 loss: 0.1276 acc: 0.9211 time 1.40s
Epoch: 120/150 Iter: 35/96 loss: 0.1255 acc: 0.9233 time 0.91s
Epoch: 120/150 Iter: 36/96 loss: 0.1241 acc: 0.9231 time 0.82s
Epoch: 120/150 Iter: 37/96 loss: 0.1221 acc: 0.9252 time 1.38s
Epoch: 120/150 Iter: 38/96 loss: 0.1196 acc: 0.9272 time 0.93s
Epoch: 120/150 Iter: 39/96 loss: 0.1166 acc: 0.9291 time 0.87s
Epoch: 120/150 Iter: 40/96 loss: 0.1154 acc: 0.9308 time 1.41s
Epoch: 120/150 Iter: 41/96 loss: 0.1143 acc: 0.9325 time 1.47s
Epoch: 120/150 Iter: 42/96 loss: 0.1183 acc: 0.9302 time 1.46s
Epoch: 120/150 Iter: 43/96 loss: 0.1160 acc: 0.9318 time 0.72s
Epoch: 120/150 Iter: 44/96 loss: 0.1139 acc: 0.9333 time 0.87s
Epoch: 120/150 Iter: 45/96 loss: 0.1127 acc: 0.9348 time 0.94s
Epoch: 120/150 Iter: 46/96 loss: 0.1125 acc: 0.9362 time 0.79s
Epoch: 120/150 Iter: 47/96 loss: 0.1103 acc: 0.9376 time 1.43s
Epoch: 120/150 Iter: 48/96 loss: 0.1082 acc: 0.9389 time 1.43s
Epoch: 120/150 Iter: 49/96 loss: 0.1093 acc: 0.9320 time 0.86s
Epoch: 120/150 Iter: 50/96 loss: 0.1090 acc: 0.9333 time 1.42s
Epoch: 120/150 Iter: 51/96 loss: 0.1072 acc: 0.9346 time 1.41s
Epoch: 120/150 Iter: 52/96 loss: 0.1058 acc: 0.9359 time 1.43s
Epoch: 120/150 Iter: 53/96 loss: 0.1039 acc: 0.9371 time 0.87s
Epoch: 120/150 Iter: 54/96 loss: 0.1021 acc: 0.9383 time 0.81s
Epoch: 120/150 Iter: 55/96 loss: 0.1005 acc: 0.9394 time 0.92s
Epoch: 120/150 Iter: 56/96 loss: 0.1002 acc: 0.9405 time 0.92s
Epoch: 120/150 Iter: 57/96 loss: 0.0986 acc: 0.9415 time 1.37s
Epoch: 120/150 Iter: 58/96 loss: 0.1034 acc: 0.9397 time 0.79s
Epoch: 120/150 Iter: 59/96 loss: 0.1033 acc: 0.9407 time 0.75s
Epoch: 120/150 Iter: 60/96 loss: 0.1020 acc: 0.9417 time 1.44s
Epoch: 120/150 Iter: 61/96 loss: 0.1005 acc: 0.9426 time 0.79s
Epoch: 120/150 Iter: 62/96 loss: 0.1010 acc: 0.9418 time 1.42s
Epoch: 120/150 Iter: 63/96 loss: 0.0995 acc: 0.9427 time 0.85s
Epoch: 120/150 Iter: 64/96 loss: 0.1067 acc: 0.9397 time 0.90s
Epoch: 120/150 Iter: 65/96 loss: 0.1059 acc: 0.9406 time 1.46s
Epoch: 120/150 Iter: 66/96 loss: 0.1114 acc: 0.9400 time 0.83s
Epoch: 120/150 Iter: 67/96 loss: 0.1100 acc: 0.9409 time 0.82s
Epoch: 120/150 Iter: 68/96 loss: 0.1089 acc: 0.9417 time 0.79s
Epoch: 120/150 Iter: 69/96 loss: 0.1087 acc: 0.9426 time 1.47s
Epoch: 120/150 Iter: 70/96 loss: 0.1099 acc: 0.9363 time 0.81s
Epoch: 120/150 Iter: 71/96 loss: 0.1087 acc: 0.9372 time 0.75s
Epoch: 120/150 Iter: 72/96 loss: 0.1098 acc: 0.9319 time 1.38s
Epoch: 120/150 Iter: 73/96 loss: 0.1085 acc: 0.9328 time 0.73s
Epoch: 120/150 Iter: 74/96 loss: 0.1122 acc: 0.9270 time 0.89s
Epoch: 120/150 Iter: 75/96 loss: 0.1110 acc: 0.9279 time 0.78s
Epoch: 120/150 Iter: 76/96 loss: 0.1145 acc: 0.9274 time 0.92s
Epoch: 120/150 Iter: 77/96 loss: 0.1131 acc: 0.9284 time 0.79s
Epoch: 120/150 Iter: 78/96 loss: 0.1117 acc: 0.9293 time 0.95s
Epoch: 120/150 Iter: 79/96 loss: 0.1121 acc: 0.9286 time 0.89s
Epoch: 120/150 Iter: 80/96 loss: 0.1114 acc: 0.9295 time 0.77s
Epoch: 120/150 Iter: 81/96 loss: 0.1103 acc: 0.9303 time 0.76s
Epoch: 120/150 Iter: 82/96 loss: 0.1092 acc: 0.9312 time 1.36s
Epoch: 120/150 Iter: 83/96 loss: 0.1080 acc: 0.9320 time 1.38s
Epoch: 120/150 Iter: 84/96 loss: 0.1075 acc: 0.9328 time 1.38s
Epoch: 120/150 Iter: 85/96 loss: 0.1066 acc: 0.9336 time 0.74s
Epoch: 120/150 Iter: 86/96 loss: 0.1057 acc: 0.9344 time 1.39s
Epoch: 120/150 Iter: 87/96 loss: 0.1052 acc: 0.9352 time 1.44s
Epoch: 120/150 Iter: 88/96 loss: 0.1054 acc: 0.9359 time 1.37s
Epoch: 120/150 Iter: 89/96 loss: 0.1044 acc: 0.9366 time 0.71s
Epoch: 120/150 Iter: 90/96 loss: 0.1034 acc: 0.9373 time 0.76s
Epoch: 120/150 Iter: 91/96 loss: 0.1027 acc: 0.9380 time 0.69s
Epoch: 120/150 Iter: 92/96 loss: 0.1040 acc: 0.9341 time 0.76s
Epoch: 120/150 Iter: 93/96 loss: 0.1032 acc: 0.9349 time 0.72s
Epoch: 120/150 Iter: 94/96 loss: 0.1081 acc: 0.9320 time 0.70s
Epoch: 120/150 Iter: 95/96 loss: 0.1085 acc: 0.9327 time 0.70s
Epoch: 120/150 Iter: 96/96 loss: 0.1098 acc: 0.9324 time 1.38s
[Train epoch 120] avg_loss=0.1098 avg_acc=0.9324 | per-class [c0: 0.940, c1: 1.000, c2: 0.947]
Final training 120/150, loss: 0.1098, time 101.42s, lr: 0.008688
Accuracy: 0.946
class                  precision    recall   specificity      f1   support
--------------------------------------------------------------------------
0                          0.964     0.940         0.966   0.951       281
1                          0.750     1.000         0.982   0.857        30
2                          0.958     0.947         0.965   0.953       265
*----------------------------------------*
Val 120/150 1/24, Acc: 0.6667, Loss: 18.1780, time 0.43s
Val 120/150 2/24, Acc: 0.7500, Loss: 9.1833, time 0.46s
Val 120/150 3/24, Acc: 0.7222, Loss: 8.2448, time 0.44s
Val 120/150 4/24, Acc: 0.7604, Loss: 7.1871, time 0.44s
Val 120/150 5/24, Acc: 0.8083, Loss: 5.7733, time 0.52s
Val 120/150 6/24, Acc: 0.8403, Loss: 4.8152, time 0.49s
Val 120/150 7/24, Acc: 0.8452, Loss: 4.2010, time 0.43s
Val 120/150 8/24, Acc: 0.8177, Loss: 3.8288, time 0.44s
Val 120/150 9/24, Acc: 0.7639, Loss: 3.6449, time 0.45s
Val 120/150 10/24, Acc: 0.7875, Loss: 3.2807, time 0.56s
Val 120/150 11/24, Acc: 0.7765, Loss: 3.5887, time 0.43s
Val 120/150 12/24, Acc: 0.7396, Loss: 3.3335, time 0.50s
Val 120/150 13/24, Acc: 0.7596, Loss: 3.0853, time 0.51s
Val 120/150 14/24, Acc: 0.7679, Loss: 2.9136, time 0.47s
Val 120/150 15/24, Acc: 0.7556, Loss: 2.7654, time 0.50s
Val 120/150 16/24, Acc: 0.7708, Loss: 2.6027, time 0.42s
Val 120/150 17/24, Acc: 0.7770, Loss: 2.4610, time 0.49s
Val 120/150 18/24, Acc: 0.7894, Loss: 2.3252, time 0.49s
Val 120/150 19/24, Acc: 0.7952, Loss: 2.2207, time 0.45s
Val 120/150 20/24, Acc: 0.7971, Loss: 2.1436, time 0.45s
Val 120/150 21/24, Acc: 0.8067, Loss: 2.0425, time 0.46s
Val 120/150 22/24, Acc: 0.8080, Loss: 1.9767, time 0.54s
Val 120/150 23/24, Acc: 0.7946, Loss: 2.0617, time 0.40s
Val 120/150 24/24, Acc: 0.7892, Loss: 2.2294, time 0.41s
[Val epoch 120] avg_acc=0.7892 | avg_loss=2.2294 | per-class [c0: 0.914, c1: 0.000, c2: 0.879]
Final validation 120/150, Val_acc: 0.7892, time 11.21sAccuracy: 0.847
class                  precision    recall   specificity      f1   support
--------------------------------------------------------------------------
0                          0.810     0.914         0.797   0.859        70
1                          0.000     0.000         1.000   0.000         8
2                          0.892     0.879         0.910   0.885        66
*========================================*
Saving checkpoint outputs/OrganoidsINRIA_reduced/resnet18/2025-11-17-16-11/training/model_final.pt
[EarlyStopping] no improve (11/40)
[EarlyStopping] no improve (36/40)
0 Mon Nov 17 19:55:00 2025 Epoch: 121
Epoch: 121/150 Iter: 1/96 loss: 0.1012 acc: 1.0000 time 2.83s
Epoch: 121/150 Iter: 2/96 loss: 0.1271 acc: 1.0000 time 0.89s
Epoch: 121/150 Iter: 3/96 loss: 0.0979 acc: 1.0000 time 1.39s
Epoch: 121/150 Iter: 4/96 loss: 0.0857 acc: 1.0000 time 1.42s
Epoch: 121/150 Iter: 5/96 loss: 0.0849 acc: 1.0000 time 0.76s
Epoch: 121/150 Iter: 6/96 loss: 0.0723 acc: 1.0000 time 0.89s
Epoch: 121/150 Iter: 7/96 loss: 0.0651 acc: 1.0000 time 0.88s
Epoch: 121/150 Iter: 8/96 loss: 0.0777 acc: 1.0000 time 1.40s
Epoch: 121/150 Iter: 9/96 loss: 0.0937 acc: 0.9556 time 0.77s
Epoch: 121/150 Iter: 10/96 loss: 0.0910 acc: 0.9600 time 1.43s
Epoch: 121/150 Iter: 11/96 loss: 0.0835 acc: 0.9636 time 0.86s
Epoch: 121/150 Iter: 12/96 loss: 0.0792 acc: 0.9667 time 0.80s
Epoch: 121/150 Iter: 13/96 loss: 0.0739 acc: 0.9692 time 1.45s
Epoch: 121/150 Iter: 14/96 loss: 0.0701 acc: 0.9714 time 0.75s
Epoch: 121/150 Iter: 15/96 loss: 0.0660 acc: 0.9733 time 1.44s
Epoch: 121/150 Iter: 16/96 loss: 0.0628 acc: 0.9750 time 0.90s
Epoch: 121/150 Iter: 17/96 loss: 0.0664 acc: 0.9765 time 1.45s
Epoch: 121/150 Iter: 18/96 loss: 0.0696 acc: 0.9685 time 0.94s
Epoch: 121/150 Iter: 19/96 loss: 0.0950 acc: 0.9570 time 1.47s
Epoch: 121/150 Iter: 20/96 loss: 0.1057 acc: 0.9592 time 1.40s
Epoch: 121/150 Iter: 21/96 loss: 0.1036 acc: 0.9611 time 0.78s
Epoch: 121/150 Iter: 22/96 loss: 0.1062 acc: 0.9572 time 1.39s
Epoch: 121/150 Iter: 23/96 loss: 0.1057 acc: 0.9591 time 0.73s
Epoch: 121/150 Iter: 24/96 loss: 0.1268 acc: 0.9469 time 0.78s
Epoch: 121/150 Iter: 25/96 loss: 0.1287 acc: 0.9490 time 0.78s
Epoch: 121/150 Iter: 26/96 loss: 0.1241 acc: 0.9510 time 0.86s
Epoch: 121/150 Iter: 27/96 loss: 0.1242 acc: 0.9491 time 1.46s
Epoch: 121/150 Iter: 28/96 loss: 0.1202 acc: 0.9509 time 1.41s
Epoch: 121/150 Iter: 29/96 loss: 0.1192 acc: 0.9526 time 0.78s
Epoch: 121/150 Iter: 30/96 loss: 0.1159 acc: 0.9542 time 0.77s
Epoch: 121/150 Iter: 31/96 loss: 0.1141 acc: 0.9556 time 1.41s
Epoch: 121/150 Iter: 32/96 loss: 0.1181 acc: 0.9414 time 0.87s
Epoch: 121/150 Iter: 33/96 loss: 0.1184 acc: 0.9398 time 0.77s
Epoch: 121/150 Iter: 34/96 loss: 0.1158 acc: 0.9416 time 0.77s
Epoch: 121/150 Iter: 35/96 loss: 0.1129 acc: 0.9433 time 1.39s
Epoch: 121/150 Iter: 36/96 loss: 0.1145 acc: 0.9379 time 0.88s
Epoch: 121/150 Iter: 37/96 loss: 0.1119 acc: 0.9396 time 1.45s
Epoch: 121/150 Iter: 38/96 loss: 0.1125 acc: 0.9412 time 0.85s
Epoch: 121/150 Iter: 39/96 loss: 0.1137 acc: 0.9398 time 0.87s
Epoch: 121/150 Iter: 40/96 loss: 0.1126 acc: 0.9413 time 1.47s
Epoch: 121/150 Iter: 41/96 loss: 0.1106 acc: 0.9428 time 0.82s
Epoch: 121/150 Iter: 42/96 loss: 0.1168 acc: 0.9411 time 1.47s
Epoch: 121/150 Iter: 43/96 loss: 0.1148 acc: 0.9425 time 0.78s
Epoch: 121/150 Iter: 44/96 loss: 0.1124 acc: 0.9438 time 0.77s
Epoch: 121/150 Iter: 45/96 loss: 0.1127 acc: 0.9451 time 0.86s
Epoch: 121/150 Iter: 46/96 loss: 0.1127 acc: 0.9463 time 0.80s
Epoch: 121/150 Iter: 47/96 loss: 0.1118 acc: 0.9474 time 1.44s
Epoch: 121/150 Iter: 48/96 loss: 0.1149 acc: 0.9450 time 1.45s
Epoch: 121/150 Iter: 49/96 loss: 0.1135 acc: 0.9461 time 0.79s
Epoch: 121/150 Iter: 50/96 loss: 0.1120 acc: 0.9472 time 1.43s
Epoch: 121/150 Iter: 51/96 loss: 0.1111 acc: 0.9483 time 1.43s
Epoch: 121/150 Iter: 52/96 loss: 0.1091 acc: 0.9493 time 0.91s
Epoch: 121/150 Iter: 53/96 loss: 0.1076 acc: 0.9502 time 0.91s
Epoch: 121/150 Iter: 54/96 loss: 0.1103 acc: 0.9511 time 1.46s
Epoch: 121/150 Iter: 55/96 loss: 0.1084 acc: 0.9520 time 0.85s
Epoch: 121/150 Iter: 56/96 loss: 0.1069 acc: 0.9529 time 1.47s
Epoch: 121/150 Iter: 57/96 loss: 0.1053 acc: 0.9537 time 0.90s
Epoch: 121/150 Iter: 58/96 loss: 0.1035 acc: 0.9545 time 1.43s
Epoch: 121/150 Iter: 59/96 loss: 0.1020 acc: 0.9553 time 0.75s
Epoch: 121/150 Iter: 60/96 loss: 0.1006 acc: 0.9560 time 0.79s
Epoch: 121/150 Iter: 61/96 loss: 0.0991 acc: 0.9567 time 0.92s
Epoch: 121/150 Iter: 62/96 loss: 0.1021 acc: 0.9507 time 1.46s
Epoch: 121/150 Iter: 63/96 loss: 0.1009 acc: 0.9515 time 0.89s
Epoch: 121/150 Iter: 64/96 loss: 0.0996 acc: 0.9523 time 0.84s
Epoch: 121/150 Iter: 65/96 loss: 0.1084 acc: 0.9453 time 0.78s
Epoch: 121/150 Iter: 66/96 loss: 0.1068 acc: 0.9461 time 1.40s
Epoch: 121/150 Iter: 67/96 loss: 0.1055 acc: 0.9469 time 0.86s
Epoch: 121/150 Iter: 68/96 loss: 0.1045 acc: 0.9477 time 0.91s
Epoch: 121/150 Iter: 69/96 loss: 0.1032 acc: 0.9485 time 0.79s
Epoch: 121/150 Iter: 70/96 loss: 0.1047 acc: 0.9433 time 1.46s
Epoch: 121/150 Iter: 71/96 loss: 0.1041 acc: 0.9441 time 1.43s
Epoch: 121/150 Iter: 72/96 loss: 0.1071 acc: 0.9433 time 0.76s
Epoch: 121/150 Iter: 73/96 loss: 0.1062 acc: 0.9441 time 0.88s
Epoch: 121/150 Iter: 74/96 loss: 0.1048 acc: 0.9448 time 0.88s
Epoch: 121/150 Iter: 75/96 loss: 0.1174 acc: 0.9396 time 0.88s
Epoch: 121/150 Iter: 76/96 loss: 0.1159 acc: 0.9404 time 1.37s
Epoch: 121/150 Iter: 77/96 loss: 0.1145 acc: 0.9412 time 0.85s
Epoch: 121/150 Iter: 78/96 loss: 0.1155 acc: 0.9377 time 0.87s
Epoch: 121/150 Iter: 79/96 loss: 0.1145 acc: 0.9385 time 0.80s
Epoch: 121/150 Iter: 80/96 loss: 0.1148 acc: 0.9372 time 1.44s
Epoch: 121/150 Iter: 81/96 loss: 0.1136 acc: 0.9379 time 0.74s
Epoch: 121/150 Iter: 82/96 loss: 0.1123 acc: 0.9387 time 1.38s
Epoch: 121/150 Iter: 83/96 loss: 0.1116 acc: 0.9394 time 1.39s
Epoch: 121/150 Iter: 84/96 loss: 0.1153 acc: 0.9382 time 1.37s
Epoch: 121/150 Iter: 85/96 loss: 0.1142 acc: 0.9389 time 0.75s
Epoch: 121/150 Iter: 86/96 loss: 0.1131 acc: 0.9396 time 0.76s
Epoch: 121/150 Iter: 87/96 loss: 0.1121 acc: 0.9403 time 1.36s
Epoch: 121/150 Iter: 88/96 loss: 0.1119 acc: 0.9410 time 0.75s
Epoch: 121/150 Iter: 89/96 loss: 0.1198 acc: 0.9379 time 0.71s
Epoch: 121/150 Iter: 90/96 loss: 0.1185 acc: 0.9386 time 1.41s
Epoch: 121/150 Iter: 91/96 loss: 0.1180 acc: 0.9393 time 0.71s
Epoch: 121/150 Iter: 92/96 loss: 0.1261 acc: 0.9339 time 1.38s
Epoch: 121/150 Iter: 93/96 loss: 0.1254 acc: 0.9346 time 1.36s
Epoch: 121/150 Iter: 94/96 loss: 0.1242 acc: 0.9353 time 0.75s
Epoch: 121/150 Iter: 95/96 loss: 0.1236 acc: 0.9360 time 0.70s
Epoch: 121/150 Iter: 96/96 loss: 0.1228 acc: 0.9366 time 0.71s
[Train epoch 121] avg_loss=0.1228 avg_acc=0.9366 | per-class [c0: 0.961, c1: 0.933, c2: 0.962]
Final training 121/150, loss: 0.1228, time 102.87s, lr: 0.008156
Accuracy: 0.960
class                  precision    recall   specificity      f1   support
--------------------------------------------------------------------------
0                          0.993     0.961         0.993   0.976       280
1                          0.718     0.933         0.980   0.812        30
2                          0.962     0.962         0.968   0.962       266
*----------------------------------------*
0 Mon Nov 17 19:56:43 2025 Epoch: 122
Epoch: 122/150 Iter: 1/96 loss: 0.0329 acc: 1.0000 time 1.73s
Epoch: 122/150 Iter: 2/96 loss: 0.0348 acc: 1.0000 time 0.90s
Epoch: 122/150 Iter: 3/96 loss: 0.0245 acc: 1.0000 time 0.90s
Epoch: 122/150 Iter: 4/96 loss: 0.0802 acc: 0.9688 time 0.76s
Epoch: 122/150 Iter: 5/96 loss: 0.1105 acc: 0.9550 time 0.89s
Epoch: 122/150 Iter: 6/96 loss: 0.0937 acc: 0.9625 time 0.91s
Epoch: 122/150 Iter: 7/96 loss: 0.0811 acc: 0.9679 time 1.43s
Epoch: 122/150 Iter: 8/96 loss: 0.0755 acc: 0.9719 time 0.88s
Epoch: 122/150 Iter: 9/96 loss: 0.0744 acc: 0.9750 time 0.92s
Epoch: 122/150 Iter: 10/96 loss: 0.0678 acc: 0.9775 time 0.89s
Epoch: 122/150 Iter: 11/96 loss: 0.0671 acc: 0.9795 time 0.79s
Epoch: 122/150 Iter: 12/96 loss: 0.0632 acc: 0.9812 time 0.74s
Epoch: 122/150 Iter: 13/96 loss: 0.0597 acc: 0.9827 time 0.78s
Epoch: 122/150 Iter: 14/96 loss: 0.0572 acc: 0.9839 time 0.78s
Epoch: 122/150 Iter: 15/96 loss: 0.0550 acc: 0.9850 time 0.77s
Epoch: 122/150 Iter: 16/96 loss: 0.0524 acc: 0.9859 time 0.78s
Epoch: 122/150 Iter: 17/96 loss: 0.0496 acc: 0.9868 time 0.94s
Epoch: 122/150 Iter: 18/96 loss: 0.0649 acc: 0.9644 time 1.43s
Epoch: 122/150 Iter: 19/96 loss: 0.0636 acc: 0.9662 time 1.45s
Epoch: 122/150 Iter: 20/96 loss: 0.0610 acc: 0.9679 time 0.87s
Epoch: 122/150 Iter: 21/96 loss: 0.0609 acc: 0.9694 time 1.44s
Epoch: 122/150 Iter: 22/96 loss: 0.0585 acc: 0.9708 time 1.43s
Epoch: 122/150 Iter: 23/96 loss: 0.0683 acc: 0.9721 time 1.45s
Epoch: 122/150 Iter: 24/96 loss: 0.0656 acc: 0.9733 time 0.77s
Epoch: 122/150 Iter: 25/96 loss: 0.0689 acc: 0.9693 time 0.78s
Epoch: 122/150 Iter: 26/96 loss: 0.0663 acc: 0.9705 time 0.91s
Epoch: 122/150 Iter: 27/96 loss: 0.0724 acc: 0.9654 time 1.46s
Epoch: 122/150 Iter: 28/96 loss: 0.0711 acc: 0.9667 time 0.73s
Epoch: 122/150 Iter: 29/96 loss: 0.0764 acc: 0.9678 time 1.44s
Epoch: 122/150 Iter: 30/96 loss: 0.0748 acc: 0.9689 time 1.47s
Epoch: 122/150 Iter: 31/96 loss: 0.0724 acc: 0.9699 time 0.88s
Epoch: 122/150 Iter: 32/96 loss: 0.0712 acc: 0.9708 time 1.41s
Epoch: 122/150 Iter: 33/96 loss: 0.0696 acc: 0.9717 time 1.41s
Epoch: 122/150 Iter: 34/96 loss: 0.0679 acc: 0.9725 time 0.80s
Epoch: 122/150 Iter: 35/96 loss: 0.0667 acc: 0.9733 time 0.78s
Epoch: 122/150 Iter: 36/96 loss: 0.0650 acc: 0.9741 time 0.83s
Epoch: 122/150 Iter: 37/96 loss: 0.0636 acc: 0.9748 time 0.83s
Epoch: 122/150 Iter: 38/96 loss: 0.0624 acc: 0.9754 time 0.78s
Epoch: 122/150 Iter: 39/96 loss: 0.0678 acc: 0.9654 time 1.40s
Epoch: 122/150 Iter: 40/96 loss: 0.0664 acc: 0.9663 time 0.75s
Epoch: 122/150 Iter: 41/96 loss: 0.0667 acc: 0.9671 time 0.80s
Epoch: 122/150 Iter: 42/96 loss: 0.0659 acc: 0.9679 time 1.48s
Epoch: 122/150 Iter: 43/96 loss: 0.0652 acc: 0.9686 time 1.40s
Epoch: 122/150 Iter: 44/96 loss: 0.0751 acc: 0.9670 time 0.88s
Epoch: 122/150 Iter: 45/96 loss: 0.0746 acc: 0.9678 time 1.46s
Epoch: 122/150 Iter: 46/96 loss: 0.0771 acc: 0.9576 time 0.84s
Epoch: 122/150 Iter: 47/96 loss: 0.0887 acc: 0.9461 time 0.79s
Epoch: 122/150 Iter: 48/96 loss: 0.0874 acc: 0.9472 time 1.48s
Epoch: 122/150 Iter: 49/96 loss: 0.0868 acc: 0.9483 time 1.47s
Epoch: 122/150 Iter: 50/96 loss: 0.0852 acc: 0.9493 time 1.45s
Epoch: 122/150 Iter: 51/96 loss: 0.0962 acc: 0.9416 time 0.74s
Epoch: 122/150 Iter: 52/96 loss: 0.0945 acc: 0.9427 time 0.90s
Epoch: 122/150 Iter: 53/96 loss: 0.0943 acc: 0.9438 time 0.80s
Epoch: 122/150 Iter: 54/96 loss: 0.0930 acc: 0.9449 time 0.91s
Epoch: 122/150 Iter: 55/96 loss: 0.0923 acc: 0.9459 time 0.83s
Epoch: 122/150 Iter: 56/96 loss: 0.0908 acc: 0.9468 time 0.86s
Epoch: 122/150 Iter: 57/96 loss: 0.0895 acc: 0.9478 time 0.80s
Epoch: 122/150 Iter: 58/96 loss: 0.0982 acc: 0.9400 time 0.74s
Epoch: 122/150 Iter: 59/96 loss: 0.0981 acc: 0.9411 time 1.46s
Epoch: 122/150 Iter: 60/96 loss: 0.0965 acc: 0.9420 time 0.87s
Epoch: 122/150 Iter: 61/96 loss: 0.0988 acc: 0.9389 time 0.90s
Epoch: 122/150 Iter: 62/96 loss: 0.0987 acc: 0.9372 time 1.45s
Epoch: 122/150 Iter: 63/96 loss: 0.0978 acc: 0.9382 time 1.49s
Epoch: 122/150 Iter: 64/96 loss: 0.0969 acc: 0.9391 time 0.77s
Epoch: 122/150 Iter: 65/96 loss: 0.0972 acc: 0.9401 time 0.77s
Epoch: 122/150 Iter: 66/96 loss: 0.0966 acc: 0.9410 time 0.82s
Epoch: 122/150 Iter: 67/96 loss: 0.0967 acc: 0.9419 time 1.45s
Epoch: 122/150 Iter: 68/96 loss: 0.0956 acc: 0.9427 time 0.84s
Epoch: 122/150 Iter: 69/96 loss: 0.1019 acc: 0.9371 time 1.44s
Epoch: 122/150 Iter: 70/96 loss: 0.1010 acc: 0.9380 time 1.42s
Epoch: 122/150 Iter: 71/96 loss: 0.1046 acc: 0.9318 time 1.45s
Epoch: 122/150 Iter: 72/96 loss: 0.1036 acc: 0.9328 time 0.78s
Epoch: 122/150 Iter: 73/96 loss: 0.1033 acc: 0.9337 time 0.74s
Epoch: 122/150 Iter: 74/96 loss: 0.1020 acc: 0.9346 time 0.86s
Epoch: 122/150 Iter: 75/96 loss: 0.1017 acc: 0.9340 time 1.45s
Epoch: 122/150 Iter: 76/96 loss: 0.1013 acc: 0.9349 time 0.86s
Epoch: 122/150 Iter: 77/96 loss: 0.1037 acc: 0.9335 time 0.80s
Epoch: 122/150 Iter: 78/96 loss: 0.1037 acc: 0.9344 time 1.39s
Epoch: 122/150 Iter: 79/96 loss: 0.1058 acc: 0.9331 time 0.77s
Epoch: 122/150 Iter: 80/96 loss: 0.1052 acc: 0.9340 time 0.89s
Epoch: 122/150 Iter: 81/96 loss: 0.1046 acc: 0.9348 time 1.41s
Epoch: 122/150 Iter: 82/96 loss: 0.1042 acc: 0.9356 time 0.69s
Epoch: 122/150 Iter: 83/96 loss: 0.1060 acc: 0.9310 time 0.75s
Epoch: 122/150 Iter: 84/96 loss: 0.1049 acc: 0.9318 time 1.38s
Epoch: 122/150 Iter: 85/96 loss: 0.1038 acc: 0.9326 time 0.77s
Epoch: 122/150 Iter: 86/96 loss: 0.1027 acc: 0.9334 time 0.73s
Epoch: 122/150 Iter: 87/96 loss: 0.1017 acc: 0.9342 time 1.38s
Epoch: 122/150 Iter: 88/96 loss: 0.1008 acc: 0.9349 time 0.77s
Epoch: 122/150 Iter: 89/96 loss: 0.1022 acc: 0.9356 time 1.45s
Epoch: 122/150 Iter: 90/96 loss: 0.1020 acc: 0.9364 time 1.45s
Epoch: 122/150 Iter: 91/96 loss: 0.1018 acc: 0.9371 time 1.44s
Epoch: 122/150 Iter: 92/96 loss: 0.1008 acc: 0.9377 time 0.95s
Epoch: 122/150 Iter: 93/96 loss: 0.1387 acc: 0.9348 time 0.79s
Epoch: 122/150 Iter: 94/96 loss: 0.1372 acc: 0.9355 time 1.40s
Epoch: 122/150 Iter: 95/96 loss: 0.1362 acc: 0.9362 time 0.75s
Epoch: 122/150 Iter: 96/96 loss: 0.1348 acc: 0.9369 time 1.39s
[Train epoch 122] avg_loss=0.1348 avg_acc=0.9369 | per-class [c0: 0.954, c1: 0.967, c2: 0.970]
Final training 122/150, loss: 0.1348, time 101.15s, lr: 0.007639
Accuracy: 0.962
class                  precision    recall   specificity      f1   support
--------------------------------------------------------------------------
0                          0.985     0.954         0.986   0.969       280
1                          0.763     0.967         0.984   0.853        30
2                          0.966     0.970         0.971   0.968       266
*----------------------------------------*
Val 122/150 1/24, Acc: 0.6667, Loss: 18.7900, time 0.45s
Val 122/150 2/24, Acc: 0.8333, Loss: 9.4542, time 0.43s
Val 122/150 3/24, Acc: 0.8889, Loss: 6.3422, time 0.42s
Val 122/150 4/24, Acc: 0.8854, Loss: 5.5648, time 0.43s
Val 122/150 5/24, Acc: 0.9083, Loss: 4.4690, time 0.51s
Val 122/150 6/24, Acc: 0.9236, Loss: 3.7259, time 0.46s
Val 122/150 7/24, Acc: 0.9167, Loss: 3.2701, time 0.48s
Val 122/150 8/24, Acc: 0.8802, Loss: 2.9860, time 0.42s
Val 122/150 9/24, Acc: 0.8824, Loss: 2.6684, time 0.44s
Val 122/150 10/24, Acc: 0.8942, Loss: 2.4020, time 0.52s
Val 122/150 11/24, Acc: 0.9038, Loss: 2.1912, time 0.42s
Val 122/150 12/24, Acc: 0.8563, Loss: 2.0574, time 0.46s
Val 122/150 13/24, Acc: 0.8673, Loss: 1.9009, time 0.48s
Val 122/150 14/24, Acc: 0.8679, Loss: 1.8161, time 0.45s
Val 122/150 15/24, Acc: 0.8711, Loss: 1.7020, time 0.52s
Val 122/150 16/24, Acc: 0.8667, Loss: 1.6214, time 0.47s
Val 122/150 17/24, Acc: 0.8672, Loss: 1.5357, time 0.51s
Val 122/150 18/24, Acc: 0.8745, Loss: 1.4515, time 0.46s
Val 122/150 19/24, Acc: 0.8759, Loss: 1.3908, time 0.44s
Val 122/150 20/24, Acc: 0.8599, Loss: 1.3705, time 0.46s
Val 122/150 21/24, Acc: 0.8665, Loss: 1.3057, time 0.46s
Val 122/150 22/24, Acc: 0.8650, Loss: 1.2736, time 0.54s
Val 122/150 23/24, Acc: 0.8636, Loss: 1.2419, time 0.40s
Val 122/150 24/24, Acc: 0.8554, Loss: 1.3089, time 0.41s
[Val epoch 122] avg_acc=0.8554 | avg_loss=1.3089 | per-class [c0: 0.886, c1: 0.750, c2: 0.879]
Final validation 122/150, Val_acc: 0.8554, time 11.04sAccuracy: 0.875
class                  precision    recall   specificity      f1   support
--------------------------------------------------------------------------
0                          0.899     0.886         0.905   0.892        70
1                          0.667     0.750         0.978   0.706         8
2                          0.879     0.879         0.897   0.879        66
*========================================*
Saving checkpoint outputs/OrganoidsINRIA_reduced/resnet18/2025-11-17-16-11/training/model_final.pt
[EarlyStopping] no improve (12/40)
[EarlyStopping] no improve (37/40)
0 Mon Nov 17 19:58:40 2025 Epoch: 123
Epoch: 123/150 Iter: 1/96 loss: 0.0078 acc: 1.0000 time 2.04s
Epoch: 123/150 Iter: 2/96 loss: 0.0669 acc: 1.0000 time 1.46s
Epoch: 123/150 Iter: 3/96 loss: 0.0459 acc: 1.0000 time 0.86s
Epoch: 123/150 Iter: 4/96 loss: 0.0367 acc: 1.0000 time 0.76s
Epoch: 123/150 Iter: 5/96 loss: 0.3576 acc: 0.9167 time 1.46s
Epoch: 123/150 Iter: 6/96 loss: 0.3178 acc: 0.9306 time 0.88s
Epoch: 123/150 Iter: 7/96 loss: 0.2825 acc: 0.9405 time 0.80s
Epoch: 123/150 Iter: 8/96 loss: 0.3765 acc: 0.8979 time 0.86s
Epoch: 123/150 Iter: 9/96 loss: 0.3393 acc: 0.9093 time 1.41s
Epoch: 123/150 Iter: 10/96 loss: 0.3206 acc: 0.9017 time 1.37s
Epoch: 123/150 Iter: 11/96 loss: 0.3088 acc: 0.8955 time 0.95s
Epoch: 123/150 Iter: 12/96 loss: 0.3381 acc: 0.8938 time 1.41s
Epoch: 123/150 Iter: 13/96 loss: 0.3139 acc: 0.9019 time 1.46s
Epoch: 123/150 Iter: 14/96 loss: 0.2938 acc: 0.9089 time 0.93s
Epoch: 123/150 Iter: 15/96 loss: 0.2765 acc: 0.9150 time 0.96s
Epoch: 123/150 Iter: 16/96 loss: 0.2644 acc: 0.9203 time 0.73s
Epoch: 123/150 Iter: 17/96 loss: 0.2898 acc: 0.9005 time 1.44s
Epoch: 123/150 Iter: 18/96 loss: 0.2743 acc: 0.9060 time 0.77s
Epoch: 123/150 Iter: 19/96 loss: 0.2640 acc: 0.9110 time 0.78s
Epoch: 123/150 Iter: 20/96 loss: 0.2554 acc: 0.9154 time 1.42s
Epoch: 123/150 Iter: 21/96 loss: 0.2703 acc: 0.8996 time 1.40s
Epoch: 123/150 Iter: 22/96 loss: 0.2584 acc: 0.9042 time 1.48s
Epoch: 123/150 Iter: 23/96 loss: 0.2480 acc: 0.9083 time 0.84s
Epoch: 123/150 Iter: 24/96 loss: 0.2394 acc: 0.9122 time 1.42s
Epoch: 123/150 Iter: 25/96 loss: 0.2340 acc: 0.9157 time 1.46s
Epoch: 123/150 Iter: 26/96 loss: 0.2250 acc: 0.9189 time 1.42s
Epoch: 123/150 Iter: 27/96 loss: 0.2218 acc: 0.9173 time 0.80s
Epoch: 123/150 Iter: 28/96 loss: 0.2157 acc: 0.9202 time 0.94s
Epoch: 123/150 Iter: 29/96 loss: 0.2091 acc: 0.9230 time 0.84s
Epoch: 123/150 Iter: 30/96 loss: 0.2070 acc: 0.9256 time 0.87s
Epoch: 123/150 Iter: 31/96 loss: 0.2010 acc: 0.9280 time 0.77s
Epoch: 123/150 Iter: 32/96 loss: 0.1957 acc: 0.9302 time 1.42s
Epoch: 123/150 Iter: 33/96 loss: 0.1900 acc: 0.9323 time 0.88s
Epoch: 123/150 Iter: 34/96 loss: 0.1846 acc: 0.9343 time 0.79s
Epoch: 123/150 Iter: 35/96 loss: 0.1795 acc: 0.9362 time 1.43s
Epoch: 123/150 Iter: 36/96 loss: 0.1746 acc: 0.9380 time 1.45s
Epoch: 123/150 Iter: 37/96 loss: 0.1712 acc: 0.9396 time 0.78s
Epoch: 123/150 Iter: 38/96 loss: 0.1675 acc: 0.9412 time 1.41s
Epoch: 123/150 Iter: 39/96 loss: 0.1646 acc: 0.9427 time 1.43s
Epoch: 123/150 Iter: 40/96 loss: 0.1613 acc: 0.9442 time 1.45s
Epoch: 123/150 Iter: 41/96 loss: 0.1596 acc: 0.9455 time 0.75s
Epoch: 123/150 Iter: 42/96 loss: 0.1654 acc: 0.9409 time 0.78s
Epoch: 123/150 Iter: 43/96 loss: 0.1647 acc: 0.9319 time 1.43s
Epoch: 123/150 Iter: 44/96 loss: 0.1631 acc: 0.9335 time 0.76s
Epoch: 123/150 Iter: 45/96 loss: 0.1633 acc: 0.9349 time 0.76s
Epoch: 123/150 Iter: 46/96 loss: 0.1613 acc: 0.9364 time 1.43s
Epoch: 123/150 Iter: 47/96 loss: 0.1581 acc: 0.9377 time 0.88s
Epoch: 123/150 Iter: 48/96 loss: 0.1549 acc: 0.9390 time 0.88s
Epoch: 123/150 Iter: 49/96 loss: 0.1528 acc: 0.9402 time 0.78s
Epoch: 123/150 Iter: 50/96 loss: 0.1515 acc: 0.9414 time 1.46s
Epoch: 123/150 Iter: 51/96 loss: 0.1631 acc: 0.9317 time 0.92s
Epoch: 123/150 Iter: 52/96 loss: 0.1624 acc: 0.9330 time 0.92s
Epoch: 123/150 Iter: 53/96 loss: 0.1684 acc: 0.9248 time 0.88s
Epoch: 123/150 Iter: 54/96 loss: 0.1666 acc: 0.9262 time 1.43s
Epoch: 123/150 Iter: 55/96 loss: 0.1720 acc: 0.9155 time 0.80s
Epoch: 123/150 Iter: 56/96 loss: 0.1703 acc: 0.9170 time 0.93s
Epoch: 123/150 Iter: 57/96 loss: 0.1679 acc: 0.9184 time 1.45s
Epoch: 123/150 Iter: 58/96 loss: 0.1668 acc: 0.9198 time 1.42s
Epoch: 123/150 Iter: 59/96 loss: 0.1649 acc: 0.9212 time 1.46s
Epoch: 123/150 Iter: 60/96 loss: 0.1623 acc: 0.9225 time 0.78s
Epoch: 123/150 Iter: 61/96 loss: 0.1603 acc: 0.9238 time 0.90s
Epoch: 123/150 Iter: 62/96 loss: 0.1579 acc: 0.9250 time 0.78s
Epoch: 123/150 Iter: 63/96 loss: 0.1559 acc: 0.9262 time 1.44s
Epoch: 123/150 Iter: 64/96 loss: 0.1536 acc: 0.9273 time 0.95s
Epoch: 123/150 Iter: 65/96 loss: 0.1513 acc: 0.9285 time 0.76s
Epoch: 123/150 Iter: 66/96 loss: 0.1496 acc: 0.9295 time 0.78s
Epoch: 123/150 Iter: 67/96 loss: 0.1475 acc: 0.9306 time 0.97s
Epoch: 123/150 Iter: 68/96 loss: 0.1470 acc: 0.9316 time 1.47s
Epoch: 123/150 Iter: 69/96 loss: 0.1451 acc: 0.9326 time 0.86s
Epoch: 123/150 Iter: 70/96 loss: 0.1438 acc: 0.9336 time 1.44s
Epoch: 123/150 Iter: 71/96 loss: 0.1419 acc: 0.9345 time 1.41s
Epoch: 123/150 Iter: 72/96 loss: 0.1443 acc: 0.9319 time 0.86s
Epoch: 123/150 Iter: 73/96 loss: 0.1425 acc: 0.9329 time 1.45s
Epoch: 123/150 Iter: 74/96 loss: 0.1407 acc: 0.9338 time 0.92s
Epoch: 123/150 Iter: 75/96 loss: 0.1389 acc: 0.9347 time 0.87s
Epoch: 123/150 Iter: 76/96 loss: 0.1377 acc: 0.9355 time 0.81s
Epoch: 123/150 Iter: 77/96 loss: 0.1360 acc: 0.9364 time 1.46s
Epoch: 123/150 Iter: 78/96 loss: 0.1345 acc: 0.9372 time 0.80s
Epoch: 123/150 Iter: 79/96 loss: 0.1332 acc: 0.9380 time 0.87s
Epoch: 123/150 Iter: 80/96 loss: 0.1316 acc: 0.9388 time 0.92s
Epoch: 123/150 Iter: 81/96 loss: 0.1322 acc: 0.9364 time 0.71s
Epoch: 123/150 Iter: 82/96 loss: 0.1351 acc: 0.9321 time 0.76s
Epoch: 123/150 Iter: 83/96 loss: 0.1349 acc: 0.9329 time 0.90s
Epoch: 123/150 Iter: 84/96 loss: 0.1339 acc: 0.9337 time 0.76s
Epoch: 123/150 Iter: 85/96 loss: 0.1324 acc: 0.9345 time 0.75s
Epoch: 123/150 Iter: 86/96 loss: 0.1309 acc: 0.9353 time 0.69s
Epoch: 123/150 Iter: 87/96 loss: 0.1295 acc: 0.9360 time 0.74s
Epoch: 123/150 Iter: 88/96 loss: 0.1281 acc: 0.9367 time 1.38s
Epoch: 123/150 Iter: 89/96 loss: 0.1280 acc: 0.9375 time 1.39s
Epoch: 123/150 Iter: 90/96 loss: 0.1266 acc: 0.9381 time 0.74s
Epoch: 123/150 Iter: 91/96 loss: 0.1255 acc: 0.9388 time 1.35s
Epoch: 123/150 Iter: 92/96 loss: 0.1356 acc: 0.9347 time 0.77s
Epoch: 123/150 Iter: 93/96 loss: 0.1343 acc: 0.9354 time 0.77s
Epoch: 123/150 Iter: 94/96 loss: 0.1356 acc: 0.9349 time 0.74s
Epoch: 123/150 Iter: 95/96 loss: 0.1381 acc: 0.9309 time 0.73s
Epoch: 123/150 Iter: 96/96 loss: 0.1367 acc: 0.9316 time 0.88s
[Train epoch 123] avg_loss=0.1367 avg_acc=0.9316 | per-class [c0: 0.954, c1: 1.000, c2: 0.962]
Final training 123/150, loss: 0.1367, time 101.80s, lr: 0.007138
Accuracy: 0.960
class                  precision    recall   specificity      f1   support
--------------------------------------------------------------------------
0                          0.978     0.954         0.980   0.966       280
1                          0.769     1.000         0.984   0.870        30
2                          0.970     0.962         0.974   0.966       266
*----------------------------------------*
0 Mon Nov 17 20:00:22 2025 Epoch: 124
Epoch: 124/150 Iter: 1/96 loss: 0.0255 acc: 1.0000 time 1.92s
Epoch: 124/150 Iter: 2/96 loss: 0.2779 acc: 0.7917 time 1.46s
Epoch: 124/150 Iter: 3/96 loss: 0.2503 acc: 0.8611 time 0.93s
Epoch: 124/150 Iter: 4/96 loss: 0.2041 acc: 0.8958 time 0.75s
Epoch: 124/150 Iter: 5/96 loss: 0.1633 acc: 0.9167 time 0.80s
Epoch: 124/150 Iter: 6/96 loss: 0.1451 acc: 0.9306 time 1.44s
Epoch: 124/150 Iter: 7/96 loss: 0.1312 acc: 0.9405 time 1.42s
Epoch: 124/150 Iter: 8/96 loss: 0.1168 acc: 0.9479 time 0.71s
Epoch: 124/150 Iter: 9/96 loss: 0.1043 acc: 0.9537 time 0.91s
Epoch: 124/150 Iter: 10/96 loss: 0.1129 acc: 0.9583 time 0.78s
Epoch: 124/150 Iter: 11/96 loss: 0.1033 acc: 0.9621 time 1.44s
Epoch: 124/150 Iter: 12/96 loss: 0.0995 acc: 0.9653 time 0.80s
Epoch: 124/150 Iter: 13/96 loss: 0.0920 acc: 0.9679 time 1.45s
Epoch: 124/150 Iter: 14/96 loss: 0.0903 acc: 0.9702 time 1.42s
Epoch: 124/150 Iter: 15/96 loss: 0.1079 acc: 0.9278 time 0.74s
Epoch: 124/150 Iter: 16/96 loss: 0.1017 acc: 0.9323 time 1.38s
Epoch: 124/150 Iter: 17/96 loss: 0.0962 acc: 0.9363 time 0.90s
Epoch: 124/150 Iter: 18/96 loss: 0.0999 acc: 0.9336 time 1.40s
Epoch: 124/150 Iter: 19/96 loss: 0.1183 acc: 0.9284 time 1.42s
Epoch: 124/150 Iter: 20/96 loss: 0.1181 acc: 0.9319 time 0.79s
Epoch: 124/150 Iter: 21/96 loss: 0.1128 acc: 0.9352 time 1.42s
Epoch: 124/150 Iter: 22/96 loss: 0.1169 acc: 0.9336 time 0.78s
Epoch: 124/150 Iter: 23/96 loss: 0.1125 acc: 0.9365 time 0.93s
Epoch: 124/150 Iter: 24/96 loss: 0.1171 acc: 0.9218 time 0.87s
Epoch: 124/150 Iter: 25/96 loss: 0.1126 acc: 0.9249 time 0.89s
Epoch: 124/150 Iter: 26/96 loss: 0.1094 acc: 0.9278 time 0.87s
Epoch: 124/150 Iter: 27/96 loss: 0.1068 acc: 0.9305 time 1.43s
Epoch: 124/150 Iter: 28/96 loss: 0.1040 acc: 0.9329 time 1.41s
Epoch: 124/150 Iter: 29/96 loss: 0.1025 acc: 0.9352 time 0.83s
Epoch: 124/150 Iter: 30/96 loss: 0.1005 acc: 0.9374 time 0.93s
Epoch: 124/150 Iter: 31/96 loss: 0.1033 acc: 0.9394 time 1.45s
Epoch: 124/150 Iter: 32/96 loss: 0.1046 acc: 0.9413 time 0.92s
Epoch: 124/150 Iter: 33/96 loss: 0.1023 acc: 0.9431 time 0.91s
Epoch: 124/150 Iter: 34/96 loss: 0.1001 acc: 0.9448 time 0.76s
Epoch: 124/150 Iter: 35/96 loss: 0.0976 acc: 0.9463 time 0.85s
Epoch: 124/150 Iter: 36/96 loss: 0.0950 acc: 0.9478 time 0.76s
Epoch: 124/150 Iter: 37/96 loss: 0.0961 acc: 0.9492 time 0.81s
Epoch: 124/150 Iter: 38/96 loss: 0.0937 acc: 0.9506 time 0.76s
Epoch: 124/150 Iter: 39/96 loss: 0.0924 acc: 0.9519 time 1.44s
Epoch: 124/150 Iter: 40/96 loss: 0.0963 acc: 0.9419 time 1.41s
Epoch: 124/150 Iter: 41/96 loss: 0.1044 acc: 0.9393 time 1.43s
Epoch: 124/150 Iter: 42/96 loss: 0.1038 acc: 0.9407 time 1.44s
Epoch: 124/150 Iter: 43/96 loss: 0.1037 acc: 0.9421 time 0.79s
Epoch: 124/150 Iter: 44/96 loss: 0.1019 acc: 0.9434 time 0.87s
Epoch: 124/150 Iter: 45/96 loss: 0.1004 acc: 0.9447 time 0.93s
Epoch: 124/150 Iter: 46/96 loss: 0.0983 acc: 0.9459 time 1.42s
Epoch: 124/150 Iter: 47/96 loss: 0.0968 acc: 0.9470 time 0.84s
Epoch: 124/150 Iter: 48/96 loss: 0.0955 acc: 0.9481 time 0.75s
Epoch: 124/150 Iter: 49/96 loss: 0.0949 acc: 0.9492 time 0.75s
Epoch: 124/150 Iter: 50/96 loss: 0.0936 acc: 0.9502 time 0.82s
Epoch: 124/150 Iter: 51/96 loss: 0.0940 acc: 0.9512 time 1.42s
Epoch: 124/150 Iter: 52/96 loss: 0.0944 acc: 0.9521 time 0.72s
Epoch: 124/150 Iter: 53/96 loss: 0.0954 acc: 0.9499 time 0.81s
Epoch: 124/150 Iter: 54/96 loss: 0.0939 acc: 0.9508 time 0.92s
Epoch: 124/150 Iter: 55/96 loss: 0.0924 acc: 0.9517 time 1.45s
Epoch: 124/150 Iter: 56/96 loss: 0.0918 acc: 0.9526 time 0.79s
Epoch: 124/150 Iter: 57/96 loss: 0.0947 acc: 0.9512 time 1.46s
Epoch: 124/150 Iter: 58/96 loss: 0.0931 acc: 0.9521 time 0.93s
Epoch: 124/150 Iter: 59/96 loss: 0.0924 acc: 0.9529 time 0.85s
Epoch: 124/150 Iter: 60/96 loss: 0.0916 acc: 0.9537 time 0.76s
Epoch: 124/150 Iter: 61/96 loss: 0.0944 acc: 0.9544 time 0.87s
Epoch: 124/150 Iter: 62/96 loss: 0.0931 acc: 0.9552 time 0.96s
Epoch: 124/150 Iter: 63/96 loss: 0.0932 acc: 0.9559 time 0.85s
Epoch: 124/150 Iter: 64/96 loss: 0.0930 acc: 0.9566 time 0.78s
Epoch: 124/150 Iter: 65/96 loss: 0.0917 acc: 0.9572 time 0.86s
Epoch: 124/150 Iter: 66/96 loss: 0.0906 acc: 0.9579 time 0.87s
Epoch: 124/150 Iter: 67/96 loss: 0.0893 acc: 0.9585 time 0.80s
Epoch: 124/150 Iter: 68/96 loss: 0.0881 acc: 0.9591 time 0.81s
Epoch: 124/150 Iter: 69/96 loss: 0.0877 acc: 0.9597 time 0.83s
Epoch: 124/150 Iter: 70/96 loss: 0.0873 acc: 0.9603 time 0.79s
Epoch: 124/150 Iter: 71/96 loss: 0.0964 acc: 0.9530 time 0.79s
Epoch: 124/150 Iter: 72/96 loss: 0.0959 acc: 0.9537 time 0.76s
Epoch: 124/150 Iter: 73/96 loss: 0.0947 acc: 0.9543 time 0.78s
Epoch: 124/150 Iter: 74/96 loss: 0.0936 acc: 0.9549 time 1.41s
Epoch: 124/150 Iter: 75/96 loss: 0.0924 acc: 0.9555 time 0.88s
Epoch: 124/150 Iter: 76/96 loss: 0.0915 acc: 0.9561 time 1.40s
Epoch: 124/150 Iter: 77/96 loss: 0.0920 acc: 0.9567 time 0.96s
Epoch: 124/150 Iter: 78/96 loss: 0.0911 acc: 0.9572 time 1.44s
Epoch: 124/150 Iter: 79/96 loss: 0.1041 acc: 0.9525 time 0.88s
Epoch: 124/150 Iter: 80/96 loss: 0.1029 acc: 0.9531 time 1.45s
Epoch: 124/150 Iter: 81/96 loss: 0.1019 acc: 0.9537 time 1.48s
Epoch: 124/150 Iter: 82/96 loss: 0.1011 acc: 0.9542 time 0.71s
Epoch: 124/150 Iter: 83/96 loss: 0.1023 acc: 0.9548 time 0.70s
Epoch: 124/150 Iter: 84/96 loss: 0.1026 acc: 0.9553 time 1.43s
Epoch: 124/150 Iter: 85/96 loss: 0.1018 acc: 0.9558 time 0.70s
Epoch: 124/150 Iter: 86/96 loss: 0.1058 acc: 0.9544 time 0.69s
Epoch: 124/150 Iter: 87/96 loss: 0.1054 acc: 0.9549 time 0.74s
Epoch: 124/150 Iter: 88/96 loss: 0.1044 acc: 0.9555 time 0.70s
Epoch: 124/150 Iter: 89/96 loss: 0.1034 acc: 0.9560 time 0.69s
Epoch: 124/150 Iter: 90/96 loss: 0.1029 acc: 0.9565 time 1.36s
Epoch: 124/150 Iter: 91/96 loss: 0.1026 acc: 0.9569 time 0.76s
Epoch: 124/150 Iter: 92/96 loss: 0.1073 acc: 0.9547 time 0.74s
Epoch: 124/150 Iter: 93/96 loss: 0.1062 acc: 0.9552 time 0.75s
Epoch: 124/150 Iter: 94/96 loss: 0.1063 acc: 0.9556 time 0.74s
Epoch: 124/150 Iter: 95/96 loss: 0.1053 acc: 0.9561 time 1.36s
Epoch: 124/150 Iter: 96/96 loss: 0.1054 acc: 0.9566 time 0.78s
[Train epoch 124] avg_loss=0.1054 avg_acc=0.9566 | per-class [c0: 0.968, c1: 0.967, c2: 0.977]
Final training 124/150, loss: 0.1054, time 97.02s, lr: 0.006651
Accuracy: 0.972
class                  precision    recall   specificity      f1   support
--------------------------------------------------------------------------
0                          0.982     0.968         0.983   0.975       280
1                          0.829     0.967         0.989   0.892        30
2                          0.981     0.977         0.984   0.979       266
*----------------------------------------*
Val 124/150 1/24, Acc: 0.6667, Loss: 17.6517, time 0.46s
Val 124/150 2/24, Acc: 0.6111, Loss: 8.9709, time 0.44s
Val 124/150 3/24, Acc: 0.7407, Loss: 6.0010, time 0.43s
Val 124/150 4/24, Acc: 0.7743, Loss: 5.2501, time 0.43s
Val 124/150 5/24, Acc: 0.8194, Loss: 4.2106, time 0.48s
Val 124/150 6/24, Acc: 0.8495, Loss: 3.5131, time 0.46s
Val 124/150 7/24, Acc: 0.8532, Loss: 3.1092, time 0.42s
Val 124/150 8/24, Acc: 0.8247, Loss: 2.8392, time 0.43s
Val 124/150 9/24, Acc: 0.8330, Loss: 2.5428, time 0.43s
Val 124/150 10/24, Acc: 0.8497, Loss: 2.2888, time 0.51s
Val 124/150 11/24, Acc: 0.8634, Loss: 2.0856, time 0.41s
Val 124/150 12/24, Acc: 0.8262, Loss: 1.9660, time 0.46s
Val 124/150 13/24, Acc: 0.8395, Loss: 1.8177, time 0.48s
Val 124/150 14/24, Acc: 0.8421, Loss: 1.7385, time 0.45s
Val 124/150 15/24, Acc: 0.8526, Loss: 1.6250, time 0.40s
Val 124/150 16/24, Acc: 0.8493, Loss: 1.5482, time 0.42s
Val 124/150 17/24, Acc: 0.8508, Loss: 1.4675, time 0.49s
Val 124/150 18/24, Acc: 0.8591, Loss: 1.3868, time 0.44s
Val 124/150 19/24, Acc: 0.8613, Loss: 1.3318, time 0.51s
Val 124/150 20/24, Acc: 0.8460, Loss: 1.3182, time 0.54s
Val 124/150 21/24, Acc: 0.8533, Loss: 1.2556, time 0.52s
Val 124/150 22/24, Acc: 0.8524, Loss: 1.2342, time 0.53s
Val 124/150 23/24, Acc: 0.8516, Loss: 1.1977, time 0.39s
Val 124/150 24/24, Acc: 0.8439, Loss: 1.2225, time 0.41s
[Val epoch 124] avg_acc=0.8439 | avg_loss=1.2225 | per-class [c0: 0.900, c1: 0.750, c2: 0.879]
Final validation 124/150, Val_acc: 0.8439, time 10.93sAccuracy: 0.882
class                  precision    recall   specificity      f1   support
--------------------------------------------------------------------------
0                          0.913     0.900         0.919   0.906        70
1                          0.600     0.750         0.971   0.667         8
2                          0.892     0.879         0.910   0.885        66
*========================================*
Saving checkpoint outputs/OrganoidsINRIA_reduced/resnet18/2025-11-17-16-11/training/model_final.pt
[EarlyStopping] no improve (13/40)
[EarlyStopping] no improve (38/40)
0 Mon Nov 17 20:02:14 2025 Epoch: 125
Epoch: 125/150 Iter: 1/96 loss: 0.0406 acc: 1.0000 time 2.06s
Epoch: 125/150 Iter: 2/96 loss: 0.0577 acc: 1.0000 time 0.78s
Epoch: 125/150 Iter: 3/96 loss: 0.0503 acc: 1.0000 time 1.45s
Epoch: 125/150 Iter: 4/96 loss: 0.0791 acc: 0.9583 time 0.76s
Epoch: 125/150 Iter: 5/96 loss: 0.1046 acc: 0.9467 time 1.46s
Epoch: 125/150 Iter: 6/96 loss: 0.1665 acc: 0.9347 time 0.80s
Epoch: 125/150 Iter: 7/96 loss: 0.1431 acc: 0.9440 time 1.41s
Epoch: 125/150 Iter: 8/96 loss: 0.2029 acc: 0.8885 time 1.42s
Epoch: 125/150 Iter: 9/96 loss: 0.1808 acc: 0.9009 time 0.83s
Epoch: 125/150 Iter: 10/96 loss: 0.1668 acc: 0.9108 time 0.77s
Epoch: 125/150 Iter: 11/96 loss: 0.1555 acc: 0.9189 time 0.77s
Epoch: 125/150 Iter: 12/96 loss: 0.1550 acc: 0.8771 time 0.78s
Epoch: 125/150 Iter: 13/96 loss: 0.1434 acc: 0.8865 time 0.91s
Epoch: 125/150 Iter: 14/96 loss: 0.1333 acc: 0.8946 time 0.89s
Epoch: 125/150 Iter: 15/96 loss: 0.1246 acc: 0.9017 time 0.83s
Epoch: 125/150 Iter: 16/96 loss: 0.1203 acc: 0.9078 time 0.77s
Epoch: 125/150 Iter: 17/96 loss: 0.1142 acc: 0.9132 time 0.81s
Epoch: 125/150 Iter: 18/96 loss: 0.1087 acc: 0.9181 time 0.93s
Epoch: 125/150 Iter: 19/96 loss: 0.1031 acc: 0.9224 time 1.43s
Epoch: 125/150 Iter: 20/96 loss: 0.1005 acc: 0.9263 time 1.43s
Epoch: 125/150 Iter: 21/96 loss: 0.0978 acc: 0.9298 time 1.42s
Epoch: 125/150 Iter: 22/96 loss: 0.1003 acc: 0.9330 time 0.83s
Epoch: 125/150 Iter: 23/96 loss: 0.0975 acc: 0.9359 time 1.43s
Epoch: 125/150 Iter: 24/96 loss: 0.0944 acc: 0.9385 time 0.77s
Epoch: 125/150 Iter: 25/96 loss: 0.0971 acc: 0.9232 time 0.84s
Epoch: 125/150 Iter: 26/96 loss: 0.0937 acc: 0.9262 time 0.75s
Epoch: 125/150 Iter: 27/96 loss: 0.0923 acc: 0.9289 time 1.46s
Epoch: 125/150 Iter: 28/96 loss: 0.0900 acc: 0.9314 time 0.94s
Epoch: 125/150 Iter: 29/96 loss: 0.0876 acc: 0.9338 time 0.91s
Epoch: 125/150 Iter: 30/96 loss: 0.0850 acc: 0.9360 time 1.46s
Epoch: 125/150 Iter: 31/96 loss: 0.0846 acc: 0.9381 time 0.94s
Epoch: 125/150 Iter: 32/96 loss: 0.0820 acc: 0.9400 time 0.80s
Epoch: 125/150 Iter: 33/96 loss: 0.0825 acc: 0.9418 time 1.47s
Epoch: 125/150 Iter: 34/96 loss: 0.0802 acc: 0.9435 time 1.44s
Epoch: 125/150 Iter: 35/96 loss: 0.0792 acc: 0.9452 time 1.42s
Epoch: 125/150 Iter: 36/96 loss: 0.0795 acc: 0.9467 time 1.41s
Epoch: 125/150 Iter: 37/96 loss: 0.0827 acc: 0.9414 time 1.42s
Epoch: 125/150 Iter: 38/96 loss: 0.0838 acc: 0.9429 time 1.41s
Epoch: 125/150 Iter: 39/96 loss: 0.0817 acc: 0.9444 time 0.74s
Epoch: 125/150 Iter: 40/96 loss: 0.0804 acc: 0.9458 time 1.48s
Epoch: 125/150 Iter: 41/96 loss: 0.0806 acc: 0.9471 time 1.43s
Epoch: 125/150 Iter: 42/96 loss: 0.0885 acc: 0.9345 time 1.45s
Epoch: 125/150 Iter: 43/96 loss: 0.0880 acc: 0.9360 time 0.97s
Epoch: 125/150 Iter: 44/96 loss: 0.0884 acc: 0.9374 time 1.45s
Epoch: 125/150 Iter: 45/96 loss: 0.0865 acc: 0.9388 time 0.78s
Epoch: 125/150 Iter: 46/96 loss: 0.0846 acc: 0.9402 time 1.44s
Epoch: 125/150 Iter: 47/96 loss: 0.0839 acc: 0.9414 time 0.77s
Epoch: 125/150 Iter: 48/96 loss: 0.0829 acc: 0.9427 time 0.77s
Epoch: 125/150 Iter: 49/96 loss: 0.0813 acc: 0.9438 time 1.46s
Epoch: 125/150 Iter: 50/96 loss: 0.0803 acc: 0.9449 time 1.40s
Epoch: 125/150 Iter: 51/96 loss: 0.0894 acc: 0.9379 time 0.96s
Epoch: 125/150 Iter: 52/96 loss: 0.0887 acc: 0.9390 time 1.44s
Epoch: 125/150 Iter: 53/96 loss: 0.0871 acc: 0.9402 time 1.47s
Epoch: 125/150 Iter: 54/96 loss: 0.0862 acc: 0.9413 time 1.42s
Epoch: 125/150 Iter: 55/96 loss: 0.0851 acc: 0.9424 time 0.78s
Epoch: 125/150 Iter: 56/96 loss: 0.0862 acc: 0.9434 time 0.87s
Epoch: 125/150 Iter: 57/96 loss: 0.0855 acc: 0.9444 time 1.43s
Epoch: 125/150 Iter: 58/96 loss: 0.0846 acc: 0.9454 time 0.73s
Epoch: 125/150 Iter: 59/96 loss: 0.0833 acc: 0.9463 time 0.92s
Epoch: 125/150 Iter: 60/96 loss: 0.0822 acc: 0.9472 time 1.45s
Epoch: 125/150 Iter: 61/96 loss: 0.0833 acc: 0.9415 time 1.43s
Epoch: 125/150 Iter: 62/96 loss: 0.0823 acc: 0.9424 time 1.40s
Epoch: 125/150 Iter: 63/96 loss: 0.0816 acc: 0.9433 time 0.73s
Epoch: 125/150 Iter: 64/96 loss: 0.0807 acc: 0.9442 time 1.42s
Epoch: 125/150 Iter: 65/96 loss: 0.0836 acc: 0.9382 time 1.44s
Epoch: 125/150 Iter: 66/96 loss: 0.0858 acc: 0.9392 time 0.80s
Epoch: 125/150 Iter: 67/96 loss: 0.0864 acc: 0.9401 time 0.77s
Epoch: 125/150 Iter: 68/96 loss: 0.0884 acc: 0.9391 time 0.80s
Epoch: 125/150 Iter: 69/96 loss: 0.0887 acc: 0.9400 time 1.37s
Epoch: 125/150 Iter: 70/96 loss: 0.0892 acc: 0.9409 time 1.44s
Epoch: 125/150 Iter: 71/96 loss: 0.0887 acc: 0.9417 time 0.85s
Epoch: 125/150 Iter: 72/96 loss: 0.0878 acc: 0.9425 time 0.85s
Epoch: 125/150 Iter: 73/96 loss: 0.0869 acc: 0.9433 time 0.93s
Epoch: 125/150 Iter: 74/96 loss: 0.0863 acc: 0.9441 time 1.44s
Epoch: 125/150 Iter: 75/96 loss: 0.0857 acc: 0.9448 time 1.39s
Epoch: 125/150 Iter: 76/96 loss: 0.0848 acc: 0.9455 time 0.79s
Epoch: 125/150 Iter: 77/96 loss: 0.0839 acc: 0.9462 time 0.88s
Epoch: 125/150 Iter: 78/96 loss: 0.0834 acc: 0.9469 time 1.42s
Epoch: 125/150 Iter: 79/96 loss: 0.0824 acc: 0.9476 time 0.92s
Epoch: 125/150 Iter: 80/96 loss: 0.0823 acc: 0.9483 time 0.90s
Epoch: 125/150 Iter: 81/96 loss: 0.0861 acc: 0.9468 time 1.45s
Epoch: 125/150 Iter: 82/96 loss: 0.0854 acc: 0.9475 time 0.73s
Epoch: 125/150 Iter: 83/96 loss: 0.0925 acc: 0.9431 time 1.38s
Epoch: 125/150 Iter: 84/96 loss: 0.0914 acc: 0.9438 time 0.69s
Epoch: 125/150 Iter: 85/96 loss: 0.0917 acc: 0.9444 time 1.37s
Epoch: 125/150 Iter: 86/96 loss: 0.0909 acc: 0.9451 time 0.75s
Epoch: 125/150 Iter: 87/96 loss: 0.0913 acc: 0.9446 time 0.81s
Epoch: 125/150 Iter: 88/96 loss: 0.0906 acc: 0.9452 time 0.70s
Epoch: 125/150 Iter: 89/96 loss: 0.0936 acc: 0.9408 time 1.42s
Epoch: 125/150 Iter: 90/96 loss: 0.0927 acc: 0.9415 time 1.40s
Epoch: 125/150 Iter: 91/96 loss: 0.0919 acc: 0.9421 time 1.36s
Epoch: 125/150 Iter: 92/96 loss: 0.0910 acc: 0.9428 time 0.70s
Epoch: 125/150 Iter: 93/96 loss: 0.0962 acc: 0.9386 time 0.72s
Epoch: 125/150 Iter: 94/96 loss: 0.0988 acc: 0.9381 time 1.37s
Epoch: 125/150 Iter: 95/96 loss: 0.0979 acc: 0.9387 time 1.38s
Epoch: 125/150 Iter: 96/96 loss: 0.0969 acc: 0.9394 time 0.94s
[Train epoch 125] avg_loss=0.0969 avg_acc=0.9394 | per-class [c0: 0.950, c1: 1.000, c2: 0.977]
Final training 125/150, loss: 0.0969, time 107.21s, lr: 0.006181
Accuracy: 0.965
class                  precision    recall   specificity      f1   support
--------------------------------------------------------------------------
0                          0.996     0.950         0.997   0.973       280
1                          0.732     1.000         0.980   0.845        30
2                          0.970     0.977         0.974   0.974       266
*----------------------------------------*
0 Mon Nov 17 20:04:01 2025 Epoch: 126
Epoch: 126/150 Iter: 1/96 loss: 0.0051 acc: 1.0000 time 2.24s
Epoch: 126/150 Iter: 2/96 loss: 0.0033 acc: 1.0000 time 1.45s
Epoch: 126/150 Iter: 3/96 loss: 0.0069 acc: 1.0000 time 1.42s
Epoch: 126/150 Iter: 4/96 loss: 0.0054 acc: 1.0000 time 0.86s
Epoch: 126/150 Iter: 5/96 loss: 0.0049 acc: 1.0000 time 1.45s
Epoch: 126/150 Iter: 6/96 loss: 0.0101 acc: 1.0000 time 1.40s
Epoch: 126/150 Iter: 7/96 loss: 0.0096 acc: 1.0000 time 1.42s
Epoch: 126/150 Iter: 8/96 loss: 0.0128 acc: 1.0000 time 1.38s
Epoch: 126/150 Iter: 9/96 loss: 0.0181 acc: 1.0000 time 1.35s
Epoch: 126/150 Iter: 10/96 loss: 0.0231 acc: 1.0000 time 0.74s
Epoch: 126/150 Iter: 11/96 loss: 0.0423 acc: 0.9621 time 0.80s
Epoch: 126/150 Iter: 12/96 loss: 0.0395 acc: 0.9653 time 1.42s
Epoch: 126/150 Iter: 13/96 loss: 0.0407 acc: 0.9679 time 1.44s
Epoch: 126/150 Iter: 14/96 loss: 0.0398 acc: 0.9702 time 0.86s
Epoch: 126/150 Iter: 15/96 loss: 0.0415 acc: 0.9722 time 0.80s
Epoch: 126/150 Iter: 16/96 loss: 0.0401 acc: 0.9740 time 0.80s
Epoch: 126/150 Iter: 17/96 loss: 0.0407 acc: 0.9755 time 0.87s
Epoch: 126/150 Iter: 18/96 loss: 0.0506 acc: 0.9546 time 0.94s
Epoch: 126/150 Iter: 19/96 loss: 0.0499 acc: 0.9570 time 0.80s
Epoch: 126/150 Iter: 20/96 loss: 0.0485 acc: 0.9592 time 1.43s
Epoch: 126/150 Iter: 21/96 loss: 0.0469 acc: 0.9611 time 1.47s
Epoch: 126/150 Iter: 22/96 loss: 0.0453 acc: 0.9629 time 0.90s
Epoch: 126/150 Iter: 23/96 loss: 0.0449 acc: 0.9645 time 1.41s
Epoch: 126/150 Iter: 24/96 loss: 0.0452 acc: 0.9660 time 0.69s
Epoch: 126/150 Iter: 25/96 loss: 0.0434 acc: 0.9673 time 1.46s
Epoch: 126/150 Iter: 26/96 loss: 0.0420 acc: 0.9686 time 1.47s
Epoch: 126/150 Iter: 27/96 loss: 0.0471 acc: 0.9651 time 1.44s
Epoch: 126/150 Iter: 28/96 loss: 0.0460 acc: 0.9664 time 0.90s
Epoch: 126/150 Iter: 29/96 loss: 0.0473 acc: 0.9675 time 1.44s
Epoch: 126/150 Iter: 30/96 loss: 0.0476 acc: 0.9686 time 0.88s
Epoch: 126/150 Iter: 31/96 loss: 0.0503 acc: 0.9696 time 0.73s
Epoch: 126/150 Iter: 32/96 loss: 0.0510 acc: 0.9706 time 0.87s
Epoch: 126/150 Iter: 33/96 loss: 0.0519 acc: 0.9715 time 1.43s
Epoch: 126/150 Iter: 34/96 loss: 0.0514 acc: 0.9723 time 0.87s
Epoch: 126/150 Iter: 35/96 loss: 0.0501 acc: 0.9731 time 0.86s
Epoch: 126/150 Iter: 36/96 loss: 0.0488 acc: 0.9738 time 0.78s
Epoch: 126/150 Iter: 37/96 loss: 0.0507 acc: 0.9678 time 1.42s
Epoch: 126/150 Iter: 38/96 loss: 0.0497 acc: 0.9686 time 1.43s
Epoch: 126/150 Iter: 39/96 loss: 0.0561 acc: 0.9588 time 0.71s
Epoch: 126/150 Iter: 40/96 loss: 0.0548 acc: 0.9598 time 1.41s
Epoch: 126/150 Iter: 41/96 loss: 0.0617 acc: 0.9506 time 0.91s
Epoch: 126/150 Iter: 42/96 loss: 0.0625 acc: 0.9518 time 0.78s
Epoch: 126/150 Iter: 43/96 loss: 0.0613 acc: 0.9529 time 0.89s
Epoch: 126/150 Iter: 44/96 loss: 0.0599 acc: 0.9540 time 0.93s
Epoch: 126/150 Iter: 45/96 loss: 0.0600 acc: 0.9550 time 0.92s
Epoch: 126/150 Iter: 46/96 loss: 0.0596 acc: 0.9560 time 0.80s
Epoch: 126/150 Iter: 47/96 loss: 0.0589 acc: 0.9569 time 0.93s
Epoch: 126/150 Iter: 48/96 loss: 0.0582 acc: 0.9578 time 0.78s
Epoch: 126/150 Iter: 49/96 loss: 0.0575 acc: 0.9587 time 1.43s
Epoch: 126/150 Iter: 50/96 loss: 0.0581 acc: 0.9578 time 0.76s
Epoch: 126/150 Iter: 51/96 loss: 0.0572 acc: 0.9587 time 0.78s
Epoch: 126/150 Iter: 52/96 loss: 0.0567 acc: 0.9595 time 0.88s
Epoch: 126/150 Iter: 53/96 loss: 0.0578 acc: 0.9602 time 1.48s
Epoch: 126/150 Iter: 54/96 loss: 0.0707 acc: 0.9486 time 0.80s
Epoch: 126/150 Iter: 55/96 loss: 0.0704 acc: 0.9495 time 0.86s
Epoch: 126/150 Iter: 56/96 loss: 0.0697 acc: 0.9504 time 0.76s
Epoch: 126/150 Iter: 57/96 loss: 0.0686 acc: 0.9513 time 0.86s
Epoch: 126/150 Iter: 58/96 loss: 0.0679 acc: 0.9522 time 1.46s
Epoch: 126/150 Iter: 59/96 loss: 0.0691 acc: 0.9530 time 0.74s
Epoch: 126/150 Iter: 60/96 loss: 0.0681 acc: 0.9538 time 0.87s
Epoch: 126/150 Iter: 61/96 loss: 0.0674 acc: 0.9545 time 0.81s
Epoch: 126/150 Iter: 62/96 loss: 0.0675 acc: 0.9552 time 1.39s
Epoch: 126/150 Iter: 63/96 loss: 0.0669 acc: 0.9560 time 0.81s
Epoch: 126/150 Iter: 64/96 loss: 0.0675 acc: 0.9566 time 1.45s
Epoch: 126/150 Iter: 65/96 loss: 0.0665 acc: 0.9573 time 1.42s
Epoch: 126/150 Iter: 66/96 loss: 0.0659 acc: 0.9580 time 1.43s
Epoch: 126/150 Iter: 67/96 loss: 0.0651 acc: 0.9586 time 1.45s
Epoch: 126/150 Iter: 68/96 loss: 0.0671 acc: 0.9567 time 0.78s
Epoch: 126/150 Iter: 69/96 loss: 0.0677 acc: 0.9574 time 0.88s
Epoch: 126/150 Iter: 70/96 loss: 0.0667 acc: 0.9580 time 1.43s
Epoch: 126/150 Iter: 71/96 loss: 0.0658 acc: 0.9586 time 1.43s
Epoch: 126/150 Iter: 72/96 loss: 0.0689 acc: 0.9578 time 1.44s
Epoch: 126/150 Iter: 73/96 loss: 0.0682 acc: 0.9583 time 1.45s
Epoch: 126/150 Iter: 74/96 loss: 0.0674 acc: 0.9589 time 0.87s
Epoch: 126/150 Iter: 75/96 loss: 0.0723 acc: 0.9506 time 1.47s
Epoch: 126/150 Iter: 76/96 loss: 0.0715 acc: 0.9512 time 0.78s
Epoch: 126/150 Iter: 77/96 loss: 0.0707 acc: 0.9518 time 0.82s
Epoch: 126/150 Iter: 78/96 loss: 0.0710 acc: 0.9525 time 1.44s
Epoch: 126/150 Iter: 79/96 loss: 0.0705 acc: 0.9531 time 0.87s
Epoch: 126/150 Iter: 80/96 loss: 0.0703 acc: 0.9536 time 0.88s
Epoch: 126/150 Iter: 81/96 loss: 0.0717 acc: 0.9532 time 1.42s
Epoch: 126/150 Iter: 82/96 loss: 0.0709 acc: 0.9538 time 1.40s
Epoch: 126/150 Iter: 83/96 loss: 0.0701 acc: 0.9543 time 0.75s
Epoch: 126/150 Iter: 84/96 loss: 0.0700 acc: 0.9549 time 0.75s
Epoch: 126/150 Iter: 85/96 loss: 0.0692 acc: 0.9554 time 1.37s
Epoch: 126/150 Iter: 86/96 loss: 0.0685 acc: 0.9559 time 1.47s
Epoch: 126/150 Iter: 87/96 loss: 0.0737 acc: 0.9545 time 1.39s
Epoch: 126/150 Iter: 88/96 loss: 0.0731 acc: 0.9550 time 0.87s
Epoch: 126/150 Iter: 89/96 loss: 0.0725 acc: 0.9555 time 1.37s
Epoch: 126/150 Iter: 90/96 loss: 0.0719 acc: 0.9560 time 0.68s
Epoch: 126/150 Iter: 91/96 loss: 0.0734 acc: 0.9565 time 0.77s
Epoch: 126/150 Iter: 92/96 loss: 0.0730 acc: 0.9570 time 0.75s
Epoch: 126/150 Iter: 93/96 loss: 0.0724 acc: 0.9574 time 0.73s
Epoch: 126/150 Iter: 94/96 loss: 0.0727 acc: 0.9579 time 0.81s
Epoch: 126/150 Iter: 95/96 loss: 0.0721 acc: 0.9583 time 1.46s
Epoch: 126/150 Iter: 96/96 loss: 0.0714 acc: 0.9588 time 1.43s
[Train epoch 126] avg_loss=0.0714 avg_acc=0.9588 | per-class [c0: 0.964, c1: 1.000, c2: 0.981]
Final training 126/150, loss: 0.0714, time 105.86s, lr: 0.005726
Accuracy: 0.974
class                  precision    recall   specificity      f1   support
--------------------------------------------------------------------------
0                          0.993     0.964         0.993   0.978       281
1                          0.811     1.000         0.987   0.896        30
2                          0.977     0.981         0.981   0.979       265
*----------------------------------------*
Val 126/150 1/24, Acc: 0.6667, Loss: 17.6390, time 0.43s
Val 126/150 2/24, Acc: 0.6111, Loss: 8.9526, time 0.45s
Val 126/150 3/24, Acc: 0.7407, Loss: 6.0028, time 0.43s
Val 126/150 4/24, Acc: 0.7743, Loss: 5.9871, time 0.44s
Val 126/150 5/24, Acc: 0.8194, Loss: 4.7999, time 0.51s
Val 126/150 6/24, Acc: 0.8495, Loss: 4.0018, time 0.50s
Val 126/150 7/24, Acc: 0.8532, Loss: 3.7399, time 0.43s
Val 126/150 8/24, Acc: 0.8247, Loss: 3.3972, time 0.46s
Val 126/150 9/24, Acc: 0.8330, Loss: 3.0379, time 0.45s
Val 126/150 10/24, Acc: 0.8497, Loss: 2.7343, time 0.56s
Val 126/150 11/24, Acc: 0.8634, Loss: 2.4952, time 0.45s
Val 126/150 12/24, Acc: 0.8262, Loss: 2.3294, time 0.50s
Val 126/150 13/24, Acc: 0.8395, Loss: 2.1515, time 0.51s
Val 126/150 14/24, Acc: 0.8421, Loss: 2.0467, time 0.47s
Val 126/150 15/24, Acc: 0.8526, Loss: 1.9143, time 0.44s
Val 126/150 16/24, Acc: 0.8493, Loss: 1.8206, time 0.42s
Val 126/150 17/24, Acc: 0.8508, Loss: 1.7208, time 0.54s
Val 126/150 18/24, Acc: 0.8591, Loss: 1.6258, time 0.46s
Val 126/150 19/24, Acc: 0.8613, Loss: 1.5565, time 0.46s
Val 126/150 20/24, Acc: 0.8460, Loss: 1.5348, time 0.54s
Val 126/150 21/24, Acc: 0.8533, Loss: 1.4620, time 0.48s
Val 126/150 22/24, Acc: 0.8524, Loss: 1.4273, time 0.58s
Val 126/150 23/24, Acc: 0.8516, Loss: 1.3842, time 0.40s
Val 126/150 24/24, Acc: 0.8439, Loss: 1.4154, time 0.43s
[Val epoch 126] avg_acc=0.8439 | avg_loss=1.4154 | per-class [c0: 0.900, c1: 0.750, c2: 0.879]
Final validation 126/150, Val_acc: 0.8439, time 11.35sAccuracy: 0.882
class                  precision    recall   specificity      f1   support
--------------------------------------------------------------------------
0                          0.913     0.900         0.919   0.906        70
1                          0.600     0.750         0.971   0.667         8
2                          0.892     0.879         0.910   0.885        66
*========================================*
Saving checkpoint outputs/OrganoidsINRIA_reduced/resnet18/2025-11-17-16-11/training/model_final.pt
[EarlyStopping] no improve (14/40)
[EarlyStopping] no improve (39/40)
0 Mon Nov 17 20:06:03 2025 Epoch: 127
Epoch: 127/150 Iter: 1/96 loss: 0.0421 acc: 1.0000 time 1.82s
Epoch: 127/150 Iter: 2/96 loss: 0.0459 acc: 1.0000 time 0.97s
Epoch: 127/150 Iter: 3/96 loss: 0.0315 acc: 1.0000 time 0.90s
Epoch: 127/150 Iter: 4/96 loss: 0.0392 acc: 1.0000 time 1.41s
Epoch: 127/150 Iter: 5/96 loss: 0.0320 acc: 1.0000 time 0.87s
Epoch: 127/150 Iter: 6/96 loss: 0.0285 acc: 1.0000 time 0.93s
Epoch: 127/150 Iter: 7/96 loss: 0.0354 acc: 1.0000 time 1.49s
Epoch: 127/150 Iter: 8/96 loss: 0.0324 acc: 1.0000 time 1.44s
Epoch: 127/150 Iter: 9/96 loss: 0.0373 acc: 1.0000 time 1.44s
Epoch: 127/150 Iter: 10/96 loss: 0.0342 acc: 1.0000 time 1.43s
Epoch: 127/150 Iter: 11/96 loss: 0.0322 acc: 1.0000 time 1.44s
Epoch: 127/150 Iter: 12/96 loss: 0.1324 acc: 0.9583 time 0.95s
Epoch: 127/150 Iter: 13/96 loss: 0.1268 acc: 0.9615 time 1.44s
Epoch: 127/150 Iter: 14/96 loss: 0.1645 acc: 0.9464 time 0.78s
Epoch: 127/150 Iter: 15/96 loss: 0.1546 acc: 0.9500 time 1.47s
Epoch: 127/150 Iter: 16/96 loss: 0.1505 acc: 0.9531 time 0.77s
Epoch: 127/150 Iter: 17/96 loss: 0.1468 acc: 0.9559 time 1.45s
Epoch: 127/150 Iter: 18/96 loss: 0.1496 acc: 0.9514 time 0.93s
Epoch: 127/150 Iter: 19/96 loss: 0.1435 acc: 0.9539 time 1.44s
Epoch: 127/150 Iter: 20/96 loss: 0.1366 acc: 0.9563 time 0.87s
Epoch: 127/150 Iter: 21/96 loss: 0.1335 acc: 0.9583 time 0.77s
Epoch: 127/150 Iter: 22/96 loss: 0.1853 acc: 0.9527 time 1.50s
Epoch: 127/150 Iter: 23/96 loss: 0.1983 acc: 0.9499 time 0.95s
Epoch: 127/150 Iter: 24/96 loss: 0.1961 acc: 0.9468 time 1.46s
Epoch: 127/150 Iter: 25/96 loss: 0.1924 acc: 0.9489 time 0.79s
Epoch: 127/150 Iter: 26/96 loss: 0.1855 acc: 0.9509 time 0.93s
Epoch: 127/150 Iter: 27/96 loss: 0.1787 acc: 0.9527 time 1.41s
Epoch: 127/150 Iter: 28/96 loss: 0.1725 acc: 0.9544 time 1.48s
Epoch: 127/150 Iter: 29/96 loss: 0.1779 acc: 0.9406 time 0.88s
Epoch: 127/150 Iter: 30/96 loss: 0.1731 acc: 0.9426 time 0.75s
Epoch: 127/150 Iter: 31/96 loss: 0.1794 acc: 0.9412 time 0.85s
Epoch: 127/150 Iter: 32/96 loss: 0.1937 acc: 0.9300 time 0.78s
Epoch: 127/150 Iter: 33/96 loss: 0.1885 acc: 0.9322 time 0.91s
Epoch: 127/150 Iter: 34/96 loss: 0.1855 acc: 0.9342 time 1.48s
Epoch: 127/150 Iter: 35/96 loss: 0.1871 acc: 0.9325 time 0.76s
Epoch: 127/150 Iter: 36/96 loss: 0.2033 acc: 0.9309 time 0.75s
Epoch: 127/150 Iter: 37/96 loss: 0.1985 acc: 0.9327 time 0.74s
Epoch: 127/150 Iter: 38/96 loss: 0.1962 acc: 0.9323 time 1.45s
Epoch: 127/150 Iter: 39/96 loss: 0.1919 acc: 0.9340 time 0.79s
Epoch: 127/150 Iter: 40/96 loss: 0.2024 acc: 0.9274 time 1.45s
Epoch: 127/150 Iter: 41/96 loss: 0.1981 acc: 0.9291 time 0.80s
Epoch: 127/150 Iter: 42/96 loss: 0.1935 acc: 0.9308 time 0.92s
Epoch: 127/150 Iter: 43/96 loss: 0.1892 acc: 0.9324 time 0.77s
Epoch: 127/150 Iter: 44/96 loss: 0.1850 acc: 0.9340 time 0.94s
Epoch: 127/150 Iter: 45/96 loss: 0.1816 acc: 0.9354 time 1.47s
Epoch: 127/150 Iter: 46/96 loss: 0.1785 acc: 0.9368 time 0.78s
Epoch: 127/150 Iter: 47/96 loss: 0.1749 acc: 0.9382 time 1.48s
Epoch: 127/150 Iter: 48/96 loss: 0.1718 acc: 0.9395 time 1.41s
Epoch: 127/150 Iter: 49/96 loss: 0.1685 acc: 0.9407 time 0.85s
Epoch: 127/150 Iter: 50/96 loss: 0.1661 acc: 0.9419 time 1.45s
Epoch: 127/150 Iter: 51/96 loss: 0.1690 acc: 0.9349 time 1.43s
Epoch: 127/150 Iter: 52/96 loss: 0.1658 acc: 0.9361 time 1.43s
Epoch: 127/150 Iter: 53/96 loss: 0.1636 acc: 0.9373 time 0.79s
Epoch: 127/150 Iter: 54/96 loss: 0.1607 acc: 0.9385 time 1.45s
Epoch: 127/150 Iter: 55/96 loss: 0.1578 acc: 0.9396 time 0.85s
Epoch: 127/150 Iter: 56/96 loss: 0.1552 acc: 0.9407 time 0.76s
Epoch: 127/150 Iter: 57/96 loss: 0.1527 acc: 0.9417 time 0.79s
Epoch: 127/150 Iter: 58/96 loss: 0.1524 acc: 0.9427 time 0.76s
Epoch: 127/150 Iter: 59/96 loss: 0.1500 acc: 0.9437 time 1.41s
Epoch: 127/150 Iter: 60/96 loss: 0.1477 acc: 0.9446 time 0.86s
Epoch: 127/150 Iter: 61/96 loss: 0.1476 acc: 0.9387 time 0.73s
Epoch: 127/150 Iter: 62/96 loss: 0.1461 acc: 0.9397 time 1.42s
Epoch: 127/150 Iter: 63/96 loss: 0.1495 acc: 0.9336 time 0.96s
Epoch: 127/150 Iter: 64/96 loss: 0.1476 acc: 0.9346 time 0.78s
Epoch: 127/150 Iter: 65/96 loss: 0.1461 acc: 0.9356 time 0.77s
Epoch: 127/150 Iter: 66/96 loss: 0.1439 acc: 0.9366 time 0.88s
Epoch: 127/150 Iter: 67/96 loss: 0.1463 acc: 0.9276 time 0.74s
Epoch: 127/150 Iter: 68/96 loss: 0.1453 acc: 0.9287 time 1.45s
Epoch: 127/150 Iter: 69/96 loss: 0.1432 acc: 0.9297 time 0.85s
Epoch: 127/150 Iter: 70/96 loss: 0.1432 acc: 0.9283 time 0.88s
Epoch: 127/150 Iter: 71/96 loss: 0.1412 acc: 0.9293 time 0.76s
Epoch: 127/150 Iter: 72/96 loss: 0.1399 acc: 0.9303 time 0.86s
Epoch: 127/150 Iter: 73/96 loss: 0.1387 acc: 0.9313 time 0.94s
Epoch: 127/150 Iter: 74/96 loss: 0.1433 acc: 0.9305 time 0.80s
Epoch: 127/150 Iter: 75/96 loss: 0.1427 acc: 0.9314 time 0.91s
Epoch: 127/150 Iter: 76/96 loss: 0.1439 acc: 0.9307 time 1.42s
Epoch: 127/150 Iter: 77/96 loss: 0.1421 acc: 0.9316 time 0.90s
Epoch: 127/150 Iter: 78/96 loss: 0.1404 acc: 0.9325 time 1.43s
Epoch: 127/150 Iter: 79/96 loss: 0.1391 acc: 0.9333 time 1.45s
Epoch: 127/150 Iter: 80/96 loss: 0.1417 acc: 0.9321 time 0.78s
Epoch: 127/150 Iter: 81/96 loss: 0.1405 acc: 0.9329 time 1.44s
Epoch: 127/150 Iter: 82/96 loss: 0.1391 acc: 0.9337 time 0.70s
Epoch: 127/150 Iter: 83/96 loss: 0.1376 acc: 0.9345 time 0.74s
Epoch: 127/150 Iter: 84/96 loss: 0.1360 acc: 0.9353 time 0.70s
Epoch: 127/150 Iter: 85/96 loss: 0.1349 acc: 0.9361 time 0.77s
Epoch: 127/150 Iter: 86/96 loss: 0.1336 acc: 0.9368 time 1.38s
Epoch: 127/150 Iter: 87/96 loss: 0.1324 acc: 0.9375 time 0.75s
Epoch: 127/150 Iter: 88/96 loss: 0.1351 acc: 0.9335 time 0.73s
Epoch: 127/150 Iter: 89/96 loss: 0.1341 acc: 0.9343 time 0.73s
Epoch: 127/150 Iter: 90/96 loss: 0.1329 acc: 0.9350 time 1.38s
Epoch: 127/150 Iter: 91/96 loss: 0.1341 acc: 0.9357 time 1.38s
Epoch: 127/150 Iter: 92/96 loss: 0.1371 acc: 0.9321 time 1.41s
Epoch: 127/150 Iter: 93/96 loss: 0.1357 acc: 0.9328 time 0.75s
Epoch: 127/150 Iter: 94/96 loss: 0.1350 acc: 0.9335 time 0.85s
Epoch: 127/150 Iter: 95/96 loss: 0.1337 acc: 0.9342 time 0.77s
Epoch: 127/150 Iter: 96/96 loss: 0.1367 acc: 0.9323 time 1.38s
[Train epoch 127] avg_loss=0.1367 avg_acc=0.9323 | per-class [c0: 0.950, c1: 0.933, c2: 0.970]
Final training 127/150, loss: 0.1367, time 102.16s, lr: 0.005287
Accuracy: 0.958
class                  precision    recall   specificity      f1   support
--------------------------------------------------------------------------
0                          0.985     0.950         0.986   0.967       280
1                          0.737     0.933         0.982   0.824        30
2                          0.963     0.970         0.968   0.966       266
*----------------------------------------*
0 Mon Nov 17 20:07:45 2025 Epoch: 128
Epoch: 128/150 Iter: 1/96 loss: 0.0127 acc: 1.0000 time 2.30s
Epoch: 128/150 Iter: 2/96 loss: 0.0106 acc: 1.0000 time 0.86s
Epoch: 128/150 Iter: 3/96 loss: 0.0116 acc: 1.0000 time 0.72s
Epoch: 128/150 Iter: 4/96 loss: 0.0223 acc: 1.0000 time 1.44s
Epoch: 128/150 Iter: 5/96 loss: 0.0417 acc: 0.9833 time 0.76s
Epoch: 128/150 Iter: 6/96 loss: 0.0584 acc: 0.9861 time 1.45s
Epoch: 128/150 Iter: 7/96 loss: 0.0525 acc: 0.9881 time 0.77s
Epoch: 128/150 Iter: 8/96 loss: 0.0639 acc: 0.9688 time 1.44s
Epoch: 128/150 Iter: 9/96 loss: 0.0656 acc: 0.9722 time 0.75s
Epoch: 128/150 Iter: 10/96 loss: 0.0623 acc: 0.9750 time 1.44s
Epoch: 128/150 Iter: 11/96 loss: 0.0576 acc: 0.9773 time 0.77s
Epoch: 128/150 Iter: 12/96 loss: 0.0776 acc: 0.9444 time 0.75s
Epoch: 128/150 Iter: 13/96 loss: 0.0826 acc: 0.9487 time 0.88s
Epoch: 128/150 Iter: 14/96 loss: 0.0771 acc: 0.9524 time 1.44s
Epoch: 128/150 Iter: 15/96 loss: 0.0733 acc: 0.9556 time 0.79s
Epoch: 128/150 Iter: 16/96 loss: 0.0688 acc: 0.9583 time 0.87s
Epoch: 128/150 Iter: 17/96 loss: 0.0655 acc: 0.9608 time 0.88s
Epoch: 128/150 Iter: 18/96 loss: 0.0819 acc: 0.9568 time 0.80s
Epoch: 128/150 Iter: 19/96 loss: 0.0805 acc: 0.9591 time 1.41s
Epoch: 128/150 Iter: 20/96 loss: 0.0768 acc: 0.9611 time 1.40s
Epoch: 128/150 Iter: 21/96 loss: 0.0746 acc: 0.9630 time 0.76s
Epoch: 128/150 Iter: 22/96 loss: 0.0936 acc: 0.9590 time 0.90s
Epoch: 128/150 Iter: 23/96 loss: 0.0909 acc: 0.9607 time 0.81s
Epoch: 128/150 Iter: 24/96 loss: 0.0899 acc: 0.9624 time 0.89s
Epoch: 128/150 Iter: 25/96 loss: 0.0917 acc: 0.9572 time 0.95s
Epoch: 128/150 Iter: 26/96 loss: 0.0884 acc: 0.9589 time 0.73s
Epoch: 128/150 Iter: 27/96 loss: 0.0872 acc: 0.9604 time 1.40s
Epoch: 128/150 Iter: 28/96 loss: 0.0870 acc: 0.9618 time 0.74s
Epoch: 128/150 Iter: 29/96 loss: 0.0850 acc: 0.9631 time 0.89s
Epoch: 128/150 Iter: 30/96 loss: 0.0854 acc: 0.9644 time 1.43s
Epoch: 128/150 Iter: 31/96 loss: 0.0827 acc: 0.9655 time 1.38s
Epoch: 128/150 Iter: 32/96 loss: 0.0819 acc: 0.9666 time 0.79s
Epoch: 128/150 Iter: 33/96 loss: 0.0809 acc: 0.9676 time 1.46s
Epoch: 128/150 Iter: 34/96 loss: 0.0792 acc: 0.9685 time 0.88s
Epoch: 128/150 Iter: 35/96 loss: 0.0800 acc: 0.9694 time 0.96s
Epoch: 128/150 Iter: 36/96 loss: 0.0802 acc: 0.9703 time 1.44s
Epoch: 128/150 Iter: 37/96 loss: 0.0781 acc: 0.9711 time 1.42s
Epoch: 128/150 Iter: 38/96 loss: 0.0869 acc: 0.9719 time 1.40s
Epoch: 128/150 Iter: 39/96 loss: 0.0847 acc: 0.9726 time 0.78s
Epoch: 128/150 Iter: 40/96 loss: 0.0830 acc: 0.9733 time 1.45s
Epoch: 128/150 Iter: 41/96 loss: 0.0811 acc: 0.9739 time 1.44s
Epoch: 128/150 Iter: 42/96 loss: 0.0963 acc: 0.9603 time 0.88s
Epoch: 128/150 Iter: 43/96 loss: 0.0988 acc: 0.9612 time 0.83s
Epoch: 128/150 Iter: 44/96 loss: 0.0982 acc: 0.9621 time 1.42s
Epoch: 128/150 Iter: 45/96 loss: 0.0967 acc: 0.9629 time 1.39s
Epoch: 128/150 Iter: 46/96 loss: 0.0952 acc: 0.9637 time 1.41s
Epoch: 128/150 Iter: 47/96 loss: 0.0979 acc: 0.9609 time 0.78s
Epoch: 128/150 Iter: 48/96 loss: 0.0972 acc: 0.9617 time 1.48s
Epoch: 128/150 Iter: 49/96 loss: 0.0954 acc: 0.9625 time 0.75s
Epoch: 128/150 Iter: 50/96 loss: 0.0939 acc: 0.9633 time 0.72s
Epoch: 128/150 Iter: 51/96 loss: 0.0927 acc: 0.9640 time 1.36s
Epoch: 128/150 Iter: 52/96 loss: 0.1014 acc: 0.9551 time 1.46s
Epoch: 128/150 Iter: 53/96 loss: 0.0995 acc: 0.9559 time 1.43s
Epoch: 128/150 Iter: 54/96 loss: 0.0995 acc: 0.9567 time 0.76s
Epoch: 128/150 Iter: 55/96 loss: 0.0984 acc: 0.9575 time 1.47s
Epoch: 128/150 Iter: 56/96 loss: 0.0967 acc: 0.9583 time 1.45s
Epoch: 128/150 Iter: 57/96 loss: 0.1020 acc: 0.9517 time 0.93s
Epoch: 128/150 Iter: 58/96 loss: 0.1012 acc: 0.9525 time 1.44s
Epoch: 128/150 Iter: 59/96 loss: 0.1006 acc: 0.9533 time 1.42s
Epoch: 128/150 Iter: 60/96 loss: 0.0998 acc: 0.9541 time 1.43s
Epoch: 128/150 Iter: 61/96 loss: 0.1013 acc: 0.9528 time 0.90s
Epoch: 128/150 Iter: 62/96 loss: 0.1003 acc: 0.9536 time 1.43s
Epoch: 128/150 Iter: 63/96 loss: 0.0989 acc: 0.9543 time 0.76s
Epoch: 128/150 Iter: 64/96 loss: 0.0992 acc: 0.9550 time 1.40s
Epoch: 128/150 Iter: 65/96 loss: 0.0982 acc: 0.9557 time 0.78s
Epoch: 128/150 Iter: 66/96 loss: 0.0981 acc: 0.9564 time 0.76s
Epoch: 128/150 Iter: 67/96 loss: 0.1055 acc: 0.9504 time 0.79s
Epoch: 128/150 Iter: 68/96 loss: 0.1066 acc: 0.9438 time 0.83s
Epoch: 128/150 Iter: 69/96 loss: 0.1079 acc: 0.9432 time 1.43s
Epoch: 128/150 Iter: 70/96 loss: 0.1067 acc: 0.9440 time 1.48s
Epoch: 128/150 Iter: 71/96 loss: 0.1053 acc: 0.9448 time 0.91s
Epoch: 128/150 Iter: 72/96 loss: 0.1057 acc: 0.9432 time 1.47s
Epoch: 128/150 Iter: 73/96 loss: 0.1067 acc: 0.9423 time 0.93s
Epoch: 128/150 Iter: 74/96 loss: 0.1057 acc: 0.9431 time 1.43s
Epoch: 128/150 Iter: 75/96 loss: 0.1060 acc: 0.9438 time 1.42s
Epoch: 128/150 Iter: 76/96 loss: 0.1053 acc: 0.9446 time 0.76s
Epoch: 128/150 Iter: 77/96 loss: 0.1070 acc: 0.9399 time 1.41s
Epoch: 128/150 Iter: 78/96 loss: 0.1059 acc: 0.9406 time 1.46s
Epoch: 128/150 Iter: 79/96 loss: 0.1051 acc: 0.9414 time 1.43s
Epoch: 128/150 Iter: 80/96 loss: 0.1051 acc: 0.9407 time 1.44s
Epoch: 128/150 Iter: 81/96 loss: 0.1042 acc: 0.9415 time 0.69s
Epoch: 128/150 Iter: 82/96 loss: 0.1034 acc: 0.9422 time 1.36s
Epoch: 128/150 Iter: 83/96 loss: 0.1030 acc: 0.9429 time 1.41s
Epoch: 128/150 Iter: 84/96 loss: 0.1055 acc: 0.9376 time 1.37s
Epoch: 128/150 Iter: 85/96 loss: 0.1055 acc: 0.9383 time 0.73s
Epoch: 128/150 Iter: 86/96 loss: 0.1044 acc: 0.9391 time 1.41s
Epoch: 128/150 Iter: 87/96 loss: 0.1114 acc: 0.9350 time 0.71s
Epoch: 128/150 Iter: 88/96 loss: 0.1107 acc: 0.9357 time 1.36s
Epoch: 128/150 Iter: 89/96 loss: 0.1101 acc: 0.9364 time 0.76s
Epoch: 128/150 Iter: 90/96 loss: 0.1094 acc: 0.9371 time 0.73s
Epoch: 128/150 Iter: 91/96 loss: 0.1083 acc: 0.9378 time 1.36s
Epoch: 128/150 Iter: 92/96 loss: 0.1083 acc: 0.9385 time 0.74s
Epoch: 128/150 Iter: 93/96 loss: 0.1076 acc: 0.9392 time 1.37s
Epoch: 128/150 Iter: 94/96 loss: 0.1082 acc: 0.9398 time 0.77s
Epoch: 128/150 Iter: 95/96 loss: 0.1088 acc: 0.9393 time 0.72s
Epoch: 128/150 Iter: 96/96 loss: 0.1080 acc: 0.9399 time 0.78s
[Train epoch 128] avg_loss=0.1080 avg_acc=0.9399 | per-class [c0: 0.957, c1: 0.967, c2: 0.959]
Final training 128/150, loss: 0.1080, time 107.19s, lr: 0.004865
Accuracy: 0.958
class                  precision    recall   specificity      f1   support
--------------------------------------------------------------------------
0                          0.975     0.957         0.976   0.966       280
1                          0.763     0.967         0.984   0.853        30
2                          0.970     0.959         0.974   0.964       266
*----------------------------------------*
Val 128/150 1/24, Acc: 0.6667, Loss: 17.6919, time 0.41s
Val 128/150 2/24, Acc: 0.6111, Loss: 9.0170, time 0.50s
Val 128/150 3/24, Acc: 0.7407, Loss: 6.1565, time 0.42s
Val 128/150 4/24, Acc: 0.7118, Loss: 4.9188, time 0.42s
Val 128/150 5/24, Acc: 0.7694, Loss: 3.9626, time 0.48s
Val 128/150 6/24, Acc: 0.8079, Loss: 3.3043, time 0.46s
Val 128/150 7/24, Acc: 0.8353, Loss: 2.8435, time 0.42s
Val 128/150 8/24, Acc: 0.8090, Loss: 2.6159, time 0.42s
Val 128/150 9/24, Acc: 0.8191, Loss: 2.3394, time 0.43s
Val 128/150 10/24, Acc: 0.8372, Loss: 2.1092, time 0.52s
Val 128/150 11/24, Acc: 0.8520, Loss: 1.9260, time 0.41s
Val 128/150 12/24, Acc: 0.8088, Loss: 1.8222, time 0.46s
Val 128/150 13/24, Acc: 0.8235, Loss: 1.6860, time 0.48s
Val 128/150 14/24, Acc: 0.8272, Loss: 1.6235, time 0.51s
Val 128/150 15/24, Acc: 0.8387, Loss: 1.5183, time 0.47s
Val 128/150 16/24, Acc: 0.8425, Loss: 1.4481, time 0.43s
Val 128/150 17/24, Acc: 0.8518, Loss: 1.3705, time 0.50s
Val 128/150 18/24, Acc: 0.8600, Loss: 1.3007, time 0.46s
Val 128/150 19/24, Acc: 0.8621, Loss: 1.2569, time 0.45s
Val 128/150 20/24, Acc: 0.8468, Loss: 1.2397, time 0.47s
Val 128/150 21/24, Acc: 0.8541, Loss: 1.1812, time 0.46s
Val 128/150 22/24, Acc: 0.8532, Loss: 1.1601, time 0.54s
Val 128/150 23/24, Acc: 0.8523, Loss: 1.1319, time 0.40s
Val 128/150 24/24, Acc: 0.8446, Loss: 1.1346, time 0.41s
[Val epoch 128] avg_acc=0.8446 | avg_loss=1.1346 | per-class [c0: 0.886, c1: 0.750, c2: 0.909]
Final validation 128/150, Val_acc: 0.8446, time 10.94sAccuracy: 0.889
class                  precision    recall   specificity      f1   support
--------------------------------------------------------------------------
0                          0.925     0.886         0.932   0.905        70
1                          0.667     0.750         0.978   0.706         8
2                          0.882     0.909         0.897   0.896        66
*========================================*
Saving checkpoint outputs/OrganoidsINRIA_reduced/resnet18/2025-11-17-16-11/training/model_final.pt
[EarlyStopping] no improve (15/40)
[EarlyStopping] no improve (40/40)
[EarlyStopping] Stopping Validation for loss at epoch 128
Training Finished! Best Accuracy: 0.8678
====================================================================================================

Saving plots to: outputs/OrganoidsINRIA_reduced/resnet18/2025-11-17-16-11/training/plots
Testing 1/14, Acc: 1.0000, Loss: 0.0193, time 7.90s
Testing 2/14, Acc: 1.0000, Loss: 0.0111, time 0.96s
Testing 3/14, Acc: 0.8056, Loss: 0.1856, time 0.21s
Testing 4/14, Acc: 0.6667, Loss: 0.5654, time 0.21s
Testing 5/14, Acc: 0.7333, Loss: 0.4533, time 0.21s
Testing 6/14, Acc: 0.6806, Loss: 0.4363, time 0.21s
Testing 7/14, Acc: 0.7083, Loss: 0.3869, time 0.27s
Testing 8/14, Acc: 0.7031, Loss: 0.4338, time 0.21s
Testing 9/14, Acc: 0.6620, Loss: 0.4349, time 2.98s
Testing 10/14, Acc: 0.6958, Loss: 0.4094, time 0.21s
Testing 11/14, Acc: 0.7235, Loss: 0.3737, time 0.21s
Testing 12/14, Acc: 0.7465, Loss: 0.3431, time 0.21s
Testing 13/14, Acc: 0.7660, Loss: 0.3216, time 0.21s
Testing 14/14, Acc: 0.7774, Loss: 0.3071, time 0.14s
[Testing] avg_acc=0.7774 | avg_loss=0.3071 | per-class [c0: 0.850, c1: 0.800, c2: 0.919]
Final testing , Test_acc: 0.7774, time 14.15sAccuracy: 0.878
class                  precision    recall   specificity      f1   support
--------------------------------------------------------------------------
0                          0.944     0.850         0.952   0.895        40
1                          0.667     0.800         0.974   0.727         5
2                          0.850     0.919         0.867   0.883        37
*========================================*
Testing Finished! Best Accuracy: 0.7774
Saving plots to: outputs/OrganoidsINRIA_reduced/resnet18/2025-11-17-16-11/testing/plots
Total time spent: 03 hours 58 minutes 36 seconds

Final Results Summary:
| TrainAcc | ValAccMax | W_TrainF1 | W_TrainPrecision | W_TrainRecall | W_TrainSpecificity |
| 0.9399 | 0.8678 | 0.8900 | 0.8947 | 0.8889 | 0.9223 |
| TestAcc | W_TestF1 | W_TestPrecision | W_TestRecall | W_TestSpecificity |
| 0.7774 | 0.8793 | 0.8849 | 0.8780 | 0.9150 |
