Architecture:                            x86_64
CPU op-mode(s):                          32-bit, 64-bit
Byte Order:                              Little Endian
Address sizes:                           48 bits physical, 48 bits virtual
CPU(s):                                  96
On-line CPU(s) list:                     0-95
Thread(s) per core:                      2
Core(s) per socket:                      24
Socket(s):                               2
NUMA node(s):                            2
Vendor ID:                               AuthenticAMD
CPU family:                              25
Model:                                   1
Model name:                              AMD EPYC 7413 24-Core Processor
Stepping:                                1
Frequency boost:                         enabled
CPU MHz:                                 3319.142
CPU max MHz:                             3632.1799
CPU min MHz:                             1500.0000
BogoMIPS:                                5290.35
Virtualization:                          AMD-V
L1d cache:                               1.5 MiB
L1i cache:                               1.5 MiB
L2 cache:                                24 MiB
L3 cache:                                256 MiB
NUMA node0 CPU(s):                       0-23,48-71
NUMA node1 CPU(s):                       24-47,72-95
Vulnerability Gather data sampling:      Not affected
Vulnerability Indirect target selection: Not affected
Vulnerability Itlb multihit:             Not affected
Vulnerability L1tf:                      Not affected
Vulnerability Mds:                       Not affected
Vulnerability Meltdown:                  Not affected
Vulnerability Mmio stale data:           Not affected
Vulnerability Reg file data sampling:    Not affected
Vulnerability Retbleed:                  Not affected
Vulnerability Spec rstack overflow:      Mitigation; safe RET
Vulnerability Spec store bypass:         Mitigation; Speculative Store Bypass disabled via prctl and seccomp
Vulnerability Spectre v1:                Mitigation; usercopy/swapgs barriers and __user pointer sanitization
Vulnerability Spectre v2:                Mitigation; Retpolines, IBPB conditional, IBRS_FW, STIBP always-on, RSB filling, PBRSB-eIBRS Not affected
Vulnerability Srbds:                     Not affected
Vulnerability Tsa:                       Mitigation; Clear CPU buffers
Vulnerability Tsx async abort:           Not affected
Vulnerability Vmscape:                   Mitigation; IBPB before exit to userspace
Flags:                                   fpu vme de pse tsc msr pae mce cx8 apic sep mtrr pge mca cmov pat pse36 clflush mmx fxsr sse sse2 ht syscall nx mmxext fxsr_opt pdpe1gb rdtscp lm constant_tsc rep_good nopl nonstop_tsc cpuid extd_apicid aperfmperf pni pclmulqdq monitor ssse3 fma cx16 pcid sse4_1 sse4_2 movbe popcnt aes xsave avx f16c rdrand lahf_lm cmp_legacy svm extapic cr8_legacy abm sse4a misalignsse 3dnowprefetch osvw ibs skinit wdt tce topoext perfctr_core perfctr_nb bpext perfctr_llc mwaitx cpb cat_l3 cdp_l3 invpcid_single hw_pstate ssbd mba ibrs ibpb stibp vmmcall fsgsbase bmi1 avx2 smep bmi2 invpcid cqm rdt_a rdseed adx smap clflushopt clwb sha_ni xsaveopt xsavec xgetbv1 xsaves cqm_llc cqm_occup_llc cqm_mbm_total cqm_mbm_local clzero irperf xsaveerptr rdpru wbnoinvd amd_ppin arat npt lbrv svm_lock nrip_save tsc_scale vmcb_clean flushbyasid decodeassists pausefilter pfthreshold v_vmsave_vmload vgif umip pku ospke vaes vpclmulqdq rdpid overflow_recov succor smca ibpb_exit_to_user
Mon Feb 23 11:31:17 2026       
+---------------------------------------------------------------------------------------+
| NVIDIA-SMI 535.183.06             Driver Version: 535.183.06   CUDA Version: 12.2     |
|-----------------------------------------+----------------------+----------------------+
| GPU  Name                 Persistence-M | Bus-Id        Disp.A | Volatile Uncorr. ECC |
| Fan  Temp   Perf          Pwr:Usage/Cap |         Memory-Usage | GPU-Util  Compute M. |
|                                         |                      |               MIG M. |
|=========================================+======================+======================|
|   0  NVIDIA A40                     On  | 00000000:21:00.0 Off |                    0 |
|  0%   28C    P8              31W / 300W |      0MiB / 46068MiB |      0%      Default |
|                                         |                      |                  N/A |
+-----------------------------------------+----------------------+----------------------+
                                                                                         
+---------------------------------------------------------------------------------------+
| Processes:                                                                            |
|  GPU   GI   CI        PID   Type   Process name                            GPU Memory |
|        ID   ID                                                             Usage      |
|=======================================================================================|
|  No running processes found                                                           |
+---------------------------------------------------------------------------------------+
/home/mraffael/martone_project/Organoid-Image-Classification-Using-Deep-Learning
{'RandFlipd_prob': 0.2,
 'RandRotate90d_prob': 0.2,
 'RandScaleIntensityd_prob': 0.1,
 'RandShiftIntensityd_prob': 0.1,
 'amp': True,
 'augmentation': True,
 'batch_size': 6,
 'cache_dataset': False,
 'checkpoint_path': None,
 'data_dir': '/home/mraffael/martone_project/Organoids_Dataset_Slice_128/',
 'dataset_name': 'OrganoidsINRIA_XYZ_thinning_128',
 'debug': False,
 'debug_train_samples': 40,
 'debug_val_samples': 10,
 'dist_backend': 'nccl',
 'dist_url': 'tcp://127.0.0.1:23456',
 'distributed': False,
 'dropout_path_rate': 0.0,
 'dropout_rate': 0.0,
 'early_stopping': True,
 'encoder10_pth': '',
 'exact_class': False,
 'feature_size': 48,
 'fold': 0,
 'folds': False,
 'gpu': 0,
 'ignore_label': 3,
 'in_channels': 1,
 'infer_overlap': 0.5,
 'k_folds': 5,
 'logdir': 'test',
 'logs_dir': 'logs/',
 'loss_name': 'CE',
 'lrschedule': 'warmup_cosine',
 'max_epochs': 150,
 'min_delta_loss': 0.001,
 'min_delta_val': 0.01,
 'model_name': 'swinunetr',
 'momentum': 0.99,
 'n_slices': 64,
 'noamp': False,
 'norm_name': 'instance',
 'oar_id': 2273775,
 'optim_lr': 0.001,
 'optim_name': 'adamw',
 'out_channels': 1,
 'output_dir': 'outputs/',
 'patch_merging': False,
 'patience_loss': 40,
 'patience_val': 40,
 'pretrained_dir': './pretrained_models/fold1_f48_ep300_4gpu_dice0_9059/',
 'pretrained_model_name': 'model_swinvit.pt',
 'rank': 0,
 'reg_weight': 5e-05,
 'restart_T0': 20,
 'resume_ckpt': False,
 'roi_x': 128,
 'roi_y': 128,
 'roi_z': 128,
 'save_checkpoint': True,
 'seed': 3,
 'similarity_loss': '',
 'similarity_loss_weight': 0.0,
 'slice_selection': False,
 'spatial_dims': 3,
 'split_method': 'stratified',
 'start_epoch': 0,
 'sw_batch_size': 8,
 'telegram_log': True,
 'test_mode': False,
 'token': './token/tlg_token.txt',
 'use_checkpoint': False,
 'val_every': 2,
 'warmup_epochs': 5,
 'workers': 8,
 'world_size': 1}

Saved configuration to: outputs/OrganoidsINRIA_XYZ_thinning_128/swinunetr/2026-02-23-11-31/config.txt
Using GPU: 0

Model INFO:
Model architecture: swinunetr
Using pretrained weights
=> loading pretrained model './pretrained_models/fold1_f48_ep300_4gpu_dice0_9059/model_swinvit.pt'
Missing keys when loading pretrained: 33
Unexpected keys when loading pretrained: 8
Using SwinUNETR with Single Linear Classification Head
Total trainable parameters: 39,914,805

Optimizer INFO:
Using optimizer: adamw with lr=0.001, weight_decay=5e-05

Dataset INFO:
Dataset length: 721
Class distribution in entire dataset:
  Class 0: 351
  Class 1: 38
  Class 2: 332

Using split method: stratified

Train set balance:
Class distribution:
  Class 0: 281 samples
  Class 1: 30 samples
  Class 2: 266 samples

Val set balance:
Class distribution:
  Class 0: 70 samples
  Class 1: 8 samples
  Class 2: 66 samples
Training set length: 577
Validation set length: 144

Using standard shuffle for training
Training loader: 96 batches
Validation loader: 24 batches

Class distribution in training set:
  Class 0: 281 (48.7%)
  Class 1: 30 (5.2%)
  Class 2: 266 (46.1%)
Class distribution in validation set:
  Class 0: 70 (48.6%)
  Class 1: 8 (5.6%)
  Class 2: 66 (45.8%)
**************************************************
Class weights: [ 6.845  64.111  7.231]

Test Dataset INFO:
Test Dataset length: 82
Class distribution in test dataset:
  Class 0: 40
  Class 1: 5
  Class 2: 37
Test loader: 14 batches
**************************************************

Using loss function: CE
**************************************************
Starting training...
✗ Frozen: swinViT.patch_embed.proj.weight (384 params)
✗ Frozen: swinViT.patch_embed.proj.bias (48 params)
✗ Frozen: swinViT.layers1.0.blocks.0.norm1.weight (48 params)
✗ Frozen: swinViT.layers1.0.blocks.0.norm1.bias (48 params)
✗ Frozen: swinViT.layers1.0.blocks.0.attn.relative_position_bias_table (6591 params)
✗ Frozen: swinViT.layers1.0.blocks.0.attn.qkv.weight (6912 params)
✗ Frozen: swinViT.layers1.0.blocks.0.attn.qkv.bias (144 params)
✗ Frozen: swinViT.layers1.0.blocks.0.attn.proj.weight (2304 params)
✗ Frozen: swinViT.layers1.0.blocks.0.attn.proj.bias (48 params)
✗ Frozen: swinViT.layers1.0.blocks.0.norm2.weight (48 params)
✗ Frozen: swinViT.layers1.0.blocks.0.norm2.bias (48 params)
✗ Frozen: swinViT.layers1.0.blocks.0.mlp.linear1.weight (9216 params)
✗ Frozen: swinViT.layers1.0.blocks.0.mlp.linear1.bias (192 params)
✗ Frozen: swinViT.layers1.0.blocks.0.mlp.linear2.weight (9216 params)
✗ Frozen: swinViT.layers1.0.blocks.0.mlp.linear2.bias (48 params)
✗ Frozen: swinViT.layers1.0.blocks.1.norm1.weight (48 params)
✗ Frozen: swinViT.layers1.0.blocks.1.norm1.bias (48 params)
✗ Frozen: swinViT.layers1.0.blocks.1.attn.relative_position_bias_table (6591 params)
✗ Frozen: swinViT.layers1.0.blocks.1.attn.qkv.weight (6912 params)
✗ Frozen: swinViT.layers1.0.blocks.1.attn.qkv.bias (144 params)
✗ Frozen: swinViT.layers1.0.blocks.1.attn.proj.weight (2304 params)
✗ Frozen: swinViT.layers1.0.blocks.1.attn.proj.bias (48 params)
✗ Frozen: swinViT.layers1.0.blocks.1.norm2.weight (48 params)
✗ Frozen: swinViT.layers1.0.blocks.1.norm2.bias (48 params)
✗ Frozen: swinViT.layers1.0.blocks.1.mlp.linear1.weight (9216 params)
✗ Frozen: swinViT.layers1.0.blocks.1.mlp.linear1.bias (192 params)
✗ Frozen: swinViT.layers1.0.blocks.1.mlp.linear2.weight (9216 params)
✗ Frozen: swinViT.layers1.0.blocks.1.mlp.linear2.bias (48 params)
✗ Frozen: swinViT.layers1.0.downsample.reduction.weight (36864 params)
✗ Frozen: swinViT.layers1.0.downsample.norm.weight (384 params)
✗ Frozen: swinViT.layers1.0.downsample.norm.bias (384 params)
✗ Frozen: swinViT.layers2.0.blocks.0.norm1.weight (96 params)
✗ Frozen: swinViT.layers2.0.blocks.0.norm1.bias (96 params)
✗ Frozen: swinViT.layers2.0.blocks.0.attn.relative_position_bias_table (13182 params)
✗ Frozen: swinViT.layers2.0.blocks.0.attn.qkv.weight (27648 params)
✗ Frozen: swinViT.layers2.0.blocks.0.attn.qkv.bias (288 params)
✗ Frozen: swinViT.layers2.0.blocks.0.attn.proj.weight (9216 params)
✗ Frozen: swinViT.layers2.0.blocks.0.attn.proj.bias (96 params)
✗ Frozen: swinViT.layers2.0.blocks.0.norm2.weight (96 params)
✗ Frozen: swinViT.layers2.0.blocks.0.norm2.bias (96 params)
✗ Frozen: swinViT.layers2.0.blocks.0.mlp.linear1.weight (36864 params)
✗ Frozen: swinViT.layers2.0.blocks.0.mlp.linear1.bias (384 params)
✗ Frozen: swinViT.layers2.0.blocks.0.mlp.linear2.weight (36864 params)
✗ Frozen: swinViT.layers2.0.blocks.0.mlp.linear2.bias (96 params)
✗ Frozen: swinViT.layers2.0.blocks.1.norm1.weight (96 params)
✗ Frozen: swinViT.layers2.0.blocks.1.norm1.bias (96 params)
✗ Frozen: swinViT.layers2.0.blocks.1.attn.relative_position_bias_table (13182 params)
✗ Frozen: swinViT.layers2.0.blocks.1.attn.qkv.weight (27648 params)
✗ Frozen: swinViT.layers2.0.blocks.1.attn.qkv.bias (288 params)
✗ Frozen: swinViT.layers2.0.blocks.1.attn.proj.weight (9216 params)
✗ Frozen: swinViT.layers2.0.blocks.1.attn.proj.bias (96 params)
✗ Frozen: swinViT.layers2.0.blocks.1.norm2.weight (96 params)
✗ Frozen: swinViT.layers2.0.blocks.1.norm2.bias (96 params)
✗ Frozen: swinViT.layers2.0.blocks.1.mlp.linear1.weight (36864 params)
✗ Frozen: swinViT.layers2.0.blocks.1.mlp.linear1.bias (384 params)
✗ Frozen: swinViT.layers2.0.blocks.1.mlp.linear2.weight (36864 params)
✗ Frozen: swinViT.layers2.0.blocks.1.mlp.linear2.bias (96 params)
✗ Frozen: swinViT.layers2.0.downsample.reduction.weight (147456 params)
✗ Frozen: swinViT.layers2.0.downsample.norm.weight (768 params)
✗ Frozen: swinViT.layers2.0.downsample.norm.bias (768 params)
✗ Frozen: swinViT.layers3.0.blocks.0.norm1.weight (192 params)
✗ Frozen: swinViT.layers3.0.blocks.0.norm1.bias (192 params)
✗ Frozen: swinViT.layers3.0.blocks.0.attn.relative_position_bias_table (26364 params)
✗ Frozen: swinViT.layers3.0.blocks.0.attn.qkv.weight (110592 params)
✗ Frozen: swinViT.layers3.0.blocks.0.attn.qkv.bias (576 params)
✗ Frozen: swinViT.layers3.0.blocks.0.attn.proj.weight (36864 params)
✗ Frozen: swinViT.layers3.0.blocks.0.attn.proj.bias (192 params)
✗ Frozen: swinViT.layers3.0.blocks.0.norm2.weight (192 params)
✗ Frozen: swinViT.layers3.0.blocks.0.norm2.bias (192 params)
✗ Frozen: swinViT.layers3.0.blocks.0.mlp.linear1.weight (147456 params)
✗ Frozen: swinViT.layers3.0.blocks.0.mlp.linear1.bias (768 params)
✗ Frozen: swinViT.layers3.0.blocks.0.mlp.linear2.weight (147456 params)
✗ Frozen: swinViT.layers3.0.blocks.0.mlp.linear2.bias (192 params)
✗ Frozen: swinViT.layers3.0.blocks.1.norm1.weight (192 params)
✗ Frozen: swinViT.layers3.0.blocks.1.norm1.bias (192 params)
✗ Frozen: swinViT.layers3.0.blocks.1.attn.relative_position_bias_table (26364 params)
✗ Frozen: swinViT.layers3.0.blocks.1.attn.qkv.weight (110592 params)
✗ Frozen: swinViT.layers3.0.blocks.1.attn.qkv.bias (576 params)
✗ Frozen: swinViT.layers3.0.blocks.1.attn.proj.weight (36864 params)
✗ Frozen: swinViT.layers3.0.blocks.1.attn.proj.bias (192 params)
✗ Frozen: swinViT.layers3.0.blocks.1.norm2.weight (192 params)
✗ Frozen: swinViT.layers3.0.blocks.1.norm2.bias (192 params)
✗ Frozen: swinViT.layers3.0.blocks.1.mlp.linear1.weight (147456 params)
✗ Frozen: swinViT.layers3.0.blocks.1.mlp.linear1.bias (768 params)
✗ Frozen: swinViT.layers3.0.blocks.1.mlp.linear2.weight (147456 params)
✗ Frozen: swinViT.layers3.0.blocks.1.mlp.linear2.bias (192 params)
✗ Frozen: swinViT.layers3.0.downsample.reduction.weight (589824 params)
✗ Frozen: swinViT.layers3.0.downsample.norm.weight (1536 params)
✗ Frozen: swinViT.layers3.0.downsample.norm.bias (1536 params)
✗ Frozen: swinViT.layers4.0.blocks.0.norm1.weight (384 params)
✗ Frozen: swinViT.layers4.0.blocks.0.norm1.bias (384 params)
✗ Frozen: swinViT.layers4.0.blocks.0.attn.relative_position_bias_table (52728 params)
✗ Frozen: swinViT.layers4.0.blocks.0.attn.qkv.weight (442368 params)
✗ Frozen: swinViT.layers4.0.blocks.0.attn.qkv.bias (1152 params)
✗ Frozen: swinViT.layers4.0.blocks.0.attn.proj.weight (147456 params)
✗ Frozen: swinViT.layers4.0.blocks.0.attn.proj.bias (384 params)
✗ Frozen: swinViT.layers4.0.blocks.0.norm2.weight (384 params)
✗ Frozen: swinViT.layers4.0.blocks.0.norm2.bias (384 params)
✗ Frozen: swinViT.layers4.0.blocks.0.mlp.linear1.weight (589824 params)
✗ Frozen: swinViT.layers4.0.blocks.0.mlp.linear1.bias (1536 params)
✗ Frozen: swinViT.layers4.0.blocks.0.mlp.linear2.weight (589824 params)
✗ Frozen: swinViT.layers4.0.blocks.0.mlp.linear2.bias (384 params)
✓ Unfrozen: swinViT.layers4.0.blocks.1.norm1.weight (384 params)
✓ Unfrozen: swinViT.layers4.0.blocks.1.norm1.bias (384 params)
✓ Unfrozen: swinViT.layers4.0.blocks.1.attn.relative_position_bias_table (52728 params)
✓ Unfrozen: swinViT.layers4.0.blocks.1.attn.qkv.weight (442368 params)
✓ Unfrozen: swinViT.layers4.0.blocks.1.attn.qkv.bias (1152 params)
✓ Unfrozen: swinViT.layers4.0.blocks.1.attn.proj.weight (147456 params)
✓ Unfrozen: swinViT.layers4.0.blocks.1.attn.proj.bias (384 params)
✓ Unfrozen: swinViT.layers4.0.blocks.1.norm2.weight (384 params)
✓ Unfrozen: swinViT.layers4.0.blocks.1.norm2.bias (384 params)
✓ Unfrozen: swinViT.layers4.0.blocks.1.mlp.linear1.weight (589824 params)
✓ Unfrozen: swinViT.layers4.0.blocks.1.mlp.linear1.bias (1536 params)
✓ Unfrozen: swinViT.layers4.0.blocks.1.mlp.linear2.weight (589824 params)
✓ Unfrozen: swinViT.layers4.0.blocks.1.mlp.linear2.bias (384 params)
✓ Unfrozen: swinViT.layers4.0.downsample.reduction.weight (2359296 params)
✓ Unfrozen: swinViT.layers4.0.downsample.norm.weight (3072 params)
✓ Unfrozen: swinViT.layers4.0.downsample.norm.bias (3072 params)
✓ Unfrozen: encoder10.layer.conv1.conv.weight (15925248 params)
✓ Unfrozen: encoder10.layer.conv2.conv.weight (15925248 params)
✓ Unfrozen: fc.weight (2304 params)
✓ Unfrozen: fc.bias (3 params)
Total frozen: 3869370, trainable: 36045435
0 Mon Feb 23 11:31:35 2026 Epoch: 1
Epoch: 1/150 Iter: 1/96 loss: 1.0657 acc: 0.5000 time 9.39s
Warning: Batch 1 took 9.39s, which is longer than expected.
  Sample patch 1 shape: torch.Size([1, 128, 128, 128])
  Sample patch 2 shape: torch.Size([1, 128, 128, 128])
  Sample patch 3 shape: torch.Size([1, 128, 128, 128])
  Sample patch 4 shape: torch.Size([1, 128, 128, 128])
  Sample patch 5 shape: torch.Size([1, 128, 128, 128])
  Sample patch 6 shape: torch.Size([1, 128, 128, 128])
Epoch: 1/150 Iter: 2/96 loss: 1.1252 acc: 0.2500 time 0.87s
Epoch: 1/150 Iter: 3/96 loss: 1.1413 acc: 0.3333 time 0.87s
Epoch: 1/150 Iter: 4/96 loss: 1.1236 acc: 0.3750 time 0.87s
Epoch: 1/150 Iter: 5/96 loss: 1.1345 acc: 0.3667 time 0.68s
Epoch: 1/150 Iter: 6/96 loss: 1.1215 acc: 0.3611 time 0.87s
Epoch: 1/150 Iter: 7/96 loss: 1.1010 acc: 0.3810 time 0.87s
Epoch: 1/150 Iter: 8/96 loss: 1.1095 acc: 0.3958 time 0.71s
Epoch: 1/150 Iter: 9/96 loss: 1.1038 acc: 0.3889 time 0.87s
Epoch: 1/150 Iter: 10/96 loss: 1.1411 acc: 0.3500 time 0.70s
Epoch: 1/150 Iter: 11/96 loss: 1.1305 acc: 0.3485 time 0.69s
Epoch: 1/150 Iter: 12/96 loss: 1.1330 acc: 0.3611 time 0.86s
Epoch: 1/150 Iter: 13/96 loss: 1.1434 acc: 0.3718 time 0.69s
Epoch: 1/150 Iter: 14/96 loss: 1.1397 acc: 0.3690 time 0.87s
Epoch: 1/150 Iter: 15/96 loss: 1.1547 acc: 0.3778 time 0.88s
Epoch: 1/150 Iter: 16/96 loss: 1.1614 acc: 0.3854 time 0.87s
Epoch: 1/150 Iter: 17/96 loss: 1.1558 acc: 0.3824 time 0.69s
Epoch: 1/150 Iter: 18/96 loss: 1.1675 acc: 0.3889 time 0.69s
Epoch: 1/150 Iter: 19/96 loss: 1.1674 acc: 0.3947 time 0.69s
Epoch: 1/150 Iter: 20/96 loss: 1.1646 acc: 0.3917 time 0.87s
Epoch: 1/150 Iter: 21/96 loss: 1.1698 acc: 0.3968 time 0.87s
Epoch: 1/150 Iter: 22/96 loss: 1.1697 acc: 0.4015 time 0.69s
Epoch: 1/150 Iter: 23/96 loss: 1.1640 acc: 0.3986 time 0.70s
Epoch: 1/150 Iter: 24/96 loss: 1.1600 acc: 0.4028 time 0.87s
Epoch: 1/150 Iter: 25/96 loss: 1.1574 acc: 0.4000 time 0.69s
Epoch: 1/150 Iter: 26/96 loss: 1.1538 acc: 0.4038 time 0.69s
Epoch: 1/150 Iter: 27/96 loss: 1.1473 acc: 0.4074 time 0.70s
Epoch: 1/150 Iter: 28/96 loss: 1.1467 acc: 0.4048 time 0.85s
Epoch: 1/150 Iter: 29/96 loss: 1.1448 acc: 0.4023 time 0.71s
Epoch: 1/150 Iter: 30/96 loss: 1.1404 acc: 0.4000 time 0.71s
Epoch: 1/150 Iter: 31/96 loss: 1.1374 acc: 0.3978 time 0.69s
Epoch: 1/150 Iter: 32/96 loss: 1.1384 acc: 0.4010 time 0.68s
Epoch: 1/150 Iter: 33/96 loss: 1.1376 acc: 0.3990 time 0.86s
Epoch: 1/150 Iter: 34/96 loss: 1.1417 acc: 0.4020 time 0.69s
Epoch: 1/150 Iter: 35/96 loss: 1.1423 acc: 0.4048 time 0.69s
Epoch: 1/150 Iter: 36/96 loss: 1.1350 acc: 0.4213 time 0.88s
Epoch: 1/150 Iter: 37/96 loss: 1.1360 acc: 0.4234 time 0.87s
Epoch: 1/150 Iter: 38/96 loss: 1.1337 acc: 0.4211 time 0.70s
Epoch: 1/150 Iter: 39/96 loss: 1.1343 acc: 0.4231 time 0.69s
Epoch: 1/150 Iter: 40/96 loss: 1.1329 acc: 0.4250 time 0.69s
Epoch: 1/150 Iter: 41/96 loss: 1.1337 acc: 0.4268 time 0.86s
Epoch: 1/150 Iter: 42/96 loss: 1.1392 acc: 0.4286 time 0.70s
Epoch: 1/150 Iter: 43/96 loss: 1.1399 acc: 0.4302 time 0.69s
Epoch: 1/150 Iter: 44/96 loss: 1.1363 acc: 0.4318 time 0.71s
Epoch: 1/150 Iter: 45/96 loss: 1.1350 acc: 0.4296 time 0.71s
Epoch: 1/150 Iter: 46/96 loss: 1.1348 acc: 0.4275 time 0.71s
Epoch: 1/150 Iter: 47/96 loss: 1.1329 acc: 0.4255 time 0.70s
Epoch: 1/150 Iter: 48/96 loss: 1.1354 acc: 0.4271 time 0.70s
Epoch: 1/150 Iter: 49/96 loss: 1.1350 acc: 0.4252 time 0.87s
Epoch: 1/150 Iter: 50/96 loss: 1.1338 acc: 0.4267 time 0.87s
Epoch: 1/150 Iter: 51/96 loss: 1.1377 acc: 0.4281 time 0.87s
Epoch: 1/150 Iter: 52/96 loss: 1.1377 acc: 0.4263 time 0.88s
Epoch: 1/150 Iter: 53/96 loss: 1.1382 acc: 0.4277 time 0.72s
Epoch: 1/150 Iter: 54/96 loss: 1.1422 acc: 0.4290 time 0.69s
Epoch: 1/150 Iter: 55/96 loss: 1.1439 acc: 0.4212 time 0.72s
Epoch: 1/150 Iter: 56/96 loss: 1.1408 acc: 0.4226 time 0.71s
Epoch: 1/150 Iter: 57/96 loss: 1.1394 acc: 0.4240 time 0.91s
Epoch: 1/150 Iter: 58/96 loss: 1.1419 acc: 0.4253 time 0.71s
Epoch: 1/150 Iter: 59/96 loss: 1.1390 acc: 0.4266 time 0.87s
Epoch: 1/150 Iter: 60/96 loss: 1.1394 acc: 0.4278 time 0.87s
Epoch: 1/150 Iter: 61/96 loss: 1.1430 acc: 0.4290 time 0.69s
Epoch: 1/150 Iter: 62/96 loss: 1.1402 acc: 0.4301 time 0.69s
Epoch: 1/150 Iter: 63/96 loss: 1.1456 acc: 0.4233 time 0.73s
Epoch: 1/150 Iter: 64/96 loss: 1.1443 acc: 0.4219 time 0.88s
Epoch: 1/150 Iter: 65/96 loss: 1.1447 acc: 0.4231 time 0.71s
Epoch: 1/150 Iter: 66/96 loss: 1.1465 acc: 0.4242 time 0.69s
Epoch: 1/150 Iter: 67/96 loss: 1.1462 acc: 0.4229 time 0.70s
Epoch: 1/150 Iter: 68/96 loss: 1.1466 acc: 0.4240 time 0.71s
Epoch: 1/150 Iter: 69/96 loss: 1.1467 acc: 0.4251 time 0.69s
Epoch: 1/150 Iter: 70/96 loss: 1.1456 acc: 0.4262 time 0.87s
Epoch: 1/150 Iter: 71/96 loss: 1.1460 acc: 0.4272 time 0.69s
Epoch: 1/150 Iter: 72/96 loss: 1.1463 acc: 0.4282 time 0.72s
Epoch: 1/150 Iter: 73/96 loss: 1.1464 acc: 0.4292 time 0.87s
Epoch: 1/150 Iter: 74/96 loss: 1.1469 acc: 0.4302 time 0.87s
Epoch: 1/150 Iter: 75/96 loss: 1.1457 acc: 0.4289 time 0.87s
Epoch: 1/150 Iter: 76/96 loss: 1.1434 acc: 0.4298 time 0.87s
Epoch: 1/150 Iter: 77/96 loss: 1.1436 acc: 0.4307 time 0.87s
Epoch: 1/150 Iter: 78/96 loss: 1.1415 acc: 0.4316 time 0.87s
Epoch: 1/150 Iter: 79/96 loss: 1.1431 acc: 0.4325 time 0.87s
Epoch: 1/150 Iter: 80/96 loss: 1.1434 acc: 0.4333 time 0.69s
Epoch: 1/150 Iter: 81/96 loss: 1.1413 acc: 0.4342 time 0.85s
Epoch: 1/150 Iter: 82/96 loss: 1.1416 acc: 0.4350 time 0.69s
Epoch: 1/150 Iter: 83/96 loss: 1.1418 acc: 0.4357 time 0.69s
Epoch: 1/150 Iter: 84/96 loss: 1.1410 acc: 0.4365 time 0.69s
Epoch: 1/150 Iter: 85/96 loss: 1.1409 acc: 0.4353 time 0.70s
Epoch: 1/150 Iter: 86/96 loss: 1.1400 acc: 0.4360 time 0.86s
Epoch: 1/150 Iter: 87/96 loss: 1.1393 acc: 0.4368 time 0.85s
Epoch: 1/150 Iter: 88/96 loss: 1.1396 acc: 0.4375 time 0.69s
Epoch: 1/150 Iter: 89/96 loss: 1.1401 acc: 0.4326 time 0.87s
Epoch: 1/150 Iter: 90/96 loss: 1.1405 acc: 0.4333 time 0.70s
Epoch: 1/150 Iter: 91/96 loss: 1.1397 acc: 0.4341 time 0.88s
Epoch: 1/150 Iter: 92/96 loss: 1.1411 acc: 0.4348 time 0.86s
Epoch: 1/150 Iter: 93/96 loss: 1.1425 acc: 0.4355 time 0.73s
Epoch: 1/150 Iter: 94/96 loss: 1.1438 acc: 0.4362 time 0.86s
Epoch: 1/150 Iter: 95/96 loss: 1.1442 acc: 0.4368 time 0.88s
Epoch: 1/150 Iter: 96/96 loss: 1.1444 acc: 0.4375 time 0.86s
[Train epoch 1] avg_loss=1.1444 avg_acc=0.4375 | per-class [c0: 0.000, c1: 0.000, c2: 1.000]
Final training 1/150, loss: 1.1444, time 83.13s, lr: 0.000000
Accuracy: 0.462
class                  precision    recall   specificity      f1   support
--------------------------------------------------------------------------
0                          0.000     0.000         1.000   0.000       280
1                          0.000     0.000         1.000   0.000        30
2                          0.462     1.000         0.000   0.632       266
*----------------------------------------*
0 Mon Feb 23 11:32:58 2026 Epoch: 2
Epoch: 2/150 Iter: 1/96 loss: 1.0636 acc: 0.5000 time 0.97s
Epoch: 2/150 Iter: 2/96 loss: 0.9341 acc: 0.5000 time 0.88s
Epoch: 2/150 Iter: 3/96 loss: 0.9045 acc: 0.5000 time 0.69s
Epoch: 2/150 Iter: 4/96 loss: 1.8928 acc: 0.3750 time 0.87s
Epoch: 2/150 Iter: 5/96 loss: 2.4443 acc: 0.4000 time 0.70s
Epoch: 2/150 Iter: 6/96 loss: 2.1380 acc: 0.4167 time 0.88s
Epoch: 2/150 Iter: 7/96 loss: 1.9437 acc: 0.4286 time 0.86s
Epoch: 2/150 Iter: 8/96 loss: 1.7969 acc: 0.4375 time 0.70s
Epoch: 2/150 Iter: 9/96 loss: 1.6943 acc: 0.4444 time 0.96s
Epoch: 2/150 Iter: 10/96 loss: 1.5940 acc: 0.4500 time 0.87s
Epoch: 2/150 Iter: 11/96 loss: 1.5129 acc: 0.4545 time 0.70s
Epoch: 2/150 Iter: 12/96 loss: 1.6922 acc: 0.4444 time 0.70s
Epoch: 2/150 Iter: 13/96 loss: 1.6055 acc: 0.4487 time 0.87s
Epoch: 2/150 Iter: 14/96 loss: 1.7166 acc: 0.4405 time 0.75s
Epoch: 2/150 Iter: 15/96 loss: 1.7798 acc: 0.4333 time 0.87s
Epoch: 2/150 Iter: 16/96 loss: 1.7007 acc: 0.4375 time 0.89s
Epoch: 2/150 Iter: 17/96 loss: 1.6584 acc: 0.4412 time 0.77s
Epoch: 2/150 Iter: 18/96 loss: 1.6517 acc: 0.4352 time 0.78s
Epoch: 2/150 Iter: 19/96 loss: 1.6323 acc: 0.4386 time 0.70s
Epoch: 2/150 Iter: 20/96 loss: 1.6179 acc: 0.4167 time 0.76s
Epoch: 2/150 Iter: 21/96 loss: 1.6052 acc: 0.3968 time 0.92s
Epoch: 2/150 Iter: 22/96 loss: 1.5756 acc: 0.4015 time 0.86s
Epoch: 2/150 Iter: 23/96 loss: 1.5643 acc: 0.4058 time 0.75s
Epoch: 2/150 Iter: 24/96 loss: 1.5796 acc: 0.4097 time 0.77s
Epoch: 2/150 Iter: 25/96 loss: 1.5744 acc: 0.4133 time 0.76s
Epoch: 2/150 Iter: 26/96 loss: 1.5445 acc: 0.4167 time 0.86s
Epoch: 2/150 Iter: 27/96 loss: 1.5279 acc: 0.4198 time 0.86s
Epoch: 2/150 Iter: 28/96 loss: 1.5027 acc: 0.4226 time 0.86s
Epoch: 2/150 Iter: 29/96 loss: 1.4805 acc: 0.4253 time 0.74s
Epoch: 2/150 Iter: 30/96 loss: 1.4549 acc: 0.4278 time 0.70s
Epoch: 2/150 Iter: 31/96 loss: 1.4294 acc: 0.4301 time 0.75s
Epoch: 2/150 Iter: 32/96 loss: 1.4054 acc: 0.4323 time 0.89s
Epoch: 2/150 Iter: 33/96 loss: 1.3961 acc: 0.4343 time 0.69s
Epoch: 2/150 Iter: 34/96 loss: 1.4357 acc: 0.4314 time 0.69s
Epoch: 2/150 Iter: 35/96 loss: 1.4854 acc: 0.4286 time 0.80s
Epoch: 2/150 Iter: 36/96 loss: 1.4689 acc: 0.4306 time 0.75s
Epoch: 2/150 Iter: 37/96 loss: 1.4572 acc: 0.4324 time 0.81s
Epoch: 2/150 Iter: 38/96 loss: 1.4357 acc: 0.4342 time 0.72s
Epoch: 2/150 Iter: 39/96 loss: 1.4164 acc: 0.4359 time 0.70s
Epoch: 2/150 Iter: 40/96 loss: 1.3994 acc: 0.4375 time 0.72s
Epoch: 2/150 Iter: 41/96 loss: 1.3834 acc: 0.4390 time 0.86s
Epoch: 2/150 Iter: 42/96 loss: 1.3681 acc: 0.4435 time 0.70s
Epoch: 2/150 Iter: 43/96 loss: 1.3535 acc: 0.4448 time 0.76s
Epoch: 2/150 Iter: 44/96 loss: 1.3755 acc: 0.4422 time 0.78s
Epoch: 2/150 Iter: 45/96 loss: 1.3633 acc: 0.4435 time 0.87s
Epoch: 2/150 Iter: 46/96 loss: 1.3512 acc: 0.4475 time 0.71s
Epoch: 2/150 Iter: 47/96 loss: 1.3382 acc: 0.4521 time 0.78s
Epoch: 2/150 Iter: 48/96 loss: 1.3233 acc: 0.4531 time 0.78s
Epoch: 2/150 Iter: 49/96 loss: 1.3345 acc: 0.4541 time 0.72s
Epoch: 2/150 Iter: 50/96 loss: 1.3413 acc: 0.4517 time 0.75s
Epoch: 2/150 Iter: 51/96 loss: 1.3305 acc: 0.4605 time 0.78s
Epoch: 2/150 Iter: 52/96 loss: 1.3330 acc: 0.4580 time 0.78s
Epoch: 2/150 Iter: 53/96 loss: 1.3240 acc: 0.4588 time 0.70s
Epoch: 2/150 Iter: 54/96 loss: 1.3157 acc: 0.4619 time 0.74s
Epoch: 2/150 Iter: 55/96 loss: 1.3096 acc: 0.4626 time 0.76s
Epoch: 2/150 Iter: 56/96 loss: 1.3057 acc: 0.4563 time 0.73s
Epoch: 2/150 Iter: 57/96 loss: 1.2992 acc: 0.4571 time 0.92s
Epoch: 2/150 Iter: 58/96 loss: 1.2931 acc: 0.4578 time 0.72s
Epoch: 2/150 Iter: 59/96 loss: 1.2844 acc: 0.4628 time 0.87s
Epoch: 2/150 Iter: 60/96 loss: 1.2757 acc: 0.4689 time 0.77s
Epoch: 2/150 Iter: 61/96 loss: 1.2663 acc: 0.4760 time 0.71s
Epoch: 2/150 Iter: 62/96 loss: 1.2586 acc: 0.4764 time 0.74s
Epoch: 2/150 Iter: 63/96 loss: 1.2646 acc: 0.4776 time 0.76s
Epoch: 2/150 Iter: 64/96 loss: 1.2558 acc: 0.4832 time 0.75s
Epoch: 2/150 Iter: 65/96 loss: 1.2470 acc: 0.4854 time 0.86s
Epoch: 2/150 Iter: 66/96 loss: 1.2395 acc: 0.4856 time 0.87s
Epoch: 2/150 Iter: 67/96 loss: 1.2307 acc: 0.4858 time 0.86s
Epoch: 2/150 Iter: 68/96 loss: 1.2244 acc: 0.4860 time 0.87s
Epoch: 2/150 Iter: 69/96 loss: 1.2150 acc: 0.4920 time 0.87s
Epoch: 2/150 Iter: 70/96 loss: 1.2224 acc: 0.4913 time 0.87s
Epoch: 2/150 Iter: 71/96 loss: 1.2264 acc: 0.4923 time 0.70s
Epoch: 2/150 Iter: 72/96 loss: 1.2323 acc: 0.4900 time 0.70s
Epoch: 2/150 Iter: 73/96 loss: 1.2379 acc: 0.4909 time 0.88s
Epoch: 2/150 Iter: 74/96 loss: 1.2310 acc: 0.4928 time 0.69s
Epoch: 2/150 Iter: 75/96 loss: 1.2261 acc: 0.4929 time 0.78s
Epoch: 2/150 Iter: 76/96 loss: 1.2281 acc: 0.4908 time 0.70s
Epoch: 2/150 Iter: 77/96 loss: 1.2245 acc: 0.4865 time 0.72s
Epoch: 2/150 Iter: 78/96 loss: 1.2173 acc: 0.4910 time 0.77s
Epoch: 2/150 Iter: 79/96 loss: 1.2132 acc: 0.4890 time 0.72s
Epoch: 2/150 Iter: 80/96 loss: 1.2086 acc: 0.4870 time 0.87s
Epoch: 2/150 Iter: 81/96 loss: 1.2072 acc: 0.4838 time 0.69s
Epoch: 2/150 Iter: 82/96 loss: 1.2077 acc: 0.4840 time 0.70s
Epoch: 2/150 Iter: 83/96 loss: 1.2031 acc: 0.4862 time 0.86s
Epoch: 2/150 Iter: 84/96 loss: 1.2025 acc: 0.4830 time 0.69s
Epoch: 2/150 Iter: 85/96 loss: 1.2000 acc: 0.4852 time 0.86s
Epoch: 2/150 Iter: 86/96 loss: 1.1935 acc: 0.4834 time 0.86s
Epoch: 2/150 Iter: 87/96 loss: 1.1882 acc: 0.4855 time 0.71s
Epoch: 2/150 Iter: 88/96 loss: 1.1833 acc: 0.4838 time 0.70s
Epoch: 2/150 Iter: 89/96 loss: 1.1739 acc: 0.4859 time 0.70s
Epoch: 2/150 Iter: 90/96 loss: 1.1721 acc: 0.4842 time 0.86s
Epoch: 2/150 Iter: 91/96 loss: 1.1691 acc: 0.4813 time 0.86s
Epoch: 2/150 Iter: 92/96 loss: 1.1695 acc: 0.4779 time 0.86s
Epoch: 2/150 Iter: 93/96 loss: 1.1648 acc: 0.4781 time 0.70s
Epoch: 2/150 Iter: 94/96 loss: 1.1580 acc: 0.4801 time 0.70s
Epoch: 2/150 Iter: 95/96 loss: 1.1537 acc: 0.4803 time 0.72s
Epoch: 2/150 Iter: 96/96 loss: 1.1524 acc: 0.4805 time 0.69s
[Train epoch 2] avg_loss=1.1524 avg_acc=0.4805 | per-class [c0: 0.461, c1: 0.267, c2: 0.586]
Final training 2/150, loss: 1.1524, time 75.15s, lr: 0.000250
Accuracy: 0.509
class                  precision    recall   specificity      f1   support
--------------------------------------------------------------------------
0                          0.522     0.461         0.601   0.490       280
1                          0.157     0.267         0.921   0.198        30
2                          0.561     0.586         0.606   0.574       266
*----------------------------------------*
Val 2/150 1/24, Acc: 0.3333, Loss: 1.8812, time 0.85s
Val 2/150 2/24, Acc: 0.3333, Loss: 1.4566, time 0.80s
Val 2/150 3/24, Acc: 0.5000, Loss: 1.1840, time 0.80s
Val 2/150 4/24, Acc: 0.5000, Loss: 1.0203, time 0.80s
Val 2/150 5/24, Acc: 0.5000, Loss: 0.9653, time 0.80s
Val 2/150 6/24, Acc: 0.5417, Loss: 0.9133, time 0.80s
Val 2/150 7/24, Acc: 0.5238, Loss: 0.9107, time 0.80s
Val 2/150 8/24, Acc: 0.5365, Loss: 0.9133, time 0.80s
Val 2/150 9/24, Acc: 0.5065, Loss: 0.8957, time 0.80s
Val 2/150 10/24, Acc: 0.4958, Loss: 0.9222, time 0.85s
Val 2/150 11/24, Acc: 0.5063, Loss: 0.9283, time 0.80s
Val 2/150 12/24, Acc: 0.4734, Loss: 0.9354, time 0.79s
Val 2/150 13/24, Acc: 0.5139, Loss: 0.9054, time 0.80s
Val 2/150 14/24, Acc: 0.5218, Loss: 0.9098, time 0.79s
Val 2/150 15/24, Acc: 0.5259, Loss: 0.8893, time 0.80s
Val 2/150 16/24, Acc: 0.5493, Loss: 0.8844, time 0.79s
Val 2/150 17/24, Acc: 0.5611, Loss: 0.8674, time 0.79s
Val 2/150 18/24, Acc: 0.5647, Loss: 0.8677, time 0.84s
Val 2/150 19/24, Acc: 0.5525, Loss: 0.8784, time 0.80s
Val 2/150 20/24, Acc: 0.5360, Loss: 0.9014, time 0.80s
Val 2/150 21/24, Acc: 0.5462, Loss: 0.8907, time 0.80s
Val 2/150 22/24, Acc: 0.5516, Loss: 0.8835, time 0.80s
Val 2/150 23/24, Acc: 0.5446, Loss: 0.9300, time 0.80s
Val 2/150 24/24, Acc: 0.5427, Loss: 0.9160, time 0.80s
[Val epoch 2] avg_acc=0.5427 | avg_loss=0.9160 | per-class [c0: 0.357, c1: 0.500, c2: 0.879]
Final validation 2/150, Val_acc: 0.5427, time 19.30sAccuracy: 0.604
class                  precision    recall   specificity      f1   support
--------------------------------------------------------------------------
0                          0.806     0.357         0.919   0.495        70
1                          0.222     0.500         0.897   0.308         8
2                          0.611     0.879         0.526   0.720        66
*========================================*
New best (0.000000 --> 0.542708)
Saving checkpoint outputs/OrganoidsINRIA_XYZ_thinning_128/swinunetr/2026-02-23-11-31/training/model_final.pt
Copying best model to best_model.pt
[EarlyStopping] init best=0.542708
[EarlyStopping] init best=0.915970
0 Mon Feb 23 11:34:43 2026 Epoch: 3
Epoch: 3/150 Iter: 1/96 loss: 1.2415 acc: 0.6667 time 0.97s
Epoch: 3/150 Iter: 2/96 loss: 1.2412 acc: 0.4000 time 0.77s
Epoch: 3/150 Iter: 3/96 loss: 1.1774 acc: 0.3778 time 0.73s
Epoch: 3/150 Iter: 4/96 loss: 1.0208 acc: 0.3667 time 0.77s
Epoch: 3/150 Iter: 5/96 loss: 1.0157 acc: 0.3767 time 0.87s
Epoch: 3/150 Iter: 6/96 loss: 0.9913 acc: 0.4250 time 0.78s
Epoch: 3/150 Iter: 7/96 loss: 1.0092 acc: 0.4000 time 0.87s
Epoch: 3/150 Iter: 8/96 loss: 0.9857 acc: 0.4333 time 0.70s
Epoch: 3/150 Iter: 9/96 loss: 0.9571 acc: 0.4778 time 0.87s
Epoch: 3/150 Iter: 10/96 loss: 0.9199 acc: 0.5300 time 0.86s
Epoch: 3/150 Iter: 11/96 loss: 0.9695 acc: 0.5323 time 0.87s
Epoch: 3/150 Iter: 12/96 loss: 0.9216 acc: 0.5713 time 0.70s
Epoch: 3/150 Iter: 13/96 loss: 0.9156 acc: 0.5850 time 0.87s
Epoch: 3/150 Iter: 14/96 loss: 0.9341 acc: 0.5861 time 0.76s
Epoch: 3/150 Iter: 15/96 loss: 0.9229 acc: 0.5637 time 0.70s
Epoch: 3/150 Iter: 16/96 loss: 0.9021 acc: 0.5806 time 0.87s
Epoch: 3/150 Iter: 17/96 loss: 0.8971 acc: 0.5758 time 0.78s
Epoch: 3/150 Iter: 18/96 loss: 0.8968 acc: 0.5716 time 0.70s
Epoch: 3/150 Iter: 19/96 loss: 0.9506 acc: 0.5591 time 0.76s
Epoch: 3/150 Iter: 20/96 loss: 0.9358 acc: 0.5561 time 0.86s
Epoch: 3/150 Iter: 21/96 loss: 0.9282 acc: 0.5534 time 0.87s
Epoch: 3/150 Iter: 22/96 loss: 0.9101 acc: 0.5453 time 0.78s
Epoch: 3/150 Iter: 23/96 loss: 0.9201 acc: 0.5379 time 0.76s
Epoch: 3/150 Iter: 24/96 loss: 0.9002 acc: 0.5572 time 0.87s
Epoch: 3/150 Iter: 25/96 loss: 0.9067 acc: 0.5449 time 0.87s
Epoch: 3/150 Iter: 26/96 loss: 0.9714 acc: 0.5496 time 0.86s
Epoch: 3/150 Iter: 27/96 loss: 0.9892 acc: 0.5317 time 0.76s
Epoch: 3/150 Iter: 28/96 loss: 1.0019 acc: 0.5306 time 0.77s
Epoch: 3/150 Iter: 29/96 loss: 1.0049 acc: 0.5295 time 0.77s
Epoch: 3/150 Iter: 30/96 loss: 0.9944 acc: 0.5452 time 0.93s
Epoch: 3/150 Iter: 31/96 loss: 0.9831 acc: 0.5437 time 0.78s
Epoch: 3/150 Iter: 32/96 loss: 0.9855 acc: 0.5345 time 0.73s
Epoch: 3/150 Iter: 33/96 loss: 0.9963 acc: 0.5217 time 0.76s
Epoch: 3/150 Iter: 34/96 loss: 0.9917 acc: 0.5240 time 0.76s
Epoch: 3/150 Iter: 35/96 loss: 0.9974 acc: 0.5186 time 0.77s
Epoch: 3/150 Iter: 36/96 loss: 0.9977 acc: 0.5181 time 0.82s
Epoch: 3/150 Iter: 37/96 loss: 0.9934 acc: 0.5221 time 0.87s
Epoch: 3/150 Iter: 38/96 loss: 0.9822 acc: 0.5215 time 0.86s
Epoch: 3/150 Iter: 39/96 loss: 0.9810 acc: 0.5167 time 0.70s
Epoch: 3/150 Iter: 40/96 loss: 0.9763 acc: 0.5121 time 0.71s
Epoch: 3/150 Iter: 41/96 loss: 0.9758 acc: 0.5118 time 0.75s
Epoch: 3/150 Iter: 42/96 loss: 0.9747 acc: 0.5107 time 0.70s
Epoch: 3/150 Iter: 43/96 loss: 0.9683 acc: 0.5169 time 0.70s
Epoch: 3/150 Iter: 44/96 loss: 0.9642 acc: 0.5146 time 0.76s
Epoch: 3/150 Iter: 45/96 loss: 0.9626 acc: 0.5121 time 0.87s
Epoch: 3/150 Iter: 46/96 loss: 0.9587 acc: 0.5118 time 0.87s
Epoch: 3/150 Iter: 47/96 loss: 0.9489 acc: 0.5201 time 0.70s
Epoch: 3/150 Iter: 48/96 loss: 0.9366 acc: 0.5301 time 0.87s
Epoch: 3/150 Iter: 49/96 loss: 0.9260 acc: 0.5295 time 0.72s
Epoch: 3/150 Iter: 50/96 loss: 0.9204 acc: 0.5289 time 0.77s
Epoch: 3/150 Iter: 51/96 loss: 0.9167 acc: 0.5283 time 0.77s
Epoch: 3/150 Iter: 52/96 loss: 0.9200 acc: 0.5278 time 0.75s
Epoch: 3/150 Iter: 53/96 loss: 0.9448 acc: 0.5241 time 0.87s
Epoch: 3/150 Iter: 54/96 loss: 0.9701 acc: 0.5206 time 0.87s
Epoch: 3/150 Iter: 55/96 loss: 0.9723 acc: 0.5202 time 0.77s
Epoch: 3/150 Iter: 56/96 loss: 1.0024 acc: 0.5169 time 0.70s
Epoch: 3/150 Iter: 57/96 loss: 0.9958 acc: 0.5166 time 0.88s
Epoch: 3/150 Iter: 58/96 loss: 0.9891 acc: 0.5220 time 0.72s
Epoch: 3/150 Iter: 59/96 loss: 0.9796 acc: 0.5301 time 0.77s
Epoch: 3/150 Iter: 60/96 loss: 0.9789 acc: 0.5269 time 0.76s
Epoch: 3/150 Iter: 61/96 loss: 0.9729 acc: 0.5264 time 0.92s
Epoch: 3/150 Iter: 62/96 loss: 0.9802 acc: 0.5233 time 0.71s
Epoch: 3/150 Iter: 63/96 loss: 0.9830 acc: 0.5203 time 0.88s
Epoch: 3/150 Iter: 64/96 loss: 0.9784 acc: 0.5191 time 0.72s
Epoch: 3/150 Iter: 65/96 loss: 0.9718 acc: 0.5214 time 0.87s
Epoch: 3/150 Iter: 66/96 loss: 0.9641 acc: 0.5236 time 0.77s
Epoch: 3/150 Iter: 67/96 loss: 0.9730 acc: 0.5191 time 0.82s
Epoch: 3/150 Iter: 68/96 loss: 0.9837 acc: 0.5151 time 0.74s
Epoch: 3/150 Iter: 69/96 loss: 0.9951 acc: 0.5076 time 0.77s
Epoch: 3/150 Iter: 70/96 loss: 0.9888 acc: 0.5080 time 0.85s
Epoch: 3/150 Iter: 71/96 loss: 0.9803 acc: 0.5079 time 0.86s
Epoch: 3/150 Iter: 72/96 loss: 0.9775 acc: 0.5133 time 0.69s
Epoch: 3/150 Iter: 73/96 loss: 0.9744 acc: 0.5185 time 0.88s
Epoch: 3/150 Iter: 74/96 loss: 0.9868 acc: 0.5160 time 0.88s
Epoch: 3/150 Iter: 75/96 loss: 0.9806 acc: 0.5224 time 0.87s
Epoch: 3/150 Iter: 76/96 loss: 0.9770 acc: 0.5254 time 0.87s
Epoch: 3/150 Iter: 77/96 loss: 0.9732 acc: 0.5273 time 0.90s
Epoch: 3/150 Iter: 78/96 loss: 0.9629 acc: 0.5333 time 0.71s
Epoch: 3/150 Iter: 79/96 loss: 0.9704 acc: 0.5329 time 0.72s
Epoch: 3/150 Iter: 80/96 loss: 0.9718 acc: 0.5332 time 0.93s
Epoch: 3/150 Iter: 81/96 loss: 0.9625 acc: 0.5390 time 0.85s
Epoch: 3/150 Iter: 82/96 loss: 0.9630 acc: 0.5415 time 0.85s
Epoch: 3/150 Iter: 83/96 loss: 0.9703 acc: 0.5395 time 0.69s
Epoch: 3/150 Iter: 84/96 loss: 0.9694 acc: 0.5371 time 0.69s
Epoch: 3/150 Iter: 85/96 loss: 0.9672 acc: 0.5347 time 0.74s
Epoch: 3/150 Iter: 86/96 loss: 0.9640 acc: 0.5391 time 0.69s
Epoch: 3/150 Iter: 87/96 loss: 0.9597 acc: 0.5415 time 0.70s
Epoch: 3/150 Iter: 88/96 loss: 0.9589 acc: 0.5379 time 0.88s
Epoch: 3/150 Iter: 89/96 loss: 0.9538 acc: 0.5394 time 0.86s
Epoch: 3/150 Iter: 90/96 loss: 0.9537 acc: 0.5380 time 0.71s
Epoch: 3/150 Iter: 91/96 loss: 0.9510 acc: 0.5376 time 0.70s
Epoch: 3/150 Iter: 92/96 loss: 0.9474 acc: 0.5354 time 0.71s
Epoch: 3/150 Iter: 93/96 loss: 0.9473 acc: 0.5361 time 0.69s
Epoch: 3/150 Iter: 94/96 loss: 0.9458 acc: 0.5339 time 0.86s
Epoch: 3/150 Iter: 95/96 loss: 0.9466 acc: 0.5309 time 0.69s
Epoch: 3/150 Iter: 96/96 loss: 0.9454 acc: 0.5319 time 0.88s
[Train epoch 3] avg_loss=0.9454 avg_acc=0.5319 | per-class [c0: 0.475, c1: 0.367, c2: 0.726]
Final training 3/150, loss: 0.9454, time 76.26s, lr: 0.000500
Accuracy: 0.585
class                  precision    recall   specificity      f1   support
--------------------------------------------------------------------------
0                          0.649     0.475         0.757   0.548       280
1                          0.136     0.367         0.872   0.198        30
2                          0.666     0.726         0.687   0.694       266
*----------------------------------------*
0 Mon Feb 23 11:35:59 2026 Epoch: 4
Epoch: 4/150 Iter: 1/96 loss: 0.4743 acc: 0.5000 time 1.23s
Epoch: 4/150 Iter: 2/96 loss: 0.6643 acc: 0.4583 time 0.74s
Epoch: 4/150 Iter: 3/96 loss: 1.1852 acc: 0.4537 time 0.94s
Epoch: 4/150 Iter: 4/96 loss: 1.0461 acc: 0.5903 time 0.72s
Epoch: 4/150 Iter: 5/96 loss: 0.9978 acc: 0.5122 time 0.71s
Epoch: 4/150 Iter: 6/96 loss: 0.9366 acc: 0.5380 time 0.86s
Epoch: 4/150 Iter: 7/96 loss: 0.9267 acc: 0.5861 time 0.70s
Epoch: 4/150 Iter: 8/96 loss: 0.8898 acc: 0.6003 time 0.87s
Epoch: 4/150 Iter: 9/96 loss: 0.8583 acc: 0.5892 time 0.86s
Epoch: 4/150 Iter: 10/96 loss: 0.8220 acc: 0.6303 time 0.87s
Epoch: 4/150 Iter: 11/96 loss: 0.8091 acc: 0.6336 time 0.87s
Epoch: 4/150 Iter: 12/96 loss: 0.8044 acc: 0.6225 time 0.79s
Epoch: 4/150 Iter: 13/96 loss: 0.8116 acc: 0.6002 time 0.77s
Epoch: 4/150 Iter: 14/96 loss: 0.8137 acc: 0.5931 time 0.75s
Epoch: 4/150 Iter: 15/96 loss: 0.8231 acc: 0.6069 time 0.71s
Epoch: 4/150 Iter: 16/96 loss: 0.8316 acc: 0.6106 time 0.72s
Epoch: 4/150 Iter: 17/96 loss: 0.8271 acc: 0.5904 time 0.87s
Epoch: 4/150 Iter: 18/96 loss: 0.8017 acc: 0.5946 time 0.71s
Epoch: 4/150 Iter: 19/96 loss: 0.8272 acc: 0.5750 time 0.75s
Epoch: 4/150 Iter: 20/96 loss: 0.8236 acc: 0.5629 time 0.77s
Epoch: 4/150 Iter: 21/96 loss: 0.8134 acc: 0.5599 time 0.70s
Epoch: 4/150 Iter: 22/96 loss: 0.8012 acc: 0.5648 time 0.87s
Epoch: 4/150 Iter: 23/96 loss: 0.8199 acc: 0.5547 time 0.78s
Epoch: 4/150 Iter: 24/96 loss: 0.8551 acc: 0.5316 time 0.78s
Epoch: 4/150 Iter: 25/96 loss: 0.8616 acc: 0.5237 time 0.92s
Epoch: 4/150 Iter: 26/96 loss: 0.8643 acc: 0.5324 time 0.87s
Epoch: 4/150 Iter: 27/96 loss: 0.8573 acc: 0.5456 time 0.77s
Epoch: 4/150 Iter: 28/96 loss: 0.8501 acc: 0.5529 time 0.70s
Epoch: 4/150 Iter: 29/96 loss: 0.8436 acc: 0.5625 time 0.74s
Epoch: 4/150 Iter: 30/96 loss: 0.8628 acc: 0.5494 time 0.97s
Epoch: 4/150 Iter: 31/96 loss: 0.8604 acc: 0.5478 time 0.87s
Epoch: 4/150 Iter: 32/96 loss: 0.8551 acc: 0.5541 time 0.86s
Epoch: 4/150 Iter: 33/96 loss: 0.9069 acc: 0.5524 time 0.73s
Epoch: 4/150 Iter: 34/96 loss: 0.8963 acc: 0.5509 time 0.72s
Epoch: 4/150 Iter: 35/96 loss: 0.9096 acc: 0.5494 time 0.72s
Epoch: 4/150 Iter: 36/96 loss: 0.9134 acc: 0.5481 time 0.74s
Epoch: 4/150 Iter: 37/96 loss: 0.9218 acc: 0.5423 time 0.71s
Epoch: 4/150 Iter: 38/96 loss: 0.9123 acc: 0.5455 time 0.87s
Epoch: 4/150 Iter: 39/96 loss: 0.9100 acc: 0.5444 time 0.87s
Epoch: 4/150 Iter: 40/96 loss: 0.8962 acc: 0.5558 time 0.73s
Epoch: 4/150 Iter: 41/96 loss: 0.8856 acc: 0.5558 time 0.94s
Epoch: 4/150 Iter: 42/96 loss: 0.8899 acc: 0.5592 time 0.70s
Epoch: 4/150 Iter: 43/96 loss: 0.8862 acc: 0.5617 time 0.74s
Epoch: 4/150 Iter: 44/96 loss: 0.8862 acc: 0.5590 time 0.71s
Epoch: 4/150 Iter: 45/96 loss: 0.8760 acc: 0.5633 time 0.87s
Epoch: 4/150 Iter: 46/96 loss: 0.8729 acc: 0.5619 time 0.86s
Epoch: 4/150 Iter: 47/96 loss: 0.8775 acc: 0.5579 time 0.86s
Epoch: 4/150 Iter: 48/96 loss: 0.8722 acc: 0.5602 time 0.72s
Epoch: 4/150 Iter: 49/96 loss: 0.8789 acc: 0.5607 time 0.88s
Epoch: 4/150 Iter: 50/96 loss: 0.8686 acc: 0.5694 time 0.87s
Epoch: 4/150 Iter: 51/96 loss: 0.8811 acc: 0.5692 time 0.71s
Epoch: 4/150 Iter: 52/96 loss: 0.8751 acc: 0.5751 time 0.76s
Epoch: 4/150 Iter: 53/96 loss: 0.8725 acc: 0.5757 time 0.87s
Epoch: 4/150 Iter: 54/96 loss: 0.8764 acc: 0.5692 time 0.73s
Epoch: 4/150 Iter: 55/96 loss: 0.8903 acc: 0.5609 time 0.70s
Epoch: 4/150 Iter: 56/96 loss: 0.9034 acc: 0.5523 time 0.73s
Epoch: 4/150 Iter: 57/96 loss: 0.9005 acc: 0.5485 time 0.78s
Epoch: 4/150 Iter: 58/96 loss: 0.8962 acc: 0.5467 time 0.75s
Epoch: 4/150 Iter: 59/96 loss: 0.8946 acc: 0.5412 time 0.73s
Epoch: 4/150 Iter: 60/96 loss: 0.8890 acc: 0.5447 time 0.87s
Epoch: 4/150 Iter: 61/96 loss: 0.8826 acc: 0.5480 time 0.73s
Epoch: 4/150 Iter: 62/96 loss: 0.8760 acc: 0.5526 time 0.71s
Epoch: 4/150 Iter: 63/96 loss: 0.8697 acc: 0.5518 time 0.93s
Epoch: 4/150 Iter: 64/96 loss: 0.8673 acc: 0.5536 time 0.77s
Epoch: 4/150 Iter: 65/96 loss: 0.8645 acc: 0.5553 time 0.88s
Epoch: 4/150 Iter: 66/96 loss: 0.8654 acc: 0.5520 time 0.87s
Epoch: 4/150 Iter: 67/96 loss: 0.8623 acc: 0.5512 time 0.77s
Epoch: 4/150 Iter: 68/96 loss: 0.8585 acc: 0.5529 time 0.92s
Epoch: 4/150 Iter: 69/96 loss: 0.8542 acc: 0.5545 time 0.86s
Epoch: 4/150 Iter: 70/96 loss: 0.8518 acc: 0.5552 time 0.87s
Epoch: 4/150 Iter: 71/96 loss: 0.8483 acc: 0.5544 time 0.87s
Epoch: 4/150 Iter: 72/96 loss: 0.8447 acc: 0.5537 time 0.87s
Epoch: 4/150 Iter: 73/96 loss: 0.8715 acc: 0.5506 time 0.75s
Epoch: 4/150 Iter: 74/96 loss: 0.8699 acc: 0.5500 time 0.70s
Epoch: 4/150 Iter: 75/96 loss: 0.8916 acc: 0.5471 time 0.71s
Epoch: 4/150 Iter: 76/96 loss: 0.8886 acc: 0.5465 time 0.76s
Epoch: 4/150 Iter: 77/96 loss: 0.8839 acc: 0.5459 time 0.94s
Epoch: 4/150 Iter: 78/96 loss: 0.8803 acc: 0.5453 time 0.70s
Epoch: 4/150 Iter: 79/96 loss: 0.9029 acc: 0.5468 time 0.70s
Epoch: 4/150 Iter: 80/96 loss: 0.9168 acc: 0.5462 time 0.86s
Epoch: 4/150 Iter: 81/96 loss: 0.9127 acc: 0.5487 time 0.69s
Epoch: 4/150 Iter: 82/96 loss: 0.9169 acc: 0.5481 time 0.86s
Epoch: 4/150 Iter: 83/96 loss: 0.9219 acc: 0.5476 time 0.70s
Epoch: 4/150 Iter: 84/96 loss: 0.9182 acc: 0.5510 time 0.85s
Epoch: 4/150 Iter: 85/96 loss: 0.9203 acc: 0.5484 time 0.72s
Epoch: 4/150 Iter: 86/96 loss: 0.9182 acc: 0.5478 time 0.70s
Epoch: 4/150 Iter: 87/96 loss: 0.9204 acc: 0.5447 time 0.69s
Epoch: 4/150 Iter: 88/96 loss: 0.9161 acc: 0.5486 time 0.73s
Epoch: 4/150 Iter: 89/96 loss: 0.9167 acc: 0.5462 time 0.86s
Epoch: 4/150 Iter: 90/96 loss: 0.9162 acc: 0.5439 time 0.69s
Epoch: 4/150 Iter: 91/96 loss: 0.9231 acc: 0.5388 time 0.86s
Epoch: 4/150 Iter: 92/96 loss: 0.9232 acc: 0.5384 time 0.89s
Epoch: 4/150 Iter: 93/96 loss: 0.9190 acc: 0.5380 time 0.71s
Epoch: 4/150 Iter: 94/96 loss: 0.9189 acc: 0.5411 time 0.88s
Epoch: 4/150 Iter: 95/96 loss: 0.9182 acc: 0.5413 time 0.86s
Epoch: 4/150 Iter: 96/96 loss: 0.9131 acc: 0.5460 time 0.69s
[Train epoch 4] avg_loss=0.9131 avg_acc=0.5460 | per-class [c0: 0.541, c1: 0.367, c2: 0.706]
Final training 4/150, loss: 0.9131, time 76.50s, lr: 0.000750
Accuracy: 0.608
class                  precision    recall   specificity      f1   support
--------------------------------------------------------------------------
0                          0.655     0.541         0.729   0.593       281
1                          0.177     0.367         0.907   0.239        30
2                          0.663     0.706         0.695   0.684       265
*----------------------------------------*
Val 4/150 1/24, Acc: 0.5000, Loss: 1.8338, time 0.71s
Val 4/150 2/24, Acc: 0.4167, Loss: 1.3924, time 0.67s
Val 4/150 3/24, Acc: 0.5000, Loss: 1.2064, time 0.67s
Val 4/150 4/24, Acc: 0.5000, Loss: 1.0082, time 0.68s
Val 4/150 5/24, Acc: 0.4667, Loss: 0.9955, time 0.67s
Val 4/150 6/24, Acc: 0.5139, Loss: 0.9365, time 0.67s
Val 4/150 7/24, Acc: 0.5238, Loss: 0.8782, time 0.67s
Val 4/150 8/24, Acc: 0.5365, Loss: 0.8719, time 0.67s
Val 4/150 9/24, Acc: 0.5435, Loss: 0.8485, time 0.67s
Val 4/150 10/24, Acc: 0.5592, Loss: 0.9227, time 0.67s
Val 4/150 11/24, Acc: 0.5639, Loss: 0.9144, time 0.69s
Val 4/150 12/24, Acc: 0.5215, Loss: 0.9708, time 0.67s
Val 4/150 13/24, Acc: 0.5071, Loss: 0.9386, time 0.67s
Val 4/150 14/24, Acc: 0.5155, Loss: 0.9673, time 0.67s
Val 4/150 15/24, Acc: 0.4978, Loss: 0.9689, time 0.67s
Val 4/150 16/24, Acc: 0.5167, Loss: 0.9725, time 0.67s
Val 4/150 17/24, Acc: 0.5304, Loss: 0.9440, time 0.67s
Val 4/150 18/24, Acc: 0.5356, Loss: 0.9478, time 0.71s
Val 4/150 19/24, Acc: 0.5390, Loss: 0.9695, time 0.67s
Val 4/150 20/24, Acc: 0.5232, Loss: 0.9848, time 0.67s
Val 4/150 21/24, Acc: 0.5340, Loss: 0.9693, time 0.67s
Val 4/150 22/24, Acc: 0.5324, Loss: 0.9726, time 0.67s
Val 4/150 23/24, Acc: 0.5262, Loss: 1.0204, time 0.67s
Val 4/150 24/24, Acc: 0.5297, Loss: 1.0159, time 0.67s
[Val epoch 4] avg_acc=0.5297 | avg_loss=1.0159 | per-class [c0: 0.314, c1: 0.500, c2: 0.879]
Final validation 4/150, Val_acc: 0.5297, time 16.17sAccuracy: 0.583
class                  precision    recall   specificity      f1   support
--------------------------------------------------------------------------
0                          0.880     0.314         0.959   0.463        70
1                          0.174     0.500         0.860   0.258         8
2                          0.604     0.879         0.513   0.716        66
*========================================*
Saving checkpoint outputs/OrganoidsINRIA_XYZ_thinning_128/swinunetr/2026-02-23-11-31/training/model_final.pt
[EarlyStopping] no improve (1/40)
[EarlyStopping] no improve (1/40)
0 Mon Feb 23 11:37:37 2026 Epoch: 5
Epoch: 5/150 Iter: 1/96 loss: 0.6457 acc: 0.4167 time 1.17s
Epoch: 5/150 Iter: 2/96 loss: 0.7383 acc: 0.6458 time 0.87s
Epoch: 5/150 Iter: 3/96 loss: 0.7105 acc: 0.7083 time 0.87s
Epoch: 5/150 Iter: 4/96 loss: 0.6382 acc: 0.7813 time 0.72s
Epoch: 5/150 Iter: 5/96 loss: 0.6028 acc: 0.7250 time 0.70s
Epoch: 5/150 Iter: 6/96 loss: 0.6034 acc: 0.7153 time 0.69s
Epoch: 5/150 Iter: 7/96 loss: 0.5833 acc: 0.7321 time 0.74s
Epoch: 5/150 Iter: 8/96 loss: 0.8006 acc: 0.6823 time 0.86s
Epoch: 5/150 Iter: 9/96 loss: 0.8029 acc: 0.6620 time 0.71s
Epoch: 5/150 Iter: 10/96 loss: 0.7864 acc: 0.6358 time 0.85s
Epoch: 5/150 Iter: 11/96 loss: 0.8363 acc: 0.6083 time 0.76s
Epoch: 5/150 Iter: 12/96 loss: 0.8332 acc: 0.6225 time 0.93s
Epoch: 5/150 Iter: 13/96 loss: 0.8520 acc: 0.6361 time 0.72s
Epoch: 5/150 Iter: 14/96 loss: 0.8301 acc: 0.6383 time 0.81s
Epoch: 5/150 Iter: 15/96 loss: 0.8431 acc: 0.6180 time 0.87s
Epoch: 5/150 Iter: 16/96 loss: 0.8394 acc: 0.6002 time 0.90s
Epoch: 5/150 Iter: 17/96 loss: 0.8547 acc: 0.5845 time 0.88s
Epoch: 5/150 Iter: 18/96 loss: 0.8521 acc: 0.5798 time 0.86s
Epoch: 5/150 Iter: 19/96 loss: 0.8219 acc: 0.5844 time 0.69s
Epoch: 5/150 Iter: 20/96 loss: 0.8198 acc: 0.5774 time 0.75s
Epoch: 5/150 Iter: 21/96 loss: 0.8121 acc: 0.5975 time 0.75s
Epoch: 5/150 Iter: 22/96 loss: 0.8083 acc: 0.5931 time 0.70s
Epoch: 5/150 Iter: 23/96 loss: 0.7883 acc: 0.6011 time 0.75s
Epoch: 5/150 Iter: 24/96 loss: 0.8039 acc: 0.5807 time 0.74s
Epoch: 5/150 Iter: 25/96 loss: 0.7940 acc: 0.5841 time 0.88s
Epoch: 5/150 Iter: 26/96 loss: 0.7851 acc: 0.5905 time 0.71s
Epoch: 5/150 Iter: 27/96 loss: 0.7764 acc: 0.6010 time 0.94s
Epoch: 5/150 Iter: 28/96 loss: 0.7699 acc: 0.6063 time 0.70s
Epoch: 5/150 Iter: 29/96 loss: 0.7673 acc: 0.6096 time 0.71s
Epoch: 5/150 Iter: 30/96 loss: 0.7624 acc: 0.6170 time 0.92s
Epoch: 5/150 Iter: 31/96 loss: 0.7663 acc: 0.6186 time 0.71s
Epoch: 5/150 Iter: 32/96 loss: 0.7549 acc: 0.6149 time 0.87s
Epoch: 5/150 Iter: 33/96 loss: 0.7520 acc: 0.6114 time 0.86s
Epoch: 5/150 Iter: 34/96 loss: 0.8142 acc: 0.6033 time 0.93s
Epoch: 5/150 Iter: 35/96 loss: 0.8082 acc: 0.6051 time 0.87s
Epoch: 5/150 Iter: 36/96 loss: 0.8013 acc: 0.6068 time 0.73s
Epoch: 5/150 Iter: 37/96 loss: 0.8070 acc: 0.6009 time 0.69s
Epoch: 5/150 Iter: 38/96 loss: 0.8008 acc: 0.6088 time 0.86s
Epoch: 5/150 Iter: 39/96 loss: 0.7912 acc: 0.6145 time 0.70s
Epoch: 5/150 Iter: 40/96 loss: 0.7927 acc: 0.6179 time 0.87s
Epoch: 5/150 Iter: 41/96 loss: 0.7859 acc: 0.6232 time 0.69s
Epoch: 5/150 Iter: 42/96 loss: 0.7806 acc: 0.6262 time 0.87s
Epoch: 5/150 Iter: 43/96 loss: 0.7786 acc: 0.6262 time 0.77s
Epoch: 5/150 Iter: 44/96 loss: 0.7748 acc: 0.6261 time 0.87s
Epoch: 5/150 Iter: 45/96 loss: 0.7656 acc: 0.6317 time 0.71s
Epoch: 5/150 Iter: 46/96 loss: 0.7648 acc: 0.6266 time 0.86s
Epoch: 5/150 Iter: 47/96 loss: 0.7672 acc: 0.6287 time 0.69s
Epoch: 5/150 Iter: 48/96 loss: 0.7753 acc: 0.6170 time 0.75s
Epoch: 5/150 Iter: 49/96 loss: 0.7761 acc: 0.6146 time 0.87s
Epoch: 5/150 Iter: 50/96 loss: 0.7721 acc: 0.6178 time 0.75s
Epoch: 5/150 Iter: 51/96 loss: 0.7669 acc: 0.6204 time 0.70s
Epoch: 5/150 Iter: 52/96 loss: 0.7860 acc: 0.6149 time 0.70s
Epoch: 5/150 Iter: 53/96 loss: 0.7865 acc: 0.6096 time 0.78s
Epoch: 5/150 Iter: 54/96 loss: 0.7865 acc: 0.6106 time 0.86s
Epoch: 5/150 Iter: 55/96 loss: 0.7895 acc: 0.6056 time 0.70s
Epoch: 5/150 Iter: 56/96 loss: 0.7928 acc: 0.6022 time 0.74s
Epoch: 5/150 Iter: 57/96 loss: 0.7889 acc: 0.6014 time 0.88s
Epoch: 5/150 Iter: 58/96 loss: 0.7923 acc: 0.5968 time 0.87s
Epoch: 5/150 Iter: 59/96 loss: 0.7974 acc: 0.5909 time 0.72s
Epoch: 5/150 Iter: 60/96 loss: 0.7961 acc: 0.5885 time 0.87s
Epoch: 5/150 Iter: 61/96 loss: 0.7941 acc: 0.5887 time 0.77s
Epoch: 5/150 Iter: 62/96 loss: 0.7916 acc: 0.5892 time 0.69s
Epoch: 5/150 Iter: 63/96 loss: 0.7884 acc: 0.5918 time 0.89s
Epoch: 5/150 Iter: 64/96 loss: 0.7832 acc: 0.5943 time 0.70s
Epoch: 5/150 Iter: 65/96 loss: 0.7818 acc: 0.5920 time 0.78s
Epoch: 5/150 Iter: 66/96 loss: 0.7789 acc: 0.5944 time 0.87s
Epoch: 5/150 Iter: 67/96 loss: 0.7763 acc: 0.5989 time 0.75s
Epoch: 5/150 Iter: 68/96 loss: 0.7740 acc: 0.6011 time 0.78s
Epoch: 5/150 Iter: 69/96 loss: 0.7785 acc: 0.5961 time 0.77s
Epoch: 5/150 Iter: 70/96 loss: 0.7922 acc: 0.5947 time 0.78s
Epoch: 5/150 Iter: 71/96 loss: 0.7897 acc: 0.5926 time 0.78s
Epoch: 5/150 Iter: 72/96 loss: 0.7880 acc: 0.5941 time 0.71s
Epoch: 5/150 Iter: 73/96 loss: 0.7882 acc: 0.5962 time 0.76s
Epoch: 5/150 Iter: 74/96 loss: 0.7994 acc: 0.5899 time 0.71s
Epoch: 5/150 Iter: 75/96 loss: 0.7966 acc: 0.5927 time 0.75s
Epoch: 5/150 Iter: 76/96 loss: 0.8079 acc: 0.5901 time 0.71s
Epoch: 5/150 Iter: 77/96 loss: 0.8081 acc: 0.5878 time 0.71s
Epoch: 5/150 Iter: 78/96 loss: 0.8111 acc: 0.5863 time 0.83s
Epoch: 5/150 Iter: 79/96 loss: 0.8088 acc: 0.5852 time 0.87s
Epoch: 5/150 Iter: 80/96 loss: 0.8059 acc: 0.5872 time 0.70s
Epoch: 5/150 Iter: 81/96 loss: 0.7989 acc: 0.5923 time 0.70s
Epoch: 5/150 Iter: 82/96 loss: 0.8014 acc: 0.5927 time 0.86s
Epoch: 5/150 Iter: 83/96 loss: 0.7971 acc: 0.5966 time 0.86s
Epoch: 5/150 Iter: 84/96 loss: 0.7907 acc: 0.6014 time 0.71s
Epoch: 5/150 Iter: 85/96 loss: 0.7912 acc: 0.6026 time 0.86s
Epoch: 5/150 Iter: 86/96 loss: 0.7871 acc: 0.6060 time 0.87s
Epoch: 5/150 Iter: 87/96 loss: 0.7820 acc: 0.6077 time 0.86s
Epoch: 5/150 Iter: 88/96 loss: 0.7811 acc: 0.6079 time 0.86s
Epoch: 5/150 Iter: 89/96 loss: 0.7844 acc: 0.6067 time 0.70s
Epoch: 5/150 Iter: 90/96 loss: 0.7904 acc: 0.6061 time 0.69s
Epoch: 5/150 Iter: 91/96 loss: 0.7850 acc: 0.6104 time 0.70s
Epoch: 5/150 Iter: 92/96 loss: 0.7810 acc: 0.6120 time 0.89s
Epoch: 5/150 Iter: 93/96 loss: 0.7784 acc: 0.6125 time 0.69s
Epoch: 5/150 Iter: 94/96 loss: 0.7770 acc: 0.6155 time 0.73s
Epoch: 5/150 Iter: 95/96 loss: 0.7725 acc: 0.6195 time 0.69s
Epoch: 5/150 Iter: 96/96 loss: 0.7683 acc: 0.6235 time 0.70s
[Train epoch 5] avg_loss=0.7683 avg_acc=0.6235 | per-class [c0: 0.541, c1: 0.600, c2: 0.785]
Final training 5/150, loss: 0.7683, time 75.61s, lr: 0.001000
Accuracy: 0.656
class                  precision    recall   specificity      f1   support
--------------------------------------------------------------------------
0                          0.727     0.541         0.807   0.620       281
1                          0.295     0.600         0.921   0.396        30
2                          0.680     0.785         0.685   0.729       265
*----------------------------------------*
0 Mon Feb 23 11:38:52 2026 Epoch: 6
Epoch: 6/150 Iter: 1/96 loss: 0.5171 acc: 0.6111 time 1.42s
Epoch: 6/150 Iter: 2/96 loss: 0.7864 acc: 0.6056 time 0.87s
Epoch: 6/150 Iter: 3/96 loss: 0.6410 acc: 0.7000 time 0.87s
Epoch: 6/150 Iter: 4/96 loss: 0.6020 acc: 0.7333 time 0.71s
Epoch: 6/150 Iter: 5/96 loss: 0.7176 acc: 0.6867 time 0.76s
Epoch: 6/150 Iter: 6/96 loss: 0.6598 acc: 0.7389 time 0.78s
Epoch: 6/150 Iter: 7/96 loss: 0.6056 acc: 0.7603 time 0.78s
Epoch: 6/150 Iter: 8/96 loss: 0.5818 acc: 0.7903 time 0.80s
Epoch: 6/150 Iter: 9/96 loss: 0.7699 acc: 0.7580 time 0.70s
Epoch: 6/150 Iter: 10/96 loss: 0.7748 acc: 0.7156 time 0.70s
Epoch: 6/150 Iter: 11/96 loss: 0.7690 acc: 0.7111 time 0.87s
Epoch: 6/150 Iter: 12/96 loss: 0.7671 acc: 0.6907 time 0.70s
Epoch: 6/150 Iter: 13/96 loss: 0.7722 acc: 0.6761 time 0.70s
Epoch: 6/150 Iter: 14/96 loss: 0.7522 acc: 0.6992 time 0.87s
Epoch: 6/150 Iter: 15/96 loss: 0.7427 acc: 0.6993 time 0.94s
Epoch: 6/150 Iter: 16/96 loss: 0.7319 acc: 0.7181 time 0.82s
Epoch: 6/150 Iter: 17/96 loss: 0.7629 acc: 0.7150 time 0.70s
Epoch: 6/150 Iter: 18/96 loss: 0.7426 acc: 0.6985 time 0.87s
Epoch: 6/150 Iter: 19/96 loss: 0.7333 acc: 0.7056 time 0.70s
Epoch: 6/150 Iter: 20/96 loss: 0.7312 acc: 0.6903 time 0.74s
Epoch: 6/150 Iter: 21/96 loss: 0.7311 acc: 0.6786 time 0.87s
Epoch: 6/150 Iter: 22/96 loss: 0.7363 acc: 0.6761 time 0.78s
Epoch: 6/150 Iter: 23/96 loss: 0.7594 acc: 0.6576 time 0.86s
Epoch: 6/150 Iter: 24/96 loss: 0.7686 acc: 0.6615 time 0.70s
Epoch: 6/150 Iter: 25/96 loss: 0.7526 acc: 0.6750 time 0.76s
Epoch: 6/150 Iter: 26/96 loss: 0.7556 acc: 0.6798 time 0.89s
Epoch: 6/150 Iter: 27/96 loss: 0.7433 acc: 0.6917 time 0.71s
Epoch: 6/150 Iter: 28/96 loss: 0.7296 acc: 0.7027 time 0.76s
Epoch: 6/150 Iter: 29/96 loss: 0.7139 acc: 0.7129 time 0.70s
Epoch: 6/150 Iter: 30/96 loss: 0.6960 acc: 0.7225 time 0.87s
Epoch: 6/150 Iter: 31/96 loss: 0.6995 acc: 0.7099 time 0.70s
Epoch: 6/150 Iter: 32/96 loss: 0.7134 acc: 0.6982 time 0.70s
Epoch: 6/150 Iter: 33/96 loss: 0.7128 acc: 0.7013 time 0.69s
Epoch: 6/150 Iter: 34/96 loss: 0.7125 acc: 0.6953 time 0.70s
Epoch: 6/150 Iter: 35/96 loss: 0.7110 acc: 0.6945 time 0.87s
Epoch: 6/150 Iter: 36/96 loss: 0.7051 acc: 0.6961 time 0.70s
Epoch: 6/150 Iter: 37/96 loss: 0.6941 acc: 0.7043 time 0.70s
Epoch: 6/150 Iter: 38/96 loss: 0.6798 acc: 0.7121 time 0.76s
Epoch: 6/150 Iter: 39/96 loss: 0.6763 acc: 0.7098 time 0.94s
Epoch: 6/150 Iter: 40/96 loss: 0.7116 acc: 0.7004 time 0.86s
Epoch: 6/150 Iter: 41/96 loss: 0.7075 acc: 0.6996 time 0.87s
Epoch: 6/150 Iter: 42/96 loss: 0.7070 acc: 0.7001 time 0.87s
Epoch: 6/150 Iter: 43/96 loss: 0.7021 acc: 0.7013 time 0.87s
Epoch: 6/150 Iter: 44/96 loss: 0.7069 acc: 0.6955 time 0.75s
Epoch: 6/150 Iter: 45/96 loss: 0.7030 acc: 0.6985 time 0.88s
Epoch: 6/150 Iter: 46/96 loss: 0.7120 acc: 0.6924 time 0.70s
Epoch: 6/150 Iter: 47/96 loss: 0.7131 acc: 0.6936 time 0.87s
Epoch: 6/150 Iter: 48/96 loss: 0.7090 acc: 0.6965 time 0.87s
Epoch: 6/150 Iter: 49/96 loss: 0.7032 acc: 0.6993 time 0.78s
Epoch: 6/150 Iter: 50/96 loss: 0.7156 acc: 0.6942 time 0.74s
Epoch: 6/150 Iter: 51/96 loss: 0.7184 acc: 0.6929 time 0.89s
Epoch: 6/150 Iter: 52/96 loss: 0.7168 acc: 0.6860 time 0.71s
Epoch: 6/150 Iter: 53/96 loss: 0.7197 acc: 0.6793 time 0.87s
Epoch: 6/150 Iter: 54/96 loss: 0.7121 acc: 0.6791 time 0.86s
Epoch: 6/150 Iter: 55/96 loss: 0.7095 acc: 0.6831 time 0.75s
Epoch: 6/150 Iter: 56/96 loss: 0.7102 acc: 0.6798 time 0.87s
Epoch: 6/150 Iter: 57/96 loss: 0.7066 acc: 0.6815 time 0.70s
Epoch: 6/150 Iter: 58/96 loss: 0.7108 acc: 0.6806 time 0.69s
Epoch: 6/150 Iter: 59/96 loss: 0.7051 acc: 0.6839 time 0.74s
Epoch: 6/150 Iter: 60/96 loss: 0.7047 acc: 0.6841 time 0.86s
Epoch: 6/150 Iter: 61/96 loss: 0.7250 acc: 0.6838 time 0.70s
Epoch: 6/150 Iter: 62/96 loss: 0.7231 acc: 0.6829 time 0.71s
Epoch: 6/150 Iter: 63/96 loss: 0.7200 acc: 0.6800 time 0.74s
Epoch: 6/150 Iter: 64/96 loss: 0.7165 acc: 0.6811 time 0.70s
Epoch: 6/150 Iter: 65/96 loss: 0.7203 acc: 0.6774 time 0.78s
Epoch: 6/150 Iter: 66/96 loss: 0.7174 acc: 0.6798 time 0.87s
Epoch: 6/150 Iter: 67/96 loss: 0.7221 acc: 0.6736 time 0.86s
Epoch: 6/150 Iter: 68/96 loss: 0.7215 acc: 0.6748 time 0.70s
Epoch: 6/150 Iter: 69/96 loss: 0.7190 acc: 0.6777 time 0.74s
Epoch: 6/150 Iter: 70/96 loss: 0.7168 acc: 0.6805 time 0.87s
Epoch: 6/150 Iter: 71/96 loss: 0.7174 acc: 0.6744 time 0.69s
Epoch: 6/150 Iter: 72/96 loss: 0.7202 acc: 0.6712 time 0.71s
Epoch: 6/150 Iter: 73/96 loss: 0.7272 acc: 0.6643 time 0.73s
Epoch: 6/150 Iter: 74/96 loss: 0.7278 acc: 0.6632 time 0.76s
Epoch: 6/150 Iter: 75/96 loss: 0.7329 acc: 0.6553 time 0.70s
Epoch: 6/150 Iter: 76/96 loss: 0.7414 acc: 0.6532 time 0.87s
Epoch: 6/150 Iter: 77/96 loss: 0.7449 acc: 0.6482 time 0.87s
Epoch: 6/150 Iter: 78/96 loss: 0.7389 acc: 0.6527 time 0.81s
Epoch: 6/150 Iter: 79/96 loss: 0.7362 acc: 0.6543 time 0.87s
Epoch: 6/150 Iter: 80/96 loss: 0.7320 acc: 0.6586 time 0.87s
Epoch: 6/150 Iter: 81/96 loss: 0.7296 acc: 0.6628 time 0.70s
Epoch: 6/150 Iter: 82/96 loss: 0.7239 acc: 0.6669 time 0.69s
Epoch: 6/150 Iter: 83/96 loss: 0.7192 acc: 0.6710 time 0.86s
Epoch: 6/150 Iter: 84/96 loss: 0.7212 acc: 0.6677 time 0.71s
Epoch: 6/150 Iter: 85/96 loss: 0.7234 acc: 0.6608 time 0.70s
Epoch: 6/150 Iter: 86/96 loss: 0.7204 acc: 0.6590 time 0.70s
Epoch: 6/150 Iter: 87/96 loss: 0.7175 acc: 0.6615 time 0.68s
Epoch: 6/150 Iter: 88/96 loss: 0.7141 acc: 0.6639 time 0.70s
Epoch: 6/150 Iter: 89/96 loss: 0.7088 acc: 0.6677 time 0.86s
Epoch: 6/150 Iter: 90/96 loss: 0.7049 acc: 0.6714 time 0.85s
Epoch: 6/150 Iter: 91/96 loss: 0.7030 acc: 0.6731 time 0.86s
Epoch: 6/150 Iter: 92/96 loss: 0.7006 acc: 0.6767 time 0.86s
Epoch: 6/150 Iter: 93/96 loss: 0.6974 acc: 0.6788 time 0.69s
Epoch: 6/150 Iter: 94/96 loss: 0.6988 acc: 0.6769 time 0.86s
Epoch: 6/150 Iter: 95/96 loss: 0.6973 acc: 0.6777 time 0.85s
Epoch: 6/150 Iter: 96/96 loss: 0.6938 acc: 0.6800 time 0.69s
[Train epoch 6] avg_loss=0.6938 avg_acc=0.6800 | per-class [c0: 0.643, c1: 0.567, c2: 0.805]
Final training 6/150, loss: 0.6938, time 75.82s, lr: 0.001000
Accuracy: 0.714
class                  precision    recall   specificity      f1   support
--------------------------------------------------------------------------
0                          0.811     0.643         0.858   0.717       280
1                          0.395     0.567         0.952   0.466        30
2                          0.688     0.805         0.687   0.742       266
*----------------------------------------*
Val 6/150 1/24, Acc: 0.5000, Loss: 2.7119, time 0.75s
Val 6/150 2/24, Acc: 0.5278, Loss: 1.7329, time 0.70s
Val 6/150 3/24, Acc: 0.6296, Loss: 1.3557, time 0.67s
Val 6/150 4/24, Acc: 0.7222, Loss: 1.0602, time 0.67s
Val 6/150 5/24, Acc: 0.6778, Loss: 0.9606, time 0.67s
Val 6/150 6/24, Acc: 0.7315, Loss: 0.8482, time 0.67s
Val 6/150 7/24, Acc: 0.7103, Loss: 0.8311, time 0.67s
Val 6/150 8/24, Acc: 0.6997, Loss: 0.7849, time 0.67s
Val 6/150 9/24, Acc: 0.6812, Loss: 0.7259, time 0.67s
Val 6/150 10/24, Acc: 0.6831, Loss: 0.7145, time 0.67s
Val 6/150 11/24, Acc: 0.6967, Loss: 0.7314, time 0.67s
Val 6/150 12/24, Acc: 0.6734, Loss: 0.7113, time 0.70s
Val 6/150 13/24, Acc: 0.6793, Loss: 0.6891, time 0.67s
Val 6/150 14/24, Acc: 0.6754, Loss: 0.6874, time 0.67s
Val 6/150 15/24, Acc: 0.6470, Loss: 0.7093, time 0.67s
Val 6/150 16/24, Acc: 0.6628, Loss: 0.6962, time 0.67s
Val 6/150 17/24, Acc: 0.6827, Loss: 0.6681, time 0.67s
Val 6/150 18/24, Acc: 0.6934, Loss: 0.6515, time 0.71s
Val 6/150 19/24, Acc: 0.7095, Loss: 0.6373, time 0.68s
Val 6/150 20/24, Acc: 0.6963, Loss: 0.6585, time 0.67s
Val 6/150 21/24, Acc: 0.7107, Loss: 0.6418, time 0.67s
Val 6/150 22/24, Acc: 0.7087, Loss: 0.6377, time 0.67s
Val 6/150 23/24, Acc: 0.7069, Loss: 0.7495, time 0.67s
Val 6/150 24/24, Acc: 0.7006, Loss: 0.7336, time 0.67s
[Val epoch 6] avg_acc=0.7006 | avg_loss=0.7336 | per-class [c0: 0.714, c1: 0.500, c2: 0.848]
Final validation 6/150, Val_acc: 0.7006, time 16.27sAccuracy: 0.764
class                  precision    recall   specificity      f1   support
--------------------------------------------------------------------------
0                          0.877     0.714         0.905   0.787        70
1                          0.444     0.500         0.963   0.471         8
2                          0.718     0.848         0.718   0.778        66
*========================================*
New best (0.542708 --> 0.700579)
Saving checkpoint outputs/OrganoidsINRIA_XYZ_thinning_128/swinunetr/2026-02-23-11-31/training/model_final.pt
Copying best model to best_model.pt
[EarlyStopping] improved to 0.700579
[EarlyStopping] improved to 0.733619
0 Mon Feb 23 11:40:35 2026 Epoch: 7
Epoch: 7/150 Iter: 1/96 loss: 0.3336 acc: 0.8333 time 1.00s
Epoch: 7/150 Iter: 2/96 loss: 0.2463 acc: 0.9167 time 0.86s
Epoch: 7/150 Iter: 3/96 loss: 0.4496 acc: 0.8444 time 0.80s
Epoch: 7/150 Iter: 4/96 loss: 0.7002 acc: 0.6889 time 0.70s
Epoch: 7/150 Iter: 5/96 loss: 0.6981 acc: 0.6761 time 0.86s
Epoch: 7/150 Iter: 6/96 loss: 0.6277 acc: 0.7162 time 0.69s
Epoch: 7/150 Iter: 7/96 loss: 0.6484 acc: 0.6615 time 0.71s
Epoch: 7/150 Iter: 8/96 loss: 0.6951 acc: 0.5892 time 0.72s
Epoch: 7/150 Iter: 9/96 loss: 0.7861 acc: 0.5701 time 0.86s
Epoch: 7/150 Iter: 10/96 loss: 0.7864 acc: 0.5853 time 0.86s
Epoch: 7/150 Iter: 11/96 loss: 0.8335 acc: 0.5624 time 0.70s
Epoch: 7/150 Iter: 12/96 loss: 0.8040 acc: 0.5884 time 0.76s
Epoch: 7/150 Iter: 13/96 loss: 0.8109 acc: 0.5688 time 0.69s
Epoch: 7/150 Iter: 14/96 loss: 0.8475 acc: 0.5579 time 0.70s
Epoch: 7/150 Iter: 15/96 loss: 0.8183 acc: 0.5874 time 0.86s
Epoch: 7/150 Iter: 16/96 loss: 0.8615 acc: 0.5663 time 0.70s
Epoch: 7/150 Iter: 17/96 loss: 0.8391 acc: 0.5657 time 0.70s
Epoch: 7/150 Iter: 18/96 loss: 0.8163 acc: 0.5806 time 0.74s
Epoch: 7/150 Iter: 19/96 loss: 0.7956 acc: 0.5974 time 0.77s
Epoch: 7/150 Iter: 20/96 loss: 0.8511 acc: 0.5742 time 0.71s
Epoch: 7/150 Iter: 21/96 loss: 0.8311 acc: 0.5885 time 0.87s
Epoch: 7/150 Iter: 22/96 loss: 0.8692 acc: 0.5845 time 0.86s
Epoch: 7/150 Iter: 23/96 loss: 0.9016 acc: 0.5760 time 0.72s
Epoch: 7/150 Iter: 24/96 loss: 0.9250 acc: 0.5728 time 0.71s
Epoch: 7/150 Iter: 25/96 loss: 0.9321 acc: 0.5779 time 0.74s
Epoch: 7/150 Iter: 26/96 loss: 0.9297 acc: 0.5845 time 0.89s
Epoch: 7/150 Iter: 27/96 loss: 0.9394 acc: 0.5752 time 0.88s
Epoch: 7/150 Iter: 28/96 loss: 0.9229 acc: 0.5765 time 0.77s
Epoch: 7/150 Iter: 29/96 loss: 0.9164 acc: 0.5796 time 0.87s
Epoch: 7/150 Iter: 30/96 loss: 0.9155 acc: 0.5714 time 0.73s
Epoch: 7/150 Iter: 31/96 loss: 0.9174 acc: 0.5651 time 0.87s
Epoch: 7/150 Iter: 32/96 loss: 0.9191 acc: 0.5630 time 0.88s
Epoch: 7/150 Iter: 33/96 loss: 0.9156 acc: 0.5535 time 0.69s
Epoch: 7/150 Iter: 34/96 loss: 0.9121 acc: 0.5520 time 0.94s
Epoch: 7/150 Iter: 35/96 loss: 0.9079 acc: 0.5425 time 0.78s
Epoch: 7/150 Iter: 36/96 loss: 0.9343 acc: 0.5321 time 0.87s
Epoch: 7/150 Iter: 37/96 loss: 0.9286 acc: 0.5346 time 0.74s
Epoch: 7/150 Iter: 38/96 loss: 0.9402 acc: 0.5337 time 0.72s
Epoch: 7/150 Iter: 39/96 loss: 0.9234 acc: 0.5457 time 0.88s
Epoch: 7/150 Iter: 40/96 loss: 0.9146 acc: 0.5508 time 0.86s
Epoch: 7/150 Iter: 41/96 loss: 0.9010 acc: 0.5577 time 0.76s
Epoch: 7/150 Iter: 42/96 loss: 0.8961 acc: 0.5603 time 0.87s
Epoch: 7/150 Iter: 43/96 loss: 0.8849 acc: 0.5679 time 0.76s
Epoch: 7/150 Iter: 44/96 loss: 0.8844 acc: 0.5720 time 0.90s
Epoch: 7/150 Iter: 45/96 loss: 0.8842 acc: 0.5732 time 0.76s
Epoch: 7/150 Iter: 46/96 loss: 0.8806 acc: 0.5789 time 0.78s
Epoch: 7/150 Iter: 47/96 loss: 0.8785 acc: 0.5825 time 0.72s
Epoch: 7/150 Iter: 48/96 loss: 0.8731 acc: 0.5750 time 0.86s
Epoch: 7/150 Iter: 49/96 loss: 0.8651 acc: 0.5803 time 0.69s
Epoch: 7/150 Iter: 50/96 loss: 0.8586 acc: 0.5803 time 0.93s
Epoch: 7/150 Iter: 51/96 loss: 0.8468 acc: 0.5831 time 0.70s
Epoch: 7/150 Iter: 52/96 loss: 0.8373 acc: 0.5826 time 0.87s
Epoch: 7/150 Iter: 53/96 loss: 0.8347 acc: 0.5800 time 0.87s
Epoch: 7/150 Iter: 54/96 loss: 0.8312 acc: 0.5775 time 0.88s
Epoch: 7/150 Iter: 55/96 loss: 0.8244 acc: 0.5815 time 0.87s
Epoch: 7/150 Iter: 56/96 loss: 0.8245 acc: 0.5778 time 0.86s
Epoch: 7/150 Iter: 57/96 loss: 0.8201 acc: 0.5787 time 0.87s
Epoch: 7/150 Iter: 58/96 loss: 0.8120 acc: 0.5830 time 0.91s
Epoch: 7/150 Iter: 59/96 loss: 0.8051 acc: 0.5901 time 0.71s
Epoch: 7/150 Iter: 60/96 loss: 0.8025 acc: 0.5877 time 0.71s
Epoch: 7/150 Iter: 61/96 loss: 0.7965 acc: 0.5872 time 0.76s
Epoch: 7/150 Iter: 62/96 loss: 0.7965 acc: 0.5841 time 0.73s
Epoch: 7/150 Iter: 63/96 loss: 0.7862 acc: 0.5907 time 0.86s
Epoch: 7/150 Iter: 64/96 loss: 0.7820 acc: 0.5932 time 0.78s
Epoch: 7/150 Iter: 65/96 loss: 0.7800 acc: 0.5887 time 0.87s
Epoch: 7/150 Iter: 66/96 loss: 0.7744 acc: 0.5924 time 0.72s
Epoch: 7/150 Iter: 67/96 loss: 0.7763 acc: 0.5898 time 0.86s
Epoch: 7/150 Iter: 68/96 loss: 0.7734 acc: 0.5940 time 0.73s
Epoch: 7/150 Iter: 69/96 loss: 0.7689 acc: 0.5981 time 0.70s
Epoch: 7/150 Iter: 70/96 loss: 0.7628 acc: 0.6038 time 0.78s
Epoch: 7/150 Iter: 71/96 loss: 0.7581 acc: 0.6076 time 0.87s
Epoch: 7/150 Iter: 72/96 loss: 0.7522 acc: 0.6131 time 0.72s
Epoch: 7/150 Iter: 73/96 loss: 0.7480 acc: 0.6167 time 0.69s
Epoch: 7/150 Iter: 74/96 loss: 0.7509 acc: 0.6168 time 0.69s
Epoch: 7/150 Iter: 75/96 loss: 0.7514 acc: 0.6174 time 0.86s
Epoch: 7/150 Iter: 76/96 loss: 0.7441 acc: 0.6225 time 0.75s
Epoch: 7/150 Iter: 77/96 loss: 0.7371 acc: 0.6274 time 0.71s
Epoch: 7/150 Iter: 78/96 loss: 0.7368 acc: 0.6283 time 0.87s
Epoch: 7/150 Iter: 79/96 loss: 0.7350 acc: 0.6295 time 0.70s
Epoch: 7/150 Iter: 80/96 loss: 0.7323 acc: 0.6300 time 0.70s
Epoch: 7/150 Iter: 81/96 loss: 0.7327 acc: 0.6284 time 0.86s
Epoch: 7/150 Iter: 82/96 loss: 0.7350 acc: 0.6217 time 0.71s
Epoch: 7/150 Iter: 83/96 loss: 0.7365 acc: 0.6213 time 0.86s
Epoch: 7/150 Iter: 84/96 loss: 0.7322 acc: 0.6238 time 0.68s
Epoch: 7/150 Iter: 85/96 loss: 0.7290 acc: 0.6230 time 0.69s
Epoch: 7/150 Iter: 86/96 loss: 0.7239 acc: 0.6254 time 0.68s
Epoch: 7/150 Iter: 87/96 loss: 0.7240 acc: 0.6211 time 0.69s
Epoch: 7/150 Iter: 88/96 loss: 0.7228 acc: 0.6226 time 0.70s
Epoch: 7/150 Iter: 89/96 loss: 0.7199 acc: 0.6240 time 0.86s
Epoch: 7/150 Iter: 90/96 loss: 0.7170 acc: 0.6263 time 0.69s
Epoch: 7/150 Iter: 91/96 loss: 0.7123 acc: 0.6304 time 0.88s
Epoch: 7/150 Iter: 92/96 loss: 0.7086 acc: 0.6317 time 0.86s
Epoch: 7/150 Iter: 93/96 loss: 0.7035 acc: 0.6357 time 0.69s
Epoch: 7/150 Iter: 94/96 loss: 0.7047 acc: 0.6316 time 0.70s
Epoch: 7/150 Iter: 95/96 loss: 0.7081 acc: 0.6285 time 0.69s
Epoch: 7/150 Iter: 96/96 loss: 0.7021 acc: 0.6312 time 0.69s
[Train epoch 7] avg_loss=0.7021 avg_acc=0.6312 | per-class [c0: 0.604, c1: 0.667, c2: 0.718]
Final training 7/150, loss: 0.7021, time 75.27s, lr: 0.001000
Accuracy: 0.660
class                  precision    recall   specificity      f1   support
--------------------------------------------------------------------------
0                          0.710     0.604         0.767   0.653       280
1                          0.385     0.667         0.941   0.488        30
2                          0.668     0.718         0.694   0.692       266
*----------------------------------------*
0 Mon Feb 23 11:41:50 2026 Epoch: 8
Epoch: 8/150 Iter: 1/96 loss: 0.4563 acc: 0.8000 time 1.25s
Epoch: 8/150 Iter: 2/96 loss: 0.2942 acc: 0.9000 time 0.76s
Epoch: 8/150 Iter: 3/96 loss: 0.3514 acc: 0.7667 time 0.74s
Epoch: 8/150 Iter: 4/96 loss: 0.2935 acc: 0.8250 time 0.71s
Epoch: 8/150 Iter: 5/96 loss: 0.3323 acc: 0.8267 time 0.75s
Epoch: 8/150 Iter: 6/96 loss: 0.3809 acc: 0.8139 time 0.71s
Epoch: 8/150 Iter: 7/96 loss: 0.4517 acc: 0.7690 time 0.87s
Epoch: 8/150 Iter: 8/96 loss: 0.4856 acc: 0.7354 time 0.75s
Epoch: 8/150 Iter: 9/96 loss: 0.4732 acc: 0.7093 time 0.77s
Epoch: 8/150 Iter: 10/96 loss: 0.4983 acc: 0.7106 time 0.78s
Epoch: 8/150 Iter: 11/96 loss: 0.5157 acc: 0.7066 time 0.88s
Epoch: 8/150 Iter: 12/96 loss: 0.4986 acc: 0.7310 time 0.86s
Epoch: 8/150 Iter: 13/96 loss: 0.4857 acc: 0.7218 time 0.70s
Epoch: 8/150 Iter: 14/96 loss: 0.5389 acc: 0.7060 time 0.76s
Epoch: 8/150 Iter: 15/96 loss: 0.5112 acc: 0.7256 time 0.70s
Epoch: 8/150 Iter: 16/96 loss: 0.5321 acc: 0.7094 time 0.88s
Epoch: 8/150 Iter: 17/96 loss: 0.5091 acc: 0.7265 time 0.78s
Epoch: 8/150 Iter: 18/96 loss: 0.5126 acc: 0.7108 time 0.87s
Epoch: 8/150 Iter: 19/96 loss: 0.5144 acc: 0.7015 time 0.70s
Epoch: 8/150 Iter: 20/96 loss: 0.5262 acc: 0.6872 time 0.86s
Epoch: 8/150 Iter: 21/96 loss: 0.5081 acc: 0.7021 time 0.86s
Epoch: 8/150 Iter: 22/96 loss: 0.5253 acc: 0.6929 time 0.69s
Epoch: 8/150 Iter: 23/96 loss: 0.5399 acc: 0.6900 time 0.94s
Epoch: 8/150 Iter: 24/96 loss: 0.6565 acc: 0.6890 time 0.89s
Epoch: 8/150 Iter: 25/96 loss: 0.6478 acc: 0.6837 time 0.77s
Epoch: 8/150 Iter: 26/96 loss: 0.6376 acc: 0.6916 time 0.69s
Epoch: 8/150 Iter: 27/96 loss: 0.6278 acc: 0.7030 time 0.86s
Epoch: 8/150 Iter: 28/96 loss: 0.6100 acc: 0.7136 time 0.74s
Epoch: 8/150 Iter: 29/96 loss: 0.6078 acc: 0.7177 time 0.93s
Epoch: 8/150 Iter: 30/96 loss: 0.5978 acc: 0.7271 time 0.77s
Epoch: 8/150 Iter: 31/96 loss: 0.5969 acc: 0.7238 time 0.86s
Epoch: 8/150 Iter: 32/96 loss: 0.5874 acc: 0.7220 time 0.86s
Epoch: 8/150 Iter: 33/96 loss: 0.5835 acc: 0.7204 time 0.86s
Epoch: 8/150 Iter: 34/96 loss: 0.5882 acc: 0.7139 time 0.69s
Epoch: 8/150 Iter: 35/96 loss: 0.5946 acc: 0.7078 time 0.71s
Epoch: 8/150 Iter: 36/96 loss: 0.6005 acc: 0.7113 time 0.87s
Epoch: 8/150 Iter: 37/96 loss: 0.6000 acc: 0.7157 time 0.71s
Epoch: 8/150 Iter: 38/96 loss: 0.5933 acc: 0.7199 time 0.87s
Epoch: 8/150 Iter: 39/96 loss: 0.5942 acc: 0.7121 time 0.70s
Epoch: 8/150 Iter: 40/96 loss: 0.5917 acc: 0.7151 time 0.70s
Epoch: 8/150 Iter: 41/96 loss: 0.5847 acc: 0.7180 time 0.86s
Epoch: 8/150 Iter: 42/96 loss: 0.5838 acc: 0.7188 time 0.76s
Epoch: 8/150 Iter: 43/96 loss: 0.5883 acc: 0.7114 time 0.96s
Epoch: 8/150 Iter: 44/96 loss: 0.5912 acc: 0.7066 time 0.87s
Epoch: 8/150 Iter: 45/96 loss: 0.5838 acc: 0.7094 time 0.70s
Epoch: 8/150 Iter: 46/96 loss: 0.5812 acc: 0.7157 time 0.87s
Epoch: 8/150 Iter: 47/96 loss: 0.5828 acc: 0.7076 time 0.80s
Epoch: 8/150 Iter: 48/96 loss: 0.5749 acc: 0.7137 time 0.86s
Epoch: 8/150 Iter: 49/96 loss: 0.5687 acc: 0.7195 time 0.79s
Epoch: 8/150 Iter: 50/96 loss: 0.5713 acc: 0.7096 time 0.86s
Epoch: 8/150 Iter: 51/96 loss: 0.5706 acc: 0.7153 time 0.71s
Epoch: 8/150 Iter: 52/96 loss: 0.5739 acc: 0.7111 time 0.86s
Epoch: 8/150 Iter: 53/96 loss: 0.5927 acc: 0.7008 time 0.70s
Epoch: 8/150 Iter: 54/96 loss: 0.5890 acc: 0.7033 time 0.87s
Epoch: 8/150 Iter: 55/96 loss: 0.5872 acc: 0.7011 time 0.87s
Epoch: 8/150 Iter: 56/96 loss: 0.5824 acc: 0.7035 time 0.74s
Epoch: 8/150 Iter: 57/96 loss: 0.5787 acc: 0.7058 time 0.86s
Epoch: 8/150 Iter: 58/96 loss: 0.5785 acc: 0.7070 time 0.93s
Epoch: 8/150 Iter: 59/96 loss: 0.5764 acc: 0.7077 time 0.70s
Epoch: 8/150 Iter: 60/96 loss: 0.5863 acc: 0.7033 time 0.79s
Epoch: 8/150 Iter: 61/96 loss: 0.6000 acc: 0.6929 time 0.70s
Epoch: 8/150 Iter: 62/96 loss: 0.5970 acc: 0.6918 time 0.76s
Epoch: 8/150 Iter: 63/96 loss: 0.5918 acc: 0.6967 time 0.87s
Epoch: 8/150 Iter: 64/96 loss: 0.6038 acc: 0.6945 time 0.71s
Epoch: 8/150 Iter: 65/96 loss: 0.6015 acc: 0.6966 time 0.70s
Epoch: 8/150 Iter: 66/96 loss: 0.5998 acc: 0.6987 time 0.87s
Epoch: 8/150 Iter: 67/96 loss: 0.6038 acc: 0.6972 time 0.87s
Epoch: 8/150 Iter: 68/96 loss: 0.6077 acc: 0.6968 time 0.75s
Epoch: 8/150 Iter: 69/96 loss: 0.6036 acc: 0.6963 time 0.87s
Epoch: 8/150 Iter: 70/96 loss: 0.6004 acc: 0.6971 time 0.70s
Epoch: 8/150 Iter: 71/96 loss: 0.5997 acc: 0.6967 time 0.86s
Epoch: 8/150 Iter: 72/96 loss: 0.5968 acc: 0.6939 time 0.87s
Epoch: 8/150 Iter: 73/96 loss: 0.5919 acc: 0.6913 time 0.87s
Epoch: 8/150 Iter: 74/96 loss: 0.5984 acc: 0.6864 time 0.71s
Epoch: 8/150 Iter: 75/96 loss: 0.5957 acc: 0.6891 time 0.87s
Epoch: 8/150 Iter: 76/96 loss: 0.5974 acc: 0.6867 time 0.87s
Epoch: 8/150 Iter: 77/96 loss: 0.5994 acc: 0.6864 time 0.87s
Epoch: 8/150 Iter: 78/96 loss: 0.5959 acc: 0.6904 time 0.95s
Epoch: 8/150 Iter: 79/96 loss: 0.5930 acc: 0.6922 time 0.75s
Epoch: 8/150 Iter: 80/96 loss: 0.5907 acc: 0.6940 time 0.76s
Epoch: 8/150 Iter: 81/96 loss: 0.5888 acc: 0.6957 time 0.86s
Epoch: 8/150 Iter: 82/96 loss: 0.5883 acc: 0.6923 time 0.69s
Epoch: 8/150 Iter: 83/96 loss: 0.5901 acc: 0.6893 time 0.86s
Epoch: 8/150 Iter: 84/96 loss: 0.5852 acc: 0.6930 time 0.87s
Epoch: 8/150 Iter: 85/96 loss: 0.5945 acc: 0.6937 time 0.70s
Epoch: 8/150 Iter: 86/96 loss: 0.5942 acc: 0.6914 time 0.72s
Epoch: 8/150 Iter: 87/96 loss: 0.5923 acc: 0.6936 time 0.86s
Epoch: 8/150 Iter: 88/96 loss: 0.5978 acc: 0.6914 time 0.73s
Epoch: 8/150 Iter: 89/96 loss: 0.6054 acc: 0.6892 time 0.69s
Epoch: 8/150 Iter: 90/96 loss: 0.6058 acc: 0.6860 time 0.85s
Epoch: 8/150 Iter: 91/96 loss: 0.6076 acc: 0.6858 time 0.71s
Epoch: 8/150 Iter: 92/96 loss: 0.6112 acc: 0.6795 time 0.70s
Epoch: 8/150 Iter: 93/96 loss: 0.6094 acc: 0.6830 time 0.87s
Epoch: 8/150 Iter: 94/96 loss: 0.6108 acc: 0.6793 time 0.86s
Epoch: 8/150 Iter: 95/96 loss: 0.6119 acc: 0.6809 time 0.70s
Epoch: 8/150 Iter: 96/96 loss: 0.6176 acc: 0.6773 time 0.87s
[Train epoch 8] avg_loss=0.6176 avg_acc=0.6773 | per-class [c0: 0.712, c1: 0.767, c2: 0.766]
Final training 8/150, loss: 0.6176, time 77.20s, lr: 0.001000
Accuracy: 0.740
class                  precision    recall   specificity      f1   support
--------------------------------------------------------------------------
0                          0.806     0.712         0.837   0.756       281
1                          0.451     0.767         0.949   0.568        30
2                          0.733     0.766         0.762   0.749       265
*----------------------------------------*
Val 8/150 1/24, Acc: 0.5000, Loss: 1.1902, time 0.67s
Val 8/150 2/24, Acc: 0.4167, Loss: 1.2393, time 0.67s
Val 8/150 3/24, Acc: 0.4630, Loss: 0.9958, time 0.67s
Val 8/150 4/24, Acc: 0.5347, Loss: 0.8347, time 0.67s
Val 8/150 5/24, Acc: 0.4944, Loss: 0.8962, time 0.67s
Val 8/150 6/24, Acc: 0.5370, Loss: 0.8600, time 0.74s
Val 8/150 7/24, Acc: 0.5437, Loss: 0.8677, time 0.67s
Val 8/150 8/24, Acc: 0.5382, Loss: 0.8532, time 0.67s
Val 8/150 9/24, Acc: 0.5895, Loss: 0.7782, time 0.67s
Val 8/150 10/24, Acc: 0.6006, Loss: 0.8344, time 0.67s
Val 8/150 11/24, Acc: 0.6167, Loss: 0.7945, time 0.67s
Val 8/150 12/24, Acc: 0.5745, Loss: 0.8407, time 0.67s
Val 8/150 13/24, Acc: 0.5688, Loss: 0.8504, time 0.69s
Val 8/150 14/24, Acc: 0.5728, Loss: 0.8675, time 0.67s
Val 8/150 15/24, Acc: 0.5735, Loss: 0.8603, time 0.67s
Val 8/150 16/24, Acc: 0.5877, Loss: 0.8650, time 0.67s
Val 8/150 17/24, Acc: 0.5972, Loss: 0.8492, time 0.67s
Val 8/150 18/24, Acc: 0.6057, Loss: 0.8534, time 0.67s
Val 8/150 19/24, Acc: 0.6107, Loss: 0.8786, time 0.67s
Val 8/150 20/24, Acc: 0.5913, Loss: 0.9258, time 0.70s
Val 8/150 21/24, Acc: 0.5988, Loss: 0.9145, time 0.67s
Val 8/150 22/24, Acc: 0.5867, Loss: 0.9162, time 0.67s
Val 8/150 23/24, Acc: 0.5781, Loss: 0.9357, time 0.67s
Val 8/150 24/24, Acc: 0.5795, Loss: 0.9196, time 0.67s
[Val epoch 8] avg_acc=0.5795 | avg_loss=0.9196 | per-class [c0: 0.357, c1: 0.750, c2: 0.894]
Final validation 8/150, Val_acc: 0.5795, time 16.17sAccuracy: 0.625
class                  precision    recall   specificity      f1   support
--------------------------------------------------------------------------
0                          1.000     0.357         1.000   0.526        70
1                          0.273     0.750         0.882   0.400         8
2                          0.608     0.894         0.513   0.724        66
*========================================*
Saving checkpoint outputs/OrganoidsINRIA_XYZ_thinning_128/swinunetr/2026-02-23-11-31/training/model_final.pt
[EarlyStopping] no improve (1/40)
[EarlyStopping] no improve (1/40)
0 Mon Feb 23 11:43:29 2026 Epoch: 9
Epoch: 9/150 Iter: 1/96 loss: 0.6142 acc: 0.6667 time 1.13s
Epoch: 9/150 Iter: 2/96 loss: 0.4528 acc: 0.8333 time 0.87s
Epoch: 9/150 Iter: 3/96 loss: 0.5217 acc: 0.7037 time 0.71s
Epoch: 9/150 Iter: 4/96 loss: 0.4273 acc: 0.7500 time 0.77s
Epoch: 9/150 Iter: 5/96 loss: 0.4171 acc: 0.7667 time 0.86s
Epoch: 9/150 Iter: 6/96 loss: 0.4651 acc: 0.7500 time 0.86s
Epoch: 9/150 Iter: 7/96 loss: 0.4700 acc: 0.7571 time 0.70s
Epoch: 9/150 Iter: 8/96 loss: 0.5068 acc: 0.7250 time 0.86s
Epoch: 9/150 Iter: 9/96 loss: 0.4809 acc: 0.7247 time 0.72s
Epoch: 9/150 Iter: 10/96 loss: 0.6039 acc: 0.6939 time 0.70s
Epoch: 9/150 Iter: 11/96 loss: 0.6006 acc: 0.6944 time 0.74s
Epoch: 9/150 Iter: 12/96 loss: 0.5811 acc: 0.7095 time 0.87s
Epoch: 9/150 Iter: 13/96 loss: 0.5642 acc: 0.6934 time 0.71s
Epoch: 9/150 Iter: 14/96 loss: 0.5662 acc: 0.7034 time 0.75s
Epoch: 9/150 Iter: 15/96 loss: 0.5552 acc: 0.6898 time 0.69s
Epoch: 9/150 Iter: 16/96 loss: 0.5446 acc: 0.6988 time 0.87s
Epoch: 9/150 Iter: 17/96 loss: 0.5511 acc: 0.7047 time 0.73s
Epoch: 9/150 Iter: 18/96 loss: 0.5383 acc: 0.7119 time 0.86s
Epoch: 9/150 Iter: 19/96 loss: 0.5652 acc: 0.7051 time 0.70s
Epoch: 9/150 Iter: 20/96 loss: 0.5627 acc: 0.7074 time 0.69s
Epoch: 9/150 Iter: 21/96 loss: 0.5558 acc: 0.7153 time 0.71s
Epoch: 9/150 Iter: 22/96 loss: 0.5673 acc: 0.6980 time 0.75s
Epoch: 9/150 Iter: 23/96 loss: 0.5749 acc: 0.6966 time 0.70s
Epoch: 9/150 Iter: 24/96 loss: 0.5880 acc: 0.6870 time 0.86s
Epoch: 9/150 Iter: 25/96 loss: 0.5804 acc: 0.6929 time 0.70s
Epoch: 9/150 Iter: 26/96 loss: 0.6798 acc: 0.6726 time 0.74s
Epoch: 9/150 Iter: 27/96 loss: 0.6725 acc: 0.6786 time 0.77s
Epoch: 9/150 Iter: 28/96 loss: 0.6772 acc: 0.6752 time 0.69s
Epoch: 9/150 Iter: 29/96 loss: 0.6714 acc: 0.6795 time 0.73s
Epoch: 9/150 Iter: 30/96 loss: 0.6759 acc: 0.6735 time 0.69s
Epoch: 9/150 Iter: 31/96 loss: 0.6723 acc: 0.6697 time 0.86s
Epoch: 9/150 Iter: 32/96 loss: 0.6760 acc: 0.6655 time 0.70s
Epoch: 9/150 Iter: 33/96 loss: 0.6921 acc: 0.6579 time 0.86s
Epoch: 9/150 Iter: 34/96 loss: 0.6947 acc: 0.6508 time 0.86s
Epoch: 9/150 Iter: 35/96 loss: 0.7048 acc: 0.6417 time 0.86s
Epoch: 9/150 Iter: 36/96 loss: 0.7083 acc: 0.6355 time 0.87s
Epoch: 9/150 Iter: 37/96 loss: 0.7045 acc: 0.6420 time 0.87s
Epoch: 9/150 Iter: 38/96 loss: 0.7088 acc: 0.6397 time 0.70s
Epoch: 9/150 Iter: 39/96 loss: 0.6952 acc: 0.6468 time 0.76s
Epoch: 9/150 Iter: 40/96 loss: 0.6933 acc: 0.6390 time 0.76s
Epoch: 9/150 Iter: 41/96 loss: 0.6811 acc: 0.6478 time 0.87s
Epoch: 9/150 Iter: 42/96 loss: 0.6698 acc: 0.6466 time 0.70s
Epoch: 9/150 Iter: 43/96 loss: 0.6609 acc: 0.6548 time 0.69s
Epoch: 9/150 Iter: 44/96 loss: 0.6547 acc: 0.6589 time 0.69s
Epoch: 9/150 Iter: 45/96 loss: 0.6591 acc: 0.6628 time 0.69s
Epoch: 9/150 Iter: 46/96 loss: 0.6582 acc: 0.6679 time 0.70s
Epoch: 9/150 Iter: 47/96 loss: 0.6501 acc: 0.6750 time 0.71s
Epoch: 9/150 Iter: 48/96 loss: 0.6469 acc: 0.6740 time 0.86s
Epoch: 9/150 Iter: 49/96 loss: 0.6427 acc: 0.6781 time 0.89s
Epoch: 9/150 Iter: 50/96 loss: 0.6519 acc: 0.6689 time 0.79s
Epoch: 9/150 Iter: 51/96 loss: 0.6437 acc: 0.6722 time 0.71s
Epoch: 9/150 Iter: 52/96 loss: 0.6540 acc: 0.6689 time 0.86s
Epoch: 9/150 Iter: 53/96 loss: 0.6457 acc: 0.6751 time 0.86s
Epoch: 9/150 Iter: 54/96 loss: 0.6404 acc: 0.6811 time 0.75s
Epoch: 9/150 Iter: 55/96 loss: 0.6334 acc: 0.6869 time 0.70s
Epoch: 9/150 Iter: 56/96 loss: 0.6302 acc: 0.6880 time 0.78s
Epoch: 9/150 Iter: 57/96 loss: 0.6527 acc: 0.6799 time 0.71s
Epoch: 9/150 Iter: 58/96 loss: 0.6480 acc: 0.6777 time 0.86s
Epoch: 9/150 Iter: 59/96 loss: 0.6452 acc: 0.6804 time 0.71s
Epoch: 9/150 Iter: 60/96 loss: 0.6371 acc: 0.6857 time 0.87s
Epoch: 9/150 Iter: 61/96 loss: 0.6320 acc: 0.6867 time 0.87s
Epoch: 9/150 Iter: 62/96 loss: 0.6412 acc: 0.6837 time 0.74s
Epoch: 9/150 Iter: 63/96 loss: 0.6396 acc: 0.6799 time 0.88s
Epoch: 9/150 Iter: 64/96 loss: 0.6345 acc: 0.6849 time 0.87s
Epoch: 9/150 Iter: 65/96 loss: 0.6300 acc: 0.6879 time 0.78s
Epoch: 9/150 Iter: 66/96 loss: 0.6300 acc: 0.6901 time 0.77s
Epoch: 9/150 Iter: 67/96 loss: 0.6280 acc: 0.6910 time 0.89s
Epoch: 9/150 Iter: 68/96 loss: 0.6550 acc: 0.6894 time 0.76s
Epoch: 9/150 Iter: 69/96 loss: 0.6504 acc: 0.6915 time 0.86s
Epoch: 9/150 Iter: 70/96 loss: 0.6496 acc: 0.6879 time 0.87s
Epoch: 9/150 Iter: 71/96 loss: 0.6507 acc: 0.6895 time 0.71s
Epoch: 9/150 Iter: 72/96 loss: 0.6482 acc: 0.6915 time 0.69s
Epoch: 9/150 Iter: 73/96 loss: 0.6461 acc: 0.6923 time 0.70s
Epoch: 9/150 Iter: 74/96 loss: 0.6438 acc: 0.6905 time 0.86s
Epoch: 9/150 Iter: 75/96 loss: 0.6502 acc: 0.6868 time 0.71s
Epoch: 9/150 Iter: 76/96 loss: 0.6475 acc: 0.6844 time 0.86s
Epoch: 9/150 Iter: 77/96 loss: 0.6462 acc: 0.6852 time 0.86s
Epoch: 9/150 Iter: 78/96 loss: 0.6448 acc: 0.6860 time 0.86s
Epoch: 9/150 Iter: 79/96 loss: 0.6383 acc: 0.6900 time 0.76s
Epoch: 9/150 Iter: 80/96 loss: 0.6372 acc: 0.6866 time 0.92s
Epoch: 9/150 Iter: 81/96 loss: 0.6360 acc: 0.6864 time 0.69s
Epoch: 9/150 Iter: 82/96 loss: 0.6373 acc: 0.6881 time 0.86s
Epoch: 9/150 Iter: 83/96 loss: 0.6387 acc: 0.6879 time 0.69s
Epoch: 9/150 Iter: 84/96 loss: 0.6360 acc: 0.6886 time 0.69s
Epoch: 9/150 Iter: 85/96 loss: 0.6414 acc: 0.6874 time 0.71s
Epoch: 9/150 Iter: 86/96 loss: 0.6369 acc: 0.6910 time 0.69s
Epoch: 9/150 Iter: 87/96 loss: 0.6356 acc: 0.6888 time 0.86s
Epoch: 9/150 Iter: 88/96 loss: 0.6324 acc: 0.6895 time 0.70s
Epoch: 9/150 Iter: 89/96 loss: 0.6335 acc: 0.6868 time 0.86s
Epoch: 9/150 Iter: 90/96 loss: 0.6315 acc: 0.6884 time 0.71s
Epoch: 9/150 Iter: 91/96 loss: 0.6285 acc: 0.6891 time 0.86s
Epoch: 9/150 Iter: 92/96 loss: 0.6278 acc: 0.6876 time 0.70s
Epoch: 9/150 Iter: 93/96 loss: 0.6247 acc: 0.6856 time 0.69s
Epoch: 9/150 Iter: 94/96 loss: 0.6194 acc: 0.6889 time 0.86s
Epoch: 9/150 Iter: 95/96 loss: 0.6207 acc: 0.6887 time 0.70s
Epoch: 9/150 Iter: 96/96 loss: 0.6193 acc: 0.6902 time 0.86s
[Train epoch 9] avg_loss=0.6193 avg_acc=0.6902 | per-class [c0: 0.693, c1: 0.700, c2: 0.767]
Final training 9/150, loss: 0.6193, time 75.05s, lr: 0.000999
Accuracy: 0.727
class                  precision    recall   specificity      f1   support
--------------------------------------------------------------------------
0                          0.819     0.693         0.855   0.750       280
1                          0.396     0.700         0.941   0.506        30
2                          0.713     0.767         0.735   0.739       266
*----------------------------------------*
0 Mon Feb 23 11:44:44 2026 Epoch: 10
Epoch: 10/150 Iter: 1/96 loss: 0.8409 acc: 0.6667 time 1.22s
Epoch: 10/150 Iter: 2/96 loss: 0.5081 acc: 0.8333 time 0.70s
Epoch: 10/150 Iter: 3/96 loss: 0.5092 acc: 0.8333 time 0.86s
Epoch: 10/150 Iter: 4/96 loss: 0.5795 acc: 0.7500 time 0.87s
Epoch: 10/150 Iter: 5/96 loss: 0.6907 acc: 0.7111 time 0.71s
Epoch: 10/150 Iter: 6/96 loss: 0.6680 acc: 0.6620 time 0.75s
Epoch: 10/150 Iter: 7/96 loss: 0.6691 acc: 0.6627 time 0.69s
Epoch: 10/150 Iter: 8/96 loss: 0.7352 acc: 0.6424 time 0.74s
Epoch: 10/150 Iter: 9/96 loss: 0.7473 acc: 0.6080 time 0.76s
Epoch: 10/150 Iter: 10/96 loss: 0.7528 acc: 0.5972 time 0.71s
Epoch: 10/150 Iter: 11/96 loss: 0.7743 acc: 0.5808 time 0.77s
Epoch: 10/150 Iter: 12/96 loss: 0.7578 acc: 0.5741 time 0.94s
Epoch: 10/150 Iter: 13/96 loss: 0.7422 acc: 0.5972 time 0.71s
Epoch: 10/150 Iter: 14/96 loss: 0.7454 acc: 0.5962 time 0.73s
Epoch: 10/150 Iter: 15/96 loss: 0.7280 acc: 0.6120 time 0.75s
Epoch: 10/150 Iter: 16/96 loss: 0.6932 acc: 0.6363 time 0.87s
Epoch: 10/150 Iter: 17/96 loss: 0.6950 acc: 0.6430 time 0.70s
Epoch: 10/150 Iter: 18/96 loss: 0.6897 acc: 0.6573 time 0.87s
Epoch: 10/150 Iter: 19/96 loss: 0.7090 acc: 0.6402 time 0.87s
Epoch: 10/150 Iter: 20/96 loss: 0.7223 acc: 0.6332 time 0.70s
Epoch: 10/150 Iter: 21/96 loss: 0.7058 acc: 0.6427 time 0.72s
Epoch: 10/150 Iter: 22/96 loss: 0.6971 acc: 0.6514 time 0.69s
Epoch: 10/150 Iter: 23/96 loss: 0.6901 acc: 0.6622 time 0.72s
Epoch: 10/150 Iter: 24/96 loss: 0.6850 acc: 0.6659 time 0.70s
Epoch: 10/150 Iter: 25/96 loss: 0.7053 acc: 0.6542 time 0.88s
Epoch: 10/150 Iter: 26/96 loss: 0.7074 acc: 0.6435 time 0.87s
Epoch: 10/150 Iter: 27/96 loss: 0.7031 acc: 0.6382 time 0.77s
Epoch: 10/150 Iter: 28/96 loss: 0.6977 acc: 0.6332 time 0.77s
Epoch: 10/150 Iter: 29/96 loss: 0.7132 acc: 0.6229 time 0.89s
Epoch: 10/150 Iter: 30/96 loss: 0.7267 acc: 0.6132 time 0.70s
Epoch: 10/150 Iter: 31/96 loss: 0.7280 acc: 0.6136 time 0.74s
Epoch: 10/150 Iter: 32/96 loss: 0.7233 acc: 0.6163 time 0.95s
Epoch: 10/150 Iter: 33/96 loss: 0.7374 acc: 0.6077 time 0.85s
Epoch: 10/150 Iter: 34/96 loss: 0.7304 acc: 0.6156 time 0.87s
Epoch: 10/150 Iter: 35/96 loss: 0.7225 acc: 0.6218 time 0.70s
Epoch: 10/150 Iter: 36/96 loss: 0.7285 acc: 0.6161 time 0.88s
Epoch: 10/150 Iter: 37/96 loss: 0.7340 acc: 0.6040 time 0.75s
Epoch: 10/150 Iter: 38/96 loss: 0.7248 acc: 0.6027 time 0.93s
Epoch: 10/150 Iter: 39/96 loss: 0.7570 acc: 0.5915 time 0.74s
Epoch: 10/150 Iter: 40/96 loss: 0.7449 acc: 0.5990 time 0.69s
Epoch: 10/150 Iter: 41/96 loss: 0.7323 acc: 0.6047 time 0.70s
Epoch: 10/150 Iter: 42/96 loss: 0.7238 acc: 0.6046 time 0.91s
Epoch: 10/150 Iter: 43/96 loss: 0.7150 acc: 0.6099 time 0.87s
Epoch: 10/150 Iter: 44/96 loss: 0.7032 acc: 0.6188 time 0.78s
Epoch: 10/150 Iter: 45/96 loss: 0.6979 acc: 0.6173 time 0.70s
Epoch: 10/150 Iter: 46/96 loss: 0.7137 acc: 0.6112 time 0.76s
Epoch: 10/150 Iter: 47/96 loss: 0.7121 acc: 0.6124 time 0.71s
Epoch: 10/150 Iter: 48/96 loss: 0.7030 acc: 0.6204 time 0.79s
Epoch: 10/150 Iter: 49/96 loss: 0.7113 acc: 0.6200 time 0.87s
Epoch: 10/150 Iter: 50/96 loss: 0.7061 acc: 0.6243 time 0.70s
Epoch: 10/150 Iter: 51/96 loss: 0.7021 acc: 0.6316 time 0.87s
Epoch: 10/150 Iter: 52/96 loss: 0.7132 acc: 0.6323 time 0.76s
Epoch: 10/150 Iter: 53/96 loss: 0.7149 acc: 0.6319 time 0.89s
Epoch: 10/150 Iter: 54/96 loss: 0.7123 acc: 0.6284 time 0.92s
Epoch: 10/150 Iter: 55/96 loss: 0.7083 acc: 0.6291 time 0.75s
Epoch: 10/150 Iter: 56/96 loss: 0.7013 acc: 0.6358 time 0.71s
Epoch: 10/150 Iter: 57/96 loss: 0.7229 acc: 0.6281 time 0.70s
Epoch: 10/150 Iter: 58/96 loss: 0.7197 acc: 0.6324 time 0.70s
Epoch: 10/150 Iter: 59/96 loss: 0.7116 acc: 0.6372 time 0.86s
Epoch: 10/150 Iter: 60/96 loss: 0.7111 acc: 0.6335 time 0.78s
Epoch: 10/150 Iter: 61/96 loss: 0.7060 acc: 0.6382 time 0.88s
Epoch: 10/150 Iter: 62/96 loss: 0.7118 acc: 0.6359 time 0.69s
Epoch: 10/150 Iter: 63/96 loss: 0.7169 acc: 0.6311 time 0.87s
Epoch: 10/150 Iter: 64/96 loss: 0.7079 acc: 0.6343 time 0.71s
Epoch: 10/150 Iter: 65/96 loss: 0.7135 acc: 0.6258 time 0.70s
Epoch: 10/150 Iter: 66/96 loss: 0.7127 acc: 0.6231 time 0.86s
Epoch: 10/150 Iter: 67/96 loss: 0.7133 acc: 0.6262 time 0.74s
Epoch: 10/150 Iter: 68/96 loss: 0.7165 acc: 0.6219 time 0.70s
Epoch: 10/150 Iter: 69/96 loss: 0.7154 acc: 0.6219 time 0.87s
Epoch: 10/150 Iter: 70/96 loss: 0.7105 acc: 0.6273 time 0.88s
Epoch: 10/150 Iter: 71/96 loss: 0.7053 acc: 0.6326 time 0.70s
Epoch: 10/150 Iter: 72/96 loss: 0.7032 acc: 0.6300 time 0.71s
Epoch: 10/150 Iter: 73/96 loss: 0.6986 acc: 0.6333 time 0.87s
Epoch: 10/150 Iter: 74/96 loss: 0.6984 acc: 0.6338 time 0.71s
Epoch: 10/150 Iter: 75/96 loss: 0.6968 acc: 0.6364 time 0.69s
Epoch: 10/150 Iter: 76/96 loss: 0.6924 acc: 0.6396 time 0.74s
Epoch: 10/150 Iter: 77/96 loss: 0.6928 acc: 0.6421 time 0.87s
Epoch: 10/150 Iter: 78/96 loss: 0.6923 acc: 0.6441 time 0.82s
Epoch: 10/150 Iter: 79/96 loss: 0.6888 acc: 0.6444 time 0.92s
Epoch: 10/150 Iter: 80/96 loss: 0.6864 acc: 0.6468 time 0.74s
Epoch: 10/150 Iter: 81/96 loss: 0.6865 acc: 0.6465 time 0.72s
Epoch: 10/150 Iter: 82/96 loss: 0.6860 acc: 0.6462 time 0.89s
Epoch: 10/150 Iter: 83/96 loss: 0.6819 acc: 0.6485 time 0.69s
Epoch: 10/150 Iter: 84/96 loss: 0.6769 acc: 0.6514 time 0.89s
Epoch: 10/150 Iter: 85/96 loss: 0.6769 acc: 0.6531 time 0.70s
Epoch: 10/150 Iter: 86/96 loss: 0.6711 acc: 0.6571 time 0.72s
Epoch: 10/150 Iter: 87/96 loss: 0.6685 acc: 0.6611 time 0.87s
Epoch: 10/150 Iter: 88/96 loss: 0.6652 acc: 0.6592 time 0.87s
Epoch: 10/150 Iter: 89/96 loss: 0.6619 acc: 0.6631 time 0.86s
Epoch: 10/150 Iter: 90/96 loss: 0.6566 acc: 0.6668 time 0.70s
Epoch: 10/150 Iter: 91/96 loss: 0.6538 acc: 0.6691 time 0.87s
Epoch: 10/150 Iter: 92/96 loss: 0.6508 acc: 0.6700 time 0.86s
Epoch: 10/150 Iter: 93/96 loss: 0.6460 acc: 0.6735 time 0.72s
Epoch: 10/150 Iter: 94/96 loss: 0.6462 acc: 0.6711 time 0.69s
Epoch: 10/150 Iter: 95/96 loss: 0.6493 acc: 0.6732 time 0.70s
Epoch: 10/150 Iter: 96/96 loss: 0.6478 acc: 0.6749 time 0.72s
[Train epoch 10] avg_loss=0.6478 avg_acc=0.6749 | per-class [c0: 0.671, c1: 0.733, c2: 0.737]
Final training 10/150, loss: 0.6478, time 75.64s, lr: 0.000998
Accuracy: 0.705
class                  precision    recall   specificity      f1   support
--------------------------------------------------------------------------
0                          0.758     0.671         0.797   0.712       280
1                          0.449     0.733         0.951   0.557        30
2                          0.703     0.737         0.732   0.719       266
*----------------------------------------*
Val 10/150 1/24, Acc: 0.5000, Loss: 2.8718, time 0.68s
Val 10/150 2/24, Acc: 0.4722, Loss: 1.8985, time 0.67s
Val 10/150 3/24, Acc: 0.5926, Loss: 1.3954, time 0.67s
Val 10/150 4/24, Acc: 0.6944, Loss: 1.0655, time 0.67s
Val 10/150 5/24, Acc: 0.7306, Loss: 0.9675, time 0.67s
Val 10/150 6/24, Acc: 0.7338, Loss: 0.8689, time 0.67s
Val 10/150 7/24, Acc: 0.7123, Loss: 0.8521, time 0.67s
Val 10/150 8/24, Acc: 0.7014, Loss: 0.8074, time 0.67s
Val 10/150 9/24, Acc: 0.7346, Loss: 0.7310, time 0.67s
Val 10/150 10/24, Acc: 0.7311, Loss: 0.7910, time 0.69s
Val 10/150 11/24, Acc: 0.7404, Loss: 0.7924, time 0.67s
Val 10/150 12/24, Acc: 0.6995, Loss: 0.8088, time 0.67s
Val 10/150 13/24, Acc: 0.6842, Loss: 0.7763, time 0.67s
Val 10/150 14/24, Acc: 0.6800, Loss: 0.7997, time 0.67s
Val 10/150 15/24, Acc: 0.6735, Loss: 0.8086, time 0.67s
Val 10/150 16/24, Acc: 0.6814, Loss: 0.8028, time 0.67s
Val 10/150 17/24, Acc: 0.6855, Loss: 0.7703, time 0.69s
Val 10/150 18/24, Acc: 0.6890, Loss: 0.7622, time 0.67s
Val 10/150 19/24, Acc: 0.6896, Loss: 0.7714, time 0.67s
Val 10/150 20/24, Acc: 0.6663, Loss: 0.8256, time 0.67s
Val 10/150 21/24, Acc: 0.6702, Loss: 0.8053, time 0.67s
Val 10/150 22/24, Acc: 0.6701, Loss: 0.8049, time 0.67s
Val 10/150 23/24, Acc: 0.6579, Loss: 0.9378, time 0.67s
Val 10/150 24/24, Acc: 0.6559, Loss: 0.9182, time 0.70s
[Val epoch 10] avg_acc=0.6559 | avg_loss=0.9182 | per-class [c0: 0.514, c1: 0.625, c2: 0.894]
Final validation 10/150, Val_acc: 0.6559, time 16.14sAccuracy: 0.694
class                  precision    recall   specificity      f1   support
--------------------------------------------------------------------------
0                          0.973     0.514         0.986   0.673        70
1                          0.417     0.625         0.949   0.500         8
2                          0.621     0.894         0.538   0.733        66
*========================================*
Saving checkpoint outputs/OrganoidsINRIA_XYZ_thinning_128/swinunetr/2026-02-23-11-31/training/model_final.pt
[EarlyStopping] no improve (2/40)
[EarlyStopping] no improve (2/40)
0 Mon Feb 23 11:46:20 2026 Epoch: 11
Epoch: 11/150 Iter: 1/96 loss: 0.4331 acc: 0.5000 time 1.11s
Epoch: 11/150 Iter: 2/96 loss: 0.4998 acc: 0.6500 time 0.77s
Epoch: 11/150 Iter: 3/96 loss: 0.6589 acc: 0.5815 time 0.69s
Epoch: 11/150 Iter: 4/96 loss: 0.6061 acc: 0.6167 time 0.71s
Epoch: 11/150 Iter: 5/96 loss: 0.7092 acc: 0.5933 time 0.86s
Epoch: 11/150 Iter: 6/96 loss: 0.7619 acc: 0.5778 time 0.87s
Epoch: 11/150 Iter: 7/96 loss: 0.7299 acc: 0.5845 time 0.88s
Epoch: 11/150 Iter: 8/96 loss: 0.7198 acc: 0.6156 time 0.72s
Epoch: 11/150 Iter: 9/96 loss: 0.7002 acc: 0.6306 time 0.86s
Epoch: 11/150 Iter: 10/96 loss: 0.6645 acc: 0.6675 time 0.92s
Epoch: 11/150 Iter: 11/96 loss: 0.6563 acc: 0.6636 time 0.86s
Epoch: 11/150 Iter: 12/96 loss: 0.6147 acc: 0.6847 time 0.71s
Epoch: 11/150 Iter: 13/96 loss: 0.5827 acc: 0.7090 time 0.93s
Epoch: 11/150 Iter: 14/96 loss: 0.5662 acc: 0.7238 time 0.86s
Epoch: 11/150 Iter: 15/96 loss: 0.5817 acc: 0.7089 time 0.71s
Epoch: 11/150 Iter: 16/96 loss: 0.5719 acc: 0.7167 time 0.71s
Epoch: 11/150 Iter: 17/96 loss: 0.5474 acc: 0.7137 time 0.78s
Epoch: 11/150 Iter: 18/96 loss: 0.5281 acc: 0.7204 time 0.76s
Epoch: 11/150 Iter: 19/96 loss: 0.5287 acc: 0.7298 time 0.93s
Epoch: 11/150 Iter: 20/96 loss: 0.5580 acc: 0.7058 time 0.69s
Epoch: 11/150 Iter: 21/96 loss: 0.5451 acc: 0.7151 time 0.87s
Epoch: 11/150 Iter: 22/96 loss: 0.5406 acc: 0.7223 time 0.87s
Epoch: 11/150 Iter: 23/96 loss: 0.5606 acc: 0.7127 time 0.86s
Epoch: 11/150 Iter: 24/96 loss: 0.5550 acc: 0.7177 time 0.87s
Epoch: 11/150 Iter: 25/96 loss: 0.5633 acc: 0.7170 time 0.87s
Epoch: 11/150 Iter: 26/96 loss: 0.5642 acc: 0.7010 time 0.87s
Epoch: 11/150 Iter: 27/96 loss: 0.5679 acc: 0.7028 time 0.86s
Epoch: 11/150 Iter: 28/96 loss: 0.5908 acc: 0.6955 time 0.70s
Epoch: 11/150 Iter: 29/96 loss: 0.6059 acc: 0.6888 time 0.86s
Epoch: 11/150 Iter: 30/96 loss: 0.5997 acc: 0.6844 time 0.86s
Epoch: 11/150 Iter: 31/96 loss: 0.5983 acc: 0.6744 time 0.70s
Epoch: 11/150 Iter: 32/96 loss: 0.5877 acc: 0.6793 time 0.71s
Epoch: 11/150 Iter: 33/96 loss: 0.6106 acc: 0.6840 time 0.87s
Epoch: 11/150 Iter: 34/96 loss: 0.6040 acc: 0.6908 time 0.70s
Epoch: 11/150 Iter: 35/96 loss: 0.5922 acc: 0.6997 time 0.72s
Epoch: 11/150 Iter: 36/96 loss: 0.5812 acc: 0.7080 time 0.93s
Epoch: 11/150 Iter: 37/96 loss: 0.5800 acc: 0.7009 time 0.69s
Epoch: 11/150 Iter: 38/96 loss: 0.5801 acc: 0.6934 time 0.87s
Epoch: 11/150 Iter: 39/96 loss: 0.5732 acc: 0.6981 time 0.75s
Epoch: 11/150 Iter: 40/96 loss: 0.5746 acc: 0.6945 time 0.74s
Epoch: 11/150 Iter: 41/96 loss: 0.5752 acc: 0.6979 time 0.76s
Epoch: 11/150 Iter: 42/96 loss: 0.5754 acc: 0.6919 time 0.72s
Epoch: 11/150 Iter: 43/96 loss: 0.5713 acc: 0.6990 time 0.80s
Epoch: 11/150 Iter: 44/96 loss: 0.5663 acc: 0.7002 time 0.86s
Epoch: 11/150 Iter: 45/96 loss: 0.5745 acc: 0.6945 time 0.73s
Epoch: 11/150 Iter: 46/96 loss: 0.5693 acc: 0.7011 time 0.70s
Epoch: 11/150 Iter: 47/96 loss: 0.5659 acc: 0.7004 time 0.86s
Epoch: 11/150 Iter: 48/96 loss: 0.5610 acc: 0.7041 time 0.86s
Epoch: 11/150 Iter: 49/96 loss: 0.5903 acc: 0.6965 time 0.86s
Epoch: 11/150 Iter: 50/96 loss: 0.5831 acc: 0.7003 time 0.87s
Epoch: 11/150 Iter: 51/96 loss: 0.5808 acc: 0.7029 time 0.70s
Epoch: 11/150 Iter: 52/96 loss: 0.5761 acc: 0.7054 time 0.87s
Epoch: 11/150 Iter: 53/96 loss: 0.5736 acc: 0.7063 time 0.87s
Epoch: 11/150 Iter: 54/96 loss: 0.5732 acc: 0.7071 time 0.72s
Epoch: 11/150 Iter: 55/96 loss: 0.5744 acc: 0.7033 time 0.71s
Epoch: 11/150 Iter: 56/96 loss: 0.5795 acc: 0.6952 time 0.70s
Epoch: 11/150 Iter: 57/96 loss: 0.5834 acc: 0.6947 time 0.86s
Epoch: 11/150 Iter: 58/96 loss: 0.5833 acc: 0.6957 time 0.86s
Epoch: 11/150 Iter: 59/96 loss: 0.5953 acc: 0.6910 time 0.75s
Epoch: 11/150 Iter: 60/96 loss: 0.5986 acc: 0.6861 time 0.78s
Epoch: 11/150 Iter: 61/96 loss: 0.6012 acc: 0.6817 time 0.78s
Epoch: 11/150 Iter: 62/96 loss: 0.5995 acc: 0.6850 time 0.92s
Epoch: 11/150 Iter: 63/96 loss: 0.5934 acc: 0.6900 time 0.76s
Epoch: 11/150 Iter: 64/96 loss: 0.5919 acc: 0.6879 time 0.86s
Epoch: 11/150 Iter: 65/96 loss: 0.5959 acc: 0.6876 time 0.74s
Epoch: 11/150 Iter: 66/96 loss: 0.5936 acc: 0.6904 time 0.75s
Epoch: 11/150 Iter: 67/96 loss: 0.5917 acc: 0.6932 time 0.78s
Epoch: 11/150 Iter: 68/96 loss: 0.5908 acc: 0.6885 time 0.76s
Epoch: 11/150 Iter: 69/96 loss: 0.5955 acc: 0.6846 time 0.75s
Epoch: 11/150 Iter: 70/96 loss: 0.5989 acc: 0.6812 time 0.70s
Epoch: 11/150 Iter: 71/96 loss: 0.5945 acc: 0.6856 time 0.70s
Epoch: 11/150 Iter: 72/96 loss: 0.5894 acc: 0.6900 time 0.87s
Epoch: 11/150 Iter: 73/96 loss: 0.5870 acc: 0.6882 time 0.70s
Epoch: 11/150 Iter: 74/96 loss: 0.5872 acc: 0.6890 time 0.75s
Epoch: 11/150 Iter: 75/96 loss: 0.5850 acc: 0.6898 time 0.86s
Epoch: 11/150 Iter: 76/96 loss: 0.5803 acc: 0.6923 time 0.70s
Epoch: 11/150 Iter: 77/96 loss: 0.5781 acc: 0.6946 time 0.87s
Epoch: 11/150 Iter: 78/96 loss: 0.5831 acc: 0.6914 time 0.74s
Epoch: 11/150 Iter: 79/96 loss: 0.5803 acc: 0.6932 time 0.94s
Epoch: 11/150 Iter: 80/96 loss: 0.5738 acc: 0.6970 time 0.78s
Epoch: 11/150 Iter: 81/96 loss: 0.5833 acc: 0.6946 time 0.71s
Epoch: 11/150 Iter: 82/96 loss: 0.5848 acc: 0.6922 time 0.86s
Epoch: 11/150 Iter: 83/96 loss: 0.5865 acc: 0.6879 time 0.69s
Epoch: 11/150 Iter: 84/96 loss: 0.5880 acc: 0.6872 time 0.86s
Epoch: 11/150 Iter: 85/96 loss: 0.5864 acc: 0.6879 time 0.86s
Epoch: 11/150 Iter: 86/96 loss: 0.5830 acc: 0.6915 time 0.70s
Epoch: 11/150 Iter: 87/96 loss: 0.5810 acc: 0.6928 time 0.69s
Epoch: 11/150 Iter: 88/96 loss: 0.6257 acc: 0.6887 time 0.71s
Epoch: 11/150 Iter: 89/96 loss: 0.6238 acc: 0.6900 time 0.86s
Epoch: 11/150 Iter: 90/96 loss: 0.6307 acc: 0.6878 time 0.70s
Epoch: 11/150 Iter: 91/96 loss: 0.6279 acc: 0.6894 time 0.86s
Epoch: 11/150 Iter: 92/96 loss: 0.6231 acc: 0.6928 time 0.70s
Epoch: 11/150 Iter: 93/96 loss: 0.6254 acc: 0.6918 time 0.71s
Epoch: 11/150 Iter: 94/96 loss: 0.6240 acc: 0.6933 time 0.70s
Epoch: 11/150 Iter: 95/96 loss: 0.6229 acc: 0.6965 time 0.69s
Epoch: 11/150 Iter: 96/96 loss: 0.6273 acc: 0.6955 time 0.86s
[Train epoch 11] avg_loss=0.6273 avg_acc=0.6955 | per-class [c0: 0.636, c1: 0.700, c2: 0.820]
Final training 11/150, loss: 0.6273, time 76.27s, lr: 0.000997
Accuracy: 0.724
class                  precision    recall   specificity      f1   support
--------------------------------------------------------------------------
0                          0.832     0.636         0.878   0.721       280
1                          0.447     0.700         0.952   0.545        30
2                          0.692     0.820         0.687   0.750       266
*----------------------------------------*
0 Mon Feb 23 11:47:37 2026 Epoch: 12
Epoch: 12/150 Iter: 1/96 loss: 0.3163 acc: 1.0000 time 1.22s
Epoch: 12/150 Iter: 2/96 loss: 0.3337 acc: 0.9444 time 0.70s
Epoch: 12/150 Iter: 3/96 loss: 0.3337 acc: 0.9630 time 0.76s
Epoch: 12/150 Iter: 4/96 loss: 0.3254 acc: 0.9722 time 0.70s
Epoch: 12/150 Iter: 5/96 loss: 0.3864 acc: 0.8667 time 0.87s
Epoch: 12/150 Iter: 6/96 loss: 0.4310 acc: 0.8681 time 0.71s
Epoch: 12/150 Iter: 7/96 loss: 0.4234 acc: 0.8552 time 0.70s
Epoch: 12/150 Iter: 8/96 loss: 0.3934 acc: 0.8594 time 0.69s
Epoch: 12/150 Iter: 9/96 loss: 0.5049 acc: 0.8133 time 0.75s
Epoch: 12/150 Iter: 10/96 loss: 0.4985 acc: 0.8319 time 0.70s
Epoch: 12/150 Iter: 11/96 loss: 0.5032 acc: 0.8018 time 0.86s
Epoch: 12/150 Iter: 12/96 loss: 0.5235 acc: 0.7442 time 0.69s
Epoch: 12/150 Iter: 13/96 loss: 0.5268 acc: 0.7639 time 0.86s
Epoch: 12/150 Iter: 14/96 loss: 0.5160 acc: 0.7688 time 0.87s
Epoch: 12/150 Iter: 15/96 loss: 0.5131 acc: 0.7769 time 0.76s
Epoch: 12/150 Iter: 16/96 loss: 0.5207 acc: 0.7595 time 0.70s
Epoch: 12/150 Iter: 17/96 loss: 0.5130 acc: 0.7663 time 0.86s
Epoch: 12/150 Iter: 18/96 loss: 0.5347 acc: 0.7423 time 0.75s
Epoch: 12/150 Iter: 19/96 loss: 0.5141 acc: 0.7558 time 0.69s
Epoch: 12/150 Iter: 20/96 loss: 0.5094 acc: 0.7458 time 0.69s
Epoch: 12/150 Iter: 21/96 loss: 0.5075 acc: 0.7421 time 0.74s
Epoch: 12/150 Iter: 22/96 loss: 0.5354 acc: 0.7254 time 0.93s
Epoch: 12/150 Iter: 23/96 loss: 0.5457 acc: 0.7264 time 0.77s
Epoch: 12/150 Iter: 24/96 loss: 0.5368 acc: 0.7193 time 0.86s
Epoch: 12/150 Iter: 25/96 loss: 0.5312 acc: 0.7106 time 0.86s
Epoch: 12/150 Iter: 26/96 loss: 0.5274 acc: 0.7169 time 0.86s
Epoch: 12/150 Iter: 27/96 loss: 0.5306 acc: 0.7150 time 0.87s
Epoch: 12/150 Iter: 28/96 loss: 0.5255 acc: 0.7207 time 0.89s
Epoch: 12/150 Iter: 29/96 loss: 0.5121 acc: 0.7304 time 0.87s
Epoch: 12/150 Iter: 30/96 loss: 0.5116 acc: 0.7338 time 0.70s
Epoch: 12/150 Iter: 31/96 loss: 0.5135 acc: 0.7359 time 0.77s
Epoch: 12/150 Iter: 32/96 loss: 0.5108 acc: 0.7403 time 0.77s
Epoch: 12/150 Iter: 33/96 loss: 0.5123 acc: 0.7444 time 0.87s
Epoch: 12/150 Iter: 34/96 loss: 0.5116 acc: 0.7303 time 0.71s
Epoch: 12/150 Iter: 35/96 loss: 0.5089 acc: 0.7309 time 0.70s
Epoch: 12/150 Iter: 36/96 loss: 0.5095 acc: 0.7356 time 0.77s
Epoch: 12/150 Iter: 37/96 loss: 0.5029 acc: 0.7393 time 0.74s
Epoch: 12/150 Iter: 38/96 loss: 0.4963 acc: 0.7418 time 0.87s
Epoch: 12/150 Iter: 39/96 loss: 0.4985 acc: 0.7456 time 0.75s
Epoch: 12/150 Iter: 40/96 loss: 0.5057 acc: 0.7426 time 0.70s
Epoch: 12/150 Iter: 41/96 loss: 0.5213 acc: 0.7407 time 0.94s
Epoch: 12/150 Iter: 42/96 loss: 0.5219 acc: 0.7439 time 0.76s
Epoch: 12/150 Iter: 43/96 loss: 0.5227 acc: 0.7460 time 0.69s
Epoch: 12/150 Iter: 44/96 loss: 0.5204 acc: 0.7480 time 0.86s
Epoch: 12/150 Iter: 45/96 loss: 0.5182 acc: 0.7514 time 0.86s
Epoch: 12/150 Iter: 46/96 loss: 0.5270 acc: 0.7486 time 0.86s
Epoch: 12/150 Iter: 47/96 loss: 0.5197 acc: 0.7540 time 0.69s
Epoch: 12/150 Iter: 48/96 loss: 0.5180 acc: 0.7539 time 0.77s
Epoch: 12/150 Iter: 49/96 loss: 0.5226 acc: 0.7487 time 0.87s
Epoch: 12/150 Iter: 50/96 loss: 0.5300 acc: 0.7391 time 0.70s
Epoch: 12/150 Iter: 51/96 loss: 0.5313 acc: 0.7355 time 0.70s
Epoch: 12/150 Iter: 52/96 loss: 0.5300 acc: 0.7341 time 0.71s
Epoch: 12/150 Iter: 53/96 loss: 0.5258 acc: 0.7392 time 0.72s
Epoch: 12/150 Iter: 54/96 loss: 0.5289 acc: 0.7296 time 0.72s
Epoch: 12/150 Iter: 55/96 loss: 0.5329 acc: 0.7224 time 0.72s
Epoch: 12/150 Iter: 56/96 loss: 0.5258 acc: 0.7253 time 0.86s
Epoch: 12/150 Iter: 57/96 loss: 0.5235 acc: 0.7258 time 0.71s
Epoch: 12/150 Iter: 58/96 loss: 0.5229 acc: 0.7276 time 0.71s
Epoch: 12/150 Iter: 59/96 loss: 0.5267 acc: 0.7252 time 0.74s
Epoch: 12/150 Iter: 60/96 loss: 0.5292 acc: 0.7187 time 0.87s
Epoch: 12/150 Iter: 61/96 loss: 0.5466 acc: 0.7110 time 0.71s
Epoch: 12/150 Iter: 62/96 loss: 0.5630 acc: 0.6995 time 0.69s
Epoch: 12/150 Iter: 63/96 loss: 0.5677 acc: 0.6963 time 0.74s
Epoch: 12/150 Iter: 64/96 loss: 0.5771 acc: 0.6886 time 0.74s
Epoch: 12/150 Iter: 65/96 loss: 0.5841 acc: 0.6857 time 0.72s
Epoch: 12/150 Iter: 66/96 loss: 0.5813 acc: 0.6829 time 0.69s
Epoch: 12/150 Iter: 67/96 loss: 0.5982 acc: 0.6793 time 0.94s
Epoch: 12/150 Iter: 68/96 loss: 0.5944 acc: 0.6804 time 0.70s
Epoch: 12/150 Iter: 69/96 loss: 0.5942 acc: 0.6806 time 0.74s
Epoch: 12/150 Iter: 70/96 loss: 0.5933 acc: 0.6804 time 0.94s
Epoch: 12/150 Iter: 71/96 loss: 0.6099 acc: 0.6767 time 0.86s
Epoch: 12/150 Iter: 72/96 loss: 0.6057 acc: 0.6812 time 0.79s
Epoch: 12/150 Iter: 73/96 loss: 0.6016 acc: 0.6856 time 0.86s
Epoch: 12/150 Iter: 74/96 loss: 0.5977 acc: 0.6864 time 0.77s
Epoch: 12/150 Iter: 75/96 loss: 0.6001 acc: 0.6862 time 0.70s
Epoch: 12/150 Iter: 76/96 loss: 0.6120 acc: 0.6837 time 0.88s
Epoch: 12/150 Iter: 77/96 loss: 0.6248 acc: 0.6835 time 0.70s
Epoch: 12/150 Iter: 78/96 loss: 0.6218 acc: 0.6861 time 0.77s
Epoch: 12/150 Iter: 79/96 loss: 0.6180 acc: 0.6851 time 0.77s
Epoch: 12/150 Iter: 80/96 loss: 0.6295 acc: 0.6765 time 0.87s
Epoch: 12/150 Iter: 81/96 loss: 0.6286 acc: 0.6784 time 0.70s
Epoch: 12/150 Iter: 82/96 loss: 0.6259 acc: 0.6824 time 0.71s
Epoch: 12/150 Iter: 83/96 loss: 0.6261 acc: 0.6802 time 0.85s
Epoch: 12/150 Iter: 84/96 loss: 0.6235 acc: 0.6800 time 0.86s
Epoch: 12/150 Iter: 85/96 loss: 0.6201 acc: 0.6798 time 0.70s
Epoch: 12/150 Iter: 86/96 loss: 0.6167 acc: 0.6816 time 0.73s
Epoch: 12/150 Iter: 87/96 loss: 0.6133 acc: 0.6814 time 0.69s
Epoch: 12/150 Iter: 88/96 loss: 0.6127 acc: 0.6813 time 0.70s
Epoch: 12/150 Iter: 89/96 loss: 0.6165 acc: 0.6774 time 0.72s
Epoch: 12/150 Iter: 90/96 loss: 0.6133 acc: 0.6754 time 0.86s
Epoch: 12/150 Iter: 91/96 loss: 0.6127 acc: 0.6753 time 0.73s
Epoch: 12/150 Iter: 92/96 loss: 0.6155 acc: 0.6716 time 0.69s
Epoch: 12/150 Iter: 93/96 loss: 0.6168 acc: 0.6697 time 0.69s
Epoch: 12/150 Iter: 94/96 loss: 0.6152 acc: 0.6733 time 0.73s
Epoch: 12/150 Iter: 95/96 loss: 0.6141 acc: 0.6749 time 0.70s
Epoch: 12/150 Iter: 96/96 loss: 0.6104 acc: 0.6783 time 0.70s
[Train epoch 12] avg_loss=0.6104 avg_acc=0.6783 | per-class [c0: 0.714, c1: 0.833, c2: 0.707]
Final training 12/150, loss: 0.6104, time 74.41s, lr: 0.000996
Accuracy: 0.717
class                  precision    recall   specificity      f1   support
--------------------------------------------------------------------------
0                          0.766     0.714         0.794   0.739       280
1                          0.463     0.833         0.947   0.595        30
2                          0.720     0.707         0.765   0.713       266
*----------------------------------------*
Val 12/150 1/24, Acc: 0.3889, Loss: 2.2898, time 0.68s
Val 12/150 2/24, Acc: 0.4722, Loss: 1.4287, time 0.67s
Val 12/150 3/24, Acc: 0.4444, Loss: 1.4931, time 0.67s
Val 12/150 4/24, Acc: 0.5833, Loss: 1.1801, time 0.69s
Val 12/150 5/24, Acc: 0.6167, Loss: 1.0249, time 0.67s
Val 12/150 6/24, Acc: 0.6806, Loss: 0.9027, time 0.67s
Val 12/150 7/24, Acc: 0.6667, Loss: 0.8687, time 0.67s
Val 12/150 8/24, Acc: 0.7083, Loss: 0.8002, time 0.67s
Val 12/150 9/24, Acc: 0.6889, Loss: 0.7555, time 0.67s
Val 12/150 10/24, Acc: 0.7000, Loss: 0.7369, time 0.67s
Val 12/150 11/24, Acc: 0.7273, Loss: 0.7021, time 0.70s
Val 12/150 12/24, Acc: 0.7500, Loss: 0.6701, time 0.67s
Val 12/150 13/24, Acc: 0.7500, Loss: 0.6549, time 0.67s
Val 12/150 14/24, Acc: 0.7589, Loss: 0.6492, time 0.67s
Val 12/150 15/24, Acc: 0.7472, Loss: 0.7085, time 0.67s
Val 12/150 16/24, Acc: 0.7568, Loss: 0.6847, time 0.67s
Val 12/150 17/24, Acc: 0.7711, Loss: 0.6699, time 0.67s
Val 12/150 18/24, Acc: 0.7769, Loss: 0.6660, time 0.70s
Val 12/150 19/24, Acc: 0.7781, Loss: 0.6577, time 0.67s
Val 12/150 20/24, Acc: 0.7558, Loss: 0.6629, time 0.67s
Val 12/150 21/24, Acc: 0.7675, Loss: 0.6514, time 0.67s
Val 12/150 22/24, Acc: 0.7553, Loss: 0.6538, time 0.67s
Val 12/150 23/24, Acc: 0.7442, Loss: 0.6932, time 0.67s
Val 12/150 24/24, Acc: 0.7479, Loss: 0.6765, time 0.67s
[Val epoch 12] avg_acc=0.7479 | avg_loss=0.6765 | per-class [c0: 0.800, c1: 0.500, c2: 0.818]
Final validation 12/150, Val_acc: 0.7479, time 16.13sAccuracy: 0.792
class                  precision    recall   specificity      f1   support
--------------------------------------------------------------------------
0                          0.903     0.800         0.919   0.848        70
1                          0.333     0.500         0.941   0.400         8
2                          0.771     0.818         0.795   0.794        66
*========================================*
New best (0.700579 --> 0.747917)
Saving checkpoint outputs/OrganoidsINRIA_XYZ_thinning_128/swinunetr/2026-02-23-11-31/training/model_final.pt
Copying best model to best_model.pt
[EarlyStopping] improved to 0.747917
[EarlyStopping] improved to 0.676492
0 Mon Feb 23 11:49:18 2026 Epoch: 13
Epoch: 13/150 Iter: 1/96 loss: 0.7603 acc: 0.6250 time 1.26s
Epoch: 13/150 Iter: 2/96 loss: 0.8987 acc: 0.5208 time 0.70s
Epoch: 13/150 Iter: 3/96 loss: 0.7542 acc: 0.5972 time 0.70s
Epoch: 13/150 Iter: 4/96 loss: 0.7023 acc: 0.6042 time 0.77s
Epoch: 13/150 Iter: 5/96 loss: 0.6958 acc: 0.6333 time 0.92s
Epoch: 13/150 Iter: 6/96 loss: 0.6213 acc: 0.6944 time 0.71s
Epoch: 13/150 Iter: 7/96 loss: 0.5926 acc: 0.7024 time 0.95s
Epoch: 13/150 Iter: 8/96 loss: 0.5856 acc: 0.7271 time 0.87s
Epoch: 13/150 Iter: 9/96 loss: 0.5564 acc: 0.7574 time 0.79s
Epoch: 13/150 Iter: 10/96 loss: 0.7193 acc: 0.7483 time 0.75s
Epoch: 13/150 Iter: 11/96 loss: 0.7278 acc: 0.7258 time 0.76s
Epoch: 13/150 Iter: 12/96 loss: 0.6807 acc: 0.7347 time 0.88s
Epoch: 13/150 Iter: 13/96 loss: 0.6828 acc: 0.7167 time 0.70s
Epoch: 13/150 Iter: 14/96 loss: 0.6428 acc: 0.7369 time 0.71s
Epoch: 13/150 Iter: 15/96 loss: 0.6634 acc: 0.7156 time 0.81s
Epoch: 13/150 Iter: 16/96 loss: 0.6644 acc: 0.6969 time 0.74s
Epoch: 13/150 Iter: 17/96 loss: 0.6592 acc: 0.6853 time 0.88s
Epoch: 13/150 Iter: 18/96 loss: 0.6387 acc: 0.7028 time 0.87s
Epoch: 13/150 Iter: 19/96 loss: 0.6340 acc: 0.7118 time 0.70s
Epoch: 13/150 Iter: 20/96 loss: 0.6244 acc: 0.7263 time 0.71s
Epoch: 13/150 Iter: 21/96 loss: 0.6220 acc: 0.7155 time 0.87s
Epoch: 13/150 Iter: 22/96 loss: 0.6190 acc: 0.7019 time 0.70s
Epoch: 13/150 Iter: 23/96 loss: 0.6025 acc: 0.7149 time 0.80s
Epoch: 13/150 Iter: 24/96 loss: 0.5844 acc: 0.7267 time 0.76s
Epoch: 13/150 Iter: 25/96 loss: 0.5984 acc: 0.7243 time 0.84s
Epoch: 13/150 Iter: 26/96 loss: 0.6272 acc: 0.7221 time 0.72s
Epoch: 13/150 Iter: 27/96 loss: 0.6158 acc: 0.7231 time 0.86s
Epoch: 13/150 Iter: 28/96 loss: 0.5970 acc: 0.7330 time 0.75s
Epoch: 13/150 Iter: 29/96 loss: 0.5855 acc: 0.7422 time 0.69s
Epoch: 13/150 Iter: 30/96 loss: 0.5922 acc: 0.7397 time 0.87s
Epoch: 13/150 Iter: 31/96 loss: 0.6003 acc: 0.7374 time 0.71s
Epoch: 13/150 Iter: 32/96 loss: 0.5915 acc: 0.7417 time 0.69s
Epoch: 13/150 Iter: 33/96 loss: 0.5792 acc: 0.7495 time 0.88s
Epoch: 13/150 Iter: 34/96 loss: 0.5647 acc: 0.7569 time 0.74s
Epoch: 13/150 Iter: 35/96 loss: 0.5510 acc: 0.7638 time 0.75s
Epoch: 13/150 Iter: 36/96 loss: 0.5442 acc: 0.7673 time 0.87s
Epoch: 13/150 Iter: 37/96 loss: 0.5371 acc: 0.7736 time 0.76s
Epoch: 13/150 Iter: 38/96 loss: 0.5473 acc: 0.7602 time 0.70s
Epoch: 13/150 Iter: 39/96 loss: 0.5425 acc: 0.7638 time 0.88s
Epoch: 13/150 Iter: 40/96 loss: 0.5345 acc: 0.7697 time 0.73s
Epoch: 13/150 Iter: 41/96 loss: 0.5288 acc: 0.7591 time 0.70s
Epoch: 13/150 Iter: 42/96 loss: 0.5325 acc: 0.7489 time 0.70s
Epoch: 13/150 Iter: 43/96 loss: 0.5234 acc: 0.7548 time 0.72s
Epoch: 13/150 Iter: 44/96 loss: 0.5217 acc: 0.7575 time 0.70s
Epoch: 13/150 Iter: 45/96 loss: 0.5238 acc: 0.7481 time 0.69s
Epoch: 13/150 Iter: 46/96 loss: 0.5320 acc: 0.7475 time 0.70s
Epoch: 13/150 Iter: 47/96 loss: 0.5274 acc: 0.7529 time 0.87s
Epoch: 13/150 Iter: 48/96 loss: 0.5352 acc: 0.7511 time 0.70s
Epoch: 13/150 Iter: 49/96 loss: 0.5603 acc: 0.7378 time 0.69s
Epoch: 13/150 Iter: 50/96 loss: 0.5588 acc: 0.7381 time 0.87s
Epoch: 13/150 Iter: 51/96 loss: 0.5580 acc: 0.7356 time 0.87s
Epoch: 13/150 Iter: 52/96 loss: 0.5527 acc: 0.7310 time 0.70s
Epoch: 13/150 Iter: 53/96 loss: 0.5513 acc: 0.7290 time 0.70s
Epoch: 13/150 Iter: 54/96 loss: 0.5529 acc: 0.7271 time 0.74s
Epoch: 13/150 Iter: 55/96 loss: 0.5609 acc: 0.7230 time 0.69s
Epoch: 13/150 Iter: 56/96 loss: 0.5605 acc: 0.7220 time 0.69s
Epoch: 13/150 Iter: 57/96 loss: 0.5553 acc: 0.7210 time 0.87s
Epoch: 13/150 Iter: 58/96 loss: 0.5523 acc: 0.7229 time 0.73s
Epoch: 13/150 Iter: 59/96 loss: 0.5483 acc: 0.7234 time 0.72s
Epoch: 13/150 Iter: 60/96 loss: 0.5485 acc: 0.7252 time 0.77s
Epoch: 13/150 Iter: 61/96 loss: 0.5500 acc: 0.7236 time 0.70s
Epoch: 13/150 Iter: 62/96 loss: 0.5438 acc: 0.7263 time 0.70s
Epoch: 13/150 Iter: 63/96 loss: 0.5410 acc: 0.7227 time 0.76s
Epoch: 13/150 Iter: 64/96 loss: 0.5491 acc: 0.7145 time 0.78s
Epoch: 13/150 Iter: 65/96 loss: 0.5446 acc: 0.7121 time 0.70s
Epoch: 13/150 Iter: 66/96 loss: 0.5567 acc: 0.7083 time 0.79s
Epoch: 13/150 Iter: 67/96 loss: 0.5519 acc: 0.7065 time 0.72s
Epoch: 13/150 Iter: 68/96 loss: 0.5482 acc: 0.7108 time 0.75s
Epoch: 13/150 Iter: 69/96 loss: 0.5422 acc: 0.7150 time 0.70s
Epoch: 13/150 Iter: 70/96 loss: 0.5486 acc: 0.7107 time 0.90s
Epoch: 13/150 Iter: 71/96 loss: 0.5607 acc: 0.7077 time 0.87s
Epoch: 13/150 Iter: 72/96 loss: 0.5644 acc: 0.7083 time 0.71s
Epoch: 13/150 Iter: 73/96 loss: 0.5656 acc: 0.7108 time 0.71s
Epoch: 13/150 Iter: 74/96 loss: 0.5648 acc: 0.7068 time 0.87s
Epoch: 13/150 Iter: 75/96 loss: 0.5611 acc: 0.7074 time 0.92s
Epoch: 13/150 Iter: 76/96 loss: 0.5578 acc: 0.7069 time 0.93s
Epoch: 13/150 Iter: 77/96 loss: 0.5569 acc: 0.7063 time 0.76s
Epoch: 13/150 Iter: 78/96 loss: 0.5608 acc: 0.7053 time 0.87s
Epoch: 13/150 Iter: 79/96 loss: 0.5573 acc: 0.7041 time 0.76s
Epoch: 13/150 Iter: 80/96 loss: 0.5520 acc: 0.7064 time 0.70s
Epoch: 13/150 Iter: 81/96 loss: 0.5477 acc: 0.7100 time 0.70s
Epoch: 13/150 Iter: 82/96 loss: 0.5498 acc: 0.7095 time 0.69s
Epoch: 13/150 Iter: 83/96 loss: 0.5481 acc: 0.7110 time 0.87s
Epoch: 13/150 Iter: 84/96 loss: 0.5461 acc: 0.7125 time 0.69s
Epoch: 13/150 Iter: 85/96 loss: 0.5452 acc: 0.7129 time 0.69s
Epoch: 13/150 Iter: 86/96 loss: 0.5446 acc: 0.7104 time 0.85s
Epoch: 13/150 Iter: 87/96 loss: 0.5433 acc: 0.7138 time 0.70s
Epoch: 13/150 Iter: 88/96 loss: 0.5409 acc: 0.7170 time 0.86s
Epoch: 13/150 Iter: 89/96 loss: 0.5386 acc: 0.7202 time 0.69s
Epoch: 13/150 Iter: 90/96 loss: 0.5350 acc: 0.7215 time 0.86s
Epoch: 13/150 Iter: 91/96 loss: 0.5317 acc: 0.7245 time 0.69s
Epoch: 13/150 Iter: 92/96 loss: 0.5271 acc: 0.7275 time 0.69s
Epoch: 13/150 Iter: 93/96 loss: 0.5252 acc: 0.7304 time 0.88s
Epoch: 13/150 Iter: 94/96 loss: 0.5224 acc: 0.7333 time 0.69s
Epoch: 13/150 Iter: 95/96 loss: 0.5207 acc: 0.7348 time 0.72s
Epoch: 13/150 Iter: 96/96 loss: 0.5180 acc: 0.7364 time 0.70s
[Train epoch 13] avg_loss=0.5180 avg_acc=0.7364 | per-class [c0: 0.757, c1: 0.733, c2: 0.805]
Final training 13/150, loss: 0.5180, time 74.21s, lr: 0.000994
Accuracy: 0.778
class                  precision    recall   specificity      f1   support
--------------------------------------------------------------------------
0                          0.838     0.757         0.861   0.795       280
1                          0.524     0.733         0.963   0.611        30
2                          0.762     0.805         0.784   0.782       266
*----------------------------------------*
0 Mon Feb 23 11:50:33 2026 Epoch: 14
Epoch: 14/150 Iter: 1/96 loss: 0.3327 acc: 1.0000 time 0.99s
Epoch: 14/150 Iter: 2/96 loss: 0.3811 acc: 0.9000 time 0.93s
Epoch: 14/150 Iter: 3/96 loss: 0.3578 acc: 0.8778 time 0.77s
Epoch: 14/150 Iter: 4/96 loss: 0.4322 acc: 0.8250 time 0.87s
Epoch: 14/150 Iter: 5/96 loss: 0.5277 acc: 0.7600 time 0.69s
Epoch: 14/150 Iter: 6/96 loss: 0.4923 acc: 0.7722 time 0.76s
Epoch: 14/150 Iter: 7/96 loss: 0.4722 acc: 0.7810 time 0.82s
Epoch: 14/150 Iter: 8/96 loss: 0.4594 acc: 0.7597 time 0.75s
Epoch: 14/150 Iter: 9/96 loss: 0.5045 acc: 0.7309 time 0.87s
Epoch: 14/150 Iter: 10/96 loss: 0.5707 acc: 0.7022 time 0.77s
Epoch: 14/150 Iter: 11/96 loss: 0.5840 acc: 0.7091 time 0.72s
Epoch: 14/150 Iter: 12/96 loss: 0.7706 acc: 0.6685 time 0.87s
Epoch: 14/150 Iter: 13/96 loss: 0.7464 acc: 0.6556 time 0.87s
Epoch: 14/150 Iter: 14/96 loss: 0.7164 acc: 0.6730 time 0.87s
Epoch: 14/150 Iter: 15/96 loss: 0.7106 acc: 0.6504 time 0.70s
Epoch: 14/150 Iter: 16/96 loss: 0.6828 acc: 0.6410 time 0.70s
Epoch: 14/150 Iter: 17/96 loss: 0.6615 acc: 0.6458 time 0.76s
Epoch: 14/150 Iter: 18/96 loss: 0.6459 acc: 0.6515 time 0.78s
Epoch: 14/150 Iter: 19/96 loss: 0.6461 acc: 0.6436 time 0.72s
Epoch: 14/150 Iter: 20/96 loss: 0.6457 acc: 0.6489 time 0.71s
Epoch: 14/150 Iter: 21/96 loss: 0.6320 acc: 0.6577 time 0.69s
Epoch: 14/150 Iter: 22/96 loss: 0.6260 acc: 0.6581 time 0.78s
Epoch: 14/150 Iter: 23/96 loss: 0.6214 acc: 0.6585 time 0.89s
Epoch: 14/150 Iter: 24/96 loss: 0.6049 acc: 0.6657 time 0.77s
Epoch: 14/150 Iter: 25/96 loss: 0.6269 acc: 0.6591 time 0.71s
Epoch: 14/150 Iter: 26/96 loss: 0.6269 acc: 0.6578 time 0.81s
Epoch: 14/150 Iter: 27/96 loss: 0.6203 acc: 0.6658 time 0.87s
Epoch: 14/150 Iter: 28/96 loss: 0.6122 acc: 0.6688 time 0.87s
Epoch: 14/150 Iter: 29/96 loss: 0.6040 acc: 0.6745 time 0.92s
Epoch: 14/150 Iter: 30/96 loss: 0.5894 acc: 0.6854 time 0.87s
Epoch: 14/150 Iter: 31/96 loss: 0.5889 acc: 0.6848 time 0.79s
Epoch: 14/150 Iter: 32/96 loss: 0.5880 acc: 0.6915 time 0.72s
Epoch: 14/150 Iter: 33/96 loss: 0.5836 acc: 0.6832 time 0.87s
Epoch: 14/150 Iter: 34/96 loss: 0.5861 acc: 0.6837 time 0.69s
Epoch: 14/150 Iter: 35/96 loss: 0.5781 acc: 0.6856 time 0.87s
Epoch: 14/150 Iter: 36/96 loss: 0.6075 acc: 0.6758 time 0.72s
Epoch: 14/150 Iter: 37/96 loss: 0.6067 acc: 0.6778 time 0.87s
Epoch: 14/150 Iter: 38/96 loss: 0.6010 acc: 0.6764 time 0.74s
Epoch: 14/150 Iter: 39/96 loss: 0.6082 acc: 0.6761 time 0.75s
Epoch: 14/150 Iter: 40/96 loss: 0.6034 acc: 0.6811 time 0.69s
Epoch: 14/150 Iter: 41/96 loss: 0.5921 acc: 0.6889 time 0.88s
Epoch: 14/150 Iter: 42/96 loss: 0.5851 acc: 0.6963 time 0.86s
Epoch: 14/150 Iter: 43/96 loss: 0.5813 acc: 0.6975 time 0.91s
Epoch: 14/150 Iter: 44/96 loss: 0.5925 acc: 0.6893 time 0.73s
Epoch: 14/150 Iter: 45/96 loss: 0.5839 acc: 0.6962 time 0.95s
Epoch: 14/150 Iter: 46/96 loss: 0.5767 acc: 0.6992 time 0.69s
Epoch: 14/150 Iter: 47/96 loss: 0.5768 acc: 0.7002 time 0.87s
Epoch: 14/150 Iter: 48/96 loss: 0.5676 acc: 0.7065 time 0.87s
Epoch: 14/150 Iter: 49/96 loss: 0.5966 acc: 0.7000 time 0.87s
Epoch: 14/150 Iter: 50/96 loss: 0.5909 acc: 0.7004 time 0.72s
Epoch: 14/150 Iter: 51/96 loss: 0.6034 acc: 0.6946 time 0.87s
Epoch: 14/150 Iter: 52/96 loss: 0.5941 acc: 0.7004 time 0.86s
Epoch: 14/150 Iter: 53/96 loss: 0.5870 acc: 0.7061 time 0.78s
Epoch: 14/150 Iter: 54/96 loss: 0.5816 acc: 0.7115 time 0.86s
Epoch: 14/150 Iter: 55/96 loss: 0.5961 acc: 0.7026 time 0.70s
Epoch: 14/150 Iter: 56/96 loss: 0.6014 acc: 0.6960 time 0.95s
Epoch: 14/150 Iter: 57/96 loss: 0.5963 acc: 0.6996 time 0.87s
Epoch: 14/150 Iter: 58/96 loss: 0.6007 acc: 0.7019 time 0.95s
Epoch: 14/150 Iter: 59/96 loss: 0.5951 acc: 0.7027 time 0.78s
Epoch: 14/150 Iter: 60/96 loss: 0.5987 acc: 0.7035 time 0.76s
Epoch: 14/150 Iter: 61/96 loss: 0.6015 acc: 0.7002 time 0.87s
Epoch: 14/150 Iter: 62/96 loss: 0.5973 acc: 0.7023 time 0.86s
Epoch: 14/150 Iter: 63/96 loss: 0.5975 acc: 0.7039 time 0.88s
Epoch: 14/150 Iter: 64/96 loss: 0.5937 acc: 0.7059 time 0.86s
Epoch: 14/150 Iter: 65/96 loss: 0.5923 acc: 0.7040 time 0.70s
Epoch: 14/150 Iter: 66/96 loss: 0.5966 acc: 0.7018 time 0.87s
Epoch: 14/150 Iter: 67/96 loss: 0.5978 acc: 0.7037 time 0.74s
Epoch: 14/150 Iter: 68/96 loss: 0.5988 acc: 0.7056 time 0.87s
Epoch: 14/150 Iter: 69/96 loss: 0.5966 acc: 0.7081 time 0.75s
Epoch: 14/150 Iter: 70/96 loss: 0.5955 acc: 0.7108 time 0.73s
Epoch: 14/150 Iter: 71/96 loss: 0.5960 acc: 0.7126 time 0.73s
Epoch: 14/150 Iter: 72/96 loss: 0.5936 acc: 0.7148 time 0.87s
Epoch: 14/150 Iter: 73/96 loss: 0.5912 acc: 0.7187 time 0.69s
Epoch: 14/150 Iter: 74/96 loss: 0.5872 acc: 0.7208 time 0.76s
Epoch: 14/150 Iter: 75/96 loss: 0.5879 acc: 0.7171 time 0.87s
Epoch: 14/150 Iter: 76/96 loss: 0.5870 acc: 0.7192 time 0.70s
Epoch: 14/150 Iter: 77/96 loss: 0.5875 acc: 0.7207 time 0.87s
Epoch: 14/150 Iter: 78/96 loss: 0.5838 acc: 0.7243 time 0.78s
Epoch: 14/150 Iter: 79/96 loss: 0.5881 acc: 0.7250 time 0.76s
Epoch: 14/150 Iter: 80/96 loss: 0.5847 acc: 0.7284 time 0.73s
Epoch: 14/150 Iter: 81/96 loss: 0.5816 acc: 0.7304 time 0.86s
Epoch: 14/150 Iter: 82/96 loss: 0.5769 acc: 0.7337 time 0.86s
Epoch: 14/150 Iter: 83/96 loss: 0.5759 acc: 0.7299 time 0.71s
Epoch: 14/150 Iter: 84/96 loss: 0.5743 acc: 0.7291 time 0.69s
Epoch: 14/150 Iter: 85/96 loss: 0.5697 acc: 0.7323 time 0.86s
Epoch: 14/150 Iter: 86/96 loss: 0.5728 acc: 0.7315 time 0.69s
Epoch: 14/150 Iter: 87/96 loss: 0.5684 acc: 0.7321 time 0.70s
Epoch: 14/150 Iter: 88/96 loss: 0.5653 acc: 0.7342 time 0.69s
Epoch: 14/150 Iter: 89/96 loss: 0.5598 acc: 0.7371 time 0.69s
Epoch: 14/150 Iter: 90/96 loss: 0.5573 acc: 0.7370 time 0.85s
Epoch: 14/150 Iter: 91/96 loss: 0.5534 acc: 0.7350 time 0.70s
Epoch: 14/150 Iter: 92/96 loss: 0.5567 acc: 0.7333 time 0.71s
Epoch: 14/150 Iter: 93/96 loss: 0.5544 acc: 0.7344 time 0.70s
Epoch: 14/150 Iter: 94/96 loss: 0.5505 acc: 0.7337 time 0.70s
Epoch: 14/150 Iter: 95/96 loss: 0.5467 acc: 0.7353 time 0.87s
Epoch: 14/150 Iter: 96/96 loss: 0.5421 acc: 0.7381 time 0.69s
[Train epoch 14] avg_loss=0.5421 avg_acc=0.7381 | per-class [c0: 0.747, c1: 0.667, c2: 0.789]
Final training 14/150, loss: 0.5421, time 76.41s, lr: 0.000993
Accuracy: 0.762
class                  precision    recall   specificity      f1   support
--------------------------------------------------------------------------
0                          0.827     0.747         0.851   0.785       281
1                          0.465     0.667         0.958   0.548        30
2                          0.749     0.789         0.775   0.768       265
*----------------------------------------*
Val 14/150 1/24, Acc: 0.3889, Loss: 1.9824, time 0.68s
Val 14/150 2/24, Acc: 0.4722, Loss: 1.4217, time 0.67s
Val 14/150 3/24, Acc: 0.5556, Loss: 1.0805, time 0.67s
Val 14/150 4/24, Acc: 0.6667, Loss: 0.8653, time 0.67s
Val 14/150 5/24, Acc: 0.6833, Loss: 0.8126, time 0.67s
Val 14/150 6/24, Acc: 0.7361, Loss: 0.7172, time 0.67s
Val 14/150 7/24, Acc: 0.7143, Loss: 0.7396, time 0.68s
Val 14/150 8/24, Acc: 0.7188, Loss: 0.7361, time 0.67s
Val 14/150 9/24, Acc: 0.6907, Loss: 0.7319, time 0.67s
Val 14/150 10/24, Acc: 0.6483, Loss: 0.7319, time 0.67s
Val 14/150 11/24, Acc: 0.6702, Loss: 0.6759, time 0.67s
Val 14/150 12/24, Acc: 0.6491, Loss: 0.6509, time 0.67s
Val 14/150 13/24, Acc: 0.6248, Loss: 0.6992, time 0.67s
Val 14/150 14/24, Acc: 0.6248, Loss: 0.6973, time 0.69s
Val 14/150 15/24, Acc: 0.6443, Loss: 0.6857, time 0.67s
Val 14/150 16/24, Acc: 0.6602, Loss: 0.6589, time 0.67s
Val 14/150 17/24, Acc: 0.6802, Loss: 0.6305, time 0.67s
Val 14/150 18/24, Acc: 0.6702, Loss: 0.6162, time 0.67s
Val 14/150 19/24, Acc: 0.6823, Loss: 0.5974, time 0.67s
Val 14/150 20/24, Acc: 0.6704, Loss: 0.6294, time 0.67s
Val 14/150 21/24, Acc: 0.6663, Loss: 0.6173, time 0.70s
Val 14/150 22/24, Acc: 0.6739, Loss: 0.6151, time 0.67s
Val 14/150 23/24, Acc: 0.6663, Loss: 0.6779, time 0.67s
Val 14/150 24/24, Acc: 0.6617, Loss: 0.6717, time 0.69s
[Val epoch 14] avg_acc=0.6617 | avg_loss=0.6717 | per-class [c0: 0.829, c1: 0.750, c2: 0.682]
Final validation 14/150, Val_acc: 0.6617, time 16.16sAccuracy: 0.757
class                  precision    recall   specificity      f1   support
--------------------------------------------------------------------------
0                          0.892     0.829         0.905   0.859        70
1                          0.250     0.750         0.868   0.375         8
2                          0.818     0.682         0.872   0.744        66
*========================================*
Saving checkpoint outputs/OrganoidsINRIA_XYZ_thinning_128/swinunetr/2026-02-23-11-31/training/model_final.pt
[EarlyStopping] no improve (1/40)
[EarlyStopping] improved to 0.671689
0 Mon Feb 23 11:52:10 2026 Epoch: 15
Epoch: 15/150 Iter: 1/96 loss: 2.4479 acc: 0.1667 time 1.01s
Epoch: 15/150 Iter: 2/96 loss: 1.5213 acc: 0.3611 time 0.88s
Epoch: 15/150 Iter: 3/96 loss: 1.3022 acc: 0.3796 time 0.87s
Epoch: 15/150 Iter: 4/96 loss: 1.0863 acc: 0.4236 time 0.87s
Epoch: 15/150 Iter: 5/96 loss: 0.9606 acc: 0.5189 time 0.70s
Epoch: 15/150 Iter: 6/96 loss: 0.8432 acc: 0.5713 time 0.88s
Epoch: 15/150 Iter: 7/96 loss: 0.7872 acc: 0.6087 time 0.69s
Epoch: 15/150 Iter: 8/96 loss: 0.7281 acc: 0.6576 time 0.95s
Epoch: 15/150 Iter: 9/96 loss: 0.6745 acc: 0.6494 time 0.86s
Epoch: 15/150 Iter: 10/96 loss: 0.7745 acc: 0.6178 time 0.70s
Epoch: 15/150 Iter: 11/96 loss: 0.7577 acc: 0.6298 time 0.86s
Epoch: 15/150 Iter: 12/96 loss: 0.7670 acc: 0.6294 time 0.70s
Epoch: 15/150 Iter: 13/96 loss: 0.7789 acc: 0.6291 time 0.75s
Epoch: 15/150 Iter: 14/96 loss: 0.7938 acc: 0.6020 time 0.87s
Epoch: 15/150 Iter: 15/96 loss: 0.7884 acc: 0.5952 time 0.76s
Epoch: 15/150 Iter: 16/96 loss: 0.7595 acc: 0.6205 time 0.71s
Epoch: 15/150 Iter: 17/96 loss: 0.7487 acc: 0.6252 time 0.70s
Epoch: 15/150 Iter: 18/96 loss: 0.7343 acc: 0.6275 time 0.72s
Epoch: 15/150 Iter: 19/96 loss: 0.7249 acc: 0.6365 time 0.70s
Epoch: 15/150 Iter: 20/96 loss: 0.7048 acc: 0.6464 time 0.76s
Epoch: 15/150 Iter: 21/96 loss: 0.7039 acc: 0.6500 time 0.75s
Epoch: 15/150 Iter: 22/96 loss: 0.7249 acc: 0.6508 time 0.70s
Epoch: 15/150 Iter: 23/96 loss: 0.7290 acc: 0.6496 time 0.77s
Epoch: 15/150 Iter: 24/96 loss: 0.7119 acc: 0.6573 time 0.86s
Epoch: 15/150 Iter: 25/96 loss: 0.6915 acc: 0.6710 time 0.88s
Epoch: 15/150 Iter: 26/96 loss: 0.6906 acc: 0.6760 time 0.87s
Epoch: 15/150 Iter: 27/96 loss: 0.6737 acc: 0.6880 time 0.93s
Epoch: 15/150 Iter: 28/96 loss: 0.6662 acc: 0.6932 time 0.87s
Epoch: 15/150 Iter: 29/96 loss: 0.6690 acc: 0.6922 time 0.74s
Epoch: 15/150 Iter: 30/96 loss: 0.6610 acc: 0.6969 time 0.87s
Epoch: 15/150 Iter: 31/96 loss: 0.6477 acc: 0.6978 time 0.87s
Epoch: 15/150 Iter: 32/96 loss: 0.6530 acc: 0.6864 time 0.70s
Epoch: 15/150 Iter: 33/96 loss: 0.6468 acc: 0.6908 time 0.71s
Epoch: 15/150 Iter: 34/96 loss: 0.6393 acc: 0.6950 time 0.74s
Epoch: 15/150 Iter: 35/96 loss: 0.6467 acc: 0.6904 time 0.77s
Epoch: 15/150 Iter: 36/96 loss: 0.6311 acc: 0.6990 time 0.70s
Epoch: 15/150 Iter: 37/96 loss: 0.6221 acc: 0.7026 time 0.87s
Epoch: 15/150 Iter: 38/96 loss: 0.6158 acc: 0.6973 time 0.69s
Epoch: 15/150 Iter: 39/96 loss: 0.6040 acc: 0.7051 time 0.76s
Epoch: 15/150 Iter: 40/96 loss: 0.6006 acc: 0.7093 time 0.79s
Epoch: 15/150 Iter: 41/96 loss: 0.6134 acc: 0.7096 time 0.87s
Epoch: 15/150 Iter: 42/96 loss: 0.6010 acc: 0.7165 time 0.93s
Epoch: 15/150 Iter: 43/96 loss: 0.5939 acc: 0.7193 time 0.72s
Epoch: 15/150 Iter: 44/96 loss: 0.6084 acc: 0.7143 time 0.86s
Epoch: 15/150 Iter: 45/96 loss: 0.6096 acc: 0.7095 time 0.78s
Epoch: 15/150 Iter: 46/96 loss: 0.6070 acc: 0.7050 time 0.70s
Epoch: 15/150 Iter: 47/96 loss: 0.6039 acc: 0.7077 time 0.70s
Epoch: 15/150 Iter: 48/96 loss: 0.6032 acc: 0.7068 time 0.69s
Epoch: 15/150 Iter: 49/96 loss: 0.5973 acc: 0.7128 time 0.71s
Epoch: 15/150 Iter: 50/96 loss: 0.5934 acc: 0.7161 time 0.71s
Epoch: 15/150 Iter: 51/96 loss: 0.5874 acc: 0.7129 time 0.87s
Epoch: 15/150 Iter: 52/96 loss: 0.5810 acc: 0.7099 time 0.70s
Epoch: 15/150 Iter: 53/96 loss: 0.5723 acc: 0.7122 time 0.75s
Epoch: 15/150 Iter: 54/96 loss: 0.5708 acc: 0.7073 time 0.87s
Epoch: 15/150 Iter: 55/96 loss: 0.5664 acc: 0.7053 time 0.89s
Epoch: 15/150 Iter: 56/96 loss: 0.5625 acc: 0.7088 time 0.71s
Epoch: 15/150 Iter: 57/96 loss: 0.5573 acc: 0.7139 time 0.70s
Epoch: 15/150 Iter: 58/96 loss: 0.5664 acc: 0.7073 time 0.79s
Epoch: 15/150 Iter: 59/96 loss: 0.5577 acc: 0.7123 time 0.91s
Epoch: 15/150 Iter: 60/96 loss: 0.5639 acc: 0.7060 time 0.70s
Epoch: 15/150 Iter: 61/96 loss: 0.5585 acc: 0.7071 time 0.87s
Epoch: 15/150 Iter: 62/96 loss: 0.5556 acc: 0.7103 time 0.78s
Epoch: 15/150 Iter: 63/96 loss: 0.5518 acc: 0.7096 time 0.87s
Epoch: 15/150 Iter: 64/96 loss: 0.5502 acc: 0.7115 time 0.74s
Epoch: 15/150 Iter: 65/96 loss: 0.5552 acc: 0.7102 time 0.87s
Epoch: 15/150 Iter: 66/96 loss: 0.5536 acc: 0.7127 time 0.87s
Epoch: 15/150 Iter: 67/96 loss: 0.5493 acc: 0.7170 time 0.70s
Epoch: 15/150 Iter: 68/96 loss: 0.5531 acc: 0.7187 time 0.73s
Epoch: 15/150 Iter: 69/96 loss: 0.5502 acc: 0.7191 time 0.71s
Epoch: 15/150 Iter: 70/96 loss: 0.5450 acc: 0.7231 time 0.72s
Epoch: 15/150 Iter: 71/96 loss: 0.5420 acc: 0.7253 time 0.87s
Epoch: 15/150 Iter: 72/96 loss: 0.5366 acc: 0.7268 time 0.86s
Epoch: 15/150 Iter: 73/96 loss: 0.5308 acc: 0.7305 time 0.87s
Epoch: 15/150 Iter: 74/96 loss: 0.5318 acc: 0.7263 time 0.77s
Epoch: 15/150 Iter: 75/96 loss: 0.5415 acc: 0.7199 time 0.72s
Epoch: 15/150 Iter: 76/96 loss: 0.5365 acc: 0.7236 time 0.96s
Epoch: 15/150 Iter: 77/96 loss: 0.5429 acc: 0.7229 time 0.77s
Epoch: 15/150 Iter: 78/96 loss: 0.5405 acc: 0.7232 time 0.87s
Epoch: 15/150 Iter: 79/96 loss: 0.5373 acc: 0.7267 time 0.90s
Epoch: 15/150 Iter: 80/96 loss: 0.5346 acc: 0.7281 time 0.87s
Epoch: 15/150 Iter: 81/96 loss: 0.5356 acc: 0.7273 time 0.70s
Epoch: 15/150 Iter: 82/96 loss: 0.5321 acc: 0.7306 time 0.86s
Epoch: 15/150 Iter: 83/96 loss: 0.5309 acc: 0.7292 time 0.71s
Epoch: 15/150 Iter: 84/96 loss: 0.5303 acc: 0.7312 time 0.86s
Epoch: 15/150 Iter: 85/96 loss: 0.5260 acc: 0.7324 time 0.69s
Epoch: 15/150 Iter: 86/96 loss: 0.5233 acc: 0.7341 time 0.69s
Epoch: 15/150 Iter: 87/96 loss: 0.5294 acc: 0.7333 time 0.69s
Epoch: 15/150 Iter: 88/96 loss: 0.5258 acc: 0.7363 time 0.70s
Epoch: 15/150 Iter: 89/96 loss: 0.5234 acc: 0.7393 time 0.70s
Epoch: 15/150 Iter: 90/96 loss: 0.5261 acc: 0.7357 time 0.69s
Epoch: 15/150 Iter: 91/96 loss: 0.5255 acc: 0.7372 time 0.86s
Epoch: 15/150 Iter: 92/96 loss: 0.5252 acc: 0.7347 time 0.86s
Epoch: 15/150 Iter: 93/96 loss: 0.5252 acc: 0.7357 time 0.89s
Epoch: 15/150 Iter: 94/96 loss: 0.5227 acc: 0.7385 time 0.69s
Epoch: 15/150 Iter: 95/96 loss: 0.5236 acc: 0.7378 time 0.70s
Epoch: 15/150 Iter: 96/96 loss: 0.5218 acc: 0.7379 time 0.86s
[Train epoch 15] avg_loss=0.5218 avg_acc=0.7379 | per-class [c0: 0.754, c1: 0.767, c2: 0.789]
Final training 15/150, loss: 0.5218, time 75.79s, lr: 0.000991
Accuracy: 0.771
class                  precision    recall   specificity      f1   support
--------------------------------------------------------------------------
0                          0.835     0.754         0.858   0.793       281
1                          0.469     0.767         0.952   0.582        30
2                          0.766     0.789         0.794   0.777       265
*----------------------------------------*
0 Mon Feb 23 11:53:26 2026 Epoch: 16
Epoch: 16/150 Iter: 1/96 loss: 0.7426 acc: 0.6250 time 1.02s
Epoch: 16/150 Iter: 2/96 loss: 0.5413 acc: 0.6736 time 0.88s
Epoch: 16/150 Iter: 3/96 loss: 0.6998 acc: 0.6713 time 0.70s
Epoch: 16/150 Iter: 4/96 loss: 0.5730 acc: 0.7535 time 0.86s
Epoch: 16/150 Iter: 5/96 loss: 0.5468 acc: 0.7361 time 0.87s
Epoch: 16/150 Iter: 6/96 loss: 0.6178 acc: 0.7468 time 0.87s
Epoch: 16/150 Iter: 7/96 loss: 0.5598 acc: 0.7829 time 0.75s
Epoch: 16/150 Iter: 8/96 loss: 0.5995 acc: 0.7476 time 0.72s
Epoch: 16/150 Iter: 9/96 loss: 0.5590 acc: 0.7756 time 0.87s
Epoch: 16/150 Iter: 10/96 loss: 0.5562 acc: 0.7581 time 0.87s
Epoch: 16/150 Iter: 11/96 loss: 0.5189 acc: 0.7725 time 0.78s
Epoch: 16/150 Iter: 12/96 loss: 0.4878 acc: 0.7914 time 0.69s
Epoch: 16/150 Iter: 13/96 loss: 0.4832 acc: 0.7882 time 0.70s
Epoch: 16/150 Iter: 14/96 loss: 0.4592 acc: 0.8034 time 0.87s
Epoch: 16/150 Iter: 15/96 loss: 0.4548 acc: 0.8165 time 0.87s
Epoch: 16/150 Iter: 16/96 loss: 0.4516 acc: 0.8201 time 0.77s
Epoch: 16/150 Iter: 17/96 loss: 0.4465 acc: 0.8046 time 0.91s
Epoch: 16/150 Iter: 18/96 loss: 0.4594 acc: 0.8108 time 0.71s
Epoch: 16/150 Iter: 19/96 loss: 0.4644 acc: 0.7857 time 0.71s
Epoch: 16/150 Iter: 20/96 loss: 0.5068 acc: 0.7742 time 0.87s
Epoch: 16/150 Iter: 21/96 loss: 0.5292 acc: 0.7611 time 0.74s
Epoch: 16/150 Iter: 22/96 loss: 0.5345 acc: 0.7492 time 0.87s
Epoch: 16/150 Iter: 23/96 loss: 0.5462 acc: 0.7263 time 0.78s
Epoch: 16/150 Iter: 24/96 loss: 0.5390 acc: 0.7238 time 0.72s
Epoch: 16/150 Iter: 25/96 loss: 0.5296 acc: 0.7349 time 0.74s
Epoch: 16/150 Iter: 26/96 loss: 0.5442 acc: 0.7194 time 0.72s
Epoch: 16/150 Iter: 27/96 loss: 0.5399 acc: 0.7134 time 0.71s
Epoch: 16/150 Iter: 28/96 loss: 0.5714 acc: 0.6927 time 0.77s
Epoch: 16/150 Iter: 29/96 loss: 0.5620 acc: 0.6975 time 0.70s
Epoch: 16/150 Iter: 30/96 loss: 0.5672 acc: 0.7020 time 0.93s
Epoch: 16/150 Iter: 31/96 loss: 0.5651 acc: 0.6858 time 0.86s
Epoch: 16/150 Iter: 32/96 loss: 0.5652 acc: 0.6878 time 0.86s
Epoch: 16/150 Iter: 33/96 loss: 0.5570 acc: 0.6822 time 0.86s
Epoch: 16/150 Iter: 34/96 loss: 0.5554 acc: 0.6850 time 0.71s
Epoch: 16/150 Iter: 35/96 loss: 0.5604 acc: 0.6768 time 0.75s
Epoch: 16/150 Iter: 36/96 loss: 0.5617 acc: 0.6742 time 0.70s
Epoch: 16/150 Iter: 37/96 loss: 0.5629 acc: 0.6763 time 0.70s
Epoch: 16/150 Iter: 38/96 loss: 0.5643 acc: 0.6782 time 0.69s
Epoch: 16/150 Iter: 39/96 loss: 0.5568 acc: 0.6865 time 0.78s
Epoch: 16/150 Iter: 40/96 loss: 0.5498 acc: 0.6901 time 0.88s
Epoch: 16/150 Iter: 41/96 loss: 0.5486 acc: 0.6896 time 0.86s
Epoch: 16/150 Iter: 42/96 loss: 0.5486 acc: 0.6970 time 0.86s
Epoch: 16/150 Iter: 43/96 loss: 0.5404 acc: 0.7040 time 0.76s
Epoch: 16/150 Iter: 44/96 loss: 0.5672 acc: 0.6994 time 0.89s
Epoch: 16/150 Iter: 45/96 loss: 0.5869 acc: 0.6857 time 0.72s
Epoch: 16/150 Iter: 46/96 loss: 0.5860 acc: 0.6798 time 0.76s
Epoch: 16/150 Iter: 47/96 loss: 0.5815 acc: 0.6781 time 0.77s
Epoch: 16/150 Iter: 48/96 loss: 0.5802 acc: 0.6727 time 0.78s
Epoch: 16/150 Iter: 49/96 loss: 0.5862 acc: 0.6658 time 0.79s
Epoch: 16/150 Iter: 50/96 loss: 0.5762 acc: 0.6724 time 0.72s
Epoch: 16/150 Iter: 51/96 loss: 0.5781 acc: 0.6658 time 0.70s
Epoch: 16/150 Iter: 52/96 loss: 0.5745 acc: 0.6669 time 0.78s
Epoch: 16/150 Iter: 53/96 loss: 0.5650 acc: 0.6732 time 0.74s
Epoch: 16/150 Iter: 54/96 loss: 0.5578 acc: 0.6792 time 0.87s
Epoch: 16/150 Iter: 55/96 loss: 0.5516 acc: 0.6830 time 0.77s
Epoch: 16/150 Iter: 56/96 loss: 0.5501 acc: 0.6865 time 0.88s
Epoch: 16/150 Iter: 57/96 loss: 0.5551 acc: 0.6871 time 0.69s
Epoch: 16/150 Iter: 58/96 loss: 0.5518 acc: 0.6839 time 0.88s
Epoch: 16/150 Iter: 59/96 loss: 0.5503 acc: 0.6829 time 0.88s
Epoch: 16/150 Iter: 60/96 loss: 0.5576 acc: 0.6759 time 0.87s
Epoch: 16/150 Iter: 61/96 loss: 0.5514 acc: 0.6785 time 0.70s
Epoch: 16/150 Iter: 62/96 loss: 0.5470 acc: 0.6797 time 0.87s
Epoch: 16/150 Iter: 63/96 loss: 0.5446 acc: 0.6808 time 0.87s
Epoch: 16/150 Iter: 64/96 loss: 0.5405 acc: 0.6838 time 0.77s
Epoch: 16/150 Iter: 65/96 loss: 0.5348 acc: 0.6887 time 0.88s
Epoch: 16/150 Iter: 66/96 loss: 0.5280 acc: 0.6934 time 0.87s
Epoch: 16/150 Iter: 67/96 loss: 0.5246 acc: 0.6913 time 0.87s
Epoch: 16/150 Iter: 68/96 loss: 0.5205 acc: 0.6940 time 0.78s
Epoch: 16/150 Iter: 69/96 loss: 0.5204 acc: 0.6973 time 0.77s
Epoch: 16/150 Iter: 70/96 loss: 0.5277 acc: 0.6980 time 0.73s
Epoch: 16/150 Iter: 71/96 loss: 0.5237 acc: 0.7009 time 0.87s
Epoch: 16/150 Iter: 72/96 loss: 0.5227 acc: 0.7019 time 0.70s
Epoch: 16/150 Iter: 73/96 loss: 0.5194 acc: 0.7026 time 0.77s
Epoch: 16/150 Iter: 74/96 loss: 0.5127 acc: 0.7066 time 0.88s
Epoch: 16/150 Iter: 75/96 loss: 0.5154 acc: 0.7039 time 0.87s
Epoch: 16/150 Iter: 76/96 loss: 0.5143 acc: 0.7056 time 0.75s
Epoch: 16/150 Iter: 77/96 loss: 0.5138 acc: 0.7081 time 0.70s
Epoch: 16/150 Iter: 78/96 loss: 0.5101 acc: 0.7118 time 0.71s
Epoch: 16/150 Iter: 79/96 loss: 0.5086 acc: 0.7120 time 0.86s
Epoch: 16/150 Iter: 80/96 loss: 0.5114 acc: 0.7109 time 0.93s
Epoch: 16/150 Iter: 81/96 loss: 0.5063 acc: 0.7144 time 0.70s
Epoch: 16/150 Iter: 82/96 loss: 0.5030 acc: 0.7164 time 0.69s
Epoch: 16/150 Iter: 83/96 loss: 0.5004 acc: 0.7198 time 0.73s
Epoch: 16/150 Iter: 84/96 loss: 0.4982 acc: 0.7212 time 0.71s
Epoch: 16/150 Iter: 85/96 loss: 0.5019 acc: 0.7195 time 0.86s
Epoch: 16/150 Iter: 86/96 loss: 0.4996 acc: 0.7196 time 0.71s
Epoch: 16/150 Iter: 87/96 loss: 0.5007 acc: 0.7180 time 0.69s
Epoch: 16/150 Iter: 88/96 loss: 0.5025 acc: 0.7184 time 0.72s
Epoch: 16/150 Iter: 89/96 loss: 0.5016 acc: 0.7215 time 0.87s
Epoch: 16/150 Iter: 90/96 loss: 0.4982 acc: 0.7234 time 0.88s
Epoch: 16/150 Iter: 91/96 loss: 0.4957 acc: 0.7228 time 0.69s
Epoch: 16/150 Iter: 92/96 loss: 0.4936 acc: 0.7240 time 0.88s
Epoch: 16/150 Iter: 93/96 loss: 0.4925 acc: 0.7257 time 0.87s
Epoch: 16/150 Iter: 94/96 loss: 0.4896 acc: 0.7287 time 0.70s
Epoch: 16/150 Iter: 95/96 loss: 0.4866 acc: 0.7273 time 0.86s
Epoch: 16/150 Iter: 96/96 loss: 0.4852 acc: 0.7267 time 0.86s
[Train epoch 16] avg_loss=0.4852 avg_acc=0.7267 | per-class [c0: 0.779, c1: 0.724, c2: 0.778]
Final training 16/150, loss: 0.4852, time 76.32s, lr: 0.000988
Accuracy: 0.776
class                  precision    recall   specificity      f1   support
--------------------------------------------------------------------------
0                          0.833     0.779         0.851   0.805       281
1                          0.467     0.724         0.956   0.568        29
2                          0.772     0.778         0.803   0.775       266
*----------------------------------------*
Val 16/150 1/24, Acc: 0.5000, Loss: 2.6566, time 0.70s
Val 16/150 2/24, Acc: 0.5278, Loss: 1.7138, time 0.67s
Val 16/150 3/24, Acc: 0.5926, Loss: 1.2400, time 0.67s
Val 16/150 4/24, Acc: 0.6944, Loss: 0.9546, time 0.68s
Val 16/150 5/24, Acc: 0.6806, Loss: 0.8764, time 0.67s
Val 16/150 6/24, Acc: 0.7338, Loss: 0.7672, time 0.67s
Val 16/150 7/24, Acc: 0.7123, Loss: 0.7824, time 0.67s
Val 16/150 8/24, Acc: 0.7483, Loss: 0.7260, time 0.67s
Val 16/150 9/24, Acc: 0.7318, Loss: 0.6722, time 0.67s
Val 16/150 10/24, Acc: 0.7386, Loss: 0.6466, time 0.67s
Val 16/150 11/24, Acc: 0.7624, Loss: 0.6155, time 0.70s
Val 16/150 12/24, Acc: 0.7336, Loss: 0.6166, time 0.67s
Val 16/150 13/24, Acc: 0.7156, Loss: 0.6141, time 0.67s
Val 16/150 14/24, Acc: 0.7270, Loss: 0.6071, time 0.67s
Val 16/150 15/24, Acc: 0.7174, Loss: 0.6103, time 0.67s
Val 16/150 16/24, Acc: 0.7288, Loss: 0.6011, time 0.67s
Val 16/150 17/24, Acc: 0.7448, Loss: 0.5704, time 0.67s
Val 16/150 18/24, Acc: 0.7520, Loss: 0.5622, time 0.70s
Val 16/150 19/24, Acc: 0.7598, Loss: 0.5499, time 0.67s
Val 16/150 20/24, Acc: 0.7440, Loss: 0.5867, time 0.67s
Val 16/150 21/24, Acc: 0.7562, Loss: 0.5643, time 0.67s
Val 16/150 22/24, Acc: 0.7597, Loss: 0.5639, time 0.67s
Val 16/150 23/24, Acc: 0.7484, Loss: 0.6545, time 0.67s
Val 16/150 24/24, Acc: 0.7404, Loss: 0.6431, time 0.67s
[Val epoch 16] avg_acc=0.7404 | avg_loss=0.6431 | per-class [c0: 0.786, c1: 0.750, c2: 0.848]
Final validation 16/150, Val_acc: 0.7404, time 16.15sAccuracy: 0.812
class                  precision    recall   specificity      f1   support
--------------------------------------------------------------------------
0                          0.932     0.786         0.946   0.853        70
1                          0.429     0.750         0.941   0.545         8
2                          0.789     0.848         0.808   0.818        66
*========================================*
Saving checkpoint outputs/OrganoidsINRIA_XYZ_thinning_128/swinunetr/2026-02-23-11-31/training/model_final.pt
[EarlyStopping] no improve (2/40)
[EarlyStopping] improved to 0.643141
0 Mon Feb 23 11:55:03 2026 Epoch: 17
Epoch: 17/150 Iter: 1/96 loss: 0.4616 acc: 0.4000 time 1.02s
Epoch: 17/150 Iter: 2/96 loss: 0.3754 acc: 0.4778 time 0.89s
Epoch: 17/150 Iter: 3/96 loss: 0.3259 acc: 0.6519 time 0.69s
Epoch: 17/150 Iter: 4/96 loss: 0.3145 acc: 0.6972 time 0.86s
Epoch: 17/150 Iter: 5/96 loss: 0.3412 acc: 0.7244 time 0.78s
Epoch: 17/150 Iter: 6/96 loss: 0.3136 acc: 0.7426 time 0.88s
Epoch: 17/150 Iter: 7/96 loss: 0.3021 acc: 0.7794 time 0.70s
Epoch: 17/150 Iter: 8/96 loss: 0.3248 acc: 0.7653 time 0.70s
Epoch: 17/150 Iter: 9/96 loss: 0.3141 acc: 0.7914 time 0.70s
Epoch: 17/150 Iter: 10/96 loss: 0.3555 acc: 0.8022 time 0.74s
Epoch: 17/150 Iter: 11/96 loss: 0.3970 acc: 0.7596 time 0.80s
Epoch: 17/150 Iter: 12/96 loss: 0.3962 acc: 0.7657 time 0.86s
Epoch: 17/150 Iter: 13/96 loss: 0.3816 acc: 0.7741 time 0.78s
Epoch: 17/150 Iter: 14/96 loss: 0.3805 acc: 0.7784 time 0.77s
Epoch: 17/150 Iter: 15/96 loss: 0.3596 acc: 0.7931 time 0.70s
Epoch: 17/150 Iter: 16/96 loss: 0.3575 acc: 0.7983 time 0.70s
Epoch: 17/150 Iter: 17/96 loss: 0.3805 acc: 0.7670 time 0.87s
Epoch: 17/150 Iter: 18/96 loss: 0.3721 acc: 0.7707 time 0.70s
Epoch: 17/150 Iter: 19/96 loss: 0.3839 acc: 0.7520 time 0.87s
Epoch: 17/150 Iter: 20/96 loss: 0.3715 acc: 0.7644 time 0.70s
Epoch: 17/150 Iter: 21/96 loss: 0.3867 acc: 0.7519 time 0.71s
Epoch: 17/150 Iter: 22/96 loss: 0.3894 acc: 0.7593 time 0.71s
Epoch: 17/150 Iter: 23/96 loss: 0.3841 acc: 0.7698 time 0.70s
Epoch: 17/150 Iter: 24/96 loss: 0.3727 acc: 0.7794 time 0.88s
Epoch: 17/150 Iter: 25/96 loss: 0.3772 acc: 0.7682 time 0.78s
Epoch: 17/150 Iter: 26/96 loss: 0.3679 acc: 0.7771 time 0.77s
Epoch: 17/150 Iter: 27/96 loss: 0.3687 acc: 0.7582 time 0.70s
Epoch: 17/150 Iter: 28/96 loss: 0.3634 acc: 0.7669 time 0.69s
Epoch: 17/150 Iter: 29/96 loss: 0.3786 acc: 0.7706 time 0.74s
Epoch: 17/150 Iter: 30/96 loss: 0.3945 acc: 0.7634 time 0.75s
Epoch: 17/150 Iter: 31/96 loss: 0.3903 acc: 0.7549 time 0.77s
Epoch: 17/150 Iter: 32/96 loss: 0.3820 acc: 0.7600 time 0.87s
Epoch: 17/150 Iter: 33/96 loss: 0.3961 acc: 0.7612 time 0.86s
Epoch: 17/150 Iter: 34/96 loss: 0.3894 acc: 0.7682 time 0.76s
Epoch: 17/150 Iter: 35/96 loss: 0.3822 acc: 0.7748 time 0.87s
Epoch: 17/150 Iter: 36/96 loss: 0.3836 acc: 0.7649 time 0.70s
Epoch: 17/150 Iter: 37/96 loss: 0.3748 acc: 0.7712 time 0.87s
Epoch: 17/150 Iter: 38/96 loss: 0.3667 acc: 0.7773 time 0.74s
Epoch: 17/150 Iter: 39/96 loss: 0.3589 acc: 0.7830 time 0.75s
Epoch: 17/150 Iter: 40/96 loss: 0.3550 acc: 0.7815 time 0.77s
Epoch: 17/150 Iter: 41/96 loss: 0.3572 acc: 0.7827 time 0.72s
Epoch: 17/150 Iter: 42/96 loss: 0.3586 acc: 0.7800 time 0.73s
Epoch: 17/150 Iter: 43/96 loss: 0.3666 acc: 0.7734 time 0.71s
Epoch: 17/150 Iter: 44/96 loss: 0.3604 acc: 0.7786 time 0.87s
Epoch: 17/150 Iter: 45/96 loss: 0.3639 acc: 0.7807 time 0.78s
Epoch: 17/150 Iter: 46/96 loss: 0.3577 acc: 0.7855 time 0.71s
Epoch: 17/150 Iter: 47/96 loss: 0.3656 acc: 0.7812 time 0.70s
Epoch: 17/150 Iter: 48/96 loss: 0.3735 acc: 0.7795 time 0.71s
Epoch: 17/150 Iter: 49/96 loss: 0.3740 acc: 0.7727 time 0.87s
Epoch: 17/150 Iter: 50/96 loss: 0.3696 acc: 0.7772 time 0.73s
Epoch: 17/150 Iter: 51/96 loss: 0.3663 acc: 0.7767 time 0.70s
Epoch: 17/150 Iter: 52/96 loss: 0.3820 acc: 0.7682 time 0.86s
Epoch: 17/150 Iter: 53/96 loss: 0.3809 acc: 0.7725 time 0.74s
Epoch: 17/150 Iter: 54/96 loss: 0.3803 acc: 0.7749 time 0.94s
Epoch: 17/150 Iter: 55/96 loss: 0.3824 acc: 0.7770 time 0.75s
Epoch: 17/150 Iter: 56/96 loss: 0.3856 acc: 0.7750 time 0.77s
Epoch: 17/150 Iter: 57/96 loss: 0.3877 acc: 0.7731 time 0.71s
Epoch: 17/150 Iter: 58/96 loss: 0.3924 acc: 0.7713 time 0.75s
Epoch: 17/150 Iter: 59/96 loss: 0.3871 acc: 0.7751 time 0.89s
Epoch: 17/150 Iter: 60/96 loss: 0.3928 acc: 0.7719 time 0.70s
Epoch: 17/150 Iter: 61/96 loss: 0.3922 acc: 0.7716 time 0.75s
Epoch: 17/150 Iter: 62/96 loss: 0.3879 acc: 0.7753 time 0.70s
Epoch: 17/150 Iter: 63/96 loss: 0.3882 acc: 0.7769 time 0.71s
Epoch: 17/150 Iter: 64/96 loss: 0.3931 acc: 0.7764 time 0.70s
Epoch: 17/150 Iter: 65/96 loss: 0.4045 acc: 0.7696 time 0.89s
Epoch: 17/150 Iter: 66/96 loss: 0.4039 acc: 0.7712 time 0.74s
Epoch: 17/150 Iter: 67/96 loss: 0.4013 acc: 0.7746 time 0.93s
Epoch: 17/150 Iter: 68/96 loss: 0.4154 acc: 0.7743 time 0.70s
Epoch: 17/150 Iter: 69/96 loss: 0.4153 acc: 0.7751 time 0.70s
Epoch: 17/150 Iter: 70/96 loss: 0.4122 acc: 0.7783 time 0.73s
Epoch: 17/150 Iter: 71/96 loss: 0.4080 acc: 0.7815 time 0.77s
Epoch: 17/150 Iter: 72/96 loss: 0.4069 acc: 0.7845 time 0.79s
Epoch: 17/150 Iter: 73/96 loss: 0.4079 acc: 0.7829 time 0.74s
Epoch: 17/150 Iter: 74/96 loss: 0.4172 acc: 0.7802 time 0.72s
Epoch: 17/150 Iter: 75/96 loss: 0.4177 acc: 0.7831 time 0.69s
Epoch: 17/150 Iter: 76/96 loss: 0.4154 acc: 0.7827 time 0.90s
Epoch: 17/150 Iter: 77/96 loss: 0.4197 acc: 0.7736 time 0.87s
Epoch: 17/150 Iter: 78/96 loss: 0.4203 acc: 0.7733 time 0.70s
Epoch: 17/150 Iter: 79/96 loss: 0.4184 acc: 0.7749 time 0.87s
Epoch: 17/150 Iter: 80/96 loss: 0.4151 acc: 0.7777 time 0.75s
Epoch: 17/150 Iter: 81/96 loss: 0.4130 acc: 0.7805 time 0.72s
Epoch: 17/150 Iter: 82/96 loss: 0.4137 acc: 0.7760 time 0.70s
Epoch: 17/150 Iter: 83/96 loss: 0.4127 acc: 0.7734 time 0.71s
Epoch: 17/150 Iter: 84/96 loss: 0.4137 acc: 0.7701 time 0.69s
Epoch: 17/150 Iter: 85/96 loss: 0.4121 acc: 0.7702 time 0.70s
Epoch: 17/150 Iter: 86/96 loss: 0.4117 acc: 0.7700 time 0.86s
Epoch: 17/150 Iter: 87/96 loss: 0.4140 acc: 0.7715 time 0.71s
Epoch: 17/150 Iter: 88/96 loss: 0.4170 acc: 0.7677 time 0.85s
Epoch: 17/150 Iter: 89/96 loss: 0.4167 acc: 0.7654 time 0.86s
Epoch: 17/150 Iter: 90/96 loss: 0.4194 acc: 0.7596 time 0.71s
Epoch: 17/150 Iter: 91/96 loss: 0.4226 acc: 0.7559 time 0.86s
Epoch: 17/150 Iter: 92/96 loss: 0.4250 acc: 0.7572 time 0.71s
Epoch: 17/150 Iter: 93/96 loss: 0.4444 acc: 0.7553 time 0.85s
Epoch: 17/150 Iter: 94/96 loss: 0.4404 acc: 0.7579 time 0.73s
Epoch: 17/150 Iter: 95/96 loss: 0.4385 acc: 0.7552 time 0.69s
Epoch: 17/150 Iter: 96/96 loss: 0.4405 acc: 0.7508 time 0.86s
[Train epoch 17] avg_loss=0.4405 avg_acc=0.7508 | per-class [c0: 0.782, c1: 0.800, c2: 0.838]
Final training 17/150, loss: 0.4405, time 74.05s, lr: 0.000986
Accuracy: 0.809
class                  precision    recall   specificity      f1   support
--------------------------------------------------------------------------
0                          0.883     0.782         0.902   0.830       280
1                          0.511     0.800         0.958   0.623        30
2                          0.794     0.838         0.813   0.815       266
*----------------------------------------*
0 Mon Feb 23 11:56:17 2026 Epoch: 18
Epoch: 18/150 Iter: 1/96 loss: 1.4634 acc: 0.3333 time 1.07s
Epoch: 18/150 Iter: 2/96 loss: 0.9757 acc: 0.4722 time 0.71s
Epoch: 18/150 Iter: 3/96 loss: 0.7729 acc: 0.6148 time 0.87s
Epoch: 18/150 Iter: 4/96 loss: 0.6081 acc: 0.7111 time 0.87s
Epoch: 18/150 Iter: 5/96 loss: 0.5388 acc: 0.7689 time 0.70s
Epoch: 18/150 Iter: 6/96 loss: 0.4670 acc: 0.8074 time 0.71s
Epoch: 18/150 Iter: 7/96 loss: 0.4701 acc: 0.7873 time 0.70s
Epoch: 18/150 Iter: 8/96 loss: 0.4590 acc: 0.7861 time 0.78s
Epoch: 18/150 Iter: 9/96 loss: 0.4599 acc: 0.8099 time 0.69s
Epoch: 18/150 Iter: 10/96 loss: 0.4281 acc: 0.8289 time 0.77s
Epoch: 18/150 Iter: 11/96 loss: 0.4391 acc: 0.8066 time 0.76s
Epoch: 18/150 Iter: 12/96 loss: 0.4205 acc: 0.8157 time 0.70s
Epoch: 18/150 Iter: 13/96 loss: 0.4078 acc: 0.7915 time 0.86s
Epoch: 18/150 Iter: 14/96 loss: 0.3926 acc: 0.8063 time 0.87s
Epoch: 18/150 Iter: 15/96 loss: 0.3854 acc: 0.8126 time 0.72s
Epoch: 18/150 Iter: 16/96 loss: 0.3811 acc: 0.8174 time 0.91s
Epoch: 18/150 Iter: 17/96 loss: 0.3735 acc: 0.8281 time 0.70s
Epoch: 18/150 Iter: 18/96 loss: 0.3766 acc: 0.8284 time 0.73s
Epoch: 18/150 Iter: 19/96 loss: 0.3638 acc: 0.8374 time 0.70s
Epoch: 18/150 Iter: 20/96 loss: 0.3636 acc: 0.8372 time 0.70s
Epoch: 18/150 Iter: 21/96 loss: 0.3828 acc: 0.8212 time 0.77s
Epoch: 18/150 Iter: 22/96 loss: 0.3750 acc: 0.8293 time 0.70s
Epoch: 18/150 Iter: 23/96 loss: 0.3705 acc: 0.8258 time 0.70s
Epoch: 18/150 Iter: 24/96 loss: 0.3857 acc: 0.8169 time 0.87s
Epoch: 18/150 Iter: 25/96 loss: 0.3805 acc: 0.8209 time 0.87s
Epoch: 18/150 Iter: 26/96 loss: 0.3822 acc: 0.8021 time 0.73s
Epoch: 18/150 Iter: 27/96 loss: 0.3825 acc: 0.8048 time 0.92s
Epoch: 18/150 Iter: 28/96 loss: 0.3762 acc: 0.8118 time 0.70s
Epoch: 18/150 Iter: 29/96 loss: 0.3893 acc: 0.8039 time 0.70s
Epoch: 18/150 Iter: 30/96 loss: 0.3874 acc: 0.8021 time 0.87s
Epoch: 18/150 Iter: 31/96 loss: 0.3892 acc: 0.8085 time 0.70s
Epoch: 18/150 Iter: 32/96 loss: 0.3881 acc: 0.7989 time 0.87s
Epoch: 18/150 Iter: 33/96 loss: 0.3777 acc: 0.8050 time 0.92s
Epoch: 18/150 Iter: 34/96 loss: 0.3804 acc: 0.8033 time 0.72s
Epoch: 18/150 Iter: 35/96 loss: 0.3782 acc: 0.8090 time 0.87s
Epoch: 18/150 Iter: 36/96 loss: 0.3999 acc: 0.8004 time 0.71s
Epoch: 18/150 Iter: 37/96 loss: 0.3949 acc: 0.8031 time 0.86s
Epoch: 18/150 Iter: 38/96 loss: 0.3931 acc: 0.8050 time 0.86s
Epoch: 18/150 Iter: 39/96 loss: 0.3954 acc: 0.8057 time 0.70s
Epoch: 18/150 Iter: 40/96 loss: 0.3951 acc: 0.8064 time 0.75s
Epoch: 18/150 Iter: 41/96 loss: 0.3891 acc: 0.8111 time 0.70s
Epoch: 18/150 Iter: 42/96 loss: 0.3839 acc: 0.8116 time 0.70s
Epoch: 18/150 Iter: 43/96 loss: 0.3760 acc: 0.8160 time 0.71s
Epoch: 18/150 Iter: 44/96 loss: 0.3892 acc: 0.8101 time 0.76s
Epoch: 18/150 Iter: 45/96 loss: 0.3876 acc: 0.8115 time 0.94s
Epoch: 18/150 Iter: 46/96 loss: 0.4119 acc: 0.8048 time 0.87s
Epoch: 18/150 Iter: 47/96 loss: 0.4127 acc: 0.8018 time 0.87s
Epoch: 18/150 Iter: 48/96 loss: 0.4194 acc: 0.7990 time 0.73s
Epoch: 18/150 Iter: 49/96 loss: 0.4246 acc: 0.7882 time 0.75s
Epoch: 18/150 Iter: 50/96 loss: 0.4243 acc: 0.7904 time 0.73s
Epoch: 18/150 Iter: 51/96 loss: 0.4313 acc: 0.7822 time 0.77s
Epoch: 18/150 Iter: 52/96 loss: 0.4315 acc: 0.7832 time 0.70s
Epoch: 18/150 Iter: 53/96 loss: 0.4351 acc: 0.7810 time 0.72s
Epoch: 18/150 Iter: 54/96 loss: 0.4344 acc: 0.7820 time 0.87s
Epoch: 18/150 Iter: 55/96 loss: 0.4463 acc: 0.7841 time 0.76s
Epoch: 18/150 Iter: 56/96 loss: 0.4470 acc: 0.7865 time 0.72s
Epoch: 18/150 Iter: 57/96 loss: 0.4421 acc: 0.7903 time 0.86s
Epoch: 18/150 Iter: 58/96 loss: 0.4411 acc: 0.7910 time 0.75s
Epoch: 18/150 Iter: 59/96 loss: 0.4394 acc: 0.7928 time 0.92s
Epoch: 18/150 Iter: 60/96 loss: 0.4389 acc: 0.7935 time 0.87s
Epoch: 18/150 Iter: 61/96 loss: 0.4345 acc: 0.7969 time 0.71s
Epoch: 18/150 Iter: 62/96 loss: 0.4319 acc: 0.7975 time 0.70s
Epoch: 18/150 Iter: 63/96 loss: 0.4364 acc: 0.7948 time 0.76s
Epoch: 18/150 Iter: 64/96 loss: 0.4328 acc: 0.7901 time 0.87s
Epoch: 18/150 Iter: 65/96 loss: 0.4300 acc: 0.7908 time 0.77s
Epoch: 18/150 Iter: 66/96 loss: 0.4310 acc: 0.7940 time 0.78s
Epoch: 18/150 Iter: 67/96 loss: 0.4362 acc: 0.7952 time 0.74s
Epoch: 18/150 Iter: 68/96 loss: 0.4340 acc: 0.7982 time 0.82s
Epoch: 18/150 Iter: 69/96 loss: 0.4354 acc: 0.7975 time 0.78s
Epoch: 18/150 Iter: 70/96 loss: 0.4449 acc: 0.7950 time 0.75s
Epoch: 18/150 Iter: 71/96 loss: 0.4412 acc: 0.7965 time 0.72s
Epoch: 18/150 Iter: 72/96 loss: 0.4366 acc: 0.7947 time 0.77s
Epoch: 18/150 Iter: 73/96 loss: 0.4316 acc: 0.7975 time 0.87s
Epoch: 18/150 Iter: 74/96 loss: 0.4277 acc: 0.8003 time 0.71s
Epoch: 18/150 Iter: 75/96 loss: 0.4281 acc: 0.7967 time 0.86s
Epoch: 18/150 Iter: 76/96 loss: 0.4281 acc: 0.7950 time 0.94s
Epoch: 18/150 Iter: 77/96 loss: 0.4294 acc: 0.7890 time 0.74s
Epoch: 18/150 Iter: 78/96 loss: 0.4284 acc: 0.7903 time 0.72s
Epoch: 18/150 Iter: 79/96 loss: 0.4396 acc: 0.7834 time 0.93s
Epoch: 18/150 Iter: 80/96 loss: 0.4348 acc: 0.7861 time 0.83s
Epoch: 18/150 Iter: 81/96 loss: 0.4334 acc: 0.7867 time 0.70s
Epoch: 18/150 Iter: 82/96 loss: 0.4334 acc: 0.7881 time 0.70s
Epoch: 18/150 Iter: 83/96 loss: 0.4299 acc: 0.7907 time 0.72s
Epoch: 18/150 Iter: 84/96 loss: 0.4351 acc: 0.7852 time 0.69s
Epoch: 18/150 Iter: 85/96 loss: 0.4361 acc: 0.7848 time 0.69s
Epoch: 18/150 Iter: 86/96 loss: 0.4322 acc: 0.7873 time 0.88s
Epoch: 18/150 Iter: 87/96 loss: 0.4294 acc: 0.7898 time 0.70s
Epoch: 18/150 Iter: 88/96 loss: 0.4268 acc: 0.7910 time 0.87s
Epoch: 18/150 Iter: 89/96 loss: 0.4275 acc: 0.7919 time 0.87s
Epoch: 18/150 Iter: 90/96 loss: 0.4244 acc: 0.7943 time 0.86s
Epoch: 18/150 Iter: 91/96 loss: 0.4224 acc: 0.7947 time 0.89s
Epoch: 18/150 Iter: 92/96 loss: 0.4225 acc: 0.7951 time 0.69s
Epoch: 18/150 Iter: 93/96 loss: 0.4225 acc: 0.7973 time 0.89s
Epoch: 18/150 Iter: 94/96 loss: 0.4219 acc: 0.7986 time 0.86s
Epoch: 18/150 Iter: 95/96 loss: 0.4197 acc: 0.8007 time 0.86s
Epoch: 18/150 Iter: 96/96 loss: 0.4173 acc: 0.8028 time 0.88s
[Train epoch 18] avg_loss=0.4173 avg_acc=0.8028 | per-class [c0: 0.825, c1: 0.933, c2: 0.823]
Final training 18/150, loss: 0.4173, time 75.57s, lr: 0.000983
Accuracy: 0.830
class                  precision    recall   specificity      f1   support
--------------------------------------------------------------------------
0                          0.888     0.825         0.902   0.856       280
1                          0.549     0.933         0.958   0.691        30
2                          0.826     0.823         0.852   0.825       266
*----------------------------------------*
Val 18/150 1/24, Acc: 0.5000, Loss: 3.8820, time 0.67s
Val 18/150 2/24, Acc: 0.5278, Loss: 2.1662, time 0.67s
Val 18/150 3/24, Acc: 0.6852, Loss: 1.5487, time 0.72s
Val 18/150 4/24, Acc: 0.7326, Loss: 1.2413, time 0.67s
Val 18/150 5/24, Acc: 0.6861, Loss: 1.1315, time 0.68s
Val 18/150 6/24, Acc: 0.7176, Loss: 1.0079, time 0.67s
Val 18/150 7/24, Acc: 0.6865, Loss: 0.9615, time 0.67s
Val 18/150 8/24, Acc: 0.7101, Loss: 0.8767, time 0.67s
Val 18/150 9/24, Acc: 0.6978, Loss: 0.8168, time 0.67s
Val 18/150 10/24, Acc: 0.7281, Loss: 0.7502, time 0.67s
Val 18/150 11/24, Acc: 0.7073, Loss: 0.7747, time 0.67s
Val 18/150 12/24, Acc: 0.6831, Loss: 0.7416, time 0.67s
Val 18/150 13/24, Acc: 0.6690, Loss: 0.7352, time 0.67s
Val 18/150 14/24, Acc: 0.6659, Loss: 0.7209, time 0.67s
Val 18/150 15/24, Acc: 0.6770, Loss: 0.7127, time 0.67s
Val 18/150 16/24, Acc: 0.6972, Loss: 0.6799, time 0.67s
Val 18/150 17/24, Acc: 0.7077, Loss: 0.6641, time 0.67s
Val 18/150 18/24, Acc: 0.7170, Loss: 0.6475, time 0.67s
Val 18/150 19/24, Acc: 0.7266, Loss: 0.6298, time 0.69s
Val 18/150 20/24, Acc: 0.7181, Loss: 0.6401, time 0.67s
Val 18/150 21/24, Acc: 0.7196, Loss: 0.6342, time 0.67s
Val 18/150 22/24, Acc: 0.7172, Loss: 0.6280, time 0.67s
Val 18/150 23/24, Acc: 0.7150, Loss: 0.7563, time 0.67s
Val 18/150 24/24, Acc: 0.7269, Loss: 0.7295, time 0.67s
[Val epoch 18] avg_acc=0.7269 | avg_loss=0.7295 | per-class [c0: 0.900, c1: 0.625, c2: 0.727]
Final validation 18/150, Val_acc: 0.7269, time 16.13sAccuracy: 0.806
class                  precision    recall   specificity      f1   support
--------------------------------------------------------------------------
0                          0.808     0.900         0.797   0.851        70
1                          0.500     0.625         0.963   0.556         8
2                          0.857     0.727         0.897   0.787        66
*========================================*
Saving checkpoint outputs/OrganoidsINRIA_XYZ_thinning_128/swinunetr/2026-02-23-11-31/training/model_final.pt
[EarlyStopping] no improve (3/40)
[EarlyStopping] no improve (1/40)
0 Mon Feb 23 11:57:54 2026 Epoch: 19
Epoch: 19/150 Iter: 1/96 loss: 0.4454 acc: 0.8889 time 1.17s
Epoch: 19/150 Iter: 2/96 loss: 0.5688 acc: 0.7944 time 0.76s
Epoch: 19/150 Iter: 3/96 loss: 0.4712 acc: 0.8630 time 0.82s
Epoch: 19/150 Iter: 4/96 loss: 0.3910 acc: 0.8694 time 0.87s
Epoch: 19/150 Iter: 5/96 loss: 0.3804 acc: 0.8733 time 0.74s
Epoch: 19/150 Iter: 6/96 loss: 0.3263 acc: 0.8944 time 0.88s
Epoch: 19/150 Iter: 7/96 loss: 0.3274 acc: 0.9095 time 0.74s
Epoch: 19/150 Iter: 8/96 loss: 0.3046 acc: 0.8708 time 0.77s
Epoch: 19/150 Iter: 9/96 loss: 0.2930 acc: 0.8481 time 0.87s
Epoch: 19/150 Iter: 10/96 loss: 0.2813 acc: 0.8633 time 0.87s
Epoch: 19/150 Iter: 11/96 loss: 0.2686 acc: 0.8606 time 0.77s
Epoch: 19/150 Iter: 12/96 loss: 0.2727 acc: 0.8352 time 0.72s
Epoch: 19/150 Iter: 13/96 loss: 0.2819 acc: 0.8051 time 0.87s
Epoch: 19/150 Iter: 14/96 loss: 0.3141 acc: 0.7857 time 0.70s
Epoch: 19/150 Iter: 15/96 loss: 0.3035 acc: 0.7926 time 0.73s
Epoch: 19/150 Iter: 16/96 loss: 0.3004 acc: 0.7977 time 0.76s
Epoch: 19/150 Iter: 17/96 loss: 0.3413 acc: 0.7704 time 0.87s
Epoch: 19/150 Iter: 18/96 loss: 0.3384 acc: 0.7832 time 0.87s
Epoch: 19/150 Iter: 19/96 loss: 0.3600 acc: 0.7683 time 0.77s
Epoch: 19/150 Iter: 20/96 loss: 0.3604 acc: 0.7749 time 0.76s
Epoch: 19/150 Iter: 21/96 loss: 0.3749 acc: 0.7776 time 0.89s
Epoch: 19/150 Iter: 22/96 loss: 0.3870 acc: 0.7787 time 0.70s
Epoch: 19/150 Iter: 23/96 loss: 0.3911 acc: 0.7629 time 0.87s
Epoch: 19/150 Iter: 24/96 loss: 0.4461 acc: 0.7554 time 0.70s
Epoch: 19/150 Iter: 25/96 loss: 0.4541 acc: 0.7586 time 0.70s
Epoch: 19/150 Iter: 26/96 loss: 0.4418 acc: 0.7678 time 0.86s
Epoch: 19/150 Iter: 27/96 loss: 0.4273 acc: 0.7764 time 0.87s
Epoch: 19/150 Iter: 28/96 loss: 0.4254 acc: 0.7809 time 0.87s
Epoch: 19/150 Iter: 29/96 loss: 0.4199 acc: 0.7884 time 0.87s
Epoch: 19/150 Iter: 30/96 loss: 0.4675 acc: 0.7695 time 0.87s
Epoch: 19/150 Iter: 31/96 loss: 0.4694 acc: 0.7689 time 0.75s
Epoch: 19/150 Iter: 32/96 loss: 0.4607 acc: 0.7761 time 0.93s
Epoch: 19/150 Iter: 33/96 loss: 0.4599 acc: 0.7779 time 0.70s
Epoch: 19/150 Iter: 34/96 loss: 0.4560 acc: 0.7811 time 0.73s
Epoch: 19/150 Iter: 35/96 loss: 0.4570 acc: 0.7767 time 0.91s
Epoch: 19/150 Iter: 36/96 loss: 0.4541 acc: 0.7721 time 0.87s
Epoch: 19/150 Iter: 37/96 loss: 0.4555 acc: 0.7681 time 0.72s
Epoch: 19/150 Iter: 38/96 loss: 0.4607 acc: 0.7654 time 0.87s
Epoch: 19/150 Iter: 39/96 loss: 0.4558 acc: 0.7714 time 0.71s
Epoch: 19/150 Iter: 40/96 loss: 0.4494 acc: 0.7709 time 0.86s
Epoch: 19/150 Iter: 41/96 loss: 0.4571 acc: 0.7643 time 0.80s
Epoch: 19/150 Iter: 42/96 loss: 0.4698 acc: 0.7560 time 0.93s
Epoch: 19/150 Iter: 43/96 loss: 0.4663 acc: 0.7559 time 0.73s
Epoch: 19/150 Iter: 44/96 loss: 0.4637 acc: 0.7586 time 0.86s
Epoch: 19/150 Iter: 45/96 loss: 0.4609 acc: 0.7615 time 0.72s
Epoch: 19/150 Iter: 46/96 loss: 0.4566 acc: 0.7643 time 0.87s
Epoch: 19/150 Iter: 47/96 loss: 0.4516 acc: 0.7675 time 0.71s
Epoch: 19/150 Iter: 48/96 loss: 0.4540 acc: 0.7654 time 0.75s
Epoch: 19/150 Iter: 49/96 loss: 0.4562 acc: 0.7600 time 0.73s
Epoch: 19/150 Iter: 50/96 loss: 0.4540 acc: 0.7531 time 0.73s
Epoch: 19/150 Iter: 51/96 loss: 0.4510 acc: 0.7580 time 0.94s
Epoch: 19/150 Iter: 52/96 loss: 0.4517 acc: 0.7485 time 0.70s
Epoch: 19/150 Iter: 53/96 loss: 0.4467 acc: 0.7517 time 0.87s
Epoch: 19/150 Iter: 54/96 loss: 0.4506 acc: 0.7455 time 0.74s
Epoch: 19/150 Iter: 55/96 loss: 0.4451 acc: 0.7501 time 0.70s
Epoch: 19/150 Iter: 56/96 loss: 0.4412 acc: 0.7546 time 0.76s
Epoch: 19/150 Iter: 57/96 loss: 0.4361 acc: 0.7589 time 0.86s
Epoch: 19/150 Iter: 58/96 loss: 0.4466 acc: 0.7515 time 0.76s
Epoch: 19/150 Iter: 59/96 loss: 0.4448 acc: 0.7536 time 0.79s
Epoch: 19/150 Iter: 60/96 loss: 0.4613 acc: 0.7522 time 0.87s
Epoch: 19/150 Iter: 61/96 loss: 0.4622 acc: 0.7521 time 0.86s
Epoch: 19/150 Iter: 62/96 loss: 0.4696 acc: 0.7521 time 0.72s
Epoch: 19/150 Iter: 63/96 loss: 0.4642 acc: 0.7560 time 0.90s
Epoch: 19/150 Iter: 64/96 loss: 0.4608 acc: 0.7572 time 0.75s
Epoch: 19/150 Iter: 65/96 loss: 0.4896 acc: 0.7546 time 0.69s
Epoch: 19/150 Iter: 66/96 loss: 0.4903 acc: 0.7549 time 0.87s
Epoch: 19/150 Iter: 67/96 loss: 0.4875 acc: 0.7519 time 0.71s
Epoch: 19/150 Iter: 68/96 loss: 0.4896 acc: 0.7531 time 0.75s
Epoch: 19/150 Iter: 69/96 loss: 0.4932 acc: 0.7471 time 0.74s
Epoch: 19/150 Iter: 70/96 loss: 0.4939 acc: 0.7483 time 0.87s
Epoch: 19/150 Iter: 71/96 loss: 0.4886 acc: 0.7518 time 0.93s
Epoch: 19/150 Iter: 72/96 loss: 0.4857 acc: 0.7530 time 0.87s
Epoch: 19/150 Iter: 73/96 loss: 0.4859 acc: 0.7503 time 0.75s
Epoch: 19/150 Iter: 74/96 loss: 0.4875 acc: 0.7446 time 0.87s
Epoch: 19/150 Iter: 75/96 loss: 0.4818 acc: 0.7480 time 0.87s
Epoch: 19/150 Iter: 76/96 loss: 0.4842 acc: 0.7481 time 0.74s
Epoch: 19/150 Iter: 77/96 loss: 0.4820 acc: 0.7503 time 0.76s
Epoch: 19/150 Iter: 78/96 loss: 0.4787 acc: 0.7535 time 0.87s
Epoch: 19/150 Iter: 79/96 loss: 0.4807 acc: 0.7513 time 0.77s
Epoch: 19/150 Iter: 80/96 loss: 0.4796 acc: 0.7530 time 0.70s
Epoch: 19/150 Iter: 81/96 loss: 0.4808 acc: 0.7540 time 0.69s
Epoch: 19/150 Iter: 82/96 loss: 0.4820 acc: 0.7558 time 0.70s
Epoch: 19/150 Iter: 83/96 loss: 0.4785 acc: 0.7539 time 0.86s
Epoch: 19/150 Iter: 84/96 loss: 0.4764 acc: 0.7557 time 0.85s
Epoch: 19/150 Iter: 85/96 loss: 0.4736 acc: 0.7571 time 0.86s
Epoch: 19/150 Iter: 86/96 loss: 0.4720 acc: 0.7570 time 0.70s
Epoch: 19/150 Iter: 87/96 loss: 0.4680 acc: 0.7598 time 0.70s
Epoch: 19/150 Iter: 88/96 loss: 0.4694 acc: 0.7559 time 0.86s
Epoch: 19/150 Iter: 89/96 loss: 0.4691 acc: 0.7586 time 0.85s
Epoch: 19/150 Iter: 90/96 loss: 0.4674 acc: 0.7613 time 0.69s
Epoch: 19/150 Iter: 91/96 loss: 0.4670 acc: 0.7621 time 0.70s
Epoch: 19/150 Iter: 92/96 loss: 0.4694 acc: 0.7611 time 0.86s
Epoch: 19/150 Iter: 93/96 loss: 0.4662 acc: 0.7636 time 0.87s
Epoch: 19/150 Iter: 94/96 loss: 0.4656 acc: 0.7651 time 0.85s
Epoch: 19/150 Iter: 95/96 loss: 0.4647 acc: 0.7662 time 0.86s
Epoch: 19/150 Iter: 96/96 loss: 0.4622 acc: 0.7687 time 0.70s
[Train epoch 19] avg_loss=0.4622 avg_acc=0.7687 | per-class [c0: 0.829, c1: 0.833, c2: 0.789]
Final training 19/150, loss: 0.4622, time 77.05s, lr: 0.000980
Accuracy: 0.811
class                  precision    recall   specificity      f1   support
--------------------------------------------------------------------------
0                          0.856     0.829         0.868   0.842       280
1                          0.500     0.833         0.954   0.625        30
2                          0.824     0.789         0.855   0.806       266
*----------------------------------------*
0 Mon Feb 23 11:59:11 2026 Epoch: 20
Epoch: 20/150 Iter: 1/96 loss: 0.3645 acc: 0.8750 time 1.30s
Epoch: 20/150 Iter: 2/96 loss: 0.7778 acc: 0.5208 time 0.70s
Epoch: 20/150 Iter: 3/96 loss: 0.6905 acc: 0.6250 time 0.70s
Epoch: 20/150 Iter: 4/96 loss: 0.5846 acc: 0.6979 time 0.87s
Epoch: 20/150 Iter: 5/96 loss: 0.9239 acc: 0.6694 time 0.71s
Epoch: 20/150 Iter: 6/96 loss: 0.8161 acc: 0.7037 time 0.69s
Epoch: 20/150 Iter: 7/96 loss: 0.7937 acc: 0.6889 time 0.87s
Epoch: 20/150 Iter: 8/96 loss: 0.7670 acc: 0.6965 time 0.78s
Epoch: 20/150 Iter: 9/96 loss: 0.7352 acc: 0.6488 time 0.70s
Epoch: 20/150 Iter: 10/96 loss: 0.7536 acc: 0.6394 time 0.75s
Epoch: 20/150 Iter: 11/96 loss: 0.6959 acc: 0.6722 time 0.87s
Epoch: 20/150 Iter: 12/96 loss: 0.6761 acc: 0.6787 time 0.87s
Epoch: 20/150 Iter: 13/96 loss: 0.6584 acc: 0.7034 time 0.87s
Epoch: 20/150 Iter: 14/96 loss: 0.6248 acc: 0.7246 time 0.71s
Epoch: 20/150 Iter: 15/96 loss: 0.5999 acc: 0.7244 time 0.71s
Epoch: 20/150 Iter: 16/96 loss: 0.6319 acc: 0.6896 time 0.87s
Epoch: 20/150 Iter: 17/96 loss: 0.6084 acc: 0.6980 time 0.88s
Epoch: 20/150 Iter: 18/96 loss: 0.5861 acc: 0.6994 time 0.70s
Epoch: 20/150 Iter: 19/96 loss: 0.5865 acc: 0.7047 time 0.70s
Epoch: 20/150 Iter: 20/96 loss: 0.5892 acc: 0.7069 time 0.86s
Epoch: 20/150 Iter: 21/96 loss: 0.5850 acc: 0.6971 time 0.75s
Epoch: 20/150 Iter: 22/96 loss: 0.5712 acc: 0.7033 time 0.94s
Epoch: 20/150 Iter: 23/96 loss: 0.5536 acc: 0.7162 time 0.70s
Epoch: 20/150 Iter: 24/96 loss: 0.5403 acc: 0.7211 time 0.87s
Epoch: 20/150 Iter: 25/96 loss: 0.5222 acc: 0.7322 time 0.72s
Epoch: 20/150 Iter: 26/96 loss: 0.5543 acc: 0.7169 time 0.70s
Epoch: 20/150 Iter: 27/96 loss: 0.5668 acc: 0.7212 time 0.75s
Epoch: 20/150 Iter: 28/96 loss: 0.5586 acc: 0.7192 time 0.75s
Epoch: 20/150 Iter: 29/96 loss: 0.5657 acc: 0.7059 time 0.76s
Epoch: 20/150 Iter: 30/96 loss: 0.5796 acc: 0.6972 time 0.87s
Epoch: 20/150 Iter: 31/96 loss: 0.5668 acc: 0.7070 time 0.86s
Epoch: 20/150 Iter: 32/96 loss: 0.5657 acc: 0.7130 time 0.71s
Epoch: 20/150 Iter: 33/96 loss: 0.5575 acc: 0.7167 time 0.87s
Epoch: 20/150 Iter: 34/96 loss: 0.5445 acc: 0.7225 time 0.87s
Epoch: 20/150 Iter: 35/96 loss: 0.5485 acc: 0.7257 time 0.87s
Epoch: 20/150 Iter: 36/96 loss: 0.5529 acc: 0.7218 time 0.86s
Epoch: 20/150 Iter: 37/96 loss: 0.5426 acc: 0.7293 time 0.71s
Epoch: 20/150 Iter: 38/96 loss: 0.5585 acc: 0.7276 time 0.87s
Epoch: 20/150 Iter: 39/96 loss: 0.5505 acc: 0.7346 time 0.74s
Epoch: 20/150 Iter: 40/96 loss: 0.5474 acc: 0.7343 time 0.92s
Epoch: 20/150 Iter: 41/96 loss: 0.5421 acc: 0.7408 time 0.87s
Epoch: 20/150 Iter: 42/96 loss: 0.5459 acc: 0.7370 time 0.78s
Epoch: 20/150 Iter: 43/96 loss: 0.5389 acc: 0.7393 time 0.87s
Epoch: 20/150 Iter: 44/96 loss: 0.5509 acc: 0.7301 time 0.75s
Epoch: 20/150 Iter: 45/96 loss: 0.5492 acc: 0.7249 time 0.70s
Epoch: 20/150 Iter: 46/96 loss: 0.5443 acc: 0.7273 time 0.94s
Epoch: 20/150 Iter: 47/96 loss: 0.5613 acc: 0.7242 time 0.74s
Epoch: 20/150 Iter: 48/96 loss: 0.5692 acc: 0.7196 time 0.87s
Epoch: 20/150 Iter: 49/96 loss: 0.5662 acc: 0.7151 time 0.86s
Epoch: 20/150 Iter: 50/96 loss: 0.5640 acc: 0.7174 time 0.87s
Epoch: 20/150 Iter: 51/96 loss: 0.5599 acc: 0.7210 time 0.69s
Epoch: 20/150 Iter: 52/96 loss: 0.5582 acc: 0.7168 time 0.87s
Epoch: 20/150 Iter: 53/96 loss: 0.5565 acc: 0.7183 time 0.87s
Epoch: 20/150 Iter: 54/96 loss: 0.5514 acc: 0.7236 time 0.72s
Epoch: 20/150 Iter: 55/96 loss: 0.5456 acc: 0.7240 time 0.87s
Epoch: 20/150 Iter: 56/96 loss: 0.5435 acc: 0.7230 time 0.71s
Epoch: 20/150 Iter: 57/96 loss: 0.5397 acc: 0.7206 time 0.69s
Epoch: 20/150 Iter: 58/96 loss: 0.5423 acc: 0.7158 time 0.70s
Epoch: 20/150 Iter: 59/96 loss: 0.5364 acc: 0.7206 time 0.70s
Epoch: 20/150 Iter: 60/96 loss: 0.5370 acc: 0.7236 time 0.71s
Epoch: 20/150 Iter: 61/96 loss: 0.5321 acc: 0.7281 time 0.70s
Epoch: 20/150 Iter: 62/96 loss: 0.5249 acc: 0.7325 time 0.78s
Epoch: 20/150 Iter: 63/96 loss: 0.5290 acc: 0.7262 time 0.74s
Epoch: 20/150 Iter: 64/96 loss: 0.5342 acc: 0.7273 time 0.86s
Epoch: 20/150 Iter: 65/96 loss: 0.5314 acc: 0.7290 time 0.87s
Epoch: 20/150 Iter: 66/96 loss: 0.5309 acc: 0.7280 time 0.87s
Epoch: 20/150 Iter: 67/96 loss: 0.5254 acc: 0.7284 time 0.86s
Epoch: 20/150 Iter: 68/96 loss: 0.5282 acc: 0.7262 time 0.70s
Epoch: 20/150 Iter: 69/96 loss: 0.5241 acc: 0.7302 time 0.72s
Epoch: 20/150 Iter: 70/96 loss: 0.5270 acc: 0.7293 time 0.88s
Epoch: 20/150 Iter: 71/96 loss: 0.5269 acc: 0.7331 time 0.69s
Epoch: 20/150 Iter: 72/96 loss: 0.5275 acc: 0.7345 time 0.87s
Epoch: 20/150 Iter: 73/96 loss: 0.5275 acc: 0.7313 time 0.86s
Epoch: 20/150 Iter: 74/96 loss: 0.5215 acc: 0.7349 time 0.70s
Epoch: 20/150 Iter: 75/96 loss: 0.5162 acc: 0.7384 time 0.76s
Epoch: 20/150 Iter: 76/96 loss: 0.5139 acc: 0.7382 time 0.87s
Epoch: 20/150 Iter: 77/96 loss: 0.5087 acc: 0.7416 time 0.81s
Epoch: 20/150 Iter: 78/96 loss: 0.5030 acc: 0.7449 time 0.75s
Epoch: 20/150 Iter: 79/96 loss: 0.4990 acc: 0.7482 time 0.87s
Epoch: 20/150 Iter: 80/96 loss: 0.5125 acc: 0.7444 time 0.89s
Epoch: 20/150 Iter: 81/96 loss: 0.5092 acc: 0.7414 time 0.69s
Epoch: 20/150 Iter: 82/96 loss: 0.5057 acc: 0.7445 time 0.70s
Epoch: 20/150 Iter: 83/96 loss: 0.5020 acc: 0.7476 time 0.73s
Epoch: 20/150 Iter: 84/96 loss: 0.5060 acc: 0.7466 time 0.69s
Epoch: 20/150 Iter: 85/96 loss: 0.5011 acc: 0.7496 time 0.71s
Epoch: 20/150 Iter: 86/96 loss: 0.5128 acc: 0.7448 time 0.71s
Epoch: 20/150 Iter: 87/96 loss: 0.5115 acc: 0.7466 time 0.69s
Epoch: 20/150 Iter: 88/96 loss: 0.5085 acc: 0.7469 time 0.86s
Epoch: 20/150 Iter: 89/96 loss: 0.5093 acc: 0.7408 time 0.87s
Epoch: 20/150 Iter: 90/96 loss: 0.5069 acc: 0.7436 time 0.89s
Epoch: 20/150 Iter: 91/96 loss: 0.5026 acc: 0.7452 time 0.88s
Epoch: 20/150 Iter: 92/96 loss: 0.5023 acc: 0.7439 time 0.69s
Epoch: 20/150 Iter: 93/96 loss: 0.4999 acc: 0.7440 time 0.86s
Epoch: 20/150 Iter: 94/96 loss: 0.5037 acc: 0.7432 time 0.86s
Epoch: 20/150 Iter: 95/96 loss: 0.5010 acc: 0.7459 time 0.89s
Epoch: 20/150 Iter: 96/96 loss: 0.5009 acc: 0.7451 time 0.86s
[Train epoch 20] avg_loss=0.5009 avg_acc=0.7451 | per-class [c0: 0.793, c1: 0.767, c2: 0.812]
Final training 20/150, loss: 0.5009, time 76.62s, lr: 0.000977
Accuracy: 0.800
class                  precision    recall   specificity      f1   support
--------------------------------------------------------------------------
0                          0.847     0.793         0.865   0.819       280
1                          0.489     0.767         0.956   0.597        30
2                          0.809     0.812         0.835   0.811       266
*----------------------------------------*
Val 20/150 1/24, Acc: 0.5000, Loss: 3.0084, time 0.68s
Val 20/150 2/24, Acc: 0.5278, Loss: 1.8596, time 0.67s
Val 20/150 3/24, Acc: 0.5926, Loss: 1.3774, time 0.68s
Val 20/150 4/24, Acc: 0.6944, Loss: 1.0464, time 0.67s
Val 20/150 5/24, Acc: 0.7556, Loss: 0.8865, time 0.67s
Val 20/150 6/24, Acc: 0.7963, Loss: 0.7598, time 0.67s
Val 20/150 7/24, Acc: 0.7659, Loss: 0.7703, time 0.67s
Val 20/150 8/24, Acc: 0.7951, Loss: 0.6968, time 0.67s
Val 20/150 9/24, Acc: 0.7735, Loss: 0.6309, time 0.67s
Val 20/150 10/24, Acc: 0.7761, Loss: 0.6196, time 0.70s
Val 20/150 11/24, Acc: 0.7965, Loss: 0.5869, time 0.67s
Val 20/150 12/24, Acc: 0.7648, Loss: 0.5696, time 0.67s
Val 20/150 13/24, Acc: 0.7444, Loss: 0.5856, time 0.67s
Val 20/150 14/24, Acc: 0.7448, Loss: 0.5760, time 0.67s
Val 20/150 15/24, Acc: 0.7341, Loss: 0.5716, time 0.67s
Val 20/150 16/24, Acc: 0.7444, Loss: 0.5538, time 0.67s
Val 20/150 17/24, Acc: 0.7595, Loss: 0.5309, time 0.69s
Val 20/150 18/24, Acc: 0.7659, Loss: 0.5255, time 0.67s
Val 20/150 19/24, Acc: 0.7730, Loss: 0.5195, time 0.67s
Val 20/150 20/24, Acc: 0.7565, Loss: 0.5567, time 0.67s
Val 20/150 21/24, Acc: 0.7681, Loss: 0.5378, time 0.67s
Val 20/150 22/24, Acc: 0.7635, Loss: 0.5387, time 0.67s
Val 20/150 23/24, Acc: 0.7521, Loss: 0.6094, time 0.67s
Val 20/150 24/24, Acc: 0.7508, Loss: 0.5967, time 0.67s
[Val epoch 20] avg_acc=0.7508 | avg_loss=0.5967 | per-class [c0: 0.771, c1: 0.750, c2: 0.879]
Final validation 20/150, Val_acc: 0.7508, time 16.10sAccuracy: 0.819
class                  precision    recall   specificity      f1   support
--------------------------------------------------------------------------
0                          0.982     0.771         0.986   0.864        70
1                          0.429     0.750         0.941   0.545         8
2                          0.773     0.879         0.782   0.823        66
*========================================*
New best (0.747917 --> 0.750810)
Saving checkpoint outputs/OrganoidsINRIA_XYZ_thinning_128/swinunetr/2026-02-23-11-31/training/model_final.pt
Copying best model to best_model.pt
[EarlyStopping] no improve (4/40)
[EarlyStopping] improved to 0.596677
0 Mon Feb 23 12:00:54 2026 Epoch: 21
Epoch: 21/150 Iter: 1/96 loss: 0.1766 acc: 1.0000 time 1.00s
Epoch: 21/150 Iter: 2/96 loss: 0.1375 acc: 1.0000 time 0.87s
Epoch: 21/150 Iter: 3/96 loss: 0.1734 acc: 0.8519 time 0.86s
Epoch: 21/150 Iter: 4/96 loss: 0.1563 acc: 0.8889 time 0.86s
Epoch: 21/150 Iter: 5/96 loss: 0.1492 acc: 0.9111 time 0.86s
Epoch: 21/150 Iter: 6/96 loss: 0.2075 acc: 0.9051 time 0.76s
Epoch: 21/150 Iter: 7/96 loss: 0.2837 acc: 0.8710 time 0.77s
Epoch: 21/150 Iter: 8/96 loss: 0.2638 acc: 0.8872 time 0.86s
Epoch: 21/150 Iter: 9/96 loss: 0.3576 acc: 0.8688 time 0.72s
Epoch: 21/150 Iter: 10/96 loss: 0.3944 acc: 0.8319 time 0.77s
Epoch: 21/150 Iter: 11/96 loss: 0.3884 acc: 0.8359 time 0.79s
Epoch: 21/150 Iter: 12/96 loss: 0.3777 acc: 0.8495 time 0.72s
Epoch: 21/150 Iter: 13/96 loss: 0.3749 acc: 0.8419 time 0.86s
Epoch: 21/150 Iter: 14/96 loss: 0.3659 acc: 0.8532 time 0.74s
Epoch: 21/150 Iter: 15/96 loss: 0.3604 acc: 0.8630 time 0.75s
Epoch: 21/150 Iter: 16/96 loss: 0.3540 acc: 0.8715 time 0.71s
Epoch: 21/150 Iter: 17/96 loss: 0.3496 acc: 0.8725 time 0.87s
Epoch: 21/150 Iter: 18/96 loss: 0.3395 acc: 0.8796 time 0.87s
Epoch: 21/150 Iter: 19/96 loss: 0.3379 acc: 0.8860 time 0.87s
Epoch: 21/150 Iter: 20/96 loss: 0.3353 acc: 0.8917 time 0.77s
Epoch: 21/150 Iter: 21/96 loss: 0.3314 acc: 0.8968 time 0.87s
Epoch: 21/150 Iter: 22/96 loss: 0.3293 acc: 0.8939 time 0.77s
Epoch: 21/150 Iter: 23/96 loss: 0.3316 acc: 0.8931 time 0.70s
Epoch: 21/150 Iter: 24/96 loss: 0.3272 acc: 0.8934 time 0.86s
Epoch: 21/150 Iter: 25/96 loss: 0.3162 acc: 0.8977 time 0.88s
Epoch: 21/150 Iter: 26/96 loss: 0.3101 acc: 0.9016 time 0.86s
Epoch: 21/150 Iter: 27/96 loss: 0.3111 acc: 0.8991 time 0.86s
Epoch: 21/150 Iter: 28/96 loss: 0.3302 acc: 0.8759 time 0.72s
Epoch: 21/150 Iter: 29/96 loss: 0.3220 acc: 0.8802 time 0.87s
Epoch: 21/150 Iter: 30/96 loss: 0.3461 acc: 0.8647 time 0.79s
Epoch: 21/150 Iter: 31/96 loss: 0.3486 acc: 0.8556 time 0.87s
Epoch: 21/150 Iter: 32/96 loss: 0.3610 acc: 0.8393 time 0.93s
Epoch: 21/150 Iter: 33/96 loss: 0.3705 acc: 0.8260 time 0.87s
Epoch: 21/150 Iter: 34/96 loss: 0.3610 acc: 0.8311 time 0.87s
Epoch: 21/150 Iter: 35/96 loss: 0.3682 acc: 0.8150 time 0.70s
Epoch: 21/150 Iter: 36/96 loss: 0.3814 acc: 0.8140 time 0.87s
Epoch: 21/150 Iter: 37/96 loss: 0.3796 acc: 0.8115 time 0.92s
Epoch: 21/150 Iter: 38/96 loss: 0.3746 acc: 0.8121 time 0.74s
Epoch: 21/150 Iter: 39/96 loss: 0.3678 acc: 0.8169 time 0.87s
Epoch: 21/150 Iter: 40/96 loss: 0.3777 acc: 0.8090 time 0.87s
Epoch: 21/150 Iter: 41/96 loss: 0.3793 acc: 0.8075 time 0.87s
Epoch: 21/150 Iter: 42/96 loss: 0.3875 acc: 0.7962 time 0.69s
Epoch: 21/150 Iter: 43/96 loss: 0.3854 acc: 0.7874 time 0.87s
Epoch: 21/150 Iter: 44/96 loss: 0.3833 acc: 0.7894 time 0.73s
Epoch: 21/150 Iter: 45/96 loss: 0.3857 acc: 0.7919 time 0.87s
Epoch: 21/150 Iter: 46/96 loss: 0.3937 acc: 0.7855 time 0.75s
Epoch: 21/150 Iter: 47/96 loss: 0.3996 acc: 0.7806 time 0.72s
Epoch: 21/150 Iter: 48/96 loss: 0.3972 acc: 0.7852 time 0.70s
Epoch: 21/150 Iter: 49/96 loss: 0.3953 acc: 0.7862 time 0.69s
Epoch: 21/150 Iter: 50/96 loss: 0.3983 acc: 0.7824 time 0.70s
Epoch: 21/150 Iter: 51/96 loss: 0.4028 acc: 0.7802 time 0.70s
Epoch: 21/150 Iter: 52/96 loss: 0.4023 acc: 0.7806 time 0.74s
Epoch: 21/150 Iter: 53/96 loss: 0.4095 acc: 0.7784 time 0.94s
Epoch: 21/150 Iter: 54/96 loss: 0.4049 acc: 0.7825 time 0.70s
Epoch: 21/150 Iter: 55/96 loss: 0.3997 acc: 0.7865 time 0.93s
Epoch: 21/150 Iter: 56/96 loss: 0.4156 acc: 0.7813 time 0.69s
Epoch: 21/150 Iter: 57/96 loss: 0.4118 acc: 0.7823 time 0.88s
Epoch: 21/150 Iter: 58/96 loss: 0.4108 acc: 0.7764 time 0.86s
Epoch: 21/150 Iter: 59/96 loss: 0.4070 acc: 0.7802 time 0.87s
Epoch: 21/150 Iter: 60/96 loss: 0.4033 acc: 0.7839 time 0.73s
Epoch: 21/150 Iter: 61/96 loss: 0.4041 acc: 0.7854 time 0.76s
Epoch: 21/150 Iter: 62/96 loss: 0.3999 acc: 0.7888 time 0.71s
Epoch: 21/150 Iter: 63/96 loss: 0.3949 acc: 0.7922 time 0.87s
Epoch: 21/150 Iter: 64/96 loss: 0.3964 acc: 0.7863 time 0.70s
Epoch: 21/150 Iter: 65/96 loss: 0.4030 acc: 0.7811 time 0.88s
Epoch: 21/150 Iter: 66/96 loss: 0.3993 acc: 0.7819 time 0.74s
Epoch: 21/150 Iter: 67/96 loss: 0.4079 acc: 0.7732 time 0.79s
Epoch: 21/150 Iter: 68/96 loss: 0.4168 acc: 0.7696 time 0.74s
Epoch: 21/150 Iter: 69/96 loss: 0.4194 acc: 0.7701 time 0.78s
Epoch: 21/150 Iter: 70/96 loss: 0.4221 acc: 0.7680 time 0.87s
Epoch: 21/150 Iter: 71/96 loss: 0.4194 acc: 0.7713 time 0.75s
Epoch: 21/150 Iter: 72/96 loss: 0.4164 acc: 0.7731 time 0.70s
Epoch: 21/150 Iter: 73/96 loss: 0.4141 acc: 0.7747 time 0.72s
Epoch: 21/150 Iter: 74/96 loss: 0.4111 acc: 0.7743 time 0.94s
Epoch: 21/150 Iter: 75/96 loss: 0.4128 acc: 0.7684 time 0.75s
Epoch: 21/150 Iter: 76/96 loss: 0.4099 acc: 0.7693 time 0.86s
Epoch: 21/150 Iter: 77/96 loss: 0.4117 acc: 0.7690 time 0.70s
Epoch: 21/150 Iter: 78/96 loss: 0.4168 acc: 0.7667 time 0.70s
Epoch: 21/150 Iter: 79/96 loss: 0.4137 acc: 0.7696 time 0.86s
Epoch: 21/150 Iter: 80/96 loss: 0.4124 acc: 0.7713 time 0.77s
Epoch: 21/150 Iter: 81/96 loss: 0.4093 acc: 0.7730 time 0.69s
Epoch: 21/150 Iter: 82/96 loss: 0.4144 acc: 0.7722 time 0.69s
Epoch: 21/150 Iter: 83/96 loss: 0.4243 acc: 0.7637 time 0.86s
Epoch: 21/150 Iter: 84/96 loss: 0.4296 acc: 0.7612 time 0.69s
Epoch: 21/150 Iter: 85/96 loss: 0.4285 acc: 0.7571 time 0.69s
Epoch: 21/150 Iter: 86/96 loss: 0.4253 acc: 0.7580 time 0.70s
Epoch: 21/150 Iter: 87/96 loss: 0.4263 acc: 0.7595 time 0.71s
Epoch: 21/150 Iter: 88/96 loss: 0.4301 acc: 0.7556 time 0.86s
Epoch: 21/150 Iter: 89/96 loss: 0.4285 acc: 0.7572 time 0.86s
Epoch: 21/150 Iter: 90/96 loss: 0.4304 acc: 0.7548 time 0.86s
Epoch: 21/150 Iter: 91/96 loss: 0.4296 acc: 0.7533 time 0.86s
Epoch: 21/150 Iter: 92/96 loss: 0.4272 acc: 0.7512 time 0.69s
Epoch: 21/150 Iter: 93/96 loss: 0.4248 acc: 0.7539 time 0.86s
Epoch: 21/150 Iter: 94/96 loss: 0.4241 acc: 0.7554 time 0.86s
Epoch: 21/150 Iter: 95/96 loss: 0.4355 acc: 0.7527 time 0.70s
Epoch: 21/150 Iter: 96/96 loss: 0.4336 acc: 0.7553 time 0.87s
[Train epoch 21] avg_loss=0.4336 avg_acc=0.7553 | per-class [c0: 0.779, c1: 0.833, c2: 0.819]
Final training 21/150, loss: 0.4336, time 76.68s, lr: 0.000974
Accuracy: 0.800
class                  precision    recall   specificity      f1   support
--------------------------------------------------------------------------
0                          0.862     0.779         0.881   0.819       281
1                          0.521     0.833         0.958   0.641        30
2                          0.792     0.819         0.817   0.805       265
*----------------------------------------*
0 Mon Feb 23 12:02:12 2026 Epoch: 22
Epoch: 22/150 Iter: 1/96 loss: 0.2979 acc: 1.0000 time 1.03s
Epoch: 22/150 Iter: 2/96 loss: 0.3140 acc: 0.9583 time 0.86s
Epoch: 22/150 Iter: 3/96 loss: 0.3523 acc: 0.8389 time 0.72s
Epoch: 22/150 Iter: 4/96 loss: 0.6308 acc: 0.6708 time 0.94s
Epoch: 22/150 Iter: 5/96 loss: 0.6395 acc: 0.6367 time 0.70s
Epoch: 22/150 Iter: 6/96 loss: 0.7237 acc: 0.6472 time 0.87s
Epoch: 22/150 Iter: 7/96 loss: 0.7029 acc: 0.6500 time 0.71s
Epoch: 22/150 Iter: 8/96 loss: 0.6845 acc: 0.6313 time 0.80s
Epoch: 22/150 Iter: 9/96 loss: 0.6540 acc: 0.6228 time 0.72s
Epoch: 22/150 Iter: 10/96 loss: 0.6043 acc: 0.6494 time 0.78s
Epoch: 22/150 Iter: 11/96 loss: 0.6342 acc: 0.6283 time 0.70s
Epoch: 22/150 Iter: 12/96 loss: 0.5919 acc: 0.6593 time 0.69s
Epoch: 22/150 Iter: 13/96 loss: 0.5956 acc: 0.6291 time 0.87s
Epoch: 22/150 Iter: 14/96 loss: 0.5682 acc: 0.6556 time 0.70s
Epoch: 22/150 Iter: 15/96 loss: 0.5380 acc: 0.6785 time 0.72s
Epoch: 22/150 Iter: 16/96 loss: 0.5438 acc: 0.6778 time 0.77s
Epoch: 22/150 Iter: 17/96 loss: 0.5220 acc: 0.6967 time 0.76s
Epoch: 22/150 Iter: 18/96 loss: 0.5247 acc: 0.6812 time 0.78s
Epoch: 22/150 Iter: 19/96 loss: 0.5108 acc: 0.6980 time 0.76s
Epoch: 22/150 Iter: 20/96 loss: 0.5084 acc: 0.7047 time 0.89s
Epoch: 22/150 Iter: 21/96 loss: 0.4891 acc: 0.7188 time 0.70s
Epoch: 22/150 Iter: 22/96 loss: 0.4830 acc: 0.7240 time 0.86s
Epoch: 22/150 Iter: 23/96 loss: 0.4865 acc: 0.7251 time 0.77s
Epoch: 22/150 Iter: 24/96 loss: 0.4726 acc: 0.7366 time 0.72s
Epoch: 22/150 Iter: 25/96 loss: 0.4943 acc: 0.7238 time 0.87s
Epoch: 22/150 Iter: 26/96 loss: 0.5174 acc: 0.7088 time 0.69s
Epoch: 22/150 Iter: 27/96 loss: 0.5006 acc: 0.7195 time 0.87s
Epoch: 22/150 Iter: 28/96 loss: 0.5118 acc: 0.7177 time 0.77s
Epoch: 22/150 Iter: 29/96 loss: 0.5095 acc: 0.7231 time 0.89s
Epoch: 22/150 Iter: 30/96 loss: 0.5193 acc: 0.7115 time 0.70s
Epoch: 22/150 Iter: 31/96 loss: 0.5235 acc: 0.7087 time 0.70s
Epoch: 22/150 Iter: 32/96 loss: 0.5165 acc: 0.7100 time 0.71s
Epoch: 22/150 Iter: 33/96 loss: 0.6117 acc: 0.7036 time 0.71s
Epoch: 22/150 Iter: 34/96 loss: 0.6206 acc: 0.6927 time 0.86s
Epoch: 22/150 Iter: 35/96 loss: 0.6171 acc: 0.6806 time 0.70s
Epoch: 22/150 Iter: 36/96 loss: 0.6067 acc: 0.6894 time 0.70s
Epoch: 22/150 Iter: 37/96 loss: 0.6004 acc: 0.6944 time 0.78s
Epoch: 22/150 Iter: 38/96 loss: 0.5961 acc: 0.6981 time 0.92s
Epoch: 22/150 Iter: 39/96 loss: 0.5844 acc: 0.7058 time 0.71s
Epoch: 22/150 Iter: 40/96 loss: 0.5973 acc: 0.7007 time 0.78s
Epoch: 22/150 Iter: 41/96 loss: 0.5975 acc: 0.6999 time 0.71s
Epoch: 22/150 Iter: 42/96 loss: 0.5909 acc: 0.6975 time 0.88s
Epoch: 22/150 Iter: 43/96 loss: 0.5836 acc: 0.6987 time 0.70s
Epoch: 22/150 Iter: 44/96 loss: 0.5890 acc: 0.6885 time 0.78s
Epoch: 22/150 Iter: 45/96 loss: 0.5823 acc: 0.6930 time 0.70s
Epoch: 22/150 Iter: 46/96 loss: 0.5898 acc: 0.6827 time 0.75s
Epoch: 22/150 Iter: 47/96 loss: 0.5889 acc: 0.6868 time 0.71s
Epoch: 22/150 Iter: 48/96 loss: 0.5920 acc: 0.6847 time 0.89s
Epoch: 22/150 Iter: 49/96 loss: 0.5865 acc: 0.6888 time 0.70s
Epoch: 22/150 Iter: 50/96 loss: 0.5779 acc: 0.6951 time 0.88s
Epoch: 22/150 Iter: 51/96 loss: 0.5740 acc: 0.6961 time 0.87s
Epoch: 22/150 Iter: 52/96 loss: 0.5695 acc: 0.6996 time 0.80s
Epoch: 22/150 Iter: 53/96 loss: 0.5617 acc: 0.7052 time 0.70s
Epoch: 22/150 Iter: 54/96 loss: 0.5558 acc: 0.7066 time 0.78s
Epoch: 22/150 Iter: 55/96 loss: 0.5566 acc: 0.7089 time 0.88s
Epoch: 22/150 Iter: 56/96 loss: 0.5606 acc: 0.7111 time 0.87s
Epoch: 22/150 Iter: 57/96 loss: 0.5545 acc: 0.7133 time 0.70s
Epoch: 22/150 Iter: 58/96 loss: 0.5598 acc: 0.7117 time 0.87s
Epoch: 22/150 Iter: 59/96 loss: 0.5568 acc: 0.7119 time 0.69s
Epoch: 22/150 Iter: 60/96 loss: 0.5547 acc: 0.7084 time 0.77s
Epoch: 22/150 Iter: 61/96 loss: 0.5514 acc: 0.7113 time 0.74s
Epoch: 22/150 Iter: 62/96 loss: 0.5485 acc: 0.7099 time 0.79s
Epoch: 22/150 Iter: 63/96 loss: 0.5704 acc: 0.7053 time 0.79s
Epoch: 22/150 Iter: 64/96 loss: 0.5676 acc: 0.7073 time 0.81s
Epoch: 22/150 Iter: 65/96 loss: 0.5656 acc: 0.7101 time 0.77s
Epoch: 22/150 Iter: 66/96 loss: 0.5595 acc: 0.7094 time 0.93s
Epoch: 22/150 Iter: 67/96 loss: 0.5529 acc: 0.7138 time 0.71s
Epoch: 22/150 Iter: 68/96 loss: 0.5545 acc: 0.7106 time 0.71s
Epoch: 22/150 Iter: 69/96 loss: 0.5570 acc: 0.7052 time 0.74s
Epoch: 22/150 Iter: 70/96 loss: 0.5524 acc: 0.7037 time 0.69s
Epoch: 22/150 Iter: 71/96 loss: 0.5504 acc: 0.7055 time 0.87s
Epoch: 22/150 Iter: 72/96 loss: 0.5459 acc: 0.7096 time 0.87s
Epoch: 22/150 Iter: 73/96 loss: 0.5483 acc: 0.7067 time 0.88s
Epoch: 22/150 Iter: 74/96 loss: 0.5488 acc: 0.7028 time 0.71s
Epoch: 22/150 Iter: 75/96 loss: 0.5449 acc: 0.7067 time 0.75s
Epoch: 22/150 Iter: 76/96 loss: 0.5403 acc: 0.7106 time 0.94s
Epoch: 22/150 Iter: 77/96 loss: 0.5439 acc: 0.7068 time 0.86s
Epoch: 22/150 Iter: 78/96 loss: 0.5410 acc: 0.7105 time 0.71s
Epoch: 22/150 Iter: 79/96 loss: 0.5479 acc: 0.7030 time 0.87s
Epoch: 22/150 Iter: 80/96 loss: 0.5470 acc: 0.7051 time 0.91s
Epoch: 22/150 Iter: 81/96 loss: 0.5440 acc: 0.7087 time 0.68s
Epoch: 22/150 Iter: 82/96 loss: 0.5381 acc: 0.7123 time 0.86s
Epoch: 22/150 Iter: 83/96 loss: 0.5592 acc: 0.7104 time 0.85s
Epoch: 22/150 Iter: 84/96 loss: 0.5551 acc: 0.7139 time 0.70s
Epoch: 22/150 Iter: 85/96 loss: 0.5493 acc: 0.7172 time 0.86s
Epoch: 22/150 Iter: 86/96 loss: 0.5480 acc: 0.7191 time 0.86s
Epoch: 22/150 Iter: 87/96 loss: 0.5472 acc: 0.7180 time 0.69s
Epoch: 22/150 Iter: 88/96 loss: 0.5453 acc: 0.7193 time 0.86s
Epoch: 22/150 Iter: 89/96 loss: 0.5422 acc: 0.7206 time 0.69s
Epoch: 22/150 Iter: 90/96 loss: 0.5395 acc: 0.7200 time 0.71s
Epoch: 22/150 Iter: 91/96 loss: 0.5373 acc: 0.7219 time 0.69s
Epoch: 22/150 Iter: 92/96 loss: 0.5345 acc: 0.7250 time 0.70s
Epoch: 22/150 Iter: 93/96 loss: 0.5329 acc: 0.7239 time 0.86s
Epoch: 22/150 Iter: 94/96 loss: 0.5295 acc: 0.7268 time 0.87s
Epoch: 22/150 Iter: 95/96 loss: 0.5271 acc: 0.7287 time 0.70s
Epoch: 22/150 Iter: 96/96 loss: 0.5280 acc: 0.7297 time 0.70s
[Train epoch 22] avg_loss=0.5280 avg_acc=0.7297 | per-class [c0: 0.744, c1: 0.800, c2: 0.789]
Final training 22/150, loss: 0.5280, time 75.20s, lr: 0.000970
Accuracy: 0.767
class                  precision    recall   specificity      f1   support
--------------------------------------------------------------------------
0                          0.833     0.744         0.858   0.786       281
1                          0.500     0.800         0.956   0.615        30
2                          0.755     0.789         0.781   0.771       265
*----------------------------------------*
Val 22/150 1/24, Acc: 0.5000, Loss: 2.6016, time 0.68s
Val 22/150 2/24, Acc: 0.4722, Loss: 1.6364, time 0.67s
Val 22/150 3/24, Acc: 0.5926, Loss: 1.2405, time 0.67s
Val 22/150 4/24, Acc: 0.6944, Loss: 0.9417, time 0.67s
Val 22/150 5/24, Acc: 0.7556, Loss: 0.7976, time 0.67s
Val 22/150 6/24, Acc: 0.7963, Loss: 0.6824, time 0.67s
Val 22/150 7/24, Acc: 0.7659, Loss: 0.6673, time 0.67s
Val 22/150 8/24, Acc: 0.7795, Loss: 0.6135, time 0.67s
Val 22/150 9/24, Acc: 0.8040, Loss: 0.5583, time 0.67s
Val 22/150 10/24, Acc: 0.8136, Loss: 0.5400, time 0.67s
Val 22/150 11/24, Acc: 0.8154, Loss: 0.5382, time 0.67s
Val 22/150 12/24, Acc: 0.7752, Loss: 0.5448, time 0.67s
Val 22/150 13/24, Acc: 0.7541, Loss: 0.5358, time 0.67s
Val 22/150 14/24, Acc: 0.7538, Loss: 0.5303, time 0.67s
Val 22/150 15/24, Acc: 0.7202, Loss: 0.5760, time 0.67s
Val 22/150 16/24, Acc: 0.7314, Loss: 0.5551, time 0.67s
Val 22/150 17/24, Acc: 0.7472, Loss: 0.5320, time 0.67s
Val 22/150 18/24, Acc: 0.7543, Loss: 0.5239, time 0.67s
Val 22/150 19/24, Acc: 0.7567, Loss: 0.5193, time 0.67s
Val 22/150 20/24, Acc: 0.7411, Loss: 0.5540, time 0.67s
Val 22/150 21/24, Acc: 0.7534, Loss: 0.5335, time 0.67s
Val 22/150 22/24, Acc: 0.7495, Loss: 0.5312, time 0.67s
Val 22/150 23/24, Acc: 0.7386, Loss: 0.6264, time 0.67s
Val 22/150 24/24, Acc: 0.7380, Loss: 0.6130, time 0.67s
[Val epoch 22] avg_acc=0.7380 | avg_loss=0.6130 | per-class [c0: 0.743, c1: 0.500, c2: 0.894]
Final validation 22/150, Val_acc: 0.7380, time 16.04sAccuracy: 0.799
class                  precision    recall   specificity      f1   support
--------------------------------------------------------------------------
0                          0.963     0.743         0.973   0.839        70
1                          0.364     0.500         0.949   0.421         8
2                          0.747     0.894         0.744   0.814        66
*========================================*
Saving checkpoint outputs/OrganoidsINRIA_XYZ_thinning_128/swinunetr/2026-02-23-11-31/training/model_final.pt
[EarlyStopping] no improve (5/40)
[EarlyStopping] no improve (1/40)
0 Mon Feb 23 12:03:48 2026 Epoch: 23
Epoch: 23/150 Iter: 1/96 loss: 0.1662 acc: 1.0000 time 1.13s
Epoch: 23/150 Iter: 2/96 loss: 0.2560 acc: 0.9375 time 0.87s
Epoch: 23/150 Iter: 3/96 loss: 0.3915 acc: 0.8333 time 0.87s
Epoch: 23/150 Iter: 4/96 loss: 0.4345 acc: 0.7292 time 0.70s
Epoch: 23/150 Iter: 5/96 loss: 0.4001 acc: 0.7833 time 0.71s
Epoch: 23/150 Iter: 6/96 loss: 0.3925 acc: 0.7824 time 0.70s
Epoch: 23/150 Iter: 7/96 loss: 0.3563 acc: 0.7976 time 0.82s
Epoch: 23/150 Iter: 8/96 loss: 0.3301 acc: 0.8229 time 0.75s
Epoch: 23/150 Iter: 9/96 loss: 0.3657 acc: 0.7963 time 0.87s
Epoch: 23/150 Iter: 10/96 loss: 0.3372 acc: 0.8167 time 0.87s
Epoch: 23/150 Iter: 11/96 loss: 0.3168 acc: 0.8333 time 0.72s
Epoch: 23/150 Iter: 12/96 loss: 0.3284 acc: 0.8306 time 0.92s
Epoch: 23/150 Iter: 13/96 loss: 0.3087 acc: 0.8436 time 0.79s
Epoch: 23/150 Iter: 14/96 loss: 0.3556 acc: 0.8230 time 0.86s
Epoch: 23/150 Iter: 15/96 loss: 0.3601 acc: 0.7904 time 0.87s
Epoch: 23/150 Iter: 16/96 loss: 0.3561 acc: 0.8035 time 0.71s
Epoch: 23/150 Iter: 17/96 loss: 0.3685 acc: 0.8033 time 0.87s
Epoch: 23/150 Iter: 18/96 loss: 0.3737 acc: 0.8086 time 0.70s
Epoch: 23/150 Iter: 19/96 loss: 0.3816 acc: 0.8135 time 0.75s
Epoch: 23/150 Iter: 20/96 loss: 0.3657 acc: 0.8228 time 0.70s
Epoch: 23/150 Iter: 21/96 loss: 0.3712 acc: 0.8233 time 0.87s
Epoch: 23/150 Iter: 22/96 loss: 0.3637 acc: 0.8313 time 0.87s
Epoch: 23/150 Iter: 23/96 loss: 0.3776 acc: 0.8290 time 0.75s
Epoch: 23/150 Iter: 24/96 loss: 0.3946 acc: 0.8222 time 0.72s
Epoch: 23/150 Iter: 25/96 loss: 0.3823 acc: 0.8293 time 0.71s
Epoch: 23/150 Iter: 26/96 loss: 0.4036 acc: 0.8145 time 0.88s
Epoch: 23/150 Iter: 27/96 loss: 0.3955 acc: 0.8214 time 0.76s
Epoch: 23/150 Iter: 28/96 loss: 0.4080 acc: 0.8040 time 0.94s
Epoch: 23/150 Iter: 29/96 loss: 0.4195 acc: 0.7877 time 0.87s
Epoch: 23/150 Iter: 30/96 loss: 0.4287 acc: 0.7809 time 0.72s
Epoch: 23/150 Iter: 31/96 loss: 0.4197 acc: 0.7880 time 0.92s
Epoch: 23/150 Iter: 32/96 loss: 0.4187 acc: 0.7894 time 0.87s
Epoch: 23/150 Iter: 33/96 loss: 0.4175 acc: 0.7958 time 0.87s
Epoch: 23/150 Iter: 34/96 loss: 0.4148 acc: 0.7944 time 0.74s
Epoch: 23/150 Iter: 35/96 loss: 0.4097 acc: 0.8003 time 0.87s
Epoch: 23/150 Iter: 36/96 loss: 0.4124 acc: 0.8012 time 0.75s
Epoch: 23/150 Iter: 37/96 loss: 0.4357 acc: 0.7922 time 0.80s
Epoch: 23/150 Iter: 38/96 loss: 0.4260 acc: 0.7977 time 0.70s
Epoch: 23/150 Iter: 39/96 loss: 0.4238 acc: 0.7922 time 0.87s
Epoch: 23/150 Iter: 40/96 loss: 0.4251 acc: 0.7953 time 0.87s
Epoch: 23/150 Iter: 41/96 loss: 0.4336 acc: 0.7840 time 0.87s
Epoch: 23/150 Iter: 42/96 loss: 0.4318 acc: 0.7862 time 0.70s
Epoch: 23/150 Iter: 43/96 loss: 0.4267 acc: 0.7892 time 0.74s
Epoch: 23/150 Iter: 44/96 loss: 0.4214 acc: 0.7915 time 0.92s
Epoch: 23/150 Iter: 45/96 loss: 0.4149 acc: 0.7961 time 0.86s
Epoch: 23/150 Iter: 46/96 loss: 0.4099 acc: 0.8005 time 0.71s
Epoch: 23/150 Iter: 47/96 loss: 0.4051 acc: 0.8048 time 0.75s
Epoch: 23/150 Iter: 48/96 loss: 0.4128 acc: 0.8019 time 0.86s
Epoch: 23/150 Iter: 49/96 loss: 0.4113 acc: 0.8039 time 0.87s
Epoch: 23/150 Iter: 50/96 loss: 0.4179 acc: 0.7995 time 0.86s
Epoch: 23/150 Iter: 51/96 loss: 0.4203 acc: 0.8013 time 0.88s
Epoch: 23/150 Iter: 52/96 loss: 0.4151 acc: 0.8051 time 0.69s
Epoch: 23/150 Iter: 53/96 loss: 0.4275 acc: 0.7977 time 0.73s
Epoch: 23/150 Iter: 54/96 loss: 0.4338 acc: 0.7922 time 0.90s
Epoch: 23/150 Iter: 55/96 loss: 0.4324 acc: 0.7884 time 0.77s
Epoch: 23/150 Iter: 56/96 loss: 0.4287 acc: 0.7922 time 0.76s
Epoch: 23/150 Iter: 57/96 loss: 0.4564 acc: 0.7885 time 0.70s
Epoch: 23/150 Iter: 58/96 loss: 0.4742 acc: 0.7864 time 0.86s
Epoch: 23/150 Iter: 59/96 loss: 0.4856 acc: 0.7802 time 0.70s
Epoch: 23/150 Iter: 60/96 loss: 0.4889 acc: 0.7769 time 0.78s
Epoch: 23/150 Iter: 61/96 loss: 0.4826 acc: 0.7806 time 0.87s
Epoch: 23/150 Iter: 62/96 loss: 0.4834 acc: 0.7814 time 0.77s
Epoch: 23/150 Iter: 63/96 loss: 0.5012 acc: 0.7743 time 0.86s
Epoch: 23/150 Iter: 64/96 loss: 0.5065 acc: 0.7739 time 0.69s
Epoch: 23/150 Iter: 65/96 loss: 0.5019 acc: 0.7774 time 0.75s
Epoch: 23/150 Iter: 66/96 loss: 0.5083 acc: 0.7719 time 0.78s
Epoch: 23/150 Iter: 67/96 loss: 0.5097 acc: 0.7679 time 0.87s
Epoch: 23/150 Iter: 68/96 loss: 0.5200 acc: 0.7658 time 0.87s
Epoch: 23/150 Iter: 69/96 loss: 0.5230 acc: 0.7607 time 0.71s
Epoch: 23/150 Iter: 70/96 loss: 0.5198 acc: 0.7627 time 0.72s
Epoch: 23/150 Iter: 71/96 loss: 0.5169 acc: 0.7590 time 0.89s
Epoch: 23/150 Iter: 72/96 loss: 0.5128 acc: 0.7600 time 0.87s
Epoch: 23/150 Iter: 73/96 loss: 0.5087 acc: 0.7633 time 0.71s
Epoch: 23/150 Iter: 74/96 loss: 0.5104 acc: 0.7638 time 0.70s
Epoch: 23/150 Iter: 75/96 loss: 0.5060 acc: 0.7670 time 0.87s
Epoch: 23/150 Iter: 76/96 loss: 0.5044 acc: 0.7671 time 0.87s
Epoch: 23/150 Iter: 77/96 loss: 0.5022 acc: 0.7701 time 0.70s
Epoch: 23/150 Iter: 78/96 loss: 0.5086 acc: 0.7660 time 0.87s
Epoch: 23/150 Iter: 79/96 loss: 0.5069 acc: 0.7673 time 0.71s
Epoch: 23/150 Iter: 80/96 loss: 0.5014 acc: 0.7702 time 0.70s
Epoch: 23/150 Iter: 81/96 loss: 0.5010 acc: 0.7715 time 0.86s
Epoch: 23/150 Iter: 82/96 loss: 0.4997 acc: 0.7703 time 0.69s
Epoch: 23/150 Iter: 83/96 loss: 0.4981 acc: 0.7670 time 0.86s
Epoch: 23/150 Iter: 84/96 loss: 0.4943 acc: 0.7698 time 0.86s
Epoch: 23/150 Iter: 85/96 loss: 0.4901 acc: 0.7725 time 0.69s
Epoch: 23/150 Iter: 86/96 loss: 0.4919 acc: 0.7716 time 0.69s
Epoch: 23/150 Iter: 87/96 loss: 0.4974 acc: 0.7658 time 0.70s
Epoch: 23/150 Iter: 88/96 loss: 0.4941 acc: 0.7676 time 0.70s
Epoch: 23/150 Iter: 89/96 loss: 0.4917 acc: 0.7683 time 0.71s
Epoch: 23/150 Iter: 90/96 loss: 0.4899 acc: 0.7690 time 0.70s
Epoch: 23/150 Iter: 91/96 loss: 0.4942 acc: 0.7674 time 0.69s
Epoch: 23/150 Iter: 92/96 loss: 0.4982 acc: 0.7663 time 0.70s
Epoch: 23/150 Iter: 93/96 loss: 0.4965 acc: 0.7675 time 0.86s
Epoch: 23/150 Iter: 94/96 loss: 0.4975 acc: 0.7686 time 0.69s
Epoch: 23/150 Iter: 95/96 loss: 0.4935 acc: 0.7711 time 0.69s
Epoch: 23/150 Iter: 96/96 loss: 0.4994 acc: 0.7683 time 0.71s
[Train epoch 23] avg_loss=0.4994 avg_acc=0.7683 | per-class [c0: 0.808, c1: 0.733, c2: 0.808]
Final training 23/150, loss: 0.4994, time 76.04s, lr: 0.000966
Accuracy: 0.804
class                  precision    recall   specificity      f1   support
--------------------------------------------------------------------------
0                          0.863     0.808         0.878   0.835       281
1                          0.449     0.733         0.951   0.557        30
2                          0.811     0.808         0.839   0.809       265
*----------------------------------------*
0 Mon Feb 23 12:05:04 2026 Epoch: 24
Epoch: 24/150 Iter: 1/96 loss: 0.1844 acc: 1.0000 time 1.03s
Epoch: 24/150 Iter: 2/96 loss: 0.2017 acc: 1.0000 time 0.87s
Epoch: 24/150 Iter: 3/96 loss: 0.3578 acc: 0.8333 time 0.86s
Epoch: 24/150 Iter: 4/96 loss: 0.4616 acc: 0.7188 time 0.78s
Epoch: 24/150 Iter: 5/96 loss: 0.5585 acc: 0.6583 time 0.75s
Epoch: 24/150 Iter: 6/96 loss: 0.4919 acc: 0.7014 time 0.86s
Epoch: 24/150 Iter: 7/96 loss: 0.5174 acc: 0.7262 time 0.71s
Epoch: 24/150 Iter: 8/96 loss: 0.4894 acc: 0.7604 time 0.76s
Epoch: 24/150 Iter: 9/96 loss: 0.4727 acc: 0.7500 time 0.90s
Epoch: 24/150 Iter: 10/96 loss: 0.4498 acc: 0.7750 time 0.87s
Epoch: 24/150 Iter: 11/96 loss: 0.4437 acc: 0.7803 time 0.75s
Epoch: 24/150 Iter: 12/96 loss: 0.4476 acc: 0.7708 time 0.70s
Epoch: 24/150 Iter: 13/96 loss: 0.4743 acc: 0.7654 time 0.86s
Epoch: 24/150 Iter: 14/96 loss: 0.5062 acc: 0.7345 time 0.78s
Epoch: 24/150 Iter: 15/96 loss: 0.4894 acc: 0.7256 time 0.70s
Epoch: 24/150 Iter: 16/96 loss: 0.4765 acc: 0.7271 time 0.74s
Epoch: 24/150 Iter: 17/96 loss: 0.4705 acc: 0.7284 time 0.70s
Epoch: 24/150 Iter: 18/96 loss: 0.4483 acc: 0.7435 time 0.72s
Epoch: 24/150 Iter: 19/96 loss: 0.4643 acc: 0.7307 time 0.75s
Epoch: 24/150 Iter: 20/96 loss: 0.4542 acc: 0.7242 time 0.76s
Epoch: 24/150 Iter: 21/96 loss: 0.4435 acc: 0.7214 time 0.77s
Epoch: 24/150 Iter: 22/96 loss: 0.4333 acc: 0.7341 time 0.71s
Epoch: 24/150 Iter: 23/96 loss: 0.4627 acc: 0.7293 time 0.87s
Epoch: 24/150 Iter: 24/96 loss: 0.4609 acc: 0.7337 time 0.87s
Epoch: 24/150 Iter: 25/96 loss: 0.4608 acc: 0.7399 time 0.72s
Epoch: 24/150 Iter: 26/96 loss: 0.4568 acc: 0.7403 time 0.77s
Epoch: 24/150 Iter: 27/96 loss: 0.4557 acc: 0.7360 time 0.70s
Epoch: 24/150 Iter: 28/96 loss: 0.4585 acc: 0.7395 time 0.87s
Epoch: 24/150 Iter: 29/96 loss: 0.4466 acc: 0.7485 time 0.87s
Epoch: 24/150 Iter: 30/96 loss: 0.4417 acc: 0.7513 time 0.87s
Epoch: 24/150 Iter: 31/96 loss: 0.4338 acc: 0.7539 time 0.88s
Epoch: 24/150 Iter: 32/96 loss: 0.4253 acc: 0.7582 time 0.87s
Epoch: 24/150 Iter: 33/96 loss: 0.4433 acc: 0.7453 time 0.70s
Epoch: 24/150 Iter: 34/96 loss: 0.4422 acc: 0.7469 time 0.70s
Epoch: 24/150 Iter: 35/96 loss: 0.4409 acc: 0.7494 time 0.80s
Epoch: 24/150 Iter: 36/96 loss: 0.4422 acc: 0.7452 time 0.76s
Epoch: 24/150 Iter: 37/96 loss: 0.4482 acc: 0.7359 time 0.70s
Epoch: 24/150 Iter: 38/96 loss: 0.4459 acc: 0.7297 time 0.72s
Epoch: 24/150 Iter: 39/96 loss: 0.4480 acc: 0.7238 time 0.70s
Epoch: 24/150 Iter: 40/96 loss: 0.4564 acc: 0.7203 time 0.86s
Epoch: 24/150 Iter: 41/96 loss: 0.4646 acc: 0.7129 time 0.86s
Epoch: 24/150 Iter: 42/96 loss: 0.4600 acc: 0.7157 time 0.71s
Epoch: 24/150 Iter: 43/96 loss: 0.4629 acc: 0.7200 time 0.75s
Epoch: 24/150 Iter: 44/96 loss: 0.4562 acc: 0.7239 time 0.88s
Epoch: 24/150 Iter: 45/96 loss: 0.4671 acc: 0.7196 time 0.73s
Epoch: 24/150 Iter: 46/96 loss: 0.4726 acc: 0.7170 time 0.71s
Epoch: 24/150 Iter: 47/96 loss: 0.4722 acc: 0.7204 time 0.87s
Epoch: 24/150 Iter: 48/96 loss: 0.4631 acc: 0.7262 time 0.87s
Epoch: 24/150 Iter: 49/96 loss: 0.4622 acc: 0.7298 time 0.72s
Epoch: 24/150 Iter: 50/96 loss: 0.4581 acc: 0.7235 time 0.87s
Epoch: 24/150 Iter: 51/96 loss: 0.4673 acc: 0.7191 time 0.71s
Epoch: 24/150 Iter: 52/96 loss: 0.4640 acc: 0.7226 time 0.71s
Epoch: 24/150 Iter: 53/96 loss: 0.4599 acc: 0.7184 time 0.87s
Epoch: 24/150 Iter: 54/96 loss: 0.4595 acc: 0.7218 time 0.95s
Epoch: 24/150 Iter: 55/96 loss: 0.4563 acc: 0.7268 time 0.70s
Epoch: 24/150 Iter: 56/96 loss: 0.4562 acc: 0.7287 time 0.77s
Epoch: 24/150 Iter: 57/96 loss: 0.4551 acc: 0.7276 time 0.87s
Epoch: 24/150 Iter: 58/96 loss: 0.4495 acc: 0.7323 time 0.87s
Epoch: 24/150 Iter: 59/96 loss: 0.4432 acc: 0.7369 time 0.86s
Epoch: 24/150 Iter: 60/96 loss: 0.4440 acc: 0.7385 time 0.87s
Epoch: 24/150 Iter: 61/96 loss: 0.4782 acc: 0.7346 time 0.87s
Epoch: 24/150 Iter: 62/96 loss: 0.4770 acc: 0.7368 time 0.78s
Epoch: 24/150 Iter: 63/96 loss: 0.4707 acc: 0.7410 time 0.76s
Epoch: 24/150 Iter: 64/96 loss: 0.4683 acc: 0.7411 time 0.86s
Epoch: 24/150 Iter: 65/96 loss: 0.4621 acc: 0.7451 time 0.86s
Epoch: 24/150 Iter: 66/96 loss: 0.4555 acc: 0.7490 time 0.78s
Epoch: 24/150 Iter: 67/96 loss: 0.4550 acc: 0.7494 time 0.70s
Epoch: 24/150 Iter: 68/96 loss: 0.4555 acc: 0.7433 time 0.70s
Epoch: 24/150 Iter: 69/96 loss: 0.4578 acc: 0.7452 time 0.87s
Epoch: 24/150 Iter: 70/96 loss: 0.4521 acc: 0.7488 time 0.87s
Epoch: 24/150 Iter: 71/96 loss: 0.4531 acc: 0.7506 time 0.75s
Epoch: 24/150 Iter: 72/96 loss: 0.4559 acc: 0.7495 time 0.88s
Epoch: 24/150 Iter: 73/96 loss: 0.4512 acc: 0.7529 time 0.70s
Epoch: 24/150 Iter: 74/96 loss: 0.4538 acc: 0.7510 time 0.87s
Epoch: 24/150 Iter: 75/96 loss: 0.4539 acc: 0.7493 time 0.71s
Epoch: 24/150 Iter: 76/96 loss: 0.4590 acc: 0.7449 time 0.87s
Epoch: 24/150 Iter: 77/96 loss: 0.4551 acc: 0.7461 time 0.70s
Epoch: 24/150 Iter: 78/96 loss: 0.4593 acc: 0.7458 time 0.87s
Epoch: 24/150 Iter: 79/96 loss: 0.4552 acc: 0.7490 time 0.70s
Epoch: 24/150 Iter: 80/96 loss: 0.4523 acc: 0.7521 time 0.71s
Epoch: 24/150 Iter: 81/96 loss: 0.4479 acc: 0.7552 time 0.69s
Epoch: 24/150 Iter: 82/96 loss: 0.4540 acc: 0.7500 time 0.69s
Epoch: 24/150 Iter: 83/96 loss: 0.4635 acc: 0.7450 time 0.69s
Epoch: 24/150 Iter: 84/96 loss: 0.4721 acc: 0.7417 time 0.69s
Epoch: 24/150 Iter: 85/96 loss: 0.4686 acc: 0.7428 time 0.70s
Epoch: 24/150 Iter: 86/96 loss: 0.4659 acc: 0.7458 time 0.86s
Epoch: 24/150 Iter: 87/96 loss: 0.4668 acc: 0.7441 time 0.88s
Epoch: 24/150 Iter: 88/96 loss: 0.4649 acc: 0.7451 time 0.87s
Epoch: 24/150 Iter: 89/96 loss: 0.4619 acc: 0.7480 time 0.69s
Epoch: 24/150 Iter: 90/96 loss: 0.4626 acc: 0.7458 time 0.69s
Epoch: 24/150 Iter: 91/96 loss: 0.4636 acc: 0.7459 time 0.69s
Epoch: 24/150 Iter: 92/96 loss: 0.4604 acc: 0.7486 time 0.69s
Epoch: 24/150 Iter: 93/96 loss: 0.4580 acc: 0.7513 time 0.71s
Epoch: 24/150 Iter: 94/96 loss: 0.4617 acc: 0.7504 time 0.70s
Epoch: 24/150 Iter: 95/96 loss: 0.4730 acc: 0.7496 time 0.69s
Epoch: 24/150 Iter: 96/96 loss: 0.4693 acc: 0.7522 time 0.70s
[Train epoch 24] avg_loss=0.4693 avg_acc=0.7522 | per-class [c0: 0.789, c1: 0.767, c2: 0.801]
Final training 24/150, loss: 0.4693, time 75.21s, lr: 0.000962
Accuracy: 0.793
class                  precision    recall   specificity      f1   support
--------------------------------------------------------------------------
0                          0.853     0.789         0.872   0.820       280
1                          0.489     0.767         0.956   0.597        30
2                          0.789     0.801         0.816   0.795       266
*----------------------------------------*
Val 24/150 1/24, Acc: 0.5000, Loss: 3.0243, time 0.67s
Val 24/150 2/24, Acc: 0.5278, Loss: 1.7790, time 0.67s
Val 24/150 3/24, Acc: 0.5926, Loss: 1.3332, time 0.67s
Val 24/150 4/24, Acc: 0.6944, Loss: 1.0143, time 0.67s
Val 24/150 5/24, Acc: 0.7556, Loss: 0.8653, time 0.67s
Val 24/150 6/24, Acc: 0.7755, Loss: 0.7623, time 0.67s
Val 24/150 7/24, Acc: 0.7480, Loss: 0.7311, time 0.67s
Val 24/150 8/24, Acc: 0.7795, Loss: 0.6687, time 0.67s
Val 24/150 9/24, Acc: 0.7596, Loss: 0.6215, time 0.67s
Val 24/150 10/24, Acc: 0.7836, Loss: 0.5811, time 0.67s
Val 24/150 11/24, Acc: 0.8033, Loss: 0.5597, time 0.67s
Val 24/150 12/24, Acc: 0.7711, Loss: 0.5560, time 0.67s
Val 24/150 13/24, Acc: 0.7502, Loss: 0.5600, time 0.67s
Val 24/150 14/24, Acc: 0.7502, Loss: 0.5560, time 0.67s
Val 24/150 15/24, Acc: 0.7391, Loss: 0.5789, time 0.67s
Val 24/150 16/24, Acc: 0.7491, Loss: 0.5613, time 0.67s
Val 24/150 17/24, Acc: 0.7639, Loss: 0.5343, time 0.67s
Val 24/150 18/24, Acc: 0.7701, Loss: 0.5311, time 0.67s
Val 24/150 19/24, Acc: 0.7769, Loss: 0.5247, time 0.67s
Val 24/150 20/24, Acc: 0.7603, Loss: 0.5546, time 0.67s
Val 24/150 21/24, Acc: 0.7717, Loss: 0.5331, time 0.67s
Val 24/150 22/24, Acc: 0.7745, Loss: 0.5281, time 0.67s
Val 24/150 23/24, Acc: 0.7626, Loss: 0.6156, time 0.67s
Val 24/150 24/24, Acc: 0.7609, Loss: 0.6012, time 0.67s
[Val epoch 24] avg_acc=0.7609 | avg_loss=0.6012 | per-class [c0: 0.829, c1: 0.625, c2: 0.864]
Final validation 24/150, Val_acc: 0.7609, time 16.06sAccuracy: 0.833
class                  precision    recall   specificity      f1   support
--------------------------------------------------------------------------
0                          0.935     0.829         0.946   0.879        70
1                          0.385     0.625         0.941   0.476         8
2                          0.826     0.864         0.846   0.844        66
*========================================*
New best (0.750810 --> 0.760880)
Saving checkpoint outputs/OrganoidsINRIA_XYZ_thinning_128/swinunetr/2026-02-23-11-31/training/model_final.pt
Copying best model to best_model.pt
[EarlyStopping] improved to 0.760880
[EarlyStopping] no improve (2/40)
0 Mon Feb 23 12:06:46 2026 Epoch: 25
Epoch: 25/150 Iter: 1/96 loss: 0.1317 acc: 1.0000 time 1.08s
Epoch: 25/150 Iter: 2/96 loss: 0.1528 acc: 0.9375 time 0.87s
Epoch: 25/150 Iter: 3/96 loss: 0.4755 acc: 0.7639 time 0.70s
Epoch: 25/150 Iter: 4/96 loss: 0.3977 acc: 0.7674 time 0.87s
Epoch: 25/150 Iter: 5/96 loss: 0.5141 acc: 0.6639 time 0.75s
Epoch: 25/150 Iter: 6/96 loss: 0.4484 acc: 0.7199 time 0.70s
Epoch: 25/150 Iter: 7/96 loss: 0.4616 acc: 0.7004 time 0.75s
Epoch: 25/150 Iter: 8/96 loss: 0.4217 acc: 0.7240 time 0.75s
Epoch: 25/150 Iter: 9/96 loss: 0.4125 acc: 0.7407 time 0.77s
Epoch: 25/150 Iter: 10/96 loss: 0.3875 acc: 0.7667 time 0.70s
Epoch: 25/150 Iter: 11/96 loss: 0.4099 acc: 0.7121 time 0.71s
Epoch: 25/150 Iter: 12/96 loss: 0.4168 acc: 0.7049 time 0.70s
Epoch: 25/150 Iter: 13/96 loss: 0.4104 acc: 0.7199 time 0.71s
Epoch: 25/150 Iter: 14/96 loss: 0.4429 acc: 0.7161 time 0.76s
Epoch: 25/150 Iter: 15/96 loss: 0.4256 acc: 0.7350 time 0.86s
Epoch: 25/150 Iter: 16/96 loss: 0.4216 acc: 0.7516 time 0.72s
Epoch: 25/150 Iter: 17/96 loss: 0.4333 acc: 0.7466 time 0.87s
Epoch: 25/150 Iter: 18/96 loss: 0.4460 acc: 0.7468 time 0.70s
Epoch: 25/150 Iter: 19/96 loss: 0.4393 acc: 0.7496 time 0.87s
Epoch: 25/150 Iter: 20/96 loss: 0.4589 acc: 0.7343 time 0.76s
Epoch: 25/150 Iter: 21/96 loss: 0.4503 acc: 0.7390 time 0.93s
Epoch: 25/150 Iter: 22/96 loss: 0.4332 acc: 0.7509 time 0.87s
Epoch: 25/150 Iter: 23/96 loss: 0.4313 acc: 0.7424 time 0.76s
Epoch: 25/150 Iter: 24/96 loss: 0.4360 acc: 0.7375 time 0.71s
Epoch: 25/150 Iter: 25/96 loss: 0.4417 acc: 0.7430 time 0.71s
Epoch: 25/150 Iter: 26/96 loss: 0.4342 acc: 0.7529 time 0.73s
Epoch: 25/150 Iter: 27/96 loss: 0.4338 acc: 0.7398 time 0.87s
Epoch: 25/150 Iter: 28/96 loss: 0.4254 acc: 0.7446 time 0.76s
Epoch: 25/150 Iter: 29/96 loss: 0.4158 acc: 0.7534 time 0.87s
Epoch: 25/150 Iter: 30/96 loss: 0.4241 acc: 0.7408 time 0.71s
Epoch: 25/150 Iter: 31/96 loss: 0.4200 acc: 0.7438 time 0.70s
Epoch: 25/150 Iter: 32/96 loss: 0.4097 acc: 0.7518 time 0.77s
Epoch: 25/150 Iter: 33/96 loss: 0.4186 acc: 0.7442 time 0.70s
Epoch: 25/150 Iter: 34/96 loss: 0.4070 acc: 0.7517 time 0.87s
Epoch: 25/150 Iter: 35/96 loss: 0.4030 acc: 0.7560 time 0.72s
Epoch: 25/150 Iter: 36/96 loss: 0.4069 acc: 0.7593 time 0.87s
Epoch: 25/150 Iter: 37/96 loss: 0.4073 acc: 0.7613 time 0.87s
Epoch: 25/150 Iter: 38/96 loss: 0.4280 acc: 0.7588 time 0.86s
Epoch: 25/150 Iter: 39/96 loss: 0.4313 acc: 0.7585 time 0.70s
Epoch: 25/150 Iter: 40/96 loss: 0.4299 acc: 0.7646 time 0.87s
Epoch: 25/150 Iter: 41/96 loss: 0.4287 acc: 0.7683 time 0.69s
Epoch: 25/150 Iter: 42/96 loss: 0.4301 acc: 0.7619 time 0.87s
Epoch: 25/150 Iter: 43/96 loss: 0.4413 acc: 0.7587 time 0.86s
Epoch: 25/150 Iter: 44/96 loss: 0.4445 acc: 0.7557 time 0.87s
Epoch: 25/150 Iter: 45/96 loss: 0.4465 acc: 0.7574 time 0.87s
Epoch: 25/150 Iter: 46/96 loss: 0.4450 acc: 0.7536 time 0.74s
Epoch: 25/150 Iter: 47/96 loss: 0.4379 acc: 0.7589 time 0.77s
Epoch: 25/150 Iter: 48/96 loss: 0.4351 acc: 0.7613 time 0.88s
Epoch: 25/150 Iter: 49/96 loss: 0.4419 acc: 0.7580 time 0.73s
Epoch: 25/150 Iter: 50/96 loss: 0.4451 acc: 0.7517 time 0.71s
Epoch: 25/150 Iter: 51/96 loss: 0.4446 acc: 0.7484 time 0.87s
Epoch: 25/150 Iter: 52/96 loss: 0.4586 acc: 0.7404 time 0.74s
Epoch: 25/150 Iter: 53/96 loss: 0.4598 acc: 0.7422 time 0.86s
Epoch: 25/150 Iter: 54/96 loss: 0.4530 acc: 0.7470 time 0.87s
Epoch: 25/150 Iter: 55/96 loss: 0.4563 acc: 0.7394 time 0.71s
Epoch: 25/150 Iter: 56/96 loss: 0.4561 acc: 0.7396 time 0.70s
Epoch: 25/150 Iter: 57/96 loss: 0.4634 acc: 0.7325 time 0.87s
Epoch: 25/150 Iter: 58/96 loss: 0.4597 acc: 0.7354 time 0.86s
Epoch: 25/150 Iter: 59/96 loss: 0.4582 acc: 0.7371 time 0.91s
Epoch: 25/150 Iter: 60/96 loss: 0.4641 acc: 0.7377 time 0.86s
Epoch: 25/150 Iter: 61/96 loss: 0.4617 acc: 0.7420 time 0.87s
Epoch: 25/150 Iter: 62/96 loss: 0.4570 acc: 0.7462 time 0.86s
Epoch: 25/150 Iter: 63/96 loss: 0.4541 acc: 0.7476 time 0.71s
Epoch: 25/150 Iter: 64/96 loss: 0.4526 acc: 0.7450 time 0.86s
Epoch: 25/150 Iter: 65/96 loss: 0.4482 acc: 0.7451 time 0.74s
Epoch: 25/150 Iter: 66/96 loss: 0.4456 acc: 0.7439 time 0.82s
Epoch: 25/150 Iter: 67/96 loss: 0.4420 acc: 0.7477 time 0.86s
Epoch: 25/150 Iter: 68/96 loss: 0.4375 acc: 0.7514 time 0.70s
Epoch: 25/150 Iter: 69/96 loss: 0.4362 acc: 0.7534 time 0.77s
Epoch: 25/150 Iter: 70/96 loss: 0.4367 acc: 0.7534 time 0.69s
Epoch: 25/150 Iter: 71/96 loss: 0.4423 acc: 0.7490 time 0.73s
Epoch: 25/150 Iter: 72/96 loss: 0.4365 acc: 0.7525 time 0.74s
Epoch: 25/150 Iter: 73/96 loss: 0.4335 acc: 0.7559 time 0.94s
Epoch: 25/150 Iter: 74/96 loss: 0.4292 acc: 0.7592 time 0.93s
Epoch: 25/150 Iter: 75/96 loss: 0.4318 acc: 0.7591 time 0.87s
Epoch: 25/150 Iter: 76/96 loss: 0.4290 acc: 0.7622 time 0.71s
Epoch: 25/150 Iter: 77/96 loss: 0.4285 acc: 0.7605 time 0.70s
Epoch: 25/150 Iter: 78/96 loss: 0.4330 acc: 0.7578 time 0.72s
Epoch: 25/150 Iter: 79/96 loss: 0.4333 acc: 0.7567 time 0.87s
Epoch: 25/150 Iter: 80/96 loss: 0.4360 acc: 0.7582 time 0.72s
Epoch: 25/150 Iter: 81/96 loss: 0.4329 acc: 0.7611 time 0.69s
Epoch: 25/150 Iter: 82/96 loss: 0.4349 acc: 0.7584 time 0.69s
Epoch: 25/150 Iter: 83/96 loss: 0.4325 acc: 0.7593 time 0.70s
Epoch: 25/150 Iter: 84/96 loss: 0.4285 acc: 0.7621 time 0.69s
Epoch: 25/150 Iter: 85/96 loss: 0.4247 acc: 0.7649 time 0.70s
Epoch: 25/150 Iter: 86/96 loss: 0.4264 acc: 0.7607 time 0.87s
Epoch: 25/150 Iter: 87/96 loss: 0.4249 acc: 0.7634 time 0.87s
Epoch: 25/150 Iter: 88/96 loss: 0.4317 acc: 0.7586 time 0.71s
Epoch: 25/150 Iter: 89/96 loss: 0.4320 acc: 0.7575 time 0.69s
Epoch: 25/150 Iter: 90/96 loss: 0.4320 acc: 0.7547 time 0.70s
Epoch: 25/150 Iter: 91/96 loss: 0.4291 acc: 0.7574 time 0.86s
Epoch: 25/150 Iter: 92/96 loss: 0.4259 acc: 0.7600 time 0.87s
Epoch: 25/150 Iter: 93/96 loss: 0.4283 acc: 0.7585 time 0.70s
Epoch: 25/150 Iter: 94/96 loss: 0.4251 acc: 0.7611 time 0.87s
Epoch: 25/150 Iter: 95/96 loss: 0.4242 acc: 0.7619 time 0.69s
Epoch: 25/150 Iter: 96/96 loss: 0.4223 acc: 0.7644 time 0.86s
[Train epoch 25] avg_loss=0.4223 avg_acc=0.7644 | per-class [c0: 0.821, c1: 0.900, c2: 0.789]
Final training 25/150, loss: 0.4223, time 75.73s, lr: 0.000958
Accuracy: 0.811
class                  precision    recall   specificity      f1   support
--------------------------------------------------------------------------
0                          0.855     0.821         0.868   0.838       280
1                          0.519     0.900         0.954   0.659        30
2                          0.824     0.789         0.855   0.806       266
*----------------------------------------*
0 Mon Feb 23 12:08:02 2026 Epoch: 26
Epoch: 26/150 Iter: 1/96 loss: 0.1665 acc: 1.0000 time 1.16s
Epoch: 26/150 Iter: 2/96 loss: 0.2429 acc: 0.8125 time 0.70s
Epoch: 26/150 Iter: 3/96 loss: 0.2405 acc: 0.8333 time 0.87s
Epoch: 26/150 Iter: 4/96 loss: 0.2266 acc: 0.8750 time 0.71s
Epoch: 26/150 Iter: 5/96 loss: 0.3228 acc: 0.8111 time 0.88s
Epoch: 26/150 Iter: 6/96 loss: 0.3210 acc: 0.8009 time 0.71s
Epoch: 26/150 Iter: 7/96 loss: 0.2860 acc: 0.8294 time 0.86s
Epoch: 26/150 Iter: 8/96 loss: 0.3468 acc: 0.7882 time 0.87s
Epoch: 26/150 Iter: 9/96 loss: 0.3525 acc: 0.7500 time 0.71s
Epoch: 26/150 Iter: 10/96 loss: 0.3485 acc: 0.7528 time 0.87s
Epoch: 26/150 Iter: 11/96 loss: 0.3373 acc: 0.7753 time 0.77s
Epoch: 26/150 Iter: 12/96 loss: 0.3316 acc: 0.7662 time 0.87s
Epoch: 26/150 Iter: 13/96 loss: 0.3209 acc: 0.7842 time 0.88s
Epoch: 26/150 Iter: 14/96 loss: 0.3403 acc: 0.7817 time 0.87s
Epoch: 26/150 Iter: 15/96 loss: 0.3482 acc: 0.7815 time 0.69s
Epoch: 26/150 Iter: 16/96 loss: 0.3505 acc: 0.7882 time 0.70s
Epoch: 26/150 Iter: 17/96 loss: 0.3456 acc: 0.7933 time 0.73s
Epoch: 26/150 Iter: 18/96 loss: 0.3335 acc: 0.8048 time 0.87s
Epoch: 26/150 Iter: 19/96 loss: 0.3717 acc: 0.7887 time 0.69s
Epoch: 26/150 Iter: 20/96 loss: 0.3572 acc: 0.7993 time 0.72s
Epoch: 26/150 Iter: 21/96 loss: 0.4007 acc: 0.7811 time 0.87s
Epoch: 26/150 Iter: 22/96 loss: 0.4164 acc: 0.7759 time 0.78s
Epoch: 26/150 Iter: 23/96 loss: 0.4007 acc: 0.7856 time 0.77s
Epoch: 26/150 Iter: 24/96 loss: 0.3889 acc: 0.7946 time 0.75s
Epoch: 26/150 Iter: 25/96 loss: 0.3973 acc: 0.7850 time 0.87s
Epoch: 26/150 Iter: 26/96 loss: 0.3962 acc: 0.7894 time 0.73s
Epoch: 26/150 Iter: 27/96 loss: 0.3920 acc: 0.7880 time 0.69s
Epoch: 26/150 Iter: 28/96 loss: 0.3832 acc: 0.7813 time 0.91s
Epoch: 26/150 Iter: 29/96 loss: 0.3797 acc: 0.7802 time 0.70s
Epoch: 26/150 Iter: 30/96 loss: 0.3731 acc: 0.7875 time 0.74s
Epoch: 26/150 Iter: 31/96 loss: 0.3873 acc: 0.7707 time 0.70s
Epoch: 26/150 Iter: 32/96 loss: 0.3776 acc: 0.7779 time 0.77s
Epoch: 26/150 Iter: 33/96 loss: 0.3694 acc: 0.7846 time 0.88s
Epoch: 26/150 Iter: 34/96 loss: 0.3678 acc: 0.7873 time 0.77s
Epoch: 26/150 Iter: 35/96 loss: 0.3650 acc: 0.7819 time 0.70s
Epoch: 26/150 Iter: 36/96 loss: 0.3703 acc: 0.7845 time 0.86s
Epoch: 26/150 Iter: 37/96 loss: 0.3639 acc: 0.7903 time 0.70s
Epoch: 26/150 Iter: 38/96 loss: 0.3594 acc: 0.7936 time 0.70s
Epoch: 26/150 Iter: 39/96 loss: 0.3518 acc: 0.7989 time 0.87s
Epoch: 26/150 Iter: 40/96 loss: 0.3517 acc: 0.7984 time 0.77s
Epoch: 26/150 Iter: 41/96 loss: 0.3471 acc: 0.8033 time 0.74s
Epoch: 26/150 Iter: 42/96 loss: 0.3536 acc: 0.7974 time 0.70s
Epoch: 26/150 Iter: 43/96 loss: 0.3787 acc: 0.7866 time 0.87s
Epoch: 26/150 Iter: 44/96 loss: 0.3863 acc: 0.7826 time 0.69s
Epoch: 26/150 Iter: 45/96 loss: 0.3836 acc: 0.7852 time 0.86s
Epoch: 26/150 Iter: 46/96 loss: 0.3921 acc: 0.7769 time 0.77s
Epoch: 26/150 Iter: 47/96 loss: 0.3879 acc: 0.7790 time 0.87s
Epoch: 26/150 Iter: 48/96 loss: 0.3840 acc: 0.7836 time 0.78s
Epoch: 26/150 Iter: 49/96 loss: 0.3804 acc: 0.7880 time 0.70s
Epoch: 26/150 Iter: 50/96 loss: 0.3813 acc: 0.7822 time 0.88s
Epoch: 26/150 Iter: 51/96 loss: 0.3813 acc: 0.7816 time 0.70s
Epoch: 26/150 Iter: 52/96 loss: 0.3833 acc: 0.7810 time 0.77s
Epoch: 26/150 Iter: 53/96 loss: 0.3792 acc: 0.7851 time 0.77s
Epoch: 26/150 Iter: 54/96 loss: 0.3880 acc: 0.7798 time 0.69s
Epoch: 26/150 Iter: 55/96 loss: 0.3900 acc: 0.7770 time 0.70s
Epoch: 26/150 Iter: 56/96 loss: 0.3866 acc: 0.7792 time 0.87s
Epoch: 26/150 Iter: 57/96 loss: 0.3878 acc: 0.7753 time 0.70s
Epoch: 26/150 Iter: 58/96 loss: 0.4071 acc: 0.7734 time 0.86s
Epoch: 26/150 Iter: 59/96 loss: 0.4113 acc: 0.7688 time 0.72s
Epoch: 26/150 Iter: 60/96 loss: 0.4088 acc: 0.7699 time 0.87s
Epoch: 26/150 Iter: 61/96 loss: 0.4037 acc: 0.7736 time 0.87s
Epoch: 26/150 Iter: 62/96 loss: 0.4168 acc: 0.7665 time 0.74s
Epoch: 26/150 Iter: 63/96 loss: 0.4184 acc: 0.7702 time 0.76s
Epoch: 26/150 Iter: 64/96 loss: 0.4145 acc: 0.7721 time 0.70s
Epoch: 26/150 Iter: 65/96 loss: 0.4161 acc: 0.7692 time 0.70s
Epoch: 26/150 Iter: 66/96 loss: 0.4124 acc: 0.7727 time 0.75s
Epoch: 26/150 Iter: 67/96 loss: 0.4155 acc: 0.7674 time 0.94s
Epoch: 26/150 Iter: 68/96 loss: 0.4117 acc: 0.7683 time 0.70s
Epoch: 26/150 Iter: 69/96 loss: 0.4104 acc: 0.7645 time 0.77s
Epoch: 26/150 Iter: 70/96 loss: 0.4060 acc: 0.7678 time 0.87s
Epoch: 26/150 Iter: 71/96 loss: 0.4055 acc: 0.7640 time 0.71s
Epoch: 26/150 Iter: 72/96 loss: 0.4115 acc: 0.7604 time 0.88s
Epoch: 26/150 Iter: 73/96 loss: 0.4078 acc: 0.7637 time 0.78s
Epoch: 26/150 Iter: 74/96 loss: 0.4054 acc: 0.7639 time 0.87s
Epoch: 26/150 Iter: 75/96 loss: 0.4069 acc: 0.7657 time 0.87s
Epoch: 26/150 Iter: 76/96 loss: 0.4073 acc: 0.7638 time 0.97s
Epoch: 26/150 Iter: 77/96 loss: 0.4034 acc: 0.7669 time 0.89s
Epoch: 26/150 Iter: 78/96 loss: 0.4171 acc: 0.7599 time 0.87s
Epoch: 26/150 Iter: 79/96 loss: 0.4135 acc: 0.7619 time 0.87s
Epoch: 26/150 Iter: 80/96 loss: 0.4110 acc: 0.7649 time 0.77s
Epoch: 26/150 Iter: 81/96 loss: 0.4147 acc: 0.7641 time 0.86s
Epoch: 26/150 Iter: 82/96 loss: 0.4262 acc: 0.7588 time 0.70s
Epoch: 26/150 Iter: 83/96 loss: 0.4302 acc: 0.7581 time 0.86s
Epoch: 26/150 Iter: 84/96 loss: 0.4297 acc: 0.7595 time 0.68s
Epoch: 26/150 Iter: 85/96 loss: 0.4302 acc: 0.7584 time 0.70s
Epoch: 26/150 Iter: 86/96 loss: 0.4342 acc: 0.7554 time 0.70s
Epoch: 26/150 Iter: 87/96 loss: 0.4324 acc: 0.7569 time 0.70s
Epoch: 26/150 Iter: 88/96 loss: 0.4345 acc: 0.7583 time 0.69s
Epoch: 26/150 Iter: 89/96 loss: 0.4360 acc: 0.7554 time 0.69s
Epoch: 26/150 Iter: 90/96 loss: 0.4333 acc: 0.7581 time 0.87s
Epoch: 26/150 Iter: 91/96 loss: 0.4308 acc: 0.7607 time 0.86s
Epoch: 26/150 Iter: 92/96 loss: 0.4278 acc: 0.7633 time 0.86s
Epoch: 26/150 Iter: 93/96 loss: 0.4361 acc: 0.7587 time 0.70s
Epoch: 26/150 Iter: 94/96 loss: 0.4390 acc: 0.7554 time 0.71s
Epoch: 26/150 Iter: 95/96 loss: 0.4357 acc: 0.7580 time 0.86s
Epoch: 26/150 Iter: 96/96 loss: 0.4329 acc: 0.7605 time 0.69s
[Train epoch 26] avg_loss=0.4329 avg_acc=0.7605 | per-class [c0: 0.776, c1: 0.833, c2: 0.834]
Final training 26/150, loss: 0.4329, time 75.63s, lr: 0.000954
Accuracy: 0.806
class                  precision    recall   specificity      f1   support
--------------------------------------------------------------------------
0                          0.879     0.776         0.898   0.824       281
1                          0.490     0.833         0.952   0.617        30
2                          0.798     0.834         0.820   0.815       265
*----------------------------------------*
Val 26/150 1/24, Acc: 0.5000, Loss: 3.4914, time 0.68s
Val 26/150 2/24, Acc: 0.5278, Loss: 2.0844, time 0.67s
Val 26/150 3/24, Acc: 0.5926, Loss: 1.5279, time 0.67s
Val 26/150 4/24, Acc: 0.6944, Loss: 1.1692, time 0.67s
Val 26/150 5/24, Acc: 0.7056, Loss: 1.0014, time 0.67s
Val 26/150 6/24, Acc: 0.7338, Loss: 0.8665, time 0.67s
Val 26/150 7/24, Acc: 0.7123, Loss: 0.8627, time 0.67s
Val 26/150 8/24, Acc: 0.7014, Loss: 0.7966, time 0.67s
Val 26/150 9/24, Acc: 0.6827, Loss: 0.7570, time 0.67s
Val 26/150 10/24, Acc: 0.7144, Loss: 0.7046, time 0.67s
Val 26/150 11/24, Acc: 0.7404, Loss: 0.6713, time 0.67s
Val 26/150 12/24, Acc: 0.7134, Loss: 0.6585, time 0.67s
Val 26/150 13/24, Acc: 0.6970, Loss: 0.6338, time 0.67s
Val 26/150 14/24, Acc: 0.7097, Loss: 0.6206, time 0.67s
Val 26/150 15/24, Acc: 0.7235, Loss: 0.6376, time 0.67s
Val 26/150 16/24, Acc: 0.7345, Loss: 0.6159, time 0.67s
Val 26/150 17/24, Acc: 0.7502, Loss: 0.5854, time 0.67s
Val 26/150 18/24, Acc: 0.7432, Loss: 0.5776, time 0.67s
Val 26/150 19/24, Acc: 0.7515, Loss: 0.5652, time 0.67s
Val 26/150 20/24, Acc: 0.7361, Loss: 0.5962, time 0.67s
Val 26/150 21/24, Acc: 0.7487, Loss: 0.5732, time 0.67s
Val 26/150 22/24, Acc: 0.7525, Loss: 0.5685, time 0.67s
Val 26/150 23/24, Acc: 0.7415, Loss: 0.6754, time 0.67s
Val 26/150 24/24, Acc: 0.7407, Loss: 0.6613, time 0.67s
[Val epoch 26] avg_acc=0.7407 | avg_loss=0.6613 | per-class [c0: 0.829, c1: 0.750, c2: 0.803]
Final validation 26/150, Val_acc: 0.7407, time 16.04sAccuracy: 0.812
class                  precision    recall   specificity      f1   support
--------------------------------------------------------------------------
0                          0.906     0.829         0.919   0.866        70
1                          0.375     0.750         0.926   0.500         8
2                          0.828     0.803         0.859   0.815        66
*========================================*
Saving checkpoint outputs/OrganoidsINRIA_XYZ_thinning_128/swinunetr/2026-02-23-11-31/training/model_final.pt
[EarlyStopping] no improve (1/40)
[EarlyStopping] no improve (3/40)
0 Mon Feb 23 12:09:38 2026 Epoch: 27
Epoch: 27/150 Iter: 1/96 loss: 0.1729 acc: 0.8333 time 1.07s
Epoch: 27/150 Iter: 2/96 loss: 0.1565 acc: 0.9167 time 0.87s
Epoch: 27/150 Iter: 3/96 loss: 0.1806 acc: 0.8333 time 0.78s
Epoch: 27/150 Iter: 4/96 loss: 0.2693 acc: 0.7813 time 0.87s
Epoch: 27/150 Iter: 5/96 loss: 0.3715 acc: 0.7139 time 0.78s
Epoch: 27/150 Iter: 6/96 loss: 0.4098 acc: 0.6449 time 0.74s
Epoch: 27/150 Iter: 7/96 loss: 0.4182 acc: 0.6321 time 0.87s
Epoch: 27/150 Iter: 8/96 loss: 0.3912 acc: 0.6781 time 0.87s
Epoch: 27/150 Iter: 9/96 loss: 0.3705 acc: 0.6954 time 0.74s
Epoch: 27/150 Iter: 10/96 loss: 0.3518 acc: 0.7175 time 0.86s
Epoch: 27/150 Iter: 11/96 loss: 0.3326 acc: 0.7432 time 0.87s
Epoch: 27/150 Iter: 12/96 loss: 0.3379 acc: 0.7646 time 0.87s
Epoch: 27/150 Iter: 13/96 loss: 0.3684 acc: 0.7538 time 0.75s
Epoch: 27/150 Iter: 14/96 loss: 0.3515 acc: 0.7714 time 0.74s
Epoch: 27/150 Iter: 15/96 loss: 0.3355 acc: 0.7867 time 0.77s
Epoch: 27/150 Iter: 16/96 loss: 0.3325 acc: 0.7922 time 0.87s
Epoch: 27/150 Iter: 17/96 loss: 0.3290 acc: 0.7971 time 0.71s
Epoch: 27/150 Iter: 18/96 loss: 0.3228 acc: 0.8083 time 0.87s
Epoch: 27/150 Iter: 19/96 loss: 0.3118 acc: 0.8184 time 0.71s
Epoch: 27/150 Iter: 20/96 loss: 0.3061 acc: 0.8150 time 0.87s
Epoch: 27/150 Iter: 21/96 loss: 0.3031 acc: 0.8159 time 0.87s
Epoch: 27/150 Iter: 22/96 loss: 0.3554 acc: 0.8091 time 0.70s
Epoch: 27/150 Iter: 23/96 loss: 0.3552 acc: 0.7957 time 0.86s
Epoch: 27/150 Iter: 24/96 loss: 0.3727 acc: 0.7833 time 0.87s
Epoch: 27/150 Iter: 25/96 loss: 0.4007 acc: 0.7698 time 0.70s
Epoch: 27/150 Iter: 26/96 loss: 0.3890 acc: 0.7786 time 0.71s
Epoch: 27/150 Iter: 27/96 loss: 0.3822 acc: 0.7868 time 0.87s
Epoch: 27/150 Iter: 28/96 loss: 0.4141 acc: 0.7706 time 0.86s
Epoch: 27/150 Iter: 29/96 loss: 0.4241 acc: 0.7625 time 0.72s
Epoch: 27/150 Iter: 30/96 loss: 0.4140 acc: 0.7704 time 0.87s
Epoch: 27/150 Iter: 31/96 loss: 0.4434 acc: 0.7536 time 0.70s
Epoch: 27/150 Iter: 32/96 loss: 0.4714 acc: 0.7535 time 0.70s
Epoch: 27/150 Iter: 33/96 loss: 0.4624 acc: 0.7579 time 0.78s
Epoch: 27/150 Iter: 34/96 loss: 0.4591 acc: 0.7569 time 0.87s
Epoch: 27/150 Iter: 35/96 loss: 0.4629 acc: 0.7471 time 0.70s
Epoch: 27/150 Iter: 36/96 loss: 0.4592 acc: 0.7542 time 0.70s
Epoch: 27/150 Iter: 37/96 loss: 0.4599 acc: 0.7533 time 0.72s
Epoch: 27/150 Iter: 38/96 loss: 0.4539 acc: 0.7510 time 0.94s
Epoch: 27/150 Iter: 39/96 loss: 0.4471 acc: 0.7574 time 0.70s
Epoch: 27/150 Iter: 40/96 loss: 0.4386 acc: 0.7635 time 0.70s
Epoch: 27/150 Iter: 41/96 loss: 0.4388 acc: 0.7652 time 0.70s
Epoch: 27/150 Iter: 42/96 loss: 0.4338 acc: 0.7708 time 0.69s
Epoch: 27/150 Iter: 43/96 loss: 0.4303 acc: 0.7761 time 0.70s
Epoch: 27/150 Iter: 44/96 loss: 0.4340 acc: 0.7686 time 0.86s
Epoch: 27/150 Iter: 45/96 loss: 0.4338 acc: 0.7681 time 0.70s
Epoch: 27/150 Iter: 46/96 loss: 0.4339 acc: 0.7696 time 0.70s
Epoch: 27/150 Iter: 47/96 loss: 0.4281 acc: 0.7745 time 0.72s
Epoch: 27/150 Iter: 48/96 loss: 0.4287 acc: 0.7740 time 0.70s
Epoch: 27/150 Iter: 49/96 loss: 0.4310 acc: 0.7718 time 0.87s
Epoch: 27/150 Iter: 50/96 loss: 0.4249 acc: 0.7763 time 0.70s
Epoch: 27/150 Iter: 51/96 loss: 0.4267 acc: 0.7775 time 0.87s
Epoch: 27/150 Iter: 52/96 loss: 0.4209 acc: 0.7817 time 0.77s
Epoch: 27/150 Iter: 53/96 loss: 0.4193 acc: 0.7840 time 0.87s
Epoch: 27/150 Iter: 54/96 loss: 0.4154 acc: 0.7856 time 0.86s
Epoch: 27/150 Iter: 55/96 loss: 0.4089 acc: 0.7895 time 0.86s
Epoch: 27/150 Iter: 56/96 loss: 0.4051 acc: 0.7933 time 0.87s
Epoch: 27/150 Iter: 57/96 loss: 0.4010 acc: 0.7969 time 0.71s
Epoch: 27/150 Iter: 58/96 loss: 0.4249 acc: 0.7889 time 0.69s
Epoch: 27/150 Iter: 59/96 loss: 0.4289 acc: 0.7840 time 0.79s
Epoch: 27/150 Iter: 60/96 loss: 0.4256 acc: 0.7856 time 0.86s
Epoch: 27/150 Iter: 61/96 loss: 0.4271 acc: 0.7845 time 0.76s
Epoch: 27/150 Iter: 62/96 loss: 0.4273 acc: 0.7808 time 0.78s
Epoch: 27/150 Iter: 63/96 loss: 0.4244 acc: 0.7817 time 0.72s
Epoch: 27/150 Iter: 64/96 loss: 0.4215 acc: 0.7831 time 0.78s
Epoch: 27/150 Iter: 65/96 loss: 0.4176 acc: 0.7865 time 0.77s
Epoch: 27/150 Iter: 66/96 loss: 0.4166 acc: 0.7882 time 0.76s
Epoch: 27/150 Iter: 67/96 loss: 0.4113 acc: 0.7913 time 0.79s
Epoch: 27/150 Iter: 68/96 loss: 0.4133 acc: 0.7907 time 0.88s
Epoch: 27/150 Iter: 69/96 loss: 0.4126 acc: 0.7913 time 0.86s
Epoch: 27/150 Iter: 70/96 loss: 0.4214 acc: 0.7860 time 0.71s
Epoch: 27/150 Iter: 71/96 loss: 0.4221 acc: 0.7867 time 0.73s
Epoch: 27/150 Iter: 72/96 loss: 0.4214 acc: 0.7879 time 0.87s
Epoch: 27/150 Iter: 73/96 loss: 0.4225 acc: 0.7885 time 0.71s
Epoch: 27/150 Iter: 74/96 loss: 0.4180 acc: 0.7914 time 0.87s
Epoch: 27/150 Iter: 75/96 loss: 0.4217 acc: 0.7875 time 0.78s
Epoch: 27/150 Iter: 76/96 loss: 0.4199 acc: 0.7903 time 0.72s
Epoch: 27/150 Iter: 77/96 loss: 0.4184 acc: 0.7908 time 0.87s
Epoch: 27/150 Iter: 78/96 loss: 0.4134 acc: 0.7935 time 0.71s
Epoch: 27/150 Iter: 79/96 loss: 0.4298 acc: 0.7919 time 0.69s
Epoch: 27/150 Iter: 80/96 loss: 0.4399 acc: 0.7883 time 0.87s
Epoch: 27/150 Iter: 81/96 loss: 0.4454 acc: 0.7878 time 0.87s
Epoch: 27/150 Iter: 82/96 loss: 0.4425 acc: 0.7904 time 0.69s
Epoch: 27/150 Iter: 83/96 loss: 0.4513 acc: 0.7884 time 0.86s
Epoch: 27/150 Iter: 84/96 loss: 0.4547 acc: 0.7885 time 0.86s
Epoch: 27/150 Iter: 85/96 loss: 0.4540 acc: 0.7891 time 0.70s
Epoch: 27/150 Iter: 86/96 loss: 0.4589 acc: 0.7867 time 0.69s
Epoch: 27/150 Iter: 87/96 loss: 0.4571 acc: 0.7840 time 0.69s
Epoch: 27/150 Iter: 88/96 loss: 0.4541 acc: 0.7865 time 0.86s
Epoch: 27/150 Iter: 89/96 loss: 0.4515 acc: 0.7851 time 0.86s
Epoch: 27/150 Iter: 90/96 loss: 0.4500 acc: 0.7861 time 0.86s
Epoch: 27/150 Iter: 91/96 loss: 0.4523 acc: 0.7871 time 0.86s
Epoch: 27/150 Iter: 92/96 loss: 0.4497 acc: 0.7876 time 0.86s
Epoch: 27/150 Iter: 93/96 loss: 0.4486 acc: 0.7885 time 0.86s
Epoch: 27/150 Iter: 94/96 loss: 0.4477 acc: 0.7899 time 0.70s
Epoch: 27/150 Iter: 95/96 loss: 0.4474 acc: 0.7895 time 0.71s
Epoch: 27/150 Iter: 96/96 loss: 0.4499 acc: 0.7878 time 0.70s
[Train epoch 27] avg_loss=0.4499 avg_acc=0.7878 | per-class [c0: 0.800, c1: 0.833, c2: 0.838]
Final training 27/150, loss: 0.4499, time 75.80s, lr: 0.000949
Accuracy: 0.819
class                  precision    recall   specificity      f1   support
--------------------------------------------------------------------------
0                          0.872     0.800         0.889   0.834       280
1                          0.532     0.833         0.960   0.649        30
2                          0.820     0.838         0.842   0.829       266
*----------------------------------------*
0 Mon Feb 23 12:10:54 2026 Epoch: 28
Epoch: 28/150 Iter: 1/96 loss: 0.4576 acc: 0.6667 time 1.31s
Epoch: 28/150 Iter: 2/96 loss: 0.4558 acc: 0.7083 time 0.71s
Epoch: 28/150 Iter: 3/96 loss: 0.5749 acc: 0.6204 time 0.87s
Epoch: 28/150 Iter: 4/96 loss: 0.5191 acc: 0.6875 time 0.86s
Epoch: 28/150 Iter: 5/96 loss: 0.4706 acc: 0.6611 time 0.87s
Epoch: 28/150 Iter: 6/96 loss: 0.4499 acc: 0.7037 time 0.72s
Epoch: 28/150 Iter: 7/96 loss: 0.4863 acc: 0.7103 time 0.75s
Epoch: 28/150 Iter: 8/96 loss: 0.4312 acc: 0.7465 time 0.72s
Epoch: 28/150 Iter: 9/96 loss: 0.4359 acc: 0.7562 time 0.86s
Epoch: 28/150 Iter: 10/96 loss: 0.4760 acc: 0.7556 time 0.70s
Epoch: 28/150 Iter: 11/96 loss: 0.4699 acc: 0.7475 time 0.75s
Epoch: 28/150 Iter: 12/96 loss: 0.5003 acc: 0.7407 time 0.71s
Epoch: 28/150 Iter: 13/96 loss: 0.5130 acc: 0.7511 time 0.75s
Epoch: 28/150 Iter: 14/96 loss: 0.5187 acc: 0.7411 time 0.88s
Epoch: 28/150 Iter: 15/96 loss: 0.5051 acc: 0.7194 time 0.70s
Epoch: 28/150 Iter: 16/96 loss: 0.4976 acc: 0.7292 time 0.86s
Epoch: 28/150 Iter: 17/96 loss: 0.4845 acc: 0.7451 time 0.77s
Epoch: 28/150 Iter: 18/96 loss: 0.4784 acc: 0.7500 time 0.87s
Epoch: 28/150 Iter: 19/96 loss: 0.4784 acc: 0.7325 time 0.86s
Epoch: 28/150 Iter: 20/96 loss: 0.4612 acc: 0.7403 time 0.77s
Epoch: 28/150 Iter: 21/96 loss: 0.4653 acc: 0.7394 time 0.73s
Epoch: 28/150 Iter: 22/96 loss: 0.4690 acc: 0.7456 time 0.70s
Epoch: 28/150 Iter: 23/96 loss: 0.4660 acc: 0.7458 time 0.71s
Epoch: 28/150 Iter: 24/96 loss: 0.4644 acc: 0.7494 time 0.75s
Epoch: 28/150 Iter: 25/96 loss: 0.4480 acc: 0.7594 time 0.91s
Epoch: 28/150 Iter: 26/96 loss: 0.4484 acc: 0.7623 time 0.75s
Epoch: 28/150 Iter: 27/96 loss: 0.4473 acc: 0.7618 time 0.72s
Epoch: 28/150 Iter: 28/96 loss: 0.4405 acc: 0.7644 time 0.70s
Epoch: 28/150 Iter: 29/96 loss: 0.4303 acc: 0.7725 time 0.76s
Epoch: 28/150 Iter: 30/96 loss: 0.4380 acc: 0.7606 time 0.87s
Epoch: 28/150 Iter: 31/96 loss: 0.4309 acc: 0.7684 time 0.73s
Epoch: 28/150 Iter: 32/96 loss: 0.4262 acc: 0.7756 time 0.71s
Epoch: 28/150 Iter: 33/96 loss: 0.4255 acc: 0.7774 time 0.75s
Epoch: 28/150 Iter: 34/96 loss: 0.4209 acc: 0.7839 time 0.74s
Epoch: 28/150 Iter: 35/96 loss: 0.4169 acc: 0.7877 time 0.72s
Epoch: 28/150 Iter: 36/96 loss: 0.4248 acc: 0.7890 time 0.86s
Epoch: 28/150 Iter: 37/96 loss: 0.4186 acc: 0.7947 time 0.87s
Epoch: 28/150 Iter: 38/96 loss: 0.4129 acc: 0.8001 time 0.93s
Epoch: 28/150 Iter: 39/96 loss: 0.4112 acc: 0.7945 time 0.86s
Epoch: 28/150 Iter: 40/96 loss: 0.4129 acc: 0.7955 time 0.70s
Epoch: 28/150 Iter: 41/96 loss: 0.4113 acc: 0.7964 time 0.90s
Epoch: 28/150 Iter: 42/96 loss: 0.4107 acc: 0.7973 time 0.70s
Epoch: 28/150 Iter: 43/96 loss: 0.4060 acc: 0.8020 time 0.87s
Epoch: 28/150 Iter: 44/96 loss: 0.4027 acc: 0.8065 time 0.70s
Epoch: 28/150 Iter: 45/96 loss: 0.4004 acc: 0.8046 time 0.87s
Epoch: 28/150 Iter: 46/96 loss: 0.3935 acc: 0.8089 time 0.75s
Epoch: 28/150 Iter: 47/96 loss: 0.3872 acc: 0.8129 time 0.71s
Epoch: 28/150 Iter: 48/96 loss: 0.3884 acc: 0.8111 time 0.87s
Epoch: 28/150 Iter: 49/96 loss: 0.3862 acc: 0.8149 time 0.82s
Epoch: 28/150 Iter: 50/96 loss: 0.3938 acc: 0.8086 time 0.69s
Epoch: 28/150 Iter: 51/96 loss: 0.3917 acc: 0.8099 time 0.73s
Epoch: 28/150 Iter: 52/96 loss: 0.3890 acc: 0.8104 time 0.71s
Epoch: 28/150 Iter: 53/96 loss: 0.3954 acc: 0.8045 time 0.75s
Epoch: 28/150 Iter: 54/96 loss: 0.3953 acc: 0.8066 time 0.77s
Epoch: 28/150 Iter: 55/96 loss: 0.4037 acc: 0.8040 time 0.87s
Epoch: 28/150 Iter: 56/96 loss: 0.3995 acc: 0.8075 time 0.72s
Epoch: 28/150 Iter: 57/96 loss: 0.3940 acc: 0.8109 time 0.80s
Epoch: 28/150 Iter: 58/96 loss: 0.3941 acc: 0.8125 time 0.73s
Epoch: 28/150 Iter: 59/96 loss: 0.3979 acc: 0.8100 time 0.78s
Epoch: 28/150 Iter: 60/96 loss: 0.4001 acc: 0.8085 time 0.72s
Epoch: 28/150 Iter: 61/96 loss: 0.4176 acc: 0.8040 time 0.71s
Epoch: 28/150 Iter: 62/96 loss: 0.4333 acc: 0.7964 time 0.74s
Epoch: 28/150 Iter: 63/96 loss: 0.4290 acc: 0.7996 time 0.87s
Epoch: 28/150 Iter: 64/96 loss: 0.4367 acc: 0.7976 time 0.87s
Epoch: 28/150 Iter: 65/96 loss: 0.4330 acc: 0.7981 time 0.87s
Epoch: 28/150 Iter: 66/96 loss: 0.4297 acc: 0.8012 time 0.87s
Epoch: 28/150 Iter: 67/96 loss: 0.4640 acc: 0.7967 time 0.71s
Epoch: 28/150 Iter: 68/96 loss: 0.4632 acc: 0.7928 time 0.71s
Epoch: 28/150 Iter: 69/96 loss: 0.4597 acc: 0.7958 time 0.71s
Epoch: 28/150 Iter: 70/96 loss: 0.4569 acc: 0.7952 time 0.74s
Epoch: 28/150 Iter: 71/96 loss: 0.4551 acc: 0.7963 time 0.76s
Epoch: 28/150 Iter: 72/96 loss: 0.4583 acc: 0.7910 time 0.87s
Epoch: 28/150 Iter: 73/96 loss: 0.4616 acc: 0.7866 time 0.88s
Epoch: 28/150 Iter: 74/96 loss: 0.4667 acc: 0.7827 time 0.87s
Epoch: 28/150 Iter: 75/96 loss: 0.4654 acc: 0.7797 time 0.72s
Epoch: 28/150 Iter: 76/96 loss: 0.4613 acc: 0.7826 time 0.78s
Epoch: 28/150 Iter: 77/96 loss: 0.4604 acc: 0.7778 time 0.93s
Epoch: 28/150 Iter: 78/96 loss: 0.4565 acc: 0.7796 time 0.70s
Epoch: 28/150 Iter: 79/96 loss: 0.4534 acc: 0.7824 time 0.70s
Epoch: 28/150 Iter: 80/96 loss: 0.4512 acc: 0.7830 time 0.70s
Epoch: 28/150 Iter: 81/96 loss: 0.4488 acc: 0.7842 time 0.70s
Epoch: 28/150 Iter: 82/96 loss: 0.4557 acc: 0.7807 time 0.69s
Epoch: 28/150 Iter: 83/96 loss: 0.4596 acc: 0.7780 time 0.86s
Epoch: 28/150 Iter: 84/96 loss: 0.4561 acc: 0.7806 time 0.86s
Epoch: 28/150 Iter: 85/96 loss: 0.4543 acc: 0.7832 time 0.86s
Epoch: 28/150 Iter: 86/96 loss: 0.4649 acc: 0.7806 time 0.69s
Epoch: 28/150 Iter: 87/96 loss: 0.4638 acc: 0.7831 time 0.69s
Epoch: 28/150 Iter: 88/96 loss: 0.4675 acc: 0.7818 time 0.69s
Epoch: 28/150 Iter: 89/96 loss: 0.4652 acc: 0.7823 time 0.69s
Epoch: 28/150 Iter: 90/96 loss: 0.4630 acc: 0.7829 time 0.71s
Epoch: 28/150 Iter: 91/96 loss: 0.4584 acc: 0.7853 time 0.69s
Epoch: 28/150 Iter: 92/96 loss: 0.4558 acc: 0.7876 time 0.69s
Epoch: 28/150 Iter: 93/96 loss: 0.4526 acc: 0.7872 time 0.86s
Epoch: 28/150 Iter: 94/96 loss: 0.4513 acc: 0.7868 time 0.70s
Epoch: 28/150 Iter: 95/96 loss: 0.4497 acc: 0.7849 time 0.85s
Epoch: 28/150 Iter: 96/96 loss: 0.4465 acc: 0.7871 time 0.77s
[Train epoch 28] avg_loss=0.4465 avg_acc=0.7871 | per-class [c0: 0.808, c1: 0.867, c2: 0.842]
Final training 28/150, loss: 0.4465, time 74.97s, lr: 0.000944
Accuracy: 0.826
class                  precision    recall   specificity      f1   support
--------------------------------------------------------------------------
0                          0.883     0.808         0.898   0.844       281
1                          0.510     0.867         0.954   0.642        30
2                          0.832     0.842         0.855   0.837       265
*----------------------------------------*
Val 28/150 1/24, Acc: 0.5000, Loss: 4.1316, time 0.68s
Val 28/150 2/24, Acc: 0.5278, Loss: 2.4577, time 0.67s
Val 28/150 3/24, Acc: 0.5926, Loss: 1.7968, time 0.67s
Val 28/150 4/24, Acc: 0.6944, Loss: 1.3728, time 0.67s
Val 28/150 5/24, Acc: 0.7056, Loss: 1.1734, time 0.67s
Val 28/150 6/24, Acc: 0.7546, Loss: 1.0008, time 0.67s
Val 28/150 7/24, Acc: 0.7302, Loss: 0.9908, time 0.67s
Val 28/150 8/24, Acc: 0.7483, Loss: 0.9111, time 0.67s
Val 28/150 9/24, Acc: 0.7170, Loss: 0.8865, time 0.67s
Val 28/150 10/24, Acc: 0.7453, Loss: 0.8163, time 0.67s
Val 28/150 11/24, Acc: 0.7684, Loss: 0.7564, time 0.67s
Val 28/150 12/24, Acc: 0.7391, Loss: 0.7296, time 0.67s
Val 28/150 13/24, Acc: 0.7207, Loss: 0.7077, time 0.67s
Val 28/150 14/24, Acc: 0.7317, Loss: 0.6828, time 0.67s
Val 28/150 15/24, Acc: 0.7441, Loss: 0.6950, time 0.67s
Val 28/150 16/24, Acc: 0.7538, Loss: 0.6686, time 0.67s
Val 28/150 17/24, Acc: 0.7683, Loss: 0.6341, time 0.67s
Val 28/150 18/24, Acc: 0.7742, Loss: 0.6237, time 0.67s
Val 28/150 19/24, Acc: 0.7808, Loss: 0.6038, time 0.67s
Val 28/150 20/24, Acc: 0.7640, Loss: 0.6333, time 0.67s
Val 28/150 21/24, Acc: 0.7753, Loss: 0.6093, time 0.67s
Val 28/150 22/24, Acc: 0.7779, Loss: 0.6022, time 0.67s
Val 28/150 23/24, Acc: 0.7658, Loss: 0.6858, time 0.67s
Val 28/150 24/24, Acc: 0.7640, Loss: 0.6735, time 0.67s
[Val epoch 28] avg_acc=0.7640 | avg_loss=0.6735 | per-class [c0: 0.843, c1: 0.750, c2: 0.818]
Final validation 28/150, Val_acc: 0.7640, time 16.04sAccuracy: 0.826
class                  precision    recall   specificity      f1   support
--------------------------------------------------------------------------
0                          0.922     0.843         0.932   0.881        70
1                          0.375     0.750         0.926   0.500         8
2                          0.844     0.818         0.872   0.831        66
*========================================*
New best (0.760880 --> 0.764005)
Saving checkpoint outputs/OrganoidsINRIA_XYZ_thinning_128/swinunetr/2026-02-23-11-31/training/model_final.pt
Copying best model to best_model.pt
[EarlyStopping] no improve (2/40)
[EarlyStopping] no improve (4/40)
0 Mon Feb 23 12:12:36 2026 Epoch: 29
Epoch: 29/150 Iter: 1/96 loss: 0.4723 acc: 0.5556 time 1.28s
Epoch: 29/150 Iter: 2/96 loss: 0.4700 acc: 0.6528 time 0.71s
Epoch: 29/150 Iter: 3/96 loss: 0.4010 acc: 0.7685 time 0.87s
Epoch: 29/150 Iter: 4/96 loss: 0.4486 acc: 0.7153 time 0.70s
Epoch: 29/150 Iter: 5/96 loss: 0.3724 acc: 0.7722 time 0.70s
Epoch: 29/150 Iter: 6/96 loss: 0.3480 acc: 0.7917 time 0.71s
Epoch: 29/150 Iter: 7/96 loss: 0.3233 acc: 0.8214 time 0.87s
Epoch: 29/150 Iter: 8/96 loss: 0.3185 acc: 0.8281 time 0.70s
Epoch: 29/150 Iter: 9/96 loss: 0.2913 acc: 0.8472 time 0.77s
Epoch: 29/150 Iter: 10/96 loss: 0.3327 acc: 0.8025 time 0.87s
Epoch: 29/150 Iter: 11/96 loss: 0.3620 acc: 0.8091 time 0.69s
Epoch: 29/150 Iter: 12/96 loss: 0.3406 acc: 0.8250 time 0.77s
Epoch: 29/150 Iter: 13/96 loss: 0.3372 acc: 0.8385 time 0.71s
Epoch: 29/150 Iter: 14/96 loss: 0.3413 acc: 0.8421 time 0.70s
Epoch: 29/150 Iter: 15/96 loss: 0.3292 acc: 0.8526 time 0.87s
Epoch: 29/150 Iter: 16/96 loss: 0.3249 acc: 0.8549 time 0.87s
Epoch: 29/150 Iter: 17/96 loss: 0.3292 acc: 0.8516 time 0.74s
Epoch: 29/150 Iter: 18/96 loss: 0.3315 acc: 0.8275 time 0.77s
Epoch: 29/150 Iter: 19/96 loss: 0.3192 acc: 0.8365 time 0.75s
Epoch: 29/150 Iter: 20/96 loss: 0.3256 acc: 0.8225 time 0.70s
Epoch: 29/150 Iter: 21/96 loss: 0.3385 acc: 0.8177 time 0.70s
Epoch: 29/150 Iter: 22/96 loss: 0.3802 acc: 0.7995 time 0.70s
Epoch: 29/150 Iter: 23/96 loss: 0.4542 acc: 0.7937 time 0.86s
Epoch: 29/150 Iter: 24/96 loss: 0.4449 acc: 0.7977 time 0.87s
Epoch: 29/150 Iter: 25/96 loss: 0.4453 acc: 0.7991 time 0.75s
Epoch: 29/150 Iter: 26/96 loss: 0.4363 acc: 0.7940 time 0.76s
Epoch: 29/150 Iter: 27/96 loss: 0.4218 acc: 0.8016 time 0.71s
Epoch: 29/150 Iter: 28/96 loss: 0.4118 acc: 0.8087 time 0.79s
Epoch: 29/150 Iter: 29/96 loss: 0.4045 acc: 0.8153 time 0.72s
Epoch: 29/150 Iter: 30/96 loss: 0.4003 acc: 0.8215 time 0.87s
Epoch: 29/150 Iter: 31/96 loss: 0.4065 acc: 0.8111 time 0.87s
Epoch: 29/150 Iter: 32/96 loss: 0.3978 acc: 0.8170 time 0.75s
Epoch: 29/150 Iter: 33/96 loss: 0.3928 acc: 0.8226 time 0.88s
Epoch: 29/150 Iter: 34/96 loss: 0.3857 acc: 0.8278 time 0.70s
Epoch: 29/150 Iter: 35/96 loss: 0.3779 acc: 0.8327 time 0.75s
Epoch: 29/150 Iter: 36/96 loss: 0.3768 acc: 0.8281 time 0.87s
Epoch: 29/150 Iter: 37/96 loss: 0.3912 acc: 0.8147 time 0.71s
Epoch: 29/150 Iter: 38/96 loss: 0.3892 acc: 0.8170 time 0.88s
Epoch: 29/150 Iter: 39/96 loss: 0.3826 acc: 0.8217 time 0.87s
Epoch: 29/150 Iter: 40/96 loss: 0.3765 acc: 0.8261 time 0.70s
Epoch: 29/150 Iter: 41/96 loss: 0.3758 acc: 0.8273 time 0.73s
Epoch: 29/150 Iter: 42/96 loss: 0.3827 acc: 0.8274 time 0.75s
Epoch: 29/150 Iter: 43/96 loss: 0.3755 acc: 0.8315 time 0.69s
Epoch: 29/150 Iter: 44/96 loss: 0.3882 acc: 0.8277 time 0.70s
Epoch: 29/150 Iter: 45/96 loss: 0.3851 acc: 0.8278 time 0.69s
Epoch: 29/150 Iter: 46/96 loss: 0.3839 acc: 0.8243 time 0.71s
Epoch: 29/150 Iter: 47/96 loss: 0.3803 acc: 0.8281 time 0.74s
Epoch: 29/150 Iter: 48/96 loss: 0.3865 acc: 0.8212 time 0.87s
Epoch: 29/150 Iter: 49/96 loss: 0.3819 acc: 0.8249 time 0.75s
Epoch: 29/150 Iter: 50/96 loss: 0.3792 acc: 0.8234 time 0.78s
Epoch: 29/150 Iter: 51/96 loss: 0.3779 acc: 0.8219 time 0.70s
Epoch: 29/150 Iter: 52/96 loss: 0.3768 acc: 0.8200 time 0.70s
Epoch: 29/150 Iter: 53/96 loss: 0.3733 acc: 0.8159 time 0.69s
Epoch: 29/150 Iter: 54/96 loss: 0.3869 acc: 0.8131 time 0.87s
Epoch: 29/150 Iter: 55/96 loss: 0.3846 acc: 0.8147 time 0.86s
Epoch: 29/150 Iter: 56/96 loss: 0.3831 acc: 0.8150 time 0.73s
Epoch: 29/150 Iter: 57/96 loss: 0.3779 acc: 0.8183 time 0.87s
Epoch: 29/150 Iter: 58/96 loss: 0.3869 acc: 0.8099 time 0.70s
Epoch: 29/150 Iter: 59/96 loss: 0.3832 acc: 0.8113 time 0.87s
Epoch: 29/150 Iter: 60/96 loss: 0.3828 acc: 0.8123 time 0.71s
Epoch: 29/150 Iter: 61/96 loss: 0.3818 acc: 0.8086 time 0.86s
Epoch: 29/150 Iter: 62/96 loss: 0.3842 acc: 0.8036 time 0.77s
Epoch: 29/150 Iter: 63/96 loss: 0.3838 acc: 0.8027 time 0.72s
Epoch: 29/150 Iter: 64/96 loss: 0.3918 acc: 0.8000 time 0.70s
Epoch: 29/150 Iter: 65/96 loss: 0.3937 acc: 0.7953 time 0.75s
Epoch: 29/150 Iter: 66/96 loss: 0.3890 acc: 0.7984 time 0.86s
Epoch: 29/150 Iter: 67/96 loss: 0.3853 acc: 0.8015 time 0.87s
Epoch: 29/150 Iter: 68/96 loss: 0.3845 acc: 0.8044 time 0.87s
Epoch: 29/150 Iter: 69/96 loss: 0.3949 acc: 0.8008 time 0.86s
Epoch: 29/150 Iter: 70/96 loss: 0.3908 acc: 0.8036 time 0.70s
Epoch: 29/150 Iter: 71/96 loss: 0.3889 acc: 0.7993 time 0.87s
Epoch: 29/150 Iter: 72/96 loss: 0.3859 acc: 0.8021 time 0.71s
Epoch: 29/150 Iter: 73/96 loss: 0.3841 acc: 0.8048 time 0.87s
Epoch: 29/150 Iter: 74/96 loss: 0.3799 acc: 0.8075 time 0.86s
Epoch: 29/150 Iter: 75/96 loss: 0.3773 acc: 0.8067 time 0.71s
Epoch: 29/150 Iter: 76/96 loss: 0.3769 acc: 0.8027 time 0.70s
Epoch: 29/150 Iter: 77/96 loss: 0.3745 acc: 0.8052 time 0.87s
Epoch: 29/150 Iter: 78/96 loss: 0.3704 acc: 0.8077 time 0.72s
Epoch: 29/150 Iter: 79/96 loss: 0.3665 acc: 0.8102 time 0.87s
Epoch: 29/150 Iter: 80/96 loss: 0.3628 acc: 0.8125 time 0.72s
Epoch: 29/150 Iter: 81/96 loss: 0.3641 acc: 0.8107 time 0.70s
Epoch: 29/150 Iter: 82/96 loss: 0.3651 acc: 0.8076 time 0.86s
Epoch: 29/150 Iter: 83/96 loss: 0.3666 acc: 0.8019 time 0.69s
Epoch: 29/150 Iter: 84/96 loss: 0.3657 acc: 0.8043 time 0.71s
Epoch: 29/150 Iter: 85/96 loss: 0.3680 acc: 0.8022 time 0.70s
Epoch: 29/150 Iter: 86/96 loss: 0.3689 acc: 0.8033 time 0.86s
Epoch: 29/150 Iter: 87/96 loss: 0.3664 acc: 0.8056 time 0.69s
Epoch: 29/150 Iter: 88/96 loss: 0.3777 acc: 0.8040 time 0.71s
Epoch: 29/150 Iter: 89/96 loss: 0.3747 acc: 0.8062 time 0.70s
Epoch: 29/150 Iter: 90/96 loss: 0.3726 acc: 0.8069 time 0.71s
Epoch: 29/150 Iter: 91/96 loss: 0.3689 acc: 0.8091 time 0.86s
Epoch: 29/150 Iter: 92/96 loss: 0.3680 acc: 0.8084 time 0.69s
Epoch: 29/150 Iter: 93/96 loss: 0.3799 acc: 0.8051 time 0.86s
Epoch: 29/150 Iter: 94/96 loss: 0.3777 acc: 0.8054 time 0.71s
Epoch: 29/150 Iter: 95/96 loss: 0.3803 acc: 0.8031 time 0.86s
Epoch: 29/150 Iter: 96/96 loss: 0.3884 acc: 0.8012 time 0.86s
[Train epoch 29] avg_loss=0.3884 avg_acc=0.8012 | per-class [c0: 0.846, c1: 0.867, c2: 0.865]
Final training 29/150, loss: 0.3884, time 74.58s, lr: 0.000939
Accuracy: 0.856
class                  precision    recall   specificity      f1   support
--------------------------------------------------------------------------
0                          0.912     0.846         0.922   0.878       280
1                          0.542     0.867         0.960   0.667        30
2                          0.858     0.865         0.877   0.861       266
*----------------------------------------*
0 Mon Feb 23 12:13:50 2026 Epoch: 30
Epoch: 30/150 Iter: 1/96 loss: 0.2963 acc: 0.8333 time 1.06s
Epoch: 30/150 Iter: 2/96 loss: 0.7237 acc: 0.6250 time 0.71s
Epoch: 30/150 Iter: 3/96 loss: 0.5916 acc: 0.6667 time 0.87s
Epoch: 30/150 Iter: 4/96 loss: 0.5940 acc: 0.6333 time 0.81s
Epoch: 30/150 Iter: 5/96 loss: 0.5128 acc: 0.7067 time 0.87s
Epoch: 30/150 Iter: 6/96 loss: 0.4584 acc: 0.7185 time 0.76s
Epoch: 30/150 Iter: 7/96 loss: 0.4357 acc: 0.6635 time 0.91s
Epoch: 30/150 Iter: 8/96 loss: 0.4044 acc: 0.6500 time 0.71s
Epoch: 30/150 Iter: 9/96 loss: 0.3651 acc: 0.6889 time 0.76s
Epoch: 30/150 Iter: 10/96 loss: 0.3645 acc: 0.7033 time 0.77s
Epoch: 30/150 Iter: 11/96 loss: 0.3458 acc: 0.7303 time 0.86s
Epoch: 30/150 Iter: 12/96 loss: 0.3709 acc: 0.7319 time 0.74s
Epoch: 30/150 Iter: 13/96 loss: 0.3481 acc: 0.7526 time 0.86s
Epoch: 30/150 Iter: 14/96 loss: 0.3432 acc: 0.7583 time 0.71s
Epoch: 30/150 Iter: 15/96 loss: 0.3305 acc: 0.7744 time 0.78s
Epoch: 30/150 Iter: 16/96 loss: 0.3782 acc: 0.7677 time 0.86s
Epoch: 30/150 Iter: 17/96 loss: 0.3648 acc: 0.7814 time 0.87s
Epoch: 30/150 Iter: 18/96 loss: 0.3498 acc: 0.7935 time 0.87s
Epoch: 30/150 Iter: 19/96 loss: 0.4031 acc: 0.7898 time 0.87s
Epoch: 30/150 Iter: 20/96 loss: 0.4880 acc: 0.7669 time 0.76s
Epoch: 30/150 Iter: 21/96 loss: 0.4723 acc: 0.7780 time 0.70s
Epoch: 30/150 Iter: 22/96 loss: 0.4552 acc: 0.7881 time 0.70s
Epoch: 30/150 Iter: 23/96 loss: 0.4374 acc: 0.7973 time 0.86s
Epoch: 30/150 Iter: 24/96 loss: 0.4292 acc: 0.8058 time 0.87s
Epoch: 30/150 Iter: 25/96 loss: 0.4457 acc: 0.8036 time 0.71s
Epoch: 30/150 Iter: 26/96 loss: 0.4404 acc: 0.7951 time 0.71s
Epoch: 30/150 Iter: 27/96 loss: 0.4510 acc: 0.7829 time 0.87s
Epoch: 30/150 Iter: 28/96 loss: 0.4383 acc: 0.7867 time 0.70s
Epoch: 30/150 Iter: 29/96 loss: 0.4337 acc: 0.7883 time 0.70s
Epoch: 30/150 Iter: 30/96 loss: 0.4333 acc: 0.7912 time 0.75s
Epoch: 30/150 Iter: 31/96 loss: 0.4352 acc: 0.7939 time 0.70s
Epoch: 30/150 Iter: 32/96 loss: 0.4493 acc: 0.7878 time 0.69s
Epoch: 30/150 Iter: 33/96 loss: 0.4517 acc: 0.7892 time 0.71s
Epoch: 30/150 Iter: 34/96 loss: 0.4684 acc: 0.7758 time 0.75s
Epoch: 30/150 Iter: 35/96 loss: 0.4682 acc: 0.7727 time 0.70s
Epoch: 30/150 Iter: 36/96 loss: 0.4602 acc: 0.7721 time 0.71s
Epoch: 30/150 Iter: 37/96 loss: 0.4571 acc: 0.7748 time 0.70s
Epoch: 30/150 Iter: 38/96 loss: 0.4509 acc: 0.7808 time 0.75s
Epoch: 30/150 Iter: 39/96 loss: 0.4476 acc: 0.7800 time 0.94s
Epoch: 30/150 Iter: 40/96 loss: 0.4515 acc: 0.7716 time 0.87s
Epoch: 30/150 Iter: 41/96 loss: 0.4478 acc: 0.7751 time 0.87s
Epoch: 30/150 Iter: 42/96 loss: 0.4479 acc: 0.7765 time 0.69s
Epoch: 30/150 Iter: 43/96 loss: 0.4421 acc: 0.7794 time 0.74s
Epoch: 30/150 Iter: 44/96 loss: 0.4600 acc: 0.7693 time 0.92s
Epoch: 30/150 Iter: 45/96 loss: 0.4566 acc: 0.7722 time 0.77s
Epoch: 30/150 Iter: 46/96 loss: 0.4576 acc: 0.7717 time 0.77s
Epoch: 30/150 Iter: 47/96 loss: 0.4684 acc: 0.7659 time 0.76s
Epoch: 30/150 Iter: 48/96 loss: 0.4773 acc: 0.7583 time 0.87s
Epoch: 30/150 Iter: 49/96 loss: 0.4720 acc: 0.7632 time 0.87s
Epoch: 30/150 Iter: 50/96 loss: 0.4810 acc: 0.7554 time 0.70s
Epoch: 30/150 Iter: 51/96 loss: 0.4725 acc: 0.7602 time 0.70s
Epoch: 30/150 Iter: 52/96 loss: 0.4660 acc: 0.7649 time 0.69s
Epoch: 30/150 Iter: 53/96 loss: 0.4599 acc: 0.7693 time 0.76s
Epoch: 30/150 Iter: 54/96 loss: 0.4757 acc: 0.7674 time 0.87s
Epoch: 30/150 Iter: 55/96 loss: 0.4758 acc: 0.7686 time 0.70s
Epoch: 30/150 Iter: 56/96 loss: 0.4756 acc: 0.7709 time 0.87s
Epoch: 30/150 Iter: 57/96 loss: 0.4676 acc: 0.7750 time 0.87s
Epoch: 30/150 Iter: 58/96 loss: 0.4793 acc: 0.7683 time 0.87s
Epoch: 30/150 Iter: 59/96 loss: 0.4779 acc: 0.7705 time 0.71s
Epoch: 30/150 Iter: 60/96 loss: 0.4718 acc: 0.7744 time 0.77s
Epoch: 30/150 Iter: 61/96 loss: 0.4705 acc: 0.7781 time 0.87s
Epoch: 30/150 Iter: 62/96 loss: 0.4660 acc: 0.7816 time 0.70s
Epoch: 30/150 Iter: 63/96 loss: 0.4678 acc: 0.7777 time 0.87s
Epoch: 30/150 Iter: 64/96 loss: 0.4617 acc: 0.7812 time 0.86s
Epoch: 30/150 Iter: 65/96 loss: 0.4587 acc: 0.7811 time 0.71s
Epoch: 30/150 Iter: 66/96 loss: 0.4598 acc: 0.7760 time 0.70s
Epoch: 30/150 Iter: 67/96 loss: 0.4593 acc: 0.7731 time 0.87s
Epoch: 30/150 Iter: 68/96 loss: 0.4572 acc: 0.7740 time 0.72s
Epoch: 30/150 Iter: 69/96 loss: 0.4559 acc: 0.7755 time 0.87s
Epoch: 30/150 Iter: 70/96 loss: 0.4548 acc: 0.7708 time 0.75s
Epoch: 30/150 Iter: 71/96 loss: 0.4541 acc: 0.7683 time 0.87s
Epoch: 30/150 Iter: 72/96 loss: 0.4506 acc: 0.7669 time 0.88s
Epoch: 30/150 Iter: 73/96 loss: 0.4522 acc: 0.7678 time 0.87s
Epoch: 30/150 Iter: 74/96 loss: 0.4549 acc: 0.7665 time 0.87s
Epoch: 30/150 Iter: 75/96 loss: 0.4559 acc: 0.7674 time 0.76s
Epoch: 30/150 Iter: 76/96 loss: 0.4565 acc: 0.7671 time 0.69s
Epoch: 30/150 Iter: 77/96 loss: 0.4540 acc: 0.7650 time 0.69s
Epoch: 30/150 Iter: 78/96 loss: 0.4502 acc: 0.7680 time 0.86s
Epoch: 30/150 Iter: 79/96 loss: 0.4514 acc: 0.7646 time 0.86s
Epoch: 30/150 Iter: 80/96 loss: 0.4501 acc: 0.7641 time 0.70s
Epoch: 30/150 Iter: 81/96 loss: 0.4482 acc: 0.7649 time 0.69s
Epoch: 30/150 Iter: 82/96 loss: 0.4499 acc: 0.7658 time 0.69s
Epoch: 30/150 Iter: 83/96 loss: 0.4486 acc: 0.7626 time 0.69s
Epoch: 30/150 Iter: 84/96 loss: 0.4487 acc: 0.7604 time 0.70s
Epoch: 30/150 Iter: 85/96 loss: 0.4445 acc: 0.7632 time 0.69s
Epoch: 30/150 Iter: 86/96 loss: 0.4430 acc: 0.7645 time 0.70s
Epoch: 30/150 Iter: 87/96 loss: 0.4400 acc: 0.7672 time 0.86s
Epoch: 30/150 Iter: 88/96 loss: 0.4366 acc: 0.7686 time 0.69s
Epoch: 30/150 Iter: 89/96 loss: 0.4391 acc: 0.7637 time 0.69s
Epoch: 30/150 Iter: 90/96 loss: 0.4390 acc: 0.7650 time 0.87s
Epoch: 30/150 Iter: 91/96 loss: 0.4441 acc: 0.7621 time 0.70s
Epoch: 30/150 Iter: 92/96 loss: 0.4432 acc: 0.7628 time 0.69s
Epoch: 30/150 Iter: 93/96 loss: 0.4408 acc: 0.7611 time 0.85s
Epoch: 30/150 Iter: 94/96 loss: 0.4378 acc: 0.7636 time 0.86s
Epoch: 30/150 Iter: 95/96 loss: 0.4353 acc: 0.7661 time 0.86s
Epoch: 30/150 Iter: 96/96 loss: 0.4348 acc: 0.7625 time 0.69s
[Train epoch 30] avg_loss=0.4348 avg_acc=0.7625 | per-class [c0: 0.814, c1: 0.833, c2: 0.797]
Final training 30/150, loss: 0.4348, time 75.19s, lr: 0.000934
Accuracy: 0.807
class                  precision    recall   specificity      f1   support
--------------------------------------------------------------------------
0                          0.860     0.814         0.875   0.837       280
1                          0.455     0.833         0.945   0.588        30
2                          0.828     0.797         0.858   0.812       266
*----------------------------------------*
Val 30/150 1/24, Acc: 0.5000, Loss: 4.4542, time 0.69s
Val 30/150 2/24, Acc: 0.5278, Loss: 2.3785, time 0.67s
Val 30/150 3/24, Acc: 0.5185, Loss: 1.8590, time 0.67s
Val 30/150 4/24, Acc: 0.6389, Loss: 1.4020, time 0.67s
Val 30/150 5/24, Acc: 0.7111, Loss: 1.1568, time 0.67s
Val 30/150 6/24, Acc: 0.7593, Loss: 0.9755, time 0.67s
Val 30/150 7/24, Acc: 0.7341, Loss: 0.8950, time 0.67s
Val 30/150 8/24, Acc: 0.7674, Loss: 0.8013, time 0.67s
Val 30/150 9/24, Acc: 0.7488, Loss: 0.7547, time 0.67s
Val 30/150 10/24, Acc: 0.7739, Loss: 0.6983, time 0.67s
Val 30/150 11/24, Acc: 0.7793, Loss: 0.6835, time 0.67s
Val 30/150 12/24, Acc: 0.7491, Loss: 0.6661, time 0.67s
Val 30/150 13/24, Acc: 0.7299, Loss: 0.6500, time 0.67s
Val 30/150 14/24, Acc: 0.7403, Loss: 0.6279, time 0.67s
Val 30/150 15/24, Acc: 0.7076, Loss: 0.6642, time 0.67s
Val 30/150 16/24, Acc: 0.7196, Loss: 0.6509, time 0.67s
Val 30/150 17/24, Acc: 0.7361, Loss: 0.6152, time 0.67s
Val 30/150 18/24, Acc: 0.7438, Loss: 0.6080, time 0.67s
Val 30/150 19/24, Acc: 0.7520, Loss: 0.5926, time 0.67s
Val 30/150 20/24, Acc: 0.7367, Loss: 0.6110, time 0.67s
Val 30/150 21/24, Acc: 0.7492, Loss: 0.5846, time 0.67s
Val 30/150 22/24, Acc: 0.7530, Loss: 0.5818, time 0.67s
Val 30/150 23/24, Acc: 0.7420, Loss: 0.7027, time 0.67s
Val 30/150 24/24, Acc: 0.7412, Loss: 0.6862, time 0.67s
[Val epoch 30] avg_acc=0.7412 | avg_loss=0.6862 | per-class [c0: 0.829, c1: 0.375, c2: 0.894]
Final validation 30/150, Val_acc: 0.7412, time 16.07sAccuracy: 0.833
class                  precision    recall   specificity      f1   support
--------------------------------------------------------------------------
0                          0.935     0.829         0.946   0.879        70
1                          0.300     0.375         0.949   0.333         8
2                          0.819     0.894         0.833   0.855        66
*========================================*
Saving checkpoint outputs/OrganoidsINRIA_XYZ_thinning_128/swinunetr/2026-02-23-11-31/training/model_final.pt
[EarlyStopping] no improve (3/40)
[EarlyStopping] no improve (5/40)
0 Mon Feb 23 12:15:26 2026 Epoch: 31
Epoch: 31/150 Iter: 1/96 loss: 0.2223 acc: 0.5833 time 1.01s
Epoch: 31/150 Iter: 2/96 loss: 0.2605 acc: 0.5000 time 0.70s
Epoch: 31/150 Iter: 3/96 loss: 0.2129 acc: 0.6667 time 0.70s
Epoch: 31/150 Iter: 4/96 loss: 0.4555 acc: 0.5938 time 0.74s
Epoch: 31/150 Iter: 5/96 loss: 0.5671 acc: 0.5750 time 0.71s
Epoch: 31/150 Iter: 6/96 loss: 0.5560 acc: 0.6042 time 0.71s
Epoch: 31/150 Iter: 7/96 loss: 0.4836 acc: 0.6607 time 0.86s
Epoch: 31/150 Iter: 8/96 loss: 0.4309 acc: 0.7031 time 0.75s
Epoch: 31/150 Iter: 9/96 loss: 0.4308 acc: 0.6991 time 0.69s
Epoch: 31/150 Iter: 10/96 loss: 0.3970 acc: 0.7292 time 0.69s
Epoch: 31/150 Iter: 11/96 loss: 0.4550 acc: 0.7235 time 0.69s
Epoch: 31/150 Iter: 12/96 loss: 0.4442 acc: 0.7361 time 0.69s
Epoch: 31/150 Iter: 13/96 loss: 0.4499 acc: 0.7487 time 0.70s
Epoch: 31/150 Iter: 14/96 loss: 0.4580 acc: 0.7429 time 0.69s
Epoch: 31/150 Iter: 15/96 loss: 0.4507 acc: 0.7467 time 0.87s
Epoch: 31/150 Iter: 16/96 loss: 0.4417 acc: 0.7563 time 0.87s
Epoch: 31/150 Iter: 17/96 loss: 0.4436 acc: 0.7608 time 0.81s
Epoch: 31/150 Iter: 18/96 loss: 0.4422 acc: 0.7463 time 0.87s
Epoch: 31/150 Iter: 19/96 loss: 0.4562 acc: 0.7304 time 0.87s
Epoch: 31/150 Iter: 20/96 loss: 0.4559 acc: 0.7339 time 0.70s
Epoch: 31/150 Iter: 21/96 loss: 0.4818 acc: 0.7323 time 0.70s
Epoch: 31/150 Iter: 22/96 loss: 0.4687 acc: 0.7444 time 0.87s
Epoch: 31/150 Iter: 23/96 loss: 0.4514 acc: 0.7556 time 0.69s
Epoch: 31/150 Iter: 24/96 loss: 0.4353 acc: 0.7657 time 0.69s
Epoch: 31/150 Iter: 25/96 loss: 0.4437 acc: 0.7618 time 0.72s
Epoch: 31/150 Iter: 26/96 loss: 0.4378 acc: 0.7645 time 0.70s
Epoch: 31/150 Iter: 27/96 loss: 0.4382 acc: 0.7695 time 0.70s
Epoch: 31/150 Iter: 28/96 loss: 0.4456 acc: 0.7629 time 0.69s
Epoch: 31/150 Iter: 29/96 loss: 0.4369 acc: 0.7672 time 0.69s
Epoch: 31/150 Iter: 30/96 loss: 0.4432 acc: 0.7639 time 0.86s
Epoch: 31/150 Iter: 31/96 loss: 0.4354 acc: 0.7679 time 0.69s
Epoch: 31/150 Iter: 32/96 loss: 0.4379 acc: 0.7674 time 0.87s
Epoch: 31/150 Iter: 33/96 loss: 0.4352 acc: 0.7694 time 0.71s
Epoch: 31/150 Iter: 34/96 loss: 0.4296 acc: 0.7729 time 0.86s
Epoch: 31/150 Iter: 35/96 loss: 0.4372 acc: 0.7594 time 0.75s
Epoch: 31/150 Iter: 36/96 loss: 0.4269 acc: 0.7660 time 0.86s
Epoch: 31/150 Iter: 37/96 loss: 0.4440 acc: 0.7544 time 0.71s
Epoch: 31/150 Iter: 38/96 loss: 0.4397 acc: 0.7564 time 0.71s
Epoch: 31/150 Iter: 39/96 loss: 0.4508 acc: 0.7541 time 0.86s
Epoch: 31/150 Iter: 40/96 loss: 0.4448 acc: 0.7603 time 0.70s
Epoch: 31/150 Iter: 41/96 loss: 0.4438 acc: 0.7580 time 0.73s
Epoch: 31/150 Iter: 42/96 loss: 0.4461 acc: 0.7598 time 0.78s
Epoch: 31/150 Iter: 43/96 loss: 0.4395 acc: 0.7654 time 0.87s
Epoch: 31/150 Iter: 44/96 loss: 0.4317 acc: 0.7707 time 0.92s
Epoch: 31/150 Iter: 45/96 loss: 0.4396 acc: 0.7714 time 0.69s
Epoch: 31/150 Iter: 46/96 loss: 0.4364 acc: 0.7636 time 0.69s
Epoch: 31/150 Iter: 47/96 loss: 0.4309 acc: 0.7687 time 0.73s
Epoch: 31/150 Iter: 48/96 loss: 0.4434 acc: 0.7666 time 0.77s
Epoch: 31/150 Iter: 49/96 loss: 0.4365 acc: 0.7713 time 0.91s
Epoch: 31/150 Iter: 50/96 loss: 0.4400 acc: 0.7734 time 0.87s
Epoch: 31/150 Iter: 51/96 loss: 0.4577 acc: 0.7648 time 0.70s
Epoch: 31/150 Iter: 52/96 loss: 0.4528 acc: 0.7693 time 0.88s
Epoch: 31/150 Iter: 53/96 loss: 0.4457 acc: 0.7736 time 0.72s
Epoch: 31/150 Iter: 54/96 loss: 0.4413 acc: 0.7732 time 0.70s
Epoch: 31/150 Iter: 55/96 loss: 0.4387 acc: 0.7751 time 0.87s
Epoch: 31/150 Iter: 56/96 loss: 0.4405 acc: 0.7660 time 0.70s
Epoch: 31/150 Iter: 57/96 loss: 0.4714 acc: 0.7584 time 0.78s
Epoch: 31/150 Iter: 58/96 loss: 0.4670 acc: 0.7539 time 0.86s
Epoch: 31/150 Iter: 59/96 loss: 0.4728 acc: 0.7539 time 0.69s
Epoch: 31/150 Iter: 60/96 loss: 0.4704 acc: 0.7515 time 0.76s
Epoch: 31/150 Iter: 61/96 loss: 0.4657 acc: 0.7501 time 0.75s
Epoch: 31/150 Iter: 62/96 loss: 0.4628 acc: 0.7514 time 0.91s
Epoch: 31/150 Iter: 63/96 loss: 0.4802 acc: 0.7459 time 0.88s
Epoch: 31/150 Iter: 64/96 loss: 0.4764 acc: 0.7479 time 0.86s
Epoch: 31/150 Iter: 65/96 loss: 0.4723 acc: 0.7492 time 0.70s
Epoch: 31/150 Iter: 66/96 loss: 0.4711 acc: 0.7511 time 0.91s
Epoch: 31/150 Iter: 67/96 loss: 0.4674 acc: 0.7548 time 0.74s
Epoch: 31/150 Iter: 68/96 loss: 0.4682 acc: 0.7572 time 0.77s
Epoch: 31/150 Iter: 69/96 loss: 0.4647 acc: 0.7607 time 0.86s
Epoch: 31/150 Iter: 70/96 loss: 0.4647 acc: 0.7546 time 0.72s
Epoch: 31/150 Iter: 71/96 loss: 0.4687 acc: 0.7510 time 0.70s
Epoch: 31/150 Iter: 72/96 loss: 0.4739 acc: 0.7503 time 0.71s
Epoch: 31/150 Iter: 73/96 loss: 0.4706 acc: 0.7526 time 0.69s
Epoch: 31/150 Iter: 74/96 loss: 0.4666 acc: 0.7559 time 0.70s
Epoch: 31/150 Iter: 75/96 loss: 0.4630 acc: 0.7570 time 0.74s
Epoch: 31/150 Iter: 76/96 loss: 0.4589 acc: 0.7602 time 0.71s
Epoch: 31/150 Iter: 77/96 loss: 0.4652 acc: 0.7579 time 0.75s
Epoch: 31/150 Iter: 78/96 loss: 0.4606 acc: 0.7610 time 0.74s
Epoch: 31/150 Iter: 79/96 loss: 0.4556 acc: 0.7640 time 0.77s
Epoch: 31/150 Iter: 80/96 loss: 0.4557 acc: 0.7597 time 0.69s
Epoch: 31/150 Iter: 81/96 loss: 0.4536 acc: 0.7626 time 0.86s
Epoch: 31/150 Iter: 82/96 loss: 0.4487 acc: 0.7655 time 0.69s
Epoch: 31/150 Iter: 83/96 loss: 0.4439 acc: 0.7683 time 0.85s
Epoch: 31/150 Iter: 84/96 loss: 0.4449 acc: 0.7651 time 0.85s
Epoch: 31/150 Iter: 85/96 loss: 0.4417 acc: 0.7679 time 0.85s
Epoch: 31/150 Iter: 86/96 loss: 0.4378 acc: 0.7706 time 0.69s
Epoch: 31/150 Iter: 87/96 loss: 0.4385 acc: 0.7713 time 0.86s
Epoch: 31/150 Iter: 88/96 loss: 0.4377 acc: 0.7694 time 0.69s
Epoch: 31/150 Iter: 89/96 loss: 0.4402 acc: 0.7670 time 0.70s
Epoch: 31/150 Iter: 90/96 loss: 0.4385 acc: 0.7683 time 0.68s
Epoch: 31/150 Iter: 91/96 loss: 0.4344 acc: 0.7709 time 0.69s
Epoch: 31/150 Iter: 92/96 loss: 0.4430 acc: 0.7693 time 0.69s
Epoch: 31/150 Iter: 93/96 loss: 0.4403 acc: 0.7718 time 0.68s
Epoch: 31/150 Iter: 94/96 loss: 0.4374 acc: 0.7742 time 0.68s
Epoch: 31/150 Iter: 95/96 loss: 0.4340 acc: 0.7766 time 0.69s
Epoch: 31/150 Iter: 96/96 loss: 0.4357 acc: 0.7720 time 0.86s
[Train epoch 31] avg_loss=0.4357 avg_acc=0.7720 | per-class [c0: 0.811, c1: 0.800, c2: 0.797]
Final training 31/150, loss: 0.4357, time 73.36s, lr: 0.000928
Accuracy: 0.804
class                  precision    recall   specificity      f1   support
--------------------------------------------------------------------------
0                          0.860     0.811         0.875   0.835       280
1                          0.471     0.800         0.951   0.593        30
2                          0.812     0.797         0.842   0.805       266
*----------------------------------------*
0 Mon Feb 23 12:16:40 2026 Epoch: 32
Epoch: 32/150 Iter: 1/96 loss: 0.5946 acc: 0.4167 time 1.18s
Epoch: 32/150 Iter: 2/96 loss: 0.3692 acc: 0.7083 time 0.87s
Epoch: 32/150 Iter: 3/96 loss: 0.4077 acc: 0.6944 time 0.71s
Epoch: 32/150 Iter: 4/96 loss: 0.4693 acc: 0.7396 time 0.87s
Epoch: 32/150 Iter: 5/96 loss: 0.3916 acc: 0.7917 time 0.86s
Epoch: 32/150 Iter: 6/96 loss: 0.4376 acc: 0.7431 time 0.70s
Epoch: 32/150 Iter: 7/96 loss: 0.4485 acc: 0.7226 time 0.86s
Epoch: 32/150 Iter: 8/96 loss: 0.4091 acc: 0.7573 time 0.70s
Epoch: 32/150 Iter: 9/96 loss: 0.3740 acc: 0.7843 time 0.87s
Epoch: 32/150 Iter: 10/96 loss: 0.3660 acc: 0.7892 time 0.72s
Epoch: 32/150 Iter: 11/96 loss: 0.3617 acc: 0.7856 time 0.72s
Epoch: 32/150 Iter: 12/96 loss: 0.4115 acc: 0.7618 time 0.71s
Epoch: 32/150 Iter: 13/96 loss: 0.3989 acc: 0.7801 time 0.78s
Epoch: 32/150 Iter: 14/96 loss: 0.4315 acc: 0.7839 time 0.71s
Epoch: 32/150 Iter: 15/96 loss: 0.4085 acc: 0.7983 time 0.70s
Epoch: 32/150 Iter: 16/96 loss: 0.4033 acc: 0.8031 time 0.75s
Epoch: 32/150 Iter: 17/96 loss: 0.3837 acc: 0.8147 time 0.70s
Epoch: 32/150 Iter: 18/96 loss: 0.3687 acc: 0.8250 time 0.70s
Epoch: 32/150 Iter: 19/96 loss: 0.3843 acc: 0.8167 time 0.86s
Epoch: 32/150 Iter: 20/96 loss: 0.3874 acc: 0.8203 time 0.74s
Epoch: 32/150 Iter: 21/96 loss: 0.3726 acc: 0.8288 time 0.87s
Epoch: 32/150 Iter: 22/96 loss: 0.3665 acc: 0.8309 time 0.70s
Epoch: 32/150 Iter: 23/96 loss: 0.3757 acc: 0.8202 time 0.70s
Epoch: 32/150 Iter: 24/96 loss: 0.3742 acc: 0.8068 time 0.86s
Epoch: 32/150 Iter: 25/96 loss: 0.3857 acc: 0.8079 time 0.72s
Epoch: 32/150 Iter: 26/96 loss: 0.3904 acc: 0.8057 time 0.87s
Epoch: 32/150 Iter: 27/96 loss: 0.3789 acc: 0.8129 time 0.86s
Epoch: 32/150 Iter: 28/96 loss: 0.3763 acc: 0.8106 time 0.72s
Epoch: 32/150 Iter: 29/96 loss: 0.3830 acc: 0.8085 time 0.74s
Epoch: 32/150 Iter: 30/96 loss: 0.3720 acc: 0.8149 time 0.71s
Epoch: 32/150 Iter: 31/96 loss: 0.3607 acc: 0.8209 time 0.87s
Epoch: 32/150 Iter: 32/96 loss: 0.3697 acc: 0.8148 time 0.69s
Epoch: 32/150 Iter: 33/96 loss: 0.3710 acc: 0.8166 time 0.70s
Epoch: 32/150 Iter: 34/96 loss: 0.3687 acc: 0.8171 time 0.93s
Epoch: 32/150 Iter: 35/96 loss: 0.3742 acc: 0.8056 time 0.72s
Epoch: 32/150 Iter: 36/96 loss: 0.3717 acc: 0.7925 time 0.87s
Epoch: 32/150 Iter: 37/96 loss: 0.3646 acc: 0.7959 time 0.88s
Epoch: 32/150 Iter: 38/96 loss: 0.3681 acc: 0.7939 time 0.87s
Epoch: 32/150 Iter: 39/96 loss: 0.3670 acc: 0.7960 time 0.86s
Epoch: 32/150 Iter: 40/96 loss: 0.3760 acc: 0.7928 time 0.87s
Epoch: 32/150 Iter: 41/96 loss: 0.3691 acc: 0.7951 time 0.70s
Epoch: 32/150 Iter: 42/96 loss: 0.3683 acc: 0.7980 time 0.86s
Epoch: 32/150 Iter: 43/96 loss: 0.3644 acc: 0.8027 time 0.86s
Epoch: 32/150 Iter: 44/96 loss: 0.3598 acc: 0.8034 time 0.92s
Epoch: 32/150 Iter: 45/96 loss: 0.3645 acc: 0.8022 time 0.86s
Epoch: 32/150 Iter: 46/96 loss: 0.3593 acc: 0.8065 time 0.70s
Epoch: 32/150 Iter: 47/96 loss: 0.3534 acc: 0.8106 time 0.87s
Epoch: 32/150 Iter: 48/96 loss: 0.3486 acc: 0.8146 time 0.75s
Epoch: 32/150 Iter: 49/96 loss: 0.3499 acc: 0.8093 time 0.78s
Epoch: 32/150 Iter: 50/96 loss: 0.3452 acc: 0.8131 time 0.73s
Epoch: 32/150 Iter: 51/96 loss: 0.3438 acc: 0.8135 time 0.74s
Epoch: 32/150 Iter: 52/96 loss: 0.3519 acc: 0.8123 time 0.87s
Epoch: 32/150 Iter: 53/96 loss: 0.3512 acc: 0.8139 time 0.77s
Epoch: 32/150 Iter: 54/96 loss: 0.3470 acc: 0.8174 time 0.86s
Epoch: 32/150 Iter: 55/96 loss: 0.3481 acc: 0.8177 time 0.70s
Epoch: 32/150 Iter: 56/96 loss: 0.3425 acc: 0.8209 time 0.87s
Epoch: 32/150 Iter: 57/96 loss: 0.3483 acc: 0.8182 time 0.70s
Epoch: 32/150 Iter: 58/96 loss: 0.3444 acc: 0.8214 time 0.86s
Epoch: 32/150 Iter: 59/96 loss: 0.3404 acc: 0.8244 time 0.87s
Epoch: 32/150 Iter: 60/96 loss: 0.3419 acc: 0.8273 time 0.87s
Epoch: 32/150 Iter: 61/96 loss: 0.3475 acc: 0.8170 time 0.87s
Epoch: 32/150 Iter: 62/96 loss: 0.3432 acc: 0.8200 time 0.69s
Epoch: 32/150 Iter: 63/96 loss: 0.3401 acc: 0.8228 time 0.69s
Epoch: 32/150 Iter: 64/96 loss: 0.3356 acc: 0.8256 time 0.71s
Epoch: 32/150 Iter: 65/96 loss: 0.3372 acc: 0.8268 time 0.69s
Epoch: 32/150 Iter: 66/96 loss: 0.3366 acc: 0.8279 time 0.71s
Epoch: 32/150 Iter: 67/96 loss: 0.3605 acc: 0.8242 time 0.86s
Epoch: 32/150 Iter: 68/96 loss: 0.3722 acc: 0.8158 time 0.70s
Epoch: 32/150 Iter: 69/96 loss: 0.3713 acc: 0.8136 time 0.86s
Epoch: 32/150 Iter: 70/96 loss: 0.3691 acc: 0.8163 time 0.75s
Epoch: 32/150 Iter: 71/96 loss: 0.3689 acc: 0.8165 time 0.86s
Epoch: 32/150 Iter: 72/96 loss: 0.3653 acc: 0.8191 time 0.86s
Epoch: 32/150 Iter: 73/96 loss: 0.3630 acc: 0.8215 time 0.73s
Epoch: 32/150 Iter: 74/96 loss: 0.3652 acc: 0.8217 time 0.86s
Epoch: 32/150 Iter: 75/96 loss: 0.3683 acc: 0.8207 time 0.69s
Epoch: 32/150 Iter: 76/96 loss: 0.3725 acc: 0.8165 time 0.69s
Epoch: 32/150 Iter: 77/96 loss: 0.3730 acc: 0.8124 time 0.70s
Epoch: 32/150 Iter: 78/96 loss: 0.3716 acc: 0.8148 time 0.75s
Epoch: 32/150 Iter: 79/96 loss: 0.3718 acc: 0.8140 time 0.94s
Epoch: 32/150 Iter: 80/96 loss: 0.3706 acc: 0.8142 time 0.70s
Epoch: 32/150 Iter: 81/96 loss: 0.3676 acc: 0.8145 time 0.86s
Epoch: 32/150 Iter: 82/96 loss: 0.3687 acc: 0.8119 time 0.69s
Epoch: 32/150 Iter: 83/96 loss: 0.3674 acc: 0.8121 time 0.69s
Epoch: 32/150 Iter: 84/96 loss: 0.3699 acc: 0.8094 time 0.71s
Epoch: 32/150 Iter: 85/96 loss: 0.3735 acc: 0.8061 time 0.86s
Epoch: 32/150 Iter: 86/96 loss: 0.3833 acc: 0.8040 time 0.86s
Epoch: 32/150 Iter: 87/96 loss: 0.3943 acc: 0.7963 time 0.69s
Epoch: 32/150 Iter: 88/96 loss: 0.3955 acc: 0.7920 time 0.86s
Epoch: 32/150 Iter: 89/96 loss: 0.3998 acc: 0.7906 time 0.70s
Epoch: 32/150 Iter: 90/96 loss: 0.3979 acc: 0.7929 time 0.86s
Epoch: 32/150 Iter: 91/96 loss: 0.3970 acc: 0.7934 time 0.69s
Epoch: 32/150 Iter: 92/96 loss: 0.3938 acc: 0.7956 time 0.86s
Epoch: 32/150 Iter: 93/96 loss: 0.3919 acc: 0.7978 time 0.70s
Epoch: 32/150 Iter: 94/96 loss: 0.3929 acc: 0.7964 time 0.86s
Epoch: 32/150 Iter: 95/96 loss: 0.3948 acc: 0.7942 time 0.86s
Epoch: 32/150 Iter: 96/96 loss: 0.3948 acc: 0.7953 time 0.85s
[Train epoch 32] avg_loss=0.3948 avg_acc=0.7953 | per-class [c0: 0.826, c1: 0.833, c2: 0.845]
Final training 32/150, loss: 0.3948, time 75.78s, lr: 0.000923
Accuracy: 0.835
class                  precision    recall   specificity      f1   support
--------------------------------------------------------------------------
0                          0.892     0.826         0.905   0.858       281
1                          0.543     0.833         0.962   0.658        30
2                          0.830     0.845         0.852   0.837       265
*----------------------------------------*
Val 32/150 1/24, Acc: 0.5000, Loss: 3.0077, time 0.67s
Val 32/150 2/24, Acc: 0.5278, Loss: 1.7811, time 0.67s
Val 32/150 3/24, Acc: 0.6481, Loss: 1.3314, time 0.67s
Val 32/150 4/24, Acc: 0.7049, Loss: 1.0640, time 0.67s
Val 32/150 5/24, Acc: 0.7139, Loss: 0.9564, time 0.67s
Val 32/150 6/24, Acc: 0.7616, Loss: 0.8326, time 0.67s
Val 32/150 7/24, Acc: 0.7361, Loss: 0.8198, time 0.67s
Val 32/150 8/24, Acc: 0.7691, Loss: 0.7375, time 0.67s
Val 32/150 9/24, Acc: 0.7503, Loss: 0.6888, time 0.67s
Val 32/150 10/24, Acc: 0.7753, Loss: 0.6266, time 0.67s
Val 32/150 11/24, Acc: 0.7654, Loss: 0.6058, time 0.67s
Val 32/150 12/24, Acc: 0.7850, Loss: 0.5782, time 0.67s
Val 32/150 13/24, Acc: 0.7630, Loss: 0.5763, time 0.67s
Val 32/150 14/24, Acc: 0.7532, Loss: 0.5648, time 0.67s
Val 32/150 15/24, Acc: 0.7363, Loss: 0.5960, time 0.67s
Val 32/150 16/24, Acc: 0.7528, Loss: 0.5651, time 0.67s
Val 32/150 17/24, Acc: 0.7600, Loss: 0.5458, time 0.67s
Val 32/150 18/24, Acc: 0.7733, Loss: 0.5276, time 0.67s
Val 32/150 19/24, Acc: 0.7852, Loss: 0.5081, time 0.67s
Val 32/150 20/24, Acc: 0.7738, Loss: 0.5270, time 0.67s
Val 32/150 21/24, Acc: 0.7786, Loss: 0.5208, time 0.67s
Val 32/150 22/24, Acc: 0.7735, Loss: 0.5109, time 0.67s
Val 32/150 23/24, Acc: 0.7616, Loss: 0.5669, time 0.67s
Val 32/150 24/24, Acc: 0.7600, Loss: 0.5556, time 0.67s
[Val epoch 32] avg_acc=0.7600 | avg_loss=0.5556 | per-class [c0: 0.929, c1: 0.625, c2: 0.758]
Final validation 32/150, Val_acc: 0.7600, time 16.04sAccuracy: 0.833
class                  precision    recall   specificity      f1   support
--------------------------------------------------------------------------
0                          0.855     0.929         0.851   0.890        70
1                          0.357     0.625         0.934   0.455         8
2                          0.926     0.758         0.949   0.833        66
*========================================*
Saving checkpoint outputs/OrganoidsINRIA_XYZ_thinning_128/swinunetr/2026-02-23-11-31/training/model_final.pt
[EarlyStopping] no improve (4/40)
[EarlyStopping] improved to 0.555605
0 Mon Feb 23 12:18:17 2026 Epoch: 33
Epoch: 33/150 Iter: 1/96 loss: 0.8220 acc: 0.5833 time 1.20s
Epoch: 33/150 Iter: 2/96 loss: 0.4527 acc: 0.7917 time 0.86s
Epoch: 33/150 Iter: 3/96 loss: 0.3511 acc: 0.8056 time 0.78s
Epoch: 33/150 Iter: 4/96 loss: 0.3399 acc: 0.7500 time 0.86s
Epoch: 33/150 Iter: 5/96 loss: 0.3993 acc: 0.6889 time 0.70s
Epoch: 33/150 Iter: 6/96 loss: 0.3396 acc: 0.7407 time 0.74s
Epoch: 33/150 Iter: 7/96 loss: 0.3502 acc: 0.6944 time 0.69s
Epoch: 33/150 Iter: 8/96 loss: 0.3344 acc: 0.7118 time 0.69s
Epoch: 33/150 Iter: 9/96 loss: 0.3187 acc: 0.7346 time 0.93s
Epoch: 33/150 Iter: 10/96 loss: 0.2984 acc: 0.7611 time 0.69s
Epoch: 33/150 Iter: 11/96 loss: 0.3016 acc: 0.7828 time 0.87s
Epoch: 33/150 Iter: 12/96 loss: 0.3106 acc: 0.7824 time 0.87s
Epoch: 33/150 Iter: 13/96 loss: 0.3036 acc: 0.7991 time 0.87s
Epoch: 33/150 Iter: 14/96 loss: 0.3021 acc: 0.8016 time 0.86s
Epoch: 33/150 Iter: 15/96 loss: 0.3029 acc: 0.8148 time 0.76s
Epoch: 33/150 Iter: 16/96 loss: 0.3049 acc: 0.8160 time 0.87s
Epoch: 33/150 Iter: 17/96 loss: 0.2920 acc: 0.8268 time 0.77s
Epoch: 33/150 Iter: 18/96 loss: 0.3095 acc: 0.8295 time 0.87s
Epoch: 33/150 Iter: 19/96 loss: 0.3052 acc: 0.8165 time 0.69s
Epoch: 33/150 Iter: 20/96 loss: 0.2985 acc: 0.8257 time 0.86s
Epoch: 33/150 Iter: 21/96 loss: 0.2901 acc: 0.8340 time 0.70s
Epoch: 33/150 Iter: 22/96 loss: 0.2951 acc: 0.8365 time 0.69s
Epoch: 33/150 Iter: 23/96 loss: 0.2866 acc: 0.8436 time 0.70s
Epoch: 33/150 Iter: 24/96 loss: 0.2995 acc: 0.8397 time 0.87s
Epoch: 33/150 Iter: 25/96 loss: 0.2950 acc: 0.8461 time 0.71s
Epoch: 33/150 Iter: 26/96 loss: 0.2971 acc: 0.8424 time 0.87s
Epoch: 33/150 Iter: 27/96 loss: 0.2882 acc: 0.8483 time 0.74s
Epoch: 33/150 Iter: 28/96 loss: 0.3084 acc: 0.8438 time 0.87s
Epoch: 33/150 Iter: 29/96 loss: 0.3032 acc: 0.8353 time 0.73s
Epoch: 33/150 Iter: 30/96 loss: 0.2951 acc: 0.8408 time 0.69s
Epoch: 33/150 Iter: 31/96 loss: 0.3003 acc: 0.8272 time 0.85s
Epoch: 33/150 Iter: 32/96 loss: 0.2938 acc: 0.8326 time 0.87s
Epoch: 33/150 Iter: 33/96 loss: 0.2932 acc: 0.8242 time 0.86s
Epoch: 33/150 Iter: 34/96 loss: 0.2849 acc: 0.8293 time 0.87s
Epoch: 33/150 Iter: 35/96 loss: 0.3121 acc: 0.8228 time 0.70s
Epoch: 33/150 Iter: 36/96 loss: 0.3225 acc: 0.8184 time 0.71s
Epoch: 33/150 Iter: 37/96 loss: 0.3245 acc: 0.8143 time 0.70s
Epoch: 33/150 Iter: 38/96 loss: 0.3402 acc: 0.8017 time 0.69s
Epoch: 33/150 Iter: 39/96 loss: 0.3329 acc: 0.8068 time 0.75s
Epoch: 33/150 Iter: 40/96 loss: 0.3350 acc: 0.8066 time 0.76s
Epoch: 33/150 Iter: 41/96 loss: 0.3443 acc: 0.8072 time 0.76s
Epoch: 33/150 Iter: 42/96 loss: 0.3516 acc: 0.7999 time 0.86s
Epoch: 33/150 Iter: 43/96 loss: 0.3466 acc: 0.8017 time 0.69s
Epoch: 33/150 Iter: 44/96 loss: 0.3478 acc: 0.8005 time 0.73s
Epoch: 33/150 Iter: 45/96 loss: 0.3531 acc: 0.8005 time 0.86s
Epoch: 33/150 Iter: 46/96 loss: 0.3756 acc: 0.8024 time 0.86s
Epoch: 33/150 Iter: 47/96 loss: 0.3710 acc: 0.8066 time 0.72s
Epoch: 33/150 Iter: 48/96 loss: 0.3691 acc: 0.8083 time 0.76s
Epoch: 33/150 Iter: 49/96 loss: 0.3699 acc: 0.8122 time 0.87s
Epoch: 33/150 Iter: 50/96 loss: 0.3658 acc: 0.8160 time 0.70s
Epoch: 33/150 Iter: 51/96 loss: 0.3599 acc: 0.8196 time 0.69s
Epoch: 33/150 Iter: 52/96 loss: 0.3537 acc: 0.8231 time 0.70s
Epoch: 33/150 Iter: 53/96 loss: 0.3514 acc: 0.8245 time 0.70s
Epoch: 33/150 Iter: 54/96 loss: 0.3649 acc: 0.8175 time 0.70s
Epoch: 33/150 Iter: 55/96 loss: 0.3940 acc: 0.8147 time 0.70s
Epoch: 33/150 Iter: 56/96 loss: 0.3901 acc: 0.8181 time 0.86s
Epoch: 33/150 Iter: 57/96 loss: 0.3877 acc: 0.8169 time 0.87s
Epoch: 33/150 Iter: 58/96 loss: 0.3846 acc: 0.8157 time 0.74s
Epoch: 33/150 Iter: 59/96 loss: 0.3893 acc: 0.8167 time 0.86s
Epoch: 33/150 Iter: 60/96 loss: 0.4053 acc: 0.8068 time 0.72s
Epoch: 33/150 Iter: 61/96 loss: 0.4053 acc: 0.8072 time 0.77s
Epoch: 33/150 Iter: 62/96 loss: 0.4029 acc: 0.8103 time 0.87s
Epoch: 33/150 Iter: 63/96 loss: 0.4071 acc: 0.8041 time 0.69s
Epoch: 33/150 Iter: 64/96 loss: 0.4060 acc: 0.8052 time 0.72s
Epoch: 33/150 Iter: 65/96 loss: 0.4033 acc: 0.8005 time 0.69s
Epoch: 33/150 Iter: 66/96 loss: 0.4017 acc: 0.8016 time 0.71s
Epoch: 33/150 Iter: 67/96 loss: 0.4001 acc: 0.8009 time 0.69s
Epoch: 33/150 Iter: 68/96 loss: 0.4016 acc: 0.8020 time 0.74s
Epoch: 33/150 Iter: 69/96 loss: 0.3988 acc: 0.8048 time 0.71s
Epoch: 33/150 Iter: 70/96 loss: 0.3984 acc: 0.8040 time 0.77s
Epoch: 33/150 Iter: 71/96 loss: 0.3952 acc: 0.8068 time 0.70s
Epoch: 33/150 Iter: 72/96 loss: 0.3955 acc: 0.8072 time 0.69s
Epoch: 33/150 Iter: 73/96 loss: 0.3962 acc: 0.8053 time 0.73s
Epoch: 33/150 Iter: 74/96 loss: 0.3951 acc: 0.8023 time 0.87s
Epoch: 33/150 Iter: 75/96 loss: 0.3983 acc: 0.8004 time 0.87s
Epoch: 33/150 Iter: 76/96 loss: 0.3982 acc: 0.8018 time 0.87s
Epoch: 33/150 Iter: 77/96 loss: 0.4058 acc: 0.8004 time 0.75s
Epoch: 33/150 Iter: 78/96 loss: 0.4041 acc: 0.8030 time 0.74s
Epoch: 33/150 Iter: 79/96 loss: 0.4008 acc: 0.8055 time 0.72s
Epoch: 33/150 Iter: 80/96 loss: 0.4081 acc: 0.8017 time 0.71s
Epoch: 33/150 Iter: 81/96 loss: 0.4098 acc: 0.8026 time 0.70s
Epoch: 33/150 Iter: 82/96 loss: 0.4057 acc: 0.8050 time 0.70s
Epoch: 33/150 Iter: 83/96 loss: 0.4077 acc: 0.8033 time 0.69s
Epoch: 33/150 Iter: 84/96 loss: 0.4058 acc: 0.8057 time 0.85s
Epoch: 33/150 Iter: 85/96 loss: 0.4034 acc: 0.8079 time 0.86s
Epoch: 33/150 Iter: 86/96 loss: 0.4067 acc: 0.8009 time 0.71s
Epoch: 33/150 Iter: 87/96 loss: 0.4042 acc: 0.8019 time 0.86s
Epoch: 33/150 Iter: 88/96 loss: 0.4048 acc: 0.7985 time 0.69s
Epoch: 33/150 Iter: 89/96 loss: 0.4040 acc: 0.7988 time 0.69s
Epoch: 33/150 Iter: 90/96 loss: 0.4108 acc: 0.7969 time 0.86s
Epoch: 33/150 Iter: 91/96 loss: 0.4092 acc: 0.7982 time 0.85s
Epoch: 33/150 Iter: 92/96 loss: 0.4088 acc: 0.7991 time 0.69s
Epoch: 33/150 Iter: 93/96 loss: 0.4056 acc: 0.8012 time 0.70s
Epoch: 33/150 Iter: 94/96 loss: 0.4036 acc: 0.8033 time 0.69s
Epoch: 33/150 Iter: 95/96 loss: 0.4054 acc: 0.8001 time 0.86s
Epoch: 33/150 Iter: 96/96 loss: 0.4042 acc: 0.8005 time 0.69s
[Train epoch 33] avg_loss=0.4042 avg_acc=0.8005 | per-class [c0: 0.854, c1: 0.867, c2: 0.830]
Final training 33/150, loss: 0.4042, time 74.27s, lr: 0.000917
Accuracy: 0.844
class                  precision    recall   specificity      f1   support
--------------------------------------------------------------------------
0                          0.899     0.854         0.908   0.876       281
1                          0.520     0.867         0.956   0.650        30
2                          0.849     0.830         0.875   0.840       265
*----------------------------------------*
0 Mon Feb 23 12:19:31 2026 Epoch: 34
Epoch: 34/150 Iter: 1/96 loss: 0.5751 acc: 0.6667 time 1.18s
Epoch: 34/150 Iter: 2/96 loss: 0.3147 acc: 0.8333 time 0.88s
Epoch: 34/150 Iter: 3/96 loss: 0.2453 acc: 0.8889 time 0.72s
Epoch: 34/150 Iter: 4/96 loss: 0.2112 acc: 0.9167 time 0.70s
Epoch: 34/150 Iter: 5/96 loss: 0.2113 acc: 0.9133 time 0.77s
Epoch: 34/150 Iter: 6/96 loss: 0.1860 acc: 0.9278 time 0.72s
Epoch: 34/150 Iter: 7/96 loss: 0.2174 acc: 0.9143 time 0.72s
Epoch: 34/150 Iter: 8/96 loss: 0.3274 acc: 0.8833 time 0.71s
Epoch: 34/150 Iter: 9/96 loss: 0.3153 acc: 0.8963 time 0.87s
Epoch: 34/150 Iter: 10/96 loss: 0.3410 acc: 0.8733 time 0.86s
Epoch: 34/150 Iter: 11/96 loss: 0.3369 acc: 0.8621 time 0.86s
Epoch: 34/150 Iter: 12/96 loss: 0.3667 acc: 0.8528 time 0.73s
Epoch: 34/150 Iter: 13/96 loss: 0.3935 acc: 0.8321 time 0.91s
Epoch: 34/150 Iter: 14/96 loss: 0.3846 acc: 0.8143 time 0.72s
Epoch: 34/150 Iter: 15/96 loss: 0.3836 acc: 0.8183 time 0.80s
Epoch: 34/150 Iter: 16/96 loss: 0.3807 acc: 0.8234 time 0.78s
Epoch: 34/150 Iter: 17/96 loss: 0.4753 acc: 0.7979 time 0.86s
Epoch: 34/150 Iter: 18/96 loss: 0.4686 acc: 0.7952 time 0.86s
Epoch: 34/150 Iter: 19/96 loss: 0.5038 acc: 0.7826 time 0.86s
Epoch: 34/150 Iter: 20/96 loss: 0.4941 acc: 0.7685 time 0.70s
Epoch: 34/150 Iter: 21/96 loss: 0.4771 acc: 0.7795 time 0.69s
Epoch: 34/150 Iter: 22/96 loss: 0.4669 acc: 0.7819 time 0.72s
Epoch: 34/150 Iter: 23/96 loss: 0.4496 acc: 0.7914 time 0.86s
Epoch: 34/150 Iter: 24/96 loss: 0.4368 acc: 0.8001 time 0.71s
Epoch: 34/150 Iter: 25/96 loss: 0.4404 acc: 0.7881 time 0.86s
Epoch: 34/150 Iter: 26/96 loss: 0.4301 acc: 0.7963 time 0.86s
Epoch: 34/150 Iter: 27/96 loss: 0.4289 acc: 0.7997 time 0.88s
Epoch: 34/150 Iter: 28/96 loss: 0.4364 acc: 0.7860 time 0.87s
Epoch: 34/150 Iter: 29/96 loss: 0.4405 acc: 0.7781 time 0.87s
Epoch: 34/150 Iter: 30/96 loss: 0.4415 acc: 0.7730 time 0.71s
Epoch: 34/150 Iter: 31/96 loss: 0.4429 acc: 0.7674 time 0.86s
Epoch: 34/150 Iter: 32/96 loss: 0.4415 acc: 0.7694 time 0.69s
Epoch: 34/150 Iter: 33/96 loss: 0.4329 acc: 0.7764 time 0.70s
Epoch: 34/150 Iter: 34/96 loss: 0.4213 acc: 0.7830 time 0.70s
Epoch: 34/150 Iter: 35/96 loss: 0.4165 acc: 0.7844 time 0.86s
Epoch: 34/150 Iter: 36/96 loss: 0.4132 acc: 0.7793 time 0.87s
Epoch: 34/150 Iter: 37/96 loss: 0.4081 acc: 0.7819 time 0.86s
Epoch: 34/150 Iter: 38/96 loss: 0.4050 acc: 0.7876 time 0.70s
Epoch: 34/150 Iter: 39/96 loss: 0.4026 acc: 0.7888 time 0.86s
Epoch: 34/150 Iter: 40/96 loss: 0.3965 acc: 0.7941 time 0.74s
Epoch: 34/150 Iter: 41/96 loss: 0.3934 acc: 0.7971 time 0.69s
Epoch: 34/150 Iter: 42/96 loss: 0.3874 acc: 0.8019 time 0.86s
Epoch: 34/150 Iter: 43/96 loss: 0.4119 acc: 0.7871 time 0.86s
Epoch: 34/150 Iter: 44/96 loss: 0.4042 acc: 0.7920 time 0.69s
Epoch: 34/150 Iter: 45/96 loss: 0.4072 acc: 0.7944 time 0.92s
Epoch: 34/150 Iter: 46/96 loss: 0.4005 acc: 0.7989 time 0.74s
Epoch: 34/150 Iter: 47/96 loss: 0.3941 acc: 0.8031 time 0.70s
Epoch: 34/150 Iter: 48/96 loss: 0.3937 acc: 0.8038 time 0.70s
Epoch: 34/150 Iter: 49/96 loss: 0.3985 acc: 0.8001 time 0.70s
Epoch: 34/150 Iter: 50/96 loss: 0.4059 acc: 0.7924 time 0.86s
Epoch: 34/150 Iter: 51/96 loss: 0.4034 acc: 0.7943 time 0.75s
Epoch: 34/150 Iter: 52/96 loss: 0.4054 acc: 0.7876 time 0.87s
Epoch: 34/150 Iter: 53/96 loss: 0.4037 acc: 0.7869 time 0.92s
Epoch: 34/150 Iter: 54/96 loss: 0.4076 acc: 0.7773 time 0.70s
Epoch: 34/150 Iter: 55/96 loss: 0.4018 acc: 0.7813 time 0.86s
Epoch: 34/150 Iter: 56/96 loss: 0.3995 acc: 0.7822 time 0.76s
Epoch: 34/150 Iter: 57/96 loss: 0.4004 acc: 0.7839 time 0.79s
Epoch: 34/150 Iter: 58/96 loss: 0.3949 acc: 0.7876 time 0.85s
Epoch: 34/150 Iter: 59/96 loss: 0.3958 acc: 0.7874 time 0.87s
Epoch: 34/150 Iter: 60/96 loss: 0.3933 acc: 0.7910 time 0.73s
Epoch: 34/150 Iter: 61/96 loss: 0.3889 acc: 0.7944 time 0.78s
Epoch: 34/150 Iter: 62/96 loss: 0.3882 acc: 0.7961 time 0.87s
Epoch: 34/150 Iter: 63/96 loss: 0.3839 acc: 0.7976 time 0.87s
Epoch: 34/150 Iter: 64/96 loss: 0.3808 acc: 0.8007 time 0.87s
Epoch: 34/150 Iter: 65/96 loss: 0.3834 acc: 0.7953 time 0.72s
Epoch: 34/150 Iter: 66/96 loss: 0.3806 acc: 0.7984 time 0.86s
Epoch: 34/150 Iter: 67/96 loss: 0.3760 acc: 0.8014 time 0.87s
Epoch: 34/150 Iter: 68/96 loss: 0.3753 acc: 0.8027 time 0.86s
Epoch: 34/150 Iter: 69/96 loss: 0.3726 acc: 0.8031 time 0.69s
Epoch: 34/150 Iter: 70/96 loss: 0.3771 acc: 0.7976 time 0.74s
Epoch: 34/150 Iter: 71/96 loss: 0.3785 acc: 0.7934 time 0.87s
Epoch: 34/150 Iter: 72/96 loss: 0.3748 acc: 0.7963 time 0.87s
Epoch: 34/150 Iter: 73/96 loss: 0.3743 acc: 0.7956 time 0.86s
Epoch: 34/150 Iter: 74/96 loss: 0.3699 acc: 0.7984 time 0.70s
Epoch: 34/150 Iter: 75/96 loss: 0.3654 acc: 0.8011 time 0.74s
Epoch: 34/150 Iter: 76/96 loss: 0.3649 acc: 0.8020 time 0.69s
Epoch: 34/150 Iter: 77/96 loss: 0.3623 acc: 0.8046 time 0.86s
Epoch: 34/150 Iter: 78/96 loss: 0.3600 acc: 0.8071 time 0.70s
Epoch: 34/150 Iter: 79/96 loss: 0.3591 acc: 0.8085 time 0.88s
Epoch: 34/150 Iter: 80/96 loss: 0.3575 acc: 0.8093 time 0.72s
Epoch: 34/150 Iter: 81/96 loss: 0.3662 acc: 0.8062 time 0.69s
Epoch: 34/150 Iter: 82/96 loss: 0.3655 acc: 0.8065 time 0.69s
Epoch: 34/150 Iter: 83/96 loss: 0.3635 acc: 0.8075 time 0.70s
Epoch: 34/150 Iter: 84/96 loss: 0.3625 acc: 0.8083 time 0.70s
Epoch: 34/150 Iter: 85/96 loss: 0.3612 acc: 0.8093 time 0.92s
Epoch: 34/150 Iter: 86/96 loss: 0.3620 acc: 0.8086 time 0.86s
Epoch: 34/150 Iter: 87/96 loss: 0.3604 acc: 0.8079 time 0.68s
Epoch: 34/150 Iter: 88/96 loss: 0.3777 acc: 0.8063 time 0.86s
Epoch: 34/150 Iter: 89/96 loss: 0.3739 acc: 0.8085 time 0.69s
Epoch: 34/150 Iter: 90/96 loss: 0.3779 acc: 0.8044 time 0.86s
Epoch: 34/150 Iter: 91/96 loss: 0.3809 acc: 0.8052 time 0.68s
Epoch: 34/150 Iter: 92/96 loss: 0.3772 acc: 0.8073 time 0.86s
Epoch: 34/150 Iter: 93/96 loss: 0.3734 acc: 0.8094 time 0.69s
Epoch: 34/150 Iter: 94/96 loss: 0.3695 acc: 0.8114 time 0.69s
Epoch: 34/150 Iter: 95/96 loss: 0.3738 acc: 0.8073 time 0.69s
Epoch: 34/150 Iter: 96/96 loss: 0.3734 acc: 0.8093 time 0.71s
[Train epoch 34] avg_loss=0.3734 avg_acc=0.8093 | per-class [c0: 0.832, c1: 0.900, c2: 0.861]
Final training 34/150, loss: 0.3734, time 75.93s, lr: 0.000911
Accuracy: 0.849
class                  precision    recall   specificity      f1   support
--------------------------------------------------------------------------
0                          0.910     0.832         0.922   0.869       280
1                          0.574     0.900         0.963   0.701        30
2                          0.839     0.861         0.858   0.850       266
*----------------------------------------*
Val 34/150 1/24, Acc: 0.5000, Loss: 3.0185, time 0.68s
Val 34/150 2/24, Acc: 0.5278, Loss: 1.8886, time 0.67s
Val 34/150 3/24, Acc: 0.5926, Loss: 1.3835, time 0.67s
Val 34/150 4/24, Acc: 0.6944, Loss: 1.0546, time 0.67s
Val 34/150 5/24, Acc: 0.7056, Loss: 0.9185, time 0.67s
Val 34/150 6/24, Acc: 0.7546, Loss: 0.7761, time 0.67s
Val 34/150 7/24, Acc: 0.7302, Loss: 0.7912, time 0.67s
Val 34/150 8/24, Acc: 0.7483, Loss: 0.7204, time 0.67s
Val 34/150 9/24, Acc: 0.7244, Loss: 0.6819, time 0.67s
Val 34/150 10/24, Acc: 0.7519, Loss: 0.6228, time 0.67s
Val 34/150 11/24, Acc: 0.7745, Loss: 0.5764, time 0.67s
Val 34/150 12/24, Acc: 0.7377, Loss: 0.5684, time 0.67s
Val 34/150 13/24, Acc: 0.7194, Loss: 0.5791, time 0.67s
Val 34/150 14/24, Acc: 0.7306, Loss: 0.5771, time 0.67s
Val 34/150 15/24, Acc: 0.7430, Loss: 0.5806, time 0.67s
Val 34/150 16/24, Acc: 0.7528, Loss: 0.5599, time 0.67s
Val 34/150 17/24, Acc: 0.7673, Loss: 0.5320, time 0.67s
Val 34/150 18/24, Acc: 0.7733, Loss: 0.5233, time 0.67s
Val 34/150 19/24, Acc: 0.7800, Loss: 0.5090, time 0.67s
Val 34/150 20/24, Acc: 0.7632, Loss: 0.5467, time 0.67s
Val 34/150 21/24, Acc: 0.7745, Loss: 0.5250, time 0.67s
Val 34/150 22/24, Acc: 0.7771, Loss: 0.5157, time 0.67s
Val 34/150 23/24, Acc: 0.7651, Loss: 0.5938, time 0.67s
Val 34/150 24/24, Acc: 0.7633, Loss: 0.5872, time 0.67s
[Val epoch 34] avg_acc=0.7633 | avg_loss=0.5872 | per-class [c0: 0.829, c1: 0.750, c2: 0.833]
Final validation 34/150, Val_acc: 0.7633, time 16.04sAccuracy: 0.826
class                  precision    recall   specificity      f1   support
--------------------------------------------------------------------------
0                          0.935     0.829         0.946   0.879        70
1                          0.375     0.750         0.926   0.500         8
2                          0.833     0.833         0.859   0.833        66
*========================================*
Saving checkpoint outputs/OrganoidsINRIA_XYZ_thinning_128/swinunetr/2026-02-23-11-31/training/model_final.pt
[EarlyStopping] no improve (5/40)
[EarlyStopping] no improve (1/40)
0 Mon Feb 23 12:21:08 2026 Epoch: 35
Epoch: 35/150 Iter: 1/96 loss: 0.1233 acc: 0.9167 time 1.09s
Epoch: 35/150 Iter: 2/96 loss: 0.1513 acc: 0.9583 time 0.86s
Epoch: 35/150 Iter: 3/96 loss: 0.1192 acc: 0.9722 time 0.77s
Epoch: 35/150 Iter: 4/96 loss: 0.1100 acc: 0.9792 time 0.72s
Epoch: 35/150 Iter: 5/96 loss: 0.1254 acc: 0.9611 time 0.86s
Epoch: 35/150 Iter: 6/96 loss: 0.2379 acc: 0.8704 time 0.70s
Epoch: 35/150 Iter: 7/96 loss: 0.2803 acc: 0.8746 time 0.70s
Epoch: 35/150 Iter: 8/96 loss: 0.2983 acc: 0.8747 time 0.71s
Epoch: 35/150 Iter: 9/96 loss: 0.2773 acc: 0.8886 time 0.72s
Epoch: 35/150 Iter: 10/96 loss: 0.2519 acc: 0.8997 time 0.69s
Epoch: 35/150 Iter: 11/96 loss: 0.2365 acc: 0.9088 time 0.87s
Epoch: 35/150 Iter: 12/96 loss: 0.2233 acc: 0.9164 time 0.87s
Epoch: 35/150 Iter: 13/96 loss: 0.2135 acc: 0.9229 time 0.77s
Epoch: 35/150 Iter: 14/96 loss: 0.2139 acc: 0.9284 time 0.86s
Epoch: 35/150 Iter: 15/96 loss: 0.2155 acc: 0.9331 time 0.86s
Epoch: 35/150 Iter: 16/96 loss: 0.2077 acc: 0.9373 time 0.86s
Epoch: 35/150 Iter: 17/96 loss: 0.2241 acc: 0.9292 time 0.86s
Epoch: 35/150 Iter: 18/96 loss: 0.2216 acc: 0.9008 time 0.70s
Epoch: 35/150 Iter: 19/96 loss: 0.2474 acc: 0.8849 time 0.71s
Epoch: 35/150 Iter: 20/96 loss: 0.2394 acc: 0.8907 time 0.69s
Epoch: 35/150 Iter: 21/96 loss: 0.2451 acc: 0.8800 time 0.86s
Epoch: 35/150 Iter: 22/96 loss: 0.2358 acc: 0.8855 time 0.69s
Epoch: 35/150 Iter: 23/96 loss: 0.2278 acc: 0.8905 time 0.86s
Epoch: 35/150 Iter: 24/96 loss: 0.2389 acc: 0.8867 time 0.70s
Epoch: 35/150 Iter: 25/96 loss: 0.2355 acc: 0.8912 time 0.75s
Epoch: 35/150 Iter: 26/96 loss: 0.2302 acc: 0.8954 time 0.74s
Epoch: 35/150 Iter: 27/96 loss: 0.3782 acc: 0.8746 time 0.70s
Epoch: 35/150 Iter: 28/96 loss: 0.3743 acc: 0.8791 time 0.70s
Epoch: 35/150 Iter: 29/96 loss: 0.3715 acc: 0.8775 time 0.87s
Epoch: 35/150 Iter: 30/96 loss: 0.3803 acc: 0.8677 time 0.87s
Epoch: 35/150 Iter: 31/96 loss: 0.3852 acc: 0.8585 time 0.70s
Epoch: 35/150 Iter: 32/96 loss: 0.3853 acc: 0.8577 time 0.69s
Epoch: 35/150 Iter: 33/96 loss: 0.3814 acc: 0.8469 time 0.87s
Epoch: 35/150 Iter: 34/96 loss: 0.3893 acc: 0.8416 time 0.78s
Epoch: 35/150 Iter: 35/96 loss: 0.3904 acc: 0.8413 time 0.70s
Epoch: 35/150 Iter: 36/96 loss: 0.3876 acc: 0.8411 time 0.69s
Epoch: 35/150 Iter: 37/96 loss: 0.3883 acc: 0.8319 time 0.86s
Epoch: 35/150 Iter: 38/96 loss: 0.3881 acc: 0.8319 time 0.87s
Epoch: 35/150 Iter: 39/96 loss: 0.3999 acc: 0.8234 time 0.92s
Epoch: 35/150 Iter: 40/96 loss: 0.3958 acc: 0.8167 time 0.71s
Epoch: 35/150 Iter: 41/96 loss: 0.3901 acc: 0.8212 time 0.69s
Epoch: 35/150 Iter: 42/96 loss: 0.4006 acc: 0.8096 time 0.75s
Epoch: 35/150 Iter: 43/96 loss: 0.4072 acc: 0.8005 time 0.70s
Epoch: 35/150 Iter: 44/96 loss: 0.4078 acc: 0.8050 time 0.79s
Epoch: 35/150 Iter: 45/96 loss: 0.4093 acc: 0.8038 time 0.69s
Epoch: 35/150 Iter: 46/96 loss: 0.4138 acc: 0.8008 time 0.86s
Epoch: 35/150 Iter: 47/96 loss: 0.4190 acc: 0.7908 time 0.86s
Epoch: 35/150 Iter: 48/96 loss: 0.4134 acc: 0.7917 time 0.86s
Epoch: 35/150 Iter: 49/96 loss: 0.4111 acc: 0.7960 time 0.79s
Epoch: 35/150 Iter: 50/96 loss: 0.4046 acc: 0.8001 time 0.86s
Epoch: 35/150 Iter: 51/96 loss: 0.3983 acc: 0.8040 time 0.86s
Epoch: 35/150 Iter: 52/96 loss: 0.3981 acc: 0.8045 time 0.86s
Epoch: 35/150 Iter: 53/96 loss: 0.3954 acc: 0.7998 time 0.97s
Epoch: 35/150 Iter: 54/96 loss: 0.3920 acc: 0.8035 time 0.69s
Epoch: 35/150 Iter: 55/96 loss: 0.3959 acc: 0.7980 time 0.71s
Epoch: 35/150 Iter: 56/96 loss: 0.3932 acc: 0.7942 time 0.77s
Epoch: 35/150 Iter: 57/96 loss: 0.3878 acc: 0.7978 time 0.69s
Epoch: 35/150 Iter: 58/96 loss: 0.3864 acc: 0.7984 time 0.69s
Epoch: 35/150 Iter: 59/96 loss: 0.3804 acc: 0.8018 time 0.86s
Epoch: 35/150 Iter: 60/96 loss: 0.3749 acc: 0.8051 time 0.69s
Epoch: 35/150 Iter: 61/96 loss: 0.3804 acc: 0.7992 time 0.75s
Epoch: 35/150 Iter: 62/96 loss: 0.3879 acc: 0.7953 time 0.87s
Epoch: 35/150 Iter: 63/96 loss: 0.3852 acc: 0.7959 time 0.70s
Epoch: 35/150 Iter: 64/96 loss: 0.3804 acc: 0.7991 time 0.75s
Epoch: 35/150 Iter: 65/96 loss: 0.3844 acc: 0.7996 time 0.70s
Epoch: 35/150 Iter: 66/96 loss: 0.3822 acc: 0.8001 time 0.70s
Epoch: 35/150 Iter: 67/96 loss: 0.3789 acc: 0.8031 time 0.87s
Epoch: 35/150 Iter: 68/96 loss: 0.3807 acc: 0.8023 time 0.86s
Epoch: 35/150 Iter: 69/96 loss: 0.3787 acc: 0.8028 time 0.72s
Epoch: 35/150 Iter: 70/96 loss: 0.3751 acc: 0.8056 time 0.86s
Epoch: 35/150 Iter: 71/96 loss: 0.3807 acc: 0.8060 time 0.87s
Epoch: 35/150 Iter: 72/96 loss: 0.3849 acc: 0.8064 time 0.71s
Epoch: 35/150 Iter: 73/96 loss: 0.3829 acc: 0.7999 time 0.75s
Epoch: 35/150 Iter: 74/96 loss: 0.3823 acc: 0.8012 time 0.76s
Epoch: 35/150 Iter: 75/96 loss: 0.3880 acc: 0.7994 time 0.76s
Epoch: 35/150 Iter: 76/96 loss: 0.3984 acc: 0.7897 time 0.69s
Epoch: 35/150 Iter: 77/96 loss: 0.3985 acc: 0.7859 time 0.86s
Epoch: 35/150 Iter: 78/96 loss: 0.3944 acc: 0.7886 time 0.87s
Epoch: 35/150 Iter: 79/96 loss: 0.3920 acc: 0.7899 time 0.77s
Epoch: 35/150 Iter: 80/96 loss: 0.3913 acc: 0.7913 time 0.70s
Epoch: 35/150 Iter: 81/96 loss: 0.3917 acc: 0.7918 time 0.86s
Epoch: 35/150 Iter: 82/96 loss: 0.3875 acc: 0.7943 time 0.68s
Epoch: 35/150 Iter: 83/96 loss: 0.3905 acc: 0.7938 time 0.86s
Epoch: 35/150 Iter: 84/96 loss: 0.3907 acc: 0.7949 time 0.71s
Epoch: 35/150 Iter: 85/96 loss: 0.3891 acc: 0.7954 time 0.70s
Epoch: 35/150 Iter: 86/96 loss: 0.3898 acc: 0.7949 time 0.71s
Epoch: 35/150 Iter: 87/96 loss: 0.3883 acc: 0.7953 time 0.70s
Epoch: 35/150 Iter: 88/96 loss: 0.3891 acc: 0.7962 time 0.85s
Epoch: 35/150 Iter: 89/96 loss: 0.3852 acc: 0.7985 time 0.69s
Epoch: 35/150 Iter: 90/96 loss: 0.3844 acc: 0.8007 time 0.85s
Epoch: 35/150 Iter: 91/96 loss: 0.3848 acc: 0.7978 time 0.69s
Epoch: 35/150 Iter: 92/96 loss: 0.3817 acc: 0.8000 time 0.86s
Epoch: 35/150 Iter: 93/96 loss: 0.3800 acc: 0.8022 time 0.69s
Epoch: 35/150 Iter: 94/96 loss: 0.3805 acc: 0.8025 time 0.70s
Epoch: 35/150 Iter: 95/96 loss: 0.3787 acc: 0.8046 time 0.86s
Epoch: 35/150 Iter: 96/96 loss: 0.3804 acc: 0.8005 time 0.69s
[Train epoch 35] avg_loss=0.3804 avg_acc=0.8005 | per-class [c0: 0.851, c1: 0.900, c2: 0.834]
Final training 35/150, loss: 0.3804, time 74.76s, lr: 0.000905
Accuracy: 0.845
class                  precision    recall   specificity      f1   support
--------------------------------------------------------------------------
0                          0.892     0.851         0.902   0.871       281
1                          0.551     0.900         0.960   0.684        30
2                          0.853     0.834         0.878   0.844       265
*----------------------------------------*
0 Mon Feb 23 12:22:23 2026 Epoch: 36
Epoch: 36/150 Iter: 1/96 loss: 0.4318 acc: 0.7500 time 1.11s
Epoch: 36/150 Iter: 2/96 loss: 0.3209 acc: 0.8750 time 0.71s
Epoch: 36/150 Iter: 3/96 loss: 0.2493 acc: 0.9167 time 0.75s
Epoch: 36/150 Iter: 4/96 loss: 0.2350 acc: 0.9375 time 0.71s
Epoch: 36/150 Iter: 5/96 loss: 0.2964 acc: 0.9167 time 0.70s
Epoch: 36/150 Iter: 6/96 loss: 0.2665 acc: 0.9306 time 0.73s
Epoch: 36/150 Iter: 7/96 loss: 0.2453 acc: 0.9405 time 0.71s
Epoch: 36/150 Iter: 8/96 loss: 0.2482 acc: 0.9323 time 0.86s
Epoch: 36/150 Iter: 9/96 loss: 0.2422 acc: 0.9287 time 0.69s
Epoch: 36/150 Iter: 10/96 loss: 0.2717 acc: 0.9358 time 0.75s
Epoch: 36/150 Iter: 11/96 loss: 0.2722 acc: 0.9417 time 0.70s
Epoch: 36/150 Iter: 12/96 loss: 0.2542 acc: 0.9465 time 0.88s
Epoch: 36/150 Iter: 13/96 loss: 0.2542 acc: 0.9410 time 0.69s
Epoch: 36/150 Iter: 14/96 loss: 0.2740 acc: 0.9214 time 0.71s
Epoch: 36/150 Iter: 15/96 loss: 0.2583 acc: 0.9267 time 0.69s
Epoch: 36/150 Iter: 16/96 loss: 0.2556 acc: 0.9035 time 0.86s
Epoch: 36/150 Iter: 17/96 loss: 0.2627 acc: 0.9018 time 0.70s
Epoch: 36/150 Iter: 18/96 loss: 0.2582 acc: 0.9073 time 0.86s
Epoch: 36/150 Iter: 19/96 loss: 0.2780 acc: 0.9069 time 0.92s
Epoch: 36/150 Iter: 20/96 loss: 0.2682 acc: 0.9115 time 0.88s
Epoch: 36/150 Iter: 21/96 loss: 0.2887 acc: 0.8872 time 0.75s
Epoch: 36/150 Iter: 22/96 loss: 0.2891 acc: 0.8809 time 0.78s
Epoch: 36/150 Iter: 23/96 loss: 0.2790 acc: 0.8861 time 0.70s
Epoch: 36/150 Iter: 24/96 loss: 0.2821 acc: 0.8770 time 0.77s
Epoch: 36/150 Iter: 25/96 loss: 0.2828 acc: 0.8769 time 0.75s
Epoch: 36/150 Iter: 26/96 loss: 0.2771 acc: 0.8752 time 0.86s
Epoch: 36/150 Iter: 27/96 loss: 0.2702 acc: 0.8798 time 0.70s
Epoch: 36/150 Iter: 28/96 loss: 0.2960 acc: 0.8663 time 0.87s
Epoch: 36/150 Iter: 29/96 loss: 0.3006 acc: 0.8536 time 0.86s
Epoch: 36/150 Iter: 30/96 loss: 0.3060 acc: 0.8419 time 0.87s
Epoch: 36/150 Iter: 31/96 loss: 0.3041 acc: 0.8416 time 0.87s
Epoch: 36/150 Iter: 32/96 loss: 0.3007 acc: 0.8465 time 0.71s
Epoch: 36/150 Iter: 33/96 loss: 0.3050 acc: 0.8451 time 0.87s
Epoch: 36/150 Iter: 34/96 loss: 0.3123 acc: 0.8423 time 0.78s
Epoch: 36/150 Iter: 35/96 loss: 0.3079 acc: 0.8468 time 0.75s
Epoch: 36/150 Iter: 36/96 loss: 0.3253 acc: 0.8372 time 0.78s
Epoch: 36/150 Iter: 37/96 loss: 0.3313 acc: 0.8348 time 0.78s
Epoch: 36/150 Iter: 38/96 loss: 0.3361 acc: 0.8287 time 0.87s
Epoch: 36/150 Iter: 39/96 loss: 0.3398 acc: 0.8288 time 0.92s
Epoch: 36/150 Iter: 40/96 loss: 0.3347 acc: 0.8310 time 0.74s
Epoch: 36/150 Iter: 41/96 loss: 0.3722 acc: 0.8215 time 0.77s
Epoch: 36/150 Iter: 42/96 loss: 0.3680 acc: 0.8231 time 0.72s
Epoch: 36/150 Iter: 43/96 loss: 0.3698 acc: 0.8234 time 0.88s
Epoch: 36/150 Iter: 44/96 loss: 0.3654 acc: 0.8274 time 0.75s
Epoch: 36/150 Iter: 45/96 loss: 0.3606 acc: 0.8312 time 0.93s
Epoch: 36/150 Iter: 46/96 loss: 0.3543 acc: 0.8349 time 0.86s
Epoch: 36/150 Iter: 47/96 loss: 0.3530 acc: 0.8313 time 0.87s
Epoch: 36/150 Iter: 48/96 loss: 0.3561 acc: 0.8265 time 0.73s
Epoch: 36/150 Iter: 49/96 loss: 0.3555 acc: 0.8266 time 0.86s
Epoch: 36/150 Iter: 50/96 loss: 0.3579 acc: 0.8212 time 0.76s
Epoch: 36/150 Iter: 51/96 loss: 0.3553 acc: 0.8215 time 0.79s
Epoch: 36/150 Iter: 52/96 loss: 0.3656 acc: 0.8146 time 0.87s
Epoch: 36/150 Iter: 53/96 loss: 0.3611 acc: 0.8181 time 0.70s
Epoch: 36/150 Iter: 54/96 loss: 0.3649 acc: 0.8107 time 0.75s
Epoch: 36/150 Iter: 55/96 loss: 0.3633 acc: 0.8111 time 0.77s
Epoch: 36/150 Iter: 56/96 loss: 0.3620 acc: 0.8115 time 0.87s
Epoch: 36/150 Iter: 57/96 loss: 0.3642 acc: 0.8082 time 0.87s
Epoch: 36/150 Iter: 58/96 loss: 0.3642 acc: 0.8072 time 0.80s
Epoch: 36/150 Iter: 59/96 loss: 0.3626 acc: 0.8063 time 0.77s
Epoch: 36/150 Iter: 60/96 loss: 0.3656 acc: 0.8039 time 0.88s
Epoch: 36/150 Iter: 61/96 loss: 0.3658 acc: 0.8055 time 0.76s
Epoch: 36/150 Iter: 62/96 loss: 0.3646 acc: 0.8046 time 0.90s
Epoch: 36/150 Iter: 63/96 loss: 0.3786 acc: 0.7961 time 0.86s
Epoch: 36/150 Iter: 64/96 loss: 0.3853 acc: 0.7906 time 0.87s
Epoch: 36/150 Iter: 65/96 loss: 0.3819 acc: 0.7938 time 0.70s
Epoch: 36/150 Iter: 66/96 loss: 0.3808 acc: 0.7954 time 0.76s
Epoch: 36/150 Iter: 67/96 loss: 0.3776 acc: 0.7970 time 0.70s
Epoch: 36/150 Iter: 68/96 loss: 0.3886 acc: 0.7926 time 0.70s
Epoch: 36/150 Iter: 69/96 loss: 0.3838 acc: 0.7956 time 0.87s
Epoch: 36/150 Iter: 70/96 loss: 0.3950 acc: 0.7914 time 0.71s
Epoch: 36/150 Iter: 71/96 loss: 0.3913 acc: 0.7896 time 0.87s
Epoch: 36/150 Iter: 72/96 loss: 0.3942 acc: 0.7891 time 0.71s
Epoch: 36/150 Iter: 73/96 loss: 0.3894 acc: 0.7920 time 0.70s
Epoch: 36/150 Iter: 74/96 loss: 0.3876 acc: 0.7931 time 0.87s
Epoch: 36/150 Iter: 75/96 loss: 0.3840 acc: 0.7959 time 0.87s
Epoch: 36/150 Iter: 76/96 loss: 0.3859 acc: 0.7952 time 0.93s
Epoch: 36/150 Iter: 77/96 loss: 0.3846 acc: 0.7947 time 0.87s
Epoch: 36/150 Iter: 78/96 loss: 0.3864 acc: 0.7952 time 0.87s
Epoch: 36/150 Iter: 79/96 loss: 0.3848 acc: 0.7921 time 0.70s
Epoch: 36/150 Iter: 80/96 loss: 0.3804 acc: 0.7947 time 0.73s
Epoch: 36/150 Iter: 81/96 loss: 0.3804 acc: 0.7901 time 0.70s
Epoch: 36/150 Iter: 82/96 loss: 0.3772 acc: 0.7926 time 0.69s
Epoch: 36/150 Iter: 83/96 loss: 0.3786 acc: 0.7939 time 0.86s
Epoch: 36/150 Iter: 84/96 loss: 0.3765 acc: 0.7964 time 0.69s
Epoch: 36/150 Iter: 85/96 loss: 0.3743 acc: 0.7973 time 0.70s
Epoch: 36/150 Iter: 86/96 loss: 0.3757 acc: 0.7950 time 0.85s
Epoch: 36/150 Iter: 87/96 loss: 0.3750 acc: 0.7973 time 0.69s
Epoch: 36/150 Iter: 88/96 loss: 0.3719 acc: 0.7997 time 0.69s
Epoch: 36/150 Iter: 89/96 loss: 0.3713 acc: 0.7991 time 0.70s
Epoch: 36/150 Iter: 90/96 loss: 0.3703 acc: 0.8013 time 0.86s
Epoch: 36/150 Iter: 91/96 loss: 0.3717 acc: 0.8011 time 0.69s
Epoch: 36/150 Iter: 92/96 loss: 0.3696 acc: 0.8032 time 0.69s
Epoch: 36/150 Iter: 93/96 loss: 0.3666 acc: 0.8053 time 0.69s
Epoch: 36/150 Iter: 94/96 loss: 0.3639 acc: 0.8074 time 0.85s
Epoch: 36/150 Iter: 95/96 loss: 0.3609 acc: 0.8094 time 0.69s
Epoch: 36/150 Iter: 96/96 loss: 0.3622 acc: 0.8071 time 0.69s
[Train epoch 36] avg_loss=0.3622 avg_acc=0.8071 | per-class [c0: 0.843, c1: 0.900, c2: 0.830]
Final training 36/150, loss: 0.3622, time 75.51s, lr: 0.000898
Accuracy: 0.840
class                  precision    recall   specificity      f1   support
--------------------------------------------------------------------------
0                          0.875     0.843         0.885   0.859       281
1                          0.614     0.900         0.969   0.730        30
2                          0.843     0.830         0.868   0.837       265
*----------------------------------------*
Val 36/150 1/24, Acc: 0.5000, Loss: 2.5682, time 0.68s
Val 36/150 2/24, Acc: 0.5278, Loss: 1.6754, time 0.67s
Val 36/150 3/24, Acc: 0.5926, Loss: 1.2947, time 0.67s
Val 36/150 4/24, Acc: 0.6944, Loss: 0.9767, time 0.67s
Val 36/150 5/24, Acc: 0.7556, Loss: 0.8219, time 0.67s
Val 36/150 6/24, Acc: 0.7963, Loss: 0.6992, time 0.67s
Val 36/150 7/24, Acc: 0.7659, Loss: 0.7229, time 0.67s
Val 36/150 8/24, Acc: 0.7951, Loss: 0.6502, time 0.67s
Val 36/150 9/24, Acc: 0.7660, Loss: 0.6084, time 0.67s
Val 36/150 10/24, Acc: 0.7894, Loss: 0.5697, time 0.67s
Val 36/150 11/24, Acc: 0.8086, Loss: 0.5316, time 0.67s
Val 36/150 12/24, Acc: 0.7690, Loss: 0.5375, time 0.67s
Val 36/150 13/24, Acc: 0.7483, Loss: 0.5571, time 0.67s
Val 36/150 14/24, Acc: 0.7573, Loss: 0.5552, time 0.67s
Val 36/150 15/24, Acc: 0.7457, Loss: 0.5733, time 0.67s
Val 36/150 16/24, Acc: 0.7554, Loss: 0.5479, time 0.67s
Val 36/150 17/24, Acc: 0.7698, Loss: 0.5245, time 0.67s
Val 36/150 18/24, Acc: 0.7756, Loss: 0.5310, time 0.67s
Val 36/150 19/24, Acc: 0.7822, Loss: 0.5226, time 0.67s
Val 36/150 20/24, Acc: 0.7653, Loss: 0.5606, time 0.67s
Val 36/150 21/24, Acc: 0.7765, Loss: 0.5388, time 0.67s
Val 36/150 22/24, Acc: 0.7790, Loss: 0.5356, time 0.67s
Val 36/150 23/24, Acc: 0.7669, Loss: 0.5961, time 0.67s
Val 36/150 24/24, Acc: 0.7650, Loss: 0.5941, time 0.67s
[Val epoch 36] avg_acc=0.7650 | avg_loss=0.5941 | per-class [c0: 0.814, c1: 0.750, c2: 0.864]
Final validation 36/150, Val_acc: 0.7650, time 16.07sAccuracy: 0.833
class                  precision    recall   specificity      f1   support
--------------------------------------------------------------------------
0                          0.983     0.814         0.986   0.891        70
1                          0.375     0.750         0.926   0.500         8
2                          0.814     0.864         0.833   0.838        66
*========================================*
New best (0.764005 --> 0.765046)
Saving checkpoint outputs/OrganoidsINRIA_XYZ_thinning_128/swinunetr/2026-02-23-11-31/training/model_final.pt
Copying best model to best_model.pt
[EarlyStopping] no improve (6/40)
[EarlyStopping] no improve (2/40)
0 Mon Feb 23 12:24:05 2026 Epoch: 37
Epoch: 37/150 Iter: 1/96 loss: 0.1398 acc: 1.0000 time 1.21s
Epoch: 37/150 Iter: 2/96 loss: 0.4958 acc: 0.7917 time 0.70s
Epoch: 37/150 Iter: 3/96 loss: 0.3528 acc: 0.8611 time 0.86s
Epoch: 37/150 Iter: 4/96 loss: 0.3461 acc: 0.7958 time 0.86s
Epoch: 37/150 Iter: 5/96 loss: 0.3301 acc: 0.7533 time 0.75s
Epoch: 37/150 Iter: 6/96 loss: 0.3794 acc: 0.7667 time 0.69s
Epoch: 37/150 Iter: 7/96 loss: 0.3487 acc: 0.7821 time 0.87s
Epoch: 37/150 Iter: 8/96 loss: 0.4160 acc: 0.7677 time 0.70s
Epoch: 37/150 Iter: 9/96 loss: 0.4272 acc: 0.7796 time 0.86s
Epoch: 37/150 Iter: 10/96 loss: 0.4434 acc: 0.7600 time 0.70s
Epoch: 37/150 Iter: 11/96 loss: 0.4668 acc: 0.7364 time 0.86s
Epoch: 37/150 Iter: 12/96 loss: 0.4480 acc: 0.7500 time 0.87s
Epoch: 37/150 Iter: 13/96 loss: 0.4245 acc: 0.7692 time 0.86s
Epoch: 37/150 Iter: 14/96 loss: 0.4168 acc: 0.7768 time 0.86s
Epoch: 37/150 Iter: 15/96 loss: 0.4013 acc: 0.7833 time 0.70s
Epoch: 37/150 Iter: 16/96 loss: 0.3963 acc: 0.7708 time 0.86s
Epoch: 37/150 Iter: 17/96 loss: 0.3798 acc: 0.7843 time 0.75s
Epoch: 37/150 Iter: 18/96 loss: 0.3726 acc: 0.7870 time 0.76s
Epoch: 37/150 Iter: 19/96 loss: 0.3570 acc: 0.7982 time 0.86s
Epoch: 37/150 Iter: 20/96 loss: 0.3571 acc: 0.8021 time 0.86s
Epoch: 37/150 Iter: 21/96 loss: 0.3870 acc: 0.7851 time 0.87s
Epoch: 37/150 Iter: 22/96 loss: 0.3785 acc: 0.7891 time 0.87s
Epoch: 37/150 Iter: 23/96 loss: 0.3779 acc: 0.7947 time 0.70s
Epoch: 37/150 Iter: 24/96 loss: 0.3735 acc: 0.8032 time 0.86s
Epoch: 37/150 Iter: 25/96 loss: 0.3802 acc: 0.8044 time 0.86s
Epoch: 37/150 Iter: 26/96 loss: 0.4239 acc: 0.7991 time 0.85s
Epoch: 37/150 Iter: 27/96 loss: 0.4237 acc: 0.8004 time 0.75s
Epoch: 37/150 Iter: 28/96 loss: 0.4168 acc: 0.8031 time 0.87s
Epoch: 37/150 Iter: 29/96 loss: 0.4177 acc: 0.8056 time 0.87s
Epoch: 37/150 Iter: 30/96 loss: 0.4091 acc: 0.8093 time 0.70s
Epoch: 37/150 Iter: 31/96 loss: 0.4112 acc: 0.8114 time 0.86s
Epoch: 37/150 Iter: 32/96 loss: 0.4037 acc: 0.8173 time 0.75s
Epoch: 37/150 Iter: 33/96 loss: 0.3998 acc: 0.8203 time 0.71s
Epoch: 37/150 Iter: 34/96 loss: 0.3972 acc: 0.8207 time 0.71s
Epoch: 37/150 Iter: 35/96 loss: 0.4152 acc: 0.8067 time 0.71s
Epoch: 37/150 Iter: 36/96 loss: 0.4105 acc: 0.8121 time 0.74s
Epoch: 37/150 Iter: 37/96 loss: 0.4024 acc: 0.8172 time 0.86s
Epoch: 37/150 Iter: 38/96 loss: 0.4032 acc: 0.8110 time 0.70s
Epoch: 37/150 Iter: 39/96 loss: 0.4023 acc: 0.8045 time 0.86s
Epoch: 37/150 Iter: 40/96 loss: 0.3994 acc: 0.8052 time 0.70s
Epoch: 37/150 Iter: 41/96 loss: 0.3933 acc: 0.8100 time 0.71s
Epoch: 37/150 Iter: 42/96 loss: 0.3948 acc: 0.8050 time 0.70s
Epoch: 37/150 Iter: 43/96 loss: 0.3895 acc: 0.8056 time 0.71s
Epoch: 37/150 Iter: 44/96 loss: 0.3856 acc: 0.8063 time 0.87s
Epoch: 37/150 Iter: 45/96 loss: 0.3791 acc: 0.8106 time 0.71s
Epoch: 37/150 Iter: 46/96 loss: 0.3761 acc: 0.8147 time 0.75s
Epoch: 37/150 Iter: 47/96 loss: 0.3712 acc: 0.8186 time 0.69s
Epoch: 37/150 Iter: 48/96 loss: 0.3660 acc: 0.8224 time 0.71s
Epoch: 37/150 Iter: 49/96 loss: 0.3617 acc: 0.8260 time 0.86s
Epoch: 37/150 Iter: 50/96 loss: 0.3714 acc: 0.8184 time 0.87s
Epoch: 37/150 Iter: 51/96 loss: 0.3735 acc: 0.8170 time 0.87s
Epoch: 37/150 Iter: 52/96 loss: 0.3674 acc: 0.8206 time 0.87s
Epoch: 37/150 Iter: 53/96 loss: 0.3635 acc: 0.8240 time 0.69s
Epoch: 37/150 Iter: 54/96 loss: 0.3621 acc: 0.8272 time 0.87s
Epoch: 37/150 Iter: 55/96 loss: 0.3685 acc: 0.8258 time 0.87s
Epoch: 37/150 Iter: 56/96 loss: 0.3734 acc: 0.8210 time 0.87s
Epoch: 37/150 Iter: 57/96 loss: 0.3780 acc: 0.8175 time 0.70s
Epoch: 37/150 Iter: 58/96 loss: 0.3797 acc: 0.8190 time 0.87s
Epoch: 37/150 Iter: 59/96 loss: 0.3815 acc: 0.8199 time 0.71s
Epoch: 37/150 Iter: 60/96 loss: 0.3798 acc: 0.8188 time 0.70s
Epoch: 37/150 Iter: 61/96 loss: 0.3914 acc: 0.8163 time 0.78s
Epoch: 37/150 Iter: 62/96 loss: 0.3889 acc: 0.8192 time 0.69s
Epoch: 37/150 Iter: 63/96 loss: 0.3862 acc: 0.8168 time 0.75s
Epoch: 37/150 Iter: 64/96 loss: 0.3889 acc: 0.8153 time 0.87s
Epoch: 37/150 Iter: 65/96 loss: 0.3838 acc: 0.8182 time 0.87s
Epoch: 37/150 Iter: 66/96 loss: 0.3826 acc: 0.8184 time 0.74s
Epoch: 37/150 Iter: 67/96 loss: 0.3812 acc: 0.8174 time 0.87s
Epoch: 37/150 Iter: 68/96 loss: 0.3773 acc: 0.8201 time 0.75s
Epoch: 37/150 Iter: 69/96 loss: 0.3765 acc: 0.8212 time 0.74s
Epoch: 37/150 Iter: 70/96 loss: 0.3798 acc: 0.8178 time 0.71s
Epoch: 37/150 Iter: 71/96 loss: 0.3763 acc: 0.8204 time 0.75s
Epoch: 37/150 Iter: 72/96 loss: 0.3742 acc: 0.8229 time 0.72s
Epoch: 37/150 Iter: 73/96 loss: 0.3720 acc: 0.8238 time 0.86s
Epoch: 37/150 Iter: 74/96 loss: 0.3750 acc: 0.8187 time 0.70s
Epoch: 37/150 Iter: 75/96 loss: 0.3733 acc: 0.8194 time 0.71s
Epoch: 37/150 Iter: 76/96 loss: 0.3701 acc: 0.8218 time 0.88s
Epoch: 37/150 Iter: 77/96 loss: 0.3683 acc: 0.8219 time 0.87s
Epoch: 37/150 Iter: 78/96 loss: 0.3705 acc: 0.8221 time 0.71s
Epoch: 37/150 Iter: 79/96 loss: 0.3732 acc: 0.8215 time 0.86s
Epoch: 37/150 Iter: 80/96 loss: 0.3692 acc: 0.8238 time 0.70s
Epoch: 37/150 Iter: 81/96 loss: 0.3660 acc: 0.8259 time 0.87s
Epoch: 37/150 Iter: 82/96 loss: 0.3654 acc: 0.8240 time 0.86s
Epoch: 37/150 Iter: 83/96 loss: 0.3661 acc: 0.8231 time 0.71s
Epoch: 37/150 Iter: 84/96 loss: 0.3677 acc: 0.8237 time 0.70s
Epoch: 37/150 Iter: 85/96 loss: 0.3658 acc: 0.8258 time 0.69s
Epoch: 37/150 Iter: 86/96 loss: 0.3736 acc: 0.8230 time 0.86s
Epoch: 37/150 Iter: 87/96 loss: 0.3703 acc: 0.8250 time 0.70s
Epoch: 37/150 Iter: 88/96 loss: 0.3717 acc: 0.8241 time 0.69s
Epoch: 37/150 Iter: 89/96 loss: 0.3691 acc: 0.8261 time 0.70s
Epoch: 37/150 Iter: 90/96 loss: 0.3694 acc: 0.8267 time 0.86s
Epoch: 37/150 Iter: 91/96 loss: 0.3660 acc: 0.8286 time 0.70s
Epoch: 37/150 Iter: 92/96 loss: 0.3745 acc: 0.8286 time 0.69s
Epoch: 37/150 Iter: 93/96 loss: 0.3720 acc: 0.8305 time 0.86s
Epoch: 37/150 Iter: 94/96 loss: 0.3722 acc: 0.8278 time 0.69s
Epoch: 37/150 Iter: 95/96 loss: 0.3714 acc: 0.8286 time 0.69s
Epoch: 37/150 Iter: 96/96 loss: 0.3709 acc: 0.8278 time 0.86s
[Train epoch 37] avg_loss=0.3709 avg_acc=0.8278 | per-class [c0: 0.846, c1: 0.900, c2: 0.872]
Final training 37/150, loss: 0.3709, time 75.49s, lr: 0.000891
Accuracy: 0.861
class                  precision    recall   specificity      f1   support
--------------------------------------------------------------------------
0                          0.919     0.846         0.929   0.881       280
1                          0.574     0.900         0.963   0.701        30
2                          0.856     0.872         0.874   0.864       266
*----------------------------------------*
0 Mon Feb 23 12:25:21 2026 Epoch: 38
Epoch: 38/150 Iter: 1/96 loss: 0.7616 acc: 0.5556 time 1.19s
Epoch: 38/150 Iter: 2/96 loss: 0.7219 acc: 0.5278 time 0.74s
Epoch: 38/150 Iter: 3/96 loss: 0.5228 acc: 0.6852 time 0.88s
Epoch: 38/150 Iter: 4/96 loss: 0.5473 acc: 0.6806 time 0.71s
Epoch: 38/150 Iter: 5/96 loss: 0.4980 acc: 0.7222 time 0.70s
Epoch: 38/150 Iter: 6/96 loss: 0.4529 acc: 0.7685 time 0.70s
Epoch: 38/150 Iter: 7/96 loss: 0.4381 acc: 0.7837 time 0.72s
Epoch: 38/150 Iter: 8/96 loss: 0.4067 acc: 0.7951 time 0.70s
Epoch: 38/150 Iter: 9/96 loss: 0.4185 acc: 0.7660 time 0.71s
Epoch: 38/150 Iter: 10/96 loss: 0.3864 acc: 0.7811 time 0.80s
Epoch: 38/150 Iter: 11/96 loss: 0.3932 acc: 0.7859 time 0.87s
Epoch: 38/150 Iter: 12/96 loss: 0.3704 acc: 0.8037 time 0.88s
Epoch: 38/150 Iter: 13/96 loss: 0.3802 acc: 0.8034 time 0.87s
Epoch: 38/150 Iter: 14/96 loss: 0.3696 acc: 0.8175 time 0.87s
Epoch: 38/150 Iter: 15/96 loss: 0.3501 acc: 0.8296 time 0.76s
Epoch: 38/150 Iter: 16/96 loss: 0.3455 acc: 0.8153 time 0.86s
Epoch: 38/150 Iter: 17/96 loss: 0.3421 acc: 0.8163 time 0.71s
Epoch: 38/150 Iter: 18/96 loss: 0.3532 acc: 0.8057 time 0.69s
Epoch: 38/150 Iter: 19/96 loss: 0.4017 acc: 0.7773 time 0.87s
Epoch: 38/150 Iter: 20/96 loss: 0.3884 acc: 0.7829 time 0.70s
Epoch: 38/150 Iter: 21/96 loss: 0.3729 acc: 0.7933 time 0.75s
Epoch: 38/150 Iter: 22/96 loss: 0.3660 acc: 0.8027 time 0.87s
Epoch: 38/150 Iter: 23/96 loss: 0.3571 acc: 0.8112 time 0.76s
Epoch: 38/150 Iter: 24/96 loss: 0.3431 acc: 0.8191 time 0.87s
Epoch: 38/150 Iter: 25/96 loss: 0.3433 acc: 0.8197 time 0.74s
Epoch: 38/150 Iter: 26/96 loss: 0.3325 acc: 0.8266 time 0.87s
Epoch: 38/150 Iter: 27/96 loss: 0.3240 acc: 0.8330 time 0.76s
Epoch: 38/150 Iter: 28/96 loss: 0.3190 acc: 0.8390 time 0.70s
Epoch: 38/150 Iter: 29/96 loss: 0.3110 acc: 0.8445 time 0.87s
Epoch: 38/150 Iter: 30/96 loss: 0.3042 acc: 0.8497 time 0.87s
Epoch: 38/150 Iter: 31/96 loss: 0.3089 acc: 0.8411 time 0.87s
Epoch: 38/150 Iter: 32/96 loss: 0.3029 acc: 0.8461 time 0.86s
Epoch: 38/150 Iter: 33/96 loss: 0.3127 acc: 0.8432 time 0.73s
Epoch: 38/150 Iter: 34/96 loss: 0.3158 acc: 0.8315 time 0.79s
Epoch: 38/150 Iter: 35/96 loss: 0.3084 acc: 0.8363 time 0.72s
Epoch: 38/150 Iter: 36/96 loss: 0.3016 acc: 0.8408 time 0.87s
Epoch: 38/150 Iter: 37/96 loss: 0.3027 acc: 0.8361 time 0.87s
Epoch: 38/150 Iter: 38/96 loss: 0.3150 acc: 0.8317 time 0.74s
Epoch: 38/150 Iter: 39/96 loss: 0.3252 acc: 0.8231 time 0.70s
Epoch: 38/150 Iter: 40/96 loss: 0.3209 acc: 0.8244 time 0.71s
Epoch: 38/150 Iter: 41/96 loss: 0.3171 acc: 0.8287 time 0.70s
Epoch: 38/150 Iter: 42/96 loss: 0.3164 acc: 0.8298 time 0.93s
Epoch: 38/150 Iter: 43/96 loss: 0.3251 acc: 0.8280 time 0.87s
Epoch: 38/150 Iter: 44/96 loss: 0.3248 acc: 0.8281 time 0.75s
Epoch: 38/150 Iter: 45/96 loss: 0.3286 acc: 0.8319 time 0.77s
Epoch: 38/150 Iter: 46/96 loss: 0.3338 acc: 0.8254 time 0.72s
Epoch: 38/150 Iter: 47/96 loss: 0.3693 acc: 0.8185 time 0.75s
Epoch: 38/150 Iter: 48/96 loss: 0.3655 acc: 0.8223 time 0.93s
Epoch: 38/150 Iter: 49/96 loss: 0.3611 acc: 0.8259 time 0.71s
Epoch: 38/150 Iter: 50/96 loss: 0.3569 acc: 0.8294 time 0.75s
Epoch: 38/150 Iter: 51/96 loss: 0.3517 acc: 0.8327 time 0.77s
Epoch: 38/150 Iter: 52/96 loss: 0.3529 acc: 0.8340 time 0.73s
Epoch: 38/150 Iter: 53/96 loss: 0.3533 acc: 0.8267 time 0.76s
Epoch: 38/150 Iter: 54/96 loss: 0.3531 acc: 0.8253 time 0.70s
Epoch: 38/150 Iter: 55/96 loss: 0.3482 acc: 0.8284 time 0.70s
Epoch: 38/150 Iter: 56/96 loss: 0.3444 acc: 0.8315 time 0.87s
Epoch: 38/150 Iter: 57/96 loss: 0.3450 acc: 0.8327 time 0.75s
Epoch: 38/150 Iter: 58/96 loss: 0.3442 acc: 0.8327 time 0.72s
Epoch: 38/150 Iter: 59/96 loss: 0.3494 acc: 0.8271 time 0.70s
Epoch: 38/150 Iter: 60/96 loss: 0.3484 acc: 0.8283 time 0.88s
Epoch: 38/150 Iter: 61/96 loss: 0.3460 acc: 0.8311 time 0.87s
Epoch: 38/150 Iter: 62/96 loss: 0.3476 acc: 0.8338 time 0.87s
Epoch: 38/150 Iter: 63/96 loss: 0.3521 acc: 0.8301 time 0.71s
Epoch: 38/150 Iter: 64/96 loss: 0.3494 acc: 0.8312 time 0.75s
Epoch: 38/150 Iter: 65/96 loss: 0.3469 acc: 0.8321 time 0.86s
Epoch: 38/150 Iter: 66/96 loss: 0.3446 acc: 0.8296 time 0.87s
Epoch: 38/150 Iter: 67/96 loss: 0.3400 acc: 0.8321 time 0.70s
Epoch: 38/150 Iter: 68/96 loss: 0.3476 acc: 0.8236 time 0.87s
Epoch: 38/150 Iter: 69/96 loss: 0.3501 acc: 0.8194 time 0.86s
Epoch: 38/150 Iter: 70/96 loss: 0.3578 acc: 0.8136 time 0.70s
Epoch: 38/150 Iter: 71/96 loss: 0.3617 acc: 0.8084 time 0.76s
Epoch: 38/150 Iter: 72/96 loss: 0.3623 acc: 0.8088 time 0.70s
Epoch: 38/150 Iter: 73/96 loss: 0.3632 acc: 0.8032 time 0.74s
Epoch: 38/150 Iter: 74/96 loss: 0.3612 acc: 0.8058 time 0.88s
Epoch: 38/150 Iter: 75/96 loss: 0.3568 acc: 0.8084 time 0.72s
Epoch: 38/150 Iter: 76/96 loss: 0.3574 acc: 0.8065 time 0.76s
Epoch: 38/150 Iter: 77/96 loss: 0.3545 acc: 0.8091 time 0.78s
Epoch: 38/150 Iter: 78/96 loss: 0.3589 acc: 0.8051 time 0.77s
Epoch: 38/150 Iter: 79/96 loss: 0.3544 acc: 0.8076 time 0.74s
Epoch: 38/150 Iter: 80/96 loss: 0.3682 acc: 0.8037 time 0.77s
Epoch: 38/150 Iter: 81/96 loss: 0.3649 acc: 0.8061 time 0.70s
Epoch: 38/150 Iter: 82/96 loss: 0.3668 acc: 0.8017 time 0.69s
Epoch: 38/150 Iter: 83/96 loss: 0.3767 acc: 0.7961 time 0.86s
Epoch: 38/150 Iter: 84/96 loss: 0.3750 acc: 0.7926 time 0.70s
Epoch: 38/150 Iter: 85/96 loss: 0.3806 acc: 0.7911 time 0.86s
Epoch: 38/150 Iter: 86/96 loss: 0.3856 acc: 0.7921 time 0.86s
Epoch: 38/150 Iter: 87/96 loss: 0.3874 acc: 0.7906 time 0.69s
Epoch: 38/150 Iter: 88/96 loss: 0.3881 acc: 0.7862 time 0.71s
Epoch: 38/150 Iter: 89/96 loss: 0.3847 acc: 0.7886 time 0.69s
Epoch: 38/150 Iter: 90/96 loss: 0.3863 acc: 0.7895 time 0.86s
Epoch: 38/150 Iter: 91/96 loss: 0.3925 acc: 0.7906 time 0.70s
Epoch: 38/150 Iter: 92/96 loss: 0.3892 acc: 0.7929 time 0.86s
Epoch: 38/150 Iter: 93/96 loss: 0.3906 acc: 0.7939 time 0.70s
Epoch: 38/150 Iter: 94/96 loss: 0.3908 acc: 0.7919 time 0.70s
Epoch: 38/150 Iter: 95/96 loss: 0.3952 acc: 0.7882 time 0.69s
Epoch: 38/150 Iter: 96/96 loss: 0.3968 acc: 0.7891 time 0.69s
[Train epoch 38] avg_loss=0.3968 avg_acc=0.7891 | per-class [c0: 0.847, c1: 0.900, c2: 0.823]
Final training 38/150, loss: 0.3968, time 75.01s, lr: 0.000885
Accuracy: 0.839
class                  precision    recall   specificity      f1   support
--------------------------------------------------------------------------
0                          0.878     0.847         0.888   0.862       281
1                          0.551     0.900         0.960   0.684        30
2                          0.852     0.823         0.878   0.837       265
*----------------------------------------*
Val 38/150 1/24, Acc: 0.5000, Loss: 4.0129, time 0.68s
Val 38/150 2/24, Acc: 0.5278, Loss: 2.1975, time 0.67s
Val 38/150 3/24, Acc: 0.6296, Loss: 1.5623, time 0.67s
Val 38/150 4/24, Acc: 0.7222, Loss: 1.1945, time 0.69s
Val 38/150 5/24, Acc: 0.7778, Loss: 0.9982, time 0.67s
Val 38/150 6/24, Acc: 0.7940, Loss: 0.8698, time 0.67s
Val 38/150 7/24, Acc: 0.7639, Loss: 0.8160, time 0.67s
Val 38/150 8/24, Acc: 0.7934, Loss: 0.7236, time 0.67s
Val 38/150 9/24, Acc: 0.7719, Loss: 0.6610, time 0.67s
Val 38/150 10/24, Acc: 0.7947, Loss: 0.6051, time 0.67s
Val 38/150 11/24, Acc: 0.7982, Loss: 0.6251, time 0.67s
Val 38/150 12/24, Acc: 0.7664, Loss: 0.6039, time 0.67s
Val 38/150 13/24, Acc: 0.7652, Loss: 0.5943, time 0.67s
Val 38/150 14/24, Acc: 0.7730, Loss: 0.5832, time 0.67s
Val 38/150 15/24, Acc: 0.7826, Loss: 0.5901, time 0.67s
Val 38/150 16/24, Acc: 0.7899, Loss: 0.5735, time 0.67s
Val 38/150 17/24, Acc: 0.8023, Loss: 0.5444, time 0.67s
Val 38/150 18/24, Acc: 0.8063, Loss: 0.5288, time 0.67s
Val 38/150 19/24, Acc: 0.8165, Loss: 0.5133, time 0.67s
Val 38/150 20/24, Acc: 0.7979, Loss: 0.5277, time 0.67s
Val 38/150 21/24, Acc: 0.8016, Loss: 0.5110, time 0.67s
Val 38/150 22/24, Acc: 0.8030, Loss: 0.5044, time 0.67s
Val 38/150 23/24, Acc: 0.7971, Loss: 0.6259, time 0.67s
Val 38/150 24/24, Acc: 0.7940, Loss: 0.6086, time 0.67s
[Val epoch 38] avg_acc=0.7940 | avg_loss=0.6086 | per-class [c0: 0.857, c1: 0.625, c2: 0.879]
Final validation 38/150, Val_acc: 0.7940, time 16.09sAccuracy: 0.854
class                  precision    recall   specificity      f1   support
--------------------------------------------------------------------------
0                          0.938     0.857         0.946   0.896        70
1                          0.500     0.625         0.963   0.556         8
2                          0.829     0.879         0.846   0.853        66
*========================================*
New best (0.765046 --> 0.793981)
Saving checkpoint outputs/OrganoidsINRIA_XYZ_thinning_128/swinunetr/2026-02-23-11-31/training/model_final.pt
Copying best model to best_model.pt
[EarlyStopping] improved to 0.793981
[EarlyStopping] no improve (3/40)
0 Mon Feb 23 12:27:03 2026 Epoch: 39
Epoch: 39/150 Iter: 1/96 loss: 0.1097 acc: 1.0000 time 1.19s
Epoch: 39/150 Iter: 2/96 loss: 0.1107 acc: 1.0000 time 0.70s
Epoch: 39/150 Iter: 3/96 loss: 0.3924 acc: 0.7778 time 0.87s
Epoch: 39/150 Iter: 4/96 loss: 0.4700 acc: 0.7833 time 0.70s
Epoch: 39/150 Iter: 5/96 loss: 0.6602 acc: 0.7200 time 0.72s
Epoch: 39/150 Iter: 6/96 loss: 0.6032 acc: 0.7111 time 0.70s
Epoch: 39/150 Iter: 7/96 loss: 0.6042 acc: 0.7048 time 0.87s
Epoch: 39/150 Iter: 8/96 loss: 0.5495 acc: 0.7417 time 0.96s
Epoch: 39/150 Iter: 9/96 loss: 0.5710 acc: 0.7426 time 0.77s
Epoch: 39/150 Iter: 10/96 loss: 0.5606 acc: 0.7558 time 0.70s
Epoch: 39/150 Iter: 11/96 loss: 0.5824 acc: 0.7598 time 0.77s
Epoch: 39/150 Iter: 12/96 loss: 0.5941 acc: 0.7382 time 0.96s
Epoch: 39/150 Iter: 13/96 loss: 0.5893 acc: 0.7156 time 0.87s
Epoch: 39/150 Iter: 14/96 loss: 0.5580 acc: 0.7359 time 0.86s
Epoch: 39/150 Iter: 15/96 loss: 0.5324 acc: 0.7535 time 0.74s
Epoch: 39/150 Iter: 16/96 loss: 0.5145 acc: 0.7689 time 0.71s
Epoch: 39/150 Iter: 17/96 loss: 0.5208 acc: 0.7531 time 0.70s
Epoch: 39/150 Iter: 18/96 loss: 0.5037 acc: 0.7606 time 0.87s
Epoch: 39/150 Iter: 19/96 loss: 0.4991 acc: 0.7689 time 0.87s
Epoch: 39/150 Iter: 20/96 loss: 0.5220 acc: 0.7471 time 0.86s
Epoch: 39/150 Iter: 21/96 loss: 0.5086 acc: 0.7591 time 0.75s
Epoch: 39/150 Iter: 22/96 loss: 0.4889 acc: 0.7701 time 0.70s
Epoch: 39/150 Iter: 23/96 loss: 0.4801 acc: 0.7656 time 0.70s
Epoch: 39/150 Iter: 24/96 loss: 0.4812 acc: 0.7510 time 0.70s
Epoch: 39/150 Iter: 25/96 loss: 0.5323 acc: 0.7410 time 0.77s
Epoch: 39/150 Iter: 26/96 loss: 0.5267 acc: 0.7462 time 0.71s
Epoch: 39/150 Iter: 27/96 loss: 0.5224 acc: 0.7494 time 0.75s
Epoch: 39/150 Iter: 28/96 loss: 0.5255 acc: 0.7440 time 0.87s
Epoch: 39/150 Iter: 29/96 loss: 0.5217 acc: 0.7471 time 0.75s
Epoch: 39/150 Iter: 30/96 loss: 0.5080 acc: 0.7556 time 0.70s
Epoch: 39/150 Iter: 31/96 loss: 0.5114 acc: 0.7513 time 0.71s
Epoch: 39/150 Iter: 32/96 loss: 0.5162 acc: 0.7435 time 0.88s
Epoch: 39/150 Iter: 33/96 loss: 0.5080 acc: 0.7513 time 0.70s
Epoch: 39/150 Iter: 34/96 loss: 0.5014 acc: 0.7586 time 0.77s
Epoch: 39/150 Iter: 35/96 loss: 0.5123 acc: 0.7512 time 0.70s
Epoch: 39/150 Iter: 36/96 loss: 0.5208 acc: 0.7427 time 0.70s
Epoch: 39/150 Iter: 37/96 loss: 0.5180 acc: 0.7451 time 0.76s
Epoch: 39/150 Iter: 38/96 loss: 0.5065 acc: 0.7518 time 0.86s
Epoch: 39/150 Iter: 39/96 loss: 0.5131 acc: 0.7550 time 0.75s
Epoch: 39/150 Iter: 40/96 loss: 0.5033 acc: 0.7590 time 0.86s
Epoch: 39/150 Iter: 41/96 loss: 0.4921 acc: 0.7649 time 0.87s
Epoch: 39/150 Iter: 42/96 loss: 0.4843 acc: 0.7705 time 0.72s
Epoch: 39/150 Iter: 43/96 loss: 0.4784 acc: 0.7733 time 0.86s
Epoch: 39/150 Iter: 44/96 loss: 0.4926 acc: 0.7663 time 0.76s
Epoch: 39/150 Iter: 45/96 loss: 0.4919 acc: 0.7678 time 0.95s
Epoch: 39/150 Iter: 46/96 loss: 0.4831 acc: 0.7728 time 0.70s
Epoch: 39/150 Iter: 47/96 loss: 0.4843 acc: 0.7734 time 0.72s
Epoch: 39/150 Iter: 48/96 loss: 0.4790 acc: 0.7781 time 0.70s
Epoch: 39/150 Iter: 49/96 loss: 0.4743 acc: 0.7827 time 0.87s
Epoch: 39/150 Iter: 50/96 loss: 0.4805 acc: 0.7759 time 0.87s
Epoch: 39/150 Iter: 51/96 loss: 0.4740 acc: 0.7803 time 0.70s
Epoch: 39/150 Iter: 52/96 loss: 0.4656 acc: 0.7845 time 0.77s
Epoch: 39/150 Iter: 53/96 loss: 0.4859 acc: 0.7747 time 0.87s
Epoch: 39/150 Iter: 54/96 loss: 0.4801 acc: 0.7789 time 0.87s
Epoch: 39/150 Iter: 55/96 loss: 0.4724 acc: 0.7829 time 0.86s
Epoch: 39/150 Iter: 56/96 loss: 0.4661 acc: 0.7868 time 0.86s
Epoch: 39/150 Iter: 57/96 loss: 0.4586 acc: 0.7905 time 0.86s
Epoch: 39/150 Iter: 58/96 loss: 0.4522 acc: 0.7942 time 0.86s
Epoch: 39/150 Iter: 59/96 loss: 0.4451 acc: 0.7976 time 0.76s
Epoch: 39/150 Iter: 60/96 loss: 0.4507 acc: 0.7982 time 0.74s
Epoch: 39/150 Iter: 61/96 loss: 0.4450 acc: 0.8015 time 0.76s
Epoch: 39/150 Iter: 62/96 loss: 0.4512 acc: 0.7976 time 0.76s
Epoch: 39/150 Iter: 63/96 loss: 0.4458 acc: 0.8008 time 0.75s
Epoch: 39/150 Iter: 64/96 loss: 0.4400 acc: 0.8039 time 0.69s
Epoch: 39/150 Iter: 65/96 loss: 0.4360 acc: 0.8054 time 0.87s
Epoch: 39/150 Iter: 66/96 loss: 0.4387 acc: 0.8045 time 0.87s
Epoch: 39/150 Iter: 67/96 loss: 0.4414 acc: 0.8000 time 0.94s
Epoch: 39/150 Iter: 68/96 loss: 0.4394 acc: 0.7980 time 0.71s
Epoch: 39/150 Iter: 69/96 loss: 0.4369 acc: 0.7986 time 0.77s
Epoch: 39/150 Iter: 70/96 loss: 0.4341 acc: 0.7979 time 0.69s
Epoch: 39/150 Iter: 71/96 loss: 0.4349 acc: 0.7960 time 0.87s
Epoch: 39/150 Iter: 72/96 loss: 0.4300 acc: 0.7988 time 0.71s
Epoch: 39/150 Iter: 73/96 loss: 0.4263 acc: 0.8001 time 0.86s
Epoch: 39/150 Iter: 74/96 loss: 0.4241 acc: 0.8028 time 0.71s
Epoch: 39/150 Iter: 75/96 loss: 0.4197 acc: 0.8054 time 0.87s
Epoch: 39/150 Iter: 76/96 loss: 0.4157 acc: 0.8080 time 0.78s
Epoch: 39/150 Iter: 77/96 loss: 0.4116 acc: 0.8105 time 0.87s
Epoch: 39/150 Iter: 78/96 loss: 0.4117 acc: 0.8113 time 0.70s
Epoch: 39/150 Iter: 79/96 loss: 0.4121 acc: 0.8126 time 0.74s
Epoch: 39/150 Iter: 80/96 loss: 0.4078 acc: 0.8150 time 0.87s
Epoch: 39/150 Iter: 81/96 loss: 0.4128 acc: 0.8131 time 0.69s
Epoch: 39/150 Iter: 82/96 loss: 0.4084 acc: 0.8154 time 0.86s
Epoch: 39/150 Iter: 83/96 loss: 0.4073 acc: 0.8163 time 0.86s
Epoch: 39/150 Iter: 84/96 loss: 0.4063 acc: 0.8173 time 0.85s
Epoch: 39/150 Iter: 85/96 loss: 0.4050 acc: 0.8168 time 0.86s
Epoch: 39/150 Iter: 86/96 loss: 0.4037 acc: 0.8161 time 0.70s
Epoch: 39/150 Iter: 87/96 loss: 0.4011 acc: 0.8115 time 0.86s
Epoch: 39/150 Iter: 88/96 loss: 0.3980 acc: 0.8136 time 0.86s
Epoch: 39/150 Iter: 89/96 loss: 0.3949 acc: 0.8157 time 0.69s
Epoch: 39/150 Iter: 90/96 loss: 0.3927 acc: 0.8164 time 0.86s
Epoch: 39/150 Iter: 91/96 loss: 0.3934 acc: 0.8123 time 0.70s
Epoch: 39/150 Iter: 92/96 loss: 0.3949 acc: 0.8132 time 0.87s
Epoch: 39/150 Iter: 93/96 loss: 0.3910 acc: 0.8152 time 0.86s
Epoch: 39/150 Iter: 94/96 loss: 0.3881 acc: 0.8172 time 0.69s
Epoch: 39/150 Iter: 95/96 loss: 0.3898 acc: 0.8181 time 0.71s
Epoch: 39/150 Iter: 96/96 loss: 0.3863 acc: 0.8200 time 0.87s
[Train epoch 39] avg_loss=0.3863 avg_acc=0.8200 | per-class [c0: 0.858, c1: 0.833, c2: 0.845]
Final training 39/150, loss: 0.3863, time 76.28s, lr: 0.000878
Accuracy: 0.851
class                  precision    recall   specificity      f1   support
--------------------------------------------------------------------------
0                          0.893     0.858         0.902   0.875       281
1                          0.543     0.833         0.962   0.658        30
2                          0.862     0.845         0.884   0.853       265
*----------------------------------------*
0 Mon Feb 23 12:28:19 2026 Epoch: 40
Epoch: 40/150 Iter: 1/96 loss: 0.0856 acc: 1.0000 time 0.99s
Epoch: 40/150 Iter: 2/96 loss: 0.1792 acc: 0.9375 time 0.76s
Epoch: 40/150 Iter: 3/96 loss: 0.2468 acc: 0.9167 time 0.86s
Epoch: 40/150 Iter: 4/96 loss: 0.2235 acc: 0.9375 time 0.71s
Epoch: 40/150 Iter: 5/96 loss: 0.3122 acc: 0.8667 time 0.78s
Epoch: 40/150 Iter: 6/96 loss: 0.3727 acc: 0.8056 time 0.74s
Epoch: 40/150 Iter: 7/96 loss: 0.3551 acc: 0.7976 time 0.75s
Epoch: 40/150 Iter: 8/96 loss: 0.3196 acc: 0.8229 time 0.87s
Epoch: 40/150 Iter: 9/96 loss: 0.3088 acc: 0.8315 time 0.87s
Epoch: 40/150 Iter: 10/96 loss: 0.2981 acc: 0.8233 time 0.78s
Epoch: 40/150 Iter: 11/96 loss: 0.3226 acc: 0.8091 time 0.70s
Epoch: 40/150 Iter: 12/96 loss: 0.3057 acc: 0.8250 time 0.88s
Epoch: 40/150 Iter: 13/96 loss: 0.3166 acc: 0.8096 time 0.74s
Epoch: 40/150 Iter: 14/96 loss: 0.3248 acc: 0.8113 time 0.92s
Epoch: 40/150 Iter: 15/96 loss: 0.3069 acc: 0.8239 time 0.75s
Epoch: 40/150 Iter: 16/96 loss: 0.3022 acc: 0.8349 time 0.75s
Epoch: 40/150 Iter: 17/96 loss: 0.2995 acc: 0.8446 time 0.86s
Epoch: 40/150 Iter: 18/96 loss: 0.2955 acc: 0.8394 time 0.70s
Epoch: 40/150 Iter: 19/96 loss: 0.2915 acc: 0.8171 time 0.71s
Epoch: 40/150 Iter: 20/96 loss: 0.3021 acc: 0.8063 time 0.86s
Epoch: 40/150 Iter: 21/96 loss: 0.3209 acc: 0.7877 time 0.86s
Epoch: 40/150 Iter: 22/96 loss: 0.3130 acc: 0.7973 time 0.69s
Epoch: 40/150 Iter: 23/96 loss: 0.3462 acc: 0.7743 time 0.76s
Epoch: 40/150 Iter: 24/96 loss: 0.3617 acc: 0.7628 time 0.71s
Epoch: 40/150 Iter: 25/96 loss: 0.3722 acc: 0.7623 time 0.74s
Epoch: 40/150 Iter: 26/96 loss: 0.3597 acc: 0.7715 time 0.87s
Epoch: 40/150 Iter: 27/96 loss: 0.3546 acc: 0.7799 time 0.77s
Epoch: 40/150 Iter: 28/96 loss: 0.3584 acc: 0.7744 time 0.69s
Epoch: 40/150 Iter: 29/96 loss: 0.3493 acc: 0.7822 time 0.78s
Epoch: 40/150 Iter: 30/96 loss: 0.3775 acc: 0.7765 time 0.69s
Epoch: 40/150 Iter: 31/96 loss: 0.3658 acc: 0.7837 time 0.75s
Epoch: 40/150 Iter: 32/96 loss: 0.3967 acc: 0.7787 time 0.80s
Epoch: 40/150 Iter: 33/96 loss: 0.4078 acc: 0.7779 time 0.72s
Epoch: 40/150 Iter: 34/96 loss: 0.3980 acc: 0.7795 time 0.70s
Epoch: 40/150 Iter: 35/96 loss: 0.3944 acc: 0.7858 time 0.70s
Epoch: 40/150 Iter: 36/96 loss: 0.3916 acc: 0.7871 time 0.86s
Epoch: 40/150 Iter: 37/96 loss: 0.3884 acc: 0.7895 time 0.87s
Epoch: 40/150 Iter: 38/96 loss: 0.3818 acc: 0.7906 time 0.70s
Epoch: 40/150 Iter: 39/96 loss: 0.3770 acc: 0.7917 time 0.71s
Epoch: 40/150 Iter: 40/96 loss: 0.3760 acc: 0.7907 time 0.77s
Epoch: 40/150 Iter: 41/96 loss: 0.3761 acc: 0.7928 time 0.73s
Epoch: 40/150 Iter: 42/96 loss: 0.3732 acc: 0.7950 time 0.69s
Epoch: 40/150 Iter: 43/96 loss: 0.3696 acc: 0.7972 time 0.88s
Epoch: 40/150 Iter: 44/96 loss: 0.3712 acc: 0.7924 time 0.87s
Epoch: 40/150 Iter: 45/96 loss: 0.3660 acc: 0.7945 time 0.95s
Epoch: 40/150 Iter: 46/96 loss: 0.3606 acc: 0.7990 time 0.86s
Epoch: 40/150 Iter: 47/96 loss: 0.3586 acc: 0.8033 time 0.86s
Epoch: 40/150 Iter: 48/96 loss: 0.3541 acc: 0.8073 time 0.74s
Epoch: 40/150 Iter: 49/96 loss: 0.3502 acc: 0.8113 time 0.76s
Epoch: 40/150 Iter: 50/96 loss: 0.3511 acc: 0.8128 time 0.69s
Epoch: 40/150 Iter: 51/96 loss: 0.3531 acc: 0.8165 time 0.71s
Epoch: 40/150 Iter: 52/96 loss: 0.3556 acc: 0.8200 time 0.74s
Epoch: 40/150 Iter: 53/96 loss: 0.3544 acc: 0.8211 time 0.69s
Epoch: 40/150 Iter: 54/96 loss: 0.3513 acc: 0.8244 time 0.70s
Epoch: 40/150 Iter: 55/96 loss: 0.3753 acc: 0.8191 time 0.70s
Epoch: 40/150 Iter: 56/96 loss: 0.3699 acc: 0.8223 time 0.71s
Epoch: 40/150 Iter: 57/96 loss: 0.3703 acc: 0.8235 time 0.86s
Epoch: 40/150 Iter: 58/96 loss: 0.3734 acc: 0.8237 time 0.75s
Epoch: 40/150 Iter: 59/96 loss: 0.3835 acc: 0.8172 time 0.75s
Epoch: 40/150 Iter: 60/96 loss: 0.3789 acc: 0.8203 time 0.75s
Epoch: 40/150 Iter: 61/96 loss: 0.3895 acc: 0.8178 time 0.77s
Epoch: 40/150 Iter: 62/96 loss: 0.3940 acc: 0.8180 time 0.87s
Epoch: 40/150 Iter: 63/96 loss: 0.3896 acc: 0.8209 time 0.72s
Epoch: 40/150 Iter: 64/96 loss: 0.3840 acc: 0.8237 time 0.69s
Epoch: 40/150 Iter: 65/96 loss: 0.3783 acc: 0.8264 time 0.86s
Epoch: 40/150 Iter: 66/96 loss: 0.3758 acc: 0.8215 time 0.89s
Epoch: 40/150 Iter: 67/96 loss: 0.3798 acc: 0.8204 time 0.70s
Epoch: 40/150 Iter: 68/96 loss: 0.3756 acc: 0.8230 time 0.73s
Epoch: 40/150 Iter: 69/96 loss: 0.3824 acc: 0.8208 time 0.87s
Epoch: 40/150 Iter: 70/96 loss: 0.3812 acc: 0.8215 time 0.77s
Epoch: 40/150 Iter: 71/96 loss: 0.3783 acc: 0.8223 time 0.86s
Epoch: 40/150 Iter: 72/96 loss: 0.3779 acc: 0.8234 time 0.70s
Epoch: 40/150 Iter: 73/96 loss: 0.3801 acc: 0.8207 time 0.87s
Epoch: 40/150 Iter: 74/96 loss: 0.3781 acc: 0.8208 time 0.73s
Epoch: 40/150 Iter: 75/96 loss: 0.3760 acc: 0.8232 time 0.71s
Epoch: 40/150 Iter: 76/96 loss: 0.3737 acc: 0.8255 time 0.74s
Epoch: 40/150 Iter: 77/96 loss: 0.3757 acc: 0.8242 time 0.78s
Epoch: 40/150 Iter: 78/96 loss: 0.3768 acc: 0.8243 time 0.72s
Epoch: 40/150 Iter: 79/96 loss: 0.3757 acc: 0.8250 time 0.78s
Epoch: 40/150 Iter: 80/96 loss: 0.3753 acc: 0.8251 time 0.72s
Epoch: 40/150 Iter: 81/96 loss: 0.3746 acc: 0.8221 time 0.69s
Epoch: 40/150 Iter: 82/96 loss: 0.3739 acc: 0.8230 time 0.86s
Epoch: 40/150 Iter: 83/96 loss: 0.3722 acc: 0.8232 time 0.86s
Epoch: 40/150 Iter: 84/96 loss: 0.3685 acc: 0.8253 time 0.86s
Epoch: 40/150 Iter: 85/96 loss: 0.3768 acc: 0.8234 time 0.70s
Epoch: 40/150 Iter: 86/96 loss: 0.3766 acc: 0.8240 time 0.69s
Epoch: 40/150 Iter: 87/96 loss: 0.3774 acc: 0.8217 time 0.86s
Epoch: 40/150 Iter: 88/96 loss: 0.3761 acc: 0.8237 time 0.70s
Epoch: 40/150 Iter: 89/96 loss: 0.3887 acc: 0.8207 time 0.86s
Epoch: 40/150 Iter: 90/96 loss: 0.3957 acc: 0.8216 time 0.86s
Epoch: 40/150 Iter: 91/96 loss: 0.3939 acc: 0.8236 time 0.69s
Epoch: 40/150 Iter: 92/96 loss: 0.3902 acc: 0.8255 time 0.86s
Epoch: 40/150 Iter: 93/96 loss: 0.3884 acc: 0.8274 time 0.69s
Epoch: 40/150 Iter: 94/96 loss: 0.3877 acc: 0.8257 time 0.86s
Epoch: 40/150 Iter: 95/96 loss: 0.3883 acc: 0.8240 time 0.71s
Epoch: 40/150 Iter: 96/96 loss: 0.3917 acc: 0.8216 time 0.70s
[Train epoch 40] avg_loss=0.3917 avg_acc=0.8216 | per-class [c0: 0.832, c1: 0.833, c2: 0.868]
Final training 40/150, loss: 0.3917, time 74.54s, lr: 0.000870
Accuracy: 0.849
class                  precision    recall   specificity      f1   support
--------------------------------------------------------------------------
0                          0.893     0.832         0.905   0.861       280
1                          0.641     0.833         0.974   0.725        30
2                          0.837     0.868         0.855   0.852       266
*----------------------------------------*
Val 40/150 1/24, Acc: 0.2778, Loss: 2.1118, time 0.68s
Val 40/150 2/24, Acc: 0.4167, Loss: 1.6160, time 0.67s
Val 40/150 3/24, Acc: 0.5185, Loss: 1.2537, time 0.67s
Val 40/150 4/24, Acc: 0.6389, Loss: 0.9667, time 0.67s
Val 40/150 5/24, Acc: 0.6111, Loss: 0.9075, time 0.67s
Val 40/150 6/24, Acc: 0.6065, Loss: 0.8108, time 0.67s
Val 40/150 7/24, Acc: 0.5913, Loss: 0.8891, time 0.67s
Val 40/150 8/24, Acc: 0.5799, Loss: 0.8416, time 0.67s
Val 40/150 9/24, Acc: 0.5673, Loss: 0.8356, time 0.67s
Val 40/150 10/24, Acc: 0.6106, Loss: 0.7757, time 0.67s
Val 40/150 11/24, Acc: 0.6460, Loss: 0.7102, time 0.67s
Val 40/150 12/24, Acc: 0.6755, Loss: 0.6616, time 0.67s
Val 40/150 13/24, Acc: 0.6556, Loss: 0.7040, time 0.67s
Val 40/150 14/24, Acc: 0.6712, Loss: 0.6814, time 0.67s
Val 40/150 15/24, Acc: 0.6876, Loss: 0.6798, time 0.67s
Val 40/150 16/24, Acc: 0.7071, Loss: 0.6533, time 0.67s
Val 40/150 17/24, Acc: 0.7243, Loss: 0.6231, time 0.67s
Val 40/150 18/24, Acc: 0.7073, Loss: 0.6169, time 0.67s
Val 40/150 19/24, Acc: 0.7227, Loss: 0.5934, time 0.67s
Val 40/150 20/24, Acc: 0.7088, Loss: 0.6355, time 0.67s
Val 40/150 21/24, Acc: 0.7167, Loss: 0.6257, time 0.67s
Val 40/150 22/24, Acc: 0.7295, Loss: 0.6080, time 0.67s
Val 40/150 23/24, Acc: 0.7196, Loss: 0.6360, time 0.67s
Val 40/150 24/24, Acc: 0.7197, Loss: 0.6317, time 0.67s
[Val epoch 40] avg_acc=0.7197 | avg_loss=0.6317 | per-class [c0: 0.900, c1: 0.750, c2: 0.682]
Final validation 40/150, Val_acc: 0.7197, time 16.07sAccuracy: 0.792
class                  precision    recall   specificity      f1   support
--------------------------------------------------------------------------
0                          0.900     0.900         0.905   0.900        70
1                          0.261     0.750         0.875   0.387         8
2                          0.882     0.682         0.923   0.769        66
*========================================*
Saving checkpoint outputs/OrganoidsINRIA_XYZ_thinning_128/swinunetr/2026-02-23-11-31/training/model_final.pt
[EarlyStopping] no improve (1/40)
[EarlyStopping] no improve (4/40)
0 Mon Feb 23 12:29:54 2026 Epoch: 41
Epoch: 41/150 Iter: 1/96 loss: 0.5652 acc: 0.7500 time 1.08s
Epoch: 41/150 Iter: 2/96 loss: 0.9243 acc: 0.6528 time 0.76s
Epoch: 41/150 Iter: 3/96 loss: 0.8464 acc: 0.6019 time 0.86s
Epoch: 41/150 Iter: 4/96 loss: 0.7288 acc: 0.5764 time 0.87s
Epoch: 41/150 Iter: 5/96 loss: 0.7079 acc: 0.5444 time 0.69s
Epoch: 41/150 Iter: 6/96 loss: 0.5959 acc: 0.6204 time 0.86s
Epoch: 41/150 Iter: 7/96 loss: 0.5175 acc: 0.6746 time 0.69s
Epoch: 41/150 Iter: 8/96 loss: 0.4857 acc: 0.7153 time 0.86s
Epoch: 41/150 Iter: 9/96 loss: 0.4760 acc: 0.7330 time 0.86s
Epoch: 41/150 Iter: 10/96 loss: 0.4596 acc: 0.7431 time 0.69s
Epoch: 41/150 Iter: 11/96 loss: 0.5193 acc: 0.7134 time 0.71s
Epoch: 41/150 Iter: 12/96 loss: 0.5713 acc: 0.6956 time 0.71s
Epoch: 41/150 Iter: 13/96 loss: 0.6172 acc: 0.6677 time 0.74s
Epoch: 41/150 Iter: 14/96 loss: 0.5943 acc: 0.6835 time 0.92s
Epoch: 41/150 Iter: 15/96 loss: 0.5684 acc: 0.7046 time 0.87s
Epoch: 41/150 Iter: 16/96 loss: 0.5423 acc: 0.7231 time 0.87s
Epoch: 41/150 Iter: 17/96 loss: 0.5366 acc: 0.7296 time 0.70s
Epoch: 41/150 Iter: 18/96 loss: 0.5333 acc: 0.7261 time 0.79s
Epoch: 41/150 Iter: 19/96 loss: 0.5210 acc: 0.7352 time 0.86s
Epoch: 41/150 Iter: 20/96 loss: 0.5186 acc: 0.7193 time 0.71s
Epoch: 41/150 Iter: 21/96 loss: 0.5016 acc: 0.7327 time 0.71s
Epoch: 41/150 Iter: 22/96 loss: 0.5121 acc: 0.7297 time 0.75s
Epoch: 41/150 Iter: 23/96 loss: 0.4931 acc: 0.7414 time 0.77s
Epoch: 41/150 Iter: 24/96 loss: 0.4840 acc: 0.7470 time 0.77s
Epoch: 41/150 Iter: 25/96 loss: 0.4722 acc: 0.7571 time 0.76s
Epoch: 41/150 Iter: 26/96 loss: 0.4665 acc: 0.7600 time 0.88s
Epoch: 41/150 Iter: 27/96 loss: 0.4671 acc: 0.7401 time 0.78s
Epoch: 41/150 Iter: 28/96 loss: 0.4552 acc: 0.7494 time 0.86s
Epoch: 41/150 Iter: 29/96 loss: 0.4503 acc: 0.7580 time 0.75s
Epoch: 41/150 Iter: 30/96 loss: 0.4881 acc: 0.7439 time 0.70s
Epoch: 41/150 Iter: 31/96 loss: 0.4793 acc: 0.7522 time 0.70s
Epoch: 41/150 Iter: 32/96 loss: 0.4729 acc: 0.7599 time 0.72s
Epoch: 41/150 Iter: 33/96 loss: 0.4616 acc: 0.7672 time 0.75s
Epoch: 41/150 Iter: 34/96 loss: 0.4544 acc: 0.7708 time 0.87s
Epoch: 41/150 Iter: 35/96 loss: 0.4594 acc: 0.7630 time 0.75s
Epoch: 41/150 Iter: 36/96 loss: 0.4647 acc: 0.7534 time 0.71s
Epoch: 41/150 Iter: 37/96 loss: 0.4586 acc: 0.7601 time 0.87s
Epoch: 41/150 Iter: 38/96 loss: 0.4587 acc: 0.7510 time 0.87s
Epoch: 41/150 Iter: 39/96 loss: 0.4567 acc: 0.7460 time 0.74s
Epoch: 41/150 Iter: 40/96 loss: 0.4504 acc: 0.7524 time 0.70s
Epoch: 41/150 Iter: 41/96 loss: 0.4511 acc: 0.7421 time 0.87s
Epoch: 41/150 Iter: 42/96 loss: 0.4465 acc: 0.7483 time 0.69s
Epoch: 41/150 Iter: 43/96 loss: 0.4441 acc: 0.7518 time 0.86s
Epoch: 41/150 Iter: 44/96 loss: 0.4351 acc: 0.7574 time 0.86s
Epoch: 41/150 Iter: 45/96 loss: 0.4348 acc: 0.7517 time 0.74s
Epoch: 41/150 Iter: 46/96 loss: 0.4511 acc: 0.7535 time 0.71s
Epoch: 41/150 Iter: 47/96 loss: 0.4463 acc: 0.7587 time 0.70s
Epoch: 41/150 Iter: 48/96 loss: 0.4415 acc: 0.7638 time 0.70s
Epoch: 41/150 Iter: 49/96 loss: 0.4402 acc: 0.7604 time 0.70s
Epoch: 41/150 Iter: 50/96 loss: 0.4447 acc: 0.7559 time 0.86s
Epoch: 41/150 Iter: 51/96 loss: 0.4386 acc: 0.7607 time 0.77s
Epoch: 41/150 Iter: 52/96 loss: 0.4378 acc: 0.7621 time 0.86s
Epoch: 41/150 Iter: 53/96 loss: 0.4335 acc: 0.7647 time 0.87s
Epoch: 41/150 Iter: 54/96 loss: 0.4320 acc: 0.7639 time 0.72s
Epoch: 41/150 Iter: 55/96 loss: 0.4276 acc: 0.7682 time 0.87s
Epoch: 41/150 Iter: 56/96 loss: 0.4275 acc: 0.7723 time 0.69s
Epoch: 41/150 Iter: 57/96 loss: 0.4278 acc: 0.7675 time 0.76s
Epoch: 41/150 Iter: 58/96 loss: 0.4255 acc: 0.7687 time 0.87s
Epoch: 41/150 Iter: 59/96 loss: 0.4219 acc: 0.7705 time 0.70s
Epoch: 41/150 Iter: 60/96 loss: 0.4192 acc: 0.7715 time 0.87s
Epoch: 41/150 Iter: 61/96 loss: 0.4339 acc: 0.7643 time 0.75s
Epoch: 41/150 Iter: 62/96 loss: 0.4326 acc: 0.7641 time 0.71s
Epoch: 41/150 Iter: 63/96 loss: 0.4380 acc: 0.7619 time 0.87s
Epoch: 41/150 Iter: 64/96 loss: 0.4326 acc: 0.7656 time 0.70s
Epoch: 41/150 Iter: 65/96 loss: 0.4300 acc: 0.7641 time 0.69s
Epoch: 41/150 Iter: 66/96 loss: 0.4292 acc: 0.7643 time 0.86s
Epoch: 41/150 Iter: 67/96 loss: 0.4258 acc: 0.7678 time 0.78s
Epoch: 41/150 Iter: 68/96 loss: 0.4241 acc: 0.7688 time 0.70s
Epoch: 41/150 Iter: 69/96 loss: 0.4201 acc: 0.7721 time 0.74s
Epoch: 41/150 Iter: 70/96 loss: 0.4206 acc: 0.7736 time 0.86s
Epoch: 41/150 Iter: 71/96 loss: 0.4170 acc: 0.7768 time 0.86s
Epoch: 41/150 Iter: 72/96 loss: 0.4156 acc: 0.7768 time 0.86s
Epoch: 41/150 Iter: 73/96 loss: 0.4160 acc: 0.7753 time 0.76s
Epoch: 41/150 Iter: 74/96 loss: 0.4165 acc: 0.7761 time 0.88s
Epoch: 41/150 Iter: 75/96 loss: 0.4140 acc: 0.7791 time 0.76s
Epoch: 41/150 Iter: 76/96 loss: 0.4117 acc: 0.7798 time 0.69s
Epoch: 41/150 Iter: 77/96 loss: 0.4078 acc: 0.7826 time 0.86s
Epoch: 41/150 Iter: 78/96 loss: 0.4051 acc: 0.7844 time 0.86s
Epoch: 41/150 Iter: 79/96 loss: 0.4005 acc: 0.7871 time 0.70s
Epoch: 41/150 Iter: 80/96 loss: 0.4017 acc: 0.7877 time 0.86s
Epoch: 41/150 Iter: 81/96 loss: 0.3981 acc: 0.7903 time 0.68s
Epoch: 41/150 Iter: 82/96 loss: 0.4041 acc: 0.7883 time 0.68s
Epoch: 41/150 Iter: 83/96 loss: 0.4026 acc: 0.7908 time 0.69s
Epoch: 41/150 Iter: 84/96 loss: 0.3985 acc: 0.7933 time 0.69s
Epoch: 41/150 Iter: 85/96 loss: 0.4063 acc: 0.7922 time 0.69s
Epoch: 41/150 Iter: 86/96 loss: 0.4049 acc: 0.7917 time 0.86s
Epoch: 41/150 Iter: 87/96 loss: 0.4018 acc: 0.7928 time 0.86s
Epoch: 41/150 Iter: 88/96 loss: 0.4022 acc: 0.7933 time 0.69s
Epoch: 41/150 Iter: 89/96 loss: 0.3998 acc: 0.7944 time 0.86s
Epoch: 41/150 Iter: 90/96 loss: 0.4038 acc: 0.7930 time 0.71s
Epoch: 41/150 Iter: 91/96 loss: 0.4041 acc: 0.7934 time 0.70s
Epoch: 41/150 Iter: 92/96 loss: 0.4050 acc: 0.7896 time 0.70s
Epoch: 41/150 Iter: 93/96 loss: 0.4017 acc: 0.7919 time 0.87s
Epoch: 41/150 Iter: 94/96 loss: 0.4010 acc: 0.7941 time 0.69s
Epoch: 41/150 Iter: 95/96 loss: 0.4004 acc: 0.7916 time 0.70s
Epoch: 41/150 Iter: 96/96 loss: 0.3977 acc: 0.7938 time 0.69s
[Train epoch 41] avg_loss=0.3977 avg_acc=0.7938 | per-class [c0: 0.840, c1: 0.933, c2: 0.815]
Final training 41/150, loss: 0.3977, time 74.72s, lr: 0.000863
Accuracy: 0.833
class                  precision    recall   specificity      f1   support
--------------------------------------------------------------------------
0                          0.881     0.840         0.892   0.860       281
1                          0.538     0.933         0.956   0.683        30
2                          0.844     0.815         0.871   0.829       265
*----------------------------------------*
0 Mon Feb 23 12:31:10 2026 Epoch: 42
Epoch: 42/150 Iter: 1/96 loss: 0.8354 acc: 0.4167 time 1.17s
Epoch: 42/150 Iter: 2/96 loss: 0.4944 acc: 0.7083 time 0.86s
Epoch: 42/150 Iter: 3/96 loss: 0.4241 acc: 0.8056 time 0.75s
Epoch: 42/150 Iter: 4/96 loss: 0.3568 acc: 0.8542 time 0.87s
Epoch: 42/150 Iter: 5/96 loss: 0.4023 acc: 0.7367 time 0.70s
Epoch: 42/150 Iter: 6/96 loss: 0.3484 acc: 0.7806 time 0.86s
Epoch: 42/150 Iter: 7/96 loss: 0.3096 acc: 0.8119 time 0.69s
Epoch: 42/150 Iter: 8/96 loss: 0.2729 acc: 0.8354 time 0.70s
Epoch: 42/150 Iter: 9/96 loss: 0.3788 acc: 0.8259 time 0.86s
Epoch: 42/150 Iter: 10/96 loss: 0.4585 acc: 0.8058 time 0.86s
Epoch: 42/150 Iter: 11/96 loss: 0.4202 acc: 0.8235 time 0.69s
Epoch: 42/150 Iter: 12/96 loss: 0.6005 acc: 0.8012 time 0.71s
Epoch: 42/150 Iter: 13/96 loss: 0.5910 acc: 0.7951 time 0.74s
Epoch: 42/150 Iter: 14/96 loss: 0.5521 acc: 0.8097 time 0.76s
Epoch: 42/150 Iter: 15/96 loss: 0.5254 acc: 0.8150 time 0.79s
Epoch: 42/150 Iter: 16/96 loss: 0.5039 acc: 0.8196 time 0.87s
Epoch: 42/150 Iter: 17/96 loss: 0.4777 acc: 0.8302 time 0.71s
Epoch: 42/150 Iter: 18/96 loss: 0.4702 acc: 0.8327 time 0.87s
Epoch: 42/150 Iter: 19/96 loss: 0.4643 acc: 0.8327 time 0.70s
Epoch: 42/150 Iter: 20/96 loss: 0.4645 acc: 0.8349 time 0.77s
Epoch: 42/150 Iter: 21/96 loss: 0.4646 acc: 0.8348 time 0.70s
Epoch: 42/150 Iter: 22/96 loss: 0.4636 acc: 0.8271 time 0.71s
Epoch: 42/150 Iter: 23/96 loss: 0.4632 acc: 0.8274 time 0.76s
Epoch: 42/150 Iter: 24/96 loss: 0.4548 acc: 0.8277 time 0.77s
Epoch: 42/150 Iter: 25/96 loss: 0.4784 acc: 0.8112 time 0.75s
Epoch: 42/150 Iter: 26/96 loss: 0.4750 acc: 0.8121 time 0.77s
Epoch: 42/150 Iter: 27/96 loss: 0.4674 acc: 0.8144 time 0.78s
Epoch: 42/150 Iter: 28/96 loss: 0.4696 acc: 0.8002 time 0.87s
Epoch: 42/150 Iter: 29/96 loss: 0.4576 acc: 0.8071 time 0.72s
Epoch: 42/150 Iter: 30/96 loss: 0.4819 acc: 0.7857 time 0.89s
Epoch: 42/150 Iter: 31/96 loss: 0.4786 acc: 0.7873 time 0.86s
Epoch: 42/150 Iter: 32/96 loss: 0.4740 acc: 0.7908 time 0.86s
Epoch: 42/150 Iter: 33/96 loss: 0.4678 acc: 0.7946 time 0.76s
Epoch: 42/150 Iter: 34/96 loss: 0.4682 acc: 0.7958 time 0.69s
Epoch: 42/150 Iter: 35/96 loss: 0.4622 acc: 0.7980 time 0.87s
Epoch: 42/150 Iter: 36/96 loss: 0.4581 acc: 0.7990 time 0.86s
Epoch: 42/150 Iter: 37/96 loss: 0.4678 acc: 0.7977 time 0.77s
Epoch: 42/150 Iter: 38/96 loss: 0.4700 acc: 0.8001 time 0.87s
Epoch: 42/150 Iter: 39/96 loss: 0.4854 acc: 0.7860 time 0.87s
Epoch: 42/150 Iter: 40/96 loss: 0.4744 acc: 0.7913 time 0.72s
Epoch: 42/150 Iter: 41/96 loss: 0.4752 acc: 0.7883 time 0.86s
Epoch: 42/150 Iter: 42/96 loss: 0.4806 acc: 0.7827 time 0.71s
Epoch: 42/150 Iter: 43/96 loss: 0.4737 acc: 0.7878 time 0.90s
Epoch: 42/150 Iter: 44/96 loss: 0.4666 acc: 0.7926 time 0.75s
Epoch: 42/150 Iter: 45/96 loss: 0.4636 acc: 0.7944 time 0.75s
Epoch: 42/150 Iter: 46/96 loss: 0.4671 acc: 0.7868 time 0.86s
Epoch: 42/150 Iter: 47/96 loss: 0.4629 acc: 0.7855 time 0.70s
Epoch: 42/150 Iter: 48/96 loss: 0.4551 acc: 0.7865 time 0.88s
Epoch: 42/150 Iter: 49/96 loss: 0.4493 acc: 0.7908 time 0.87s
Epoch: 42/150 Iter: 50/96 loss: 0.4474 acc: 0.7925 time 0.72s
Epoch: 42/150 Iter: 51/96 loss: 0.4397 acc: 0.7966 time 0.86s
Epoch: 42/150 Iter: 52/96 loss: 0.4342 acc: 0.8005 time 0.86s
Epoch: 42/150 Iter: 53/96 loss: 0.4421 acc: 0.7980 time 0.72s
Epoch: 42/150 Iter: 54/96 loss: 0.4389 acc: 0.7996 time 0.86s
Epoch: 42/150 Iter: 55/96 loss: 0.4346 acc: 0.8015 time 0.69s
Epoch: 42/150 Iter: 56/96 loss: 0.4321 acc: 0.8050 time 0.93s
Epoch: 42/150 Iter: 57/96 loss: 0.4348 acc: 0.8011 time 0.71s
Epoch: 42/150 Iter: 58/96 loss: 0.4328 acc: 0.8028 time 0.71s
Epoch: 42/150 Iter: 59/96 loss: 0.4322 acc: 0.8045 time 0.86s
Epoch: 42/150 Iter: 60/96 loss: 0.4383 acc: 0.7980 time 0.87s
Epoch: 42/150 Iter: 61/96 loss: 0.4361 acc: 0.7986 time 0.70s
Epoch: 42/150 Iter: 62/96 loss: 0.4324 acc: 0.8000 time 0.71s
Epoch: 42/150 Iter: 63/96 loss: 0.4266 acc: 0.8032 time 0.77s
Epoch: 42/150 Iter: 64/96 loss: 0.4242 acc: 0.8043 time 0.71s
Epoch: 42/150 Iter: 65/96 loss: 0.4201 acc: 0.8074 time 0.70s
Epoch: 42/150 Iter: 66/96 loss: 0.4156 acc: 0.8103 time 0.86s
Epoch: 42/150 Iter: 67/96 loss: 0.4111 acc: 0.8131 time 0.86s
Epoch: 42/150 Iter: 68/96 loss: 0.4158 acc: 0.8085 time 0.86s
Epoch: 42/150 Iter: 69/96 loss: 0.4186 acc: 0.8064 time 0.70s
Epoch: 42/150 Iter: 70/96 loss: 0.4179 acc: 0.8021 time 0.87s
Epoch: 42/150 Iter: 71/96 loss: 0.4179 acc: 0.8025 time 0.72s
Epoch: 42/150 Iter: 72/96 loss: 0.4180 acc: 0.8029 time 0.72s
Epoch: 42/150 Iter: 73/96 loss: 0.4182 acc: 0.8033 time 0.87s
Epoch: 42/150 Iter: 74/96 loss: 0.4142 acc: 0.8060 time 0.87s
Epoch: 42/150 Iter: 75/96 loss: 0.4117 acc: 0.8064 time 0.86s
Epoch: 42/150 Iter: 76/96 loss: 0.4148 acc: 0.8045 time 0.70s
Epoch: 42/150 Iter: 77/96 loss: 0.4125 acc: 0.8071 time 0.71s
Epoch: 42/150 Iter: 78/96 loss: 0.4083 acc: 0.8095 time 0.70s
Epoch: 42/150 Iter: 79/96 loss: 0.4048 acc: 0.8120 time 0.74s
Epoch: 42/150 Iter: 80/96 loss: 0.4050 acc: 0.8101 time 0.70s
Epoch: 42/150 Iter: 81/96 loss: 0.4017 acc: 0.8125 time 0.70s
Epoch: 42/150 Iter: 82/96 loss: 0.3997 acc: 0.8132 time 0.86s
Epoch: 42/150 Iter: 83/96 loss: 0.3972 acc: 0.8155 time 0.85s
Epoch: 42/150 Iter: 84/96 loss: 0.3968 acc: 0.8162 time 0.69s
Epoch: 42/150 Iter: 85/96 loss: 0.3942 acc: 0.8164 time 0.70s
Epoch: 42/150 Iter: 86/96 loss: 0.3932 acc: 0.8171 time 0.69s
Epoch: 42/150 Iter: 87/96 loss: 0.3956 acc: 0.8141 time 0.71s
Epoch: 42/150 Iter: 88/96 loss: 0.4100 acc: 0.8124 time 0.86s
Epoch: 42/150 Iter: 89/96 loss: 0.4114 acc: 0.8098 time 0.70s
Epoch: 42/150 Iter: 90/96 loss: 0.4179 acc: 0.8058 time 0.69s
Epoch: 42/150 Iter: 91/96 loss: 0.4199 acc: 0.8067 time 0.70s
Epoch: 42/150 Iter: 92/96 loss: 0.4164 acc: 0.8088 time 0.85s
Epoch: 42/150 Iter: 93/96 loss: 0.4157 acc: 0.8064 time 0.86s
Epoch: 42/150 Iter: 94/96 loss: 0.4121 acc: 0.8084 time 0.70s
Epoch: 42/150 Iter: 95/96 loss: 0.4100 acc: 0.8104 time 0.69s
Epoch: 42/150 Iter: 96/96 loss: 0.4098 acc: 0.8107 time 0.86s
[Train epoch 42] avg_loss=0.4098 avg_acc=0.8107 | per-class [c0: 0.832, c1: 0.867, c2: 0.842]
Final training 42/150, loss: 0.4098, time 75.30s, lr: 0.000855
Accuracy: 0.839
class                  precision    recall   specificity      f1   support
--------------------------------------------------------------------------
0                          0.883     0.832         0.895   0.857       280
1                          0.565     0.867         0.963   0.684        30
2                          0.842     0.842         0.865   0.842       266
*----------------------------------------*
Val 42/150 1/24, Acc: 0.5000, Loss: 2.4102, time 0.67s
Val 42/150 2/24, Acc: 0.5278, Loss: 1.4951, time 0.67s
Val 42/150 3/24, Acc: 0.5926, Loss: 1.1092, time 0.67s
Val 42/150 4/24, Acc: 0.6944, Loss: 0.8519, time 0.67s
Val 42/150 5/24, Acc: 0.7056, Loss: 0.7621, time 0.67s
Val 42/150 6/24, Acc: 0.7546, Loss: 0.6503, time 0.67s
Val 42/150 7/24, Acc: 0.7302, Loss: 0.6548, time 0.67s
Val 42/150 8/24, Acc: 0.7639, Loss: 0.5886, time 0.67s
Val 42/150 9/24, Acc: 0.7383, Loss: 0.5500, time 0.67s
Val 42/150 10/24, Acc: 0.7644, Loss: 0.5061, time 0.67s
Val 42/150 11/24, Acc: 0.7556, Loss: 0.4760, time 0.67s
Val 42/150 12/24, Acc: 0.7204, Loss: 0.4802, time 0.67s
Val 42/150 13/24, Acc: 0.7034, Loss: 0.4881, time 0.67s
Val 42/150 14/24, Acc: 0.7157, Loss: 0.4837, time 0.67s
Val 42/150 15/24, Acc: 0.7235, Loss: 0.4900, time 0.67s
Val 42/150 16/24, Acc: 0.7408, Loss: 0.4661, time 0.67s
Val 42/150 17/24, Acc: 0.7560, Loss: 0.4460, time 0.67s
Val 42/150 18/24, Acc: 0.7627, Loss: 0.4427, time 0.67s
Val 42/150 19/24, Acc: 0.7699, Loss: 0.4314, time 0.67s
Val 42/150 20/24, Acc: 0.7536, Loss: 0.4631, time 0.67s
Val 42/150 21/24, Acc: 0.7653, Loss: 0.4505, time 0.67s
Val 42/150 22/24, Acc: 0.7684, Loss: 0.4473, time 0.67s
Val 42/150 23/24, Acc: 0.7568, Loss: 0.5280, time 0.67s
Val 42/150 24/24, Acc: 0.7553, Loss: 0.5239, time 0.67s
[Val epoch 42] avg_acc=0.7553 | avg_loss=0.5239 | per-class [c0: 0.843, c1: 0.750, c2: 0.818]
Final validation 42/150, Val_acc: 0.7553, time 16.05sAccuracy: 0.826
class                  precision    recall   specificity      f1   support
--------------------------------------------------------------------------
0                          0.937     0.843         0.946   0.887        70
1                          0.375     0.750         0.926   0.500         8
2                          0.831     0.818         0.859   0.824        66
*========================================*
Saving checkpoint outputs/OrganoidsINRIA_XYZ_thinning_128/swinunetr/2026-02-23-11-31/training/model_final.pt
[EarlyStopping] no improve (2/40)
[EarlyStopping] improved to 0.523923
0 Mon Feb 23 12:32:46 2026 Epoch: 43
Epoch: 43/150 Iter: 1/96 loss: 0.0965 acc: 1.0000 time 1.02s
Epoch: 43/150 Iter: 2/96 loss: 0.1558 acc: 0.7917 time 0.71s
Epoch: 43/150 Iter: 3/96 loss: 0.1185 acc: 0.8611 time 0.85s
Epoch: 43/150 Iter: 4/96 loss: 0.1414 acc: 0.8681 time 0.71s
Epoch: 43/150 Iter: 5/96 loss: 0.1249 acc: 0.8944 time 0.86s
Epoch: 43/150 Iter: 6/96 loss: 0.1172 acc: 0.9120 time 0.70s
Epoch: 43/150 Iter: 7/96 loss: 0.1437 acc: 0.8929 time 0.70s
Epoch: 43/150 Iter: 8/96 loss: 0.1738 acc: 0.8333 time 0.73s
Epoch: 43/150 Iter: 9/96 loss: 0.1802 acc: 0.8426 time 0.70s
Epoch: 43/150 Iter: 10/96 loss: 0.1657 acc: 0.8583 time 0.71s
Epoch: 43/150 Iter: 11/96 loss: 0.1902 acc: 0.8561 time 0.72s
Epoch: 43/150 Iter: 12/96 loss: 0.1901 acc: 0.8542 time 0.74s
Epoch: 43/150 Iter: 13/96 loss: 0.1869 acc: 0.8654 time 0.88s
Epoch: 43/150 Iter: 14/96 loss: 0.2472 acc: 0.8393 time 0.72s
Epoch: 43/150 Iter: 15/96 loss: 0.2478 acc: 0.8333 time 0.86s
Epoch: 43/150 Iter: 16/96 loss: 0.2682 acc: 0.8359 time 0.75s
Epoch: 43/150 Iter: 17/96 loss: 0.2689 acc: 0.8211 time 0.86s
Epoch: 43/150 Iter: 18/96 loss: 0.2630 acc: 0.8310 time 0.87s
Epoch: 43/150 Iter: 19/96 loss: 0.2578 acc: 0.8399 time 0.70s
Epoch: 43/150 Iter: 20/96 loss: 0.2717 acc: 0.8229 time 0.71s
Epoch: 43/150 Iter: 21/96 loss: 0.2845 acc: 0.8254 time 0.70s
Epoch: 43/150 Iter: 22/96 loss: 0.2833 acc: 0.8258 time 0.75s
Epoch: 43/150 Iter: 23/96 loss: 0.2754 acc: 0.8333 time 0.86s
Epoch: 43/150 Iter: 24/96 loss: 0.2652 acc: 0.8403 time 0.86s
Epoch: 43/150 Iter: 25/96 loss: 0.2753 acc: 0.8367 time 0.72s
Epoch: 43/150 Iter: 26/96 loss: 0.2708 acc: 0.8381 time 0.87s
Epoch: 43/150 Iter: 27/96 loss: 0.2678 acc: 0.8441 time 0.86s
Epoch: 43/150 Iter: 28/96 loss: 0.2646 acc: 0.8497 time 0.86s
Epoch: 43/150 Iter: 29/96 loss: 0.2610 acc: 0.8549 time 0.69s
Epoch: 43/150 Iter: 30/96 loss: 0.2601 acc: 0.8597 time 0.77s
Epoch: 43/150 Iter: 31/96 loss: 0.2579 acc: 0.8610 time 0.87s
Epoch: 43/150 Iter: 32/96 loss: 0.2770 acc: 0.8523 time 0.70s
Epoch: 43/150 Iter: 33/96 loss: 0.2710 acc: 0.8568 time 0.71s
Epoch: 43/150 Iter: 34/96 loss: 0.2728 acc: 0.8537 time 0.86s
Epoch: 43/150 Iter: 35/96 loss: 0.2698 acc: 0.8579 time 0.86s
Epoch: 43/150 Iter: 36/96 loss: 0.2922 acc: 0.8525 time 0.72s
Epoch: 43/150 Iter: 37/96 loss: 0.2864 acc: 0.8565 time 0.86s
Epoch: 43/150 Iter: 38/96 loss: 0.2916 acc: 0.8486 time 0.72s
Epoch: 43/150 Iter: 39/96 loss: 0.3050 acc: 0.8411 time 0.86s
Epoch: 43/150 Iter: 40/96 loss: 0.3141 acc: 0.8305 time 0.87s
Epoch: 43/150 Iter: 41/96 loss: 0.3084 acc: 0.8346 time 0.72s
Epoch: 43/150 Iter: 42/96 loss: 0.3024 acc: 0.8386 time 0.72s
Epoch: 43/150 Iter: 43/96 loss: 0.3078 acc: 0.8294 time 0.75s
Epoch: 43/150 Iter: 44/96 loss: 0.3058 acc: 0.8333 time 0.86s
Epoch: 43/150 Iter: 45/96 loss: 0.3164 acc: 0.8240 time 0.75s
Epoch: 43/150 Iter: 46/96 loss: 0.3267 acc: 0.8170 time 0.75s
Epoch: 43/150 Iter: 47/96 loss: 0.3351 acc: 0.8120 time 0.69s
Epoch: 43/150 Iter: 48/96 loss: 0.3329 acc: 0.8124 time 0.78s
Epoch: 43/150 Iter: 49/96 loss: 0.3458 acc: 0.8040 time 0.87s
Epoch: 43/150 Iter: 50/96 loss: 0.3408 acc: 0.8079 time 0.87s
Epoch: 43/150 Iter: 51/96 loss: 0.3383 acc: 0.8084 time 0.69s
Epoch: 43/150 Iter: 52/96 loss: 0.3338 acc: 0.8121 time 0.87s
Epoch: 43/150 Iter: 53/96 loss: 0.3313 acc: 0.8157 time 0.87s
Epoch: 43/150 Iter: 54/96 loss: 0.3299 acc: 0.8191 time 0.87s
Epoch: 43/150 Iter: 55/96 loss: 0.3306 acc: 0.8224 time 0.86s
Epoch: 43/150 Iter: 56/96 loss: 0.3277 acc: 0.8255 time 0.69s
Epoch: 43/150 Iter: 57/96 loss: 0.3302 acc: 0.8213 time 0.86s
Epoch: 43/150 Iter: 58/96 loss: 0.3304 acc: 0.8244 time 0.77s
Epoch: 43/150 Iter: 59/96 loss: 0.3333 acc: 0.8175 time 0.74s
Epoch: 43/150 Iter: 60/96 loss: 0.3652 acc: 0.8131 time 0.74s
Epoch: 43/150 Iter: 61/96 loss: 0.3736 acc: 0.8071 time 0.93s
Epoch: 43/150 Iter: 62/96 loss: 0.3750 acc: 0.8030 time 0.72s
Epoch: 43/150 Iter: 63/96 loss: 0.3766 acc: 0.8002 time 0.71s
Epoch: 43/150 Iter: 64/96 loss: 0.3735 acc: 0.8033 time 0.86s
Epoch: 43/150 Iter: 65/96 loss: 0.3732 acc: 0.8044 time 0.87s
Epoch: 43/150 Iter: 66/96 loss: 0.3690 acc: 0.8074 time 0.69s
Epoch: 43/150 Iter: 67/96 loss: 0.3643 acc: 0.8102 time 0.71s
Epoch: 43/150 Iter: 68/96 loss: 0.3610 acc: 0.8130 time 0.76s
Epoch: 43/150 Iter: 69/96 loss: 0.3603 acc: 0.8117 time 0.69s
Epoch: 43/150 Iter: 70/96 loss: 0.3590 acc: 0.8120 time 0.85s
Epoch: 43/150 Iter: 71/96 loss: 0.3574 acc: 0.8147 time 0.70s
Epoch: 43/150 Iter: 72/96 loss: 0.3594 acc: 0.8149 time 0.87s
Epoch: 43/150 Iter: 73/96 loss: 0.3624 acc: 0.8152 time 0.74s
Epoch: 43/150 Iter: 74/96 loss: 0.3649 acc: 0.8120 time 0.87s
Epoch: 43/150 Iter: 75/96 loss: 0.3657 acc: 0.8079 time 0.75s
Epoch: 43/150 Iter: 76/96 loss: 0.3730 acc: 0.8031 time 0.87s
Epoch: 43/150 Iter: 77/96 loss: 0.3772 acc: 0.7981 time 0.70s
Epoch: 43/150 Iter: 78/96 loss: 0.3848 acc: 0.7917 time 0.93s
Epoch: 43/150 Iter: 79/96 loss: 0.3829 acc: 0.7943 time 0.70s
Epoch: 43/150 Iter: 80/96 loss: 0.3860 acc: 0.7922 time 0.70s
Epoch: 43/150 Iter: 81/96 loss: 0.3821 acc: 0.7948 time 0.86s
Epoch: 43/150 Iter: 82/96 loss: 0.3827 acc: 0.7902 time 0.69s
Epoch: 43/150 Iter: 83/96 loss: 0.3864 acc: 0.7914 time 0.69s
Epoch: 43/150 Iter: 84/96 loss: 0.3915 acc: 0.7859 time 0.69s
Epoch: 43/150 Iter: 85/96 loss: 0.3882 acc: 0.7884 time 0.86s
Epoch: 43/150 Iter: 86/96 loss: 0.3869 acc: 0.7909 time 0.69s
Epoch: 43/150 Iter: 87/96 loss: 0.3876 acc: 0.7914 time 0.86s
Epoch: 43/150 Iter: 88/96 loss: 0.3886 acc: 0.7919 time 0.86s
Epoch: 43/150 Iter: 89/96 loss: 0.3858 acc: 0.7942 time 0.86s
Epoch: 43/150 Iter: 90/96 loss: 0.3823 acc: 0.7965 time 0.70s
Epoch: 43/150 Iter: 91/96 loss: 0.3807 acc: 0.7987 time 0.69s
Epoch: 43/150 Iter: 92/96 loss: 0.3806 acc: 0.7995 time 0.86s
Epoch: 43/150 Iter: 93/96 loss: 0.3806 acc: 0.7993 time 0.86s
Epoch: 43/150 Iter: 94/96 loss: 0.3787 acc: 0.7988 time 0.69s
Epoch: 43/150 Iter: 95/96 loss: 0.3753 acc: 0.8009 time 0.70s
Epoch: 43/150 Iter: 96/96 loss: 0.3752 acc: 0.8012 time 0.86s
[Train epoch 43] avg_loss=0.3752 avg_acc=0.8012 | per-class [c0: 0.850, c1: 0.800, c2: 0.880]
Final training 43/150, loss: 0.3752, time 75.25s, lr: 0.000848
Accuracy: 0.861
class                  precision    recall   specificity      f1   support
--------------------------------------------------------------------------
0                          0.937     0.850         0.946   0.891       280
1                          0.500     0.800         0.956   0.615        30
2                          0.854     0.880         0.871   0.867       266
*----------------------------------------*
0 Mon Feb 23 12:34:01 2026 Epoch: 44
Epoch: 44/150 Iter: 1/96 loss: 0.0714 acc: 1.0000 time 1.09s
Epoch: 44/150 Iter: 2/96 loss: 0.1306 acc: 1.0000 time 0.70s
Epoch: 44/150 Iter: 3/96 loss: 0.2204 acc: 0.8148 time 0.74s
Epoch: 44/150 Iter: 4/96 loss: 0.1925 acc: 0.8611 time 0.70s
Epoch: 44/150 Iter: 5/96 loss: 0.2828 acc: 0.7722 time 0.71s
Epoch: 44/150 Iter: 6/96 loss: 0.2495 acc: 0.8102 time 0.87s
Epoch: 44/150 Iter: 7/96 loss: 0.2209 acc: 0.8373 time 0.87s
Epoch: 44/150 Iter: 8/96 loss: 0.2160 acc: 0.8368 time 0.86s
Epoch: 44/150 Iter: 9/96 loss: 0.2484 acc: 0.8086 time 0.72s
Epoch: 44/150 Iter: 10/96 loss: 0.2260 acc: 0.8278 time 0.76s
Epoch: 44/150 Iter: 11/96 loss: 0.2419 acc: 0.8321 time 0.70s
Epoch: 44/150 Iter: 12/96 loss: 0.2731 acc: 0.8113 time 0.86s
Epoch: 44/150 Iter: 13/96 loss: 0.2897 acc: 0.8162 time 0.70s
Epoch: 44/150 Iter: 14/96 loss: 0.2858 acc: 0.8115 time 0.86s
Epoch: 44/150 Iter: 15/96 loss: 0.4596 acc: 0.7833 time 0.72s
Epoch: 44/150 Iter: 16/96 loss: 0.4600 acc: 0.7760 time 0.71s
Epoch: 44/150 Iter: 17/96 loss: 0.4426 acc: 0.7892 time 0.77s
Epoch: 44/150 Iter: 18/96 loss: 0.4237 acc: 0.8009 time 0.71s
Epoch: 44/150 Iter: 19/96 loss: 0.4034 acc: 0.8114 time 0.71s
Epoch: 44/150 Iter: 20/96 loss: 0.4050 acc: 0.8167 time 0.89s
Epoch: 44/150 Iter: 21/96 loss: 0.3878 acc: 0.8254 time 0.74s
Epoch: 44/150 Iter: 22/96 loss: 0.3738 acc: 0.8333 time 0.86s
Epoch: 44/150 Iter: 23/96 loss: 0.3661 acc: 0.8406 time 0.93s
Epoch: 44/150 Iter: 24/96 loss: 0.3782 acc: 0.8287 time 0.87s
Epoch: 44/150 Iter: 25/96 loss: 0.3981 acc: 0.8256 time 0.75s
Epoch: 44/150 Iter: 26/96 loss: 0.3897 acc: 0.8194 time 0.87s
Epoch: 44/150 Iter: 27/96 loss: 0.3794 acc: 0.8261 time 0.87s
Epoch: 44/150 Iter: 28/96 loss: 0.3683 acc: 0.8323 time 0.69s
Epoch: 44/150 Iter: 29/96 loss: 0.3612 acc: 0.8381 time 0.70s
Epoch: 44/150 Iter: 30/96 loss: 0.3553 acc: 0.8380 time 0.70s
Epoch: 44/150 Iter: 31/96 loss: 0.3504 acc: 0.8432 time 0.71s
Epoch: 44/150 Iter: 32/96 loss: 0.3502 acc: 0.8429 time 0.73s
Epoch: 44/150 Iter: 33/96 loss: 0.3573 acc: 0.8401 time 0.87s
Epoch: 44/150 Iter: 34/96 loss: 0.3624 acc: 0.8418 time 0.70s
Epoch: 44/150 Iter: 35/96 loss: 0.3534 acc: 0.8463 time 0.72s
Epoch: 44/150 Iter: 36/96 loss: 0.3550 acc: 0.8475 time 0.77s
Epoch: 44/150 Iter: 37/96 loss: 0.3820 acc: 0.8336 time 0.72s
Epoch: 44/150 Iter: 38/96 loss: 0.3782 acc: 0.8380 time 0.76s
Epoch: 44/150 Iter: 39/96 loss: 0.3828 acc: 0.8302 time 0.86s
Epoch: 44/150 Iter: 40/96 loss: 0.3897 acc: 0.8194 time 0.86s
Epoch: 44/150 Iter: 41/96 loss: 0.3901 acc: 0.8198 time 0.72s
Epoch: 44/150 Iter: 42/96 loss: 0.3831 acc: 0.8241 time 0.72s
Epoch: 44/150 Iter: 43/96 loss: 0.3801 acc: 0.8253 time 0.70s
Epoch: 44/150 Iter: 44/96 loss: 0.3763 acc: 0.8235 time 0.77s
Epoch: 44/150 Iter: 45/96 loss: 0.3758 acc: 0.8247 time 0.75s
Epoch: 44/150 Iter: 46/96 loss: 0.3682 acc: 0.8285 time 0.87s
Epoch: 44/150 Iter: 47/96 loss: 0.3900 acc: 0.8215 time 0.70s
Epoch: 44/150 Iter: 48/96 loss: 0.4175 acc: 0.8113 time 0.76s
Epoch: 44/150 Iter: 49/96 loss: 0.4133 acc: 0.8129 time 0.72s
Epoch: 44/150 Iter: 50/96 loss: 0.4218 acc: 0.8142 time 0.70s
Epoch: 44/150 Iter: 51/96 loss: 0.4141 acc: 0.8178 time 0.72s
Epoch: 44/150 Iter: 52/96 loss: 0.4177 acc: 0.8128 time 0.87s
Epoch: 44/150 Iter: 53/96 loss: 0.4136 acc: 0.8132 time 0.70s
Epoch: 44/150 Iter: 54/96 loss: 0.4078 acc: 0.8166 time 0.87s
Epoch: 44/150 Iter: 55/96 loss: 0.4243 acc: 0.8109 time 0.87s
Epoch: 44/150 Iter: 56/96 loss: 0.4186 acc: 0.8142 time 0.89s
Epoch: 44/150 Iter: 57/96 loss: 0.4143 acc: 0.8175 time 0.87s
Epoch: 44/150 Iter: 58/96 loss: 0.4116 acc: 0.8206 time 0.86s
Epoch: 44/150 Iter: 59/96 loss: 0.4279 acc: 0.8138 time 0.69s
Epoch: 44/150 Iter: 60/96 loss: 0.4214 acc: 0.8169 time 0.80s
Epoch: 44/150 Iter: 61/96 loss: 0.4202 acc: 0.8179 time 0.87s
Epoch: 44/150 Iter: 62/96 loss: 0.4139 acc: 0.8208 time 0.86s
Epoch: 44/150 Iter: 63/96 loss: 0.4172 acc: 0.8166 time 0.69s
Epoch: 44/150 Iter: 64/96 loss: 0.4241 acc: 0.8163 time 0.78s
Epoch: 44/150 Iter: 65/96 loss: 0.4242 acc: 0.8153 time 0.70s
Epoch: 44/150 Iter: 66/96 loss: 0.4187 acc: 0.8181 time 0.76s
Epoch: 44/150 Iter: 67/96 loss: 0.4141 acc: 0.8196 time 0.87s
Epoch: 44/150 Iter: 68/96 loss: 0.4219 acc: 0.8167 time 0.69s
Epoch: 44/150 Iter: 69/96 loss: 0.4201 acc: 0.8145 time 0.87s
Epoch: 44/150 Iter: 70/96 loss: 0.4189 acc: 0.8100 time 0.70s
Epoch: 44/150 Iter: 71/96 loss: 0.4165 acc: 0.8065 time 0.95s
Epoch: 44/150 Iter: 72/96 loss: 0.4122 acc: 0.8091 time 0.87s
Epoch: 44/150 Iter: 73/96 loss: 0.4088 acc: 0.8118 time 0.87s
Epoch: 44/150 Iter: 74/96 loss: 0.4103 acc: 0.8064 time 0.78s
Epoch: 44/150 Iter: 75/96 loss: 0.4054 acc: 0.8090 time 0.88s
Epoch: 44/150 Iter: 76/96 loss: 0.4037 acc: 0.8115 time 0.87s
Epoch: 44/150 Iter: 77/96 loss: 0.4061 acc: 0.8118 time 0.86s
Epoch: 44/150 Iter: 78/96 loss: 0.4111 acc: 0.8048 time 0.73s
Epoch: 44/150 Iter: 79/96 loss: 0.4103 acc: 0.8073 time 0.70s
Epoch: 44/150 Iter: 80/96 loss: 0.4068 acc: 0.8097 time 0.69s
Epoch: 44/150 Iter: 81/96 loss: 0.4082 acc: 0.8096 time 0.86s
Epoch: 44/150 Iter: 82/96 loss: 0.4145 acc: 0.8046 time 0.69s
Epoch: 44/150 Iter: 83/96 loss: 0.4249 acc: 0.8005 time 0.69s
Epoch: 44/150 Iter: 84/96 loss: 0.4252 acc: 0.8014 time 0.85s
Epoch: 44/150 Iter: 85/96 loss: 0.4361 acc: 0.8018 time 0.86s
Epoch: 44/150 Iter: 86/96 loss: 0.4423 acc: 0.8012 time 0.73s
Epoch: 44/150 Iter: 87/96 loss: 0.4387 acc: 0.8034 time 0.69s
Epoch: 44/150 Iter: 88/96 loss: 0.4376 acc: 0.8014 time 0.86s
Epoch: 44/150 Iter: 89/96 loss: 0.4334 acc: 0.8037 time 0.70s
Epoch: 44/150 Iter: 90/96 loss: 0.4297 acc: 0.8058 time 0.69s
Epoch: 44/150 Iter: 91/96 loss: 0.4264 acc: 0.8080 time 0.86s
Epoch: 44/150 Iter: 92/96 loss: 0.4245 acc: 0.8090 time 0.71s
Epoch: 44/150 Iter: 93/96 loss: 0.4324 acc: 0.8043 time 0.86s
Epoch: 44/150 Iter: 94/96 loss: 0.4307 acc: 0.8064 time 0.86s
Epoch: 44/150 Iter: 95/96 loss: 0.4318 acc: 0.8040 time 0.86s
Epoch: 44/150 Iter: 96/96 loss: 0.4362 acc: 0.7998 time 0.71s
[Train epoch 44] avg_loss=0.4362 avg_acc=0.7998 | per-class [c0: 0.840, c1: 0.867, c2: 0.849]
Final training 44/150, loss: 0.4362, time 75.41s, lr: 0.000840
Accuracy: 0.845
class                  precision    recall   specificity      f1   support
--------------------------------------------------------------------------
0                          0.881     0.840         0.892   0.860       281
1                          0.605     0.867         0.969   0.712        30
2                          0.849     0.849         0.871   0.849       265
*----------------------------------------*
Val 44/150 1/24, Acc: 0.6667, Loss: 4.2980, time 0.67s
Val 44/150 2/24, Acc: 0.6111, Loss: 2.2880, time 0.67s
Val 44/150 3/24, Acc: 0.7037, Loss: 1.6679, time 0.67s
Val 44/150 4/24, Acc: 0.7153, Loss: 1.3303, time 0.67s
Val 44/150 5/24, Acc: 0.6722, Loss: 1.2580, time 0.67s
Val 44/150 6/24, Acc: 0.6852, Loss: 1.1449, time 0.67s
Val 44/150 7/24, Acc: 0.6587, Loss: 1.0588, time 0.67s
Val 44/150 8/24, Acc: 0.6858, Loss: 0.9602, time 0.67s
Val 44/150 9/24, Acc: 0.6688, Loss: 0.9026, time 0.67s
Val 44/150 10/24, Acc: 0.7019, Loss: 0.8219, time 0.67s
Val 44/150 11/24, Acc: 0.6836, Loss: 0.8423, time 0.67s
Val 44/150 12/24, Acc: 0.7100, Loss: 0.7815, time 0.68s
Val 44/150 13/24, Acc: 0.7130, Loss: 0.7488, time 0.67s
Val 44/150 14/24, Acc: 0.6978, Loss: 0.7288, time 0.67s
Val 44/150 15/24, Acc: 0.7013, Loss: 0.7459, time 0.69s
Val 44/150 16/24, Acc: 0.7200, Loss: 0.7072, time 0.67s
Val 44/150 17/24, Acc: 0.7291, Loss: 0.6851, time 0.67s
Val 44/150 18/24, Acc: 0.7302, Loss: 0.6605, time 0.67s
Val 44/150 19/24, Acc: 0.7181, Loss: 0.6388, time 0.67s
Val 44/150 20/24, Acc: 0.7044, Loss: 0.6312, time 0.67s
Val 44/150 21/24, Acc: 0.7066, Loss: 0.6245, time 0.67s
Val 44/150 22/24, Acc: 0.7048, Loss: 0.6160, time 0.67s
Val 44/150 23/24, Acc: 0.7031, Loss: 0.7060, time 0.67s
Val 44/150 24/24, Acc: 0.7155, Loss: 0.6815, time 0.67s
[Val epoch 44] avg_acc=0.7155 | avg_loss=0.6815 | per-class [c0: 0.971, c1: 0.625, c2: 0.591]
Final validation 44/150, Val_acc: 0.7155, time 16.08sAccuracy: 0.778
class                  precision    recall   specificity      f1   support
--------------------------------------------------------------------------
0                          0.731     0.971         0.662   0.834        70
1                          0.556     0.625         0.971   0.588         8
2                          0.929     0.591         0.962   0.722        66
*========================================*
Saving checkpoint outputs/OrganoidsINRIA_XYZ_thinning_128/swinunetr/2026-02-23-11-31/training/model_final.pt
[EarlyStopping] no improve (3/40)
[EarlyStopping] no improve (1/40)
0 Mon Feb 23 12:35:38 2026 Epoch: 45
Epoch: 45/150 Iter: 1/96 loss: 0.5234 acc: 0.6667 time 1.28s
Epoch: 45/150 Iter: 2/96 loss: 0.5079 acc: 0.5556 time 0.69s
Epoch: 45/150 Iter: 3/96 loss: 0.5195 acc: 0.5926 time 0.87s
Epoch: 45/150 Iter: 4/96 loss: 0.4936 acc: 0.6319 time 0.70s
Epoch: 45/150 Iter: 5/96 loss: 0.4845 acc: 0.6722 time 0.86s
Epoch: 45/150 Iter: 6/96 loss: 0.4247 acc: 0.7269 time 0.70s
Epoch: 45/150 Iter: 7/96 loss: 0.3996 acc: 0.7480 time 0.71s
Epoch: 45/150 Iter: 8/96 loss: 0.3901 acc: 0.7656 time 0.72s
Epoch: 45/150 Iter: 9/96 loss: 0.4413 acc: 0.7176 time 0.72s
Epoch: 45/150 Iter: 10/96 loss: 0.4732 acc: 0.7125 time 0.76s
Epoch: 45/150 Iter: 11/96 loss: 0.4709 acc: 0.7159 time 0.86s
Epoch: 45/150 Iter: 12/96 loss: 0.5465 acc: 0.6979 time 0.73s
Epoch: 45/150 Iter: 13/96 loss: 0.5607 acc: 0.7115 time 0.69s
Epoch: 45/150 Iter: 14/96 loss: 0.5447 acc: 0.6964 time 0.70s
Epoch: 45/150 Iter: 15/96 loss: 0.5238 acc: 0.7167 time 0.73s
Epoch: 45/150 Iter: 16/96 loss: 0.5294 acc: 0.7083 time 0.71s
Epoch: 45/150 Iter: 17/96 loss: 0.5084 acc: 0.7255 time 0.70s
Epoch: 45/150 Iter: 18/96 loss: 0.5131 acc: 0.7222 time 0.78s
Epoch: 45/150 Iter: 19/96 loss: 0.5032 acc: 0.7281 time 0.69s
Epoch: 45/150 Iter: 20/96 loss: 0.5038 acc: 0.7292 time 0.70s
Epoch: 45/150 Iter: 21/96 loss: 0.4850 acc: 0.7421 time 0.75s
Epoch: 45/150 Iter: 22/96 loss: 0.4816 acc: 0.7481 time 0.74s
Epoch: 45/150 Iter: 23/96 loss: 0.4776 acc: 0.7547 time 0.78s
Epoch: 45/150 Iter: 24/96 loss: 0.4684 acc: 0.7649 time 0.86s
Epoch: 45/150 Iter: 25/96 loss: 0.4656 acc: 0.7699 time 0.75s
Epoch: 45/150 Iter: 26/96 loss: 0.4558 acc: 0.7787 time 0.70s
Epoch: 45/150 Iter: 27/96 loss: 0.4464 acc: 0.7808 time 0.87s
Epoch: 45/150 Iter: 28/96 loss: 0.4516 acc: 0.7767 time 0.71s
Epoch: 45/150 Iter: 29/96 loss: 0.4558 acc: 0.7729 time 0.75s
Epoch: 45/150 Iter: 30/96 loss: 0.4525 acc: 0.7777 time 0.75s
Epoch: 45/150 Iter: 31/96 loss: 0.4402 acc: 0.7849 time 0.86s
Epoch: 45/150 Iter: 32/96 loss: 0.4357 acc: 0.7838 time 0.95s
Epoch: 45/150 Iter: 33/96 loss: 0.4272 acc: 0.7903 time 0.70s
Epoch: 45/150 Iter: 34/96 loss: 0.4266 acc: 0.7793 time 0.87s
Epoch: 45/150 Iter: 35/96 loss: 0.4297 acc: 0.7737 time 0.71s
Epoch: 45/150 Iter: 36/96 loss: 0.4237 acc: 0.7708 time 0.87s
Epoch: 45/150 Iter: 37/96 loss: 0.4170 acc: 0.7770 time 0.76s
Epoch: 45/150 Iter: 38/96 loss: 0.4084 acc: 0.7828 time 0.75s
Epoch: 45/150 Iter: 39/96 loss: 0.4080 acc: 0.7798 time 0.74s
Epoch: 45/150 Iter: 40/96 loss: 0.3988 acc: 0.7853 time 0.77s
Epoch: 45/150 Iter: 41/96 loss: 0.4001 acc: 0.7784 time 0.86s
Epoch: 45/150 Iter: 42/96 loss: 0.3993 acc: 0.7797 time 0.69s
Epoch: 45/150 Iter: 43/96 loss: 0.3971 acc: 0.7809 time 0.86s
Epoch: 45/150 Iter: 44/96 loss: 0.3915 acc: 0.7834 time 0.74s
Epoch: 45/150 Iter: 45/96 loss: 0.3857 acc: 0.7882 time 0.86s
Epoch: 45/150 Iter: 46/96 loss: 0.3828 acc: 0.7928 time 0.73s
Epoch: 45/150 Iter: 47/96 loss: 0.3881 acc: 0.7854 time 0.88s
Epoch: 45/150 Iter: 48/96 loss: 0.3877 acc: 0.7829 time 0.70s
Epoch: 45/150 Iter: 49/96 loss: 0.3828 acc: 0.7874 time 0.86s
Epoch: 45/150 Iter: 50/96 loss: 0.3851 acc: 0.7894 time 0.86s
Epoch: 45/150 Iter: 51/96 loss: 0.3850 acc: 0.7935 time 0.87s
Epoch: 45/150 Iter: 52/96 loss: 0.3845 acc: 0.7956 time 0.86s
Epoch: 45/150 Iter: 53/96 loss: 0.3789 acc: 0.7994 time 0.70s
Epoch: 45/150 Iter: 54/96 loss: 0.3814 acc: 0.8031 time 0.69s
Epoch: 45/150 Iter: 55/96 loss: 0.3802 acc: 0.8049 time 0.87s
Epoch: 45/150 Iter: 56/96 loss: 0.3800 acc: 0.8054 time 0.86s
Epoch: 45/150 Iter: 57/96 loss: 0.3795 acc: 0.8088 time 0.69s
Epoch: 45/150 Iter: 58/96 loss: 0.3799 acc: 0.8078 time 0.74s
Epoch: 45/150 Iter: 59/96 loss: 0.3799 acc: 0.8077 time 0.71s
Epoch: 45/150 Iter: 60/96 loss: 0.3744 acc: 0.8109 time 0.69s
Epoch: 45/150 Iter: 61/96 loss: 0.3727 acc: 0.8112 time 0.69s
Epoch: 45/150 Iter: 62/96 loss: 0.3706 acc: 0.8116 time 0.69s
Epoch: 45/150 Iter: 63/96 loss: 0.3716 acc: 0.8067 time 0.87s
Epoch: 45/150 Iter: 64/96 loss: 0.3695 acc: 0.8097 time 0.93s
Epoch: 45/150 Iter: 65/96 loss: 0.3721 acc: 0.8113 time 0.78s
Epoch: 45/150 Iter: 66/96 loss: 0.3748 acc: 0.8085 time 0.69s
Epoch: 45/150 Iter: 67/96 loss: 0.3712 acc: 0.8089 time 0.71s
Epoch: 45/150 Iter: 68/96 loss: 0.3782 acc: 0.8051 time 0.86s
Epoch: 45/150 Iter: 69/96 loss: 0.3794 acc: 0.8065 time 0.71s
Epoch: 45/150 Iter: 70/96 loss: 0.3834 acc: 0.8036 time 0.87s
Epoch: 45/150 Iter: 71/96 loss: 0.3895 acc: 0.7969 time 0.70s
Epoch: 45/150 Iter: 72/96 loss: 0.3844 acc: 0.7998 time 0.71s
Epoch: 45/150 Iter: 73/96 loss: 0.3822 acc: 0.8011 time 0.70s
Epoch: 45/150 Iter: 74/96 loss: 0.3860 acc: 0.8021 time 0.71s
Epoch: 45/150 Iter: 75/96 loss: 0.3838 acc: 0.8026 time 0.87s
Epoch: 45/150 Iter: 76/96 loss: 0.3908 acc: 0.7986 time 0.75s
Epoch: 45/150 Iter: 77/96 loss: 0.3877 acc: 0.8012 time 0.94s
Epoch: 45/150 Iter: 78/96 loss: 0.3837 acc: 0.8037 time 0.87s
Epoch: 45/150 Iter: 79/96 loss: 0.3839 acc: 0.7969 time 0.70s
Epoch: 45/150 Iter: 80/96 loss: 0.3816 acc: 0.7995 time 0.76s
Epoch: 45/150 Iter: 81/96 loss: 0.3789 acc: 0.8020 time 0.69s
Epoch: 45/150 Iter: 82/96 loss: 0.3878 acc: 0.7983 time 0.70s
Epoch: 45/150 Iter: 83/96 loss: 0.3837 acc: 0.8007 time 0.86s
Epoch: 45/150 Iter: 84/96 loss: 0.3804 acc: 0.8031 time 0.86s
Epoch: 45/150 Iter: 85/96 loss: 0.3782 acc: 0.8041 time 0.71s
Epoch: 45/150 Iter: 86/96 loss: 0.3792 acc: 0.8012 time 0.70s
Epoch: 45/150 Iter: 87/96 loss: 0.3771 acc: 0.8035 time 0.85s
Epoch: 45/150 Iter: 88/96 loss: 0.3773 acc: 0.8038 time 0.69s
Epoch: 45/150 Iter: 89/96 loss: 0.3749 acc: 0.8046 time 0.86s
Epoch: 45/150 Iter: 90/96 loss: 0.3753 acc: 0.8046 time 0.70s
Epoch: 45/150 Iter: 91/96 loss: 0.3719 acc: 0.8067 time 0.70s
Epoch: 45/150 Iter: 92/96 loss: 0.3689 acc: 0.8088 time 0.71s
Epoch: 45/150 Iter: 93/96 loss: 0.3730 acc: 0.8095 time 0.69s
Epoch: 45/150 Iter: 94/96 loss: 0.3710 acc: 0.8116 time 0.69s
Epoch: 45/150 Iter: 95/96 loss: 0.3692 acc: 0.8135 time 0.86s
Epoch: 45/150 Iter: 96/96 loss: 0.3950 acc: 0.8120 time 0.69s
[Train epoch 45] avg_loss=0.3950 avg_acc=0.8120 | per-class [c0: 0.843, c1: 0.900, c2: 0.834]
Final training 45/150, loss: 0.3950, time 74.16s, lr: 0.000832
Accuracy: 0.842
class                  precision    recall   specificity      f1   support
--------------------------------------------------------------------------
0                          0.881     0.843         0.892   0.862       281
1                          0.600     0.900         0.967   0.720        30
2                          0.844     0.834         0.868   0.839       265
*----------------------------------------*
0 Mon Feb 23 12:36:52 2026 Epoch: 46
Epoch: 46/150 Iter: 1/96 loss: 0.2717 acc: 0.8333 time 1.19s
Epoch: 46/150 Iter: 2/96 loss: 0.1780 acc: 0.9167 time 0.86s
Epoch: 46/150 Iter: 3/96 loss: 0.1769 acc: 0.9444 time 0.77s
Epoch: 46/150 Iter: 4/96 loss: 0.2011 acc: 0.9583 time 0.93s
Epoch: 46/150 Iter: 5/96 loss: 0.2117 acc: 0.9333 time 0.71s
Epoch: 46/150 Iter: 6/96 loss: 0.2148 acc: 0.9444 time 0.86s
Epoch: 46/150 Iter: 7/96 loss: 0.2853 acc: 0.8690 time 0.71s
Epoch: 46/150 Iter: 8/96 loss: 0.2585 acc: 0.8854 time 0.77s
Epoch: 46/150 Iter: 9/96 loss: 0.2679 acc: 0.8843 time 0.75s
Epoch: 46/150 Iter: 10/96 loss: 0.2740 acc: 0.8847 time 0.70s
Epoch: 46/150 Iter: 11/96 loss: 0.2668 acc: 0.8801 time 0.87s
Epoch: 46/150 Iter: 12/96 loss: 0.2515 acc: 0.8900 time 0.86s
Epoch: 46/150 Iter: 13/96 loss: 0.2520 acc: 0.8985 time 0.87s
Epoch: 46/150 Iter: 14/96 loss: 0.2533 acc: 0.9058 time 0.78s
Epoch: 46/150 Iter: 15/96 loss: 0.2833 acc: 0.8898 time 0.86s
Epoch: 46/150 Iter: 16/96 loss: 0.2682 acc: 0.8967 time 0.87s
Epoch: 46/150 Iter: 17/96 loss: 0.2791 acc: 0.8734 time 0.70s
Epoch: 46/150 Iter: 18/96 loss: 0.3171 acc: 0.8480 time 0.92s
Epoch: 46/150 Iter: 19/96 loss: 0.3071 acc: 0.8385 time 0.87s
Epoch: 46/150 Iter: 20/96 loss: 0.3074 acc: 0.8415 time 0.69s
Epoch: 46/150 Iter: 21/96 loss: 0.3018 acc: 0.8300 time 0.94s
Epoch: 46/150 Iter: 22/96 loss: 0.2963 acc: 0.8302 time 0.86s
Epoch: 46/150 Iter: 23/96 loss: 0.2927 acc: 0.8327 time 0.86s
Epoch: 46/150 Iter: 24/96 loss: 0.2866 acc: 0.8397 time 0.78s
Epoch: 46/150 Iter: 25/96 loss: 0.2843 acc: 0.8394 time 0.69s
Epoch: 46/150 Iter: 26/96 loss: 0.2780 acc: 0.8456 time 0.74s
Epoch: 46/150 Iter: 27/96 loss: 0.2719 acc: 0.8513 time 0.75s
Epoch: 46/150 Iter: 28/96 loss: 0.2760 acc: 0.8368 time 0.71s
Epoch: 46/150 Iter: 29/96 loss: 0.3348 acc: 0.8166 time 0.72s
Epoch: 46/150 Iter: 30/96 loss: 0.3345 acc: 0.8027 time 0.87s
Epoch: 46/150 Iter: 31/96 loss: 0.3284 acc: 0.8091 time 0.69s
Epoch: 46/150 Iter: 32/96 loss: 0.3357 acc: 0.8033 time 0.87s
Epoch: 46/150 Iter: 33/96 loss: 0.3436 acc: 0.7992 time 0.75s
Epoch: 46/150 Iter: 34/96 loss: 0.3773 acc: 0.7830 time 0.75s
Epoch: 46/150 Iter: 35/96 loss: 0.3743 acc: 0.7813 time 0.71s
Epoch: 46/150 Iter: 36/96 loss: 0.3673 acc: 0.7873 time 0.88s
Epoch: 46/150 Iter: 37/96 loss: 0.3834 acc: 0.7818 time 0.70s
Epoch: 46/150 Iter: 38/96 loss: 0.3773 acc: 0.7876 time 0.86s
Epoch: 46/150 Iter: 39/96 loss: 0.3763 acc: 0.7828 time 0.87s
Epoch: 46/150 Iter: 40/96 loss: 0.3861 acc: 0.7771 time 0.86s
Epoch: 46/150 Iter: 41/96 loss: 0.3812 acc: 0.7825 time 0.69s
Epoch: 46/150 Iter: 42/96 loss: 0.4028 acc: 0.7788 time 0.70s
Epoch: 46/150 Iter: 43/96 loss: 0.4043 acc: 0.7700 time 0.69s
Epoch: 46/150 Iter: 44/96 loss: 0.4135 acc: 0.7600 time 0.69s
Epoch: 46/150 Iter: 45/96 loss: 0.4117 acc: 0.7598 time 0.70s
Epoch: 46/150 Iter: 46/96 loss: 0.4064 acc: 0.7563 time 0.86s
Epoch: 46/150 Iter: 47/96 loss: 0.4101 acc: 0.7497 time 0.86s
Epoch: 46/150 Iter: 48/96 loss: 0.4222 acc: 0.7497 time 0.70s
Epoch: 46/150 Iter: 49/96 loss: 0.4167 acc: 0.7548 time 0.70s
Epoch: 46/150 Iter: 50/96 loss: 0.4125 acc: 0.7577 time 0.69s
Epoch: 46/150 Iter: 51/96 loss: 0.4068 acc: 0.7625 time 0.72s
Epoch: 46/150 Iter: 52/96 loss: 0.4017 acc: 0.7670 time 0.86s
Epoch: 46/150 Iter: 53/96 loss: 0.4114 acc: 0.7651 time 0.87s
Epoch: 46/150 Iter: 54/96 loss: 0.4068 acc: 0.7695 time 0.69s
Epoch: 46/150 Iter: 55/96 loss: 0.4016 acc: 0.7737 time 0.77s
Epoch: 46/150 Iter: 56/96 loss: 0.4019 acc: 0.7733 time 0.75s
Epoch: 46/150 Iter: 57/96 loss: 0.4007 acc: 0.7724 time 0.69s
Epoch: 46/150 Iter: 58/96 loss: 0.4005 acc: 0.7720 time 0.86s
Epoch: 46/150 Iter: 59/96 loss: 0.3972 acc: 0.7758 time 0.77s
Epoch: 46/150 Iter: 60/96 loss: 0.3961 acc: 0.7796 time 0.73s
Epoch: 46/150 Iter: 61/96 loss: 0.3959 acc: 0.7759 time 0.76s
Epoch: 46/150 Iter: 62/96 loss: 0.3919 acc: 0.7795 time 0.71s
Epoch: 46/150 Iter: 63/96 loss: 0.3986 acc: 0.7777 time 0.86s
Epoch: 46/150 Iter: 64/96 loss: 0.3947 acc: 0.7795 time 0.88s
Epoch: 46/150 Iter: 65/96 loss: 0.3909 acc: 0.7829 time 0.71s
Epoch: 46/150 Iter: 66/96 loss: 0.3890 acc: 0.7862 time 0.69s
Epoch: 46/150 Iter: 67/96 loss: 0.3875 acc: 0.7869 time 0.72s
Epoch: 46/150 Iter: 68/96 loss: 0.3900 acc: 0.7882 time 0.71s
Epoch: 46/150 Iter: 69/96 loss: 0.4025 acc: 0.7858 time 0.74s
Epoch: 46/150 Iter: 70/96 loss: 0.4036 acc: 0.7849 time 0.86s
Epoch: 46/150 Iter: 71/96 loss: 0.3997 acc: 0.7879 time 0.69s
Epoch: 46/150 Iter: 72/96 loss: 0.3960 acc: 0.7909 time 0.71s
Epoch: 46/150 Iter: 73/96 loss: 0.3921 acc: 0.7937 time 0.76s
Epoch: 46/150 Iter: 74/96 loss: 0.3881 acc: 0.7965 time 0.86s
Epoch: 46/150 Iter: 75/96 loss: 0.3845 acc: 0.7992 time 0.69s
Epoch: 46/150 Iter: 76/96 loss: 0.3801 acc: 0.8019 time 0.76s
Epoch: 46/150 Iter: 77/96 loss: 0.3820 acc: 0.8012 time 0.87s
Epoch: 46/150 Iter: 78/96 loss: 0.3811 acc: 0.7986 time 0.72s
Epoch: 46/150 Iter: 79/96 loss: 0.3803 acc: 0.8012 time 0.70s
Epoch: 46/150 Iter: 80/96 loss: 0.3773 acc: 0.8023 time 0.87s
Epoch: 46/150 Iter: 81/96 loss: 0.3893 acc: 0.8006 time 0.69s
Epoch: 46/150 Iter: 82/96 loss: 0.3878 acc: 0.8030 time 0.69s
Epoch: 46/150 Iter: 83/96 loss: 0.3858 acc: 0.8034 time 0.69s
Epoch: 46/150 Iter: 84/96 loss: 0.3882 acc: 0.8027 time 0.85s
Epoch: 46/150 Iter: 85/96 loss: 0.3841 acc: 0.8051 time 0.69s
Epoch: 46/150 Iter: 86/96 loss: 0.3995 acc: 0.7976 time 0.86s
Epoch: 46/150 Iter: 87/96 loss: 0.3969 acc: 0.7981 time 0.86s
Epoch: 46/150 Iter: 88/96 loss: 0.3940 acc: 0.8003 time 0.85s
Epoch: 46/150 Iter: 89/96 loss: 0.3936 acc: 0.8007 time 0.70s
Epoch: 46/150 Iter: 90/96 loss: 0.3960 acc: 0.7955 time 0.70s
Epoch: 46/150 Iter: 91/96 loss: 0.3951 acc: 0.7978 time 0.85s
Epoch: 46/150 Iter: 92/96 loss: 0.3987 acc: 0.7973 time 0.70s
Epoch: 46/150 Iter: 93/96 loss: 0.3950 acc: 0.7994 time 0.70s
Epoch: 46/150 Iter: 94/96 loss: 0.4048 acc: 0.7951 time 0.70s
Epoch: 46/150 Iter: 95/96 loss: 0.4020 acc: 0.7972 time 0.70s
Epoch: 46/150 Iter: 96/96 loss: 0.3986 acc: 0.7993 time 0.69s
[Train epoch 46] avg_loss=0.3986 avg_acc=0.7993 | per-class [c0: 0.854, c1: 0.800, c2: 0.853]
Final training 46/150, loss: 0.3986, time 74.61s, lr: 0.000824
Accuracy: 0.851
class                  precision    recall   specificity      f1   support
--------------------------------------------------------------------------
0                          0.899     0.854         0.908   0.876       281
1                          0.545     0.800         0.963   0.649        30
2                          0.853     0.853         0.875   0.853       265
*----------------------------------------*
Val 46/150 1/24, Acc: 0.5000, Loss: 1.8344, time 0.68s
Val 46/150 2/24, Acc: 0.5278, Loss: 1.2409, time 0.67s
Val 46/150 3/24, Acc: 0.5926, Loss: 0.9636, time 0.67s
Val 46/150 4/24, Acc: 0.6944, Loss: 0.7373, time 0.67s
Val 46/150 5/24, Acc: 0.7556, Loss: 0.6178, time 0.67s
Val 46/150 6/24, Acc: 0.7546, Loss: 0.5498, time 0.67s
Val 46/150 7/24, Acc: 0.7302, Loss: 0.5822, time 0.67s
Val 46/150 8/24, Acc: 0.7639, Loss: 0.5282, time 0.67s
Val 46/150 9/24, Acc: 0.7901, Loss: 0.4805, time 0.67s
Val 46/150 10/24, Acc: 0.7811, Loss: 0.4827, time 0.67s
Val 46/150 11/24, Acc: 0.8010, Loss: 0.4546, time 0.67s
Val 46/150 12/24, Acc: 0.7690, Loss: 0.4389, time 0.67s
Val 46/150 13/24, Acc: 0.7483, Loss: 0.4584, time 0.67s
Val 46/150 14/24, Acc: 0.7484, Loss: 0.4528, time 0.67s
Val 46/150 15/24, Acc: 0.7374, Loss: 0.4659, time 0.67s
Val 46/150 16/24, Acc: 0.7476, Loss: 0.4484, time 0.67s
Val 46/150 17/24, Acc: 0.7624, Loss: 0.4298, time 0.67s
Val 46/150 18/24, Acc: 0.7617, Loss: 0.4360, time 0.67s
Val 46/150 19/24, Acc: 0.7743, Loss: 0.4294, time 0.67s
Val 46/150 20/24, Acc: 0.7522, Loss: 0.4638, time 0.67s
Val 46/150 21/24, Acc: 0.7640, Loss: 0.4499, time 0.67s
Val 46/150 22/24, Acc: 0.7672, Loss: 0.4576, time 0.67s
Val 46/150 23/24, Acc: 0.7556, Loss: 0.4866, time 0.67s
Val 46/150 24/24, Acc: 0.7588, Loss: 0.4790, time 0.67s
[Val epoch 46] avg_acc=0.7588 | avg_loss=0.4790 | per-class [c0: 0.757, c1: 0.750, c2: 0.894]
Final validation 46/150, Val_acc: 0.7588, time 16.07sAccuracy: 0.819
class                  precision    recall   specificity      f1   support
--------------------------------------------------------------------------
0                          1.000     0.757         1.000   0.862        70
1                          0.400     0.750         0.934   0.522         8
2                          0.776     0.894         0.782   0.831        66
*========================================*
Saving checkpoint outputs/OrganoidsINRIA_XYZ_thinning_128/swinunetr/2026-02-23-11-31/training/model_final.pt
[EarlyStopping] no improve (4/40)
[EarlyStopping] improved to 0.479030
0 Mon Feb 23 12:38:27 2026 Epoch: 47
Epoch: 47/150 Iter: 1/96 loss: 0.3169 acc: 0.8750 time 1.20s
Epoch: 47/150 Iter: 2/96 loss: 0.4073 acc: 0.8125 time 0.87s
Epoch: 47/150 Iter: 3/96 loss: 0.5775 acc: 0.7500 time 0.87s
Epoch: 47/150 Iter: 4/96 loss: 0.6549 acc: 0.6458 time 0.73s
Epoch: 47/150 Iter: 5/96 loss: 0.6976 acc: 0.6167 time 0.86s
Epoch: 47/150 Iter: 6/96 loss: 0.6510 acc: 0.6472 time 0.87s
Epoch: 47/150 Iter: 7/96 loss: 0.5913 acc: 0.6833 time 0.86s
Epoch: 47/150 Iter: 8/96 loss: 0.5605 acc: 0.7021 time 0.72s
Epoch: 47/150 Iter: 9/96 loss: 0.5067 acc: 0.7352 time 0.71s
Epoch: 47/150 Iter: 10/96 loss: 0.4724 acc: 0.7367 time 0.75s
Epoch: 47/150 Iter: 11/96 loss: 0.4644 acc: 0.7492 time 0.75s
Epoch: 47/150 Iter: 12/96 loss: 0.4548 acc: 0.7090 time 0.87s
Epoch: 47/150 Iter: 13/96 loss: 0.4308 acc: 0.7314 time 0.75s
Epoch: 47/150 Iter: 14/96 loss: 0.4266 acc: 0.7387 time 0.87s
Epoch: 47/150 Iter: 15/96 loss: 0.4240 acc: 0.7561 time 0.87s
Epoch: 47/150 Iter: 16/96 loss: 0.4067 acc: 0.7714 time 0.86s
Epoch: 47/150 Iter: 17/96 loss: 0.3892 acc: 0.7848 time 0.87s
Epoch: 47/150 Iter: 18/96 loss: 0.4151 acc: 0.7644 time 0.71s
Epoch: 47/150 Iter: 19/96 loss: 0.4401 acc: 0.7417 time 0.70s
Epoch: 47/150 Iter: 20/96 loss: 0.4314 acc: 0.7546 time 0.95s
Epoch: 47/150 Iter: 21/96 loss: 0.4243 acc: 0.7663 time 0.87s
Epoch: 47/150 Iter: 22/96 loss: 0.4232 acc: 0.7723 time 0.87s
Epoch: 47/150 Iter: 23/96 loss: 0.4184 acc: 0.7822 time 0.71s
Epoch: 47/150 Iter: 24/96 loss: 0.4102 acc: 0.7867 time 0.70s
Epoch: 47/150 Iter: 25/96 loss: 0.3980 acc: 0.7952 time 0.87s
Epoch: 47/150 Iter: 26/96 loss: 0.3924 acc: 0.7935 time 0.87s
Epoch: 47/150 Iter: 27/96 loss: 0.3808 acc: 0.8011 time 0.69s
Epoch: 47/150 Iter: 28/96 loss: 0.3899 acc: 0.7934 time 0.74s
Epoch: 47/150 Iter: 29/96 loss: 0.3862 acc: 0.7832 time 0.70s
Epoch: 47/150 Iter: 30/96 loss: 0.3876 acc: 0.7766 time 0.72s
Epoch: 47/150 Iter: 31/96 loss: 0.3783 acc: 0.7838 time 0.71s
Epoch: 47/150 Iter: 32/96 loss: 0.3799 acc: 0.7843 time 0.70s
Epoch: 47/150 Iter: 33/96 loss: 0.3736 acc: 0.7908 time 0.75s
Epoch: 47/150 Iter: 34/96 loss: 0.3739 acc: 0.7921 time 0.72s
Epoch: 47/150 Iter: 35/96 loss: 0.3665 acc: 0.7980 time 0.74s
Epoch: 47/150 Iter: 36/96 loss: 0.3639 acc: 0.7967 time 0.87s
Epoch: 47/150 Iter: 37/96 loss: 0.3615 acc: 0.7992 time 0.87s
Epoch: 47/150 Iter: 38/96 loss: 0.3598 acc: 0.8012 time 0.86s
Epoch: 47/150 Iter: 39/96 loss: 0.3560 acc: 0.8063 time 0.87s
Epoch: 47/150 Iter: 40/96 loss: 0.3605 acc: 0.8090 time 0.87s
Epoch: 47/150 Iter: 41/96 loss: 0.3599 acc: 0.8106 time 0.71s
Epoch: 47/150 Iter: 42/96 loss: 0.3583 acc: 0.8151 time 0.73s
Epoch: 47/150 Iter: 43/96 loss: 0.3597 acc: 0.8117 time 0.78s
Epoch: 47/150 Iter: 44/96 loss: 0.4018 acc: 0.8084 time 0.87s
Epoch: 47/150 Iter: 45/96 loss: 0.3984 acc: 0.7978 time 0.69s
Epoch: 47/150 Iter: 46/96 loss: 0.3905 acc: 0.8022 time 0.87s
Epoch: 47/150 Iter: 47/96 loss: 0.3870 acc: 0.8011 time 0.86s
Epoch: 47/150 Iter: 48/96 loss: 0.3809 acc: 0.8030 time 0.70s
Epoch: 47/150 Iter: 49/96 loss: 0.3767 acc: 0.8002 time 0.69s
Epoch: 47/150 Iter: 50/96 loss: 0.3785 acc: 0.7908 time 0.87s
Epoch: 47/150 Iter: 51/96 loss: 0.3740 acc: 0.7949 time 0.71s
Epoch: 47/150 Iter: 52/96 loss: 0.3827 acc: 0.7925 time 0.86s
Epoch: 47/150 Iter: 53/96 loss: 0.3763 acc: 0.7964 time 0.71s
Epoch: 47/150 Iter: 54/96 loss: 0.3816 acc: 0.7971 time 0.86s
Epoch: 47/150 Iter: 55/96 loss: 0.3797 acc: 0.7989 time 0.87s
Epoch: 47/150 Iter: 56/96 loss: 0.3742 acc: 0.8025 time 0.86s
Epoch: 47/150 Iter: 57/96 loss: 0.3858 acc: 0.7987 time 0.75s
Epoch: 47/150 Iter: 58/96 loss: 0.3888 acc: 0.7987 time 0.78s
Epoch: 47/150 Iter: 59/96 loss: 0.3849 acc: 0.8021 time 0.72s
Epoch: 47/150 Iter: 60/96 loss: 0.3868 acc: 0.8008 time 0.86s
Epoch: 47/150 Iter: 61/96 loss: 0.3851 acc: 0.8013 time 0.86s
Epoch: 47/150 Iter: 62/96 loss: 0.3901 acc: 0.7965 time 0.72s
Epoch: 47/150 Iter: 63/96 loss: 0.3843 acc: 0.7997 time 0.72s
Epoch: 47/150 Iter: 64/96 loss: 0.3796 acc: 0.8028 time 0.86s
Epoch: 47/150 Iter: 65/96 loss: 0.3754 acc: 0.8041 time 0.87s
Epoch: 47/150 Iter: 66/96 loss: 0.3890 acc: 0.7987 time 0.77s
Epoch: 47/150 Iter: 67/96 loss: 0.3844 acc: 0.8017 time 0.87s
Epoch: 47/150 Iter: 68/96 loss: 0.3823 acc: 0.8046 time 0.86s
Epoch: 47/150 Iter: 69/96 loss: 0.3835 acc: 0.8050 time 0.71s
Epoch: 47/150 Iter: 70/96 loss: 0.3811 acc: 0.8054 time 0.70s
Epoch: 47/150 Iter: 71/96 loss: 0.3791 acc: 0.8047 time 0.93s
Epoch: 47/150 Iter: 72/96 loss: 0.3762 acc: 0.8060 time 0.71s
Epoch: 47/150 Iter: 73/96 loss: 0.3859 acc: 0.7961 time 0.71s
Epoch: 47/150 Iter: 74/96 loss: 0.3817 acc: 0.7988 time 0.71s
Epoch: 47/150 Iter: 75/96 loss: 0.3780 acc: 0.8015 time 0.87s
Epoch: 47/150 Iter: 76/96 loss: 0.3848 acc: 0.7943 time 0.86s
Epoch: 47/150 Iter: 77/96 loss: 0.3967 acc: 0.7948 time 0.70s
Epoch: 47/150 Iter: 78/96 loss: 0.3951 acc: 0.7910 time 0.70s
Epoch: 47/150 Iter: 79/96 loss: 0.3927 acc: 0.7915 time 0.87s
Epoch: 47/150 Iter: 80/96 loss: 0.3931 acc: 0.7868 time 0.87s
Epoch: 47/150 Iter: 81/96 loss: 0.3902 acc: 0.7823 time 0.86s
Epoch: 47/150 Iter: 82/96 loss: 0.3937 acc: 0.7778 time 0.86s
Epoch: 47/150 Iter: 83/96 loss: 0.3899 acc: 0.7805 time 0.86s
Epoch: 47/150 Iter: 84/96 loss: 0.3882 acc: 0.7816 time 0.86s
Epoch: 47/150 Iter: 85/96 loss: 0.3871 acc: 0.7822 time 0.69s
Epoch: 47/150 Iter: 86/96 loss: 0.3832 acc: 0.7848 time 0.69s
Epoch: 47/150 Iter: 87/96 loss: 0.3799 acc: 0.7872 time 0.69s
Epoch: 47/150 Iter: 88/96 loss: 0.3784 acc: 0.7896 time 0.86s
Epoch: 47/150 Iter: 89/96 loss: 0.3837 acc: 0.7901 time 0.86s
Epoch: 47/150 Iter: 90/96 loss: 0.3807 acc: 0.7925 time 0.69s
Epoch: 47/150 Iter: 91/96 loss: 0.3781 acc: 0.7947 time 0.86s
Epoch: 47/150 Iter: 92/96 loss: 0.3825 acc: 0.7943 time 0.70s
Epoch: 47/150 Iter: 93/96 loss: 0.3862 acc: 0.7929 time 0.70s
Epoch: 47/150 Iter: 94/96 loss: 0.3861 acc: 0.7940 time 0.70s
Epoch: 47/150 Iter: 95/96 loss: 0.3822 acc: 0.7962 time 0.71s
Epoch: 47/150 Iter: 96/96 loss: 0.3867 acc: 0.7948 time 0.86s
[Train epoch 47] avg_loss=0.3867 avg_acc=0.7948 | per-class [c0: 0.851, c1: 0.900, c2: 0.811]
Final training 47/150, loss: 0.3867, time 76.47s, lr: 0.000815
Accuracy: 0.835
class                  precision    recall   specificity      f1   support
--------------------------------------------------------------------------
0                          0.866     0.851         0.875   0.858       281
1                          0.551     0.900         0.960   0.684        30
2                          0.857     0.811         0.884   0.833       265
*----------------------------------------*
0 Mon Feb 23 12:39:44 2026 Epoch: 48
Epoch: 48/150 Iter: 1/96 loss: 0.2332 acc: 0.9000 time 1.00s
Epoch: 48/150 Iter: 2/96 loss: 0.4879 acc: 0.7167 time 0.87s
Epoch: 48/150 Iter: 3/96 loss: 0.3818 acc: 0.8111 time 0.70s
Epoch: 48/150 Iter: 4/96 loss: 0.3904 acc: 0.7333 time 0.72s
Epoch: 48/150 Iter: 5/96 loss: 0.3882 acc: 0.7700 time 0.71s
Epoch: 48/150 Iter: 6/96 loss: 0.4224 acc: 0.7667 time 0.76s
Epoch: 48/150 Iter: 7/96 loss: 0.3946 acc: 0.7857 time 0.87s
Epoch: 48/150 Iter: 8/96 loss: 0.3601 acc: 0.8125 time 0.69s
Epoch: 48/150 Iter: 9/96 loss: 0.3613 acc: 0.8194 time 0.71s
Epoch: 48/150 Iter: 10/96 loss: 0.4163 acc: 0.7975 time 0.73s
Epoch: 48/150 Iter: 11/96 loss: 0.3897 acc: 0.8159 time 0.76s
Epoch: 48/150 Iter: 12/96 loss: 0.4133 acc: 0.8104 time 0.70s
Epoch: 48/150 Iter: 13/96 loss: 0.5239 acc: 0.7929 time 0.85s
Epoch: 48/150 Iter: 14/96 loss: 0.5714 acc: 0.7760 time 0.86s
Epoch: 48/150 Iter: 15/96 loss: 0.5805 acc: 0.7465 time 0.87s
Epoch: 48/150 Iter: 16/96 loss: 0.5623 acc: 0.7545 time 0.72s
Epoch: 48/150 Iter: 17/96 loss: 0.5399 acc: 0.7690 time 0.87s
Epoch: 48/150 Iter: 18/96 loss: 0.5269 acc: 0.7571 time 0.76s
Epoch: 48/150 Iter: 19/96 loss: 0.5388 acc: 0.7480 time 0.93s
Epoch: 48/150 Iter: 20/96 loss: 0.5241 acc: 0.7522 time 0.73s
Epoch: 48/150 Iter: 21/96 loss: 0.5107 acc: 0.7521 time 0.80s
Epoch: 48/150 Iter: 22/96 loss: 0.5198 acc: 0.7407 time 0.86s
Epoch: 48/150 Iter: 23/96 loss: 0.5035 acc: 0.7519 time 0.86s
Epoch: 48/150 Iter: 24/96 loss: 0.4879 acc: 0.7623 time 0.75s
Epoch: 48/150 Iter: 25/96 loss: 0.4748 acc: 0.7668 time 0.86s
Epoch: 48/150 Iter: 26/96 loss: 0.4802 acc: 0.7661 time 0.79s
Epoch: 48/150 Iter: 27/96 loss: 0.4994 acc: 0.7542 time 0.87s
Epoch: 48/150 Iter: 28/96 loss: 0.4999 acc: 0.7541 time 0.70s
Epoch: 48/150 Iter: 29/96 loss: 0.4855 acc: 0.7625 time 0.70s
Epoch: 48/150 Iter: 30/96 loss: 0.4781 acc: 0.7612 time 0.74s
Epoch: 48/150 Iter: 31/96 loss: 0.4699 acc: 0.7635 time 0.75s
Epoch: 48/150 Iter: 32/96 loss: 0.4633 acc: 0.7631 time 0.88s
Epoch: 48/150 Iter: 33/96 loss: 0.4790 acc: 0.7589 time 0.72s
Epoch: 48/150 Iter: 34/96 loss: 0.4778 acc: 0.7513 time 0.70s
Epoch: 48/150 Iter: 35/96 loss: 0.4794 acc: 0.7537 time 0.70s
Epoch: 48/150 Iter: 36/96 loss: 0.4771 acc: 0.7559 time 0.69s
Epoch: 48/150 Iter: 37/96 loss: 0.4692 acc: 0.7595 time 0.87s
Epoch: 48/150 Iter: 38/96 loss: 0.4598 acc: 0.7658 time 0.72s
Epoch: 48/150 Iter: 39/96 loss: 0.4506 acc: 0.7718 time 0.93s
Epoch: 48/150 Iter: 40/96 loss: 0.4414 acc: 0.7775 time 0.87s
Epoch: 48/150 Iter: 41/96 loss: 0.4313 acc: 0.7829 time 0.86s
Epoch: 48/150 Iter: 42/96 loss: 0.4339 acc: 0.7786 time 0.86s
Epoch: 48/150 Iter: 43/96 loss: 0.4273 acc: 0.7814 time 0.76s
Epoch: 48/150 Iter: 44/96 loss: 0.4180 acc: 0.7864 time 0.92s
Epoch: 48/150 Iter: 45/96 loss: 0.4223 acc: 0.7822 time 0.87s
Epoch: 48/150 Iter: 46/96 loss: 0.4359 acc: 0.7842 time 0.93s
Epoch: 48/150 Iter: 47/96 loss: 0.4322 acc: 0.7782 time 0.74s
Epoch: 48/150 Iter: 48/96 loss: 0.4430 acc: 0.7776 time 0.78s
Epoch: 48/150 Iter: 49/96 loss: 0.4456 acc: 0.7753 time 0.70s
Epoch: 48/150 Iter: 50/96 loss: 0.4476 acc: 0.7778 time 0.89s
Epoch: 48/150 Iter: 51/96 loss: 0.4423 acc: 0.7797 time 0.83s
Epoch: 48/150 Iter: 52/96 loss: 0.4350 acc: 0.7840 time 0.86s
Epoch: 48/150 Iter: 53/96 loss: 0.4320 acc: 0.7881 time 0.86s
Epoch: 48/150 Iter: 54/96 loss: 0.4328 acc: 0.7837 time 0.70s
Epoch: 48/150 Iter: 55/96 loss: 0.4270 acc: 0.7877 time 0.72s
Epoch: 48/150 Iter: 56/96 loss: 0.4232 acc: 0.7885 time 0.87s
Epoch: 48/150 Iter: 57/96 loss: 0.4256 acc: 0.7856 time 0.87s
Epoch: 48/150 Iter: 58/96 loss: 0.4323 acc: 0.7824 time 0.75s
Epoch: 48/150 Iter: 59/96 loss: 0.4280 acc: 0.7861 time 0.76s
Epoch: 48/150 Iter: 60/96 loss: 0.4223 acc: 0.7897 time 0.72s
Epoch: 48/150 Iter: 61/96 loss: 0.4176 acc: 0.7931 time 0.87s
Epoch: 48/150 Iter: 62/96 loss: 0.4161 acc: 0.7884 time 0.70s
Epoch: 48/150 Iter: 63/96 loss: 0.4141 acc: 0.7865 time 0.87s
Epoch: 48/150 Iter: 64/96 loss: 0.4079 acc: 0.7898 time 0.78s
Epoch: 48/150 Iter: 65/96 loss: 0.4048 acc: 0.7892 time 0.86s
Epoch: 48/150 Iter: 66/96 loss: 0.4013 acc: 0.7924 time 0.75s
Epoch: 48/150 Iter: 67/96 loss: 0.3996 acc: 0.7936 time 0.72s
Epoch: 48/150 Iter: 68/96 loss: 0.3986 acc: 0.7948 time 0.87s
Epoch: 48/150 Iter: 69/96 loss: 0.3963 acc: 0.7960 time 0.75s
Epoch: 48/150 Iter: 70/96 loss: 0.3926 acc: 0.7989 time 0.90s
Epoch: 48/150 Iter: 71/96 loss: 0.3960 acc: 0.7982 time 0.70s
Epoch: 48/150 Iter: 72/96 loss: 0.4059 acc: 0.7948 time 0.76s
Epoch: 48/150 Iter: 73/96 loss: 0.4041 acc: 0.7961 time 0.89s
Epoch: 48/150 Iter: 74/96 loss: 0.4000 acc: 0.7966 time 0.86s
Epoch: 48/150 Iter: 75/96 loss: 0.3971 acc: 0.7993 time 0.93s
Epoch: 48/150 Iter: 76/96 loss: 0.3956 acc: 0.8005 time 0.78s
Epoch: 48/150 Iter: 77/96 loss: 0.3936 acc: 0.7970 time 0.77s
Epoch: 48/150 Iter: 78/96 loss: 0.3905 acc: 0.7945 time 0.87s
Epoch: 48/150 Iter: 79/96 loss: 0.3885 acc: 0.7929 time 0.87s
Epoch: 48/150 Iter: 80/96 loss: 0.3880 acc: 0.7939 time 0.70s
Epoch: 48/150 Iter: 81/96 loss: 0.3872 acc: 0.7934 time 0.75s
Epoch: 48/150 Iter: 82/96 loss: 0.3859 acc: 0.7929 time 0.70s
Epoch: 48/150 Iter: 83/96 loss: 0.3967 acc: 0.7917 time 0.86s
Epoch: 48/150 Iter: 84/96 loss: 0.3968 acc: 0.7929 time 0.85s
Epoch: 48/150 Iter: 85/96 loss: 0.3961 acc: 0.7939 time 0.71s
Epoch: 48/150 Iter: 86/96 loss: 0.3945 acc: 0.7916 time 0.86s
Epoch: 48/150 Iter: 87/96 loss: 0.3999 acc: 0.7886 time 0.69s
Epoch: 48/150 Iter: 88/96 loss: 0.3973 acc: 0.7910 time 0.70s
Epoch: 48/150 Iter: 89/96 loss: 0.3988 acc: 0.7868 time 0.69s
Epoch: 48/150 Iter: 90/96 loss: 0.3952 acc: 0.7892 time 0.71s
Epoch: 48/150 Iter: 91/96 loss: 0.3923 acc: 0.7915 time 0.69s
Epoch: 48/150 Iter: 92/96 loss: 0.3886 acc: 0.7938 time 0.69s
Epoch: 48/150 Iter: 93/96 loss: 0.3885 acc: 0.7942 time 0.70s
Epoch: 48/150 Iter: 94/96 loss: 0.3875 acc: 0.7964 time 0.70s
Epoch: 48/150 Iter: 95/96 loss: 0.3836 acc: 0.7985 time 0.70s
Epoch: 48/150 Iter: 96/96 loss: 0.3800 acc: 0.8006 time 0.70s
[Train epoch 48] avg_loss=0.3800 avg_acc=0.8006 | per-class [c0: 0.840, c1: 0.900, c2: 0.830]
Final training 48/150, loss: 0.3800, time 75.74s, lr: 0.000807
Accuracy: 0.839
class                  precision    recall   specificity      f1   support
--------------------------------------------------------------------------
0                          0.881     0.840         0.892   0.860       281
1                          0.551     0.900         0.960   0.684        30
2                          0.849     0.830         0.875   0.840       265
*----------------------------------------*
Val 48/150 1/24, Acc: 0.5000, Loss: 5.5853, time 0.67s
Val 48/150 2/24, Acc: 0.5278, Loss: 2.9686, time 0.67s
Val 48/150 3/24, Acc: 0.6296, Loss: 2.0660, time 0.67s
Val 48/150 4/24, Acc: 0.7222, Loss: 1.5784, time 0.67s
Val 48/150 5/24, Acc: 0.7778, Loss: 1.3060, time 0.67s
Val 48/150 6/24, Acc: 0.7940, Loss: 1.1276, time 0.67s
Val 48/150 7/24, Acc: 0.7520, Loss: 1.1019, time 0.67s
Val 48/150 8/24, Acc: 0.7830, Loss: 0.9793, time 0.67s
Val 48/150 9/24, Acc: 0.8071, Loss: 0.8905, time 0.67s
Val 48/150 10/24, Acc: 0.8264, Loss: 0.8149, time 0.67s
Val 48/150 11/24, Acc: 0.8270, Loss: 0.8378, time 0.67s
Val 48/150 12/24, Acc: 0.7928, Loss: 0.8002, time 0.67s
Val 48/150 13/24, Acc: 0.7703, Loss: 0.7705, time 0.67s
Val 48/150 14/24, Acc: 0.7778, Loss: 0.7413, time 0.67s
Val 48/150 15/24, Acc: 0.7870, Loss: 0.7242, time 0.67s
Val 48/150 16/24, Acc: 0.7941, Loss: 0.7000, time 0.67s
Val 48/150 17/24, Acc: 0.8062, Loss: 0.6619, time 0.67s
Val 48/150 18/24, Acc: 0.8170, Loss: 0.6352, time 0.67s
Val 48/150 19/24, Acc: 0.8266, Loss: 0.6131, time 0.67s
Val 48/150 20/24, Acc: 0.8075, Loss: 0.6255, time 0.67s
Val 48/150 21/24, Acc: 0.8167, Loss: 0.6023, time 0.67s
Val 48/150 22/24, Acc: 0.8174, Loss: 0.5976, time 0.67s
Val 48/150 23/24, Acc: 0.8109, Loss: 0.7377, time 0.67s
Val 48/150 24/24, Acc: 0.8118, Loss: 0.7141, time 0.67s
[Val epoch 48] avg_acc=0.8118 | avg_loss=0.7141 | per-class [c0: 0.886, c1: 0.625, c2: 0.894]
Final validation 48/150, Val_acc: 0.8118, time 16.04sAccuracy: 0.875
class                  precision    recall   specificity      f1   support
--------------------------------------------------------------------------
0                          0.954     0.886         0.959   0.919        70
1                          0.455     0.625         0.956   0.526         8
2                          0.868     0.894         0.885   0.881        66
*========================================*
New best (0.793981 --> 0.811806)
Saving checkpoint outputs/OrganoidsINRIA_XYZ_thinning_128/swinunetr/2026-02-23-11-31/training/model_final.pt
Copying best model to best_model.pt
[EarlyStopping] improved to 0.811806
[EarlyStopping] no improve (1/40)
0 Mon Feb 23 12:41:26 2026 Epoch: 49
Epoch: 49/150 Iter: 1/96 loss: 1.6233 acc: 0.7222 time 1.09s
Epoch: 49/150 Iter: 2/96 loss: 1.0654 acc: 0.7986 time 0.77s
Epoch: 49/150 Iter: 3/96 loss: 0.7632 acc: 0.8657 time 0.75s
Epoch: 49/150 Iter: 4/96 loss: 0.6913 acc: 0.8576 time 0.72s
Epoch: 49/150 Iter: 5/96 loss: 0.6961 acc: 0.8611 time 0.69s
Epoch: 49/150 Iter: 6/96 loss: 0.6035 acc: 0.8287 time 0.75s
Epoch: 49/150 Iter: 7/96 loss: 0.6350 acc: 0.8056 time 0.77s
Epoch: 49/150 Iter: 8/96 loss: 0.5914 acc: 0.8299 time 0.70s
Epoch: 49/150 Iter: 9/96 loss: 0.5353 acc: 0.8488 time 0.87s
Epoch: 49/150 Iter: 10/96 loss: 0.5185 acc: 0.8556 time 0.76s
Epoch: 49/150 Iter: 11/96 loss: 0.4756 acc: 0.8687 time 0.87s
Epoch: 49/150 Iter: 12/96 loss: 0.4570 acc: 0.8426 time 0.69s
Epoch: 49/150 Iter: 13/96 loss: 0.5817 acc: 0.7906 time 0.71s
Epoch: 49/150 Iter: 14/96 loss: 0.5580 acc: 0.8056 time 0.69s
Epoch: 49/150 Iter: 15/96 loss: 0.5233 acc: 0.8185 time 0.77s
Epoch: 49/150 Iter: 16/96 loss: 0.4977 acc: 0.8299 time 0.70s
Epoch: 49/150 Iter: 17/96 loss: 0.5086 acc: 0.8203 time 0.87s
Epoch: 49/150 Iter: 18/96 loss: 0.5198 acc: 0.8025 time 0.75s
Epoch: 49/150 Iter: 19/96 loss: 0.5116 acc: 0.7997 time 0.77s
Epoch: 49/150 Iter: 20/96 loss: 0.5181 acc: 0.7847 time 0.75s
Epoch: 49/150 Iter: 21/96 loss: 0.5168 acc: 0.7728 time 0.76s
Epoch: 49/150 Iter: 22/96 loss: 0.5211 acc: 0.7566 time 0.87s
Epoch: 49/150 Iter: 23/96 loss: 0.5344 acc: 0.7418 time 0.76s
Epoch: 49/150 Iter: 24/96 loss: 0.5509 acc: 0.7369 time 0.71s
Epoch: 49/150 Iter: 25/96 loss: 0.5360 acc: 0.7314 time 0.72s
Epoch: 49/150 Iter: 26/96 loss: 0.5311 acc: 0.7379 time 0.87s
Epoch: 49/150 Iter: 27/96 loss: 0.5160 acc: 0.7476 time 0.87s
Epoch: 49/150 Iter: 28/96 loss: 0.5392 acc: 0.7328 time 0.70s
Epoch: 49/150 Iter: 29/96 loss: 0.5264 acc: 0.7363 time 0.86s
Epoch: 49/150 Iter: 30/96 loss: 0.5130 acc: 0.7451 time 0.87s
Epoch: 49/150 Iter: 31/96 loss: 0.5246 acc: 0.7372 time 0.70s
Epoch: 49/150 Iter: 32/96 loss: 0.5243 acc: 0.7329 time 0.73s
Epoch: 49/150 Iter: 33/96 loss: 0.5131 acc: 0.7410 time 0.75s
Epoch: 49/150 Iter: 34/96 loss: 0.5197 acc: 0.7339 time 0.76s
Epoch: 49/150 Iter: 35/96 loss: 0.5068 acc: 0.7415 time 0.77s
Epoch: 49/150 Iter: 36/96 loss: 0.4936 acc: 0.7487 time 0.70s
Epoch: 49/150 Iter: 37/96 loss: 0.4909 acc: 0.7397 time 0.86s
Epoch: 49/150 Iter: 38/96 loss: 0.4897 acc: 0.7433 time 0.87s
Epoch: 49/150 Iter: 39/96 loss: 0.4881 acc: 0.7402 time 0.88s
Epoch: 49/150 Iter: 40/96 loss: 0.4864 acc: 0.7384 time 0.86s
Epoch: 49/150 Iter: 41/96 loss: 0.4852 acc: 0.7387 time 0.71s
Epoch: 49/150 Iter: 42/96 loss: 0.4804 acc: 0.7449 time 0.78s
Epoch: 49/150 Iter: 43/96 loss: 0.4858 acc: 0.7470 time 0.76s
Epoch: 49/150 Iter: 44/96 loss: 0.4901 acc: 0.7470 time 0.86s
Epoch: 49/150 Iter: 45/96 loss: 0.4890 acc: 0.7527 time 0.87s
Epoch: 49/150 Iter: 46/96 loss: 0.4827 acc: 0.7580 time 0.70s
Epoch: 49/150 Iter: 47/96 loss: 0.4989 acc: 0.7472 time 0.70s
Epoch: 49/150 Iter: 48/96 loss: 0.4920 acc: 0.7490 time 0.70s
Epoch: 49/150 Iter: 49/96 loss: 0.4921 acc: 0.7496 time 0.69s
Epoch: 49/150 Iter: 50/96 loss: 0.4932 acc: 0.7513 time 0.87s
Epoch: 49/150 Iter: 51/96 loss: 0.4865 acc: 0.7562 time 0.86s
Epoch: 49/150 Iter: 52/96 loss: 0.4801 acc: 0.7608 time 0.87s
Epoch: 49/150 Iter: 53/96 loss: 0.4774 acc: 0.7570 time 0.71s
Epoch: 49/150 Iter: 54/96 loss: 0.4688 acc: 0.7615 time 0.69s
Epoch: 49/150 Iter: 55/96 loss: 0.4661 acc: 0.7640 time 0.96s
Epoch: 49/150 Iter: 56/96 loss: 0.4773 acc: 0.7563 time 0.87s
Epoch: 49/150 Iter: 57/96 loss: 0.4776 acc: 0.7533 time 0.78s
Epoch: 49/150 Iter: 58/96 loss: 0.4771 acc: 0.7523 time 0.70s
Epoch: 49/150 Iter: 59/96 loss: 0.4728 acc: 0.7537 time 0.86s
Epoch: 49/150 Iter: 60/96 loss: 0.4832 acc: 0.7489 time 0.70s
Epoch: 49/150 Iter: 61/96 loss: 0.4836 acc: 0.7514 time 0.70s
Epoch: 49/150 Iter: 62/96 loss: 0.4799 acc: 0.7527 time 0.75s
Epoch: 49/150 Iter: 63/96 loss: 0.4769 acc: 0.7527 time 0.87s
Epoch: 49/150 Iter: 64/96 loss: 0.4780 acc: 0.7487 time 0.87s
Epoch: 49/150 Iter: 65/96 loss: 0.4753 acc: 0.7458 time 0.87s
Epoch: 49/150 Iter: 66/96 loss: 0.4700 acc: 0.7496 time 0.77s
Epoch: 49/150 Iter: 67/96 loss: 0.4758 acc: 0.7478 time 0.76s
Epoch: 49/150 Iter: 68/96 loss: 0.4722 acc: 0.7496 time 0.70s
Epoch: 49/150 Iter: 69/96 loss: 0.4783 acc: 0.7446 time 0.86s
Epoch: 49/150 Iter: 70/96 loss: 0.4741 acc: 0.7482 time 0.72s
Epoch: 49/150 Iter: 71/96 loss: 0.4682 acc: 0.7518 time 0.69s
Epoch: 49/150 Iter: 72/96 loss: 0.4643 acc: 0.7552 time 0.70s
Epoch: 49/150 Iter: 73/96 loss: 0.4618 acc: 0.7563 time 0.87s
Epoch: 49/150 Iter: 74/96 loss: 0.4571 acc: 0.7596 time 0.74s
Epoch: 49/150 Iter: 75/96 loss: 0.4562 acc: 0.7583 time 0.69s
Epoch: 49/150 Iter: 76/96 loss: 0.4590 acc: 0.7582 time 0.75s
Epoch: 49/150 Iter: 77/96 loss: 0.4599 acc: 0.7538 time 0.78s
Epoch: 49/150 Iter: 78/96 loss: 0.4551 acc: 0.7569 time 0.78s
Epoch: 49/150 Iter: 79/96 loss: 0.4535 acc: 0.7537 time 0.72s
Epoch: 49/150 Iter: 80/96 loss: 0.4493 acc: 0.7568 time 0.70s
Epoch: 49/150 Iter: 81/96 loss: 0.4464 acc: 0.7598 time 0.85s
Epoch: 49/150 Iter: 82/96 loss: 0.4469 acc: 0.7607 time 0.70s
Epoch: 49/150 Iter: 83/96 loss: 0.4435 acc: 0.7636 time 0.71s
Epoch: 49/150 Iter: 84/96 loss: 0.4414 acc: 0.7644 time 0.86s
Epoch: 49/150 Iter: 85/96 loss: 0.4478 acc: 0.7585 time 0.70s
Epoch: 49/150 Iter: 86/96 loss: 0.4457 acc: 0.7599 time 0.86s
Epoch: 49/150 Iter: 87/96 loss: 0.4692 acc: 0.7588 time 0.71s
Epoch: 49/150 Iter: 88/96 loss: 0.4657 acc: 0.7603 time 0.70s
Epoch: 49/150 Iter: 89/96 loss: 0.4617 acc: 0.7611 time 0.86s
Epoch: 49/150 Iter: 90/96 loss: 0.4569 acc: 0.7638 time 0.86s
Epoch: 49/150 Iter: 91/96 loss: 0.4528 acc: 0.7664 time 0.86s
Epoch: 49/150 Iter: 92/96 loss: 0.4490 acc: 0.7689 time 0.70s
Epoch: 49/150 Iter: 93/96 loss: 0.4464 acc: 0.7714 time 0.69s
Epoch: 49/150 Iter: 94/96 loss: 0.4432 acc: 0.7738 time 0.71s
Epoch: 49/150 Iter: 95/96 loss: 0.4439 acc: 0.7718 time 0.69s
Epoch: 49/150 Iter: 96/96 loss: 0.4411 acc: 0.7742 time 0.69s
[Train epoch 49] avg_loss=0.4411 avg_acc=0.7742 | per-class [c0: 0.836, c1: 0.767, c2: 0.823]
Final training 49/150, loss: 0.4411, time 74.46s, lr: 0.000798
Accuracy: 0.826
class                  precision    recall   specificity      f1   support
--------------------------------------------------------------------------
0                          0.883     0.836         0.895   0.859       281
1                          0.460     0.767         0.951   0.575        30
2                          0.838     0.823         0.865   0.830       265
*----------------------------------------*
0 Mon Feb 23 12:42:41 2026 Epoch: 50
Epoch: 50/150 Iter: 1/96 loss: 0.0629 acc: 1.0000 time 1.03s
Epoch: 50/150 Iter: 2/96 loss: 0.4656 acc: 0.7500 time 0.71s
Epoch: 50/150 Iter: 3/96 loss: 0.3910 acc: 0.7778 time 0.71s
Epoch: 50/150 Iter: 4/96 loss: 0.3382 acc: 0.7639 time 0.86s
Epoch: 50/150 Iter: 5/96 loss: 0.3204 acc: 0.7944 time 0.87s
Epoch: 50/150 Iter: 6/96 loss: 0.5155 acc: 0.7361 time 0.87s
Epoch: 50/150 Iter: 7/96 loss: 0.4723 acc: 0.7595 time 0.70s
Epoch: 50/150 Iter: 8/96 loss: 0.4408 acc: 0.7688 time 0.70s
Epoch: 50/150 Iter: 9/96 loss: 0.4235 acc: 0.7759 time 0.87s
Epoch: 50/150 Iter: 10/96 loss: 0.4091 acc: 0.7883 time 0.71s
Epoch: 50/150 Iter: 11/96 loss: 0.3906 acc: 0.7697 time 0.80s
Epoch: 50/150 Iter: 12/96 loss: 0.3932 acc: 0.7785 time 0.87s
Epoch: 50/150 Iter: 13/96 loss: 0.3703 acc: 0.7955 time 0.88s
Epoch: 50/150 Iter: 14/96 loss: 0.3853 acc: 0.7863 time 0.87s
Epoch: 50/150 Iter: 15/96 loss: 0.4980 acc: 0.7709 time 0.76s
Epoch: 50/150 Iter: 16/96 loss: 0.4994 acc: 0.7679 time 0.71s
Epoch: 50/150 Iter: 17/96 loss: 0.4908 acc: 0.7580 time 0.87s
Epoch: 50/150 Iter: 18/96 loss: 0.4675 acc: 0.7715 time 0.71s
Epoch: 50/150 Iter: 19/96 loss: 0.4623 acc: 0.7703 time 0.70s
Epoch: 50/150 Iter: 20/96 loss: 0.4750 acc: 0.7485 time 0.91s
Epoch: 50/150 Iter: 21/96 loss: 0.4842 acc: 0.7351 time 0.74s
Epoch: 50/150 Iter: 22/96 loss: 0.4742 acc: 0.7395 time 0.77s
Epoch: 50/150 Iter: 23/96 loss: 0.4602 acc: 0.7460 time 0.69s
Epoch: 50/150 Iter: 24/96 loss: 0.4654 acc: 0.7334 time 0.73s
Epoch: 50/150 Iter: 25/96 loss: 0.4575 acc: 0.7441 time 0.92s
Epoch: 50/150 Iter: 26/96 loss: 0.4585 acc: 0.7463 time 0.75s
Epoch: 50/150 Iter: 27/96 loss: 0.4475 acc: 0.7557 time 0.87s
Epoch: 50/150 Iter: 28/96 loss: 0.4425 acc: 0.7604 time 0.71s
Epoch: 50/150 Iter: 29/96 loss: 0.4409 acc: 0.7629 time 0.71s
Epoch: 50/150 Iter: 30/96 loss: 0.4337 acc: 0.7671 time 0.77s
Epoch: 50/150 Iter: 31/96 loss: 0.4257 acc: 0.7666 time 0.87s
Epoch: 50/150 Iter: 32/96 loss: 0.4181 acc: 0.7582 time 0.77s
Epoch: 50/150 Iter: 33/96 loss: 0.4145 acc: 0.7580 time 0.87s
Epoch: 50/150 Iter: 34/96 loss: 0.4210 acc: 0.7578 time 0.70s
Epoch: 50/150 Iter: 35/96 loss: 0.4104 acc: 0.7647 time 0.69s
Epoch: 50/150 Iter: 36/96 loss: 0.4245 acc: 0.7583 time 0.71s
Epoch: 50/150 Iter: 37/96 loss: 0.4200 acc: 0.7614 time 0.87s
Epoch: 50/150 Iter: 38/96 loss: 0.4171 acc: 0.7677 time 0.70s
Epoch: 50/150 Iter: 39/96 loss: 0.4253 acc: 0.7640 time 0.70s
Epoch: 50/150 Iter: 40/96 loss: 0.4351 acc: 0.7616 time 0.87s
Epoch: 50/150 Iter: 41/96 loss: 0.4284 acc: 0.7674 time 0.74s
Epoch: 50/150 Iter: 42/96 loss: 0.4257 acc: 0.7690 time 0.87s
Epoch: 50/150 Iter: 43/96 loss: 0.4266 acc: 0.7640 time 0.70s
Epoch: 50/150 Iter: 44/96 loss: 0.4244 acc: 0.7637 time 0.87s
Epoch: 50/150 Iter: 45/96 loss: 0.4252 acc: 0.7662 time 0.79s
Epoch: 50/150 Iter: 46/96 loss: 0.4203 acc: 0.7713 time 0.87s
Epoch: 50/150 Iter: 47/96 loss: 0.4174 acc: 0.7673 time 0.86s
Epoch: 50/150 Iter: 48/96 loss: 0.4146 acc: 0.7617 time 0.88s
Epoch: 50/150 Iter: 49/96 loss: 0.4084 acc: 0.7666 time 0.75s
Epoch: 50/150 Iter: 50/96 loss: 0.4166 acc: 0.7632 time 0.70s
Epoch: 50/150 Iter: 51/96 loss: 0.4115 acc: 0.7679 time 0.75s
Epoch: 50/150 Iter: 52/96 loss: 0.4255 acc: 0.7595 time 0.77s
Epoch: 50/150 Iter: 53/96 loss: 0.4181 acc: 0.7640 time 0.70s
Epoch: 50/150 Iter: 54/96 loss: 0.4125 acc: 0.7684 time 0.88s
Epoch: 50/150 Iter: 55/96 loss: 0.4076 acc: 0.7726 time 0.70s
Epoch: 50/150 Iter: 56/96 loss: 0.4167 acc: 0.7663 time 0.70s
Epoch: 50/150 Iter: 57/96 loss: 0.4122 acc: 0.7704 time 0.70s
Epoch: 50/150 Iter: 58/96 loss: 0.4107 acc: 0.7715 time 0.87s
Epoch: 50/150 Iter: 59/96 loss: 0.4040 acc: 0.7753 time 0.74s
Epoch: 50/150 Iter: 60/96 loss: 0.3979 acc: 0.7791 time 0.78s
Epoch: 50/150 Iter: 61/96 loss: 0.3970 acc: 0.7800 time 0.73s
Epoch: 50/150 Iter: 62/96 loss: 0.3926 acc: 0.7835 time 0.87s
Epoch: 50/150 Iter: 63/96 loss: 0.3869 acc: 0.7869 time 0.75s
Epoch: 50/150 Iter: 64/96 loss: 0.3918 acc: 0.7851 time 0.70s
Epoch: 50/150 Iter: 65/96 loss: 0.3940 acc: 0.7826 time 0.70s
Epoch: 50/150 Iter: 66/96 loss: 0.3998 acc: 0.7821 time 0.87s
Epoch: 50/150 Iter: 67/96 loss: 0.3969 acc: 0.7854 time 0.71s
Epoch: 50/150 Iter: 68/96 loss: 0.3923 acc: 0.7885 time 0.87s
Epoch: 50/150 Iter: 69/96 loss: 0.3869 acc: 0.7916 time 0.70s
Epoch: 50/150 Iter: 70/96 loss: 0.3915 acc: 0.7922 time 0.70s
Epoch: 50/150 Iter: 71/96 loss: 0.3908 acc: 0.7951 time 0.87s
Epoch: 50/150 Iter: 72/96 loss: 0.4023 acc: 0.7910 time 0.87s
Epoch: 50/150 Iter: 73/96 loss: 0.3998 acc: 0.7916 time 0.71s
Epoch: 50/150 Iter: 74/96 loss: 0.4087 acc: 0.7922 time 0.90s
Epoch: 50/150 Iter: 75/96 loss: 0.4115 acc: 0.7905 time 0.72s
Epoch: 50/150 Iter: 76/96 loss: 0.4090 acc: 0.7903 time 0.87s
Epoch: 50/150 Iter: 77/96 loss: 0.4071 acc: 0.7898 time 0.74s
Epoch: 50/150 Iter: 78/96 loss: 0.4024 acc: 0.7925 time 0.86s
Epoch: 50/150 Iter: 79/96 loss: 0.4001 acc: 0.7951 time 0.87s
Epoch: 50/150 Iter: 80/96 loss: 0.3957 acc: 0.7977 time 0.70s
Epoch: 50/150 Iter: 81/96 loss: 0.3994 acc: 0.7940 time 0.69s
Epoch: 50/150 Iter: 82/96 loss: 0.4071 acc: 0.7919 time 0.71s
Epoch: 50/150 Iter: 83/96 loss: 0.4190 acc: 0.7848 time 0.69s
Epoch: 50/150 Iter: 84/96 loss: 0.4143 acc: 0.7874 time 0.86s
Epoch: 50/150 Iter: 85/96 loss: 0.4122 acc: 0.7899 time 0.69s
Epoch: 50/150 Iter: 86/96 loss: 0.4097 acc: 0.7865 time 0.69s
Epoch: 50/150 Iter: 87/96 loss: 0.4093 acc: 0.7870 time 0.69s
Epoch: 50/150 Iter: 88/96 loss: 0.4059 acc: 0.7882 time 0.69s
Epoch: 50/150 Iter: 89/96 loss: 0.4043 acc: 0.7887 time 0.69s
Epoch: 50/150 Iter: 90/96 loss: 0.4058 acc: 0.7873 time 0.70s
Epoch: 50/150 Iter: 91/96 loss: 0.4025 acc: 0.7897 time 0.71s
Epoch: 50/150 Iter: 92/96 loss: 0.3991 acc: 0.7920 time 0.69s
Epoch: 50/150 Iter: 93/96 loss: 0.4010 acc: 0.7931 time 0.69s
Epoch: 50/150 Iter: 94/96 loss: 0.3975 acc: 0.7944 time 0.86s
Epoch: 50/150 Iter: 95/96 loss: 0.3936 acc: 0.7966 time 0.70s
Epoch: 50/150 Iter: 96/96 loss: 0.3929 acc: 0.7987 time 0.86s
[Train epoch 50] avg_loss=0.3929 avg_acc=0.7987 | per-class [c0: 0.814, c1: 0.833, c2: 0.842]
Final training 50/150, loss: 0.3929, time 74.47s, lr: 0.000789
Accuracy: 0.828
class                  precision    recall   specificity      f1   support
--------------------------------------------------------------------------
0                          0.880     0.814         0.895   0.846       280
1                          0.556     0.833         0.963   0.667        30
2                          0.824     0.842         0.845   0.833       266
*----------------------------------------*
Val 50/150 1/24, Acc: 0.3889, Loss: 1.9847, time 0.68s
Val 50/150 2/24, Acc: 0.4722, Loss: 1.4854, time 0.67s
Val 50/150 3/24, Acc: 0.5185, Loss: 1.1352, time 0.67s
Val 50/150 4/24, Acc: 0.6389, Loss: 0.8818, time 0.67s
Val 50/150 5/24, Acc: 0.6611, Loss: 0.7882, time 0.67s
Val 50/150 6/24, Acc: 0.7176, Loss: 0.6740, time 0.67s
Val 50/150 7/24, Acc: 0.6984, Loss: 0.7464, time 0.67s
Val 50/150 8/24, Acc: 0.7361, Loss: 0.6688, time 0.67s
Val 50/150 9/24, Acc: 0.7136, Loss: 0.6256, time 0.67s
Val 50/150 10/24, Acc: 0.7422, Loss: 0.5718, time 0.67s
Val 50/150 11/24, Acc: 0.7354, Loss: 0.5295, time 0.67s
Val 50/150 12/24, Acc: 0.7574, Loss: 0.5017, time 0.67s
Val 50/150 13/24, Acc: 0.7376, Loss: 0.5134, time 0.67s
Val 50/150 14/24, Acc: 0.7474, Loss: 0.5031, time 0.67s
Val 50/150 15/24, Acc: 0.7587, Loss: 0.5113, time 0.67s
Val 50/150 16/24, Acc: 0.7738, Loss: 0.4857, time 0.67s
Val 50/150 17/24, Acc: 0.7871, Loss: 0.4639, time 0.67s
Val 50/150 18/24, Acc: 0.7920, Loss: 0.4569, time 0.67s
Val 50/150 19/24, Acc: 0.8029, Loss: 0.4391, time 0.67s
Val 50/150 20/24, Acc: 0.7850, Loss: 0.4792, time 0.67s
Val 50/150 21/24, Acc: 0.7893, Loss: 0.4713, time 0.67s
Val 50/150 22/24, Acc: 0.7913, Loss: 0.4643, time 0.67s
Val 50/150 23/24, Acc: 0.7786, Loss: 0.5150, time 0.67s
Val 50/150 24/24, Acc: 0.7763, Loss: 0.5165, time 0.67s
[Val epoch 50] avg_acc=0.7763 | avg_loss=0.5165 | per-class [c0: 0.886, c1: 0.750, c2: 0.788]
Final validation 50/150, Val_acc: 0.7763, time 16.06sAccuracy: 0.833
class                  precision    recall   specificity      f1   support
--------------------------------------------------------------------------
0                          0.912     0.886         0.919   0.899        70
1                          0.353     0.750         0.919   0.480         8
2                          0.881     0.788         0.910   0.832        66
*========================================*
Saving checkpoint outputs/OrganoidsINRIA_XYZ_thinning_128/swinunetr/2026-02-23-11-31/training/model_final.pt
[EarlyStopping] no improve (1/40)
[EarlyStopping] no improve (2/40)
0 Mon Feb 23 12:44:16 2026 Epoch: 51
Epoch: 51/150 Iter: 1/96 loss: 0.0561 acc: 1.0000 time 1.21s
Epoch: 51/150 Iter: 2/96 loss: 0.2220 acc: 0.9375 time 0.73s
Epoch: 51/150 Iter: 3/96 loss: 0.2872 acc: 0.8194 time 0.71s
Epoch: 51/150 Iter: 4/96 loss: 0.2354 acc: 0.8646 time 0.70s
Epoch: 51/150 Iter: 5/96 loss: 0.2628 acc: 0.8667 time 0.69s
Epoch: 51/150 Iter: 6/96 loss: 0.3727 acc: 0.8148 time 0.86s
Epoch: 51/150 Iter: 7/96 loss: 0.4164 acc: 0.8056 time 0.69s
Epoch: 51/150 Iter: 8/96 loss: 0.4260 acc: 0.7986 time 0.87s
Epoch: 51/150 Iter: 9/96 loss: 0.4172 acc: 0.7593 time 0.70s
Epoch: 51/150 Iter: 10/96 loss: 0.4934 acc: 0.7167 time 0.92s
Epoch: 51/150 Iter: 11/96 loss: 0.4929 acc: 0.7348 time 0.73s
Epoch: 51/150 Iter: 12/96 loss: 0.4572 acc: 0.7569 time 0.72s
Epoch: 51/150 Iter: 13/96 loss: 0.4335 acc: 0.7756 time 0.87s
Epoch: 51/150 Iter: 14/96 loss: 0.4131 acc: 0.7917 time 0.75s
Epoch: 51/150 Iter: 15/96 loss: 0.3938 acc: 0.8056 time 0.70s
Epoch: 51/150 Iter: 16/96 loss: 0.3841 acc: 0.8177 time 0.86s
Epoch: 51/150 Iter: 17/96 loss: 0.3706 acc: 0.8284 time 0.70s
Epoch: 51/150 Iter: 18/96 loss: 0.3879 acc: 0.8324 time 0.86s
Epoch: 51/150 Iter: 19/96 loss: 0.3724 acc: 0.8412 time 0.86s
Epoch: 51/150 Iter: 20/96 loss: 0.3834 acc: 0.8192 time 0.71s
Epoch: 51/150 Iter: 21/96 loss: 0.3717 acc: 0.8278 time 0.86s
Epoch: 51/150 Iter: 22/96 loss: 0.4797 acc: 0.8205 time 0.77s
Epoch: 51/150 Iter: 23/96 loss: 0.4790 acc: 0.8174 time 0.86s
Epoch: 51/150 Iter: 24/96 loss: 0.4739 acc: 0.8198 time 0.86s
Epoch: 51/150 Iter: 25/96 loss: 0.4600 acc: 0.8203 time 0.71s
Epoch: 51/150 Iter: 26/96 loss: 0.4503 acc: 0.8272 time 0.71s
Epoch: 51/150 Iter: 27/96 loss: 0.4429 acc: 0.8299 time 0.87s
Epoch: 51/150 Iter: 28/96 loss: 0.4293 acc: 0.8360 time 0.86s
Epoch: 51/150 Iter: 29/96 loss: 0.4247 acc: 0.8359 time 0.92s
Epoch: 51/150 Iter: 30/96 loss: 0.4152 acc: 0.8358 time 0.78s
Epoch: 51/150 Iter: 31/96 loss: 0.4186 acc: 0.8223 time 0.78s
Epoch: 51/150 Iter: 32/96 loss: 0.4217 acc: 0.8216 time 0.86s
Epoch: 51/150 Iter: 33/96 loss: 0.4116 acc: 0.8270 time 0.87s
Epoch: 51/150 Iter: 34/96 loss: 0.4234 acc: 0.8158 time 0.87s
Epoch: 51/150 Iter: 35/96 loss: 0.4333 acc: 0.8139 time 0.70s
Epoch: 51/150 Iter: 36/96 loss: 0.4295 acc: 0.8144 time 0.69s
Epoch: 51/150 Iter: 37/96 loss: 0.4242 acc: 0.8149 time 0.86s
Epoch: 51/150 Iter: 38/96 loss: 0.4277 acc: 0.8198 time 0.86s
Epoch: 51/150 Iter: 39/96 loss: 0.4189 acc: 0.8244 time 0.87s
Epoch: 51/150 Iter: 40/96 loss: 0.4116 acc: 0.8288 time 0.87s
Epoch: 51/150 Iter: 41/96 loss: 0.4196 acc: 0.8238 time 0.86s
Epoch: 51/150 Iter: 42/96 loss: 0.4108 acc: 0.8280 time 0.86s
Epoch: 51/150 Iter: 43/96 loss: 0.4084 acc: 0.8320 time 0.69s
Epoch: 51/150 Iter: 44/96 loss: 0.4019 acc: 0.8359 time 0.70s
Epoch: 51/150 Iter: 45/96 loss: 0.4129 acc: 0.8256 time 0.87s
Epoch: 51/150 Iter: 46/96 loss: 0.4208 acc: 0.8197 time 0.69s
Epoch: 51/150 Iter: 47/96 loss: 0.4201 acc: 0.8209 time 0.69s
Epoch: 51/150 Iter: 48/96 loss: 0.4133 acc: 0.8247 time 0.87s
Epoch: 51/150 Iter: 49/96 loss: 0.4107 acc: 0.8248 time 0.87s
Epoch: 51/150 Iter: 50/96 loss: 0.4033 acc: 0.8283 time 0.86s
Epoch: 51/150 Iter: 51/96 loss: 0.4023 acc: 0.8268 time 0.88s
Epoch: 51/150 Iter: 52/96 loss: 0.4084 acc: 0.8216 time 0.86s
Epoch: 51/150 Iter: 53/96 loss: 0.4020 acc: 0.8249 time 0.86s
Epoch: 51/150 Iter: 54/96 loss: 0.3954 acc: 0.8282 time 0.70s
Epoch: 51/150 Iter: 55/96 loss: 0.3898 acc: 0.8313 time 0.87s
Epoch: 51/150 Iter: 56/96 loss: 0.3860 acc: 0.8343 time 0.88s
Epoch: 51/150 Iter: 57/96 loss: 0.4019 acc: 0.8314 time 0.86s
Epoch: 51/150 Iter: 58/96 loss: 0.3979 acc: 0.8324 time 0.70s
Epoch: 51/150 Iter: 59/96 loss: 0.3981 acc: 0.8338 time 0.86s
Epoch: 51/150 Iter: 60/96 loss: 0.3931 acc: 0.8366 time 0.87s
Epoch: 51/150 Iter: 61/96 loss: 0.4005 acc: 0.8265 time 0.70s
Epoch: 51/150 Iter: 62/96 loss: 0.3983 acc: 0.8221 time 0.72s
Epoch: 51/150 Iter: 63/96 loss: 0.4015 acc: 0.8234 time 0.69s
Epoch: 51/150 Iter: 64/96 loss: 0.3984 acc: 0.8261 time 0.87s
Epoch: 51/150 Iter: 65/96 loss: 0.3953 acc: 0.8288 time 0.70s
Epoch: 51/150 Iter: 66/96 loss: 0.3954 acc: 0.8314 time 0.87s
Epoch: 51/150 Iter: 67/96 loss: 0.3915 acc: 0.8339 time 0.70s
Epoch: 51/150 Iter: 68/96 loss: 0.3866 acc: 0.8364 time 0.86s
Epoch: 51/150 Iter: 69/96 loss: 0.3828 acc: 0.8387 time 0.87s
Epoch: 51/150 Iter: 70/96 loss: 0.3812 acc: 0.8394 time 0.87s
Epoch: 51/150 Iter: 71/96 loss: 0.3808 acc: 0.8378 time 0.70s
Epoch: 51/150 Iter: 72/96 loss: 0.3771 acc: 0.8400 time 0.87s
Epoch: 51/150 Iter: 73/96 loss: 0.3884 acc: 0.8354 time 0.77s
Epoch: 51/150 Iter: 74/96 loss: 0.3853 acc: 0.8376 time 0.70s
Epoch: 51/150 Iter: 75/96 loss: 0.3861 acc: 0.8381 time 0.77s
Epoch: 51/150 Iter: 76/96 loss: 0.3832 acc: 0.8380 time 0.87s
Epoch: 51/150 Iter: 77/96 loss: 0.3817 acc: 0.8387 time 0.74s
Epoch: 51/150 Iter: 78/96 loss: 0.3783 acc: 0.8394 time 0.71s
Epoch: 51/150 Iter: 79/96 loss: 0.3752 acc: 0.8401 time 0.72s
Epoch: 51/150 Iter: 80/96 loss: 0.3711 acc: 0.8421 time 0.87s
Epoch: 51/150 Iter: 81/96 loss: 0.3699 acc: 0.8441 time 0.69s
Epoch: 51/150 Iter: 82/96 loss: 0.3656 acc: 0.8460 time 0.85s
Epoch: 51/150 Iter: 83/96 loss: 0.3746 acc: 0.8398 time 0.69s
Epoch: 51/150 Iter: 84/96 loss: 0.3718 acc: 0.8417 time 0.69s
Epoch: 51/150 Iter: 85/96 loss: 0.3707 acc: 0.8436 time 0.70s
Epoch: 51/150 Iter: 86/96 loss: 0.3722 acc: 0.8439 time 0.70s
Epoch: 51/150 Iter: 87/96 loss: 0.3716 acc: 0.8411 time 0.86s
Epoch: 51/150 Iter: 88/96 loss: 0.3685 acc: 0.8429 time 0.69s
Epoch: 51/150 Iter: 89/96 loss: 0.3701 acc: 0.8436 time 0.86s
Epoch: 51/150 Iter: 90/96 loss: 0.3694 acc: 0.8435 time 0.86s
Epoch: 51/150 Iter: 91/96 loss: 0.3727 acc: 0.8397 time 0.86s
Epoch: 51/150 Iter: 92/96 loss: 0.3736 acc: 0.8366 time 0.86s
Epoch: 51/150 Iter: 93/96 loss: 0.3704 acc: 0.8384 time 0.86s
Epoch: 51/150 Iter: 94/96 loss: 0.3737 acc: 0.8390 time 0.70s
Epoch: 51/150 Iter: 95/96 loss: 0.3758 acc: 0.8381 time 0.86s
Epoch: 51/150 Iter: 96/96 loss: 0.3786 acc: 0.8369 time 0.69s
[Train epoch 51] avg_loss=0.3786 avg_acc=0.8369 | per-class [c0: 0.875, c1: 0.933, c2: 0.845]
Final training 51/150, loss: 0.3786, time 76.62s, lr: 0.000781
Accuracy: 0.865
class                  precision    recall   specificity      f1   support
--------------------------------------------------------------------------
0                          0.911     0.875         0.919   0.893       281
1                          0.538     0.933         0.956   0.683        30
2                          0.882     0.845         0.904   0.863       265
*----------------------------------------*
0 Mon Feb 23 12:45:33 2026 Epoch: 52
Epoch: 52/150 Iter: 1/96 loss: 0.1266 acc: 1.0000 time 1.00s
Epoch: 52/150 Iter: 2/96 loss: 0.1844 acc: 1.0000 time 0.78s
Epoch: 52/150 Iter: 3/96 loss: 0.2025 acc: 1.0000 time 0.80s
Epoch: 52/150 Iter: 4/96 loss: 0.2025 acc: 0.9722 time 0.87s
Epoch: 52/150 Iter: 5/96 loss: 0.4417 acc: 0.8444 time 0.77s
Epoch: 52/150 Iter: 6/96 loss: 0.3786 acc: 0.8704 time 0.87s
Epoch: 52/150 Iter: 7/96 loss: 0.3914 acc: 0.8317 time 0.87s
Epoch: 52/150 Iter: 8/96 loss: 0.4544 acc: 0.7833 time 0.94s
Epoch: 52/150 Iter: 9/96 loss: 0.4332 acc: 0.7519 time 0.92s
Epoch: 52/150 Iter: 10/96 loss: 0.4159 acc: 0.7517 time 0.87s
Epoch: 52/150 Iter: 11/96 loss: 0.4468 acc: 0.7667 time 0.87s
Epoch: 52/150 Iter: 12/96 loss: 0.4299 acc: 0.7444 time 0.70s
Epoch: 52/150 Iter: 13/96 loss: 0.4456 acc: 0.7282 time 0.74s
Epoch: 52/150 Iter: 14/96 loss: 0.4189 acc: 0.7476 time 0.94s
Epoch: 52/150 Iter: 15/96 loss: 0.4358 acc: 0.7256 time 0.75s
Epoch: 52/150 Iter: 16/96 loss: 0.4332 acc: 0.7365 time 0.86s
Epoch: 52/150 Iter: 17/96 loss: 0.4298 acc: 0.7422 time 0.69s
Epoch: 52/150 Iter: 18/96 loss: 0.4219 acc: 0.7318 time 0.78s
Epoch: 52/150 Iter: 19/96 loss: 0.4181 acc: 0.7262 time 0.77s
Epoch: 52/150 Iter: 20/96 loss: 0.3999 acc: 0.7399 time 0.70s
Epoch: 52/150 Iter: 21/96 loss: 0.3852 acc: 0.7522 time 0.71s
Epoch: 52/150 Iter: 22/96 loss: 0.3851 acc: 0.7559 time 0.76s
Epoch: 52/150 Iter: 23/96 loss: 0.3738 acc: 0.7665 time 0.71s
Epoch: 52/150 Iter: 24/96 loss: 0.3864 acc: 0.7513 time 0.87s
Epoch: 52/150 Iter: 25/96 loss: 0.3760 acc: 0.7612 time 0.86s
Epoch: 52/150 Iter: 26/96 loss: 0.3714 acc: 0.7640 time 0.77s
Epoch: 52/150 Iter: 27/96 loss: 0.3608 acc: 0.7727 time 0.86s
Epoch: 52/150 Iter: 28/96 loss: 0.3620 acc: 0.7749 time 0.86s
Epoch: 52/150 Iter: 29/96 loss: 0.3571 acc: 0.7712 time 0.69s
Epoch: 52/150 Iter: 30/96 loss: 0.3543 acc: 0.7751 time 0.87s
Epoch: 52/150 Iter: 31/96 loss: 0.3489 acc: 0.7770 time 0.87s
Epoch: 52/150 Iter: 32/96 loss: 0.3421 acc: 0.7839 time 0.91s
Epoch: 52/150 Iter: 33/96 loss: 0.3470 acc: 0.7737 time 0.74s
Epoch: 52/150 Iter: 34/96 loss: 0.3516 acc: 0.7754 time 0.87s
Epoch: 52/150 Iter: 35/96 loss: 0.3446 acc: 0.7818 time 0.76s
Epoch: 52/150 Iter: 36/96 loss: 0.3786 acc: 0.7740 time 0.87s
Epoch: 52/150 Iter: 37/96 loss: 0.3724 acc: 0.7801 time 0.86s
Epoch: 52/150 Iter: 38/96 loss: 0.3867 acc: 0.7625 time 0.87s
Epoch: 52/150 Iter: 39/96 loss: 0.3799 acc: 0.7686 time 0.87s
Epoch: 52/150 Iter: 40/96 loss: 0.3757 acc: 0.7744 time 0.87s
Epoch: 52/150 Iter: 41/96 loss: 0.3819 acc: 0.7738 time 0.70s
Epoch: 52/150 Iter: 42/96 loss: 0.3959 acc: 0.7699 time 0.87s
Epoch: 52/150 Iter: 43/96 loss: 0.3944 acc: 0.7688 time 0.70s
Epoch: 52/150 Iter: 44/96 loss: 0.3924 acc: 0.7741 time 0.86s
Epoch: 52/150 Iter: 45/96 loss: 0.3935 acc: 0.7735 time 0.80s
Epoch: 52/150 Iter: 46/96 loss: 0.3862 acc: 0.7784 time 0.86s
Epoch: 52/150 Iter: 47/96 loss: 0.3819 acc: 0.7832 time 0.73s
Epoch: 52/150 Iter: 48/96 loss: 0.3784 acc: 0.7842 time 0.71s
Epoch: 52/150 Iter: 49/96 loss: 0.3726 acc: 0.7886 time 0.72s
Epoch: 52/150 Iter: 50/96 loss: 0.3752 acc: 0.7912 time 0.86s
Epoch: 52/150 Iter: 51/96 loss: 0.3702 acc: 0.7953 time 0.86s
Epoch: 52/150 Iter: 52/96 loss: 0.3651 acc: 0.7992 time 0.86s
Epoch: 52/150 Iter: 53/96 loss: 0.3604 acc: 0.8030 time 0.87s
Epoch: 52/150 Iter: 54/96 loss: 0.3543 acc: 0.8066 time 0.70s
Epoch: 52/150 Iter: 55/96 loss: 0.3512 acc: 0.8026 time 0.87s
Epoch: 52/150 Iter: 56/96 loss: 0.3521 acc: 0.8046 time 0.87s
Epoch: 52/150 Iter: 57/96 loss: 0.3495 acc: 0.8066 time 0.87s
Epoch: 52/150 Iter: 58/96 loss: 0.3449 acc: 0.8099 time 0.71s
Epoch: 52/150 Iter: 59/96 loss: 0.3401 acc: 0.8131 time 0.70s
Epoch: 52/150 Iter: 60/96 loss: 0.3369 acc: 0.8149 time 0.86s
Epoch: 52/150 Iter: 61/96 loss: 0.3316 acc: 0.8179 time 0.78s
Epoch: 52/150 Iter: 62/96 loss: 0.3386 acc: 0.8128 time 0.78s
Epoch: 52/150 Iter: 63/96 loss: 0.3379 acc: 0.8065 time 0.70s
Epoch: 52/150 Iter: 64/96 loss: 0.3487 acc: 0.8004 time 0.75s
Epoch: 52/150 Iter: 65/96 loss: 0.3472 acc: 0.8015 time 0.72s
Epoch: 52/150 Iter: 66/96 loss: 0.3425 acc: 0.8045 time 0.70s
Epoch: 52/150 Iter: 67/96 loss: 0.3406 acc: 0.8056 time 0.73s
Epoch: 52/150 Iter: 68/96 loss: 0.3375 acc: 0.8085 time 0.77s
Epoch: 52/150 Iter: 69/96 loss: 0.3525 acc: 0.7992 time 0.72s
Epoch: 52/150 Iter: 70/96 loss: 0.3488 acc: 0.8020 time 0.75s
Epoch: 52/150 Iter: 71/96 loss: 0.3459 acc: 0.8048 time 0.72s
Epoch: 52/150 Iter: 72/96 loss: 0.3454 acc: 0.8052 time 0.70s
Epoch: 52/150 Iter: 73/96 loss: 0.3437 acc: 0.8056 time 0.70s
Epoch: 52/150 Iter: 74/96 loss: 0.3400 acc: 0.8082 time 0.75s
Epoch: 52/150 Iter: 75/96 loss: 0.3376 acc: 0.8108 time 0.71s
Epoch: 52/150 Iter: 76/96 loss: 0.3356 acc: 0.8133 time 0.86s
Epoch: 52/150 Iter: 77/96 loss: 0.3317 acc: 0.8157 time 0.69s
Epoch: 52/150 Iter: 78/96 loss: 0.3282 acc: 0.8181 time 0.75s
Epoch: 52/150 Iter: 79/96 loss: 0.3289 acc: 0.8145 time 0.77s
Epoch: 52/150 Iter: 80/96 loss: 0.3302 acc: 0.8112 time 0.77s
Epoch: 52/150 Iter: 81/96 loss: 0.3307 acc: 0.8123 time 0.71s
Epoch: 52/150 Iter: 82/96 loss: 0.3304 acc: 0.8116 time 0.69s
Epoch: 52/150 Iter: 83/96 loss: 0.3275 acc: 0.8138 time 0.86s
Epoch: 52/150 Iter: 84/96 loss: 0.3244 acc: 0.8160 time 0.70s
Epoch: 52/150 Iter: 85/96 loss: 0.3252 acc: 0.8113 time 0.86s
Epoch: 52/150 Iter: 86/96 loss: 0.3228 acc: 0.8135 time 0.86s
Epoch: 52/150 Iter: 87/96 loss: 0.3429 acc: 0.8138 time 0.70s
Epoch: 52/150 Iter: 88/96 loss: 0.3470 acc: 0.8102 time 0.70s
Epoch: 52/150 Iter: 89/96 loss: 0.3474 acc: 0.8095 time 0.86s
Epoch: 52/150 Iter: 90/96 loss: 0.3451 acc: 0.8116 time 0.85s
Epoch: 52/150 Iter: 91/96 loss: 0.3447 acc: 0.8119 time 0.70s
Epoch: 52/150 Iter: 92/96 loss: 0.3423 acc: 0.8139 time 0.69s
Epoch: 52/150 Iter: 93/96 loss: 0.3390 acc: 0.8159 time 0.70s
Epoch: 52/150 Iter: 94/96 loss: 0.3366 acc: 0.8179 time 0.70s
Epoch: 52/150 Iter: 95/96 loss: 0.3359 acc: 0.8180 time 0.86s
Epoch: 52/150 Iter: 96/96 loss: 0.3331 acc: 0.8199 time 0.69s
[Train epoch 52] avg_loss=0.3331 avg_acc=0.8199 | per-class [c0: 0.857, c1: 0.900, c2: 0.865]
Final training 52/150, loss: 0.3331, time 75.89s, lr: 0.000772
Accuracy: 0.863
class                  precision    recall   specificity      f1   support
--------------------------------------------------------------------------
0                          0.913     0.857         0.922   0.884       280
1                          0.574     0.900         0.963   0.701        30
2                          0.865     0.865         0.884   0.865       266
*----------------------------------------*
Val 52/150 1/24, Acc: 0.5000, Loss: 3.7623, time 0.67s
Val 52/150 2/24, Acc: 0.5278, Loss: 2.0392, time 0.67s
Val 52/150 3/24, Acc: 0.6296, Loss: 1.4332, time 0.67s
Val 52/150 4/24, Acc: 0.7222, Loss: 1.0849, time 0.67s
Val 52/150 5/24, Acc: 0.7528, Loss: 0.9104, time 0.67s
Val 52/150 6/24, Acc: 0.7940, Loss: 0.7740, time 0.67s
Val 52/150 7/24, Acc: 0.7639, Loss: 0.7404, time 0.67s
Val 52/150 8/24, Acc: 0.7934, Loss: 0.6603, time 0.67s
Val 52/150 9/24, Acc: 0.8164, Loss: 0.5994, time 0.67s
Val 52/150 10/24, Acc: 0.8347, Loss: 0.5582, time 0.67s
Val 52/150 11/24, Acc: 0.8346, Loss: 0.5631, time 0.67s
Val 52/150 12/24, Acc: 0.7859, Loss: 0.5922, time 0.67s
Val 52/150 13/24, Acc: 0.7639, Loss: 0.5849, time 0.67s
Val 52/150 14/24, Acc: 0.7718, Loss: 0.5920, time 0.67s
Val 52/150 15/24, Acc: 0.7593, Loss: 0.5953, time 0.67s
Val 52/150 16/24, Acc: 0.7681, Loss: 0.5916, time 0.67s
Val 52/150 17/24, Acc: 0.7817, Loss: 0.5596, time 0.67s
Val 52/150 18/24, Acc: 0.7799, Loss: 0.5472, time 0.67s
Val 52/150 19/24, Acc: 0.7863, Loss: 0.5373, time 0.67s
Val 52/150 20/24, Acc: 0.7692, Loss: 0.5514, time 0.67s
Val 52/150 21/24, Acc: 0.7802, Loss: 0.5300, time 0.67s
Val 52/150 22/24, Acc: 0.7826, Loss: 0.5282, time 0.67s
Val 52/150 23/24, Acc: 0.7775, Loss: 0.6202, time 0.67s
Val 52/150 24/24, Acc: 0.7752, Loss: 0.6080, time 0.67s
[Val epoch 52] avg_acc=0.7752 | avg_loss=0.6080 | per-class [c0: 0.771, c1: 0.625, c2: 0.924]
Final validation 52/150, Val_acc: 0.7752, time 16.06sAccuracy: 0.833
class                  precision    recall   specificity      f1   support
--------------------------------------------------------------------------
0                          0.982     0.771         0.986   0.864        70
1                          0.455     0.625         0.956   0.526         8
2                          0.782     0.924         0.782   0.847        66
*========================================*
Saving checkpoint outputs/OrganoidsINRIA_XYZ_thinning_128/swinunetr/2026-02-23-11-31/training/model_final.pt
[EarlyStopping] no improve (2/40)
[EarlyStopping] no improve (3/40)
0 Mon Feb 23 12:47:10 2026 Epoch: 53
Epoch: 53/150 Iter: 1/96 loss: 0.6096 acc: 0.9000 time 1.13s
Epoch: 53/150 Iter: 2/96 loss: 0.7588 acc: 0.6722 time 0.75s
Epoch: 53/150 Iter: 3/96 loss: 0.5345 acc: 0.7815 time 0.76s
Epoch: 53/150 Iter: 4/96 loss: 0.4273 acc: 0.8361 time 0.78s
Epoch: 53/150 Iter: 5/96 loss: 0.3580 acc: 0.8689 time 0.69s
Epoch: 53/150 Iter: 6/96 loss: 0.3451 acc: 0.8074 time 0.70s
Epoch: 53/150 Iter: 7/96 loss: 0.3333 acc: 0.8349 time 0.70s
Epoch: 53/150 Iter: 8/96 loss: 0.3533 acc: 0.8399 time 0.86s
Epoch: 53/150 Iter: 9/96 loss: 0.3455 acc: 0.8438 time 0.76s
Epoch: 53/150 Iter: 10/96 loss: 0.3638 acc: 0.8317 time 0.92s
Epoch: 53/150 Iter: 11/96 loss: 0.3561 acc: 0.8470 time 0.76s
Epoch: 53/150 Iter: 12/96 loss: 0.3422 acc: 0.8597 time 0.75s
Epoch: 53/150 Iter: 13/96 loss: 0.3550 acc: 0.8551 time 0.86s
Epoch: 53/150 Iter: 14/96 loss: 0.3335 acc: 0.8655 time 0.69s
Epoch: 53/150 Iter: 15/96 loss: 0.3173 acc: 0.8744 time 0.86s
Epoch: 53/150 Iter: 16/96 loss: 0.3023 acc: 0.8823 time 0.88s
Epoch: 53/150 Iter: 17/96 loss: 0.3040 acc: 0.8892 time 0.88s
Epoch: 53/150 Iter: 18/96 loss: 0.3458 acc: 0.8722 time 0.77s
Epoch: 53/150 Iter: 19/96 loss: 0.3394 acc: 0.8724 time 0.70s
Epoch: 53/150 Iter: 20/96 loss: 0.3454 acc: 0.8704 time 0.87s
Epoch: 53/150 Iter: 21/96 loss: 0.3522 acc: 0.8607 time 0.70s
Epoch: 53/150 Iter: 22/96 loss: 0.3483 acc: 0.8595 time 0.69s
Epoch: 53/150 Iter: 23/96 loss: 0.3354 acc: 0.8656 time 0.69s
Epoch: 53/150 Iter: 24/96 loss: 0.3470 acc: 0.8503 time 0.87s
Epoch: 53/150 Iter: 25/96 loss: 0.3439 acc: 0.8523 time 0.86s
Epoch: 53/150 Iter: 26/96 loss: 0.3402 acc: 0.8542 time 0.71s
Epoch: 53/150 Iter: 27/96 loss: 0.3357 acc: 0.8596 time 0.77s
Epoch: 53/150 Iter: 28/96 loss: 0.3470 acc: 0.8574 time 0.86s
Epoch: 53/150 Iter: 29/96 loss: 0.3429 acc: 0.8480 time 0.70s
Epoch: 53/150 Iter: 30/96 loss: 0.3345 acc: 0.8475 time 0.91s
Epoch: 53/150 Iter: 31/96 loss: 0.3356 acc: 0.8492 time 0.70s
Epoch: 53/150 Iter: 32/96 loss: 0.3289 acc: 0.8539 time 0.87s
Epoch: 53/150 Iter: 33/96 loss: 0.3261 acc: 0.8432 time 0.87s
Epoch: 53/150 Iter: 34/96 loss: 0.3230 acc: 0.8478 time 0.87s
Epoch: 53/150 Iter: 35/96 loss: 0.3326 acc: 0.8363 time 0.72s
Epoch: 53/150 Iter: 36/96 loss: 0.3255 acc: 0.8408 time 0.98s
Epoch: 53/150 Iter: 37/96 loss: 0.3214 acc: 0.8406 time 0.95s
Epoch: 53/150 Iter: 38/96 loss: 0.3240 acc: 0.8382 time 0.87s
Epoch: 53/150 Iter: 39/96 loss: 0.3180 acc: 0.8424 time 0.76s
Epoch: 53/150 Iter: 40/96 loss: 0.3117 acc: 0.8463 time 0.70s
Epoch: 53/150 Iter: 41/96 loss: 0.3097 acc: 0.8392 time 0.87s
Epoch: 53/150 Iter: 42/96 loss: 0.3083 acc: 0.8378 time 0.77s
Epoch: 53/150 Iter: 43/96 loss: 0.3026 acc: 0.8415 time 0.87s
Epoch: 53/150 Iter: 44/96 loss: 0.3038 acc: 0.8423 time 0.70s
Epoch: 53/150 Iter: 45/96 loss: 0.3052 acc: 0.8430 time 0.70s
Epoch: 53/150 Iter: 46/96 loss: 0.3026 acc: 0.8437 time 0.87s
Epoch: 53/150 Iter: 47/96 loss: 0.3028 acc: 0.8435 time 0.86s
Epoch: 53/150 Iter: 48/96 loss: 0.2986 acc: 0.8468 time 0.87s
Epoch: 53/150 Iter: 49/96 loss: 0.2987 acc: 0.8473 time 0.71s
Epoch: 53/150 Iter: 50/96 loss: 0.3036 acc: 0.8387 time 0.81s
Epoch: 53/150 Iter: 51/96 loss: 0.2999 acc: 0.8419 time 0.86s
Epoch: 53/150 Iter: 52/96 loss: 0.2972 acc: 0.8449 time 0.86s
Epoch: 53/150 Iter: 53/96 loss: 0.2951 acc: 0.8479 time 0.86s
Epoch: 53/150 Iter: 54/96 loss: 0.2925 acc: 0.8507 time 0.87s
Epoch: 53/150 Iter: 55/96 loss: 0.3170 acc: 0.8443 time 0.71s
Epoch: 53/150 Iter: 56/96 loss: 0.3217 acc: 0.8456 time 0.70s
Epoch: 53/150 Iter: 57/96 loss: 0.3182 acc: 0.8483 time 0.87s
Epoch: 53/150 Iter: 58/96 loss: 0.3192 acc: 0.8452 time 0.72s
Epoch: 53/150 Iter: 59/96 loss: 0.3257 acc: 0.8403 time 0.78s
Epoch: 53/150 Iter: 60/96 loss: 0.3262 acc: 0.8413 time 0.87s
Epoch: 53/150 Iter: 61/96 loss: 0.3246 acc: 0.8439 time 0.69s
Epoch: 53/150 Iter: 62/96 loss: 0.3202 acc: 0.8464 time 0.75s
Epoch: 53/150 Iter: 63/96 loss: 0.3172 acc: 0.8488 time 0.86s
Epoch: 53/150 Iter: 64/96 loss: 0.3203 acc: 0.8425 time 0.86s
Epoch: 53/150 Iter: 65/96 loss: 0.3158 acc: 0.8449 time 0.69s
Epoch: 53/150 Iter: 66/96 loss: 0.3176 acc: 0.8362 time 0.89s
Epoch: 53/150 Iter: 67/96 loss: 0.3354 acc: 0.8286 time 0.77s
Epoch: 53/150 Iter: 68/96 loss: 0.3308 acc: 0.8312 time 0.86s
Epoch: 53/150 Iter: 69/96 loss: 0.3264 acc: 0.8336 time 0.86s
Epoch: 53/150 Iter: 70/96 loss: 0.3225 acc: 0.8360 time 0.87s
Epoch: 53/150 Iter: 71/96 loss: 0.3207 acc: 0.8383 time 0.86s
Epoch: 53/150 Iter: 72/96 loss: 0.3195 acc: 0.8388 time 0.78s
Epoch: 53/150 Iter: 73/96 loss: 0.3201 acc: 0.8399 time 0.87s
Epoch: 53/150 Iter: 74/96 loss: 0.3170 acc: 0.8420 time 0.86s
Epoch: 53/150 Iter: 75/96 loss: 0.3399 acc: 0.8375 time 0.75s
Epoch: 53/150 Iter: 76/96 loss: 0.3412 acc: 0.8317 time 0.87s
Epoch: 53/150 Iter: 77/96 loss: 0.3428 acc: 0.8263 time 0.93s
Epoch: 53/150 Iter: 78/96 loss: 0.3431 acc: 0.8270 time 0.87s
Epoch: 53/150 Iter: 79/96 loss: 0.3423 acc: 0.8270 time 0.70s
Epoch: 53/150 Iter: 80/96 loss: 0.3483 acc: 0.8209 time 0.74s
Epoch: 53/150 Iter: 81/96 loss: 0.3455 acc: 0.8210 time 0.87s
Epoch: 53/150 Iter: 82/96 loss: 0.3495 acc: 0.8151 time 0.69s
Epoch: 53/150 Iter: 83/96 loss: 0.3493 acc: 0.8143 time 0.70s
Epoch: 53/150 Iter: 84/96 loss: 0.3482 acc: 0.8132 time 0.69s
Epoch: 53/150 Iter: 85/96 loss: 0.3494 acc: 0.8139 time 0.86s
Epoch: 53/150 Iter: 86/96 loss: 0.3544 acc: 0.8117 time 0.69s
Epoch: 53/150 Iter: 87/96 loss: 0.3527 acc: 0.8139 time 0.69s
Epoch: 53/150 Iter: 88/96 loss: 0.3492 acc: 0.8160 time 0.69s
Epoch: 53/150 Iter: 89/96 loss: 0.3485 acc: 0.8153 time 0.71s
Epoch: 53/150 Iter: 90/96 loss: 0.3520 acc: 0.8155 time 0.69s
Epoch: 53/150 Iter: 91/96 loss: 0.3494 acc: 0.8175 time 0.70s
Epoch: 53/150 Iter: 92/96 loss: 0.3468 acc: 0.8195 time 0.69s
Epoch: 53/150 Iter: 93/96 loss: 0.3581 acc: 0.8142 time 0.69s
Epoch: 53/150 Iter: 94/96 loss: 0.3577 acc: 0.8120 time 0.86s
Epoch: 53/150 Iter: 95/96 loss: 0.3572 acc: 0.8131 time 0.85s
Epoch: 53/150 Iter: 96/96 loss: 0.3535 acc: 0.8150 time 0.69s
[Train epoch 53] avg_loss=0.3535 avg_acc=0.8150 | per-class [c0: 0.854, c1: 0.933, c2: 0.842]
Final training 53/150, loss: 0.3535, time 76.43s, lr: 0.000762
Accuracy: 0.852
class                  precision    recall   specificity      f1   support
--------------------------------------------------------------------------
0                          0.902     0.854         0.912   0.877       280
1                          0.528     0.933         0.954   0.675        30
2                          0.868     0.842         0.890   0.855       266
*----------------------------------------*
0 Mon Feb 23 12:48:27 2026 Epoch: 54
Epoch: 54/150 Iter: 1/96 loss: 0.0066 acc: 1.0000 time 1.28s
Epoch: 54/150 Iter: 2/96 loss: 0.0592 acc: 1.0000 time 0.70s
Epoch: 54/150 Iter: 3/96 loss: 0.1029 acc: 1.0000 time 0.70s
Epoch: 54/150 Iter: 4/96 loss: 0.1662 acc: 0.9375 time 0.74s
Epoch: 54/150 Iter: 5/96 loss: 0.1435 acc: 0.9500 time 0.73s
Epoch: 54/150 Iter: 6/96 loss: 0.2665 acc: 0.8889 time 0.77s
Epoch: 54/150 Iter: 7/96 loss: 0.3362 acc: 0.8571 time 0.77s
Epoch: 54/150 Iter: 8/96 loss: 0.3151 acc: 0.8750 time 0.70s
Epoch: 54/150 Iter: 9/96 loss: 0.3198 acc: 0.8519 time 0.70s
Epoch: 54/150 Iter: 10/96 loss: 0.3092 acc: 0.8667 time 0.70s
Epoch: 54/150 Iter: 11/96 loss: 0.2887 acc: 0.8788 time 0.70s
Epoch: 54/150 Iter: 12/96 loss: 0.2811 acc: 0.8796 time 0.75s
Epoch: 54/150 Iter: 13/96 loss: 0.3010 acc: 0.8568 time 0.93s
Epoch: 54/150 Iter: 14/96 loss: 0.3089 acc: 0.8581 time 0.87s
Epoch: 54/150 Iter: 15/96 loss: 0.2959 acc: 0.8676 time 0.70s
Epoch: 54/150 Iter: 16/96 loss: 0.2849 acc: 0.8759 time 0.72s
Epoch: 54/150 Iter: 17/96 loss: 0.2783 acc: 0.8734 time 0.86s
Epoch: 54/150 Iter: 18/96 loss: 0.3522 acc: 0.8318 time 0.86s
Epoch: 54/150 Iter: 19/96 loss: 0.3365 acc: 0.8406 time 0.70s
Epoch: 54/150 Iter: 20/96 loss: 0.3365 acc: 0.8361 time 0.69s
Epoch: 54/150 Iter: 21/96 loss: 0.3476 acc: 0.8280 time 0.75s
Epoch: 54/150 Iter: 22/96 loss: 0.3634 acc: 0.8081 time 0.78s
Epoch: 54/150 Iter: 23/96 loss: 0.3517 acc: 0.8164 time 0.77s
Epoch: 54/150 Iter: 24/96 loss: 0.3872 acc: 0.7998 time 0.77s
Epoch: 54/150 Iter: 25/96 loss: 0.4009 acc: 0.7944 time 0.86s
Epoch: 54/150 Iter: 26/96 loss: 0.4301 acc: 0.7810 time 0.70s
Epoch: 54/150 Iter: 27/96 loss: 0.4216 acc: 0.7854 time 0.70s
Epoch: 54/150 Iter: 28/96 loss: 0.4183 acc: 0.7886 time 0.70s
Epoch: 54/150 Iter: 29/96 loss: 0.4089 acc: 0.7959 time 0.70s
Epoch: 54/150 Iter: 30/96 loss: 0.4265 acc: 0.7832 time 0.76s
Epoch: 54/150 Iter: 31/96 loss: 0.4231 acc: 0.7902 time 0.78s
Epoch: 54/150 Iter: 32/96 loss: 0.4239 acc: 0.7812 time 0.69s
Epoch: 54/150 Iter: 33/96 loss: 0.4180 acc: 0.7878 time 0.86s
Epoch: 54/150 Iter: 34/96 loss: 0.4353 acc: 0.7720 time 0.78s
Epoch: 54/150 Iter: 35/96 loss: 0.4360 acc: 0.7678 time 0.87s
Epoch: 54/150 Iter: 36/96 loss: 0.4313 acc: 0.7708 time 0.69s
Epoch: 54/150 Iter: 37/96 loss: 0.4233 acc: 0.7770 time 0.86s
Epoch: 54/150 Iter: 38/96 loss: 0.4181 acc: 0.7828 time 0.74s
Epoch: 54/150 Iter: 39/96 loss: 0.4128 acc: 0.7884 time 0.69s
Epoch: 54/150 Iter: 40/96 loss: 0.4089 acc: 0.7909 time 0.87s
Epoch: 54/150 Iter: 41/96 loss: 0.4019 acc: 0.7960 time 0.86s
Epoch: 54/150 Iter: 42/96 loss: 0.4039 acc: 0.7979 time 0.69s
Epoch: 54/150 Iter: 43/96 loss: 0.3984 acc: 0.8026 time 0.75s
Epoch: 54/150 Iter: 44/96 loss: 0.3964 acc: 0.8033 time 0.69s
Epoch: 54/150 Iter: 45/96 loss: 0.4157 acc: 0.7978 time 0.72s
Epoch: 54/150 Iter: 46/96 loss: 0.4121 acc: 0.7986 time 0.87s
Epoch: 54/150 Iter: 47/96 loss: 0.4114 acc: 0.7957 time 0.72s
Epoch: 54/150 Iter: 48/96 loss: 0.4095 acc: 0.7948 time 0.71s
Epoch: 54/150 Iter: 49/96 loss: 0.4140 acc: 0.7956 time 0.91s
Epoch: 54/150 Iter: 50/96 loss: 0.4156 acc: 0.7917 time 0.72s
Epoch: 54/150 Iter: 51/96 loss: 0.4144 acc: 0.7925 time 0.71s
Epoch: 54/150 Iter: 52/96 loss: 0.4159 acc: 0.7946 time 0.86s
Epoch: 54/150 Iter: 53/96 loss: 0.4118 acc: 0.7937 time 0.86s
Epoch: 54/150 Iter: 54/96 loss: 0.4146 acc: 0.7867 time 0.71s
Epoch: 54/150 Iter: 55/96 loss: 0.4106 acc: 0.7906 time 0.86s
Epoch: 54/150 Iter: 56/96 loss: 0.4060 acc: 0.7943 time 0.72s
Epoch: 54/150 Iter: 57/96 loss: 0.4184 acc: 0.7921 time 0.86s
Epoch: 54/150 Iter: 58/96 loss: 0.4131 acc: 0.7957 time 0.86s
Epoch: 54/150 Iter: 59/96 loss: 0.4100 acc: 0.7973 time 0.76s
Epoch: 54/150 Iter: 60/96 loss: 0.4090 acc: 0.7979 time 0.77s
Epoch: 54/150 Iter: 61/96 loss: 0.4040 acc: 0.8012 time 0.69s
Epoch: 54/150 Iter: 62/96 loss: 0.4017 acc: 0.8044 time 0.71s
Epoch: 54/150 Iter: 63/96 loss: 0.4030 acc: 0.8049 time 0.70s
Epoch: 54/150 Iter: 64/96 loss: 0.3998 acc: 0.8079 time 0.87s
Epoch: 54/150 Iter: 65/96 loss: 0.3960 acc: 0.8109 time 0.86s
Epoch: 54/150 Iter: 66/96 loss: 0.4016 acc: 0.8125 time 0.70s
Epoch: 54/150 Iter: 67/96 loss: 0.3961 acc: 0.8153 time 0.86s
Epoch: 54/150 Iter: 68/96 loss: 0.4034 acc: 0.8098 time 0.78s
Epoch: 54/150 Iter: 69/96 loss: 0.4050 acc: 0.8065 time 0.71s
Epoch: 54/150 Iter: 70/96 loss: 0.4105 acc: 0.8033 time 0.86s
Epoch: 54/150 Iter: 71/96 loss: 0.4089 acc: 0.8045 time 0.71s
Epoch: 54/150 Iter: 72/96 loss: 0.4039 acc: 0.8073 time 0.86s
Epoch: 54/150 Iter: 73/96 loss: 0.4032 acc: 0.8084 time 0.87s
Epoch: 54/150 Iter: 74/96 loss: 0.3998 acc: 0.8110 time 0.77s
Epoch: 54/150 Iter: 75/96 loss: 0.3952 acc: 0.8135 time 0.86s
Epoch: 54/150 Iter: 76/96 loss: 0.3916 acc: 0.8159 time 0.70s
Epoch: 54/150 Iter: 77/96 loss: 0.3892 acc: 0.8167 time 0.69s
Epoch: 54/150 Iter: 78/96 loss: 0.4040 acc: 0.8148 time 0.73s
Epoch: 54/150 Iter: 79/96 loss: 0.4025 acc: 0.8150 time 0.74s
Epoch: 54/150 Iter: 80/96 loss: 0.3987 acc: 0.8173 time 0.70s
Epoch: 54/150 Iter: 81/96 loss: 0.3956 acc: 0.8196 time 0.70s
Epoch: 54/150 Iter: 82/96 loss: 0.3991 acc: 0.8150 time 0.69s
Epoch: 54/150 Iter: 83/96 loss: 0.4021 acc: 0.8119 time 0.70s
Epoch: 54/150 Iter: 84/96 loss: 0.4027 acc: 0.8121 time 0.86s
Epoch: 54/150 Iter: 85/96 loss: 0.4039 acc: 0.8075 time 0.71s
Epoch: 54/150 Iter: 86/96 loss: 0.4055 acc: 0.8068 time 0.86s
Epoch: 54/150 Iter: 87/96 loss: 0.4021 acc: 0.8090 time 0.68s
Epoch: 54/150 Iter: 88/96 loss: 0.3983 acc: 0.8112 time 0.71s
Epoch: 54/150 Iter: 89/96 loss: 0.3951 acc: 0.8133 time 0.70s
Epoch: 54/150 Iter: 90/96 loss: 0.3998 acc: 0.8102 time 0.69s
Epoch: 54/150 Iter: 91/96 loss: 0.3973 acc: 0.8123 time 0.70s
Epoch: 54/150 Iter: 92/96 loss: 0.3946 acc: 0.8143 time 0.69s
Epoch: 54/150 Iter: 93/96 loss: 0.3935 acc: 0.8151 time 0.86s
Epoch: 54/150 Iter: 94/96 loss: 0.3897 acc: 0.8171 time 0.87s
Epoch: 54/150 Iter: 95/96 loss: 0.3868 acc: 0.8190 time 0.69s
Epoch: 54/150 Iter: 96/96 loss: 0.3924 acc: 0.8174 time 0.86s
[Train epoch 54] avg_loss=0.3924 avg_acc=0.8174 | per-class [c0: 0.857, c1: 0.767, c2: 0.865]
Final training 54/150, loss: 0.3924, time 73.86s, lr: 0.000753
Accuracy: 0.856
class                  precision    recall   specificity      f1   support
--------------------------------------------------------------------------
0                          0.913     0.857         0.922   0.884       280
1                          0.511     0.767         0.960   0.613        30
2                          0.858     0.865         0.877   0.861       266
*----------------------------------------*
Val 54/150 1/24, Acc: 0.5000, Loss: 4.6482, time 0.69s
Val 54/150 2/24, Acc: 0.5278, Loss: 2.4188, time 0.67s
Val 54/150 3/24, Acc: 0.6296, Loss: 1.7353, time 0.67s
Val 54/150 4/24, Acc: 0.7222, Loss: 1.3247, time 0.67s
Val 54/150 5/24, Acc: 0.7278, Loss: 1.1244, time 0.67s
Val 54/150 6/24, Acc: 0.7523, Loss: 0.9741, time 0.67s
Val 54/150 7/24, Acc: 0.7163, Loss: 0.9232, time 0.67s
Val 54/150 8/24, Acc: 0.7517, Loss: 0.8189, time 0.67s
Val 54/150 9/24, Acc: 0.7349, Loss: 0.7671, time 0.67s
Val 54/150 10/24, Acc: 0.7614, Loss: 0.6986, time 0.67s
Val 54/150 11/24, Acc: 0.7376, Loss: 0.7135, time 0.67s
Val 54/150 12/24, Acc: 0.7109, Loss: 0.6798, time 0.67s
Val 54/150 13/24, Acc: 0.7139, Loss: 0.6554, time 0.67s
Val 54/150 14/24, Acc: 0.7254, Loss: 0.6401, time 0.67s
Val 54/150 15/24, Acc: 0.7159, Loss: 0.7046, time 0.67s
Val 54/150 16/24, Acc: 0.7274, Loss: 0.6768, time 0.67s
Val 54/150 17/24, Acc: 0.7435, Loss: 0.6427, time 0.67s
Val 54/150 18/24, Acc: 0.7577, Loss: 0.6137, time 0.67s
Val 54/150 19/24, Acc: 0.7442, Loss: 0.5953, time 0.67s
Val 54/150 20/24, Acc: 0.7292, Loss: 0.6009, time 0.67s
Val 54/150 21/24, Acc: 0.7421, Loss: 0.5800, time 0.67s
Val 54/150 22/24, Acc: 0.7462, Loss: 0.5731, time 0.67s
Val 54/150 23/24, Acc: 0.7428, Loss: 0.6727, time 0.67s
Val 54/150 24/24, Acc: 0.7535, Loss: 0.6518, time 0.67s
[Val epoch 54] avg_acc=0.7535 | avg_loss=0.6518 | per-class [c0: 0.886, c1: 0.500, c2: 0.848]
Final validation 54/150, Val_acc: 0.7535, time 16.07sAccuracy: 0.847
class                  precision    recall   specificity      f1   support
--------------------------------------------------------------------------
0                          0.886     0.886         0.892   0.886        70
1                          0.500     0.500         0.971   0.500         8
2                          0.848     0.848         0.872   0.848        66
*========================================*
Saving checkpoint outputs/OrganoidsINRIA_XYZ_thinning_128/swinunetr/2026-02-23-11-31/training/model_final.pt
[EarlyStopping] no improve (3/40)
[EarlyStopping] no improve (4/40)
0 Mon Feb 23 12:50:01 2026 Epoch: 55
Epoch: 55/150 Iter: 1/96 loss: 0.0705 acc: 1.0000 time 1.08s
Epoch: 55/150 Iter: 2/96 loss: 0.0396 acc: 1.0000 time 0.78s
Epoch: 55/150 Iter: 3/96 loss: 0.1309 acc: 0.9583 time 0.69s
Epoch: 55/150 Iter: 4/96 loss: 0.2648 acc: 0.8299 time 0.71s
Epoch: 55/150 Iter: 5/96 loss: 0.2927 acc: 0.7889 time 0.70s
Epoch: 55/150 Iter: 6/96 loss: 0.2887 acc: 0.8032 time 0.75s
Epoch: 55/150 Iter: 7/96 loss: 0.2676 acc: 0.8171 time 0.69s
Epoch: 55/150 Iter: 8/96 loss: 0.2498 acc: 0.8399 time 0.71s
Epoch: 55/150 Iter: 9/96 loss: 0.2596 acc: 0.8299 time 0.69s
Epoch: 55/150 Iter: 10/96 loss: 0.2416 acc: 0.8469 time 0.69s
Epoch: 55/150 Iter: 11/96 loss: 0.2387 acc: 0.8508 time 0.69s
Epoch: 55/150 Iter: 12/96 loss: 0.3085 acc: 0.8424 time 0.71s
Epoch: 55/150 Iter: 13/96 loss: 0.3224 acc: 0.8353 time 0.86s
Epoch: 55/150 Iter: 14/96 loss: 0.3352 acc: 0.8185 time 0.72s
Epoch: 55/150 Iter: 15/96 loss: 0.3213 acc: 0.8306 time 0.86s
Epoch: 55/150 Iter: 16/96 loss: 0.3075 acc: 0.8411 time 0.75s
Epoch: 55/150 Iter: 17/96 loss: 0.3312 acc: 0.8358 time 0.69s
Epoch: 55/150 Iter: 18/96 loss: 0.3390 acc: 0.8387 time 0.73s
Epoch: 55/150 Iter: 19/96 loss: 0.3332 acc: 0.8472 time 0.86s
Epoch: 55/150 Iter: 20/96 loss: 0.3469 acc: 0.8382 time 0.71s
Epoch: 55/150 Iter: 21/96 loss: 0.3312 acc: 0.8459 time 0.78s
Epoch: 55/150 Iter: 22/96 loss: 0.3201 acc: 0.8529 time 0.75s
Epoch: 55/150 Iter: 23/96 loss: 0.3658 acc: 0.8361 time 0.87s
Epoch: 55/150 Iter: 24/96 loss: 0.3524 acc: 0.8429 time 0.71s
Epoch: 55/150 Iter: 25/96 loss: 0.3414 acc: 0.8492 time 0.86s
Epoch: 55/150 Iter: 26/96 loss: 0.3431 acc: 0.8473 time 0.70s
Epoch: 55/150 Iter: 27/96 loss: 0.3350 acc: 0.8530 time 0.75s
Epoch: 55/150 Iter: 28/96 loss: 0.3613 acc: 0.8404 time 0.88s
Epoch: 55/150 Iter: 29/96 loss: 0.3758 acc: 0.8330 time 0.75s
Epoch: 55/150 Iter: 30/96 loss: 0.3861 acc: 0.8260 time 0.73s
Epoch: 55/150 Iter: 31/96 loss: 0.4054 acc: 0.8263 time 0.69s
Epoch: 55/150 Iter: 32/96 loss: 0.4020 acc: 0.8265 time 0.88s
Epoch: 55/150 Iter: 33/96 loss: 0.4038 acc: 0.8267 time 0.70s
Epoch: 55/150 Iter: 34/96 loss: 0.4209 acc: 0.8171 time 0.87s
Epoch: 55/150 Iter: 35/96 loss: 0.4156 acc: 0.8191 time 0.70s
Epoch: 55/150 Iter: 36/96 loss: 0.4337 acc: 0.8149 time 0.87s
Epoch: 55/150 Iter: 37/96 loss: 0.4325 acc: 0.8139 time 0.88s
Epoch: 55/150 Iter: 38/96 loss: 0.4233 acc: 0.8188 time 0.69s
Epoch: 55/150 Iter: 39/96 loss: 0.4153 acc: 0.8234 time 0.70s
Epoch: 55/150 Iter: 40/96 loss: 0.4121 acc: 0.8178 time 0.93s
Epoch: 55/150 Iter: 41/96 loss: 0.4067 acc: 0.8223 time 0.87s
Epoch: 55/150 Iter: 42/96 loss: 0.3996 acc: 0.8265 time 0.72s
Epoch: 55/150 Iter: 43/96 loss: 0.3912 acc: 0.8306 time 0.87s
Epoch: 55/150 Iter: 44/96 loss: 0.3848 acc: 0.8344 time 0.86s
Epoch: 55/150 Iter: 45/96 loss: 0.3866 acc: 0.8344 time 0.87s
Epoch: 55/150 Iter: 46/96 loss: 0.3806 acc: 0.8380 time 0.87s
Epoch: 55/150 Iter: 47/96 loss: 0.3775 acc: 0.8414 time 0.86s
Epoch: 55/150 Iter: 48/96 loss: 0.3749 acc: 0.8447 time 0.87s
Epoch: 55/150 Iter: 49/96 loss: 0.3710 acc: 0.8456 time 0.87s
Epoch: 55/150 Iter: 50/96 loss: 0.3676 acc: 0.8454 time 0.73s
Epoch: 55/150 Iter: 51/96 loss: 0.3627 acc: 0.8484 time 0.86s
Epoch: 55/150 Iter: 52/96 loss: 0.3592 acc: 0.8513 time 0.86s
Epoch: 55/150 Iter: 53/96 loss: 0.3545 acc: 0.8541 time 0.69s
Epoch: 55/150 Iter: 54/96 loss: 0.3660 acc: 0.8476 time 0.72s
Epoch: 55/150 Iter: 55/96 loss: 0.3636 acc: 0.8481 time 0.87s
Epoch: 55/150 Iter: 56/96 loss: 0.3587 acc: 0.8508 time 0.87s
Epoch: 55/150 Iter: 57/96 loss: 0.3568 acc: 0.8446 time 0.75s
Epoch: 55/150 Iter: 58/96 loss: 0.3562 acc: 0.8397 time 0.77s
Epoch: 55/150 Iter: 59/96 loss: 0.3580 acc: 0.8367 time 0.71s
Epoch: 55/150 Iter: 60/96 loss: 0.3569 acc: 0.8353 time 0.71s
Epoch: 55/150 Iter: 61/96 loss: 0.3667 acc: 0.8249 time 0.72s
Epoch: 55/150 Iter: 62/96 loss: 0.3659 acc: 0.8257 time 0.69s
Epoch: 55/150 Iter: 63/96 loss: 0.3693 acc: 0.8205 time 0.71s
Epoch: 55/150 Iter: 64/96 loss: 0.3648 acc: 0.8233 time 0.74s
Epoch: 55/150 Iter: 65/96 loss: 0.3613 acc: 0.8260 time 0.94s
Epoch: 55/150 Iter: 66/96 loss: 0.3588 acc: 0.8287 time 0.88s
Epoch: 55/150 Iter: 67/96 loss: 0.3564 acc: 0.8312 time 0.83s
Epoch: 55/150 Iter: 68/96 loss: 0.3718 acc: 0.8276 time 0.78s
Epoch: 55/150 Iter: 69/96 loss: 0.3704 acc: 0.8301 time 0.86s
Epoch: 55/150 Iter: 70/96 loss: 0.3692 acc: 0.8311 time 0.73s
Epoch: 55/150 Iter: 71/96 loss: 0.3692 acc: 0.8252 time 0.74s
Epoch: 55/150 Iter: 72/96 loss: 0.3840 acc: 0.8230 time 0.81s
Epoch: 55/150 Iter: 73/96 loss: 0.3805 acc: 0.8255 time 0.73s
Epoch: 55/150 Iter: 74/96 loss: 0.3779 acc: 0.8244 time 0.93s
Epoch: 55/150 Iter: 75/96 loss: 0.3764 acc: 0.8201 time 0.70s
Epoch: 55/150 Iter: 76/96 loss: 0.3780 acc: 0.8181 time 0.76s
Epoch: 55/150 Iter: 77/96 loss: 0.3777 acc: 0.8172 time 0.70s
Epoch: 55/150 Iter: 78/96 loss: 0.3772 acc: 0.8142 time 0.70s
Epoch: 55/150 Iter: 79/96 loss: 0.3763 acc: 0.8153 time 0.87s
Epoch: 55/150 Iter: 80/96 loss: 0.3729 acc: 0.8134 time 0.87s
Epoch: 55/150 Iter: 81/96 loss: 0.3770 acc: 0.8085 time 0.70s
Epoch: 55/150 Iter: 82/96 loss: 0.3793 acc: 0.8093 time 0.69s
Epoch: 55/150 Iter: 83/96 loss: 0.3769 acc: 0.8063 time 0.86s
Epoch: 55/150 Iter: 84/96 loss: 0.3726 acc: 0.8086 time 0.86s
Epoch: 55/150 Iter: 85/96 loss: 0.3736 acc: 0.8094 time 0.86s
Epoch: 55/150 Iter: 86/96 loss: 0.3743 acc: 0.8101 time 0.81s
Epoch: 55/150 Iter: 87/96 loss: 0.3786 acc: 0.8047 time 0.77s
Epoch: 55/150 Iter: 88/96 loss: 0.3770 acc: 0.8069 time 0.70s
Epoch: 55/150 Iter: 89/96 loss: 0.3743 acc: 0.8091 time 0.70s
Epoch: 55/150 Iter: 90/96 loss: 0.3787 acc: 0.8065 time 0.86s
Epoch: 55/150 Iter: 91/96 loss: 0.3750 acc: 0.8087 time 0.86s
Epoch: 55/150 Iter: 92/96 loss: 0.3723 acc: 0.8107 time 0.69s
Epoch: 55/150 Iter: 93/96 loss: 0.3718 acc: 0.8114 time 0.86s
Epoch: 55/150 Iter: 94/96 loss: 0.3795 acc: 0.8087 time 0.69s
Epoch: 55/150 Iter: 95/96 loss: 0.3800 acc: 0.8081 time 0.86s
Epoch: 55/150 Iter: 96/96 loss: 0.3803 acc: 0.8084 time 0.70s
[Train epoch 55] avg_loss=0.3803 avg_acc=0.8084 | per-class [c0: 0.864, c1: 0.867, c2: 0.827]
Final training 55/150, loss: 0.3803, time 75.15s, lr: 0.000744
Accuracy: 0.847
class                  precision    recall   specificity      f1   support
--------------------------------------------------------------------------
0                          0.880     0.864         0.889   0.872       280
1                          0.578     0.867         0.965   0.693        30
2                          0.859     0.827         0.884   0.843       266
*----------------------------------------*
0 Mon Feb 23 12:51:17 2026 Epoch: 56
Epoch: 56/150 Iter: 1/96 loss: 0.3289 acc: 0.8333 time 1.21s
Epoch: 56/150 Iter: 2/96 loss: 0.4275 acc: 0.6944 time 0.75s
Epoch: 56/150 Iter: 3/96 loss: 0.3598 acc: 0.7963 time 0.74s
Epoch: 56/150 Iter: 4/96 loss: 0.3333 acc: 0.8056 time 0.87s
Epoch: 56/150 Iter: 5/96 loss: 0.2805 acc: 0.8444 time 0.87s
Epoch: 56/150 Iter: 6/96 loss: 0.2400 acc: 0.8704 time 0.69s
Epoch: 56/150 Iter: 7/96 loss: 0.2176 acc: 0.8889 time 0.74s
Epoch: 56/150 Iter: 8/96 loss: 0.3096 acc: 0.8559 time 0.72s
Epoch: 56/150 Iter: 9/96 loss: 0.3426 acc: 0.8164 time 0.70s
Epoch: 56/150 Iter: 10/96 loss: 0.3183 acc: 0.8347 time 0.88s
Epoch: 56/150 Iter: 11/96 loss: 0.4091 acc: 0.8073 time 0.72s
Epoch: 56/150 Iter: 12/96 loss: 0.4075 acc: 0.7817 time 0.87s
Epoch: 56/150 Iter: 13/96 loss: 0.4254 acc: 0.7600 time 0.69s
Epoch: 56/150 Iter: 14/96 loss: 0.4188 acc: 0.7772 time 0.73s
Epoch: 56/150 Iter: 15/96 loss: 0.4076 acc: 0.7837 time 0.87s
Epoch: 56/150 Iter: 16/96 loss: 0.4024 acc: 0.7868 time 0.75s
Epoch: 56/150 Iter: 17/96 loss: 0.3836 acc: 0.7993 time 0.86s
Epoch: 56/150 Iter: 18/96 loss: 0.3788 acc: 0.7920 time 0.69s
Epoch: 56/150 Iter: 19/96 loss: 0.3788 acc: 0.7722 time 0.70s
Epoch: 56/150 Iter: 20/96 loss: 0.3853 acc: 0.7753 time 0.87s
Epoch: 56/150 Iter: 21/96 loss: 0.3704 acc: 0.7860 time 0.75s
Epoch: 56/150 Iter: 22/96 loss: 0.3742 acc: 0.7730 time 0.87s
Epoch: 56/150 Iter: 23/96 loss: 0.3670 acc: 0.7720 time 0.70s
Epoch: 56/150 Iter: 24/96 loss: 0.4391 acc: 0.7676 time 0.70s
Epoch: 56/150 Iter: 25/96 loss: 0.4319 acc: 0.7658 time 0.76s
Epoch: 56/150 Iter: 26/96 loss: 0.4223 acc: 0.7700 time 0.70s
Epoch: 56/150 Iter: 27/96 loss: 0.4161 acc: 0.7785 time 0.88s
Epoch: 56/150 Iter: 28/96 loss: 0.4091 acc: 0.7864 time 0.71s
Epoch: 56/150 Iter: 29/96 loss: 0.4178 acc: 0.7765 time 0.78s
Epoch: 56/150 Iter: 30/96 loss: 0.4069 acc: 0.7840 time 0.74s
Epoch: 56/150 Iter: 31/96 loss: 0.4158 acc: 0.7673 time 0.72s
Epoch: 56/150 Iter: 32/96 loss: 0.4143 acc: 0.7572 time 0.86s
Epoch: 56/150 Iter: 33/96 loss: 0.4103 acc: 0.7595 time 0.87s
Epoch: 56/150 Iter: 34/96 loss: 0.4148 acc: 0.7584 time 0.87s
Epoch: 56/150 Iter: 35/96 loss: 0.4105 acc: 0.7625 time 0.70s
Epoch: 56/150 Iter: 36/96 loss: 0.4038 acc: 0.7667 time 0.87s
Epoch: 56/150 Iter: 37/96 loss: 0.4024 acc: 0.7610 time 0.71s
Epoch: 56/150 Iter: 38/96 loss: 0.4003 acc: 0.7640 time 0.78s
Epoch: 56/150 Iter: 39/96 loss: 0.3919 acc: 0.7701 time 0.87s
Epoch: 56/150 Iter: 40/96 loss: 0.3869 acc: 0.7758 time 0.72s
Epoch: 56/150 Iter: 41/96 loss: 0.3802 acc: 0.7813 time 0.86s
Epoch: 56/150 Iter: 42/96 loss: 0.3821 acc: 0.7772 time 0.72s
Epoch: 56/150 Iter: 43/96 loss: 0.3790 acc: 0.7708 time 0.72s
Epoch: 56/150 Iter: 44/96 loss: 0.3717 acc: 0.7760 time 0.76s
Epoch: 56/150 Iter: 45/96 loss: 0.3663 acc: 0.7810 time 0.70s
Epoch: 56/150 Iter: 46/96 loss: 0.3597 acc: 0.7857 time 0.70s
Epoch: 56/150 Iter: 47/96 loss: 0.3604 acc: 0.7903 time 0.72s
Epoch: 56/150 Iter: 48/96 loss: 0.3555 acc: 0.7947 time 0.86s
Epoch: 56/150 Iter: 49/96 loss: 0.3501 acc: 0.7989 time 0.74s
Epoch: 56/150 Iter: 50/96 loss: 0.3661 acc: 0.7896 time 0.77s
Epoch: 56/150 Iter: 51/96 loss: 0.3598 acc: 0.7937 time 0.86s
Epoch: 56/150 Iter: 52/96 loss: 0.3592 acc: 0.7887 time 0.87s
Epoch: 56/150 Iter: 53/96 loss: 0.3561 acc: 0.7927 time 0.77s
Epoch: 56/150 Iter: 54/96 loss: 0.3538 acc: 0.7919 time 0.70s
Epoch: 56/150 Iter: 55/96 loss: 0.3491 acc: 0.7957 time 0.87s
Epoch: 56/150 Iter: 56/96 loss: 0.3478 acc: 0.7971 time 0.87s
Epoch: 56/150 Iter: 57/96 loss: 0.3513 acc: 0.7933 time 0.72s
Epoch: 56/150 Iter: 58/96 loss: 0.3462 acc: 0.7969 time 0.72s
Epoch: 56/150 Iter: 59/96 loss: 0.3437 acc: 0.7904 time 0.87s
Epoch: 56/150 Iter: 60/96 loss: 0.3387 acc: 0.7939 time 0.72s
Epoch: 56/150 Iter: 61/96 loss: 0.3424 acc: 0.7918 time 0.72s
Epoch: 56/150 Iter: 62/96 loss: 0.3403 acc: 0.7871 time 0.86s
Epoch: 56/150 Iter: 63/96 loss: 0.3356 acc: 0.7905 time 0.87s
Epoch: 56/150 Iter: 64/96 loss: 0.3456 acc: 0.7891 time 0.86s
Epoch: 56/150 Iter: 65/96 loss: 0.3409 acc: 0.7924 time 0.71s
Epoch: 56/150 Iter: 66/96 loss: 0.3377 acc: 0.7955 time 0.87s
Epoch: 56/150 Iter: 67/96 loss: 0.3483 acc: 0.7886 time 0.87s
Epoch: 56/150 Iter: 68/96 loss: 0.3574 acc: 0.7858 time 0.77s
Epoch: 56/150 Iter: 69/96 loss: 0.3524 acc: 0.7889 time 0.87s
Epoch: 56/150 Iter: 70/96 loss: 0.3641 acc: 0.7840 time 0.86s
Epoch: 56/150 Iter: 71/96 loss: 0.3688 acc: 0.7808 time 0.70s
Epoch: 56/150 Iter: 72/96 loss: 0.3648 acc: 0.7815 time 0.71s
Epoch: 56/150 Iter: 73/96 loss: 0.3637 acc: 0.7845 time 0.75s
Epoch: 56/150 Iter: 74/96 loss: 0.3603 acc: 0.7874 time 0.87s
Epoch: 56/150 Iter: 75/96 loss: 0.3578 acc: 0.7836 time 0.87s
Epoch: 56/150 Iter: 76/96 loss: 0.3544 acc: 0.7864 time 0.87s
Epoch: 56/150 Iter: 77/96 loss: 0.3551 acc: 0.7870 time 0.87s
Epoch: 56/150 Iter: 78/96 loss: 0.3587 acc: 0.7855 time 0.87s
Epoch: 56/150 Iter: 79/96 loss: 0.3562 acc: 0.7882 time 0.70s
Epoch: 56/150 Iter: 80/96 loss: 0.3554 acc: 0.7888 time 0.74s
Epoch: 56/150 Iter: 81/96 loss: 0.3517 acc: 0.7914 time 0.90s
Epoch: 56/150 Iter: 82/96 loss: 0.3494 acc: 0.7939 time 0.69s
Epoch: 56/150 Iter: 83/96 loss: 0.3603 acc: 0.7889 time 0.70s
Epoch: 56/150 Iter: 84/96 loss: 0.3590 acc: 0.7894 time 0.86s
Epoch: 56/150 Iter: 85/96 loss: 0.3710 acc: 0.7860 time 0.69s
Epoch: 56/150 Iter: 86/96 loss: 0.3700 acc: 0.7846 time 0.69s
Epoch: 56/150 Iter: 87/96 loss: 0.3677 acc: 0.7871 time 0.85s
Epoch: 56/150 Iter: 88/96 loss: 0.3710 acc: 0.7845 time 0.86s
Epoch: 56/150 Iter: 89/96 loss: 0.3687 acc: 0.7869 time 0.68s
Epoch: 56/150 Iter: 90/96 loss: 0.3742 acc: 0.7874 time 0.69s
Epoch: 56/150 Iter: 91/96 loss: 0.3742 acc: 0.7884 time 0.85s
Epoch: 56/150 Iter: 92/96 loss: 0.3722 acc: 0.7907 time 0.86s
Epoch: 56/150 Iter: 93/96 loss: 0.3706 acc: 0.7902 time 0.86s
Epoch: 56/150 Iter: 94/96 loss: 0.3701 acc: 0.7911 time 0.70s
Epoch: 56/150 Iter: 95/96 loss: 0.3708 acc: 0.7907 time 0.85s
Epoch: 56/150 Iter: 96/96 loss: 0.3686 acc: 0.7920 time 0.69s
[Train epoch 56] avg_loss=0.3686 avg_acc=0.7920 | per-class [c0: 0.850, c1: 0.833, c2: 0.861]
Final training 56/150, loss: 0.3686, time 75.64s, lr: 0.000734
Accuracy: 0.854
class                  precision    recall   specificity      f1   support
--------------------------------------------------------------------------
0                          0.908     0.850         0.919   0.878       280
1                          0.543     0.833         0.962   0.658        30
2                          0.854     0.861         0.874   0.858       266
*----------------------------------------*
Val 56/150 1/24, Acc: 0.5000, Loss: 4.5509, time 0.70s
Val 56/150 2/24, Acc: 0.5278, Loss: 2.4612, time 0.67s
Val 56/150 3/24, Acc: 0.6296, Loss: 1.7455, time 0.67s
Val 56/150 4/24, Acc: 0.7222, Loss: 1.3281, time 0.67s
Val 56/150 5/24, Acc: 0.7778, Loss: 1.0902, time 0.67s
Val 56/150 6/24, Acc: 0.8148, Loss: 0.9376, time 0.67s
Val 56/150 7/24, Acc: 0.7817, Loss: 0.8889, time 0.67s
Val 56/150 8/24, Acc: 0.8090, Loss: 0.7939, time 0.67s
Val 56/150 9/24, Acc: 0.7858, Loss: 0.7303, time 0.67s
Val 56/150 10/24, Acc: 0.8072, Loss: 0.6724, time 0.67s
Val 56/150 11/24, Acc: 0.8247, Loss: 0.6440, time 0.67s
Val 56/150 12/24, Acc: 0.7907, Loss: 0.6203, time 0.67s
Val 56/150 13/24, Acc: 0.7684, Loss: 0.6119, time 0.67s
Val 56/150 14/24, Acc: 0.7760, Loss: 0.5935, time 0.67s
Val 56/150 15/24, Acc: 0.7631, Loss: 0.6193, time 0.67s
Val 56/150 16/24, Acc: 0.7717, Loss: 0.6033, time 0.67s
Val 56/150 17/24, Acc: 0.7851, Loss: 0.5715, time 0.67s
Val 56/150 18/24, Acc: 0.7901, Loss: 0.5528, time 0.67s
Val 56/150 19/24, Acc: 0.7696, Loss: 0.5425, time 0.67s
Val 56/150 20/24, Acc: 0.7533, Loss: 0.5491, time 0.67s
Val 56/150 21/24, Acc: 0.7591, Loss: 0.5329, time 0.67s
Val 56/150 22/24, Acc: 0.7625, Loss: 0.5216, time 0.67s
Val 56/150 23/24, Acc: 0.7511, Loss: 0.6166, time 0.67s
Val 56/150 24/24, Acc: 0.7499, Loss: 0.6014, time 0.67s
[Val epoch 56] avg_acc=0.7499 | avg_loss=0.6014 | per-class [c0: 0.843, c1: 0.625, c2: 0.864]
Final validation 56/150, Val_acc: 0.7499, time 16.08sAccuracy: 0.840
class                  precision    recall   specificity      f1   support
--------------------------------------------------------------------------
0                          0.922     0.843         0.932   0.881        70
1                          0.417     0.625         0.949   0.500         8
2                          0.838     0.864         0.859   0.851        66
*========================================*
Saving checkpoint outputs/OrganoidsINRIA_XYZ_thinning_128/swinunetr/2026-02-23-11-31/training/model_final.pt
[EarlyStopping] no improve (4/40)
[EarlyStopping] no improve (5/40)
0 Mon Feb 23 12:52:53 2026 Epoch: 57
Epoch: 57/150 Iter: 1/96 loss: 0.1534 acc: 1.0000 time 1.21s
Epoch: 57/150 Iter: 2/96 loss: 0.1268 acc: 1.0000 time 0.86s
Epoch: 57/150 Iter: 3/96 loss: 0.1726 acc: 0.9583 time 0.72s
Epoch: 57/150 Iter: 4/96 loss: 0.2035 acc: 0.9437 time 0.86s
Epoch: 57/150 Iter: 5/96 loss: 0.2139 acc: 0.8439 time 0.75s
Epoch: 57/150 Iter: 6/96 loss: 0.1953 acc: 0.8699 time 0.70s
Epoch: 57/150 Iter: 7/96 loss: 0.2724 acc: 0.8329 time 0.69s
Epoch: 57/150 Iter: 8/96 loss: 0.3599 acc: 0.8038 time 0.76s
Epoch: 57/150 Iter: 9/96 loss: 0.4257 acc: 0.7978 time 0.76s
Epoch: 57/150 Iter: 10/96 loss: 0.4186 acc: 0.7903 time 0.87s
Epoch: 57/150 Iter: 11/96 loss: 0.3915 acc: 0.8093 time 0.70s
Epoch: 57/150 Iter: 12/96 loss: 0.3638 acc: 0.8252 time 0.85s
Epoch: 57/150 Iter: 13/96 loss: 0.4002 acc: 0.8130 time 0.87s
Epoch: 57/150 Iter: 14/96 loss: 0.4322 acc: 0.7907 time 0.70s
Epoch: 57/150 Iter: 15/96 loss: 0.4110 acc: 0.8046 time 0.70s
Epoch: 57/150 Iter: 16/96 loss: 0.4402 acc: 0.7918 time 0.86s
Epoch: 57/150 Iter: 17/96 loss: 0.4199 acc: 0.8041 time 0.69s
Epoch: 57/150 Iter: 18/96 loss: 0.4010 acc: 0.8150 time 0.87s
Epoch: 57/150 Iter: 19/96 loss: 0.4500 acc: 0.7940 time 0.86s
Epoch: 57/150 Iter: 20/96 loss: 0.4432 acc: 0.7793 time 0.88s
Epoch: 57/150 Iter: 21/96 loss: 0.4293 acc: 0.7898 time 0.73s
Epoch: 57/150 Iter: 22/96 loss: 0.4186 acc: 0.7994 time 0.70s
Epoch: 57/150 Iter: 23/96 loss: 0.4312 acc: 0.7864 time 0.71s
Epoch: 57/150 Iter: 24/96 loss: 0.4406 acc: 0.7814 time 0.87s
Epoch: 57/150 Iter: 25/96 loss: 0.4333 acc: 0.7768 time 0.69s
Epoch: 57/150 Iter: 26/96 loss: 0.4285 acc: 0.7790 time 0.87s
Epoch: 57/150 Iter: 27/96 loss: 0.4148 acc: 0.7871 time 0.71s
Epoch: 57/150 Iter: 28/96 loss: 0.4074 acc: 0.7947 time 0.69s
Epoch: 57/150 Iter: 29/96 loss: 0.3991 acc: 0.8018 time 0.73s
Epoch: 57/150 Iter: 30/96 loss: 0.4801 acc: 0.7945 time 0.71s
Epoch: 57/150 Iter: 31/96 loss: 0.4780 acc: 0.7904 time 0.91s
Epoch: 57/150 Iter: 32/96 loss: 0.4709 acc: 0.7931 time 0.70s
Epoch: 57/150 Iter: 33/96 loss: 0.4635 acc: 0.7993 time 0.72s
Epoch: 57/150 Iter: 34/96 loss: 0.4536 acc: 0.8052 time 0.87s
Epoch: 57/150 Iter: 35/96 loss: 0.4629 acc: 0.8037 time 0.71s
Epoch: 57/150 Iter: 36/96 loss: 0.4566 acc: 0.8045 time 0.69s
Epoch: 57/150 Iter: 37/96 loss: 0.4457 acc: 0.8098 time 0.92s
Epoch: 57/150 Iter: 38/96 loss: 0.4425 acc: 0.8121 time 0.87s
Epoch: 57/150 Iter: 39/96 loss: 0.4398 acc: 0.8127 time 0.76s
Epoch: 57/150 Iter: 40/96 loss: 0.4328 acc: 0.8174 time 0.71s
Epoch: 57/150 Iter: 41/96 loss: 0.4307 acc: 0.8150 time 0.78s
Epoch: 57/150 Iter: 42/96 loss: 0.4216 acc: 0.8194 time 0.75s
Epoch: 57/150 Iter: 43/96 loss: 0.4221 acc: 0.8120 time 0.87s
Epoch: 57/150 Iter: 44/96 loss: 0.4206 acc: 0.8125 time 0.86s
Epoch: 57/150 Iter: 45/96 loss: 0.4246 acc: 0.8068 time 0.87s
Epoch: 57/150 Iter: 46/96 loss: 0.4218 acc: 0.8074 time 0.72s
Epoch: 57/150 Iter: 47/96 loss: 0.4231 acc: 0.8079 time 0.70s
Epoch: 57/150 Iter: 48/96 loss: 0.4204 acc: 0.8084 time 0.77s
Epoch: 57/150 Iter: 49/96 loss: 0.4205 acc: 0.8101 time 0.77s
Epoch: 57/150 Iter: 50/96 loss: 0.4201 acc: 0.8114 time 0.70s
Epoch: 57/150 Iter: 51/96 loss: 0.4228 acc: 0.8077 time 0.87s
Epoch: 57/150 Iter: 52/96 loss: 0.4193 acc: 0.8034 time 0.86s
Epoch: 57/150 Iter: 53/96 loss: 0.4145 acc: 0.8071 time 0.77s
Epoch: 57/150 Iter: 54/96 loss: 0.4085 acc: 0.8107 time 0.87s
Epoch: 57/150 Iter: 55/96 loss: 0.4056 acc: 0.8141 time 0.75s
Epoch: 57/150 Iter: 56/96 loss: 0.3987 acc: 0.8175 time 0.78s
Epoch: 57/150 Iter: 57/96 loss: 0.3940 acc: 0.8207 time 0.71s
Epoch: 57/150 Iter: 58/96 loss: 0.3983 acc: 0.8151 time 0.87s
Epoch: 57/150 Iter: 59/96 loss: 0.3925 acc: 0.8183 time 0.86s
Epoch: 57/150 Iter: 60/96 loss: 0.3878 acc: 0.8213 time 0.75s
Epoch: 57/150 Iter: 61/96 loss: 0.3818 acc: 0.8242 time 0.77s
Epoch: 57/150 Iter: 62/96 loss: 0.3772 acc: 0.8271 time 0.93s
Epoch: 57/150 Iter: 63/96 loss: 0.3786 acc: 0.8258 time 0.75s
Epoch: 57/150 Iter: 64/96 loss: 0.3778 acc: 0.8270 time 0.69s
Epoch: 57/150 Iter: 65/96 loss: 0.3748 acc: 0.8297 time 0.87s
Epoch: 57/150 Iter: 66/96 loss: 0.3737 acc: 0.8285 time 0.73s
Epoch: 57/150 Iter: 67/96 loss: 0.3711 acc: 0.8310 time 0.78s
Epoch: 57/150 Iter: 68/96 loss: 0.3798 acc: 0.8270 time 0.73s
Epoch: 57/150 Iter: 69/96 loss: 0.3795 acc: 0.8283 time 0.87s
Epoch: 57/150 Iter: 70/96 loss: 0.3758 acc: 0.8307 time 0.75s
Epoch: 57/150 Iter: 71/96 loss: 0.3743 acc: 0.8315 time 0.87s
Epoch: 57/150 Iter: 72/96 loss: 0.3727 acc: 0.8323 time 0.87s
Epoch: 57/150 Iter: 73/96 loss: 0.3775 acc: 0.8323 time 0.71s
Epoch: 57/150 Iter: 74/96 loss: 0.3757 acc: 0.8331 time 0.86s
Epoch: 57/150 Iter: 75/96 loss: 0.3729 acc: 0.8353 time 0.71s
Epoch: 57/150 Iter: 76/96 loss: 0.3773 acc: 0.8317 time 0.93s
Epoch: 57/150 Iter: 77/96 loss: 0.3741 acc: 0.8338 time 0.69s
Epoch: 57/150 Iter: 78/96 loss: 0.3740 acc: 0.8347 time 0.70s
Epoch: 57/150 Iter: 79/96 loss: 0.3768 acc: 0.8336 time 0.75s
Epoch: 57/150 Iter: 80/96 loss: 0.3732 acc: 0.8357 time 0.70s
Epoch: 57/150 Iter: 81/96 loss: 0.3700 acc: 0.8377 time 0.68s
Epoch: 57/150 Iter: 82/96 loss: 0.3766 acc: 0.8329 time 0.86s
Epoch: 57/150 Iter: 83/96 loss: 0.3736 acc: 0.8349 time 0.85s
Epoch: 57/150 Iter: 84/96 loss: 0.3738 acc: 0.8354 time 0.86s
Epoch: 57/150 Iter: 85/96 loss: 0.3706 acc: 0.8374 time 0.70s
Epoch: 57/150 Iter: 86/96 loss: 0.3679 acc: 0.8392 time 0.70s
Epoch: 57/150 Iter: 87/96 loss: 0.3651 acc: 0.8411 time 0.86s
Epoch: 57/150 Iter: 88/96 loss: 0.3620 acc: 0.8429 time 0.86s
Epoch: 57/150 Iter: 89/96 loss: 0.3598 acc: 0.8447 time 0.86s
Epoch: 57/150 Iter: 90/96 loss: 0.3571 acc: 0.8464 time 0.86s
Epoch: 57/150 Iter: 91/96 loss: 0.3570 acc: 0.8462 time 0.86s
Epoch: 57/150 Iter: 92/96 loss: 0.3578 acc: 0.8452 time 0.70s
Epoch: 57/150 Iter: 93/96 loss: 0.3541 acc: 0.8469 time 0.85s
Epoch: 57/150 Iter: 94/96 loss: 0.3518 acc: 0.8485 time 0.86s
Epoch: 57/150 Iter: 95/96 loss: 0.3490 acc: 0.8501 time 0.70s
Epoch: 57/150 Iter: 96/96 loss: 0.3481 acc: 0.8516 time 0.70s
[Train epoch 57] avg_loss=0.3481 avg_acc=0.8516 | per-class [c0: 0.861, c1: 0.933, c2: 0.861]
Final training 57/150, loss: 0.3481, time 75.74s, lr: 0.000725
Accuracy: 0.865
class                  precision    recall   specificity      f1   support
--------------------------------------------------------------------------
0                          0.909     0.861         0.919   0.884       280
1                          0.596     0.933         0.965   0.727        30
2                          0.867     0.861         0.887   0.864       266
*----------------------------------------*
0 Mon Feb 23 12:54:09 2026 Epoch: 58
Epoch: 58/150 Iter: 1/96 loss: 0.4548 acc: 1.0000 time 1.19s
Epoch: 58/150 Iter: 2/96 loss: 0.4599 acc: 0.8889 time 0.86s
Epoch: 58/150 Iter: 3/96 loss: 0.4027 acc: 0.7593 time 0.87s
Epoch: 58/150 Iter: 4/96 loss: 0.3726 acc: 0.8194 time 0.76s
Epoch: 58/150 Iter: 5/96 loss: 0.3517 acc: 0.8222 time 0.75s
Epoch: 58/150 Iter: 6/96 loss: 0.3392 acc: 0.8102 time 0.74s
Epoch: 58/150 Iter: 7/96 loss: 0.2984 acc: 0.8373 time 0.70s
Epoch: 58/150 Iter: 8/96 loss: 0.2931 acc: 0.8420 time 0.87s
Epoch: 58/150 Iter: 9/96 loss: 0.2742 acc: 0.8596 time 0.87s
Epoch: 58/150 Iter: 10/96 loss: 0.2536 acc: 0.8736 time 0.76s
Epoch: 58/150 Iter: 11/96 loss: 0.2390 acc: 0.8851 time 0.93s
Epoch: 58/150 Iter: 12/96 loss: 0.2470 acc: 0.8738 time 0.71s
Epoch: 58/150 Iter: 13/96 loss: 0.2398 acc: 0.8750 time 0.74s
Epoch: 58/150 Iter: 14/96 loss: 0.2316 acc: 0.8760 time 0.87s
Epoch: 58/150 Iter: 15/96 loss: 0.2205 acc: 0.8843 time 0.71s
Epoch: 58/150 Iter: 16/96 loss: 0.2127 acc: 0.8915 time 0.86s
Epoch: 58/150 Iter: 17/96 loss: 0.2274 acc: 0.8717 time 0.73s
Epoch: 58/150 Iter: 18/96 loss: 0.2256 acc: 0.8727 time 0.90s
Epoch: 58/150 Iter: 19/96 loss: 0.2261 acc: 0.8706 time 0.86s
Epoch: 58/150 Iter: 20/96 loss: 0.2224 acc: 0.8771 time 0.86s
Epoch: 58/150 Iter: 21/96 loss: 0.2156 acc: 0.8829 time 0.86s
Epoch: 58/150 Iter: 22/96 loss: 0.2148 acc: 0.8807 time 0.69s
Epoch: 58/150 Iter: 23/96 loss: 0.2118 acc: 0.8810 time 0.86s
Epoch: 58/150 Iter: 24/96 loss: 0.2102 acc: 0.8860 time 0.76s
Epoch: 58/150 Iter: 25/96 loss: 0.2242 acc: 0.8683 time 0.70s
Epoch: 58/150 Iter: 26/96 loss: 0.2224 acc: 0.8734 time 0.87s
Epoch: 58/150 Iter: 27/96 loss: 0.2356 acc: 0.8719 time 0.71s
Epoch: 58/150 Iter: 28/96 loss: 0.2563 acc: 0.8631 time 0.70s
Epoch: 58/150 Iter: 29/96 loss: 0.2536 acc: 0.8640 time 0.78s
Epoch: 58/150 Iter: 30/96 loss: 0.2547 acc: 0.8619 time 0.70s
Epoch: 58/150 Iter: 31/96 loss: 0.2493 acc: 0.8663 time 0.70s
Epoch: 58/150 Iter: 32/96 loss: 0.2498 acc: 0.8549 time 0.70s
Epoch: 58/150 Iter: 33/96 loss: 0.2472 acc: 0.8593 time 0.86s
Epoch: 58/150 Iter: 34/96 loss: 0.2661 acc: 0.8560 time 0.86s
Epoch: 58/150 Iter: 35/96 loss: 0.2631 acc: 0.8554 time 0.75s
Epoch: 58/150 Iter: 36/96 loss: 0.2638 acc: 0.8594 time 0.70s
Epoch: 58/150 Iter: 37/96 loss: 0.2584 acc: 0.8632 time 0.69s
Epoch: 58/150 Iter: 38/96 loss: 0.2597 acc: 0.8515 time 0.87s
Epoch: 58/150 Iter: 39/96 loss: 0.2546 acc: 0.8553 time 0.70s
Epoch: 58/150 Iter: 40/96 loss: 0.2665 acc: 0.8506 time 0.75s
Epoch: 58/150 Iter: 41/96 loss: 0.2772 acc: 0.8400 time 0.87s
Epoch: 58/150 Iter: 42/96 loss: 0.2800 acc: 0.8306 time 0.69s
Epoch: 58/150 Iter: 43/96 loss: 0.2815 acc: 0.8322 time 0.80s
Epoch: 58/150 Iter: 44/96 loss: 0.2795 acc: 0.8360 time 0.86s
Epoch: 58/150 Iter: 45/96 loss: 0.3021 acc: 0.8248 time 0.70s
Epoch: 58/150 Iter: 46/96 loss: 0.3095 acc: 0.8264 time 0.69s
Epoch: 58/150 Iter: 47/96 loss: 0.3082 acc: 0.8301 time 0.87s
Epoch: 58/150 Iter: 48/96 loss: 0.3243 acc: 0.8267 time 0.87s
Epoch: 58/150 Iter: 49/96 loss: 0.3244 acc: 0.8252 time 0.87s
Epoch: 58/150 Iter: 50/96 loss: 0.3204 acc: 0.8287 time 0.72s
Epoch: 58/150 Iter: 51/96 loss: 0.3160 acc: 0.8320 time 0.71s
Epoch: 58/150 Iter: 52/96 loss: 0.3105 acc: 0.8353 time 0.74s
Epoch: 58/150 Iter: 53/96 loss: 0.3055 acc: 0.8384 time 0.71s
Epoch: 58/150 Iter: 54/96 loss: 0.3100 acc: 0.8306 time 0.92s
Epoch: 58/150 Iter: 55/96 loss: 0.3164 acc: 0.8235 time 0.69s
Epoch: 58/150 Iter: 56/96 loss: 0.3149 acc: 0.8237 time 0.86s
Epoch: 58/150 Iter: 57/96 loss: 0.3113 acc: 0.8268 time 0.69s
Epoch: 58/150 Iter: 58/96 loss: 0.3084 acc: 0.8255 time 0.86s
Epoch: 58/150 Iter: 59/96 loss: 0.3050 acc: 0.8284 time 0.86s
Epoch: 58/150 Iter: 60/96 loss: 0.3028 acc: 0.8313 time 0.75s
Epoch: 58/150 Iter: 61/96 loss: 0.2986 acc: 0.8341 time 0.87s
Epoch: 58/150 Iter: 62/96 loss: 0.3027 acc: 0.8314 time 0.86s
Epoch: 58/150 Iter: 63/96 loss: 0.3074 acc: 0.8274 time 0.70s
Epoch: 58/150 Iter: 64/96 loss: 0.3063 acc: 0.8282 time 0.71s
Epoch: 58/150 Iter: 65/96 loss: 0.3060 acc: 0.8270 time 0.71s
Epoch: 58/150 Iter: 66/96 loss: 0.3175 acc: 0.8245 time 0.76s
Epoch: 58/150 Iter: 67/96 loss: 0.3178 acc: 0.8234 time 0.74s
Epoch: 58/150 Iter: 68/96 loss: 0.3148 acc: 0.8260 time 0.75s
Epoch: 58/150 Iter: 69/96 loss: 0.3207 acc: 0.8237 time 0.86s
Epoch: 58/150 Iter: 70/96 loss: 0.3269 acc: 0.8215 time 0.72s
Epoch: 58/150 Iter: 71/96 loss: 0.3287 acc: 0.8193 time 0.71s
Epoch: 58/150 Iter: 72/96 loss: 0.3510 acc: 0.8172 time 0.71s
Epoch: 58/150 Iter: 73/96 loss: 0.3502 acc: 0.8183 time 0.79s
Epoch: 58/150 Iter: 74/96 loss: 0.3488 acc: 0.8208 time 0.70s
Epoch: 58/150 Iter: 75/96 loss: 0.3458 acc: 0.8231 time 0.86s
Epoch: 58/150 Iter: 76/96 loss: 0.3703 acc: 0.8167 time 0.92s
Epoch: 58/150 Iter: 77/96 loss: 0.3788 acc: 0.8158 time 0.69s
Epoch: 58/150 Iter: 78/96 loss: 0.3751 acc: 0.8182 time 0.86s
Epoch: 58/150 Iter: 79/96 loss: 0.3753 acc: 0.8170 time 0.70s
Epoch: 58/150 Iter: 80/96 loss: 0.3729 acc: 0.8172 time 0.71s
Epoch: 58/150 Iter: 81/96 loss: 0.3916 acc: 0.8122 time 0.70s
Epoch: 58/150 Iter: 82/96 loss: 0.3872 acc: 0.8145 time 0.86s
Epoch: 58/150 Iter: 83/96 loss: 0.3956 acc: 0.8074 time 0.86s
Epoch: 58/150 Iter: 84/96 loss: 0.3947 acc: 0.8064 time 0.86s
Epoch: 58/150 Iter: 85/96 loss: 0.4039 acc: 0.8008 time 0.71s
Epoch: 58/150 Iter: 86/96 loss: 0.4059 acc: 0.7967 time 0.68s
Epoch: 58/150 Iter: 87/96 loss: 0.4037 acc: 0.7977 time 0.70s
Epoch: 58/150 Iter: 88/96 loss: 0.4048 acc: 0.7981 time 0.70s
Epoch: 58/150 Iter: 89/96 loss: 0.4034 acc: 0.7990 time 0.86s
Epoch: 58/150 Iter: 90/96 loss: 0.4050 acc: 0.7985 time 0.86s
Epoch: 58/150 Iter: 91/96 loss: 0.4093 acc: 0.7952 time 0.86s
Epoch: 58/150 Iter: 92/96 loss: 0.4085 acc: 0.7974 time 0.85s
Epoch: 58/150 Iter: 93/96 loss: 0.4049 acc: 0.7996 time 0.69s
Epoch: 58/150 Iter: 94/96 loss: 0.4023 acc: 0.8017 time 0.70s
Epoch: 58/150 Iter: 95/96 loss: 0.4017 acc: 0.8020 time 0.69s
Epoch: 58/150 Iter: 96/96 loss: 0.4001 acc: 0.8031 time 0.69s
[Train epoch 58] avg_loss=0.4001 avg_acc=0.8031 | per-class [c0: 0.843, c1: 0.833, c2: 0.857]
Final training 58/150, loss: 0.4001, time 75.17s, lr: 0.000715
Accuracy: 0.849
class                  precision    recall   specificity      f1   support
--------------------------------------------------------------------------
0                          0.908     0.843         0.919   0.875       281
1                          0.532     0.833         0.960   0.649        30
2                          0.847     0.857         0.868   0.852       265
*----------------------------------------*
Val 58/150 1/24, Acc: 0.5000, Loss: 4.6415, time 0.68s
Val 58/150 2/24, Acc: 0.5278, Loss: 2.4972, time 0.67s
Val 58/150 3/24, Acc: 0.6296, Loss: 1.7514, time 0.67s
Val 58/150 4/24, Acc: 0.7222, Loss: 1.3589, time 0.67s
Val 58/150 5/24, Acc: 0.7278, Loss: 1.1745, time 0.67s
Val 58/150 6/24, Acc: 0.7523, Loss: 1.0621, time 0.67s
Val 58/150 7/24, Acc: 0.7163, Loss: 1.0214, time 0.67s
Val 58/150 8/24, Acc: 0.7517, Loss: 0.9144, time 0.67s
Val 58/150 9/24, Acc: 0.7349, Loss: 0.8414, time 0.67s
Val 58/150 10/24, Acc: 0.7614, Loss: 0.7728, time 0.67s
Val 58/150 11/24, Acc: 0.7679, Loss: 0.7447, time 0.67s
Val 58/150 12/24, Acc: 0.7387, Loss: 0.7029, time 0.67s
Val 58/150 13/24, Acc: 0.7395, Loss: 0.6827, time 0.67s
Val 58/150 14/24, Acc: 0.7492, Loss: 0.6606, time 0.67s
Val 58/150 15/24, Acc: 0.7493, Loss: 0.6724, time 0.67s
Val 58/150 16/24, Acc: 0.7587, Loss: 0.6525, time 0.67s
Val 58/150 17/24, Acc: 0.7729, Loss: 0.6210, time 0.67s
Val 58/150 18/24, Acc: 0.7855, Loss: 0.5967, time 0.67s
Val 58/150 19/24, Acc: 0.7705, Loss: 0.5787, time 0.67s
Val 58/150 20/24, Acc: 0.7542, Loss: 0.5756, time 0.67s
Val 58/150 21/24, Acc: 0.7599, Loss: 0.5641, time 0.67s
Val 58/150 22/24, Acc: 0.7633, Loss: 0.5511, time 0.67s
Val 58/150 23/24, Acc: 0.7591, Loss: 0.6660, time 0.67s
Val 58/150 24/24, Acc: 0.7622, Loss: 0.6449, time 0.67s
[Val epoch 58] avg_acc=0.7622 | avg_loss=0.6449 | per-class [c0: 0.886, c1: 0.625, c2: 0.803]
Final validation 58/150, Val_acc: 0.7622, time 16.05sAccuracy: 0.833
class                  precision    recall   specificity      f1   support
--------------------------------------------------------------------------
0                          0.873     0.886         0.878   0.879        70
1                          0.500     0.625         0.963   0.556         8
2                          0.841     0.803         0.872   0.822        66
*========================================*
Saving checkpoint outputs/OrganoidsINRIA_XYZ_thinning_128/swinunetr/2026-02-23-11-31/training/model_final.pt
[EarlyStopping] no improve (5/40)
[EarlyStopping] no improve (6/40)
0 Mon Feb 23 12:55:45 2026 Epoch: 59
Epoch: 59/150 Iter: 1/96 loss: 0.1783 acc: 1.0000 time 1.10s
Epoch: 59/150 Iter: 2/96 loss: 0.3290 acc: 0.9000 time 0.86s
Epoch: 59/150 Iter: 3/96 loss: 0.2961 acc: 0.9333 time 0.70s
Epoch: 59/150 Iter: 4/96 loss: 0.4551 acc: 0.8667 time 0.73s
Epoch: 59/150 Iter: 5/96 loss: 0.4251 acc: 0.7767 time 0.87s
Epoch: 59/150 Iter: 6/96 loss: 0.3839 acc: 0.8000 time 0.87s
Epoch: 59/150 Iter: 7/96 loss: 0.3798 acc: 0.8286 time 0.70s
Epoch: 59/150 Iter: 8/96 loss: 0.4357 acc: 0.7771 time 0.87s
Epoch: 59/150 Iter: 9/96 loss: 0.4336 acc: 0.7880 time 0.74s
Epoch: 59/150 Iter: 10/96 loss: 0.4198 acc: 0.7981 time 0.86s
Epoch: 59/150 Iter: 11/96 loss: 0.3945 acc: 0.8164 time 0.70s
Epoch: 59/150 Iter: 12/96 loss: 0.3673 acc: 0.8317 time 0.75s
Epoch: 59/150 Iter: 13/96 loss: 0.3539 acc: 0.8318 time 0.87s
Epoch: 59/150 Iter: 14/96 loss: 0.3671 acc: 0.8121 time 0.77s
Epoch: 59/150 Iter: 15/96 loss: 0.3597 acc: 0.8135 time 0.75s
Epoch: 59/150 Iter: 16/96 loss: 0.3503 acc: 0.8252 time 0.72s
Epoch: 59/150 Iter: 17/96 loss: 0.3847 acc: 0.8028 time 0.86s
Epoch: 59/150 Iter: 18/96 loss: 0.3837 acc: 0.7952 time 0.75s
Epoch: 59/150 Iter: 19/96 loss: 0.3940 acc: 0.7994 time 0.70s
Epoch: 59/150 Iter: 20/96 loss: 0.4117 acc: 0.7861 time 0.69s
Epoch: 59/150 Iter: 21/96 loss: 0.4383 acc: 0.7566 time 0.76s
Epoch: 59/150 Iter: 22/96 loss: 0.4642 acc: 0.7434 time 0.77s
Epoch: 59/150 Iter: 23/96 loss: 0.4539 acc: 0.7353 time 0.69s
Epoch: 59/150 Iter: 24/96 loss: 0.4414 acc: 0.7463 time 0.72s
Epoch: 59/150 Iter: 25/96 loss: 0.4420 acc: 0.7498 time 0.70s
Epoch: 59/150 Iter: 26/96 loss: 0.4316 acc: 0.7562 time 0.87s
Epoch: 59/150 Iter: 27/96 loss: 0.4212 acc: 0.7611 time 0.87s
Epoch: 59/150 Iter: 28/96 loss: 0.4082 acc: 0.7696 time 0.71s
Epoch: 59/150 Iter: 29/96 loss: 0.3948 acc: 0.7776 time 0.75s
Epoch: 59/150 Iter: 30/96 loss: 0.3923 acc: 0.7850 time 0.77s
Epoch: 59/150 Iter: 31/96 loss: 0.3843 acc: 0.7919 time 0.71s
Epoch: 59/150 Iter: 32/96 loss: 0.3857 acc: 0.7811 time 0.69s
Epoch: 59/150 Iter: 33/96 loss: 0.3855 acc: 0.7816 time 0.86s
Epoch: 59/150 Iter: 34/96 loss: 0.3767 acc: 0.7881 time 0.86s
Epoch: 59/150 Iter: 35/96 loss: 0.3762 acc: 0.7917 time 0.87s
Epoch: 59/150 Iter: 36/96 loss: 0.3702 acc: 0.7975 time 0.87s
Epoch: 59/150 Iter: 37/96 loss: 0.3761 acc: 0.7917 time 0.71s
Epoch: 59/150 Iter: 38/96 loss: 0.3724 acc: 0.7946 time 0.69s
Epoch: 59/150 Iter: 39/96 loss: 0.3639 acc: 0.7999 time 0.69s
Epoch: 59/150 Iter: 40/96 loss: 0.3810 acc: 0.7924 time 0.70s
Epoch: 59/150 Iter: 41/96 loss: 0.4057 acc: 0.7873 time 0.74s
Epoch: 59/150 Iter: 42/96 loss: 0.4018 acc: 0.7923 time 0.69s
Epoch: 59/150 Iter: 43/96 loss: 0.3972 acc: 0.7933 time 0.87s
Epoch: 59/150 Iter: 44/96 loss: 0.3888 acc: 0.7980 time 0.82s
Epoch: 59/150 Iter: 45/96 loss: 0.3911 acc: 0.7988 time 0.87s
Epoch: 59/150 Iter: 46/96 loss: 0.3906 acc: 0.8004 time 0.72s
Epoch: 59/150 Iter: 47/96 loss: 0.3884 acc: 0.7952 time 0.70s
Epoch: 59/150 Iter: 48/96 loss: 0.3810 acc: 0.7995 time 0.87s
Epoch: 59/150 Iter: 49/96 loss: 0.3783 acc: 0.8010 time 0.86s
Epoch: 59/150 Iter: 50/96 loss: 0.3714 acc: 0.8050 time 0.70s
Epoch: 59/150 Iter: 51/96 loss: 0.3724 acc: 0.7944 time 0.77s
Epoch: 59/150 Iter: 52/96 loss: 0.3657 acc: 0.7984 time 0.72s
Epoch: 59/150 Iter: 53/96 loss: 0.3593 acc: 0.8022 time 0.87s
Epoch: 59/150 Iter: 54/96 loss: 0.3529 acc: 0.8059 time 0.77s
Epoch: 59/150 Iter: 55/96 loss: 0.3494 acc: 0.8094 time 0.75s
Epoch: 59/150 Iter: 56/96 loss: 0.3453 acc: 0.8128 time 0.93s
Epoch: 59/150 Iter: 57/96 loss: 0.3412 acc: 0.8161 time 0.74s
Epoch: 59/150 Iter: 58/96 loss: 0.3482 acc: 0.8149 time 0.87s
Epoch: 59/150 Iter: 59/96 loss: 0.3469 acc: 0.8160 time 0.86s
Epoch: 59/150 Iter: 60/96 loss: 0.3527 acc: 0.8163 time 0.69s
Epoch: 59/150 Iter: 61/96 loss: 0.3514 acc: 0.8147 time 0.86s
Epoch: 59/150 Iter: 62/96 loss: 0.3549 acc: 0.8145 time 0.86s
Epoch: 59/150 Iter: 63/96 loss: 0.3506 acc: 0.8174 time 0.74s
Epoch: 59/150 Iter: 64/96 loss: 0.3460 acc: 0.8203 time 0.87s
Epoch: 59/150 Iter: 65/96 loss: 0.3509 acc: 0.8211 time 0.76s
Epoch: 59/150 Iter: 66/96 loss: 0.3540 acc: 0.8188 time 0.69s
Epoch: 59/150 Iter: 67/96 loss: 0.3530 acc: 0.8198 time 0.86s
Epoch: 59/150 Iter: 68/96 loss: 0.3502 acc: 0.8176 time 0.87s
Epoch: 59/150 Iter: 69/96 loss: 0.3557 acc: 0.8154 time 0.77s
Epoch: 59/150 Iter: 70/96 loss: 0.3528 acc: 0.8180 time 0.69s
Epoch: 59/150 Iter: 71/96 loss: 0.3506 acc: 0.8182 time 0.69s
Epoch: 59/150 Iter: 72/96 loss: 0.3532 acc: 0.8190 time 0.70s
Epoch: 59/150 Iter: 73/96 loss: 0.3509 acc: 0.8215 time 0.86s
Epoch: 59/150 Iter: 74/96 loss: 0.3465 acc: 0.8239 time 0.71s
Epoch: 59/150 Iter: 75/96 loss: 0.3461 acc: 0.8218 time 0.87s
Epoch: 59/150 Iter: 76/96 loss: 0.3453 acc: 0.8209 time 0.69s
Epoch: 59/150 Iter: 77/96 loss: 0.3508 acc: 0.8174 time 0.74s
Epoch: 59/150 Iter: 78/96 loss: 0.3477 acc: 0.8198 time 0.72s
Epoch: 59/150 Iter: 79/96 loss: 0.3441 acc: 0.8220 time 0.69s
Epoch: 59/150 Iter: 80/96 loss: 0.3505 acc: 0.8201 time 0.87s
Epoch: 59/150 Iter: 81/96 loss: 0.3483 acc: 0.8223 time 0.85s
Epoch: 59/150 Iter: 82/96 loss: 0.3471 acc: 0.8225 time 0.69s
Epoch: 59/150 Iter: 83/96 loss: 0.3484 acc: 0.8226 time 0.70s
Epoch: 59/150 Iter: 84/96 loss: 0.3480 acc: 0.8199 time 0.86s
Epoch: 59/150 Iter: 85/96 loss: 0.3446 acc: 0.8221 time 0.86s
Epoch: 59/150 Iter: 86/96 loss: 0.3421 acc: 0.8241 time 0.71s
Epoch: 59/150 Iter: 87/96 loss: 0.3397 acc: 0.8261 time 0.85s
Epoch: 59/150 Iter: 88/96 loss: 0.3408 acc: 0.8224 time 0.69s
Epoch: 59/150 Iter: 89/96 loss: 0.3445 acc: 0.8192 time 0.86s
Epoch: 59/150 Iter: 90/96 loss: 0.3433 acc: 0.8156 time 0.86s
Epoch: 59/150 Iter: 91/96 loss: 0.3403 acc: 0.8177 time 0.69s
Epoch: 59/150 Iter: 92/96 loss: 0.3432 acc: 0.8169 time 0.70s
Epoch: 59/150 Iter: 93/96 loss: 0.3439 acc: 0.8171 time 0.70s
Epoch: 59/150 Iter: 94/96 loss: 0.3441 acc: 0.8179 time 0.70s
Epoch: 59/150 Iter: 95/96 loss: 0.3419 acc: 0.8198 time 0.69s
Epoch: 59/150 Iter: 96/96 loss: 0.3506 acc: 0.8147 time 0.86s
[Train epoch 59] avg_loss=0.3506 avg_acc=0.8147 | per-class [c0: 0.843, c1: 0.867, c2: 0.857]
Final training 59/150, loss: 0.3506, time 74.76s, lr: 0.000705
Accuracy: 0.851
class                  precision    recall   specificity      f1   support
--------------------------------------------------------------------------
0                          0.915     0.843         0.926   0.877       280
1                          0.542     0.867         0.960   0.667        30
2                          0.844     0.857         0.865   0.851       266
*----------------------------------------*
0 Mon Feb 23 12:57:00 2026 Epoch: 60
Epoch: 60/150 Iter: 1/96 loss: 0.6249 acc: 0.6667 time 0.99s
Epoch: 60/150 Iter: 2/96 loss: 0.3298 acc: 0.8333 time 0.72s
Epoch: 60/150 Iter: 3/96 loss: 0.2640 acc: 0.8889 time 0.74s
Epoch: 60/150 Iter: 4/96 loss: 0.2495 acc: 0.8958 time 0.78s
Epoch: 60/150 Iter: 5/96 loss: 0.2813 acc: 0.8333 time 0.92s
Epoch: 60/150 Iter: 6/96 loss: 0.3663 acc: 0.7778 time 0.74s
Epoch: 60/150 Iter: 7/96 loss: 0.3407 acc: 0.7857 time 0.76s
Epoch: 60/150 Iter: 8/96 loss: 0.3060 acc: 0.8125 time 0.86s
Epoch: 60/150 Iter: 9/96 loss: 0.2999 acc: 0.8148 time 0.70s
Epoch: 60/150 Iter: 10/96 loss: 0.2959 acc: 0.8333 time 0.70s
Epoch: 60/150 Iter: 11/96 loss: 0.2776 acc: 0.8384 time 0.73s
Epoch: 60/150 Iter: 12/96 loss: 0.2834 acc: 0.8171 time 0.84s
Epoch: 60/150 Iter: 13/96 loss: 0.2906 acc: 0.7953 time 0.86s
Epoch: 60/150 Iter: 14/96 loss: 0.2738 acc: 0.8099 time 0.69s
Epoch: 60/150 Iter: 15/96 loss: 0.2594 acc: 0.8226 time 0.75s
Epoch: 60/150 Iter: 16/96 loss: 0.2539 acc: 0.8337 time 0.71s
Epoch: 60/150 Iter: 17/96 loss: 0.2411 acc: 0.8435 time 0.86s
Epoch: 60/150 Iter: 18/96 loss: 0.2311 acc: 0.8522 time 0.87s
Epoch: 60/150 Iter: 19/96 loss: 0.2273 acc: 0.8599 time 0.71s
Epoch: 60/150 Iter: 20/96 loss: 0.2330 acc: 0.8531 time 0.86s
Epoch: 60/150 Iter: 21/96 loss: 0.2239 acc: 0.8601 time 0.86s
Epoch: 60/150 Iter: 22/96 loss: 0.2286 acc: 0.8399 time 0.69s
Epoch: 60/150 Iter: 23/96 loss: 0.2210 acc: 0.8469 time 0.86s
Epoch: 60/150 Iter: 24/96 loss: 0.2296 acc: 0.8324 time 0.70s
Epoch: 60/150 Iter: 25/96 loss: 0.2347 acc: 0.8347 time 0.71s
Epoch: 60/150 Iter: 26/96 loss: 0.2385 acc: 0.8314 time 0.70s
Epoch: 60/150 Iter: 27/96 loss: 0.2539 acc: 0.8284 time 0.87s
Epoch: 60/150 Iter: 28/96 loss: 0.2580 acc: 0.8301 time 0.70s
Epoch: 60/150 Iter: 29/96 loss: 0.2780 acc: 0.8148 time 0.87s
Epoch: 60/150 Iter: 30/96 loss: 0.2724 acc: 0.8210 time 0.71s
Epoch: 60/150 Iter: 31/96 loss: 0.2649 acc: 0.8268 time 0.93s
Epoch: 60/150 Iter: 32/96 loss: 0.2615 acc: 0.8322 time 0.86s
Epoch: 60/150 Iter: 33/96 loss: 0.2569 acc: 0.8373 time 0.75s
Epoch: 60/150 Iter: 34/96 loss: 0.2647 acc: 0.8323 time 0.87s
Epoch: 60/150 Iter: 35/96 loss: 0.2579 acc: 0.8371 time 0.87s
Epoch: 60/150 Iter: 36/96 loss: 0.2643 acc: 0.8370 time 0.70s
Epoch: 60/150 Iter: 37/96 loss: 0.2586 acc: 0.8414 time 0.75s
Epoch: 60/150 Iter: 38/96 loss: 0.2647 acc: 0.8390 time 0.69s
Epoch: 60/150 Iter: 39/96 loss: 0.2594 acc: 0.8431 time 0.87s
Epoch: 60/150 Iter: 40/96 loss: 0.2577 acc: 0.8439 time 0.70s
Epoch: 60/150 Iter: 41/96 loss: 0.2623 acc: 0.8436 time 0.87s
Epoch: 60/150 Iter: 42/96 loss: 0.2687 acc: 0.8368 time 0.70s
Epoch: 60/150 Iter: 43/96 loss: 0.2732 acc: 0.8377 time 0.81s
Epoch: 60/150 Iter: 44/96 loss: 0.2729 acc: 0.8338 time 0.69s
Epoch: 60/150 Iter: 45/96 loss: 0.2678 acc: 0.8375 time 0.75s
Epoch: 60/150 Iter: 46/96 loss: 0.2632 acc: 0.8410 time 0.87s
Epoch: 60/150 Iter: 47/96 loss: 0.2707 acc: 0.8401 time 0.70s
Epoch: 60/150 Iter: 48/96 loss: 0.2685 acc: 0.8411 time 0.72s
Epoch: 60/150 Iter: 49/96 loss: 0.2678 acc: 0.8393 time 0.86s
Epoch: 60/150 Iter: 50/96 loss: 0.2635 acc: 0.8425 time 0.71s
Epoch: 60/150 Iter: 51/96 loss: 0.2621 acc: 0.8412 time 0.70s
Epoch: 60/150 Iter: 52/96 loss: 0.2754 acc: 0.8336 time 0.75s
Epoch: 60/150 Iter: 53/96 loss: 0.2725 acc: 0.8367 time 0.88s
Epoch: 60/150 Iter: 54/96 loss: 0.2680 acc: 0.8398 time 0.71s
Epoch: 60/150 Iter: 55/96 loss: 0.2756 acc: 0.8326 time 0.76s
Epoch: 60/150 Iter: 56/96 loss: 0.2787 acc: 0.8333 time 0.70s
Epoch: 60/150 Iter: 57/96 loss: 0.2783 acc: 0.8333 time 0.70s
Epoch: 60/150 Iter: 58/96 loss: 0.2748 acc: 0.8362 time 0.74s
Epoch: 60/150 Iter: 59/96 loss: 0.2730 acc: 0.8390 time 0.71s
Epoch: 60/150 Iter: 60/96 loss: 0.2698 acc: 0.8417 time 0.74s
Epoch: 60/150 Iter: 61/96 loss: 0.2690 acc: 0.8429 time 0.77s
Epoch: 60/150 Iter: 62/96 loss: 0.2664 acc: 0.8454 time 0.86s
Epoch: 60/150 Iter: 63/96 loss: 0.2713 acc: 0.8459 time 0.70s
Epoch: 60/150 Iter: 64/96 loss: 0.2688 acc: 0.8483 time 0.87s
Epoch: 60/150 Iter: 65/96 loss: 0.2749 acc: 0.8481 time 0.77s
Epoch: 60/150 Iter: 66/96 loss: 0.2739 acc: 0.8504 time 0.89s
Epoch: 60/150 Iter: 67/96 loss: 0.2877 acc: 0.8407 time 0.86s
Epoch: 60/150 Iter: 68/96 loss: 0.2851 acc: 0.8430 time 0.87s
Epoch: 60/150 Iter: 69/96 loss: 0.2853 acc: 0.8437 time 0.96s
Epoch: 60/150 Iter: 70/96 loss: 0.2832 acc: 0.8459 time 0.88s
Epoch: 60/150 Iter: 71/96 loss: 0.2822 acc: 0.8469 time 0.86s
Epoch: 60/150 Iter: 72/96 loss: 0.2862 acc: 0.8413 time 0.86s
Epoch: 60/150 Iter: 73/96 loss: 0.2890 acc: 0.8418 time 0.70s
Epoch: 60/150 Iter: 74/96 loss: 0.2885 acc: 0.8424 time 0.69s
Epoch: 60/150 Iter: 75/96 loss: 0.2878 acc: 0.8423 time 0.71s
Epoch: 60/150 Iter: 76/96 loss: 0.2857 acc: 0.8444 time 0.74s
Epoch: 60/150 Iter: 77/96 loss: 0.2906 acc: 0.8448 time 0.86s
Epoch: 60/150 Iter: 78/96 loss: 0.2996 acc: 0.8393 time 0.70s
Epoch: 60/150 Iter: 79/96 loss: 0.2965 acc: 0.8413 time 0.72s
Epoch: 60/150 Iter: 80/96 loss: 0.2945 acc: 0.8433 time 0.78s
Epoch: 60/150 Iter: 81/96 loss: 0.2969 acc: 0.8411 time 0.86s
Epoch: 60/150 Iter: 82/96 loss: 0.2965 acc: 0.8410 time 0.86s
Epoch: 60/150 Iter: 83/96 loss: 0.3011 acc: 0.8414 time 0.69s
Epoch: 60/150 Iter: 84/96 loss: 0.3073 acc: 0.8380 time 0.86s
Epoch: 60/150 Iter: 85/96 loss: 0.3109 acc: 0.8360 time 0.86s
Epoch: 60/150 Iter: 86/96 loss: 0.3101 acc: 0.8365 time 0.70s
Epoch: 60/150 Iter: 87/96 loss: 0.3096 acc: 0.8369 time 0.86s
Epoch: 60/150 Iter: 88/96 loss: 0.3083 acc: 0.8388 time 0.70s
Epoch: 60/150 Iter: 89/96 loss: 0.3144 acc: 0.8343 time 0.86s
Epoch: 60/150 Iter: 90/96 loss: 0.3129 acc: 0.8362 time 0.71s
Epoch: 60/150 Iter: 91/96 loss: 0.3109 acc: 0.8380 time 0.69s
Epoch: 60/150 Iter: 92/96 loss: 0.3153 acc: 0.8361 time 0.86s
Epoch: 60/150 Iter: 93/96 loss: 0.3183 acc: 0.8325 time 0.86s
Epoch: 60/150 Iter: 94/96 loss: 0.3159 acc: 0.8343 time 0.86s
Epoch: 60/150 Iter: 95/96 loss: 0.3147 acc: 0.8360 time 0.86s
Epoch: 60/150 Iter: 96/96 loss: 0.3135 acc: 0.8377 time 0.86s
[Train epoch 60] avg_loss=0.3135 avg_acc=0.8377 | per-class [c0: 0.868, c1: 0.867, c2: 0.865]
Final training 60/150, loss: 0.3135, time 75.61s, lr: 0.000695
Accuracy: 0.866
class                  precision    recall   specificity      f1   support
--------------------------------------------------------------------------
0                          0.907     0.868         0.916   0.887       280
1                          0.605     0.867         0.969   0.712        30
2                          0.868     0.865         0.887   0.866       266
*----------------------------------------*
Val 60/150 1/24, Acc: 0.5000, Loss: 4.4711, time 0.67s
Val 60/150 2/24, Acc: 0.5278, Loss: 2.4681, time 0.67s
Val 60/150 3/24, Acc: 0.5926, Loss: 1.7344, time 0.67s
Val 60/150 4/24, Acc: 0.6944, Loss: 1.3390, time 0.67s
Val 60/150 5/24, Acc: 0.7056, Loss: 1.1489, time 0.67s
Val 60/150 6/24, Acc: 0.7546, Loss: 0.9725, time 0.67s
Val 60/150 7/24, Acc: 0.7302, Loss: 0.9303, time 0.67s
Val 60/150 8/24, Acc: 0.7639, Loss: 0.8222, time 0.67s
Val 60/150 9/24, Acc: 0.7457, Loss: 0.7488, time 0.67s
Val 60/150 10/24, Acc: 0.7711, Loss: 0.6818, time 0.67s
Val 60/150 11/24, Acc: 0.7616, Loss: 0.6479, time 0.67s
Val 60/150 12/24, Acc: 0.7329, Loss: 0.6164, time 0.69s
Val 60/150 13/24, Acc: 0.7150, Loss: 0.6097, time 0.67s
Val 60/150 14/24, Acc: 0.7264, Loss: 0.5951, time 0.67s
Val 60/150 15/24, Acc: 0.7391, Loss: 0.6033, time 0.67s
Val 60/150 16/24, Acc: 0.7491, Loss: 0.5804, time 0.67s
Val 60/150 17/24, Acc: 0.7639, Loss: 0.5542, time 0.67s
Val 60/150 18/24, Acc: 0.7701, Loss: 0.5364, time 0.67s
Val 60/150 19/24, Acc: 0.7822, Loss: 0.5148, time 0.67s
Val 60/150 20/24, Acc: 0.7708, Loss: 0.5229, time 0.67s
Val 60/150 21/24, Acc: 0.7758, Loss: 0.5128, time 0.67s
Val 60/150 22/24, Acc: 0.7784, Loss: 0.5028, time 0.67s
Val 60/150 23/24, Acc: 0.7663, Loss: 0.6128, time 0.67s
Val 60/150 24/24, Acc: 0.7645, Loss: 0.6003, time 0.67s
[Val epoch 60] avg_acc=0.7645 | avg_loss=0.6003 | per-class [c0: 0.871, c1: 0.750, c2: 0.833]
Final validation 60/150, Val_acc: 0.7645, time 16.06sAccuracy: 0.847
class                  precision    recall   specificity      f1   support
--------------------------------------------------------------------------
0                          0.924     0.871         0.932   0.897        70
1                          0.429     0.750         0.941   0.545         8
2                          0.859     0.833         0.885   0.846        66
*========================================*
Saving checkpoint outputs/OrganoidsINRIA_XYZ_thinning_128/swinunetr/2026-02-23-11-31/training/model_final.pt
[EarlyStopping] no improve (6/40)
[EarlyStopping] no improve (7/40)
0 Mon Feb 23 12:58:37 2026 Epoch: 61
Epoch: 61/150 Iter: 1/96 loss: 0.1769 acc: 1.0000 time 1.18s
Epoch: 61/150 Iter: 2/96 loss: 0.2894 acc: 0.8333 time 0.76s
Epoch: 61/150 Iter: 3/96 loss: 0.3374 acc: 0.8333 time 0.87s
Epoch: 61/150 Iter: 4/96 loss: 0.2957 acc: 0.8333 time 0.87s
Epoch: 61/150 Iter: 5/96 loss: 0.3771 acc: 0.7778 time 0.87s
Epoch: 61/150 Iter: 6/96 loss: 0.3587 acc: 0.8148 time 0.70s
Epoch: 61/150 Iter: 7/96 loss: 0.3312 acc: 0.8175 time 0.70s
Epoch: 61/150 Iter: 8/96 loss: 0.2961 acc: 0.8403 time 0.72s
Epoch: 61/150 Iter: 9/96 loss: 0.3402 acc: 0.7840 time 0.78s
Epoch: 61/150 Iter: 10/96 loss: 0.3506 acc: 0.7806 time 0.87s
Epoch: 61/150 Iter: 11/96 loss: 0.3323 acc: 0.8005 time 0.86s
Epoch: 61/150 Iter: 12/96 loss: 0.3518 acc: 0.7894 time 0.69s
Epoch: 61/150 Iter: 13/96 loss: 0.3521 acc: 0.7799 time 0.70s
Epoch: 61/150 Iter: 14/96 loss: 0.3341 acc: 0.7956 time 0.78s
Epoch: 61/150 Iter: 15/96 loss: 0.3159 acc: 0.8093 time 0.72s
Epoch: 61/150 Iter: 16/96 loss: 0.3064 acc: 0.8108 time 0.86s
Epoch: 61/150 Iter: 17/96 loss: 0.3041 acc: 0.7876 time 0.73s
Epoch: 61/150 Iter: 18/96 loss: 0.3207 acc: 0.7901 time 0.72s
Epoch: 61/150 Iter: 19/96 loss: 0.3208 acc: 0.7895 time 0.74s
Epoch: 61/150 Iter: 20/96 loss: 0.3305 acc: 0.7938 time 0.87s
Epoch: 61/150 Iter: 21/96 loss: 0.3485 acc: 0.7718 time 0.70s
Epoch: 61/150 Iter: 22/96 loss: 0.3559 acc: 0.7746 time 0.70s
Epoch: 61/150 Iter: 23/96 loss: 0.3745 acc: 0.7681 time 0.87s
Epoch: 61/150 Iter: 24/96 loss: 0.3628 acc: 0.7778 time 0.86s
Epoch: 61/150 Iter: 25/96 loss: 0.3800 acc: 0.7733 time 0.86s
Epoch: 61/150 Iter: 26/96 loss: 0.3780 acc: 0.7821 time 0.74s
Epoch: 61/150 Iter: 27/96 loss: 0.3743 acc: 0.7809 time 0.86s
Epoch: 61/150 Iter: 28/96 loss: 0.3675 acc: 0.7887 time 0.73s
Epoch: 61/150 Iter: 29/96 loss: 0.3678 acc: 0.7917 time 0.70s
Epoch: 61/150 Iter: 30/96 loss: 0.3599 acc: 0.7958 time 0.87s
Epoch: 61/150 Iter: 31/96 loss: 0.3551 acc: 0.7953 time 0.89s
Epoch: 61/150 Iter: 32/96 loss: 0.3462 acc: 0.8016 time 0.86s
Epoch: 61/150 Iter: 33/96 loss: 0.3432 acc: 0.8001 time 0.86s
Epoch: 61/150 Iter: 34/96 loss: 0.3420 acc: 0.7986 time 0.74s
Epoch: 61/150 Iter: 35/96 loss: 0.3336 acc: 0.8044 time 0.73s
Epoch: 61/150 Iter: 36/96 loss: 0.3363 acc: 0.7944 time 0.87s
Epoch: 61/150 Iter: 37/96 loss: 0.3300 acc: 0.7999 time 0.86s
Epoch: 61/150 Iter: 38/96 loss: 0.3293 acc: 0.8008 time 0.71s
Epoch: 61/150 Iter: 39/96 loss: 0.3308 acc: 0.8033 time 0.75s
Epoch: 61/150 Iter: 40/96 loss: 0.3250 acc: 0.8083 time 0.71s
Epoch: 61/150 Iter: 41/96 loss: 0.3175 acc: 0.8129 time 0.70s
Epoch: 61/150 Iter: 42/96 loss: 0.3102 acc: 0.8174 time 0.87s
Epoch: 61/150 Iter: 43/96 loss: 0.3129 acc: 0.8087 time 0.94s
Epoch: 61/150 Iter: 44/96 loss: 0.3104 acc: 0.8093 time 0.70s
Epoch: 61/150 Iter: 45/96 loss: 0.3117 acc: 0.8098 time 0.70s
Epoch: 61/150 Iter: 46/96 loss: 0.3073 acc: 0.8139 time 0.69s
Epoch: 61/150 Iter: 47/96 loss: 0.3015 acc: 0.8179 time 0.87s
Epoch: 61/150 Iter: 48/96 loss: 0.2955 acc: 0.8217 time 0.86s
Epoch: 61/150 Iter: 49/96 loss: 0.3135 acc: 0.8185 time 0.70s
Epoch: 61/150 Iter: 50/96 loss: 0.3113 acc: 0.8199 time 0.70s
Epoch: 61/150 Iter: 51/96 loss: 0.3084 acc: 0.8235 time 0.70s
Epoch: 61/150 Iter: 52/96 loss: 0.3072 acc: 0.8237 time 0.74s
Epoch: 61/150 Iter: 53/96 loss: 0.3028 acc: 0.8270 time 0.69s
Epoch: 61/150 Iter: 54/96 loss: 0.2977 acc: 0.8302 time 0.88s
Epoch: 61/150 Iter: 55/96 loss: 0.2934 acc: 0.8333 time 0.71s
Epoch: 61/150 Iter: 56/96 loss: 0.3029 acc: 0.8273 time 0.72s
Epoch: 61/150 Iter: 57/96 loss: 0.3022 acc: 0.8255 time 0.70s
Epoch: 61/150 Iter: 58/96 loss: 0.3015 acc: 0.8268 time 0.87s
Epoch: 61/150 Iter: 59/96 loss: 0.3023 acc: 0.8269 time 0.71s
Epoch: 61/150 Iter: 60/96 loss: 0.2977 acc: 0.8298 time 0.70s
Epoch: 61/150 Iter: 61/96 loss: 0.3411 acc: 0.8253 time 0.87s
Epoch: 61/150 Iter: 62/96 loss: 0.3372 acc: 0.8281 time 0.73s
Epoch: 61/150 Iter: 63/96 loss: 0.3406 acc: 0.8292 time 0.72s
Epoch: 61/150 Iter: 64/96 loss: 0.3468 acc: 0.8267 time 0.80s
Epoch: 61/150 Iter: 65/96 loss: 0.3459 acc: 0.8276 time 0.73s
Epoch: 61/150 Iter: 66/96 loss: 0.3489 acc: 0.8227 time 0.74s
Epoch: 61/150 Iter: 67/96 loss: 0.3448 acc: 0.8253 time 0.75s
Epoch: 61/150 Iter: 68/96 loss: 0.3415 acc: 0.8279 time 0.92s
Epoch: 61/150 Iter: 69/96 loss: 0.3382 acc: 0.8304 time 0.71s
Epoch: 61/150 Iter: 70/96 loss: 0.3361 acc: 0.8271 time 0.69s
Epoch: 61/150 Iter: 71/96 loss: 0.3316 acc: 0.8295 time 0.78s
Epoch: 61/150 Iter: 72/96 loss: 0.3298 acc: 0.8284 time 0.86s
Epoch: 61/150 Iter: 73/96 loss: 0.3275 acc: 0.8251 time 0.86s
Epoch: 61/150 Iter: 74/96 loss: 0.3240 acc: 0.8274 time 0.86s
Epoch: 61/150 Iter: 75/96 loss: 0.3212 acc: 0.8297 time 0.87s
Epoch: 61/150 Iter: 76/96 loss: 0.3209 acc: 0.8305 time 0.76s
Epoch: 61/150 Iter: 77/96 loss: 0.3182 acc: 0.8327 time 0.70s
Epoch: 61/150 Iter: 78/96 loss: 0.3458 acc: 0.8285 time 0.75s
Epoch: 61/150 Iter: 79/96 loss: 0.3443 acc: 0.8296 time 0.71s
Epoch: 61/150 Iter: 80/96 loss: 0.3528 acc: 0.8248 time 0.77s
Epoch: 61/150 Iter: 81/96 loss: 0.3515 acc: 0.8249 time 0.69s
Epoch: 61/150 Iter: 82/96 loss: 0.3504 acc: 0.8270 time 0.85s
Epoch: 61/150 Iter: 83/96 loss: 0.3483 acc: 0.8291 time 0.69s
Epoch: 61/150 Iter: 84/96 loss: 0.3499 acc: 0.8298 time 0.86s
Epoch: 61/150 Iter: 85/96 loss: 0.3476 acc: 0.8318 time 0.69s
Epoch: 61/150 Iter: 86/96 loss: 0.3488 acc: 0.8279 time 0.70s
Epoch: 61/150 Iter: 87/96 loss: 0.3560 acc: 0.8242 time 0.70s
Epoch: 61/150 Iter: 88/96 loss: 0.3590 acc: 0.8195 time 0.70s
Epoch: 61/150 Iter: 89/96 loss: 0.3559 acc: 0.8216 time 0.70s
Epoch: 61/150 Iter: 90/96 loss: 0.3535 acc: 0.8223 time 0.68s
Epoch: 61/150 Iter: 91/96 loss: 0.3554 acc: 0.8206 time 0.69s
Epoch: 61/150 Iter: 92/96 loss: 0.3618 acc: 0.8185 time 0.68s
Epoch: 61/150 Iter: 93/96 loss: 0.3673 acc: 0.8154 time 0.69s
Epoch: 61/150 Iter: 94/96 loss: 0.3742 acc: 0.8138 time 0.71s
Epoch: 61/150 Iter: 95/96 loss: 0.3759 acc: 0.8105 time 0.86s
Epoch: 61/150 Iter: 96/96 loss: 0.3743 acc: 0.8112 time 0.86s
[Train epoch 61] avg_loss=0.3743 avg_acc=0.8112 | per-class [c0: 0.854, c1: 0.833, c2: 0.853]
Final training 61/150, loss: 0.3743, time 74.38s, lr: 0.000685
Accuracy: 0.852
class                  precision    recall   specificity      f1   support
--------------------------------------------------------------------------
0                          0.898     0.854         0.909   0.875       280
1                          0.556     0.833         0.963   0.667        30
2                          0.857     0.853         0.877   0.855       266
*----------------------------------------*
0 Mon Feb 23 12:59:52 2026 Epoch: 62
Epoch: 62/150 Iter: 1/96 loss: 0.2638 acc: 0.8889 time 1.21s
Epoch: 62/150 Iter: 2/96 loss: 0.2571 acc: 0.8611 time 0.87s
Epoch: 62/150 Iter: 3/96 loss: 0.2784 acc: 0.8657 time 0.70s
Epoch: 62/150 Iter: 4/96 loss: 0.2893 acc: 0.7951 time 0.72s
Epoch: 62/150 Iter: 5/96 loss: 0.4440 acc: 0.7611 time 0.70s
Epoch: 62/150 Iter: 6/96 loss: 0.5915 acc: 0.7037 time 0.70s
Epoch: 62/150 Iter: 7/96 loss: 0.6342 acc: 0.7103 time 0.75s
Epoch: 62/150 Iter: 8/96 loss: 0.5677 acc: 0.7465 time 0.77s
Epoch: 62/150 Iter: 9/96 loss: 0.5191 acc: 0.7747 time 0.75s
Epoch: 62/150 Iter: 10/96 loss: 0.5108 acc: 0.7972 time 0.71s
Epoch: 62/150 Iter: 11/96 loss: 0.5057 acc: 0.8066 time 0.74s
Epoch: 62/150 Iter: 12/96 loss: 0.4928 acc: 0.8123 time 0.77s
Epoch: 62/150 Iter: 13/96 loss: 0.4997 acc: 0.8075 time 0.70s
Epoch: 62/150 Iter: 14/96 loss: 0.4893 acc: 0.8093 time 0.86s
Epoch: 62/150 Iter: 15/96 loss: 0.5018 acc: 0.7887 time 0.75s
Epoch: 62/150 Iter: 16/96 loss: 0.4852 acc: 0.7941 time 0.86s
Epoch: 62/150 Iter: 17/96 loss: 0.4759 acc: 0.7915 time 0.87s
Epoch: 62/150 Iter: 18/96 loss: 0.4600 acc: 0.8031 time 0.70s
Epoch: 62/150 Iter: 19/96 loss: 0.4569 acc: 0.8069 time 0.70s
Epoch: 62/150 Iter: 20/96 loss: 0.4510 acc: 0.8103 time 0.70s
Epoch: 62/150 Iter: 21/96 loss: 0.4575 acc: 0.8134 time 0.82s
Epoch: 62/150 Iter: 22/96 loss: 0.4770 acc: 0.8143 time 0.87s
Epoch: 62/150 Iter: 23/96 loss: 0.4629 acc: 0.8151 time 0.76s
Epoch: 62/150 Iter: 24/96 loss: 0.4669 acc: 0.8089 time 0.81s
Epoch: 62/150 Iter: 25/96 loss: 0.4615 acc: 0.8066 time 0.71s
Epoch: 62/150 Iter: 26/96 loss: 0.4818 acc: 0.7986 time 0.77s
Epoch: 62/150 Iter: 27/96 loss: 0.4717 acc: 0.8061 time 0.71s
Epoch: 62/150 Iter: 28/96 loss: 0.4619 acc: 0.8070 time 0.86s
Epoch: 62/150 Iter: 29/96 loss: 0.4480 acc: 0.8137 time 0.69s
Epoch: 62/150 Iter: 30/96 loss: 0.4555 acc: 0.8144 time 0.74s
Epoch: 62/150 Iter: 31/96 loss: 0.4430 acc: 0.8203 time 0.87s
Epoch: 62/150 Iter: 32/96 loss: 0.4403 acc: 0.8220 time 0.69s
Epoch: 62/150 Iter: 33/96 loss: 0.4289 acc: 0.8274 time 0.77s
Epoch: 62/150 Iter: 34/96 loss: 0.4191 acc: 0.8325 time 0.86s
Epoch: 62/150 Iter: 35/96 loss: 0.4089 acc: 0.8373 time 0.87s
Epoch: 62/150 Iter: 36/96 loss: 0.4078 acc: 0.8279 time 0.87s
Epoch: 62/150 Iter: 37/96 loss: 0.4041 acc: 0.8258 time 0.69s
Epoch: 62/150 Iter: 38/96 loss: 0.3962 acc: 0.8304 time 0.69s
Epoch: 62/150 Iter: 39/96 loss: 0.3913 acc: 0.8219 time 0.86s
Epoch: 62/150 Iter: 40/96 loss: 0.3873 acc: 0.8264 time 0.71s
Epoch: 62/150 Iter: 41/96 loss: 0.3932 acc: 0.8164 time 0.77s
Epoch: 62/150 Iter: 42/96 loss: 0.3859 acc: 0.8208 time 0.77s
Epoch: 62/150 Iter: 43/96 loss: 0.3899 acc: 0.8120 time 0.86s
Epoch: 62/150 Iter: 44/96 loss: 0.4057 acc: 0.8030 time 0.87s
Epoch: 62/150 Iter: 45/96 loss: 0.4060 acc: 0.8019 time 0.71s
Epoch: 62/150 Iter: 46/96 loss: 0.3996 acc: 0.8062 time 0.87s
Epoch: 62/150 Iter: 47/96 loss: 0.4092 acc: 0.7933 time 0.71s
Epoch: 62/150 Iter: 48/96 loss: 0.4022 acc: 0.7976 time 0.79s
Epoch: 62/150 Iter: 49/96 loss: 0.4099 acc: 0.7983 time 0.74s
Epoch: 62/150 Iter: 50/96 loss: 0.4099 acc: 0.7990 time 0.87s
Epoch: 62/150 Iter: 51/96 loss: 0.4108 acc: 0.7951 time 0.87s
Epoch: 62/150 Iter: 52/96 loss: 0.4137 acc: 0.7926 time 0.75s
Epoch: 62/150 Iter: 53/96 loss: 0.4117 acc: 0.7928 time 0.72s
Epoch: 62/150 Iter: 54/96 loss: 0.4155 acc: 0.7935 time 0.76s
Epoch: 62/150 Iter: 55/96 loss: 0.4181 acc: 0.7942 time 0.70s
Epoch: 62/150 Iter: 56/96 loss: 0.4168 acc: 0.7949 time 0.76s
Epoch: 62/150 Iter: 57/96 loss: 0.4114 acc: 0.7985 time 0.70s
Epoch: 62/150 Iter: 58/96 loss: 0.4065 acc: 0.8020 time 0.86s
Epoch: 62/150 Iter: 59/96 loss: 0.4003 acc: 0.8054 time 0.74s
Epoch: 62/150 Iter: 60/96 loss: 0.3964 acc: 0.8058 time 0.71s
Epoch: 62/150 Iter: 61/96 loss: 0.3965 acc: 0.8063 time 0.75s
Epoch: 62/150 Iter: 62/96 loss: 0.3911 acc: 0.8094 time 0.69s
Epoch: 62/150 Iter: 63/96 loss: 0.3876 acc: 0.8108 time 0.76s
Epoch: 62/150 Iter: 64/96 loss: 0.3823 acc: 0.8138 time 0.76s
Epoch: 62/150 Iter: 65/96 loss: 0.3797 acc: 0.8167 time 0.87s
Epoch: 62/150 Iter: 66/96 loss: 0.3773 acc: 0.8176 time 0.87s
Epoch: 62/150 Iter: 67/96 loss: 0.3927 acc: 0.8103 time 0.87s
Epoch: 62/150 Iter: 68/96 loss: 0.3960 acc: 0.8076 time 0.87s
Epoch: 62/150 Iter: 69/96 loss: 0.3965 acc: 0.8089 time 0.71s
Epoch: 62/150 Iter: 70/96 loss: 0.3995 acc: 0.8045 time 0.70s
Epoch: 62/150 Iter: 71/96 loss: 0.3970 acc: 0.8061 time 0.71s
Epoch: 62/150 Iter: 72/96 loss: 0.3971 acc: 0.8030 time 0.86s
Epoch: 62/150 Iter: 73/96 loss: 0.3949 acc: 0.8019 time 0.70s
Epoch: 62/150 Iter: 74/96 loss: 0.4023 acc: 0.7956 time 0.87s
Epoch: 62/150 Iter: 75/96 loss: 0.4158 acc: 0.7894 time 0.70s
Epoch: 62/150 Iter: 76/96 loss: 0.4207 acc: 0.7869 time 0.93s
Epoch: 62/150 Iter: 77/96 loss: 0.4169 acc: 0.7897 time 0.86s
Epoch: 62/150 Iter: 78/96 loss: 0.4123 acc: 0.7924 time 0.69s
Epoch: 62/150 Iter: 79/96 loss: 0.4096 acc: 0.7887 time 0.86s
Epoch: 62/150 Iter: 80/96 loss: 0.4064 acc: 0.7913 time 0.72s
Epoch: 62/150 Iter: 81/96 loss: 0.4031 acc: 0.7939 time 0.69s
Epoch: 62/150 Iter: 82/96 loss: 0.4001 acc: 0.7964 time 0.86s
Epoch: 62/150 Iter: 83/96 loss: 0.4017 acc: 0.7979 time 0.69s
Epoch: 62/150 Iter: 84/96 loss: 0.3976 acc: 0.8003 time 0.68s
Epoch: 62/150 Iter: 85/96 loss: 0.3950 acc: 0.8026 time 0.86s
Epoch: 62/150 Iter: 86/96 loss: 0.3924 acc: 0.8049 time 0.69s
Epoch: 62/150 Iter: 87/96 loss: 0.3961 acc: 0.8014 time 0.70s
Epoch: 62/150 Iter: 88/96 loss: 0.3929 acc: 0.8037 time 0.86s
Epoch: 62/150 Iter: 89/96 loss: 0.3894 acc: 0.8059 time 0.70s
Epoch: 62/150 Iter: 90/96 loss: 0.3887 acc: 0.8062 time 0.87s
Epoch: 62/150 Iter: 91/96 loss: 0.3903 acc: 0.8083 time 0.70s
Epoch: 62/150 Iter: 92/96 loss: 0.3864 acc: 0.8104 time 0.86s
Epoch: 62/150 Iter: 93/96 loss: 0.3842 acc: 0.8124 time 0.70s
Epoch: 62/150 Iter: 94/96 loss: 0.3809 acc: 0.8144 time 0.69s
Epoch: 62/150 Iter: 95/96 loss: 0.3865 acc: 0.8129 time 0.86s
Epoch: 62/150 Iter: 96/96 loss: 0.3844 acc: 0.8148 time 0.86s
[Train epoch 62] avg_loss=0.3844 avg_acc=0.8148 | per-class [c0: 0.825, c1: 0.833, c2: 0.857]
Final training 62/150, loss: 0.3844, time 74.78s, lr: 0.000675
Accuracy: 0.840
class                  precision    recall   specificity      f1   support
--------------------------------------------------------------------------
0                          0.899     0.825         0.912   0.860       280
1                          0.568     0.833         0.965   0.676        30
2                          0.829     0.857         0.848   0.843       266
*----------------------------------------*
Val 62/150 1/24, Acc: 0.5000, Loss: 4.3444, time 0.67s
Val 62/150 2/24, Acc: 0.5278, Loss: 2.3456, time 0.67s
Val 62/150 3/24, Acc: 0.5185, Loss: 1.7899, time 0.67s
Val 62/150 4/24, Acc: 0.6389, Loss: 1.3583, time 0.67s
Val 62/150 5/24, Acc: 0.7111, Loss: 1.1264, time 0.67s
Val 62/150 6/24, Acc: 0.7593, Loss: 0.9544, time 0.67s
Val 62/150 7/24, Acc: 0.7341, Loss: 0.9013, time 0.67s
Val 62/150 8/24, Acc: 0.7674, Loss: 0.7991, time 0.67s
Val 62/150 9/24, Acc: 0.7932, Loss: 0.7276, time 0.67s
Val 62/150 10/24, Acc: 0.8139, Loss: 0.6710, time 0.67s
Val 62/150 11/24, Acc: 0.8157, Loss: 0.6795, time 0.67s
Val 62/150 12/24, Acc: 0.7824, Loss: 0.6724, time 0.67s
Val 62/150 13/24, Acc: 0.7607, Loss: 0.6540, time 0.67s
Val 62/150 14/24, Acc: 0.7688, Loss: 0.6454, time 0.67s
Val 62/150 15/24, Acc: 0.7509, Loss: 0.6833, time 0.67s
Val 62/150 16/24, Acc: 0.7602, Loss: 0.6610, time 0.67s
Val 62/150 17/24, Acc: 0.7743, Loss: 0.6249, time 0.67s
Val 62/150 18/24, Acc: 0.7799, Loss: 0.6033, time 0.67s
Val 62/150 19/24, Acc: 0.7863, Loss: 0.5853, time 0.67s
Val 62/150 20/24, Acc: 0.7692, Loss: 0.5984, time 0.67s
Val 62/150 21/24, Acc: 0.7742, Loss: 0.5781, time 0.67s
Val 62/150 22/24, Acc: 0.7769, Loss: 0.5715, time 0.67s
Val 62/150 23/24, Acc: 0.7649, Loss: 0.6910, time 0.67s
Val 62/150 24/24, Acc: 0.7631, Loss: 0.6791, time 0.67s
[Val epoch 62] avg_acc=0.7631 | avg_loss=0.6791 | per-class [c0: 0.843, c1: 0.375, c2: 0.879]
Final validation 62/150, Val_acc: 0.7631, time 16.05sAccuracy: 0.833
class                  precision    recall   specificity      f1   support
--------------------------------------------------------------------------
0                          0.922     0.843         0.932   0.881        70
1                          0.300     0.375         0.949   0.333         8
2                          0.829     0.879         0.846   0.853        66
*========================================*
Saving checkpoint outputs/OrganoidsINRIA_XYZ_thinning_128/swinunetr/2026-02-23-11-31/training/model_final.pt
[EarlyStopping] no improve (7/40)
[EarlyStopping] no improve (8/40)
0 Mon Feb 23 13:01:27 2026 Epoch: 63
Epoch: 63/150 Iter: 1/96 loss: 0.6380 acc: 0.9000 time 1.20s
Epoch: 63/150 Iter: 2/96 loss: 0.3698 acc: 0.9500 time 0.71s
Epoch: 63/150 Iter: 3/96 loss: 0.3832 acc: 0.9250 time 0.86s
Epoch: 63/150 Iter: 4/96 loss: 0.3554 acc: 0.9160 time 0.87s
Epoch: 63/150 Iter: 5/96 loss: 0.3042 acc: 0.9328 time 0.76s
Epoch: 63/150 Iter: 6/96 loss: 0.2624 acc: 0.9440 time 0.76s
Epoch: 63/150 Iter: 7/96 loss: 0.2500 acc: 0.9282 time 0.76s
Epoch: 63/150 Iter: 8/96 loss: 0.2263 acc: 0.9372 time 0.73s
Epoch: 63/150 Iter: 9/96 loss: 0.2131 acc: 0.9441 time 0.76s
Epoch: 63/150 Iter: 10/96 loss: 0.2230 acc: 0.9497 time 0.93s
Epoch: 63/150 Iter: 11/96 loss: 0.2271 acc: 0.9316 time 0.70s
Epoch: 63/150 Iter: 12/96 loss: 0.2110 acc: 0.9373 time 0.86s
Epoch: 63/150 Iter: 13/96 loss: 0.2068 acc: 0.9335 time 0.87s
Epoch: 63/150 Iter: 14/96 loss: 0.1929 acc: 0.9383 time 0.96s
Epoch: 63/150 Iter: 15/96 loss: 0.1816 acc: 0.9424 time 0.94s
Epoch: 63/150 Iter: 16/96 loss: 0.1809 acc: 0.9460 time 0.86s
Epoch: 63/150 Iter: 17/96 loss: 0.1812 acc: 0.9394 time 0.72s
Epoch: 63/150 Iter: 18/96 loss: 0.1791 acc: 0.9427 time 0.86s
Epoch: 63/150 Iter: 19/96 loss: 0.1955 acc: 0.9311 time 0.74s
Epoch: 63/150 Iter: 20/96 loss: 0.1975 acc: 0.9146 time 0.73s
Epoch: 63/150 Iter: 21/96 loss: 0.1919 acc: 0.9134 time 0.77s
Epoch: 63/150 Iter: 22/96 loss: 0.1977 acc: 0.9047 time 0.87s
Epoch: 63/150 Iter: 23/96 loss: 0.1901 acc: 0.9088 time 0.87s
Epoch: 63/150 Iter: 24/96 loss: 0.2001 acc: 0.8953 time 0.74s
Epoch: 63/150 Iter: 25/96 loss: 0.1969 acc: 0.8994 time 0.86s
Epoch: 63/150 Iter: 26/96 loss: 0.2352 acc: 0.8745 time 0.69s
Epoch: 63/150 Iter: 27/96 loss: 0.2363 acc: 0.8729 time 0.87s
Epoch: 63/150 Iter: 28/96 loss: 0.2580 acc: 0.8656 time 0.70s
Epoch: 63/150 Iter: 29/96 loss: 0.2684 acc: 0.8587 time 0.69s
Epoch: 63/150 Iter: 30/96 loss: 0.2622 acc: 0.8634 time 0.75s
Epoch: 63/150 Iter: 31/96 loss: 0.2640 acc: 0.8625 time 0.69s
Epoch: 63/150 Iter: 32/96 loss: 0.2605 acc: 0.8633 time 0.72s
Epoch: 63/150 Iter: 33/96 loss: 0.2594 acc: 0.8624 time 0.86s
Epoch: 63/150 Iter: 34/96 loss: 0.2545 acc: 0.8664 time 0.73s
Epoch: 63/150 Iter: 35/96 loss: 0.2484 acc: 0.8702 time 0.69s
Epoch: 63/150 Iter: 36/96 loss: 0.2437 acc: 0.8738 time 0.70s
Epoch: 63/150 Iter: 37/96 loss: 0.2378 acc: 0.8773 time 0.86s
Epoch: 63/150 Iter: 38/96 loss: 0.2330 acc: 0.8805 time 0.74s
Epoch: 63/150 Iter: 39/96 loss: 0.2399 acc: 0.8810 time 0.69s
Epoch: 63/150 Iter: 40/96 loss: 0.2513 acc: 0.8765 time 0.72s
Epoch: 63/150 Iter: 41/96 loss: 0.2497 acc: 0.8770 time 0.75s
Epoch: 63/150 Iter: 42/96 loss: 0.2580 acc: 0.8681 time 0.93s
Epoch: 63/150 Iter: 43/96 loss: 0.2571 acc: 0.8576 time 0.78s
Epoch: 63/150 Iter: 44/96 loss: 0.2645 acc: 0.8523 time 0.72s
Epoch: 63/150 Iter: 45/96 loss: 0.2705 acc: 0.8500 time 0.69s
Epoch: 63/150 Iter: 46/96 loss: 0.2698 acc: 0.8460 time 0.86s
Epoch: 63/150 Iter: 47/96 loss: 0.2675 acc: 0.8493 time 0.87s
Epoch: 63/150 Iter: 48/96 loss: 0.2776 acc: 0.8462 time 0.86s
Epoch: 63/150 Iter: 49/96 loss: 0.3184 acc: 0.8391 time 0.72s
Epoch: 63/150 Iter: 50/96 loss: 0.3157 acc: 0.8423 time 0.77s
Epoch: 63/150 Iter: 51/96 loss: 0.3192 acc: 0.8422 time 0.79s
Epoch: 63/150 Iter: 52/96 loss: 0.3163 acc: 0.8428 time 0.70s
Epoch: 63/150 Iter: 53/96 loss: 0.3186 acc: 0.8426 time 0.77s
Epoch: 63/150 Iter: 54/96 loss: 0.3175 acc: 0.8373 time 0.70s
Epoch: 63/150 Iter: 55/96 loss: 0.3223 acc: 0.8362 time 0.87s
Epoch: 63/150 Iter: 56/96 loss: 0.3271 acc: 0.8292 time 0.86s
Epoch: 63/150 Iter: 57/96 loss: 0.3220 acc: 0.8322 time 0.87s
Epoch: 63/150 Iter: 58/96 loss: 0.3197 acc: 0.8332 time 0.70s
Epoch: 63/150 Iter: 59/96 loss: 0.3205 acc: 0.8261 time 0.86s
Epoch: 63/150 Iter: 60/96 loss: 0.3160 acc: 0.8290 time 0.87s
Epoch: 63/150 Iter: 61/96 loss: 0.3331 acc: 0.8195 time 0.86s
Epoch: 63/150 Iter: 62/96 loss: 0.3337 acc: 0.8198 time 0.86s
Epoch: 63/150 Iter: 63/96 loss: 0.3535 acc: 0.8138 time 0.86s
Epoch: 63/150 Iter: 64/96 loss: 0.3580 acc: 0.8098 time 0.71s
Epoch: 63/150 Iter: 65/96 loss: 0.3580 acc: 0.8108 time 0.87s
Epoch: 63/150 Iter: 66/96 loss: 0.3554 acc: 0.8136 time 0.87s
Epoch: 63/150 Iter: 67/96 loss: 0.3513 acc: 0.8164 time 0.86s
Epoch: 63/150 Iter: 68/96 loss: 0.3553 acc: 0.8154 time 0.78s
Epoch: 63/150 Iter: 69/96 loss: 0.3731 acc: 0.8133 time 0.71s
Epoch: 63/150 Iter: 70/96 loss: 0.3692 acc: 0.8160 time 0.87s
Epoch: 63/150 Iter: 71/96 loss: 0.3644 acc: 0.8185 time 0.86s
Epoch: 63/150 Iter: 72/96 loss: 0.3723 acc: 0.8141 time 0.72s
Epoch: 63/150 Iter: 73/96 loss: 0.3747 acc: 0.8153 time 0.87s
Epoch: 63/150 Iter: 74/96 loss: 0.3729 acc: 0.8178 time 0.70s
Epoch: 63/150 Iter: 75/96 loss: 0.3710 acc: 0.8136 time 0.76s
Epoch: 63/150 Iter: 76/96 loss: 0.3791 acc: 0.8116 time 0.88s
Epoch: 63/150 Iter: 77/96 loss: 0.3769 acc: 0.8141 time 0.74s
Epoch: 63/150 Iter: 78/96 loss: 0.3730 acc: 0.8165 time 0.71s
Epoch: 63/150 Iter: 79/96 loss: 0.3783 acc: 0.8167 time 0.70s
Epoch: 63/150 Iter: 80/96 loss: 0.3849 acc: 0.8148 time 0.69s
Epoch: 63/150 Iter: 81/96 loss: 0.3845 acc: 0.8171 time 0.71s
Epoch: 63/150 Iter: 82/96 loss: 0.3817 acc: 0.8173 time 0.70s
Epoch: 63/150 Iter: 83/96 loss: 0.3805 acc: 0.8180 time 0.86s
Epoch: 63/150 Iter: 84/96 loss: 0.3783 acc: 0.8201 time 0.70s
Epoch: 63/150 Iter: 85/96 loss: 0.3756 acc: 0.8223 time 0.68s
Epoch: 63/150 Iter: 86/96 loss: 0.3733 acc: 0.8224 time 0.86s
Epoch: 63/150 Iter: 87/96 loss: 0.3754 acc: 0.8196 time 0.71s
Epoch: 63/150 Iter: 88/96 loss: 0.3772 acc: 0.8171 time 0.69s
Epoch: 63/150 Iter: 89/96 loss: 0.3746 acc: 0.8192 time 0.86s
Epoch: 63/150 Iter: 90/96 loss: 0.3781 acc: 0.8168 time 0.70s
Epoch: 63/150 Iter: 91/96 loss: 0.3749 acc: 0.8188 time 0.68s
Epoch: 63/150 Iter: 92/96 loss: 0.3796 acc: 0.8128 time 0.68s
Epoch: 63/150 Iter: 93/96 loss: 0.3771 acc: 0.8148 time 0.71s
Epoch: 63/150 Iter: 94/96 loss: 0.3737 acc: 0.8168 time 0.86s
Epoch: 63/150 Iter: 95/96 loss: 0.3832 acc: 0.8152 time 0.68s
Epoch: 63/150 Iter: 96/96 loss: 0.3804 acc: 0.8171 time 0.69s
[Train epoch 63] avg_loss=0.3804 avg_acc=0.8171 | per-class [c0: 0.861, c1: 0.867, c2: 0.860]
Final training 63/150, loss: 0.3804, time 75.41s, lr: 0.000665
Accuracy: 0.861
class                  precision    recall   specificity      f1   support
--------------------------------------------------------------------------
0                          0.900     0.861         0.908   0.880       281
1                          0.591     0.867         0.967   0.703        30
2                          0.867     0.860         0.887   0.864       265
*----------------------------------------*
0 Mon Feb 23 13:02:43 2026 Epoch: 64
Epoch: 64/150 Iter: 1/96 loss: 0.5121 acc: 0.8750 time 1.22s
Epoch: 64/150 Iter: 2/96 loss: 0.6720 acc: 0.7708 time 0.72s
Epoch: 64/150 Iter: 3/96 loss: 0.4963 acc: 0.8472 time 0.75s
Epoch: 64/150 Iter: 4/96 loss: 0.4412 acc: 0.8854 time 0.87s
Epoch: 64/150 Iter: 5/96 loss: 0.3835 acc: 0.9083 time 0.86s
Epoch: 64/150 Iter: 6/96 loss: 0.3297 acc: 0.9236 time 0.87s
Epoch: 64/150 Iter: 7/96 loss: 0.3016 acc: 0.9345 time 0.86s
Epoch: 64/150 Iter: 8/96 loss: 0.2811 acc: 0.9427 time 0.93s
Epoch: 64/150 Iter: 9/96 loss: 0.2590 acc: 0.9491 time 0.75s
Epoch: 64/150 Iter: 10/96 loss: 0.2348 acc: 0.9542 time 0.77s
Epoch: 64/150 Iter: 11/96 loss: 0.2285 acc: 0.9583 time 0.87s
Epoch: 64/150 Iter: 12/96 loss: 0.2261 acc: 0.9479 time 0.87s
Epoch: 64/150 Iter: 13/96 loss: 0.2150 acc: 0.9519 time 0.88s
Epoch: 64/150 Iter: 14/96 loss: 0.2060 acc: 0.9554 time 0.76s
Epoch: 64/150 Iter: 15/96 loss: 0.2148 acc: 0.9306 time 0.72s
Epoch: 64/150 Iter: 16/96 loss: 0.2705 acc: 0.8863 time 0.78s
Epoch: 64/150 Iter: 17/96 loss: 0.2636 acc: 0.8930 time 0.70s
Epoch: 64/150 Iter: 18/96 loss: 0.2577 acc: 0.8989 time 0.74s
Epoch: 64/150 Iter: 19/96 loss: 0.2684 acc: 0.8823 time 0.74s
Epoch: 64/150 Iter: 20/96 loss: 0.2878 acc: 0.8799 time 0.78s
Epoch: 64/150 Iter: 21/96 loss: 0.2838 acc: 0.8856 time 0.75s
Epoch: 64/150 Iter: 22/96 loss: 0.2809 acc: 0.8908 time 0.71s
Epoch: 64/150 Iter: 23/96 loss: 0.2752 acc: 0.8955 time 0.70s
Epoch: 64/150 Iter: 24/96 loss: 0.2740 acc: 0.8929 time 0.86s
Epoch: 64/150 Iter: 25/96 loss: 0.2766 acc: 0.8972 time 0.70s
Epoch: 64/150 Iter: 26/96 loss: 0.2731 acc: 0.9012 time 0.86s
Epoch: 64/150 Iter: 27/96 loss: 0.2765 acc: 0.9048 time 0.77s
Epoch: 64/150 Iter: 28/96 loss: 0.3042 acc: 0.8948 time 0.86s
Epoch: 64/150 Iter: 29/96 loss: 0.3138 acc: 0.8841 time 0.87s
Epoch: 64/150 Iter: 30/96 loss: 0.3162 acc: 0.8824 time 0.75s
Epoch: 64/150 Iter: 31/96 loss: 0.3129 acc: 0.8781 time 0.71s
Epoch: 64/150 Iter: 32/96 loss: 0.3104 acc: 0.8780 time 0.76s
Epoch: 64/150 Iter: 33/96 loss: 0.3060 acc: 0.8817 time 0.92s
Epoch: 64/150 Iter: 34/96 loss: 0.2999 acc: 0.8852 time 0.76s
Epoch: 64/150 Iter: 35/96 loss: 0.2933 acc: 0.8885 time 0.75s
Epoch: 64/150 Iter: 36/96 loss: 0.2905 acc: 0.8870 time 0.71s
Epoch: 64/150 Iter: 37/96 loss: 0.2853 acc: 0.8900 time 0.70s
Epoch: 64/150 Iter: 38/96 loss: 0.2880 acc: 0.8896 time 0.70s
Epoch: 64/150 Iter: 39/96 loss: 0.2813 acc: 0.8925 time 0.87s
Epoch: 64/150 Iter: 40/96 loss: 0.2819 acc: 0.8910 time 0.70s
Epoch: 64/150 Iter: 41/96 loss: 0.2947 acc: 0.8794 time 0.74s
Epoch: 64/150 Iter: 42/96 loss: 0.2907 acc: 0.8823 time 0.93s
Epoch: 64/150 Iter: 43/96 loss: 0.3018 acc: 0.8721 time 0.71s
Epoch: 64/150 Iter: 44/96 loss: 0.3009 acc: 0.8750 time 0.87s
Epoch: 64/150 Iter: 45/96 loss: 0.3009 acc: 0.8741 time 0.86s
Epoch: 64/150 Iter: 46/96 loss: 0.2971 acc: 0.8768 time 0.86s
Epoch: 64/150 Iter: 47/96 loss: 0.2994 acc: 0.8676 time 0.70s
Epoch: 64/150 Iter: 48/96 loss: 0.3186 acc: 0.8634 time 0.75s
Epoch: 64/150 Iter: 49/96 loss: 0.3177 acc: 0.8639 time 0.70s
Epoch: 64/150 Iter: 50/96 loss: 0.3239 acc: 0.8633 time 0.74s
Epoch: 64/150 Iter: 51/96 loss: 0.3282 acc: 0.8660 time 0.95s
Epoch: 64/150 Iter: 52/96 loss: 0.3263 acc: 0.8654 time 0.71s
Epoch: 64/150 Iter: 53/96 loss: 0.3235 acc: 0.8658 time 0.72s
Epoch: 64/150 Iter: 54/96 loss: 0.3213 acc: 0.8591 time 0.70s
Epoch: 64/150 Iter: 55/96 loss: 0.3205 acc: 0.8616 time 0.69s
Epoch: 64/150 Iter: 56/96 loss: 0.3159 acc: 0.8641 time 0.70s
Epoch: 64/150 Iter: 57/96 loss: 0.3161 acc: 0.8596 time 0.71s
Epoch: 64/150 Iter: 58/96 loss: 0.3111 acc: 0.8621 time 0.86s
Epoch: 64/150 Iter: 59/96 loss: 0.3123 acc: 0.8559 time 0.86s
Epoch: 64/150 Iter: 60/96 loss: 0.3096 acc: 0.8565 time 0.69s
Epoch: 64/150 Iter: 61/96 loss: 0.3060 acc: 0.8561 time 0.86s
Epoch: 64/150 Iter: 62/96 loss: 0.3235 acc: 0.8524 time 0.70s
Epoch: 64/150 Iter: 63/96 loss: 0.3230 acc: 0.8530 time 0.71s
Epoch: 64/150 Iter: 64/96 loss: 0.3191 acc: 0.8553 time 0.86s
Epoch: 64/150 Iter: 65/96 loss: 0.3172 acc: 0.8532 time 0.75s
Epoch: 64/150 Iter: 66/96 loss: 0.3337 acc: 0.8470 time 0.86s
Epoch: 64/150 Iter: 67/96 loss: 0.3437 acc: 0.8410 time 0.76s
Epoch: 64/150 Iter: 68/96 loss: 0.3474 acc: 0.8378 time 0.70s
Epoch: 64/150 Iter: 69/96 loss: 0.3430 acc: 0.8402 time 0.70s
Epoch: 64/150 Iter: 70/96 loss: 0.3429 acc: 0.8413 time 0.70s
Epoch: 64/150 Iter: 71/96 loss: 0.3422 acc: 0.8435 time 0.86s
Epoch: 64/150 Iter: 72/96 loss: 0.3387 acc: 0.8457 time 0.75s
Epoch: 64/150 Iter: 73/96 loss: 0.3387 acc: 0.8478 time 0.70s
Epoch: 64/150 Iter: 74/96 loss: 0.3448 acc: 0.8458 time 0.87s
Epoch: 64/150 Iter: 75/96 loss: 0.3410 acc: 0.8479 time 0.86s
Epoch: 64/150 Iter: 76/96 loss: 0.3421 acc: 0.8485 time 0.86s
Epoch: 64/150 Iter: 77/96 loss: 0.3440 acc: 0.8505 time 0.71s
Epoch: 64/150 Iter: 78/96 loss: 0.3407 acc: 0.8524 time 0.74s
Epoch: 64/150 Iter: 79/96 loss: 0.3410 acc: 0.8508 time 0.74s
Epoch: 64/150 Iter: 80/96 loss: 0.3383 acc: 0.8526 time 0.86s
Epoch: 64/150 Iter: 81/96 loss: 0.3382 acc: 0.8532 time 0.69s
Epoch: 64/150 Iter: 82/96 loss: 0.3373 acc: 0.8537 time 0.86s
Epoch: 64/150 Iter: 83/96 loss: 0.3388 acc: 0.8539 time 0.69s
Epoch: 64/150 Iter: 84/96 loss: 0.3375 acc: 0.8557 time 0.68s
Epoch: 64/150 Iter: 85/96 loss: 0.3353 acc: 0.8554 time 0.85s
Epoch: 64/150 Iter: 86/96 loss: 0.3370 acc: 0.8522 time 0.69s
Epoch: 64/150 Iter: 87/96 loss: 0.3343 acc: 0.8539 time 0.69s
Epoch: 64/150 Iter: 88/96 loss: 0.3360 acc: 0.8531 time 0.69s
Epoch: 64/150 Iter: 89/96 loss: 0.3331 acc: 0.8547 time 0.68s
Epoch: 64/150 Iter: 90/96 loss: 0.3337 acc: 0.8535 time 0.70s
Epoch: 64/150 Iter: 91/96 loss: 0.3357 acc: 0.8510 time 0.70s
Epoch: 64/150 Iter: 92/96 loss: 0.3346 acc: 0.8499 time 0.69s
Epoch: 64/150 Iter: 93/96 loss: 0.3404 acc: 0.8444 time 0.86s
Epoch: 64/150 Iter: 94/96 loss: 0.3415 acc: 0.8443 time 0.68s
Epoch: 64/150 Iter: 95/96 loss: 0.3420 acc: 0.8442 time 0.69s
Epoch: 64/150 Iter: 96/96 loss: 0.3390 acc: 0.8458 time 0.70s
[Train epoch 64] avg_loss=0.3390 avg_acc=0.8458 | per-class [c0: 0.861, c1: 0.967, c2: 0.857]
Final training 64/150, loss: 0.3390, time 74.40s, lr: 0.000655
Accuracy: 0.865
class                  precision    recall   specificity      f1   support
--------------------------------------------------------------------------
0                          0.920     0.861         0.929   0.889       280
1                          0.569     0.967         0.960   0.716        30
2                          0.867     0.857         0.887   0.862       266
*----------------------------------------*
Val 64/150 1/24, Acc: 0.5000, Loss: 3.7957, time 0.67s
Val 64/150 2/24, Acc: 0.5278, Loss: 2.1545, time 0.67s
Val 64/150 3/24, Acc: 0.5926, Loss: 1.5251, time 0.67s
Val 64/150 4/24, Acc: 0.6944, Loss: 1.1840, time 0.67s
Val 64/150 5/24, Acc: 0.7056, Loss: 1.0106, time 0.67s
Val 64/150 6/24, Acc: 0.7338, Loss: 0.8726, time 0.67s
Val 64/150 7/24, Acc: 0.7123, Loss: 0.8531, time 0.67s
Val 64/150 8/24, Acc: 0.7483, Loss: 0.7553, time 0.67s
Val 64/150 9/24, Acc: 0.7318, Loss: 0.6905, time 0.67s
Val 64/150 10/24, Acc: 0.7586, Loss: 0.6264, time 0.67s
Val 64/150 11/24, Acc: 0.7503, Loss: 0.5979, time 0.67s
Val 64/150 12/24, Acc: 0.7225, Loss: 0.5692, time 0.67s
Val 64/150 13/24, Acc: 0.7053, Loss: 0.5718, time 0.67s
Val 64/150 14/24, Acc: 0.7175, Loss: 0.5581, time 0.67s
Val 64/150 15/24, Acc: 0.7252, Loss: 0.5541, time 0.67s
Val 64/150 16/24, Acc: 0.7424, Loss: 0.5249, time 0.67s
Val 64/150 17/24, Acc: 0.7575, Loss: 0.5010, time 0.67s
Val 64/150 18/24, Acc: 0.7640, Loss: 0.4848, time 0.67s
Val 64/150 19/24, Acc: 0.7765, Loss: 0.4691, time 0.67s
Val 64/150 20/24, Acc: 0.7599, Loss: 0.4983, time 0.67s
Val 64/150 21/24, Acc: 0.7653, Loss: 0.4856, time 0.67s
Val 64/150 22/24, Acc: 0.7684, Loss: 0.4771, time 0.67s
Val 64/150 23/24, Acc: 0.7568, Loss: 0.5517, time 0.67s
Val 64/150 24/24, Acc: 0.7553, Loss: 0.5430, time 0.67s
[Val epoch 64] avg_acc=0.7553 | avg_loss=0.5430 | per-class [c0: 0.871, c1: 0.750, c2: 0.803]
Final validation 64/150, Val_acc: 0.7553, time 16.03sAccuracy: 0.833
class                  precision    recall   specificity      f1   support
--------------------------------------------------------------------------
0                          0.897     0.871         0.905   0.884        70
1                          0.429     0.750         0.941   0.545         8
2                          0.855     0.803         0.885   0.828        66
*========================================*
Saving checkpoint outputs/OrganoidsINRIA_XYZ_thinning_128/swinunetr/2026-02-23-11-31/training/model_final.pt
[EarlyStopping] no improve (8/40)
[EarlyStopping] no improve (9/40)
0 Mon Feb 23 13:04:18 2026 Epoch: 65
Epoch: 65/150 Iter: 1/96 loss: 0.1048 acc: 1.0000 time 1.15s
Epoch: 65/150 Iter: 2/96 loss: 0.2541 acc: 0.9375 time 0.86s
Epoch: 65/150 Iter: 3/96 loss: 0.1976 acc: 0.9583 time 0.70s
Epoch: 65/150 Iter: 4/96 loss: 0.3418 acc: 0.8438 time 0.70s
Epoch: 65/150 Iter: 5/96 loss: 0.4580 acc: 0.8083 time 0.73s
Epoch: 65/150 Iter: 6/96 loss: 0.4133 acc: 0.7569 time 0.86s
Epoch: 65/150 Iter: 7/96 loss: 0.4494 acc: 0.7774 time 0.86s
Epoch: 65/150 Iter: 8/96 loss: 0.4009 acc: 0.8052 time 0.86s
Epoch: 65/150 Iter: 9/96 loss: 0.3589 acc: 0.8269 time 0.71s
Epoch: 65/150 Iter: 10/96 loss: 0.3727 acc: 0.7942 time 0.77s
Epoch: 65/150 Iter: 11/96 loss: 0.3460 acc: 0.8129 time 0.73s
Epoch: 65/150 Iter: 12/96 loss: 0.3396 acc: 0.8215 time 0.69s
Epoch: 65/150 Iter: 13/96 loss: 0.3384 acc: 0.8256 time 0.70s
Epoch: 65/150 Iter: 14/96 loss: 0.3449 acc: 0.8063 time 0.71s
Epoch: 65/150 Iter: 15/96 loss: 0.3295 acc: 0.8193 time 0.87s
Epoch: 65/150 Iter: 16/96 loss: 0.3183 acc: 0.8056 time 0.70s
Epoch: 65/150 Iter: 17/96 loss: 0.3454 acc: 0.7778 time 0.71s
Epoch: 65/150 Iter: 18/96 loss: 0.3470 acc: 0.7670 time 0.70s
Epoch: 65/150 Iter: 19/96 loss: 0.3532 acc: 0.7792 time 0.71s
Epoch: 65/150 Iter: 20/96 loss: 0.3514 acc: 0.7840 time 0.78s
Epoch: 65/150 Iter: 21/96 loss: 0.3358 acc: 0.7943 time 0.86s
Epoch: 65/150 Iter: 22/96 loss: 0.3247 acc: 0.8037 time 0.86s
Epoch: 65/150 Iter: 23/96 loss: 0.3232 acc: 0.8050 time 0.87s
Epoch: 65/150 Iter: 24/96 loss: 0.3237 acc: 0.7957 time 0.69s
Epoch: 65/150 Iter: 25/96 loss: 0.4055 acc: 0.7906 time 0.69s
Epoch: 65/150 Iter: 26/96 loss: 0.3922 acc: 0.7986 time 0.86s
Epoch: 65/150 Iter: 27/96 loss: 0.3804 acc: 0.8061 time 0.92s
Epoch: 65/150 Iter: 28/96 loss: 0.3718 acc: 0.8130 time 0.87s
Epoch: 65/150 Iter: 29/96 loss: 0.3636 acc: 0.8194 time 0.69s
Epoch: 65/150 Iter: 30/96 loss: 0.3562 acc: 0.8218 time 0.75s
Epoch: 65/150 Iter: 31/96 loss: 0.3490 acc: 0.8275 time 0.70s
Epoch: 65/150 Iter: 32/96 loss: 0.3395 acc: 0.8329 time 0.69s
Epoch: 65/150 Iter: 33/96 loss: 0.3308 acc: 0.8380 time 0.74s
Epoch: 65/150 Iter: 34/96 loss: 0.3264 acc: 0.8427 time 0.86s
Epoch: 65/150 Iter: 35/96 loss: 0.3264 acc: 0.8377 time 0.71s
Epoch: 65/150 Iter: 36/96 loss: 0.3545 acc: 0.8306 time 0.69s
Epoch: 65/150 Iter: 37/96 loss: 0.3685 acc: 0.8217 time 0.77s
Epoch: 65/150 Iter: 38/96 loss: 0.3641 acc: 0.8264 time 0.72s
Epoch: 65/150 Iter: 39/96 loss: 0.3629 acc: 0.8283 time 0.69s
Epoch: 65/150 Iter: 40/96 loss: 0.3605 acc: 0.8222 time 0.77s
Epoch: 65/150 Iter: 41/96 loss: 0.3585 acc: 0.8234 time 0.78s
Epoch: 65/150 Iter: 42/96 loss: 0.3783 acc: 0.8157 time 0.69s
Epoch: 65/150 Iter: 43/96 loss: 0.3784 acc: 0.8200 time 0.70s
Epoch: 65/150 Iter: 44/96 loss: 0.3750 acc: 0.8216 time 0.75s
Epoch: 65/150 Iter: 45/96 loss: 0.3787 acc: 0.8200 time 0.87s
Epoch: 65/150 Iter: 46/96 loss: 0.3762 acc: 0.8167 time 0.70s
Epoch: 65/150 Iter: 47/96 loss: 0.3698 acc: 0.8117 time 0.93s
Epoch: 65/150 Iter: 48/96 loss: 0.3741 acc: 0.8041 time 0.70s
Epoch: 65/150 Iter: 49/96 loss: 0.3688 acc: 0.8080 time 0.78s
Epoch: 65/150 Iter: 50/96 loss: 0.3736 acc: 0.8069 time 0.87s
Epoch: 65/150 Iter: 51/96 loss: 0.3680 acc: 0.8107 time 0.87s
Epoch: 65/150 Iter: 52/96 loss: 0.3842 acc: 0.8047 time 0.69s
Epoch: 65/150 Iter: 53/96 loss: 0.3790 acc: 0.8084 time 0.70s
Epoch: 65/150 Iter: 54/96 loss: 0.3741 acc: 0.8099 time 0.72s
Epoch: 65/150 Iter: 55/96 loss: 0.3705 acc: 0.8133 time 0.75s
Epoch: 65/150 Iter: 56/96 loss: 0.3678 acc: 0.8077 time 0.85s
Epoch: 65/150 Iter: 57/96 loss: 0.3711 acc: 0.8053 time 0.72s
Epoch: 65/150 Iter: 58/96 loss: 0.3752 acc: 0.8034 time 0.92s
Epoch: 65/150 Iter: 59/96 loss: 0.3700 acc: 0.8068 time 0.75s
Epoch: 65/150 Iter: 60/96 loss: 0.3731 acc: 0.8031 time 0.87s
Epoch: 65/150 Iter: 61/96 loss: 0.3742 acc: 0.8046 time 0.86s
Epoch: 65/150 Iter: 62/96 loss: 0.3728 acc: 0.8038 time 0.86s
Epoch: 65/150 Iter: 63/96 loss: 0.3675 acc: 0.8069 time 0.72s
Epoch: 65/150 Iter: 64/96 loss: 0.3680 acc: 0.8073 time 0.87s
Epoch: 65/150 Iter: 65/96 loss: 0.3647 acc: 0.8103 time 0.70s
Epoch: 65/150 Iter: 66/96 loss: 0.3618 acc: 0.8106 time 0.86s
Epoch: 65/150 Iter: 67/96 loss: 0.3636 acc: 0.8068 time 0.74s
Epoch: 65/150 Iter: 68/96 loss: 0.3599 acc: 0.8096 time 0.69s
Epoch: 65/150 Iter: 69/96 loss: 0.3589 acc: 0.8106 time 0.70s
Epoch: 65/150 Iter: 70/96 loss: 0.3578 acc: 0.8109 time 0.72s
Epoch: 65/150 Iter: 71/96 loss: 0.3621 acc: 0.8101 time 0.70s
Epoch: 65/150 Iter: 72/96 loss: 0.3579 acc: 0.8127 time 0.77s
Epoch: 65/150 Iter: 73/96 loss: 0.3544 acc: 0.8153 time 0.86s
Epoch: 65/150 Iter: 74/96 loss: 0.3542 acc: 0.8125 time 0.86s
Epoch: 65/150 Iter: 75/96 loss: 0.3547 acc: 0.8061 time 0.70s
Epoch: 65/150 Iter: 76/96 loss: 0.3583 acc: 0.8028 time 0.77s
Epoch: 65/150 Iter: 77/96 loss: 0.3573 acc: 0.8032 time 0.86s
Epoch: 65/150 Iter: 78/96 loss: 0.3545 acc: 0.8057 time 0.72s
Epoch: 65/150 Iter: 79/96 loss: 0.3518 acc: 0.8082 time 0.78s
Epoch: 65/150 Iter: 80/96 loss: 0.3510 acc: 0.8023 time 0.87s
Epoch: 65/150 Iter: 81/96 loss: 0.3521 acc: 0.8026 time 0.70s
Epoch: 65/150 Iter: 82/96 loss: 0.3497 acc: 0.8020 time 0.85s
Epoch: 65/150 Iter: 83/96 loss: 0.3507 acc: 0.8004 time 0.85s
Epoch: 65/150 Iter: 84/96 loss: 0.3477 acc: 0.8027 time 0.86s
Epoch: 65/150 Iter: 85/96 loss: 0.3480 acc: 0.8036 time 0.70s
Epoch: 65/150 Iter: 86/96 loss: 0.3515 acc: 0.7986 time 0.87s
Epoch: 65/150 Iter: 87/96 loss: 0.3632 acc: 0.7958 time 0.69s
Epoch: 65/150 Iter: 88/96 loss: 0.3597 acc: 0.7981 time 0.69s
Epoch: 65/150 Iter: 89/96 loss: 0.3632 acc: 0.7929 time 0.86s
Epoch: 65/150 Iter: 90/96 loss: 0.3619 acc: 0.7938 time 0.70s
Epoch: 65/150 Iter: 91/96 loss: 0.3597 acc: 0.7961 time 0.70s
Epoch: 65/150 Iter: 92/96 loss: 0.3591 acc: 0.7970 time 0.70s
Epoch: 65/150 Iter: 93/96 loss: 0.3584 acc: 0.7973 time 0.70s
Epoch: 65/150 Iter: 94/96 loss: 0.3555 acc: 0.7995 time 0.85s
Epoch: 65/150 Iter: 95/96 loss: 0.3534 acc: 0.8007 time 0.69s
Epoch: 65/150 Iter: 96/96 loss: 0.3555 acc: 0.7959 time 0.86s
[Train epoch 65] avg_loss=0.3555 avg_acc=0.7959 | per-class [c0: 0.851, c1: 0.800, c2: 0.857]
Final training 65/150, loss: 0.3555, time 74.45s, lr: 0.000644
Accuracy: 0.851
class                  precision    recall   specificity      f1   support
--------------------------------------------------------------------------
0                          0.902     0.851         0.912   0.875       281
1                          0.511     0.800         0.958   0.623        30
2                          0.860     0.857         0.881   0.858       265
*----------------------------------------*
0 Mon Feb 23 13:05:33 2026 Epoch: 66
Epoch: 66/150 Iter: 1/96 loss: 0.6257 acc: 0.5556 time 1.12s
Epoch: 66/150 Iter: 2/96 loss: 0.5559 acc: 0.7278 time 0.87s
Epoch: 66/150 Iter: 3/96 loss: 0.4486 acc: 0.6852 time 0.88s
Epoch: 66/150 Iter: 4/96 loss: 0.4218 acc: 0.7326 time 0.87s
Epoch: 66/150 Iter: 5/96 loss: 0.5133 acc: 0.7194 time 0.86s
Epoch: 66/150 Iter: 6/96 loss: 0.4385 acc: 0.7662 time 0.70s
Epoch: 66/150 Iter: 7/96 loss: 0.4108 acc: 0.7817 time 0.70s
Epoch: 66/150 Iter: 8/96 loss: 0.3901 acc: 0.7951 time 0.87s
Epoch: 66/150 Iter: 9/96 loss: 0.3495 acc: 0.8179 time 0.88s
Epoch: 66/150 Iter: 10/96 loss: 0.3159 acc: 0.8361 time 0.71s
Epoch: 66/150 Iter: 11/96 loss: 0.2990 acc: 0.8510 time 0.70s
Epoch: 66/150 Iter: 12/96 loss: 0.3328 acc: 0.8356 time 0.74s
Epoch: 66/150 Iter: 13/96 loss: 0.3317 acc: 0.8483 time 0.76s
Epoch: 66/150 Iter: 14/96 loss: 0.3101 acc: 0.8591 time 0.76s
Epoch: 66/150 Iter: 15/96 loss: 0.3436 acc: 0.8407 time 0.71s
Epoch: 66/150 Iter: 16/96 loss: 0.3397 acc: 0.8429 time 0.76s
Epoch: 66/150 Iter: 17/96 loss: 0.3539 acc: 0.8325 time 0.87s
Epoch: 66/150 Iter: 18/96 loss: 0.3553 acc: 0.8349 time 0.86s
Epoch: 66/150 Iter: 19/96 loss: 0.3546 acc: 0.8392 time 0.69s
Epoch: 66/150 Iter: 20/96 loss: 0.3447 acc: 0.8347 time 0.88s
Epoch: 66/150 Iter: 21/96 loss: 0.3949 acc: 0.8188 time 0.70s
Epoch: 66/150 Iter: 22/96 loss: 0.3788 acc: 0.8270 time 0.70s
Epoch: 66/150 Iter: 23/96 loss: 0.3661 acc: 0.8345 time 0.87s
Epoch: 66/150 Iter: 24/96 loss: 0.3555 acc: 0.8414 time 0.87s
Epoch: 66/150 Iter: 25/96 loss: 0.3821 acc: 0.8211 time 0.87s
Epoch: 66/150 Iter: 26/96 loss: 0.3792 acc: 0.8109 time 0.75s
Epoch: 66/150 Iter: 27/96 loss: 0.3767 acc: 0.8117 time 0.86s
Epoch: 66/150 Iter: 28/96 loss: 0.3950 acc: 0.7946 time 0.86s
Epoch: 66/150 Iter: 29/96 loss: 0.4023 acc: 0.7816 time 0.87s
Epoch: 66/150 Iter: 30/96 loss: 0.4074 acc: 0.7847 time 0.86s
Epoch: 66/150 Iter: 31/96 loss: 0.4230 acc: 0.7737 time 0.87s
Epoch: 66/150 Iter: 32/96 loss: 0.4143 acc: 0.7808 time 0.70s
Epoch: 66/150 Iter: 33/96 loss: 0.4253 acc: 0.7799 time 0.70s
Epoch: 66/150 Iter: 34/96 loss: 0.4146 acc: 0.7864 time 0.75s
Epoch: 66/150 Iter: 35/96 loss: 0.4061 acc: 0.7925 time 0.77s
Epoch: 66/150 Iter: 36/96 loss: 0.4028 acc: 0.7913 time 0.70s
Epoch: 66/150 Iter: 37/96 loss: 0.4103 acc: 0.7857 time 0.69s
Epoch: 66/150 Iter: 38/96 loss: 0.4165 acc: 0.7760 time 0.74s
Epoch: 66/150 Iter: 39/96 loss: 0.4196 acc: 0.7791 time 0.78s
Epoch: 66/150 Iter: 40/96 loss: 0.4284 acc: 0.7722 time 0.72s
Epoch: 66/150 Iter: 41/96 loss: 0.4249 acc: 0.7736 time 0.87s
Epoch: 66/150 Iter: 42/96 loss: 0.4312 acc: 0.7711 time 0.77s
Epoch: 66/150 Iter: 43/96 loss: 0.4237 acc: 0.7764 time 0.72s
Epoch: 66/150 Iter: 44/96 loss: 0.4153 acc: 0.7815 time 0.87s
Epoch: 66/150 Iter: 45/96 loss: 0.4107 acc: 0.7845 time 0.70s
Epoch: 66/150 Iter: 46/96 loss: 0.4172 acc: 0.7856 time 0.87s
Epoch: 66/150 Iter: 47/96 loss: 0.4120 acc: 0.7880 time 0.69s
Epoch: 66/150 Iter: 48/96 loss: 0.4117 acc: 0.7889 time 0.77s
Epoch: 66/150 Iter: 49/96 loss: 0.4040 acc: 0.7933 time 0.69s
Epoch: 66/150 Iter: 50/96 loss: 0.3996 acc: 0.7941 time 0.87s
Epoch: 66/150 Iter: 51/96 loss: 0.3924 acc: 0.7981 time 0.86s
Epoch: 66/150 Iter: 52/96 loss: 0.3948 acc: 0.7956 time 0.74s
Epoch: 66/150 Iter: 53/96 loss: 0.3884 acc: 0.7994 time 0.86s
Epoch: 66/150 Iter: 54/96 loss: 0.3834 acc: 0.8031 time 0.86s
Epoch: 66/150 Iter: 55/96 loss: 0.3806 acc: 0.8022 time 0.71s
Epoch: 66/150 Iter: 56/96 loss: 0.3789 acc: 0.8057 time 0.86s
Epoch: 66/150 Iter: 57/96 loss: 0.3772 acc: 0.8072 time 0.71s
Epoch: 66/150 Iter: 58/96 loss: 0.3725 acc: 0.8105 time 0.71s
Epoch: 66/150 Iter: 59/96 loss: 0.3686 acc: 0.8137 time 0.86s
Epoch: 66/150 Iter: 60/96 loss: 0.3664 acc: 0.8168 time 0.70s
Epoch: 66/150 Iter: 61/96 loss: 0.3610 acc: 0.8198 time 0.85s
Epoch: 66/150 Iter: 62/96 loss: 0.3564 acc: 0.8227 time 0.86s
Epoch: 66/150 Iter: 63/96 loss: 0.3521 acc: 0.8255 time 0.94s
Epoch: 66/150 Iter: 64/96 loss: 0.3537 acc: 0.8210 time 0.70s
Epoch: 66/150 Iter: 65/96 loss: 0.3595 acc: 0.8186 time 0.75s
Epoch: 66/150 Iter: 66/96 loss: 0.3641 acc: 0.8188 time 0.72s
Epoch: 66/150 Iter: 67/96 loss: 0.3598 acc: 0.8215 time 0.69s
Epoch: 66/150 Iter: 68/96 loss: 0.3586 acc: 0.8205 time 0.87s
Epoch: 66/150 Iter: 69/96 loss: 0.3560 acc: 0.8219 time 0.71s
Epoch: 66/150 Iter: 70/96 loss: 0.3532 acc: 0.8244 time 0.87s
Epoch: 66/150 Iter: 71/96 loss: 0.3487 acc: 0.8269 time 0.70s
Epoch: 66/150 Iter: 72/96 loss: 0.3465 acc: 0.8293 time 0.70s
Epoch: 66/150 Iter: 73/96 loss: 0.3510 acc: 0.8261 time 0.87s
Epoch: 66/150 Iter: 74/96 loss: 0.3570 acc: 0.8240 time 0.70s
Epoch: 66/150 Iter: 75/96 loss: 0.3590 acc: 0.8247 time 0.70s
Epoch: 66/150 Iter: 76/96 loss: 0.3550 acc: 0.8270 time 0.69s
Epoch: 66/150 Iter: 77/96 loss: 0.3527 acc: 0.8271 time 0.86s
Epoch: 66/150 Iter: 78/96 loss: 0.3521 acc: 0.8280 time 0.86s
Epoch: 66/150 Iter: 79/96 loss: 0.3541 acc: 0.8243 time 0.93s
Epoch: 66/150 Iter: 80/96 loss: 0.3530 acc: 0.8209 time 0.87s
Epoch: 66/150 Iter: 81/96 loss: 0.3500 acc: 0.8231 time 0.70s
Epoch: 66/150 Iter: 82/96 loss: 0.3542 acc: 0.8182 time 0.70s
Epoch: 66/150 Iter: 83/96 loss: 0.3576 acc: 0.8183 time 0.69s
Epoch: 66/150 Iter: 84/96 loss: 0.3760 acc: 0.8165 time 0.70s
Epoch: 66/150 Iter: 85/96 loss: 0.3739 acc: 0.8158 time 0.69s
Epoch: 66/150 Iter: 86/96 loss: 0.3721 acc: 0.8101 time 0.86s
Epoch: 66/150 Iter: 87/96 loss: 0.3770 acc: 0.8056 time 0.86s
Epoch: 66/150 Iter: 88/96 loss: 0.3734 acc: 0.8078 time 0.71s
Epoch: 66/150 Iter: 89/96 loss: 0.3705 acc: 0.8100 time 0.70s
Epoch: 66/150 Iter: 90/96 loss: 0.3680 acc: 0.8121 time 0.86s
Epoch: 66/150 Iter: 91/96 loss: 0.3743 acc: 0.8098 time 0.86s
Epoch: 66/150 Iter: 92/96 loss: 0.3727 acc: 0.8106 time 0.69s
Epoch: 66/150 Iter: 93/96 loss: 0.3731 acc: 0.8109 time 0.86s
Epoch: 66/150 Iter: 94/96 loss: 0.3703 acc: 0.8117 time 0.69s
Epoch: 66/150 Iter: 95/96 loss: 0.3723 acc: 0.8119 time 0.86s
Epoch: 66/150 Iter: 96/96 loss: 0.3750 acc: 0.8127 time 0.85s
[Train epoch 66] avg_loss=0.3750 avg_acc=0.8127 | per-class [c0: 0.861, c1: 0.800, c2: 0.846]
Final training 66/150, loss: 0.3750, time 75.63s, lr: 0.000634
Accuracy: 0.851
class                  precision    recall   specificity      f1   support
--------------------------------------------------------------------------
0                          0.903     0.861         0.912   0.881       280
1                          0.500     0.800         0.956   0.615        30
2                          0.862     0.846         0.884   0.854       266
*----------------------------------------*
Val 66/150 1/24, Acc: 0.5000, Loss: 3.4759, time 0.68s
Val 66/150 2/24, Acc: 0.5278, Loss: 1.9841, time 0.67s
Val 66/150 3/24, Acc: 0.5926, Loss: 1.5067, time 0.67s
Val 66/150 4/24, Acc: 0.6944, Loss: 1.1511, time 0.67s
Val 66/150 5/24, Acc: 0.7056, Loss: 0.9775, time 0.67s
Val 66/150 6/24, Acc: 0.7546, Loss: 0.8493, time 0.67s
Val 66/150 7/24, Acc: 0.7302, Loss: 0.8279, time 0.67s
Val 66/150 8/24, Acc: 0.7639, Loss: 0.7352, time 0.67s
Val 66/150 9/24, Acc: 0.7901, Loss: 0.6713, time 0.67s
Val 66/150 10/24, Acc: 0.8111, Loss: 0.6115, time 0.67s
Val 66/150 11/24, Acc: 0.8283, Loss: 0.5860, time 0.67s
Val 66/150 12/24, Acc: 0.7940, Loss: 0.5556, time 0.67s
Val 66/150 13/24, Acc: 0.7714, Loss: 0.5573, time 0.67s
Val 66/150 14/24, Acc: 0.7788, Loss: 0.5413, time 0.67s
Val 66/150 15/24, Acc: 0.7824, Loss: 0.5591, time 0.67s
Val 66/150 16/24, Acc: 0.7960, Loss: 0.5297, time 0.67s
Val 66/150 17/24, Acc: 0.8080, Loss: 0.5054, time 0.67s
Val 66/150 18/24, Acc: 0.8117, Loss: 0.4913, time 0.67s
Val 66/150 19/24, Acc: 0.8216, Loss: 0.4762, time 0.67s
Val 66/150 20/24, Acc: 0.8028, Loss: 0.5003, time 0.67s
Val 66/150 21/24, Acc: 0.8122, Loss: 0.4870, time 0.67s
Val 66/150 22/24, Acc: 0.8131, Loss: 0.4812, time 0.67s
Val 66/150 23/24, Acc: 0.7995, Loss: 0.5389, time 0.67s
Val 66/150 24/24, Acc: 0.7963, Loss: 0.5304, time 0.67s
[Val epoch 66] avg_acc=0.7963 | avg_loss=0.5304 | per-class [c0: 0.871, c1: 0.750, c2: 0.864]
Final validation 66/150, Val_acc: 0.7963, time 16.04sAccuracy: 0.861
class                  precision    recall   specificity      f1   support
--------------------------------------------------------------------------
0                          0.953     0.871         0.959   0.910        70
1                          0.429     0.750         0.941   0.545         8
2                          0.864     0.864         0.885   0.864        66
*========================================*
Saving checkpoint outputs/OrganoidsINRIA_XYZ_thinning_128/swinunetr/2026-02-23-11-31/training/model_final.pt
[EarlyStopping] no improve (9/40)
[EarlyStopping] no improve (10/40)
0 Mon Feb 23 13:07:09 2026 Epoch: 67
Epoch: 67/150 Iter: 1/96 loss: 0.5728 acc: 0.6250 time 1.05s
Epoch: 67/150 Iter: 2/96 loss: 0.3080 acc: 0.8125 time 0.87s
Epoch: 67/150 Iter: 3/96 loss: 0.2879 acc: 0.8750 time 0.74s
Epoch: 67/150 Iter: 4/96 loss: 0.2574 acc: 0.9062 time 0.70s
Epoch: 67/150 Iter: 5/96 loss: 0.2723 acc: 0.9000 time 0.73s
Epoch: 67/150 Iter: 6/96 loss: 0.2552 acc: 0.9167 time 0.70s
Epoch: 67/150 Iter: 7/96 loss: 0.3306 acc: 0.8651 time 0.70s
Epoch: 67/150 Iter: 8/96 loss: 0.2985 acc: 0.8819 time 0.74s
Epoch: 67/150 Iter: 9/96 loss: 0.2702 acc: 0.8951 time 0.93s
Epoch: 67/150 Iter: 10/96 loss: 0.2501 acc: 0.9056 time 0.70s
Epoch: 67/150 Iter: 11/96 loss: 0.2454 acc: 0.9141 time 0.75s
Epoch: 67/150 Iter: 12/96 loss: 0.2492 acc: 0.9130 time 0.70s
Epoch: 67/150 Iter: 13/96 loss: 0.2610 acc: 0.9068 time 0.70s
Epoch: 67/150 Iter: 14/96 loss: 0.2494 acc: 0.9135 time 0.69s
Epoch: 67/150 Iter: 15/96 loss: 0.2487 acc: 0.9126 time 0.71s
Epoch: 67/150 Iter: 16/96 loss: 0.2493 acc: 0.9181 time 0.79s
Epoch: 67/150 Iter: 17/96 loss: 0.3281 acc: 0.8837 time 0.76s
Epoch: 67/150 Iter: 18/96 loss: 0.4346 acc: 0.8623 time 0.87s
Epoch: 67/150 Iter: 19/96 loss: 0.4157 acc: 0.8696 time 0.87s
Epoch: 67/150 Iter: 20/96 loss: 0.4178 acc: 0.8678 time 0.86s
Epoch: 67/150 Iter: 21/96 loss: 0.4135 acc: 0.8661 time 0.75s
Epoch: 67/150 Iter: 22/96 loss: 0.4072 acc: 0.8646 time 0.72s
Epoch: 67/150 Iter: 23/96 loss: 0.4435 acc: 0.8473 time 0.87s
Epoch: 67/150 Iter: 24/96 loss: 0.4578 acc: 0.8329 time 0.70s
Epoch: 67/150 Iter: 25/96 loss: 0.4448 acc: 0.8396 time 0.72s
Epoch: 67/150 Iter: 26/96 loss: 0.4638 acc: 0.8303 time 0.72s
Epoch: 67/150 Iter: 27/96 loss: 0.4822 acc: 0.8169 time 0.95s
Epoch: 67/150 Iter: 28/96 loss: 0.4781 acc: 0.8036 time 0.70s
Epoch: 67/150 Iter: 29/96 loss: 0.4759 acc: 0.7950 time 0.86s
Epoch: 67/150 Iter: 30/96 loss: 0.4672 acc: 0.7981 time 0.78s
Epoch: 67/150 Iter: 31/96 loss: 0.4626 acc: 0.8047 time 0.71s
Epoch: 67/150 Iter: 32/96 loss: 0.4586 acc: 0.8021 time 0.74s
Epoch: 67/150 Iter: 33/96 loss: 0.4610 acc: 0.7980 time 0.70s
Epoch: 67/150 Iter: 34/96 loss: 0.4562 acc: 0.8039 time 0.86s
Epoch: 67/150 Iter: 35/96 loss: 0.4482 acc: 0.8095 time 0.86s
Epoch: 67/150 Iter: 36/96 loss: 0.4455 acc: 0.8148 time 0.73s
Epoch: 67/150 Iter: 37/96 loss: 0.4452 acc: 0.8063 time 0.87s
Epoch: 67/150 Iter: 38/96 loss: 0.4463 acc: 0.8004 time 0.86s
Epoch: 67/150 Iter: 39/96 loss: 0.4399 acc: 0.8056 time 0.70s
Epoch: 67/150 Iter: 40/96 loss: 0.4329 acc: 0.8104 time 0.87s
Epoch: 67/150 Iter: 41/96 loss: 0.4446 acc: 0.8069 time 0.87s
Epoch: 67/150 Iter: 42/96 loss: 0.4437 acc: 0.8016 time 0.86s
Epoch: 67/150 Iter: 43/96 loss: 0.4366 acc: 0.8062 time 0.86s
Epoch: 67/150 Iter: 44/96 loss: 0.4359 acc: 0.8021 time 0.91s
Epoch: 67/150 Iter: 45/96 loss: 0.4396 acc: 0.7941 time 0.70s
Epoch: 67/150 Iter: 46/96 loss: 0.4322 acc: 0.7986 time 0.73s
Epoch: 67/150 Iter: 47/96 loss: 0.4304 acc: 0.7905 time 0.70s
Epoch: 67/150 Iter: 48/96 loss: 0.4301 acc: 0.7925 time 0.76s
Epoch: 67/150 Iter: 49/96 loss: 0.4409 acc: 0.7917 time 0.70s
Epoch: 67/150 Iter: 50/96 loss: 0.4352 acc: 0.7958 time 0.71s
Epoch: 67/150 Iter: 51/96 loss: 0.4297 acc: 0.7998 time 0.69s
Epoch: 67/150 Iter: 52/96 loss: 0.4384 acc: 0.7951 time 0.86s
Epoch: 67/150 Iter: 53/96 loss: 0.4349 acc: 0.7990 time 0.74s
Epoch: 67/150 Iter: 54/96 loss: 0.4313 acc: 0.8027 time 0.75s
Epoch: 67/150 Iter: 55/96 loss: 0.4254 acc: 0.8063 time 0.86s
Epoch: 67/150 Iter: 56/96 loss: 0.4194 acc: 0.8098 time 0.69s
Epoch: 67/150 Iter: 57/96 loss: 0.4136 acc: 0.8131 time 0.86s
Epoch: 67/150 Iter: 58/96 loss: 0.4263 acc: 0.8077 time 0.70s
Epoch: 67/150 Iter: 59/96 loss: 0.4266 acc: 0.8042 time 0.74s
Epoch: 67/150 Iter: 60/96 loss: 0.4212 acc: 0.8075 time 0.87s
Epoch: 67/150 Iter: 61/96 loss: 0.4153 acc: 0.8106 time 0.87s
Epoch: 67/150 Iter: 62/96 loss: 0.4102 acc: 0.8137 time 0.74s
Epoch: 67/150 Iter: 63/96 loss: 0.4103 acc: 0.8122 time 0.87s
Epoch: 67/150 Iter: 64/96 loss: 0.4106 acc: 0.8086 time 0.73s
Epoch: 67/150 Iter: 65/96 loss: 0.4053 acc: 0.8116 time 0.70s
Epoch: 67/150 Iter: 66/96 loss: 0.4043 acc: 0.8125 time 0.70s
Epoch: 67/150 Iter: 67/96 loss: 0.4014 acc: 0.8129 time 0.87s
Epoch: 67/150 Iter: 68/96 loss: 0.4045 acc: 0.8074 time 0.88s
Epoch: 67/150 Iter: 69/96 loss: 0.4022 acc: 0.8102 time 0.69s
Epoch: 67/150 Iter: 70/96 loss: 0.4027 acc: 0.8112 time 0.71s
Epoch: 67/150 Iter: 71/96 loss: 0.4078 acc: 0.8029 time 0.72s
Epoch: 67/150 Iter: 72/96 loss: 0.4107 acc: 0.7979 time 0.87s
Epoch: 67/150 Iter: 73/96 loss: 0.4138 acc: 0.7984 time 0.71s
Epoch: 67/150 Iter: 74/96 loss: 0.4097 acc: 0.8011 time 0.69s
Epoch: 67/150 Iter: 75/96 loss: 0.4065 acc: 0.8037 time 0.86s
Epoch: 67/150 Iter: 76/96 loss: 0.4070 acc: 0.7990 time 0.70s
Epoch: 67/150 Iter: 77/96 loss: 0.4045 acc: 0.8016 time 0.74s
Epoch: 67/150 Iter: 78/96 loss: 0.4003 acc: 0.8042 time 0.76s
Epoch: 67/150 Iter: 79/96 loss: 0.4047 acc: 0.8019 time 0.87s
Epoch: 67/150 Iter: 80/96 loss: 0.4011 acc: 0.8044 time 0.70s
Epoch: 67/150 Iter: 81/96 loss: 0.3976 acc: 0.8068 time 0.70s
Epoch: 67/150 Iter: 82/96 loss: 0.3945 acc: 0.8091 time 0.86s
Epoch: 67/150 Iter: 83/96 loss: 0.3913 acc: 0.8114 time 0.86s
Epoch: 67/150 Iter: 84/96 loss: 0.3919 acc: 0.8125 time 0.70s
Epoch: 67/150 Iter: 85/96 loss: 0.3902 acc: 0.8127 time 0.69s
Epoch: 67/150 Iter: 86/96 loss: 0.3882 acc: 0.8149 time 0.71s
Epoch: 67/150 Iter: 87/96 loss: 0.3871 acc: 0.8142 time 0.86s
Epoch: 67/150 Iter: 88/96 loss: 0.3837 acc: 0.8163 time 0.69s
Epoch: 67/150 Iter: 89/96 loss: 0.3837 acc: 0.8146 time 0.69s
Epoch: 67/150 Iter: 90/96 loss: 0.3816 acc: 0.8167 time 0.87s
Epoch: 67/150 Iter: 91/96 loss: 0.3805 acc: 0.8187 time 0.69s
Epoch: 67/150 Iter: 92/96 loss: 0.3789 acc: 0.8207 time 0.86s
Epoch: 67/150 Iter: 93/96 loss: 0.3790 acc: 0.8181 time 0.71s
Epoch: 67/150 Iter: 94/96 loss: 0.3782 acc: 0.8183 time 0.69s
Epoch: 67/150 Iter: 95/96 loss: 0.3767 acc: 0.8202 time 0.86s
Epoch: 67/150 Iter: 96/96 loss: 0.3881 acc: 0.8186 time 0.70s
[Train epoch 67] avg_loss=0.3881 avg_acc=0.8186 | per-class [c0: 0.854, c1: 0.833, c2: 0.875]
Final training 67/150, loss: 0.3881, time 74.37s, lr: 0.000623
Accuracy: 0.863
class                  precision    recall   specificity      f1   support
--------------------------------------------------------------------------
0                          0.927     0.854         0.936   0.889       281
1                          0.510     0.833         0.956   0.633        30
2                          0.866     0.875         0.884   0.871       265
*----------------------------------------*
0 Mon Feb 23 13:08:24 2026 Epoch: 68
Epoch: 68/150 Iter: 1/96 loss: 0.1600 acc: 1.0000 time 1.04s
Epoch: 68/150 Iter: 2/96 loss: 0.1950 acc: 1.0000 time 0.72s
Epoch: 68/150 Iter: 3/96 loss: 0.3543 acc: 0.8148 time 0.86s
Epoch: 68/150 Iter: 4/96 loss: 0.3082 acc: 0.8194 time 0.75s
Epoch: 68/150 Iter: 5/96 loss: 0.4007 acc: 0.7889 time 0.71s
Epoch: 68/150 Iter: 6/96 loss: 0.3540 acc: 0.8241 time 0.71s
Epoch: 68/150 Iter: 7/96 loss: 0.3792 acc: 0.7857 time 0.73s
Epoch: 68/150 Iter: 8/96 loss: 0.3713 acc: 0.8125 time 0.72s
Epoch: 68/150 Iter: 9/96 loss: 0.3429 acc: 0.8241 time 0.72s
Epoch: 68/150 Iter: 10/96 loss: 0.3273 acc: 0.8306 time 0.87s
Epoch: 68/150 Iter: 11/96 loss: 0.3644 acc: 0.7914 time 0.69s
Epoch: 68/150 Iter: 12/96 loss: 0.3577 acc: 0.7949 time 0.69s
Epoch: 68/150 Iter: 13/96 loss: 0.3554 acc: 0.7786 time 0.70s
Epoch: 68/150 Iter: 14/96 loss: 0.3455 acc: 0.7944 time 0.69s
Epoch: 68/150 Iter: 15/96 loss: 0.3333 acc: 0.7970 time 0.93s
Epoch: 68/150 Iter: 16/96 loss: 0.3361 acc: 0.7993 time 0.70s
Epoch: 68/150 Iter: 17/96 loss: 0.3290 acc: 0.7915 time 0.87s
Epoch: 68/150 Iter: 18/96 loss: 0.3136 acc: 0.8031 time 0.71s
Epoch: 68/150 Iter: 19/96 loss: 0.3156 acc: 0.8047 time 0.70s
Epoch: 68/150 Iter: 20/96 loss: 0.3053 acc: 0.8144 time 0.76s
Epoch: 68/150 Iter: 21/96 loss: 0.3066 acc: 0.8153 time 0.87s
Epoch: 68/150 Iter: 22/96 loss: 0.3138 acc: 0.8181 time 0.87s
Epoch: 68/150 Iter: 23/96 loss: 0.3098 acc: 0.8139 time 0.86s
Epoch: 68/150 Iter: 24/96 loss: 0.3401 acc: 0.7985 time 0.87s
Epoch: 68/150 Iter: 25/96 loss: 0.3396 acc: 0.7966 time 0.88s
Epoch: 68/150 Iter: 26/96 loss: 0.3465 acc: 0.7996 time 0.86s
Epoch: 68/150 Iter: 27/96 loss: 0.3534 acc: 0.8024 time 0.70s
Epoch: 68/150 Iter: 28/96 loss: 0.3628 acc: 0.7856 time 0.71s
Epoch: 68/150 Iter: 29/96 loss: 0.3676 acc: 0.7873 time 0.75s
Epoch: 68/150 Iter: 30/96 loss: 0.3583 acc: 0.7944 time 0.71s
Epoch: 68/150 Iter: 31/96 loss: 0.3538 acc: 0.7956 time 0.69s
Epoch: 68/150 Iter: 32/96 loss: 0.3453 acc: 0.8020 time 0.70s
Epoch: 68/150 Iter: 33/96 loss: 0.3395 acc: 0.8029 time 0.73s
Epoch: 68/150 Iter: 34/96 loss: 0.3331 acc: 0.8087 time 0.78s
Epoch: 68/150 Iter: 35/96 loss: 0.3334 acc: 0.8094 time 0.69s
Epoch: 68/150 Iter: 36/96 loss: 0.3267 acc: 0.8147 time 0.87s
Epoch: 68/150 Iter: 37/96 loss: 0.3217 acc: 0.8197 time 0.86s
Epoch: 68/150 Iter: 38/96 loss: 0.3151 acc: 0.8245 time 0.86s
Epoch: 68/150 Iter: 39/96 loss: 0.3104 acc: 0.8290 time 0.87s
Epoch: 68/150 Iter: 40/96 loss: 0.3039 acc: 0.8333 time 0.77s
Epoch: 68/150 Iter: 41/96 loss: 0.3066 acc: 0.8343 time 0.87s
Epoch: 68/150 Iter: 42/96 loss: 0.2999 acc: 0.8382 time 0.75s
Epoch: 68/150 Iter: 43/96 loss: 0.2967 acc: 0.8420 time 0.94s
Epoch: 68/150 Iter: 44/96 loss: 0.2918 acc: 0.8456 time 0.69s
Epoch: 68/150 Iter: 45/96 loss: 0.2954 acc: 0.8462 time 0.75s
Epoch: 68/150 Iter: 46/96 loss: 0.2899 acc: 0.8496 time 0.71s
Epoch: 68/150 Iter: 47/96 loss: 0.2859 acc: 0.8528 time 0.69s
Epoch: 68/150 Iter: 48/96 loss: 0.2867 acc: 0.8466 time 0.74s
Epoch: 68/150 Iter: 49/96 loss: 0.2959 acc: 0.8477 time 0.92s
Epoch: 68/150 Iter: 50/96 loss: 0.2907 acc: 0.8507 time 0.87s
Epoch: 68/150 Iter: 51/96 loss: 0.2994 acc: 0.8471 time 0.71s
Epoch: 68/150 Iter: 52/96 loss: 0.3005 acc: 0.8481 time 0.87s
Epoch: 68/150 Iter: 53/96 loss: 0.2966 acc: 0.8510 time 0.73s
Epoch: 68/150 Iter: 54/96 loss: 0.2915 acc: 0.8538 time 0.77s
Epoch: 68/150 Iter: 55/96 loss: 0.2913 acc: 0.8541 time 0.87s
Epoch: 68/150 Iter: 56/96 loss: 0.2891 acc: 0.8567 time 0.74s
Epoch: 68/150 Iter: 57/96 loss: 0.2891 acc: 0.8573 time 0.69s
Epoch: 68/150 Iter: 58/96 loss: 0.2973 acc: 0.8521 time 0.87s
Epoch: 68/150 Iter: 59/96 loss: 0.2941 acc: 0.8546 time 0.87s
Epoch: 68/150 Iter: 60/96 loss: 0.2931 acc: 0.8554 time 0.77s
Epoch: 68/150 Iter: 61/96 loss: 0.3004 acc: 0.8505 time 0.71s
Epoch: 68/150 Iter: 62/96 loss: 0.3003 acc: 0.8509 time 0.74s
Epoch: 68/150 Iter: 63/96 loss: 0.3105 acc: 0.8473 time 0.73s
Epoch: 68/150 Iter: 64/96 loss: 0.3075 acc: 0.8497 time 0.73s
Epoch: 68/150 Iter: 65/96 loss: 0.3045 acc: 0.8494 time 0.70s
Epoch: 68/150 Iter: 66/96 loss: 0.3039 acc: 0.8502 time 0.72s
Epoch: 68/150 Iter: 67/96 loss: 0.3021 acc: 0.8524 time 0.76s
Epoch: 68/150 Iter: 68/96 loss: 0.3015 acc: 0.8480 time 0.70s
Epoch: 68/150 Iter: 69/96 loss: 0.2977 acc: 0.8502 time 0.69s
Epoch: 68/150 Iter: 70/96 loss: 0.3011 acc: 0.8510 time 0.74s
Epoch: 68/150 Iter: 71/96 loss: 0.2981 acc: 0.8531 time 0.70s
Epoch: 68/150 Iter: 72/96 loss: 0.2966 acc: 0.8505 time 0.70s
Epoch: 68/150 Iter: 73/96 loss: 0.2985 acc: 0.8468 time 0.95s
Epoch: 68/150 Iter: 74/96 loss: 0.2998 acc: 0.8472 time 0.77s
Epoch: 68/150 Iter: 75/96 loss: 0.2977 acc: 0.8448 time 0.93s
Epoch: 68/150 Iter: 76/96 loss: 0.2994 acc: 0.8435 time 0.86s
Epoch: 68/150 Iter: 77/96 loss: 0.2973 acc: 0.8443 time 0.69s
Epoch: 68/150 Iter: 78/96 loss: 0.2945 acc: 0.8463 time 0.86s
Epoch: 68/150 Iter: 79/96 loss: 0.2982 acc: 0.8431 time 0.87s
Epoch: 68/150 Iter: 80/96 loss: 0.2949 acc: 0.8451 time 0.87s
Epoch: 68/150 Iter: 81/96 loss: 0.3046 acc: 0.8429 time 0.86s
Epoch: 68/150 Iter: 82/96 loss: 0.3101 acc: 0.8387 time 0.68s
Epoch: 68/150 Iter: 83/96 loss: 0.3069 acc: 0.8407 time 0.85s
Epoch: 68/150 Iter: 84/96 loss: 0.3068 acc: 0.8411 time 0.69s
Epoch: 68/150 Iter: 85/96 loss: 0.3073 acc: 0.8410 time 0.69s
Epoch: 68/150 Iter: 86/96 loss: 0.3093 acc: 0.8405 time 0.86s
Epoch: 68/150 Iter: 87/96 loss: 0.3104 acc: 0.8409 time 0.86s
Epoch: 68/150 Iter: 88/96 loss: 0.3103 acc: 0.8389 time 0.69s
Epoch: 68/150 Iter: 89/96 loss: 0.3088 acc: 0.8407 time 0.70s
Epoch: 68/150 Iter: 90/96 loss: 0.3090 acc: 0.8406 time 0.71s
Epoch: 68/150 Iter: 91/96 loss: 0.3109 acc: 0.8387 time 0.85s
Epoch: 68/150 Iter: 92/96 loss: 0.3082 acc: 0.8405 time 0.71s
Epoch: 68/150 Iter: 93/96 loss: 0.3078 acc: 0.8404 time 0.68s
Epoch: 68/150 Iter: 94/96 loss: 0.3053 acc: 0.8421 time 0.85s
Epoch: 68/150 Iter: 95/96 loss: 0.3027 acc: 0.8438 time 0.86s
Epoch: 68/150 Iter: 96/96 loss: 0.3002 acc: 0.8454 time 0.69s
[Train epoch 68] avg_loss=0.3002 avg_acc=0.8454 | per-class [c0: 0.875, c1: 0.900, c2: 0.868]
Final training 68/150, loss: 0.3002, time 74.71s, lr: 0.000613
Accuracy: 0.873
class                  precision    recall   specificity      f1   support
--------------------------------------------------------------------------
0                          0.914     0.875         0.922   0.894       280
1                          0.587     0.900         0.965   0.711        30
2                          0.882     0.868         0.900   0.875       266
*----------------------------------------*
Val 68/150 1/24, Acc: 0.5000, Loss: 3.7480, time 0.67s
Val 68/150 2/24, Acc: 0.5278, Loss: 2.0838, time 0.67s
Val 68/150 3/24, Acc: 0.6296, Loss: 1.5487, time 0.67s
Val 68/150 4/24, Acc: 0.7222, Loss: 1.1903, time 0.67s
Val 68/150 5/24, Acc: 0.7278, Loss: 0.9885, time 0.67s
Val 68/150 6/24, Acc: 0.7731, Loss: 0.8328, time 0.67s
Val 68/150 7/24, Acc: 0.7460, Loss: 0.7933, time 0.67s
Val 68/150 8/24, Acc: 0.7778, Loss: 0.7011, time 0.67s
Val 68/150 9/24, Acc: 0.8025, Loss: 0.6382, time 0.67s
Val 68/150 10/24, Acc: 0.8222, Loss: 0.5811, time 0.67s
Val 68/150 11/24, Acc: 0.8232, Loss: 0.5681, time 0.67s
Val 68/150 12/24, Acc: 0.7824, Loss: 0.5559, time 0.67s
Val 68/150 13/24, Acc: 0.7607, Loss: 0.5592, time 0.67s
Val 68/150 14/24, Acc: 0.7688, Loss: 0.5498, time 0.67s
Val 68/150 15/24, Acc: 0.7787, Loss: 0.5540, time 0.67s
Val 68/150 16/24, Acc: 0.7863, Loss: 0.5310, time 0.67s
Val 68/150 17/24, Acc: 0.7989, Loss: 0.5038, time 0.67s
Val 68/150 18/24, Acc: 0.8031, Loss: 0.4946, time 0.67s
Val 68/150 19/24, Acc: 0.8082, Loss: 0.4818, time 0.67s
Val 68/150 20/24, Acc: 0.7900, Loss: 0.5049, time 0.67s
Val 68/150 21/24, Acc: 0.8000, Loss: 0.4859, time 0.67s
Val 68/150 22/24, Acc: 0.8015, Loss: 0.4817, time 0.67s
Val 68/150 23/24, Acc: 0.7884, Loss: 0.5721, time 0.67s
Val 68/150 24/24, Acc: 0.7856, Loss: 0.5611, time 0.67s
[Val epoch 68] avg_acc=0.7856 | avg_loss=0.5611 | per-class [c0: 0.829, c1: 0.625, c2: 0.894]
Final validation 68/150, Val_acc: 0.7856, time 16.05sAccuracy: 0.847
class                  precision    recall   specificity      f1   support
--------------------------------------------------------------------------
0                          0.967     0.829         0.973   0.892        70
1                          0.417     0.625         0.949   0.500         8
2                          0.819     0.894         0.833   0.855        66
*========================================*
Saving checkpoint outputs/OrganoidsINRIA_XYZ_thinning_128/swinunetr/2026-02-23-11-31/training/model_final.pt
[EarlyStopping] no improve (10/40)
[EarlyStopping] no improve (11/40)
0 Mon Feb 23 13:09:59 2026 Epoch: 69
Epoch: 69/150 Iter: 1/96 loss: 0.5745 acc: 0.7500 time 1.26s
Epoch: 69/150 Iter: 2/96 loss: 0.6327 acc: 0.6528 time 0.87s
Epoch: 69/150 Iter: 3/96 loss: 0.6382 acc: 0.6296 time 0.74s
Epoch: 69/150 Iter: 4/96 loss: 0.4934 acc: 0.7222 time 0.85s
Epoch: 69/150 Iter: 5/96 loss: 0.4038 acc: 0.7778 time 0.71s
Epoch: 69/150 Iter: 6/96 loss: 0.4493 acc: 0.7731 time 0.70s
Epoch: 69/150 Iter: 7/96 loss: 0.3963 acc: 0.8056 time 0.69s
Epoch: 69/150 Iter: 8/96 loss: 0.3595 acc: 0.8299 time 0.73s
Epoch: 69/150 Iter: 9/96 loss: 0.3329 acc: 0.8364 time 0.86s
Epoch: 69/150 Iter: 10/96 loss: 0.3123 acc: 0.8528 time 0.86s
Epoch: 69/150 Iter: 11/96 loss: 0.2950 acc: 0.8662 time 0.72s
Epoch: 69/150 Iter: 12/96 loss: 0.2766 acc: 0.8773 time 0.87s
Epoch: 69/150 Iter: 13/96 loss: 0.2750 acc: 0.8675 time 0.87s
Epoch: 69/150 Iter: 14/96 loss: 0.2846 acc: 0.8502 time 0.86s
Epoch: 69/150 Iter: 15/96 loss: 0.2683 acc: 0.8602 time 0.91s
Epoch: 69/150 Iter: 16/96 loss: 0.2639 acc: 0.8377 time 0.69s
Epoch: 69/150 Iter: 17/96 loss: 0.2597 acc: 0.8413 time 0.72s
Epoch: 69/150 Iter: 18/96 loss: 0.2542 acc: 0.8502 time 0.87s
Epoch: 69/150 Iter: 19/96 loss: 0.2478 acc: 0.8493 time 0.72s
Epoch: 69/150 Iter: 20/96 loss: 0.2407 acc: 0.8568 time 0.87s
Epoch: 69/150 Iter: 21/96 loss: 0.2353 acc: 0.8583 time 0.69s
Epoch: 69/150 Iter: 22/96 loss: 0.2297 acc: 0.8648 time 0.70s
Epoch: 69/150 Iter: 23/96 loss: 0.2211 acc: 0.8707 time 0.75s
Epoch: 69/150 Iter: 24/96 loss: 0.2149 acc: 0.8760 time 0.71s
Epoch: 69/150 Iter: 25/96 loss: 0.2170 acc: 0.8810 time 0.86s
Epoch: 69/150 Iter: 26/96 loss: 0.2153 acc: 0.8856 time 0.69s
Epoch: 69/150 Iter: 27/96 loss: 0.2129 acc: 0.8857 time 0.86s
Epoch: 69/150 Iter: 28/96 loss: 0.2197 acc: 0.8749 time 0.87s
Epoch: 69/150 Iter: 29/96 loss: 0.2260 acc: 0.8723 time 0.79s
Epoch: 69/150 Iter: 30/96 loss: 0.2248 acc: 0.8724 time 0.87s
Epoch: 69/150 Iter: 31/96 loss: 0.2504 acc: 0.8615 time 0.75s
Epoch: 69/150 Iter: 32/96 loss: 0.2449 acc: 0.8658 time 0.76s
Epoch: 69/150 Iter: 33/96 loss: 0.2383 acc: 0.8699 time 0.72s
Epoch: 69/150 Iter: 34/96 loss: 0.2429 acc: 0.8619 time 0.88s
Epoch: 69/150 Iter: 35/96 loss: 0.2463 acc: 0.8587 time 0.70s
Epoch: 69/150 Iter: 36/96 loss: 0.2483 acc: 0.8603 time 0.87s
Epoch: 69/150 Iter: 37/96 loss: 0.2439 acc: 0.8641 time 0.87s
Epoch: 69/150 Iter: 38/96 loss: 0.2489 acc: 0.8567 time 0.70s
Epoch: 69/150 Iter: 39/96 loss: 0.2438 acc: 0.8604 time 0.86s
Epoch: 69/150 Iter: 40/96 loss: 0.2475 acc: 0.8556 time 0.87s
Epoch: 69/150 Iter: 41/96 loss: 0.2559 acc: 0.8550 time 0.87s
Epoch: 69/150 Iter: 42/96 loss: 0.2579 acc: 0.8466 time 0.86s
Epoch: 69/150 Iter: 43/96 loss: 0.2543 acc: 0.8501 time 0.91s
Epoch: 69/150 Iter: 44/96 loss: 0.2613 acc: 0.8507 time 0.72s
Epoch: 69/150 Iter: 45/96 loss: 0.2563 acc: 0.8540 time 0.71s
Epoch: 69/150 Iter: 46/96 loss: 0.2559 acc: 0.8536 time 0.72s
Epoch: 69/150 Iter: 47/96 loss: 0.2651 acc: 0.8524 time 0.87s
Epoch: 69/150 Iter: 48/96 loss: 0.2676 acc: 0.8555 time 0.86s
Epoch: 69/150 Iter: 49/96 loss: 0.2626 acc: 0.8584 time 0.87s
Epoch: 69/150 Iter: 50/96 loss: 0.2646 acc: 0.8529 time 0.86s
Epoch: 69/150 Iter: 51/96 loss: 0.2652 acc: 0.8526 time 0.75s
Epoch: 69/150 Iter: 52/96 loss: 0.2717 acc: 0.8535 time 0.86s
Epoch: 69/150 Iter: 53/96 loss: 0.2691 acc: 0.8539 time 0.87s
Epoch: 69/150 Iter: 54/96 loss: 0.2735 acc: 0.8455 time 0.70s
Epoch: 69/150 Iter: 55/96 loss: 0.2817 acc: 0.8337 time 0.87s
Epoch: 69/150 Iter: 56/96 loss: 0.2779 acc: 0.8367 time 0.71s
Epoch: 69/150 Iter: 57/96 loss: 0.2874 acc: 0.8293 time 0.71s
Epoch: 69/150 Iter: 58/96 loss: 0.2922 acc: 0.8246 time 0.86s
Epoch: 69/150 Iter: 59/96 loss: 0.2881 acc: 0.8276 time 0.87s
Epoch: 69/150 Iter: 60/96 loss: 0.2901 acc: 0.8284 time 0.70s
Epoch: 69/150 Iter: 61/96 loss: 0.2859 acc: 0.8312 time 0.70s
Epoch: 69/150 Iter: 62/96 loss: 0.2816 acc: 0.8339 time 0.87s
Epoch: 69/150 Iter: 63/96 loss: 0.2792 acc: 0.8366 time 0.77s
Epoch: 69/150 Iter: 64/96 loss: 0.2784 acc: 0.8365 time 0.76s
Epoch: 69/150 Iter: 65/96 loss: 0.2941 acc: 0.8326 time 0.74s
Epoch: 69/150 Iter: 66/96 loss: 0.2938 acc: 0.8332 time 0.86s
Epoch: 69/150 Iter: 67/96 loss: 0.2956 acc: 0.8258 time 0.86s
Epoch: 69/150 Iter: 68/96 loss: 0.2923 acc: 0.8283 time 0.84s
Epoch: 69/150 Iter: 69/96 loss: 0.2911 acc: 0.8290 time 0.87s
Epoch: 69/150 Iter: 70/96 loss: 0.2912 acc: 0.8291 time 0.70s
Epoch: 69/150 Iter: 71/96 loss: 0.2979 acc: 0.8245 time 0.86s
Epoch: 69/150 Iter: 72/96 loss: 0.3048 acc: 0.8217 time 0.69s
Epoch: 69/150 Iter: 73/96 loss: 0.3063 acc: 0.8180 time 0.75s
Epoch: 69/150 Iter: 74/96 loss: 0.3034 acc: 0.8205 time 0.86s
Epoch: 69/150 Iter: 75/96 loss: 0.3142 acc: 0.8155 time 0.87s
Epoch: 69/150 Iter: 76/96 loss: 0.3116 acc: 0.8179 time 0.72s
Epoch: 69/150 Iter: 77/96 loss: 0.3093 acc: 0.8203 time 0.87s
Epoch: 69/150 Iter: 78/96 loss: 0.3129 acc: 0.8204 time 0.71s
Epoch: 69/150 Iter: 79/96 loss: 0.3105 acc: 0.8227 time 0.87s
Epoch: 69/150 Iter: 80/96 loss: 0.3096 acc: 0.8235 time 0.72s
Epoch: 69/150 Iter: 81/96 loss: 0.3071 acc: 0.8257 time 0.85s
Epoch: 69/150 Iter: 82/96 loss: 0.3089 acc: 0.8230 time 0.86s
Epoch: 69/150 Iter: 83/96 loss: 0.3095 acc: 0.8201 time 0.70s
Epoch: 69/150 Iter: 84/96 loss: 0.3065 acc: 0.8222 time 0.86s
Epoch: 69/150 Iter: 85/96 loss: 0.3087 acc: 0.8191 time 0.86s
Epoch: 69/150 Iter: 86/96 loss: 0.3080 acc: 0.8212 time 0.69s
Epoch: 69/150 Iter: 87/96 loss: 0.3160 acc: 0.8194 time 0.86s
Epoch: 69/150 Iter: 88/96 loss: 0.3241 acc: 0.8124 time 0.68s
Epoch: 69/150 Iter: 89/96 loss: 0.3230 acc: 0.8126 time 0.70s
Epoch: 69/150 Iter: 90/96 loss: 0.3211 acc: 0.8133 time 0.69s
Epoch: 69/150 Iter: 91/96 loss: 0.3218 acc: 0.8135 time 0.86s
Epoch: 69/150 Iter: 92/96 loss: 0.3342 acc: 0.8119 time 0.69s
Epoch: 69/150 Iter: 93/96 loss: 0.3320 acc: 0.8139 time 0.70s
Epoch: 69/150 Iter: 94/96 loss: 0.3312 acc: 0.8159 time 0.71s
Epoch: 69/150 Iter: 95/96 loss: 0.3403 acc: 0.8144 time 0.70s
Epoch: 69/150 Iter: 96/96 loss: 0.3415 acc: 0.8134 time 0.69s
[Train epoch 69] avg_loss=0.3415 avg_acc=0.8134 | per-class [c0: 0.861, c1: 0.833, c2: 0.872]
Final training 69/150, loss: 0.3415, time 76.29s, lr: 0.000602
Accuracy: 0.865
class                  precision    recall   specificity      f1   support
--------------------------------------------------------------------------
0                          0.924     0.861         0.932   0.891       281
1                          0.556     0.833         0.963   0.667        30
2                          0.859     0.872         0.878   0.865       265
*----------------------------------------*
0 Mon Feb 23 13:11:16 2026 Epoch: 70
Epoch: 70/150 Iter: 1/96 loss: 0.5151 acc: 0.6667 time 1.06s
Epoch: 70/150 Iter: 2/96 loss: 0.6309 acc: 0.6000 time 0.87s
Epoch: 70/150 Iter: 3/96 loss: 0.4615 acc: 0.7333 time 0.86s
Epoch: 70/150 Iter: 4/96 loss: 0.4944 acc: 0.7167 time 0.72s
Epoch: 70/150 Iter: 5/96 loss: 0.4618 acc: 0.7233 time 0.93s
Epoch: 70/150 Iter: 6/96 loss: 0.3985 acc: 0.7694 time 0.72s
Epoch: 70/150 Iter: 7/96 loss: 0.4412 acc: 0.7071 time 0.87s
Epoch: 70/150 Iter: 8/96 loss: 0.4044 acc: 0.7438 time 0.76s
Epoch: 70/150 Iter: 9/96 loss: 0.4420 acc: 0.6907 time 0.75s
Epoch: 70/150 Iter: 10/96 loss: 0.4118 acc: 0.7217 time 0.85s
Epoch: 70/150 Iter: 11/96 loss: 0.3786 acc: 0.7470 time 0.93s
Epoch: 70/150 Iter: 12/96 loss: 0.3553 acc: 0.7681 time 0.70s
Epoch: 70/150 Iter: 13/96 loss: 0.3498 acc: 0.7667 time 0.74s
Epoch: 70/150 Iter: 14/96 loss: 0.3376 acc: 0.7833 time 0.77s
Epoch: 70/150 Iter: 15/96 loss: 0.3289 acc: 0.7978 time 0.72s
Epoch: 70/150 Iter: 16/96 loss: 0.3206 acc: 0.8104 time 0.75s
Epoch: 70/150 Iter: 17/96 loss: 0.3187 acc: 0.7995 time 0.71s
Epoch: 70/150 Iter: 18/96 loss: 0.3034 acc: 0.8106 time 0.71s
Epoch: 70/150 Iter: 19/96 loss: 0.2905 acc: 0.8206 time 0.86s
Epoch: 70/150 Iter: 20/96 loss: 0.2812 acc: 0.8296 time 0.69s
Epoch: 70/150 Iter: 21/96 loss: 0.2772 acc: 0.8298 time 0.77s
Epoch: 70/150 Iter: 22/96 loss: 0.2810 acc: 0.8375 time 0.87s
Epoch: 70/150 Iter: 23/96 loss: 0.2888 acc: 0.8325 time 0.87s
Epoch: 70/150 Iter: 24/96 loss: 0.2966 acc: 0.8325 time 0.87s
Epoch: 70/150 Iter: 25/96 loss: 0.2967 acc: 0.8326 time 0.87s
Epoch: 70/150 Iter: 26/96 loss: 0.2891 acc: 0.8390 time 0.86s
Epoch: 70/150 Iter: 27/96 loss: 0.2831 acc: 0.8408 time 0.87s
Epoch: 70/150 Iter: 28/96 loss: 0.3030 acc: 0.8267 time 0.70s
Epoch: 70/150 Iter: 29/96 loss: 0.3003 acc: 0.8284 time 0.93s
Epoch: 70/150 Iter: 30/96 loss: 0.2924 acc: 0.8341 time 0.74s
Epoch: 70/150 Iter: 31/96 loss: 0.2911 acc: 0.8394 time 0.87s
Epoch: 70/150 Iter: 32/96 loss: 0.2886 acc: 0.8392 time 0.86s
Epoch: 70/150 Iter: 33/96 loss: 0.2820 acc: 0.8441 time 0.72s
Epoch: 70/150 Iter: 34/96 loss: 0.2833 acc: 0.8487 time 0.75s
Epoch: 70/150 Iter: 35/96 loss: 0.2816 acc: 0.8387 time 0.73s
Epoch: 70/150 Iter: 36/96 loss: 0.2921 acc: 0.8309 time 0.86s
Epoch: 70/150 Iter: 37/96 loss: 0.3007 acc: 0.8174 time 0.77s
Epoch: 70/150 Iter: 38/96 loss: 0.2986 acc: 0.8113 time 0.69s
Epoch: 70/150 Iter: 39/96 loss: 0.3048 acc: 0.8011 time 0.92s
Epoch: 70/150 Iter: 40/96 loss: 0.3127 acc: 0.8040 time 0.87s
Epoch: 70/150 Iter: 41/96 loss: 0.3071 acc: 0.8088 time 0.70s
Epoch: 70/150 Iter: 42/96 loss: 0.3028 acc: 0.8134 time 0.72s
Epoch: 70/150 Iter: 43/96 loss: 0.2989 acc: 0.8177 time 0.71s
Epoch: 70/150 Iter: 44/96 loss: 0.3063 acc: 0.8162 time 0.86s
Epoch: 70/150 Iter: 45/96 loss: 0.3070 acc: 0.8175 time 0.70s
Epoch: 70/150 Iter: 46/96 loss: 0.3092 acc: 0.8187 time 0.70s
Epoch: 70/150 Iter: 47/96 loss: 0.3039 acc: 0.8226 time 0.76s
Epoch: 70/150 Iter: 48/96 loss: 0.3331 acc: 0.8135 time 0.87s
Epoch: 70/150 Iter: 49/96 loss: 0.3287 acc: 0.8173 time 0.86s
Epoch: 70/150 Iter: 50/96 loss: 0.3286 acc: 0.8166 time 0.86s
Epoch: 70/150 Iter: 51/96 loss: 0.3239 acc: 0.8202 time 0.86s
Epoch: 70/150 Iter: 52/96 loss: 0.3221 acc: 0.8204 time 0.78s
Epoch: 70/150 Iter: 53/96 loss: 0.3171 acc: 0.8238 time 0.86s
Epoch: 70/150 Iter: 54/96 loss: 0.3134 acc: 0.8271 time 0.70s
Epoch: 70/150 Iter: 55/96 loss: 0.3102 acc: 0.8302 time 0.69s
Epoch: 70/150 Iter: 56/96 loss: 0.3061 acc: 0.8332 time 0.69s
Epoch: 70/150 Iter: 57/96 loss: 0.3039 acc: 0.8284 time 0.70s
Epoch: 70/150 Iter: 58/96 loss: 0.3004 acc: 0.8313 time 0.70s
Epoch: 70/150 Iter: 59/96 loss: 0.2994 acc: 0.8342 time 0.71s
Epoch: 70/150 Iter: 60/96 loss: 0.3102 acc: 0.8303 time 0.69s
Epoch: 70/150 Iter: 61/96 loss: 0.3167 acc: 0.8210 time 0.69s
Epoch: 70/150 Iter: 62/96 loss: 0.3184 acc: 0.8212 time 0.69s
Epoch: 70/150 Iter: 63/96 loss: 0.3229 acc: 0.8170 time 0.86s
Epoch: 70/150 Iter: 64/96 loss: 0.3185 acc: 0.8199 time 0.86s
Epoch: 70/150 Iter: 65/96 loss: 0.3155 acc: 0.8226 time 0.86s
Epoch: 70/150 Iter: 66/96 loss: 0.3122 acc: 0.8253 time 0.71s
Epoch: 70/150 Iter: 67/96 loss: 0.3090 acc: 0.8279 time 0.86s
Epoch: 70/150 Iter: 68/96 loss: 0.3055 acc: 0.8305 time 0.77s
Epoch: 70/150 Iter: 69/96 loss: 0.3051 acc: 0.8311 time 0.74s
Epoch: 70/150 Iter: 70/96 loss: 0.3099 acc: 0.8317 time 0.70s
Epoch: 70/150 Iter: 71/96 loss: 0.3102 acc: 0.8294 time 0.75s
Epoch: 70/150 Iter: 72/96 loss: 0.3087 acc: 0.8260 time 0.76s
Epoch: 70/150 Iter: 73/96 loss: 0.3164 acc: 0.8232 time 0.70s
Epoch: 70/150 Iter: 74/96 loss: 0.3194 acc: 0.8226 time 0.87s
Epoch: 70/150 Iter: 75/96 loss: 0.3198 acc: 0.8233 time 0.93s
Epoch: 70/150 Iter: 76/96 loss: 0.3229 acc: 0.8191 time 0.71s
Epoch: 70/150 Iter: 77/96 loss: 0.3207 acc: 0.8214 time 0.69s
Epoch: 70/150 Iter: 78/96 loss: 0.3174 acc: 0.8237 time 0.86s
Epoch: 70/150 Iter: 79/96 loss: 0.3144 acc: 0.8259 time 0.70s
Epoch: 70/150 Iter: 80/96 loss: 0.3113 acc: 0.8281 time 0.70s
Epoch: 70/150 Iter: 81/96 loss: 0.3076 acc: 0.8302 time 0.87s
Epoch: 70/150 Iter: 82/96 loss: 0.3108 acc: 0.8311 time 0.69s
Epoch: 70/150 Iter: 83/96 loss: 0.3175 acc: 0.8275 time 0.68s
Epoch: 70/150 Iter: 84/96 loss: 0.3202 acc: 0.8266 time 0.69s
Epoch: 70/150 Iter: 85/96 loss: 0.3220 acc: 0.8267 time 0.69s
Epoch: 70/150 Iter: 86/96 loss: 0.3208 acc: 0.8287 time 0.86s
Epoch: 70/150 Iter: 87/96 loss: 0.3217 acc: 0.8287 time 0.86s
Epoch: 70/150 Iter: 88/96 loss: 0.3230 acc: 0.8288 time 0.70s
Epoch: 70/150 Iter: 89/96 loss: 0.3222 acc: 0.8288 time 0.68s
Epoch: 70/150 Iter: 90/96 loss: 0.3222 acc: 0.8294 time 0.69s
Epoch: 70/150 Iter: 91/96 loss: 0.3189 acc: 0.8312 time 0.86s
Epoch: 70/150 Iter: 92/96 loss: 0.3182 acc: 0.8317 time 0.70s
Epoch: 70/150 Iter: 93/96 loss: 0.3154 acc: 0.8335 time 0.86s
Epoch: 70/150 Iter: 94/96 loss: 0.3140 acc: 0.8300 time 0.69s
Epoch: 70/150 Iter: 95/96 loss: 0.3126 acc: 0.8300 time 0.70s
Epoch: 70/150 Iter: 96/96 loss: 0.3114 acc: 0.8300 time 0.69s
[Train epoch 70] avg_loss=0.3114 avg_acc=0.8300 | per-class [c0: 0.875, c1: 0.933, c2: 0.849]
Final training 70/150, loss: 0.3114, time 74.88s, lr: 0.000592
Accuracy: 0.866
class                  precision    recall   specificity      f1   support
--------------------------------------------------------------------------
0                          0.908     0.875         0.915   0.891       281
1                          0.549     0.933         0.958   0.691        30
2                          0.886     0.849         0.907   0.867       265
*----------------------------------------*
Val 70/150 1/24, Acc: 0.6667, Loss: 4.2831, time 0.68s
Val 70/150 2/24, Acc: 0.6111, Loss: 2.3914, time 0.67s
Val 70/150 3/24, Acc: 0.5926, Loss: 1.8619, time 0.67s
Val 70/150 4/24, Acc: 0.6944, Loss: 1.4291, time 0.67s
Val 70/150 5/24, Acc: 0.7056, Loss: 1.2603, time 0.67s
Val 70/150 6/24, Acc: 0.7546, Loss: 1.0807, time 0.67s
Val 70/150 7/24, Acc: 0.7302, Loss: 1.0334, time 0.67s
Val 70/150 8/24, Acc: 0.7483, Loss: 0.9275, time 0.67s
Val 70/150 9/24, Acc: 0.7318, Loss: 0.8538, time 0.67s
Val 70/150 10/24, Acc: 0.7586, Loss: 0.7720, time 0.67s
Val 70/150 11/24, Acc: 0.7503, Loss: 0.7490, time 0.67s
Val 70/150 12/24, Acc: 0.7711, Loss: 0.6962, time 0.67s
Val 70/150 13/24, Acc: 0.7502, Loss: 0.6708, time 0.67s
Val 70/150 14/24, Acc: 0.7681, Loss: 0.6397, time 0.67s
Val 70/150 15/24, Acc: 0.7502, Loss: 0.6692, time 0.67s
Val 70/150 16/24, Acc: 0.7658, Loss: 0.6292, time 0.67s
Val 70/150 17/24, Acc: 0.7722, Loss: 0.6081, time 0.67s
Val 70/150 18/24, Acc: 0.7849, Loss: 0.5834, time 0.67s
Val 70/150 19/24, Acc: 0.7962, Loss: 0.5592, time 0.67s
Val 70/150 20/24, Acc: 0.7842, Loss: 0.5828, time 0.67s
Val 70/150 21/24, Acc: 0.7825, Loss: 0.5757, time 0.67s
Val 70/150 22/24, Acc: 0.7848, Loss: 0.5613, time 0.67s
Val 70/150 23/24, Acc: 0.7725, Loss: 0.6548, time 0.67s
Val 70/150 24/24, Acc: 0.7704, Loss: 0.6470, time 0.67s
[Val epoch 70] avg_acc=0.7704 | avg_loss=0.6470 | per-class [c0: 0.957, c1: 0.500, c2: 0.773]
Final validation 70/150, Val_acc: 0.7704, time 16.06sAccuracy: 0.847
class                  precision    recall   specificity      f1   support
--------------------------------------------------------------------------
0                          0.848     0.957         0.838   0.899        70
1                          0.364     0.500         0.949   0.421         8
2                          0.944     0.773         0.962   0.850        66
*========================================*
Saving checkpoint outputs/OrganoidsINRIA_XYZ_thinning_128/swinunetr/2026-02-23-11-31/training/model_final.pt
[EarlyStopping] no improve (11/40)
[EarlyStopping] no improve (12/40)
0 Mon Feb 23 13:12:52 2026 Epoch: 71
Epoch: 71/150 Iter: 1/96 loss: 0.3777 acc: 0.3333 time 1.32s
Epoch: 71/150 Iter: 2/96 loss: 0.3283 acc: 0.5278 time 0.70s
Epoch: 71/150 Iter: 3/96 loss: 0.2732 acc: 0.6852 time 0.70s
Epoch: 71/150 Iter: 4/96 loss: 0.2480 acc: 0.7639 time 0.69s
Epoch: 71/150 Iter: 5/96 loss: 0.2506 acc: 0.7778 time 0.86s
Epoch: 71/150 Iter: 6/96 loss: 0.3386 acc: 0.7593 time 0.71s
Epoch: 71/150 Iter: 7/96 loss: 0.3047 acc: 0.7937 time 0.86s
Epoch: 71/150 Iter: 8/96 loss: 0.2905 acc: 0.8194 time 0.87s
Epoch: 71/150 Iter: 9/96 loss: 0.3051 acc: 0.7932 time 0.86s
Epoch: 71/150 Iter: 10/96 loss: 0.3425 acc: 0.7672 time 0.87s
Epoch: 71/150 Iter: 11/96 loss: 0.3461 acc: 0.7770 time 0.70s
Epoch: 71/150 Iter: 12/96 loss: 0.3220 acc: 0.7956 time 0.87s
Epoch: 71/150 Iter: 13/96 loss: 0.3098 acc: 0.8017 time 0.70s
Epoch: 71/150 Iter: 14/96 loss: 0.3098 acc: 0.7873 time 0.86s
Epoch: 71/150 Iter: 15/96 loss: 0.2937 acc: 0.8015 time 0.86s
Epoch: 71/150 Iter: 16/96 loss: 0.3071 acc: 0.8035 time 0.77s
Epoch: 71/150 Iter: 17/96 loss: 0.2990 acc: 0.8150 time 0.70s
Epoch: 71/150 Iter: 18/96 loss: 0.2842 acc: 0.8253 time 0.86s
Epoch: 71/150 Iter: 19/96 loss: 0.2809 acc: 0.8345 time 0.87s
Epoch: 71/150 Iter: 20/96 loss: 0.2746 acc: 0.8428 time 0.87s
Epoch: 71/150 Iter: 21/96 loss: 0.2690 acc: 0.8503 time 0.88s
Epoch: 71/150 Iter: 22/96 loss: 0.2656 acc: 0.8571 time 0.76s
Epoch: 71/150 Iter: 23/96 loss: 0.2563 acc: 0.8633 time 0.70s
Epoch: 71/150 Iter: 24/96 loss: 0.2471 acc: 0.8690 time 0.75s
Epoch: 71/150 Iter: 25/96 loss: 0.2400 acc: 0.8742 time 0.87s
Epoch: 71/150 Iter: 26/96 loss: 0.2677 acc: 0.8694 time 0.70s
Epoch: 71/150 Iter: 27/96 loss: 0.2802 acc: 0.8578 time 0.70s
Epoch: 71/150 Iter: 28/96 loss: 0.2714 acc: 0.8629 time 0.87s
Epoch: 71/150 Iter: 29/96 loss: 0.2649 acc: 0.8676 time 0.71s
Epoch: 71/150 Iter: 30/96 loss: 0.2627 acc: 0.8637 time 0.70s
Epoch: 71/150 Iter: 31/96 loss: 0.2605 acc: 0.8627 time 0.70s
Epoch: 71/150 Iter: 32/96 loss: 0.2530 acc: 0.8670 time 0.71s
Epoch: 71/150 Iter: 33/96 loss: 0.2513 acc: 0.8710 time 0.71s
Epoch: 71/150 Iter: 34/96 loss: 0.2675 acc: 0.8675 time 0.71s
Epoch: 71/150 Iter: 35/96 loss: 0.2636 acc: 0.8641 time 0.70s
Epoch: 71/150 Iter: 36/96 loss: 0.2577 acc: 0.8679 time 0.87s
Epoch: 71/150 Iter: 37/96 loss: 0.2669 acc: 0.8595 time 0.69s
Epoch: 71/150 Iter: 38/96 loss: 0.2642 acc: 0.8632 time 0.78s
Epoch: 71/150 Iter: 39/96 loss: 0.2585 acc: 0.8667 time 0.70s
Epoch: 71/150 Iter: 40/96 loss: 0.2578 acc: 0.8658 time 0.87s
Epoch: 71/150 Iter: 41/96 loss: 0.2622 acc: 0.8630 time 0.72s
Epoch: 71/150 Iter: 42/96 loss: 0.2576 acc: 0.8663 time 0.86s
Epoch: 71/150 Iter: 43/96 loss: 0.2549 acc: 0.8694 time 0.70s
Epoch: 71/150 Iter: 44/96 loss: 0.2524 acc: 0.8723 time 0.71s
Epoch: 71/150 Iter: 45/96 loss: 0.2603 acc: 0.8696 time 0.73s
Epoch: 71/150 Iter: 46/96 loss: 0.2632 acc: 0.8703 time 0.87s
Epoch: 71/150 Iter: 47/96 loss: 0.2663 acc: 0.8713 time 0.87s
Epoch: 71/150 Iter: 48/96 loss: 0.2666 acc: 0.8714 time 0.71s
Epoch: 71/150 Iter: 49/96 loss: 0.2623 acc: 0.8740 time 0.87s
Epoch: 71/150 Iter: 50/96 loss: 0.2693 acc: 0.8609 time 0.70s
Epoch: 71/150 Iter: 51/96 loss: 0.2726 acc: 0.8604 time 0.87s
Epoch: 71/150 Iter: 52/96 loss: 0.2704 acc: 0.8599 time 0.87s
Epoch: 71/150 Iter: 53/96 loss: 0.2868 acc: 0.8569 time 0.72s
Epoch: 71/150 Iter: 54/96 loss: 0.2860 acc: 0.8521 time 0.86s
Epoch: 71/150 Iter: 55/96 loss: 0.2821 acc: 0.8548 time 0.70s
Epoch: 71/150 Iter: 56/96 loss: 0.2796 acc: 0.8544 time 0.69s
Epoch: 71/150 Iter: 57/96 loss: 0.2775 acc: 0.8570 time 0.73s
Epoch: 71/150 Iter: 58/96 loss: 0.2826 acc: 0.8468 time 0.70s
Epoch: 71/150 Iter: 59/96 loss: 0.2820 acc: 0.8494 time 0.69s
Epoch: 71/150 Iter: 60/96 loss: 0.2802 acc: 0.8519 time 0.75s
Epoch: 71/150 Iter: 61/96 loss: 0.2768 acc: 0.8543 time 0.70s
Epoch: 71/150 Iter: 62/96 loss: 0.2750 acc: 0.8567 time 0.86s
Epoch: 71/150 Iter: 63/96 loss: 0.2734 acc: 0.8574 time 0.70s
Epoch: 71/150 Iter: 64/96 loss: 0.2884 acc: 0.8492 time 0.70s
Epoch: 71/150 Iter: 65/96 loss: 0.2981 acc: 0.8464 time 0.71s
Epoch: 71/150 Iter: 66/96 loss: 0.2945 acc: 0.8487 time 0.86s
Epoch: 71/150 Iter: 67/96 loss: 0.3166 acc: 0.8410 time 0.76s
Epoch: 71/150 Iter: 68/96 loss: 0.3161 acc: 0.8393 time 0.78s
Epoch: 71/150 Iter: 69/96 loss: 0.3350 acc: 0.8310 time 0.70s
Epoch: 71/150 Iter: 70/96 loss: 0.3315 acc: 0.8334 time 0.72s
Epoch: 71/150 Iter: 71/96 loss: 0.3452 acc: 0.8275 time 0.87s
Epoch: 71/150 Iter: 72/96 loss: 0.3408 acc: 0.8299 time 0.71s
Epoch: 71/150 Iter: 73/96 loss: 0.3510 acc: 0.8271 time 0.87s
Epoch: 71/150 Iter: 74/96 loss: 0.3479 acc: 0.8294 time 0.80s
Epoch: 71/150 Iter: 75/96 loss: 0.3469 acc: 0.8317 time 0.87s
Epoch: 71/150 Iter: 76/96 loss: 0.3455 acc: 0.8284 time 0.69s
Epoch: 71/150 Iter: 77/96 loss: 0.3430 acc: 0.8307 time 0.87s
Epoch: 71/150 Iter: 78/96 loss: 0.3421 acc: 0.8271 time 0.74s
Epoch: 71/150 Iter: 79/96 loss: 0.3400 acc: 0.8293 time 0.72s
Epoch: 71/150 Iter: 80/96 loss: 0.3370 acc: 0.8315 time 0.70s
Epoch: 71/150 Iter: 81/96 loss: 0.3374 acc: 0.8253 time 0.70s
Epoch: 71/150 Iter: 82/96 loss: 0.3337 acc: 0.8274 time 0.86s
Epoch: 71/150 Iter: 83/96 loss: 0.3332 acc: 0.8283 time 0.69s
Epoch: 71/150 Iter: 84/96 loss: 0.3301 acc: 0.8304 time 0.86s
Epoch: 71/150 Iter: 85/96 loss: 0.3281 acc: 0.8304 time 0.69s
Epoch: 71/150 Iter: 86/96 loss: 0.3272 acc: 0.8312 time 0.86s
Epoch: 71/150 Iter: 87/96 loss: 0.3293 acc: 0.8317 time 0.86s
Epoch: 71/150 Iter: 88/96 loss: 0.3287 acc: 0.8325 time 0.71s
Epoch: 71/150 Iter: 89/96 loss: 0.3270 acc: 0.8344 time 0.70s
Epoch: 71/150 Iter: 90/96 loss: 0.3303 acc: 0.8320 time 0.71s
Epoch: 71/150 Iter: 91/96 loss: 0.3280 acc: 0.8339 time 0.86s
Epoch: 71/150 Iter: 92/96 loss: 0.3320 acc: 0.8330 time 0.70s
Epoch: 71/150 Iter: 93/96 loss: 0.3301 acc: 0.8348 time 0.71s
Epoch: 71/150 Iter: 94/96 loss: 0.3277 acc: 0.8365 time 0.86s
Epoch: 71/150 Iter: 95/96 loss: 0.3297 acc: 0.8347 time 0.69s
Epoch: 71/150 Iter: 96/96 loss: 0.3322 acc: 0.8313 time 0.70s
[Train epoch 71] avg_loss=0.3322 avg_acc=0.8313 | per-class [c0: 0.879, c1: 0.867, c2: 0.868]
Final training 71/150, loss: 0.3322, time 74.39s, lr: 0.000581
Accuracy: 0.873
class                  precision    recall   specificity      f1   support
--------------------------------------------------------------------------
0                          0.914     0.879         0.922   0.896       280
1                          0.591     0.867         0.967   0.703        30
2                          0.878     0.868         0.897   0.873       266
*----------------------------------------*
0 Mon Feb 23 13:14:06 2026 Epoch: 72
Epoch: 72/150 Iter: 1/96 loss: 0.2549 acc: 1.0000 time 1.05s
Epoch: 72/150 Iter: 2/96 loss: 0.1516 acc: 1.0000 time 0.87s
Epoch: 72/150 Iter: 3/96 loss: 0.2034 acc: 0.8056 time 0.78s
Epoch: 72/150 Iter: 4/96 loss: 0.2394 acc: 0.7708 time 0.77s
Epoch: 72/150 Iter: 5/96 loss: 0.1979 acc: 0.8167 time 0.86s
Epoch: 72/150 Iter: 6/96 loss: 0.1908 acc: 0.8472 time 0.69s
Epoch: 72/150 Iter: 7/96 loss: 0.1748 acc: 0.8690 time 0.75s
Epoch: 72/150 Iter: 8/96 loss: 0.1784 acc: 0.8854 time 0.69s
Epoch: 72/150 Iter: 9/96 loss: 0.1748 acc: 0.8858 time 0.70s
Epoch: 72/150 Iter: 10/96 loss: 0.1880 acc: 0.8806 time 0.78s
Epoch: 72/150 Iter: 11/96 loss: 0.1735 acc: 0.8914 time 0.87s
Epoch: 72/150 Iter: 12/96 loss: 0.1666 acc: 0.9005 time 0.71s
Epoch: 72/150 Iter: 13/96 loss: 0.1958 acc: 0.8697 time 0.72s
Epoch: 72/150 Iter: 14/96 loss: 0.2141 acc: 0.8710 time 0.87s
Epoch: 72/150 Iter: 15/96 loss: 0.2070 acc: 0.8796 time 0.70s
Epoch: 72/150 Iter: 16/96 loss: 0.1979 acc: 0.8872 time 0.75s
Epoch: 72/150 Iter: 17/96 loss: 0.1977 acc: 0.8775 time 0.86s
Epoch: 72/150 Iter: 18/96 loss: 0.2118 acc: 0.8657 time 0.70s
Epoch: 72/150 Iter: 19/96 loss: 0.2272 acc: 0.8494 time 0.76s
Epoch: 72/150 Iter: 20/96 loss: 0.2198 acc: 0.8569 time 0.69s
Epoch: 72/150 Iter: 21/96 loss: 0.2391 acc: 0.8578 time 0.87s
Epoch: 72/150 Iter: 22/96 loss: 0.2371 acc: 0.8643 time 0.87s
Epoch: 72/150 Iter: 23/96 loss: 0.2403 acc: 0.8647 time 0.77s
Epoch: 72/150 Iter: 24/96 loss: 0.2400 acc: 0.8530 time 0.87s
Epoch: 72/150 Iter: 25/96 loss: 0.2611 acc: 0.8549 time 0.78s
Epoch: 72/150 Iter: 26/96 loss: 0.2565 acc: 0.8605 time 0.87s
Epoch: 72/150 Iter: 27/96 loss: 0.2519 acc: 0.8656 time 0.71s
Epoch: 72/150 Iter: 28/96 loss: 0.2506 acc: 0.8704 time 0.77s
Epoch: 72/150 Iter: 29/96 loss: 0.2451 acc: 0.8749 time 0.69s
Epoch: 72/150 Iter: 30/96 loss: 0.2388 acc: 0.8791 time 0.70s
Epoch: 72/150 Iter: 31/96 loss: 0.2373 acc: 0.8830 time 0.79s
Epoch: 72/150 Iter: 32/96 loss: 0.2358 acc: 0.8866 time 0.86s
Epoch: 72/150 Iter: 33/96 loss: 0.2427 acc: 0.8863 time 0.70s
Epoch: 72/150 Iter: 34/96 loss: 0.2363 acc: 0.8896 time 0.86s
Epoch: 72/150 Iter: 35/96 loss: 0.2427 acc: 0.8892 time 0.76s
Epoch: 72/150 Iter: 36/96 loss: 0.2401 acc: 0.8900 time 0.71s
Epoch: 72/150 Iter: 37/96 loss: 0.2405 acc: 0.8772 time 0.86s
Epoch: 72/150 Iter: 38/96 loss: 0.2429 acc: 0.8760 time 0.91s
Epoch: 72/150 Iter: 39/96 loss: 0.2439 acc: 0.8766 time 0.72s
Epoch: 72/150 Iter: 40/96 loss: 0.2442 acc: 0.8797 time 0.76s
Epoch: 72/150 Iter: 41/96 loss: 0.2434 acc: 0.8796 time 0.87s
Epoch: 72/150 Iter: 42/96 loss: 0.2454 acc: 0.8706 time 0.70s
Epoch: 72/150 Iter: 43/96 loss: 0.2500 acc: 0.8707 time 0.75s
Epoch: 72/150 Iter: 44/96 loss: 0.2509 acc: 0.8679 time 0.85s
Epoch: 72/150 Iter: 45/96 loss: 0.2491 acc: 0.8709 time 0.86s
Epoch: 72/150 Iter: 46/96 loss: 0.2458 acc: 0.8737 time 0.87s
Epoch: 72/150 Iter: 47/96 loss: 0.2415 acc: 0.8764 time 0.71s
Epoch: 72/150 Iter: 48/96 loss: 0.2450 acc: 0.8755 time 0.69s
Epoch: 72/150 Iter: 49/96 loss: 0.2421 acc: 0.8780 time 0.86s
Epoch: 72/150 Iter: 50/96 loss: 0.2400 acc: 0.8804 time 0.86s
Epoch: 72/150 Iter: 51/96 loss: 0.2378 acc: 0.8806 time 0.71s
Epoch: 72/150 Iter: 52/96 loss: 0.2362 acc: 0.8829 time 0.69s
Epoch: 72/150 Iter: 53/96 loss: 0.2325 acc: 0.8851 time 0.71s
Epoch: 72/150 Iter: 54/96 loss: 0.2310 acc: 0.8849 time 0.86s
Epoch: 72/150 Iter: 55/96 loss: 0.2280 acc: 0.8870 time 0.86s
Epoch: 72/150 Iter: 56/96 loss: 0.2250 acc: 0.8890 time 0.86s
Epoch: 72/150 Iter: 57/96 loss: 0.2215 acc: 0.8910 time 0.86s
Epoch: 72/150 Iter: 58/96 loss: 0.2207 acc: 0.8914 time 0.70s
Epoch: 72/150 Iter: 59/96 loss: 0.2171 acc: 0.8933 time 0.72s
Epoch: 72/150 Iter: 60/96 loss: 0.2188 acc: 0.8850 time 0.72s
Epoch: 72/150 Iter: 61/96 loss: 0.2203 acc: 0.8828 time 0.71s
Epoch: 72/150 Iter: 62/96 loss: 0.2186 acc: 0.8847 time 0.87s
Epoch: 72/150 Iter: 63/96 loss: 0.2192 acc: 0.8839 time 0.88s
Epoch: 72/150 Iter: 64/96 loss: 0.2236 acc: 0.8826 time 0.74s
Epoch: 72/150 Iter: 65/96 loss: 0.2276 acc: 0.8818 time 0.70s
Epoch: 72/150 Iter: 66/96 loss: 0.2475 acc: 0.8744 time 0.70s
Epoch: 72/150 Iter: 67/96 loss: 0.2493 acc: 0.8750 time 0.74s
Epoch: 72/150 Iter: 68/96 loss: 0.2482 acc: 0.8768 time 0.86s
Epoch: 72/150 Iter: 69/96 loss: 0.2491 acc: 0.8774 time 0.77s
Epoch: 72/150 Iter: 70/96 loss: 0.2620 acc: 0.8744 time 0.71s
Epoch: 72/150 Iter: 71/96 loss: 0.2624 acc: 0.8744 time 0.87s
Epoch: 72/150 Iter: 72/96 loss: 0.2616 acc: 0.8706 time 0.87s
Epoch: 72/150 Iter: 73/96 loss: 0.2650 acc: 0.8655 time 0.70s
Epoch: 72/150 Iter: 74/96 loss: 0.2695 acc: 0.8606 time 0.69s
Epoch: 72/150 Iter: 75/96 loss: 0.2689 acc: 0.8624 time 0.73s
Epoch: 72/150 Iter: 76/96 loss: 0.2691 acc: 0.8643 time 0.78s
Epoch: 72/150 Iter: 77/96 loss: 0.2700 acc: 0.8595 time 0.88s
Epoch: 72/150 Iter: 78/96 loss: 0.2693 acc: 0.8592 time 0.70s
Epoch: 72/150 Iter: 79/96 loss: 0.2774 acc: 0.8525 time 0.74s
Epoch: 72/150 Iter: 80/96 loss: 0.2793 acc: 0.8528 time 0.70s
Epoch: 72/150 Iter: 81/96 loss: 0.2944 acc: 0.8464 time 0.70s
Epoch: 72/150 Iter: 82/96 loss: 0.2997 acc: 0.8429 time 0.69s
Epoch: 72/150 Iter: 83/96 loss: 0.3031 acc: 0.8394 time 0.69s
Epoch: 72/150 Iter: 84/96 loss: 0.3026 acc: 0.8354 time 0.86s
Epoch: 72/150 Iter: 85/96 loss: 0.3078 acc: 0.8361 time 0.85s
Epoch: 72/150 Iter: 86/96 loss: 0.3051 acc: 0.8380 time 0.69s
Epoch: 72/150 Iter: 87/96 loss: 0.3050 acc: 0.8386 time 0.70s
Epoch: 72/150 Iter: 88/96 loss: 0.3037 acc: 0.8404 time 0.70s
Epoch: 72/150 Iter: 89/96 loss: 0.3013 acc: 0.8422 time 0.69s
Epoch: 72/150 Iter: 90/96 loss: 0.3013 acc: 0.8426 time 0.71s
Epoch: 72/150 Iter: 91/96 loss: 0.3007 acc: 0.8443 time 0.86s
Epoch: 72/150 Iter: 92/96 loss: 0.2990 acc: 0.8460 time 0.86s
Epoch: 72/150 Iter: 93/96 loss: 0.3030 acc: 0.8429 time 0.70s
Epoch: 72/150 Iter: 94/96 loss: 0.3036 acc: 0.8428 time 0.70s
Epoch: 72/150 Iter: 95/96 loss: 0.3056 acc: 0.8436 time 0.69s
Epoch: 72/150 Iter: 96/96 loss: 0.3043 acc: 0.8452 time 0.86s
[Train epoch 72] avg_loss=0.3043 avg_acc=0.8452 | per-class [c0: 0.889, c1: 0.933, c2: 0.880]
Final training 72/150, loss: 0.3043, time 74.47s, lr: 0.000570
Accuracy: 0.887
class                  precision    recall   specificity      f1   support
--------------------------------------------------------------------------
0                          0.929     0.889         0.936   0.909       280
1                          0.596     0.933         0.965   0.727        30
2                          0.897     0.880         0.913   0.888       266
*----------------------------------------*
Val 72/150 1/24, Acc: 0.5000, Loss: 4.6305, time 0.67s
Val 72/150 2/24, Acc: 0.5278, Loss: 2.4049, time 0.67s
Val 72/150 3/24, Acc: 0.5185, Loss: 1.8965, time 0.67s
Val 72/150 4/24, Acc: 0.6389, Loss: 1.4294, time 0.67s
Val 72/150 5/24, Acc: 0.7111, Loss: 1.1626, time 0.67s
Val 72/150 6/24, Acc: 0.7593, Loss: 0.9891, time 0.67s
Val 72/150 7/24, Acc: 0.7341, Loss: 0.8919, time 0.67s
Val 72/150 8/24, Acc: 0.7674, Loss: 0.7902, time 0.67s
Val 72/150 9/24, Acc: 0.7932, Loss: 0.7396, time 0.67s
Val 72/150 10/24, Acc: 0.8139, Loss: 0.6916, time 0.67s
Val 72/150 11/24, Acc: 0.8157, Loss: 0.7199, time 0.67s
Val 72/150 12/24, Acc: 0.7755, Loss: 0.7116, time 0.67s
Val 72/150 13/24, Acc: 0.7735, Loss: 0.6917, time 0.67s
Val 72/150 14/24, Acc: 0.7808, Loss: 0.6903, time 0.67s
Val 72/150 15/24, Acc: 0.7676, Loss: 0.7061, time 0.67s
Val 72/150 16/24, Acc: 0.7759, Loss: 0.6980, time 0.67s
Val 72/150 17/24, Acc: 0.7891, Loss: 0.6582, time 0.67s
Val 72/150 18/24, Acc: 0.7938, Loss: 0.6318, time 0.67s
Val 72/150 19/24, Acc: 0.7994, Loss: 0.6216, time 0.67s
Val 72/150 20/24, Acc: 0.7817, Loss: 0.6348, time 0.67s
Val 72/150 21/24, Acc: 0.7921, Loss: 0.6090, time 0.67s
Val 72/150 22/24, Acc: 0.7939, Loss: 0.6023, time 0.67s
Val 72/150 23/24, Acc: 0.7884, Loss: 0.7342, time 0.67s
Val 72/150 24/24, Acc: 0.7926, Loss: 0.7287, time 0.67s
[Val epoch 72] avg_acc=0.7926 | avg_loss=0.7287 | per-class [c0: 0.829, c1: 0.375, c2: 0.939]
Final validation 72/150, Val_acc: 0.7926, time 16.04sAccuracy: 0.854
class                  precision    recall   specificity      f1   support
--------------------------------------------------------------------------
0                          0.951     0.829         0.959   0.885        70
1                          0.429     0.375         0.971   0.400         8
2                          0.816     0.939         0.821   0.873        66
*========================================*
Saving checkpoint outputs/OrganoidsINRIA_XYZ_thinning_128/swinunetr/2026-02-23-11-31/training/model_final.pt
[EarlyStopping] no improve (12/40)
[EarlyStopping] no improve (13/40)
0 Mon Feb 23 13:15:42 2026 Epoch: 73
Epoch: 73/150 Iter: 1/96 loss: 0.1799 acc: 1.0000 time 1.02s
Epoch: 73/150 Iter: 2/96 loss: 0.3502 acc: 0.9167 time 0.93s
Epoch: 73/150 Iter: 3/96 loss: 0.3361 acc: 0.9074 time 0.86s
Epoch: 73/150 Iter: 4/96 loss: 0.2751 acc: 0.9306 time 0.86s
Epoch: 73/150 Iter: 5/96 loss: 0.2960 acc: 0.9111 time 0.75s
Epoch: 73/150 Iter: 6/96 loss: 0.2922 acc: 0.8981 time 0.77s
Epoch: 73/150 Iter: 7/96 loss: 0.3556 acc: 0.8651 time 0.69s
Epoch: 73/150 Iter: 8/96 loss: 0.3434 acc: 0.8663 time 0.87s
Epoch: 73/150 Iter: 9/96 loss: 0.3363 acc: 0.8256 time 0.88s
Epoch: 73/150 Iter: 10/96 loss: 0.3060 acc: 0.8431 time 0.72s
Epoch: 73/150 Iter: 11/96 loss: 0.3157 acc: 0.8043 time 0.75s
Epoch: 73/150 Iter: 12/96 loss: 0.3195 acc: 0.7789 time 0.70s
Epoch: 73/150 Iter: 13/96 loss: 0.2993 acc: 0.7959 time 0.88s
Epoch: 73/150 Iter: 14/96 loss: 0.3436 acc: 0.7748 time 0.87s
Epoch: 73/150 Iter: 15/96 loss: 0.3417 acc: 0.7787 time 0.87s
Epoch: 73/150 Iter: 16/96 loss: 0.3361 acc: 0.7925 time 0.73s
Epoch: 73/150 Iter: 17/96 loss: 0.3177 acc: 0.8047 time 0.75s
Epoch: 73/150 Iter: 18/96 loss: 0.3246 acc: 0.8110 time 0.87s
Epoch: 73/150 Iter: 19/96 loss: 0.3241 acc: 0.8143 time 0.70s
Epoch: 73/150 Iter: 20/96 loss: 0.3136 acc: 0.8236 time 0.87s
Epoch: 73/150 Iter: 21/96 loss: 0.3086 acc: 0.8188 time 0.77s
Epoch: 73/150 Iter: 22/96 loss: 0.2977 acc: 0.8270 time 0.70s
Epoch: 73/150 Iter: 23/96 loss: 0.2898 acc: 0.8345 time 0.75s
Epoch: 73/150 Iter: 24/96 loss: 0.2812 acc: 0.8414 time 0.86s
Epoch: 73/150 Iter: 25/96 loss: 0.3032 acc: 0.8238 time 0.70s
Epoch: 73/150 Iter: 26/96 loss: 0.2982 acc: 0.8267 time 0.71s
Epoch: 73/150 Iter: 27/96 loss: 0.2909 acc: 0.8290 time 0.70s
Epoch: 73/150 Iter: 28/96 loss: 0.2894 acc: 0.8212 time 0.94s
Epoch: 73/150 Iter: 29/96 loss: 0.2905 acc: 0.8231 time 0.69s
Epoch: 73/150 Iter: 30/96 loss: 0.3132 acc: 0.8031 time 0.75s
Epoch: 73/150 Iter: 31/96 loss: 0.3095 acc: 0.8094 time 0.73s
Epoch: 73/150 Iter: 32/96 loss: 0.3037 acc: 0.8154 time 0.87s
Epoch: 73/150 Iter: 33/96 loss: 0.2992 acc: 0.8159 time 0.87s
Epoch: 73/150 Iter: 34/96 loss: 0.2914 acc: 0.8213 time 0.76s
Epoch: 73/150 Iter: 35/96 loss: 0.2909 acc: 0.8150 time 0.70s
Epoch: 73/150 Iter: 36/96 loss: 0.2835 acc: 0.8201 time 0.87s
Epoch: 73/150 Iter: 37/96 loss: 0.2796 acc: 0.8250 time 0.71s
Epoch: 73/150 Iter: 38/96 loss: 0.2887 acc: 0.8150 time 0.71s
Epoch: 73/150 Iter: 39/96 loss: 0.2829 acc: 0.8197 time 0.87s
Epoch: 73/150 Iter: 40/96 loss: 0.2830 acc: 0.8242 time 0.70s
Epoch: 73/150 Iter: 41/96 loss: 0.2767 acc: 0.8285 time 0.86s
Epoch: 73/150 Iter: 42/96 loss: 0.2743 acc: 0.8326 time 0.86s
Epoch: 73/150 Iter: 43/96 loss: 0.2830 acc: 0.8287 time 0.73s
Epoch: 73/150 Iter: 44/96 loss: 0.2781 acc: 0.8326 time 0.73s
Epoch: 73/150 Iter: 45/96 loss: 0.2749 acc: 0.8364 time 0.71s
Epoch: 73/150 Iter: 46/96 loss: 0.2712 acc: 0.8399 time 0.87s
Epoch: 73/150 Iter: 47/96 loss: 0.2733 acc: 0.8398 time 0.71s
Epoch: 73/150 Iter: 48/96 loss: 0.2690 acc: 0.8431 time 0.71s
Epoch: 73/150 Iter: 49/96 loss: 0.2652 acc: 0.8463 time 0.77s
Epoch: 73/150 Iter: 50/96 loss: 0.2609 acc: 0.8494 time 0.73s
Epoch: 73/150 Iter: 51/96 loss: 0.2599 acc: 0.8491 time 0.70s
Epoch: 73/150 Iter: 52/96 loss: 0.2690 acc: 0.8434 time 0.70s
Epoch: 73/150 Iter: 53/96 loss: 0.2649 acc: 0.8464 time 0.70s
Epoch: 73/150 Iter: 54/96 loss: 0.2629 acc: 0.8492 time 0.87s
Epoch: 73/150 Iter: 55/96 loss: 0.2612 acc: 0.8499 time 0.86s
Epoch: 73/150 Iter: 56/96 loss: 0.2600 acc: 0.8526 time 0.70s
Epoch: 73/150 Iter: 57/96 loss: 0.2618 acc: 0.8523 time 0.86s
Epoch: 73/150 Iter: 58/96 loss: 0.2910 acc: 0.8433 time 0.74s
Epoch: 73/150 Iter: 59/96 loss: 0.2878 acc: 0.8460 time 0.86s
Epoch: 73/150 Iter: 60/96 loss: 0.2856 acc: 0.8430 time 0.76s
Epoch: 73/150 Iter: 61/96 loss: 0.2865 acc: 0.8383 time 0.87s
Epoch: 73/150 Iter: 62/96 loss: 0.2943 acc: 0.8389 time 0.69s
Epoch: 73/150 Iter: 63/96 loss: 0.2921 acc: 0.8395 time 0.69s
Epoch: 73/150 Iter: 64/96 loss: 0.2947 acc: 0.8381 time 0.74s
Epoch: 73/150 Iter: 65/96 loss: 0.2988 acc: 0.8329 time 0.69s
Epoch: 73/150 Iter: 66/96 loss: 0.3006 acc: 0.8339 time 0.77s
Epoch: 73/150 Iter: 67/96 loss: 0.3036 acc: 0.8308 time 0.86s
Epoch: 73/150 Iter: 68/96 loss: 0.3087 acc: 0.8314 time 0.70s
Epoch: 73/150 Iter: 69/96 loss: 0.3217 acc: 0.8252 time 0.87s
Epoch: 73/150 Iter: 70/96 loss: 0.3213 acc: 0.8259 time 0.72s
Epoch: 73/150 Iter: 71/96 loss: 0.3246 acc: 0.8283 time 0.69s
Epoch: 73/150 Iter: 72/96 loss: 0.3248 acc: 0.8252 time 0.86s
Epoch: 73/150 Iter: 73/96 loss: 0.3217 acc: 0.8275 time 0.87s
Epoch: 73/150 Iter: 74/96 loss: 0.3228 acc: 0.8285 time 0.71s
Epoch: 73/150 Iter: 75/96 loss: 0.3240 acc: 0.8293 time 0.73s
Epoch: 73/150 Iter: 76/96 loss: 0.3223 acc: 0.8316 time 0.76s
Epoch: 73/150 Iter: 77/96 loss: 0.3246 acc: 0.8289 time 0.78s
Epoch: 73/150 Iter: 78/96 loss: 0.3248 acc: 0.8260 time 0.87s
Epoch: 73/150 Iter: 79/96 loss: 0.3210 acc: 0.8282 time 0.87s
Epoch: 73/150 Iter: 80/96 loss: 0.3226 acc: 0.8251 time 0.72s
Epoch: 73/150 Iter: 81/96 loss: 0.3234 acc: 0.8273 time 0.70s
Epoch: 73/150 Iter: 82/96 loss: 0.3235 acc: 0.8294 time 0.71s
Epoch: 73/150 Iter: 83/96 loss: 0.3263 acc: 0.8274 time 0.69s
Epoch: 73/150 Iter: 84/96 loss: 0.3244 acc: 0.8295 time 0.69s
Epoch: 73/150 Iter: 85/96 loss: 0.3209 acc: 0.8315 time 0.85s
Epoch: 73/150 Iter: 86/96 loss: 0.3180 acc: 0.8334 time 0.68s
Epoch: 73/150 Iter: 87/96 loss: 0.3162 acc: 0.8353 time 0.70s
Epoch: 73/150 Iter: 88/96 loss: 0.3134 acc: 0.8372 time 0.71s
Epoch: 73/150 Iter: 89/96 loss: 0.3118 acc: 0.8378 time 0.68s
Epoch: 73/150 Iter: 90/96 loss: 0.3114 acc: 0.8347 time 0.85s
Epoch: 73/150 Iter: 91/96 loss: 0.3088 acc: 0.8365 time 0.86s
Epoch: 73/150 Iter: 92/96 loss: 0.3057 acc: 0.8383 time 0.69s
Epoch: 73/150 Iter: 93/96 loss: 0.3062 acc: 0.8378 time 0.95s
Epoch: 73/150 Iter: 94/96 loss: 0.3058 acc: 0.8382 time 0.70s
Epoch: 73/150 Iter: 95/96 loss: 0.3064 acc: 0.8357 time 0.69s
Epoch: 73/150 Iter: 96/96 loss: 0.3146 acc: 0.8322 time 0.68s
[Train epoch 73] avg_loss=0.3146 avg_acc=0.8322 | per-class [c0: 0.871, c1: 0.900, c2: 0.872]
Final training 73/150, loss: 0.3146, time 74.45s, lr: 0.000559
Accuracy: 0.873
class                  precision    recall   specificity      f1   support
--------------------------------------------------------------------------
0                          0.914     0.871         0.922   0.892       280
1                          0.562     0.900         0.962   0.692        30
2                          0.889     0.872         0.906   0.880       266
*----------------------------------------*
0 Mon Feb 23 13:16:56 2026 Epoch: 74
Epoch: 74/150 Iter: 1/96 loss: 0.1305 acc: 1.0000 time 1.09s
Epoch: 74/150 Iter: 2/96 loss: 0.1058 acc: 1.0000 time 0.88s
Epoch: 74/150 Iter: 3/96 loss: 0.1207 acc: 0.9630 time 0.77s
Epoch: 74/150 Iter: 4/96 loss: 0.1216 acc: 0.9722 time 0.74s
Epoch: 74/150 Iter: 5/96 loss: 0.1134 acc: 0.9778 time 0.76s
Epoch: 74/150 Iter: 6/96 loss: 0.1162 acc: 0.9815 time 0.70s
Epoch: 74/150 Iter: 7/96 loss: 0.1044 acc: 0.9841 time 0.86s
Epoch: 74/150 Iter: 8/96 loss: 0.1017 acc: 0.9861 time 0.88s
Epoch: 74/150 Iter: 9/96 loss: 0.0972 acc: 0.9877 time 0.70s
Epoch: 74/150 Iter: 10/96 loss: 0.1510 acc: 0.9514 time 0.70s
Epoch: 74/150 Iter: 11/96 loss: 0.1457 acc: 0.9558 time 0.70s
Epoch: 74/150 Iter: 12/96 loss: 0.1380 acc: 0.9595 time 0.75s
Epoch: 74/150 Iter: 13/96 loss: 0.1717 acc: 0.9306 time 0.76s
Epoch: 74/150 Iter: 14/96 loss: 0.1613 acc: 0.9355 time 0.87s
Epoch: 74/150 Iter: 15/96 loss: 0.1598 acc: 0.9398 time 0.86s
Epoch: 74/150 Iter: 16/96 loss: 0.1528 acc: 0.9436 time 0.86s
Epoch: 74/150 Iter: 17/96 loss: 0.1737 acc: 0.9224 time 0.93s
Epoch: 74/150 Iter: 18/96 loss: 0.2199 acc: 0.8860 time 0.71s
Epoch: 74/150 Iter: 19/96 loss: 0.2377 acc: 0.8656 time 0.87s
Epoch: 74/150 Iter: 20/96 loss: 0.2334 acc: 0.8724 time 0.76s
Epoch: 74/150 Iter: 21/96 loss: 0.2324 acc: 0.8507 time 0.86s
Epoch: 74/150 Iter: 22/96 loss: 0.2249 acc: 0.8574 time 0.73s
Epoch: 74/150 Iter: 23/96 loss: 0.2409 acc: 0.8492 time 0.70s
Epoch: 74/150 Iter: 24/96 loss: 0.2675 acc: 0.8416 time 0.86s
Epoch: 74/150 Iter: 25/96 loss: 0.2753 acc: 0.8399 time 0.74s
Epoch: 74/150 Iter: 26/96 loss: 0.2832 acc: 0.8412 time 0.92s
Epoch: 74/150 Iter: 27/96 loss: 0.2813 acc: 0.8409 time 0.74s
Epoch: 74/150 Iter: 28/96 loss: 0.3009 acc: 0.8377 time 0.87s
Epoch: 74/150 Iter: 29/96 loss: 0.2942 acc: 0.8433 time 0.87s
Epoch: 74/150 Iter: 30/96 loss: 0.2893 acc: 0.8485 time 0.86s
Epoch: 74/150 Iter: 31/96 loss: 0.2808 acc: 0.8534 time 0.87s
Epoch: 74/150 Iter: 32/96 loss: 0.2793 acc: 0.8580 time 0.74s
Epoch: 74/150 Iter: 33/96 loss: 0.2793 acc: 0.8598 time 0.78s
Epoch: 74/150 Iter: 34/96 loss: 0.2739 acc: 0.8639 time 0.78s
Epoch: 74/150 Iter: 35/96 loss: 0.2682 acc: 0.8678 time 0.75s
Epoch: 74/150 Iter: 36/96 loss: 0.2617 acc: 0.8715 time 0.86s
Epoch: 74/150 Iter: 37/96 loss: 0.2783 acc: 0.8614 time 0.87s
Epoch: 74/150 Iter: 38/96 loss: 0.2789 acc: 0.8545 time 0.71s
Epoch: 74/150 Iter: 39/96 loss: 0.2781 acc: 0.8557 time 0.71s
Epoch: 74/150 Iter: 40/96 loss: 0.2774 acc: 0.8593 time 0.87s
Epoch: 74/150 Iter: 41/96 loss: 0.2791 acc: 0.8587 time 0.78s
Epoch: 74/150 Iter: 42/96 loss: 0.2807 acc: 0.8501 time 0.71s
Epoch: 74/150 Iter: 43/96 loss: 0.2770 acc: 0.8536 time 0.70s
Epoch: 74/150 Iter: 44/96 loss: 0.2743 acc: 0.8569 time 0.76s
Epoch: 74/150 Iter: 45/96 loss: 0.2686 acc: 0.8601 time 0.69s
Epoch: 74/150 Iter: 46/96 loss: 0.2663 acc: 0.8632 time 0.69s
Epoch: 74/150 Iter: 47/96 loss: 0.2752 acc: 0.8554 time 0.75s
Epoch: 74/150 Iter: 48/96 loss: 0.2755 acc: 0.8584 time 0.74s
Epoch: 74/150 Iter: 49/96 loss: 0.2763 acc: 0.8494 time 0.75s
Epoch: 74/150 Iter: 50/96 loss: 0.2715 acc: 0.8524 time 0.70s
Epoch: 74/150 Iter: 51/96 loss: 0.2691 acc: 0.8553 time 0.71s
Epoch: 74/150 Iter: 52/96 loss: 0.2684 acc: 0.8581 time 0.86s
Epoch: 74/150 Iter: 53/96 loss: 0.2649 acc: 0.8608 time 0.70s
Epoch: 74/150 Iter: 54/96 loss: 0.2622 acc: 0.8634 time 0.70s
Epoch: 74/150 Iter: 55/96 loss: 0.2590 acc: 0.8659 time 0.71s
Epoch: 74/150 Iter: 56/96 loss: 0.2590 acc: 0.8683 time 0.87s
Epoch: 74/150 Iter: 57/96 loss: 0.2572 acc: 0.8688 time 0.70s
Epoch: 74/150 Iter: 58/96 loss: 0.2535 acc: 0.8711 time 0.87s
Epoch: 74/150 Iter: 59/96 loss: 0.2567 acc: 0.8711 time 0.87s
Epoch: 74/150 Iter: 60/96 loss: 0.2531 acc: 0.8733 time 0.78s
Epoch: 74/150 Iter: 61/96 loss: 0.2514 acc: 0.8754 time 0.87s
Epoch: 74/150 Iter: 62/96 loss: 0.2487 acc: 0.8774 time 0.69s
Epoch: 74/150 Iter: 63/96 loss: 0.2571 acc: 0.8723 time 0.86s
Epoch: 74/150 Iter: 64/96 loss: 0.2540 acc: 0.8743 time 0.75s
Epoch: 74/150 Iter: 65/96 loss: 0.2515 acc: 0.8762 time 0.70s
Epoch: 74/150 Iter: 66/96 loss: 0.2529 acc: 0.8755 time 0.77s
Epoch: 74/150 Iter: 67/96 loss: 0.2511 acc: 0.8749 time 0.87s
Epoch: 74/150 Iter: 68/96 loss: 0.2506 acc: 0.8753 time 0.87s
Epoch: 74/150 Iter: 69/96 loss: 0.2472 acc: 0.8771 time 0.87s
Epoch: 74/150 Iter: 70/96 loss: 0.2444 acc: 0.8788 time 0.69s
Epoch: 74/150 Iter: 71/96 loss: 0.2432 acc: 0.8806 time 0.69s
Epoch: 74/150 Iter: 72/96 loss: 0.2511 acc: 0.8753 time 0.69s
Epoch: 74/150 Iter: 73/96 loss: 0.2496 acc: 0.8747 time 0.72s
Epoch: 74/150 Iter: 74/96 loss: 0.2579 acc: 0.8719 time 0.87s
Epoch: 74/150 Iter: 75/96 loss: 0.2564 acc: 0.8736 time 0.69s
Epoch: 74/150 Iter: 76/96 loss: 0.2637 acc: 0.8703 time 0.70s
Epoch: 74/150 Iter: 77/96 loss: 0.2649 acc: 0.8704 time 0.86s
Epoch: 74/150 Iter: 78/96 loss: 0.2651 acc: 0.8710 time 0.75s
Epoch: 74/150 Iter: 79/96 loss: 0.2632 acc: 0.8726 time 0.86s
Epoch: 74/150 Iter: 80/96 loss: 0.2650 acc: 0.8686 time 0.70s
Epoch: 74/150 Iter: 81/96 loss: 0.2627 acc: 0.8703 time 0.86s
Epoch: 74/150 Iter: 82/96 loss: 0.2603 acc: 0.8718 time 0.70s
Epoch: 74/150 Iter: 83/96 loss: 0.2613 acc: 0.8707 time 0.71s
Epoch: 74/150 Iter: 84/96 loss: 0.2587 acc: 0.8723 time 0.69s
Epoch: 74/150 Iter: 85/96 loss: 0.2580 acc: 0.8705 time 0.86s
Epoch: 74/150 Iter: 86/96 loss: 0.2565 acc: 0.8720 time 0.69s
Epoch: 74/150 Iter: 87/96 loss: 0.2595 acc: 0.8689 time 0.69s
Epoch: 74/150 Iter: 88/96 loss: 0.2652 acc: 0.8653 time 0.86s
Epoch: 74/150 Iter: 89/96 loss: 0.2648 acc: 0.8656 time 0.70s
Epoch: 74/150 Iter: 90/96 loss: 0.2646 acc: 0.8657 time 0.68s
Epoch: 74/150 Iter: 91/96 loss: 0.2619 acc: 0.8672 time 0.70s
Epoch: 74/150 Iter: 92/96 loss: 0.2655 acc: 0.8672 time 0.70s
Epoch: 74/150 Iter: 93/96 loss: 0.2656 acc: 0.8663 time 0.70s
Epoch: 74/150 Iter: 94/96 loss: 0.2648 acc: 0.8665 time 0.70s
Epoch: 74/150 Iter: 95/96 loss: 0.2652 acc: 0.8662 time 0.69s
Epoch: 74/150 Iter: 96/96 loss: 0.2628 acc: 0.8676 time 0.70s
[Train epoch 74] avg_loss=0.2628 avg_acc=0.8676 | per-class [c0: 0.879, c1: 0.900, c2: 0.925]
Final training 74/150, loss: 0.2628, time 74.43s, lr: 0.000549
Accuracy: 0.901
class                  precision    recall   specificity      f1   support
--------------------------------------------------------------------------
0                          0.939     0.879         0.946   0.908       281
1                          0.711     0.900         0.980   0.794        30
2                          0.891     0.925         0.904   0.907       265
*----------------------------------------*
Val 74/150 1/24, Acc: 0.5000, Loss: 5.3211, time 0.68s
Val 74/150 2/24, Acc: 0.5278, Loss: 2.9435, time 0.67s
Val 74/150 3/24, Acc: 0.4815, Loss: 2.2545, time 0.67s
Val 74/150 4/24, Acc: 0.5799, Loss: 1.7380, time 0.67s
Val 74/150 5/24, Acc: 0.6139, Loss: 1.4524, time 0.67s
Val 74/150 6/24, Acc: 0.6782, Loss: 1.2229, time 0.67s
Val 74/150 7/24, Acc: 0.6647, Loss: 1.1511, time 0.67s
Val 74/150 8/24, Acc: 0.7066, Loss: 1.0194, time 0.67s
Val 74/150 9/24, Acc: 0.6948, Loss: 0.9278, time 0.67s
Val 74/150 10/24, Acc: 0.7253, Loss: 0.8383, time 0.67s
Val 74/150 11/24, Acc: 0.7199, Loss: 0.7986, time 0.67s
Val 74/150 12/24, Acc: 0.6947, Loss: 0.7501, time 0.67s
Val 74/150 13/24, Acc: 0.6797, Loss: 0.7284, time 0.67s
Val 74/150 14/24, Acc: 0.6937, Loss: 0.6978, time 0.67s
Val 74/150 15/24, Acc: 0.6807, Loss: 0.7188, time 0.67s
Val 74/150 16/24, Acc: 0.6944, Loss: 0.6844, time 0.67s
Val 74/150 17/24, Acc: 0.7124, Loss: 0.6521, time 0.67s
Val 74/150 18/24, Acc: 0.7215, Loss: 0.6263, time 0.67s
Val 74/150 19/24, Acc: 0.7361, Loss: 0.5989, time 0.67s
Val 74/150 20/24, Acc: 0.7271, Loss: 0.6142, time 0.67s
Val 74/150 21/24, Acc: 0.7341, Loss: 0.5957, time 0.67s
Val 74/150 22/24, Acc: 0.7386, Loss: 0.5823, time 0.67s
Val 74/150 23/24, Acc: 0.7283, Loss: 0.6883, time 0.67s
Val 74/150 24/24, Acc: 0.7280, Loss: 0.6780, time 0.67s
[Val epoch 74] avg_acc=0.7280 | avg_loss=0.6780 | per-class [c0: 0.871, c1: 0.500, c2: 0.803]
Final validation 74/150, Val_acc: 0.7280, time 16.05sAccuracy: 0.819
class                  precision    recall   specificity      f1   support
--------------------------------------------------------------------------
0                          0.871     0.871         0.878   0.871        70
1                          0.333     0.500         0.941   0.400         8
2                          0.855     0.803         0.885   0.828        66
*========================================*
Saving checkpoint outputs/OrganoidsINRIA_XYZ_thinning_128/swinunetr/2026-02-23-11-31/training/model_final.pt
[EarlyStopping] no improve (13/40)
[EarlyStopping] no improve (14/40)
0 Mon Feb 23 13:18:32 2026 Epoch: 75
Epoch: 75/150 Iter: 1/96 loss: 0.0979 acc: 1.0000 time 1.16s
Epoch: 75/150 Iter: 2/96 loss: 0.1506 acc: 0.8750 time 0.70s
Epoch: 75/150 Iter: 3/96 loss: 0.3747 acc: 0.7167 time 0.87s
Epoch: 75/150 Iter: 4/96 loss: 0.3635 acc: 0.7563 time 0.69s
Epoch: 75/150 Iter: 5/96 loss: 0.3298 acc: 0.8050 time 0.72s
Epoch: 75/150 Iter: 6/96 loss: 0.3534 acc: 0.7403 time 0.87s
Epoch: 75/150 Iter: 7/96 loss: 0.3139 acc: 0.7774 time 0.71s
Epoch: 75/150 Iter: 8/96 loss: 0.3742 acc: 0.7740 time 0.87s
Epoch: 75/150 Iter: 9/96 loss: 0.3381 acc: 0.7991 time 0.86s
Epoch: 75/150 Iter: 10/96 loss: 0.3741 acc: 0.7942 time 0.87s
Epoch: 75/150 Iter: 11/96 loss: 0.3840 acc: 0.7902 time 0.87s
Epoch: 75/150 Iter: 12/96 loss: 0.3722 acc: 0.8076 time 0.71s
Epoch: 75/150 Iter: 13/96 loss: 0.3652 acc: 0.8139 time 0.73s
Epoch: 75/150 Iter: 14/96 loss: 0.3429 acc: 0.8272 time 0.75s
Epoch: 75/150 Iter: 15/96 loss: 0.3370 acc: 0.8304 time 0.85s
Epoch: 75/150 Iter: 16/96 loss: 0.3332 acc: 0.8410 time 0.70s
Epoch: 75/150 Iter: 17/96 loss: 0.3300 acc: 0.8405 time 0.75s
Epoch: 75/150 Iter: 18/96 loss: 0.3684 acc: 0.8309 time 0.86s
Epoch: 75/150 Iter: 19/96 loss: 0.3633 acc: 0.8135 time 0.87s
Epoch: 75/150 Iter: 20/96 loss: 0.4025 acc: 0.7950 time 0.87s
Epoch: 75/150 Iter: 21/96 loss: 0.3925 acc: 0.7988 time 0.72s
Epoch: 75/150 Iter: 22/96 loss: 0.3798 acc: 0.8080 time 0.76s
Epoch: 75/150 Iter: 23/96 loss: 0.3820 acc: 0.8018 time 0.69s
Epoch: 75/150 Iter: 24/96 loss: 0.3700 acc: 0.8101 time 0.70s
Epoch: 75/150 Iter: 25/96 loss: 0.3602 acc: 0.8177 time 0.86s
Epoch: 75/150 Iter: 26/96 loss: 0.3488 acc: 0.8247 time 0.87s
Epoch: 75/150 Iter: 27/96 loss: 0.3369 acc: 0.8312 time 0.74s
Epoch: 75/150 Iter: 28/96 loss: 0.3354 acc: 0.8336 time 0.87s
Epoch: 75/150 Iter: 29/96 loss: 0.3427 acc: 0.8250 time 0.71s
Epoch: 75/150 Iter: 30/96 loss: 0.3469 acc: 0.8234 time 0.77s
Epoch: 75/150 Iter: 31/96 loss: 0.3401 acc: 0.8291 time 0.72s
Epoch: 75/150 Iter: 32/96 loss: 0.3344 acc: 0.8345 time 0.91s
Epoch: 75/150 Iter: 33/96 loss: 0.3275 acc: 0.8395 time 0.87s
Epoch: 75/150 Iter: 34/96 loss: 0.3275 acc: 0.8405 time 0.70s
Epoch: 75/150 Iter: 35/96 loss: 0.3201 acc: 0.8451 time 0.74s
Epoch: 75/150 Iter: 36/96 loss: 0.3173 acc: 0.8448 time 0.71s
Epoch: 75/150 Iter: 37/96 loss: 0.4003 acc: 0.8377 time 0.86s
Epoch: 75/150 Iter: 38/96 loss: 0.4035 acc: 0.8376 time 0.88s
Epoch: 75/150 Iter: 39/96 loss: 0.4060 acc: 0.8389 time 0.87s
Epoch: 75/150 Iter: 40/96 loss: 0.3997 acc: 0.8367 time 0.86s
Epoch: 75/150 Iter: 41/96 loss: 0.3982 acc: 0.8244 time 0.76s
Epoch: 75/150 Iter: 42/96 loss: 0.4041 acc: 0.8180 time 0.75s
Epoch: 75/150 Iter: 43/96 loss: 0.3961 acc: 0.8222 time 0.71s
Epoch: 75/150 Iter: 44/96 loss: 0.3948 acc: 0.8168 time 0.75s
Epoch: 75/150 Iter: 45/96 loss: 0.3888 acc: 0.8184 time 0.76s
Epoch: 75/150 Iter: 46/96 loss: 0.3810 acc: 0.8223 time 0.75s
Epoch: 75/150 Iter: 47/96 loss: 0.3768 acc: 0.8226 time 0.71s
Epoch: 75/150 Iter: 48/96 loss: 0.3696 acc: 0.8263 time 0.69s
Epoch: 75/150 Iter: 49/96 loss: 0.3693 acc: 0.8278 time 0.69s
Epoch: 75/150 Iter: 50/96 loss: 0.3669 acc: 0.8257 time 0.86s
Epoch: 75/150 Iter: 51/96 loss: 0.3601 acc: 0.8291 time 0.70s
Epoch: 75/150 Iter: 52/96 loss: 0.3554 acc: 0.8324 time 0.87s
Epoch: 75/150 Iter: 53/96 loss: 0.3623 acc: 0.8318 time 0.87s
Epoch: 75/150 Iter: 54/96 loss: 0.3601 acc: 0.8256 time 0.88s
Epoch: 75/150 Iter: 55/96 loss: 0.3662 acc: 0.8252 time 0.70s
Epoch: 75/150 Iter: 56/96 loss: 0.3619 acc: 0.8283 time 0.72s
Epoch: 75/150 Iter: 57/96 loss: 0.3604 acc: 0.8254 time 0.76s
Epoch: 75/150 Iter: 58/96 loss: 0.3590 acc: 0.8270 time 0.71s
Epoch: 75/150 Iter: 59/96 loss: 0.3536 acc: 0.8299 time 0.70s
Epoch: 75/150 Iter: 60/96 loss: 0.3488 acc: 0.8328 time 0.87s
Epoch: 75/150 Iter: 61/96 loss: 0.3464 acc: 0.8339 time 0.70s
Epoch: 75/150 Iter: 62/96 loss: 0.3422 acc: 0.8366 time 0.86s
Epoch: 75/150 Iter: 63/96 loss: 0.3460 acc: 0.8325 time 0.73s
Epoch: 75/150 Iter: 64/96 loss: 0.3470 acc: 0.8273 time 0.76s
Epoch: 75/150 Iter: 65/96 loss: 0.3442 acc: 0.8300 time 0.70s
Epoch: 75/150 Iter: 66/96 loss: 0.3405 acc: 0.8326 time 0.92s
Epoch: 75/150 Iter: 67/96 loss: 0.3379 acc: 0.8351 time 0.86s
Epoch: 75/150 Iter: 68/96 loss: 0.3335 acc: 0.8375 time 0.70s
Epoch: 75/150 Iter: 69/96 loss: 0.3292 acc: 0.8399 time 0.86s
Epoch: 75/150 Iter: 70/96 loss: 0.3311 acc: 0.8364 time 0.69s
Epoch: 75/150 Iter: 71/96 loss: 0.3274 acc: 0.8387 time 0.72s
Epoch: 75/150 Iter: 72/96 loss: 0.3242 acc: 0.8410 time 0.69s
Epoch: 75/150 Iter: 73/96 loss: 0.3226 acc: 0.8432 time 0.71s
Epoch: 75/150 Iter: 74/96 loss: 0.3210 acc: 0.8430 time 0.72s
Epoch: 75/150 Iter: 75/96 loss: 0.3269 acc: 0.8429 time 0.69s
Epoch: 75/150 Iter: 76/96 loss: 0.3252 acc: 0.8428 time 0.69s
Epoch: 75/150 Iter: 77/96 loss: 0.3292 acc: 0.8372 time 0.71s
Epoch: 75/150 Iter: 78/96 loss: 0.3256 acc: 0.8393 time 0.86s
Epoch: 75/150 Iter: 79/96 loss: 0.3223 acc: 0.8414 time 0.71s
Epoch: 75/150 Iter: 80/96 loss: 0.3261 acc: 0.8413 time 0.86s
Epoch: 75/150 Iter: 81/96 loss: 0.3246 acc: 0.8417 time 0.69s
Epoch: 75/150 Iter: 82/96 loss: 0.3213 acc: 0.8436 time 0.70s
Epoch: 75/150 Iter: 83/96 loss: 0.3202 acc: 0.8445 time 0.86s
Epoch: 75/150 Iter: 84/96 loss: 0.3176 acc: 0.8463 time 0.86s
Epoch: 75/150 Iter: 85/96 loss: 0.3156 acc: 0.8481 time 0.70s
Epoch: 75/150 Iter: 86/96 loss: 0.3128 acc: 0.8499 time 0.86s
Epoch: 75/150 Iter: 87/96 loss: 0.3157 acc: 0.8504 time 0.70s
Epoch: 75/150 Iter: 88/96 loss: 0.3215 acc: 0.8445 time 0.86s
Epoch: 75/150 Iter: 89/96 loss: 0.3183 acc: 0.8462 time 0.86s
Epoch: 75/150 Iter: 90/96 loss: 0.3155 acc: 0.8479 time 0.85s
Epoch: 75/150 Iter: 91/96 loss: 0.3127 acc: 0.8496 time 0.70s
Epoch: 75/150 Iter: 92/96 loss: 0.3126 acc: 0.8458 time 0.70s
Epoch: 75/150 Iter: 93/96 loss: 0.3118 acc: 0.8457 time 0.69s
Epoch: 75/150 Iter: 94/96 loss: 0.3104 acc: 0.8473 time 0.86s
Epoch: 75/150 Iter: 95/96 loss: 0.3082 acc: 0.8489 time 0.69s
Epoch: 75/150 Iter: 96/96 loss: 0.3083 acc: 0.8459 time 0.70s
[Train epoch 75] avg_loss=0.3083 avg_acc=0.8459 | per-class [c0: 0.868, c1: 0.931, c2: 0.883]
Final training 75/150, loss: 0.3083, time 74.77s, lr: 0.000538
Accuracy: 0.878
class                  precision    recall   specificity      f1   support
--------------------------------------------------------------------------
0                          0.921     0.868         0.929   0.894       281
1                          0.614     0.931         0.969   0.740        29
2                          0.880     0.883         0.897   0.882       266
*----------------------------------------*
0 Mon Feb 23 13:19:47 2026 Epoch: 76
Epoch: 76/150 Iter: 1/96 loss: 0.1845 acc: 1.0000 time 2.05s
Epoch: 76/150 Iter: 2/96 loss: 0.1305 acc: 1.0000 time 0.73s
Epoch: 76/150 Iter: 3/96 loss: 0.1534 acc: 0.9630 time 0.86s
Epoch: 76/150 Iter: 4/96 loss: 0.1273 acc: 0.9722 time 0.87s
Epoch: 76/150 Iter: 5/96 loss: 0.1384 acc: 0.9778 time 0.75s
Epoch: 76/150 Iter: 6/96 loss: 0.2327 acc: 0.8843 time 0.73s
Epoch: 76/150 Iter: 7/96 loss: 0.2092 acc: 0.9008 time 0.87s
Epoch: 76/150 Iter: 8/96 loss: 0.1844 acc: 0.9132 time 0.86s
Epoch: 76/150 Iter: 9/96 loss: 0.1759 acc: 0.9228 time 0.86s
Epoch: 76/150 Iter: 10/96 loss: 0.1704 acc: 0.9306 time 0.87s
Epoch: 76/150 Iter: 11/96 loss: 0.1926 acc: 0.9141 time 0.76s
Epoch: 76/150 Iter: 12/96 loss: 0.1877 acc: 0.9213 time 0.79s
Epoch: 76/150 Iter: 13/96 loss: 0.1741 acc: 0.9274 time 0.86s
Epoch: 76/150 Iter: 14/96 loss: 0.1639 acc: 0.9325 time 0.75s
Epoch: 76/150 Iter: 15/96 loss: 0.1675 acc: 0.9370 time 0.70s
Epoch: 76/150 Iter: 16/96 loss: 0.2281 acc: 0.8993 time 0.87s
Epoch: 76/150 Iter: 17/96 loss: 0.2303 acc: 0.8954 time 0.70s
Epoch: 76/150 Iter: 18/96 loss: 0.2176 acc: 0.9012 time 0.70s
Epoch: 76/150 Iter: 19/96 loss: 0.2163 acc: 0.9064 time 0.77s
Epoch: 76/150 Iter: 20/96 loss: 0.2145 acc: 0.9069 time 0.87s
Epoch: 76/150 Iter: 21/96 loss: 0.2219 acc: 0.9066 time 0.87s
Epoch: 76/150 Iter: 22/96 loss: 0.2408 acc: 0.8957 time 0.70s
Epoch: 76/150 Iter: 23/96 loss: 0.2354 acc: 0.9002 time 0.70s
Epoch: 76/150 Iter: 24/96 loss: 0.2267 acc: 0.9044 time 0.72s
Epoch: 76/150 Iter: 25/96 loss: 0.2284 acc: 0.9032 time 0.87s
Epoch: 76/150 Iter: 26/96 loss: 0.2212 acc: 0.9069 time 0.78s
Epoch: 76/150 Iter: 27/96 loss: 0.2164 acc: 0.9104 time 0.70s
Epoch: 76/150 Iter: 28/96 loss: 0.2192 acc: 0.9047 time 0.71s
Epoch: 76/150 Iter: 29/96 loss: 0.2152 acc: 0.9080 time 0.87s
Epoch: 76/150 Iter: 30/96 loss: 0.2287 acc: 0.8925 time 0.75s
Epoch: 76/150 Iter: 31/96 loss: 0.2387 acc: 0.8780 time 0.87s
Epoch: 76/150 Iter: 32/96 loss: 0.2327 acc: 0.8819 time 0.87s
Epoch: 76/150 Iter: 33/96 loss: 0.2421 acc: 0.8678 time 0.70s
Epoch: 76/150 Iter: 34/96 loss: 0.2374 acc: 0.8717 time 0.70s
Epoch: 76/150 Iter: 35/96 loss: 0.2414 acc: 0.8717 time 0.70s
Epoch: 76/150 Iter: 36/96 loss: 0.2375 acc: 0.8753 time 0.75s
Epoch: 76/150 Iter: 37/96 loss: 0.2408 acc: 0.8742 time 0.74s
Epoch: 76/150 Iter: 38/96 loss: 0.2361 acc: 0.8775 time 0.73s
Epoch: 76/150 Iter: 39/96 loss: 0.2316 acc: 0.8806 time 0.70s
Epoch: 76/150 Iter: 40/96 loss: 0.2286 acc: 0.8836 time 0.87s
Epoch: 76/150 Iter: 41/96 loss: 0.2374 acc: 0.8824 time 0.87s
Epoch: 76/150 Iter: 42/96 loss: 0.2341 acc: 0.8852 time 0.91s
Epoch: 76/150 Iter: 43/96 loss: 0.2310 acc: 0.8879 time 0.70s
Epoch: 76/150 Iter: 44/96 loss: 0.2293 acc: 0.8904 time 0.76s
Epoch: 76/150 Iter: 45/96 loss: 0.2309 acc: 0.8891 time 0.69s
Epoch: 76/150 Iter: 46/96 loss: 0.2365 acc: 0.8894 time 0.70s
Epoch: 76/150 Iter: 47/96 loss: 0.2355 acc: 0.8917 time 0.87s
Epoch: 76/150 Iter: 48/96 loss: 0.2390 acc: 0.8914 time 0.88s
Epoch: 76/150 Iter: 49/96 loss: 0.2476 acc: 0.8851 time 0.70s
Epoch: 76/150 Iter: 50/96 loss: 0.2450 acc: 0.8874 time 0.74s
Epoch: 76/150 Iter: 51/96 loss: 0.2547 acc: 0.8814 time 0.74s
Epoch: 76/150 Iter: 52/96 loss: 0.2602 acc: 0.8688 time 0.74s
Epoch: 76/150 Iter: 53/96 loss: 0.2560 acc: 0.8712 time 0.77s
Epoch: 76/150 Iter: 54/96 loss: 0.2553 acc: 0.8716 time 0.73s
Epoch: 76/150 Iter: 55/96 loss: 0.2526 acc: 0.8739 time 0.74s
Epoch: 76/150 Iter: 56/96 loss: 0.2577 acc: 0.8702 time 0.78s
Epoch: 76/150 Iter: 57/96 loss: 0.2536 acc: 0.8725 time 0.87s
Epoch: 76/150 Iter: 58/96 loss: 0.2546 acc: 0.8727 time 0.73s
Epoch: 76/150 Iter: 59/96 loss: 0.2552 acc: 0.8721 time 0.86s
Epoch: 76/150 Iter: 60/96 loss: 0.2525 acc: 0.8742 time 0.87s
Epoch: 76/150 Iter: 61/96 loss: 0.2498 acc: 0.8763 time 0.87s
Epoch: 76/150 Iter: 62/96 loss: 0.2464 acc: 0.8783 time 0.87s
Epoch: 76/150 Iter: 63/96 loss: 0.2451 acc: 0.8749 time 0.76s
Epoch: 76/150 Iter: 64/96 loss: 0.2422 acc: 0.8769 time 0.73s
Epoch: 76/150 Iter: 65/96 loss: 0.2388 acc: 0.8788 time 0.72s
Epoch: 76/150 Iter: 66/96 loss: 0.2368 acc: 0.8806 time 0.87s
Epoch: 76/150 Iter: 67/96 loss: 0.2363 acc: 0.8824 time 0.71s
Epoch: 76/150 Iter: 68/96 loss: 0.2364 acc: 0.8823 time 0.87s
Epoch: 76/150 Iter: 69/96 loss: 0.2420 acc: 0.8767 time 0.70s
Epoch: 76/150 Iter: 70/96 loss: 0.2444 acc: 0.8725 time 0.69s
Epoch: 76/150 Iter: 71/96 loss: 0.2417 acc: 0.8743 time 0.76s
Epoch: 76/150 Iter: 72/96 loss: 0.2433 acc: 0.8696 time 0.75s
Epoch: 76/150 Iter: 73/96 loss: 0.2416 acc: 0.8714 time 0.94s
Epoch: 76/150 Iter: 74/96 loss: 0.2481 acc: 0.8626 time 0.75s
Epoch: 76/150 Iter: 75/96 loss: 0.2517 acc: 0.8631 time 0.86s
Epoch: 76/150 Iter: 76/96 loss: 0.2489 acc: 0.8649 time 0.86s
Epoch: 76/150 Iter: 77/96 loss: 0.2465 acc: 0.8667 time 0.91s
Epoch: 76/150 Iter: 78/96 loss: 0.2517 acc: 0.8627 time 0.87s
Epoch: 76/150 Iter: 79/96 loss: 0.2535 acc: 0.8632 time 0.87s
Epoch: 76/150 Iter: 80/96 loss: 0.2533 acc: 0.8617 time 0.71s
Epoch: 76/150 Iter: 81/96 loss: 0.2512 acc: 0.8634 time 0.86s
Epoch: 76/150 Iter: 82/96 loss: 0.2582 acc: 0.8605 time 0.86s
Epoch: 76/150 Iter: 83/96 loss: 0.2573 acc: 0.8622 time 0.85s
Epoch: 76/150 Iter: 84/96 loss: 0.2580 acc: 0.8619 time 0.70s
Epoch: 76/150 Iter: 85/96 loss: 0.2570 acc: 0.8635 time 0.69s
Epoch: 76/150 Iter: 86/96 loss: 0.2561 acc: 0.8639 time 0.68s
Epoch: 76/150 Iter: 87/96 loss: 0.2540 acc: 0.8655 time 0.70s
Epoch: 76/150 Iter: 88/96 loss: 0.2512 acc: 0.8670 time 0.69s
Epoch: 76/150 Iter: 89/96 loss: 0.2489 acc: 0.8685 time 0.86s
Epoch: 76/150 Iter: 90/96 loss: 0.2596 acc: 0.8650 time 0.69s
Epoch: 76/150 Iter: 91/96 loss: 0.2582 acc: 0.8665 time 0.86s
Epoch: 76/150 Iter: 92/96 loss: 0.2573 acc: 0.8669 time 0.86s
Epoch: 76/150 Iter: 93/96 loss: 0.2630 acc: 0.8647 time 0.69s
Epoch: 76/150 Iter: 94/96 loss: 0.2620 acc: 0.8648 time 0.85s
Epoch: 76/150 Iter: 95/96 loss: 0.2630 acc: 0.8585 time 0.86s
Epoch: 76/150 Iter: 96/96 loss: 0.2683 acc: 0.8542 time 0.69s
[Train epoch 76] avg_loss=0.2683 avg_acc=0.8542 | per-class [c0: 0.893, c1: 0.833, c2: 0.910]
Final training 76/150, loss: 0.2683, time 76.68s, lr: 0.000527
Accuracy: 0.898
class                  precision    recall   specificity      f1   support
--------------------------------------------------------------------------
0                          0.940     0.893         0.946   0.916       280
1                          0.595     0.833         0.969   0.694        30
2                          0.903     0.910         0.916   0.906       266
*----------------------------------------*
Val 76/150 1/24, Acc: 0.5000, Loss: 3.8507, time 0.67s
Val 76/150 2/24, Acc: 0.5278, Loss: 2.1516, time 0.67s
Val 76/150 3/24, Acc: 0.5926, Loss: 1.5963, time 0.67s
Val 76/150 4/24, Acc: 0.6944, Loss: 1.2119, time 0.67s
Val 76/150 5/24, Acc: 0.7056, Loss: 1.0294, time 0.67s
Val 76/150 6/24, Acc: 0.7546, Loss: 0.8614, time 0.67s
Val 76/150 7/24, Acc: 0.7302, Loss: 0.8261, time 0.67s
Val 76/150 8/24, Acc: 0.7639, Loss: 0.7298, time 0.67s
Val 76/150 9/24, Acc: 0.7457, Loss: 0.6704, time 0.67s
Val 76/150 10/24, Acc: 0.7711, Loss: 0.6123, time 0.67s
Val 76/150 11/24, Acc: 0.7616, Loss: 0.5789, time 0.67s
Val 76/150 12/24, Acc: 0.7259, Loss: 0.5607, time 0.67s
Val 76/150 13/24, Acc: 0.7085, Loss: 0.5622, time 0.67s
Val 76/150 14/24, Acc: 0.7204, Loss: 0.5491, time 0.67s
Val 76/150 15/24, Acc: 0.7280, Loss: 0.5424, time 0.67s
Val 76/150 16/24, Acc: 0.7450, Loss: 0.5129, time 0.67s
Val 76/150 17/24, Acc: 0.7600, Loss: 0.4893, time 0.67s
Val 76/150 18/24, Acc: 0.7664, Loss: 0.4840, time 0.67s
Val 76/150 19/24, Acc: 0.7787, Loss: 0.4646, time 0.67s
Val 76/150 20/24, Acc: 0.7619, Loss: 0.4867, time 0.67s
Val 76/150 21/24, Acc: 0.7733, Loss: 0.4730, time 0.67s
Val 76/150 22/24, Acc: 0.7760, Loss: 0.4678, time 0.67s
Val 76/150 23/24, Acc: 0.7640, Loss: 0.5495, time 0.67s
Val 76/150 24/24, Acc: 0.7623, Loss: 0.5443, time 0.67s
[Val epoch 76] avg_acc=0.7623 | avg_loss=0.5443 | per-class [c0: 0.857, c1: 0.750, c2: 0.833]
Final validation 76/150, Val_acc: 0.7623, time 16.06sAccuracy: 0.840
class                  precision    recall   specificity      f1   support
--------------------------------------------------------------------------
0                          0.923     0.857         0.932   0.889        70
1                          0.429     0.750         0.941   0.545         8
2                          0.846     0.833         0.872   0.840        66
*========================================*
Saving checkpoint outputs/OrganoidsINRIA_XYZ_thinning_128/swinunetr/2026-02-23-11-31/training/model_final.pt
[EarlyStopping] no improve (14/40)
[EarlyStopping] no improve (15/40)
0 Mon Feb 23 13:21:24 2026 Epoch: 77
Epoch: 77/150 Iter: 1/96 loss: 0.0564 acc: 1.0000 time 1.21s
Epoch: 77/150 Iter: 2/96 loss: 0.3349 acc: 0.8750 time 0.76s
Epoch: 77/150 Iter: 3/96 loss: 0.2619 acc: 0.9167 time 0.71s
Epoch: 77/150 Iter: 4/96 loss: 0.2449 acc: 0.9375 time 0.69s
Epoch: 77/150 Iter: 5/96 loss: 0.2251 acc: 0.9167 time 0.79s
Epoch: 77/150 Iter: 6/96 loss: 0.2876 acc: 0.8681 time 0.70s
Epoch: 77/150 Iter: 7/96 loss: 0.5468 acc: 0.8155 time 0.70s
Epoch: 77/150 Iter: 8/96 loss: 0.5058 acc: 0.8260 time 0.86s
Epoch: 77/150 Iter: 9/96 loss: 0.4572 acc: 0.8454 time 0.87s
Epoch: 77/150 Iter: 10/96 loss: 0.4667 acc: 0.8164 time 0.79s
Epoch: 77/150 Iter: 11/96 loss: 0.4715 acc: 0.8179 time 0.71s
Epoch: 77/150 Iter: 12/96 loss: 0.4658 acc: 0.8227 time 0.71s
Epoch: 77/150 Iter: 13/96 loss: 0.4469 acc: 0.8107 time 0.86s
Epoch: 77/150 Iter: 14/96 loss: 0.4510 acc: 0.7974 time 0.86s
Epoch: 77/150 Iter: 15/96 loss: 0.4265 acc: 0.8109 time 0.70s
Epoch: 77/150 Iter: 16/96 loss: 0.4015 acc: 0.8227 time 0.78s
Epoch: 77/150 Iter: 17/96 loss: 0.4051 acc: 0.8258 time 0.89s
Epoch: 77/150 Iter: 18/96 loss: 0.3844 acc: 0.8355 time 0.71s
Epoch: 77/150 Iter: 19/96 loss: 0.3815 acc: 0.8222 time 0.77s
Epoch: 77/150 Iter: 20/96 loss: 0.3660 acc: 0.8311 time 0.69s
Epoch: 77/150 Iter: 21/96 loss: 0.3509 acc: 0.8392 time 0.70s
Epoch: 77/150 Iter: 22/96 loss: 0.3410 acc: 0.8465 time 0.69s
Epoch: 77/150 Iter: 23/96 loss: 0.3502 acc: 0.8300 time 0.72s
Epoch: 77/150 Iter: 24/96 loss: 0.3535 acc: 0.8318 time 0.86s
Epoch: 77/150 Iter: 25/96 loss: 0.3428 acc: 0.8386 time 0.73s
Epoch: 77/150 Iter: 26/96 loss: 0.3424 acc: 0.8400 time 0.78s
Epoch: 77/150 Iter: 27/96 loss: 0.3322 acc: 0.8459 time 0.72s
Epoch: 77/150 Iter: 28/96 loss: 0.3398 acc: 0.8355 time 0.70s
Epoch: 77/150 Iter: 29/96 loss: 0.3623 acc: 0.8343 time 0.77s
Epoch: 77/150 Iter: 30/96 loss: 0.3568 acc: 0.8287 time 0.69s
Epoch: 77/150 Iter: 31/96 loss: 0.3518 acc: 0.8289 time 0.86s
Epoch: 77/150 Iter: 32/96 loss: 0.3435 acc: 0.8342 time 0.72s
Epoch: 77/150 Iter: 33/96 loss: 0.3419 acc: 0.8359 time 0.70s
Epoch: 77/150 Iter: 34/96 loss: 0.3357 acc: 0.8407 time 0.74s
Epoch: 77/150 Iter: 35/96 loss: 0.3352 acc: 0.8424 time 0.87s
Epoch: 77/150 Iter: 36/96 loss: 0.3338 acc: 0.8433 time 0.70s
Epoch: 77/150 Iter: 37/96 loss: 0.3263 acc: 0.8475 time 0.75s
Epoch: 77/150 Iter: 38/96 loss: 0.3246 acc: 0.8471 time 0.69s
Epoch: 77/150 Iter: 39/96 loss: 0.3173 acc: 0.8511 time 0.77s
Epoch: 77/150 Iter: 40/96 loss: 0.3147 acc: 0.8506 time 0.69s
Epoch: 77/150 Iter: 41/96 loss: 0.3188 acc: 0.8482 time 0.76s
Epoch: 77/150 Iter: 42/96 loss: 0.3125 acc: 0.8518 time 0.88s
Epoch: 77/150 Iter: 43/96 loss: 0.3483 acc: 0.8397 time 0.72s
Epoch: 77/150 Iter: 44/96 loss: 0.3498 acc: 0.8408 time 0.71s
Epoch: 77/150 Iter: 45/96 loss: 0.3446 acc: 0.8444 time 0.69s
Epoch: 77/150 Iter: 46/96 loss: 0.3388 acc: 0.8478 time 0.69s
Epoch: 77/150 Iter: 47/96 loss: 0.3357 acc: 0.8475 time 0.70s
Epoch: 77/150 Iter: 48/96 loss: 0.3318 acc: 0.8506 time 0.76s
Epoch: 77/150 Iter: 49/96 loss: 0.3273 acc: 0.8520 time 0.86s
Epoch: 77/150 Iter: 50/96 loss: 0.3244 acc: 0.8533 time 0.71s
Epoch: 77/150 Iter: 51/96 loss: 0.3289 acc: 0.8529 time 0.90s
Epoch: 77/150 Iter: 52/96 loss: 0.3259 acc: 0.8533 time 0.75s
Epoch: 77/150 Iter: 53/96 loss: 0.3206 acc: 0.8561 time 0.69s
Epoch: 77/150 Iter: 54/96 loss: 0.3255 acc: 0.8501 time 0.73s
Epoch: 77/150 Iter: 55/96 loss: 0.3286 acc: 0.8407 time 0.70s
Epoch: 77/150 Iter: 56/96 loss: 0.3237 acc: 0.8436 time 0.86s
Epoch: 77/150 Iter: 57/96 loss: 0.3241 acc: 0.8445 time 0.72s
Epoch: 77/150 Iter: 58/96 loss: 0.3246 acc: 0.8443 time 0.77s
Epoch: 77/150 Iter: 59/96 loss: 0.3234 acc: 0.8451 time 0.72s
Epoch: 77/150 Iter: 60/96 loss: 0.3225 acc: 0.8421 time 0.72s
Epoch: 77/150 Iter: 61/96 loss: 0.3176 acc: 0.8447 time 0.70s
Epoch: 77/150 Iter: 62/96 loss: 0.3180 acc: 0.8392 time 0.93s
Epoch: 77/150 Iter: 63/96 loss: 0.3141 acc: 0.8417 time 0.87s
Epoch: 77/150 Iter: 64/96 loss: 0.3111 acc: 0.8442 time 0.85s
Epoch: 77/150 Iter: 65/96 loss: 0.3078 acc: 0.8466 time 0.75s
Epoch: 77/150 Iter: 66/96 loss: 0.3047 acc: 0.8489 time 0.93s
Epoch: 77/150 Iter: 67/96 loss: 0.3015 acc: 0.8512 time 0.87s
Epoch: 77/150 Iter: 68/96 loss: 0.3035 acc: 0.8509 time 0.87s
Epoch: 77/150 Iter: 69/96 loss: 0.3001 acc: 0.8531 time 0.86s
Epoch: 77/150 Iter: 70/96 loss: 0.2971 acc: 0.8552 time 0.74s
Epoch: 77/150 Iter: 71/96 loss: 0.2941 acc: 0.8572 time 0.70s
Epoch: 77/150 Iter: 72/96 loss: 0.2987 acc: 0.8592 time 0.70s
Epoch: 77/150 Iter: 73/96 loss: 0.2989 acc: 0.8588 time 0.71s
Epoch: 77/150 Iter: 74/96 loss: 0.3006 acc: 0.8551 time 0.87s
Epoch: 77/150 Iter: 75/96 loss: 0.2999 acc: 0.8504 time 0.87s
Epoch: 77/150 Iter: 76/96 loss: 0.2961 acc: 0.8523 time 0.86s
Epoch: 77/150 Iter: 77/96 loss: 0.2929 acc: 0.8543 time 0.70s
Epoch: 77/150 Iter: 78/96 loss: 0.2934 acc: 0.8540 time 0.70s
Epoch: 77/150 Iter: 79/96 loss: 0.2897 acc: 0.8558 time 0.92s
Epoch: 77/150 Iter: 80/96 loss: 0.2898 acc: 0.8576 time 0.70s
Epoch: 77/150 Iter: 81/96 loss: 0.2874 acc: 0.8594 time 0.69s
Epoch: 77/150 Iter: 82/96 loss: 0.2858 acc: 0.8596 time 0.69s
Epoch: 77/150 Iter: 83/96 loss: 0.2837 acc: 0.8613 time 0.70s
Epoch: 77/150 Iter: 84/96 loss: 0.2811 acc: 0.8629 time 0.86s
Epoch: 77/150 Iter: 85/96 loss: 0.2818 acc: 0.8622 time 0.86s
Epoch: 77/150 Iter: 86/96 loss: 0.2862 acc: 0.8580 time 0.71s
Epoch: 77/150 Iter: 87/96 loss: 0.2833 acc: 0.8596 time 0.69s
Epoch: 77/150 Iter: 88/96 loss: 0.2852 acc: 0.8562 time 0.86s
Epoch: 77/150 Iter: 89/96 loss: 0.2829 acc: 0.8578 time 0.69s
Epoch: 77/150 Iter: 90/96 loss: 0.2806 acc: 0.8549 time 0.71s
Epoch: 77/150 Iter: 91/96 loss: 0.2792 acc: 0.8553 time 0.71s
Epoch: 77/150 Iter: 92/96 loss: 0.2800 acc: 0.8544 time 0.85s
Epoch: 77/150 Iter: 93/96 loss: 0.2786 acc: 0.8560 time 0.86s
Epoch: 77/150 Iter: 94/96 loss: 0.2786 acc: 0.8549 time 0.85s
Epoch: 77/150 Iter: 95/96 loss: 0.2776 acc: 0.8564 time 0.70s
Epoch: 77/150 Iter: 96/96 loss: 0.2811 acc: 0.8562 time 0.69s
[Train epoch 77] avg_loss=0.2811 avg_acc=0.8562 | per-class [c0: 0.854, c1: 0.967, c2: 0.902]
Final training 77/150, loss: 0.2811, time 73.89s, lr: 0.000516
Accuracy: 0.882
class                  precision    recall   specificity      f1   support
--------------------------------------------------------------------------
0                          0.930     0.854         0.939   0.891       281
1                          0.617     0.967         0.967   0.753        30
2                          0.882     0.902         0.897   0.892       265
*----------------------------------------*
0 Mon Feb 23 13:22:38 2026 Epoch: 78
Epoch: 78/150 Iter: 1/96 loss: 0.1832 acc: 1.0000 time 1.14s
Epoch: 78/150 Iter: 2/96 loss: 0.1019 acc: 1.0000 time 0.71s
Epoch: 78/150 Iter: 3/96 loss: 0.0992 acc: 1.0000 time 0.71s
Epoch: 78/150 Iter: 4/96 loss: 0.0801 acc: 1.0000 time 0.87s
Epoch: 78/150 Iter: 5/96 loss: 0.0775 acc: 1.0000 time 0.75s
Epoch: 78/150 Iter: 6/96 loss: 0.0968 acc: 1.0000 time 0.70s
Epoch: 78/150 Iter: 7/96 loss: 0.2516 acc: 0.9714 time 0.75s
Epoch: 78/150 Iter: 8/96 loss: 0.2610 acc: 0.9594 time 0.94s
Epoch: 78/150 Iter: 9/96 loss: 0.2634 acc: 0.9639 time 0.75s
Epoch: 78/150 Iter: 10/96 loss: 0.2420 acc: 0.9675 time 0.69s
Epoch: 78/150 Iter: 11/96 loss: 0.2251 acc: 0.9705 time 0.86s
Epoch: 78/150 Iter: 12/96 loss: 0.2538 acc: 0.9521 time 0.75s
Epoch: 78/150 Iter: 13/96 loss: 0.2421 acc: 0.9558 time 0.87s
Epoch: 78/150 Iter: 14/96 loss: 0.2400 acc: 0.9470 time 0.87s
Epoch: 78/150 Iter: 15/96 loss: 0.2564 acc: 0.9439 time 0.74s
Epoch: 78/150 Iter: 16/96 loss: 0.2799 acc: 0.9196 time 0.70s
Epoch: 78/150 Iter: 17/96 loss: 0.2854 acc: 0.9096 time 0.87s
Epoch: 78/150 Iter: 18/96 loss: 0.2943 acc: 0.8823 time 0.86s
Epoch: 78/150 Iter: 19/96 loss: 0.3068 acc: 0.8639 time 0.86s
Epoch: 78/150 Iter: 20/96 loss: 0.3198 acc: 0.8607 time 0.87s
Epoch: 78/150 Iter: 21/96 loss: 0.3129 acc: 0.8620 time 0.86s
Epoch: 78/150 Iter: 22/96 loss: 0.3108 acc: 0.8683 time 0.70s
Epoch: 78/150 Iter: 23/96 loss: 0.3029 acc: 0.8740 time 0.88s
Epoch: 78/150 Iter: 24/96 loss: 0.3015 acc: 0.8793 time 0.74s
Epoch: 78/150 Iter: 25/96 loss: 0.3067 acc: 0.8674 time 0.74s
Epoch: 78/150 Iter: 26/96 loss: 0.3018 acc: 0.8629 time 0.72s
Epoch: 78/150 Iter: 27/96 loss: 0.3017 acc: 0.8643 time 0.76s
Epoch: 78/150 Iter: 28/96 loss: 0.2947 acc: 0.8691 time 0.74s
Epoch: 78/150 Iter: 29/96 loss: 0.2891 acc: 0.8737 time 0.70s
Epoch: 78/150 Iter: 30/96 loss: 0.2949 acc: 0.8779 time 0.86s
Epoch: 78/150 Iter: 31/96 loss: 0.3076 acc: 0.8778 time 0.70s
Epoch: 78/150 Iter: 32/96 loss: 0.3266 acc: 0.8660 time 0.77s
Epoch: 78/150 Iter: 33/96 loss: 0.3214 acc: 0.8700 time 0.87s
Epoch: 78/150 Iter: 34/96 loss: 0.3266 acc: 0.8575 time 0.87s
Epoch: 78/150 Iter: 35/96 loss: 0.3246 acc: 0.8616 time 0.86s
Epoch: 78/150 Iter: 36/96 loss: 0.3310 acc: 0.8539 time 0.71s
Epoch: 78/150 Iter: 37/96 loss: 0.3294 acc: 0.8551 time 0.76s
Epoch: 78/150 Iter: 38/96 loss: 0.3252 acc: 0.8589 time 0.86s
Epoch: 78/150 Iter: 39/96 loss: 0.3212 acc: 0.8625 time 0.86s
Epoch: 78/150 Iter: 40/96 loss: 0.3171 acc: 0.8660 time 0.77s
Epoch: 78/150 Iter: 41/96 loss: 0.3174 acc: 0.8584 time 0.74s
Epoch: 78/150 Iter: 42/96 loss: 0.3194 acc: 0.8522 time 0.75s
Epoch: 78/150 Iter: 43/96 loss: 0.3167 acc: 0.8499 time 0.73s
Epoch: 78/150 Iter: 44/96 loss: 0.3138 acc: 0.8508 time 0.75s
Epoch: 78/150 Iter: 45/96 loss: 0.3083 acc: 0.8541 time 0.75s
Epoch: 78/150 Iter: 46/96 loss: 0.3030 acc: 0.8572 time 0.69s
Epoch: 78/150 Iter: 47/96 loss: 0.3238 acc: 0.8532 time 0.69s
Epoch: 78/150 Iter: 48/96 loss: 0.3245 acc: 0.8510 time 0.86s
Epoch: 78/150 Iter: 49/96 loss: 0.3227 acc: 0.8518 time 0.87s
Epoch: 78/150 Iter: 50/96 loss: 0.3193 acc: 0.8481 time 0.75s
Epoch: 78/150 Iter: 51/96 loss: 0.3175 acc: 0.8491 time 0.87s
Epoch: 78/150 Iter: 52/96 loss: 0.3123 acc: 0.8520 time 0.86s
Epoch: 78/150 Iter: 53/96 loss: 0.3167 acc: 0.8517 time 0.70s
Epoch: 78/150 Iter: 54/96 loss: 0.3161 acc: 0.8498 time 0.86s
Epoch: 78/150 Iter: 55/96 loss: 0.3131 acc: 0.8505 time 0.75s
Epoch: 78/150 Iter: 56/96 loss: 0.3077 acc: 0.8532 time 0.76s
Epoch: 78/150 Iter: 57/96 loss: 0.3033 acc: 0.8558 time 0.87s
Epoch: 78/150 Iter: 58/96 loss: 0.3010 acc: 0.8554 time 0.70s
Epoch: 78/150 Iter: 59/96 loss: 0.2985 acc: 0.8578 time 0.70s
Epoch: 78/150 Iter: 60/96 loss: 0.2977 acc: 0.8535 time 0.87s
Epoch: 78/150 Iter: 61/96 loss: 0.2954 acc: 0.8559 time 0.69s
Epoch: 78/150 Iter: 62/96 loss: 0.2999 acc: 0.8569 time 0.71s
Epoch: 78/150 Iter: 63/96 loss: 0.3032 acc: 0.8572 time 0.73s
Epoch: 78/150 Iter: 64/96 loss: 0.2990 acc: 0.8594 time 0.72s
Epoch: 78/150 Iter: 65/96 loss: 0.3215 acc: 0.8513 time 0.71s
Epoch: 78/150 Iter: 66/96 loss: 0.3294 acc: 0.8435 time 0.86s
Epoch: 78/150 Iter: 67/96 loss: 0.3296 acc: 0.8443 time 0.86s
Epoch: 78/150 Iter: 68/96 loss: 0.3271 acc: 0.8454 time 0.86s
Epoch: 78/150 Iter: 69/96 loss: 0.3298 acc: 0.8460 time 0.87s
Epoch: 78/150 Iter: 70/96 loss: 0.3262 acc: 0.8482 time 0.86s
Epoch: 78/150 Iter: 71/96 loss: 0.3240 acc: 0.8480 time 0.69s
Epoch: 78/150 Iter: 72/96 loss: 0.3203 acc: 0.8501 time 0.71s
Epoch: 78/150 Iter: 73/96 loss: 0.3184 acc: 0.8499 time 0.71s
Epoch: 78/150 Iter: 74/96 loss: 0.3145 acc: 0.8519 time 0.86s
Epoch: 78/150 Iter: 75/96 loss: 0.3214 acc: 0.8450 time 0.74s
Epoch: 78/150 Iter: 76/96 loss: 0.3201 acc: 0.8457 time 0.75s
Epoch: 78/150 Iter: 77/96 loss: 0.3163 acc: 0.8477 time 0.70s
Epoch: 78/150 Iter: 78/96 loss: 0.3130 acc: 0.8497 time 0.70s
Epoch: 78/150 Iter: 79/96 loss: 0.3132 acc: 0.8500 time 0.69s
Epoch: 78/150 Iter: 80/96 loss: 0.3099 acc: 0.8519 time 0.87s
Epoch: 78/150 Iter: 81/96 loss: 0.3096 acc: 0.8525 time 0.69s
Epoch: 78/150 Iter: 82/96 loss: 0.3072 acc: 0.8543 time 0.86s
Epoch: 78/150 Iter: 83/96 loss: 0.3054 acc: 0.8545 time 0.86s
Epoch: 78/150 Iter: 84/96 loss: 0.3026 acc: 0.8563 time 0.86s
Epoch: 78/150 Iter: 85/96 loss: 0.3005 acc: 0.8566 time 0.86s
Epoch: 78/150 Iter: 86/96 loss: 0.2980 acc: 0.8583 time 0.69s
Epoch: 78/150 Iter: 87/96 loss: 0.2994 acc: 0.8548 time 0.69s
Epoch: 78/150 Iter: 88/96 loss: 0.2962 acc: 0.8565 time 0.69s
Epoch: 78/150 Iter: 89/96 loss: 0.3008 acc: 0.8531 time 0.86s
Epoch: 78/150 Iter: 90/96 loss: 0.2982 acc: 0.8547 time 0.70s
Epoch: 78/150 Iter: 91/96 loss: 0.2974 acc: 0.8536 time 0.69s
Epoch: 78/150 Iter: 92/96 loss: 0.2968 acc: 0.8552 time 0.70s
Epoch: 78/150 Iter: 93/96 loss: 0.2949 acc: 0.8558 time 0.70s
Epoch: 78/150 Iter: 94/96 loss: 0.2921 acc: 0.8574 time 0.85s
Epoch: 78/150 Iter: 95/96 loss: 0.2901 acc: 0.8589 time 0.70s
Epoch: 78/150 Iter: 96/96 loss: 0.2950 acc: 0.8551 time 0.70s
[Train epoch 78] avg_loss=0.2950 avg_acc=0.8551 | per-class [c0: 0.871, c1: 0.933, c2: 0.895]
Final training 78/150, loss: 0.2950, time 74.99s, lr: 0.000505
Accuracy: 0.885
class                  precision    recall   specificity      f1   support
--------------------------------------------------------------------------
0                          0.931     0.871         0.939   0.900       280
1                          0.622     0.933         0.969   0.747        30
2                          0.885     0.895         0.900   0.890       266
*----------------------------------------*
Val 78/150 1/24, Acc: 0.5000, Loss: 3.5979, time 0.72s
Val 78/150 2/24, Acc: 0.5278, Loss: 2.0488, time 0.67s
Val 78/150 3/24, Acc: 0.5926, Loss: 1.4559, time 0.67s
Val 78/150 4/24, Acc: 0.6944, Loss: 1.0996, time 0.67s
Val 78/150 5/24, Acc: 0.7556, Loss: 0.9025, time 0.67s
Val 78/150 6/24, Acc: 0.7963, Loss: 0.7605, time 0.67s
Val 78/150 7/24, Acc: 0.7659, Loss: 0.7452, time 0.67s
Val 78/150 8/24, Acc: 0.7951, Loss: 0.6641, time 0.67s
Val 78/150 9/24, Acc: 0.8179, Loss: 0.6021, time 0.67s
Val 78/150 10/24, Acc: 0.8361, Loss: 0.5580, time 0.67s
Val 78/150 11/24, Acc: 0.8510, Loss: 0.5231, time 0.67s
Val 78/150 12/24, Acc: 0.8148, Loss: 0.5196, time 0.67s
Val 78/150 13/24, Acc: 0.7906, Loss: 0.5341, time 0.67s
Val 78/150 14/24, Acc: 0.7966, Loss: 0.5333, time 0.67s
Val 78/150 15/24, Acc: 0.8046, Loss: 0.5275, time 0.67s
Val 78/150 16/24, Acc: 0.8106, Loss: 0.5162, time 0.67s
Val 78/150 17/24, Acc: 0.8217, Loss: 0.4881, time 0.67s
Val 78/150 18/24, Acc: 0.8247, Loss: 0.4745, time 0.67s
Val 78/150 19/24, Acc: 0.8287, Loss: 0.4591, time 0.67s
Val 78/150 20/24, Acc: 0.8094, Loss: 0.4930, time 0.67s
Val 78/150 21/24, Acc: 0.8185, Loss: 0.4757, time 0.67s
Val 78/150 22/24, Acc: 0.8192, Loss: 0.4708, time 0.67s
Val 78/150 23/24, Acc: 0.8053, Loss: 0.5520, time 0.67s
Val 78/150 24/24, Acc: 0.8019, Loss: 0.5438, time 0.67s
[Val epoch 78] avg_acc=0.8019 | avg_loss=0.5438 | per-class [c0: 0.843, c1: 0.750, c2: 0.894]
Final validation 78/150, Val_acc: 0.8019, time 16.09sAccuracy: 0.861
class                  precision    recall   specificity      f1   support
--------------------------------------------------------------------------
0                          0.983     0.843         0.986   0.908        70
1                          0.429     0.750         0.941   0.545         8
2                          0.843     0.894         0.859   0.868        66
*========================================*
Saving checkpoint outputs/OrganoidsINRIA_XYZ_thinning_128/swinunetr/2026-02-23-11-31/training/model_final.pt
[EarlyStopping] no improve (15/40)
[EarlyStopping] no improve (16/40)
0 Mon Feb 23 13:24:14 2026 Epoch: 79
Epoch: 79/150 Iter: 1/96 loss: 0.5301 acc: 0.5000 time 1.17s
Epoch: 79/150 Iter: 2/96 loss: 0.3237 acc: 0.7500 time 0.70s
Epoch: 79/150 Iter: 3/96 loss: 0.2487 acc: 0.8333 time 0.73s
Epoch: 79/150 Iter: 4/96 loss: 0.2491 acc: 0.8333 time 0.71s
Epoch: 79/150 Iter: 5/96 loss: 0.2472 acc: 0.8417 time 0.86s
Epoch: 79/150 Iter: 6/96 loss: 0.2343 acc: 0.8681 time 0.86s
Epoch: 79/150 Iter: 7/96 loss: 0.2735 acc: 0.8726 time 0.86s
Epoch: 79/150 Iter: 8/96 loss: 0.2581 acc: 0.8885 time 0.72s
Epoch: 79/150 Iter: 9/96 loss: 0.2485 acc: 0.9009 time 0.75s
Epoch: 79/150 Iter: 10/96 loss: 0.2764 acc: 0.9008 time 0.78s
Epoch: 79/150 Iter: 11/96 loss: 0.2797 acc: 0.8694 time 0.74s
Epoch: 79/150 Iter: 12/96 loss: 0.2623 acc: 0.8803 time 0.94s
Epoch: 79/150 Iter: 13/96 loss: 0.2495 acc: 0.8895 time 0.73s
Epoch: 79/150 Iter: 14/96 loss: 0.2447 acc: 0.8915 time 0.75s
Epoch: 79/150 Iter: 15/96 loss: 0.2379 acc: 0.8987 time 0.86s
Epoch: 79/150 Iter: 16/96 loss: 0.2365 acc: 0.8972 time 0.70s
Epoch: 79/150 Iter: 17/96 loss: 0.2431 acc: 0.8935 time 0.74s
Epoch: 79/150 Iter: 18/96 loss: 0.2399 acc: 0.8994 time 0.92s
Epoch: 79/150 Iter: 19/96 loss: 0.2505 acc: 0.8915 time 0.76s
Epoch: 79/150 Iter: 20/96 loss: 0.2515 acc: 0.8886 time 0.77s
Epoch: 79/150 Iter: 21/96 loss: 0.2423 acc: 0.8939 time 0.74s
Epoch: 79/150 Iter: 22/96 loss: 0.2418 acc: 0.8987 time 0.87s
Epoch: 79/150 Iter: 23/96 loss: 0.2628 acc: 0.8800 time 0.72s
Epoch: 79/150 Iter: 24/96 loss: 0.2557 acc: 0.8850 time 0.93s
Epoch: 79/150 Iter: 25/96 loss: 0.2542 acc: 0.8896 time 0.87s
Epoch: 79/150 Iter: 26/96 loss: 0.2549 acc: 0.8938 time 0.87s
Epoch: 79/150 Iter: 27/96 loss: 0.2467 acc: 0.8977 time 0.75s
Epoch: 79/150 Iter: 28/96 loss: 0.2690 acc: 0.8942 time 0.74s
Epoch: 79/150 Iter: 29/96 loss: 0.2652 acc: 0.8979 time 0.69s
Epoch: 79/150 Iter: 30/96 loss: 0.2595 acc: 0.9013 time 0.86s
Epoch: 79/150 Iter: 31/96 loss: 0.2525 acc: 0.9045 time 0.87s
Epoch: 79/150 Iter: 32/96 loss: 0.2459 acc: 0.9075 time 0.71s
Epoch: 79/150 Iter: 33/96 loss: 0.2416 acc: 0.9103 time 0.87s
Epoch: 79/150 Iter: 34/96 loss: 0.2352 acc: 0.9129 time 0.87s
Epoch: 79/150 Iter: 35/96 loss: 0.2440 acc: 0.9027 time 0.87s
Epoch: 79/150 Iter: 36/96 loss: 0.2399 acc: 0.9054 time 0.71s
Epoch: 79/150 Iter: 37/96 loss: 0.2343 acc: 0.9080 time 0.85s
Epoch: 79/150 Iter: 38/96 loss: 0.2393 acc: 0.9038 time 0.86s
Epoch: 79/150 Iter: 39/96 loss: 0.2425 acc: 0.9031 time 0.73s
Epoch: 79/150 Iter: 40/96 loss: 0.2396 acc: 0.9055 time 0.87s
Epoch: 79/150 Iter: 41/96 loss: 0.2404 acc: 0.9037 time 0.72s
Epoch: 79/150 Iter: 42/96 loss: 0.2350 acc: 0.9060 time 0.87s
Epoch: 79/150 Iter: 43/96 loss: 0.2375 acc: 0.9043 time 0.86s
Epoch: 79/150 Iter: 44/96 loss: 0.2351 acc: 0.9040 time 0.86s
Epoch: 79/150 Iter: 45/96 loss: 0.2409 acc: 0.8962 time 0.93s
Epoch: 79/150 Iter: 46/96 loss: 0.2370 acc: 0.8985 time 0.75s
Epoch: 79/150 Iter: 47/96 loss: 0.2386 acc: 0.8971 time 0.91s
Epoch: 79/150 Iter: 48/96 loss: 0.2421 acc: 0.8966 time 0.86s
Epoch: 79/150 Iter: 49/96 loss: 0.2387 acc: 0.8988 time 0.70s
Epoch: 79/150 Iter: 50/96 loss: 0.2374 acc: 0.9008 time 0.86s
Epoch: 79/150 Iter: 51/96 loss: 0.2366 acc: 0.9027 time 0.73s
Epoch: 79/150 Iter: 52/96 loss: 0.2322 acc: 0.9046 time 0.87s
Epoch: 79/150 Iter: 53/96 loss: 0.2301 acc: 0.9064 time 0.69s
Epoch: 79/150 Iter: 54/96 loss: 0.2272 acc: 0.9081 time 0.69s
Epoch: 79/150 Iter: 55/96 loss: 0.2309 acc: 0.9027 time 0.76s
Epoch: 79/150 Iter: 56/96 loss: 0.2334 acc: 0.9030 time 0.70s
Epoch: 79/150 Iter: 57/96 loss: 0.2303 acc: 0.9047 time 0.87s
Epoch: 79/150 Iter: 58/96 loss: 0.2368 acc: 0.8991 time 0.75s
Epoch: 79/150 Iter: 59/96 loss: 0.2431 acc: 0.8987 time 0.87s
Epoch: 79/150 Iter: 60/96 loss: 0.2500 acc: 0.8976 time 0.86s
Epoch: 79/150 Iter: 61/96 loss: 0.2524 acc: 0.8973 time 0.77s
Epoch: 79/150 Iter: 62/96 loss: 0.2628 acc: 0.8962 time 0.76s
Epoch: 79/150 Iter: 63/96 loss: 0.2623 acc: 0.8915 time 0.86s
Epoch: 79/150 Iter: 64/96 loss: 0.2615 acc: 0.8893 time 0.76s
Epoch: 79/150 Iter: 65/96 loss: 0.2666 acc: 0.8872 time 0.87s
Epoch: 79/150 Iter: 66/96 loss: 0.2631 acc: 0.8889 time 0.87s
Epoch: 79/150 Iter: 67/96 loss: 0.2618 acc: 0.8905 time 0.87s
Epoch: 79/150 Iter: 68/96 loss: 0.2584 acc: 0.8922 time 0.72s
Epoch: 79/150 Iter: 69/96 loss: 0.2590 acc: 0.8923 time 0.69s
Epoch: 79/150 Iter: 70/96 loss: 0.2584 acc: 0.8920 time 0.76s
Epoch: 79/150 Iter: 71/96 loss: 0.2561 acc: 0.8935 time 0.72s
Epoch: 79/150 Iter: 72/96 loss: 0.2527 acc: 0.8950 time 0.69s
Epoch: 79/150 Iter: 73/96 loss: 0.2514 acc: 0.8965 time 0.72s
Epoch: 79/150 Iter: 74/96 loss: 0.2546 acc: 0.8941 time 0.69s
Epoch: 79/150 Iter: 75/96 loss: 0.2571 acc: 0.8896 time 0.71s
Epoch: 79/150 Iter: 76/96 loss: 0.2562 acc: 0.8910 time 0.70s
Epoch: 79/150 Iter: 77/96 loss: 0.2540 acc: 0.8925 time 0.86s
Epoch: 79/150 Iter: 78/96 loss: 0.2601 acc: 0.8922 time 0.71s
Epoch: 79/150 Iter: 79/96 loss: 0.2614 acc: 0.8936 time 0.86s
Epoch: 79/150 Iter: 80/96 loss: 0.2685 acc: 0.8887 time 0.87s
Epoch: 79/150 Iter: 81/96 loss: 0.2704 acc: 0.8846 time 0.86s
Epoch: 79/150 Iter: 82/96 loss: 0.2687 acc: 0.8860 time 0.70s
Epoch: 79/150 Iter: 83/96 loss: 0.2676 acc: 0.8853 time 0.69s
Epoch: 79/150 Iter: 84/96 loss: 0.2749 acc: 0.8827 time 0.68s
Epoch: 79/150 Iter: 85/96 loss: 0.2733 acc: 0.8841 time 0.69s
Epoch: 79/150 Iter: 86/96 loss: 0.2710 acc: 0.8855 time 0.70s
Epoch: 79/150 Iter: 87/96 loss: 0.2681 acc: 0.8868 time 0.70s
Epoch: 79/150 Iter: 88/96 loss: 0.2652 acc: 0.8881 time 0.93s
Epoch: 79/150 Iter: 89/96 loss: 0.2635 acc: 0.8893 time 0.88s
Epoch: 79/150 Iter: 90/96 loss: 0.2618 acc: 0.8906 time 0.70s
Epoch: 79/150 Iter: 91/96 loss: 0.2596 acc: 0.8918 time 0.70s
Epoch: 79/150 Iter: 92/96 loss: 0.2574 acc: 0.8929 time 0.71s
Epoch: 79/150 Iter: 93/96 loss: 0.2643 acc: 0.8919 time 0.68s
Epoch: 79/150 Iter: 94/96 loss: 0.2619 acc: 0.8931 time 0.69s
Epoch: 79/150 Iter: 95/96 loss: 0.2596 acc: 0.8942 time 0.69s
Epoch: 79/150 Iter: 96/96 loss: 0.2570 acc: 0.8953 time 0.69s
[Train epoch 79] avg_loss=0.2570 avg_acc=0.8953 | per-class [c0: 0.911, c1: 0.967, c2: 0.898]
Final training 79/150, loss: 0.2570, time 75.56s, lr: 0.000495
Accuracy: 0.908
class                  precision    recall   specificity      f1   support
--------------------------------------------------------------------------
0                          0.934     0.911         0.939   0.923       281
1                          0.674     0.967         0.974   0.795        30
2                          0.919     0.898         0.932   0.908       265
*----------------------------------------*
0 Mon Feb 23 13:25:30 2026 Epoch: 80
Epoch: 80/150 Iter: 1/96 loss: 0.2451 acc: 0.6667 time 1.01s
Epoch: 80/150 Iter: 2/96 loss: 0.1311 acc: 0.8333 time 0.89s
Epoch: 80/150 Iter: 3/96 loss: 0.1800 acc: 0.8472 time 0.87s
Epoch: 80/150 Iter: 4/96 loss: 0.2067 acc: 0.8854 time 0.86s
Epoch: 80/150 Iter: 5/96 loss: 0.2617 acc: 0.8833 time 0.69s
Epoch: 80/150 Iter: 6/96 loss: 0.2299 acc: 0.9028 time 0.75s
Epoch: 80/150 Iter: 7/96 loss: 0.2134 acc: 0.9167 time 0.87s
Epoch: 80/150 Iter: 8/96 loss: 0.1893 acc: 0.9271 time 0.77s
Epoch: 80/150 Iter: 9/96 loss: 0.1921 acc: 0.9074 time 0.69s
Epoch: 80/150 Iter: 10/96 loss: 0.1772 acc: 0.9167 time 0.86s
Epoch: 80/150 Iter: 11/96 loss: 0.3406 acc: 0.8939 time 0.78s
Epoch: 80/150 Iter: 12/96 loss: 0.3247 acc: 0.9028 time 0.78s
Epoch: 80/150 Iter: 13/96 loss: 0.3286 acc: 0.8718 time 0.70s
Epoch: 80/150 Iter: 14/96 loss: 0.3219 acc: 0.8611 time 0.77s
Epoch: 80/150 Iter: 15/96 loss: 0.3086 acc: 0.8704 time 0.86s
Epoch: 80/150 Iter: 16/96 loss: 0.2946 acc: 0.8715 time 0.86s
Epoch: 80/150 Iter: 17/96 loss: 0.3290 acc: 0.8570 time 0.70s
Epoch: 80/150 Iter: 18/96 loss: 0.3159 acc: 0.8650 time 0.87s
Epoch: 80/150 Iter: 19/96 loss: 0.3063 acc: 0.8662 time 0.87s
Epoch: 80/150 Iter: 20/96 loss: 0.3311 acc: 0.8451 time 0.69s
Epoch: 80/150 Iter: 21/96 loss: 0.3269 acc: 0.8446 time 0.70s
Epoch: 80/150 Iter: 22/96 loss: 0.3453 acc: 0.8289 time 0.86s
Epoch: 80/150 Iter: 23/96 loss: 0.3879 acc: 0.8110 time 0.69s
Epoch: 80/150 Iter: 24/96 loss: 0.3817 acc: 0.8137 time 0.88s
Epoch: 80/150 Iter: 25/96 loss: 0.3756 acc: 0.8211 time 0.87s
Epoch: 80/150 Iter: 26/96 loss: 0.3677 acc: 0.8280 time 0.71s
Epoch: 80/150 Iter: 27/96 loss: 0.3577 acc: 0.8344 time 0.87s
Epoch: 80/150 Iter: 28/96 loss: 0.3566 acc: 0.8194 time 0.90s
Epoch: 80/150 Iter: 29/96 loss: 0.3503 acc: 0.8228 time 0.87s
Epoch: 80/150 Iter: 30/96 loss: 0.3460 acc: 0.8259 time 0.76s
Epoch: 80/150 Iter: 31/96 loss: 0.3373 acc: 0.8315 time 0.87s
Epoch: 80/150 Iter: 32/96 loss: 0.3320 acc: 0.8329 time 0.86s
Epoch: 80/150 Iter: 33/96 loss: 0.3418 acc: 0.8349 time 0.69s
Epoch: 80/150 Iter: 34/96 loss: 0.3330 acc: 0.8398 time 0.70s
Epoch: 80/150 Iter: 35/96 loss: 0.3299 acc: 0.8396 time 0.87s
Epoch: 80/150 Iter: 36/96 loss: 0.3241 acc: 0.8441 time 0.87s
Epoch: 80/150 Iter: 37/96 loss: 0.3305 acc: 0.8449 time 0.86s
Epoch: 80/150 Iter: 38/96 loss: 0.3226 acc: 0.8490 time 0.86s
Epoch: 80/150 Iter: 39/96 loss: 0.3222 acc: 0.8507 time 0.74s
Epoch: 80/150 Iter: 40/96 loss: 0.3167 acc: 0.8544 time 0.69s
Epoch: 80/150 Iter: 41/96 loss: 0.3203 acc: 0.8478 time 0.86s
Epoch: 80/150 Iter: 42/96 loss: 0.3217 acc: 0.8409 time 0.87s
Epoch: 80/150 Iter: 43/96 loss: 0.3166 acc: 0.8446 time 0.71s
Epoch: 80/150 Iter: 44/96 loss: 0.3358 acc: 0.8424 time 0.86s
Epoch: 80/150 Iter: 45/96 loss: 0.3287 acc: 0.8459 time 0.86s
Epoch: 80/150 Iter: 46/96 loss: 0.3244 acc: 0.8493 time 0.87s
Epoch: 80/150 Iter: 47/96 loss: 0.3195 acc: 0.8525 time 0.75s
Epoch: 80/150 Iter: 48/96 loss: 0.3246 acc: 0.8498 time 0.86s
Epoch: 80/150 Iter: 49/96 loss: 0.3203 acc: 0.8528 time 0.77s
Epoch: 80/150 Iter: 50/96 loss: 0.3184 acc: 0.8558 time 0.77s
Epoch: 80/150 Iter: 51/96 loss: 0.3137 acc: 0.8586 time 0.76s
Epoch: 80/150 Iter: 52/96 loss: 0.3126 acc: 0.8581 time 0.70s
Epoch: 80/150 Iter: 53/96 loss: 0.3162 acc: 0.8537 time 0.77s
Epoch: 80/150 Iter: 54/96 loss: 0.3114 acc: 0.8564 time 0.77s
Epoch: 80/150 Iter: 55/96 loss: 0.3095 acc: 0.8590 time 0.72s
Epoch: 80/150 Iter: 56/96 loss: 0.3093 acc: 0.8511 time 0.87s
Epoch: 80/150 Iter: 57/96 loss: 0.3049 acc: 0.8538 time 0.70s
Epoch: 80/150 Iter: 58/96 loss: 0.3031 acc: 0.8563 time 0.77s
Epoch: 80/150 Iter: 59/96 loss: 0.3026 acc: 0.8587 time 0.75s
Epoch: 80/150 Iter: 60/96 loss: 0.3113 acc: 0.8527 time 0.80s
Epoch: 80/150 Iter: 61/96 loss: 0.3096 acc: 0.8551 time 0.88s
Epoch: 80/150 Iter: 62/96 loss: 0.3116 acc: 0.8481 time 0.87s
Epoch: 80/150 Iter: 63/96 loss: 0.3089 acc: 0.8505 time 0.88s
Epoch: 80/150 Iter: 64/96 loss: 0.3048 acc: 0.8528 time 0.87s
Epoch: 80/150 Iter: 65/96 loss: 0.3068 acc: 0.8551 time 0.75s
Epoch: 80/150 Iter: 66/96 loss: 0.3081 acc: 0.8548 time 0.76s
Epoch: 80/150 Iter: 67/96 loss: 0.3053 acc: 0.8569 time 0.93s
Epoch: 80/150 Iter: 68/96 loss: 0.3041 acc: 0.8554 time 0.71s
Epoch: 80/150 Iter: 69/96 loss: 0.3044 acc: 0.8574 time 0.86s
Epoch: 80/150 Iter: 70/96 loss: 0.3053 acc: 0.8577 time 0.70s
Epoch: 80/150 Iter: 71/96 loss: 0.3021 acc: 0.8597 time 0.87s
Epoch: 80/150 Iter: 72/96 loss: 0.2987 acc: 0.8617 time 0.86s
Epoch: 80/150 Iter: 73/96 loss: 0.3000 acc: 0.8575 time 0.87s
Epoch: 80/150 Iter: 74/96 loss: 0.2987 acc: 0.8594 time 0.86s
Epoch: 80/150 Iter: 75/96 loss: 0.3006 acc: 0.8546 time 0.74s
Epoch: 80/150 Iter: 76/96 loss: 0.2981 acc: 0.8565 time 0.86s
Epoch: 80/150 Iter: 77/96 loss: 0.2983 acc: 0.8567 time 0.86s
Epoch: 80/150 Iter: 78/96 loss: 0.3120 acc: 0.8500 time 0.87s
Epoch: 80/150 Iter: 79/96 loss: 0.3136 acc: 0.8467 time 0.72s
Epoch: 80/150 Iter: 80/96 loss: 0.3127 acc: 0.8470 time 0.70s
Epoch: 80/150 Iter: 81/96 loss: 0.3099 acc: 0.8489 time 0.70s
Epoch: 80/150 Iter: 82/96 loss: 0.3077 acc: 0.8507 time 0.69s
Epoch: 80/150 Iter: 83/96 loss: 0.3060 acc: 0.8525 time 0.69s
Epoch: 80/150 Iter: 84/96 loss: 0.3069 acc: 0.8528 time 0.86s
Epoch: 80/150 Iter: 85/96 loss: 0.3049 acc: 0.8526 time 0.70s
Epoch: 80/150 Iter: 86/96 loss: 0.3052 acc: 0.8528 time 0.87s
Epoch: 80/150 Iter: 87/96 loss: 0.3053 acc: 0.8526 time 0.86s
Epoch: 80/150 Iter: 88/96 loss: 0.3098 acc: 0.8518 time 0.69s
Epoch: 80/150 Iter: 89/96 loss: 0.3089 acc: 0.8523 time 0.86s
Epoch: 80/150 Iter: 90/96 loss: 0.3139 acc: 0.8451 time 0.86s
Epoch: 80/150 Iter: 91/96 loss: 0.3145 acc: 0.8424 time 0.70s
Epoch: 80/150 Iter: 92/96 loss: 0.3119 acc: 0.8441 time 0.70s
Epoch: 80/150 Iter: 93/96 loss: 0.3088 acc: 0.8458 time 0.70s
Epoch: 80/150 Iter: 94/96 loss: 0.3059 acc: 0.8474 time 0.70s
Epoch: 80/150 Iter: 95/96 loss: 0.3032 acc: 0.8490 time 0.86s
Epoch: 80/150 Iter: 96/96 loss: 0.3017 acc: 0.8506 time 0.86s
[Train epoch 80] avg_loss=0.3017 avg_acc=0.8506 | per-class [c0: 0.900, c1: 0.967, c2: 0.857]
Final training 80/150, loss: 0.3017, time 76.81s, lr: 0.000484
Accuracy: 0.884
class                  precision    recall   specificity      f1   support
--------------------------------------------------------------------------
0                          0.910     0.900         0.915   0.905       281
1                          0.617     0.967         0.967   0.753        30
2                          0.904     0.857         0.923   0.880       265
*----------------------------------------*
Val 80/150 1/24, Acc: 0.5000, Loss: 3.1175, time 0.68s
Val 80/150 2/24, Acc: 0.5278, Loss: 1.8179, time 0.69s
Val 80/150 3/24, Acc: 0.5926, Loss: 1.3470, time 0.67s
Val 80/150 4/24, Acc: 0.6944, Loss: 1.0151, time 0.67s
Val 80/150 5/24, Acc: 0.7556, Loss: 0.8285, time 0.67s
Val 80/150 6/24, Acc: 0.7963, Loss: 0.6944, time 0.67s
Val 80/150 7/24, Acc: 0.7659, Loss: 0.6789, time 0.67s
Val 80/150 8/24, Acc: 0.7639, Loss: 0.6120, time 0.67s
Val 80/150 9/24, Acc: 0.7901, Loss: 0.5550, time 0.67s
Val 80/150 10/24, Acc: 0.8011, Loss: 0.5294, time 0.67s
Val 80/150 11/24, Acc: 0.8192, Loss: 0.4971, time 0.67s
Val 80/150 12/24, Acc: 0.7856, Loss: 0.5103, time 0.67s
Val 80/150 13/24, Acc: 0.7637, Loss: 0.5153, time 0.67s
Val 80/150 14/24, Acc: 0.7716, Loss: 0.5138, time 0.67s
Val 80/150 15/24, Acc: 0.7591, Loss: 0.5199, time 0.67s
Val 80/150 16/24, Acc: 0.7679, Loss: 0.5066, time 0.67s
Val 80/150 17/24, Acc: 0.7815, Loss: 0.4779, time 0.67s
Val 80/150 18/24, Acc: 0.7867, Loss: 0.4791, time 0.68s
Val 80/150 19/24, Acc: 0.7927, Loss: 0.4655, time 0.67s
Val 80/150 20/24, Acc: 0.7753, Loss: 0.5078, time 0.67s
Val 80/150 21/24, Acc: 0.7860, Loss: 0.4858, time 0.67s
Val 80/150 22/24, Acc: 0.7881, Loss: 0.4799, time 0.67s
Val 80/150 23/24, Acc: 0.7756, Loss: 0.5888, time 0.67s
Val 80/150 24/24, Acc: 0.7734, Loss: 0.5867, time 0.67s
[Val epoch 80] avg_acc=0.7734 | avg_loss=0.5867 | per-class [c0: 0.800, c1: 0.750, c2: 0.894]
Final validation 80/150, Val_acc: 0.7734, time 16.07sAccuracy: 0.840
class                  precision    recall   specificity      f1   support
--------------------------------------------------------------------------
0                          1.000     0.800         1.000   0.889        70
1                          0.429     0.750         0.941   0.545         8
2                          0.797     0.894         0.808   0.843        66
*========================================*
Saving checkpoint outputs/OrganoidsINRIA_XYZ_thinning_128/swinunetr/2026-02-23-11-31/training/model_final.pt
[EarlyStopping] no improve (16/40)
[EarlyStopping] no improve (17/40)
0 Mon Feb 23 13:27:08 2026 Epoch: 81
Epoch: 81/150 Iter: 1/96 loss: 0.1003 acc: 1.0000 time 1.04s
Epoch: 81/150 Iter: 2/96 loss: 0.1824 acc: 0.8000 time 0.75s
Epoch: 81/150 Iter: 3/96 loss: 0.2357 acc: 0.8250 time 0.89s
Epoch: 81/150 Iter: 4/96 loss: 0.1798 acc: 0.8688 time 0.71s
Epoch: 81/150 Iter: 5/96 loss: 0.1978 acc: 0.8450 time 0.88s
Epoch: 81/150 Iter: 6/96 loss: 0.1798 acc: 0.8708 time 0.86s
Epoch: 81/150 Iter: 7/96 loss: 0.1589 acc: 0.8893 time 0.70s
Epoch: 81/150 Iter: 8/96 loss: 0.2403 acc: 0.8406 time 0.86s
Epoch: 81/150 Iter: 9/96 loss: 0.2294 acc: 0.8444 time 0.87s
Epoch: 81/150 Iter: 10/96 loss: 0.2190 acc: 0.8600 time 0.74s
Epoch: 81/150 Iter: 11/96 loss: 0.2205 acc: 0.8475 time 0.74s
Epoch: 81/150 Iter: 12/96 loss: 0.2098 acc: 0.8602 time 0.70s
Epoch: 81/150 Iter: 13/96 loss: 0.2145 acc: 0.8496 time 0.71s
Epoch: 81/150 Iter: 14/96 loss: 0.2301 acc: 0.8317 time 0.75s
Epoch: 81/150 Iter: 15/96 loss: 0.2268 acc: 0.8374 time 0.87s
Epoch: 81/150 Iter: 16/96 loss: 0.2203 acc: 0.8476 time 0.76s
Epoch: 81/150 Iter: 17/96 loss: 0.2339 acc: 0.8330 time 0.77s
Epoch: 81/150 Iter: 18/96 loss: 0.2488 acc: 0.8145 time 0.70s
Epoch: 81/150 Iter: 19/96 loss: 0.2488 acc: 0.8023 time 0.92s
Epoch: 81/150 Iter: 20/96 loss: 0.2404 acc: 0.8122 time 0.88s
Epoch: 81/150 Iter: 21/96 loss: 0.2315 acc: 0.8212 time 0.86s
Epoch: 81/150 Iter: 22/96 loss: 0.2382 acc: 0.8217 time 0.69s
Epoch: 81/150 Iter: 23/96 loss: 0.2285 acc: 0.8295 time 0.71s
Epoch: 81/150 Iter: 24/96 loss: 0.2290 acc: 0.8314 time 0.70s
Epoch: 81/150 Iter: 25/96 loss: 0.2307 acc: 0.8381 time 0.74s
Epoch: 81/150 Iter: 26/96 loss: 0.2335 acc: 0.8411 time 0.76s
Epoch: 81/150 Iter: 27/96 loss: 0.2307 acc: 0.8408 time 0.71s
Epoch: 81/150 Iter: 28/96 loss: 0.2288 acc: 0.8421 time 0.73s
Epoch: 81/150 Iter: 29/96 loss: 0.2235 acc: 0.8475 time 0.71s
Epoch: 81/150 Iter: 30/96 loss: 0.2197 acc: 0.8526 time 0.70s
Epoch: 81/150 Iter: 31/96 loss: 0.2171 acc: 0.8573 time 0.74s
Epoch: 81/150 Iter: 32/96 loss: 0.2110 acc: 0.8618 time 0.71s
Epoch: 81/150 Iter: 33/96 loss: 0.2066 acc: 0.8660 time 0.70s
Epoch: 81/150 Iter: 34/96 loss: 0.2186 acc: 0.8528 time 0.74s
Epoch: 81/150 Iter: 35/96 loss: 0.2151 acc: 0.8570 time 0.71s
Epoch: 81/150 Iter: 36/96 loss: 0.2141 acc: 0.8610 time 0.70s
Epoch: 81/150 Iter: 37/96 loss: 0.2185 acc: 0.8613 time 0.86s
Epoch: 81/150 Iter: 38/96 loss: 0.2159 acc: 0.8650 time 0.71s
Epoch: 81/150 Iter: 39/96 loss: 0.2149 acc: 0.8535 time 0.76s
Epoch: 81/150 Iter: 40/96 loss: 0.2228 acc: 0.8530 time 0.87s
Epoch: 81/150 Iter: 41/96 loss: 0.2205 acc: 0.8566 time 0.75s
Epoch: 81/150 Iter: 42/96 loss: 0.2272 acc: 0.8489 time 0.78s
Epoch: 81/150 Iter: 43/96 loss: 0.2245 acc: 0.8524 time 0.86s
Epoch: 81/150 Iter: 44/96 loss: 0.2238 acc: 0.8467 time 0.88s
Epoch: 81/150 Iter: 45/96 loss: 0.2214 acc: 0.8501 time 0.88s
Epoch: 81/150 Iter: 46/96 loss: 0.2486 acc: 0.8437 time 0.78s
Epoch: 81/150 Iter: 47/96 loss: 0.2467 acc: 0.8470 time 0.90s
Epoch: 81/150 Iter: 48/96 loss: 0.2489 acc: 0.8450 time 0.72s
Epoch: 81/150 Iter: 49/96 loss: 0.2537 acc: 0.8362 time 0.87s
Epoch: 81/150 Iter: 50/96 loss: 0.2517 acc: 0.8395 time 0.87s
Epoch: 81/150 Iter: 51/96 loss: 0.2474 acc: 0.8426 time 0.72s
Epoch: 81/150 Iter: 52/96 loss: 0.2444 acc: 0.8457 time 0.75s
Epoch: 81/150 Iter: 53/96 loss: 0.2412 acc: 0.8486 time 0.70s
Epoch: 81/150 Iter: 54/96 loss: 0.2373 acc: 0.8514 time 0.86s
Epoch: 81/150 Iter: 55/96 loss: 0.2339 acc: 0.8541 time 0.91s
Epoch: 81/150 Iter: 56/96 loss: 0.2351 acc: 0.8545 time 0.70s
Epoch: 81/150 Iter: 57/96 loss: 0.2326 acc: 0.8570 time 0.71s
Epoch: 81/150 Iter: 58/96 loss: 0.2324 acc: 0.8552 time 0.70s
Epoch: 81/150 Iter: 59/96 loss: 0.2292 acc: 0.8576 time 0.86s
Epoch: 81/150 Iter: 60/96 loss: 0.2359 acc: 0.8531 time 0.93s
Epoch: 81/150 Iter: 61/96 loss: 0.2404 acc: 0.8500 time 0.87s
Epoch: 81/150 Iter: 62/96 loss: 0.2410 acc: 0.8524 time 0.69s
Epoch: 81/150 Iter: 63/96 loss: 0.2477 acc: 0.8495 time 0.75s
Epoch: 81/150 Iter: 64/96 loss: 0.2451 acc: 0.8518 time 0.86s
Epoch: 81/150 Iter: 65/96 loss: 0.2431 acc: 0.8541 time 0.74s
Epoch: 81/150 Iter: 66/96 loss: 0.2518 acc: 0.8487 time 0.87s
Epoch: 81/150 Iter: 67/96 loss: 0.2532 acc: 0.8485 time 0.75s
Epoch: 81/150 Iter: 68/96 loss: 0.2511 acc: 0.8507 time 0.87s
Epoch: 81/150 Iter: 69/96 loss: 0.2589 acc: 0.8500 time 0.86s
Epoch: 81/150 Iter: 70/96 loss: 0.2568 acc: 0.8521 time 0.78s
Epoch: 81/150 Iter: 71/96 loss: 0.2537 acc: 0.8542 time 0.71s
Epoch: 81/150 Iter: 72/96 loss: 0.2521 acc: 0.8549 time 0.86s
Epoch: 81/150 Iter: 73/96 loss: 0.2493 acc: 0.8568 time 0.70s
Epoch: 81/150 Iter: 74/96 loss: 0.2482 acc: 0.8543 time 0.87s
Epoch: 81/150 Iter: 75/96 loss: 0.2465 acc: 0.8562 time 0.86s
Epoch: 81/150 Iter: 76/96 loss: 0.2504 acc: 0.8567 time 0.70s
Epoch: 81/150 Iter: 77/96 loss: 0.2514 acc: 0.8553 time 0.72s
Epoch: 81/150 Iter: 78/96 loss: 0.2518 acc: 0.8496 time 0.75s
Epoch: 81/150 Iter: 79/96 loss: 0.2526 acc: 0.8501 time 0.87s
Epoch: 81/150 Iter: 80/96 loss: 0.2602 acc: 0.8468 time 0.93s
Epoch: 81/150 Iter: 81/96 loss: 0.2579 acc: 0.8487 time 0.69s
Epoch: 81/150 Iter: 82/96 loss: 0.2594 acc: 0.8485 time 0.86s
Epoch: 81/150 Iter: 83/96 loss: 0.2582 acc: 0.8503 time 0.70s
Epoch: 81/150 Iter: 84/96 loss: 0.2584 acc: 0.8468 time 0.71s
Epoch: 81/150 Iter: 85/96 loss: 0.2629 acc: 0.8418 time 0.70s
Epoch: 81/150 Iter: 86/96 loss: 0.2715 acc: 0.8378 time 0.70s
Epoch: 81/150 Iter: 87/96 loss: 0.2699 acc: 0.8397 time 0.87s
Epoch: 81/150 Iter: 88/96 loss: 0.2813 acc: 0.8352 time 0.69s
Epoch: 81/150 Iter: 89/96 loss: 0.2784 acc: 0.8370 time 0.71s
Epoch: 81/150 Iter: 90/96 loss: 0.2757 acc: 0.8388 time 0.85s
Epoch: 81/150 Iter: 91/96 loss: 0.2749 acc: 0.8406 time 0.85s
Epoch: 81/150 Iter: 92/96 loss: 0.2730 acc: 0.8405 time 0.86s
Epoch: 81/150 Iter: 93/96 loss: 0.2735 acc: 0.8386 time 0.69s
Epoch: 81/150 Iter: 94/96 loss: 0.2719 acc: 0.8404 time 0.70s
Epoch: 81/150 Iter: 95/96 loss: 0.2699 acc: 0.8420 time 0.71s
Epoch: 81/150 Iter: 96/96 loss: 0.2686 acc: 0.8437 time 0.71s
[Train epoch 81] avg_loss=0.2686 avg_acc=0.8437 | per-class [c0: 0.886, c1: 0.862, c2: 0.895]
Final training 81/150, loss: 0.2686, time 75.07s, lr: 0.000473
Accuracy: 0.889
class                  precision    recall   specificity      f1   support
--------------------------------------------------------------------------
0                          0.936     0.886         0.942   0.910       281
1                          0.568     0.862         0.965   0.685        29
2                          0.895     0.895         0.910   0.895       266
*----------------------------------------*
0 Mon Feb 23 13:28:23 2026 Epoch: 82
Epoch: 82/150 Iter: 1/96 loss: 0.2889 acc: 0.5556 time 1.03s
Epoch: 82/150 Iter: 2/96 loss: 0.1875 acc: 0.7778 time 0.94s
Epoch: 82/150 Iter: 3/96 loss: 0.1756 acc: 0.8519 time 0.71s
Epoch: 82/150 Iter: 4/96 loss: 0.1630 acc: 0.8889 time 0.76s
Epoch: 82/150 Iter: 5/96 loss: 0.1373 acc: 0.9111 time 0.86s
Epoch: 82/150 Iter: 6/96 loss: 0.2147 acc: 0.8565 time 0.70s
Epoch: 82/150 Iter: 7/96 loss: 0.1937 acc: 0.8770 time 0.86s
Epoch: 82/150 Iter: 8/96 loss: 0.1984 acc: 0.8715 time 0.87s
Epoch: 82/150 Iter: 9/96 loss: 0.1879 acc: 0.8858 time 0.87s
Epoch: 82/150 Iter: 10/96 loss: 0.1855 acc: 0.8972 time 0.70s
Epoch: 82/150 Iter: 11/96 loss: 0.1690 acc: 0.9066 time 0.86s
Epoch: 82/150 Iter: 12/96 loss: 0.2005 acc: 0.8935 time 0.77s
Epoch: 82/150 Iter: 13/96 loss: 0.1853 acc: 0.9017 time 0.77s
Epoch: 82/150 Iter: 14/96 loss: 0.1754 acc: 0.9087 time 0.87s
Epoch: 82/150 Iter: 15/96 loss: 0.1941 acc: 0.9065 time 0.75s
Epoch: 82/150 Iter: 16/96 loss: 0.2045 acc: 0.9045 time 0.71s
Epoch: 82/150 Iter: 17/96 loss: 0.1964 acc: 0.9101 time 0.76s
Epoch: 82/150 Iter: 18/96 loss: 0.2027 acc: 0.9082 time 0.78s
Epoch: 82/150 Iter: 19/96 loss: 0.2019 acc: 0.9130 time 0.86s
Epoch: 82/150 Iter: 20/96 loss: 0.1982 acc: 0.9174 time 0.70s
Epoch: 82/150 Iter: 21/96 loss: 0.2109 acc: 0.9054 time 0.87s
Epoch: 82/150 Iter: 22/96 loss: 0.2256 acc: 0.8946 time 0.74s
Epoch: 82/150 Iter: 23/96 loss: 0.2337 acc: 0.8948 time 0.72s
Epoch: 82/150 Iter: 24/96 loss: 0.2339 acc: 0.8922 time 0.76s
Epoch: 82/150 Iter: 25/96 loss: 0.2301 acc: 0.8966 time 0.87s
Epoch: 82/150 Iter: 26/96 loss: 0.2222 acc: 0.9005 time 0.78s
Epoch: 82/150 Iter: 27/96 loss: 0.2163 acc: 0.9042 time 0.77s
Epoch: 82/150 Iter: 28/96 loss: 0.2264 acc: 0.9017 time 0.75s
Epoch: 82/150 Iter: 29/96 loss: 0.2332 acc: 0.8898 time 0.86s
Epoch: 82/150 Iter: 30/96 loss: 0.2259 acc: 0.8934 time 0.71s
Epoch: 82/150 Iter: 31/96 loss: 0.2235 acc: 0.8933 time 0.94s
Epoch: 82/150 Iter: 32/96 loss: 0.2173 acc: 0.8966 time 0.77s
Epoch: 82/150 Iter: 33/96 loss: 0.2115 acc: 0.8997 time 0.70s
Epoch: 82/150 Iter: 34/96 loss: 0.2168 acc: 0.9002 time 0.87s
Epoch: 82/150 Iter: 35/96 loss: 0.2219 acc: 0.8999 time 0.75s
Epoch: 82/150 Iter: 36/96 loss: 0.2333 acc: 0.8923 time 0.78s
Epoch: 82/150 Iter: 37/96 loss: 0.2435 acc: 0.8884 time 0.91s
Epoch: 82/150 Iter: 38/96 loss: 0.2390 acc: 0.8914 time 0.86s
Epoch: 82/150 Iter: 39/96 loss: 0.2357 acc: 0.8942 time 0.70s
Epoch: 82/150 Iter: 40/96 loss: 0.2312 acc: 0.8968 time 0.87s
Epoch: 82/150 Iter: 41/96 loss: 0.2365 acc: 0.8925 time 0.70s
Epoch: 82/150 Iter: 42/96 loss: 0.2313 acc: 0.8951 time 0.71s
Epoch: 82/150 Iter: 43/96 loss: 0.2269 acc: 0.8975 time 0.70s
Epoch: 82/150 Iter: 44/96 loss: 0.2281 acc: 0.8923 time 0.87s
Epoch: 82/150 Iter: 45/96 loss: 0.2339 acc: 0.8873 time 0.87s
Epoch: 82/150 Iter: 46/96 loss: 0.2300 acc: 0.8897 time 0.72s
Epoch: 82/150 Iter: 47/96 loss: 0.2366 acc: 0.8814 time 0.70s
Epoch: 82/150 Iter: 48/96 loss: 0.2370 acc: 0.8747 time 0.87s
Epoch: 82/150 Iter: 49/96 loss: 0.2417 acc: 0.8687 time 0.70s
Epoch: 82/150 Iter: 50/96 loss: 0.2486 acc: 0.8688 time 0.70s
Epoch: 82/150 Iter: 51/96 loss: 0.2603 acc: 0.8665 time 0.69s
Epoch: 82/150 Iter: 52/96 loss: 0.2755 acc: 0.8627 time 0.75s
Epoch: 82/150 Iter: 53/96 loss: 0.2759 acc: 0.8653 time 0.70s
Epoch: 82/150 Iter: 54/96 loss: 0.2733 acc: 0.8677 time 0.73s
Epoch: 82/150 Iter: 55/96 loss: 0.2707 acc: 0.8702 time 0.94s
Epoch: 82/150 Iter: 56/96 loss: 0.2673 acc: 0.8725 time 0.71s
Epoch: 82/150 Iter: 57/96 loss: 0.2682 acc: 0.8645 time 0.93s
Epoch: 82/150 Iter: 58/96 loss: 0.2676 acc: 0.8647 time 0.93s
Epoch: 82/150 Iter: 59/96 loss: 0.2755 acc: 0.8613 time 0.69s
Epoch: 82/150 Iter: 60/96 loss: 0.2729 acc: 0.8636 time 0.86s
Epoch: 82/150 Iter: 61/96 loss: 0.2816 acc: 0.8563 time 0.71s
Epoch: 82/150 Iter: 62/96 loss: 0.2777 acc: 0.8586 time 0.71s
Epoch: 82/150 Iter: 63/96 loss: 0.2787 acc: 0.8593 time 0.87s
Epoch: 82/150 Iter: 64/96 loss: 0.2752 acc: 0.8615 time 0.70s
Epoch: 82/150 Iter: 65/96 loss: 0.2745 acc: 0.8621 time 0.69s
Epoch: 82/150 Iter: 66/96 loss: 0.2717 acc: 0.8641 time 0.86s
Epoch: 82/150 Iter: 67/96 loss: 0.2702 acc: 0.8643 time 0.70s
Epoch: 82/150 Iter: 68/96 loss: 0.2741 acc: 0.8598 time 0.72s
Epoch: 82/150 Iter: 69/96 loss: 0.2770 acc: 0.8594 time 0.93s
Epoch: 82/150 Iter: 70/96 loss: 0.2816 acc: 0.8535 time 0.71s
Epoch: 82/150 Iter: 71/96 loss: 0.2799 acc: 0.8555 time 0.69s
Epoch: 82/150 Iter: 72/96 loss: 0.2785 acc: 0.8517 time 0.69s
Epoch: 82/150 Iter: 73/96 loss: 0.2790 acc: 0.8492 time 0.70s
Epoch: 82/150 Iter: 74/96 loss: 0.2823 acc: 0.8458 time 0.70s
Epoch: 82/150 Iter: 75/96 loss: 0.2837 acc: 0.8464 time 0.78s
Epoch: 82/150 Iter: 76/96 loss: 0.2822 acc: 0.8484 time 0.86s
Epoch: 82/150 Iter: 77/96 loss: 0.2791 acc: 0.8504 time 0.86s
Epoch: 82/150 Iter: 78/96 loss: 0.2772 acc: 0.8502 time 0.86s
Epoch: 82/150 Iter: 79/96 loss: 0.2750 acc: 0.8521 time 0.86s
Epoch: 82/150 Iter: 80/96 loss: 0.2832 acc: 0.8448 time 0.69s
Epoch: 82/150 Iter: 81/96 loss: 0.2812 acc: 0.8467 time 0.86s
Epoch: 82/150 Iter: 82/96 loss: 0.2805 acc: 0.8455 time 0.86s
Epoch: 82/150 Iter: 83/96 loss: 0.2794 acc: 0.8474 time 0.86s
Epoch: 82/150 Iter: 84/96 loss: 0.2766 acc: 0.8492 time 0.69s
Epoch: 82/150 Iter: 85/96 loss: 0.2742 acc: 0.8509 time 0.70s
Epoch: 82/150 Iter: 86/96 loss: 0.2719 acc: 0.8527 time 0.86s
Epoch: 82/150 Iter: 87/96 loss: 0.2721 acc: 0.8512 time 0.86s
Epoch: 82/150 Iter: 88/96 loss: 0.2697 acc: 0.8529 time 0.70s
Epoch: 82/150 Iter: 89/96 loss: 0.2686 acc: 0.8527 time 0.69s
Epoch: 82/150 Iter: 90/96 loss: 0.2679 acc: 0.8491 time 0.68s
Epoch: 82/150 Iter: 91/96 loss: 0.2657 acc: 0.8508 time 0.70s
Epoch: 82/150 Iter: 92/96 loss: 0.2641 acc: 0.8524 time 0.69s
Epoch: 82/150 Iter: 93/96 loss: 0.2624 acc: 0.8540 time 0.70s
Epoch: 82/150 Iter: 94/96 loss: 0.2623 acc: 0.8493 time 0.69s
Epoch: 82/150 Iter: 95/96 loss: 0.2612 acc: 0.8480 time 0.69s
Epoch: 82/150 Iter: 96/96 loss: 0.2608 acc: 0.8449 time 0.70s
[Train epoch 82] avg_loss=0.2608 avg_acc=0.8449 | per-class [c0: 0.883, c1: 0.967, c2: 0.864]
Final training 82/150, loss: 0.2608, time 74.86s, lr: 0.000462
Accuracy: 0.878
class                  precision    recall   specificity      f1   support
--------------------------------------------------------------------------
0                          0.912     0.883         0.919   0.897       281
1                          0.630     0.967         0.969   0.763        30
2                          0.888     0.864         0.907   0.876       265
*----------------------------------------*
Val 82/150 1/24, Acc: 0.5000, Loss: 3.9106, time 0.67s
Val 82/150 2/24, Acc: 0.5278, Loss: 2.1743, time 0.67s
Val 82/150 3/24, Acc: 0.6296, Loss: 1.5550, time 0.67s
Val 82/150 4/24, Acc: 0.7222, Loss: 1.1884, time 0.67s
Val 82/150 5/24, Acc: 0.7278, Loss: 0.9924, time 0.67s
Val 82/150 6/24, Acc: 0.7731, Loss: 0.8331, time 0.70s
Val 82/150 7/24, Acc: 0.7460, Loss: 0.8006, time 0.67s
Val 82/150 8/24, Acc: 0.7778, Loss: 0.7080, time 0.67s
Val 82/150 9/24, Acc: 0.7580, Loss: 0.6505, time 0.67s
Val 82/150 10/24, Acc: 0.7822, Loss: 0.5927, time 0.67s
Val 82/150 11/24, Acc: 0.8020, Loss: 0.5636, time 0.67s
Val 82/150 12/24, Acc: 0.7699, Loss: 0.5424, time 0.67s
Val 82/150 13/24, Acc: 0.7491, Loss: 0.5479, time 0.67s
Val 82/150 14/24, Acc: 0.7581, Loss: 0.5322, time 0.67s
Val 82/150 15/24, Acc: 0.7631, Loss: 0.5494, time 0.67s
Val 82/150 16/24, Acc: 0.7717, Loss: 0.5245, time 0.67s
Val 82/150 17/24, Acc: 0.7851, Loss: 0.4972, time 0.67s
Val 82/150 18/24, Acc: 0.7901, Loss: 0.4944, time 0.67s
Val 82/150 19/24, Acc: 0.8012, Loss: 0.4752, time 0.67s
Val 82/150 20/24, Acc: 0.7833, Loss: 0.4925, time 0.67s
Val 82/150 21/24, Acc: 0.7937, Loss: 0.4748, time 0.67s
Val 82/150 22/24, Acc: 0.7955, Loss: 0.4678, time 0.67s
Val 82/150 23/24, Acc: 0.7826, Loss: 0.5662, time 0.67s
Val 82/150 24/24, Acc: 0.7801, Loss: 0.5590, time 0.67s
[Val epoch 82] avg_acc=0.7801 | avg_loss=0.5590 | per-class [c0: 0.857, c1: 0.750, c2: 0.864]
Final validation 82/150, Val_acc: 0.7801, time 16.09sAccuracy: 0.854
class                  precision    recall   specificity      f1   support
--------------------------------------------------------------------------
0                          0.938     0.857         0.946   0.896        70
1                          0.462     0.750         0.949   0.571         8
2                          0.851     0.864         0.872   0.857        66
*========================================*
Saving checkpoint outputs/OrganoidsINRIA_XYZ_thinning_128/swinunetr/2026-02-23-11-31/training/model_final.pt
[EarlyStopping] no improve (17/40)
[EarlyStopping] no improve (18/40)
0 Mon Feb 23 13:29:59 2026 Epoch: 83
Epoch: 83/150 Iter: 1/96 loss: 0.1027 acc: 1.0000 time 1.15s
Epoch: 83/150 Iter: 2/96 loss: 0.4048 acc: 0.8750 time 0.69s
Epoch: 83/150 Iter: 3/96 loss: 0.2909 acc: 0.9167 time 0.86s
Epoch: 83/150 Iter: 4/96 loss: 0.2675 acc: 0.9375 time 0.78s
Epoch: 83/150 Iter: 5/96 loss: 0.2951 acc: 0.9000 time 0.70s
Epoch: 83/150 Iter: 6/96 loss: 0.3042 acc: 0.8958 time 0.69s
Epoch: 83/150 Iter: 7/96 loss: 0.3623 acc: 0.8274 time 0.86s
Epoch: 83/150 Iter: 8/96 loss: 0.3286 acc: 0.8490 time 0.86s
Epoch: 83/150 Iter: 9/96 loss: 0.3100 acc: 0.8657 time 0.73s
Epoch: 83/150 Iter: 10/96 loss: 0.2983 acc: 0.8667 time 0.93s
Epoch: 83/150 Iter: 11/96 loss: 0.3046 acc: 0.8636 time 0.70s
Epoch: 83/150 Iter: 12/96 loss: 0.2952 acc: 0.8403 time 0.87s
Epoch: 83/150 Iter: 13/96 loss: 0.2844 acc: 0.8526 time 0.69s
Epoch: 83/150 Iter: 14/96 loss: 0.2721 acc: 0.8631 time 0.86s
Epoch: 83/150 Iter: 15/96 loss: 0.2681 acc: 0.8722 time 0.70s
Epoch: 83/150 Iter: 16/96 loss: 0.3274 acc: 0.8698 time 0.71s
Epoch: 83/150 Iter: 17/96 loss: 0.3099 acc: 0.8775 time 0.94s
Epoch: 83/150 Iter: 18/96 loss: 0.2961 acc: 0.8843 time 0.74s
Epoch: 83/150 Iter: 19/96 loss: 0.2999 acc: 0.8838 time 0.71s
Epoch: 83/150 Iter: 20/96 loss: 0.2881 acc: 0.8896 time 0.88s
Epoch: 83/150 Iter: 21/96 loss: 0.2824 acc: 0.8909 time 0.86s
Epoch: 83/150 Iter: 22/96 loss: 0.2744 acc: 0.8958 time 0.87s
Epoch: 83/150 Iter: 23/96 loss: 0.3412 acc: 0.8822 time 0.72s
Epoch: 83/150 Iter: 24/96 loss: 0.3309 acc: 0.8872 time 0.73s
Epoch: 83/150 Iter: 25/96 loss: 0.3394 acc: 0.8767 time 0.94s
Epoch: 83/150 Iter: 26/96 loss: 0.3290 acc: 0.8814 time 0.86s
Epoch: 83/150 Iter: 27/96 loss: 0.3257 acc: 0.8796 time 0.74s
Epoch: 83/150 Iter: 28/96 loss: 0.3151 acc: 0.8839 time 0.92s
Epoch: 83/150 Iter: 29/96 loss: 0.3060 acc: 0.8879 time 0.78s
Epoch: 83/150 Iter: 30/96 loss: 0.3005 acc: 0.8880 time 0.87s
Epoch: 83/150 Iter: 31/96 loss: 0.2917 acc: 0.8916 time 0.86s
Epoch: 83/150 Iter: 32/96 loss: 0.2850 acc: 0.8915 time 0.75s
Epoch: 83/150 Iter: 33/96 loss: 0.3023 acc: 0.8771 time 0.86s
Epoch: 83/150 Iter: 34/96 loss: 0.3047 acc: 0.8734 time 0.87s
Epoch: 83/150 Iter: 35/96 loss: 0.3018 acc: 0.8675 time 0.70s
Epoch: 83/150 Iter: 36/96 loss: 0.3006 acc: 0.8711 time 0.86s
Epoch: 83/150 Iter: 37/96 loss: 0.2965 acc: 0.8746 time 0.87s
Epoch: 83/150 Iter: 38/96 loss: 0.2896 acc: 0.8779 time 0.87s
Epoch: 83/150 Iter: 39/96 loss: 0.2841 acc: 0.8811 time 0.76s
Epoch: 83/150 Iter: 40/96 loss: 0.2782 acc: 0.8840 time 0.86s
Epoch: 83/150 Iter: 41/96 loss: 0.2740 acc: 0.8869 time 0.75s
Epoch: 83/150 Iter: 42/96 loss: 0.2728 acc: 0.8856 time 0.87s
Epoch: 83/150 Iter: 43/96 loss: 0.2698 acc: 0.8882 time 0.73s
Epoch: 83/150 Iter: 44/96 loss: 0.2700 acc: 0.8879 time 0.93s
Epoch: 83/150 Iter: 45/96 loss: 0.2657 acc: 0.8904 time 0.70s
Epoch: 83/150 Iter: 46/96 loss: 0.2765 acc: 0.8801 time 0.86s
Epoch: 83/150 Iter: 47/96 loss: 0.2737 acc: 0.8742 time 0.69s
Epoch: 83/150 Iter: 48/96 loss: 0.2840 acc: 0.8629 time 0.86s
Epoch: 83/150 Iter: 49/96 loss: 0.2790 acc: 0.8657 time 0.72s
Epoch: 83/150 Iter: 50/96 loss: 0.2746 acc: 0.8684 time 0.71s
Epoch: 83/150 Iter: 51/96 loss: 0.2771 acc: 0.8685 time 0.86s
Epoch: 83/150 Iter: 52/96 loss: 0.2758 acc: 0.8630 time 0.69s
Epoch: 83/150 Iter: 53/96 loss: 0.2741 acc: 0.8656 time 0.86s
Epoch: 83/150 Iter: 54/96 loss: 0.2710 acc: 0.8681 time 0.86s
Epoch: 83/150 Iter: 55/96 loss: 0.2766 acc: 0.8629 time 0.86s
Epoch: 83/150 Iter: 56/96 loss: 0.2735 acc: 0.8654 time 0.71s
Epoch: 83/150 Iter: 57/96 loss: 0.2691 acc: 0.8677 time 0.69s
Epoch: 83/150 Iter: 58/96 loss: 0.2664 acc: 0.8681 time 0.85s
Epoch: 83/150 Iter: 59/96 loss: 0.2644 acc: 0.8703 time 0.69s
Epoch: 83/150 Iter: 60/96 loss: 0.2682 acc: 0.8692 time 0.78s
Epoch: 83/150 Iter: 61/96 loss: 0.2646 acc: 0.8713 time 0.69s
Epoch: 83/150 Iter: 62/96 loss: 0.2906 acc: 0.8707 time 0.76s
Epoch: 83/150 Iter: 63/96 loss: 0.2945 acc: 0.8688 time 0.73s
Epoch: 83/150 Iter: 64/96 loss: 0.2920 acc: 0.8708 time 0.87s
Epoch: 83/150 Iter: 65/96 loss: 0.2884 acc: 0.8728 time 0.69s
Epoch: 83/150 Iter: 66/96 loss: 0.2910 acc: 0.8663 time 0.91s
Epoch: 83/150 Iter: 67/96 loss: 0.2969 acc: 0.8624 time 0.72s
Epoch: 83/150 Iter: 68/96 loss: 0.2971 acc: 0.8619 time 0.94s
Epoch: 83/150 Iter: 69/96 loss: 0.2978 acc: 0.8625 time 0.78s
Epoch: 83/150 Iter: 70/96 loss: 0.3011 acc: 0.8609 time 0.87s
Epoch: 83/150 Iter: 71/96 loss: 0.2981 acc: 0.8628 time 0.75s
Epoch: 83/150 Iter: 72/96 loss: 0.2956 acc: 0.8647 time 0.76s
Epoch: 83/150 Iter: 73/96 loss: 0.2917 acc: 0.8666 time 0.70s
Epoch: 83/150 Iter: 74/96 loss: 0.2889 acc: 0.8684 time 0.87s
Epoch: 83/150 Iter: 75/96 loss: 0.2859 acc: 0.8701 time 0.71s
Epoch: 83/150 Iter: 76/96 loss: 0.2829 acc: 0.8719 time 0.72s
Epoch: 83/150 Iter: 77/96 loss: 0.2821 acc: 0.8692 time 0.86s
Epoch: 83/150 Iter: 78/96 loss: 0.2802 acc: 0.8709 time 0.69s
Epoch: 83/150 Iter: 79/96 loss: 0.2775 acc: 0.8725 time 0.87s
Epoch: 83/150 Iter: 80/96 loss: 0.2742 acc: 0.8741 time 0.70s
Epoch: 83/150 Iter: 81/96 loss: 0.2805 acc: 0.8702 time 0.70s
Epoch: 83/150 Iter: 82/96 loss: 0.2794 acc: 0.8669 time 0.70s
Epoch: 83/150 Iter: 83/96 loss: 0.2778 acc: 0.8685 time 0.86s
Epoch: 83/150 Iter: 84/96 loss: 0.2891 acc: 0.8631 time 0.69s
Epoch: 83/150 Iter: 85/96 loss: 0.2865 acc: 0.8647 time 0.70s
Epoch: 83/150 Iter: 86/96 loss: 0.2936 acc: 0.8605 time 0.71s
Epoch: 83/150 Iter: 87/96 loss: 0.2968 acc: 0.8563 time 0.70s
Epoch: 83/150 Iter: 88/96 loss: 0.2962 acc: 0.8580 time 0.70s
Epoch: 83/150 Iter: 89/96 loss: 0.2938 acc: 0.8596 time 0.69s
Epoch: 83/150 Iter: 90/96 loss: 0.2928 acc: 0.8611 time 0.70s
Epoch: 83/150 Iter: 91/96 loss: 0.2912 acc: 0.8626 time 0.70s
Epoch: 83/150 Iter: 92/96 loss: 0.2891 acc: 0.8641 time 0.85s
Epoch: 83/150 Iter: 93/96 loss: 0.2879 acc: 0.8656 time 0.86s
Epoch: 83/150 Iter: 94/96 loss: 0.2875 acc: 0.8657 time 0.69s
Epoch: 83/150 Iter: 95/96 loss: 0.2865 acc: 0.8671 time 0.69s
Epoch: 83/150 Iter: 96/96 loss: 0.2862 acc: 0.8668 time 0.86s
[Train epoch 83] avg_loss=0.2862 avg_acc=0.8668 | per-class [c0: 0.893, c1: 0.900, c2: 0.909]
Final training 83/150, loss: 0.2862, time 75.73s, lr: 0.000451
Accuracy: 0.901
class                  precision    recall   specificity      f1   support
--------------------------------------------------------------------------
0                          0.944     0.893         0.949   0.918       281
1                          0.643     0.900         0.973   0.750        30
2                          0.899     0.909         0.913   0.904       265
*----------------------------------------*
0 Mon Feb 23 13:31:15 2026 Epoch: 84
Epoch: 84/150 Iter: 1/96 loss: 0.8097 acc: 0.5000 time 1.07s
Epoch: 84/150 Iter: 2/96 loss: 0.6202 acc: 0.6111 time 0.71s
Epoch: 84/150 Iter: 3/96 loss: 0.4840 acc: 0.7407 time 0.87s
Epoch: 84/150 Iter: 4/96 loss: 0.4419 acc: 0.8056 time 0.70s
Epoch: 84/150 Iter: 5/96 loss: 0.3769 acc: 0.8444 time 0.70s
Epoch: 84/150 Iter: 6/96 loss: 0.3551 acc: 0.8287 time 0.76s
Epoch: 84/150 Iter: 7/96 loss: 0.3060 acc: 0.8532 time 0.70s
Epoch: 84/150 Iter: 8/96 loss: 0.2851 acc: 0.8715 time 0.86s
Epoch: 84/150 Iter: 9/96 loss: 0.2758 acc: 0.8719 time 0.87s
Epoch: 84/150 Iter: 10/96 loss: 0.2519 acc: 0.8847 time 0.70s
Epoch: 84/150 Iter: 11/96 loss: 0.2463 acc: 0.8952 time 0.70s
Epoch: 84/150 Iter: 12/96 loss: 0.2830 acc: 0.8692 time 0.87s
Epoch: 84/150 Iter: 13/96 loss: 0.2683 acc: 0.8729 time 0.87s
Epoch: 84/150 Iter: 14/96 loss: 0.2657 acc: 0.8740 time 0.70s
Epoch: 84/150 Iter: 15/96 loss: 0.2599 acc: 0.8824 time 0.71s
Epoch: 84/150 Iter: 16/96 loss: 0.2773 acc: 0.8689 time 0.86s
Epoch: 84/150 Iter: 17/96 loss: 0.2619 acc: 0.8766 time 0.71s
Epoch: 84/150 Iter: 18/96 loss: 0.2551 acc: 0.8835 time 0.69s
Epoch: 84/150 Iter: 19/96 loss: 0.2581 acc: 0.8830 time 0.69s
Epoch: 84/150 Iter: 20/96 loss: 0.2502 acc: 0.8889 time 0.86s
Epoch: 84/150 Iter: 21/96 loss: 0.2408 acc: 0.8942 time 0.77s
Epoch: 84/150 Iter: 22/96 loss: 0.2534 acc: 0.8914 time 0.93s
Epoch: 84/150 Iter: 23/96 loss: 0.2663 acc: 0.8865 time 0.69s
Epoch: 84/150 Iter: 24/96 loss: 0.2767 acc: 0.8773 time 0.71s
Epoch: 84/150 Iter: 25/96 loss: 0.2710 acc: 0.8822 time 0.71s
Epoch: 84/150 Iter: 26/96 loss: 0.2659 acc: 0.8803 time 0.76s
Epoch: 84/150 Iter: 27/96 loss: 0.2658 acc: 0.8786 time 0.69s
Epoch: 84/150 Iter: 28/96 loss: 0.2690 acc: 0.8790 time 0.76s
Epoch: 84/150 Iter: 29/96 loss: 0.2608 acc: 0.8831 time 0.69s
Epoch: 84/150 Iter: 30/96 loss: 0.2565 acc: 0.8870 time 0.70s
Epoch: 84/150 Iter: 31/96 loss: 0.2492 acc: 0.8907 time 0.75s
Epoch: 84/150 Iter: 32/96 loss: 0.2650 acc: 0.8785 time 0.94s
Epoch: 84/150 Iter: 33/96 loss: 0.2603 acc: 0.8822 time 0.86s
Epoch: 84/150 Iter: 34/96 loss: 0.2536 acc: 0.8856 time 0.75s
Epoch: 84/150 Iter: 35/96 loss: 0.2480 acc: 0.8889 time 0.91s
Epoch: 84/150 Iter: 36/96 loss: 0.2665 acc: 0.8758 time 0.72s
Epoch: 84/150 Iter: 37/96 loss: 0.2757 acc: 0.8679 time 0.87s
Epoch: 84/150 Iter: 38/96 loss: 0.2698 acc: 0.8713 time 0.86s
Epoch: 84/150 Iter: 39/96 loss: 0.2753 acc: 0.8704 time 0.87s
Epoch: 84/150 Iter: 40/96 loss: 0.2741 acc: 0.8736 time 0.70s
Epoch: 84/150 Iter: 41/96 loss: 0.2757 acc: 0.8653 time 0.87s
Epoch: 84/150 Iter: 42/96 loss: 0.2765 acc: 0.8661 time 0.71s
Epoch: 84/150 Iter: 43/96 loss: 0.2765 acc: 0.8634 time 0.86s
Epoch: 84/150 Iter: 44/96 loss: 0.2785 acc: 0.8628 time 0.70s
Epoch: 84/150 Iter: 45/96 loss: 0.2761 acc: 0.8658 time 0.87s
Epoch: 84/150 Iter: 46/96 loss: 0.2729 acc: 0.8687 time 0.71s
Epoch: 84/150 Iter: 47/96 loss: 0.2736 acc: 0.8691 time 0.76s
Epoch: 84/150 Iter: 48/96 loss: 0.2697 acc: 0.8719 time 0.87s
Epoch: 84/150 Iter: 49/96 loss: 0.2680 acc: 0.8745 time 0.69s
Epoch: 84/150 Iter: 50/96 loss: 0.2661 acc: 0.8745 time 0.89s
Epoch: 84/150 Iter: 51/96 loss: 0.2639 acc: 0.8745 time 0.86s
Epoch: 84/150 Iter: 52/96 loss: 0.2705 acc: 0.8620 time 0.69s
Epoch: 84/150 Iter: 53/96 loss: 0.2783 acc: 0.8570 time 0.87s
Epoch: 84/150 Iter: 54/96 loss: 0.2783 acc: 0.8574 time 0.87s
Epoch: 84/150 Iter: 55/96 loss: 0.2777 acc: 0.8569 time 0.87s
Epoch: 84/150 Iter: 56/96 loss: 0.2749 acc: 0.8595 time 0.72s
Epoch: 84/150 Iter: 57/96 loss: 0.2757 acc: 0.8549 time 0.69s
Epoch: 84/150 Iter: 58/96 loss: 0.2714 acc: 0.8574 time 0.69s
Epoch: 84/150 Iter: 59/96 loss: 0.2711 acc: 0.8570 time 0.74s
Epoch: 84/150 Iter: 60/96 loss: 0.2724 acc: 0.8566 time 0.69s
Epoch: 84/150 Iter: 61/96 loss: 0.2704 acc: 0.8590 time 0.86s
Epoch: 84/150 Iter: 62/96 loss: 0.2671 acc: 0.8612 time 0.85s
Epoch: 84/150 Iter: 63/96 loss: 0.2633 acc: 0.8634 time 0.87s
Epoch: 84/150 Iter: 64/96 loss: 0.2614 acc: 0.8656 time 0.75s
Epoch: 84/150 Iter: 65/96 loss: 0.2577 acc: 0.8676 time 0.78s
Epoch: 84/150 Iter: 66/96 loss: 0.2576 acc: 0.8681 time 0.87s
Epoch: 84/150 Iter: 67/96 loss: 0.2559 acc: 0.8701 time 0.72s
Epoch: 84/150 Iter: 68/96 loss: 0.2861 acc: 0.8671 time 0.69s
Epoch: 84/150 Iter: 69/96 loss: 0.2904 acc: 0.8642 time 0.87s
Epoch: 84/150 Iter: 70/96 loss: 0.2892 acc: 0.8662 time 0.71s
Epoch: 84/150 Iter: 71/96 loss: 0.2938 acc: 0.8610 time 0.87s
Epoch: 84/150 Iter: 72/96 loss: 0.2901 acc: 0.8629 time 0.77s
Epoch: 84/150 Iter: 73/96 loss: 0.2883 acc: 0.8625 time 0.76s
Epoch: 84/150 Iter: 74/96 loss: 0.2862 acc: 0.8599 time 0.86s
Epoch: 84/150 Iter: 75/96 loss: 0.2834 acc: 0.8617 time 0.86s
Epoch: 84/150 Iter: 76/96 loss: 0.2805 acc: 0.8636 time 0.75s
Epoch: 84/150 Iter: 77/96 loss: 0.2894 acc: 0.8632 time 0.70s
Epoch: 84/150 Iter: 78/96 loss: 0.2893 acc: 0.8633 time 0.86s
Epoch: 84/150 Iter: 79/96 loss: 0.2908 acc: 0.8629 time 0.78s
Epoch: 84/150 Iter: 80/96 loss: 0.2904 acc: 0.8597 time 0.77s
Epoch: 84/150 Iter: 81/96 loss: 0.2871 acc: 0.8614 time 0.68s
Epoch: 84/150 Iter: 82/96 loss: 0.2841 acc: 0.8631 time 0.86s
Epoch: 84/150 Iter: 83/96 loss: 0.2816 acc: 0.8647 time 0.70s
Epoch: 84/150 Iter: 84/96 loss: 0.2803 acc: 0.8663 time 0.86s
Epoch: 84/150 Iter: 85/96 loss: 0.2794 acc: 0.8679 time 0.70s
Epoch: 84/150 Iter: 86/96 loss: 0.2776 acc: 0.8675 time 0.69s
Epoch: 84/150 Iter: 87/96 loss: 0.2756 acc: 0.8690 time 0.86s
Epoch: 84/150 Iter: 88/96 loss: 0.2739 acc: 0.8705 time 0.70s
Epoch: 84/150 Iter: 89/96 loss: 0.2722 acc: 0.8720 time 0.86s
Epoch: 84/150 Iter: 90/96 loss: 0.2697 acc: 0.8734 time 0.86s
Epoch: 84/150 Iter: 91/96 loss: 0.2670 acc: 0.8748 time 0.86s
Epoch: 84/150 Iter: 92/96 loss: 0.2672 acc: 0.8716 time 0.70s
Epoch: 84/150 Iter: 93/96 loss: 0.2662 acc: 0.8676 time 0.86s
Epoch: 84/150 Iter: 94/96 loss: 0.2652 acc: 0.8681 time 0.86s
Epoch: 84/150 Iter: 95/96 loss: 0.2645 acc: 0.8682 time 0.69s
Epoch: 84/150 Iter: 96/96 loss: 0.2628 acc: 0.8696 time 0.70s
[Train epoch 84] avg_loss=0.2628 avg_acc=0.8696 | per-class [c0: 0.896, c1: 0.967, c2: 0.898]
Final training 84/150, loss: 0.2628, time 75.30s, lr: 0.000441
Accuracy: 0.901
class                  precision    recall   specificity      f1   support
--------------------------------------------------------------------------
0                          0.937     0.896         0.943   0.916       280
1                          0.630     0.967         0.969   0.763        30
2                          0.912     0.898         0.926   0.905       266
*----------------------------------------*
Val 84/150 1/24, Acc: 0.5000, Loss: 4.2131, time 0.70s
Val 84/150 2/24, Acc: 0.5278, Loss: 2.3409, time 0.67s
Val 84/150 3/24, Acc: 0.5926, Loss: 1.6625, time 0.67s
Val 84/150 4/24, Acc: 0.6944, Loss: 1.2615, time 0.67s
Val 84/150 5/24, Acc: 0.7056, Loss: 1.0421, time 0.67s
Val 84/150 6/24, Acc: 0.7546, Loss: 0.8748, time 0.67s
Val 84/150 7/24, Acc: 0.7302, Loss: 0.8278, time 0.72s
Val 84/150 8/24, Acc: 0.7639, Loss: 0.7307, time 0.67s
Val 84/150 9/24, Acc: 0.7457, Loss: 0.6699, time 0.67s
Val 84/150 10/24, Acc: 0.7711, Loss: 0.6088, time 0.67s
Val 84/150 11/24, Acc: 0.7919, Loss: 0.5704, time 0.67s
Val 84/150 12/24, Acc: 0.7606, Loss: 0.5480, time 0.67s
Val 84/150 13/24, Acc: 0.7406, Loss: 0.5506, time 0.66s
Val 84/150 14/24, Acc: 0.7502, Loss: 0.5413, time 0.67s
Val 84/150 15/24, Acc: 0.7335, Loss: 0.5785, time 0.67s
Val 84/150 16/24, Acc: 0.7439, Loss: 0.5551, time 0.67s
Val 84/150 17/24, Acc: 0.7590, Loss: 0.5262, time 0.67s
Val 84/150 18/24, Acc: 0.7654, Loss: 0.5098, time 0.69s
Val 84/150 19/24, Acc: 0.7778, Loss: 0.4916, time 0.67s
Val 84/150 20/24, Acc: 0.7611, Loss: 0.4967, time 0.67s
Val 84/150 21/24, Acc: 0.7725, Loss: 0.4784, time 0.67s
Val 84/150 22/24, Acc: 0.7753, Loss: 0.4705, time 0.67s
Val 84/150 23/24, Acc: 0.7633, Loss: 0.5602, time 0.67s
Val 84/150 24/24, Acc: 0.7616, Loss: 0.5546, time 0.67s
[Val epoch 84] avg_acc=0.7616 | avg_loss=0.5546 | per-class [c0: 0.857, c1: 0.625, c2: 0.848]
Final validation 84/150, Val_acc: 0.7616, time 16.13sAccuracy: 0.840
class                  precision    recall   specificity      f1   support
--------------------------------------------------------------------------
0                          0.938     0.857         0.946   0.896        70
1                          0.385     0.625         0.941   0.476         8
2                          0.836     0.848         0.859   0.842        66
*========================================*
Saving checkpoint outputs/OrganoidsINRIA_XYZ_thinning_128/swinunetr/2026-02-23-11-31/training/model_final.pt
[EarlyStopping] no improve (18/40)
[EarlyStopping] no improve (19/40)
0 Mon Feb 23 13:32:51 2026 Epoch: 85
Epoch: 85/150 Iter: 1/96 loss: 0.1068 acc: 1.0000 time 1.11s
Epoch: 85/150 Iter: 2/96 loss: 0.1282 acc: 1.0000 time 0.75s
Epoch: 85/150 Iter: 3/96 loss: 0.1170 acc: 1.0000 time 0.95s
Epoch: 85/150 Iter: 4/96 loss: 0.1161 acc: 1.0000 time 0.74s
Epoch: 85/150 Iter: 5/96 loss: 0.0985 acc: 1.0000 time 0.70s
Epoch: 85/150 Iter: 6/96 loss: 0.0847 acc: 1.0000 time 0.86s
Epoch: 85/150 Iter: 7/96 loss: 0.1264 acc: 0.9405 time 0.77s
Epoch: 85/150 Iter: 8/96 loss: 0.1645 acc: 0.9271 time 0.71s
Epoch: 85/150 Iter: 9/96 loss: 0.1666 acc: 0.9228 time 0.93s
Epoch: 85/150 Iter: 10/96 loss: 0.1583 acc: 0.9306 time 0.79s
Epoch: 85/150 Iter: 11/96 loss: 0.1704 acc: 0.8990 time 0.86s
Epoch: 85/150 Iter: 12/96 loss: 0.1847 acc: 0.9074 time 0.86s
Epoch: 85/150 Iter: 13/96 loss: 0.1742 acc: 0.9145 time 0.87s
Epoch: 85/150 Iter: 14/96 loss: 0.1747 acc: 0.9206 time 0.72s
Epoch: 85/150 Iter: 15/96 loss: 0.1710 acc: 0.9259 time 0.70s
Epoch: 85/150 Iter: 16/96 loss: 0.2076 acc: 0.9097 time 0.70s
Epoch: 85/150 Iter: 17/96 loss: 0.1979 acc: 0.9150 time 0.87s
Epoch: 85/150 Iter: 18/96 loss: 0.1895 acc: 0.9198 time 0.88s
Epoch: 85/150 Iter: 19/96 loss: 0.1942 acc: 0.9108 time 0.69s
Epoch: 85/150 Iter: 20/96 loss: 0.1918 acc: 0.9153 time 0.88s
Epoch: 85/150 Iter: 21/96 loss: 0.2115 acc: 0.8981 time 0.70s
Epoch: 85/150 Iter: 22/96 loss: 0.2049 acc: 0.9028 time 0.91s
Epoch: 85/150 Iter: 23/96 loss: 0.2223 acc: 0.8925 time 0.77s
Epoch: 85/150 Iter: 24/96 loss: 0.2139 acc: 0.8970 time 0.76s
Epoch: 85/150 Iter: 25/96 loss: 0.2170 acc: 0.8971 time 0.71s
Epoch: 85/150 Iter: 26/96 loss: 0.2108 acc: 0.9011 time 0.78s
Epoch: 85/150 Iter: 27/96 loss: 0.2082 acc: 0.9047 time 0.86s
Epoch: 85/150 Iter: 28/96 loss: 0.2311 acc: 0.8962 time 0.75s
Epoch: 85/150 Iter: 29/96 loss: 0.2242 acc: 0.8998 time 0.86s
Epoch: 85/150 Iter: 30/96 loss: 0.2190 acc: 0.9031 time 0.86s
Epoch: 85/150 Iter: 31/96 loss: 0.2150 acc: 0.9063 time 0.70s
Epoch: 85/150 Iter: 32/96 loss: 0.2098 acc: 0.9092 time 0.86s
Epoch: 85/150 Iter: 33/96 loss: 0.2170 acc: 0.8985 time 0.70s
Epoch: 85/150 Iter: 34/96 loss: 0.2194 acc: 0.8884 time 0.70s
Epoch: 85/150 Iter: 35/96 loss: 0.2282 acc: 0.8773 time 0.75s
Epoch: 85/150 Iter: 36/96 loss: 0.2252 acc: 0.8807 time 0.86s
Epoch: 85/150 Iter: 37/96 loss: 0.2299 acc: 0.8806 time 0.72s
Epoch: 85/150 Iter: 38/96 loss: 0.2252 acc: 0.8837 time 0.87s
Epoch: 85/150 Iter: 39/96 loss: 0.2346 acc: 0.8753 time 0.76s
Epoch: 85/150 Iter: 40/96 loss: 0.2352 acc: 0.8742 time 0.87s
Epoch: 85/150 Iter: 41/96 loss: 0.2314 acc: 0.8773 time 0.86s
Epoch: 85/150 Iter: 42/96 loss: 0.2335 acc: 0.8772 time 0.73s
Epoch: 85/150 Iter: 43/96 loss: 0.2308 acc: 0.8801 time 0.76s
Epoch: 85/150 Iter: 44/96 loss: 0.2261 acc: 0.8828 time 0.69s
Epoch: 85/150 Iter: 45/96 loss: 0.2291 acc: 0.8743 time 0.87s
Epoch: 85/150 Iter: 46/96 loss: 0.2291 acc: 0.8771 time 0.71s
Epoch: 85/150 Iter: 47/96 loss: 0.2307 acc: 0.8797 time 0.71s
Epoch: 85/150 Iter: 48/96 loss: 0.2275 acc: 0.8822 time 0.76s
Epoch: 85/150 Iter: 49/96 loss: 0.2231 acc: 0.8846 time 0.87s
Epoch: 85/150 Iter: 50/96 loss: 0.2197 acc: 0.8869 time 0.70s
Epoch: 85/150 Iter: 51/96 loss: 0.2185 acc: 0.8891 time 0.87s
Epoch: 85/150 Iter: 52/96 loss: 0.2297 acc: 0.8832 time 0.87s
Epoch: 85/150 Iter: 53/96 loss: 0.2262 acc: 0.8854 time 0.71s
Epoch: 85/150 Iter: 54/96 loss: 0.2237 acc: 0.8876 time 0.70s
Epoch: 85/150 Iter: 55/96 loss: 0.2220 acc: 0.8896 time 0.87s
Epoch: 85/150 Iter: 56/96 loss: 0.2195 acc: 0.8916 time 0.74s
Epoch: 85/150 Iter: 57/96 loss: 0.2303 acc: 0.8857 time 0.91s
Epoch: 85/150 Iter: 58/96 loss: 0.2275 acc: 0.8876 time 0.87s
Epoch: 85/150 Iter: 59/96 loss: 0.2246 acc: 0.8895 time 0.87s
Epoch: 85/150 Iter: 60/96 loss: 0.2237 acc: 0.8914 time 0.78s
Epoch: 85/150 Iter: 61/96 loss: 0.2230 acc: 0.8932 time 0.72s
Epoch: 85/150 Iter: 62/96 loss: 0.2237 acc: 0.8929 time 0.87s
Epoch: 85/150 Iter: 63/96 loss: 0.2270 acc: 0.8946 time 0.71s
Epoch: 85/150 Iter: 64/96 loss: 0.2377 acc: 0.8945 time 0.70s
Epoch: 85/150 Iter: 65/96 loss: 0.2357 acc: 0.8961 time 0.72s
Epoch: 85/150 Iter: 66/96 loss: 0.2325 acc: 0.8977 time 0.71s
Epoch: 85/150 Iter: 67/96 loss: 0.2295 acc: 0.8992 time 0.91s
Epoch: 85/150 Iter: 68/96 loss: 0.2282 acc: 0.9007 time 0.72s
Epoch: 85/150 Iter: 69/96 loss: 0.2259 acc: 0.9021 time 0.72s
Epoch: 85/150 Iter: 70/96 loss: 0.2238 acc: 0.9023 time 0.70s
Epoch: 85/150 Iter: 71/96 loss: 0.2209 acc: 0.9037 time 0.72s
Epoch: 85/150 Iter: 72/96 loss: 0.2221 acc: 0.9027 time 0.87s
Epoch: 85/150 Iter: 73/96 loss: 0.2276 acc: 0.8980 time 0.75s
Epoch: 85/150 Iter: 74/96 loss: 0.2364 acc: 0.8915 time 0.70s
Epoch: 85/150 Iter: 75/96 loss: 0.2333 acc: 0.8929 time 0.87s
Epoch: 85/150 Iter: 76/96 loss: 0.2363 acc: 0.8894 time 0.71s
Epoch: 85/150 Iter: 77/96 loss: 0.2377 acc: 0.8892 time 0.73s
Epoch: 85/150 Iter: 78/96 loss: 0.2431 acc: 0.8881 time 0.72s
Epoch: 85/150 Iter: 79/96 loss: 0.2405 acc: 0.8895 time 0.86s
Epoch: 85/150 Iter: 80/96 loss: 0.2471 acc: 0.8857 time 0.71s
Epoch: 85/150 Iter: 81/96 loss: 0.2461 acc: 0.8871 time 0.68s
Epoch: 85/150 Iter: 82/96 loss: 0.2558 acc: 0.8813 time 0.71s
Epoch: 85/150 Iter: 83/96 loss: 0.2546 acc: 0.8808 time 0.86s
Epoch: 85/150 Iter: 84/96 loss: 0.2533 acc: 0.8822 time 0.70s
Epoch: 85/150 Iter: 85/96 loss: 0.2533 acc: 0.8826 time 0.86s
Epoch: 85/150 Iter: 86/96 loss: 0.2526 acc: 0.8839 time 0.70s
Epoch: 85/150 Iter: 87/96 loss: 0.2558 acc: 0.8834 time 0.86s
Epoch: 85/150 Iter: 88/96 loss: 0.2551 acc: 0.8828 time 0.69s
Epoch: 85/150 Iter: 89/96 loss: 0.2532 acc: 0.8841 time 0.71s
Epoch: 85/150 Iter: 90/96 loss: 0.2549 acc: 0.8805 time 0.69s
Epoch: 85/150 Iter: 91/96 loss: 0.2548 acc: 0.8804 time 0.69s
Epoch: 85/150 Iter: 92/96 loss: 0.2526 acc: 0.8817 time 0.70s
Epoch: 85/150 Iter: 93/96 loss: 0.2517 acc: 0.8830 time 0.70s
Epoch: 85/150 Iter: 94/96 loss: 0.2495 acc: 0.8842 time 0.86s
Epoch: 85/150 Iter: 95/96 loss: 0.2487 acc: 0.8808 time 0.70s
Epoch: 85/150 Iter: 96/96 loss: 0.2465 acc: 0.8820 time 0.70s
[Train epoch 85] avg_loss=0.2465 avg_acc=0.8820 | per-class [c0: 0.925, c1: 0.867, c2: 0.917]
Final training 85/150, loss: 0.2465, time 74.96s, lr: 0.000430
Accuracy: 0.918
class                  precision    recall   specificity      f1   support
--------------------------------------------------------------------------
0                          0.952     0.925         0.956   0.939       281
1                          0.619     0.867         0.971   0.722        30
2                          0.931     0.917         0.942   0.924       265
*----------------------------------------*
0 Mon Feb 23 13:34:06 2026 Epoch: 86
Epoch: 86/150 Iter: 1/96 loss: 0.8470 acc: 0.5556 time 1.10s
Epoch: 86/150 Iter: 2/96 loss: 0.4415 acc: 0.7778 time 0.70s
Epoch: 86/150 Iter: 3/96 loss: 0.3424 acc: 0.8519 time 0.87s
Epoch: 86/150 Iter: 4/96 loss: 0.2690 acc: 0.8889 time 0.76s
Epoch: 86/150 Iter: 5/96 loss: 0.2277 acc: 0.9111 time 0.71s
Epoch: 86/150 Iter: 6/96 loss: 0.2670 acc: 0.8981 time 0.94s
Epoch: 86/150 Iter: 7/96 loss: 0.2970 acc: 0.8889 time 0.87s
Epoch: 86/150 Iter: 8/96 loss: 0.3002 acc: 0.8403 time 0.86s
Epoch: 86/150 Iter: 9/96 loss: 0.2755 acc: 0.8580 time 0.86s
Epoch: 86/150 Iter: 10/96 loss: 0.2530 acc: 0.8722 time 0.87s
Epoch: 86/150 Iter: 11/96 loss: 0.2540 acc: 0.8838 time 0.87s
Epoch: 86/150 Iter: 12/96 loss: 0.2381 acc: 0.8935 time 0.86s
Epoch: 86/150 Iter: 13/96 loss: 0.2535 acc: 0.8697 time 0.86s
Epoch: 86/150 Iter: 14/96 loss: 0.2384 acc: 0.8790 time 0.87s
Epoch: 86/150 Iter: 15/96 loss: 0.2240 acc: 0.8870 time 0.69s
Epoch: 86/150 Iter: 16/96 loss: 0.2307 acc: 0.8872 time 0.87s
Epoch: 86/150 Iter: 17/96 loss: 0.2279 acc: 0.8676 time 0.87s
Epoch: 86/150 Iter: 18/96 loss: 0.2190 acc: 0.8750 time 0.86s
Epoch: 86/150 Iter: 19/96 loss: 0.2091 acc: 0.8816 time 0.87s
Epoch: 86/150 Iter: 20/96 loss: 0.2059 acc: 0.8875 time 0.74s
Epoch: 86/150 Iter: 21/96 loss: 0.2061 acc: 0.8849 time 0.88s
Epoch: 86/150 Iter: 22/96 loss: 0.1992 acc: 0.8902 time 0.87s
Epoch: 86/150 Iter: 23/96 loss: 0.1940 acc: 0.8949 time 0.70s
Epoch: 86/150 Iter: 24/96 loss: 0.1955 acc: 0.8819 time 0.70s
Epoch: 86/150 Iter: 25/96 loss: 0.2108 acc: 0.8627 time 0.70s
Epoch: 86/150 Iter: 26/96 loss: 0.2265 acc: 0.8631 time 0.87s
Epoch: 86/150 Iter: 27/96 loss: 0.2225 acc: 0.8682 time 0.86s
Epoch: 86/150 Iter: 28/96 loss: 0.2221 acc: 0.8551 time 0.87s
Epoch: 86/150 Iter: 29/96 loss: 0.2182 acc: 0.8601 time 0.71s
Epoch: 86/150 Iter: 30/96 loss: 0.2231 acc: 0.8647 time 0.72s
Epoch: 86/150 Iter: 31/96 loss: 0.2183 acc: 0.8664 time 0.86s
Epoch: 86/150 Iter: 32/96 loss: 0.2275 acc: 0.8654 time 0.86s
Epoch: 86/150 Iter: 33/96 loss: 0.2337 acc: 0.8644 time 0.91s
Epoch: 86/150 Iter: 34/96 loss: 0.2387 acc: 0.8618 time 0.86s
Epoch: 86/150 Iter: 35/96 loss: 0.2383 acc: 0.8626 time 0.78s
Epoch: 86/150 Iter: 36/96 loss: 0.2470 acc: 0.8553 time 0.86s
Epoch: 86/150 Iter: 37/96 loss: 0.2445 acc: 0.8472 time 0.71s
Epoch: 86/150 Iter: 38/96 loss: 0.2403 acc: 0.8512 time 0.73s
Epoch: 86/150 Iter: 39/96 loss: 0.2415 acc: 0.8551 time 0.72s
Epoch: 86/150 Iter: 40/96 loss: 0.2365 acc: 0.8587 time 0.72s
Epoch: 86/150 Iter: 41/96 loss: 0.2345 acc: 0.8621 time 0.78s
Epoch: 86/150 Iter: 42/96 loss: 0.2327 acc: 0.8624 time 0.92s
Epoch: 86/150 Iter: 43/96 loss: 0.2310 acc: 0.8656 time 0.76s
Epoch: 86/150 Iter: 44/96 loss: 0.2262 acc: 0.8687 time 0.94s
Epoch: 86/150 Iter: 45/96 loss: 0.2235 acc: 0.8642 time 0.70s
Epoch: 86/150 Iter: 46/96 loss: 0.2201 acc: 0.8671 time 0.86s
Epoch: 86/150 Iter: 47/96 loss: 0.2253 acc: 0.8629 time 0.78s
Epoch: 86/150 Iter: 48/96 loss: 0.2232 acc: 0.8657 time 0.74s
Epoch: 86/150 Iter: 49/96 loss: 0.2377 acc: 0.8617 time 0.77s
Epoch: 86/150 Iter: 50/96 loss: 0.2352 acc: 0.8644 time 0.74s
Epoch: 86/150 Iter: 51/96 loss: 0.2355 acc: 0.8651 time 0.86s
Epoch: 86/150 Iter: 52/96 loss: 0.2315 acc: 0.8677 time 0.71s
Epoch: 86/150 Iter: 53/96 loss: 0.2304 acc: 0.8687 time 0.71s
Epoch: 86/150 Iter: 54/96 loss: 0.2269 acc: 0.8711 time 0.86s
Epoch: 86/150 Iter: 55/96 loss: 0.2247 acc: 0.8714 time 0.71s
Epoch: 86/150 Iter: 56/96 loss: 0.2217 acc: 0.8737 time 0.70s
Epoch: 86/150 Iter: 57/96 loss: 0.2206 acc: 0.8759 time 0.86s
Epoch: 86/150 Iter: 58/96 loss: 0.2176 acc: 0.8781 time 0.70s
Epoch: 86/150 Iter: 59/96 loss: 0.2143 acc: 0.8801 time 0.88s
Epoch: 86/150 Iter: 60/96 loss: 0.2296 acc: 0.8747 time 0.70s
Epoch: 86/150 Iter: 61/96 loss: 0.2274 acc: 0.8768 time 0.70s
Epoch: 86/150 Iter: 62/96 loss: 0.2361 acc: 0.8680 time 0.70s
Epoch: 86/150 Iter: 63/96 loss: 0.2344 acc: 0.8701 time 0.69s
Epoch: 86/150 Iter: 64/96 loss: 0.2340 acc: 0.8695 time 0.93s
Epoch: 86/150 Iter: 65/96 loss: 0.2315 acc: 0.8715 time 0.71s
Epoch: 86/150 Iter: 66/96 loss: 0.2442 acc: 0.8621 time 0.86s
Epoch: 86/150 Iter: 67/96 loss: 0.2450 acc: 0.8600 time 0.87s
Epoch: 86/150 Iter: 68/96 loss: 0.2512 acc: 0.8552 time 0.88s
Epoch: 86/150 Iter: 69/96 loss: 0.2610 acc: 0.8477 time 0.69s
Epoch: 86/150 Iter: 70/96 loss: 0.2634 acc: 0.8451 time 0.92s
Epoch: 86/150 Iter: 71/96 loss: 0.2636 acc: 0.8416 time 0.90s
Epoch: 86/150 Iter: 72/96 loss: 0.2612 acc: 0.8438 time 0.87s
Epoch: 86/150 Iter: 73/96 loss: 0.2659 acc: 0.8380 time 0.76s
Epoch: 86/150 Iter: 74/96 loss: 0.2646 acc: 0.8402 time 0.87s
Epoch: 86/150 Iter: 75/96 loss: 0.2629 acc: 0.8401 time 0.88s
Epoch: 86/150 Iter: 76/96 loss: 0.2617 acc: 0.8422 time 0.86s
Epoch: 86/150 Iter: 77/96 loss: 0.2605 acc: 0.8442 time 0.94s
Epoch: 86/150 Iter: 78/96 loss: 0.2574 acc: 0.8462 time 0.72s
Epoch: 86/150 Iter: 79/96 loss: 0.2548 acc: 0.8482 time 0.76s
Epoch: 86/150 Iter: 80/96 loss: 0.2554 acc: 0.8445 time 0.86s
Epoch: 86/150 Iter: 81/96 loss: 0.2580 acc: 0.8449 time 0.69s
Epoch: 86/150 Iter: 82/96 loss: 0.2553 acc: 0.8468 time 0.85s
Epoch: 86/150 Iter: 83/96 loss: 0.2524 acc: 0.8486 time 0.86s
Epoch: 86/150 Iter: 84/96 loss: 0.2498 acc: 0.8504 time 0.86s
Epoch: 86/150 Iter: 85/96 loss: 0.2508 acc: 0.8522 time 0.71s
Epoch: 86/150 Iter: 86/96 loss: 0.2504 acc: 0.8539 time 0.69s
Epoch: 86/150 Iter: 87/96 loss: 0.2496 acc: 0.8556 time 0.71s
Epoch: 86/150 Iter: 88/96 loss: 0.2480 acc: 0.8572 time 0.69s
Epoch: 86/150 Iter: 89/96 loss: 0.2480 acc: 0.8579 time 0.70s
Epoch: 86/150 Iter: 90/96 loss: 0.2514 acc: 0.8595 time 0.71s
Epoch: 86/150 Iter: 91/96 loss: 0.2490 acc: 0.8610 time 0.86s
Epoch: 86/150 Iter: 92/96 loss: 0.2464 acc: 0.8625 time 0.71s
Epoch: 86/150 Iter: 93/96 loss: 0.2481 acc: 0.8610 time 0.69s
Epoch: 86/150 Iter: 94/96 loss: 0.2464 acc: 0.8625 time 0.69s
Epoch: 86/150 Iter: 95/96 loss: 0.2442 acc: 0.8639 time 0.70s
Epoch: 86/150 Iter: 96/96 loss: 0.2443 acc: 0.8636 time 0.86s
[Train epoch 86] avg_loss=0.2443 avg_acc=0.8636 | per-class [c0: 0.907, c1: 0.933, c2: 0.898]
Final training 86/150, loss: 0.2443, time 76.85s, lr: 0.000419
Accuracy: 0.905
class                  precision    recall   specificity      f1   support
--------------------------------------------------------------------------
0                          0.944     0.907         0.949   0.925       280
1                          0.596     0.933         0.965   0.727        30
2                          0.919     0.898         0.932   0.909       266
*----------------------------------------*
Val 86/150 1/24, Acc: 0.5000, Loss: 4.1280, time 0.67s
Val 86/150 2/24, Acc: 0.5278, Loss: 2.1976, time 0.67s
Val 86/150 3/24, Acc: 0.6296, Loss: 1.5919, time 0.67s
Val 86/150 4/24, Acc: 0.7222, Loss: 1.2017, time 0.67s
Val 86/150 5/24, Acc: 0.7778, Loss: 0.9879, time 0.67s
Val 86/150 6/24, Acc: 0.8148, Loss: 0.8256, time 0.67s
Val 86/150 7/24, Acc: 0.7817, Loss: 0.7645, time 0.67s
Val 86/150 8/24, Acc: 0.8090, Loss: 0.6758, time 0.67s
Val 86/150 9/24, Acc: 0.8302, Loss: 0.6169, time 0.67s
Val 86/150 10/24, Acc: 0.8472, Loss: 0.5671, time 0.67s
Val 86/150 11/24, Acc: 0.8460, Loss: 0.5629, time 0.67s
Val 86/150 12/24, Acc: 0.8102, Loss: 0.5448, time 0.67s
Val 86/150 13/24, Acc: 0.7863, Loss: 0.5321, time 0.67s
Val 86/150 14/24, Acc: 0.7927, Loss: 0.5182, time 0.67s
Val 86/150 15/24, Acc: 0.7787, Loss: 0.5904, time 0.67s
Val 86/150 16/24, Acc: 0.7925, Loss: 0.5601, time 0.67s
Val 86/150 17/24, Acc: 0.8047, Loss: 0.5304, time 0.67s
Val 86/150 18/24, Acc: 0.8086, Loss: 0.5221, time 0.67s
Val 86/150 19/24, Acc: 0.8187, Loss: 0.5002, time 0.67s
Val 86/150 20/24, Acc: 0.8000, Loss: 0.5093, time 0.67s
Val 86/150 21/24, Acc: 0.8095, Loss: 0.4906, time 0.67s
Val 86/150 22/24, Acc: 0.8106, Loss: 0.4819, time 0.67s
Val 86/150 23/24, Acc: 0.7971, Loss: 0.5912, time 0.67s
Val 86/150 24/24, Acc: 0.7940, Loss: 0.5843, time 0.67s
[Val epoch 86] avg_acc=0.7940 | avg_loss=0.5843 | per-class [c0: 0.871, c1: 0.500, c2: 0.909]
Final validation 86/150, Val_acc: 0.7940, time 16.04sAccuracy: 0.868
class                  precision    recall   specificity      f1   support
--------------------------------------------------------------------------
0                          1.000     0.871         1.000   0.931        70
1                          0.364     0.500         0.949   0.421         8
2                          0.833     0.909         0.846   0.870        66
*========================================*
Saving checkpoint outputs/OrganoidsINRIA_XYZ_thinning_128/swinunetr/2026-02-23-11-31/training/model_final.pt
[EarlyStopping] no improve (19/40)
[EarlyStopping] no improve (20/40)
0 Mon Feb 23 13:35:44 2026 Epoch: 87
Epoch: 87/150 Iter: 1/96 loss: 0.0936 acc: 1.0000 time 1.05s
Epoch: 87/150 Iter: 2/96 loss: 0.4065 acc: 0.7083 time 0.87s
Epoch: 87/150 Iter: 3/96 loss: 0.3053 acc: 0.8056 time 0.72s
Epoch: 87/150 Iter: 4/96 loss: 0.2519 acc: 0.8542 time 0.73s
Epoch: 87/150 Iter: 5/96 loss: 0.2968 acc: 0.8333 time 0.69s
Epoch: 87/150 Iter: 6/96 loss: 0.3050 acc: 0.7500 time 0.88s
Epoch: 87/150 Iter: 7/96 loss: 0.3530 acc: 0.7143 time 0.70s
Epoch: 87/150 Iter: 8/96 loss: 0.3735 acc: 0.7396 time 0.86s
Epoch: 87/150 Iter: 9/96 loss: 0.3821 acc: 0.7407 time 0.77s
Epoch: 87/150 Iter: 10/96 loss: 0.3469 acc: 0.7667 time 0.86s
Epoch: 87/150 Iter: 11/96 loss: 0.3230 acc: 0.7879 time 0.86s
Epoch: 87/150 Iter: 12/96 loss: 0.3542 acc: 0.7500 time 0.77s
Epoch: 87/150 Iter: 13/96 loss: 0.3300 acc: 0.7692 time 0.86s
Epoch: 87/150 Iter: 14/96 loss: 0.3350 acc: 0.7768 time 0.86s
Epoch: 87/150 Iter: 15/96 loss: 0.3159 acc: 0.7917 time 0.70s
Epoch: 87/150 Iter: 16/96 loss: 0.3411 acc: 0.7984 time 0.87s
Epoch: 87/150 Iter: 17/96 loss: 0.3510 acc: 0.7907 time 0.69s
Epoch: 87/150 Iter: 18/96 loss: 0.3350 acc: 0.8023 time 0.92s
Epoch: 87/150 Iter: 19/96 loss: 0.3406 acc: 0.8069 time 0.75s
Epoch: 87/150 Iter: 20/96 loss: 0.3283 acc: 0.8165 time 0.86s
Epoch: 87/150 Iter: 21/96 loss: 0.3144 acc: 0.8253 time 0.70s
Epoch: 87/150 Iter: 22/96 loss: 0.3016 acc: 0.8332 time 0.86s
Epoch: 87/150 Iter: 23/96 loss: 0.2927 acc: 0.8332 time 0.87s
Epoch: 87/150 Iter: 24/96 loss: 0.2861 acc: 0.8402 time 0.74s
Epoch: 87/150 Iter: 25/96 loss: 0.2775 acc: 0.8466 time 0.88s
Epoch: 87/150 Iter: 26/96 loss: 0.2686 acc: 0.8525 time 0.86s
Epoch: 87/150 Iter: 27/96 loss: 0.2681 acc: 0.8456 time 0.75s
Epoch: 87/150 Iter: 28/96 loss: 0.2590 acc: 0.8511 time 0.72s
Epoch: 87/150 Iter: 29/96 loss: 0.2507 acc: 0.8562 time 0.70s
Epoch: 87/150 Iter: 30/96 loss: 0.2473 acc: 0.8573 time 0.70s
Epoch: 87/150 Iter: 31/96 loss: 0.2403 acc: 0.8619 time 0.71s
Epoch: 87/150 Iter: 32/96 loss: 0.2485 acc: 0.8623 time 0.87s
Epoch: 87/150 Iter: 33/96 loss: 0.2584 acc: 0.8524 time 0.70s
Epoch: 87/150 Iter: 34/96 loss: 0.2590 acc: 0.8538 time 0.69s
Epoch: 87/150 Iter: 35/96 loss: 0.2599 acc: 0.8579 time 0.75s
Epoch: 87/150 Iter: 36/96 loss: 0.2544 acc: 0.8619 time 0.71s
Epoch: 87/150 Iter: 37/96 loss: 0.2505 acc: 0.8656 time 0.90s
Epoch: 87/150 Iter: 38/96 loss: 0.2456 acc: 0.8692 time 0.86s
Epoch: 87/150 Iter: 39/96 loss: 0.2459 acc: 0.8611 time 0.76s
Epoch: 87/150 Iter: 40/96 loss: 0.2415 acc: 0.8646 time 0.71s
Epoch: 87/150 Iter: 41/96 loss: 0.2391 acc: 0.8659 time 0.87s
Epoch: 87/150 Iter: 42/96 loss: 0.2413 acc: 0.8651 time 0.86s
Epoch: 87/150 Iter: 43/96 loss: 0.2469 acc: 0.8566 time 0.87s
Epoch: 87/150 Iter: 44/96 loss: 0.2423 acc: 0.8598 time 0.70s
Epoch: 87/150 Iter: 45/96 loss: 0.2382 acc: 0.8630 time 0.71s
Epoch: 87/150 Iter: 46/96 loss: 0.2341 acc: 0.8659 time 0.86s
Epoch: 87/150 Iter: 47/96 loss: 0.2293 acc: 0.8688 time 0.86s
Epoch: 87/150 Iter: 48/96 loss: 0.2273 acc: 0.8715 time 0.91s
Epoch: 87/150 Iter: 49/96 loss: 0.2231 acc: 0.8741 time 0.70s
Epoch: 87/150 Iter: 50/96 loss: 0.2334 acc: 0.8747 time 0.87s
Epoch: 87/150 Iter: 51/96 loss: 0.2378 acc: 0.8706 time 0.86s
Epoch: 87/150 Iter: 52/96 loss: 0.2473 acc: 0.8712 time 0.70s
Epoch: 87/150 Iter: 53/96 loss: 0.2470 acc: 0.8689 time 0.69s
Epoch: 87/150 Iter: 54/96 loss: 0.2477 acc: 0.8694 time 0.78s
Epoch: 87/150 Iter: 55/96 loss: 0.2521 acc: 0.8637 time 0.81s
Epoch: 87/150 Iter: 56/96 loss: 0.2487 acc: 0.8662 time 0.72s
Epoch: 87/150 Iter: 57/96 loss: 0.2468 acc: 0.8685 time 0.86s
Epoch: 87/150 Iter: 58/96 loss: 0.2460 acc: 0.8622 time 0.75s
Epoch: 87/150 Iter: 59/96 loss: 0.2421 acc: 0.8645 time 0.87s
Epoch: 87/150 Iter: 60/96 loss: 0.2470 acc: 0.8626 time 0.70s
Epoch: 87/150 Iter: 61/96 loss: 0.2489 acc: 0.8628 time 0.87s
Epoch: 87/150 Iter: 62/96 loss: 0.2514 acc: 0.8630 time 0.77s
Epoch: 87/150 Iter: 63/96 loss: 0.2507 acc: 0.8652 time 0.69s
Epoch: 87/150 Iter: 64/96 loss: 0.2481 acc: 0.8673 time 0.86s
Epoch: 87/150 Iter: 65/96 loss: 0.2447 acc: 0.8693 time 0.69s
Epoch: 87/150 Iter: 66/96 loss: 0.2437 acc: 0.8713 time 0.87s
Epoch: 87/150 Iter: 67/96 loss: 0.2403 acc: 0.8732 time 0.93s
Epoch: 87/150 Iter: 68/96 loss: 0.2373 acc: 0.8751 time 0.78s
Epoch: 87/150 Iter: 69/96 loss: 0.2355 acc: 0.8769 time 0.73s
Epoch: 87/150 Iter: 70/96 loss: 0.2435 acc: 0.8758 time 0.76s
Epoch: 87/150 Iter: 71/96 loss: 0.2411 acc: 0.8775 time 0.86s
Epoch: 87/150 Iter: 72/96 loss: 0.2422 acc: 0.8779 time 0.74s
Epoch: 87/150 Iter: 73/96 loss: 0.2411 acc: 0.8784 time 0.69s
Epoch: 87/150 Iter: 74/96 loss: 0.2392 acc: 0.8800 time 0.74s
Epoch: 87/150 Iter: 75/96 loss: 0.2442 acc: 0.8772 time 0.72s
Epoch: 87/150 Iter: 76/96 loss: 0.2416 acc: 0.8788 time 0.87s
Epoch: 87/150 Iter: 77/96 loss: 0.2414 acc: 0.8788 time 0.86s
Epoch: 87/150 Iter: 78/96 loss: 0.2386 acc: 0.8803 time 0.87s
Epoch: 87/150 Iter: 79/96 loss: 0.2516 acc: 0.8720 time 0.69s
Epoch: 87/150 Iter: 80/96 loss: 0.2504 acc: 0.8736 time 0.87s
Epoch: 87/150 Iter: 81/96 loss: 0.2482 acc: 0.8751 time 0.86s
Epoch: 87/150 Iter: 82/96 loss: 0.2500 acc: 0.8756 time 0.70s
Epoch: 87/150 Iter: 83/96 loss: 0.2554 acc: 0.8721 time 0.71s
Epoch: 87/150 Iter: 84/96 loss: 0.2533 acc: 0.8736 time 0.85s
Epoch: 87/150 Iter: 85/96 loss: 0.2558 acc: 0.8712 time 0.85s
Epoch: 87/150 Iter: 86/96 loss: 0.2547 acc: 0.8727 time 0.69s
Epoch: 87/150 Iter: 87/96 loss: 0.2533 acc: 0.8742 time 0.85s
Epoch: 87/150 Iter: 88/96 loss: 0.2518 acc: 0.8737 time 0.86s
Epoch: 87/150 Iter: 89/96 loss: 0.2493 acc: 0.8751 time 0.70s
Epoch: 87/150 Iter: 90/96 loss: 0.2483 acc: 0.8753 time 0.85s
Epoch: 87/150 Iter: 91/96 loss: 0.2517 acc: 0.8712 time 0.85s
Epoch: 87/150 Iter: 92/96 loss: 0.2495 acc: 0.8726 time 0.68s
Epoch: 87/150 Iter: 93/96 loss: 0.2478 acc: 0.8727 time 0.69s
Epoch: 87/150 Iter: 94/96 loss: 0.2462 acc: 0.8729 time 0.70s
Epoch: 87/150 Iter: 95/96 loss: 0.2486 acc: 0.8732 time 0.71s
Epoch: 87/150 Iter: 96/96 loss: 0.2604 acc: 0.8687 time 0.70s
[Train epoch 87] avg_loss=0.2604 avg_acc=0.8687 | per-class [c0: 0.879, c1: 0.933, c2: 0.902]
Final training 87/150, loss: 0.2604, time 75.81s, lr: 0.000408
Accuracy: 0.892
class                  precision    recall   specificity      f1   support
--------------------------------------------------------------------------
0                          0.936     0.879         0.942   0.906       281
1                          0.651     0.933         0.973   0.767        30
2                          0.888     0.902         0.904   0.895       265
*----------------------------------------*
0 Mon Feb 23 13:37:00 2026 Epoch: 88
Epoch: 88/150 Iter: 1/96 loss: 0.9180 acc: 0.8000 time 1.02s
Epoch: 88/150 Iter: 2/96 loss: 0.4769 acc: 0.9000 time 0.87s
Epoch: 88/150 Iter: 3/96 loss: 0.3272 acc: 0.9333 time 0.88s
Epoch: 88/150 Iter: 4/96 loss: 0.2520 acc: 0.9500 time 0.69s
Epoch: 88/150 Iter: 5/96 loss: 0.2063 acc: 0.9600 time 0.69s
Epoch: 88/150 Iter: 6/96 loss: 0.2659 acc: 0.8926 time 0.77s
Epoch: 88/150 Iter: 7/96 loss: 0.2401 acc: 0.9079 time 0.75s
Epoch: 88/150 Iter: 8/96 loss: 0.2315 acc: 0.9056 time 0.69s
Epoch: 88/150 Iter: 9/96 loss: 0.2109 acc: 0.9160 time 0.86s
Epoch: 88/150 Iter: 10/96 loss: 0.2225 acc: 0.9244 time 0.71s
Epoch: 88/150 Iter: 11/96 loss: 0.2351 acc: 0.9313 time 0.72s
Epoch: 88/150 Iter: 12/96 loss: 0.2658 acc: 0.9162 time 0.70s
Epoch: 88/150 Iter: 13/96 loss: 0.2922 acc: 0.9150 time 0.87s
Epoch: 88/150 Iter: 14/96 loss: 0.2970 acc: 0.9091 time 0.86s
Epoch: 88/150 Iter: 15/96 loss: 0.3023 acc: 0.9041 time 0.77s
Epoch: 88/150 Iter: 16/96 loss: 0.2845 acc: 0.9101 time 0.70s
Epoch: 88/150 Iter: 17/96 loss: 0.2737 acc: 0.9154 time 0.86s
Epoch: 88/150 Iter: 18/96 loss: 0.2591 acc: 0.9201 time 0.69s
Epoch: 88/150 Iter: 19/96 loss: 0.2707 acc: 0.9155 time 0.75s
Epoch: 88/150 Iter: 20/96 loss: 0.2720 acc: 0.9147 time 0.74s
Epoch: 88/150 Iter: 21/96 loss: 0.2692 acc: 0.9135 time 0.86s
Epoch: 88/150 Iter: 22/96 loss: 0.2575 acc: 0.9174 time 0.71s
Epoch: 88/150 Iter: 23/96 loss: 0.2497 acc: 0.9210 time 0.72s
Epoch: 88/150 Iter: 24/96 loss: 0.2434 acc: 0.9243 time 0.70s
Epoch: 88/150 Iter: 25/96 loss: 0.2404 acc: 0.9273 time 0.75s
Epoch: 88/150 Iter: 26/96 loss: 0.2430 acc: 0.9253 time 0.87s
Epoch: 88/150 Iter: 27/96 loss: 0.2401 acc: 0.9281 time 0.74s
Epoch: 88/150 Iter: 28/96 loss: 0.2548 acc: 0.9262 time 0.93s
Epoch: 88/150 Iter: 29/96 loss: 0.2663 acc: 0.9158 time 0.74s
Epoch: 88/150 Iter: 30/96 loss: 0.2638 acc: 0.9186 time 0.73s
Epoch: 88/150 Iter: 31/96 loss: 0.2714 acc: 0.9180 time 0.84s
Epoch: 88/150 Iter: 32/96 loss: 0.2795 acc: 0.9032 time 0.70s
Epoch: 88/150 Iter: 33/96 loss: 0.2726 acc: 0.9061 time 0.74s
Epoch: 88/150 Iter: 34/96 loss: 0.2722 acc: 0.9065 time 0.71s
Epoch: 88/150 Iter: 35/96 loss: 0.2840 acc: 0.9044 time 0.76s
Epoch: 88/150 Iter: 36/96 loss: 0.2785 acc: 0.9070 time 0.69s
Epoch: 88/150 Iter: 37/96 loss: 0.2720 acc: 0.9095 time 0.69s
Epoch: 88/150 Iter: 38/96 loss: 0.3051 acc: 0.9031 time 0.73s
Epoch: 88/150 Iter: 39/96 loss: 0.3001 acc: 0.9056 time 0.87s
Epoch: 88/150 Iter: 40/96 loss: 0.2938 acc: 0.9080 time 0.91s
Epoch: 88/150 Iter: 41/96 loss: 0.2928 acc: 0.9062 time 0.86s
Epoch: 88/150 Iter: 42/96 loss: 0.2980 acc: 0.9054 time 0.87s
Epoch: 88/150 Iter: 43/96 loss: 0.2916 acc: 0.9076 time 0.86s
Epoch: 88/150 Iter: 44/96 loss: 0.2897 acc: 0.9034 time 0.69s
Epoch: 88/150 Iter: 45/96 loss: 0.2857 acc: 0.9056 time 0.93s
Epoch: 88/150 Iter: 46/96 loss: 0.2882 acc: 0.9076 time 0.70s
Epoch: 88/150 Iter: 47/96 loss: 0.2898 acc: 0.9060 time 0.85s
Epoch: 88/150 Iter: 48/96 loss: 0.2857 acc: 0.9080 time 0.74s
Epoch: 88/150 Iter: 49/96 loss: 0.2850 acc: 0.9017 time 0.78s
Epoch: 88/150 Iter: 50/96 loss: 0.2823 acc: 0.9003 time 0.79s
Epoch: 88/150 Iter: 51/96 loss: 0.2835 acc: 0.8968 time 0.69s
Epoch: 88/150 Iter: 52/96 loss: 0.2813 acc: 0.8956 time 0.69s
Epoch: 88/150 Iter: 53/96 loss: 0.2765 acc: 0.8976 time 0.86s
Epoch: 88/150 Iter: 54/96 loss: 0.2787 acc: 0.8949 time 0.69s
Epoch: 88/150 Iter: 55/96 loss: 0.2749 acc: 0.8968 time 0.70s
Epoch: 88/150 Iter: 56/96 loss: 0.2761 acc: 0.8912 time 0.70s
Epoch: 88/150 Iter: 57/96 loss: 0.2745 acc: 0.8931 time 0.76s
Epoch: 88/150 Iter: 58/96 loss: 0.2743 acc: 0.8877 time 0.76s
Epoch: 88/150 Iter: 59/96 loss: 0.2756 acc: 0.8868 time 0.87s
Epoch: 88/150 Iter: 60/96 loss: 0.2841 acc: 0.8831 time 0.87s
Epoch: 88/150 Iter: 61/96 loss: 0.2802 acc: 0.8851 time 0.87s
Epoch: 88/150 Iter: 62/96 loss: 0.2811 acc: 0.8789 time 0.87s
Epoch: 88/150 Iter: 63/96 loss: 0.2826 acc: 0.8742 time 0.86s
Epoch: 88/150 Iter: 64/96 loss: 0.2865 acc: 0.8696 time 0.72s
Epoch: 88/150 Iter: 65/96 loss: 0.2847 acc: 0.8716 time 0.75s
Epoch: 88/150 Iter: 66/96 loss: 0.2818 acc: 0.8736 time 0.87s
Epoch: 88/150 Iter: 67/96 loss: 0.2784 acc: 0.8755 time 0.70s
Epoch: 88/150 Iter: 68/96 loss: 0.2766 acc: 0.8773 time 0.85s
Epoch: 88/150 Iter: 69/96 loss: 0.2772 acc: 0.8726 time 0.86s
Epoch: 88/150 Iter: 70/96 loss: 0.2753 acc: 0.8744 time 0.70s
Epoch: 88/150 Iter: 71/96 loss: 0.2716 acc: 0.8762 time 0.70s
Epoch: 88/150 Iter: 72/96 loss: 0.2740 acc: 0.8718 time 0.86s
Epoch: 88/150 Iter: 73/96 loss: 0.2747 acc: 0.8712 time 0.87s
Epoch: 88/150 Iter: 74/96 loss: 0.2723 acc: 0.8730 time 0.76s
Epoch: 88/150 Iter: 75/96 loss: 0.2734 acc: 0.8733 time 0.87s
Epoch: 88/150 Iter: 76/96 loss: 0.2830 acc: 0.8706 time 0.76s
Epoch: 88/150 Iter: 77/96 loss: 0.2799 acc: 0.8723 time 0.69s
Epoch: 88/150 Iter: 78/96 loss: 0.2812 acc: 0.8697 time 0.86s
Epoch: 88/150 Iter: 79/96 loss: 0.2869 acc: 0.8692 time 0.87s
Epoch: 88/150 Iter: 80/96 loss: 0.2838 acc: 0.8708 time 0.87s
Epoch: 88/150 Iter: 81/96 loss: 0.2823 acc: 0.8724 time 0.69s
Epoch: 88/150 Iter: 82/96 loss: 0.2858 acc: 0.8699 time 0.69s
Epoch: 88/150 Iter: 83/96 loss: 0.2875 acc: 0.8685 time 0.86s
Epoch: 88/150 Iter: 84/96 loss: 0.2843 acc: 0.8700 time 0.70s
Epoch: 88/150 Iter: 85/96 loss: 0.2860 acc: 0.8696 time 0.86s
Epoch: 88/150 Iter: 86/96 loss: 0.2840 acc: 0.8711 time 0.69s
Epoch: 88/150 Iter: 87/96 loss: 0.2859 acc: 0.8678 time 0.85s
Epoch: 88/150 Iter: 88/96 loss: 0.2869 acc: 0.8693 time 0.69s
Epoch: 88/150 Iter: 89/96 loss: 0.2848 acc: 0.8708 time 0.70s
Epoch: 88/150 Iter: 90/96 loss: 0.2829 acc: 0.8722 time 0.69s
Epoch: 88/150 Iter: 91/96 loss: 0.2805 acc: 0.8736 time 0.70s
Epoch: 88/150 Iter: 92/96 loss: 0.2809 acc: 0.8707 time 0.85s
Epoch: 88/150 Iter: 93/96 loss: 0.2784 acc: 0.8720 time 0.69s
Epoch: 88/150 Iter: 94/96 loss: 0.2864 acc: 0.8684 time 0.86s
Epoch: 88/150 Iter: 95/96 loss: 0.2864 acc: 0.8698 time 0.86s
Epoch: 88/150 Iter: 96/96 loss: 0.2857 acc: 0.8699 time 0.86s
[Train epoch 88] avg_loss=0.2857 avg_acc=0.8699 | per-class [c0: 0.897, c1: 0.900, c2: 0.894]
Final training 88/150, loss: 0.2857, time 75.08s, lr: 0.000398
Accuracy: 0.896
class                  precision    recall   specificity      f1   support
--------------------------------------------------------------------------
0                          0.933     0.897         0.939   0.915       281
1                          0.643     0.900         0.973   0.750        30
2                          0.898     0.894         0.913   0.896       265
*----------------------------------------*
Val 88/150 1/24, Acc: 0.5000, Loss: 4.7809, time 0.67s
Val 88/150 2/24, Acc: 0.5278, Loss: 2.7146, time 0.67s
Val 88/150 3/24, Acc: 0.5926, Loss: 1.9753, time 0.67s
Val 88/150 4/24, Acc: 0.6944, Loss: 1.5014, time 0.67s
Val 88/150 5/24, Acc: 0.7056, Loss: 1.2599, time 0.67s
Val 88/150 6/24, Acc: 0.7546, Loss: 1.0746, time 0.67s
Val 88/150 7/24, Acc: 0.7302, Loss: 1.0420, time 0.67s
Val 88/150 8/24, Acc: 0.7639, Loss: 0.9267, time 0.67s
Val 88/150 9/24, Acc: 0.7901, Loss: 0.8365, time 0.67s
Val 88/150 10/24, Acc: 0.8111, Loss: 0.7591, time 0.67s
Val 88/150 11/24, Acc: 0.8283, Loss: 0.7092, time 0.67s
Val 88/150 12/24, Acc: 0.8426, Loss: 0.6604, time 0.67s
Val 88/150 13/24, Acc: 0.8162, Loss: 0.6454, time 0.67s
Val 88/150 14/24, Acc: 0.8204, Loss: 0.6254, time 0.67s
Val 88/150 15/24, Acc: 0.7991, Loss: 0.6926, time 0.67s
Val 88/150 16/24, Acc: 0.8116, Loss: 0.6543, time 0.67s
Val 88/150 17/24, Acc: 0.8227, Loss: 0.6226, time 0.67s
Val 88/150 18/24, Acc: 0.8256, Loss: 0.5992, time 0.67s
Val 88/150 19/24, Acc: 0.8348, Loss: 0.5751, time 0.67s
Val 88/150 20/24, Acc: 0.8153, Loss: 0.5957, time 0.67s
Val 88/150 21/24, Acc: 0.8181, Loss: 0.5770, time 0.67s
Val 88/150 22/24, Acc: 0.8188, Loss: 0.5615, time 0.67s
Val 88/150 23/24, Acc: 0.8050, Loss: 0.6124, time 0.67s
Val 88/150 24/24, Acc: 0.8015, Loss: 0.6065, time 0.67s
[Val epoch 88] avg_acc=0.8015 | avg_loss=0.6065 | per-class [c0: 0.886, c1: 0.625, c2: 0.848]
Final validation 88/150, Val_acc: 0.8015, time 16.04sAccuracy: 0.854
class                  precision    recall   specificity      f1   support
--------------------------------------------------------------------------
0                          0.925     0.886         0.932   0.905        70
1                          0.385     0.625         0.941   0.476         8
2                          0.875     0.848         0.897   0.862        66
*========================================*
Saving checkpoint outputs/OrganoidsINRIA_XYZ_thinning_128/swinunetr/2026-02-23-11-31/training/model_final.pt
[EarlyStopping] no improve (20/40)
[EarlyStopping] no improve (21/40)
0 Mon Feb 23 13:38:36 2026 Epoch: 89
Epoch: 89/150 Iter: 1/96 loss: 0.2183 acc: 0.9000 time 1.20s
Epoch: 89/150 Iter: 2/96 loss: 0.1468 acc: 0.9500 time 0.71s
Epoch: 89/150 Iter: 3/96 loss: 0.1317 acc: 0.9667 time 0.86s
Epoch: 89/150 Iter: 4/96 loss: 0.1098 acc: 0.9750 time 0.70s
Epoch: 89/150 Iter: 5/96 loss: 0.2035 acc: 0.9467 time 0.71s
Epoch: 89/150 Iter: 6/96 loss: 0.1756 acc: 0.9556 time 0.87s
Epoch: 89/150 Iter: 7/96 loss: 0.1627 acc: 0.9619 time 0.70s
Epoch: 89/150 Iter: 8/96 loss: 0.1520 acc: 0.9667 time 0.70s
Epoch: 89/150 Iter: 9/96 loss: 0.1369 acc: 0.9704 time 0.69s
Epoch: 89/150 Iter: 10/96 loss: 0.1289 acc: 0.9733 time 0.74s
Epoch: 89/150 Iter: 11/96 loss: 0.1348 acc: 0.9758 time 0.76s
Epoch: 89/150 Iter: 12/96 loss: 0.1699 acc: 0.9444 time 0.87s
Epoch: 89/150 Iter: 13/96 loss: 0.1766 acc: 0.9145 time 0.86s
Epoch: 89/150 Iter: 14/96 loss: 0.1695 acc: 0.9206 time 0.75s
Epoch: 89/150 Iter: 15/96 loss: 0.1743 acc: 0.9193 time 0.70s
Epoch: 89/150 Iter: 16/96 loss: 0.1725 acc: 0.9174 time 0.86s
Epoch: 89/150 Iter: 17/96 loss: 0.1986 acc: 0.9105 time 0.71s
Epoch: 89/150 Iter: 18/96 loss: 0.1912 acc: 0.9154 time 0.88s
Epoch: 89/150 Iter: 19/96 loss: 0.1929 acc: 0.9133 time 0.72s
Epoch: 89/150 Iter: 20/96 loss: 0.1910 acc: 0.9093 time 0.69s
Epoch: 89/150 Iter: 21/96 loss: 0.2086 acc: 0.8958 time 0.69s
Epoch: 89/150 Iter: 22/96 loss: 0.2005 acc: 0.9005 time 0.73s
Epoch: 89/150 Iter: 23/96 loss: 0.2058 acc: 0.9005 time 0.78s
Epoch: 89/150 Iter: 24/96 loss: 0.2006 acc: 0.9046 time 0.87s
Epoch: 89/150 Iter: 25/96 loss: 0.1991 acc: 0.8984 time 0.69s
Epoch: 89/150 Iter: 26/96 loss: 0.1933 acc: 0.9024 time 0.69s
Epoch: 89/150 Iter: 27/96 loss: 0.1880 acc: 0.9060 time 0.72s
Epoch: 89/150 Iter: 28/96 loss: 0.1940 acc: 0.9034 time 0.72s
Epoch: 89/150 Iter: 29/96 loss: 0.1893 acc: 0.9067 time 0.72s
Epoch: 89/150 Iter: 30/96 loss: 0.1853 acc: 0.9098 time 0.72s
Epoch: 89/150 Iter: 31/96 loss: 0.1829 acc: 0.8993 time 0.76s
Epoch: 89/150 Iter: 32/96 loss: 0.1788 acc: 0.9024 time 0.70s
Epoch: 89/150 Iter: 33/96 loss: 0.1935 acc: 0.8912 time 0.86s
Epoch: 89/150 Iter: 34/96 loss: 0.1934 acc: 0.8895 time 0.88s
Epoch: 89/150 Iter: 35/96 loss: 0.2168 acc: 0.8689 time 0.76s
Epoch: 89/150 Iter: 36/96 loss: 0.2195 acc: 0.8702 time 0.78s
Epoch: 89/150 Iter: 37/96 loss: 0.2154 acc: 0.8737 time 0.86s
Epoch: 89/150 Iter: 38/96 loss: 0.2434 acc: 0.8639 time 0.74s
Epoch: 89/150 Iter: 39/96 loss: 0.2380 acc: 0.8674 time 0.86s
Epoch: 89/150 Iter: 40/96 loss: 0.2335 acc: 0.8707 time 0.70s
Epoch: 89/150 Iter: 41/96 loss: 0.2350 acc: 0.8718 time 0.86s
Epoch: 89/150 Iter: 42/96 loss: 0.2308 acc: 0.8749 time 0.87s
Epoch: 89/150 Iter: 43/96 loss: 0.2294 acc: 0.8778 time 0.71s
Epoch: 89/150 Iter: 44/96 loss: 0.2308 acc: 0.8768 time 0.70s
Epoch: 89/150 Iter: 45/96 loss: 0.2270 acc: 0.8795 time 0.92s
Epoch: 89/150 Iter: 46/96 loss: 0.2274 acc: 0.8785 time 0.86s
Epoch: 89/150 Iter: 47/96 loss: 0.2298 acc: 0.8784 time 0.77s
Epoch: 89/150 Iter: 48/96 loss: 0.2279 acc: 0.8810 time 0.87s
Epoch: 89/150 Iter: 49/96 loss: 0.2244 acc: 0.8834 time 0.86s
Epoch: 89/150 Iter: 50/96 loss: 0.2335 acc: 0.8768 time 0.77s
Epoch: 89/150 Iter: 51/96 loss: 0.2391 acc: 0.8760 time 0.70s
Epoch: 89/150 Iter: 52/96 loss: 0.2374 acc: 0.8784 time 0.70s
Epoch: 89/150 Iter: 53/96 loss: 0.2363 acc: 0.8807 time 0.70s
Epoch: 89/150 Iter: 54/96 loss: 0.2353 acc: 0.8810 time 0.78s
Epoch: 89/150 Iter: 55/96 loss: 0.2315 acc: 0.8832 time 0.77s
Epoch: 89/150 Iter: 56/96 loss: 0.2293 acc: 0.8853 time 0.87s
Epoch: 89/150 Iter: 57/96 loss: 0.2282 acc: 0.8873 time 0.70s
Epoch: 89/150 Iter: 58/96 loss: 0.2356 acc: 0.8835 time 0.69s
Epoch: 89/150 Iter: 59/96 loss: 0.2346 acc: 0.8855 time 0.69s
Epoch: 89/150 Iter: 60/96 loss: 0.2366 acc: 0.8853 time 0.87s
Epoch: 89/150 Iter: 61/96 loss: 0.2336 acc: 0.8872 time 0.72s
Epoch: 89/150 Iter: 62/96 loss: 0.2339 acc: 0.8849 time 0.90s
Epoch: 89/150 Iter: 63/96 loss: 0.2333 acc: 0.8854 time 0.94s
Epoch: 89/150 Iter: 64/96 loss: 0.2307 acc: 0.8872 time 0.70s
Epoch: 89/150 Iter: 65/96 loss: 0.2338 acc: 0.8871 time 0.70s
Epoch: 89/150 Iter: 66/96 loss: 0.2350 acc: 0.8888 time 0.70s
Epoch: 89/150 Iter: 67/96 loss: 0.2329 acc: 0.8904 time 0.71s
Epoch: 89/150 Iter: 68/96 loss: 0.2302 acc: 0.8920 time 0.76s
Epoch: 89/150 Iter: 69/96 loss: 0.2325 acc: 0.8920 time 0.78s
Epoch: 89/150 Iter: 70/96 loss: 0.2308 acc: 0.8935 time 0.77s
Epoch: 89/150 Iter: 71/96 loss: 0.2285 acc: 0.8950 time 0.86s
Epoch: 89/150 Iter: 72/96 loss: 0.2311 acc: 0.8926 time 0.72s
Epoch: 89/150 Iter: 73/96 loss: 0.2378 acc: 0.8895 time 0.70s
Epoch: 89/150 Iter: 74/96 loss: 0.2351 acc: 0.8910 time 0.81s
Epoch: 89/150 Iter: 75/96 loss: 0.2383 acc: 0.8911 time 0.77s
Epoch: 89/150 Iter: 76/96 loss: 0.2366 acc: 0.8926 time 0.87s
Epoch: 89/150 Iter: 77/96 loss: 0.2382 acc: 0.8875 time 0.74s
Epoch: 89/150 Iter: 78/96 loss: 0.2381 acc: 0.8868 time 0.75s
Epoch: 89/150 Iter: 79/96 loss: 0.2400 acc: 0.8851 time 0.71s
Epoch: 89/150 Iter: 80/96 loss: 0.2374 acc: 0.8865 time 0.70s
Epoch: 89/150 Iter: 81/96 loss: 0.2356 acc: 0.8879 time 0.69s
Epoch: 89/150 Iter: 82/96 loss: 0.2350 acc: 0.8872 time 0.85s
Epoch: 89/150 Iter: 83/96 loss: 0.2345 acc: 0.8886 time 0.69s
Epoch: 89/150 Iter: 84/96 loss: 0.2422 acc: 0.8830 time 0.69s
Epoch: 89/150 Iter: 85/96 loss: 0.2521 acc: 0.8775 time 0.71s
Epoch: 89/150 Iter: 86/96 loss: 0.2494 acc: 0.8789 time 0.85s
Epoch: 89/150 Iter: 87/96 loss: 0.2477 acc: 0.8803 time 0.70s
Epoch: 89/150 Iter: 88/96 loss: 0.2524 acc: 0.8766 time 0.86s
Epoch: 89/150 Iter: 89/96 loss: 0.2512 acc: 0.8761 time 0.86s
Epoch: 89/150 Iter: 90/96 loss: 0.2487 acc: 0.8775 time 0.70s
Epoch: 89/150 Iter: 91/96 loss: 0.2482 acc: 0.8761 time 0.70s
Epoch: 89/150 Iter: 92/96 loss: 0.2465 acc: 0.8774 time 0.69s
Epoch: 89/150 Iter: 93/96 loss: 0.2443 acc: 0.8788 time 0.68s
Epoch: 89/150 Iter: 94/96 loss: 0.2449 acc: 0.8783 time 0.69s
Epoch: 89/150 Iter: 95/96 loss: 0.2439 acc: 0.8796 time 0.86s
Epoch: 89/150 Iter: 96/96 loss: 0.2420 acc: 0.8808 time 0.69s
[Train epoch 89] avg_loss=0.2420 avg_acc=0.8808 | per-class [c0: 0.897, c1: 0.933, c2: 0.906]
Final training 89/150, loss: 0.2420, time 73.85s, lr: 0.000387
Accuracy: 0.903
class                  precision    recall   specificity      f1   support
--------------------------------------------------------------------------
0                          0.937     0.897         0.942   0.916       281
1                          0.683     0.933         0.976   0.789        30
2                          0.902     0.906         0.916   0.904       265
*----------------------------------------*
0 Mon Feb 23 13:39:50 2026 Epoch: 90
Epoch: 90/150 Iter: 1/96 loss: 0.0453 acc: 1.0000 time 0.98s
Epoch: 90/150 Iter: 2/96 loss: 0.0337 acc: 1.0000 time 0.86s
Epoch: 90/150 Iter: 3/96 loss: 0.0694 acc: 1.0000 time 0.74s
Epoch: 90/150 Iter: 4/96 loss: 0.0550 acc: 1.0000 time 0.73s
Epoch: 90/150 Iter: 5/96 loss: 0.1005 acc: 0.9444 time 0.72s
Epoch: 90/150 Iter: 6/96 loss: 0.1023 acc: 0.9537 time 0.93s
Epoch: 90/150 Iter: 7/96 loss: 0.0947 acc: 0.9603 time 0.70s
Epoch: 90/150 Iter: 8/96 loss: 0.0843 acc: 0.9653 time 0.78s
Epoch: 90/150 Iter: 9/96 loss: 0.0896 acc: 0.9691 time 0.88s
Epoch: 90/150 Iter: 10/96 loss: 0.0847 acc: 0.9722 time 0.75s
Epoch: 90/150 Iter: 11/96 loss: 0.1349 acc: 0.9217 time 0.93s
Epoch: 90/150 Iter: 12/96 loss: 0.1283 acc: 0.9282 time 0.71s
Epoch: 90/150 Iter: 13/96 loss: 0.1571 acc: 0.8953 time 0.87s
Epoch: 90/150 Iter: 14/96 loss: 0.1541 acc: 0.9028 time 0.75s
Epoch: 90/150 Iter: 15/96 loss: 0.1668 acc: 0.9009 time 0.71s
Epoch: 90/150 Iter: 16/96 loss: 0.1690 acc: 0.8811 time 0.70s
Epoch: 90/150 Iter: 17/96 loss: 0.1708 acc: 0.8734 time 0.87s
Epoch: 90/150 Iter: 18/96 loss: 0.1874 acc: 0.8619 time 0.71s
Epoch: 90/150 Iter: 19/96 loss: 0.1783 acc: 0.8692 time 0.86s
Epoch: 90/150 Iter: 20/96 loss: 0.1885 acc: 0.8694 time 0.69s
Epoch: 90/150 Iter: 21/96 loss: 0.1815 acc: 0.8757 time 0.74s
Epoch: 90/150 Iter: 22/96 loss: 0.1800 acc: 0.8813 time 0.70s
Epoch: 90/150 Iter: 23/96 loss: 0.1748 acc: 0.8865 time 0.86s
Epoch: 90/150 Iter: 24/96 loss: 0.1707 acc: 0.8912 time 0.70s
Epoch: 90/150 Iter: 25/96 loss: 0.1658 acc: 0.8956 time 0.70s
Epoch: 90/150 Iter: 26/96 loss: 0.1604 acc: 0.8996 time 0.77s
Epoch: 90/150 Iter: 27/96 loss: 0.1721 acc: 0.8971 time 0.86s
Epoch: 90/150 Iter: 28/96 loss: 0.1669 acc: 0.9008 time 0.87s
Epoch: 90/150 Iter: 29/96 loss: 0.1712 acc: 0.8927 time 0.72s
Epoch: 90/150 Iter: 30/96 loss: 0.1778 acc: 0.8769 time 0.75s
Epoch: 90/150 Iter: 31/96 loss: 0.1769 acc: 0.8808 time 0.72s
Epoch: 90/150 Iter: 32/96 loss: 0.1822 acc: 0.8689 time 0.92s
Epoch: 90/150 Iter: 33/96 loss: 0.1784 acc: 0.8729 time 0.86s
Epoch: 90/150 Iter: 34/96 loss: 0.1976 acc: 0.8668 time 0.69s
Epoch: 90/150 Iter: 35/96 loss: 0.1942 acc: 0.8706 time 0.76s
Epoch: 90/150 Iter: 36/96 loss: 0.1909 acc: 0.8742 time 0.71s
Epoch: 90/150 Iter: 37/96 loss: 0.1873 acc: 0.8776 time 0.93s
Epoch: 90/150 Iter: 38/96 loss: 0.1890 acc: 0.8776 time 0.70s
Epoch: 90/150 Iter: 39/96 loss: 0.1860 acc: 0.8807 time 0.69s
Epoch: 90/150 Iter: 40/96 loss: 0.1855 acc: 0.8837 time 0.79s
Epoch: 90/150 Iter: 41/96 loss: 0.1862 acc: 0.8865 time 0.87s
Epoch: 90/150 Iter: 42/96 loss: 0.1841 acc: 0.8892 time 0.76s
Epoch: 90/150 Iter: 43/96 loss: 0.1817 acc: 0.8918 time 0.79s
Epoch: 90/150 Iter: 44/96 loss: 0.1788 acc: 0.8943 time 0.75s
Epoch: 90/150 Iter: 45/96 loss: 0.1778 acc: 0.8966 time 0.74s
Epoch: 90/150 Iter: 46/96 loss: 0.1749 acc: 0.8989 time 0.75s
Epoch: 90/150 Iter: 47/96 loss: 0.1726 acc: 0.9010 time 0.69s
Epoch: 90/150 Iter: 48/96 loss: 0.1691 acc: 0.9031 time 0.69s
Epoch: 90/150 Iter: 49/96 loss: 0.1716 acc: 0.8948 time 0.70s
Epoch: 90/150 Iter: 50/96 loss: 0.1759 acc: 0.8936 time 0.70s
Epoch: 90/150 Iter: 51/96 loss: 0.1848 acc: 0.8875 time 0.70s
Epoch: 90/150 Iter: 52/96 loss: 0.1834 acc: 0.8897 time 0.71s
Epoch: 90/150 Iter: 53/96 loss: 0.1807 acc: 0.8918 time 0.70s
Epoch: 90/150 Iter: 54/96 loss: 0.1790 acc: 0.8938 time 0.86s
Epoch: 90/150 Iter: 55/96 loss: 0.1819 acc: 0.8927 time 0.71s
Epoch: 90/150 Iter: 56/96 loss: 0.1806 acc: 0.8946 time 0.71s
Epoch: 90/150 Iter: 57/96 loss: 0.1791 acc: 0.8964 time 0.86s
Epoch: 90/150 Iter: 58/96 loss: 0.1850 acc: 0.8954 time 0.86s
Epoch: 90/150 Iter: 59/96 loss: 0.1853 acc: 0.8943 time 0.70s
Epoch: 90/150 Iter: 60/96 loss: 0.1858 acc: 0.8877 time 0.74s
Epoch: 90/150 Iter: 61/96 loss: 0.1919 acc: 0.8827 time 0.87s
Epoch: 90/150 Iter: 62/96 loss: 0.1925 acc: 0.8846 time 0.87s
Epoch: 90/150 Iter: 63/96 loss: 0.1945 acc: 0.8799 time 0.86s
Epoch: 90/150 Iter: 64/96 loss: 0.1946 acc: 0.8798 time 0.71s
Epoch: 90/150 Iter: 65/96 loss: 0.1977 acc: 0.8797 time 0.69s
Epoch: 90/150 Iter: 66/96 loss: 0.2137 acc: 0.8689 time 0.72s
Epoch: 90/150 Iter: 67/96 loss: 0.2113 acc: 0.8709 time 0.70s
Epoch: 90/150 Iter: 68/96 loss: 0.2107 acc: 0.8654 time 0.86s
Epoch: 90/150 Iter: 69/96 loss: 0.2116 acc: 0.8637 time 0.87s
Epoch: 90/150 Iter: 70/96 loss: 0.2087 acc: 0.8657 time 0.77s
Epoch: 90/150 Iter: 71/96 loss: 0.2082 acc: 0.8676 time 0.78s
Epoch: 90/150 Iter: 72/96 loss: 0.2122 acc: 0.8663 time 0.69s
Epoch: 90/150 Iter: 73/96 loss: 0.2116 acc: 0.8670 time 0.76s
Epoch: 90/150 Iter: 74/96 loss: 0.2106 acc: 0.8688 time 0.70s
Epoch: 90/150 Iter: 75/96 loss: 0.2090 acc: 0.8706 time 0.69s
Epoch: 90/150 Iter: 76/96 loss: 0.2093 acc: 0.8679 time 0.69s
Epoch: 90/150 Iter: 77/96 loss: 0.2095 acc: 0.8663 time 0.70s
Epoch: 90/150 Iter: 78/96 loss: 0.2095 acc: 0.8681 time 0.69s
Epoch: 90/150 Iter: 79/96 loss: 0.2143 acc: 0.8676 time 0.75s
Epoch: 90/150 Iter: 80/96 loss: 0.2125 acc: 0.8693 time 0.87s
Epoch: 90/150 Iter: 81/96 loss: 0.2105 acc: 0.8709 time 0.86s
Epoch: 90/150 Iter: 82/96 loss: 0.2100 acc: 0.8725 time 0.86s
Epoch: 90/150 Iter: 83/96 loss: 0.2077 acc: 0.8740 time 0.86s
Epoch: 90/150 Iter: 84/96 loss: 0.2059 acc: 0.8755 time 0.71s
Epoch: 90/150 Iter: 85/96 loss: 0.2046 acc: 0.8770 time 0.85s
Epoch: 90/150 Iter: 86/96 loss: 0.2083 acc: 0.8732 time 0.68s
Epoch: 90/150 Iter: 87/96 loss: 0.2128 acc: 0.8696 time 0.86s
Epoch: 90/150 Iter: 88/96 loss: 0.2109 acc: 0.8711 time 0.68s
Epoch: 90/150 Iter: 89/96 loss: 0.2128 acc: 0.8711 time 0.86s
Epoch: 90/150 Iter: 90/96 loss: 0.2128 acc: 0.8714 time 0.86s
Epoch: 90/150 Iter: 91/96 loss: 0.2114 acc: 0.8728 time 0.69s
Epoch: 90/150 Iter: 92/96 loss: 0.2093 acc: 0.8742 time 0.86s
Epoch: 90/150 Iter: 93/96 loss: 0.2184 acc: 0.8715 time 0.70s
Epoch: 90/150 Iter: 94/96 loss: 0.2170 acc: 0.8729 time 0.85s
Epoch: 90/150 Iter: 95/96 loss: 0.2156 acc: 0.8742 time 0.70s
Epoch: 90/150 Iter: 96/96 loss: 0.2140 acc: 0.8755 time 0.86s
[Train epoch 90] avg_loss=0.2140 avg_acc=0.8755 | per-class [c0: 0.907, c1: 0.966, c2: 0.917]
Final training 90/150, loss: 0.2140, time 74.30s, lr: 0.000377
Accuracy: 0.915
class                  precision    recall   specificity      f1   support
--------------------------------------------------------------------------
0                          0.951     0.907         0.956   0.929       281
1                          0.651     0.966         0.973   0.778        29
2                          0.921     0.917         0.932   0.919       266
*----------------------------------------*
Val 90/150 1/24, Acc: 0.5000, Loss: 5.1855, time 0.73s
Val 90/150 2/24, Acc: 0.5278, Loss: 2.7860, time 0.67s
Val 90/150 3/24, Acc: 0.6296, Loss: 1.9425, time 0.67s
Val 90/150 4/24, Acc: 0.7222, Loss: 1.4760, time 0.67s
Val 90/150 5/24, Acc: 0.7278, Loss: 1.2470, time 0.67s
Val 90/150 6/24, Acc: 0.7731, Loss: 1.0490, time 0.67s
Val 90/150 7/24, Acc: 0.7460, Loss: 0.9732, time 0.67s
Val 90/150 8/24, Acc: 0.7778, Loss: 0.8608, time 0.67s
Val 90/150 9/24, Acc: 0.7580, Loss: 0.7880, time 0.67s
Val 90/150 10/24, Acc: 0.7822, Loss: 0.7154, time 0.67s
Val 90/150 11/24, Acc: 0.8020, Loss: 0.6661, time 0.67s
Val 90/150 12/24, Acc: 0.7630, Loss: 0.6437, time 0.67s
Val 90/150 13/24, Acc: 0.7427, Loss: 0.6396, time 0.67s
Val 90/150 14/24, Acc: 0.7522, Loss: 0.6366, time 0.67s
Val 90/150 15/24, Acc: 0.7409, Loss: 0.6627, time 0.67s
Val 90/150 16/24, Acc: 0.7509, Loss: 0.6477, time 0.67s
Val 90/150 17/24, Acc: 0.7655, Loss: 0.6118, time 0.67s
Val 90/150 18/24, Acc: 0.7716, Loss: 0.5980, time 0.67s
Val 90/150 19/24, Acc: 0.7836, Loss: 0.5768, time 0.67s
Val 90/150 20/24, Acc: 0.7667, Loss: 0.5916, time 0.67s
Val 90/150 21/24, Acc: 0.7778, Loss: 0.5663, time 0.67s
Val 90/150 22/24, Acc: 0.7803, Loss: 0.5555, time 0.67s
Val 90/150 23/24, Acc: 0.7681, Loss: 0.6513, time 0.67s
Val 90/150 24/24, Acc: 0.7662, Loss: 0.6399, time 0.67s
[Val epoch 90] avg_acc=0.7662 | avg_loss=0.6399 | per-class [c0: 0.843, c1: 0.625, c2: 0.879]
Final validation 90/150, Val_acc: 0.7662, time 16.11sAccuracy: 0.847
class                  precision    recall   specificity      f1   support
--------------------------------------------------------------------------
0                          0.952     0.843         0.959   0.894        70
1                          0.417     0.625         0.949   0.500         8
2                          0.829     0.879         0.846   0.853        66
*========================================*
Saving checkpoint outputs/OrganoidsINRIA_XYZ_thinning_128/swinunetr/2026-02-23-11-31/training/model_final.pt
[EarlyStopping] no improve (21/40)
[EarlyStopping] no improve (22/40)
0 Mon Feb 23 13:41:25 2026 Epoch: 91
Epoch: 91/150 Iter: 1/96 loss: 0.5486 acc: 0.8750 time 1.21s
Epoch: 91/150 Iter: 2/96 loss: 0.2810 acc: 0.9375 time 0.71s
Epoch: 91/150 Iter: 3/96 loss: 0.2108 acc: 0.9583 time 0.69s
Epoch: 91/150 Iter: 4/96 loss: 0.1597 acc: 0.9688 time 0.86s
Epoch: 91/150 Iter: 5/96 loss: 0.2207 acc: 0.8950 time 0.75s
Epoch: 91/150 Iter: 6/96 loss: 0.2015 acc: 0.9125 time 0.69s
Epoch: 91/150 Iter: 7/96 loss: 0.1838 acc: 0.9250 time 0.86s
Epoch: 91/150 Iter: 8/96 loss: 0.1624 acc: 0.9344 time 0.87s
Epoch: 91/150 Iter: 9/96 loss: 0.1575 acc: 0.9417 time 0.73s
Epoch: 91/150 Iter: 10/96 loss: 0.1928 acc: 0.8675 time 0.71s
Epoch: 91/150 Iter: 11/96 loss: 0.1768 acc: 0.8795 time 0.86s
Epoch: 91/150 Iter: 12/96 loss: 0.1697 acc: 0.8896 time 0.76s
Epoch: 91/150 Iter: 13/96 loss: 0.1595 acc: 0.8981 time 0.70s
Epoch: 91/150 Iter: 14/96 loss: 0.1552 acc: 0.9054 time 0.86s
Epoch: 91/150 Iter: 15/96 loss: 0.1716 acc: 0.9006 time 0.72s
Epoch: 91/150 Iter: 16/96 loss: 0.2063 acc: 0.8964 time 0.92s
Epoch: 91/150 Iter: 17/96 loss: 0.2043 acc: 0.9025 time 0.76s
Epoch: 91/150 Iter: 18/96 loss: 0.1984 acc: 0.9079 time 0.77s
Epoch: 91/150 Iter: 19/96 loss: 0.1937 acc: 0.9127 time 0.70s
Epoch: 91/150 Iter: 20/96 loss: 0.2002 acc: 0.8963 time 0.69s
Epoch: 91/150 Iter: 21/96 loss: 0.1990 acc: 0.8880 time 0.86s
Epoch: 91/150 Iter: 22/96 loss: 0.1968 acc: 0.8880 time 0.70s
Epoch: 91/150 Iter: 23/96 loss: 0.1974 acc: 0.8856 time 0.76s
Epoch: 91/150 Iter: 24/96 loss: 0.2070 acc: 0.8709 time 0.87s
Epoch: 91/150 Iter: 25/96 loss: 0.2093 acc: 0.8711 time 0.70s
Epoch: 91/150 Iter: 26/96 loss: 0.2054 acc: 0.8761 time 0.76s
Epoch: 91/150 Iter: 27/96 loss: 0.2050 acc: 0.8765 time 0.70s
Epoch: 91/150 Iter: 28/96 loss: 0.1991 acc: 0.8810 time 0.70s
Epoch: 91/150 Iter: 29/96 loss: 0.2243 acc: 0.8621 time 0.87s
Epoch: 91/150 Iter: 30/96 loss: 0.2200 acc: 0.8667 time 0.70s
Epoch: 91/150 Iter: 31/96 loss: 0.2198 acc: 0.8669 time 0.74s
Epoch: 91/150 Iter: 32/96 loss: 0.2188 acc: 0.8711 time 0.71s
Epoch: 91/150 Iter: 33/96 loss: 0.2176 acc: 0.8750 time 0.76s
Epoch: 91/150 Iter: 34/96 loss: 0.2128 acc: 0.8787 time 0.72s
Epoch: 91/150 Iter: 35/96 loss: 0.2080 acc: 0.8821 time 0.75s
Epoch: 91/150 Iter: 36/96 loss: 0.2091 acc: 0.8743 time 0.71s
Epoch: 91/150 Iter: 37/96 loss: 0.2053 acc: 0.8777 time 0.69s
Epoch: 91/150 Iter: 38/96 loss: 0.2036 acc: 0.8809 time 0.86s
Epoch: 91/150 Iter: 39/96 loss: 0.2008 acc: 0.8840 time 0.73s
Epoch: 91/150 Iter: 40/96 loss: 0.2053 acc: 0.8838 time 0.75s
Epoch: 91/150 Iter: 41/96 loss: 0.2069 acc: 0.8839 time 0.88s
Epoch: 91/150 Iter: 42/96 loss: 0.2064 acc: 0.8827 time 0.69s
Epoch: 91/150 Iter: 43/96 loss: 0.2026 acc: 0.8854 time 0.76s
Epoch: 91/150 Iter: 44/96 loss: 0.2008 acc: 0.8880 time 0.93s
Epoch: 91/150 Iter: 45/96 loss: 0.2029 acc: 0.8806 time 0.93s
Epoch: 91/150 Iter: 46/96 loss: 0.2007 acc: 0.8832 time 0.70s
Epoch: 91/150 Iter: 47/96 loss: 0.1975 acc: 0.8857 time 0.76s
Epoch: 91/150 Iter: 48/96 loss: 0.1966 acc: 0.8881 time 0.70s
Epoch: 91/150 Iter: 49/96 loss: 0.1945 acc: 0.8904 time 0.87s
Epoch: 91/150 Iter: 50/96 loss: 0.1910 acc: 0.8926 time 0.71s
Epoch: 91/150 Iter: 51/96 loss: 0.1892 acc: 0.8947 time 0.74s
Epoch: 91/150 Iter: 52/96 loss: 0.1938 acc: 0.8967 time 0.69s
Epoch: 91/150 Iter: 53/96 loss: 0.1919 acc: 0.8911 time 0.90s
Epoch: 91/150 Iter: 54/96 loss: 0.1886 acc: 0.8931 time 0.86s
Epoch: 91/150 Iter: 55/96 loss: 0.1856 acc: 0.8951 time 0.86s
Epoch: 91/150 Iter: 56/96 loss: 0.1839 acc: 0.8969 time 0.86s
Epoch: 91/150 Iter: 57/96 loss: 0.1809 acc: 0.8987 time 0.73s
Epoch: 91/150 Iter: 58/96 loss: 0.1788 acc: 0.9005 time 0.75s
Epoch: 91/150 Iter: 59/96 loss: 0.1787 acc: 0.8993 time 0.87s
Epoch: 91/150 Iter: 60/96 loss: 0.1892 acc: 0.8927 time 0.87s
Epoch: 91/150 Iter: 61/96 loss: 0.1874 acc: 0.8944 time 0.87s
Epoch: 91/150 Iter: 62/96 loss: 0.1851 acc: 0.8961 time 0.86s
Epoch: 91/150 Iter: 63/96 loss: 0.1829 acc: 0.8978 time 0.69s
Epoch: 91/150 Iter: 64/96 loss: 0.1859 acc: 0.8916 time 0.77s
Epoch: 91/150 Iter: 65/96 loss: 0.1841 acc: 0.8932 time 0.86s
Epoch: 91/150 Iter: 66/96 loss: 0.1873 acc: 0.8930 time 0.70s
Epoch: 91/150 Iter: 67/96 loss: 0.1941 acc: 0.8883 time 0.71s
Epoch: 91/150 Iter: 68/96 loss: 0.1960 acc: 0.8900 time 0.75s
Epoch: 91/150 Iter: 69/96 loss: 0.1946 acc: 0.8916 time 0.70s
Epoch: 91/150 Iter: 70/96 loss: 0.2061 acc: 0.8868 time 0.69s
Epoch: 91/150 Iter: 71/96 loss: 0.2169 acc: 0.8806 time 0.86s
Epoch: 91/150 Iter: 72/96 loss: 0.2152 acc: 0.8822 time 0.71s
Epoch: 91/150 Iter: 73/96 loss: 0.2213 acc: 0.8777 time 0.87s
Epoch: 91/150 Iter: 74/96 loss: 0.2191 acc: 0.8794 time 0.87s
Epoch: 91/150 Iter: 75/96 loss: 0.2167 acc: 0.8810 time 0.69s
Epoch: 91/150 Iter: 76/96 loss: 0.2167 acc: 0.8809 time 0.77s
Epoch: 91/150 Iter: 77/96 loss: 0.2177 acc: 0.8789 time 0.74s
Epoch: 91/150 Iter: 78/96 loss: 0.2232 acc: 0.8788 time 0.93s
Epoch: 91/150 Iter: 79/96 loss: 0.2297 acc: 0.8788 time 0.73s
Epoch: 91/150 Iter: 80/96 loss: 0.2275 acc: 0.8803 time 0.87s
Epoch: 91/150 Iter: 81/96 loss: 0.2324 acc: 0.8746 time 0.70s
Epoch: 91/150 Iter: 82/96 loss: 0.2362 acc: 0.8736 time 0.69s
Epoch: 91/150 Iter: 83/96 loss: 0.2367 acc: 0.8701 time 0.71s
Epoch: 91/150 Iter: 84/96 loss: 0.2349 acc: 0.8717 time 0.69s
Epoch: 91/150 Iter: 85/96 loss: 0.2362 acc: 0.8712 time 0.85s
Epoch: 91/150 Iter: 86/96 loss: 0.2355 acc: 0.8702 time 0.68s
Epoch: 91/150 Iter: 87/96 loss: 0.2331 acc: 0.8716 time 0.69s
Epoch: 91/150 Iter: 88/96 loss: 0.2341 acc: 0.8703 time 0.69s
Epoch: 91/150 Iter: 89/96 loss: 0.2329 acc: 0.8717 time 0.86s
Epoch: 91/150 Iter: 90/96 loss: 0.2334 acc: 0.8704 time 0.86s
Epoch: 91/150 Iter: 91/96 loss: 0.2337 acc: 0.8709 time 0.69s
Epoch: 91/150 Iter: 92/96 loss: 0.2319 acc: 0.8723 time 0.69s
Epoch: 91/150 Iter: 93/96 loss: 0.2309 acc: 0.8737 time 0.86s
Epoch: 91/150 Iter: 94/96 loss: 0.2314 acc: 0.8741 time 0.71s
Epoch: 91/150 Iter: 95/96 loss: 0.2376 acc: 0.8741 time 0.86s
Epoch: 91/150 Iter: 96/96 loss: 0.2360 acc: 0.8754 time 0.69s
[Train epoch 91] avg_loss=0.2360 avg_acc=0.8754 | per-class [c0: 0.893, c1: 0.967, c2: 0.902]
Final training 91/150, loss: 0.2360, time 74.47s, lr: 0.000366
Accuracy: 0.901
class                  precision    recall   specificity      f1   support
--------------------------------------------------------------------------
0                          0.933     0.893         0.939   0.912       280
1                          0.674     0.967         0.974   0.795        30
2                          0.906     0.902         0.919   0.904       266
*----------------------------------------*
0 Mon Feb 23 13:42:40 2026 Epoch: 92
Epoch: 92/150 Iter: 1/96 loss: 0.2541 acc: 0.8333 time 1.07s
Epoch: 92/150 Iter: 2/96 loss: 0.4100 acc: 0.6389 time 0.87s
Epoch: 92/150 Iter: 3/96 loss: 0.3444 acc: 0.7176 time 0.69s
Epoch: 92/150 Iter: 4/96 loss: 0.3301 acc: 0.7569 time 0.89s
Epoch: 92/150 Iter: 5/96 loss: 0.2785 acc: 0.8056 time 0.87s
Epoch: 92/150 Iter: 6/96 loss: 0.2569 acc: 0.8380 time 0.74s
Epoch: 92/150 Iter: 7/96 loss: 0.2259 acc: 0.8611 time 0.70s
Epoch: 92/150 Iter: 8/96 loss: 0.2618 acc: 0.8628 time 0.69s
Epoch: 92/150 Iter: 9/96 loss: 0.2451 acc: 0.8781 time 0.75s
Epoch: 92/150 Iter: 10/96 loss: 0.2343 acc: 0.8653 time 0.88s
Epoch: 92/150 Iter: 11/96 loss: 0.2185 acc: 0.8775 time 0.70s
Epoch: 92/150 Iter: 12/96 loss: 0.2123 acc: 0.8877 time 0.87s
Epoch: 92/150 Iter: 13/96 loss: 0.2142 acc: 0.8868 time 0.69s
Epoch: 92/150 Iter: 14/96 loss: 0.2377 acc: 0.8710 time 0.70s
Epoch: 92/150 Iter: 15/96 loss: 0.2473 acc: 0.8407 time 0.71s
Epoch: 92/150 Iter: 16/96 loss: 0.2376 acc: 0.8507 time 0.75s
Epoch: 92/150 Iter: 17/96 loss: 0.2357 acc: 0.8301 time 0.87s
Epoch: 92/150 Iter: 18/96 loss: 0.2288 acc: 0.8302 time 0.87s
Epoch: 92/150 Iter: 19/96 loss: 0.2239 acc: 0.8392 time 0.77s
Epoch: 92/150 Iter: 20/96 loss: 0.2338 acc: 0.8139 time 0.76s
Epoch: 92/150 Iter: 21/96 loss: 0.2373 acc: 0.8148 time 0.72s
Epoch: 92/150 Iter: 22/96 loss: 0.2309 acc: 0.8232 time 0.86s
Epoch: 92/150 Iter: 23/96 loss: 0.2287 acc: 0.8309 time 0.87s
Epoch: 92/150 Iter: 24/96 loss: 0.2211 acc: 0.8380 time 0.74s
Epoch: 92/150 Iter: 25/96 loss: 0.2371 acc: 0.8267 time 0.70s
Epoch: 92/150 Iter: 26/96 loss: 0.2336 acc: 0.8333 time 0.71s
Epoch: 92/150 Iter: 27/96 loss: 0.2257 acc: 0.8395 time 0.86s
Epoch: 92/150 Iter: 28/96 loss: 0.2215 acc: 0.8452 time 0.86s
Epoch: 92/150 Iter: 29/96 loss: 0.2282 acc: 0.8352 time 0.71s
Epoch: 92/150 Iter: 30/96 loss: 0.2277 acc: 0.8370 time 0.69s
Epoch: 92/150 Iter: 31/96 loss: 0.2249 acc: 0.8423 time 0.75s
Epoch: 92/150 Iter: 32/96 loss: 0.2263 acc: 0.8394 time 0.69s
Epoch: 92/150 Iter: 33/96 loss: 0.2206 acc: 0.8443 time 0.69s
Epoch: 92/150 Iter: 34/96 loss: 0.2154 acc: 0.8489 time 0.74s
Epoch: 92/150 Iter: 35/96 loss: 0.2164 acc: 0.8496 time 0.71s
Epoch: 92/150 Iter: 36/96 loss: 0.2122 acc: 0.8538 time 0.69s
Epoch: 92/150 Iter: 37/96 loss: 0.2123 acc: 0.8544 time 0.71s
Epoch: 92/150 Iter: 38/96 loss: 0.2074 acc: 0.8582 time 0.78s
Epoch: 92/150 Iter: 39/96 loss: 0.2059 acc: 0.8618 time 0.87s
Epoch: 92/150 Iter: 40/96 loss: 0.2138 acc: 0.8590 time 0.88s
Epoch: 92/150 Iter: 41/96 loss: 0.2664 acc: 0.8503 time 0.87s
Epoch: 92/150 Iter: 42/96 loss: 0.2638 acc: 0.8509 time 0.72s
Epoch: 92/150 Iter: 43/96 loss: 0.2605 acc: 0.8543 time 0.86s
Epoch: 92/150 Iter: 44/96 loss: 0.2550 acc: 0.8576 time 0.86s
Epoch: 92/150 Iter: 45/96 loss: 0.2518 acc: 0.8608 time 0.72s
Epoch: 92/150 Iter: 46/96 loss: 0.2502 acc: 0.8584 time 0.86s
Epoch: 92/150 Iter: 47/96 loss: 0.2458 acc: 0.8614 time 0.75s
Epoch: 92/150 Iter: 48/96 loss: 0.2536 acc: 0.8527 time 0.70s
Epoch: 92/150 Iter: 49/96 loss: 0.2511 acc: 0.8557 time 0.70s
Epoch: 92/150 Iter: 50/96 loss: 0.2534 acc: 0.8475 time 0.76s
Epoch: 92/150 Iter: 51/96 loss: 0.2530 acc: 0.8472 time 0.70s
Epoch: 92/150 Iter: 52/96 loss: 0.2498 acc: 0.8502 time 0.71s
Epoch: 92/150 Iter: 53/96 loss: 0.2646 acc: 0.8446 time 0.75s
Epoch: 92/150 Iter: 54/96 loss: 0.2630 acc: 0.8454 time 0.87s
Epoch: 92/150 Iter: 55/96 loss: 0.2671 acc: 0.8462 time 0.76s
Epoch: 92/150 Iter: 56/96 loss: 0.2628 acc: 0.8490 time 0.86s
Epoch: 92/150 Iter: 57/96 loss: 0.2618 acc: 0.8516 time 0.87s
Epoch: 92/150 Iter: 58/96 loss: 0.2750 acc: 0.8438 time 0.86s
Epoch: 92/150 Iter: 59/96 loss: 0.2719 acc: 0.8465 time 0.71s
Epoch: 92/150 Iter: 60/96 loss: 0.2691 acc: 0.8490 time 0.69s
Epoch: 92/150 Iter: 61/96 loss: 0.2657 acc: 0.8515 time 0.74s
Epoch: 92/150 Iter: 62/96 loss: 0.2687 acc: 0.8472 time 0.85s
Epoch: 92/150 Iter: 63/96 loss: 0.2654 acc: 0.8496 time 0.86s
Epoch: 92/150 Iter: 64/96 loss: 0.2624 acc: 0.8467 time 0.69s
Epoch: 92/150 Iter: 65/96 loss: 0.2594 acc: 0.8491 time 0.86s
Epoch: 92/150 Iter: 66/96 loss: 0.2567 acc: 0.8514 time 0.86s
Epoch: 92/150 Iter: 67/96 loss: 0.2547 acc: 0.8536 time 0.70s
Epoch: 92/150 Iter: 68/96 loss: 0.2510 acc: 0.8558 time 0.70s
Epoch: 92/150 Iter: 69/96 loss: 0.2509 acc: 0.8560 time 0.87s
Epoch: 92/150 Iter: 70/96 loss: 0.2484 acc: 0.8581 time 0.87s
Epoch: 92/150 Iter: 71/96 loss: 0.2578 acc: 0.8516 time 0.74s
Epoch: 92/150 Iter: 72/96 loss: 0.2546 acc: 0.8537 time 0.71s
Epoch: 92/150 Iter: 73/96 loss: 0.2542 acc: 0.8523 time 0.88s
Epoch: 92/150 Iter: 74/96 loss: 0.2578 acc: 0.8475 time 0.69s
Epoch: 92/150 Iter: 75/96 loss: 0.2637 acc: 0.8436 time 0.70s
Epoch: 92/150 Iter: 76/96 loss: 0.2605 acc: 0.8457 time 0.93s
Epoch: 92/150 Iter: 77/96 loss: 0.2644 acc: 0.8412 time 0.77s
Epoch: 92/150 Iter: 78/96 loss: 0.2635 acc: 0.8416 time 0.70s
Epoch: 92/150 Iter: 79/96 loss: 0.2613 acc: 0.8436 time 0.93s
Epoch: 92/150 Iter: 80/96 loss: 0.2658 acc: 0.8406 time 0.69s
Epoch: 92/150 Iter: 81/96 loss: 0.2636 acc: 0.8426 time 0.70s
Epoch: 92/150 Iter: 82/96 loss: 0.2608 acc: 0.8445 time 0.70s
Epoch: 92/150 Iter: 83/96 loss: 0.2581 acc: 0.8464 time 0.69s
Epoch: 92/150 Iter: 84/96 loss: 0.2631 acc: 0.8455 time 0.69s
Epoch: 92/150 Iter: 85/96 loss: 0.2793 acc: 0.8444 time 0.69s
Epoch: 92/150 Iter: 86/96 loss: 0.2765 acc: 0.8462 time 0.85s
Epoch: 92/150 Iter: 87/96 loss: 0.2739 acc: 0.8480 time 0.69s
Epoch: 92/150 Iter: 88/96 loss: 0.2720 acc: 0.8497 time 0.86s
Epoch: 92/150 Iter: 89/96 loss: 0.2728 acc: 0.8458 time 0.70s
Epoch: 92/150 Iter: 90/96 loss: 0.2702 acc: 0.8475 time 0.86s
Epoch: 92/150 Iter: 91/96 loss: 0.2728 acc: 0.8464 time 0.69s
Epoch: 92/150 Iter: 92/96 loss: 0.2704 acc: 0.8481 time 0.85s
Epoch: 92/150 Iter: 93/96 loss: 0.2679 acc: 0.8497 time 0.86s
Epoch: 92/150 Iter: 94/96 loss: 0.2676 acc: 0.8504 time 0.68s
Epoch: 92/150 Iter: 95/96 loss: 0.2658 acc: 0.8520 time 0.70s
Epoch: 92/150 Iter: 96/96 loss: 0.2657 acc: 0.8523 time 0.86s
[Train epoch 92] avg_loss=0.2657 avg_acc=0.8523 | per-class [c0: 0.907, c1: 0.933, c2: 0.891]
Final training 92/150, loss: 0.2657, time 74.52s, lr: 0.000356
Accuracy: 0.901
class                  precision    recall   specificity      f1   support
--------------------------------------------------------------------------
0                          0.934     0.907         0.939   0.920       280
1                          0.622     0.933         0.969   0.747        30
2                          0.915     0.891         0.929   0.903       266
*----------------------------------------*
Val 92/150 1/24, Acc: 0.5000, Loss: 4.2667, time 0.67s
Val 92/150 2/24, Acc: 0.5278, Loss: 2.2441, time 0.67s
Val 92/150 3/24, Acc: 0.6296, Loss: 1.5872, time 0.67s
Val 92/150 4/24, Acc: 0.7222, Loss: 1.1982, time 0.67s
Val 92/150 5/24, Acc: 0.7778, Loss: 0.9884, time 0.67s
Val 92/150 6/24, Acc: 0.8148, Loss: 0.8307, time 0.67s
Val 92/150 7/24, Acc: 0.7817, Loss: 0.7703, time 0.67s
Val 92/150 8/24, Acc: 0.8090, Loss: 0.6919, time 0.67s
Val 92/150 9/24, Acc: 0.8302, Loss: 0.6302, time 0.67s
Val 92/150 10/24, Acc: 0.8472, Loss: 0.5811, time 0.67s
Val 92/150 11/24, Acc: 0.8460, Loss: 0.5690, time 0.67s
Val 92/150 12/24, Acc: 0.8032, Loss: 0.5686, time 0.67s
Val 92/150 13/24, Acc: 0.7799, Loss: 0.5796, time 0.67s
Val 92/150 14/24, Acc: 0.7867, Loss: 0.5777, time 0.67s
Val 92/150 15/24, Acc: 0.7731, Loss: 0.5861, time 0.67s
Val 92/150 16/24, Acc: 0.7811, Loss: 0.5608, time 0.67s
Val 92/150 17/24, Acc: 0.7940, Loss: 0.5301, time 0.67s
Val 92/150 18/24, Acc: 0.7985, Loss: 0.5214, time 0.67s
Val 92/150 19/24, Acc: 0.8038, Loss: 0.5047, time 0.67s
Val 92/150 20/24, Acc: 0.7858, Loss: 0.5237, time 0.67s
Val 92/150 21/24, Acc: 0.7960, Loss: 0.5010, time 0.67s
Val 92/150 22/24, Acc: 0.7977, Loss: 0.4982, time 0.67s
Val 92/150 23/24, Acc: 0.7920, Loss: 0.5730, time 0.67s
Val 92/150 24/24, Acc: 0.7961, Loss: 0.5645, time 0.67s
[Val epoch 92] avg_acc=0.7961 | avg_loss=0.5645 | per-class [c0: 0.814, c1: 0.625, c2: 0.939]
Final validation 92/150, Val_acc: 0.7961, time 16.03sAccuracy: 0.861
class                  precision    recall   specificity      f1   support
--------------------------------------------------------------------------
0                          0.983     0.814         0.986   0.891        70
1                          0.500     0.625         0.963   0.556         8
2                          0.816     0.939         0.821   0.873        66
*========================================*
Saving checkpoint outputs/OrganoidsINRIA_XYZ_thinning_128/swinunetr/2026-02-23-11-31/training/model_final.pt
[EarlyStopping] no improve (22/40)
[EarlyStopping] no improve (23/40)
0 Mon Feb 23 13:44:16 2026 Epoch: 93
Epoch: 93/150 Iter: 1/96 loss: 0.1461 acc: 1.0000 time 1.07s
Epoch: 93/150 Iter: 2/96 loss: 0.2026 acc: 0.9375 time 0.88s
Epoch: 93/150 Iter: 3/96 loss: 0.1501 acc: 0.9583 time 0.87s
Epoch: 93/150 Iter: 4/96 loss: 0.1250 acc: 0.9688 time 0.86s
Epoch: 93/150 Iter: 5/96 loss: 0.1018 acc: 0.9750 time 0.70s
Epoch: 93/150 Iter: 6/96 loss: 0.1091 acc: 0.9792 time 0.71s
Epoch: 93/150 Iter: 7/96 loss: 0.1145 acc: 0.9821 time 0.74s
Epoch: 93/150 Iter: 8/96 loss: 0.1108 acc: 0.9844 time 0.74s
Epoch: 93/150 Iter: 9/96 loss: 0.1241 acc: 0.9861 time 0.88s
Epoch: 93/150 Iter: 10/96 loss: 0.1903 acc: 0.9342 time 0.71s
Epoch: 93/150 Iter: 11/96 loss: 0.1779 acc: 0.9402 time 0.77s
Epoch: 93/150 Iter: 12/96 loss: 0.1729 acc: 0.9451 time 0.78s
Epoch: 93/150 Iter: 13/96 loss: 0.1803 acc: 0.9494 time 0.71s
Epoch: 93/150 Iter: 14/96 loss: 0.1859 acc: 0.9530 time 0.69s
Epoch: 93/150 Iter: 15/96 loss: 0.1777 acc: 0.9561 time 0.78s
Epoch: 93/150 Iter: 16/96 loss: 0.1891 acc: 0.9224 time 0.75s
Epoch: 93/150 Iter: 17/96 loss: 0.2329 acc: 0.9172 time 0.77s
Epoch: 93/150 Iter: 18/96 loss: 0.2255 acc: 0.9218 time 0.76s
Epoch: 93/150 Iter: 19/96 loss: 0.2155 acc: 0.9259 time 0.74s
Epoch: 93/150 Iter: 20/96 loss: 0.2066 acc: 0.9296 time 0.69s
Epoch: 93/150 Iter: 21/96 loss: 0.2001 acc: 0.9329 time 0.69s
Epoch: 93/150 Iter: 22/96 loss: 0.2027 acc: 0.9314 time 0.70s
Epoch: 93/150 Iter: 23/96 loss: 0.1980 acc: 0.9344 time 0.86s
Epoch: 93/150 Iter: 24/96 loss: 0.1972 acc: 0.9302 time 0.77s
Epoch: 93/150 Iter: 25/96 loss: 0.2018 acc: 0.9286 time 0.71s
Epoch: 93/150 Iter: 26/96 loss: 0.1955 acc: 0.9313 time 0.86s
Epoch: 93/150 Iter: 27/96 loss: 0.1890 acc: 0.9338 time 0.86s
Epoch: 93/150 Iter: 28/96 loss: 0.2288 acc: 0.9255 time 0.95s
Epoch: 93/150 Iter: 29/96 loss: 0.2348 acc: 0.9223 time 0.70s
Epoch: 93/150 Iter: 30/96 loss: 0.2386 acc: 0.9194 time 0.85s
Epoch: 93/150 Iter: 31/96 loss: 0.2537 acc: 0.9004 time 0.77s
Epoch: 93/150 Iter: 32/96 loss: 0.2573 acc: 0.9036 time 0.73s
Epoch: 93/150 Iter: 33/96 loss: 0.2538 acc: 0.9014 time 0.86s
Epoch: 93/150 Iter: 34/96 loss: 0.2714 acc: 0.8896 time 0.86s
Epoch: 93/150 Iter: 35/96 loss: 0.2639 acc: 0.8928 time 0.70s
Epoch: 93/150 Iter: 36/96 loss: 0.2575 acc: 0.8958 time 0.71s
Epoch: 93/150 Iter: 37/96 loss: 0.2518 acc: 0.8986 time 0.77s
Epoch: 93/150 Iter: 38/96 loss: 0.2536 acc: 0.8903 time 0.86s
Epoch: 93/150 Iter: 39/96 loss: 0.2509 acc: 0.8760 time 0.69s
Epoch: 93/150 Iter: 40/96 loss: 0.2639 acc: 0.8635 time 0.74s
Epoch: 93/150 Iter: 41/96 loss: 0.2727 acc: 0.8546 time 0.86s
Epoch: 93/150 Iter: 42/96 loss: 0.2903 acc: 0.8501 time 0.86s
Epoch: 93/150 Iter: 43/96 loss: 0.2936 acc: 0.8472 time 0.70s
Epoch: 93/150 Iter: 44/96 loss: 0.2875 acc: 0.8506 time 0.71s
Epoch: 93/150 Iter: 45/96 loss: 0.2820 acc: 0.8540 time 0.75s
Epoch: 93/150 Iter: 46/96 loss: 0.2840 acc: 0.8475 time 0.87s
Epoch: 93/150 Iter: 47/96 loss: 0.2829 acc: 0.8472 time 0.86s
Epoch: 93/150 Iter: 48/96 loss: 0.2801 acc: 0.8503 time 0.70s
Epoch: 93/150 Iter: 49/96 loss: 0.2771 acc: 0.8534 time 0.70s
Epoch: 93/150 Iter: 50/96 loss: 0.2733 acc: 0.8563 time 0.86s
Epoch: 93/150 Iter: 51/96 loss: 0.2754 acc: 0.8592 time 0.75s
Epoch: 93/150 Iter: 52/96 loss: 0.2723 acc: 0.8619 time 0.87s
Epoch: 93/150 Iter: 53/96 loss: 0.2680 acc: 0.8645 time 0.71s
Epoch: 93/150 Iter: 54/96 loss: 0.2651 acc: 0.8654 time 0.86s
Epoch: 93/150 Iter: 55/96 loss: 0.2646 acc: 0.8606 time 0.70s
Epoch: 93/150 Iter: 56/96 loss: 0.2669 acc: 0.8552 time 0.77s
Epoch: 93/150 Iter: 57/96 loss: 0.2633 acc: 0.8577 time 0.71s
Epoch: 93/150 Iter: 58/96 loss: 0.2640 acc: 0.8573 time 0.76s
Epoch: 93/150 Iter: 59/96 loss: 0.2600 acc: 0.8597 time 0.86s
Epoch: 93/150 Iter: 60/96 loss: 0.2560 acc: 0.8620 time 0.71s
Epoch: 93/150 Iter: 61/96 loss: 0.2658 acc: 0.8547 time 0.69s
Epoch: 93/150 Iter: 62/96 loss: 0.2773 acc: 0.8539 time 0.76s
Epoch: 93/150 Iter: 63/96 loss: 0.2749 acc: 0.8562 time 0.93s
Epoch: 93/150 Iter: 64/96 loss: 0.2744 acc: 0.8567 time 0.86s
Epoch: 93/150 Iter: 65/96 loss: 0.2711 acc: 0.8589 time 0.86s
Epoch: 93/150 Iter: 66/96 loss: 0.2681 acc: 0.8610 time 0.86s
Epoch: 93/150 Iter: 67/96 loss: 0.2644 acc: 0.8631 time 0.86s
Epoch: 93/150 Iter: 68/96 loss: 0.2654 acc: 0.8592 time 0.87s
Epoch: 93/150 Iter: 69/96 loss: 0.2631 acc: 0.8613 time 0.86s
Epoch: 93/150 Iter: 70/96 loss: 0.2603 acc: 0.8633 time 0.72s
Epoch: 93/150 Iter: 71/96 loss: 0.2612 acc: 0.8581 time 0.69s
Epoch: 93/150 Iter: 72/96 loss: 0.2607 acc: 0.8543 time 0.86s
Epoch: 93/150 Iter: 73/96 loss: 0.2596 acc: 0.8549 time 0.69s
Epoch: 93/150 Iter: 74/96 loss: 0.2594 acc: 0.8535 time 0.86s
Epoch: 93/150 Iter: 75/96 loss: 0.2625 acc: 0.8533 time 0.69s
Epoch: 93/150 Iter: 76/96 loss: 0.2617 acc: 0.8541 time 0.70s
Epoch: 93/150 Iter: 77/96 loss: 0.2597 acc: 0.8560 time 0.69s
Epoch: 93/150 Iter: 78/96 loss: 0.2576 acc: 0.8578 time 0.86s
Epoch: 93/150 Iter: 79/96 loss: 0.2548 acc: 0.8596 time 0.74s
Epoch: 93/150 Iter: 80/96 loss: 0.2554 acc: 0.8614 time 0.86s
Epoch: 93/150 Iter: 81/96 loss: 0.2667 acc: 0.8569 time 0.70s
Epoch: 93/150 Iter: 82/96 loss: 0.3001 acc: 0.8536 time 0.69s
Epoch: 93/150 Iter: 83/96 loss: 0.3028 acc: 0.8533 time 0.70s
Epoch: 93/150 Iter: 84/96 loss: 0.3036 acc: 0.8531 time 0.69s
Epoch: 93/150 Iter: 85/96 loss: 0.3062 acc: 0.8548 time 0.70s
Epoch: 93/150 Iter: 86/96 loss: 0.3070 acc: 0.8514 time 0.69s
Epoch: 93/150 Iter: 87/96 loss: 0.3044 acc: 0.8531 time 0.68s
Epoch: 93/150 Iter: 88/96 loss: 0.3023 acc: 0.8547 time 0.87s
Epoch: 93/150 Iter: 89/96 loss: 0.3033 acc: 0.8539 time 0.68s
Epoch: 93/150 Iter: 90/96 loss: 0.3036 acc: 0.8527 time 0.86s
Epoch: 93/150 Iter: 91/96 loss: 0.3017 acc: 0.8543 time 0.85s
Epoch: 93/150 Iter: 92/96 loss: 0.2996 acc: 0.8559 time 0.69s
Epoch: 93/150 Iter: 93/96 loss: 0.3009 acc: 0.8561 time 0.86s
Epoch: 93/150 Iter: 94/96 loss: 0.3003 acc: 0.8550 time 0.69s
Epoch: 93/150 Iter: 95/96 loss: 0.3014 acc: 0.8504 time 0.86s
Epoch: 93/150 Iter: 96/96 loss: 0.2998 acc: 0.8502 time 0.85s
[Train epoch 93] avg_loss=0.2998 avg_acc=0.8502 | per-class [c0: 0.875, c1: 0.867, c2: 0.906]
Final training 93/150, loss: 0.2998, time 74.83s, lr: 0.000345
Accuracy: 0.889
class                  precision    recall   specificity      f1   support
--------------------------------------------------------------------------
0                          0.950     0.875         0.956   0.911       280
1                          0.578     0.867         0.965   0.693        30
2                          0.883     0.906         0.897   0.894       266
*----------------------------------------*
0 Mon Feb 23 13:45:31 2026 Epoch: 94
Epoch: 94/150 Iter: 1/96 loss: 0.5057 acc: 0.6667 time 1.06s
Epoch: 94/150 Iter: 2/96 loss: 0.3476 acc: 0.8333 time 0.86s
Epoch: 94/150 Iter: 3/96 loss: 0.2773 acc: 0.8889 time 0.86s
Epoch: 94/150 Iter: 4/96 loss: 0.2761 acc: 0.8750 time 0.86s
Epoch: 94/150 Iter: 5/96 loss: 0.2486 acc: 0.9000 time 0.75s
Epoch: 94/150 Iter: 6/96 loss: 0.3744 acc: 0.8389 time 0.86s
Epoch: 94/150 Iter: 7/96 loss: 0.4387 acc: 0.8083 time 0.87s
Epoch: 94/150 Iter: 8/96 loss: 0.4110 acc: 0.8323 time 0.74s
Epoch: 94/150 Iter: 9/96 loss: 0.3847 acc: 0.8509 time 0.88s
Epoch: 94/150 Iter: 10/96 loss: 0.4269 acc: 0.8492 time 0.86s
Epoch: 94/150 Iter: 11/96 loss: 0.4041 acc: 0.8553 time 0.86s
Epoch: 94/150 Iter: 12/96 loss: 0.4275 acc: 0.8257 time 0.86s
Epoch: 94/150 Iter: 13/96 loss: 0.4484 acc: 0.8071 time 0.87s
Epoch: 94/150 Iter: 14/96 loss: 0.4215 acc: 0.8208 time 0.76s
Epoch: 94/150 Iter: 15/96 loss: 0.4043 acc: 0.8328 time 0.87s
Epoch: 94/150 Iter: 16/96 loss: 0.3884 acc: 0.8432 time 0.86s
Epoch: 94/150 Iter: 17/96 loss: 0.3788 acc: 0.8525 time 0.87s
Epoch: 94/150 Iter: 18/96 loss: 0.3751 acc: 0.8514 time 0.86s
Epoch: 94/150 Iter: 19/96 loss: 0.3948 acc: 0.8311 time 0.75s
Epoch: 94/150 Iter: 20/96 loss: 0.3842 acc: 0.8396 time 0.76s
Epoch: 94/150 Iter: 21/96 loss: 0.3713 acc: 0.8472 time 0.69s
Epoch: 94/150 Iter: 22/96 loss: 0.3577 acc: 0.8542 time 0.87s
Epoch: 94/150 Iter: 23/96 loss: 0.3461 acc: 0.8605 time 0.87s
Epoch: 94/150 Iter: 24/96 loss: 0.3373 acc: 0.8663 time 0.79s
Epoch: 94/150 Iter: 25/96 loss: 0.3322 acc: 0.8530 time 0.70s
Epoch: 94/150 Iter: 26/96 loss: 0.3254 acc: 0.8538 time 0.87s
Epoch: 94/150 Iter: 27/96 loss: 0.3298 acc: 0.8438 time 0.74s
Epoch: 94/150 Iter: 28/96 loss: 0.3221 acc: 0.8494 time 0.78s
Epoch: 94/150 Iter: 29/96 loss: 0.3125 acc: 0.8546 time 0.92s
Epoch: 94/150 Iter: 30/96 loss: 0.3170 acc: 0.8520 time 0.87s
Epoch: 94/150 Iter: 31/96 loss: 0.3146 acc: 0.8514 time 0.87s
Epoch: 94/150 Iter: 32/96 loss: 0.3169 acc: 0.8483 time 0.71s
Epoch: 94/150 Iter: 33/96 loss: 0.3157 acc: 0.8495 time 0.73s
Epoch: 94/150 Iter: 34/96 loss: 0.3160 acc: 0.8502 time 0.87s
Epoch: 94/150 Iter: 35/96 loss: 0.3107 acc: 0.8545 time 0.69s
Epoch: 94/150 Iter: 36/96 loss: 0.3220 acc: 0.8447 time 0.71s
Epoch: 94/150 Iter: 37/96 loss: 0.3399 acc: 0.8339 time 0.70s
Epoch: 94/150 Iter: 38/96 loss: 0.3413 acc: 0.8356 time 0.75s
Epoch: 94/150 Iter: 39/96 loss: 0.3348 acc: 0.8398 time 0.92s
Epoch: 94/150 Iter: 40/96 loss: 0.3332 acc: 0.8376 time 0.71s
Epoch: 94/150 Iter: 41/96 loss: 0.3317 acc: 0.8415 time 0.70s
Epoch: 94/150 Iter: 42/96 loss: 0.3272 acc: 0.8453 time 0.87s
Epoch: 94/150 Iter: 43/96 loss: 0.3204 acc: 0.8489 time 0.86s
Epoch: 94/150 Iter: 44/96 loss: 0.3313 acc: 0.8410 time 0.94s
Epoch: 94/150 Iter: 45/96 loss: 0.3278 acc: 0.8445 time 0.70s
Epoch: 94/150 Iter: 46/96 loss: 0.3261 acc: 0.8431 time 0.87s
Epoch: 94/150 Iter: 47/96 loss: 0.3199 acc: 0.8464 time 0.87s
Epoch: 94/150 Iter: 48/96 loss: 0.3171 acc: 0.8496 time 0.70s
Epoch: 94/150 Iter: 49/96 loss: 0.3152 acc: 0.8527 time 0.71s
Epoch: 94/150 Iter: 50/96 loss: 0.3095 acc: 0.8556 time 0.74s
Epoch: 94/150 Iter: 51/96 loss: 0.3126 acc: 0.8535 time 0.77s
Epoch: 94/150 Iter: 52/96 loss: 0.3084 acc: 0.8542 time 0.87s
Epoch: 94/150 Iter: 53/96 loss: 0.3039 acc: 0.8570 time 0.87s
Epoch: 94/150 Iter: 54/96 loss: 0.2989 acc: 0.8596 time 0.76s
Epoch: 94/150 Iter: 55/96 loss: 0.2950 acc: 0.8622 time 0.70s
Epoch: 94/150 Iter: 56/96 loss: 0.2926 acc: 0.8646 time 0.71s
Epoch: 94/150 Iter: 57/96 loss: 0.2880 acc: 0.8670 time 0.77s
Epoch: 94/150 Iter: 58/96 loss: 0.2866 acc: 0.8674 time 0.70s
Epoch: 94/150 Iter: 59/96 loss: 0.2841 acc: 0.8677 time 0.71s
Epoch: 94/150 Iter: 60/96 loss: 0.2805 acc: 0.8700 time 0.87s
Epoch: 94/150 Iter: 61/96 loss: 0.2767 acc: 0.8721 time 0.71s
Epoch: 94/150 Iter: 62/96 loss: 0.2804 acc: 0.8674 time 0.70s
Epoch: 94/150 Iter: 63/96 loss: 0.2853 acc: 0.8642 time 0.94s
Epoch: 94/150 Iter: 64/96 loss: 0.2814 acc: 0.8664 time 0.69s
Epoch: 94/150 Iter: 65/96 loss: 0.2795 acc: 0.8684 time 0.71s
Epoch: 94/150 Iter: 66/96 loss: 0.2804 acc: 0.8704 time 0.75s
Epoch: 94/150 Iter: 67/96 loss: 0.2797 acc: 0.8723 time 0.72s
Epoch: 94/150 Iter: 68/96 loss: 0.2781 acc: 0.8730 time 0.92s
Epoch: 94/150 Iter: 69/96 loss: 0.2869 acc: 0.8664 time 0.87s
Epoch: 94/150 Iter: 70/96 loss: 0.2837 acc: 0.8683 time 0.74s
Epoch: 94/150 Iter: 71/96 loss: 0.2810 acc: 0.8701 time 0.88s
Epoch: 94/150 Iter: 72/96 loss: 0.2874 acc: 0.8685 time 0.70s
Epoch: 94/150 Iter: 73/96 loss: 0.2863 acc: 0.8703 time 0.77s
Epoch: 94/150 Iter: 74/96 loss: 0.2831 acc: 0.8720 time 0.88s
Epoch: 94/150 Iter: 75/96 loss: 0.2836 acc: 0.8704 time 0.69s
Epoch: 94/150 Iter: 76/96 loss: 0.2814 acc: 0.8721 time 0.71s
Epoch: 94/150 Iter: 77/96 loss: 0.2825 acc: 0.8673 time 0.87s
Epoch: 94/150 Iter: 78/96 loss: 0.2800 acc: 0.8690 time 0.69s
Epoch: 94/150 Iter: 79/96 loss: 0.2814 acc: 0.8685 time 0.87s
Epoch: 94/150 Iter: 80/96 loss: 0.2784 acc: 0.8702 time 0.76s
Epoch: 94/150 Iter: 81/96 loss: 0.2806 acc: 0.8697 time 0.69s
Epoch: 94/150 Iter: 82/96 loss: 0.2874 acc: 0.8659 time 0.69s
Epoch: 94/150 Iter: 83/96 loss: 0.2873 acc: 0.8665 time 0.86s
Epoch: 94/150 Iter: 84/96 loss: 0.2896 acc: 0.8621 time 0.86s
Epoch: 94/150 Iter: 85/96 loss: 0.2871 acc: 0.8638 time 0.86s
Epoch: 94/150 Iter: 86/96 loss: 0.2847 acc: 0.8653 time 0.87s
Epoch: 94/150 Iter: 87/96 loss: 0.2965 acc: 0.8631 time 0.69s
Epoch: 94/150 Iter: 88/96 loss: 0.2938 acc: 0.8646 time 0.69s
Epoch: 94/150 Iter: 89/96 loss: 0.2973 acc: 0.8599 time 0.85s
Epoch: 94/150 Iter: 90/96 loss: 0.2971 acc: 0.8615 time 0.69s
Epoch: 94/150 Iter: 91/96 loss: 0.2956 acc: 0.8630 time 0.69s
Epoch: 94/150 Iter: 92/96 loss: 0.2979 acc: 0.8604 time 0.87s
Epoch: 94/150 Iter: 93/96 loss: 0.2955 acc: 0.8619 time 0.69s
Epoch: 94/150 Iter: 94/96 loss: 0.2932 acc: 0.8634 time 0.69s
Epoch: 94/150 Iter: 95/96 loss: 0.2915 acc: 0.8639 time 0.85s
Epoch: 94/150 Iter: 96/96 loss: 0.2895 acc: 0.8653 time 0.86s
[Train epoch 94] avg_loss=0.2895 avg_acc=0.8653 | per-class [c0: 0.875, c1: 0.933, c2: 0.887]
Final training 94/150, loss: 0.2895, time 76.39s, lr: 0.000335
Accuracy: 0.884
class                  precision    recall   specificity      f1   support
--------------------------------------------------------------------------
0                          0.928     0.875         0.936   0.901       280
1                          0.636     0.933         0.971   0.757        30
2                          0.881     0.887         0.897   0.884       266
*----------------------------------------*
Val 94/150 1/24, Acc: 0.5000, Loss: 4.7659, time 0.67s
Val 94/150 2/24, Acc: 0.5278, Loss: 2.6479, time 0.67s
Val 94/150 3/24, Acc: 0.5926, Loss: 1.8753, time 0.67s
Val 94/150 4/24, Acc: 0.6944, Loss: 1.4384, time 0.67s
Val 94/150 5/24, Acc: 0.7056, Loss: 1.2016, time 0.67s
Val 94/150 6/24, Acc: 0.7546, Loss: 1.0152, time 0.67s
Val 94/150 7/24, Acc: 0.7302, Loss: 0.9570, time 0.67s
Val 94/150 8/24, Acc: 0.7639, Loss: 0.8466, time 0.67s
Val 94/150 9/24, Acc: 0.7901, Loss: 0.7626, time 0.67s
Val 94/150 10/24, Acc: 0.8111, Loss: 0.6922, time 0.67s
Val 94/150 11/24, Acc: 0.8283, Loss: 0.6520, time 0.67s
Val 94/150 12/24, Acc: 0.8426, Loss: 0.6121, time 0.67s
Val 94/150 13/24, Acc: 0.8162, Loss: 0.5969, time 0.67s
Val 94/150 14/24, Acc: 0.8204, Loss: 0.5831, time 0.67s
Val 94/150 15/24, Acc: 0.7991, Loss: 0.6079, time 0.67s
Val 94/150 16/24, Acc: 0.8054, Loss: 0.5856, time 0.67s
Val 94/150 17/24, Acc: 0.8168, Loss: 0.5582, time 0.67s
Val 94/150 18/24, Acc: 0.8270, Loss: 0.5318, time 0.67s
Val 94/150 19/24, Acc: 0.8361, Loss: 0.5111, time 0.67s
Val 94/150 20/24, Acc: 0.8221, Loss: 0.5278, time 0.67s
Val 94/150 21/24, Acc: 0.8246, Loss: 0.5131, time 0.67s
Val 94/150 22/24, Acc: 0.8250, Loss: 0.5059, time 0.67s
Val 94/150 23/24, Acc: 0.8109, Loss: 0.5821, time 0.67s
Val 94/150 24/24, Acc: 0.8072, Loss: 0.5745, time 0.67s
[Val epoch 94] avg_acc=0.8072 | avg_loss=0.5745 | per-class [c0: 0.900, c1: 0.625, c2: 0.848]
Final validation 94/150, Val_acc: 0.8072, time 16.04sAccuracy: 0.861
class                  precision    recall   specificity      f1   support
--------------------------------------------------------------------------
0                          0.926     0.900         0.932   0.913        70
1                          0.385     0.625         0.941   0.476         8
2                          0.889     0.848         0.910   0.868        66
*========================================*
Saving checkpoint outputs/OrganoidsINRIA_XYZ_thinning_128/swinunetr/2026-02-23-11-31/training/model_final.pt
[EarlyStopping] no improve (23/40)
[EarlyStopping] no improve (24/40)
0 Mon Feb 23 13:47:08 2026 Epoch: 95
Epoch: 95/150 Iter: 1/96 loss: 0.0549 acc: 1.0000 time 1.28s
Epoch: 95/150 Iter: 2/96 loss: 0.2084 acc: 0.7778 time 0.87s
Epoch: 95/150 Iter: 3/96 loss: 0.2700 acc: 0.7037 time 0.70s
Epoch: 95/150 Iter: 4/96 loss: 0.2571 acc: 0.7361 time 0.70s
Epoch: 95/150 Iter: 5/96 loss: 0.2105 acc: 0.7889 time 0.86s
Epoch: 95/150 Iter: 6/96 loss: 0.1905 acc: 0.8241 time 0.87s
Epoch: 95/150 Iter: 7/96 loss: 0.2175 acc: 0.8254 time 0.72s
Epoch: 95/150 Iter: 8/96 loss: 0.2024 acc: 0.8472 time 0.78s
Epoch: 95/150 Iter: 9/96 loss: 0.3225 acc: 0.8457 time 0.71s
Epoch: 95/150 Iter: 10/96 loss: 0.3253 acc: 0.8236 time 0.86s
Epoch: 95/150 Iter: 11/96 loss: 0.2994 acc: 0.8396 time 0.86s
Epoch: 95/150 Iter: 12/96 loss: 0.2892 acc: 0.8530 time 0.75s
Epoch: 95/150 Iter: 13/96 loss: 0.2690 acc: 0.8643 time 0.69s
Epoch: 95/150 Iter: 14/96 loss: 0.2752 acc: 0.8343 time 0.76s
Epoch: 95/150 Iter: 15/96 loss: 0.2635 acc: 0.8454 time 0.70s
Epoch: 95/150 Iter: 16/96 loss: 0.2560 acc: 0.8550 time 0.70s
Epoch: 95/150 Iter: 17/96 loss: 0.2459 acc: 0.8636 time 0.86s
Epoch: 95/150 Iter: 18/96 loss: 0.2380 acc: 0.8711 time 0.86s
Epoch: 95/150 Iter: 19/96 loss: 0.2458 acc: 0.8713 time 0.76s
Epoch: 95/150 Iter: 20/96 loss: 0.3015 acc: 0.8611 time 0.70s
Epoch: 95/150 Iter: 21/96 loss: 0.2921 acc: 0.8677 time 0.70s
Epoch: 95/150 Iter: 22/96 loss: 0.2859 acc: 0.8737 time 0.86s
Epoch: 95/150 Iter: 23/96 loss: 0.2814 acc: 0.8792 time 0.70s
Epoch: 95/150 Iter: 24/96 loss: 0.2942 acc: 0.8704 time 0.86s
Epoch: 95/150 Iter: 25/96 loss: 0.2894 acc: 0.8756 time 0.69s
Epoch: 95/150 Iter: 26/96 loss: 0.2917 acc: 0.8611 time 0.70s
Epoch: 95/150 Iter: 27/96 loss: 0.3004 acc: 0.8601 time 0.74s
Epoch: 95/150 Iter: 28/96 loss: 0.2902 acc: 0.8651 time 0.71s
Epoch: 95/150 Iter: 29/96 loss: 0.2815 acc: 0.8697 time 0.86s
Epoch: 95/150 Iter: 30/96 loss: 0.2737 acc: 0.8741 time 0.69s
Epoch: 95/150 Iter: 31/96 loss: 0.2677 acc: 0.8781 time 0.86s
Epoch: 95/150 Iter: 32/96 loss: 0.2638 acc: 0.8819 time 0.70s
Epoch: 95/150 Iter: 33/96 loss: 0.2614 acc: 0.8855 time 0.86s
Epoch: 95/150 Iter: 34/96 loss: 0.2563 acc: 0.8889 time 0.87s
Epoch: 95/150 Iter: 35/96 loss: 0.2524 acc: 0.8921 time 0.74s
Epoch: 95/150 Iter: 36/96 loss: 0.2463 acc: 0.8951 time 0.72s
Epoch: 95/150 Iter: 37/96 loss: 0.2521 acc: 0.8934 time 0.69s
Epoch: 95/150 Iter: 38/96 loss: 0.2468 acc: 0.8962 time 0.87s
Epoch: 95/150 Iter: 39/96 loss: 0.2432 acc: 0.8989 time 0.86s
Epoch: 95/150 Iter: 40/96 loss: 0.2491 acc: 0.8972 time 0.70s
Epoch: 95/150 Iter: 41/96 loss: 0.2542 acc: 0.8936 time 0.71s
Epoch: 95/150 Iter: 42/96 loss: 0.2493 acc: 0.8962 time 0.71s
Epoch: 95/150 Iter: 43/96 loss: 0.2549 acc: 0.8947 time 0.78s
Epoch: 95/150 Iter: 44/96 loss: 0.2624 acc: 0.8880 time 0.70s
Epoch: 95/150 Iter: 45/96 loss: 0.2582 acc: 0.8905 time 0.71s
Epoch: 95/150 Iter: 46/96 loss: 0.2626 acc: 0.8832 time 0.86s
Epoch: 95/150 Iter: 47/96 loss: 0.2579 acc: 0.8857 time 0.93s
Epoch: 95/150 Iter: 48/96 loss: 0.2580 acc: 0.8860 time 0.87s
Epoch: 95/150 Iter: 49/96 loss: 0.2539 acc: 0.8883 time 0.70s
Epoch: 95/150 Iter: 50/96 loss: 0.2512 acc: 0.8906 time 0.87s
Epoch: 95/150 Iter: 51/96 loss: 0.2499 acc: 0.8911 time 0.87s
Epoch: 95/150 Iter: 52/96 loss: 0.2574 acc: 0.8835 time 0.74s
Epoch: 95/150 Iter: 53/96 loss: 0.2619 acc: 0.8839 time 0.87s
Epoch: 95/150 Iter: 54/96 loss: 0.2674 acc: 0.8842 time 0.70s
Epoch: 95/150 Iter: 55/96 loss: 0.2629 acc: 0.8863 time 0.71s
Epoch: 95/150 Iter: 56/96 loss: 0.2639 acc: 0.8853 time 0.87s
Epoch: 95/150 Iter: 57/96 loss: 0.2663 acc: 0.8844 time 0.87s
Epoch: 95/150 Iter: 58/96 loss: 0.2622 acc: 0.8864 time 0.70s
Epoch: 95/150 Iter: 59/96 loss: 0.2730 acc: 0.8784 time 0.70s
Epoch: 95/150 Iter: 60/96 loss: 0.2745 acc: 0.8784 time 0.86s
Epoch: 95/150 Iter: 61/96 loss: 0.2789 acc: 0.8722 time 0.71s
Epoch: 95/150 Iter: 62/96 loss: 0.2790 acc: 0.8678 time 0.72s
Epoch: 95/150 Iter: 63/96 loss: 0.2780 acc: 0.8633 time 0.86s
Epoch: 95/150 Iter: 64/96 loss: 0.2767 acc: 0.8635 time 0.87s
Epoch: 95/150 Iter: 65/96 loss: 0.2734 acc: 0.8656 time 0.75s
Epoch: 95/150 Iter: 66/96 loss: 0.2699 acc: 0.8676 time 0.75s
Epoch: 95/150 Iter: 67/96 loss: 0.2680 acc: 0.8696 time 0.95s
Epoch: 95/150 Iter: 68/96 loss: 0.2652 acc: 0.8715 time 0.75s
Epoch: 95/150 Iter: 69/96 loss: 0.2679 acc: 0.8697 time 0.78s
Epoch: 95/150 Iter: 70/96 loss: 0.2652 acc: 0.8716 time 0.87s
Epoch: 95/150 Iter: 71/96 loss: 0.2644 acc: 0.8722 time 0.69s
Epoch: 95/150 Iter: 72/96 loss: 0.2619 acc: 0.8740 time 0.77s
Epoch: 95/150 Iter: 73/96 loss: 0.2652 acc: 0.8740 time 0.70s
Epoch: 95/150 Iter: 74/96 loss: 0.2756 acc: 0.8740 time 0.72s
Epoch: 95/150 Iter: 75/96 loss: 0.2750 acc: 0.8735 time 0.78s
Epoch: 95/150 Iter: 76/96 loss: 0.2836 acc: 0.8675 time 0.70s
Epoch: 95/150 Iter: 77/96 loss: 0.2805 acc: 0.8692 time 0.69s
Epoch: 95/150 Iter: 78/96 loss: 0.2786 acc: 0.8709 time 0.73s
Epoch: 95/150 Iter: 79/96 loss: 0.2758 acc: 0.8725 time 0.75s
Epoch: 95/150 Iter: 80/96 loss: 0.2734 acc: 0.8741 time 0.75s
Epoch: 95/150 Iter: 81/96 loss: 0.2704 acc: 0.8757 time 0.70s
Epoch: 95/150 Iter: 82/96 loss: 0.2740 acc: 0.8717 time 0.86s
Epoch: 95/150 Iter: 83/96 loss: 0.2721 acc: 0.8733 time 0.86s
Epoch: 95/150 Iter: 84/96 loss: 0.2692 acc: 0.8748 time 0.69s
Epoch: 95/150 Iter: 85/96 loss: 0.2672 acc: 0.8763 time 0.87s
Epoch: 95/150 Iter: 86/96 loss: 0.2653 acc: 0.8777 time 0.70s
Epoch: 95/150 Iter: 87/96 loss: 0.2633 acc: 0.8791 time 0.69s
Epoch: 95/150 Iter: 88/96 loss: 0.2609 acc: 0.8805 time 0.69s
Epoch: 95/150 Iter: 89/96 loss: 0.2600 acc: 0.8818 time 0.70s
Epoch: 95/150 Iter: 90/96 loss: 0.2620 acc: 0.8820 time 0.86s
Epoch: 95/150 Iter: 91/96 loss: 0.2593 acc: 0.8833 time 0.86s
Epoch: 95/150 Iter: 92/96 loss: 0.2600 acc: 0.8798 time 0.69s
Epoch: 95/150 Iter: 93/96 loss: 0.2595 acc: 0.8797 time 0.70s
Epoch: 95/150 Iter: 94/96 loss: 0.2720 acc: 0.8757 time 0.71s
Epoch: 95/150 Iter: 95/96 loss: 0.2731 acc: 0.8744 time 0.69s
Epoch: 95/150 Iter: 96/96 loss: 0.2714 acc: 0.8757 time 0.85s
[Train epoch 95] avg_loss=0.2714 avg_acc=0.8757 | per-class [c0: 0.907, c1: 0.867, c2: 0.925]
Final training 95/150, loss: 0.2714, time 74.56s, lr: 0.000325
Accuracy: 0.913
class                  precision    recall   specificity      f1   support
--------------------------------------------------------------------------
0                          0.951     0.907         0.956   0.929       281
1                          0.634     0.867         0.973   0.732        30
2                          0.918     0.925         0.929   0.921       265
*----------------------------------------*
0 Mon Feb 23 13:48:22 2026 Epoch: 96
Epoch: 96/150 Iter: 1/96 loss: 0.1857 acc: 0.6000 time 1.24s
Epoch: 96/150 Iter: 2/96 loss: 0.3143 acc: 0.8000 time 0.88s
Epoch: 96/150 Iter: 3/96 loss: 0.2219 acc: 0.8667 time 0.86s
Epoch: 96/150 Iter: 4/96 loss: 0.1825 acc: 0.9000 time 0.70s
Epoch: 96/150 Iter: 5/96 loss: 0.1575 acc: 0.9200 time 0.87s
Epoch: 96/150 Iter: 6/96 loss: 0.1510 acc: 0.9333 time 0.70s
Epoch: 96/150 Iter: 7/96 loss: 0.1553 acc: 0.9429 time 0.70s
Epoch: 96/150 Iter: 8/96 loss: 0.1620 acc: 0.9396 time 0.70s
Epoch: 96/150 Iter: 9/96 loss: 0.1821 acc: 0.9352 time 0.88s
Epoch: 96/150 Iter: 10/96 loss: 0.2338 acc: 0.8833 time 0.71s
Epoch: 96/150 Iter: 11/96 loss: 0.2297 acc: 0.8939 time 0.71s
Epoch: 96/150 Iter: 12/96 loss: 0.2338 acc: 0.9028 time 0.87s
Epoch: 96/150 Iter: 13/96 loss: 0.2199 acc: 0.9103 time 0.71s
Epoch: 96/150 Iter: 14/96 loss: 0.2049 acc: 0.9167 time 0.87s
Epoch: 96/150 Iter: 15/96 loss: 0.2052 acc: 0.9222 time 0.86s
Epoch: 96/150 Iter: 16/96 loss: 0.2047 acc: 0.9208 time 0.88s
Epoch: 96/150 Iter: 17/96 loss: 0.1963 acc: 0.9255 time 0.87s
Epoch: 96/150 Iter: 18/96 loss: 0.1963 acc: 0.9227 time 0.72s
Epoch: 96/150 Iter: 19/96 loss: 0.1871 acc: 0.9268 time 0.69s
Epoch: 96/150 Iter: 20/96 loss: 0.1801 acc: 0.9304 time 0.69s
Epoch: 96/150 Iter: 21/96 loss: 0.1934 acc: 0.8988 time 0.77s
Epoch: 96/150 Iter: 22/96 loss: 0.2267 acc: 0.8920 time 0.69s
Epoch: 96/150 Iter: 23/96 loss: 0.2212 acc: 0.8967 time 0.71s
Epoch: 96/150 Iter: 24/96 loss: 0.2163 acc: 0.8969 time 0.70s
Epoch: 96/150 Iter: 25/96 loss: 0.2096 acc: 0.9010 time 0.86s
Epoch: 96/150 Iter: 26/96 loss: 0.2042 acc: 0.9048 time 0.86s
Epoch: 96/150 Iter: 27/96 loss: 0.1999 acc: 0.9083 time 0.86s
Epoch: 96/150 Iter: 28/96 loss: 0.1952 acc: 0.9116 time 0.87s
Epoch: 96/150 Iter: 29/96 loss: 0.1931 acc: 0.9147 time 0.71s
Epoch: 96/150 Iter: 30/96 loss: 0.1894 acc: 0.9175 time 0.87s
Epoch: 96/150 Iter: 31/96 loss: 0.1931 acc: 0.9202 time 0.75s
Epoch: 96/150 Iter: 32/96 loss: 0.2007 acc: 0.9174 time 0.79s
Epoch: 96/150 Iter: 33/96 loss: 0.1998 acc: 0.9199 time 0.69s
Epoch: 96/150 Iter: 34/96 loss: 0.2193 acc: 0.9076 time 0.70s
Epoch: 96/150 Iter: 35/96 loss: 0.2208 acc: 0.8960 time 0.71s
Epoch: 96/150 Iter: 36/96 loss: 0.2254 acc: 0.8965 time 0.74s
Epoch: 96/150 Iter: 37/96 loss: 0.2219 acc: 0.8993 time 0.71s
Epoch: 96/150 Iter: 38/96 loss: 0.2204 acc: 0.9020 time 0.86s
Epoch: 96/150 Iter: 39/96 loss: 0.2193 acc: 0.9045 time 0.70s
Epoch: 96/150 Iter: 40/96 loss: 0.2229 acc: 0.8965 time 0.70s
Epoch: 96/150 Iter: 41/96 loss: 0.2193 acc: 0.8990 time 0.87s
Epoch: 96/150 Iter: 42/96 loss: 0.2144 acc: 0.9014 time 0.75s
Epoch: 96/150 Iter: 43/96 loss: 0.2108 acc: 0.9037 time 0.70s
Epoch: 96/150 Iter: 44/96 loss: 0.2067 acc: 0.9059 time 0.75s
Epoch: 96/150 Iter: 45/96 loss: 0.2059 acc: 0.9080 time 0.87s
Epoch: 96/150 Iter: 46/96 loss: 0.2058 acc: 0.9027 time 0.75s
Epoch: 96/150 Iter: 47/96 loss: 0.2029 acc: 0.9048 time 0.76s
Epoch: 96/150 Iter: 48/96 loss: 0.2014 acc: 0.9068 time 0.70s
Epoch: 96/150 Iter: 49/96 loss: 0.2042 acc: 0.8996 time 0.87s
Epoch: 96/150 Iter: 50/96 loss: 0.2053 acc: 0.8991 time 0.87s
Epoch: 96/150 Iter: 51/96 loss: 0.2065 acc: 0.8978 time 0.70s
Epoch: 96/150 Iter: 52/96 loss: 0.2053 acc: 0.8998 time 0.87s
Epoch: 96/150 Iter: 53/96 loss: 0.2067 acc: 0.8985 time 0.87s
Epoch: 96/150 Iter: 54/96 loss: 0.2080 acc: 0.8922 time 0.75s
Epoch: 96/150 Iter: 55/96 loss: 0.2048 acc: 0.8941 time 0.75s
Epoch: 96/150 Iter: 56/96 loss: 0.2017 acc: 0.8960 time 0.71s
Epoch: 96/150 Iter: 57/96 loss: 0.2034 acc: 0.8949 time 0.73s
Epoch: 96/150 Iter: 58/96 loss: 0.2058 acc: 0.8939 time 0.87s
Epoch: 96/150 Iter: 59/96 loss: 0.2052 acc: 0.8935 time 0.70s
Epoch: 96/150 Iter: 60/96 loss: 0.2025 acc: 0.8953 time 0.78s
Epoch: 96/150 Iter: 61/96 loss: 0.2066 acc: 0.8929 time 0.78s
Epoch: 96/150 Iter: 62/96 loss: 0.2035 acc: 0.8947 time 0.87s
Epoch: 96/150 Iter: 63/96 loss: 0.2075 acc: 0.8900 time 0.86s
Epoch: 96/150 Iter: 64/96 loss: 0.2056 acc: 0.8917 time 0.87s
Epoch: 96/150 Iter: 65/96 loss: 0.2034 acc: 0.8934 time 0.75s
Epoch: 96/150 Iter: 66/96 loss: 0.2026 acc: 0.8933 time 0.73s
Epoch: 96/150 Iter: 67/96 loss: 0.2008 acc: 0.8949 time 0.75s
Epoch: 96/150 Iter: 68/96 loss: 0.1980 acc: 0.8964 time 0.91s
Epoch: 96/150 Iter: 69/96 loss: 0.1978 acc: 0.8979 time 0.70s
Epoch: 96/150 Iter: 70/96 loss: 0.1963 acc: 0.8994 time 0.87s
Epoch: 96/150 Iter: 71/96 loss: 0.1981 acc: 0.8985 time 0.93s
Epoch: 96/150 Iter: 72/96 loss: 0.1969 acc: 0.8987 time 0.78s
Epoch: 96/150 Iter: 73/96 loss: 0.1983 acc: 0.8933 time 0.69s
Epoch: 96/150 Iter: 74/96 loss: 0.1986 acc: 0.8947 time 0.87s
Epoch: 96/150 Iter: 75/96 loss: 0.2011 acc: 0.8946 time 0.70s
Epoch: 96/150 Iter: 76/96 loss: 0.1986 acc: 0.8960 time 0.86s
Epoch: 96/150 Iter: 77/96 loss: 0.1969 acc: 0.8974 time 0.70s
Epoch: 96/150 Iter: 78/96 loss: 0.1961 acc: 0.8987 time 0.87s
Epoch: 96/150 Iter: 79/96 loss: 0.1950 acc: 0.9000 time 0.73s
Epoch: 96/150 Iter: 80/96 loss: 0.1955 acc: 0.9012 time 0.81s
Epoch: 96/150 Iter: 81/96 loss: 0.1939 acc: 0.9024 time 0.85s
Epoch: 96/150 Iter: 82/96 loss: 0.1917 acc: 0.9036 time 0.86s
Epoch: 96/150 Iter: 83/96 loss: 0.1921 acc: 0.9048 time 0.71s
Epoch: 96/150 Iter: 84/96 loss: 0.1909 acc: 0.9059 time 0.70s
Epoch: 96/150 Iter: 85/96 loss: 0.1912 acc: 0.9021 time 0.87s
Epoch: 96/150 Iter: 86/96 loss: 0.1932 acc: 0.8981 time 0.86s
Epoch: 96/150 Iter: 87/96 loss: 0.1920 acc: 0.8993 time 0.71s
Epoch: 96/150 Iter: 88/96 loss: 0.1901 acc: 0.9004 time 0.69s
Epoch: 96/150 Iter: 89/96 loss: 0.2044 acc: 0.8959 time 0.69s
Epoch: 96/150 Iter: 90/96 loss: 0.2081 acc: 0.8957 time 0.86s
Epoch: 96/150 Iter: 91/96 loss: 0.2073 acc: 0.8968 time 0.71s
Epoch: 96/150 Iter: 92/96 loss: 0.2073 acc: 0.8961 time 0.86s
Epoch: 96/150 Iter: 93/96 loss: 0.2080 acc: 0.8955 time 0.69s
Epoch: 96/150 Iter: 94/96 loss: 0.2104 acc: 0.8948 time 0.70s
Epoch: 96/150 Iter: 95/96 loss: 0.2161 acc: 0.8938 time 0.69s
Epoch: 96/150 Iter: 96/96 loss: 0.2140 acc: 0.8949 time 0.85s
[Train epoch 96] avg_loss=0.2140 avg_acc=0.8949 | per-class [c0: 0.915, c1: 0.967, c2: 0.932]
Final training 96/150, loss: 0.2140, time 75.36s, lr: 0.000315
Accuracy: 0.925
class                  precision    recall   specificity      f1   support
--------------------------------------------------------------------------
0                          0.970     0.915         0.973   0.941       281
1                          0.659     0.967         0.973   0.784        30
2                          0.925     0.932         0.936   0.929       265
*----------------------------------------*
Val 96/150 1/24, Acc: 0.5000, Loss: 3.8789, time 0.67s
Val 96/150 2/24, Acc: 0.5278, Loss: 2.2173, time 0.67s
Val 96/150 3/24, Acc: 0.5926, Loss: 1.5429, time 0.67s
Val 96/150 4/24, Acc: 0.6944, Loss: 1.1764, time 0.67s
Val 96/150 5/24, Acc: 0.7056, Loss: 0.9941, time 0.67s
Val 96/150 6/24, Acc: 0.7546, Loss: 0.8371, time 0.67s
Val 96/150 7/24, Acc: 0.7302, Loss: 0.8162, time 0.67s
Val 96/150 8/24, Acc: 0.7639, Loss: 0.7212, time 0.67s
Val 96/150 9/24, Acc: 0.7901, Loss: 0.6483, time 0.67s
Val 96/150 10/24, Acc: 0.8111, Loss: 0.5887, time 0.67s
Val 96/150 11/24, Acc: 0.8283, Loss: 0.5508, time 0.67s
Val 96/150 12/24, Acc: 0.7940, Loss: 0.5190, time 0.67s
Val 96/150 13/24, Acc: 0.7714, Loss: 0.5294, time 0.67s
Val 96/150 14/24, Acc: 0.7788, Loss: 0.5245, time 0.67s
Val 96/150 15/24, Acc: 0.7880, Loss: 0.5301, time 0.67s
Val 96/150 16/24, Acc: 0.7950, Loss: 0.5079, time 0.67s
Val 96/150 17/24, Acc: 0.8070, Loss: 0.4821, time 0.67s
Val 96/150 18/24, Acc: 0.8108, Loss: 0.4688, time 0.67s
Val 96/150 19/24, Acc: 0.8208, Loss: 0.4518, time 0.67s
Val 96/150 20/24, Acc: 0.8019, Loss: 0.4871, time 0.67s
Val 96/150 21/24, Acc: 0.8114, Loss: 0.4692, time 0.67s
Val 96/150 22/24, Acc: 0.8124, Loss: 0.4600, time 0.67s
Val 96/150 23/24, Acc: 0.7988, Loss: 0.5293, time 0.67s
Val 96/150 24/24, Acc: 0.7956, Loss: 0.5236, time 0.67s
[Val epoch 96] avg_acc=0.7956 | avg_loss=0.5236 | per-class [c0: 0.857, c1: 0.750, c2: 0.879]
Final validation 96/150, Val_acc: 0.7956, time 16.06sAccuracy: 0.861
class                  precision    recall   specificity      f1   support
--------------------------------------------------------------------------
0                          0.968     0.857         0.973   0.909        70
1                          0.429     0.750         0.941   0.545         8
2                          0.853     0.879         0.872   0.866        66
*========================================*
Saving checkpoint outputs/OrganoidsINRIA_XYZ_thinning_128/swinunetr/2026-02-23-11-31/training/model_final.pt
[EarlyStopping] no improve (24/40)
[EarlyStopping] no improve (25/40)
0 Mon Feb 23 13:49:59 2026 Epoch: 97
Epoch: 97/150 Iter: 1/96 loss: 0.1214 acc: 1.0000 time 1.09s
Epoch: 97/150 Iter: 2/96 loss: 0.2171 acc: 0.8750 time 0.86s
Epoch: 97/150 Iter: 3/96 loss: 0.4512 acc: 0.6574 time 0.87s
Epoch: 97/150 Iter: 4/96 loss: 0.3754 acc: 0.7431 time 0.70s
Epoch: 97/150 Iter: 5/96 loss: 0.3488 acc: 0.7056 time 0.70s
Epoch: 97/150 Iter: 6/96 loss: 0.4126 acc: 0.6852 time 0.87s
Epoch: 97/150 Iter: 7/96 loss: 0.3702 acc: 0.7302 time 0.70s
Epoch: 97/150 Iter: 8/96 loss: 0.3589 acc: 0.7431 time 0.71s
Epoch: 97/150 Iter: 9/96 loss: 0.3221 acc: 0.7716 time 0.86s
Epoch: 97/150 Iter: 10/96 loss: 0.3030 acc: 0.7944 time 0.72s
Epoch: 97/150 Iter: 11/96 loss: 0.2790 acc: 0.8131 time 0.72s
Epoch: 97/150 Iter: 12/96 loss: 0.2665 acc: 0.8287 time 0.70s
Epoch: 97/150 Iter: 13/96 loss: 0.2500 acc: 0.8419 time 0.71s
Epoch: 97/150 Iter: 14/96 loss: 0.2352 acc: 0.8532 time 0.69s
Epoch: 97/150 Iter: 15/96 loss: 0.2354 acc: 0.8556 time 0.75s
Epoch: 97/150 Iter: 16/96 loss: 0.2588 acc: 0.8438 time 0.87s
Epoch: 97/150 Iter: 17/96 loss: 0.2471 acc: 0.8529 time 0.71s
Epoch: 97/150 Iter: 18/96 loss: 0.2408 acc: 0.8611 time 0.69s
Epoch: 97/150 Iter: 19/96 loss: 0.2698 acc: 0.8487 time 0.86s
Epoch: 97/150 Iter: 20/96 loss: 0.2592 acc: 0.8563 time 0.87s
Epoch: 97/150 Iter: 21/96 loss: 0.2711 acc: 0.8583 time 0.86s
Epoch: 97/150 Iter: 22/96 loss: 0.2744 acc: 0.8420 time 0.86s
Epoch: 97/150 Iter: 23/96 loss: 0.2702 acc: 0.8489 time 0.87s
Epoch: 97/150 Iter: 24/96 loss: 0.2623 acc: 0.8552 time 0.70s
Epoch: 97/150 Iter: 25/96 loss: 0.2720 acc: 0.8388 time 0.88s
Epoch: 97/150 Iter: 26/96 loss: 0.2678 acc: 0.8450 time 0.70s
Epoch: 97/150 Iter: 27/96 loss: 0.2607 acc: 0.8507 time 0.70s
Epoch: 97/150 Iter: 28/96 loss: 0.2552 acc: 0.8561 time 0.76s
Epoch: 97/150 Iter: 29/96 loss: 0.2478 acc: 0.8610 time 0.91s
Epoch: 97/150 Iter: 30/96 loss: 0.2426 acc: 0.8619 time 0.86s
Epoch: 97/150 Iter: 31/96 loss: 0.2414 acc: 0.8610 time 0.87s
Epoch: 97/150 Iter: 32/96 loss: 0.2447 acc: 0.8515 time 0.78s
Epoch: 97/150 Iter: 33/96 loss: 0.2418 acc: 0.8560 time 0.76s
Epoch: 97/150 Iter: 34/96 loss: 0.2400 acc: 0.8569 time 0.86s
Epoch: 97/150 Iter: 35/96 loss: 0.2376 acc: 0.8579 time 0.69s
Epoch: 97/150 Iter: 36/96 loss: 0.2317 acc: 0.8618 time 0.77s
Epoch: 97/150 Iter: 37/96 loss: 0.2317 acc: 0.8655 time 0.87s
Epoch: 97/150 Iter: 38/96 loss: 0.2325 acc: 0.8632 time 0.87s
Epoch: 97/150 Iter: 39/96 loss: 0.2293 acc: 0.8667 time 0.74s
Epoch: 97/150 Iter: 40/96 loss: 0.2261 acc: 0.8701 time 0.74s
Epoch: 97/150 Iter: 41/96 loss: 0.2212 acc: 0.8732 time 0.70s
Epoch: 97/150 Iter: 42/96 loss: 0.2276 acc: 0.8723 time 0.86s
Epoch: 97/150 Iter: 43/96 loss: 0.2243 acc: 0.8753 time 0.87s
Epoch: 97/150 Iter: 44/96 loss: 0.2266 acc: 0.8667 time 0.88s
Epoch: 97/150 Iter: 45/96 loss: 0.2233 acc: 0.8697 time 0.70s
Epoch: 97/150 Iter: 46/96 loss: 0.2193 acc: 0.8725 time 0.75s
Epoch: 97/150 Iter: 47/96 loss: 0.2163 acc: 0.8752 time 0.69s
Epoch: 97/150 Iter: 48/96 loss: 0.2147 acc: 0.8778 time 0.92s
Epoch: 97/150 Iter: 49/96 loss: 0.2104 acc: 0.8803 time 0.69s
Epoch: 97/150 Iter: 50/96 loss: 0.2100 acc: 0.8827 time 0.93s
Epoch: 97/150 Iter: 51/96 loss: 0.2079 acc: 0.8850 time 0.86s
Epoch: 97/150 Iter: 52/96 loss: 0.2151 acc: 0.8760 time 0.94s
Epoch: 97/150 Iter: 53/96 loss: 0.2141 acc: 0.8784 time 0.70s
Epoch: 97/150 Iter: 54/96 loss: 0.2114 acc: 0.8806 time 0.86s
Epoch: 97/150 Iter: 55/96 loss: 0.2078 acc: 0.8828 time 0.69s
Epoch: 97/150 Iter: 56/96 loss: 0.2047 acc: 0.8849 time 0.74s
Epoch: 97/150 Iter: 57/96 loss: 0.2033 acc: 0.8869 time 0.86s
Epoch: 97/150 Iter: 58/96 loss: 0.2021 acc: 0.8888 time 0.88s
Epoch: 97/150 Iter: 59/96 loss: 0.2005 acc: 0.8907 time 0.86s
Epoch: 97/150 Iter: 60/96 loss: 0.1989 acc: 0.8925 time 0.87s
Epoch: 97/150 Iter: 61/96 loss: 0.1965 acc: 0.8943 time 0.86s
Epoch: 97/150 Iter: 62/96 loss: 0.1978 acc: 0.8940 time 0.74s
Epoch: 97/150 Iter: 63/96 loss: 0.1951 acc: 0.8957 time 0.76s
Epoch: 97/150 Iter: 64/96 loss: 0.1971 acc: 0.8886 time 0.86s
Epoch: 97/150 Iter: 65/96 loss: 0.2002 acc: 0.8865 time 0.76s
Epoch: 97/150 Iter: 66/96 loss: 0.1973 acc: 0.8882 time 0.74s
Epoch: 97/150 Iter: 67/96 loss: 0.1944 acc: 0.8899 time 0.71s
Epoch: 97/150 Iter: 68/96 loss: 0.1965 acc: 0.8846 time 0.72s
Epoch: 97/150 Iter: 69/96 loss: 0.1950 acc: 0.8863 time 0.69s
Epoch: 97/150 Iter: 70/96 loss: 0.1956 acc: 0.8822 time 0.71s
Epoch: 97/150 Iter: 71/96 loss: 0.1930 acc: 0.8839 time 0.71s
Epoch: 97/150 Iter: 72/96 loss: 0.1998 acc: 0.8803 time 0.86s
Epoch: 97/150 Iter: 73/96 loss: 0.2049 acc: 0.8762 time 0.70s
Epoch: 97/150 Iter: 74/96 loss: 0.2032 acc: 0.8779 time 0.87s
Epoch: 97/150 Iter: 75/96 loss: 0.2008 acc: 0.8795 time 0.87s
Epoch: 97/150 Iter: 76/96 loss: 0.2000 acc: 0.8795 time 0.70s
Epoch: 97/150 Iter: 77/96 loss: 0.1988 acc: 0.8810 time 0.85s
Epoch: 97/150 Iter: 78/96 loss: 0.1980 acc: 0.8825 time 0.70s
Epoch: 97/150 Iter: 79/96 loss: 0.2009 acc: 0.8767 time 0.70s
Epoch: 97/150 Iter: 80/96 loss: 0.1988 acc: 0.8782 time 0.87s
Epoch: 97/150 Iter: 81/96 loss: 0.1969 acc: 0.8797 time 0.86s
Epoch: 97/150 Iter: 82/96 loss: 0.2015 acc: 0.8812 time 0.86s
Epoch: 97/150 Iter: 83/96 loss: 0.1999 acc: 0.8826 time 0.85s
Epoch: 97/150 Iter: 84/96 loss: 0.1989 acc: 0.8840 time 0.70s
Epoch: 97/150 Iter: 85/96 loss: 0.1988 acc: 0.8854 time 0.85s
Epoch: 97/150 Iter: 86/96 loss: 0.1984 acc: 0.8867 time 0.69s
Epoch: 97/150 Iter: 87/96 loss: 0.2007 acc: 0.8851 time 0.69s
Epoch: 97/150 Iter: 88/96 loss: 0.2001 acc: 0.8845 time 0.69s
Epoch: 97/150 Iter: 89/96 loss: 0.2026 acc: 0.8840 time 0.86s
Epoch: 97/150 Iter: 90/96 loss: 0.2024 acc: 0.8852 time 0.71s
Epoch: 97/150 Iter: 91/96 loss: 0.2012 acc: 0.8865 time 0.70s
Epoch: 97/150 Iter: 92/96 loss: 0.1994 acc: 0.8877 time 0.71s
Epoch: 97/150 Iter: 93/96 loss: 0.1978 acc: 0.8889 time 0.69s
Epoch: 97/150 Iter: 94/96 loss: 0.1970 acc: 0.8901 time 0.71s
Epoch: 97/150 Iter: 95/96 loss: 0.1961 acc: 0.8913 time 0.69s
Epoch: 97/150 Iter: 96/96 loss: 0.1970 acc: 0.8914 time 0.69s
[Train epoch 97] avg_loss=0.1970 avg_acc=0.8914 | per-class [c0: 0.929, c1: 0.967, c2: 0.914]
Final training 97/150, loss: 0.1970, time 75.31s, lr: 0.000305
Accuracy: 0.924
class                  precision    recall   specificity      f1   support
--------------------------------------------------------------------------
0                          0.952     0.929         0.956   0.940       280
1                          0.690     0.967         0.976   0.806        30
2                          0.931     0.914         0.942   0.922       266
*----------------------------------------*
0 Mon Feb 23 13:51:14 2026 Epoch: 98
Epoch: 98/150 Iter: 1/96 loss: 0.1930 acc: 0.8333 time 1.21s
Epoch: 98/150 Iter: 2/96 loss: 0.2556 acc: 0.8542 time 0.70s
Epoch: 98/150 Iter: 3/96 loss: 0.1940 acc: 0.9028 time 0.70s
Epoch: 98/150 Iter: 4/96 loss: 0.1602 acc: 0.9271 time 0.73s
Epoch: 98/150 Iter: 5/96 loss: 0.1379 acc: 0.9417 time 0.70s
Epoch: 98/150 Iter: 6/96 loss: 0.1664 acc: 0.8819 time 0.69s
Epoch: 98/150 Iter: 7/96 loss: 0.1722 acc: 0.8353 time 0.86s
Epoch: 98/150 Iter: 8/96 loss: 0.1638 acc: 0.8559 time 0.69s
Epoch: 98/150 Iter: 9/96 loss: 0.1938 acc: 0.8534 time 0.86s
Epoch: 98/150 Iter: 10/96 loss: 0.1769 acc: 0.8681 time 0.86s
Epoch: 98/150 Iter: 11/96 loss: 0.1852 acc: 0.8649 time 0.77s
Epoch: 98/150 Iter: 12/96 loss: 0.1768 acc: 0.8692 time 0.94s
Epoch: 98/150 Iter: 13/96 loss: 0.1737 acc: 0.8793 time 0.75s
Epoch: 98/150 Iter: 14/96 loss: 0.1829 acc: 0.8462 time 0.87s
Epoch: 98/150 Iter: 15/96 loss: 0.1785 acc: 0.8565 time 0.70s
Epoch: 98/150 Iter: 16/96 loss: 0.1837 acc: 0.8550 time 0.87s
Epoch: 98/150 Iter: 17/96 loss: 0.1813 acc: 0.8636 time 0.70s
Epoch: 98/150 Iter: 18/96 loss: 0.1920 acc: 0.8619 time 0.69s
Epoch: 98/150 Iter: 19/96 loss: 0.1869 acc: 0.8692 time 0.73s
Epoch: 98/150 Iter: 20/96 loss: 0.1896 acc: 0.8674 time 0.70s
Epoch: 98/150 Iter: 21/96 loss: 0.1844 acc: 0.8737 time 0.71s
Epoch: 98/150 Iter: 22/96 loss: 0.1800 acc: 0.8794 time 0.86s
Epoch: 98/150 Iter: 23/96 loss: 0.2077 acc: 0.8605 time 0.78s
Epoch: 98/150 Iter: 24/96 loss: 0.2066 acc: 0.8663 time 0.70s
Epoch: 98/150 Iter: 25/96 loss: 0.2147 acc: 0.8677 time 0.86s
Epoch: 98/150 Iter: 26/96 loss: 0.2192 acc: 0.8728 time 0.86s
Epoch: 98/150 Iter: 27/96 loss: 0.2202 acc: 0.8728 time 0.77s
Epoch: 98/150 Iter: 28/96 loss: 0.2132 acc: 0.8774 time 0.86s
Epoch: 98/150 Iter: 29/96 loss: 0.2183 acc: 0.8701 time 0.71s
Epoch: 98/150 Iter: 30/96 loss: 0.2236 acc: 0.8611 time 0.71s
Epoch: 98/150 Iter: 31/96 loss: 0.2180 acc: 0.8656 time 0.86s
Epoch: 98/150 Iter: 32/96 loss: 0.2293 acc: 0.8667 time 0.86s
Epoch: 98/150 Iter: 33/96 loss: 0.2236 acc: 0.8707 time 0.87s
Epoch: 98/150 Iter: 34/96 loss: 0.2336 acc: 0.8614 time 0.76s
Epoch: 98/150 Iter: 35/96 loss: 0.2344 acc: 0.8535 time 0.73s
Epoch: 98/150 Iter: 36/96 loss: 0.2295 acc: 0.8576 time 0.87s
Epoch: 98/150 Iter: 37/96 loss: 0.2247 acc: 0.8614 time 0.70s
Epoch: 98/150 Iter: 38/96 loss: 0.2224 acc: 0.8651 time 0.87s
Epoch: 98/150 Iter: 39/96 loss: 0.2226 acc: 0.8578 time 0.79s
Epoch: 98/150 Iter: 40/96 loss: 0.2176 acc: 0.8614 time 0.86s
Epoch: 98/150 Iter: 41/96 loss: 0.2196 acc: 0.8550 time 0.86s
Epoch: 98/150 Iter: 42/96 loss: 0.2178 acc: 0.8585 time 0.69s
Epoch: 98/150 Iter: 43/96 loss: 0.2195 acc: 0.8579 time 0.69s
Epoch: 98/150 Iter: 44/96 loss: 0.2288 acc: 0.8516 time 0.72s
Epoch: 98/150 Iter: 45/96 loss: 0.2277 acc: 0.8494 time 0.71s
Epoch: 98/150 Iter: 46/96 loss: 0.2280 acc: 0.8527 time 0.69s
Epoch: 98/150 Iter: 47/96 loss: 0.2396 acc: 0.8402 time 0.70s
Epoch: 98/150 Iter: 48/96 loss: 0.2362 acc: 0.8435 time 0.86s
Epoch: 98/150 Iter: 49/96 loss: 0.2319 acc: 0.8467 time 0.76s
Epoch: 98/150 Iter: 50/96 loss: 0.2304 acc: 0.8464 time 0.78s
Epoch: 98/150 Iter: 51/96 loss: 0.2262 acc: 0.8495 time 0.86s
Epoch: 98/150 Iter: 52/96 loss: 0.2250 acc: 0.8524 time 0.86s
Epoch: 98/150 Iter: 53/96 loss: 0.2234 acc: 0.8551 time 0.71s
Epoch: 98/150 Iter: 54/96 loss: 0.2291 acc: 0.8555 time 0.69s
Epoch: 98/150 Iter: 55/96 loss: 0.2254 acc: 0.8581 time 0.75s
Epoch: 98/150 Iter: 56/96 loss: 0.2283 acc: 0.8488 time 0.71s
Epoch: 98/150 Iter: 57/96 loss: 0.2246 acc: 0.8514 time 0.75s
Epoch: 98/150 Iter: 58/96 loss: 0.2223 acc: 0.8540 time 0.88s
Epoch: 98/150 Iter: 59/96 loss: 0.2268 acc: 0.8466 time 0.70s
Epoch: 98/150 Iter: 60/96 loss: 0.2432 acc: 0.8475 time 0.77s
Epoch: 98/150 Iter: 61/96 loss: 0.2486 acc: 0.8454 time 0.87s
Epoch: 98/150 Iter: 62/96 loss: 0.2531 acc: 0.8425 time 0.71s
Epoch: 98/150 Iter: 63/96 loss: 0.2500 acc: 0.8450 time 0.70s
Epoch: 98/150 Iter: 64/96 loss: 0.2480 acc: 0.8448 time 0.72s
Epoch: 98/150 Iter: 65/96 loss: 0.2470 acc: 0.8472 time 0.93s
Epoch: 98/150 Iter: 66/96 loss: 0.2442 acc: 0.8495 time 0.72s
Epoch: 98/150 Iter: 67/96 loss: 0.2413 acc: 0.8518 time 0.87s
Epoch: 98/150 Iter: 68/96 loss: 0.2451 acc: 0.8503 time 0.71s
Epoch: 98/150 Iter: 69/96 loss: 0.2424 acc: 0.8525 time 0.71s
Epoch: 98/150 Iter: 70/96 loss: 0.2553 acc: 0.8482 time 0.78s
Epoch: 98/150 Iter: 71/96 loss: 0.2547 acc: 0.8504 time 0.69s
Epoch: 98/150 Iter: 72/96 loss: 0.2569 acc: 0.8463 time 0.88s
Epoch: 98/150 Iter: 73/96 loss: 0.2542 acc: 0.8484 time 0.87s
Epoch: 98/150 Iter: 74/96 loss: 0.2539 acc: 0.8504 time 0.78s
Epoch: 98/150 Iter: 75/96 loss: 0.2524 acc: 0.8524 time 0.87s
Epoch: 98/150 Iter: 76/96 loss: 0.2501 acc: 0.8543 time 0.78s
Epoch: 98/150 Iter: 77/96 loss: 0.2506 acc: 0.8562 time 0.78s
Epoch: 98/150 Iter: 78/96 loss: 0.2490 acc: 0.8570 time 0.87s
Epoch: 98/150 Iter: 79/96 loss: 0.2592 acc: 0.8518 time 0.69s
Epoch: 98/150 Iter: 80/96 loss: 0.2572 acc: 0.8523 time 0.70s
Epoch: 98/150 Iter: 81/96 loss: 0.2582 acc: 0.8520 time 0.71s
Epoch: 98/150 Iter: 82/96 loss: 0.2594 acc: 0.8484 time 0.69s
Epoch: 98/150 Iter: 83/96 loss: 0.2567 acc: 0.8502 time 0.68s
Epoch: 98/150 Iter: 84/96 loss: 0.2559 acc: 0.8490 time 0.68s
Epoch: 98/150 Iter: 85/96 loss: 0.2568 acc: 0.8456 time 0.85s
Epoch: 98/150 Iter: 86/96 loss: 0.2610 acc: 0.8422 time 0.70s
Epoch: 98/150 Iter: 87/96 loss: 0.2587 acc: 0.8440 time 0.85s
Epoch: 98/150 Iter: 88/96 loss: 0.2588 acc: 0.8439 time 0.68s
Epoch: 98/150 Iter: 89/96 loss: 0.2582 acc: 0.8444 time 0.70s
Epoch: 98/150 Iter: 90/96 loss: 0.2563 acc: 0.8461 time 0.68s
Epoch: 98/150 Iter: 91/96 loss: 0.2556 acc: 0.8451 time 0.86s
Epoch: 98/150 Iter: 92/96 loss: 0.2538 acc: 0.8468 time 0.69s
Epoch: 98/150 Iter: 93/96 loss: 0.2515 acc: 0.8484 time 0.70s
Epoch: 98/150 Iter: 94/96 loss: 0.2504 acc: 0.8500 time 0.69s
Epoch: 98/150 Iter: 95/96 loss: 0.2503 acc: 0.8516 time 0.71s
Epoch: 98/150 Iter: 96/96 loss: 0.2487 acc: 0.8532 time 0.69s
[Train epoch 98] avg_loss=0.2487 avg_acc=0.8532 | per-class [c0: 0.911, c1: 0.900, c2: 0.887]
Final training 98/150, loss: 0.2487, time 74.11s, lr: 0.000295
Accuracy: 0.899
class                  precision    recall   specificity      f1   support
--------------------------------------------------------------------------
0                          0.938     0.911         0.942   0.924       281
1                          0.600     0.900         0.967   0.720        30
2                          0.911     0.887         0.926   0.899       265
*----------------------------------------*
Val 98/150 1/24, Acc: 0.5000, Loss: 4.5830, time 0.67s
Val 98/150 2/24, Acc: 0.5278, Loss: 2.5002, time 0.67s
Val 98/150 3/24, Acc: 0.6481, Loss: 1.7630, time 0.67s
Val 98/150 4/24, Acc: 0.7361, Loss: 1.3530, time 0.67s
Val 98/150 5/24, Acc: 0.7389, Loss: 1.1378, time 0.67s
Val 98/150 6/24, Acc: 0.7824, Loss: 0.9651, time 0.67s
Val 98/150 7/24, Acc: 0.7540, Loss: 0.8986, time 0.67s
Val 98/150 8/24, Acc: 0.7847, Loss: 0.7929, time 0.67s
Val 98/150 9/24, Acc: 0.7642, Loss: 0.7191, time 0.67s
Val 98/150 10/24, Acc: 0.7878, Loss: 0.6503, time 0.67s
Val 98/150 11/24, Acc: 0.7768, Loss: 0.6188, time 0.67s
Val 98/150 12/24, Acc: 0.7468, Loss: 0.5906, time 0.67s
Val 98/150 13/24, Acc: 0.7278, Loss: 0.5888, time 0.67s
Val 98/150 14/24, Acc: 0.7204, Loss: 0.5813, time 0.67s
Val 98/150 15/24, Acc: 0.7057, Loss: 0.6125, time 0.67s
Val 98/150 16/24, Acc: 0.7241, Loss: 0.5795, time 0.67s
Val 98/150 17/24, Acc: 0.7404, Loss: 0.5519, time 0.67s
Val 98/150 18/24, Acc: 0.7478, Loss: 0.5348, time 0.67s
Val 98/150 19/24, Acc: 0.7611, Loss: 0.5149, time 0.67s
Val 98/150 20/24, Acc: 0.7453, Loss: 0.5243, time 0.67s
Val 98/150 21/24, Acc: 0.7515, Loss: 0.5082, time 0.67s
Val 98/150 22/24, Acc: 0.7552, Loss: 0.4955, time 0.67s
Val 98/150 23/24, Acc: 0.7441, Loss: 0.5725, time 0.67s
Val 98/150 24/24, Acc: 0.7432, Loss: 0.5630, time 0.67s
[Val epoch 98] avg_acc=0.7432 | avg_loss=0.5630 | per-class [c0: 0.886, c1: 0.625, c2: 0.803]
Final validation 98/150, Val_acc: 0.7432, time 16.05sAccuracy: 0.833
class                  precision    recall   specificity      f1   support
--------------------------------------------------------------------------
0                          0.899     0.886         0.905   0.892        70
1                          0.385     0.625         0.941   0.476         8
2                          0.855     0.803         0.885   0.828        66
*========================================*
Saving checkpoint outputs/OrganoidsINRIA_XYZ_thinning_128/swinunetr/2026-02-23-11-31/training/model_final.pt
[EarlyStopping] no improve (25/40)
[EarlyStopping] no improve (26/40)
0 Mon Feb 23 13:52:49 2026 Epoch: 99
Epoch: 99/150 Iter: 1/96 loss: 0.0833 acc: 1.0000 time 1.10s
Epoch: 99/150 Iter: 2/96 loss: 0.2445 acc: 0.8333 time 0.93s
Epoch: 99/150 Iter: 3/96 loss: 0.1832 acc: 0.8889 time 0.86s
Epoch: 99/150 Iter: 4/96 loss: 0.1572 acc: 0.9167 time 0.75s
Epoch: 99/150 Iter: 5/96 loss: 0.1343 acc: 0.9333 time 0.71s
Epoch: 99/150 Iter: 6/96 loss: 0.1457 acc: 0.9167 time 0.86s
Epoch: 99/150 Iter: 7/96 loss: 0.2037 acc: 0.8690 time 0.70s
Epoch: 99/150 Iter: 8/96 loss: 0.2123 acc: 0.8698 time 0.86s
Epoch: 99/150 Iter: 9/96 loss: 0.2010 acc: 0.8843 time 0.70s
Epoch: 99/150 Iter: 10/96 loss: 0.1857 acc: 0.8958 time 0.86s
Epoch: 99/150 Iter: 11/96 loss: 0.2146 acc: 0.8548 time 0.86s
Epoch: 99/150 Iter: 12/96 loss: 0.2064 acc: 0.8669 time 0.74s
Epoch: 99/150 Iter: 13/96 loss: 0.2088 acc: 0.8771 time 0.86s
Epoch: 99/150 Iter: 14/96 loss: 0.2021 acc: 0.8740 time 0.75s
Epoch: 99/150 Iter: 15/96 loss: 0.2016 acc: 0.8657 time 0.75s
Epoch: 99/150 Iter: 16/96 loss: 0.1920 acc: 0.8741 time 0.86s
Epoch: 99/150 Iter: 17/96 loss: 0.1909 acc: 0.8742 time 0.76s
Epoch: 99/150 Iter: 18/96 loss: 0.1880 acc: 0.8812 time 0.71s
Epoch: 99/150 Iter: 19/96 loss: 0.1814 acc: 0.8874 time 0.71s
Epoch: 99/150 Iter: 20/96 loss: 0.1748 acc: 0.8931 time 0.86s
Epoch: 99/150 Iter: 21/96 loss: 0.1982 acc: 0.8929 time 0.86s
Epoch: 99/150 Iter: 22/96 loss: 0.1929 acc: 0.8977 time 0.70s
Epoch: 99/150 Iter: 23/96 loss: 0.1879 acc: 0.9022 time 0.87s
Epoch: 99/150 Iter: 24/96 loss: 0.1891 acc: 0.9063 time 0.86s
Epoch: 99/150 Iter: 25/96 loss: 0.1852 acc: 0.9100 time 0.71s
Epoch: 99/150 Iter: 26/96 loss: 0.1826 acc: 0.9135 time 0.86s
Epoch: 99/150 Iter: 27/96 loss: 0.1851 acc: 0.9130 time 0.86s
Epoch: 99/150 Iter: 28/96 loss: 0.1818 acc: 0.9161 time 0.87s
Epoch: 99/150 Iter: 29/96 loss: 0.1849 acc: 0.9147 time 0.87s
Epoch: 99/150 Iter: 30/96 loss: 0.1800 acc: 0.9175 time 0.87s
Epoch: 99/150 Iter: 31/96 loss: 0.1795 acc: 0.9166 time 0.72s
Epoch: 99/150 Iter: 32/96 loss: 0.1820 acc: 0.9140 time 0.86s
Epoch: 99/150 Iter: 33/96 loss: 0.1825 acc: 0.9166 time 0.69s
Epoch: 99/150 Iter: 34/96 loss: 0.1808 acc: 0.9190 time 0.87s
Epoch: 99/150 Iter: 35/96 loss: 0.2048 acc: 0.9023 time 0.87s
Epoch: 99/150 Iter: 36/96 loss: 0.2037 acc: 0.9050 time 0.88s
Epoch: 99/150 Iter: 37/96 loss: 0.1993 acc: 0.9076 time 0.92s
Epoch: 99/150 Iter: 38/96 loss: 0.1961 acc: 0.9100 time 0.86s
Epoch: 99/150 Iter: 39/96 loss: 0.2023 acc: 0.9091 time 0.86s
Epoch: 99/150 Iter: 40/96 loss: 0.2033 acc: 0.9089 time 0.86s
Epoch: 99/150 Iter: 41/96 loss: 0.2026 acc: 0.9070 time 0.77s
Epoch: 99/150 Iter: 42/96 loss: 0.2059 acc: 0.9063 time 0.87s
Epoch: 99/150 Iter: 43/96 loss: 0.2060 acc: 0.9085 time 0.91s
Epoch: 99/150 Iter: 44/96 loss: 0.2029 acc: 0.9105 time 0.70s
Epoch: 99/150 Iter: 45/96 loss: 0.1991 acc: 0.9125 time 0.87s
Epoch: 99/150 Iter: 46/96 loss: 0.1983 acc: 0.9144 time 0.87s
Epoch: 99/150 Iter: 47/96 loss: 0.1946 acc: 0.9163 time 0.86s
Epoch: 99/150 Iter: 48/96 loss: 0.1917 acc: 0.9180 time 0.70s
Epoch: 99/150 Iter: 49/96 loss: 0.1906 acc: 0.9197 time 0.87s
Epoch: 99/150 Iter: 50/96 loss: 0.1877 acc: 0.9213 time 0.87s
Epoch: 99/150 Iter: 51/96 loss: 0.2039 acc: 0.9114 time 0.70s
Epoch: 99/150 Iter: 52/96 loss: 0.2009 acc: 0.9131 time 0.87s
Epoch: 99/150 Iter: 53/96 loss: 0.1985 acc: 0.9147 time 0.71s
Epoch: 99/150 Iter: 54/96 loss: 0.1950 acc: 0.9163 time 0.86s
Epoch: 99/150 Iter: 55/96 loss: 0.1935 acc: 0.9178 time 0.77s
Epoch: 99/150 Iter: 56/96 loss: 0.1919 acc: 0.9163 time 0.74s
Epoch: 99/150 Iter: 57/96 loss: 0.1913 acc: 0.9178 time 0.79s
Epoch: 99/150 Iter: 58/96 loss: 0.1920 acc: 0.9170 time 0.74s
Epoch: 99/150 Iter: 59/96 loss: 0.1890 acc: 0.9185 time 0.87s
Epoch: 99/150 Iter: 60/96 loss: 0.1964 acc: 0.9181 time 0.70s
Epoch: 99/150 Iter: 61/96 loss: 0.1936 acc: 0.9195 time 0.88s
Epoch: 99/150 Iter: 62/96 loss: 0.1938 acc: 0.9208 time 0.76s
Epoch: 99/150 Iter: 63/96 loss: 0.1914 acc: 0.9220 time 0.69s
Epoch: 99/150 Iter: 64/96 loss: 0.1891 acc: 0.9233 time 0.87s
Epoch: 99/150 Iter: 65/96 loss: 0.1948 acc: 0.9219 time 0.86s
Epoch: 99/150 Iter: 66/96 loss: 0.1960 acc: 0.9215 time 0.86s
Epoch: 99/150 Iter: 67/96 loss: 0.1958 acc: 0.9227 time 0.87s
Epoch: 99/150 Iter: 68/96 loss: 0.1956 acc: 0.9239 time 0.71s
Epoch: 99/150 Iter: 69/96 loss: 0.1933 acc: 0.9250 time 0.87s
Epoch: 99/150 Iter: 70/96 loss: 0.1967 acc: 0.9237 time 0.78s
Epoch: 99/150 Iter: 71/96 loss: 0.1945 acc: 0.9247 time 0.76s
Epoch: 99/150 Iter: 72/96 loss: 0.1924 acc: 0.9258 time 0.86s
Epoch: 99/150 Iter: 73/96 loss: 0.1950 acc: 0.9192 time 0.87s
Epoch: 99/150 Iter: 74/96 loss: 0.1936 acc: 0.9203 time 0.74s
Epoch: 99/150 Iter: 75/96 loss: 0.1920 acc: 0.9213 time 0.71s
Epoch: 99/150 Iter: 76/96 loss: 0.1897 acc: 0.9224 time 0.88s
Epoch: 99/150 Iter: 77/96 loss: 0.1883 acc: 0.9234 time 0.88s
Epoch: 99/150 Iter: 78/96 loss: 0.1884 acc: 0.9190 time 0.74s
Epoch: 99/150 Iter: 79/96 loss: 0.1955 acc: 0.9158 time 0.74s
Epoch: 99/150 Iter: 80/96 loss: 0.1938 acc: 0.9169 time 0.81s
Epoch: 99/150 Iter: 81/96 loss: 0.1915 acc: 0.9179 time 0.86s
Epoch: 99/150 Iter: 82/96 loss: 0.1933 acc: 0.9169 time 0.70s
Epoch: 99/150 Iter: 83/96 loss: 0.1963 acc: 0.9118 time 0.86s
Epoch: 99/150 Iter: 84/96 loss: 0.1968 acc: 0.9114 time 0.86s
Epoch: 99/150 Iter: 85/96 loss: 0.1947 acc: 0.9125 time 0.86s
Epoch: 99/150 Iter: 86/96 loss: 0.1988 acc: 0.9070 time 0.71s
Epoch: 99/150 Iter: 87/96 loss: 0.1974 acc: 0.9081 time 0.69s
Epoch: 99/150 Iter: 88/96 loss: 0.1987 acc: 0.9072 time 0.69s
Epoch: 99/150 Iter: 89/96 loss: 0.1993 acc: 0.9073 time 0.71s
Epoch: 99/150 Iter: 90/96 loss: 0.1979 acc: 0.9084 time 0.86s
Epoch: 99/150 Iter: 91/96 loss: 0.1961 acc: 0.9094 time 0.70s
Epoch: 99/150 Iter: 92/96 loss: 0.1953 acc: 0.9104 time 0.69s
Epoch: 99/150 Iter: 93/96 loss: 0.1961 acc: 0.9113 time 0.70s
Epoch: 99/150 Iter: 94/96 loss: 0.1960 acc: 0.9123 time 0.69s
Epoch: 99/150 Iter: 95/96 loss: 0.1955 acc: 0.9132 time 0.69s
Epoch: 99/150 Iter: 96/96 loss: 0.2087 acc: 0.9089 time 0.71s
[Train epoch 99] avg_loss=0.2087 avg_acc=0.9089 | per-class [c0: 0.925, c1: 0.933, c2: 0.925]
Final training 99/150, loss: 0.2087, time 77.13s, lr: 0.000285
Accuracy: 0.925
class                  precision    recall   specificity      f1   support
--------------------------------------------------------------------------
0                          0.952     0.925         0.956   0.939       281
1                          0.700     0.933         0.978   0.800        30
2                          0.932     0.925         0.942   0.928       265
*----------------------------------------*
0 Mon Feb 23 13:54:06 2026 Epoch: 100
Epoch: 100/150 Iter: 1/96 loss: 0.6947 acc: 0.8333 time 1.02s
Epoch: 100/150 Iter: 2/96 loss: 0.4366 acc: 0.8333 time 0.69s
Epoch: 100/150 Iter: 3/96 loss: 0.3039 acc: 0.8889 time 0.74s
Epoch: 100/150 Iter: 4/96 loss: 0.2479 acc: 0.9167 time 0.70s
Epoch: 100/150 Iter: 5/96 loss: 0.2181 acc: 0.9333 time 0.69s
Epoch: 100/150 Iter: 6/96 loss: 0.1922 acc: 0.9444 time 0.69s
Epoch: 100/150 Iter: 7/96 loss: 0.1698 acc: 0.9524 time 0.76s
Epoch: 100/150 Iter: 8/96 loss: 0.1575 acc: 0.9583 time 0.69s
Epoch: 100/150 Iter: 9/96 loss: 0.1544 acc: 0.9630 time 0.74s
Epoch: 100/150 Iter: 10/96 loss: 0.1543 acc: 0.9667 time 0.86s
Epoch: 100/150 Iter: 11/96 loss: 0.1408 acc: 0.9697 time 0.76s
Epoch: 100/150 Iter: 12/96 loss: 0.1506 acc: 0.9722 time 0.69s
Epoch: 100/150 Iter: 13/96 loss: 0.1440 acc: 0.9744 time 0.71s
Epoch: 100/150 Iter: 14/96 loss: 0.1356 acc: 0.9762 time 0.86s
Epoch: 100/150 Iter: 15/96 loss: 0.1314 acc: 0.9778 time 0.71s
Epoch: 100/150 Iter: 16/96 loss: 0.1331 acc: 0.9792 time 0.88s
Epoch: 100/150 Iter: 17/96 loss: 0.1382 acc: 0.9804 time 0.87s
Epoch: 100/150 Iter: 18/96 loss: 0.1359 acc: 0.9815 time 0.88s
Epoch: 100/150 Iter: 19/96 loss: 0.1319 acc: 0.9825 time 0.76s
Epoch: 100/150 Iter: 20/96 loss: 0.1404 acc: 0.9750 time 0.71s
Epoch: 100/150 Iter: 21/96 loss: 0.1452 acc: 0.9762 time 0.77s
Epoch: 100/150 Iter: 22/96 loss: 0.1648 acc: 0.9470 time 0.78s
Epoch: 100/150 Iter: 23/96 loss: 0.1614 acc: 0.9493 time 0.77s
Epoch: 100/150 Iter: 24/96 loss: 0.1595 acc: 0.9514 time 0.87s
Epoch: 100/150 Iter: 25/96 loss: 0.1569 acc: 0.9533 time 0.87s
Epoch: 100/150 Iter: 26/96 loss: 0.1679 acc: 0.9487 time 0.69s
Epoch: 100/150 Iter: 27/96 loss: 0.1685 acc: 0.9414 time 0.77s
Epoch: 100/150 Iter: 28/96 loss: 0.1638 acc: 0.9435 time 0.87s
Epoch: 100/150 Iter: 29/96 loss: 0.1588 acc: 0.9454 time 0.87s
Epoch: 100/150 Iter: 30/96 loss: 0.1745 acc: 0.9389 time 0.70s
Epoch: 100/150 Iter: 31/96 loss: 0.1714 acc: 0.9409 time 0.75s
Epoch: 100/150 Iter: 32/96 loss: 0.1714 acc: 0.9396 time 0.86s
Epoch: 100/150 Iter: 33/96 loss: 0.1694 acc: 0.9414 time 0.86s
Epoch: 100/150 Iter: 34/96 loss: 0.1702 acc: 0.9395 time 0.74s
Epoch: 100/150 Iter: 35/96 loss: 0.1735 acc: 0.9380 time 0.87s
Epoch: 100/150 Iter: 36/96 loss: 0.1705 acc: 0.9397 time 0.86s
Epoch: 100/150 Iter: 37/96 loss: 0.1906 acc: 0.9346 time 0.86s
Epoch: 100/150 Iter: 38/96 loss: 0.1934 acc: 0.9363 time 0.87s
Epoch: 100/150 Iter: 39/96 loss: 0.1919 acc: 0.9380 time 0.71s
Epoch: 100/150 Iter: 40/96 loss: 0.1933 acc: 0.9291 time 0.87s
Epoch: 100/150 Iter: 41/96 loss: 0.1896 acc: 0.9308 time 0.86s
Epoch: 100/150 Iter: 42/96 loss: 0.1892 acc: 0.9285 time 0.76s
Epoch: 100/150 Iter: 43/96 loss: 0.1864 acc: 0.9302 time 0.86s
Epoch: 100/150 Iter: 44/96 loss: 0.1936 acc: 0.9299 time 0.75s
Epoch: 100/150 Iter: 45/96 loss: 0.1916 acc: 0.9314 time 0.87s
Epoch: 100/150 Iter: 46/96 loss: 0.1927 acc: 0.9293 time 0.87s
Epoch: 100/150 Iter: 47/96 loss: 0.1889 acc: 0.9308 time 0.72s
Epoch: 100/150 Iter: 48/96 loss: 0.1952 acc: 0.9253 time 0.69s
Epoch: 100/150 Iter: 49/96 loss: 0.1987 acc: 0.9245 time 0.87s
Epoch: 100/150 Iter: 50/96 loss: 0.1953 acc: 0.9261 time 0.69s
Epoch: 100/150 Iter: 51/96 loss: 0.1919 acc: 0.9275 time 0.86s
Epoch: 100/150 Iter: 52/96 loss: 0.1911 acc: 0.9289 time 0.75s
Epoch: 100/150 Iter: 53/96 loss: 0.1918 acc: 0.9271 time 0.72s
Epoch: 100/150 Iter: 54/96 loss: 0.1915 acc: 0.9202 time 0.69s
Epoch: 100/150 Iter: 55/96 loss: 0.1894 acc: 0.9186 time 0.69s
Epoch: 100/150 Iter: 56/96 loss: 0.1868 acc: 0.9201 time 0.87s
Epoch: 100/150 Iter: 57/96 loss: 0.1904 acc: 0.9186 time 0.86s
Epoch: 100/150 Iter: 58/96 loss: 0.1878 acc: 0.9200 time 0.86s
Epoch: 100/150 Iter: 59/96 loss: 0.1934 acc: 0.9134 time 0.87s
Epoch: 100/150 Iter: 60/96 loss: 0.1930 acc: 0.9149 time 0.87s
Epoch: 100/150 Iter: 61/96 loss: 0.1900 acc: 0.9163 time 0.86s
Epoch: 100/150 Iter: 62/96 loss: 0.1950 acc: 0.9109 time 0.75s
Epoch: 100/150 Iter: 63/96 loss: 0.2035 acc: 0.9017 time 0.71s
Epoch: 100/150 Iter: 64/96 loss: 0.2141 acc: 0.8918 time 0.86s
Epoch: 100/150 Iter: 65/96 loss: 0.2157 acc: 0.8873 time 0.75s
Epoch: 100/150 Iter: 66/96 loss: 0.2139 acc: 0.8890 time 0.71s
Epoch: 100/150 Iter: 67/96 loss: 0.2148 acc: 0.8840 time 0.69s
Epoch: 100/150 Iter: 68/96 loss: 0.2211 acc: 0.8792 time 0.70s
Epoch: 100/150 Iter: 69/96 loss: 0.2252 acc: 0.8745 time 0.75s
Epoch: 100/150 Iter: 70/96 loss: 0.2301 acc: 0.8684 time 0.86s
Epoch: 100/150 Iter: 71/96 loss: 0.2293 acc: 0.8702 time 0.73s
Epoch: 100/150 Iter: 72/96 loss: 0.2277 acc: 0.8720 time 0.87s
Epoch: 100/150 Iter: 73/96 loss: 0.2276 acc: 0.8738 time 0.87s
Epoch: 100/150 Iter: 74/96 loss: 0.2349 acc: 0.8721 time 0.87s
Epoch: 100/150 Iter: 75/96 loss: 0.2324 acc: 0.8738 time 0.70s
Epoch: 100/150 Iter: 76/96 loss: 0.2302 acc: 0.8755 time 0.77s
Epoch: 100/150 Iter: 77/96 loss: 0.2342 acc: 0.8755 time 0.75s
Epoch: 100/150 Iter: 78/96 loss: 0.2329 acc: 0.8771 time 0.75s
Epoch: 100/150 Iter: 79/96 loss: 0.2327 acc: 0.8786 time 0.71s
Epoch: 100/150 Iter: 80/96 loss: 0.2330 acc: 0.8801 time 0.86s
Epoch: 100/150 Iter: 81/96 loss: 0.2350 acc: 0.8802 time 0.86s
Epoch: 100/150 Iter: 82/96 loss: 0.2338 acc: 0.8817 time 0.86s
Epoch: 100/150 Iter: 83/96 loss: 0.2381 acc: 0.8819 time 0.85s
Epoch: 100/150 Iter: 84/96 loss: 0.2372 acc: 0.8833 time 0.85s
Epoch: 100/150 Iter: 85/96 loss: 0.2369 acc: 0.8847 time 0.86s
Epoch: 100/150 Iter: 86/96 loss: 0.2356 acc: 0.8860 time 0.70s
Epoch: 100/150 Iter: 87/96 loss: 0.2332 acc: 0.8874 time 0.70s
Epoch: 100/150 Iter: 88/96 loss: 0.2317 acc: 0.8886 time 0.86s
Epoch: 100/150 Iter: 89/96 loss: 0.2315 acc: 0.8899 time 0.70s
Epoch: 100/150 Iter: 90/96 loss: 0.2294 acc: 0.8911 time 0.69s
Epoch: 100/150 Iter: 91/96 loss: 0.2340 acc: 0.8905 time 0.69s
Epoch: 100/150 Iter: 92/96 loss: 0.2329 acc: 0.8917 time 0.85s
Epoch: 100/150 Iter: 93/96 loss: 0.2359 acc: 0.8901 time 0.86s
Epoch: 100/150 Iter: 94/96 loss: 0.2335 acc: 0.8913 time 0.86s
Epoch: 100/150 Iter: 95/96 loss: 0.2320 acc: 0.8925 time 0.70s
Epoch: 100/150 Iter: 96/96 loss: 0.2301 acc: 0.8936 time 0.69s
[Train epoch 100] avg_loss=0.2301 avg_acc=0.8936 | per-class [c0: 0.929, c1: 0.967, c2: 0.925]
Final training 100/150, loss: 0.2301, time 75.76s, lr: 0.000275
Accuracy: 0.929
class                  precision    recall   specificity      f1   support
--------------------------------------------------------------------------
0                          0.974     0.929         0.976   0.951       280
1                          0.630     0.967         0.969   0.763        30
2                          0.935     0.925         0.945   0.930       266
*----------------------------------------*
Val 100/150 1/24, Acc: 0.5000, Loss: 5.9052, time 0.67s
Val 100/150 2/24, Acc: 0.5278, Loss: 3.1344, time 0.67s
Val 100/150 3/24, Acc: 0.6296, Loss: 2.1506, time 0.67s
Val 100/150 4/24, Acc: 0.7222, Loss: 1.6296, time 0.67s
Val 100/150 5/24, Acc: 0.7278, Loss: 1.3384, time 0.67s
Val 100/150 6/24, Acc: 0.7731, Loss: 1.1360, time 0.67s
Val 100/150 7/24, Acc: 0.7460, Loss: 1.0473, time 0.67s
Val 100/150 8/24, Acc: 0.7778, Loss: 0.9235, time 0.67s
Val 100/150 9/24, Acc: 0.8025, Loss: 0.8338, time 0.67s
Val 100/150 10/24, Acc: 0.8222, Loss: 0.7559, time 0.67s
Val 100/150 11/24, Acc: 0.8232, Loss: 0.7250, time 0.67s
Val 100/150 12/24, Acc: 0.7894, Loss: 0.6837, time 0.67s
Val 100/150 13/24, Acc: 0.7671, Loss: 0.6792, time 0.67s
Val 100/150 14/24, Acc: 0.7569, Loss: 0.6703, time 0.67s
Val 100/150 15/24, Acc: 0.7676, Loss: 0.6741, time 0.67s
Val 100/150 16/24, Acc: 0.7759, Loss: 0.6543, time 0.67s
Val 100/150 17/24, Acc: 0.7891, Loss: 0.6199, time 0.67s
Val 100/150 18/24, Acc: 0.7938, Loss: 0.6012, time 0.67s
Val 100/150 19/24, Acc: 0.8047, Loss: 0.5791, time 0.67s
Val 100/150 20/24, Acc: 0.7867, Loss: 0.5972, time 0.67s
Val 100/150 21/24, Acc: 0.7968, Loss: 0.5741, time 0.67s
Val 100/150 22/24, Acc: 0.7985, Loss: 0.5663, time 0.67s
Val 100/150 23/24, Acc: 0.7855, Loss: 0.6649, time 0.67s
Val 100/150 24/24, Acc: 0.7829, Loss: 0.6482, time 0.67s
[Val epoch 100] avg_acc=0.7829 | avg_loss=0.6482 | per-class [c0: 0.857, c1: 0.625, c2: 0.879]
Final validation 100/150, Val_acc: 0.7829, time 16.03sAccuracy: 0.854
class                  precision    recall   specificity      f1   support
--------------------------------------------------------------------------
0                          0.952     0.857         0.959   0.902        70
1                          0.417     0.625         0.949   0.500         8
2                          0.841     0.879         0.859   0.859        66
*========================================*
Saving checkpoint outputs/OrganoidsINRIA_XYZ_thinning_128/swinunetr/2026-02-23-11-31/training/model_final.pt
[EarlyStopping] no improve (26/40)
[EarlyStopping] no improve (27/40)
0 Mon Feb 23 13:55:43 2026 Epoch: 101
Epoch: 101/150 Iter: 1/96 loss: 0.0567 acc: 1.0000 time 1.30s
Epoch: 101/150 Iter: 2/96 loss: 0.0755 acc: 1.0000 time 0.86s
Epoch: 101/150 Iter: 3/96 loss: 0.1362 acc: 0.8333 time 0.73s
Epoch: 101/150 Iter: 4/96 loss: 0.1370 acc: 0.8750 time 0.69s
Epoch: 101/150 Iter: 5/96 loss: 0.1275 acc: 0.9000 time 0.89s
Epoch: 101/150 Iter: 6/96 loss: 0.1177 acc: 0.9167 time 0.70s
Epoch: 101/150 Iter: 7/96 loss: 0.1339 acc: 0.9107 time 0.69s
Epoch: 101/150 Iter: 8/96 loss: 0.1350 acc: 0.9010 time 0.70s
Epoch: 101/150 Iter: 9/96 loss: 0.2220 acc: 0.8472 time 0.72s
Epoch: 101/150 Iter: 10/96 loss: 0.2025 acc: 0.8625 time 0.70s
Epoch: 101/150 Iter: 11/96 loss: 0.2765 acc: 0.8523 time 0.75s
Epoch: 101/150 Iter: 12/96 loss: 0.2575 acc: 0.8646 time 0.72s
Epoch: 101/150 Iter: 13/96 loss: 0.2390 acc: 0.8750 time 0.88s
Epoch: 101/150 Iter: 14/96 loss: 0.2485 acc: 0.8839 time 0.87s
Epoch: 101/150 Iter: 15/96 loss: 0.2631 acc: 0.8861 time 0.78s
Epoch: 101/150 Iter: 16/96 loss: 0.3266 acc: 0.8516 time 0.70s
Epoch: 101/150 Iter: 17/96 loss: 0.3268 acc: 0.8260 time 0.71s
Epoch: 101/150 Iter: 18/96 loss: 0.3094 acc: 0.8356 time 0.70s
Epoch: 101/150 Iter: 19/96 loss: 0.2969 acc: 0.8443 time 0.87s
Epoch: 101/150 Iter: 20/96 loss: 0.2974 acc: 0.8471 time 0.87s
Epoch: 101/150 Iter: 21/96 loss: 0.2924 acc: 0.8544 time 0.74s
Epoch: 101/150 Iter: 22/96 loss: 0.2905 acc: 0.8610 time 0.76s
Epoch: 101/150 Iter: 23/96 loss: 0.3017 acc: 0.8525 time 0.69s
Epoch: 101/150 Iter: 24/96 loss: 0.3047 acc: 0.8378 time 0.86s
Epoch: 101/150 Iter: 25/96 loss: 0.3061 acc: 0.8443 time 0.87s
Epoch: 101/150 Iter: 26/96 loss: 0.3206 acc: 0.8290 time 0.70s
Epoch: 101/150 Iter: 27/96 loss: 0.3182 acc: 0.8168 time 0.70s
Epoch: 101/150 Iter: 28/96 loss: 0.3183 acc: 0.8055 time 0.70s
Epoch: 101/150 Iter: 29/96 loss: 0.3105 acc: 0.8122 time 0.69s
Epoch: 101/150 Iter: 30/96 loss: 0.3067 acc: 0.8184 time 0.75s
Epoch: 101/150 Iter: 31/96 loss: 0.2984 acc: 0.8243 time 0.87s
Epoch: 101/150 Iter: 32/96 loss: 0.2990 acc: 0.8220 time 0.87s
Epoch: 101/150 Iter: 33/96 loss: 0.2963 acc: 0.8274 time 0.75s
Epoch: 101/150 Iter: 34/96 loss: 0.2996 acc: 0.8148 time 0.72s
Epoch: 101/150 Iter: 35/96 loss: 0.3006 acc: 0.8087 time 0.86s
Epoch: 101/150 Iter: 36/96 loss: 0.2936 acc: 0.8140 time 0.86s
Epoch: 101/150 Iter: 37/96 loss: 0.2922 acc: 0.8156 time 0.86s
Epoch: 101/150 Iter: 38/96 loss: 0.2896 acc: 0.8205 time 0.87s
Epoch: 101/150 Iter: 39/96 loss: 0.2902 acc: 0.8187 time 0.86s
Epoch: 101/150 Iter: 40/96 loss: 0.2842 acc: 0.8232 time 0.70s
Epoch: 101/150 Iter: 41/96 loss: 0.2778 acc: 0.8275 time 0.87s
Epoch: 101/150 Iter: 42/96 loss: 0.2772 acc: 0.8286 time 0.86s
Epoch: 101/150 Iter: 43/96 loss: 0.2724 acc: 0.8326 time 0.71s
Epoch: 101/150 Iter: 44/96 loss: 0.2703 acc: 0.8273 time 0.87s
Epoch: 101/150 Iter: 45/96 loss: 0.2699 acc: 0.8284 time 0.87s
Epoch: 101/150 Iter: 46/96 loss: 0.2648 acc: 0.8321 time 0.73s
Epoch: 101/150 Iter: 47/96 loss: 0.2652 acc: 0.8336 time 0.71s
Epoch: 101/150 Iter: 48/96 loss: 0.2634 acc: 0.8370 time 0.87s
Epoch: 101/150 Iter: 49/96 loss: 0.2603 acc: 0.8404 time 0.87s
Epoch: 101/150 Iter: 50/96 loss: 0.2559 acc: 0.8436 time 0.72s
Epoch: 101/150 Iter: 51/96 loss: 0.2517 acc: 0.8466 time 0.72s
Epoch: 101/150 Iter: 52/96 loss: 0.2502 acc: 0.8476 time 0.72s
Epoch: 101/150 Iter: 53/96 loss: 0.2464 acc: 0.8505 time 0.70s
Epoch: 101/150 Iter: 54/96 loss: 0.2418 acc: 0.8533 time 0.70s
Epoch: 101/150 Iter: 55/96 loss: 0.2421 acc: 0.8560 time 0.70s
Epoch: 101/150 Iter: 56/96 loss: 0.2384 acc: 0.8585 time 0.73s
Epoch: 101/150 Iter: 57/96 loss: 0.2400 acc: 0.8537 time 0.86s
Epoch: 101/150 Iter: 58/96 loss: 0.2380 acc: 0.8534 time 0.69s
Epoch: 101/150 Iter: 59/96 loss: 0.2368 acc: 0.8540 time 0.75s
Epoch: 101/150 Iter: 60/96 loss: 0.2351 acc: 0.8564 time 0.86s
Epoch: 101/150 Iter: 61/96 loss: 0.2374 acc: 0.8526 time 0.70s
Epoch: 101/150 Iter: 62/96 loss: 0.2344 acc: 0.8550 time 0.71s
Epoch: 101/150 Iter: 63/96 loss: 0.2353 acc: 0.8573 time 0.86s
Epoch: 101/150 Iter: 64/96 loss: 0.2362 acc: 0.8576 time 0.86s
Epoch: 101/150 Iter: 65/96 loss: 0.2327 acc: 0.8597 time 0.86s
Epoch: 101/150 Iter: 66/96 loss: 0.2301 acc: 0.8619 time 0.77s
Epoch: 101/150 Iter: 67/96 loss: 0.2270 acc: 0.8639 time 0.77s
Epoch: 101/150 Iter: 68/96 loss: 0.2261 acc: 0.8659 time 0.71s
Epoch: 101/150 Iter: 69/96 loss: 0.2229 acc: 0.8679 time 0.86s
Epoch: 101/150 Iter: 70/96 loss: 0.2200 acc: 0.8698 time 0.87s
Epoch: 101/150 Iter: 71/96 loss: 0.2170 acc: 0.8716 time 0.73s
Epoch: 101/150 Iter: 72/96 loss: 0.2236 acc: 0.8699 time 0.76s
Epoch: 101/150 Iter: 73/96 loss: 0.2246 acc: 0.8703 time 0.75s
Epoch: 101/150 Iter: 74/96 loss: 0.2284 acc: 0.8664 time 0.86s
Epoch: 101/150 Iter: 75/96 loss: 0.2261 acc: 0.8682 time 0.86s
Epoch: 101/150 Iter: 76/96 loss: 0.2296 acc: 0.8683 time 0.87s
Epoch: 101/150 Iter: 77/96 loss: 0.2380 acc: 0.8640 time 0.74s
Epoch: 101/150 Iter: 78/96 loss: 0.2361 acc: 0.8657 time 0.93s
Epoch: 101/150 Iter: 79/96 loss: 0.2338 acc: 0.8674 time 0.72s
Epoch: 101/150 Iter: 80/96 loss: 0.2320 acc: 0.8691 time 0.87s
Epoch: 101/150 Iter: 81/96 loss: 0.2426 acc: 0.8645 time 0.69s
Epoch: 101/150 Iter: 82/96 loss: 0.2412 acc: 0.8662 time 0.69s
Epoch: 101/150 Iter: 83/96 loss: 0.2386 acc: 0.8678 time 0.85s
Epoch: 101/150 Iter: 84/96 loss: 0.2361 acc: 0.8693 time 0.86s
Epoch: 101/150 Iter: 85/96 loss: 0.2340 acc: 0.8709 time 0.86s
Epoch: 101/150 Iter: 86/96 loss: 0.2315 acc: 0.8724 time 0.86s
Epoch: 101/150 Iter: 87/96 loss: 0.2294 acc: 0.8739 time 0.71s
Epoch: 101/150 Iter: 88/96 loss: 0.2275 acc: 0.8753 time 0.70s
Epoch: 101/150 Iter: 89/96 loss: 0.2259 acc: 0.8767 time 0.85s
Epoch: 101/150 Iter: 90/96 loss: 0.2250 acc: 0.8781 time 0.70s
Epoch: 101/150 Iter: 91/96 loss: 0.2230 acc: 0.8794 time 0.86s
Epoch: 101/150 Iter: 92/96 loss: 0.2211 acc: 0.8807 time 0.86s
Epoch: 101/150 Iter: 93/96 loss: 0.2259 acc: 0.8793 time 0.70s
Epoch: 101/150 Iter: 94/96 loss: 0.2239 acc: 0.8806 time 0.69s
Epoch: 101/150 Iter: 95/96 loss: 0.2241 acc: 0.8818 time 0.86s
Epoch: 101/150 Iter: 96/96 loss: 0.2223 acc: 0.8831 time 0.85s
[Train epoch 101] avg_loss=0.2223 avg_acc=0.8831 | per-class [c0: 0.900, c1: 1.000, c2: 0.925]
Final training 101/150, loss: 0.2223, time 75.65s, lr: 0.000266
Accuracy: 0.917
class                  precision    recall   specificity      f1   support
--------------------------------------------------------------------------
0                          0.951     0.900         0.956   0.925       281
1                          0.725     1.000         0.980   0.841        29
2                          0.911     0.925         0.923   0.918       266
*----------------------------------------*
0 Mon Feb 23 13:56:59 2026 Epoch: 102
Epoch: 102/150 Iter: 1/96 loss: 0.4061 acc: 0.5556 time 1.11s
Epoch: 102/150 Iter: 2/96 loss: 0.2397 acc: 0.7778 time 0.86s
Epoch: 102/150 Iter: 3/96 loss: 0.2543 acc: 0.6852 time 0.77s
Epoch: 102/150 Iter: 4/96 loss: 0.2642 acc: 0.7389 time 0.86s
Epoch: 102/150 Iter: 5/96 loss: 0.2670 acc: 0.7911 time 0.75s
Epoch: 102/150 Iter: 6/96 loss: 0.2271 acc: 0.8259 time 0.87s
Epoch: 102/150 Iter: 7/96 loss: 0.2002 acc: 0.8508 time 0.72s
Epoch: 102/150 Iter: 8/96 loss: 0.3035 acc: 0.8000 time 0.72s
Epoch: 102/150 Iter: 9/96 loss: 0.2781 acc: 0.8222 time 0.86s
Epoch: 102/150 Iter: 10/96 loss: 0.3576 acc: 0.8067 time 0.70s
Epoch: 102/150 Iter: 11/96 loss: 0.3389 acc: 0.8242 time 0.74s
Epoch: 102/150 Iter: 12/96 loss: 0.3180 acc: 0.8389 time 0.70s
Epoch: 102/150 Iter: 13/96 loss: 0.3239 acc: 0.8192 time 0.75s
Epoch: 102/150 Iter: 14/96 loss: 0.3030 acc: 0.8321 time 0.86s
Epoch: 102/150 Iter: 15/96 loss: 0.3373 acc: 0.8267 time 0.78s
Epoch: 102/150 Iter: 16/96 loss: 0.3249 acc: 0.8375 time 0.87s
Epoch: 102/150 Iter: 17/96 loss: 0.3232 acc: 0.8397 time 0.70s
Epoch: 102/150 Iter: 18/96 loss: 0.3225 acc: 0.8440 time 0.70s
Epoch: 102/150 Iter: 19/96 loss: 0.3126 acc: 0.8522 time 0.86s
Epoch: 102/150 Iter: 20/96 loss: 0.3001 acc: 0.8596 time 0.76s
Epoch: 102/150 Iter: 21/96 loss: 0.2926 acc: 0.8663 time 0.87s
Epoch: 102/150 Iter: 22/96 loss: 0.2802 acc: 0.8723 time 0.70s
Epoch: 102/150 Iter: 23/96 loss: 0.2797 acc: 0.8489 time 0.86s
Epoch: 102/150 Iter: 24/96 loss: 0.2727 acc: 0.8552 time 0.69s
Epoch: 102/150 Iter: 25/96 loss: 0.2711 acc: 0.8610 time 0.87s
Epoch: 102/150 Iter: 26/96 loss: 0.2623 acc: 0.8663 time 0.86s
Epoch: 102/150 Iter: 27/96 loss: 0.2536 acc: 0.8713 time 0.86s
Epoch: 102/150 Iter: 28/96 loss: 0.2492 acc: 0.8759 time 0.76s
Epoch: 102/150 Iter: 29/96 loss: 0.2457 acc: 0.8716 time 0.76s
Epoch: 102/150 Iter: 30/96 loss: 0.2389 acc: 0.8758 time 0.87s
Epoch: 102/150 Iter: 31/96 loss: 0.2399 acc: 0.8798 time 0.70s
Epoch: 102/150 Iter: 32/96 loss: 0.2370 acc: 0.8784 time 0.71s
Epoch: 102/150 Iter: 33/96 loss: 0.2351 acc: 0.8821 time 0.77s
Epoch: 102/150 Iter: 34/96 loss: 0.2306 acc: 0.8855 time 0.70s
Epoch: 102/150 Iter: 35/96 loss: 0.2270 acc: 0.8888 time 0.70s
Epoch: 102/150 Iter: 36/96 loss: 0.2227 acc: 0.8919 time 0.88s
Epoch: 102/150 Iter: 37/96 loss: 0.2186 acc: 0.8948 time 0.76s
Epoch: 102/150 Iter: 38/96 loss: 0.2146 acc: 0.8976 time 0.87s
Epoch: 102/150 Iter: 39/96 loss: 0.2116 acc: 0.9002 time 0.86s
Epoch: 102/150 Iter: 40/96 loss: 0.2098 acc: 0.9027 time 0.69s
Epoch: 102/150 Iter: 41/96 loss: 0.2142 acc: 0.9010 time 0.86s
Epoch: 102/150 Iter: 42/96 loss: 0.2159 acc: 0.8974 time 0.69s
Epoch: 102/150 Iter: 43/96 loss: 0.2120 acc: 0.8998 time 0.70s
Epoch: 102/150 Iter: 44/96 loss: 0.2154 acc: 0.8895 time 0.73s
Epoch: 102/150 Iter: 45/96 loss: 0.2114 acc: 0.8919 time 0.93s
Epoch: 102/150 Iter: 46/96 loss: 0.2082 acc: 0.8943 time 0.75s
Epoch: 102/150 Iter: 47/96 loss: 0.2065 acc: 0.8965 time 0.87s
Epoch: 102/150 Iter: 48/96 loss: 0.2032 acc: 0.8987 time 0.86s
Epoch: 102/150 Iter: 49/96 loss: 0.2011 acc: 0.9007 time 0.87s
Epoch: 102/150 Iter: 50/96 loss: 0.1992 acc: 0.9027 time 0.72s
Epoch: 102/150 Iter: 51/96 loss: 0.1955 acc: 0.9046 time 0.93s
Epoch: 102/150 Iter: 52/96 loss: 0.2059 acc: 0.8952 time 0.77s
Epoch: 102/150 Iter: 53/96 loss: 0.2024 acc: 0.8972 time 0.87s
Epoch: 102/150 Iter: 54/96 loss: 0.2111 acc: 0.8883 time 0.87s
Epoch: 102/150 Iter: 55/96 loss: 0.2107 acc: 0.8881 time 0.70s
Epoch: 102/150 Iter: 56/96 loss: 0.2080 acc: 0.8901 time 0.77s
Epoch: 102/150 Iter: 57/96 loss: 0.2046 acc: 0.8920 time 0.86s
Epoch: 102/150 Iter: 58/96 loss: 0.2021 acc: 0.8939 time 0.69s
Epoch: 102/150 Iter: 59/96 loss: 0.2030 acc: 0.8957 time 0.69s
Epoch: 102/150 Iter: 60/96 loss: 0.2035 acc: 0.8905 time 0.86s
Epoch: 102/150 Iter: 61/96 loss: 0.2004 acc: 0.8923 time 0.72s
Epoch: 102/150 Iter: 62/96 loss: 0.1991 acc: 0.8940 time 0.86s
Epoch: 102/150 Iter: 63/96 loss: 0.2043 acc: 0.8904 time 0.69s
Epoch: 102/150 Iter: 64/96 loss: 0.2029 acc: 0.8921 time 0.71s
Epoch: 102/150 Iter: 65/96 loss: 0.2005 acc: 0.8938 time 0.71s
Epoch: 102/150 Iter: 66/96 loss: 0.1993 acc: 0.8954 time 0.72s
Epoch: 102/150 Iter: 67/96 loss: 0.1965 acc: 0.8969 time 0.75s
Epoch: 102/150 Iter: 68/96 loss: 0.1940 acc: 0.8984 time 0.87s
Epoch: 102/150 Iter: 69/96 loss: 0.1937 acc: 0.8999 time 0.86s
Epoch: 102/150 Iter: 70/96 loss: 0.1915 acc: 0.9013 time 0.86s
Epoch: 102/150 Iter: 71/96 loss: 0.1892 acc: 0.9027 time 0.71s
Epoch: 102/150 Iter: 72/96 loss: 0.1914 acc: 0.8964 time 0.87s
Epoch: 102/150 Iter: 73/96 loss: 0.1905 acc: 0.8978 time 0.71s
Epoch: 102/150 Iter: 74/96 loss: 0.1896 acc: 0.8992 time 0.87s
Epoch: 102/150 Iter: 75/96 loss: 0.1873 acc: 0.9005 time 0.73s
Epoch: 102/150 Iter: 76/96 loss: 0.1876 acc: 0.9007 time 0.75s
Epoch: 102/150 Iter: 77/96 loss: 0.1859 acc: 0.9020 time 0.76s
Epoch: 102/150 Iter: 78/96 loss: 0.1837 acc: 0.9033 time 0.86s
Epoch: 102/150 Iter: 79/96 loss: 0.1828 acc: 0.9045 time 0.71s
Epoch: 102/150 Iter: 80/96 loss: 0.1813 acc: 0.9057 time 0.71s
Epoch: 102/150 Iter: 81/96 loss: 0.1821 acc: 0.9017 time 0.69s
Epoch: 102/150 Iter: 82/96 loss: 0.1802 acc: 0.9029 time 0.69s
Epoch: 102/150 Iter: 83/96 loss: 0.1834 acc: 0.9021 time 0.85s
Epoch: 102/150 Iter: 84/96 loss: 0.1833 acc: 0.9013 time 0.86s
Epoch: 102/150 Iter: 85/96 loss: 0.1821 acc: 0.9024 time 0.86s
Epoch: 102/150 Iter: 86/96 loss: 0.1870 acc: 0.9012 time 0.69s
Epoch: 102/150 Iter: 87/96 loss: 0.1881 acc: 0.9004 time 0.86s
Epoch: 102/150 Iter: 88/96 loss: 0.1888 acc: 0.8970 time 0.71s
Epoch: 102/150 Iter: 89/96 loss: 0.1917 acc: 0.8937 time 0.70s
Epoch: 102/150 Iter: 90/96 loss: 0.1900 acc: 0.8949 time 0.70s
Epoch: 102/150 Iter: 91/96 loss: 0.1885 acc: 0.8960 time 0.69s
Epoch: 102/150 Iter: 92/96 loss: 0.1894 acc: 0.8944 time 0.69s
Epoch: 102/150 Iter: 93/96 loss: 0.1934 acc: 0.8945 time 0.71s
Epoch: 102/150 Iter: 94/96 loss: 0.1921 acc: 0.8956 time 0.69s
Epoch: 102/150 Iter: 95/96 loss: 0.1913 acc: 0.8967 time 0.70s
Epoch: 102/150 Iter: 96/96 loss: 0.1940 acc: 0.8926 time 0.69s
[Train epoch 102] avg_loss=0.1940 avg_acc=0.8926 | per-class [c0: 0.939, c1: 0.933, c2: 0.925]
Final training 102/150, loss: 0.1940, time 74.94s, lr: 0.000256
Accuracy: 0.932
class                  precision    recall   specificity      f1   support
--------------------------------------------------------------------------
0                          0.963     0.939         0.966   0.951       280
1                          0.683     0.933         0.976   0.789        30
2                          0.939     0.925         0.948   0.932       266
*----------------------------------------*
Val 102/150 1/24, Acc: 0.5000, Loss: 6.2426, time 0.67s
Val 102/150 2/24, Acc: 0.5278, Loss: 3.3869, time 0.67s
Val 102/150 3/24, Acc: 0.6852, Loss: 2.3401, time 0.67s
Val 102/150 4/24, Acc: 0.7639, Loss: 1.7824, time 0.67s
Val 102/150 5/24, Acc: 0.7611, Loss: 1.4761, time 0.67s
Val 102/150 6/24, Acc: 0.7801, Loss: 1.2916, time 0.67s
Val 102/150 7/24, Acc: 0.7401, Loss: 1.2269, time 0.67s
Val 102/150 8/24, Acc: 0.7726, Loss: 1.0808, time 0.67s
Val 102/150 9/24, Acc: 0.7978, Loss: 0.9700, time 0.67s
Val 102/150 10/24, Acc: 0.8181, Loss: 0.8752, time 0.67s
Val 102/150 11/24, Acc: 0.8346, Loss: 0.8278, time 0.67s
Val 102/150 12/24, Acc: 0.8484, Loss: 0.7720, time 0.67s
Val 102/150 13/24, Acc: 0.8216, Loss: 0.7494, time 0.67s
Val 102/150 14/24, Acc: 0.8075, Loss: 0.7317, time 0.67s
Val 102/150 15/24, Acc: 0.8093, Loss: 0.7450, time 0.67s
Val 102/150 16/24, Acc: 0.8149, Loss: 0.7127, time 0.67s
Val 102/150 17/24, Acc: 0.8185, Loss: 0.6831, time 0.67s
Val 102/150 18/24, Acc: 0.8285, Loss: 0.6520, time 0.67s
Val 102/150 19/24, Acc: 0.8113, Loss: 0.6308, time 0.67s
Val 102/150 20/24, Acc: 0.7985, Loss: 0.6539, time 0.67s
Val 102/150 21/24, Acc: 0.8021, Loss: 0.6334, time 0.67s
Val 102/150 22/24, Acc: 0.8035, Loss: 0.6206, time 0.67s
Val 102/150 23/24, Acc: 0.7903, Loss: 0.7019, time 0.67s
Val 102/150 24/24, Acc: 0.7875, Loss: 0.6812, time 0.67s
[Val epoch 102] avg_acc=0.7875 | avg_loss=0.6812 | per-class [c0: 0.914, c1: 0.750, c2: 0.788]
Final validation 102/150, Val_acc: 0.7875, time 16.04sAccuracy: 0.847
class                  precision    recall   specificity      f1   support
--------------------------------------------------------------------------
0                          0.877     0.914         0.878   0.895        70
1                          0.462     0.750         0.949   0.571         8
2                          0.897     0.788         0.923   0.839        66
*========================================*
Saving checkpoint outputs/OrganoidsINRIA_XYZ_thinning_128/swinunetr/2026-02-23-11-31/training/model_final.pt
[EarlyStopping] no improve (27/40)
[EarlyStopping] no improve (28/40)
0 Mon Feb 23 13:58:35 2026 Epoch: 103
Epoch: 103/150 Iter: 1/96 loss: 0.0564 acc: 1.0000 time 1.10s
Epoch: 103/150 Iter: 2/96 loss: 0.0902 acc: 1.0000 time 0.73s
Epoch: 103/150 Iter: 3/96 loss: 0.0642 acc: 1.0000 time 0.77s
Epoch: 103/150 Iter: 4/96 loss: 0.0917 acc: 0.9375 time 0.71s
Epoch: 103/150 Iter: 5/96 loss: 0.1047 acc: 0.9500 time 0.86s
Epoch: 103/150 Iter: 6/96 loss: 0.0943 acc: 0.9583 time 0.71s
Epoch: 103/150 Iter: 7/96 loss: 0.0890 acc: 0.9643 time 0.72s
Epoch: 103/150 Iter: 8/96 loss: 0.0826 acc: 0.9688 time 0.86s
Epoch: 103/150 Iter: 9/96 loss: 0.0855 acc: 0.9722 time 0.70s
Epoch: 103/150 Iter: 10/96 loss: 0.1087 acc: 0.9625 time 0.86s
Epoch: 103/150 Iter: 11/96 loss: 0.1059 acc: 0.9659 time 0.77s
Epoch: 103/150 Iter: 12/96 loss: 0.1045 acc: 0.9688 time 0.86s
Epoch: 103/150 Iter: 13/96 loss: 0.1050 acc: 0.9626 time 0.86s
Epoch: 103/150 Iter: 14/96 loss: 0.1249 acc: 0.9236 time 0.70s
Epoch: 103/150 Iter: 15/96 loss: 0.1236 acc: 0.9287 time 0.86s
Epoch: 103/150 Iter: 16/96 loss: 0.1180 acc: 0.9332 time 0.86s
Epoch: 103/150 Iter: 17/96 loss: 0.1177 acc: 0.9136 time 0.70s
Epoch: 103/150 Iter: 18/96 loss: 0.1349 acc: 0.9122 time 0.70s
Epoch: 103/150 Iter: 19/96 loss: 0.1363 acc: 0.9080 time 0.86s
Epoch: 103/150 Iter: 20/96 loss: 0.1306 acc: 0.9126 time 0.70s
Epoch: 103/150 Iter: 21/96 loss: 0.1484 acc: 0.8890 time 0.72s
Epoch: 103/150 Iter: 22/96 loss: 0.1441 acc: 0.8941 time 0.86s
Epoch: 103/150 Iter: 23/96 loss: 0.1447 acc: 0.8987 time 0.87s
Epoch: 103/150 Iter: 24/96 loss: 0.1432 acc: 0.9029 time 0.87s
Epoch: 103/150 Iter: 25/96 loss: 0.1560 acc: 0.9001 time 0.70s
Epoch: 103/150 Iter: 26/96 loss: 0.1540 acc: 0.9040 time 0.70s
Epoch: 103/150 Iter: 27/96 loss: 0.1499 acc: 0.9075 time 0.87s
Epoch: 103/150 Iter: 28/96 loss: 0.1570 acc: 0.9063 time 0.86s
Epoch: 103/150 Iter: 29/96 loss: 0.1554 acc: 0.9096 time 0.86s
Epoch: 103/150 Iter: 30/96 loss: 0.1524 acc: 0.9126 time 0.69s
Epoch: 103/150 Iter: 31/96 loss: 0.1505 acc: 0.9154 time 0.75s
Epoch: 103/150 Iter: 32/96 loss: 0.1478 acc: 0.9181 time 0.86s
Epoch: 103/150 Iter: 33/96 loss: 0.1562 acc: 0.9155 time 0.74s
Epoch: 103/150 Iter: 34/96 loss: 0.1752 acc: 0.9008 time 0.71s
Epoch: 103/150 Iter: 35/96 loss: 0.1766 acc: 0.9001 time 0.69s
Epoch: 103/150 Iter: 36/96 loss: 0.1786 acc: 0.8994 time 0.70s
Epoch: 103/150 Iter: 37/96 loss: 0.1969 acc: 0.8886 time 0.73s
Epoch: 103/150 Iter: 38/96 loss: 0.2000 acc: 0.8810 time 0.77s
Epoch: 103/150 Iter: 39/96 loss: 0.1957 acc: 0.8840 time 0.71s
Epoch: 103/150 Iter: 40/96 loss: 0.1957 acc: 0.8828 time 0.75s
Epoch: 103/150 Iter: 41/96 loss: 0.1967 acc: 0.8856 time 0.87s
Epoch: 103/150 Iter: 42/96 loss: 0.2051 acc: 0.8854 time 0.70s
Epoch: 103/150 Iter: 43/96 loss: 0.2115 acc: 0.8851 time 0.74s
Epoch: 103/150 Iter: 44/96 loss: 0.2314 acc: 0.8741 time 0.74s
Epoch: 103/150 Iter: 45/96 loss: 0.2272 acc: 0.8769 time 0.72s
Epoch: 103/150 Iter: 46/96 loss: 0.2606 acc: 0.8723 time 0.70s
Epoch: 103/150 Iter: 47/96 loss: 0.2575 acc: 0.8751 time 0.74s
Epoch: 103/150 Iter: 48/96 loss: 0.2613 acc: 0.8690 time 0.70s
Epoch: 103/150 Iter: 49/96 loss: 0.2640 acc: 0.8598 time 0.70s
Epoch: 103/150 Iter: 50/96 loss: 0.2593 acc: 0.8626 time 0.71s
Epoch: 103/150 Iter: 51/96 loss: 0.2567 acc: 0.8653 time 0.72s
Epoch: 103/150 Iter: 52/96 loss: 0.2523 acc: 0.8678 time 0.78s
Epoch: 103/150 Iter: 53/96 loss: 0.2481 acc: 0.8703 time 0.70s
Epoch: 103/150 Iter: 54/96 loss: 0.2532 acc: 0.8653 time 0.87s
Epoch: 103/150 Iter: 55/96 loss: 0.2529 acc: 0.8660 time 0.71s
Epoch: 103/150 Iter: 56/96 loss: 0.2556 acc: 0.8664 time 0.69s
Epoch: 103/150 Iter: 57/96 loss: 0.2746 acc: 0.8570 time 0.94s
Epoch: 103/150 Iter: 58/96 loss: 0.2717 acc: 0.8595 time 0.73s
Epoch: 103/150 Iter: 59/96 loss: 0.2800 acc: 0.8494 time 0.71s
Epoch: 103/150 Iter: 60/96 loss: 0.2763 acc: 0.8519 time 0.80s
Epoch: 103/150 Iter: 61/96 loss: 0.2725 acc: 0.8544 time 0.69s
Epoch: 103/150 Iter: 62/96 loss: 0.2781 acc: 0.8487 time 0.87s
Epoch: 103/150 Iter: 63/96 loss: 0.2767 acc: 0.8484 time 0.74s
Epoch: 103/150 Iter: 64/96 loss: 0.2731 acc: 0.8508 time 0.70s
Epoch: 103/150 Iter: 65/96 loss: 0.2744 acc: 0.8500 time 0.73s
Epoch: 103/150 Iter: 66/96 loss: 0.2768 acc: 0.8447 time 0.70s
Epoch: 103/150 Iter: 67/96 loss: 0.2738 acc: 0.8470 time 0.70s
Epoch: 103/150 Iter: 68/96 loss: 0.2713 acc: 0.8493 time 0.86s
Epoch: 103/150 Iter: 69/96 loss: 0.2733 acc: 0.8490 time 0.71s
Epoch: 103/150 Iter: 70/96 loss: 0.2724 acc: 0.8512 time 0.71s
Epoch: 103/150 Iter: 71/96 loss: 0.2693 acc: 0.8533 time 0.73s
Epoch: 103/150 Iter: 72/96 loss: 0.2667 acc: 0.8553 time 0.86s
Epoch: 103/150 Iter: 73/96 loss: 0.2674 acc: 0.8558 time 0.86s
Epoch: 103/150 Iter: 74/96 loss: 0.2652 acc: 0.8577 time 0.86s
Epoch: 103/150 Iter: 75/96 loss: 0.2627 acc: 0.8596 time 0.72s
Epoch: 103/150 Iter: 76/96 loss: 0.2623 acc: 0.8560 time 0.75s
Epoch: 103/150 Iter: 77/96 loss: 0.2596 acc: 0.8579 time 0.69s
Epoch: 103/150 Iter: 78/96 loss: 0.2626 acc: 0.8581 time 0.87s
Epoch: 103/150 Iter: 79/96 loss: 0.2634 acc: 0.8567 time 0.70s
Epoch: 103/150 Iter: 80/96 loss: 0.2682 acc: 0.8564 time 0.73s
Epoch: 103/150 Iter: 81/96 loss: 0.2649 acc: 0.8582 time 0.69s
Epoch: 103/150 Iter: 82/96 loss: 0.2653 acc: 0.8579 time 0.86s
Epoch: 103/150 Iter: 83/96 loss: 0.2627 acc: 0.8596 time 0.69s
Epoch: 103/150 Iter: 84/96 loss: 0.2620 acc: 0.8593 time 0.69s
Epoch: 103/150 Iter: 85/96 loss: 0.2608 acc: 0.8609 time 0.69s
Epoch: 103/150 Iter: 86/96 loss: 0.2581 acc: 0.8626 time 0.85s
Epoch: 103/150 Iter: 87/96 loss: 0.2555 acc: 0.8641 time 0.69s
Epoch: 103/150 Iter: 88/96 loss: 0.2535 acc: 0.8657 time 0.87s
Epoch: 103/150 Iter: 89/96 loss: 0.2550 acc: 0.8606 time 0.69s
Epoch: 103/150 Iter: 90/96 loss: 0.2559 acc: 0.8603 time 0.69s
Epoch: 103/150 Iter: 91/96 loss: 0.2536 acc: 0.8619 time 0.69s
Epoch: 103/150 Iter: 92/96 loss: 0.2564 acc: 0.8585 time 0.69s
Epoch: 103/150 Iter: 93/96 loss: 0.2540 acc: 0.8601 time 0.86s
Epoch: 103/150 Iter: 94/96 loss: 0.2544 acc: 0.8598 time 0.70s
Epoch: 103/150 Iter: 95/96 loss: 0.2552 acc: 0.8599 time 0.69s
Epoch: 103/150 Iter: 96/96 loss: 0.2549 acc: 0.8597 time 0.86s
[Train epoch 103] avg_loss=0.2549 avg_acc=0.8597 | per-class [c0: 0.893, c1: 0.933, c2: 0.917]
Final training 103/150, loss: 0.2549, time 73.38s, lr: 0.000247
Accuracy: 0.906
class                  precision    recall   specificity      f1   support
--------------------------------------------------------------------------
0                          0.954     0.893         0.959   0.923       281
1                          0.622     0.933         0.969   0.747        30
2                          0.907     0.917         0.920   0.912       265
*----------------------------------------*
0 Mon Feb 23 13:59:49 2026 Epoch: 104
Epoch: 104/150 Iter: 1/96 loss: 0.3858 acc: 0.5000 time 1.19s
Epoch: 104/150 Iter: 2/96 loss: 0.3005 acc: 0.6875 time 0.87s
Epoch: 104/150 Iter: 3/96 loss: 0.2778 acc: 0.7500 time 0.87s
Epoch: 104/150 Iter: 4/96 loss: 0.3435 acc: 0.7500 time 0.73s
Epoch: 104/150 Iter: 5/96 loss: 0.2770 acc: 0.8000 time 0.69s
Epoch: 104/150 Iter: 6/96 loss: 0.3838 acc: 0.7778 time 0.86s
Epoch: 104/150 Iter: 7/96 loss: 0.3910 acc: 0.8095 time 0.74s
Epoch: 104/150 Iter: 8/96 loss: 0.3470 acc: 0.8333 time 0.78s
Epoch: 104/150 Iter: 9/96 loss: 0.3112 acc: 0.8519 time 0.87s
Epoch: 104/150 Iter: 10/96 loss: 0.2848 acc: 0.8667 time 0.70s
Epoch: 104/150 Iter: 11/96 loss: 0.2697 acc: 0.8788 time 0.71s
Epoch: 104/150 Iter: 12/96 loss: 0.2532 acc: 0.8889 time 0.87s
Epoch: 104/150 Iter: 13/96 loss: 0.2388 acc: 0.8974 time 0.71s
Epoch: 104/150 Iter: 14/96 loss: 0.2245 acc: 0.9048 time 0.77s
Epoch: 104/150 Iter: 15/96 loss: 0.2123 acc: 0.9111 time 0.73s
Epoch: 104/150 Iter: 16/96 loss: 0.2157 acc: 0.9063 time 0.86s
Epoch: 104/150 Iter: 17/96 loss: 0.2218 acc: 0.8922 time 0.69s
Epoch: 104/150 Iter: 18/96 loss: 0.2154 acc: 0.8981 time 0.86s
Epoch: 104/150 Iter: 19/96 loss: 0.2104 acc: 0.8977 time 0.86s
Epoch: 104/150 Iter: 20/96 loss: 0.2018 acc: 0.9028 time 0.86s
Epoch: 104/150 Iter: 21/96 loss: 0.1946 acc: 0.9074 time 0.69s
Epoch: 104/150 Iter: 22/96 loss: 0.1899 acc: 0.9116 time 0.69s
Epoch: 104/150 Iter: 23/96 loss: 0.1996 acc: 0.8973 time 0.86s
Epoch: 104/150 Iter: 24/96 loss: 0.2041 acc: 0.8964 time 0.70s
Epoch: 104/150 Iter: 25/96 loss: 0.2079 acc: 0.8972 time 0.87s
Epoch: 104/150 Iter: 26/96 loss: 0.2015 acc: 0.9012 time 0.86s
Epoch: 104/150 Iter: 27/96 loss: 0.1962 acc: 0.9048 time 0.86s
Epoch: 104/150 Iter: 28/96 loss: 0.2035 acc: 0.8939 time 0.76s
Epoch: 104/150 Iter: 29/96 loss: 0.1975 acc: 0.8976 time 0.69s
Epoch: 104/150 Iter: 30/96 loss: 0.1945 acc: 0.9010 time 0.85s
Epoch: 104/150 Iter: 31/96 loss: 0.1996 acc: 0.8863 time 0.70s
Epoch: 104/150 Iter: 32/96 loss: 0.1979 acc: 0.8898 time 0.74s
Epoch: 104/150 Iter: 33/96 loss: 0.1940 acc: 0.8932 time 0.70s
Epoch: 104/150 Iter: 34/96 loss: 0.2007 acc: 0.8841 time 0.85s
Epoch: 104/150 Iter: 35/96 loss: 0.1988 acc: 0.8874 time 0.86s
Epoch: 104/150 Iter: 36/96 loss: 0.1945 acc: 0.8905 time 0.74s
Epoch: 104/150 Iter: 37/96 loss: 0.1973 acc: 0.8905 time 0.72s
Epoch: 104/150 Iter: 38/96 loss: 0.1960 acc: 0.8933 time 0.74s
Epoch: 104/150 Iter: 39/96 loss: 0.1926 acc: 0.8961 time 0.76s
Epoch: 104/150 Iter: 40/96 loss: 0.1887 acc: 0.8987 time 0.93s
Epoch: 104/150 Iter: 41/96 loss: 0.1951 acc: 0.8981 time 0.87s
Epoch: 104/150 Iter: 42/96 loss: 0.1917 acc: 0.9005 time 0.76s
Epoch: 104/150 Iter: 43/96 loss: 0.1993 acc: 0.8951 time 0.70s
Epoch: 104/150 Iter: 44/96 loss: 0.1956 acc: 0.8975 time 0.71s
Epoch: 104/150 Iter: 45/96 loss: 0.1919 acc: 0.8998 time 0.87s
Epoch: 104/150 Iter: 46/96 loss: 0.2012 acc: 0.8992 time 0.70s
Epoch: 104/150 Iter: 47/96 loss: 0.2118 acc: 0.8987 time 0.77s
Epoch: 104/150 Iter: 48/96 loss: 0.2105 acc: 0.8869 time 0.87s
Epoch: 104/150 Iter: 49/96 loss: 0.2068 acc: 0.8892 time 0.87s
Epoch: 104/150 Iter: 50/96 loss: 0.2035 acc: 0.8914 time 0.86s
Epoch: 104/150 Iter: 51/96 loss: 0.2071 acc: 0.8854 time 0.72s
Epoch: 104/150 Iter: 52/96 loss: 0.2067 acc: 0.8852 time 0.77s
Epoch: 104/150 Iter: 53/96 loss: 0.2055 acc: 0.8853 time 0.70s
Epoch: 104/150 Iter: 54/96 loss: 0.2029 acc: 0.8874 time 0.87s
Epoch: 104/150 Iter: 55/96 loss: 0.2027 acc: 0.8864 time 0.69s
Epoch: 104/150 Iter: 56/96 loss: 0.1997 acc: 0.8884 time 0.73s
Epoch: 104/150 Iter: 57/96 loss: 0.1996 acc: 0.8831 time 0.87s
Epoch: 104/150 Iter: 58/96 loss: 0.1967 acc: 0.8851 time 0.87s
Epoch: 104/150 Iter: 59/96 loss: 0.2007 acc: 0.8852 time 0.70s
Epoch: 104/150 Iter: 60/96 loss: 0.1991 acc: 0.8871 time 0.88s
Epoch: 104/150 Iter: 61/96 loss: 0.1970 acc: 0.8889 time 0.87s
Epoch: 104/150 Iter: 62/96 loss: 0.1956 acc: 0.8907 time 0.70s
Epoch: 104/150 Iter: 63/96 loss: 0.1965 acc: 0.8881 time 0.75s
Epoch: 104/150 Iter: 64/96 loss: 0.1985 acc: 0.8878 time 0.79s
Epoch: 104/150 Iter: 65/96 loss: 0.1981 acc: 0.8834 time 0.70s
Epoch: 104/150 Iter: 66/96 loss: 0.1973 acc: 0.8852 time 0.87s
Epoch: 104/150 Iter: 67/96 loss: 0.1957 acc: 0.8869 time 0.87s
Epoch: 104/150 Iter: 68/96 loss: 0.1975 acc: 0.8849 time 0.86s
Epoch: 104/150 Iter: 69/96 loss: 0.1968 acc: 0.8849 time 0.75s
Epoch: 104/150 Iter: 70/96 loss: 0.1977 acc: 0.8866 time 0.70s
Epoch: 104/150 Iter: 71/96 loss: 0.1952 acc: 0.8882 time 0.75s
Epoch: 104/150 Iter: 72/96 loss: 0.1932 acc: 0.8897 time 0.86s
Epoch: 104/150 Iter: 73/96 loss: 0.1953 acc: 0.8844 time 0.72s
Epoch: 104/150 Iter: 74/96 loss: 0.1946 acc: 0.8860 time 0.70s
Epoch: 104/150 Iter: 75/96 loss: 0.1934 acc: 0.8875 time 0.70s
Epoch: 104/150 Iter: 76/96 loss: 0.1915 acc: 0.8890 time 0.86s
Epoch: 104/150 Iter: 77/96 loss: 0.1896 acc: 0.8904 time 0.69s
Epoch: 104/150 Iter: 78/96 loss: 0.1882 acc: 0.8918 time 0.87s
Epoch: 104/150 Iter: 79/96 loss: 0.1866 acc: 0.8932 time 0.75s
Epoch: 104/150 Iter: 80/96 loss: 0.1844 acc: 0.8945 time 0.86s
Epoch: 104/150 Iter: 81/96 loss: 0.1830 acc: 0.8958 time 0.86s
Epoch: 104/150 Iter: 82/96 loss: 0.1809 acc: 0.8971 time 0.69s
Epoch: 104/150 Iter: 83/96 loss: 0.1912 acc: 0.8968 time 0.68s
Epoch: 104/150 Iter: 84/96 loss: 0.1910 acc: 0.8980 time 0.69s
Epoch: 104/150 Iter: 85/96 loss: 0.1899 acc: 0.8992 time 0.85s
Epoch: 104/150 Iter: 86/96 loss: 0.1898 acc: 0.9004 time 0.69s
Epoch: 104/150 Iter: 87/96 loss: 0.1935 acc: 0.8970 time 0.69s
Epoch: 104/150 Iter: 88/96 loss: 0.1958 acc: 0.8953 time 0.69s
Epoch: 104/150 Iter: 89/96 loss: 0.2119 acc: 0.8927 time 0.86s
Epoch: 104/150 Iter: 90/96 loss: 0.2153 acc: 0.8925 time 0.69s
Epoch: 104/150 Iter: 91/96 loss: 0.2137 acc: 0.8937 time 0.69s
Epoch: 104/150 Iter: 92/96 loss: 0.2127 acc: 0.8949 time 0.68s
Epoch: 104/150 Iter: 93/96 loss: 0.2128 acc: 0.8960 time 0.69s
Epoch: 104/150 Iter: 94/96 loss: 0.2114 acc: 0.8971 time 0.85s
Epoch: 104/150 Iter: 95/96 loss: 0.2118 acc: 0.8971 time 0.86s
Epoch: 104/150 Iter: 96/96 loss: 0.2099 acc: 0.8982 time 0.68s
[Train epoch 104] avg_loss=0.2099 avg_acc=0.8982 | per-class [c0: 0.936, c1: 0.900, c2: 0.921]
Final training 104/150, loss: 0.2099, time 75.06s, lr: 0.000238
Accuracy: 0.927
class                  precision    recall   specificity      f1   support
--------------------------------------------------------------------------
0                          0.960     0.936         0.963   0.948       281
1                          0.643     0.900         0.973   0.750        30
2                          0.938     0.921         0.949   0.930       265
*----------------------------------------*
Val 104/150 1/24, Acc: 0.5000, Loss: 4.7154, time 0.69s
Val 104/150 2/24, Acc: 0.5278, Loss: 2.5701, time 0.67s
Val 104/150 3/24, Acc: 0.6296, Loss: 1.7769, time 0.67s
Val 104/150 4/24, Acc: 0.7222, Loss: 1.3576, time 0.67s
Val 104/150 5/24, Acc: 0.7278, Loss: 1.1276, time 0.67s
Val 104/150 6/24, Acc: 0.7731, Loss: 0.9537, time 0.67s
Val 104/150 7/24, Acc: 0.7460, Loss: 0.9002, time 0.67s
Val 104/150 8/24, Acc: 0.7778, Loss: 0.7933, time 0.67s
Val 104/150 9/24, Acc: 0.8025, Loss: 0.7200, time 0.67s
Val 104/150 10/24, Acc: 0.8222, Loss: 0.6514, time 0.67s
Val 104/150 11/24, Acc: 0.8384, Loss: 0.6148, time 0.67s
Val 104/150 12/24, Acc: 0.8032, Loss: 0.5813, time 0.67s
Val 104/150 13/24, Acc: 0.7799, Loss: 0.5781, time 0.67s
Val 104/150 14/24, Acc: 0.7867, Loss: 0.5702, time 0.67s
Val 104/150 15/24, Acc: 0.7898, Loss: 0.5739, time 0.67s
Val 104/150 16/24, Acc: 0.7967, Loss: 0.5525, time 0.67s
Val 104/150 17/24, Acc: 0.8087, Loss: 0.5270, time 0.67s
Val 104/150 18/24, Acc: 0.8193, Loss: 0.5014, time 0.67s
Val 104/150 19/24, Acc: 0.8288, Loss: 0.4813, time 0.67s
Val 104/150 20/24, Acc: 0.8151, Loss: 0.5040, time 0.67s
Val 104/150 21/24, Acc: 0.8180, Loss: 0.4867, time 0.67s
Val 104/150 22/24, Acc: 0.8187, Loss: 0.4806, time 0.67s
Val 104/150 23/24, Acc: 0.8048, Loss: 0.5543, time 0.67s
Val 104/150 24/24, Acc: 0.8014, Loss: 0.5427, time 0.67s
[Val epoch 104] avg_acc=0.8014 | avg_loss=0.5427 | per-class [c0: 0.886, c1: 0.750, c2: 0.864]
Final validation 104/150, Val_acc: 0.8014, time 16.06sAccuracy: 0.868
class                  precision    recall   specificity      f1   support
--------------------------------------------------------------------------
0                          0.939     0.886         0.946   0.912        70
1                          0.462     0.750         0.949   0.571         8
2                          0.877     0.864         0.897   0.870        66
*========================================*
Saving checkpoint outputs/OrganoidsINRIA_XYZ_thinning_128/swinunetr/2026-02-23-11-31/training/model_final.pt
[EarlyStopping] no improve (28/40)
[EarlyStopping] no improve (29/40)
0 Mon Feb 23 14:01:25 2026 Epoch: 105
Epoch: 105/150 Iter: 1/96 loss: 0.2085 acc: 0.8333 time 1.10s
Epoch: 105/150 Iter: 2/96 loss: 0.2162 acc: 0.8667 time 0.71s
Epoch: 105/150 Iter: 3/96 loss: 0.1633 acc: 0.9111 time 0.87s
Epoch: 105/150 Iter: 4/96 loss: 0.2314 acc: 0.8708 time 0.70s
Epoch: 105/150 Iter: 5/96 loss: 0.1969 acc: 0.8967 time 0.86s
Epoch: 105/150 Iter: 6/96 loss: 0.1679 acc: 0.9139 time 0.87s
Epoch: 105/150 Iter: 7/96 loss: 0.3394 acc: 0.8548 time 0.87s
Epoch: 105/150 Iter: 8/96 loss: 0.3335 acc: 0.8729 time 0.73s
Epoch: 105/150 Iter: 9/96 loss: 0.3146 acc: 0.8870 time 0.75s
Epoch: 105/150 Iter: 10/96 loss: 0.2956 acc: 0.8983 time 0.93s
Epoch: 105/150 Iter: 11/96 loss: 0.2818 acc: 0.9076 time 0.86s
Epoch: 105/150 Iter: 12/96 loss: 0.2685 acc: 0.9153 time 0.86s
Epoch: 105/150 Iter: 13/96 loss: 0.2580 acc: 0.9218 time 0.87s
Epoch: 105/150 Iter: 14/96 loss: 0.3052 acc: 0.8877 time 0.70s
Epoch: 105/150 Iter: 15/96 loss: 0.3037 acc: 0.8869 time 0.77s
Epoch: 105/150 Iter: 16/96 loss: 0.2962 acc: 0.8661 time 0.72s
Epoch: 105/150 Iter: 17/96 loss: 0.2991 acc: 0.8667 time 0.77s
Epoch: 105/150 Iter: 18/96 loss: 0.2847 acc: 0.8741 time 0.87s
Epoch: 105/150 Iter: 19/96 loss: 0.2760 acc: 0.8719 time 0.72s
Epoch: 105/150 Iter: 20/96 loss: 0.2636 acc: 0.8783 time 0.69s
Epoch: 105/150 Iter: 21/96 loss: 0.2533 acc: 0.8841 time 0.71s
Epoch: 105/150 Iter: 22/96 loss: 0.2435 acc: 0.8894 time 0.86s
Epoch: 105/150 Iter: 23/96 loss: 0.2375 acc: 0.8942 time 0.70s
Epoch: 105/150 Iter: 24/96 loss: 0.2415 acc: 0.8882 time 0.87s
Epoch: 105/150 Iter: 25/96 loss: 0.2336 acc: 0.8927 time 0.69s
Epoch: 105/150 Iter: 26/96 loss: 0.2257 acc: 0.8968 time 0.86s
Epoch: 105/150 Iter: 27/96 loss: 0.2200 acc: 0.9006 time 0.75s
Epoch: 105/150 Iter: 28/96 loss: 0.2194 acc: 0.8997 time 0.71s
Epoch: 105/150 Iter: 29/96 loss: 0.2167 acc: 0.9032 time 0.86s
Epoch: 105/150 Iter: 30/96 loss: 0.2129 acc: 0.9064 time 0.74s
Epoch: 105/150 Iter: 31/96 loss: 0.2225 acc: 0.8933 time 0.87s
Epoch: 105/150 Iter: 32/96 loss: 0.2185 acc: 0.8966 time 0.71s
Epoch: 105/150 Iter: 33/96 loss: 0.2127 acc: 0.8997 time 0.86s
Epoch: 105/150 Iter: 34/96 loss: 0.2105 acc: 0.9027 time 0.87s
Epoch: 105/150 Iter: 35/96 loss: 0.2220 acc: 0.9007 time 0.73s
Epoch: 105/150 Iter: 36/96 loss: 0.2234 acc: 0.8911 time 0.70s
Epoch: 105/150 Iter: 37/96 loss: 0.2210 acc: 0.8941 time 0.71s
Epoch: 105/150 Iter: 38/96 loss: 0.2178 acc: 0.8969 time 0.71s
Epoch: 105/150 Iter: 39/96 loss: 0.2145 acc: 0.8995 time 0.87s
Epoch: 105/150 Iter: 40/96 loss: 0.2290 acc: 0.8833 time 0.70s
Epoch: 105/150 Iter: 41/96 loss: 0.2260 acc: 0.8861 time 0.87s
Epoch: 105/150 Iter: 42/96 loss: 0.2210 acc: 0.8888 time 0.74s
Epoch: 105/150 Iter: 43/96 loss: 0.2314 acc: 0.8759 time 0.87s
Epoch: 105/150 Iter: 44/96 loss: 0.2278 acc: 0.8787 time 0.86s
Epoch: 105/150 Iter: 45/96 loss: 0.2233 acc: 0.8814 time 0.71s
Epoch: 105/150 Iter: 46/96 loss: 0.2194 acc: 0.8840 time 0.69s
Epoch: 105/150 Iter: 47/96 loss: 0.2162 acc: 0.8865 time 0.79s
Epoch: 105/150 Iter: 48/96 loss: 0.2141 acc: 0.8888 time 0.70s
Epoch: 105/150 Iter: 49/96 loss: 0.2103 acc: 0.8911 time 0.85s
Epoch: 105/150 Iter: 50/96 loss: 0.2091 acc: 0.8933 time 0.75s
Epoch: 105/150 Iter: 51/96 loss: 0.2202 acc: 0.8888 time 0.87s
Epoch: 105/150 Iter: 52/96 loss: 0.2178 acc: 0.8910 time 0.76s
Epoch: 105/150 Iter: 53/96 loss: 0.2152 acc: 0.8930 time 0.77s
Epoch: 105/150 Iter: 54/96 loss: 0.2135 acc: 0.8950 time 0.86s
Epoch: 105/150 Iter: 55/96 loss: 0.2113 acc: 0.8969 time 0.70s
Epoch: 105/150 Iter: 56/96 loss: 0.2161 acc: 0.8958 time 0.72s
Epoch: 105/150 Iter: 57/96 loss: 0.2128 acc: 0.8976 time 0.87s
Epoch: 105/150 Iter: 58/96 loss: 0.2100 acc: 0.8994 time 0.76s
Epoch: 105/150 Iter: 59/96 loss: 0.2076 acc: 0.9011 time 0.86s
Epoch: 105/150 Iter: 60/96 loss: 0.2062 acc: 0.9027 time 0.87s
Epoch: 105/150 Iter: 61/96 loss: 0.2072 acc: 0.9016 time 0.69s
Epoch: 105/150 Iter: 62/96 loss: 0.2088 acc: 0.8965 time 0.75s
Epoch: 105/150 Iter: 63/96 loss: 0.2145 acc: 0.8928 time 0.88s
Epoch: 105/150 Iter: 64/96 loss: 0.2143 acc: 0.8875 time 0.75s
Epoch: 105/150 Iter: 65/96 loss: 0.2117 acc: 0.8893 time 0.85s
Epoch: 105/150 Iter: 66/96 loss: 0.2089 acc: 0.8910 time 0.71s
Epoch: 105/150 Iter: 67/96 loss: 0.2144 acc: 0.8859 time 0.86s
Epoch: 105/150 Iter: 68/96 loss: 0.2169 acc: 0.8858 time 0.86s
Epoch: 105/150 Iter: 69/96 loss: 0.2167 acc: 0.8838 time 0.70s
Epoch: 105/150 Iter: 70/96 loss: 0.2236 acc: 0.8831 time 0.70s
Epoch: 105/150 Iter: 71/96 loss: 0.2218 acc: 0.8847 time 0.86s
Epoch: 105/150 Iter: 72/96 loss: 0.2194 acc: 0.8863 time 0.71s
Epoch: 105/150 Iter: 73/96 loss: 0.2167 acc: 0.8879 time 0.87s
Epoch: 105/150 Iter: 74/96 loss: 0.2144 acc: 0.8894 time 0.86s
Epoch: 105/150 Iter: 75/96 loss: 0.2154 acc: 0.8892 time 0.87s
Epoch: 105/150 Iter: 76/96 loss: 0.2126 acc: 0.8907 time 0.76s
Epoch: 105/150 Iter: 77/96 loss: 0.2105 acc: 0.8921 time 0.87s
Epoch: 105/150 Iter: 78/96 loss: 0.2096 acc: 0.8935 time 0.87s
Epoch: 105/150 Iter: 79/96 loss: 0.2090 acc: 0.8948 time 0.76s
Epoch: 105/150 Iter: 80/96 loss: 0.2139 acc: 0.8903 time 0.86s
Epoch: 105/150 Iter: 81/96 loss: 0.2137 acc: 0.8917 time 0.86s
Epoch: 105/150 Iter: 82/96 loss: 0.2142 acc: 0.8915 time 0.71s
Epoch: 105/150 Iter: 83/96 loss: 0.2124 acc: 0.8928 time 0.68s
Epoch: 105/150 Iter: 84/96 loss: 0.2162 acc: 0.8921 time 0.69s
Epoch: 105/150 Iter: 85/96 loss: 0.2138 acc: 0.8933 time 0.85s
Epoch: 105/150 Iter: 86/96 loss: 0.2121 acc: 0.8933 time 0.86s
Epoch: 105/150 Iter: 87/96 loss: 0.2099 acc: 0.8945 time 0.69s
Epoch: 105/150 Iter: 88/96 loss: 0.2083 acc: 0.8957 time 0.71s
Epoch: 105/150 Iter: 89/96 loss: 0.2073 acc: 0.8969 time 0.86s
Epoch: 105/150 Iter: 90/96 loss: 0.2051 acc: 0.8980 time 0.70s
Epoch: 105/150 Iter: 91/96 loss: 0.2098 acc: 0.8955 time 0.69s
Epoch: 105/150 Iter: 92/96 loss: 0.2089 acc: 0.8966 time 0.85s
Epoch: 105/150 Iter: 93/96 loss: 0.2082 acc: 0.8977 time 0.69s
Epoch: 105/150 Iter: 94/96 loss: 0.2070 acc: 0.8988 time 0.71s
Epoch: 105/150 Iter: 95/96 loss: 0.2061 acc: 0.8999 time 0.86s
Epoch: 105/150 Iter: 96/96 loss: 0.2053 acc: 0.9009 time 0.69s
[Train epoch 105] avg_loss=0.2053 avg_acc=0.9009 | per-class [c0: 0.939, c1: 0.900, c2: 0.917]
Final training 105/150, loss: 0.2053, time 75.74s, lr: 0.000228
Accuracy: 0.927
class                  precision    recall   specificity      f1   support
--------------------------------------------------------------------------
0                          0.949     0.939         0.953   0.944       280
1                          0.692     0.900         0.978   0.783        30
2                          0.938     0.917         0.948   0.928       266
*----------------------------------------*
0 Mon Feb 23 14:02:40 2026 Epoch: 106
Epoch: 106/150 Iter: 1/96 loss: 0.1422 acc: 0.8333 time 1.02s
Epoch: 106/150 Iter: 2/96 loss: 0.1051 acc: 0.9167 time 0.87s
Epoch: 106/150 Iter: 3/96 loss: 0.0742 acc: 0.9444 time 0.74s
Epoch: 106/150 Iter: 4/96 loss: 0.0707 acc: 0.9583 time 0.69s
Epoch: 106/150 Iter: 5/96 loss: 0.1309 acc: 0.9333 time 0.71s
Epoch: 106/150 Iter: 6/96 loss: 0.1218 acc: 0.9444 time 0.73s
Epoch: 106/150 Iter: 7/96 loss: 0.1072 acc: 0.9524 time 0.86s
Epoch: 106/150 Iter: 8/96 loss: 0.0999 acc: 0.9583 time 0.86s
Epoch: 106/150 Iter: 9/96 loss: 0.1048 acc: 0.9444 time 0.71s
Epoch: 106/150 Iter: 10/96 loss: 0.1409 acc: 0.9250 time 0.88s
Epoch: 106/150 Iter: 11/96 loss: 0.1541 acc: 0.9066 time 0.87s
Epoch: 106/150 Iter: 12/96 loss: 0.2503 acc: 0.8588 time 0.70s
Epoch: 106/150 Iter: 13/96 loss: 0.2418 acc: 0.8697 time 0.76s
Epoch: 106/150 Iter: 14/96 loss: 0.2444 acc: 0.8591 time 0.77s
Epoch: 106/150 Iter: 15/96 loss: 0.2315 acc: 0.8685 time 0.77s
Epoch: 106/150 Iter: 16/96 loss: 0.2376 acc: 0.8403 time 0.87s
Epoch: 106/150 Iter: 17/96 loss: 0.2460 acc: 0.8399 time 0.70s
Epoch: 106/150 Iter: 18/96 loss: 0.2358 acc: 0.8488 time 0.77s
Epoch: 106/150 Iter: 19/96 loss: 0.2403 acc: 0.8480 time 0.70s
Epoch: 106/150 Iter: 20/96 loss: 0.2305 acc: 0.8556 time 0.86s
Epoch: 106/150 Iter: 21/96 loss: 0.2223 acc: 0.8624 time 0.87s
Epoch: 106/150 Iter: 22/96 loss: 0.2306 acc: 0.8497 time 0.86s
Epoch: 106/150 Iter: 23/96 loss: 0.2310 acc: 0.8508 time 0.70s
Epoch: 106/150 Iter: 24/96 loss: 0.2252 acc: 0.8571 time 0.86s
Epoch: 106/150 Iter: 25/96 loss: 0.2177 acc: 0.8628 time 0.78s
Epoch: 106/150 Iter: 26/96 loss: 0.2221 acc: 0.8584 time 0.86s
Epoch: 106/150 Iter: 27/96 loss: 0.2146 acc: 0.8637 time 0.87s
Epoch: 106/150 Iter: 28/96 loss: 0.2106 acc: 0.8686 time 0.73s
Epoch: 106/150 Iter: 29/96 loss: 0.2083 acc: 0.8731 time 0.69s
Epoch: 106/150 Iter: 30/96 loss: 0.2020 acc: 0.8773 time 0.70s
Epoch: 106/150 Iter: 31/96 loss: 0.1972 acc: 0.8813 time 0.73s
Epoch: 106/150 Iter: 32/96 loss: 0.1943 acc: 0.8850 time 0.86s
Epoch: 106/150 Iter: 33/96 loss: 0.1893 acc: 0.8885 time 0.71s
Epoch: 106/150 Iter: 34/96 loss: 0.1872 acc: 0.8917 time 0.70s
Epoch: 106/150 Iter: 35/96 loss: 0.1898 acc: 0.8913 time 0.86s
Epoch: 106/150 Iter: 36/96 loss: 0.1866 acc: 0.8943 time 0.86s
Epoch: 106/150 Iter: 37/96 loss: 0.1895 acc: 0.8938 time 0.86s
Epoch: 106/150 Iter: 38/96 loss: 0.1854 acc: 0.8966 time 0.74s
Epoch: 106/150 Iter: 39/96 loss: 0.1865 acc: 0.8878 time 0.70s
Epoch: 106/150 Iter: 40/96 loss: 0.1834 acc: 0.8906 time 0.87s
Epoch: 106/150 Iter: 41/96 loss: 0.1927 acc: 0.8872 time 0.87s
Epoch: 106/150 Iter: 42/96 loss: 0.1915 acc: 0.8899 time 0.94s
Epoch: 106/150 Iter: 43/96 loss: 0.1937 acc: 0.8808 time 0.69s
Epoch: 106/150 Iter: 44/96 loss: 0.1943 acc: 0.8797 time 0.74s
Epoch: 106/150 Iter: 45/96 loss: 0.2099 acc: 0.8720 time 0.87s
Epoch: 106/150 Iter: 46/96 loss: 0.2086 acc: 0.8694 time 0.72s
Epoch: 106/150 Iter: 47/96 loss: 0.2115 acc: 0.8633 time 0.69s
Epoch: 106/150 Iter: 48/96 loss: 0.2111 acc: 0.8569 time 0.70s
Epoch: 106/150 Iter: 49/96 loss: 0.2085 acc: 0.8598 time 0.86s
Epoch: 106/150 Iter: 50/96 loss: 0.2047 acc: 0.8626 time 0.87s
Epoch: 106/150 Iter: 51/96 loss: 0.2020 acc: 0.8653 time 0.74s
Epoch: 106/150 Iter: 52/96 loss: 0.1984 acc: 0.8679 time 0.70s
Epoch: 106/150 Iter: 53/96 loss: 0.1961 acc: 0.8704 time 0.93s
Epoch: 106/150 Iter: 54/96 loss: 0.1972 acc: 0.8705 time 0.76s
Epoch: 106/150 Iter: 55/96 loss: 0.1942 acc: 0.8728 time 0.86s
Epoch: 106/150 Iter: 56/96 loss: 0.1910 acc: 0.8751 time 0.86s
Epoch: 106/150 Iter: 57/96 loss: 0.1883 acc: 0.8773 time 0.69s
Epoch: 106/150 Iter: 58/96 loss: 0.1886 acc: 0.8794 time 0.86s
Epoch: 106/150 Iter: 59/96 loss: 0.1860 acc: 0.8815 time 0.86s
Epoch: 106/150 Iter: 60/96 loss: 0.1967 acc: 0.8751 time 0.86s
Epoch: 106/150 Iter: 61/96 loss: 0.1939 acc: 0.8771 time 0.69s
Epoch: 106/150 Iter: 62/96 loss: 0.1940 acc: 0.8771 time 0.70s
Epoch: 106/150 Iter: 63/96 loss: 0.1985 acc: 0.8702 time 0.86s
Epoch: 106/150 Iter: 64/96 loss: 0.1979 acc: 0.8684 time 0.86s
Epoch: 106/150 Iter: 65/96 loss: 0.1970 acc: 0.8704 time 0.86s
Epoch: 106/150 Iter: 66/96 loss: 0.1968 acc: 0.8698 time 0.87s
Epoch: 106/150 Iter: 67/96 loss: 0.1950 acc: 0.8718 time 0.87s
Epoch: 106/150 Iter: 68/96 loss: 0.1978 acc: 0.8712 time 0.71s
Epoch: 106/150 Iter: 69/96 loss: 0.2032 acc: 0.8731 time 0.75s
Epoch: 106/150 Iter: 70/96 loss: 0.2100 acc: 0.8685 time 0.86s
Epoch: 106/150 Iter: 71/96 loss: 0.2080 acc: 0.8704 time 0.71s
Epoch: 106/150 Iter: 72/96 loss: 0.2057 acc: 0.8722 time 0.86s
Epoch: 106/150 Iter: 73/96 loss: 0.2078 acc: 0.8717 time 0.70s
Epoch: 106/150 Iter: 74/96 loss: 0.2168 acc: 0.8711 time 0.69s
Epoch: 106/150 Iter: 75/96 loss: 0.2171 acc: 0.8712 time 0.71s
Epoch: 106/150 Iter: 76/96 loss: 0.2147 acc: 0.8729 time 0.69s
Epoch: 106/150 Iter: 77/96 loss: 0.2138 acc: 0.8724 time 0.70s
Epoch: 106/150 Iter: 78/96 loss: 0.2118 acc: 0.8740 time 0.86s
Epoch: 106/150 Iter: 79/96 loss: 0.2098 acc: 0.8756 time 0.70s
Epoch: 106/150 Iter: 80/96 loss: 0.2074 acc: 0.8772 time 0.87s
Epoch: 106/150 Iter: 81/96 loss: 0.2062 acc: 0.8766 time 0.69s
Epoch: 106/150 Iter: 82/96 loss: 0.2042 acc: 0.8781 time 0.85s
Epoch: 106/150 Iter: 83/96 loss: 0.2038 acc: 0.8796 time 0.86s
Epoch: 106/150 Iter: 84/96 loss: 0.2065 acc: 0.8757 time 0.68s
Epoch: 106/150 Iter: 85/96 loss: 0.2120 acc: 0.8720 time 0.70s
Epoch: 106/150 Iter: 86/96 loss: 0.2119 acc: 0.8686 time 0.69s
Epoch: 106/150 Iter: 87/96 loss: 0.2115 acc: 0.8682 time 0.72s
Epoch: 106/150 Iter: 88/96 loss: 0.2095 acc: 0.8697 time 0.68s
Epoch: 106/150 Iter: 89/96 loss: 0.2077 acc: 0.8712 time 0.68s
Epoch: 106/150 Iter: 90/96 loss: 0.2068 acc: 0.8726 time 0.86s
Epoch: 106/150 Iter: 91/96 loss: 0.2055 acc: 0.8740 time 0.86s
Epoch: 106/150 Iter: 92/96 loss: 0.2163 acc: 0.8708 time 0.69s
Epoch: 106/150 Iter: 93/96 loss: 0.2157 acc: 0.8722 time 0.69s
Epoch: 106/150 Iter: 94/96 loss: 0.2152 acc: 0.8718 time 0.69s
Epoch: 106/150 Iter: 95/96 loss: 0.2132 acc: 0.8732 time 0.69s
Epoch: 106/150 Iter: 96/96 loss: 0.2118 acc: 0.8745 time 0.69s
[Train epoch 106] avg_loss=0.2118 avg_acc=0.8745 | per-class [c0: 0.890, c1: 0.900, c2: 0.928]
Final training 106/150, loss: 0.2118, time 75.02s, lr: 0.000219
Accuracy: 0.908
class                  precision    recall   specificity      f1   support
--------------------------------------------------------------------------
0                          0.965     0.890         0.969   0.926       281
1                          0.643     0.900         0.973   0.750        30
2                          0.895     0.928         0.907   0.911       265
*----------------------------------------*
Val 106/150 1/24, Acc: 0.5000, Loss: 3.9562, time 0.67s
Val 106/150 2/24, Acc: 0.5278, Loss: 2.2668, time 0.67s
Val 106/150 3/24, Acc: 0.5926, Loss: 1.5927, time 0.67s
Val 106/150 4/24, Acc: 0.6944, Loss: 1.2076, time 0.67s
Val 106/150 5/24, Acc: 0.7556, Loss: 0.9900, time 0.67s
Val 106/150 6/24, Acc: 0.7963, Loss: 0.8365, time 0.67s
Val 106/150 7/24, Acc: 0.7659, Loss: 0.8181, time 0.67s
Val 106/150 8/24, Acc: 0.7951, Loss: 0.7265, time 0.67s
Val 106/150 9/24, Acc: 0.8179, Loss: 0.6558, time 0.67s
Val 106/150 10/24, Acc: 0.8361, Loss: 0.5982, time 0.67s
Val 106/150 11/24, Acc: 0.8510, Loss: 0.5578, time 0.67s
Val 106/150 12/24, Acc: 0.8079, Loss: 0.5564, time 0.67s
Val 106/150 13/24, Acc: 0.7842, Loss: 0.5492, time 0.67s
Val 106/150 14/24, Acc: 0.7907, Loss: 0.5500, time 0.67s
Val 106/150 15/24, Acc: 0.7991, Loss: 0.5467, time 0.67s
Val 106/150 16/24, Acc: 0.8054, Loss: 0.5389, time 0.67s
Val 106/150 17/24, Acc: 0.8168, Loss: 0.5112, time 0.67s
Val 106/150 18/24, Acc: 0.8201, Loss: 0.4941, time 0.67s
Val 106/150 19/24, Acc: 0.8032, Loss: 0.4804, time 0.67s
Val 106/150 20/24, Acc: 0.7853, Loss: 0.5160, time 0.67s
Val 106/150 21/24, Acc: 0.7955, Loss: 0.4953, time 0.67s
Val 106/150 22/24, Acc: 0.7972, Loss: 0.4920, time 0.67s
Val 106/150 23/24, Acc: 0.7843, Loss: 0.5689, time 0.67s
Val 106/150 24/24, Acc: 0.7817, Loss: 0.5593, time 0.67s
[Val epoch 106] avg_acc=0.7817 | avg_loss=0.5593 | per-class [c0: 0.843, c1: 0.750, c2: 0.879]
Final validation 106/150, Val_acc: 0.7817, time 16.03sAccuracy: 0.854
class                  precision    recall   specificity      f1   support
--------------------------------------------------------------------------
0                          0.967     0.843         0.973   0.901        70
1                          0.429     0.750         0.941   0.545         8
2                          0.841     0.879         0.859   0.859        66
*========================================*
Saving checkpoint outputs/OrganoidsINRIA_XYZ_thinning_128/swinunetr/2026-02-23-11-31/training/model_final.pt
[EarlyStopping] no improve (29/40)
[EarlyStopping] no improve (30/40)
0 Mon Feb 23 14:04:16 2026 Epoch: 107
Epoch: 107/150 Iter: 1/96 loss: 0.0980 acc: 1.0000 time 1.20s
Epoch: 107/150 Iter: 2/96 loss: 0.0831 acc: 1.0000 time 0.72s
Epoch: 107/150 Iter: 3/96 loss: 0.0703 acc: 1.0000 time 0.71s
Epoch: 107/150 Iter: 4/96 loss: 0.0946 acc: 0.9000 time 0.87s
Epoch: 107/150 Iter: 5/96 loss: 0.1235 acc: 0.9000 time 0.71s
Epoch: 107/150 Iter: 6/96 loss: 0.1060 acc: 0.9167 time 0.70s
Epoch: 107/150 Iter: 7/96 loss: 0.1060 acc: 0.9286 time 0.69s
Epoch: 107/150 Iter: 8/96 loss: 0.0998 acc: 0.9375 time 0.86s
Epoch: 107/150 Iter: 9/96 loss: 0.0955 acc: 0.9444 time 0.70s
Epoch: 107/150 Iter: 10/96 loss: 0.0883 acc: 0.9500 time 0.77s
Epoch: 107/150 Iter: 11/96 loss: 0.1141 acc: 0.9091 time 0.71s
Epoch: 107/150 Iter: 12/96 loss: 0.1086 acc: 0.9167 time 0.69s
Epoch: 107/150 Iter: 13/96 loss: 0.1047 acc: 0.9231 time 0.78s
Epoch: 107/150 Iter: 14/96 loss: 0.0989 acc: 0.9286 time 0.86s
Epoch: 107/150 Iter: 15/96 loss: 0.0999 acc: 0.9333 time 0.86s
Epoch: 107/150 Iter: 16/96 loss: 0.1000 acc: 0.9375 time 0.77s
Epoch: 107/150 Iter: 17/96 loss: 0.0970 acc: 0.9412 time 0.69s
Epoch: 107/150 Iter: 18/96 loss: 0.0982 acc: 0.9444 time 0.70s
Epoch: 107/150 Iter: 19/96 loss: 0.0950 acc: 0.9474 time 0.76s
Epoch: 107/150 Iter: 20/96 loss: 0.0917 acc: 0.9500 time 0.87s
Epoch: 107/150 Iter: 21/96 loss: 0.0908 acc: 0.9524 time 0.88s
Epoch: 107/150 Iter: 22/96 loss: 0.0956 acc: 0.9495 time 0.86s
Epoch: 107/150 Iter: 23/96 loss: 0.1101 acc: 0.9444 time 0.70s
Epoch: 107/150 Iter: 24/96 loss: 0.1378 acc: 0.9363 time 0.87s
Epoch: 107/150 Iter: 25/96 loss: 0.1443 acc: 0.9189 time 0.86s
Epoch: 107/150 Iter: 26/96 loss: 0.1426 acc: 0.9220 time 0.86s
Epoch: 107/150 Iter: 27/96 loss: 0.1455 acc: 0.9187 time 0.86s
Epoch: 107/150 Iter: 28/96 loss: 0.1447 acc: 0.9216 time 0.88s
Epoch: 107/150 Iter: 29/96 loss: 0.1413 acc: 0.9243 time 0.87s
Epoch: 107/150 Iter: 30/96 loss: 0.1425 acc: 0.9269 time 0.86s
Epoch: 107/150 Iter: 31/96 loss: 0.1428 acc: 0.9149 time 0.87s
Epoch: 107/150 Iter: 32/96 loss: 0.1526 acc: 0.9123 time 0.73s
Epoch: 107/150 Iter: 33/96 loss: 0.1485 acc: 0.9150 time 0.75s
Epoch: 107/150 Iter: 34/96 loss: 0.1460 acc: 0.9175 time 0.93s
Epoch: 107/150 Iter: 35/96 loss: 0.1448 acc: 0.9167 time 0.70s
Epoch: 107/150 Iter: 36/96 loss: 0.1850 acc: 0.9066 time 0.69s
Epoch: 107/150 Iter: 37/96 loss: 0.1833 acc: 0.9092 time 0.75s
Epoch: 107/150 Iter: 38/96 loss: 0.1802 acc: 0.9115 time 0.86s
Epoch: 107/150 Iter: 39/96 loss: 0.1915 acc: 0.9010 time 0.70s
Epoch: 107/150 Iter: 40/96 loss: 0.1935 acc: 0.8910 time 0.78s
Epoch: 107/150 Iter: 41/96 loss: 0.1915 acc: 0.8936 time 0.76s
Epoch: 107/150 Iter: 42/96 loss: 0.1873 acc: 0.8962 time 0.86s
Epoch: 107/150 Iter: 43/96 loss: 0.1891 acc: 0.8963 time 0.77s
Epoch: 107/150 Iter: 44/96 loss: 0.1885 acc: 0.8961 time 0.77s
Epoch: 107/150 Iter: 45/96 loss: 0.1862 acc: 0.8984 time 0.72s
Epoch: 107/150 Iter: 46/96 loss: 0.2041 acc: 0.8885 time 0.75s
Epoch: 107/150 Iter: 47/96 loss: 0.2067 acc: 0.8814 time 0.73s
Epoch: 107/150 Iter: 48/96 loss: 0.2054 acc: 0.8839 time 0.80s
Epoch: 107/150 Iter: 49/96 loss: 0.2080 acc: 0.8727 time 0.93s
Epoch: 107/150 Iter: 50/96 loss: 0.2138 acc: 0.8652 time 0.70s
Epoch: 107/150 Iter: 51/96 loss: 0.2229 acc: 0.8581 time 0.77s
Epoch: 107/150 Iter: 52/96 loss: 0.2191 acc: 0.8608 time 0.70s
Epoch: 107/150 Iter: 53/96 loss: 0.2159 acc: 0.8634 time 0.87s
Epoch: 107/150 Iter: 54/96 loss: 0.2138 acc: 0.8659 time 0.70s
Epoch: 107/150 Iter: 55/96 loss: 0.2143 acc: 0.8669 time 0.87s
Epoch: 107/150 Iter: 56/96 loss: 0.2105 acc: 0.8692 time 0.71s
Epoch: 107/150 Iter: 57/96 loss: 0.2115 acc: 0.8715 time 0.70s
Epoch: 107/150 Iter: 58/96 loss: 0.2128 acc: 0.8720 time 0.87s
Epoch: 107/150 Iter: 59/96 loss: 0.2174 acc: 0.8671 time 0.71s
Epoch: 107/150 Iter: 60/96 loss: 0.2221 acc: 0.8673 time 0.71s
Epoch: 107/150 Iter: 61/96 loss: 0.2216 acc: 0.8667 time 0.70s
Epoch: 107/150 Iter: 62/96 loss: 0.2190 acc: 0.8689 time 0.70s
Epoch: 107/150 Iter: 63/96 loss: 0.2159 acc: 0.8709 time 0.86s
Epoch: 107/150 Iter: 64/96 loss: 0.2129 acc: 0.8730 time 0.70s
Epoch: 107/150 Iter: 65/96 loss: 0.2100 acc: 0.8749 time 0.70s
Epoch: 107/150 Iter: 66/96 loss: 0.2136 acc: 0.8705 time 0.70s
Epoch: 107/150 Iter: 67/96 loss: 0.2121 acc: 0.8724 time 0.87s
Epoch: 107/150 Iter: 68/96 loss: 0.2133 acc: 0.8725 time 0.86s
Epoch: 107/150 Iter: 69/96 loss: 0.2109 acc: 0.8743 time 0.86s
Epoch: 107/150 Iter: 70/96 loss: 0.2083 acc: 0.8761 time 0.86s
Epoch: 107/150 Iter: 71/96 loss: 0.2113 acc: 0.8755 time 0.70s
Epoch: 107/150 Iter: 72/96 loss: 0.2112 acc: 0.8772 time 0.70s
Epoch: 107/150 Iter: 73/96 loss: 0.2099 acc: 0.8789 time 0.87s
Epoch: 107/150 Iter: 74/96 loss: 0.2077 acc: 0.8806 time 0.69s
Epoch: 107/150 Iter: 75/96 loss: 0.2053 acc: 0.8821 time 0.86s
Epoch: 107/150 Iter: 76/96 loss: 0.2073 acc: 0.8771 time 0.74s
Epoch: 107/150 Iter: 77/96 loss: 0.2071 acc: 0.8755 time 0.72s
Epoch: 107/150 Iter: 78/96 loss: 0.2173 acc: 0.8692 time 0.71s
Epoch: 107/150 Iter: 79/96 loss: 0.2150 acc: 0.8709 time 0.70s
Epoch: 107/150 Iter: 80/96 loss: 0.2141 acc: 0.8725 time 0.87s
Epoch: 107/150 Iter: 81/96 loss: 0.2132 acc: 0.8730 time 0.86s
Epoch: 107/150 Iter: 82/96 loss: 0.2125 acc: 0.8746 time 0.86s
Epoch: 107/150 Iter: 83/96 loss: 0.2109 acc: 0.8761 time 0.69s
Epoch: 107/150 Iter: 84/96 loss: 0.2097 acc: 0.8776 time 0.86s
Epoch: 107/150 Iter: 85/96 loss: 0.2108 acc: 0.8775 time 0.69s
Epoch: 107/150 Iter: 86/96 loss: 0.2112 acc: 0.8790 time 0.69s
Epoch: 107/150 Iter: 87/96 loss: 0.2108 acc: 0.8804 time 0.85s
Epoch: 107/150 Iter: 88/96 loss: 0.2086 acc: 0.8817 time 0.69s
Epoch: 107/150 Iter: 89/96 loss: 0.2075 acc: 0.8831 time 0.71s
Epoch: 107/150 Iter: 90/96 loss: 0.2071 acc: 0.8844 time 0.70s
Epoch: 107/150 Iter: 91/96 loss: 0.2054 acc: 0.8856 time 0.70s
Epoch: 107/150 Iter: 92/96 loss: 0.2072 acc: 0.8796 time 0.85s
Epoch: 107/150 Iter: 93/96 loss: 0.2128 acc: 0.8796 time 0.86s
Epoch: 107/150 Iter: 94/96 loss: 0.2149 acc: 0.8782 time 0.69s
Epoch: 107/150 Iter: 95/96 loss: 0.2204 acc: 0.8748 time 0.87s
Epoch: 107/150 Iter: 96/96 loss: 0.2222 acc: 0.8718 time 0.86s
[Train epoch 107] avg_loss=0.2222 avg_acc=0.8718 | per-class [c0: 0.929, c1: 0.897, c2: 0.902]
Final training 107/150, loss: 0.2222, time 75.09s, lr: 0.000211
Accuracy: 0.915
class                  precision    recall   specificity      f1   support
--------------------------------------------------------------------------
0                          0.956     0.929         0.959   0.942       281
1                          0.591     0.897         0.967   0.712        29
2                          0.927     0.902         0.939   0.914       266
*----------------------------------------*
0 Mon Feb 23 14:05:31 2026 Epoch: 108
Epoch: 108/150 Iter: 1/96 loss: 0.0291 acc: 1.0000 time 1.08s
Epoch: 108/150 Iter: 2/96 loss: 0.0740 acc: 0.9583 time 0.86s
Epoch: 108/150 Iter: 3/96 loss: 0.3292 acc: 0.8241 time 0.70s
Epoch: 108/150 Iter: 4/96 loss: 0.2553 acc: 0.8681 time 0.87s
Epoch: 108/150 Iter: 5/96 loss: 0.2425 acc: 0.8722 time 0.73s
Epoch: 108/150 Iter: 6/96 loss: 0.2207 acc: 0.8935 time 0.71s
Epoch: 108/150 Iter: 7/96 loss: 0.2435 acc: 0.9087 time 0.86s
Epoch: 108/150 Iter: 8/96 loss: 0.2320 acc: 0.9201 time 0.70s
Epoch: 108/150 Iter: 9/96 loss: 0.2371 acc: 0.9151 time 0.75s
Epoch: 108/150 Iter: 10/96 loss: 0.3482 acc: 0.8653 time 0.70s
Epoch: 108/150 Iter: 11/96 loss: 0.3194 acc: 0.8775 time 0.78s
Epoch: 108/150 Iter: 12/96 loss: 0.3159 acc: 0.8794 time 0.87s
Epoch: 108/150 Iter: 13/96 loss: 0.2992 acc: 0.8887 time 0.70s
Epoch: 108/150 Iter: 14/96 loss: 0.2782 acc: 0.8966 time 0.86s
Epoch: 108/150 Iter: 15/96 loss: 0.2898 acc: 0.8924 time 0.70s
Epoch: 108/150 Iter: 16/96 loss: 0.2819 acc: 0.8991 time 0.93s
Epoch: 108/150 Iter: 17/96 loss: 0.2946 acc: 0.8806 time 0.71s
Epoch: 108/150 Iter: 18/96 loss: 0.2850 acc: 0.8872 time 0.71s
Epoch: 108/150 Iter: 19/96 loss: 0.2768 acc: 0.8931 time 0.92s
Epoch: 108/150 Iter: 20/96 loss: 0.2689 acc: 0.8985 time 0.69s
Epoch: 108/150 Iter: 21/96 loss: 0.2723 acc: 0.8954 time 0.69s
Epoch: 108/150 Iter: 22/96 loss: 0.2634 acc: 0.9001 time 0.86s
Epoch: 108/150 Iter: 23/96 loss: 0.2551 acc: 0.9045 time 0.86s
Epoch: 108/150 Iter: 24/96 loss: 0.2509 acc: 0.8911 time 0.77s
Epoch: 108/150 Iter: 25/96 loss: 0.2547 acc: 0.8910 time 0.73s
Epoch: 108/150 Iter: 26/96 loss: 0.2481 acc: 0.8952 time 0.87s
Epoch: 108/150 Iter: 27/96 loss: 0.2423 acc: 0.8991 time 0.86s
Epoch: 108/150 Iter: 28/96 loss: 0.2416 acc: 0.8967 time 0.70s
Epoch: 108/150 Iter: 29/96 loss: 0.2383 acc: 0.9003 time 0.87s
Epoch: 108/150 Iter: 30/96 loss: 0.2327 acc: 0.9036 time 0.75s
Epoch: 108/150 Iter: 31/96 loss: 0.2255 acc: 0.9067 time 0.69s
Epoch: 108/150 Iter: 32/96 loss: 0.2188 acc: 0.9096 time 0.86s
Epoch: 108/150 Iter: 33/96 loss: 0.2152 acc: 0.9124 time 0.87s
Epoch: 108/150 Iter: 34/96 loss: 0.2115 acc: 0.9150 time 0.73s
Epoch: 108/150 Iter: 35/96 loss: 0.2077 acc: 0.9174 time 0.74s
Epoch: 108/150 Iter: 36/96 loss: 0.2065 acc: 0.9197 time 0.70s
Epoch: 108/150 Iter: 37/96 loss: 0.2017 acc: 0.9218 time 0.86s
Epoch: 108/150 Iter: 38/96 loss: 0.1978 acc: 0.9239 time 0.87s
Epoch: 108/150 Iter: 39/96 loss: 0.1954 acc: 0.9259 time 0.70s
Epoch: 108/150 Iter: 40/96 loss: 0.1962 acc: 0.9246 time 0.69s
Epoch: 108/150 Iter: 41/96 loss: 0.1921 acc: 0.9264 time 0.76s
Epoch: 108/150 Iter: 42/96 loss: 0.2002 acc: 0.9143 time 0.75s
Epoch: 108/150 Iter: 43/96 loss: 0.1982 acc: 0.9163 time 0.88s
Epoch: 108/150 Iter: 44/96 loss: 0.2111 acc: 0.9106 time 0.92s
Epoch: 108/150 Iter: 45/96 loss: 0.2068 acc: 0.9126 time 0.74s
Epoch: 108/150 Iter: 46/96 loss: 0.2046 acc: 0.9121 time 0.71s
Epoch: 108/150 Iter: 47/96 loss: 0.2076 acc: 0.9051 time 0.69s
Epoch: 108/150 Iter: 48/96 loss: 0.2044 acc: 0.9071 time 0.72s
Epoch: 108/150 Iter: 49/96 loss: 0.2011 acc: 0.9090 time 0.70s
Epoch: 108/150 Iter: 50/96 loss: 0.2008 acc: 0.9108 time 0.72s
Epoch: 108/150 Iter: 51/96 loss: 0.1979 acc: 0.9125 time 0.76s
Epoch: 108/150 Iter: 52/96 loss: 0.1945 acc: 0.9142 time 0.86s
Epoch: 108/150 Iter: 53/96 loss: 0.1933 acc: 0.9158 time 0.70s
Epoch: 108/150 Iter: 54/96 loss: 0.1948 acc: 0.9151 time 0.70s
Epoch: 108/150 Iter: 55/96 loss: 0.1963 acc: 0.9136 time 0.87s
Epoch: 108/150 Iter: 56/96 loss: 0.1933 acc: 0.9151 time 0.87s
Epoch: 108/150 Iter: 57/96 loss: 0.1927 acc: 0.9152 time 0.87s
Epoch: 108/150 Iter: 58/96 loss: 0.1910 acc: 0.9166 time 0.86s
Epoch: 108/150 Iter: 59/96 loss: 0.2026 acc: 0.9124 time 0.87s
Epoch: 108/150 Iter: 60/96 loss: 0.2050 acc: 0.9111 time 0.70s
Epoch: 108/150 Iter: 61/96 loss: 0.2042 acc: 0.9125 time 0.70s
Epoch: 108/150 Iter: 62/96 loss: 0.2038 acc: 0.9139 time 0.69s
Epoch: 108/150 Iter: 63/96 loss: 0.2019 acc: 0.9153 time 0.86s
Epoch: 108/150 Iter: 64/96 loss: 0.1992 acc: 0.9166 time 0.95s
Epoch: 108/150 Iter: 65/96 loss: 0.1991 acc: 0.9118 time 0.87s
Epoch: 108/150 Iter: 66/96 loss: 0.1976 acc: 0.9131 time 0.73s
Epoch: 108/150 Iter: 67/96 loss: 0.2030 acc: 0.9125 time 0.72s
Epoch: 108/150 Iter: 68/96 loss: 0.2198 acc: 0.9094 time 0.87s
Epoch: 108/150 Iter: 69/96 loss: 0.2177 acc: 0.9107 time 0.74s
Epoch: 108/150 Iter: 70/96 loss: 0.2153 acc: 0.9120 time 0.76s
Epoch: 108/150 Iter: 71/96 loss: 0.2131 acc: 0.9132 time 0.70s
Epoch: 108/150 Iter: 72/96 loss: 0.2109 acc: 0.9144 time 0.87s
Epoch: 108/150 Iter: 73/96 loss: 0.2101 acc: 0.9156 time 0.72s
Epoch: 108/150 Iter: 74/96 loss: 0.2091 acc: 0.9167 time 0.70s
Epoch: 108/150 Iter: 75/96 loss: 0.2071 acc: 0.9179 time 0.70s
Epoch: 108/150 Iter: 76/96 loss: 0.2077 acc: 0.9156 time 0.75s
Epoch: 108/150 Iter: 77/96 loss: 0.2060 acc: 0.9167 time 0.70s
Epoch: 108/150 Iter: 78/96 loss: 0.2057 acc: 0.9178 time 0.71s
Epoch: 108/150 Iter: 79/96 loss: 0.2047 acc: 0.9188 time 0.71s
Epoch: 108/150 Iter: 80/96 loss: 0.2049 acc: 0.9167 time 0.86s
Epoch: 108/150 Iter: 81/96 loss: 0.2074 acc: 0.9157 time 0.69s
Epoch: 108/150 Iter: 82/96 loss: 0.2064 acc: 0.9167 time 0.85s
Epoch: 108/150 Iter: 83/96 loss: 0.2084 acc: 0.9157 time 0.69s
Epoch: 108/150 Iter: 84/96 loss: 0.2079 acc: 0.9154 time 0.71s
Epoch: 108/150 Iter: 85/96 loss: 0.2114 acc: 0.9149 time 0.86s
Epoch: 108/150 Iter: 86/96 loss: 0.2099 acc: 0.9159 time 0.70s
Epoch: 108/150 Iter: 87/96 loss: 0.2080 acc: 0.9169 time 0.70s
Epoch: 108/150 Iter: 88/96 loss: 0.2064 acc: 0.9178 time 0.69s
Epoch: 108/150 Iter: 89/96 loss: 0.2042 acc: 0.9188 time 0.86s
Epoch: 108/150 Iter: 90/96 loss: 0.2046 acc: 0.9197 time 0.69s
Epoch: 108/150 Iter: 91/96 loss: 0.2026 acc: 0.9205 time 0.69s
Epoch: 108/150 Iter: 92/96 loss: 0.2012 acc: 0.9214 time 0.69s
Epoch: 108/150 Iter: 93/96 loss: 0.1994 acc: 0.9223 time 0.70s
Epoch: 108/150 Iter: 94/96 loss: 0.1982 acc: 0.9231 time 0.86s
Epoch: 108/150 Iter: 95/96 loss: 0.1974 acc: 0.9227 time 0.71s
Epoch: 108/150 Iter: 96/96 loss: 0.1960 acc: 0.9235 time 0.86s
[Train epoch 108] avg_loss=0.1960 avg_acc=0.9235 | per-class [c0: 0.939, c1: 0.967, c2: 0.925]
Final training 108/150, loss: 0.1960, time 74.47s, lr: 0.000202
Accuracy: 0.934
class                  precision    recall   specificity      f1   support
--------------------------------------------------------------------------
0                          0.956     0.939         0.959   0.948       280
1                          0.744     0.967         0.982   0.841        30
2                          0.939     0.925         0.948   0.932       266
*----------------------------------------*
Val 108/150 1/24, Acc: 0.5000, Loss: 6.1319, time 0.67s
Val 108/150 2/24, Acc: 0.5278, Loss: 3.2699, time 0.67s
Val 108/150 3/24, Acc: 0.6296, Loss: 2.2374, time 0.67s
Val 108/150 4/24, Acc: 0.7222, Loss: 1.6944, time 0.67s
Val 108/150 5/24, Acc: 0.7278, Loss: 1.3934, time 0.67s
Val 108/150 6/24, Acc: 0.7731, Loss: 1.1770, time 0.67s
Val 108/150 7/24, Acc: 0.7460, Loss: 1.0916, time 0.67s
Val 108/150 8/24, Acc: 0.7778, Loss: 0.9615, time 0.67s
Val 108/150 9/24, Acc: 0.8025, Loss: 0.8703, time 0.67s
Val 108/150 10/24, Acc: 0.8222, Loss: 0.7880, time 0.67s
Val 108/150 11/24, Acc: 0.8384, Loss: 0.7393, time 0.67s
Val 108/150 12/24, Acc: 0.8032, Loss: 0.6951, time 0.67s
Val 108/150 13/24, Acc: 0.7799, Loss: 0.6858, time 0.67s
Val 108/150 14/24, Acc: 0.7867, Loss: 0.6645, time 0.67s
Val 108/150 15/24, Acc: 0.7898, Loss: 0.6590, time 0.67s
Val 108/150 16/24, Acc: 0.8030, Loss: 0.6244, time 0.67s
Val 108/150 17/24, Acc: 0.8145, Loss: 0.5931, time 0.67s
Val 108/150 18/24, Acc: 0.8179, Loss: 0.5735, time 0.67s
Val 108/150 19/24, Acc: 0.8012, Loss: 0.5543, time 0.67s
Val 108/150 20/24, Acc: 0.7889, Loss: 0.5738, time 0.67s
Val 108/150 21/24, Acc: 0.7989, Loss: 0.5500, time 0.67s
Val 108/150 22/24, Acc: 0.8005, Loss: 0.5477, time 0.67s
Val 108/150 23/24, Acc: 0.7874, Loss: 0.6480, time 0.67s
Val 108/150 24/24, Acc: 0.7917, Loss: 0.6310, time 0.67s
[Val epoch 108] avg_acc=0.7917 | avg_loss=0.6310 | per-class [c0: 0.886, c1: 0.750, c2: 0.879]
Final validation 108/150, Val_acc: 0.7917, time 16.05sAccuracy: 0.875
class                  precision    recall   specificity      f1   support
--------------------------------------------------------------------------
0                          0.939     0.886         0.946   0.912        70
1                          0.500     0.750         0.956   0.600         8
2                          0.879     0.879         0.897   0.879        66
*========================================*
Saving checkpoint outputs/OrganoidsINRIA_XYZ_thinning_128/swinunetr/2026-02-23-11-31/training/model_final.pt
[EarlyStopping] no improve (30/40)
[EarlyStopping] no improve (31/40)
0 Mon Feb 23 14:07:07 2026 Epoch: 109
Epoch: 109/150 Iter: 1/96 loss: 0.0119 acc: 1.0000 time 1.06s
Epoch: 109/150 Iter: 2/96 loss: 0.4138 acc: 0.8333 time 0.88s
Epoch: 109/150 Iter: 3/96 loss: 0.3152 acc: 0.8611 time 0.87s
Epoch: 109/150 Iter: 4/96 loss: 0.2403 acc: 0.8958 time 0.71s
Epoch: 109/150 Iter: 5/96 loss: 0.2120 acc: 0.9167 time 0.87s
Epoch: 109/150 Iter: 6/96 loss: 0.1987 acc: 0.8611 time 0.87s
Epoch: 109/150 Iter: 7/96 loss: 0.1734 acc: 0.8810 time 0.86s
Epoch: 109/150 Iter: 8/96 loss: 0.1879 acc: 0.8333 time 0.87s
Epoch: 109/150 Iter: 9/96 loss: 0.2035 acc: 0.8102 time 0.86s
Epoch: 109/150 Iter: 10/96 loss: 0.1950 acc: 0.8292 time 0.86s
Epoch: 109/150 Iter: 11/96 loss: 0.1795 acc: 0.8447 time 0.77s
Epoch: 109/150 Iter: 12/96 loss: 0.1803 acc: 0.8472 time 0.79s
Epoch: 109/150 Iter: 13/96 loss: 0.1859 acc: 0.8462 time 0.87s
Epoch: 109/150 Iter: 14/96 loss: 0.1869 acc: 0.8571 time 0.71s
Epoch: 109/150 Iter: 15/96 loss: 0.1986 acc: 0.8333 time 0.70s
Epoch: 109/150 Iter: 16/96 loss: 0.1897 acc: 0.8438 time 0.87s
Epoch: 109/150 Iter: 17/96 loss: 0.1806 acc: 0.8529 time 0.86s
Epoch: 109/150 Iter: 18/96 loss: 0.1957 acc: 0.8380 time 0.87s
Epoch: 109/150 Iter: 19/96 loss: 0.2017 acc: 0.8231 time 0.74s
Epoch: 109/150 Iter: 20/96 loss: 0.2090 acc: 0.8236 time 0.71s
Epoch: 109/150 Iter: 21/96 loss: 0.2143 acc: 0.8201 time 0.75s
Epoch: 109/150 Iter: 22/96 loss: 0.2088 acc: 0.8283 time 0.69s
Epoch: 109/150 Iter: 23/96 loss: 0.2101 acc: 0.8261 time 0.87s
Epoch: 109/150 Iter: 24/96 loss: 0.2348 acc: 0.8160 time 0.70s
Epoch: 109/150 Iter: 25/96 loss: 0.2326 acc: 0.8189 time 0.72s
Epoch: 109/150 Iter: 26/96 loss: 0.2309 acc: 0.8088 time 0.71s
Epoch: 109/150 Iter: 27/96 loss: 0.2472 acc: 0.7942 time 0.70s
Epoch: 109/150 Iter: 28/96 loss: 0.2410 acc: 0.8016 time 0.87s
Epoch: 109/150 Iter: 29/96 loss: 0.2334 acc: 0.8084 time 0.86s
Epoch: 109/150 Iter: 30/96 loss: 0.2285 acc: 0.8148 time 0.86s
Epoch: 109/150 Iter: 31/96 loss: 0.2247 acc: 0.8208 time 0.86s
Epoch: 109/150 Iter: 32/96 loss: 0.2196 acc: 0.8264 time 0.69s
Epoch: 109/150 Iter: 33/96 loss: 0.2144 acc: 0.8316 time 0.86s
Epoch: 109/150 Iter: 34/96 loss: 0.2189 acc: 0.8219 time 0.71s
Epoch: 109/150 Iter: 35/96 loss: 0.2229 acc: 0.8151 time 0.86s
Epoch: 109/150 Iter: 36/96 loss: 0.2198 acc: 0.8073 time 0.70s
Epoch: 109/150 Iter: 37/96 loss: 0.2154 acc: 0.8125 time 0.70s
Epoch: 109/150 Iter: 38/96 loss: 0.2126 acc: 0.8130 time 0.87s
Epoch: 109/150 Iter: 39/96 loss: 0.2271 acc: 0.8127 time 0.74s
Epoch: 109/150 Iter: 40/96 loss: 0.2271 acc: 0.8142 time 0.71s
Epoch: 109/150 Iter: 41/96 loss: 0.2244 acc: 0.8188 time 0.76s
Epoch: 109/150 Iter: 42/96 loss: 0.2217 acc: 0.8231 time 0.71s
Epoch: 109/150 Iter: 43/96 loss: 0.2182 acc: 0.8272 time 0.74s
Epoch: 109/150 Iter: 44/96 loss: 0.2136 acc: 0.8311 time 0.79s
Epoch: 109/150 Iter: 45/96 loss: 0.2130 acc: 0.8324 time 0.88s
Epoch: 109/150 Iter: 46/96 loss: 0.2098 acc: 0.8361 time 0.70s
Epoch: 109/150 Iter: 47/96 loss: 0.2095 acc: 0.8395 time 0.87s
Epoch: 109/150 Iter: 48/96 loss: 0.2150 acc: 0.8342 time 0.69s
Epoch: 109/150 Iter: 49/96 loss: 0.2121 acc: 0.8376 time 0.87s
Epoch: 109/150 Iter: 50/96 loss: 0.2119 acc: 0.8408 time 0.73s
Epoch: 109/150 Iter: 51/96 loss: 0.2106 acc: 0.8440 time 0.72s
Epoch: 109/150 Iter: 52/96 loss: 0.2068 acc: 0.8470 time 0.86s
Epoch: 109/150 Iter: 53/96 loss: 0.2097 acc: 0.8420 time 0.71s
Epoch: 109/150 Iter: 54/96 loss: 0.2066 acc: 0.8449 time 0.69s
Epoch: 109/150 Iter: 55/96 loss: 0.2033 acc: 0.8477 time 0.86s
Epoch: 109/150 Iter: 56/96 loss: 0.2053 acc: 0.8400 time 0.78s
Epoch: 109/150 Iter: 57/96 loss: 0.2028 acc: 0.8428 time 0.87s
Epoch: 109/150 Iter: 58/96 loss: 0.2014 acc: 0.8455 time 0.70s
Epoch: 109/150 Iter: 59/96 loss: 0.1995 acc: 0.8482 time 0.70s
Epoch: 109/150 Iter: 60/96 loss: 0.1964 acc: 0.8507 time 0.95s
Epoch: 109/150 Iter: 61/96 loss: 0.1946 acc: 0.8531 time 0.70s
Epoch: 109/150 Iter: 62/96 loss: 0.1920 acc: 0.8555 time 0.76s
Epoch: 109/150 Iter: 63/96 loss: 0.1950 acc: 0.8552 time 0.78s
Epoch: 109/150 Iter: 64/96 loss: 0.1928 acc: 0.8574 time 0.75s
Epoch: 109/150 Iter: 65/96 loss: 0.1916 acc: 0.8596 time 0.77s
Epoch: 109/150 Iter: 66/96 loss: 0.2022 acc: 0.8533 time 0.87s
Epoch: 109/150 Iter: 67/96 loss: 0.2049 acc: 0.8555 time 0.71s
Epoch: 109/150 Iter: 68/96 loss: 0.2022 acc: 0.8576 time 0.92s
Epoch: 109/150 Iter: 69/96 loss: 0.1998 acc: 0.8597 time 0.69s
Epoch: 109/150 Iter: 70/96 loss: 0.2001 acc: 0.8617 time 0.79s
Epoch: 109/150 Iter: 71/96 loss: 0.2004 acc: 0.8613 time 0.90s
Epoch: 109/150 Iter: 72/96 loss: 0.1980 acc: 0.8632 time 0.70s
Epoch: 109/150 Iter: 73/96 loss: 0.1994 acc: 0.8590 time 0.69s
Epoch: 109/150 Iter: 74/96 loss: 0.1988 acc: 0.8609 time 0.69s
Epoch: 109/150 Iter: 75/96 loss: 0.1995 acc: 0.8606 time 0.86s
Epoch: 109/150 Iter: 76/96 loss: 0.1979 acc: 0.8624 time 0.70s
Epoch: 109/150 Iter: 77/96 loss: 0.1958 acc: 0.8642 time 0.87s
Epoch: 109/150 Iter: 78/96 loss: 0.1936 acc: 0.8659 time 0.70s
Epoch: 109/150 Iter: 79/96 loss: 0.1916 acc: 0.8676 time 0.71s
Epoch: 109/150 Iter: 80/96 loss: 0.1907 acc: 0.8693 time 0.87s
Epoch: 109/150 Iter: 81/96 loss: 0.1925 acc: 0.8688 time 0.71s
Epoch: 109/150 Iter: 82/96 loss: 0.1926 acc: 0.8684 time 0.86s
Epoch: 109/150 Iter: 83/96 loss: 0.1930 acc: 0.8680 time 0.86s
Epoch: 109/150 Iter: 84/96 loss: 0.1914 acc: 0.8695 time 0.70s
Epoch: 109/150 Iter: 85/96 loss: 0.1897 acc: 0.8711 time 0.86s
Epoch: 109/150 Iter: 86/96 loss: 0.1878 acc: 0.8726 time 0.70s
Epoch: 109/150 Iter: 87/96 loss: 0.1896 acc: 0.8721 time 0.85s
Epoch: 109/150 Iter: 88/96 loss: 0.1889 acc: 0.8736 time 0.69s
Epoch: 109/150 Iter: 89/96 loss: 0.1957 acc: 0.8713 time 0.86s
Epoch: 109/150 Iter: 90/96 loss: 0.1941 acc: 0.8727 time 0.86s
Epoch: 109/150 Iter: 91/96 loss: 0.1935 acc: 0.8741 time 0.71s
Epoch: 109/150 Iter: 92/96 loss: 0.1919 acc: 0.8755 time 0.69s
Epoch: 109/150 Iter: 93/96 loss: 0.1940 acc: 0.8750 time 0.69s
Epoch: 109/150 Iter: 94/96 loss: 0.1920 acc: 0.8763 time 0.86s
Epoch: 109/150 Iter: 95/96 loss: 0.1926 acc: 0.8776 time 0.69s
Epoch: 109/150 Iter: 96/96 loss: 0.1921 acc: 0.8789 time 0.70s
[Train epoch 109] avg_loss=0.1921 avg_acc=0.8789 | per-class [c0: 0.911, c1: 0.967, c2: 0.913]
Final training 109/150, loss: 0.1921, time 75.36s, lr: 0.000193
Accuracy: 0.915
class                  precision    recall   specificity      f1   support
--------------------------------------------------------------------------
0                          0.955     0.911         0.959   0.933       281
1                          0.644     0.967         0.971   0.773        30
2                          0.920     0.913         0.932   0.917       265
*----------------------------------------*
0 Mon Feb 23 14:08:22 2026 Epoch: 110
Epoch: 110/150 Iter: 1/96 loss: 0.0324 acc: 1.0000 time 1.03s
Epoch: 110/150 Iter: 2/96 loss: 0.0231 acc: 1.0000 time 0.69s
Epoch: 110/150 Iter: 3/96 loss: 0.0574 acc: 1.0000 time 0.70s
Epoch: 110/150 Iter: 4/96 loss: 0.0855 acc: 1.0000 time 0.86s
Epoch: 110/150 Iter: 5/96 loss: 0.0706 acc: 1.0000 time 0.73s
Epoch: 110/150 Iter: 6/96 loss: 0.0650 acc: 1.0000 time 0.87s
Epoch: 110/150 Iter: 7/96 loss: 0.0606 acc: 1.0000 time 0.86s
Epoch: 110/150 Iter: 8/96 loss: 0.0819 acc: 0.9271 time 0.86s
Epoch: 110/150 Iter: 9/96 loss: 0.0966 acc: 0.9167 time 0.73s
Epoch: 110/150 Iter: 10/96 loss: 0.1022 acc: 0.9150 time 0.77s
Epoch: 110/150 Iter: 11/96 loss: 0.0983 acc: 0.9227 time 0.87s
Epoch: 110/150 Iter: 12/96 loss: 0.1322 acc: 0.8944 time 0.77s
Epoch: 110/150 Iter: 13/96 loss: 0.1275 acc: 0.9026 time 0.88s
Epoch: 110/150 Iter: 14/96 loss: 0.1222 acc: 0.9095 time 0.74s
Epoch: 110/150 Iter: 15/96 loss: 0.1316 acc: 0.9072 time 0.73s
Epoch: 110/150 Iter: 16/96 loss: 0.1417 acc: 0.8766 time 0.76s
Epoch: 110/150 Iter: 17/96 loss: 0.1396 acc: 0.8838 time 0.86s
Epoch: 110/150 Iter: 18/96 loss: 0.1473 acc: 0.8810 time 0.77s
Epoch: 110/150 Iter: 19/96 loss: 0.1763 acc: 0.8697 time 0.71s
Epoch: 110/150 Iter: 20/96 loss: 0.1728 acc: 0.8763 time 0.76s
Epoch: 110/150 Iter: 21/96 loss: 0.1776 acc: 0.8583 time 0.71s
Epoch: 110/150 Iter: 22/96 loss: 0.1717 acc: 0.8648 time 0.93s
Epoch: 110/150 Iter: 23/96 loss: 0.1687 acc: 0.8707 time 0.70s
Epoch: 110/150 Iter: 24/96 loss: 0.1650 acc: 0.8760 time 0.74s
Epoch: 110/150 Iter: 25/96 loss: 0.1593 acc: 0.8810 time 0.69s
Epoch: 110/150 Iter: 26/96 loss: 0.1865 acc: 0.8663 time 0.87s
Epoch: 110/150 Iter: 27/96 loss: 0.1829 acc: 0.8651 time 0.76s
Epoch: 110/150 Iter: 28/96 loss: 0.1848 acc: 0.8655 time 0.71s
Epoch: 110/150 Iter: 29/96 loss: 0.1838 acc: 0.8644 time 0.69s
Epoch: 110/150 Iter: 30/96 loss: 0.1812 acc: 0.8689 time 0.86s
Epoch: 110/150 Iter: 31/96 loss: 0.1797 acc: 0.8704 time 0.88s
Epoch: 110/150 Iter: 32/96 loss: 0.1951 acc: 0.8641 time 0.70s
Epoch: 110/150 Iter: 33/96 loss: 0.2012 acc: 0.8606 time 0.69s
Epoch: 110/150 Iter: 34/96 loss: 0.2032 acc: 0.8574 time 0.70s
Epoch: 110/150 Iter: 35/96 loss: 0.1992 acc: 0.8614 time 0.71s
Epoch: 110/150 Iter: 36/96 loss: 0.2067 acc: 0.8606 time 0.87s
Epoch: 110/150 Iter: 37/96 loss: 0.2070 acc: 0.8599 time 0.70s
Epoch: 110/150 Iter: 38/96 loss: 0.2046 acc: 0.8636 time 0.72s
Epoch: 110/150 Iter: 39/96 loss: 0.2001 acc: 0.8671 time 0.77s
Epoch: 110/150 Iter: 40/96 loss: 0.1969 acc: 0.8704 time 0.89s
Epoch: 110/150 Iter: 41/96 loss: 0.1945 acc: 0.8736 time 0.78s
Epoch: 110/150 Iter: 42/96 loss: 0.1899 acc: 0.8766 time 0.70s
Epoch: 110/150 Iter: 43/96 loss: 0.1881 acc: 0.8795 time 0.76s
Epoch: 110/150 Iter: 44/96 loss: 0.1870 acc: 0.8822 time 0.86s
Epoch: 110/150 Iter: 45/96 loss: 0.1847 acc: 0.8848 time 0.71s
Epoch: 110/150 Iter: 46/96 loss: 0.1813 acc: 0.8873 time 0.78s
Epoch: 110/150 Iter: 47/96 loss: 0.2013 acc: 0.8862 time 0.69s
Epoch: 110/150 Iter: 48/96 loss: 0.2020 acc: 0.8802 time 0.77s
Epoch: 110/150 Iter: 49/96 loss: 0.1990 acc: 0.8827 time 0.70s
Epoch: 110/150 Iter: 50/96 loss: 0.1971 acc: 0.8850 time 0.77s
Epoch: 110/150 Iter: 51/96 loss: 0.1940 acc: 0.8873 time 0.75s
Epoch: 110/150 Iter: 52/96 loss: 0.1991 acc: 0.8817 time 0.87s
Epoch: 110/150 Iter: 53/96 loss: 0.1958 acc: 0.8840 time 0.86s
Epoch: 110/150 Iter: 54/96 loss: 0.1931 acc: 0.8861 time 0.86s
Epoch: 110/150 Iter: 55/96 loss: 0.1924 acc: 0.8882 time 0.86s
Epoch: 110/150 Iter: 56/96 loss: 0.1997 acc: 0.8827 time 0.75s
Epoch: 110/150 Iter: 57/96 loss: 0.1963 acc: 0.8848 time 0.74s
Epoch: 110/150 Iter: 58/96 loss: 0.1945 acc: 0.8868 time 0.70s
Epoch: 110/150 Iter: 59/96 loss: 0.1925 acc: 0.8887 time 0.71s
Epoch: 110/150 Iter: 60/96 loss: 0.1918 acc: 0.8892 time 0.71s
Epoch: 110/150 Iter: 61/96 loss: 0.1904 acc: 0.8910 time 0.86s
Epoch: 110/150 Iter: 62/96 loss: 0.1889 acc: 0.8927 time 0.87s
Epoch: 110/150 Iter: 63/96 loss: 0.1888 acc: 0.8944 time 0.86s
Epoch: 110/150 Iter: 64/96 loss: 0.1938 acc: 0.8891 time 0.87s
Epoch: 110/150 Iter: 65/96 loss: 0.1981 acc: 0.8832 time 0.72s
Epoch: 110/150 Iter: 66/96 loss: 0.1979 acc: 0.8849 time 0.73s
Epoch: 110/150 Iter: 67/96 loss: 0.1976 acc: 0.8842 time 0.70s
Epoch: 110/150 Iter: 68/96 loss: 0.1988 acc: 0.8797 time 0.75s
Epoch: 110/150 Iter: 69/96 loss: 0.1964 acc: 0.8815 time 0.69s
Epoch: 110/150 Iter: 70/96 loss: 0.1968 acc: 0.8760 time 0.86s
Epoch: 110/150 Iter: 71/96 loss: 0.1994 acc: 0.8764 time 0.77s
Epoch: 110/150 Iter: 72/96 loss: 0.1976 acc: 0.8781 time 0.73s
Epoch: 110/150 Iter: 73/96 loss: 0.1952 acc: 0.8798 time 0.86s
Epoch: 110/150 Iter: 74/96 loss: 0.1952 acc: 0.8799 time 0.70s
Epoch: 110/150 Iter: 75/96 loss: 0.1935 acc: 0.8815 time 0.70s
Epoch: 110/150 Iter: 76/96 loss: 0.1973 acc: 0.8801 time 0.70s
Epoch: 110/150 Iter: 77/96 loss: 0.1988 acc: 0.8801 time 0.76s
Epoch: 110/150 Iter: 78/96 loss: 0.1976 acc: 0.8816 time 0.86s
Epoch: 110/150 Iter: 79/96 loss: 0.1971 acc: 0.8810 time 0.87s
Epoch: 110/150 Iter: 80/96 loss: 0.1983 acc: 0.8804 time 0.71s
Epoch: 110/150 Iter: 81/96 loss: 0.1970 acc: 0.8819 time 0.69s
Epoch: 110/150 Iter: 82/96 loss: 0.1952 acc: 0.8833 time 0.70s
Epoch: 110/150 Iter: 83/96 loss: 0.1935 acc: 0.8847 time 0.86s
Epoch: 110/150 Iter: 84/96 loss: 0.1912 acc: 0.8861 time 0.69s
Epoch: 110/150 Iter: 85/96 loss: 0.1906 acc: 0.8874 time 0.69s
Epoch: 110/150 Iter: 86/96 loss: 0.1896 acc: 0.8887 time 0.85s
Epoch: 110/150 Iter: 87/96 loss: 0.1878 acc: 0.8900 time 0.70s
Epoch: 110/150 Iter: 88/96 loss: 0.1909 acc: 0.8862 time 0.69s
Epoch: 110/150 Iter: 89/96 loss: 0.1894 acc: 0.8875 time 0.69s
Epoch: 110/150 Iter: 90/96 loss: 0.1893 acc: 0.8876 time 0.86s
Epoch: 110/150 Iter: 91/96 loss: 0.1893 acc: 0.8875 time 0.71s
Epoch: 110/150 Iter: 92/96 loss: 0.1885 acc: 0.8887 time 0.69s
Epoch: 110/150 Iter: 93/96 loss: 0.1870 acc: 0.8899 time 0.86s
Epoch: 110/150 Iter: 94/96 loss: 0.1906 acc: 0.8897 time 0.69s
Epoch: 110/150 Iter: 95/96 loss: 0.1895 acc: 0.8909 time 0.85s
Epoch: 110/150 Iter: 96/96 loss: 0.1884 acc: 0.8920 time 0.69s
[Train epoch 110] avg_loss=0.1884 avg_acc=0.8920 | per-class [c0: 0.925, c1: 0.933, c2: 0.921]
Final training 110/150, loss: 0.1884, time 74.14s, lr: 0.000185
Accuracy: 0.924
class                  precision    recall   specificity      f1   support
--------------------------------------------------------------------------
0                          0.959     0.925         0.963   0.942       280
1                          0.683     0.933         0.976   0.789        30
2                          0.925     0.921         0.935   0.923       266
*----------------------------------------*
Val 110/150 1/24, Acc: 0.5000, Loss: 5.9611, time 0.69s
Val 110/150 2/24, Acc: 0.5278, Loss: 3.1013, time 0.67s
Val 110/150 3/24, Acc: 0.6852, Loss: 2.1458, time 0.67s
Val 110/150 4/24, Acc: 0.7639, Loss: 1.6281, time 0.67s
Val 110/150 5/24, Acc: 0.7611, Loss: 1.3469, time 0.67s
Val 110/150 6/24, Acc: 0.8009, Loss: 1.1353, time 0.67s
Val 110/150 7/24, Acc: 0.7698, Loss: 1.0326, time 0.67s
Val 110/150 8/24, Acc: 0.7986, Loss: 0.9087, time 0.67s
Val 110/150 9/24, Acc: 0.8210, Loss: 0.8417, time 0.67s
Val 110/150 10/24, Acc: 0.8389, Loss: 0.7614, time 0.67s
Val 110/150 11/24, Acc: 0.8081, Loss: 0.7414, time 0.67s
Val 110/150 12/24, Acc: 0.7755, Loss: 0.6967, time 0.67s
Val 110/150 13/24, Acc: 0.7543, Loss: 0.6694, time 0.67s
Val 110/150 14/24, Acc: 0.7629, Loss: 0.6437, time 0.67s
Val 110/150 15/24, Acc: 0.7676, Loss: 0.6421, time 0.67s
Val 110/150 16/24, Acc: 0.7821, Loss: 0.6080, time 0.67s
Val 110/150 17/24, Acc: 0.7949, Loss: 0.5788, time 0.67s
Val 110/150 18/24, Acc: 0.7994, Loss: 0.5550, time 0.67s
Val 110/150 19/24, Acc: 0.7836, Loss: 0.5351, time 0.67s
Val 110/150 20/24, Acc: 0.7722, Loss: 0.5562, time 0.67s
Val 110/150 21/24, Acc: 0.7771, Loss: 0.5375, time 0.67s
Val 110/150 22/24, Acc: 0.7797, Loss: 0.5274, time 0.67s
Val 110/150 23/24, Acc: 0.7675, Loss: 0.6351, time 0.67s
Val 110/150 24/24, Acc: 0.7726, Loss: 0.6203, time 0.67s
[Val epoch 110] avg_acc=0.7726 | avg_loss=0.6203 | per-class [c0: 0.900, c1: 0.625, c2: 0.848]
Final validation 110/150, Val_acc: 0.7726, time 16.04sAccuracy: 0.861
class                  precision    recall   specificity      f1   support
--------------------------------------------------------------------------
0                          0.913     0.900         0.919   0.906        70
1                          0.455     0.625         0.956   0.526         8
2                          0.875     0.848         0.897   0.862        66
*========================================*
Saving checkpoint outputs/OrganoidsINRIA_XYZ_thinning_128/swinunetr/2026-02-23-11-31/training/model_final.pt
[EarlyStopping] no improve (31/40)
[EarlyStopping] no improve (32/40)
0 Mon Feb 23 14:09:57 2026 Epoch: 111
Epoch: 111/150 Iter: 1/96 loss: 0.0377 acc: 1.0000 time 1.14s
Epoch: 111/150 Iter: 2/96 loss: 0.1199 acc: 0.9583 time 0.87s
Epoch: 111/150 Iter: 3/96 loss: 0.1050 acc: 0.9722 time 0.70s
Epoch: 111/150 Iter: 4/96 loss: 0.0951 acc: 0.9792 time 0.87s
Epoch: 111/150 Iter: 5/96 loss: 0.1042 acc: 0.9833 time 0.89s
Epoch: 111/150 Iter: 6/96 loss: 0.0969 acc: 0.9861 time 0.76s
Epoch: 111/150 Iter: 7/96 loss: 0.1173 acc: 0.9702 time 0.69s
Epoch: 111/150 Iter: 8/96 loss: 0.1143 acc: 0.9740 time 0.85s
Epoch: 111/150 Iter: 9/96 loss: 0.1078 acc: 0.9769 time 0.86s
Epoch: 111/150 Iter: 10/96 loss: 0.1085 acc: 0.9792 time 0.71s
Epoch: 111/150 Iter: 11/96 loss: 0.1038 acc: 0.9811 time 0.72s
Epoch: 111/150 Iter: 12/96 loss: 0.1064 acc: 0.9826 time 0.71s
Epoch: 111/150 Iter: 13/96 loss: 0.1029 acc: 0.9840 time 0.87s
Epoch: 111/150 Iter: 14/96 loss: 0.0959 acc: 0.9851 time 0.87s
Epoch: 111/150 Iter: 15/96 loss: 0.0964 acc: 0.9861 time 0.69s
Epoch: 111/150 Iter: 16/96 loss: 0.0949 acc: 0.9870 time 0.77s
Epoch: 111/150 Iter: 17/96 loss: 0.0911 acc: 0.9877 time 0.86s
Epoch: 111/150 Iter: 18/96 loss: 0.1003 acc: 0.9884 time 0.87s
Epoch: 111/150 Iter: 19/96 loss: 0.1035 acc: 0.9890 time 0.86s
Epoch: 111/150 Iter: 20/96 loss: 0.1011 acc: 0.9896 time 0.87s
Epoch: 111/150 Iter: 21/96 loss: 0.0993 acc: 0.9901 time 0.86s
Epoch: 111/150 Iter: 22/96 loss: 0.1009 acc: 0.9792 time 0.69s
Epoch: 111/150 Iter: 23/96 loss: 0.1055 acc: 0.9752 time 0.87s
Epoch: 111/150 Iter: 24/96 loss: 0.1044 acc: 0.9763 time 0.87s
Epoch: 111/150 Iter: 25/96 loss: 0.1057 acc: 0.9772 time 0.70s
Epoch: 111/150 Iter: 26/96 loss: 0.1041 acc: 0.9781 time 0.69s
Epoch: 111/150 Iter: 27/96 loss: 0.1015 acc: 0.9789 time 0.86s
Epoch: 111/150 Iter: 28/96 loss: 0.0990 acc: 0.9797 time 0.86s
Epoch: 111/150 Iter: 29/96 loss: 0.1047 acc: 0.9746 time 0.71s
Epoch: 111/150 Iter: 30/96 loss: 0.1017 acc: 0.9755 time 0.92s
Epoch: 111/150 Iter: 31/96 loss: 0.1021 acc: 0.9763 time 0.86s
Epoch: 111/150 Iter: 32/96 loss: 0.1297 acc: 0.9666 time 0.69s
Epoch: 111/150 Iter: 33/96 loss: 0.1285 acc: 0.9676 time 0.69s
Epoch: 111/150 Iter: 34/96 loss: 0.1350 acc: 0.9555 time 0.86s
Epoch: 111/150 Iter: 35/96 loss: 0.1355 acc: 0.9539 time 0.77s
Epoch: 111/150 Iter: 36/96 loss: 0.1327 acc: 0.9552 time 0.85s
Epoch: 111/150 Iter: 37/96 loss: 0.1410 acc: 0.9451 time 0.86s
Epoch: 111/150 Iter: 38/96 loss: 0.1393 acc: 0.9466 time 0.86s
Epoch: 111/150 Iter: 39/96 loss: 0.1368 acc: 0.9479 time 0.86s
Epoch: 111/150 Iter: 40/96 loss: 0.1357 acc: 0.9492 time 0.87s
Epoch: 111/150 Iter: 41/96 loss: 0.1370 acc: 0.9505 time 0.76s
Epoch: 111/150 Iter: 42/96 loss: 0.1477 acc: 0.9417 time 0.69s
Epoch: 111/150 Iter: 43/96 loss: 0.1460 acc: 0.9431 time 0.70s
Epoch: 111/150 Iter: 44/96 loss: 0.1567 acc: 0.9406 time 0.71s
Epoch: 111/150 Iter: 45/96 loss: 0.1570 acc: 0.9419 time 0.70s
Epoch: 111/150 Iter: 46/96 loss: 0.1632 acc: 0.9396 time 0.87s
Epoch: 111/150 Iter: 47/96 loss: 0.1617 acc: 0.9408 time 0.86s
Epoch: 111/150 Iter: 48/96 loss: 0.1587 acc: 0.9421 time 0.86s
Epoch: 111/150 Iter: 49/96 loss: 0.1590 acc: 0.9416 time 0.75s
Epoch: 111/150 Iter: 50/96 loss: 0.1637 acc: 0.9347 time 0.70s
Epoch: 111/150 Iter: 51/96 loss: 0.1616 acc: 0.9360 time 0.69s
Epoch: 111/150 Iter: 52/96 loss: 0.1600 acc: 0.9372 time 0.69s
Epoch: 111/150 Iter: 53/96 loss: 0.1612 acc: 0.9274 time 0.86s
Epoch: 111/150 Iter: 54/96 loss: 0.1589 acc: 0.9288 time 0.75s
Epoch: 111/150 Iter: 55/96 loss: 0.1569 acc: 0.9301 time 0.70s
Epoch: 111/150 Iter: 56/96 loss: 0.1583 acc: 0.9313 time 0.69s
Epoch: 111/150 Iter: 57/96 loss: 0.1557 acc: 0.9325 time 0.70s
Epoch: 111/150 Iter: 58/96 loss: 0.1537 acc: 0.9337 time 0.72s
Epoch: 111/150 Iter: 59/96 loss: 0.1525 acc: 0.9348 time 0.78s
Epoch: 111/150 Iter: 60/96 loss: 0.1524 acc: 0.9359 time 0.85s
Epoch: 111/150 Iter: 61/96 loss: 0.1567 acc: 0.9274 time 0.87s
Epoch: 111/150 Iter: 62/96 loss: 0.1634 acc: 0.9232 time 0.69s
Epoch: 111/150 Iter: 63/96 loss: 0.1626 acc: 0.9244 time 0.89s
Epoch: 111/150 Iter: 64/96 loss: 0.1609 acc: 0.9256 time 0.72s
Epoch: 111/150 Iter: 65/96 loss: 0.1668 acc: 0.9252 time 0.92s
Epoch: 111/150 Iter: 66/96 loss: 0.1661 acc: 0.9263 time 0.87s
Epoch: 111/150 Iter: 67/96 loss: 0.1643 acc: 0.9274 time 0.76s
Epoch: 111/150 Iter: 68/96 loss: 0.1625 acc: 0.9285 time 0.86s
Epoch: 111/150 Iter: 69/96 loss: 0.1630 acc: 0.9231 time 0.86s
Epoch: 111/150 Iter: 70/96 loss: 0.1657 acc: 0.9218 time 0.87s
Epoch: 111/150 Iter: 71/96 loss: 0.1677 acc: 0.9182 time 0.87s
Epoch: 111/150 Iter: 72/96 loss: 0.1723 acc: 0.9132 time 0.87s
Epoch: 111/150 Iter: 73/96 loss: 0.1704 acc: 0.9143 time 0.86s
Epoch: 111/150 Iter: 74/96 loss: 0.1707 acc: 0.9155 time 0.77s
Epoch: 111/150 Iter: 75/96 loss: 0.1702 acc: 0.9166 time 0.87s
Epoch: 111/150 Iter: 76/96 loss: 0.1689 acc: 0.9177 time 0.76s
Epoch: 111/150 Iter: 77/96 loss: 0.1696 acc: 0.9172 time 0.88s
Epoch: 111/150 Iter: 78/96 loss: 0.1702 acc: 0.9170 time 0.70s
Epoch: 111/150 Iter: 79/96 loss: 0.1686 acc: 0.9180 time 0.86s
Epoch: 111/150 Iter: 80/96 loss: 0.1674 acc: 0.9190 time 0.75s
Epoch: 111/150 Iter: 81/96 loss: 0.1695 acc: 0.9185 time 0.88s
Epoch: 111/150 Iter: 82/96 loss: 0.1707 acc: 0.9113 time 0.71s
Epoch: 111/150 Iter: 83/96 loss: 0.1755 acc: 0.9074 time 0.69s
Epoch: 111/150 Iter: 84/96 loss: 0.1742 acc: 0.9085 time 0.69s
Epoch: 111/150 Iter: 85/96 loss: 0.1726 acc: 0.9096 time 0.69s
Epoch: 111/150 Iter: 86/96 loss: 0.1765 acc: 0.9068 time 0.69s
Epoch: 111/150 Iter: 87/96 loss: 0.1757 acc: 0.9078 time 0.71s
Epoch: 111/150 Iter: 88/96 loss: 0.1742 acc: 0.9089 time 0.86s
Epoch: 111/150 Iter: 89/96 loss: 0.1729 acc: 0.9099 time 0.70s
Epoch: 111/150 Iter: 90/96 loss: 0.1717 acc: 0.9109 time 0.71s
Epoch: 111/150 Iter: 91/96 loss: 0.1701 acc: 0.9119 time 0.69s
Epoch: 111/150 Iter: 92/96 loss: 0.1699 acc: 0.9128 time 0.86s
Epoch: 111/150 Iter: 93/96 loss: 0.1684 acc: 0.9138 time 0.86s
Epoch: 111/150 Iter: 94/96 loss: 0.1746 acc: 0.9103 time 0.71s
Epoch: 111/150 Iter: 95/96 loss: 0.1807 acc: 0.9099 time 0.70s
Epoch: 111/150 Iter: 96/96 loss: 0.1809 acc: 0.9108 time 0.86s
[Train epoch 111] avg_loss=0.1809 avg_acc=0.9108 | per-class [c0: 0.940, c1: 0.933, c2: 0.940]
Final training 111/150, loss: 0.1809, time 76.27s, lr: 0.000176
Accuracy: 0.939
class                  precision    recall   specificity      f1   support
--------------------------------------------------------------------------
0                          0.974     0.940         0.976   0.957       281
1                          0.683     0.933         0.976   0.789        30
2                          0.943     0.940         0.952   0.941       265
*----------------------------------------*
0 Mon Feb 23 14:11:14 2026 Epoch: 112
Epoch: 112/150 Iter: 1/96 loss: 0.0204 acc: 1.0000 time 1.06s
Epoch: 112/150 Iter: 2/96 loss: 0.0358 acc: 1.0000 time 0.87s
Epoch: 112/150 Iter: 3/96 loss: 0.0749 acc: 0.9630 time 0.87s
Epoch: 112/150 Iter: 4/96 loss: 0.0584 acc: 0.9722 time 0.77s
Epoch: 112/150 Iter: 5/96 loss: 0.0738 acc: 0.9778 time 0.75s
Epoch: 112/150 Iter: 6/96 loss: 0.0955 acc: 0.9120 time 0.75s
Epoch: 112/150 Iter: 7/96 loss: 0.1001 acc: 0.9246 time 0.72s
Epoch: 112/150 Iter: 8/96 loss: 0.0922 acc: 0.9340 time 0.75s
Epoch: 112/150 Iter: 9/96 loss: 0.1030 acc: 0.9043 time 0.78s
Epoch: 112/150 Iter: 10/96 loss: 0.1009 acc: 0.9139 time 0.86s
Epoch: 112/150 Iter: 11/96 loss: 0.1064 acc: 0.9217 time 0.70s
Epoch: 112/150 Iter: 12/96 loss: 0.1083 acc: 0.9282 time 0.87s
Epoch: 112/150 Iter: 13/96 loss: 0.1070 acc: 0.9338 time 0.93s
Epoch: 112/150 Iter: 14/96 loss: 0.1052 acc: 0.9385 time 0.86s
Epoch: 112/150 Iter: 15/96 loss: 0.1207 acc: 0.9159 time 0.70s
Epoch: 112/150 Iter: 16/96 loss: 0.1248 acc: 0.9056 time 0.70s
Epoch: 112/150 Iter: 17/96 loss: 0.1255 acc: 0.9111 time 0.70s
Epoch: 112/150 Iter: 18/96 loss: 0.1236 acc: 0.9160 time 0.75s
Epoch: 112/150 Iter: 19/96 loss: 0.1198 acc: 0.9205 time 0.91s
Epoch: 112/150 Iter: 20/96 loss: 0.1437 acc: 0.9119 time 0.87s
Epoch: 112/150 Iter: 21/96 loss: 0.1501 acc: 0.9102 time 0.73s
Epoch: 112/150 Iter: 22/96 loss: 0.1709 acc: 0.8991 time 0.71s
Epoch: 112/150 Iter: 23/96 loss: 0.1905 acc: 0.8963 time 0.86s
Epoch: 112/150 Iter: 24/96 loss: 0.1886 acc: 0.9006 time 0.86s
Epoch: 112/150 Iter: 25/96 loss: 0.1907 acc: 0.9046 time 0.74s
Epoch: 112/150 Iter: 26/96 loss: 0.1924 acc: 0.9018 time 0.73s
Epoch: 112/150 Iter: 27/96 loss: 0.1924 acc: 0.8962 time 0.87s
Epoch: 112/150 Iter: 28/96 loss: 0.1863 acc: 0.8999 time 0.86s
Epoch: 112/150 Iter: 29/96 loss: 0.2102 acc: 0.8880 time 0.78s
Epoch: 112/150 Iter: 30/96 loss: 0.2117 acc: 0.8876 time 0.87s
Epoch: 112/150 Iter: 31/96 loss: 0.2111 acc: 0.8858 time 0.70s
Epoch: 112/150 Iter: 32/96 loss: 0.2079 acc: 0.8894 time 0.86s
Epoch: 112/150 Iter: 33/96 loss: 0.2057 acc: 0.8928 time 0.87s
Epoch: 112/150 Iter: 34/96 loss: 0.2020 acc: 0.8959 time 0.87s
Epoch: 112/150 Iter: 35/96 loss: 0.1973 acc: 0.8989 time 0.86s
Epoch: 112/150 Iter: 36/96 loss: 0.1927 acc: 0.9017 time 0.87s
Epoch: 112/150 Iter: 37/96 loss: 0.2070 acc: 0.8881 time 0.87s
Epoch: 112/150 Iter: 38/96 loss: 0.2036 acc: 0.8911 time 0.69s
Epoch: 112/150 Iter: 39/96 loss: 0.1988 acc: 0.8939 time 0.87s
Epoch: 112/150 Iter: 40/96 loss: 0.1981 acc: 0.8965 time 0.87s
Epoch: 112/150 Iter: 41/96 loss: 0.1951 acc: 0.8991 time 0.70s
Epoch: 112/150 Iter: 42/96 loss: 0.1966 acc: 0.9015 time 0.75s
Epoch: 112/150 Iter: 43/96 loss: 0.1923 acc: 0.9037 time 0.73s
Epoch: 112/150 Iter: 44/96 loss: 0.1928 acc: 0.9059 time 0.87s
Epoch: 112/150 Iter: 45/96 loss: 0.2102 acc: 0.8951 time 0.70s
Epoch: 112/150 Iter: 46/96 loss: 0.2165 acc: 0.8865 time 0.71s
Epoch: 112/150 Iter: 47/96 loss: 0.2179 acc: 0.8836 time 0.73s
Epoch: 112/150 Iter: 48/96 loss: 0.2156 acc: 0.8860 time 0.86s
Epoch: 112/150 Iter: 49/96 loss: 0.2113 acc: 0.8883 time 0.77s
Epoch: 112/150 Iter: 50/96 loss: 0.2098 acc: 0.8881 time 0.71s
Epoch: 112/150 Iter: 51/96 loss: 0.2061 acc: 0.8903 time 0.87s
Epoch: 112/150 Iter: 52/96 loss: 0.2027 acc: 0.8924 time 0.70s
Epoch: 112/150 Iter: 53/96 loss: 0.2020 acc: 0.8920 time 0.74s
Epoch: 112/150 Iter: 54/96 loss: 0.1984 acc: 0.8940 time 0.78s
Epoch: 112/150 Iter: 55/96 loss: 0.1958 acc: 0.8960 time 0.75s
Epoch: 112/150 Iter: 56/96 loss: 0.1930 acc: 0.8978 time 0.77s
Epoch: 112/150 Iter: 57/96 loss: 0.1907 acc: 0.8996 time 0.86s
Epoch: 112/150 Iter: 58/96 loss: 0.1878 acc: 0.9013 time 0.87s
Epoch: 112/150 Iter: 59/96 loss: 0.1862 acc: 0.9030 time 0.74s
Epoch: 112/150 Iter: 60/96 loss: 0.1834 acc: 0.9046 time 0.70s
Epoch: 112/150 Iter: 61/96 loss: 0.1809 acc: 0.9062 time 0.70s
Epoch: 112/150 Iter: 62/96 loss: 0.1784 acc: 0.9077 time 0.70s
Epoch: 112/150 Iter: 63/96 loss: 0.1774 acc: 0.9092 time 0.87s
Epoch: 112/150 Iter: 64/96 loss: 0.1766 acc: 0.9106 time 0.75s
Epoch: 112/150 Iter: 65/96 loss: 0.1763 acc: 0.9103 time 0.74s
Epoch: 112/150 Iter: 66/96 loss: 0.1771 acc: 0.9053 time 0.75s
Epoch: 112/150 Iter: 67/96 loss: 0.1757 acc: 0.9067 time 0.87s
Epoch: 112/150 Iter: 68/96 loss: 0.1733 acc: 0.9081 time 0.70s
Epoch: 112/150 Iter: 69/96 loss: 0.1711 acc: 0.9094 time 0.77s
Epoch: 112/150 Iter: 70/96 loss: 0.1742 acc: 0.9071 time 0.87s
Epoch: 112/150 Iter: 71/96 loss: 0.1726 acc: 0.9085 time 0.87s
Epoch: 112/150 Iter: 72/96 loss: 0.1706 acc: 0.9097 time 0.74s
Epoch: 112/150 Iter: 73/96 loss: 0.1688 acc: 0.9110 time 0.73s
Epoch: 112/150 Iter: 74/96 loss: 0.1668 acc: 0.9122 time 0.74s
Epoch: 112/150 Iter: 75/96 loss: 0.1662 acc: 0.9133 time 0.75s
Epoch: 112/150 Iter: 76/96 loss: 0.1709 acc: 0.9072 time 0.86s
Epoch: 112/150 Iter: 77/96 loss: 0.1689 acc: 0.9084 time 0.86s
Epoch: 112/150 Iter: 78/96 loss: 0.1685 acc: 0.9031 time 0.87s
Epoch: 112/150 Iter: 79/96 loss: 0.1667 acc: 0.9044 time 0.75s
Epoch: 112/150 Iter: 80/96 loss: 0.1673 acc: 0.9043 time 0.87s
Epoch: 112/150 Iter: 81/96 loss: 0.1668 acc: 0.9055 time 0.70s
Epoch: 112/150 Iter: 82/96 loss: 0.1654 acc: 0.9066 time 0.85s
Epoch: 112/150 Iter: 83/96 loss: 0.1636 acc: 0.9078 time 0.86s
Epoch: 112/150 Iter: 84/96 loss: 0.1618 acc: 0.9089 time 0.86s
Epoch: 112/150 Iter: 85/96 loss: 0.1664 acc: 0.9044 time 0.86s
Epoch: 112/150 Iter: 86/96 loss: 0.1654 acc: 0.9056 time 0.71s
Epoch: 112/150 Iter: 87/96 loss: 0.1638 acc: 0.9066 time 0.69s
Epoch: 112/150 Iter: 88/96 loss: 0.1629 acc: 0.9077 time 0.86s
Epoch: 112/150 Iter: 89/96 loss: 0.1613 acc: 0.9087 time 0.69s
Epoch: 112/150 Iter: 90/96 loss: 0.1600 acc: 0.9098 time 0.86s
Epoch: 112/150 Iter: 91/96 loss: 0.1606 acc: 0.9094 time 0.70s
Epoch: 112/150 Iter: 92/96 loss: 0.1628 acc: 0.9090 time 0.70s
Epoch: 112/150 Iter: 93/96 loss: 0.1630 acc: 0.9070 time 0.69s
Epoch: 112/150 Iter: 94/96 loss: 0.1615 acc: 0.9080 time 0.85s
Epoch: 112/150 Iter: 95/96 loss: 0.1605 acc: 0.9089 time 0.86s
Epoch: 112/150 Iter: 96/96 loss: 0.1594 acc: 0.9099 time 0.69s
[Train epoch 112] avg_loss=0.1594 avg_acc=0.9099 | per-class [c0: 0.947, c1: 0.966, c2: 0.929]
Final training 112/150, loss: 0.1594, time 76.07s, lr: 0.000168
Accuracy: 0.939
class                  precision    recall   specificity      f1   support
--------------------------------------------------------------------------
0                          0.964     0.947         0.966   0.955       281
1                          0.700     0.966         0.978   0.812        29
2                          0.950     0.929         0.958   0.939       266
*----------------------------------------*
Val 112/150 1/24, Acc: 0.5000, Loss: 6.1503, time 0.67s
Val 112/150 2/24, Acc: 0.5278, Loss: 3.2196, time 0.67s
Val 112/150 3/24, Acc: 0.6296, Loss: 2.2042, time 0.67s
Val 112/150 4/24, Acc: 0.7222, Loss: 1.6652, time 0.67s
Val 112/150 5/24, Acc: 0.7278, Loss: 1.3674, time 0.67s
Val 112/150 6/24, Acc: 0.7731, Loss: 1.1462, time 0.67s
Val 112/150 7/24, Acc: 0.7460, Loss: 1.0460, time 0.67s
Val 112/150 8/24, Acc: 0.7778, Loss: 0.9210, time 0.67s
Val 112/150 9/24, Acc: 0.8025, Loss: 0.8368, time 0.67s
Val 112/150 10/24, Acc: 0.8222, Loss: 0.7632, time 0.67s
Val 112/150 11/24, Acc: 0.8232, Loss: 0.7499, time 0.67s
Val 112/150 12/24, Acc: 0.7894, Loss: 0.7091, time 0.67s
Val 112/150 13/24, Acc: 0.7863, Loss: 0.6927, time 0.67s
Val 112/150 14/24, Acc: 0.7927, Loss: 0.6765, time 0.67s
Val 112/150 15/24, Acc: 0.8009, Loss: 0.6764, time 0.67s
Val 112/150 16/24, Acc: 0.8071, Loss: 0.6429, time 0.67s
Val 112/150 17/24, Acc: 0.8185, Loss: 0.6086, time 0.67s
Val 112/150 18/24, Acc: 0.8216, Loss: 0.5846, time 0.67s
Val 112/150 19/24, Acc: 0.8310, Loss: 0.5600, time 0.67s
Val 112/150 20/24, Acc: 0.8117, Loss: 0.5858, time 0.67s
Val 112/150 21/24, Acc: 0.8206, Loss: 0.5640, time 0.67s
Val 112/150 22/24, Acc: 0.8212, Loss: 0.5593, time 0.67s
Val 112/150 23/24, Acc: 0.8145, Loss: 0.6607, time 0.67s
Val 112/150 24/24, Acc: 0.8176, Loss: 0.6469, time 0.67s
[Val epoch 112] avg_acc=0.8176 | avg_loss=0.6469 | per-class [c0: 0.857, c1: 0.625, c2: 0.924]
Final validation 112/150, Val_acc: 0.8176, time 16.03sAccuracy: 0.875
class                  precision    recall   specificity      f1   support
--------------------------------------------------------------------------
0                          0.968     0.857         0.973   0.909        70
1                          0.556     0.625         0.971   0.588         8
2                          0.836     0.924         0.846   0.878        66
*========================================*
New best (0.811806 --> 0.817593)
Saving checkpoint outputs/OrganoidsINRIA_XYZ_thinning_128/swinunetr/2026-02-23-11-31/training/model_final.pt
Copying best model to best_model.pt
[EarlyStopping] no improve (32/40)
[EarlyStopping] no improve (33/40)
0 Mon Feb 23 14:12:57 2026 Epoch: 113
Epoch: 113/150 Iter: 1/96 loss: 0.0344 acc: 1.0000 time 1.29s
Epoch: 113/150 Iter: 2/96 loss: 0.0218 acc: 1.0000 time 0.78s
Epoch: 113/150 Iter: 3/96 loss: 0.0195 acc: 1.0000 time 0.87s
Epoch: 113/150 Iter: 4/96 loss: 0.0257 acc: 1.0000 time 0.69s
Epoch: 113/150 Iter: 5/96 loss: 0.0278 acc: 1.0000 time 0.75s
Epoch: 113/150 Iter: 6/96 loss: 0.0594 acc: 0.9028 time 0.70s
Epoch: 113/150 Iter: 7/96 loss: 0.0632 acc: 0.9167 time 0.87s
Epoch: 113/150 Iter: 8/96 loss: 0.0742 acc: 0.9271 time 0.74s
Epoch: 113/150 Iter: 9/96 loss: 0.0688 acc: 0.9352 time 0.75s
Epoch: 113/150 Iter: 10/96 loss: 0.0651 acc: 0.9417 time 0.77s
Epoch: 113/150 Iter: 11/96 loss: 0.0613 acc: 0.9470 time 0.76s
Epoch: 113/150 Iter: 12/96 loss: 0.0570 acc: 0.9514 time 0.76s
Epoch: 113/150 Iter: 13/96 loss: 0.0575 acc: 0.9551 time 0.87s
Epoch: 113/150 Iter: 14/96 loss: 0.0617 acc: 0.9583 time 0.86s
Epoch: 113/150 Iter: 15/96 loss: 0.0592 acc: 0.9611 time 0.88s
Epoch: 113/150 Iter: 16/96 loss: 0.0579 acc: 0.9635 time 0.86s
Epoch: 113/150 Iter: 17/96 loss: 0.0555 acc: 0.9657 time 0.87s
Epoch: 113/150 Iter: 18/96 loss: 0.0531 acc: 0.9676 time 0.75s
Epoch: 113/150 Iter: 19/96 loss: 0.0524 acc: 0.9693 time 0.87s
Epoch: 113/150 Iter: 20/96 loss: 0.0529 acc: 0.9708 time 0.70s
Epoch: 113/150 Iter: 21/96 loss: 0.0700 acc: 0.9643 time 0.78s
Epoch: 113/150 Iter: 22/96 loss: 0.0674 acc: 0.9659 time 0.93s
Epoch: 113/150 Iter: 23/96 loss: 0.0749 acc: 0.9457 time 0.86s
Epoch: 113/150 Iter: 24/96 loss: 0.0759 acc: 0.9313 time 0.71s
Epoch: 113/150 Iter: 25/96 loss: 0.0821 acc: 0.9340 time 0.70s
Epoch: 113/150 Iter: 26/96 loss: 0.0940 acc: 0.9317 time 0.73s
Epoch: 113/150 Iter: 27/96 loss: 0.0984 acc: 0.9343 time 0.87s
Epoch: 113/150 Iter: 28/96 loss: 0.0972 acc: 0.9366 time 0.72s
Epoch: 113/150 Iter: 29/96 loss: 0.0954 acc: 0.9388 time 0.69s
Epoch: 113/150 Iter: 30/96 loss: 0.1073 acc: 0.9334 time 0.78s
Epoch: 113/150 Iter: 31/96 loss: 0.1049 acc: 0.9356 time 0.87s
Epoch: 113/150 Iter: 32/96 loss: 0.1043 acc: 0.9376 time 0.87s
Epoch: 113/150 Iter: 33/96 loss: 0.1028 acc: 0.9395 time 0.87s
Epoch: 113/150 Iter: 34/96 loss: 0.1039 acc: 0.9413 time 0.71s
Epoch: 113/150 Iter: 35/96 loss: 0.1016 acc: 0.9429 time 0.93s
Epoch: 113/150 Iter: 36/96 loss: 0.1000 acc: 0.9445 time 0.71s
Epoch: 113/150 Iter: 37/96 loss: 0.1013 acc: 0.9415 time 0.69s
Epoch: 113/150 Iter: 38/96 loss: 0.1008 acc: 0.9431 time 0.70s
Epoch: 113/150 Iter: 39/96 loss: 0.1090 acc: 0.9317 time 0.75s
Epoch: 113/150 Iter: 40/96 loss: 0.1088 acc: 0.9334 time 0.71s
Epoch: 113/150 Iter: 41/96 loss: 0.1075 acc: 0.9350 time 0.71s
Epoch: 113/150 Iter: 42/96 loss: 0.1054 acc: 0.9366 time 0.86s
Epoch: 113/150 Iter: 43/96 loss: 0.1044 acc: 0.9380 time 0.86s
Epoch: 113/150 Iter: 44/96 loss: 0.1040 acc: 0.9395 time 0.86s
Epoch: 113/150 Iter: 45/96 loss: 0.1168 acc: 0.9297 time 0.72s
Epoch: 113/150 Iter: 46/96 loss: 0.1163 acc: 0.9312 time 0.69s
Epoch: 113/150 Iter: 47/96 loss: 0.1159 acc: 0.9327 time 0.72s
Epoch: 113/150 Iter: 48/96 loss: 0.1154 acc: 0.9341 time 0.70s
Epoch: 113/150 Iter: 49/96 loss: 0.1243 acc: 0.9303 time 0.70s
Epoch: 113/150 Iter: 50/96 loss: 0.1242 acc: 0.9317 time 0.72s
Epoch: 113/150 Iter: 51/96 loss: 0.1287 acc: 0.9252 time 0.74s
Epoch: 113/150 Iter: 52/96 loss: 0.1287 acc: 0.9202 time 0.70s
Epoch: 113/150 Iter: 53/96 loss: 0.1267 acc: 0.9218 time 0.70s
Epoch: 113/150 Iter: 54/96 loss: 0.1246 acc: 0.9232 time 0.77s
Epoch: 113/150 Iter: 55/96 loss: 0.1232 acc: 0.9246 time 0.92s
Epoch: 113/150 Iter: 56/96 loss: 0.1217 acc: 0.9259 time 0.93s
Epoch: 113/150 Iter: 57/96 loss: 0.1226 acc: 0.9243 time 0.70s
Epoch: 113/150 Iter: 58/96 loss: 0.1224 acc: 0.9256 time 0.88s
Epoch: 113/150 Iter: 59/96 loss: 0.1212 acc: 0.9269 time 0.78s
Epoch: 113/150 Iter: 60/96 loss: 0.1196 acc: 0.9281 time 0.87s
Epoch: 113/150 Iter: 61/96 loss: 0.1199 acc: 0.9265 time 0.78s
Epoch: 113/150 Iter: 62/96 loss: 0.1195 acc: 0.9277 time 0.69s
Epoch: 113/150 Iter: 63/96 loss: 0.1182 acc: 0.9289 time 0.70s
Epoch: 113/150 Iter: 64/96 loss: 0.1165 acc: 0.9300 time 0.71s
Epoch: 113/150 Iter: 65/96 loss: 0.1154 acc: 0.9311 time 0.78s
Epoch: 113/150 Iter: 66/96 loss: 0.1275 acc: 0.9291 time 0.77s
Epoch: 113/150 Iter: 67/96 loss: 0.1294 acc: 0.9277 time 0.87s
Epoch: 113/150 Iter: 68/96 loss: 0.1287 acc: 0.9287 time 0.70s
Epoch: 113/150 Iter: 69/96 loss: 0.1305 acc: 0.9285 time 0.87s
Epoch: 113/150 Iter: 70/96 loss: 0.1438 acc: 0.9216 time 0.71s
Epoch: 113/150 Iter: 71/96 loss: 0.1423 acc: 0.9227 time 0.87s
Epoch: 113/150 Iter: 72/96 loss: 0.1408 acc: 0.9238 time 0.87s
Epoch: 113/150 Iter: 73/96 loss: 0.1394 acc: 0.9248 time 0.75s
Epoch: 113/150 Iter: 74/96 loss: 0.1404 acc: 0.9229 time 0.87s
Epoch: 113/150 Iter: 75/96 loss: 0.1394 acc: 0.9239 time 0.86s
Epoch: 113/150 Iter: 76/96 loss: 0.1397 acc: 0.9234 time 0.71s
Epoch: 113/150 Iter: 77/96 loss: 0.1380 acc: 0.9244 time 0.86s
Epoch: 113/150 Iter: 78/96 loss: 0.1370 acc: 0.9254 time 0.75s
Epoch: 113/150 Iter: 79/96 loss: 0.1356 acc: 0.9263 time 0.86s
Epoch: 113/150 Iter: 80/96 loss: 0.1342 acc: 0.9273 time 0.88s
Epoch: 113/150 Iter: 81/96 loss: 0.1333 acc: 0.9282 time 0.69s
Epoch: 113/150 Iter: 82/96 loss: 0.1320 acc: 0.9290 time 0.70s
Epoch: 113/150 Iter: 83/96 loss: 0.1308 acc: 0.9299 time 0.86s
Epoch: 113/150 Iter: 84/96 loss: 0.1295 acc: 0.9307 time 0.70s
Epoch: 113/150 Iter: 85/96 loss: 0.1397 acc: 0.9286 time 0.87s
Epoch: 113/150 Iter: 86/96 loss: 0.1385 acc: 0.9294 time 0.70s
Epoch: 113/150 Iter: 87/96 loss: 0.1403 acc: 0.9245 time 0.70s
Epoch: 113/150 Iter: 88/96 loss: 0.1395 acc: 0.9253 time 0.86s
Epoch: 113/150 Iter: 89/96 loss: 0.1391 acc: 0.9262 time 0.86s
Epoch: 113/150 Iter: 90/96 loss: 0.1404 acc: 0.9224 time 0.86s
Epoch: 113/150 Iter: 91/96 loss: 0.1390 acc: 0.9232 time 0.85s
Epoch: 113/150 Iter: 92/96 loss: 0.1386 acc: 0.9241 time 0.86s
Epoch: 113/150 Iter: 93/96 loss: 0.1399 acc: 0.9186 time 0.86s
Epoch: 113/150 Iter: 94/96 loss: 0.1395 acc: 0.9195 time 0.87s
Epoch: 113/150 Iter: 95/96 loss: 0.1429 acc: 0.9190 time 0.86s
Epoch: 113/150 Iter: 96/96 loss: 0.1416 acc: 0.9198 time 0.70s
[Train epoch 113] avg_loss=0.1416 avg_acc=0.9198 | per-class [c0: 0.932, c1: 1.000, c2: 0.958]
Final training 113/150, loss: 0.1416, time 76.19s, lr: 0.000160
Accuracy: 0.948
class                  precision    recall   specificity      f1   support
--------------------------------------------------------------------------
0                          0.981     0.932         0.983   0.956       281
1                          0.732     1.000         0.980   0.845        30
2                          0.948     0.958         0.955   0.953       265
*----------------------------------------*
0 Mon Feb 23 14:14:13 2026 Epoch: 114
Epoch: 114/150 Iter: 1/96 loss: 0.0355 acc: 1.0000 time 1.09s
Epoch: 114/150 Iter: 2/96 loss: 0.1106 acc: 1.0000 time 0.87s
Epoch: 114/150 Iter: 3/96 loss: 0.1142 acc: 1.0000 time 0.74s
Epoch: 114/150 Iter: 4/96 loss: 0.1069 acc: 1.0000 time 0.75s
Epoch: 114/150 Iter: 5/96 loss: 0.0872 acc: 1.0000 time 0.86s
Epoch: 114/150 Iter: 6/96 loss: 0.1091 acc: 0.9833 time 0.87s
Epoch: 114/150 Iter: 7/96 loss: 0.1689 acc: 0.9619 time 0.75s
Epoch: 114/150 Iter: 8/96 loss: 0.2212 acc: 0.9510 time 0.72s
Epoch: 114/150 Iter: 9/96 loss: 0.1987 acc: 0.9565 time 0.87s
Epoch: 114/150 Iter: 10/96 loss: 0.1967 acc: 0.9275 time 0.70s
Epoch: 114/150 Iter: 11/96 loss: 0.1858 acc: 0.9341 time 0.70s
Epoch: 114/150 Iter: 12/96 loss: 0.1732 acc: 0.9396 time 0.87s
Epoch: 114/150 Iter: 13/96 loss: 0.1659 acc: 0.9442 time 0.71s
Epoch: 114/150 Iter: 14/96 loss: 0.1730 acc: 0.9185 time 0.94s
Epoch: 114/150 Iter: 15/96 loss: 0.1733 acc: 0.9239 time 0.79s
Epoch: 114/150 Iter: 16/96 loss: 0.1660 acc: 0.9286 time 0.86s
Epoch: 114/150 Iter: 17/96 loss: 0.1587 acc: 0.9328 time 0.86s
Epoch: 114/150 Iter: 18/96 loss: 0.1547 acc: 0.9366 time 0.87s
Epoch: 114/150 Iter: 19/96 loss: 0.1532 acc: 0.9333 time 0.69s
Epoch: 114/150 Iter: 20/96 loss: 0.1492 acc: 0.9367 time 0.71s
Epoch: 114/150 Iter: 21/96 loss: 0.1785 acc: 0.9337 time 0.73s
Epoch: 114/150 Iter: 22/96 loss: 0.1752 acc: 0.9367 time 0.70s
Epoch: 114/150 Iter: 23/96 loss: 0.1717 acc: 0.9322 time 0.86s
Epoch: 114/150 Iter: 24/96 loss: 0.1731 acc: 0.9281 time 0.81s
Epoch: 114/150 Iter: 25/96 loss: 0.1695 acc: 0.9310 time 0.93s
Epoch: 114/150 Iter: 26/96 loss: 0.1811 acc: 0.9272 time 0.87s
Epoch: 114/150 Iter: 27/96 loss: 0.1975 acc: 0.9151 time 0.87s
Epoch: 114/150 Iter: 28/96 loss: 0.1925 acc: 0.9182 time 0.87s
Epoch: 114/150 Iter: 29/96 loss: 0.1898 acc: 0.9171 time 0.87s
Epoch: 114/150 Iter: 30/96 loss: 0.1853 acc: 0.9199 time 0.86s
Epoch: 114/150 Iter: 31/96 loss: 0.2013 acc: 0.9144 time 0.76s
Epoch: 114/150 Iter: 32/96 loss: 0.2017 acc: 0.9171 time 0.88s
Epoch: 114/150 Iter: 33/96 loss: 0.1964 acc: 0.9196 time 0.70s
Epoch: 114/150 Iter: 34/96 loss: 0.1913 acc: 0.9220 time 0.75s
Epoch: 114/150 Iter: 35/96 loss: 0.1865 acc: 0.9242 time 0.92s
Epoch: 114/150 Iter: 36/96 loss: 0.1816 acc: 0.9263 time 0.88s
Epoch: 114/150 Iter: 37/96 loss: 0.1779 acc: 0.9283 time 0.70s
Epoch: 114/150 Iter: 38/96 loss: 0.1741 acc: 0.9302 time 0.88s
Epoch: 114/150 Iter: 39/96 loss: 0.1888 acc: 0.9206 time 0.87s
Epoch: 114/150 Iter: 40/96 loss: 0.1927 acc: 0.9163 time 0.69s
Epoch: 114/150 Iter: 41/96 loss: 0.1885 acc: 0.9184 time 0.70s
Epoch: 114/150 Iter: 42/96 loss: 0.1867 acc: 0.9203 time 0.70s
Epoch: 114/150 Iter: 43/96 loss: 0.1883 acc: 0.9193 time 0.87s
Epoch: 114/150 Iter: 44/96 loss: 0.1985 acc: 0.9154 time 0.73s
Epoch: 114/150 Iter: 45/96 loss: 0.1963 acc: 0.9173 time 0.87s
Epoch: 114/150 Iter: 46/96 loss: 0.1984 acc: 0.9104 time 0.75s
Epoch: 114/150 Iter: 47/96 loss: 0.1956 acc: 0.9123 time 0.72s
Epoch: 114/150 Iter: 48/96 loss: 0.1942 acc: 0.9141 time 0.78s
Epoch: 114/150 Iter: 49/96 loss: 0.1917 acc: 0.9159 time 0.87s
Epoch: 114/150 Iter: 50/96 loss: 0.1891 acc: 0.9176 time 0.86s
Epoch: 114/150 Iter: 51/96 loss: 0.1863 acc: 0.9192 time 0.71s
Epoch: 114/150 Iter: 52/96 loss: 0.1836 acc: 0.9207 time 0.87s
Epoch: 114/150 Iter: 53/96 loss: 0.1836 acc: 0.9206 time 0.70s
Epoch: 114/150 Iter: 54/96 loss: 0.1816 acc: 0.9201 time 0.88s
Epoch: 114/150 Iter: 55/96 loss: 0.1803 acc: 0.9215 time 0.70s
Epoch: 114/150 Iter: 56/96 loss: 0.1776 acc: 0.9229 time 0.76s
Epoch: 114/150 Iter: 57/96 loss: 0.1752 acc: 0.9243 time 0.79s
Epoch: 114/150 Iter: 58/96 loss: 0.1730 acc: 0.9256 time 0.71s
Epoch: 114/150 Iter: 59/96 loss: 0.1712 acc: 0.9268 time 0.70s
Epoch: 114/150 Iter: 60/96 loss: 0.1706 acc: 0.9281 time 0.87s
Epoch: 114/150 Iter: 61/96 loss: 0.1690 acc: 0.9292 time 0.75s
Epoch: 114/150 Iter: 62/96 loss: 0.1692 acc: 0.9277 time 0.71s
Epoch: 114/150 Iter: 63/96 loss: 0.1689 acc: 0.9288 time 0.71s
Epoch: 114/150 Iter: 64/96 loss: 0.1668 acc: 0.9299 time 0.87s
Epoch: 114/150 Iter: 65/96 loss: 0.1659 acc: 0.9310 time 0.74s
Epoch: 114/150 Iter: 66/96 loss: 0.1653 acc: 0.9321 time 0.70s
Epoch: 114/150 Iter: 67/96 loss: 0.1649 acc: 0.9331 time 0.87s
Epoch: 114/150 Iter: 68/96 loss: 0.1646 acc: 0.9341 time 0.70s
Epoch: 114/150 Iter: 69/96 loss: 0.1625 acc: 0.9350 time 0.87s
Epoch: 114/150 Iter: 70/96 loss: 0.1660 acc: 0.9336 time 0.87s
Epoch: 114/150 Iter: 71/96 loss: 0.1819 acc: 0.9298 time 0.75s
Epoch: 114/150 Iter: 72/96 loss: 0.1810 acc: 0.9308 time 0.87s
Epoch: 114/150 Iter: 73/96 loss: 0.1840 acc: 0.9263 time 0.77s
Epoch: 114/150 Iter: 74/96 loss: 0.1817 acc: 0.9273 time 0.75s
Epoch: 114/150 Iter: 75/96 loss: 0.1871 acc: 0.9238 time 0.70s
Epoch: 114/150 Iter: 76/96 loss: 0.1854 acc: 0.9248 time 0.87s
Epoch: 114/150 Iter: 77/96 loss: 0.1854 acc: 0.9258 time 0.78s
Epoch: 114/150 Iter: 78/96 loss: 0.1834 acc: 0.9267 time 0.76s
Epoch: 114/150 Iter: 79/96 loss: 0.1845 acc: 0.9261 time 0.78s
Epoch: 114/150 Iter: 80/96 loss: 0.1852 acc: 0.9207 time 0.87s
Epoch: 114/150 Iter: 81/96 loss: 0.1836 acc: 0.9217 time 0.86s
Epoch: 114/150 Iter: 82/96 loss: 0.1837 acc: 0.9166 time 0.86s
Epoch: 114/150 Iter: 83/96 loss: 0.1841 acc: 0.9164 time 0.72s
Epoch: 114/150 Iter: 84/96 loss: 0.1823 acc: 0.9174 time 0.69s
Epoch: 114/150 Iter: 85/96 loss: 0.1803 acc: 0.9183 time 0.69s
Epoch: 114/150 Iter: 86/96 loss: 0.1801 acc: 0.9193 time 0.69s
Epoch: 114/150 Iter: 87/96 loss: 0.1921 acc: 0.9145 time 0.69s
Epoch: 114/150 Iter: 88/96 loss: 0.1910 acc: 0.9154 time 0.86s
Epoch: 114/150 Iter: 89/96 loss: 0.1903 acc: 0.9164 time 0.86s
Epoch: 114/150 Iter: 90/96 loss: 0.1891 acc: 0.9173 time 0.69s
Epoch: 114/150 Iter: 91/96 loss: 0.1887 acc: 0.9182 time 0.69s
Epoch: 114/150 Iter: 92/96 loss: 0.1882 acc: 0.9191 time 0.70s
Epoch: 114/150 Iter: 93/96 loss: 0.1902 acc: 0.9189 time 0.86s
Epoch: 114/150 Iter: 94/96 loss: 0.1894 acc: 0.9198 time 0.71s
Epoch: 114/150 Iter: 95/96 loss: 0.1874 acc: 0.9206 time 0.71s
Epoch: 114/150 Iter: 96/96 loss: 0.1893 acc: 0.9197 time 0.86s
[Train epoch 114] avg_loss=0.1893 avg_acc=0.9197 | per-class [c0: 0.943, c1: 0.933, c2: 0.936]
Final training 114/150, loss: 0.1893, time 76.04s, lr: 0.000152
Accuracy: 0.939
class                  precision    recall   specificity      f1   support
--------------------------------------------------------------------------
0                          0.964     0.943         0.966   0.953       281
1                          0.737     0.933         0.982   0.824        30
2                          0.943     0.936         0.952   0.939       265
*----------------------------------------*
Val 114/150 1/24, Acc: 0.5000, Loss: 5.1078, time 0.68s
Val 114/150 2/24, Acc: 0.5278, Loss: 2.8098, time 0.68s
Val 114/150 3/24, Acc: 0.6481, Loss: 1.9968, time 0.67s
Val 114/150 4/24, Acc: 0.7361, Loss: 1.5152, time 0.67s
Val 114/150 5/24, Acc: 0.7389, Loss: 1.2462, time 0.67s
Val 114/150 6/24, Acc: 0.7824, Loss: 1.0567, time 0.67s
Val 114/150 7/24, Acc: 0.7540, Loss: 0.9895, time 0.67s
Val 114/150 8/24, Acc: 0.7847, Loss: 0.8732, time 0.67s
Val 114/150 9/24, Acc: 0.8086, Loss: 0.7851, time 0.67s
Val 114/150 10/24, Acc: 0.8278, Loss: 0.7106, time 0.67s
Val 114/150 11/24, Acc: 0.8434, Loss: 0.6778, time 0.67s
Val 114/150 12/24, Acc: 0.8079, Loss: 0.6434, time 0.67s
Val 114/150 13/24, Acc: 0.7842, Loss: 0.6232, time 0.67s
Val 114/150 14/24, Acc: 0.7728, Loss: 0.6063, time 0.67s
Val 114/150 15/24, Acc: 0.7546, Loss: 0.6326, time 0.67s
Val 114/150 16/24, Acc: 0.7637, Loss: 0.6063, time 0.67s
Val 114/150 17/24, Acc: 0.7776, Loss: 0.5766, time 0.67s
Val 114/150 18/24, Acc: 0.7900, Loss: 0.5504, time 0.67s
Val 114/150 19/24, Acc: 0.7747, Loss: 0.5329, time 0.67s
Val 114/150 20/24, Acc: 0.7638, Loss: 0.5600, time 0.67s
Val 114/150 21/24, Acc: 0.7690, Loss: 0.5457, time 0.67s
Val 114/150 22/24, Acc: 0.7720, Loss: 0.5335, time 0.67s
Val 114/150 23/24, Acc: 0.7601, Loss: 0.6189, time 0.67s
Val 114/150 24/24, Acc: 0.7586, Loss: 0.6112, time 0.67s
[Val epoch 114] avg_acc=0.7586 | avg_loss=0.6112 | per-class [c0: 0.900, c1: 0.625, c2: 0.818]
Final validation 114/150, Val_acc: 0.7586, time 16.06sAccuracy: 0.847
class                  precision    recall   specificity      f1   support
--------------------------------------------------------------------------
0                          0.900     0.900         0.905   0.900        70
1                          0.385     0.625         0.941   0.476         8
2                          0.885     0.818         0.910   0.850        66
*========================================*
Saving checkpoint outputs/OrganoidsINRIA_XYZ_thinning_128/swinunetr/2026-02-23-11-31/training/model_final.pt
[EarlyStopping] no improve (33/40)
[EarlyStopping] no improve (34/40)
0 Mon Feb 23 14:15:50 2026 Epoch: 115
Epoch: 115/150 Iter: 1/96 loss: 0.1621 acc: 0.9167 time 1.01s
Epoch: 115/150 Iter: 2/96 loss: 0.0936 acc: 0.9583 time 0.74s
Epoch: 115/150 Iter: 3/96 loss: 0.0995 acc: 0.9722 time 0.74s
Epoch: 115/150 Iter: 4/96 loss: 0.1823 acc: 0.8403 time 0.73s
Epoch: 115/150 Iter: 5/96 loss: 0.2805 acc: 0.7889 time 0.72s
Epoch: 115/150 Iter: 6/96 loss: 0.2570 acc: 0.8241 time 0.69s
Epoch: 115/150 Iter: 7/96 loss: 0.2542 acc: 0.8135 time 0.71s
Epoch: 115/150 Iter: 8/96 loss: 0.2708 acc: 0.7847 time 0.87s
Epoch: 115/150 Iter: 9/96 loss: 0.2702 acc: 0.7901 time 0.72s
Epoch: 115/150 Iter: 10/96 loss: 0.2636 acc: 0.8111 time 0.70s
Epoch: 115/150 Iter: 11/96 loss: 0.2900 acc: 0.8056 time 0.70s
Epoch: 115/150 Iter: 12/96 loss: 0.2941 acc: 0.8009 time 0.73s
Epoch: 115/150 Iter: 13/96 loss: 0.2772 acc: 0.8162 time 0.88s
Epoch: 115/150 Iter: 14/96 loss: 0.2657 acc: 0.8294 time 0.77s
Epoch: 115/150 Iter: 15/96 loss: 0.2511 acc: 0.8407 time 0.70s
Epoch: 115/150 Iter: 16/96 loss: 0.2391 acc: 0.8507 time 0.93s
Epoch: 115/150 Iter: 17/96 loss: 0.2949 acc: 0.8497 time 0.87s
Epoch: 115/150 Iter: 18/96 loss: 0.2817 acc: 0.8580 time 0.70s
Epoch: 115/150 Iter: 19/96 loss: 0.2703 acc: 0.8655 time 0.70s
Epoch: 115/150 Iter: 20/96 loss: 0.2570 acc: 0.8722 time 0.86s
Epoch: 115/150 Iter: 21/96 loss: 0.2480 acc: 0.8783 time 0.86s
Epoch: 115/150 Iter: 22/96 loss: 0.2486 acc: 0.8793 time 0.72s
Epoch: 115/150 Iter: 23/96 loss: 0.2544 acc: 0.8758 time 0.77s
Epoch: 115/150 Iter: 24/96 loss: 0.2513 acc: 0.8810 time 0.88s
Epoch: 115/150 Iter: 25/96 loss: 0.2465 acc: 0.8858 time 0.86s
Epoch: 115/150 Iter: 26/96 loss: 0.2378 acc: 0.8902 time 0.69s
Epoch: 115/150 Iter: 27/96 loss: 0.2304 acc: 0.8942 time 0.72s
Epoch: 115/150 Iter: 28/96 loss: 0.2246 acc: 0.8980 time 0.86s
Epoch: 115/150 Iter: 29/96 loss: 0.2183 acc: 0.9015 time 0.70s
Epoch: 115/150 Iter: 30/96 loss: 0.2175 acc: 0.9048 time 0.87s
Epoch: 115/150 Iter: 31/96 loss: 0.2108 acc: 0.9079 time 0.75s
Epoch: 115/150 Iter: 32/96 loss: 0.2226 acc: 0.8983 time 0.87s
Epoch: 115/150 Iter: 33/96 loss: 0.2176 acc: 0.9013 time 0.77s
Epoch: 115/150 Iter: 34/96 loss: 0.2150 acc: 0.9042 time 0.87s
Epoch: 115/150 Iter: 35/96 loss: 0.2141 acc: 0.9034 time 0.87s
Epoch: 115/150 Iter: 36/96 loss: 0.2181 acc: 0.8922 time 0.87s
Epoch: 115/150 Iter: 37/96 loss: 0.2144 acc: 0.8921 time 0.86s
Epoch: 115/150 Iter: 38/96 loss: 0.2153 acc: 0.8917 time 0.72s
Epoch: 115/150 Iter: 39/96 loss: 0.2130 acc: 0.8944 time 0.70s
Epoch: 115/150 Iter: 40/96 loss: 0.2091 acc: 0.8971 time 0.72s
Epoch: 115/150 Iter: 41/96 loss: 0.2083 acc: 0.8969 time 0.76s
Epoch: 115/150 Iter: 42/96 loss: 0.2108 acc: 0.8854 time 0.76s
Epoch: 115/150 Iter: 43/96 loss: 0.2076 acc: 0.8881 time 0.87s
Epoch: 115/150 Iter: 44/96 loss: 0.2042 acc: 0.8907 time 0.88s
Epoch: 115/150 Iter: 45/96 loss: 0.2003 acc: 0.8931 time 0.87s
Epoch: 115/150 Iter: 46/96 loss: 0.1962 acc: 0.8954 time 0.86s
Epoch: 115/150 Iter: 47/96 loss: 0.2140 acc: 0.8858 time 0.87s
Epoch: 115/150 Iter: 48/96 loss: 0.2097 acc: 0.8882 time 0.87s
Epoch: 115/150 Iter: 49/96 loss: 0.2076 acc: 0.8905 time 0.74s
Epoch: 115/150 Iter: 50/96 loss: 0.2055 acc: 0.8927 time 0.88s
Epoch: 115/150 Iter: 51/96 loss: 0.2020 acc: 0.8948 time 0.75s
Epoch: 115/150 Iter: 52/96 loss: 0.1996 acc: 0.8968 time 0.70s
Epoch: 115/150 Iter: 53/96 loss: 0.2007 acc: 0.8940 time 0.87s
Epoch: 115/150 Iter: 54/96 loss: 0.1989 acc: 0.8929 time 0.88s
Epoch: 115/150 Iter: 55/96 loss: 0.2067 acc: 0.8888 time 0.87s
Epoch: 115/150 Iter: 56/96 loss: 0.2066 acc: 0.8908 time 0.87s
Epoch: 115/150 Iter: 57/96 loss: 0.2037 acc: 0.8927 time 0.70s
Epoch: 115/150 Iter: 58/96 loss: 0.2027 acc: 0.8945 time 0.71s
Epoch: 115/150 Iter: 59/96 loss: 0.2028 acc: 0.8944 time 0.72s
Epoch: 115/150 Iter: 60/96 loss: 0.2049 acc: 0.8941 time 0.70s
Epoch: 115/150 Iter: 61/96 loss: 0.2034 acc: 0.8959 time 0.71s
Epoch: 115/150 Iter: 62/96 loss: 0.2008 acc: 0.8975 time 0.86s
Epoch: 115/150 Iter: 63/96 loss: 0.1984 acc: 0.8992 time 0.71s
Epoch: 115/150 Iter: 64/96 loss: 0.1969 acc: 0.9007 time 0.87s
Epoch: 115/150 Iter: 65/96 loss: 0.1953 acc: 0.9023 time 0.76s
Epoch: 115/150 Iter: 66/96 loss: 0.1937 acc: 0.9037 time 0.74s
Epoch: 115/150 Iter: 67/96 loss: 0.1959 acc: 0.8965 time 0.78s
Epoch: 115/150 Iter: 68/96 loss: 0.1965 acc: 0.8980 time 0.72s
Epoch: 115/150 Iter: 69/96 loss: 0.1995 acc: 0.8934 time 0.70s
Epoch: 115/150 Iter: 70/96 loss: 0.1977 acc: 0.8950 time 0.71s
Epoch: 115/150 Iter: 71/96 loss: 0.1963 acc: 0.8949 time 0.71s
Epoch: 115/150 Iter: 72/96 loss: 0.1991 acc: 0.8929 time 0.87s
Epoch: 115/150 Iter: 73/96 loss: 0.1971 acc: 0.8943 time 0.70s
Epoch: 115/150 Iter: 74/96 loss: 0.1983 acc: 0.8898 time 0.75s
Epoch: 115/150 Iter: 75/96 loss: 0.1975 acc: 0.8912 time 0.76s
Epoch: 115/150 Iter: 76/96 loss: 0.1957 acc: 0.8927 time 0.70s
Epoch: 115/150 Iter: 77/96 loss: 0.1947 acc: 0.8940 time 0.72s
Epoch: 115/150 Iter: 78/96 loss: 0.1968 acc: 0.8938 time 0.87s
Epoch: 115/150 Iter: 79/96 loss: 0.1947 acc: 0.8951 time 0.87s
Epoch: 115/150 Iter: 80/96 loss: 0.1927 acc: 0.8965 time 0.70s
Epoch: 115/150 Iter: 81/96 loss: 0.1926 acc: 0.8957 time 0.69s
Epoch: 115/150 Iter: 82/96 loss: 0.1929 acc: 0.8942 time 0.69s
Epoch: 115/150 Iter: 83/96 loss: 0.1909 acc: 0.8955 time 0.69s
Epoch: 115/150 Iter: 84/96 loss: 0.1991 acc: 0.8928 time 0.86s
Epoch: 115/150 Iter: 85/96 loss: 0.1983 acc: 0.8941 time 0.71s
Epoch: 115/150 Iter: 86/96 loss: 0.1966 acc: 0.8953 time 0.71s
Epoch: 115/150 Iter: 87/96 loss: 0.1960 acc: 0.8965 time 0.86s
Epoch: 115/150 Iter: 88/96 loss: 0.1942 acc: 0.8977 time 0.87s
Epoch: 115/150 Iter: 89/96 loss: 0.1967 acc: 0.8938 time 0.86s
Epoch: 115/150 Iter: 90/96 loss: 0.1952 acc: 0.8950 time 0.70s
Epoch: 115/150 Iter: 91/96 loss: 0.1935 acc: 0.8962 time 0.85s
Epoch: 115/150 Iter: 92/96 loss: 0.1930 acc: 0.8973 time 0.86s
Epoch: 115/150 Iter: 93/96 loss: 0.1919 acc: 0.8984 time 0.86s
Epoch: 115/150 Iter: 94/96 loss: 0.1907 acc: 0.8995 time 0.86s
Epoch: 115/150 Iter: 95/96 loss: 0.1888 acc: 0.9005 time 0.71s
Epoch: 115/150 Iter: 96/96 loss: 0.1869 acc: 0.9016 time 0.70s
[Train epoch 115] avg_loss=0.1869 avg_acc=0.9016 | per-class [c0: 0.943, c1: 0.900, c2: 0.921]
Final training 115/150, loss: 0.1869, time 75.22s, lr: 0.000145
Accuracy: 0.931
class                  precision    recall   specificity      f1   support
--------------------------------------------------------------------------
0                          0.957     0.943         0.959   0.950       281
1                          0.692     0.900         0.978   0.783        30
2                          0.938     0.921         0.949   0.930       265
*----------------------------------------*
0 Mon Feb 23 14:17:05 2026 Epoch: 116
Epoch: 116/150 Iter: 1/96 loss: 0.0850 acc: 1.0000 time 1.02s
Epoch: 116/150 Iter: 2/96 loss: 0.1274 acc: 0.7500 time 0.88s
Epoch: 116/150 Iter: 3/96 loss: 0.1048 acc: 0.8333 time 0.69s
Epoch: 116/150 Iter: 4/96 loss: 0.0857 acc: 0.8750 time 0.87s
Epoch: 116/150 Iter: 5/96 loss: 0.0760 acc: 0.9000 time 0.87s
Epoch: 116/150 Iter: 6/96 loss: 0.0706 acc: 0.9167 time 0.75s
Epoch: 116/150 Iter: 7/96 loss: 0.0660 acc: 0.9286 time 0.79s
Epoch: 116/150 Iter: 8/96 loss: 0.0677 acc: 0.9375 time 0.76s
Epoch: 116/150 Iter: 9/96 loss: 0.0702 acc: 0.9444 time 0.70s
Epoch: 116/150 Iter: 10/96 loss: 0.0640 acc: 0.9500 time 0.87s
Epoch: 116/150 Iter: 11/96 loss: 0.0636 acc: 0.9545 time 0.77s
Epoch: 116/150 Iter: 12/96 loss: 0.0625 acc: 0.9583 time 0.75s
Epoch: 116/150 Iter: 13/96 loss: 0.0609 acc: 0.9615 time 0.76s
Epoch: 116/150 Iter: 14/96 loss: 0.0609 acc: 0.9643 time 0.71s
Epoch: 116/150 Iter: 15/96 loss: 0.0581 acc: 0.9667 time 0.72s
Epoch: 116/150 Iter: 16/96 loss: 0.0835 acc: 0.9375 time 0.72s
Epoch: 116/150 Iter: 17/96 loss: 0.0798 acc: 0.9412 time 0.76s
Epoch: 116/150 Iter: 18/96 loss: 0.0771 acc: 0.9444 time 0.87s
Epoch: 116/150 Iter: 19/96 loss: 0.0808 acc: 0.9386 time 0.70s
Epoch: 116/150 Iter: 20/96 loss: 0.0991 acc: 0.9367 time 0.86s
Epoch: 116/150 Iter: 21/96 loss: 0.0951 acc: 0.9397 time 0.80s
Epoch: 116/150 Iter: 22/96 loss: 0.0920 acc: 0.9424 time 0.70s
Epoch: 116/150 Iter: 23/96 loss: 0.1563 acc: 0.9184 time 0.70s
Epoch: 116/150 Iter: 24/96 loss: 0.1525 acc: 0.9218 time 0.89s
Epoch: 116/150 Iter: 25/96 loss: 0.1520 acc: 0.9216 time 0.73s
Epoch: 116/150 Iter: 26/96 loss: 0.1483 acc: 0.9246 time 0.74s
Epoch: 116/150 Iter: 27/96 loss: 0.1448 acc: 0.9274 time 0.77s
Epoch: 116/150 Iter: 28/96 loss: 0.1416 acc: 0.9300 time 0.94s
Epoch: 116/150 Iter: 29/96 loss: 0.1390 acc: 0.9324 time 0.75s
Epoch: 116/150 Iter: 30/96 loss: 0.1394 acc: 0.9346 time 0.77s
Epoch: 116/150 Iter: 31/96 loss: 0.1524 acc: 0.9260 time 0.87s
Epoch: 116/150 Iter: 32/96 loss: 0.1561 acc: 0.9231 time 0.87s
Epoch: 116/150 Iter: 33/96 loss: 0.1528 acc: 0.9254 time 0.73s
Epoch: 116/150 Iter: 34/96 loss: 0.1507 acc: 0.9276 time 0.86s
Epoch: 116/150 Iter: 35/96 loss: 0.1582 acc: 0.9170 time 0.86s
Epoch: 116/150 Iter: 36/96 loss: 0.1540 acc: 0.9193 time 0.86s
Epoch: 116/150 Iter: 37/96 loss: 0.1504 acc: 0.9215 time 0.70s
Epoch: 116/150 Iter: 38/96 loss: 0.1470 acc: 0.9235 time 0.70s
Epoch: 116/150 Iter: 39/96 loss: 0.1493 acc: 0.9223 time 0.86s
Epoch: 116/150 Iter: 40/96 loss: 0.1506 acc: 0.9217 time 0.87s
Epoch: 116/150 Iter: 41/96 loss: 0.1500 acc: 0.9236 time 0.75s
Epoch: 116/150 Iter: 42/96 loss: 0.1495 acc: 0.9255 time 0.87s
Epoch: 116/150 Iter: 43/96 loss: 0.1465 acc: 0.9272 time 0.70s
Epoch: 116/150 Iter: 44/96 loss: 0.1439 acc: 0.9289 time 0.92s
Epoch: 116/150 Iter: 45/96 loss: 0.1421 acc: 0.9304 time 0.69s
Epoch: 116/150 Iter: 46/96 loss: 0.1451 acc: 0.9298 time 0.72s
Epoch: 116/150 Iter: 47/96 loss: 0.1425 acc: 0.9313 time 0.92s
Epoch: 116/150 Iter: 48/96 loss: 0.1439 acc: 0.9327 time 0.78s
Epoch: 116/150 Iter: 49/96 loss: 0.1432 acc: 0.9341 time 0.77s
Epoch: 116/150 Iter: 50/96 loss: 0.1409 acc: 0.9354 time 0.70s
Epoch: 116/150 Iter: 51/96 loss: 0.1419 acc: 0.9367 time 0.88s
Epoch: 116/150 Iter: 52/96 loss: 0.1464 acc: 0.9299 time 0.87s
Epoch: 116/150 Iter: 53/96 loss: 0.1460 acc: 0.9312 time 0.86s
Epoch: 116/150 Iter: 54/96 loss: 0.1465 acc: 0.9325 time 0.70s
Epoch: 116/150 Iter: 55/96 loss: 0.1491 acc: 0.9314 time 0.87s
Epoch: 116/150 Iter: 56/96 loss: 0.1528 acc: 0.9297 time 0.87s
Epoch: 116/150 Iter: 57/96 loss: 0.1516 acc: 0.9294 time 0.69s
Epoch: 116/150 Iter: 58/96 loss: 0.1515 acc: 0.9307 time 0.70s
Epoch: 116/150 Iter: 59/96 loss: 0.1514 acc: 0.9318 time 0.86s
Epoch: 116/150 Iter: 60/96 loss: 0.1527 acc: 0.9309 time 0.73s
Epoch: 116/150 Iter: 61/96 loss: 0.1524 acc: 0.9284 time 0.71s
Epoch: 116/150 Iter: 62/96 loss: 0.1573 acc: 0.9228 time 0.87s
Epoch: 116/150 Iter: 63/96 loss: 0.1585 acc: 0.9240 time 0.87s
Epoch: 116/150 Iter: 64/96 loss: 0.1625 acc: 0.9237 time 0.87s
Epoch: 116/150 Iter: 65/96 loss: 0.1609 acc: 0.9248 time 0.70s
Epoch: 116/150 Iter: 66/96 loss: 0.1650 acc: 0.9197 time 0.88s
Epoch: 116/150 Iter: 67/96 loss: 0.1660 acc: 0.9209 time 0.87s
Epoch: 116/150 Iter: 68/96 loss: 0.1647 acc: 0.9220 time 0.73s
Epoch: 116/150 Iter: 69/96 loss: 0.1695 acc: 0.9174 time 0.87s
Epoch: 116/150 Iter: 70/96 loss: 0.1712 acc: 0.9114 time 0.71s
Epoch: 116/150 Iter: 71/96 loss: 0.1710 acc: 0.9068 time 0.87s
Epoch: 116/150 Iter: 72/96 loss: 0.1758 acc: 0.9019 time 0.76s
Epoch: 116/150 Iter: 73/96 loss: 0.1748 acc: 0.9032 time 0.86s
Epoch: 116/150 Iter: 74/96 loss: 0.1762 acc: 0.9012 time 0.75s
Epoch: 116/150 Iter: 75/96 loss: 0.1838 acc: 0.8980 time 0.69s
Epoch: 116/150 Iter: 76/96 loss: 0.1818 acc: 0.8994 time 0.86s
Epoch: 116/150 Iter: 77/96 loss: 0.1815 acc: 0.8985 time 0.69s
Epoch: 116/150 Iter: 78/96 loss: 0.1818 acc: 0.8941 time 0.70s
Epoch: 116/150 Iter: 79/96 loss: 0.1805 acc: 0.8955 time 0.87s
Epoch: 116/150 Iter: 80/96 loss: 0.1790 acc: 0.8968 time 0.87s
Epoch: 116/150 Iter: 81/96 loss: 0.1774 acc: 0.8980 time 0.70s
Epoch: 116/150 Iter: 82/96 loss: 0.1837 acc: 0.8939 time 0.86s
Epoch: 116/150 Iter: 83/96 loss: 0.1887 acc: 0.8941 time 0.71s
Epoch: 116/150 Iter: 84/96 loss: 0.1872 acc: 0.8954 time 0.86s
Epoch: 116/150 Iter: 85/96 loss: 0.1861 acc: 0.8966 time 0.86s
Epoch: 116/150 Iter: 86/96 loss: 0.1848 acc: 0.8978 time 0.69s
Epoch: 116/150 Iter: 87/96 loss: 0.1836 acc: 0.8990 time 0.70s
Epoch: 116/150 Iter: 88/96 loss: 0.1820 acc: 0.9002 time 0.69s
Epoch: 116/150 Iter: 89/96 loss: 0.1806 acc: 0.9013 time 0.86s
Epoch: 116/150 Iter: 90/96 loss: 0.1804 acc: 0.9005 time 0.69s
Epoch: 116/150 Iter: 91/96 loss: 0.1861 acc: 0.8965 time 0.69s
Epoch: 116/150 Iter: 92/96 loss: 0.1849 acc: 0.8976 time 0.86s
Epoch: 116/150 Iter: 93/96 loss: 0.1833 acc: 0.8987 time 0.86s
Epoch: 116/150 Iter: 94/96 loss: 0.1815 acc: 0.8998 time 0.71s
Epoch: 116/150 Iter: 95/96 loss: 0.1808 acc: 0.9008 time 0.86s
Epoch: 116/150 Iter: 96/96 loss: 0.1804 acc: 0.9019 time 0.70s
[Train epoch 116] avg_loss=0.1804 avg_acc=0.9019 | per-class [c0: 0.940, c1: 0.933, c2: 0.928]
Final training 116/150, loss: 0.1804, time 75.99s, lr: 0.000137
Accuracy: 0.934
class                  precision    recall   specificity      f1   support
--------------------------------------------------------------------------
0                          0.964     0.940         0.966   0.951       281
1                          0.651     0.933         0.973   0.767        30
2                          0.950     0.928         0.958   0.939       265
*----------------------------------------*
Val 116/150 1/24, Acc: 0.5000, Loss: 5.2600, time 0.68s
Val 116/150 2/24, Acc: 0.5278, Loss: 2.8126, time 0.67s
Val 116/150 3/24, Acc: 0.6296, Loss: 1.9320, time 0.67s
Val 116/150 4/24, Acc: 0.7222, Loss: 1.4612, time 0.67s
Val 116/150 5/24, Acc: 0.7278, Loss: 1.2092, time 0.67s
Val 116/150 6/24, Acc: 0.7731, Loss: 1.0152, time 0.67s
Val 116/150 7/24, Acc: 0.7460, Loss: 0.9326, time 0.67s
Val 116/150 8/24, Acc: 0.7778, Loss: 0.8240, time 0.67s
Val 116/150 9/24, Acc: 0.8025, Loss: 0.7503, time 0.67s
Val 116/150 10/24, Acc: 0.8222, Loss: 0.6822, time 0.67s
Val 116/150 11/24, Acc: 0.8384, Loss: 0.6483, time 0.67s
Val 116/150 12/24, Acc: 0.8032, Loss: 0.6134, time 0.67s
Val 116/150 13/24, Acc: 0.7991, Loss: 0.5994, time 0.67s
Val 116/150 14/24, Acc: 0.8046, Loss: 0.5897, time 0.67s
Val 116/150 15/24, Acc: 0.8120, Loss: 0.5980, time 0.67s
Val 116/150 16/24, Acc: 0.8175, Loss: 0.5750, time 0.67s
Val 116/150 17/24, Acc: 0.8283, Loss: 0.5447, time 0.67s
Val 116/150 18/24, Acc: 0.8378, Loss: 0.5197, time 0.67s
Val 116/150 19/24, Acc: 0.8463, Loss: 0.5007, time 0.67s
Val 116/150 20/24, Acc: 0.8263, Loss: 0.5326, time 0.67s
Val 116/150 21/24, Acc: 0.8345, Loss: 0.5119, time 0.67s
Val 116/150 22/24, Acc: 0.8345, Loss: 0.5110, time 0.67s
Val 116/150 23/24, Acc: 0.8272, Loss: 0.5964, time 0.67s
Val 116/150 24/24, Acc: 0.8297, Loss: 0.5848, time 0.67s
[Val epoch 116] avg_acc=0.8297 | avg_loss=0.5848 | per-class [c0: 0.871, c1: 0.750, c2: 0.924]
Final validation 116/150, Val_acc: 0.8297, time 16.06sAccuracy: 0.889
class                  precision    recall   specificity      f1   support
--------------------------------------------------------------------------
0                          0.968     0.871         0.973   0.917        70
1                          0.600     0.750         0.971   0.667         8
2                          0.859     0.924         0.872   0.891        66
*========================================*
New best (0.817593 --> 0.829745)
Saving checkpoint outputs/OrganoidsINRIA_XYZ_thinning_128/swinunetr/2026-02-23-11-31/training/model_final.pt
Copying best model to best_model.pt
[EarlyStopping] improved to 0.829745
[EarlyStopping] no improve (35/40)
0 Mon Feb 23 14:18:48 2026 Epoch: 117
Epoch: 117/150 Iter: 1/96 loss: 0.1502 acc: 0.5000 time 1.05s
Epoch: 117/150 Iter: 2/96 loss: 0.1030 acc: 0.7500 time 0.87s
Epoch: 117/150 Iter: 3/96 loss: 0.0759 acc: 0.8333 time 0.70s
Epoch: 117/150 Iter: 4/96 loss: 0.1450 acc: 0.8750 time 0.86s
Epoch: 117/150 Iter: 5/96 loss: 0.1905 acc: 0.8000 time 0.70s
Epoch: 117/150 Iter: 6/96 loss: 0.1936 acc: 0.8148 time 0.74s
Epoch: 117/150 Iter: 7/96 loss: 0.1723 acc: 0.8413 time 0.87s
Epoch: 117/150 Iter: 8/96 loss: 0.2175 acc: 0.8056 time 0.75s
Epoch: 117/150 Iter: 9/96 loss: 0.1967 acc: 0.8272 time 0.71s
Epoch: 117/150 Iter: 10/96 loss: 0.1846 acc: 0.8444 time 0.72s
Epoch: 117/150 Iter: 11/96 loss: 0.2079 acc: 0.8472 time 0.78s
Epoch: 117/150 Iter: 12/96 loss: 0.1925 acc: 0.8600 time 0.87s
Epoch: 117/150 Iter: 13/96 loss: 0.1847 acc: 0.8707 time 0.87s
Epoch: 117/150 Iter: 14/96 loss: 0.1879 acc: 0.8710 time 0.78s
Epoch: 117/150 Iter: 15/96 loss: 0.1788 acc: 0.8796 time 0.87s
Epoch: 117/150 Iter: 16/96 loss: 0.2221 acc: 0.8767 time 0.72s
Epoch: 117/150 Iter: 17/96 loss: 0.2233 acc: 0.8840 time 0.72s
Epoch: 117/150 Iter: 18/96 loss: 0.2155 acc: 0.8904 time 0.86s
Epoch: 117/150 Iter: 19/96 loss: 0.2051 acc: 0.8962 time 0.86s
Epoch: 117/150 Iter: 20/96 loss: 0.1960 acc: 0.9014 time 0.74s
Epoch: 117/150 Iter: 21/96 loss: 0.1899 acc: 0.9061 time 0.86s
Epoch: 117/150 Iter: 22/96 loss: 0.1824 acc: 0.9104 time 0.87s
Epoch: 117/150 Iter: 23/96 loss: 0.1792 acc: 0.9143 time 0.70s
Epoch: 117/150 Iter: 24/96 loss: 0.1755 acc: 0.9178 time 0.77s
Epoch: 117/150 Iter: 25/96 loss: 0.1731 acc: 0.9211 time 0.76s
Epoch: 117/150 Iter: 26/96 loss: 0.1877 acc: 0.9145 time 0.70s
Epoch: 117/150 Iter: 27/96 loss: 0.1817 acc: 0.9177 time 0.91s
Epoch: 117/150 Iter: 28/96 loss: 0.1760 acc: 0.9206 time 0.87s
Epoch: 117/150 Iter: 29/96 loss: 0.1719 acc: 0.9234 time 0.88s
Epoch: 117/150 Iter: 30/96 loss: 0.1667 acc: 0.9259 time 0.86s
Epoch: 117/150 Iter: 31/96 loss: 0.1651 acc: 0.9283 time 0.87s
Epoch: 117/150 Iter: 32/96 loss: 0.1770 acc: 0.9132 time 0.87s
Epoch: 117/150 Iter: 33/96 loss: 0.1746 acc: 0.9158 time 0.74s
Epoch: 117/150 Iter: 34/96 loss: 0.1840 acc: 0.9065 time 0.87s
Epoch: 117/150 Iter: 35/96 loss: 0.2017 acc: 0.9056 time 0.87s
Epoch: 117/150 Iter: 36/96 loss: 0.2034 acc: 0.9059 time 0.70s
Epoch: 117/150 Iter: 37/96 loss: 0.1995 acc: 0.9085 time 0.87s
Epoch: 117/150 Iter: 38/96 loss: 0.1944 acc: 0.9109 time 0.71s
Epoch: 117/150 Iter: 39/96 loss: 0.1982 acc: 0.9132 time 0.86s
Epoch: 117/150 Iter: 40/96 loss: 0.1940 acc: 0.9153 time 0.87s
Epoch: 117/150 Iter: 41/96 loss: 0.1969 acc: 0.9133 time 0.70s
Epoch: 117/150 Iter: 42/96 loss: 0.1931 acc: 0.9154 time 0.71s
Epoch: 117/150 Iter: 43/96 loss: 0.1957 acc: 0.9081 time 0.87s
Epoch: 117/150 Iter: 44/96 loss: 0.1942 acc: 0.9102 time 0.70s
Epoch: 117/150 Iter: 45/96 loss: 0.1992 acc: 0.9023 time 0.69s
Epoch: 117/150 Iter: 46/96 loss: 0.1968 acc: 0.9044 time 0.87s
Epoch: 117/150 Iter: 47/96 loss: 0.1928 acc: 0.9064 time 0.78s
Epoch: 117/150 Iter: 48/96 loss: 0.1898 acc: 0.9084 time 0.72s
Epoch: 117/150 Iter: 49/96 loss: 0.1881 acc: 0.9103 time 0.70s
Epoch: 117/150 Iter: 50/96 loss: 0.1847 acc: 0.9121 time 0.70s
Epoch: 117/150 Iter: 51/96 loss: 0.1827 acc: 0.9138 time 0.70s
Epoch: 117/150 Iter: 52/96 loss: 0.1800 acc: 0.9154 time 0.70s
Epoch: 117/150 Iter: 53/96 loss: 0.1771 acc: 0.9170 time 0.70s
Epoch: 117/150 Iter: 54/96 loss: 0.1824 acc: 0.9062 time 0.70s
Epoch: 117/150 Iter: 55/96 loss: 0.1802 acc: 0.9079 time 0.70s
Epoch: 117/150 Iter: 56/96 loss: 0.1822 acc: 0.9066 time 0.72s
Epoch: 117/150 Iter: 57/96 loss: 0.1871 acc: 0.9065 time 0.70s
Epoch: 117/150 Iter: 58/96 loss: 0.1879 acc: 0.9081 time 0.87s
Epoch: 117/150 Iter: 59/96 loss: 0.1856 acc: 0.9097 time 0.70s
Epoch: 117/150 Iter: 60/96 loss: 0.1834 acc: 0.9112 time 0.71s
Epoch: 117/150 Iter: 61/96 loss: 0.1846 acc: 0.9053 time 0.86s
Epoch: 117/150 Iter: 62/96 loss: 0.1918 acc: 0.9048 time 0.76s
Epoch: 117/150 Iter: 63/96 loss: 0.2015 acc: 0.8997 time 0.87s
Epoch: 117/150 Iter: 64/96 loss: 0.1991 acc: 0.9013 time 0.87s
Epoch: 117/150 Iter: 65/96 loss: 0.1972 acc: 0.9028 time 0.87s
Epoch: 117/150 Iter: 66/96 loss: 0.1946 acc: 0.9043 time 0.87s
Epoch: 117/150 Iter: 67/96 loss: 0.1926 acc: 0.9057 time 0.87s
Epoch: 117/150 Iter: 68/96 loss: 0.1904 acc: 0.9071 time 0.70s
Epoch: 117/150 Iter: 69/96 loss: 0.1881 acc: 0.9085 time 0.71s
Epoch: 117/150 Iter: 70/96 loss: 0.1876 acc: 0.9082 time 0.87s
Epoch: 117/150 Iter: 71/96 loss: 0.1990 acc: 0.9001 time 0.74s
Epoch: 117/150 Iter: 72/96 loss: 0.1967 acc: 0.9015 time 0.70s
Epoch: 117/150 Iter: 73/96 loss: 0.1989 acc: 0.9014 time 0.87s
Epoch: 117/150 Iter: 74/96 loss: 0.1972 acc: 0.9028 time 0.87s
Epoch: 117/150 Iter: 75/96 loss: 0.1954 acc: 0.9041 time 0.87s
Epoch: 117/150 Iter: 76/96 loss: 0.1944 acc: 0.9053 time 0.70s
Epoch: 117/150 Iter: 77/96 loss: 0.1943 acc: 0.9051 time 0.75s
Epoch: 117/150 Iter: 78/96 loss: 0.1929 acc: 0.9063 time 0.72s
Epoch: 117/150 Iter: 79/96 loss: 0.1919 acc: 0.9075 time 0.70s
Epoch: 117/150 Iter: 80/96 loss: 0.1902 acc: 0.9087 time 0.70s
Epoch: 117/150 Iter: 81/96 loss: 0.1892 acc: 0.9098 time 0.70s
Epoch: 117/150 Iter: 82/96 loss: 0.1897 acc: 0.9055 time 0.71s
Epoch: 117/150 Iter: 83/96 loss: 0.1886 acc: 0.9066 time 0.69s
Epoch: 117/150 Iter: 84/96 loss: 0.1866 acc: 0.9077 time 0.87s
Epoch: 117/150 Iter: 85/96 loss: 0.1851 acc: 0.9088 time 0.72s
Epoch: 117/150 Iter: 86/96 loss: 0.1871 acc: 0.9067 time 0.69s
Epoch: 117/150 Iter: 87/96 loss: 0.1852 acc: 0.9077 time 0.69s
Epoch: 117/150 Iter: 88/96 loss: 0.1931 acc: 0.9037 time 0.86s
Epoch: 117/150 Iter: 89/96 loss: 0.1923 acc: 0.9048 time 0.86s
Epoch: 117/150 Iter: 90/96 loss: 0.1908 acc: 0.9059 time 0.70s
Epoch: 117/150 Iter: 91/96 loss: 0.1914 acc: 0.9023 time 0.86s
Epoch: 117/150 Iter: 92/96 loss: 0.1973 acc: 0.9016 time 0.71s
Epoch: 117/150 Iter: 93/96 loss: 0.1958 acc: 0.9026 time 0.86s
Epoch: 117/150 Iter: 94/96 loss: 0.1957 acc: 0.9037 time 0.69s
Epoch: 117/150 Iter: 95/96 loss: 0.1938 acc: 0.9047 time 0.70s
Epoch: 117/150 Iter: 96/96 loss: 0.1968 acc: 0.9044 time 0.69s
[Train epoch 117] avg_loss=0.1968 avg_acc=0.9044 | per-class [c0: 0.936, c1: 0.933, c2: 0.929]
Final training 117/150, loss: 0.1968, time 75.02s, lr: 0.000130
Accuracy: 0.932
class                  precision    recall   specificity      f1   support
--------------------------------------------------------------------------
0                          0.963     0.936         0.966   0.949       280
1                          0.683     0.933         0.976   0.789        30
2                          0.939     0.929         0.948   0.934       266
*----------------------------------------*
0 Mon Feb 23 14:20:03 2026 Epoch: 118
Epoch: 118/150 Iter: 1/96 loss: 0.0665 acc: 1.0000 time 1.10s
Epoch: 118/150 Iter: 2/96 loss: 0.1288 acc: 0.9583 time 0.75s
Epoch: 118/150 Iter: 3/96 loss: 0.1425 acc: 0.9352 time 0.77s
Epoch: 118/150 Iter: 4/96 loss: 0.1176 acc: 0.9514 time 0.87s
Epoch: 118/150 Iter: 5/96 loss: 0.2484 acc: 0.8722 time 0.70s
Epoch: 118/150 Iter: 6/96 loss: 0.2209 acc: 0.8935 time 0.70s
Epoch: 118/150 Iter: 7/96 loss: 0.2774 acc: 0.8611 time 0.75s
Epoch: 118/150 Iter: 8/96 loss: 0.2823 acc: 0.8660 time 0.71s
Epoch: 118/150 Iter: 9/96 loss: 0.2609 acc: 0.8809 time 0.87s
Epoch: 118/150 Iter: 10/96 loss: 0.2991 acc: 0.8728 time 0.86s
Epoch: 118/150 Iter: 11/96 loss: 0.2753 acc: 0.8843 time 0.86s
Epoch: 118/150 Iter: 12/96 loss: 0.3198 acc: 0.8329 time 0.72s
Epoch: 118/150 Iter: 13/96 loss: 0.3000 acc: 0.8457 time 0.71s
Epoch: 118/150 Iter: 14/96 loss: 0.2842 acc: 0.8567 time 0.75s
Epoch: 118/150 Iter: 15/96 loss: 0.2824 acc: 0.8367 time 0.71s
Epoch: 118/150 Iter: 16/96 loss: 0.2664 acc: 0.8469 time 0.77s
Epoch: 118/150 Iter: 17/96 loss: 0.2748 acc: 0.8461 time 0.87s
Epoch: 118/150 Iter: 18/96 loss: 0.2607 acc: 0.8546 time 0.72s
Epoch: 118/150 Iter: 19/96 loss: 0.2518 acc: 0.8623 time 0.69s
Epoch: 118/150 Iter: 20/96 loss: 0.2425 acc: 0.8692 time 0.71s
Epoch: 118/150 Iter: 21/96 loss: 0.2342 acc: 0.8754 time 0.75s
Epoch: 118/150 Iter: 22/96 loss: 0.2242 acc: 0.8811 time 0.86s
Epoch: 118/150 Iter: 23/96 loss: 0.2157 acc: 0.8862 time 0.70s
Epoch: 118/150 Iter: 24/96 loss: 0.2080 acc: 0.8910 time 0.70s
Epoch: 118/150 Iter: 25/96 loss: 0.2051 acc: 0.8953 time 0.86s
Epoch: 118/150 Iter: 26/96 loss: 0.2061 acc: 0.8946 time 0.71s
Epoch: 118/150 Iter: 27/96 loss: 0.2003 acc: 0.8985 time 0.74s
Epoch: 118/150 Iter: 28/96 loss: 0.1986 acc: 0.9021 time 0.73s
Epoch: 118/150 Iter: 29/96 loss: 0.1919 acc: 0.9055 time 0.75s
Epoch: 118/150 Iter: 30/96 loss: 0.1902 acc: 0.9086 time 0.90s
Epoch: 118/150 Iter: 31/96 loss: 0.1995 acc: 0.8954 time 0.72s
Epoch: 118/150 Iter: 32/96 loss: 0.1959 acc: 0.8987 time 0.86s
Epoch: 118/150 Iter: 33/96 loss: 0.1925 acc: 0.9018 time 0.74s
Epoch: 118/150 Iter: 34/96 loss: 0.1886 acc: 0.9047 time 0.74s
Epoch: 118/150 Iter: 35/96 loss: 0.1906 acc: 0.9042 time 0.71s
Epoch: 118/150 Iter: 36/96 loss: 0.1860 acc: 0.9069 time 0.87s
Epoch: 118/150 Iter: 37/96 loss: 0.1827 acc: 0.9094 time 0.87s
Epoch: 118/150 Iter: 38/96 loss: 0.1796 acc: 0.9118 time 0.87s
Epoch: 118/150 Iter: 39/96 loss: 0.1776 acc: 0.9140 time 0.87s
Epoch: 118/150 Iter: 40/96 loss: 0.1767 acc: 0.9162 time 0.87s
Epoch: 118/150 Iter: 41/96 loss: 0.1739 acc: 0.9182 time 0.87s
Epoch: 118/150 Iter: 42/96 loss: 0.1743 acc: 0.9202 time 0.72s
Epoch: 118/150 Iter: 43/96 loss: 0.1725 acc: 0.9220 time 0.71s
Epoch: 118/150 Iter: 44/96 loss: 0.1900 acc: 0.9210 time 0.71s
Epoch: 118/150 Iter: 45/96 loss: 0.1888 acc: 0.9202 time 0.71s
Epoch: 118/150 Iter: 46/96 loss: 0.1950 acc: 0.9184 time 0.87s
Epoch: 118/150 Iter: 47/96 loss: 0.1916 acc: 0.9201 time 0.76s
Epoch: 118/150 Iter: 48/96 loss: 0.1888 acc: 0.9218 time 0.87s
Epoch: 118/150 Iter: 49/96 loss: 0.1927 acc: 0.9234 time 0.70s
Epoch: 118/150 Iter: 50/96 loss: 0.1897 acc: 0.9249 time 0.77s
Epoch: 118/150 Iter: 51/96 loss: 0.1899 acc: 0.9264 time 0.71s
Epoch: 118/150 Iter: 52/96 loss: 0.1881 acc: 0.9278 time 0.87s
Epoch: 118/150 Iter: 53/96 loss: 0.1864 acc: 0.9291 time 0.70s
Epoch: 118/150 Iter: 54/96 loss: 0.1833 acc: 0.9305 time 0.78s
Epoch: 118/150 Iter: 55/96 loss: 0.1824 acc: 0.9317 time 0.71s
Epoch: 118/150 Iter: 56/96 loss: 0.1796 acc: 0.9329 time 0.76s
Epoch: 118/150 Iter: 57/96 loss: 0.1769 acc: 0.9341 time 0.70s
Epoch: 118/150 Iter: 58/96 loss: 0.1824 acc: 0.9281 time 0.86s
Epoch: 118/150 Iter: 59/96 loss: 0.1797 acc: 0.9293 time 0.73s
Epoch: 118/150 Iter: 60/96 loss: 0.1834 acc: 0.9221 time 0.72s
Epoch: 118/150 Iter: 61/96 loss: 0.1816 acc: 0.9234 time 0.70s
Epoch: 118/150 Iter: 62/96 loss: 0.1849 acc: 0.9230 time 0.70s
Epoch: 118/150 Iter: 63/96 loss: 0.1827 acc: 0.9243 time 0.77s
Epoch: 118/150 Iter: 64/96 loss: 0.1834 acc: 0.9176 time 0.70s
Epoch: 118/150 Iter: 65/96 loss: 0.1842 acc: 0.9121 time 0.72s
Epoch: 118/150 Iter: 66/96 loss: 0.1821 acc: 0.9134 time 0.93s
Epoch: 118/150 Iter: 67/96 loss: 0.1808 acc: 0.9147 time 0.71s
Epoch: 118/150 Iter: 68/96 loss: 0.1799 acc: 0.9159 time 0.74s
Epoch: 118/150 Iter: 69/96 loss: 0.1777 acc: 0.9171 time 0.87s
Epoch: 118/150 Iter: 70/96 loss: 0.1752 acc: 0.9183 time 0.70s
Epoch: 118/150 Iter: 71/96 loss: 0.1736 acc: 0.9195 time 0.71s
Epoch: 118/150 Iter: 72/96 loss: 0.1738 acc: 0.9150 time 0.87s
Epoch: 118/150 Iter: 73/96 loss: 0.1762 acc: 0.9148 time 0.87s
Epoch: 118/150 Iter: 74/96 loss: 0.1742 acc: 0.9160 time 0.87s
Epoch: 118/150 Iter: 75/96 loss: 0.1735 acc: 0.9156 time 0.70s
Epoch: 118/150 Iter: 76/96 loss: 0.1714 acc: 0.9167 time 0.86s
Epoch: 118/150 Iter: 77/96 loss: 0.1695 acc: 0.9178 time 0.86s
Epoch: 118/150 Iter: 78/96 loss: 0.1683 acc: 0.9189 time 0.93s
Epoch: 118/150 Iter: 79/96 loss: 0.1669 acc: 0.9199 time 0.70s
Epoch: 118/150 Iter: 80/96 loss: 0.1710 acc: 0.9188 time 0.87s
Epoch: 118/150 Iter: 81/96 loss: 0.1696 acc: 0.9198 time 0.86s
Epoch: 118/150 Iter: 82/96 loss: 0.1724 acc: 0.9174 time 0.70s
Epoch: 118/150 Iter: 83/96 loss: 0.1707 acc: 0.9184 time 0.70s
Epoch: 118/150 Iter: 84/96 loss: 0.1694 acc: 0.9194 time 0.69s
Epoch: 118/150 Iter: 85/96 loss: 0.1692 acc: 0.9193 time 0.86s
Epoch: 118/150 Iter: 86/96 loss: 0.1746 acc: 0.9174 time 0.86s
Epoch: 118/150 Iter: 87/96 loss: 0.1735 acc: 0.9183 time 0.86s
Epoch: 118/150 Iter: 88/96 loss: 0.1746 acc: 0.9180 time 0.69s
Epoch: 118/150 Iter: 89/96 loss: 0.1730 acc: 0.9189 time 0.86s
Epoch: 118/150 Iter: 90/96 loss: 0.1723 acc: 0.9198 time 0.70s
Epoch: 118/150 Iter: 91/96 loss: 0.1707 acc: 0.9207 time 0.71s
Epoch: 118/150 Iter: 92/96 loss: 0.1718 acc: 0.9172 time 0.86s
Epoch: 118/150 Iter: 93/96 loss: 0.1721 acc: 0.9168 time 0.69s
Epoch: 118/150 Iter: 94/96 loss: 0.1742 acc: 0.9159 time 0.69s
Epoch: 118/150 Iter: 95/96 loss: 0.1728 acc: 0.9168 time 0.70s
Epoch: 118/150 Iter: 96/96 loss: 0.1725 acc: 0.9176 time 0.86s
[Train epoch 118] avg_loss=0.1725 avg_acc=0.9176 | per-class [c0: 0.943, c1: 1.000, c2: 0.929]
Final training 118/150, loss: 0.1725, time 74.76s, lr: 0.000122
Accuracy: 0.939
class                  precision    recall   specificity      f1   support
--------------------------------------------------------------------------
0                          0.960     0.943         0.963   0.951       280
1                          0.698     1.000         0.976   0.822        30
2                          0.957     0.929         0.965   0.943       266
*----------------------------------------*
Val 118/150 1/24, Acc: 0.5000, Loss: 6.0818, time 0.67s
Val 118/150 2/24, Acc: 0.5278, Loss: 3.1894, time 0.67s
Val 118/150 3/24, Acc: 0.6296, Loss: 2.2027, time 0.67s
Val 118/150 4/24, Acc: 0.7222, Loss: 1.6601, time 0.67s
Val 118/150 5/24, Acc: 0.7278, Loss: 1.3634, time 0.67s
Val 118/150 6/24, Acc: 0.7731, Loss: 1.1418, time 0.67s
Val 118/150 7/24, Acc: 0.7460, Loss: 1.0339, time 0.67s
Val 118/150 8/24, Acc: 0.7778, Loss: 0.9155, time 0.67s
Val 118/150 9/24, Acc: 0.8025, Loss: 0.8344, time 0.67s
Val 118/150 10/24, Acc: 0.8222, Loss: 0.7577, time 0.67s
Val 118/150 11/24, Acc: 0.8232, Loss: 0.7347, time 0.67s
Val 118/150 12/24, Acc: 0.7824, Loss: 0.7048, time 0.67s
Val 118/150 13/24, Acc: 0.7799, Loss: 0.6833, time 0.67s
Val 118/150 14/24, Acc: 0.7867, Loss: 0.6767, time 0.67s
Val 118/150 15/24, Acc: 0.7954, Loss: 0.6741, time 0.67s
Val 118/150 16/24, Acc: 0.8019, Loss: 0.6529, time 0.67s
Val 118/150 17/24, Acc: 0.8136, Loss: 0.6175, time 0.67s
Val 118/150 18/24, Acc: 0.8170, Loss: 0.5925, time 0.67s
Val 118/150 19/24, Acc: 0.8213, Loss: 0.5722, time 0.67s
Val 118/150 20/24, Acc: 0.8025, Loss: 0.6004, time 0.67s
Val 118/150 21/24, Acc: 0.8119, Loss: 0.5750, time 0.67s
Val 118/150 22/24, Acc: 0.8129, Loss: 0.5744, time 0.67s
Val 118/150 23/24, Acc: 0.8065, Loss: 0.6800, time 0.67s
Val 118/150 24/24, Acc: 0.8100, Loss: 0.6652, time 0.67s
[Val epoch 118] avg_acc=0.8100 | avg_loss=0.6652 | per-class [c0: 0.829, c1: 0.625, c2: 0.924]
Final validation 118/150, Val_acc: 0.8100, time 16.05sAccuracy: 0.861
class                  precision    recall   specificity      f1   support
--------------------------------------------------------------------------
0                          0.967     0.829         0.973   0.892        70
1                          0.556     0.625         0.971   0.588         8
2                          0.813     0.924         0.821   0.865        66
*========================================*
Saving checkpoint outputs/OrganoidsINRIA_XYZ_thinning_128/swinunetr/2026-02-23-11-31/training/model_final.pt
[EarlyStopping] no improve (1/40)
[EarlyStopping] no improve (36/40)
0 Mon Feb 23 14:21:39 2026 Epoch: 119
Epoch: 119/150 Iter: 1/96 loss: 0.1337 acc: 1.0000 time 1.15s
Epoch: 119/150 Iter: 2/96 loss: 0.0901 acc: 1.0000 time 0.70s
Epoch: 119/150 Iter: 3/96 loss: 0.1012 acc: 1.0000 time 0.69s
Epoch: 119/150 Iter: 4/96 loss: 0.0776 acc: 1.0000 time 0.86s
Epoch: 119/150 Iter: 5/96 loss: 0.0822 acc: 1.0000 time 0.75s
Epoch: 119/150 Iter: 6/96 loss: 0.2163 acc: 0.9583 time 0.87s
Epoch: 119/150 Iter: 7/96 loss: 0.1963 acc: 0.9643 time 0.71s
Epoch: 119/150 Iter: 8/96 loss: 0.1977 acc: 0.9531 time 0.70s
Epoch: 119/150 Iter: 9/96 loss: 0.2239 acc: 0.9398 time 0.70s
Epoch: 119/150 Iter: 10/96 loss: 0.2041 acc: 0.9458 time 0.86s
Epoch: 119/150 Iter: 11/96 loss: 0.1908 acc: 0.9508 time 0.77s
Epoch: 119/150 Iter: 12/96 loss: 0.1795 acc: 0.9549 time 0.87s
Epoch: 119/150 Iter: 13/96 loss: 0.1828 acc: 0.9455 time 0.70s
Epoch: 119/150 Iter: 14/96 loss: 0.1726 acc: 0.9494 time 0.87s
Epoch: 119/150 Iter: 15/96 loss: 0.1645 acc: 0.9528 time 0.70s
Epoch: 119/150 Iter: 16/96 loss: 0.1695 acc: 0.9453 time 0.86s
Epoch: 119/150 Iter: 17/96 loss: 0.1729 acc: 0.9338 time 0.77s
Epoch: 119/150 Iter: 18/96 loss: 0.1892 acc: 0.9236 time 0.86s
Epoch: 119/150 Iter: 19/96 loss: 0.1809 acc: 0.9276 time 0.69s
Epoch: 119/150 Iter: 20/96 loss: 0.1744 acc: 0.9313 time 0.78s
Epoch: 119/150 Iter: 21/96 loss: 0.1710 acc: 0.9345 time 0.72s
Epoch: 119/150 Iter: 22/96 loss: 0.1699 acc: 0.9375 time 0.69s
Epoch: 119/150 Iter: 23/96 loss: 0.1627 acc: 0.9402 time 0.86s
Epoch: 119/150 Iter: 24/96 loss: 0.1571 acc: 0.9427 time 0.86s
Epoch: 119/150 Iter: 25/96 loss: 0.1525 acc: 0.9450 time 0.86s
Epoch: 119/150 Iter: 26/96 loss: 0.1511 acc: 0.9471 time 0.87s
Epoch: 119/150 Iter: 27/96 loss: 0.1483 acc: 0.9491 time 0.86s
Epoch: 119/150 Iter: 28/96 loss: 0.1455 acc: 0.9509 time 0.74s
Epoch: 119/150 Iter: 29/96 loss: 0.1461 acc: 0.9526 time 0.78s
Epoch: 119/150 Iter: 30/96 loss: 0.1423 acc: 0.9542 time 0.86s
Epoch: 119/150 Iter: 31/96 loss: 0.1400 acc: 0.9556 time 0.69s
Epoch: 119/150 Iter: 32/96 loss: 0.1452 acc: 0.9531 time 0.70s
Epoch: 119/150 Iter: 33/96 loss: 0.1441 acc: 0.9545 time 0.72s
Epoch: 119/150 Iter: 34/96 loss: 0.1493 acc: 0.9534 time 0.92s
Epoch: 119/150 Iter: 35/96 loss: 0.1530 acc: 0.9548 time 0.72s
Epoch: 119/150 Iter: 36/96 loss: 0.1723 acc: 0.9421 time 0.69s
Epoch: 119/150 Iter: 37/96 loss: 0.1755 acc: 0.9392 time 0.76s
Epoch: 119/150 Iter: 38/96 loss: 0.1726 acc: 0.9408 time 0.69s
Epoch: 119/150 Iter: 39/96 loss: 0.1703 acc: 0.9423 time 0.69s
Epoch: 119/150 Iter: 40/96 loss: 0.1665 acc: 0.9438 time 0.86s
Epoch: 119/150 Iter: 41/96 loss: 0.1630 acc: 0.9451 time 0.74s
Epoch: 119/150 Iter: 42/96 loss: 0.1601 acc: 0.9464 time 0.87s
Epoch: 119/150 Iter: 43/96 loss: 0.1607 acc: 0.9477 time 0.87s
Epoch: 119/150 Iter: 44/96 loss: 0.1590 acc: 0.9489 time 0.76s
Epoch: 119/150 Iter: 45/96 loss: 0.1636 acc: 0.9417 time 0.88s
Epoch: 119/150 Iter: 46/96 loss: 0.1639 acc: 0.9429 time 0.76s
Epoch: 119/150 Iter: 47/96 loss: 0.1735 acc: 0.9323 time 0.88s
Epoch: 119/150 Iter: 48/96 loss: 0.1713 acc: 0.9337 time 0.74s
Epoch: 119/150 Iter: 49/96 loss: 0.1689 acc: 0.9351 time 0.86s
Epoch: 119/150 Iter: 50/96 loss: 0.1668 acc: 0.9364 time 0.71s
Epoch: 119/150 Iter: 51/96 loss: 0.1642 acc: 0.9376 time 0.87s
Epoch: 119/150 Iter: 52/96 loss: 0.1625 acc: 0.9388 time 0.71s
Epoch: 119/150 Iter: 53/96 loss: 0.1604 acc: 0.9400 time 0.69s
Epoch: 119/150 Iter: 54/96 loss: 0.1620 acc: 0.9380 time 0.77s
Epoch: 119/150 Iter: 55/96 loss: 0.1596 acc: 0.9391 time 0.73s
Epoch: 119/150 Iter: 56/96 loss: 0.1627 acc: 0.9358 time 0.70s
Epoch: 119/150 Iter: 57/96 loss: 0.1626 acc: 0.9369 time 0.87s
Epoch: 119/150 Iter: 58/96 loss: 0.1611 acc: 0.9380 time 0.77s
Epoch: 119/150 Iter: 59/96 loss: 0.1678 acc: 0.9356 time 0.73s
Epoch: 119/150 Iter: 60/96 loss: 0.1660 acc: 0.9367 time 0.70s
Epoch: 119/150 Iter: 61/96 loss: 0.1699 acc: 0.9296 time 0.69s
Epoch: 119/150 Iter: 62/96 loss: 0.1674 acc: 0.9307 time 0.75s
Epoch: 119/150 Iter: 63/96 loss: 0.1724 acc: 0.9247 time 0.87s
Epoch: 119/150 Iter: 64/96 loss: 0.1723 acc: 0.9246 time 0.87s
Epoch: 119/150 Iter: 65/96 loss: 0.1721 acc: 0.9258 time 0.87s
Epoch: 119/150 Iter: 66/96 loss: 0.1699 acc: 0.9269 time 0.73s
Epoch: 119/150 Iter: 67/96 loss: 0.1694 acc: 0.9280 time 0.88s
Epoch: 119/150 Iter: 68/96 loss: 0.1675 acc: 0.9290 time 0.77s
Epoch: 119/150 Iter: 69/96 loss: 0.1671 acc: 0.9301 time 0.71s
Epoch: 119/150 Iter: 70/96 loss: 0.1678 acc: 0.9311 time 0.69s
Epoch: 119/150 Iter: 71/96 loss: 0.1669 acc: 0.9297 time 0.86s
Epoch: 119/150 Iter: 72/96 loss: 0.1658 acc: 0.9307 time 0.70s
Epoch: 119/150 Iter: 73/96 loss: 0.1661 acc: 0.9293 time 0.70s
Epoch: 119/150 Iter: 74/96 loss: 0.1638 acc: 0.9303 time 0.71s
Epoch: 119/150 Iter: 75/96 loss: 0.1697 acc: 0.9296 time 0.75s
Epoch: 119/150 Iter: 76/96 loss: 0.1689 acc: 0.9305 time 0.73s
Epoch: 119/150 Iter: 77/96 loss: 0.1736 acc: 0.9262 time 0.70s
Epoch: 119/150 Iter: 78/96 loss: 0.1740 acc: 0.9218 time 0.69s
Epoch: 119/150 Iter: 79/96 loss: 0.1721 acc: 0.9228 time 0.86s
Epoch: 119/150 Iter: 80/96 loss: 0.1705 acc: 0.9238 time 0.70s
Epoch: 119/150 Iter: 81/96 loss: 0.1686 acc: 0.9247 time 0.86s
Epoch: 119/150 Iter: 82/96 loss: 0.1671 acc: 0.9256 time 0.70s
Epoch: 119/150 Iter: 83/96 loss: 0.1653 acc: 0.9265 time 0.69s
Epoch: 119/150 Iter: 84/96 loss: 0.1641 acc: 0.9274 time 0.70s
Epoch: 119/150 Iter: 85/96 loss: 0.1630 acc: 0.9282 time 0.70s
Epoch: 119/150 Iter: 86/96 loss: 0.1622 acc: 0.9291 time 0.70s
Epoch: 119/150 Iter: 87/96 loss: 0.1608 acc: 0.9299 time 0.85s
Epoch: 119/150 Iter: 88/96 loss: 0.1592 acc: 0.9307 time 0.86s
Epoch: 119/150 Iter: 89/96 loss: 0.1633 acc: 0.9296 time 0.70s
Epoch: 119/150 Iter: 90/96 loss: 0.1649 acc: 0.9290 time 0.69s
Epoch: 119/150 Iter: 91/96 loss: 0.1634 acc: 0.9298 time 0.70s
Epoch: 119/150 Iter: 92/96 loss: 0.1620 acc: 0.9305 time 0.69s
Epoch: 119/150 Iter: 93/96 loss: 0.1605 acc: 0.9313 time 0.85s
Epoch: 119/150 Iter: 94/96 loss: 0.1588 acc: 0.9320 time 0.68s
Epoch: 119/150 Iter: 95/96 loss: 0.1576 acc: 0.9327 time 0.86s
Epoch: 119/150 Iter: 96/96 loss: 0.1586 acc: 0.9326 time 0.71s
[Train epoch 119] avg_loss=0.1586 avg_acc=0.9326 | per-class [c0: 0.947, c1: 0.967, c2: 0.943]
Final training 119/150, loss: 0.1586, time 74.24s, lr: 0.000115
Accuracy: 0.946
class                  precision    recall   specificity      f1   support
--------------------------------------------------------------------------
0                          0.967     0.947         0.969   0.957       281
1                          0.784     0.967         0.985   0.866        30
2                          0.947     0.943         0.955   0.945       265
*----------------------------------------*
0 Mon Feb 23 14:22:53 2026 Epoch: 120
Epoch: 120/150 Iter: 1/96 loss: 0.0519 acc: 1.0000 time 1.23s
Epoch: 120/150 Iter: 2/96 loss: 0.1214 acc: 1.0000 time 0.94s
Epoch: 120/150 Iter: 3/96 loss: 0.0904 acc: 1.0000 time 0.70s
Epoch: 120/150 Iter: 4/96 loss: 0.0967 acc: 1.0000 time 0.72s
Epoch: 120/150 Iter: 5/96 loss: 0.0879 acc: 1.0000 time 0.72s
Epoch: 120/150 Iter: 6/96 loss: 0.0774 acc: 1.0000 time 0.76s
Epoch: 120/150 Iter: 7/96 loss: 0.1151 acc: 0.9286 time 0.70s
Epoch: 120/150 Iter: 8/96 loss: 0.1120 acc: 0.9375 time 0.71s
Epoch: 120/150 Iter: 9/96 loss: 0.1087 acc: 0.9444 time 0.70s
Epoch: 120/150 Iter: 10/96 loss: 0.1016 acc: 0.9500 time 0.87s
Epoch: 120/150 Iter: 11/96 loss: 0.0996 acc: 0.9545 time 0.70s
Epoch: 120/150 Iter: 12/96 loss: 0.0921 acc: 0.9583 time 0.86s
Epoch: 120/150 Iter: 13/96 loss: 0.0930 acc: 0.9615 time 0.86s
Epoch: 120/150 Iter: 14/96 loss: 0.0940 acc: 0.9643 time 0.74s
Epoch: 120/150 Iter: 15/96 loss: 0.1157 acc: 0.9667 time 0.93s
Epoch: 120/150 Iter: 16/96 loss: 0.1099 acc: 0.9688 time 0.70s
Epoch: 120/150 Iter: 17/96 loss: 0.1044 acc: 0.9706 time 0.71s
Epoch: 120/150 Iter: 18/96 loss: 0.0997 acc: 0.9722 time 0.72s
Epoch: 120/150 Iter: 19/96 loss: 0.1084 acc: 0.9671 time 0.71s
Epoch: 120/150 Iter: 20/96 loss: 0.1093 acc: 0.9688 time 0.76s
Epoch: 120/150 Iter: 21/96 loss: 0.1297 acc: 0.9480 time 0.86s
Epoch: 120/150 Iter: 22/96 loss: 0.1278 acc: 0.9504 time 0.87s
Epoch: 120/150 Iter: 23/96 loss: 0.1488 acc: 0.9308 time 0.70s
Epoch: 120/150 Iter: 24/96 loss: 0.1532 acc: 0.9152 time 0.73s
Epoch: 120/150 Iter: 25/96 loss: 0.1487 acc: 0.9186 time 0.71s
Epoch: 120/150 Iter: 26/96 loss: 0.1480 acc: 0.9178 time 0.77s
Epoch: 120/150 Iter: 27/96 loss: 0.1432 acc: 0.9209 time 0.87s
Epoch: 120/150 Iter: 28/96 loss: 0.1410 acc: 0.9237 time 0.87s
Epoch: 120/150 Iter: 29/96 loss: 0.1500 acc: 0.9263 time 0.87s
Epoch: 120/150 Iter: 30/96 loss: 0.1525 acc: 0.9232 time 0.87s
Epoch: 120/150 Iter: 31/96 loss: 0.1616 acc: 0.9114 time 0.91s
Epoch: 120/150 Iter: 32/96 loss: 0.1568 acc: 0.9141 time 0.69s
Epoch: 120/150 Iter: 33/96 loss: 0.1563 acc: 0.9168 time 0.70s
Epoch: 120/150 Iter: 34/96 loss: 0.1539 acc: 0.9192 time 0.86s
Epoch: 120/150 Iter: 35/96 loss: 0.1517 acc: 0.9215 time 0.69s
Epoch: 120/150 Iter: 36/96 loss: 0.1499 acc: 0.9237 time 0.88s
Epoch: 120/150 Iter: 37/96 loss: 0.1594 acc: 0.9190 time 0.90s
Epoch: 120/150 Iter: 38/96 loss: 0.1568 acc: 0.9211 time 0.74s
Epoch: 120/150 Iter: 39/96 loss: 0.1548 acc: 0.9231 time 0.93s
Epoch: 120/150 Iter: 40/96 loss: 0.1526 acc: 0.9251 time 0.92s
Epoch: 120/150 Iter: 41/96 loss: 0.1579 acc: 0.9208 time 0.71s
Epoch: 120/150 Iter: 42/96 loss: 0.1625 acc: 0.9121 time 0.73s
Epoch: 120/150 Iter: 43/96 loss: 0.1600 acc: 0.9141 time 0.96s
Epoch: 120/150 Iter: 44/96 loss: 0.1585 acc: 0.9123 time 0.75s
Epoch: 120/150 Iter: 45/96 loss: 0.1570 acc: 0.9143 time 0.76s
Epoch: 120/150 Iter: 46/96 loss: 0.1584 acc: 0.9107 time 0.69s
Epoch: 120/150 Iter: 47/96 loss: 0.1612 acc: 0.9108 time 0.69s
Epoch: 120/150 Iter: 48/96 loss: 0.1637 acc: 0.9092 time 0.94s
Epoch: 120/150 Iter: 49/96 loss: 0.1618 acc: 0.9111 time 0.72s
Epoch: 120/150 Iter: 50/96 loss: 0.1596 acc: 0.9128 time 0.71s
Epoch: 120/150 Iter: 51/96 loss: 0.1579 acc: 0.9145 time 0.86s
Epoch: 120/150 Iter: 52/96 loss: 0.1553 acc: 0.9162 time 0.86s
Epoch: 120/150 Iter: 53/96 loss: 0.1566 acc: 0.9178 time 0.71s
Epoch: 120/150 Iter: 54/96 loss: 0.1552 acc: 0.9193 time 0.72s
Epoch: 120/150 Iter: 55/96 loss: 0.1531 acc: 0.9208 time 0.76s
Epoch: 120/150 Iter: 56/96 loss: 0.1507 acc: 0.9222 time 0.87s
Epoch: 120/150 Iter: 57/96 loss: 0.1525 acc: 0.9218 time 0.87s
Epoch: 120/150 Iter: 58/96 loss: 0.1503 acc: 0.9231 time 0.86s
Epoch: 120/150 Iter: 59/96 loss: 0.1491 acc: 0.9244 time 0.70s
Epoch: 120/150 Iter: 60/96 loss: 0.1468 acc: 0.9257 time 0.86s
Epoch: 120/150 Iter: 61/96 loss: 0.1451 acc: 0.9269 time 0.86s
Epoch: 120/150 Iter: 62/96 loss: 0.1487 acc: 0.9261 time 0.93s
Epoch: 120/150 Iter: 63/96 loss: 0.1478 acc: 0.9272 time 0.71s
Epoch: 120/150 Iter: 64/96 loss: 0.1463 acc: 0.9284 time 0.87s
Epoch: 120/150 Iter: 65/96 loss: 0.1452 acc: 0.9295 time 0.69s
Epoch: 120/150 Iter: 66/96 loss: 0.1524 acc: 0.9238 time 0.86s
Epoch: 120/150 Iter: 67/96 loss: 0.1503 acc: 0.9250 time 0.73s
Epoch: 120/150 Iter: 68/96 loss: 0.1482 acc: 0.9261 time 0.87s
Epoch: 120/150 Iter: 69/96 loss: 0.1466 acc: 0.9271 time 0.71s
Epoch: 120/150 Iter: 70/96 loss: 0.1476 acc: 0.9266 time 0.87s
Epoch: 120/150 Iter: 71/96 loss: 0.1524 acc: 0.9206 time 0.69s
Epoch: 120/150 Iter: 72/96 loss: 0.1506 acc: 0.9217 time 0.69s
Epoch: 120/150 Iter: 73/96 loss: 0.1524 acc: 0.9136 time 0.86s
Epoch: 120/150 Iter: 74/96 loss: 0.1541 acc: 0.9148 time 0.71s
Epoch: 120/150 Iter: 75/96 loss: 0.1522 acc: 0.9159 time 0.87s
Epoch: 120/150 Iter: 76/96 loss: 0.1522 acc: 0.9159 time 0.70s
Epoch: 120/150 Iter: 77/96 loss: 0.1529 acc: 0.9170 time 0.87s
Epoch: 120/150 Iter: 78/96 loss: 0.1514 acc: 0.9181 time 0.86s
Epoch: 120/150 Iter: 79/96 loss: 0.1512 acc: 0.9179 time 0.71s
Epoch: 120/150 Iter: 80/96 loss: 0.1535 acc: 0.9119 time 0.87s
Epoch: 120/150 Iter: 81/96 loss: 0.1529 acc: 0.9130 time 0.70s
Epoch: 120/150 Iter: 82/96 loss: 0.1516 acc: 0.9141 time 0.85s
Epoch: 120/150 Iter: 83/96 loss: 0.1516 acc: 0.9131 time 0.70s
Epoch: 120/150 Iter: 84/96 loss: 0.1551 acc: 0.9089 time 0.69s
Epoch: 120/150 Iter: 85/96 loss: 0.1590 acc: 0.9070 time 0.69s
Epoch: 120/150 Iter: 86/96 loss: 0.1633 acc: 0.9061 time 0.68s
Epoch: 120/150 Iter: 87/96 loss: 0.1627 acc: 0.9072 time 0.86s
Epoch: 120/150 Iter: 88/96 loss: 0.1620 acc: 0.9083 time 0.68s
Epoch: 120/150 Iter: 89/96 loss: 0.1603 acc: 0.9093 time 0.85s
Epoch: 120/150 Iter: 90/96 loss: 0.1591 acc: 0.9103 time 0.68s
Epoch: 120/150 Iter: 91/96 loss: 0.1581 acc: 0.9113 time 0.85s
Epoch: 120/150 Iter: 92/96 loss: 0.1564 acc: 0.9123 time 0.85s
Epoch: 120/150 Iter: 93/96 loss: 0.1553 acc: 0.9132 time 0.86s
Epoch: 120/150 Iter: 94/96 loss: 0.1559 acc: 0.9115 time 0.85s
Epoch: 120/150 Iter: 95/96 loss: 0.1555 acc: 0.9124 time 0.69s
Epoch: 120/150 Iter: 96/96 loss: 0.1545 acc: 0.9133 time 0.71s
[Train epoch 120] avg_loss=0.1545 avg_acc=0.9133 | per-class [c0: 0.943, c1: 1.000, c2: 0.944]
Final training 120/150, loss: 0.1545, time 75.96s, lr: 0.000109
Accuracy: 0.946
class                  precision    recall   specificity      f1   support
--------------------------------------------------------------------------
0                          0.974     0.943         0.976   0.958       280
1                          0.698     1.000         0.976   0.822        30
2                          0.958     0.944         0.965   0.951       266
*----------------------------------------*
Val 120/150 1/24, Acc: 0.5000, Loss: 5.9865, time 0.69s
Val 120/150 2/24, Acc: 0.5278, Loss: 3.1676, time 0.67s
Val 120/150 3/24, Acc: 0.6296, Loss: 2.1849, time 0.67s
Val 120/150 4/24, Acc: 0.7222, Loss: 1.6493, time 0.67s
Val 120/150 5/24, Acc: 0.7278, Loss: 1.3531, time 0.67s
Val 120/150 6/24, Acc: 0.7731, Loss: 1.1311, time 0.67s
Val 120/150 7/24, Acc: 0.7460, Loss: 1.0311, time 0.67s
Val 120/150 8/24, Acc: 0.7778, Loss: 0.9099, time 0.67s
Val 120/150 9/24, Acc: 0.8025, Loss: 0.8243, time 0.67s
Val 120/150 10/24, Acc: 0.8222, Loss: 0.7498, time 0.67s
Val 120/150 11/24, Acc: 0.8384, Loss: 0.7130, time 0.67s
Val 120/150 12/24, Acc: 0.8032, Loss: 0.6764, time 0.67s
Val 120/150 13/24, Acc: 0.7799, Loss: 0.6470, time 0.67s
Val 120/150 14/24, Acc: 0.7867, Loss: 0.6339, time 0.67s
Val 120/150 15/24, Acc: 0.7954, Loss: 0.6395, time 0.67s
Val 120/150 16/24, Acc: 0.8019, Loss: 0.6138, time 0.67s
Val 120/150 17/24, Acc: 0.8136, Loss: 0.5806, time 0.67s
Val 120/150 18/24, Acc: 0.8170, Loss: 0.5584, time 0.67s
Val 120/150 19/24, Acc: 0.8266, Loss: 0.5360, time 0.67s
Val 120/150 20/24, Acc: 0.8075, Loss: 0.5665, time 0.67s
Val 120/150 21/24, Acc: 0.8167, Loss: 0.5452, time 0.67s
Val 120/150 22/24, Acc: 0.8174, Loss: 0.5398, time 0.67s
Val 120/150 23/24, Acc: 0.8036, Loss: 0.6465, time 0.67s
Val 120/150 24/24, Acc: 0.8072, Loss: 0.6349, time 0.67s
[Val epoch 120] avg_acc=0.8072 | avg_loss=0.6349 | per-class [c0: 0.857, c1: 0.750, c2: 0.909]
Final validation 120/150, Val_acc: 0.8072, time 16.06sAccuracy: 0.875
class                  precision    recall   specificity      f1   support
--------------------------------------------------------------------------
0                          0.968     0.857         0.973   0.909        70
1                          0.500     0.750         0.956   0.600         8
2                          0.857     0.909         0.872   0.882        66
*========================================*
Saving checkpoint outputs/OrganoidsINRIA_XYZ_thinning_128/swinunetr/2026-02-23-11-31/training/model_final.pt
[EarlyStopping] no improve (2/40)
[EarlyStopping] no improve (37/40)
0 Mon Feb 23 14:24:30 2026 Epoch: 121
Epoch: 121/150 Iter: 1/96 loss: 1.2603 acc: 0.6667 time 1.05s
Epoch: 121/150 Iter: 2/96 loss: 0.6361 acc: 0.8333 time 0.74s
Epoch: 121/150 Iter: 3/96 loss: 0.6663 acc: 0.7333 time 0.74s
Epoch: 121/150 Iter: 4/96 loss: 0.5105 acc: 0.8000 time 0.74s
Epoch: 121/150 Iter: 5/96 loss: 0.4968 acc: 0.7567 time 0.74s
Epoch: 121/150 Iter: 6/96 loss: 0.4570 acc: 0.7556 time 0.71s
Epoch: 121/150 Iter: 7/96 loss: 0.4020 acc: 0.7905 time 0.85s
Epoch: 121/150 Iter: 8/96 loss: 0.3896 acc: 0.7438 time 0.71s
Epoch: 121/150 Iter: 9/96 loss: 0.3631 acc: 0.7722 time 0.86s
Epoch: 121/150 Iter: 10/96 loss: 0.3274 acc: 0.7950 time 0.86s
Epoch: 121/150 Iter: 11/96 loss: 0.3036 acc: 0.8136 time 0.86s
Epoch: 121/150 Iter: 12/96 loss: 0.2866 acc: 0.8292 time 0.77s
Epoch: 121/150 Iter: 13/96 loss: 0.2663 acc: 0.8423 time 0.75s
Epoch: 121/150 Iter: 14/96 loss: 0.2759 acc: 0.8250 time 0.77s
Epoch: 121/150 Iter: 15/96 loss: 0.2587 acc: 0.8367 time 0.86s
Epoch: 121/150 Iter: 16/96 loss: 0.2538 acc: 0.8399 time 0.71s
Epoch: 121/150 Iter: 17/96 loss: 0.2407 acc: 0.8493 time 0.69s
Epoch: 121/150 Iter: 18/96 loss: 0.2327 acc: 0.8577 time 0.70s
Epoch: 121/150 Iter: 19/96 loss: 0.2220 acc: 0.8652 time 0.69s
Epoch: 121/150 Iter: 20/96 loss: 0.2114 acc: 0.8719 time 0.68s
Epoch: 121/150 Iter: 21/96 loss: 0.2067 acc: 0.8780 time 0.70s
Epoch: 121/150 Iter: 22/96 loss: 0.2079 acc: 0.8722 time 0.71s
Epoch: 121/150 Iter: 23/96 loss: 0.2012 acc: 0.8778 time 0.86s
Epoch: 121/150 Iter: 24/96 loss: 0.1929 acc: 0.8829 time 0.86s
Epoch: 121/150 Iter: 25/96 loss: 0.1991 acc: 0.8826 time 0.75s
Epoch: 121/150 Iter: 26/96 loss: 0.1937 acc: 0.8871 time 0.93s
Epoch: 121/150 Iter: 27/96 loss: 0.1915 acc: 0.8913 time 0.75s
Epoch: 121/150 Iter: 28/96 loss: 0.1867 acc: 0.8951 time 0.69s
Epoch: 121/150 Iter: 29/96 loss: 0.1819 acc: 0.8988 time 0.77s
Epoch: 121/150 Iter: 30/96 loss: 0.1800 acc: 0.8984 time 0.69s
Epoch: 121/150 Iter: 31/96 loss: 0.1771 acc: 0.9017 time 0.77s
Epoch: 121/150 Iter: 32/96 loss: 0.1760 acc: 0.9048 time 0.69s
Epoch: 121/150 Iter: 33/96 loss: 0.1759 acc: 0.9046 time 0.86s
Epoch: 121/150 Iter: 34/96 loss: 0.1716 acc: 0.9074 time 0.70s
Epoch: 121/150 Iter: 35/96 loss: 0.1678 acc: 0.9101 time 0.86s
Epoch: 121/150 Iter: 36/96 loss: 0.1649 acc: 0.9126 time 0.86s
Epoch: 121/150 Iter: 37/96 loss: 0.1626 acc: 0.9149 time 0.72s
Epoch: 121/150 Iter: 38/96 loss: 0.1622 acc: 0.9172 time 0.86s
Epoch: 121/150 Iter: 39/96 loss: 0.1633 acc: 0.9150 time 0.77s
Epoch: 121/150 Iter: 40/96 loss: 0.1640 acc: 0.9151 time 0.71s
Epoch: 121/150 Iter: 41/96 loss: 0.1608 acc: 0.9171 time 0.70s
Epoch: 121/150 Iter: 42/96 loss: 0.1587 acc: 0.9191 time 0.86s
Epoch: 121/150 Iter: 43/96 loss: 0.1633 acc: 0.9171 time 0.69s
Epoch: 121/150 Iter: 44/96 loss: 0.1624 acc: 0.9190 time 0.87s
Epoch: 121/150 Iter: 45/96 loss: 0.1610 acc: 0.9208 time 0.70s
Epoch: 121/150 Iter: 46/96 loss: 0.1576 acc: 0.9225 time 0.86s
Epoch: 121/150 Iter: 47/96 loss: 0.1583 acc: 0.9189 time 0.86s
Epoch: 121/150 Iter: 48/96 loss: 0.1587 acc: 0.9205 time 0.74s
Epoch: 121/150 Iter: 49/96 loss: 0.1558 acc: 0.9222 time 0.77s
Epoch: 121/150 Iter: 50/96 loss: 0.1620 acc: 0.9137 time 0.86s
Epoch: 121/150 Iter: 51/96 loss: 0.1700 acc: 0.9132 time 0.76s
Epoch: 121/150 Iter: 52/96 loss: 0.1674 acc: 0.9149 time 0.71s
Epoch: 121/150 Iter: 53/96 loss: 0.1674 acc: 0.9165 time 0.86s
Epoch: 121/150 Iter: 54/96 loss: 0.1664 acc: 0.9181 time 0.86s
Epoch: 121/150 Iter: 55/96 loss: 0.1644 acc: 0.9195 time 0.95s
Epoch: 121/150 Iter: 56/96 loss: 0.1617 acc: 0.9210 time 0.87s
Epoch: 121/150 Iter: 57/96 loss: 0.1602 acc: 0.9224 time 0.87s
Epoch: 121/150 Iter: 58/96 loss: 0.1584 acc: 0.9237 time 0.86s
Epoch: 121/150 Iter: 59/96 loss: 0.1589 acc: 0.9222 time 0.77s
Epoch: 121/150 Iter: 60/96 loss: 0.1570 acc: 0.9235 time 0.87s
Epoch: 121/150 Iter: 61/96 loss: 0.1576 acc: 0.9247 time 0.75s
Epoch: 121/150 Iter: 62/96 loss: 0.1552 acc: 0.9259 time 0.69s
Epoch: 121/150 Iter: 63/96 loss: 0.1540 acc: 0.9271 time 0.86s
Epoch: 121/150 Iter: 64/96 loss: 0.1521 acc: 0.9283 time 0.70s
Epoch: 121/150 Iter: 65/96 loss: 0.1505 acc: 0.9294 time 0.71s
Epoch: 121/150 Iter: 66/96 loss: 0.1524 acc: 0.9241 time 0.86s
Epoch: 121/150 Iter: 67/96 loss: 0.1552 acc: 0.9234 time 0.69s
Epoch: 121/150 Iter: 68/96 loss: 0.1550 acc: 0.9245 time 0.78s
Epoch: 121/150 Iter: 69/96 loss: 0.1578 acc: 0.9238 time 0.87s
Epoch: 121/150 Iter: 70/96 loss: 0.1563 acc: 0.9249 time 0.70s
Epoch: 121/150 Iter: 71/96 loss: 0.1552 acc: 0.9259 time 0.71s
Epoch: 121/150 Iter: 72/96 loss: 0.1539 acc: 0.9270 time 0.87s
Epoch: 121/150 Iter: 73/96 loss: 0.1576 acc: 0.9257 time 0.70s
Epoch: 121/150 Iter: 74/96 loss: 0.1654 acc: 0.9188 time 0.70s
Epoch: 121/150 Iter: 75/96 loss: 0.1848 acc: 0.9143 time 0.71s
Epoch: 121/150 Iter: 76/96 loss: 0.1846 acc: 0.9155 time 0.74s
Epoch: 121/150 Iter: 77/96 loss: 0.1825 acc: 0.9166 time 0.93s
Epoch: 121/150 Iter: 78/96 loss: 0.1805 acc: 0.9176 time 0.88s
Epoch: 121/150 Iter: 79/96 loss: 0.1794 acc: 0.9187 time 0.72s
Epoch: 121/150 Iter: 80/96 loss: 0.1798 acc: 0.9184 time 0.71s
Epoch: 121/150 Iter: 81/96 loss: 0.1788 acc: 0.9194 time 0.70s
Epoch: 121/150 Iter: 82/96 loss: 0.1864 acc: 0.9137 time 0.69s
Epoch: 121/150 Iter: 83/96 loss: 0.1844 acc: 0.9147 time 0.69s
Epoch: 121/150 Iter: 84/96 loss: 0.1825 acc: 0.9157 time 0.86s
Epoch: 121/150 Iter: 85/96 loss: 0.1833 acc: 0.9118 time 0.69s
Epoch: 121/150 Iter: 86/96 loss: 0.1826 acc: 0.9128 time 0.69s
Epoch: 121/150 Iter: 87/96 loss: 0.1881 acc: 0.9081 time 0.86s
Epoch: 121/150 Iter: 88/96 loss: 0.1889 acc: 0.9082 time 0.68s
Epoch: 121/150 Iter: 89/96 loss: 0.1886 acc: 0.9081 time 0.86s
Epoch: 121/150 Iter: 90/96 loss: 0.1891 acc: 0.9091 time 0.86s
Epoch: 121/150 Iter: 91/96 loss: 0.1914 acc: 0.9087 time 0.69s
Epoch: 121/150 Iter: 92/96 loss: 0.1910 acc: 0.9097 time 0.69s
Epoch: 121/150 Iter: 93/96 loss: 0.1907 acc: 0.9107 time 0.86s
Epoch: 121/150 Iter: 94/96 loss: 0.1892 acc: 0.9116 time 0.71s
Epoch: 121/150 Iter: 95/96 loss: 0.1880 acc: 0.9126 time 0.85s
Epoch: 121/150 Iter: 96/96 loss: 0.1867 acc: 0.9135 time 0.70s
[Train epoch 121] avg_loss=0.1867 avg_acc=0.9135 | per-class [c0: 0.932, c1: 0.933, c2: 0.943]
Final training 121/150, loss: 0.1867, time 74.76s, lr: 0.000102
Accuracy: 0.938
class                  precision    recall   specificity      f1   support
--------------------------------------------------------------------------
0                          0.974     0.932         0.976   0.953       281
1                          0.737     0.933         0.982   0.824        30
2                          0.929     0.943         0.939   0.936       265
*----------------------------------------*
0 Mon Feb 23 14:25:46 2026 Epoch: 122
Epoch: 122/150 Iter: 1/96 loss: 0.5281 acc: 0.7500 time 0.99s
Epoch: 122/150 Iter: 2/96 loss: 0.2964 acc: 0.8750 time 0.69s
Epoch: 122/150 Iter: 3/96 loss: 0.3216 acc: 0.7778 time 0.76s
Epoch: 122/150 Iter: 4/96 loss: 0.2596 acc: 0.8333 time 0.71s
Epoch: 122/150 Iter: 5/96 loss: 0.2255 acc: 0.8667 time 0.87s
Epoch: 122/150 Iter: 6/96 loss: 0.1902 acc: 0.8889 time 0.76s
Epoch: 122/150 Iter: 7/96 loss: 0.1655 acc: 0.9048 time 0.94s
Epoch: 122/150 Iter: 8/96 loss: 0.1609 acc: 0.9167 time 0.86s
Epoch: 122/150 Iter: 9/96 loss: 0.1500 acc: 0.9259 time 0.86s
Epoch: 122/150 Iter: 10/96 loss: 0.1439 acc: 0.9333 time 0.86s
Epoch: 122/150 Iter: 11/96 loss: 0.1448 acc: 0.9394 time 0.75s
Epoch: 122/150 Iter: 12/96 loss: 0.1359 acc: 0.9444 time 0.70s
Epoch: 122/150 Iter: 13/96 loss: 0.1387 acc: 0.9487 time 0.87s
Epoch: 122/150 Iter: 14/96 loss: 0.1393 acc: 0.9524 time 0.78s
Epoch: 122/150 Iter: 15/96 loss: 0.1376 acc: 0.9556 time 0.87s
Epoch: 122/150 Iter: 16/96 loss: 0.1351 acc: 0.9583 time 0.69s
Epoch: 122/150 Iter: 17/96 loss: 0.1327 acc: 0.9608 time 0.77s
Epoch: 122/150 Iter: 18/96 loss: 0.1406 acc: 0.9383 time 0.86s
Epoch: 122/150 Iter: 19/96 loss: 0.1382 acc: 0.9415 time 0.87s
Epoch: 122/150 Iter: 20/96 loss: 0.1354 acc: 0.9444 time 0.86s
Epoch: 122/150 Iter: 21/96 loss: 0.1455 acc: 0.9352 time 0.87s
Epoch: 122/150 Iter: 22/96 loss: 0.1481 acc: 0.9381 time 0.71s
Epoch: 122/150 Iter: 23/96 loss: 0.1440 acc: 0.9408 time 0.69s
Epoch: 122/150 Iter: 24/96 loss: 0.1398 acc: 0.9433 time 0.69s
Epoch: 122/150 Iter: 25/96 loss: 0.1366 acc: 0.9456 time 0.69s
Epoch: 122/150 Iter: 26/96 loss: 0.1331 acc: 0.9476 time 0.86s
Epoch: 122/150 Iter: 27/96 loss: 0.1300 acc: 0.9496 time 0.86s
Epoch: 122/150 Iter: 28/96 loss: 0.1307 acc: 0.9514 time 0.87s
Epoch: 122/150 Iter: 29/96 loss: 0.1275 acc: 0.9531 time 0.86s
Epoch: 122/150 Iter: 30/96 loss: 0.1272 acc: 0.9546 time 0.77s
Epoch: 122/150 Iter: 31/96 loss: 0.1272 acc: 0.9427 time 0.72s
Epoch: 122/150 Iter: 32/96 loss: 0.1280 acc: 0.9444 time 0.69s
Epoch: 122/150 Iter: 33/96 loss: 0.1249 acc: 0.9461 time 0.69s
Epoch: 122/150 Iter: 34/96 loss: 0.1251 acc: 0.9477 time 0.77s
Epoch: 122/150 Iter: 35/96 loss: 0.1249 acc: 0.9492 time 0.70s
Epoch: 122/150 Iter: 36/96 loss: 0.1230 acc: 0.9506 time 0.86s
Epoch: 122/150 Iter: 37/96 loss: 0.1210 acc: 0.9520 time 0.70s
Epoch: 122/150 Iter: 38/96 loss: 0.1331 acc: 0.9499 time 0.74s
Epoch: 122/150 Iter: 39/96 loss: 0.1297 acc: 0.9512 time 0.89s
Epoch: 122/150 Iter: 40/96 loss: 0.1274 acc: 0.9524 time 0.91s
Epoch: 122/150 Iter: 41/96 loss: 0.1250 acc: 0.9536 time 0.69s
Epoch: 122/150 Iter: 42/96 loss: 0.1234 acc: 0.9547 time 0.69s
Epoch: 122/150 Iter: 43/96 loss: 0.1215 acc: 0.9557 time 0.77s
Epoch: 122/150 Iter: 44/96 loss: 0.1209 acc: 0.9568 time 0.71s
Epoch: 122/150 Iter: 45/96 loss: 0.1354 acc: 0.9478 time 0.69s
Epoch: 122/150 Iter: 46/96 loss: 0.1333 acc: 0.9490 time 0.69s
Epoch: 122/150 Iter: 47/96 loss: 0.1318 acc: 0.9501 time 0.69s
Epoch: 122/150 Iter: 48/96 loss: 0.1295 acc: 0.9511 time 0.86s
Epoch: 122/150 Iter: 49/96 loss: 0.1294 acc: 0.9521 time 0.87s
Epoch: 122/150 Iter: 50/96 loss: 0.1274 acc: 0.9531 time 0.86s
Epoch: 122/150 Iter: 51/96 loss: 0.1260 acc: 0.9540 time 0.75s
Epoch: 122/150 Iter: 52/96 loss: 0.1253 acc: 0.9549 time 0.93s
Epoch: 122/150 Iter: 53/96 loss: 0.1285 acc: 0.9536 time 0.87s
Epoch: 122/150 Iter: 54/96 loss: 0.1297 acc: 0.9522 time 0.75s
Epoch: 122/150 Iter: 55/96 loss: 0.1285 acc: 0.9530 time 0.87s
Epoch: 122/150 Iter: 56/96 loss: 0.1309 acc: 0.9539 time 0.86s
Epoch: 122/150 Iter: 57/96 loss: 0.1291 acc: 0.9547 time 0.70s
Epoch: 122/150 Iter: 58/96 loss: 0.1270 acc: 0.9555 time 0.72s
Epoch: 122/150 Iter: 59/96 loss: 0.1280 acc: 0.9541 time 0.86s
Epoch: 122/150 Iter: 60/96 loss: 0.1262 acc: 0.9549 time 0.70s
Epoch: 122/150 Iter: 61/96 loss: 0.1246 acc: 0.9556 time 0.87s
Epoch: 122/150 Iter: 62/96 loss: 0.1235 acc: 0.9563 time 0.70s
Epoch: 122/150 Iter: 63/96 loss: 0.1221 acc: 0.9570 time 0.86s
Epoch: 122/150 Iter: 64/96 loss: 0.1235 acc: 0.9577 time 0.70s
Epoch: 122/150 Iter: 65/96 loss: 0.1316 acc: 0.9519 time 0.69s
Epoch: 122/150 Iter: 66/96 loss: 0.1304 acc: 0.9527 time 0.87s
Epoch: 122/150 Iter: 67/96 loss: 0.1336 acc: 0.9515 time 0.69s
Epoch: 122/150 Iter: 68/96 loss: 0.1331 acc: 0.9522 time 0.86s
Epoch: 122/150 Iter: 69/96 loss: 0.1424 acc: 0.9413 time 0.69s
Epoch: 122/150 Iter: 70/96 loss: 0.1472 acc: 0.9404 time 0.86s
Epoch: 122/150 Iter: 71/96 loss: 0.1461 acc: 0.9412 time 0.87s
Epoch: 122/150 Iter: 72/96 loss: 0.1453 acc: 0.9420 time 0.86s
Epoch: 122/150 Iter: 73/96 loss: 0.1439 acc: 0.9428 time 0.69s
Epoch: 122/150 Iter: 74/96 loss: 0.1429 acc: 0.9436 time 0.76s
Epoch: 122/150 Iter: 75/96 loss: 0.1412 acc: 0.9443 time 0.86s
Epoch: 122/150 Iter: 76/96 loss: 0.1399 acc: 0.9451 time 0.86s
Epoch: 122/150 Iter: 77/96 loss: 0.1409 acc: 0.9458 time 0.71s
Epoch: 122/150 Iter: 78/96 loss: 0.1409 acc: 0.9465 time 0.76s
Epoch: 122/150 Iter: 79/96 loss: 0.1405 acc: 0.9472 time 0.93s
Epoch: 122/150 Iter: 80/96 loss: 0.1389 acc: 0.9478 time 0.70s
Epoch: 122/150 Iter: 81/96 loss: 0.1377 acc: 0.9485 time 0.86s
Epoch: 122/150 Iter: 82/96 loss: 0.1372 acc: 0.9491 time 0.69s
Epoch: 122/150 Iter: 83/96 loss: 0.1359 acc: 0.9497 time 0.70s
Epoch: 122/150 Iter: 84/96 loss: 0.1372 acc: 0.9450 time 0.68s
Epoch: 122/150 Iter: 85/96 loss: 0.1365 acc: 0.9457 time 0.86s
Epoch: 122/150 Iter: 86/96 loss: 0.1399 acc: 0.9398 time 0.86s
Epoch: 122/150 Iter: 87/96 loss: 0.1506 acc: 0.9348 time 0.86s
Epoch: 122/150 Iter: 88/96 loss: 0.1495 acc: 0.9355 time 0.86s
Epoch: 122/150 Iter: 89/96 loss: 0.1481 acc: 0.9362 time 0.71s
Epoch: 122/150 Iter: 90/96 loss: 0.1473 acc: 0.9357 time 0.70s
Epoch: 122/150 Iter: 91/96 loss: 0.1463 acc: 0.9364 time 0.70s
Epoch: 122/150 Iter: 92/96 loss: 0.1486 acc: 0.9362 time 0.85s
Epoch: 122/150 Iter: 93/96 loss: 0.1475 acc: 0.9369 time 0.85s
Epoch: 122/150 Iter: 94/96 loss: 0.1492 acc: 0.9365 time 0.70s
Epoch: 122/150 Iter: 95/96 loss: 0.1511 acc: 0.9358 time 0.69s
Epoch: 122/150 Iter: 96/96 loss: 0.1498 acc: 0.9365 time 0.70s
[Train epoch 122] avg_loss=0.1498 avg_acc=0.9365 | per-class [c0: 0.950, c1: 0.967, c2: 0.958]
Final training 122/150, loss: 0.1498, time 75.54s, lr: 0.000095
Accuracy: 0.955
class                  precision    recall   specificity      f1   support
--------------------------------------------------------------------------
0                          0.982     0.950         0.983   0.966       281
1                          0.763     0.967         0.984   0.853        30
2                          0.955     0.958         0.961   0.957       265
*----------------------------------------*
Val 122/150 1/24, Acc: 0.5000, Loss: 4.9982, time 0.67s
Val 122/150 2/24, Acc: 0.5278, Loss: 2.7082, time 0.67s
Val 122/150 3/24, Acc: 0.6852, Loss: 1.8597, time 0.67s
Val 122/150 4/24, Acc: 0.7639, Loss: 1.4184, time 0.67s
Val 122/150 5/24, Acc: 0.7611, Loss: 1.1776, time 0.67s
Val 122/150 6/24, Acc: 0.8009, Loss: 0.9896, time 0.67s
Val 122/150 7/24, Acc: 0.7698, Loss: 0.9159, time 0.67s
Val 122/150 8/24, Acc: 0.7986, Loss: 0.8085, time 0.67s
Val 122/150 9/24, Acc: 0.8210, Loss: 0.7329, time 0.67s
Val 122/150 10/24, Acc: 0.8389, Loss: 0.6656, time 0.67s
Val 122/150 11/24, Acc: 0.8535, Loss: 0.6187, time 0.67s
Val 122/150 12/24, Acc: 0.8171, Loss: 0.5854, time 0.67s
Val 122/150 13/24, Acc: 0.7927, Loss: 0.5739, time 0.73s
Val 122/150 14/24, Acc: 0.7986, Loss: 0.5606, time 0.67s
Val 122/150 15/24, Acc: 0.8009, Loss: 0.5625, time 0.67s
Val 122/150 16/24, Acc: 0.8071, Loss: 0.5404, time 0.67s
Val 122/150 17/24, Acc: 0.8185, Loss: 0.5142, time 0.67s
Val 122/150 18/24, Acc: 0.8285, Loss: 0.4921, time 0.67s
Val 122/150 19/24, Acc: 0.8113, Loss: 0.4748, time 0.67s
Val 122/150 20/24, Acc: 0.7985, Loss: 0.5008, time 0.67s
Val 122/150 21/24, Acc: 0.8021, Loss: 0.4870, time 0.67s
Val 122/150 22/24, Acc: 0.8035, Loss: 0.4809, time 0.67s
Val 122/150 23/24, Acc: 0.7903, Loss: 0.5638, time 0.67s
Val 122/150 24/24, Acc: 0.7944, Loss: 0.5531, time 0.67s
[Val epoch 122] avg_acc=0.7944 | avg_loss=0.5531 | per-class [c0: 0.900, c1: 0.750, c2: 0.864]
Final validation 122/150, Val_acc: 0.7944, time 16.10sAccuracy: 0.875
class                  precision    recall   specificity      f1   support
--------------------------------------------------------------------------
0                          0.926     0.900         0.932   0.913        70
1                          0.500     0.750         0.956   0.600         8
2                          0.891     0.864         0.910   0.877        66
*========================================*
Saving checkpoint outputs/OrganoidsINRIA_XYZ_thinning_128/swinunetr/2026-02-23-11-31/training/model_final.pt
[EarlyStopping] no improve (3/40)
[EarlyStopping] no improve (38/40)
0 Mon Feb 23 14:27:22 2026 Epoch: 123
Epoch: 123/150 Iter: 1/96 loss: 0.1478 acc: 1.0000 time 1.03s
Epoch: 123/150 Iter: 2/96 loss: 0.1250 acc: 1.0000 time 0.77s
Epoch: 123/150 Iter: 3/96 loss: 0.1090 acc: 1.0000 time 0.77s
Epoch: 123/150 Iter: 4/96 loss: 0.0896 acc: 1.0000 time 0.71s
Epoch: 123/150 Iter: 5/96 loss: 0.1050 acc: 0.9200 time 0.88s
Epoch: 123/150 Iter: 6/96 loss: 0.1097 acc: 0.9333 time 0.77s
Epoch: 123/150 Iter: 7/96 loss: 0.1106 acc: 0.8952 time 0.88s
Epoch: 123/150 Iter: 8/96 loss: 0.1334 acc: 0.8167 time 0.88s
Epoch: 123/150 Iter: 9/96 loss: 0.1284 acc: 0.8370 time 0.78s
Epoch: 123/150 Iter: 10/96 loss: 0.1191 acc: 0.8533 time 0.79s
Epoch: 123/150 Iter: 11/96 loss: 0.1432 acc: 0.8263 time 0.70s
Epoch: 123/150 Iter: 12/96 loss: 0.1388 acc: 0.8407 time 0.89s
Epoch: 123/150 Iter: 13/96 loss: 0.1314 acc: 0.8530 time 0.72s
Epoch: 123/150 Iter: 14/96 loss: 0.1356 acc: 0.8516 time 0.88s
Epoch: 123/150 Iter: 15/96 loss: 0.1277 acc: 0.8615 time 0.70s
Epoch: 123/150 Iter: 16/96 loss: 0.1207 acc: 0.8701 time 0.71s
Epoch: 123/150 Iter: 17/96 loss: 0.1179 acc: 0.8778 time 0.70s
Epoch: 123/150 Iter: 18/96 loss: 0.1122 acc: 0.8846 time 0.78s
Epoch: 123/150 Iter: 19/96 loss: 0.1090 acc: 0.8906 time 0.76s
Epoch: 123/150 Iter: 20/96 loss: 0.1080 acc: 0.8961 time 0.70s
Epoch: 123/150 Iter: 21/96 loss: 0.1203 acc: 0.8772 time 0.70s
Epoch: 123/150 Iter: 22/96 loss: 0.1273 acc: 0.8783 time 0.79s
Epoch: 123/150 Iter: 23/96 loss: 0.1244 acc: 0.8836 time 0.89s
Epoch: 123/150 Iter: 24/96 loss: 0.1196 acc: 0.8884 time 0.88s
Epoch: 123/150 Iter: 25/96 loss: 0.1160 acc: 0.8929 time 0.88s
Epoch: 123/150 Iter: 26/96 loss: 0.1220 acc: 0.8906 time 0.75s
Epoch: 123/150 Iter: 27/96 loss: 0.1195 acc: 0.8947 time 0.75s
Epoch: 123/150 Iter: 28/96 loss: 0.1178 acc: 0.8984 time 0.87s
Epoch: 123/150 Iter: 29/96 loss: 0.1148 acc: 0.9019 time 0.71s
Epoch: 123/150 Iter: 30/96 loss: 0.1141 acc: 0.9052 time 0.77s
Epoch: 123/150 Iter: 31/96 loss: 0.1142 acc: 0.9056 time 0.74s
Epoch: 123/150 Iter: 32/96 loss: 0.1116 acc: 0.9085 time 0.91s
Epoch: 123/150 Iter: 33/96 loss: 0.1153 acc: 0.9075 time 0.77s
Epoch: 123/150 Iter: 34/96 loss: 0.1137 acc: 0.9102 time 0.69s
Epoch: 123/150 Iter: 35/96 loss: 0.1114 acc: 0.9128 time 0.70s
Epoch: 123/150 Iter: 36/96 loss: 0.1180 acc: 0.9152 time 0.69s
Epoch: 123/150 Iter: 37/96 loss: 0.1246 acc: 0.9085 time 0.88s
Epoch: 123/150 Iter: 38/96 loss: 0.1215 acc: 0.9109 time 0.77s
Epoch: 123/150 Iter: 39/96 loss: 0.1247 acc: 0.9100 time 0.70s
Epoch: 123/150 Iter: 40/96 loss: 0.1339 acc: 0.9011 time 0.77s
Epoch: 123/150 Iter: 41/96 loss: 0.1350 acc: 0.9035 time 0.89s
Epoch: 123/150 Iter: 42/96 loss: 0.1526 acc: 0.8952 time 0.71s
Epoch: 123/150 Iter: 43/96 loss: 0.1610 acc: 0.8938 time 0.70s
Epoch: 123/150 Iter: 44/96 loss: 0.1579 acc: 0.8962 time 0.88s
Epoch: 123/150 Iter: 45/96 loss: 0.1555 acc: 0.8985 time 0.69s
Epoch: 123/150 Iter: 46/96 loss: 0.1544 acc: 0.8989 time 0.87s
Epoch: 123/150 Iter: 47/96 loss: 0.1558 acc: 0.9011 time 0.88s
Epoch: 123/150 Iter: 48/96 loss: 0.1528 acc: 0.9031 time 0.72s
Epoch: 123/150 Iter: 49/96 loss: 0.1591 acc: 0.8960 time 0.73s
Epoch: 123/150 Iter: 50/96 loss: 0.1580 acc: 0.8981 time 0.69s
Epoch: 123/150 Iter: 51/96 loss: 0.1559 acc: 0.9001 time 0.71s
Epoch: 123/150 Iter: 52/96 loss: 0.1532 acc: 0.9020 time 0.88s
Epoch: 123/150 Iter: 53/96 loss: 0.1553 acc: 0.9039 time 0.89s
Epoch: 123/150 Iter: 54/96 loss: 0.1610 acc: 0.9033 time 0.70s
Epoch: 123/150 Iter: 55/96 loss: 0.1591 acc: 0.9051 time 0.70s
Epoch: 123/150 Iter: 56/96 loss: 0.1572 acc: 0.9068 time 0.70s
Epoch: 123/150 Iter: 57/96 loss: 0.1554 acc: 0.9084 time 0.87s
Epoch: 123/150 Iter: 58/96 loss: 0.1550 acc: 0.9081 time 0.72s
Epoch: 123/150 Iter: 59/96 loss: 0.1535 acc: 0.9097 time 0.88s
Epoch: 123/150 Iter: 60/96 loss: 0.1519 acc: 0.9112 time 0.72s
Epoch: 123/150 Iter: 61/96 loss: 0.1504 acc: 0.9126 time 0.77s
Epoch: 123/150 Iter: 62/96 loss: 0.1483 acc: 0.9140 time 0.88s
Epoch: 123/150 Iter: 63/96 loss: 0.1468 acc: 0.9154 time 0.75s
Epoch: 123/150 Iter: 64/96 loss: 0.1465 acc: 0.9167 time 0.76s
Epoch: 123/150 Iter: 65/96 loss: 0.1448 acc: 0.9180 time 0.89s
Epoch: 123/150 Iter: 66/96 loss: 0.1444 acc: 0.9192 time 0.88s
Epoch: 123/150 Iter: 67/96 loss: 0.1439 acc: 0.9204 time 0.87s
Epoch: 123/150 Iter: 68/96 loss: 0.1433 acc: 0.9216 time 0.69s
Epoch: 123/150 Iter: 69/96 loss: 0.1426 acc: 0.9227 time 0.77s
Epoch: 123/150 Iter: 70/96 loss: 0.1422 acc: 0.9238 time 0.88s
Epoch: 123/150 Iter: 71/96 loss: 0.1420 acc: 0.9249 time 0.77s
Epoch: 123/150 Iter: 72/96 loss: 0.1436 acc: 0.9248 time 0.69s
Epoch: 123/150 Iter: 73/96 loss: 0.1466 acc: 0.9224 time 0.70s
Epoch: 123/150 Iter: 74/96 loss: 0.1571 acc: 0.9160 time 0.70s
Epoch: 123/150 Iter: 75/96 loss: 0.1572 acc: 0.9171 time 0.88s
Epoch: 123/150 Iter: 76/96 loss: 0.1556 acc: 0.9182 time 0.69s
Epoch: 123/150 Iter: 77/96 loss: 0.1560 acc: 0.9192 time 0.87s
Epoch: 123/150 Iter: 78/96 loss: 0.1559 acc: 0.9203 time 0.87s
Epoch: 123/150 Iter: 79/96 loss: 0.1576 acc: 0.9199 time 0.89s
Epoch: 123/150 Iter: 80/96 loss: 0.1564 acc: 0.9209 time 0.76s
Epoch: 123/150 Iter: 81/96 loss: 0.1551 acc: 0.9218 time 0.87s
Epoch: 123/150 Iter: 82/96 loss: 0.1560 acc: 0.9174 time 0.68s
Epoch: 123/150 Iter: 83/96 loss: 0.1552 acc: 0.9184 time 0.87s
Epoch: 123/150 Iter: 84/96 loss: 0.1669 acc: 0.9154 time 0.69s
Epoch: 123/150 Iter: 85/96 loss: 0.1656 acc: 0.9164 time 0.68s
Epoch: 123/150 Iter: 86/96 loss: 0.1637 acc: 0.9173 time 0.70s
Epoch: 123/150 Iter: 87/96 loss: 0.1628 acc: 0.9183 time 0.68s
Epoch: 123/150 Iter: 88/96 loss: 0.1620 acc: 0.9192 time 0.70s
Epoch: 123/150 Iter: 89/96 loss: 0.1603 acc: 0.9201 time 0.70s
Epoch: 123/150 Iter: 90/96 loss: 0.1590 acc: 0.9210 time 0.87s
Epoch: 123/150 Iter: 91/96 loss: 0.1576 acc: 0.9219 time 0.69s
Epoch: 123/150 Iter: 92/96 loss: 0.1597 acc: 0.9182 time 0.70s
Epoch: 123/150 Iter: 93/96 loss: 0.1612 acc: 0.9191 time 0.87s
Epoch: 123/150 Iter: 94/96 loss: 0.1604 acc: 0.9199 time 0.68s
Epoch: 123/150 Iter: 95/96 loss: 0.1594 acc: 0.9208 time 0.68s
Epoch: 123/150 Iter: 96/96 loss: 0.1603 acc: 0.9199 time 0.88s
[Train epoch 123] avg_loss=0.1603 avg_acc=0.9199 | per-class [c0: 0.939, c1: 0.933, c2: 0.951]
Final training 123/150, loss: 0.1603, time 74.88s, lr: 0.000089
Accuracy: 0.944
class                  precision    recall   specificity      f1   support
--------------------------------------------------------------------------
0                          0.970     0.939         0.973   0.955       280
1                          0.700     0.933         0.978   0.800        30
2                          0.955     0.951         0.961   0.953       266
*----------------------------------------*
0 Mon Feb 23 14:28:37 2026 Epoch: 124
Epoch: 124/150 Iter: 1/96 loss: 0.0415 acc: 1.0000 time 1.19s
Epoch: 124/150 Iter: 2/96 loss: 0.0350 acc: 1.0000 time 0.69s
Epoch: 124/150 Iter: 3/96 loss: 0.1234 acc: 0.9444 time 0.90s
Epoch: 124/150 Iter: 4/96 loss: 0.1065 acc: 0.9583 time 0.87s
Epoch: 124/150 Iter: 5/96 loss: 0.0966 acc: 0.9667 time 0.88s
Epoch: 124/150 Iter: 6/96 loss: 0.0892 acc: 0.9722 time 0.69s
Epoch: 124/150 Iter: 7/96 loss: 0.0862 acc: 0.9762 time 0.88s
Epoch: 124/150 Iter: 8/96 loss: 0.0876 acc: 0.9792 time 0.88s
Epoch: 124/150 Iter: 9/96 loss: 0.0892 acc: 0.9815 time 0.70s
Epoch: 124/150 Iter: 10/96 loss: 0.1154 acc: 0.9583 time 0.89s
Epoch: 124/150 Iter: 11/96 loss: 0.1124 acc: 0.9621 time 0.71s
Epoch: 124/150 Iter: 12/96 loss: 0.1121 acc: 0.9653 time 0.75s
Epoch: 124/150 Iter: 13/96 loss: 0.1274 acc: 0.9583 time 0.88s
Epoch: 124/150 Iter: 14/96 loss: 0.1588 acc: 0.9375 time 0.88s
Epoch: 124/150 Iter: 15/96 loss: 0.2316 acc: 0.9083 time 0.78s
Epoch: 124/150 Iter: 16/96 loss: 0.2560 acc: 0.8724 time 0.89s
Epoch: 124/150 Iter: 17/96 loss: 0.2506 acc: 0.8725 time 0.88s
Epoch: 124/150 Iter: 18/96 loss: 0.2381 acc: 0.8796 time 0.88s
Epoch: 124/150 Iter: 19/96 loss: 0.2317 acc: 0.8801 time 0.72s
Epoch: 124/150 Iter: 20/96 loss: 0.2284 acc: 0.8861 time 0.88s
Epoch: 124/150 Iter: 21/96 loss: 0.2195 acc: 0.8915 time 0.69s
Epoch: 124/150 Iter: 22/96 loss: 0.2198 acc: 0.8919 time 0.88s
Epoch: 124/150 Iter: 23/96 loss: 0.2112 acc: 0.8966 time 0.89s
Epoch: 124/150 Iter: 24/96 loss: 0.2050 acc: 0.9009 time 0.70s
Epoch: 124/150 Iter: 25/96 loss: 0.2123 acc: 0.8949 time 0.69s
Epoch: 124/150 Iter: 26/96 loss: 0.2055 acc: 0.8989 time 0.70s
Epoch: 124/150 Iter: 27/96 loss: 0.1985 acc: 0.9027 time 0.88s
Epoch: 124/150 Iter: 28/96 loss: 0.1973 acc: 0.9017 time 0.70s
Epoch: 124/150 Iter: 29/96 loss: 0.2071 acc: 0.8898 time 0.88s
Epoch: 124/150 Iter: 30/96 loss: 0.2181 acc: 0.8851 time 0.71s
Epoch: 124/150 Iter: 31/96 loss: 0.2124 acc: 0.8888 time 0.71s
Epoch: 124/150 Iter: 32/96 loss: 0.2134 acc: 0.8888 time 0.88s
Epoch: 124/150 Iter: 33/96 loss: 0.2080 acc: 0.8922 time 0.71s
Epoch: 124/150 Iter: 34/96 loss: 0.2164 acc: 0.8816 time 0.69s
Epoch: 124/150 Iter: 35/96 loss: 0.2138 acc: 0.8802 time 0.71s
Epoch: 124/150 Iter: 36/96 loss: 0.2185 acc: 0.8697 time 0.70s
Epoch: 124/150 Iter: 37/96 loss: 0.2168 acc: 0.8732 time 0.87s
Epoch: 124/150 Iter: 38/96 loss: 0.2145 acc: 0.8743 time 0.70s
Epoch: 124/150 Iter: 39/96 loss: 0.2114 acc: 0.8776 time 0.87s
Epoch: 124/150 Iter: 40/96 loss: 0.2154 acc: 0.8751 time 0.70s
Epoch: 124/150 Iter: 41/96 loss: 0.2143 acc: 0.8720 time 0.74s
Epoch: 124/150 Iter: 42/96 loss: 0.2103 acc: 0.8751 time 0.72s
Epoch: 124/150 Iter: 43/96 loss: 0.2059 acc: 0.8780 time 0.72s
Epoch: 124/150 Iter: 44/96 loss: 0.2028 acc: 0.8807 time 0.69s
Epoch: 124/150 Iter: 45/96 loss: 0.1984 acc: 0.8834 time 0.88s
Epoch: 124/150 Iter: 46/96 loss: 0.2121 acc: 0.8739 time 0.74s
Epoch: 124/150 Iter: 47/96 loss: 0.2104 acc: 0.8765 time 0.76s
Epoch: 124/150 Iter: 48/96 loss: 0.2065 acc: 0.8791 time 0.75s
Epoch: 124/150 Iter: 49/96 loss: 0.2052 acc: 0.8816 time 0.73s
Epoch: 124/150 Iter: 50/96 loss: 0.2014 acc: 0.8839 time 0.73s
Epoch: 124/150 Iter: 51/96 loss: 0.1999 acc: 0.8862 time 0.88s
Epoch: 124/150 Iter: 52/96 loss: 0.2092 acc: 0.8865 time 0.74s
Epoch: 124/150 Iter: 53/96 loss: 0.2108 acc: 0.8867 time 0.70s
Epoch: 124/150 Iter: 54/96 loss: 0.2081 acc: 0.8888 time 0.87s
Epoch: 124/150 Iter: 55/96 loss: 0.2053 acc: 0.8909 time 0.89s
Epoch: 124/150 Iter: 56/96 loss: 0.2029 acc: 0.8928 time 0.77s
Epoch: 124/150 Iter: 57/96 loss: 0.2006 acc: 0.8947 time 0.69s
Epoch: 124/150 Iter: 58/96 loss: 0.1998 acc: 0.8965 time 0.88s
Epoch: 124/150 Iter: 59/96 loss: 0.2049 acc: 0.8926 time 0.74s
Epoch: 124/150 Iter: 60/96 loss: 0.2021 acc: 0.8944 time 0.78s
Epoch: 124/150 Iter: 61/96 loss: 0.1998 acc: 0.8961 time 0.71s
Epoch: 124/150 Iter: 62/96 loss: 0.1985 acc: 0.8978 time 0.94s
Epoch: 124/150 Iter: 63/96 loss: 0.1960 acc: 0.8994 time 0.69s
Epoch: 124/150 Iter: 64/96 loss: 0.2128 acc: 0.8979 time 0.70s
Epoch: 124/150 Iter: 65/96 loss: 0.2176 acc: 0.8979 time 0.88s
Epoch: 124/150 Iter: 66/96 loss: 0.2157 acc: 0.8995 time 0.72s
Epoch: 124/150 Iter: 67/96 loss: 0.2133 acc: 0.9010 time 0.69s
Epoch: 124/150 Iter: 68/96 loss: 0.2169 acc: 0.9024 time 0.89s
Epoch: 124/150 Iter: 69/96 loss: 0.2148 acc: 0.9038 time 0.71s
Epoch: 124/150 Iter: 70/96 loss: 0.2120 acc: 0.9052 time 0.73s
Epoch: 124/150 Iter: 71/96 loss: 0.2119 acc: 0.9030 time 0.78s
Epoch: 124/150 Iter: 72/96 loss: 0.2118 acc: 0.9028 time 0.71s
Epoch: 124/150 Iter: 73/96 loss: 0.2095 acc: 0.9041 time 0.87s
Epoch: 124/150 Iter: 74/96 loss: 0.2085 acc: 0.9054 time 0.78s
Epoch: 124/150 Iter: 75/96 loss: 0.2072 acc: 0.9067 time 0.88s
Epoch: 124/150 Iter: 76/96 loss: 0.2085 acc: 0.9021 time 0.78s
Epoch: 124/150 Iter: 77/96 loss: 0.2088 acc: 0.9012 time 0.87s
Epoch: 124/150 Iter: 78/96 loss: 0.2073 acc: 0.9025 time 0.89s
Epoch: 124/150 Iter: 79/96 loss: 0.2052 acc: 0.9037 time 0.78s
Epoch: 124/150 Iter: 80/96 loss: 0.2068 acc: 0.9035 time 0.71s
Epoch: 124/150 Iter: 81/96 loss: 0.2072 acc: 0.9006 time 0.69s
Epoch: 124/150 Iter: 82/96 loss: 0.2060 acc: 0.9018 time 0.70s
Epoch: 124/150 Iter: 83/96 loss: 0.2045 acc: 0.9030 time 0.69s
Epoch: 124/150 Iter: 84/96 loss: 0.2067 acc: 0.8997 time 0.70s
Epoch: 124/150 Iter: 85/96 loss: 0.2070 acc: 0.8989 time 0.88s
Epoch: 124/150 Iter: 86/96 loss: 0.2047 acc: 0.9001 time 0.69s
Epoch: 124/150 Iter: 87/96 loss: 0.2035 acc: 0.9012 time 0.88s
Epoch: 124/150 Iter: 88/96 loss: 0.2013 acc: 0.9023 time 0.69s
Epoch: 124/150 Iter: 89/96 loss: 0.1994 acc: 0.9034 time 0.69s
Epoch: 124/150 Iter: 90/96 loss: 0.1989 acc: 0.9045 time 0.70s
Epoch: 124/150 Iter: 91/96 loss: 0.1972 acc: 0.9056 time 0.70s
Epoch: 124/150 Iter: 92/96 loss: 0.1960 acc: 0.9066 time 0.88s
Epoch: 124/150 Iter: 93/96 loss: 0.1944 acc: 0.9076 time 0.69s
Epoch: 124/150 Iter: 94/96 loss: 0.1935 acc: 0.9074 time 0.69s
Epoch: 124/150 Iter: 95/96 loss: 0.1942 acc: 0.9084 time 0.88s
Epoch: 124/150 Iter: 96/96 loss: 0.1926 acc: 0.9093 time 0.70s
[Train epoch 124] avg_loss=0.1926 avg_acc=0.9093 | per-class [c0: 0.914, c1: 0.900, c2: 0.929]
Final training 124/150, loss: 0.1926, time 75.07s, lr: 0.000083
Accuracy: 0.920
class                  precision    recall   specificity      f1   support
--------------------------------------------------------------------------
0                          0.952     0.914         0.956   0.933       280
1                          0.750     0.900         0.984   0.818        30
2                          0.911     0.929         0.923   0.920       266
*----------------------------------------*
Val 124/150 1/24, Acc: 0.5000, Loss: 5.4401, time 0.67s
Val 124/150 2/24, Acc: 0.5278, Loss: 2.9413, time 0.67s
Val 124/150 3/24, Acc: 0.6852, Loss: 2.0317, time 0.67s
Val 124/150 4/24, Acc: 0.7639, Loss: 1.5491, time 0.67s
Val 124/150 5/24, Acc: 0.7611, Loss: 1.2782, time 0.67s
Val 124/150 6/24, Acc: 0.8009, Loss: 1.0766, time 0.67s
Val 124/150 7/24, Acc: 0.7698, Loss: 0.9921, time 0.67s
Val 124/150 8/24, Acc: 0.7986, Loss: 0.8768, time 0.67s
Val 124/150 9/24, Acc: 0.8210, Loss: 0.7938, time 0.67s
Val 124/150 10/24, Acc: 0.8389, Loss: 0.7190, time 0.67s
Val 124/150 11/24, Acc: 0.8535, Loss: 0.6710, time 0.67s
Val 124/150 12/24, Acc: 0.8171, Loss: 0.6346, time 0.67s
Val 124/150 13/24, Acc: 0.7927, Loss: 0.6180, time 0.67s
Val 124/150 14/24, Acc: 0.7986, Loss: 0.6012, time 0.67s
Val 124/150 15/24, Acc: 0.8065, Loss: 0.6013, time 0.67s
Val 124/150 16/24, Acc: 0.8123, Loss: 0.5764, time 0.67s
Val 124/150 17/24, Acc: 0.8234, Loss: 0.5485, time 0.67s
Val 124/150 18/24, Acc: 0.8332, Loss: 0.5227, time 0.67s
Val 124/150 19/24, Acc: 0.8156, Loss: 0.5057, time 0.67s
Val 124/150 20/24, Acc: 0.8026, Loss: 0.5321, time 0.67s
Val 124/150 21/24, Acc: 0.8061, Loss: 0.5161, time 0.67s
Val 124/150 22/24, Acc: 0.8073, Loss: 0.5094, time 0.67s
Val 124/150 23/24, Acc: 0.7940, Loss: 0.5919, time 0.67s
Val 124/150 24/24, Acc: 0.7979, Loss: 0.5797, time 0.67s
[Val epoch 124] avg_acc=0.7979 | avg_loss=0.5797 | per-class [c0: 0.900, c1: 0.750, c2: 0.879]
Final validation 124/150, Val_acc: 0.7979, time 16.03sAccuracy: 0.882
class                  precision    recall   specificity      f1   support
--------------------------------------------------------------------------
0                          0.940     0.900         0.946   0.920        70
1                          0.500     0.750         0.956   0.600         8
2                          0.892     0.879         0.910   0.885        66
*========================================*
Saving checkpoint outputs/OrganoidsINRIA_XYZ_thinning_128/swinunetr/2026-02-23-11-31/training/model_final.pt
[EarlyStopping] no improve (4/40)
[EarlyStopping] no improve (39/40)
0 Mon Feb 23 14:30:13 2026 Epoch: 125
Epoch: 125/150 Iter: 1/96 loss: 0.0257 acc: 1.0000 time 1.17s
Epoch: 125/150 Iter: 2/96 loss: 0.0727 acc: 0.9444 time 0.70s
Epoch: 125/150 Iter: 3/96 loss: 0.2804 acc: 0.8148 time 0.78s
Epoch: 125/150 Iter: 4/96 loss: 0.2230 acc: 0.8611 time 0.87s
Epoch: 125/150 Iter: 5/96 loss: 0.2658 acc: 0.8556 time 0.87s
Epoch: 125/150 Iter: 6/96 loss: 0.2804 acc: 0.8588 time 0.87s
Epoch: 125/150 Iter: 7/96 loss: 0.2667 acc: 0.8790 time 0.70s
Epoch: 125/150 Iter: 8/96 loss: 0.2452 acc: 0.8941 time 0.86s
Epoch: 125/150 Iter: 9/96 loss: 0.2350 acc: 0.9059 time 0.86s
Epoch: 125/150 Iter: 10/96 loss: 0.2713 acc: 0.9028 time 0.69s
Epoch: 125/150 Iter: 11/96 loss: 0.2559 acc: 0.9116 time 0.86s
Epoch: 125/150 Iter: 12/96 loss: 0.2394 acc: 0.9190 time 0.92s
Epoch: 125/150 Iter: 13/96 loss: 0.2406 acc: 0.9156 time 0.86s
Epoch: 125/150 Iter: 14/96 loss: 0.2330 acc: 0.9216 time 0.86s
Epoch: 125/150 Iter: 15/96 loss: 0.2229 acc: 0.9269 time 0.74s
Epoch: 125/150 Iter: 16/96 loss: 0.2143 acc: 0.9314 time 0.75s
Epoch: 125/150 Iter: 17/96 loss: 0.2065 acc: 0.9355 time 0.78s
Epoch: 125/150 Iter: 18/96 loss: 0.2003 acc: 0.9390 time 0.86s
Epoch: 125/150 Iter: 19/96 loss: 0.1921 acc: 0.9423 time 0.86s
Epoch: 125/150 Iter: 20/96 loss: 0.1836 acc: 0.9451 time 0.76s
Epoch: 125/150 Iter: 21/96 loss: 0.1785 acc: 0.9478 time 0.76s
Epoch: 125/150 Iter: 22/96 loss: 0.1839 acc: 0.9375 time 0.70s
Epoch: 125/150 Iter: 23/96 loss: 0.1780 acc: 0.9402 time 0.71s
Epoch: 125/150 Iter: 24/96 loss: 0.1892 acc: 0.9253 time 0.74s
Epoch: 125/150 Iter: 25/96 loss: 0.1830 acc: 0.9283 time 0.93s
Epoch: 125/150 Iter: 26/96 loss: 0.1781 acc: 0.9311 time 0.74s
Epoch: 125/150 Iter: 27/96 loss: 0.1743 acc: 0.9336 time 0.73s
Epoch: 125/150 Iter: 28/96 loss: 0.1695 acc: 0.9360 time 0.93s
Epoch: 125/150 Iter: 29/96 loss: 0.1665 acc: 0.9382 time 0.70s
Epoch: 125/150 Iter: 30/96 loss: 0.1719 acc: 0.9264 time 0.69s
Epoch: 125/150 Iter: 31/96 loss: 0.1681 acc: 0.9288 time 0.70s
Epoch: 125/150 Iter: 32/96 loss: 0.1659 acc: 0.9206 time 0.77s
Epoch: 125/150 Iter: 33/96 loss: 0.1630 acc: 0.9230 time 0.82s
Epoch: 125/150 Iter: 34/96 loss: 0.1602 acc: 0.9252 time 0.71s
Epoch: 125/150 Iter: 35/96 loss: 0.1977 acc: 0.9131 time 0.69s
Epoch: 125/150 Iter: 36/96 loss: 0.1968 acc: 0.9155 time 0.75s
Epoch: 125/150 Iter: 37/96 loss: 0.1977 acc: 0.9110 time 0.87s
Epoch: 125/150 Iter: 38/96 loss: 0.1935 acc: 0.9134 time 0.69s
Epoch: 125/150 Iter: 39/96 loss: 0.1895 acc: 0.9156 time 0.75s
Epoch: 125/150 Iter: 40/96 loss: 0.1866 acc: 0.9177 time 0.88s
Epoch: 125/150 Iter: 41/96 loss: 0.1826 acc: 0.9197 time 0.86s
Epoch: 125/150 Iter: 42/96 loss: 0.1821 acc: 0.9216 time 0.87s
Epoch: 125/150 Iter: 43/96 loss: 0.1781 acc: 0.9234 time 0.86s
Epoch: 125/150 Iter: 44/96 loss: 0.1789 acc: 0.9223 time 0.87s
Epoch: 125/150 Iter: 45/96 loss: 0.1763 acc: 0.9241 time 0.71s
Epoch: 125/150 Iter: 46/96 loss: 0.1739 acc: 0.9257 time 0.70s
Epoch: 125/150 Iter: 47/96 loss: 0.1707 acc: 0.9273 time 0.69s
Epoch: 125/150 Iter: 48/96 loss: 0.1696 acc: 0.9288 time 0.87s
Epoch: 125/150 Iter: 49/96 loss: 0.1683 acc: 0.9303 time 0.87s
Epoch: 125/150 Iter: 50/96 loss: 0.1674 acc: 0.9317 time 0.75s
Epoch: 125/150 Iter: 51/96 loss: 0.1677 acc: 0.9308 time 0.71s
Epoch: 125/150 Iter: 52/96 loss: 0.1686 acc: 0.9268 time 0.78s
Epoch: 125/150 Iter: 53/96 loss: 0.1731 acc: 0.9251 time 0.71s
Epoch: 125/150 Iter: 54/96 loss: 0.1708 acc: 0.9264 time 0.78s
Epoch: 125/150 Iter: 55/96 loss: 0.1679 acc: 0.9278 time 0.76s
Epoch: 125/150 Iter: 56/96 loss: 0.1734 acc: 0.9219 time 0.76s
Epoch: 125/150 Iter: 57/96 loss: 0.1707 acc: 0.9233 time 0.86s
Epoch: 125/150 Iter: 58/96 loss: 0.1696 acc: 0.9232 time 0.87s
Epoch: 125/150 Iter: 59/96 loss: 0.1699 acc: 0.9217 time 0.87s
Epoch: 125/150 Iter: 60/96 loss: 0.1735 acc: 0.9209 time 0.69s
Epoch: 125/150 Iter: 61/96 loss: 0.1777 acc: 0.9153 time 0.86s
Epoch: 125/150 Iter: 62/96 loss: 0.1767 acc: 0.9167 time 0.73s
Epoch: 125/150 Iter: 63/96 loss: 0.1861 acc: 0.9088 time 0.72s
Epoch: 125/150 Iter: 64/96 loss: 0.1839 acc: 0.9102 time 0.69s
Epoch: 125/150 Iter: 65/96 loss: 0.1875 acc: 0.9090 time 0.74s
Epoch: 125/150 Iter: 66/96 loss: 0.1880 acc: 0.9079 time 0.87s
Epoch: 125/150 Iter: 67/96 loss: 0.1859 acc: 0.9092 time 0.87s
Epoch: 125/150 Iter: 68/96 loss: 0.1923 acc: 0.9091 time 0.75s
Epoch: 125/150 Iter: 69/96 loss: 0.1898 acc: 0.9104 time 0.77s
Epoch: 125/150 Iter: 70/96 loss: 0.1916 acc: 0.9103 time 0.86s
Epoch: 125/150 Iter: 71/96 loss: 0.1891 acc: 0.9115 time 0.70s
Epoch: 125/150 Iter: 72/96 loss: 0.1870 acc: 0.9128 time 0.76s
Epoch: 125/150 Iter: 73/96 loss: 0.1869 acc: 0.9140 time 0.70s
Epoch: 125/150 Iter: 74/96 loss: 0.1868 acc: 0.9151 time 0.69s
Epoch: 125/150 Iter: 75/96 loss: 0.1868 acc: 0.9129 time 0.71s
Epoch: 125/150 Iter: 76/96 loss: 0.1851 acc: 0.9141 time 0.70s
Epoch: 125/150 Iter: 77/96 loss: 0.1839 acc: 0.9152 time 0.75s
Epoch: 125/150 Iter: 78/96 loss: 0.1865 acc: 0.9131 time 0.72s
Epoch: 125/150 Iter: 79/96 loss: 0.1843 acc: 0.9142 time 0.69s
Epoch: 125/150 Iter: 80/96 loss: 0.1820 acc: 0.9152 time 0.70s
Epoch: 125/150 Iter: 81/96 loss: 0.1799 acc: 0.9163 time 0.85s
Epoch: 125/150 Iter: 82/96 loss: 0.1780 acc: 0.9173 time 0.86s
Epoch: 125/150 Iter: 83/96 loss: 0.1774 acc: 0.9183 time 0.70s
Epoch: 125/150 Iter: 84/96 loss: 0.1759 acc: 0.9193 time 0.71s
Epoch: 125/150 Iter: 85/96 loss: 0.1748 acc: 0.9189 time 0.69s
Epoch: 125/150 Iter: 86/96 loss: 0.1735 acc: 0.9199 time 0.86s
Epoch: 125/150 Iter: 87/96 loss: 0.1727 acc: 0.9208 time 0.68s
Epoch: 125/150 Iter: 88/96 loss: 0.1716 acc: 0.9217 time 0.69s
Epoch: 125/150 Iter: 89/96 loss: 0.1699 acc: 0.9226 time 0.68s
Epoch: 125/150 Iter: 90/96 loss: 0.1698 acc: 0.9222 time 0.70s
Epoch: 125/150 Iter: 91/96 loss: 0.1685 acc: 0.9230 time 0.69s
Epoch: 125/150 Iter: 92/96 loss: 0.2044 acc: 0.9203 time 0.86s
Epoch: 125/150 Iter: 93/96 loss: 0.2024 acc: 0.9211 time 0.70s
Epoch: 125/150 Iter: 94/96 loss: 0.2011 acc: 0.9220 time 0.86s
Epoch: 125/150 Iter: 95/96 loss: 0.1996 acc: 0.9228 time 0.69s
Epoch: 125/150 Iter: 96/96 loss: 0.2025 acc: 0.9192 time 0.70s
[Train epoch 125] avg_loss=0.2025 avg_acc=0.9192 | per-class [c0: 0.936, c1: 0.933, c2: 0.940]
Final training 125/150, loss: 0.2025, time 74.66s, lr: 0.000077
Accuracy: 0.938
class                  precision    recall   specificity      f1   support
--------------------------------------------------------------------------
0                          0.960     0.936         0.963   0.948       280
1                          0.757     0.933         0.984   0.836        30
2                          0.940     0.940         0.948   0.940       266
*----------------------------------------*
0 Mon Feb 23 14:31:28 2026 Epoch: 126
Epoch: 126/150 Iter: 1/96 loss: 0.0913 acc: 0.9167 time 1.16s
Epoch: 126/150 Iter: 2/96 loss: 0.0595 acc: 0.9583 time 0.91s
Epoch: 126/150 Iter: 3/96 loss: 0.0557 acc: 0.9722 time 0.76s
Epoch: 126/150 Iter: 4/96 loss: 0.0487 acc: 0.9792 time 0.71s
Epoch: 126/150 Iter: 5/96 loss: 0.0482 acc: 0.9833 time 0.86s
Epoch: 126/150 Iter: 6/96 loss: 0.0561 acc: 0.9861 time 0.75s
Epoch: 126/150 Iter: 7/96 loss: 0.1120 acc: 0.9048 time 0.87s
Epoch: 126/150 Iter: 8/96 loss: 0.1320 acc: 0.8958 time 0.86s
Epoch: 126/150 Iter: 9/96 loss: 0.1901 acc: 0.8935 time 0.75s
Epoch: 126/150 Iter: 10/96 loss: 0.1746 acc: 0.9042 time 0.74s
Epoch: 126/150 Iter: 11/96 loss: 0.2093 acc: 0.8902 time 0.71s
Epoch: 126/150 Iter: 12/96 loss: 0.1964 acc: 0.8993 time 0.87s
Epoch: 126/150 Iter: 13/96 loss: 0.1841 acc: 0.9071 time 0.87s
Epoch: 126/150 Iter: 14/96 loss: 0.1866 acc: 0.8839 time 0.69s
Epoch: 126/150 Iter: 15/96 loss: 0.2233 acc: 0.8694 time 0.89s
Epoch: 126/150 Iter: 16/96 loss: 0.2125 acc: 0.8776 time 0.87s
Epoch: 126/150 Iter: 17/96 loss: 0.2008 acc: 0.8848 time 0.70s
Epoch: 126/150 Iter: 18/96 loss: 0.2065 acc: 0.8634 time 0.76s
Epoch: 126/150 Iter: 19/96 loss: 0.2026 acc: 0.8640 time 0.75s
Epoch: 126/150 Iter: 20/96 loss: 0.1969 acc: 0.8708 time 0.78s
Epoch: 126/150 Iter: 21/96 loss: 0.1906 acc: 0.8770 time 0.87s
Epoch: 126/150 Iter: 22/96 loss: 0.1840 acc: 0.8826 time 0.78s
Epoch: 126/150 Iter: 23/96 loss: 0.1766 acc: 0.8877 time 0.86s
Epoch: 126/150 Iter: 24/96 loss: 0.1756 acc: 0.8877 time 0.93s
Epoch: 126/150 Iter: 25/96 loss: 0.1747 acc: 0.8922 time 0.87s
Epoch: 126/150 Iter: 26/96 loss: 0.1703 acc: 0.8964 time 0.70s
Epoch: 126/150 Iter: 27/96 loss: 0.1691 acc: 0.9002 time 0.73s
Epoch: 126/150 Iter: 28/96 loss: 0.1755 acc: 0.8978 time 0.77s
Epoch: 126/150 Iter: 29/96 loss: 0.1709 acc: 0.9013 time 0.71s
Epoch: 126/150 Iter: 30/96 loss: 0.1679 acc: 0.9046 time 0.86s
Epoch: 126/150 Iter: 31/96 loss: 0.1665 acc: 0.9077 time 0.87s
Epoch: 126/150 Iter: 32/96 loss: 0.1781 acc: 0.9028 time 0.76s
Epoch: 126/150 Iter: 33/96 loss: 0.1781 acc: 0.9019 time 0.80s
Epoch: 126/150 Iter: 34/96 loss: 0.1790 acc: 0.9048 time 0.70s
Epoch: 126/150 Iter: 35/96 loss: 0.1799 acc: 0.9075 time 0.87s
Epoch: 126/150 Iter: 36/96 loss: 0.1814 acc: 0.9078 time 0.75s
Epoch: 126/150 Iter: 37/96 loss: 0.1826 acc: 0.9103 time 0.86s
Epoch: 126/150 Iter: 38/96 loss: 0.1840 acc: 0.9094 time 0.69s
Epoch: 126/150 Iter: 39/96 loss: 0.1820 acc: 0.9117 time 0.69s
Epoch: 126/150 Iter: 40/96 loss: 0.1804 acc: 0.9139 time 0.80s
Epoch: 126/150 Iter: 41/96 loss: 0.1775 acc: 0.9160 time 0.87s
Epoch: 126/150 Iter: 42/96 loss: 0.1747 acc: 0.9180 time 0.73s
Epoch: 126/150 Iter: 43/96 loss: 0.1723 acc: 0.9199 time 0.75s
Epoch: 126/150 Iter: 44/96 loss: 0.1739 acc: 0.9179 time 0.69s
Epoch: 126/150 Iter: 45/96 loss: 0.1879 acc: 0.9099 time 0.72s
Epoch: 126/150 Iter: 46/96 loss: 0.1865 acc: 0.9118 time 0.76s
Epoch: 126/150 Iter: 47/96 loss: 0.1830 acc: 0.9137 time 0.77s
Epoch: 126/150 Iter: 48/96 loss: 0.1848 acc: 0.9063 time 0.72s
Epoch: 126/150 Iter: 49/96 loss: 0.1813 acc: 0.9082 time 0.72s
Epoch: 126/150 Iter: 50/96 loss: 0.1866 acc: 0.9075 time 0.71s
Epoch: 126/150 Iter: 51/96 loss: 0.1867 acc: 0.9006 time 0.69s
Epoch: 126/150 Iter: 52/96 loss: 0.1854 acc: 0.8993 time 0.75s
Epoch: 126/150 Iter: 53/96 loss: 0.1827 acc: 0.9012 time 0.84s
Epoch: 126/150 Iter: 54/96 loss: 0.1805 acc: 0.9030 time 0.90s
Epoch: 126/150 Iter: 55/96 loss: 0.1820 acc: 0.9003 time 0.78s
Epoch: 126/150 Iter: 56/96 loss: 0.1813 acc: 0.9020 time 0.88s
Epoch: 126/150 Iter: 57/96 loss: 0.1835 acc: 0.8960 time 0.69s
Epoch: 126/150 Iter: 58/96 loss: 0.1817 acc: 0.8977 time 0.72s
Epoch: 126/150 Iter: 59/96 loss: 0.1803 acc: 0.8995 time 0.87s
Epoch: 126/150 Iter: 60/96 loss: 0.1822 acc: 0.8984 time 0.86s
Epoch: 126/150 Iter: 61/96 loss: 0.1823 acc: 0.8973 time 0.86s
Epoch: 126/150 Iter: 62/96 loss: 0.1825 acc: 0.8963 time 0.70s
Epoch: 126/150 Iter: 63/96 loss: 0.1804 acc: 0.8979 time 0.70s
Epoch: 126/150 Iter: 64/96 loss: 0.1865 acc: 0.8930 time 0.87s
Epoch: 126/150 Iter: 65/96 loss: 0.1841 acc: 0.8947 time 0.71s
Epoch: 126/150 Iter: 66/96 loss: 0.1839 acc: 0.8963 time 0.86s
Epoch: 126/150 Iter: 67/96 loss: 0.1815 acc: 0.8978 time 0.70s
Epoch: 126/150 Iter: 68/96 loss: 0.1802 acc: 0.8993 time 0.87s
Epoch: 126/150 Iter: 69/96 loss: 0.1789 acc: 0.9008 time 0.86s
Epoch: 126/150 Iter: 70/96 loss: 0.1782 acc: 0.9022 time 0.87s
Epoch: 126/150 Iter: 71/96 loss: 0.1843 acc: 0.8932 time 0.87s
Epoch: 126/150 Iter: 72/96 loss: 0.1851 acc: 0.8936 time 0.70s
Epoch: 126/150 Iter: 73/96 loss: 0.1883 acc: 0.8916 time 0.80s
Epoch: 126/150 Iter: 74/96 loss: 0.1884 acc: 0.8908 time 0.73s
Epoch: 126/150 Iter: 75/96 loss: 0.1867 acc: 0.8923 time 0.88s
Epoch: 126/150 Iter: 76/96 loss: 0.1895 acc: 0.8924 time 0.70s
Epoch: 126/150 Iter: 77/96 loss: 0.1883 acc: 0.8938 time 0.71s
Epoch: 126/150 Iter: 78/96 loss: 0.1875 acc: 0.8951 time 0.74s
Epoch: 126/150 Iter: 79/96 loss: 0.1858 acc: 0.8964 time 0.87s
Epoch: 126/150 Iter: 80/96 loss: 0.1841 acc: 0.8977 time 0.86s
Epoch: 126/150 Iter: 81/96 loss: 0.1825 acc: 0.8990 time 0.86s
Epoch: 126/150 Iter: 82/96 loss: 0.1811 acc: 0.9002 time 0.86s
Epoch: 126/150 Iter: 83/96 loss: 0.1833 acc: 0.8999 time 0.86s
Epoch: 126/150 Iter: 84/96 loss: 0.1812 acc: 0.9011 time 0.85s
Epoch: 126/150 Iter: 85/96 loss: 0.1809 acc: 0.9023 time 0.70s
Epoch: 126/150 Iter: 86/96 loss: 0.1804 acc: 0.9034 time 0.70s
Epoch: 126/150 Iter: 87/96 loss: 0.1820 acc: 0.9017 time 0.69s
Epoch: 126/150 Iter: 88/96 loss: 0.1864 acc: 0.9016 time 0.70s
Epoch: 126/150 Iter: 89/96 loss: 0.1858 acc: 0.9027 time 0.70s
Epoch: 126/150 Iter: 90/96 loss: 0.1843 acc: 0.9038 time 0.86s
Epoch: 126/150 Iter: 91/96 loss: 0.1856 acc: 0.9021 time 0.69s
Epoch: 126/150 Iter: 92/96 loss: 0.1845 acc: 0.9032 time 0.70s
Epoch: 126/150 Iter: 93/96 loss: 0.1835 acc: 0.9042 time 0.71s
Epoch: 126/150 Iter: 94/96 loss: 0.1855 acc: 0.9041 time 0.70s
Epoch: 126/150 Iter: 95/96 loss: 0.1847 acc: 0.9033 time 0.85s
Epoch: 126/150 Iter: 96/96 loss: 0.1868 acc: 0.9017 time 0.70s
[Train epoch 126] avg_loss=0.1868 avg_acc=0.9017 | per-class [c0: 0.925, c1: 0.967, c2: 0.913]
Final training 126/150, loss: 0.1868, time 75.61s, lr: 0.000072
Accuracy: 0.922
class                  precision    recall   specificity      f1   support
--------------------------------------------------------------------------
0                          0.956     0.925         0.959   0.940       281
1                          0.674     0.967         0.974   0.795        30
2                          0.927     0.913         0.939   0.920       265
*----------------------------------------*
Val 126/150 1/24, Acc: 0.5000, Loss: 6.2379, time 0.68s
Val 126/150 2/24, Acc: 0.5278, Loss: 3.3020, time 0.67s
Val 126/150 3/24, Acc: 0.6852, Loss: 2.3099, time 0.67s
Val 126/150 4/24, Acc: 0.7639, Loss: 1.7588, time 0.67s
Val 126/150 5/24, Acc: 0.7611, Loss: 1.4486, time 0.67s
Val 126/150 6/24, Acc: 0.8009, Loss: 1.2201, time 0.67s
Val 126/150 7/24, Acc: 0.7698, Loss: 1.1116, time 0.67s
Val 126/150 8/24, Acc: 0.7986, Loss: 0.9797, time 0.67s
Val 126/150 9/24, Acc: 0.8210, Loss: 0.8861, time 0.67s
Val 126/150 10/24, Acc: 0.8389, Loss: 0.8000, time 0.67s
Val 126/150 11/24, Acc: 0.8535, Loss: 0.7610, time 0.67s
Val 126/150 12/24, Acc: 0.8171, Loss: 0.7178, time 0.67s
Val 126/150 13/24, Acc: 0.7927, Loss: 0.6933, time 0.67s
Val 126/150 14/24, Acc: 0.7808, Loss: 0.6693, time 0.67s
Val 126/150 15/24, Acc: 0.7843, Loss: 0.6679, time 0.67s
Val 126/150 16/24, Acc: 0.7977, Loss: 0.6334, time 0.67s
Val 126/150 17/24, Acc: 0.8096, Loss: 0.6044, time 0.67s
Val 126/150 18/24, Acc: 0.8202, Loss: 0.5766, time 0.67s
Val 126/150 19/24, Acc: 0.8034, Loss: 0.5582, time 0.67s
Val 126/150 20/24, Acc: 0.7910, Loss: 0.5790, time 0.67s
Val 126/150 21/24, Acc: 0.7950, Loss: 0.5609, time 0.67s
Val 126/150 22/24, Acc: 0.7967, Loss: 0.5520, time 0.67s
Val 126/150 23/24, Acc: 0.7838, Loss: 0.6475, time 0.67s
Val 126/150 24/24, Acc: 0.7882, Loss: 0.6344, time 0.67s
[Val epoch 126] avg_acc=0.7882 | avg_loss=0.6344 | per-class [c0: 0.914, c1: 0.750, c2: 0.848]
Final validation 126/150, Val_acc: 0.7882, time 16.04sAccuracy: 0.875
class                  precision    recall   specificity      f1   support
--------------------------------------------------------------------------
0                          0.914     0.914         0.919   0.914        70
1                          0.500     0.750         0.956   0.600         8
2                          0.903     0.848         0.923   0.875        66
*========================================*
Saving checkpoint outputs/OrganoidsINRIA_XYZ_thinning_128/swinunetr/2026-02-23-11-31/training/model_final.pt
[EarlyStopping] no improve (5/40)
[EarlyStopping] no improve (40/40)
[EarlyStopping] Stopping Validation for loss at epoch 126
Training Finished! Best Accuracy: 0.8297
====================================================================================================

Saving plots to: outputs/OrganoidsINRIA_XYZ_thinning_128/swinunetr/2026-02-23-11-31/training/plots
=> loading checkpoint 'outputs/OrganoidsINRIA_XYZ_thinning_128/swinunetr/2026-02-23-11-31/training/best_model.pt'
Loaded 130 keys from checkpoint
Testing 1/14, Acc: 0.4167, Loss: 0.1658, time 1.79s
Testing 2/14, Acc: 0.7083, Loss: 0.1405, time 0.64s
Testing 3/14, Acc: 0.6111, Loss: 0.3223, time 0.64s
Testing 4/14, Acc: 0.7083, Loss: 0.2430, time 0.64s
Testing 5/14, Acc: 0.7667, Loss: 0.2087, time 0.64s
Testing 6/14, Acc: 0.8056, Loss: 0.1754, time 0.64s
Testing 7/14, Acc: 0.7262, Loss: 0.5759, time 0.64s
Testing 8/14, Acc: 0.7188, Loss: 0.5812, time 0.64s
Testing 9/14, Acc: 0.6759, Loss: 0.5893, time 0.64s
Testing 10/14, Acc: 0.6333, Loss: 0.6297, time 0.64s
Testing 11/14, Acc: 0.6667, Loss: 0.5752, time 0.64s
Testing 12/14, Acc: 0.6944, Loss: 0.5281, time 0.64s
Testing 13/14, Acc: 0.6581, Loss: 0.5629, time 0.64s
Testing 14/14, Acc: 0.6748, Loss: 0.5395, time 1.70s
[Testing] avg_acc=0.6748 | avg_loss=0.5395 | per-class [c0: 0.925, c1: 0.400, c2: 0.784]
Final testing , Test_acc: 0.6748, time 11.19sAccuracy: 0.829
class                  precision    recall   specificity      f1   support
--------------------------------------------------------------------------
0                          0.860     0.925         0.857   0.892        40
1                          0.400     0.400         0.961   0.400         5
2                          0.853     0.784         0.889   0.817        37
*========================================*
Testing Finished! Best Accuracy: 0.6748
Saving plots to: outputs/OrganoidsINRIA_XYZ_thinning_128/swinunetr/2026-02-23-11-31/testing/plots
Total time spent: 03 hours 01 minutes 54 seconds

Final Results Summary:
| TrainLoss | TrainAcc | ValAccMax | W_TrainF1 | W_TrainPrecision | W_TrainRecall | W_TrainSpecificity | TestAcc | W_TestF1 | W_TestPrecision | W_TestRecall | W_TestSpecificity |
| 0.1868 | 0.9017 | 0.8889 | 0.8911 | 0.8978 | 0.8889 | 0.9265 | 0.8293 | 0.8279 | 0.8290 | 0.8293 | 0.8778 |

