2026-02-23 11:31:30,405 INFO Log directory: outputs/OrganoidsINRIA_XYZ_thinning_128/swinunetr/2026-02-23-11-31
2026-02-23 11:31:30,407 INFO {'RandFlipd_prob': 0.2,
 'RandRotate90d_prob': 0.2,
 'RandScaleIntensityd_prob': 0.1,
 'RandShiftIntensityd_prob': 0.1,
 'amp': True,
 'augmentation': True,
 'batch_size': 6,
 'cache_dataset': False,
 'checkpoint_path': None,
 'data_dir': '/home/mraffael/martone_project/Organoids_Dataset_Slice_128/',
 'dataset_name': 'OrganoidsINRIA_XYZ_thinning_128',
 'debug': False,
 'debug_train_samples': 40,
 'debug_val_samples': 10,
 'dist_backend': 'nccl',
 'dist_url': 'tcp://127.0.0.1:23456',
 'distributed': False,
 'dropout_path_rate': 0.0,
 'dropout_rate': 0.0,
 'early_stopping': True,
 'encoder10_pth': '',
 'exact_class': False,
 'feature_size': 48,
 'fold': 0,
 'folds': False,
 'gpu': 0,
 'ignore_label': 3,
 'in_channels': 1,
 'infer_overlap': 0.5,
 'k_folds': 5,
 'logdir': 'test',
 'logs_dir': 'logs/',
 'loss_name': 'CE',
 'lrschedule': 'warmup_cosine',
 'max_epochs': 150,
 'min_delta_loss': 0.001,
 'min_delta_val': 0.01,
 'model_name': 'swinunetr',
 'momentum': 0.99,
 'n_slices': 64,
 'noamp': False,
 'norm_name': 'instance',
 'oar_id': 2273775,
 'optim_lr': 0.001,
 'optim_name': 'adamw',
 'out_channels': 1,
 'output_dir': 'outputs/',
 'patch_merging': False,
 'patience_loss': 40,
 'patience_val': 40,
 'pretrained_dir': './pretrained_models/fold1_f48_ep300_4gpu_dice0_9059/',
 'pretrained_model_name': 'model_swinvit.pt',
 'rank': 0,
 'reg_weight': 5e-05,
 'restart_T0': 20,
 'resume_ckpt': False,
 'roi_x': 128,
 'roi_y': 128,
 'roi_z': 128,
 'save_checkpoint': True,
 'seed': 3,
 'similarity_loss': '',
 'similarity_loss_weight': 0.0,
 'slice_selection': False,
 'spatial_dims': 3,
 'split_method': 'stratified',
 'start_epoch': 0,
 'sw_batch_size': 8,
 'telegram_log': True,
 'test_mode': False,
 'token': './token/tlg_token.txt',
 'use_checkpoint': False,
 'val_every': 2,
 'warmup_epochs': 5,
 'workers': 8,
 'world_size': 1}
2026-02-23 11:31:30,407 INFO 
2026-02-23 11:31:30,412 INFO Saved configuration to: outputs/OrganoidsINRIA_XYZ_thinning_128/swinunetr/2026-02-23-11-31/config.txt
2026-02-23 11:31:30,912 INFO Using GPU: 0
2026-02-23 11:31:30,913 INFO 
2026-02-23 11:31:30,913 INFO Model INFO:
2026-02-23 11:31:30,913 INFO Model architecture: swinunetr
2026-02-23 11:31:31,321 INFO Using pretrained weights
2026-02-23 11:31:31,321 INFO => loading pretrained model './pretrained_models/fold1_f48_ep300_4gpu_dice0_9059/model_swinvit.pt'
2026-02-23 11:31:35,030 INFO Missing keys when loading pretrained: 33
2026-02-23 11:31:35,030 INFO Unexpected keys when loading pretrained: 8
2026-02-23 11:31:35,037 INFO Using SwinUNETR with Single Linear Classification Head
2026-02-23 11:31:35,039 INFO Total trainable parameters: 39,914,805
2026-02-23 11:31:35,057 INFO 
2026-02-23 11:31:35,057 INFO Optimizer INFO:
2026-02-23 11:31:35,058 INFO Using optimizer: adamw with lr=0.001, weight_decay=5e-05
2026-02-23 11:31:35,058 INFO 
2026-02-23 11:31:35,058 INFO Dataset INFO:
2026-02-23 11:31:35,076 INFO Dataset length: 721
2026-02-23 11:31:35,076 INFO Class distribution in entire dataset:
2026-02-23 11:31:35,076 INFO   Class 0: 351
2026-02-23 11:31:35,076 INFO   Class 1: 38
2026-02-23 11:31:35,076 INFO   Class 2: 332
2026-02-23 11:31:35,076 INFO 
Using split method: stratified
2026-02-23 11:31:35,086 INFO 
Train set balance:
2026-02-23 11:31:35,086 INFO 
Val set balance:
2026-02-23 11:31:35,087 INFO Training set length: 577
2026-02-23 11:31:35,087 INFO Validation set length: 144
2026-02-23 11:31:35,087 INFO 
Using standard shuffle for training
2026-02-23 11:31:35,087 INFO Training loader: 96 batches
2026-02-23 11:31:35,087 INFO Validation loader: 24 batches
2026-02-23 11:31:35,087 INFO 
Class distribution in training set:
2026-02-23 11:31:35,087 INFO   Class 0: 281 (48.7%)
2026-02-23 11:31:35,087 INFO   Class 1: 30 (5.2%)
2026-02-23 11:31:35,087 INFO   Class 2: 266 (46.1%)
2026-02-23 11:31:35,087 INFO Class distribution in validation set:
2026-02-23 11:31:35,087 INFO   Class 0: 70 (48.6%)
2026-02-23 11:31:35,087 INFO   Class 1: 8 (5.6%)
2026-02-23 11:31:35,087 INFO   Class 2: 66 (45.8%)
2026-02-23 11:31:35,087 INFO **************************************************
2026-02-23 11:31:35,119 INFO Class weights: [ 6.845  64.111  7.231]
2026-02-23 11:31:35,119 INFO 
2026-02-23 11:31:35,119 INFO Test Dataset INFO:
2026-02-23 11:31:35,127 INFO Test Dataset length: 82
2026-02-23 11:31:35,127 INFO Class distribution in test dataset:
2026-02-23 11:31:35,127 INFO   Class 0: 40
2026-02-23 11:31:35,127 INFO   Class 1: 5
2026-02-23 11:31:35,128 INFO   Class 2: 37
2026-02-23 11:31:35,128 INFO Test loader: 14 batches
2026-02-23 11:31:35,128 INFO **************************************************
2026-02-23 11:31:35,128 INFO 
2026-02-23 11:31:35,128 INFO Using loss function: CE
2026-02-23 11:31:35,131 INFO **************************************************
2026-02-23 11:31:35,131 INFO Starting training...
2026-02-23 11:31:35,134 INFO 0 Mon Feb 23 11:31:35 2026 Epoch: 1
2026-02-23 11:32:58,268 INFO Final training 1/150, loss: 1.1444, time 83.13s, lr: 0.000000
Accuracy: 0.462
class                  precision    recall   specificity      f1   support
--------------------------------------------------------------------------
0                          0.000     0.000         1.000   0.000       280
1                          0.000     0.000         1.000   0.000        30
2                          0.462     1.000         0.000   0.632       266
*----------------------------------------*
2026-02-23 11:32:58,733 INFO 0 Mon Feb 23 11:32:58 2026 Epoch: 2
2026-02-23 11:34:13,886 INFO Final training 2/150, loss: 1.1524, time 75.15s, lr: 0.000250
Accuracy: 0.509
class                  precision    recall   specificity      f1   support
--------------------------------------------------------------------------
0                          0.522     0.461         0.601   0.490       280
1                          0.157     0.267         0.921   0.198        30
2                          0.561     0.586         0.606   0.574       266
*----------------------------------------*
2026-02-23 11:34:33,189 INFO Final validation 2/150, Val_acc: 0.5427, time 19.30sAccuracy: 0.604
class                  precision    recall   specificity      f1   support
--------------------------------------------------------------------------
0                          0.806     0.357         0.919   0.495        70
1                          0.222     0.500         0.897   0.308         8
2                          0.611     0.879         0.526   0.720        66
*========================================*
2026-02-23 11:34:33,189 INFO New best (0.000000 --> 0.542708)
2026-02-23 11:34:39,382 INFO Copying best model to best_model.pt
2026-02-23 11:34:43,565 INFO 0 Mon Feb 23 11:34:43 2026 Epoch: 3
2026-02-23 11:35:59,822 INFO Final training 3/150, loss: 0.9454, time 76.26s, lr: 0.000500
Accuracy: 0.585
class                  precision    recall   specificity      f1   support
--------------------------------------------------------------------------
0                          0.649     0.475         0.757   0.548       280
1                          0.136     0.367         0.872   0.198        30
2                          0.666     0.726         0.687   0.694       266
*----------------------------------------*
2026-02-23 11:35:59,823 INFO 0 Mon Feb 23 11:35:59 2026 Epoch: 4
2026-02-23 11:37:16,323 INFO Final training 4/150, loss: 0.9131, time 76.50s, lr: 0.000750
Accuracy: 0.608
class                  precision    recall   specificity      f1   support
--------------------------------------------------------------------------
0                          0.655     0.541         0.729   0.593       281
1                          0.177     0.367         0.907   0.239        30
2                          0.663     0.706         0.695   0.684       265
*----------------------------------------*
2026-02-23 11:37:32,490 INFO Final validation 4/150, Val_acc: 0.5297, time 16.17sAccuracy: 0.583
class                  precision    recall   specificity      f1   support
--------------------------------------------------------------------------
0                          0.880     0.314         0.959   0.463        70
1                          0.174     0.500         0.860   0.258         8
2                          0.604     0.879         0.513   0.716        66
*========================================*
2026-02-23 11:37:37,361 INFO 0 Mon Feb 23 11:37:37 2026 Epoch: 5
2026-02-23 11:38:52,972 INFO Final training 5/150, loss: 0.7683, time 75.61s, lr: 0.001000
Accuracy: 0.656
class                  precision    recall   specificity      f1   support
--------------------------------------------------------------------------
0                          0.727     0.541         0.807   0.620       281
1                          0.295     0.600         0.921   0.396        30
2                          0.680     0.785         0.685   0.729       265
*----------------------------------------*
2026-02-23 11:38:52,972 INFO 0 Mon Feb 23 11:38:52 2026 Epoch: 6
2026-02-23 11:40:08,796 INFO Final training 6/150, loss: 0.6938, time 75.82s, lr: 0.001000
Accuracy: 0.714
class                  precision    recall   specificity      f1   support
--------------------------------------------------------------------------
0                          0.811     0.643         0.858   0.717       280
1                          0.395     0.567         0.952   0.466        30
2                          0.688     0.805         0.687   0.742       266
*----------------------------------------*
2026-02-23 11:40:25,069 INFO Final validation 6/150, Val_acc: 0.7006, time 16.27sAccuracy: 0.764
class                  precision    recall   specificity      f1   support
--------------------------------------------------------------------------
0                          0.877     0.714         0.905   0.787        70
1                          0.444     0.500         0.963   0.471         8
2                          0.718     0.848         0.718   0.778        66
*========================================*
2026-02-23 11:40:25,069 INFO New best (0.542708 --> 0.700579)
2026-02-23 11:40:31,339 INFO Copying best model to best_model.pt
2026-02-23 11:40:35,704 INFO 0 Mon Feb 23 11:40:35 2026 Epoch: 7
2026-02-23 11:41:50,974 INFO Final training 7/150, loss: 0.7021, time 75.27s, lr: 0.001000
Accuracy: 0.660
class                  precision    recall   specificity      f1   support
--------------------------------------------------------------------------
0                          0.710     0.604         0.767   0.653       280
1                          0.385     0.667         0.941   0.488        30
2                          0.668     0.718         0.694   0.692       266
*----------------------------------------*
2026-02-23 11:41:50,974 INFO 0 Mon Feb 23 11:41:50 2026 Epoch: 8
2026-02-23 11:43:08,170 INFO Final training 8/150, loss: 0.6176, time 77.20s, lr: 0.001000
Accuracy: 0.740
class                  precision    recall   specificity      f1   support
--------------------------------------------------------------------------
0                          0.806     0.712         0.837   0.756       281
1                          0.451     0.767         0.949   0.568        30
2                          0.733     0.766         0.762   0.749       265
*----------------------------------------*
2026-02-23 11:43:24,338 INFO Final validation 8/150, Val_acc: 0.5795, time 16.17sAccuracy: 0.625
class                  precision    recall   specificity      f1   support
--------------------------------------------------------------------------
0                          1.000     0.357         1.000   0.526        70
1                          0.273     0.750         0.882   0.400         8
2                          0.608     0.894         0.513   0.724        66
*========================================*
2026-02-23 11:43:29,237 INFO 0 Mon Feb 23 11:43:29 2026 Epoch: 9
2026-02-23 11:44:44,285 INFO Final training 9/150, loss: 0.6193, time 75.05s, lr: 0.000999
Accuracy: 0.727
class                  precision    recall   specificity      f1   support
--------------------------------------------------------------------------
0                          0.819     0.693         0.855   0.750       280
1                          0.396     0.700         0.941   0.506        30
2                          0.713     0.767         0.735   0.739       266
*----------------------------------------*
2026-02-23 11:44:44,285 INFO 0 Mon Feb 23 11:44:44 2026 Epoch: 10
2026-02-23 11:45:59,926 INFO Final training 10/150, loss: 0.6478, time 75.64s, lr: 0.000998
Accuracy: 0.705
class                  precision    recall   specificity      f1   support
--------------------------------------------------------------------------
0                          0.758     0.671         0.797   0.712       280
1                          0.449     0.733         0.951   0.557        30
2                          0.703     0.737         0.732   0.719       266
*----------------------------------------*
2026-02-23 11:46:16,069 INFO Final validation 10/150, Val_acc: 0.6559, time 16.14sAccuracy: 0.694
class                  precision    recall   specificity      f1   support
--------------------------------------------------------------------------
0                          0.973     0.514         0.986   0.673        70
1                          0.417     0.625         0.949   0.500         8
2                          0.621     0.894         0.538   0.733        66
*========================================*
2026-02-23 11:46:20,964 INFO 0 Mon Feb 23 11:46:20 2026 Epoch: 11
2026-02-23 11:47:37,230 INFO Final training 11/150, loss: 0.6273, time 76.27s, lr: 0.000997
Accuracy: 0.724
class                  precision    recall   specificity      f1   support
--------------------------------------------------------------------------
0                          0.832     0.636         0.878   0.721       280
1                          0.447     0.700         0.952   0.545        30
2                          0.692     0.820         0.687   0.750       266
*----------------------------------------*
2026-02-23 11:47:37,694 INFO 0 Mon Feb 23 11:47:37 2026 Epoch: 12
2026-02-23 11:48:52,107 INFO Final training 12/150, loss: 0.6104, time 74.41s, lr: 0.000996
Accuracy: 0.717
class                  precision    recall   specificity      f1   support
--------------------------------------------------------------------------
0                          0.766     0.714         0.794   0.739       280
1                          0.463     0.833         0.947   0.595        30
2                          0.720     0.707         0.765   0.713       266
*----------------------------------------*
2026-02-23 11:49:08,237 INFO Final validation 12/150, Val_acc: 0.7479, time 16.13sAccuracy: 0.792
class                  precision    recall   specificity      f1   support
--------------------------------------------------------------------------
0                          0.903     0.800         0.919   0.848        70
1                          0.333     0.500         0.941   0.400         8
2                          0.771     0.818         0.795   0.794        66
*========================================*
2026-02-23 11:49:08,237 INFO New best (0.700579 --> 0.747917)
2026-02-23 11:49:14,551 INFO Copying best model to best_model.pt
2026-02-23 11:49:18,948 INFO 0 Mon Feb 23 11:49:18 2026 Epoch: 13
2026-02-23 11:50:33,160 INFO Final training 13/150, loss: 0.5180, time 74.21s, lr: 0.000994
Accuracy: 0.778
class                  precision    recall   specificity      f1   support
--------------------------------------------------------------------------
0                          0.838     0.757         0.861   0.795       280
1                          0.524     0.733         0.963   0.611        30
2                          0.762     0.805         0.784   0.782       266
*----------------------------------------*
2026-02-23 11:50:33,160 INFO 0 Mon Feb 23 11:50:33 2026 Epoch: 14
2026-02-23 11:51:49,574 INFO Final training 14/150, loss: 0.5421, time 76.41s, lr: 0.000993
Accuracy: 0.762
class                  precision    recall   specificity      f1   support
--------------------------------------------------------------------------
0                          0.827     0.747         0.851   0.785       281
1                          0.465     0.667         0.958   0.548        30
2                          0.749     0.789         0.775   0.768       265
*----------------------------------------*
2026-02-23 11:52:05,731 INFO Final validation 14/150, Val_acc: 0.6617, time 16.16sAccuracy: 0.757
class                  precision    recall   specificity      f1   support
--------------------------------------------------------------------------
0                          0.892     0.829         0.905   0.859        70
1                          0.250     0.750         0.868   0.375         8
2                          0.818     0.682         0.872   0.744        66
*========================================*
2026-02-23 11:52:10,650 INFO 0 Mon Feb 23 11:52:10 2026 Epoch: 15
2026-02-23 11:53:26,436 INFO Final training 15/150, loss: 0.5218, time 75.79s, lr: 0.000991
Accuracy: 0.771
class                  precision    recall   specificity      f1   support
--------------------------------------------------------------------------
0                          0.835     0.754         0.858   0.793       281
1                          0.469     0.767         0.952   0.582        30
2                          0.766     0.789         0.794   0.777       265
*----------------------------------------*
2026-02-23 11:53:26,436 INFO 0 Mon Feb 23 11:53:26 2026 Epoch: 16
2026-02-23 11:54:42,756 INFO Final training 16/150, loss: 0.4852, time 76.32s, lr: 0.000988
Accuracy: 0.776
class                  precision    recall   specificity      f1   support
--------------------------------------------------------------------------
0                          0.833     0.779         0.851   0.805       281
1                          0.467     0.724         0.956   0.568        29
2                          0.772     0.778         0.803   0.775       266
*----------------------------------------*
2026-02-23 11:54:58,905 INFO Final validation 16/150, Val_acc: 0.7404, time 16.15sAccuracy: 0.812
class                  precision    recall   specificity      f1   support
--------------------------------------------------------------------------
0                          0.932     0.786         0.946   0.853        70
1                          0.429     0.750         0.941   0.545         8
2                          0.789     0.848         0.808   0.818        66
*========================================*
2026-02-23 11:55:03,833 INFO 0 Mon Feb 23 11:55:03 2026 Epoch: 17
2026-02-23 11:56:17,883 INFO Final training 17/150, loss: 0.4405, time 74.05s, lr: 0.000986
Accuracy: 0.809
class                  precision    recall   specificity      f1   support
--------------------------------------------------------------------------
0                          0.883     0.782         0.902   0.830       280
1                          0.511     0.800         0.958   0.623        30
2                          0.794     0.838         0.813   0.815       266
*----------------------------------------*
2026-02-23 11:56:17,883 INFO 0 Mon Feb 23 11:56:17 2026 Epoch: 18
2026-02-23 11:57:33,452 INFO Final training 18/150, loss: 0.4173, time 75.57s, lr: 0.000983
Accuracy: 0.830
class                  precision    recall   specificity      f1   support
--------------------------------------------------------------------------
0                          0.888     0.825         0.902   0.856       280
1                          0.549     0.933         0.958   0.691        30
2                          0.826     0.823         0.852   0.825       266
*----------------------------------------*
2026-02-23 11:57:49,586 INFO Final validation 18/150, Val_acc: 0.7269, time 16.13sAccuracy: 0.806
class                  precision    recall   specificity      f1   support
--------------------------------------------------------------------------
0                          0.808     0.900         0.797   0.851        70
1                          0.500     0.625         0.963   0.556         8
2                          0.857     0.727         0.897   0.787        66
*========================================*
2026-02-23 11:57:54,521 INFO 0 Mon Feb 23 11:57:54 2026 Epoch: 19
2026-02-23 11:59:11,571 INFO Final training 19/150, loss: 0.4622, time 77.05s, lr: 0.000980
Accuracy: 0.811
class                  precision    recall   specificity      f1   support
--------------------------------------------------------------------------
0                          0.856     0.829         0.868   0.842       280
1                          0.500     0.833         0.954   0.625        30
2                          0.824     0.789         0.855   0.806       266
*----------------------------------------*
2026-02-23 11:59:11,571 INFO 0 Mon Feb 23 11:59:11 2026 Epoch: 20
2026-02-23 12:00:28,196 INFO Final training 20/150, loss: 0.5009, time 76.62s, lr: 0.000977
Accuracy: 0.800
class                  precision    recall   specificity      f1   support
--------------------------------------------------------------------------
0                          0.847     0.793         0.865   0.819       280
1                          0.489     0.767         0.956   0.597        30
2                          0.809     0.812         0.835   0.811       266
*----------------------------------------*
2026-02-23 12:00:44,300 INFO Final validation 20/150, Val_acc: 0.7508, time 16.10sAccuracy: 0.819
class                  precision    recall   specificity      f1   support
--------------------------------------------------------------------------
0                          0.982     0.771         0.986   0.864        70
1                          0.429     0.750         0.941   0.545         8
2                          0.773     0.879         0.782   0.823        66
*========================================*
2026-02-23 12:00:44,300 INFO New best (0.747917 --> 0.750810)
2026-02-23 12:00:50,600 INFO Copying best model to best_model.pt
2026-02-23 12:00:54,993 INFO 0 Mon Feb 23 12:00:54 2026 Epoch: 21
2026-02-23 12:02:11,677 INFO Final training 21/150, loss: 0.4336, time 76.68s, lr: 0.000974
Accuracy: 0.800
class                  precision    recall   specificity      f1   support
--------------------------------------------------------------------------
0                          0.862     0.779         0.881   0.819       281
1                          0.521     0.833         0.958   0.641        30
2                          0.792     0.819         0.817   0.805       265
*----------------------------------------*
2026-02-23 12:02:12,180 INFO 0 Mon Feb 23 12:02:12 2026 Epoch: 22
2026-02-23 12:03:27,379 INFO Final training 22/150, loss: 0.5280, time 75.20s, lr: 0.000970
Accuracy: 0.767
class                  precision    recall   specificity      f1   support
--------------------------------------------------------------------------
0                          0.833     0.744         0.858   0.786       281
1                          0.500     0.800         0.956   0.615        30
2                          0.755     0.789         0.781   0.771       265
*----------------------------------------*
2026-02-23 12:03:43,422 INFO Final validation 22/150, Val_acc: 0.7380, time 16.04sAccuracy: 0.799
class                  precision    recall   specificity      f1   support
--------------------------------------------------------------------------
0                          0.963     0.743         0.973   0.839        70
1                          0.364     0.500         0.949   0.421         8
2                          0.747     0.894         0.744   0.814        66
*========================================*
2026-02-23 12:03:48,332 INFO 0 Mon Feb 23 12:03:48 2026 Epoch: 23
2026-02-23 12:05:04,377 INFO Final training 23/150, loss: 0.4994, time 76.04s, lr: 0.000966
Accuracy: 0.804
class                  precision    recall   specificity      f1   support
--------------------------------------------------------------------------
0                          0.863     0.808         0.878   0.835       281
1                          0.449     0.733         0.951   0.557        30
2                          0.811     0.808         0.839   0.809       265
*----------------------------------------*
2026-02-23 12:05:04,378 INFO 0 Mon Feb 23 12:05:04 2026 Epoch: 24
2026-02-23 12:06:19,590 INFO Final training 24/150, loss: 0.4693, time 75.21s, lr: 0.000962
Accuracy: 0.793
class                  precision    recall   specificity      f1   support
--------------------------------------------------------------------------
0                          0.853     0.789         0.872   0.820       280
1                          0.489     0.767         0.956   0.597        30
2                          0.789     0.801         0.816   0.795       266
*----------------------------------------*
2026-02-23 12:06:35,645 INFO Final validation 24/150, Val_acc: 0.7609, time 16.06sAccuracy: 0.833
class                  precision    recall   specificity      f1   support
--------------------------------------------------------------------------
0                          0.935     0.829         0.946   0.879        70
1                          0.385     0.625         0.941   0.476         8
2                          0.826     0.864         0.846   0.844        66
*========================================*
2026-02-23 12:06:35,646 INFO New best (0.750810 --> 0.760880)
2026-02-23 12:06:41,927 INFO Copying best model to best_model.pt
2026-02-23 12:06:46,318 INFO 0 Mon Feb 23 12:06:46 2026 Epoch: 25
2026-02-23 12:08:02,051 INFO Final training 25/150, loss: 0.4223, time 75.73s, lr: 0.000958
Accuracy: 0.811
class                  precision    recall   specificity      f1   support
--------------------------------------------------------------------------
0                          0.855     0.821         0.868   0.838       280
1                          0.519     0.900         0.954   0.659        30
2                          0.824     0.789         0.855   0.806       266
*----------------------------------------*
2026-02-23 12:08:02,051 INFO 0 Mon Feb 23 12:08:02 2026 Epoch: 26
2026-02-23 12:09:17,682 INFO Final training 26/150, loss: 0.4329, time 75.63s, lr: 0.000954
Accuracy: 0.806
class                  precision    recall   specificity      f1   support
--------------------------------------------------------------------------
0                          0.879     0.776         0.898   0.824       281
1                          0.490     0.833         0.952   0.617        30
2                          0.798     0.834         0.820   0.815       265
*----------------------------------------*
2026-02-23 12:09:33,728 INFO Final validation 26/150, Val_acc: 0.7407, time 16.04sAccuracy: 0.812
class                  precision    recall   specificity      f1   support
--------------------------------------------------------------------------
0                          0.906     0.829         0.919   0.866        70
1                          0.375     0.750         0.926   0.500         8
2                          0.828     0.803         0.859   0.815        66
*========================================*
2026-02-23 12:09:38,676 INFO 0 Mon Feb 23 12:09:38 2026 Epoch: 27
2026-02-23 12:10:54,477 INFO Final training 27/150, loss: 0.4499, time 75.80s, lr: 0.000949
Accuracy: 0.819
class                  precision    recall   specificity      f1   support
--------------------------------------------------------------------------
0                          0.872     0.800         0.889   0.834       280
1                          0.532     0.833         0.960   0.649        30
2                          0.820     0.838         0.842   0.829       266
*----------------------------------------*
2026-02-23 12:10:54,478 INFO 0 Mon Feb 23 12:10:54 2026 Epoch: 28
2026-02-23 12:12:09,450 INFO Final training 28/150, loss: 0.4465, time 74.97s, lr: 0.000944
Accuracy: 0.826
class                  precision    recall   specificity      f1   support
--------------------------------------------------------------------------
0                          0.883     0.808         0.898   0.844       281
1                          0.510     0.867         0.954   0.642        30
2                          0.832     0.842         0.855   0.837       265
*----------------------------------------*
2026-02-23 12:12:25,495 INFO Final validation 28/150, Val_acc: 0.7640, time 16.04sAccuracy: 0.826
class                  precision    recall   specificity      f1   support
--------------------------------------------------------------------------
0                          0.922     0.843         0.932   0.881        70
1                          0.375     0.750         0.926   0.500         8
2                          0.844     0.818         0.872   0.831        66
*========================================*
2026-02-23 12:12:25,495 INFO New best (0.760880 --> 0.764005)
2026-02-23 12:12:31,767 INFO Copying best model to best_model.pt
2026-02-23 12:12:36,157 INFO 0 Mon Feb 23 12:12:36 2026 Epoch: 29
2026-02-23 12:13:50,740 INFO Final training 29/150, loss: 0.3884, time 74.58s, lr: 0.000939
Accuracy: 0.856
class                  precision    recall   specificity      f1   support
--------------------------------------------------------------------------
0                          0.912     0.846         0.922   0.878       280
1                          0.542     0.867         0.960   0.667        30
2                          0.858     0.865         0.877   0.861       266
*----------------------------------------*
2026-02-23 12:13:50,740 INFO 0 Mon Feb 23 12:13:50 2026 Epoch: 30
2026-02-23 12:15:05,933 INFO Final training 30/150, loss: 0.4348, time 75.19s, lr: 0.000934
Accuracy: 0.807
class                  precision    recall   specificity      f1   support
--------------------------------------------------------------------------
0                          0.860     0.814         0.875   0.837       280
1                          0.455     0.833         0.945   0.588        30
2                          0.828     0.797         0.858   0.812       266
*----------------------------------------*
2026-02-23 12:15:21,999 INFO Final validation 30/150, Val_acc: 0.7412, time 16.07sAccuracy: 0.833
class                  precision    recall   specificity      f1   support
--------------------------------------------------------------------------
0                          0.935     0.829         0.946   0.879        70
1                          0.300     0.375         0.949   0.333         8
2                          0.819     0.894         0.833   0.855        66
*========================================*
2026-02-23 12:15:26,963 INFO 0 Mon Feb 23 12:15:26 2026 Epoch: 31
2026-02-23 12:16:40,326 INFO Final training 31/150, loss: 0.4357, time 73.36s, lr: 0.000928
Accuracy: 0.804
class                  precision    recall   specificity      f1   support
--------------------------------------------------------------------------
0                          0.860     0.811         0.875   0.835       280
1                          0.471     0.800         0.951   0.593        30
2                          0.812     0.797         0.842   0.805       266
*----------------------------------------*
2026-02-23 12:16:40,740 INFO 0 Mon Feb 23 12:16:40 2026 Epoch: 32
2026-02-23 12:17:56,522 INFO Final training 32/150, loss: 0.3948, time 75.78s, lr: 0.000923
Accuracy: 0.835
class                  precision    recall   specificity      f1   support
--------------------------------------------------------------------------
0                          0.892     0.826         0.905   0.858       281
1                          0.543     0.833         0.962   0.658        30
2                          0.830     0.845         0.852   0.837       265
*----------------------------------------*
2026-02-23 12:18:12,562 INFO Final validation 32/150, Val_acc: 0.7600, time 16.04sAccuracy: 0.833
class                  precision    recall   specificity      f1   support
--------------------------------------------------------------------------
0                          0.855     0.929         0.851   0.890        70
1                          0.357     0.625         0.934   0.455         8
2                          0.926     0.758         0.949   0.833        66
*========================================*
2026-02-23 12:18:17,488 INFO 0 Mon Feb 23 12:18:17 2026 Epoch: 33
2026-02-23 12:19:31,756 INFO Final training 33/150, loss: 0.4042, time 74.27s, lr: 0.000917
Accuracy: 0.844
class                  precision    recall   specificity      f1   support
--------------------------------------------------------------------------
0                          0.899     0.854         0.908   0.876       281
1                          0.520     0.867         0.956   0.650        30
2                          0.849     0.830         0.875   0.840       265
*----------------------------------------*
2026-02-23 12:19:31,756 INFO 0 Mon Feb 23 12:19:31 2026 Epoch: 34
2026-02-23 12:20:47,688 INFO Final training 34/150, loss: 0.3734, time 75.93s, lr: 0.000911
Accuracy: 0.849
class                  precision    recall   specificity      f1   support
--------------------------------------------------------------------------
0                          0.910     0.832         0.922   0.869       280
1                          0.574     0.900         0.963   0.701        30
2                          0.839     0.861         0.858   0.850       266
*----------------------------------------*
2026-02-23 12:21:03,728 INFO Final validation 34/150, Val_acc: 0.7633, time 16.04sAccuracy: 0.826
class                  precision    recall   specificity      f1   support
--------------------------------------------------------------------------
0                          0.935     0.829         0.946   0.879        70
1                          0.375     0.750         0.926   0.500         8
2                          0.833     0.833         0.859   0.833        66
*========================================*
2026-02-23 12:21:08,739 INFO 0 Mon Feb 23 12:21:08 2026 Epoch: 35
2026-02-23 12:22:23,495 INFO Final training 35/150, loss: 0.3804, time 74.76s, lr: 0.000905
Accuracy: 0.845
class                  precision    recall   specificity      f1   support
--------------------------------------------------------------------------
0                          0.892     0.851         0.902   0.871       281
1                          0.551     0.900         0.960   0.684        30
2                          0.853     0.834         0.878   0.844       265
*----------------------------------------*
2026-02-23 12:22:23,495 INFO 0 Mon Feb 23 12:22:23 2026 Epoch: 36
2026-02-23 12:23:39,007 INFO Final training 36/150, loss: 0.3622, time 75.51s, lr: 0.000898
Accuracy: 0.840
class                  precision    recall   specificity      f1   support
--------------------------------------------------------------------------
0                          0.875     0.843         0.885   0.859       281
1                          0.614     0.900         0.969   0.730        30
2                          0.843     0.830         0.868   0.837       265
*----------------------------------------*
2026-02-23 12:23:55,073 INFO Final validation 36/150, Val_acc: 0.7650, time 16.07sAccuracy: 0.833
class                  precision    recall   specificity      f1   support
--------------------------------------------------------------------------
0                          0.983     0.814         0.986   0.891        70
1                          0.375     0.750         0.926   0.500         8
2                          0.814     0.864         0.833   0.838        66
*========================================*
2026-02-23 12:23:55,073 INFO New best (0.764005 --> 0.765046)
2026-02-23 12:24:01,566 INFO Copying best model to best_model.pt
2026-02-23 12:24:05,910 INFO 0 Mon Feb 23 12:24:05 2026 Epoch: 37
2026-02-23 12:25:21,396 INFO Final training 37/150, loss: 0.3709, time 75.49s, lr: 0.000891
Accuracy: 0.861
class                  precision    recall   specificity      f1   support
--------------------------------------------------------------------------
0                          0.919     0.846         0.929   0.881       280
1                          0.574     0.900         0.963   0.701        30
2                          0.856     0.872         0.874   0.864       266
*----------------------------------------*
2026-02-23 12:25:21,396 INFO 0 Mon Feb 23 12:25:21 2026 Epoch: 38
2026-02-23 12:26:36,406 INFO Final training 38/150, loss: 0.3968, time 75.01s, lr: 0.000885
Accuracy: 0.839
class                  precision    recall   specificity      f1   support
--------------------------------------------------------------------------
0                          0.878     0.847         0.888   0.862       281
1                          0.551     0.900         0.960   0.684        30
2                          0.852     0.823         0.878   0.837       265
*----------------------------------------*
2026-02-23 12:26:52,497 INFO Final validation 38/150, Val_acc: 0.7940, time 16.09sAccuracy: 0.854
class                  precision    recall   specificity      f1   support
--------------------------------------------------------------------------
0                          0.938     0.857         0.946   0.896        70
1                          0.500     0.625         0.963   0.556         8
2                          0.829     0.879         0.846   0.853        66
*========================================*
2026-02-23 12:26:52,497 INFO New best (0.765046 --> 0.793981)
2026-02-23 12:26:58,755 INFO Copying best model to best_model.pt
2026-02-23 12:27:03,121 INFO 0 Mon Feb 23 12:27:03 2026 Epoch: 39
2026-02-23 12:28:19,400 INFO Final training 39/150, loss: 0.3863, time 76.28s, lr: 0.000878
Accuracy: 0.851
class                  precision    recall   specificity      f1   support
--------------------------------------------------------------------------
0                          0.893     0.858         0.902   0.875       281
1                          0.543     0.833         0.962   0.658        30
2                          0.862     0.845         0.884   0.853       265
*----------------------------------------*
2026-02-23 12:28:19,400 INFO 0 Mon Feb 23 12:28:19 2026 Epoch: 40
2026-02-23 12:29:33,936 INFO Final training 40/150, loss: 0.3917, time 74.54s, lr: 0.000870
Accuracy: 0.849
class                  precision    recall   specificity      f1   support
--------------------------------------------------------------------------
0                          0.893     0.832         0.905   0.861       280
1                          0.641     0.833         0.974   0.725        30
2                          0.837     0.868         0.855   0.852       266
*----------------------------------------*
2026-02-23 12:29:50,009 INFO Final validation 40/150, Val_acc: 0.7197, time 16.07sAccuracy: 0.792
class                  precision    recall   specificity      f1   support
--------------------------------------------------------------------------
0                          0.900     0.900         0.905   0.900        70
1                          0.261     0.750         0.875   0.387         8
2                          0.882     0.682         0.923   0.769        66
*========================================*
2026-02-23 12:29:54,931 INFO 0 Mon Feb 23 12:29:54 2026 Epoch: 41
2026-02-23 12:31:09,655 INFO Final training 41/150, loss: 0.3977, time 74.72s, lr: 0.000863
Accuracy: 0.833
class                  precision    recall   specificity      f1   support
--------------------------------------------------------------------------
0                          0.881     0.840         0.892   0.860       281
1                          0.538     0.933         0.956   0.683        30
2                          0.844     0.815         0.871   0.829       265
*----------------------------------------*
2026-02-23 12:31:10,104 INFO 0 Mon Feb 23 12:31:10 2026 Epoch: 42
2026-02-23 12:32:25,402 INFO Final training 42/150, loss: 0.4098, time 75.30s, lr: 0.000855
Accuracy: 0.839
class                  precision    recall   specificity      f1   support
--------------------------------------------------------------------------
0                          0.883     0.832         0.895   0.857       280
1                          0.565     0.867         0.963   0.684        30
2                          0.842     0.842         0.865   0.842       266
*----------------------------------------*
2026-02-23 12:32:41,449 INFO Final validation 42/150, Val_acc: 0.7553, time 16.05sAccuracy: 0.826
class                  precision    recall   specificity      f1   support
--------------------------------------------------------------------------
0                          0.937     0.843         0.946   0.887        70
1                          0.375     0.750         0.926   0.500         8
2                          0.831     0.818         0.859   0.824        66
*========================================*
2026-02-23 12:32:46,393 INFO 0 Mon Feb 23 12:32:46 2026 Epoch: 43
2026-02-23 12:34:01,644 INFO Final training 43/150, loss: 0.3752, time 75.25s, lr: 0.000848
Accuracy: 0.861
class                  precision    recall   specificity      f1   support
--------------------------------------------------------------------------
0                          0.937     0.850         0.946   0.891       280
1                          0.500     0.800         0.956   0.615        30
2                          0.854     0.880         0.871   0.867       266
*----------------------------------------*
2026-02-23 12:34:01,644 INFO 0 Mon Feb 23 12:34:01 2026 Epoch: 44
2026-02-23 12:35:17,059 INFO Final training 44/150, loss: 0.4362, time 75.41s, lr: 0.000840
Accuracy: 0.845
class                  precision    recall   specificity      f1   support
--------------------------------------------------------------------------
0                          0.881     0.840         0.892   0.860       281
1                          0.605     0.867         0.969   0.712        30
2                          0.849     0.849         0.871   0.849       265
*----------------------------------------*
2026-02-23 12:35:33,137 INFO Final validation 44/150, Val_acc: 0.7155, time 16.08sAccuracy: 0.778
class                  precision    recall   specificity      f1   support
--------------------------------------------------------------------------
0                          0.731     0.971         0.662   0.834        70
1                          0.556     0.625         0.971   0.588         8
2                          0.929     0.591         0.962   0.722        66
*========================================*
2026-02-23 12:35:38,076 INFO 0 Mon Feb 23 12:35:38 2026 Epoch: 45
2026-02-23 12:36:52,236 INFO Final training 45/150, loss: 0.3950, time 74.16s, lr: 0.000832
Accuracy: 0.842
class                  precision    recall   specificity      f1   support
--------------------------------------------------------------------------
0                          0.881     0.843         0.892   0.862       281
1                          0.600     0.900         0.967   0.720        30
2                          0.844     0.834         0.868   0.839       265
*----------------------------------------*
2026-02-23 12:36:52,236 INFO 0 Mon Feb 23 12:36:52 2026 Epoch: 46
2026-02-23 12:38:06,850 INFO Final training 46/150, loss: 0.3986, time 74.61s, lr: 0.000824
Accuracy: 0.851
class                  precision    recall   specificity      f1   support
--------------------------------------------------------------------------
0                          0.899     0.854         0.908   0.876       281
1                          0.545     0.800         0.963   0.649        30
2                          0.853     0.853         0.875   0.853       265
*----------------------------------------*
2026-02-23 12:38:22,921 INFO Final validation 46/150, Val_acc: 0.7588, time 16.07sAccuracy: 0.819
class                  precision    recall   specificity      f1   support
--------------------------------------------------------------------------
0                          1.000     0.757         1.000   0.862        70
1                          0.400     0.750         0.934   0.522         8
2                          0.776     0.894         0.782   0.831        66
*========================================*
2026-02-23 12:38:27,870 INFO 0 Mon Feb 23 12:38:27 2026 Epoch: 47
2026-02-23 12:39:44,344 INFO Final training 47/150, loss: 0.3867, time 76.47s, lr: 0.000815
Accuracy: 0.835
class                  precision    recall   specificity      f1   support
--------------------------------------------------------------------------
0                          0.866     0.851         0.875   0.858       281
1                          0.551     0.900         0.960   0.684        30
2                          0.857     0.811         0.884   0.833       265
*----------------------------------------*
2026-02-23 12:39:44,345 INFO 0 Mon Feb 23 12:39:44 2026 Epoch: 48
2026-02-23 12:41:00,089 INFO Final training 48/150, loss: 0.3800, time 75.74s, lr: 0.000807
Accuracy: 0.839
class                  precision    recall   specificity      f1   support
--------------------------------------------------------------------------
0                          0.881     0.840         0.892   0.860       281
1                          0.551     0.900         0.960   0.684        30
2                          0.849     0.830         0.875   0.840       265
*----------------------------------------*
2026-02-23 12:41:16,132 INFO Final validation 48/150, Val_acc: 0.8118, time 16.04sAccuracy: 0.875
class                  precision    recall   specificity      f1   support
--------------------------------------------------------------------------
0                          0.954     0.886         0.959   0.919        70
1                          0.455     0.625         0.956   0.526         8
2                          0.868     0.894         0.885   0.881        66
*========================================*
2026-02-23 12:41:16,132 INFO New best (0.793981 --> 0.811806)
2026-02-23 12:41:22,404 INFO Copying best model to best_model.pt
2026-02-23 12:41:26,720 INFO 0 Mon Feb 23 12:41:26 2026 Epoch: 49
2026-02-23 12:42:41,176 INFO Final training 49/150, loss: 0.4411, time 74.46s, lr: 0.000798
Accuracy: 0.826
class                  precision    recall   specificity      f1   support
--------------------------------------------------------------------------
0                          0.883     0.836         0.895   0.859       281
1                          0.460     0.767         0.951   0.575        30
2                          0.838     0.823         0.865   0.830       265
*----------------------------------------*
2026-02-23 12:42:41,176 INFO 0 Mon Feb 23 12:42:41 2026 Epoch: 50
2026-02-23 12:43:55,649 INFO Final training 50/150, loss: 0.3929, time 74.47s, lr: 0.000789
Accuracy: 0.828
class                  precision    recall   specificity      f1   support
--------------------------------------------------------------------------
0                          0.880     0.814         0.895   0.846       280
1                          0.556     0.833         0.963   0.667        30
2                          0.824     0.842         0.845   0.833       266
*----------------------------------------*
2026-02-23 12:44:11,704 INFO Final validation 50/150, Val_acc: 0.7763, time 16.06sAccuracy: 0.833
class                  precision    recall   specificity      f1   support
--------------------------------------------------------------------------
0                          0.912     0.886         0.919   0.899        70
1                          0.353     0.750         0.919   0.480         8
2                          0.881     0.788         0.910   0.832        66
*========================================*
2026-02-23 12:44:16,673 INFO 0 Mon Feb 23 12:44:16 2026 Epoch: 51
2026-02-23 12:45:33,295 INFO Final training 51/150, loss: 0.3786, time 76.62s, lr: 0.000781
Accuracy: 0.865
class                  precision    recall   specificity      f1   support
--------------------------------------------------------------------------
0                          0.911     0.875         0.919   0.893       281
1                          0.538     0.933         0.956   0.683        30
2                          0.882     0.845         0.904   0.863       265
*----------------------------------------*
2026-02-23 12:45:33,773 INFO 0 Mon Feb 23 12:45:33 2026 Epoch: 52
2026-02-23 12:46:49,658 INFO Final training 52/150, loss: 0.3331, time 75.89s, lr: 0.000772
Accuracy: 0.863
class                  precision    recall   specificity      f1   support
--------------------------------------------------------------------------
0                          0.913     0.857         0.922   0.884       280
1                          0.574     0.900         0.963   0.701        30
2                          0.865     0.865         0.884   0.865       266
*----------------------------------------*
2026-02-23 12:47:05,721 INFO Final validation 52/150, Val_acc: 0.7752, time 16.06sAccuracy: 0.833
class                  precision    recall   specificity      f1   support
--------------------------------------------------------------------------
0                          0.982     0.771         0.986   0.864        70
1                          0.455     0.625         0.956   0.526         8
2                          0.782     0.924         0.782   0.847        66
*========================================*
2026-02-23 12:47:10,680 INFO 0 Mon Feb 23 12:47:10 2026 Epoch: 53
2026-02-23 12:48:27,110 INFO Final training 53/150, loss: 0.3535, time 76.43s, lr: 0.000762
Accuracy: 0.852
class                  precision    recall   specificity      f1   support
--------------------------------------------------------------------------
0                          0.902     0.854         0.912   0.877       280
1                          0.528     0.933         0.954   0.675        30
2                          0.868     0.842         0.890   0.855       266
*----------------------------------------*
2026-02-23 12:48:27,110 INFO 0 Mon Feb 23 12:48:27 2026 Epoch: 54
2026-02-23 12:49:40,974 INFO Final training 54/150, loss: 0.3924, time 73.86s, lr: 0.000753
Accuracy: 0.856
class                  precision    recall   specificity      f1   support
--------------------------------------------------------------------------
0                          0.913     0.857         0.922   0.884       280
1                          0.511     0.767         0.960   0.613        30
2                          0.858     0.865         0.877   0.861       266
*----------------------------------------*
2026-02-23 12:49:57,042 INFO Final validation 54/150, Val_acc: 0.7535, time 16.07sAccuracy: 0.847
class                  precision    recall   specificity      f1   support
--------------------------------------------------------------------------
0                          0.886     0.886         0.892   0.886        70
1                          0.500     0.500         0.971   0.500         8
2                          0.848     0.848         0.872   0.848        66
*========================================*
2026-02-23 12:50:01,996 INFO 0 Mon Feb 23 12:50:01 2026 Epoch: 55
2026-02-23 12:51:17,146 INFO Final training 55/150, loss: 0.3803, time 75.15s, lr: 0.000744
Accuracy: 0.847
class                  precision    recall   specificity      f1   support
--------------------------------------------------------------------------
0                          0.880     0.864         0.889   0.872       280
1                          0.578     0.867         0.965   0.693        30
2                          0.859     0.827         0.884   0.843       266
*----------------------------------------*
2026-02-23 12:51:17,146 INFO 0 Mon Feb 23 12:51:17 2026 Epoch: 56
2026-02-23 12:52:32,786 INFO Final training 56/150, loss: 0.3686, time 75.64s, lr: 0.000734
Accuracy: 0.854
class                  precision    recall   specificity      f1   support
--------------------------------------------------------------------------
0                          0.908     0.850         0.919   0.878       280
1                          0.543     0.833         0.962   0.658        30
2                          0.854     0.861         0.874   0.858       266
*----------------------------------------*
2026-02-23 12:52:48,868 INFO Final validation 56/150, Val_acc: 0.7499, time 16.08sAccuracy: 0.840
class                  precision    recall   specificity      f1   support
--------------------------------------------------------------------------
0                          0.922     0.843         0.932   0.881        70
1                          0.417     0.625         0.949   0.500         8
2                          0.838     0.864         0.859   0.851        66
*========================================*
2026-02-23 12:52:53,904 INFO 0 Mon Feb 23 12:52:53 2026 Epoch: 57
2026-02-23 12:54:09,645 INFO Final training 57/150, loss: 0.3481, time 75.74s, lr: 0.000725
Accuracy: 0.865
class                  precision    recall   specificity      f1   support
--------------------------------------------------------------------------
0                          0.909     0.861         0.919   0.884       280
1                          0.596     0.933         0.965   0.727        30
2                          0.867     0.861         0.887   0.864       266
*----------------------------------------*
2026-02-23 12:54:09,645 INFO 0 Mon Feb 23 12:54:09 2026 Epoch: 58
2026-02-23 12:55:24,812 INFO Final training 58/150, loss: 0.4001, time 75.17s, lr: 0.000715
Accuracy: 0.849
class                  precision    recall   specificity      f1   support
--------------------------------------------------------------------------
0                          0.908     0.843         0.919   0.875       281
1                          0.532     0.833         0.960   0.649        30
2                          0.847     0.857         0.868   0.852       265
*----------------------------------------*
2026-02-23 12:55:40,867 INFO Final validation 58/150, Val_acc: 0.7622, time 16.05sAccuracy: 0.833
class                  precision    recall   specificity      f1   support
--------------------------------------------------------------------------
0                          0.873     0.886         0.878   0.879        70
1                          0.500     0.625         0.963   0.556         8
2                          0.841     0.803         0.872   0.822        66
*========================================*
2026-02-23 12:55:45,876 INFO 0 Mon Feb 23 12:55:45 2026 Epoch: 59
2026-02-23 12:57:00,634 INFO Final training 59/150, loss: 0.3506, time 74.76s, lr: 0.000705
Accuracy: 0.851
class                  precision    recall   specificity      f1   support
--------------------------------------------------------------------------
0                          0.915     0.843         0.926   0.877       280
1                          0.542     0.867         0.960   0.667        30
2                          0.844     0.857         0.865   0.851       266
*----------------------------------------*
2026-02-23 12:57:00,634 INFO 0 Mon Feb 23 12:57:00 2026 Epoch: 60
2026-02-23 12:58:16,240 INFO Final training 60/150, loss: 0.3135, time 75.61s, lr: 0.000695
Accuracy: 0.866
class                  precision    recall   specificity      f1   support
--------------------------------------------------------------------------
0                          0.907     0.868         0.916   0.887       280
1                          0.605     0.867         0.969   0.712        30
2                          0.868     0.865         0.887   0.866       266
*----------------------------------------*
2026-02-23 12:58:32,304 INFO Final validation 60/150, Val_acc: 0.7645, time 16.06sAccuracy: 0.847
class                  precision    recall   specificity      f1   support
--------------------------------------------------------------------------
0                          0.924     0.871         0.932   0.897        70
1                          0.429     0.750         0.941   0.545         8
2                          0.859     0.833         0.885   0.846        66
*========================================*
2026-02-23 12:58:37,247 INFO 0 Mon Feb 23 12:58:37 2026 Epoch: 61
2026-02-23 12:59:51,624 INFO Final training 61/150, loss: 0.3743, time 74.38s, lr: 0.000685
Accuracy: 0.852
class                  precision    recall   specificity      f1   support
--------------------------------------------------------------------------
0                          0.898     0.854         0.909   0.875       280
1                          0.556     0.833         0.963   0.667        30
2                          0.857     0.853         0.877   0.855       266
*----------------------------------------*
2026-02-23 12:59:52,116 INFO 0 Mon Feb 23 12:59:52 2026 Epoch: 62
2026-02-23 13:01:06,895 INFO Final training 62/150, loss: 0.3844, time 74.78s, lr: 0.000675
Accuracy: 0.840
class                  precision    recall   specificity      f1   support
--------------------------------------------------------------------------
0                          0.899     0.825         0.912   0.860       280
1                          0.568     0.833         0.965   0.676        30
2                          0.829     0.857         0.848   0.843       266
*----------------------------------------*
2026-02-23 13:01:22,950 INFO Final validation 62/150, Val_acc: 0.7631, time 16.05sAccuracy: 0.833
class                  precision    recall   specificity      f1   support
--------------------------------------------------------------------------
0                          0.922     0.843         0.932   0.881        70
1                          0.300     0.375         0.949   0.333         8
2                          0.829     0.879         0.846   0.853        66
*========================================*
2026-02-23 13:01:27,910 INFO 0 Mon Feb 23 13:01:27 2026 Epoch: 63
2026-02-23 13:02:43,319 INFO Final training 63/150, loss: 0.3804, time 75.41s, lr: 0.000665
Accuracy: 0.861
class                  precision    recall   specificity      f1   support
--------------------------------------------------------------------------
0                          0.900     0.861         0.908   0.880       281
1                          0.591     0.867         0.967   0.703        30
2                          0.867     0.860         0.887   0.864       265
*----------------------------------------*
2026-02-23 13:02:43,319 INFO 0 Mon Feb 23 13:02:43 2026 Epoch: 64
2026-02-23 13:03:57,716 INFO Final training 64/150, loss: 0.3390, time 74.40s, lr: 0.000655
Accuracy: 0.865
class                  precision    recall   specificity      f1   support
--------------------------------------------------------------------------
0                          0.920     0.861         0.929   0.889       280
1                          0.569     0.967         0.960   0.716        30
2                          0.867     0.857         0.887   0.862       266
*----------------------------------------*
2026-02-23 13:04:13,748 INFO Final validation 64/150, Val_acc: 0.7553, time 16.03sAccuracy: 0.833
class                  precision    recall   specificity      f1   support
--------------------------------------------------------------------------
0                          0.897     0.871         0.905   0.884        70
1                          0.429     0.750         0.941   0.545         8
2                          0.855     0.803         0.885   0.828        66
*========================================*
2026-02-23 13:04:18,639 INFO 0 Mon Feb 23 13:04:18 2026 Epoch: 65
2026-02-23 13:05:33,092 INFO Final training 65/150, loss: 0.3555, time 74.45s, lr: 0.000644
Accuracy: 0.851
class                  precision    recall   specificity      f1   support
--------------------------------------------------------------------------
0                          0.902     0.851         0.912   0.875       281
1                          0.511     0.800         0.958   0.623        30
2                          0.860     0.857         0.881   0.858       265
*----------------------------------------*
2026-02-23 13:05:33,092 INFO 0 Mon Feb 23 13:05:33 2026 Epoch: 66
2026-02-23 13:06:48,727 INFO Final training 66/150, loss: 0.3750, time 75.63s, lr: 0.000634
Accuracy: 0.851
class                  precision    recall   specificity      f1   support
--------------------------------------------------------------------------
0                          0.903     0.861         0.912   0.881       280
1                          0.500     0.800         0.956   0.615        30
2                          0.862     0.846         0.884   0.854       266
*----------------------------------------*
2026-02-23 13:07:04,763 INFO Final validation 66/150, Val_acc: 0.7963, time 16.04sAccuracy: 0.861
class                  precision    recall   specificity      f1   support
--------------------------------------------------------------------------
0                          0.953     0.871         0.959   0.910        70
1                          0.429     0.750         0.941   0.545         8
2                          0.864     0.864         0.885   0.864        66
*========================================*
2026-02-23 13:07:09,771 INFO 0 Mon Feb 23 13:07:09 2026 Epoch: 67
2026-02-23 13:08:24,142 INFO Final training 67/150, loss: 0.3881, time 74.37s, lr: 0.000623
Accuracy: 0.863
class                  precision    recall   specificity      f1   support
--------------------------------------------------------------------------
0                          0.927     0.854         0.936   0.889       281
1                          0.510     0.833         0.956   0.633        30
2                          0.866     0.875         0.884   0.871       265
*----------------------------------------*
2026-02-23 13:08:24,142 INFO 0 Mon Feb 23 13:08:24 2026 Epoch: 68
2026-02-23 13:09:38,851 INFO Final training 68/150, loss: 0.3002, time 74.71s, lr: 0.000613
Accuracy: 0.873
class                  precision    recall   specificity      f1   support
--------------------------------------------------------------------------
0                          0.914     0.875         0.922   0.894       280
1                          0.587     0.900         0.965   0.711        30
2                          0.882     0.868         0.900   0.875       266
*----------------------------------------*
2026-02-23 13:09:54,904 INFO Final validation 68/150, Val_acc: 0.7856, time 16.05sAccuracy: 0.847
class                  precision    recall   specificity      f1   support
--------------------------------------------------------------------------
0                          0.967     0.829         0.973   0.892        70
1                          0.417     0.625         0.949   0.500         8
2                          0.819     0.894         0.833   0.855        66
*========================================*
2026-02-23 13:09:59,884 INFO 0 Mon Feb 23 13:09:59 2026 Epoch: 69
2026-02-23 13:11:16,174 INFO Final training 69/150, loss: 0.3415, time 76.29s, lr: 0.000602
Accuracy: 0.865
class                  precision    recall   specificity      f1   support
--------------------------------------------------------------------------
0                          0.924     0.861         0.932   0.891       281
1                          0.556     0.833         0.963   0.667        30
2                          0.859     0.872         0.878   0.865       265
*----------------------------------------*
2026-02-23 13:11:16,174 INFO 0 Mon Feb 23 13:11:16 2026 Epoch: 70
2026-02-23 13:12:31,057 INFO Final training 70/150, loss: 0.3114, time 74.88s, lr: 0.000592
Accuracy: 0.866
class                  precision    recall   specificity      f1   support
--------------------------------------------------------------------------
0                          0.908     0.875         0.915   0.891       281
1                          0.549     0.933         0.958   0.691        30
2                          0.886     0.849         0.907   0.867       265
*----------------------------------------*
2026-02-23 13:12:47,121 INFO Final validation 70/150, Val_acc: 0.7704, time 16.06sAccuracy: 0.847
class                  precision    recall   specificity      f1   support
--------------------------------------------------------------------------
0                          0.848     0.957         0.838   0.899        70
1                          0.364     0.500         0.949   0.421         8
2                          0.944     0.773         0.962   0.850        66
*========================================*
2026-02-23 13:12:52,029 INFO 0 Mon Feb 23 13:12:52 2026 Epoch: 71
2026-02-23 13:14:06,424 INFO Final training 71/150, loss: 0.3322, time 74.39s, lr: 0.000581
Accuracy: 0.873
class                  precision    recall   specificity      f1   support
--------------------------------------------------------------------------
0                          0.914     0.879         0.922   0.896       280
1                          0.591     0.867         0.967   0.703        30
2                          0.878     0.868         0.897   0.873       266
*----------------------------------------*
2026-02-23 13:14:06,889 INFO 0 Mon Feb 23 13:14:06 2026 Epoch: 72
2026-02-23 13:15:21,357 INFO Final training 72/150, loss: 0.3043, time 74.47s, lr: 0.000570
Accuracy: 0.887
class                  precision    recall   specificity      f1   support
--------------------------------------------------------------------------
0                          0.929     0.889         0.936   0.909       280
1                          0.596     0.933         0.965   0.727        30
2                          0.897     0.880         0.913   0.888       266
*----------------------------------------*
2026-02-23 13:15:37,399 INFO Final validation 72/150, Val_acc: 0.7926, time 16.04sAccuracy: 0.854
class                  precision    recall   specificity      f1   support
--------------------------------------------------------------------------
0                          0.951     0.829         0.959   0.885        70
1                          0.429     0.375         0.971   0.400         8
2                          0.816     0.939         0.821   0.873        66
*========================================*
2026-02-23 13:15:42,371 INFO 0 Mon Feb 23 13:15:42 2026 Epoch: 73
2026-02-23 13:16:56,824 INFO Final training 73/150, loss: 0.3146, time 74.45s, lr: 0.000559
Accuracy: 0.873
class                  precision    recall   specificity      f1   support
--------------------------------------------------------------------------
0                          0.914     0.871         0.922   0.892       280
1                          0.562     0.900         0.962   0.692        30
2                          0.889     0.872         0.906   0.880       266
*----------------------------------------*
2026-02-23 13:16:56,825 INFO 0 Mon Feb 23 13:16:56 2026 Epoch: 74
2026-02-23 13:18:11,254 INFO Final training 74/150, loss: 0.2628, time 74.43s, lr: 0.000549
Accuracy: 0.901
class                  precision    recall   specificity      f1   support
--------------------------------------------------------------------------
0                          0.939     0.879         0.946   0.908       281
1                          0.711     0.900         0.980   0.794        30
2                          0.891     0.925         0.904   0.907       265
*----------------------------------------*
2026-02-23 13:18:27,305 INFO Final validation 74/150, Val_acc: 0.7280, time 16.05sAccuracy: 0.819
class                  precision    recall   specificity      f1   support
--------------------------------------------------------------------------
0                          0.871     0.871         0.878   0.871        70
1                          0.333     0.500         0.941   0.400         8
2                          0.855     0.803         0.885   0.828        66
*========================================*
2026-02-23 13:18:32,369 INFO 0 Mon Feb 23 13:18:32 2026 Epoch: 75
2026-02-23 13:19:47,137 INFO Final training 75/150, loss: 0.3083, time 74.77s, lr: 0.000538
Accuracy: 0.878
class                  precision    recall   specificity      f1   support
--------------------------------------------------------------------------
0                          0.921     0.868         0.929   0.894       281
1                          0.614     0.931         0.969   0.740        29
2                          0.880     0.883         0.897   0.882       266
*----------------------------------------*
2026-02-23 13:19:47,137 INFO 0 Mon Feb 23 13:19:47 2026 Epoch: 76
2026-02-23 13:21:03,818 INFO Final training 76/150, loss: 0.2683, time 76.68s, lr: 0.000527
Accuracy: 0.898
class                  precision    recall   specificity      f1   support
--------------------------------------------------------------------------
0                          0.940     0.893         0.946   0.916       280
1                          0.595     0.833         0.969   0.694        30
2                          0.903     0.910         0.916   0.906       266
*----------------------------------------*
2026-02-23 13:21:19,879 INFO Final validation 76/150, Val_acc: 0.7623, time 16.06sAccuracy: 0.840
class                  precision    recall   specificity      f1   support
--------------------------------------------------------------------------
0                          0.923     0.857         0.932   0.889        70
1                          0.429     0.750         0.941   0.545         8
2                          0.846     0.833         0.872   0.840        66
*========================================*
2026-02-23 13:21:24,894 INFO 0 Mon Feb 23 13:21:24 2026 Epoch: 77
2026-02-23 13:22:38,781 INFO Final training 77/150, loss: 0.2811, time 73.89s, lr: 0.000516
Accuracy: 0.882
class                  precision    recall   specificity      f1   support
--------------------------------------------------------------------------
0                          0.930     0.854         0.939   0.891       281
1                          0.617     0.967         0.967   0.753        30
2                          0.882     0.902         0.897   0.892       265
*----------------------------------------*
2026-02-23 13:22:38,781 INFO 0 Mon Feb 23 13:22:38 2026 Epoch: 78
2026-02-23 13:23:53,775 INFO Final training 78/150, loss: 0.2950, time 74.99s, lr: 0.000505
Accuracy: 0.885
class                  precision    recall   specificity      f1   support
--------------------------------------------------------------------------
0                          0.931     0.871         0.939   0.900       280
1                          0.622     0.933         0.969   0.747        30
2                          0.885     0.895         0.900   0.890       266
*----------------------------------------*
2026-02-23 13:24:09,869 INFO Final validation 78/150, Val_acc: 0.8019, time 16.09sAccuracy: 0.861
class                  precision    recall   specificity      f1   support
--------------------------------------------------------------------------
0                          0.983     0.843         0.986   0.908        70
1                          0.429     0.750         0.941   0.545         8
2                          0.843     0.894         0.859   0.868        66
*========================================*
2026-02-23 13:24:14,954 INFO 0 Mon Feb 23 13:24:14 2026 Epoch: 79
2026-02-23 13:25:30,517 INFO Final training 79/150, loss: 0.2570, time 75.56s, lr: 0.000495
Accuracy: 0.908
class                  precision    recall   specificity      f1   support
--------------------------------------------------------------------------
0                          0.934     0.911         0.939   0.923       281
1                          0.674     0.967         0.974   0.795        30
2                          0.919     0.898         0.932   0.908       265
*----------------------------------------*
2026-02-23 13:25:30,518 INFO 0 Mon Feb 23 13:25:30 2026 Epoch: 80
2026-02-23 13:26:47,328 INFO Final training 80/150, loss: 0.3017, time 76.81s, lr: 0.000484
Accuracy: 0.884
class                  precision    recall   specificity      f1   support
--------------------------------------------------------------------------
0                          0.910     0.900         0.915   0.905       281
1                          0.617     0.967         0.967   0.753        30
2                          0.904     0.857         0.923   0.880       265
*----------------------------------------*
2026-02-23 13:27:03,402 INFO Final validation 80/150, Val_acc: 0.7734, time 16.07sAccuracy: 0.840
class                  precision    recall   specificity      f1   support
--------------------------------------------------------------------------
0                          1.000     0.800         1.000   0.889        70
1                          0.429     0.750         0.941   0.545         8
2                          0.797     0.894         0.808   0.843        66
*========================================*
2026-02-23 13:27:08,335 INFO 0 Mon Feb 23 13:27:08 2026 Epoch: 81
2026-02-23 13:28:23,409 INFO Final training 81/150, loss: 0.2686, time 75.07s, lr: 0.000473
Accuracy: 0.889
class                  precision    recall   specificity      f1   support
--------------------------------------------------------------------------
0                          0.936     0.886         0.942   0.910       281
1                          0.568     0.862         0.965   0.685        29
2                          0.895     0.895         0.910   0.895       266
*----------------------------------------*
2026-02-23 13:28:23,847 INFO 0 Mon Feb 23 13:28:23 2026 Epoch: 82
2026-02-23 13:29:38,712 INFO Final training 82/150, loss: 0.2608, time 74.86s, lr: 0.000462
Accuracy: 0.878
class                  precision    recall   specificity      f1   support
--------------------------------------------------------------------------
0                          0.912     0.883         0.919   0.897       281
1                          0.630     0.967         0.969   0.763        30
2                          0.888     0.864         0.907   0.876       265
*----------------------------------------*
2026-02-23 13:29:54,798 INFO Final validation 82/150, Val_acc: 0.7801, time 16.09sAccuracy: 0.854
class                  precision    recall   specificity      f1   support
--------------------------------------------------------------------------
0                          0.938     0.857         0.946   0.896        70
1                          0.462     0.750         0.949   0.571         8
2                          0.851     0.864         0.872   0.857        66
*========================================*
2026-02-23 13:29:59,711 INFO 0 Mon Feb 23 13:29:59 2026 Epoch: 83
2026-02-23 13:31:15,443 INFO Final training 83/150, loss: 0.2862, time 75.73s, lr: 0.000451
Accuracy: 0.901
class                  precision    recall   specificity      f1   support
--------------------------------------------------------------------------
0                          0.944     0.893         0.949   0.918       281
1                          0.643     0.900         0.973   0.750        30
2                          0.899     0.909         0.913   0.904       265
*----------------------------------------*
2026-02-23 13:31:15,443 INFO 0 Mon Feb 23 13:31:15 2026 Epoch: 84
2026-02-23 13:32:30,742 INFO Final training 84/150, loss: 0.2628, time 75.30s, lr: 0.000441
Accuracy: 0.901
class                  precision    recall   specificity      f1   support
--------------------------------------------------------------------------
0                          0.937     0.896         0.943   0.916       280
1                          0.630     0.967         0.969   0.763        30
2                          0.912     0.898         0.926   0.905       266
*----------------------------------------*
2026-02-23 13:32:46,876 INFO Final validation 84/150, Val_acc: 0.7616, time 16.13sAccuracy: 0.840
class                  precision    recall   specificity      f1   support
--------------------------------------------------------------------------
0                          0.938     0.857         0.946   0.896        70
1                          0.385     0.625         0.941   0.476         8
2                          0.836     0.848         0.859   0.842        66
*========================================*
2026-02-23 13:32:51,799 INFO 0 Mon Feb 23 13:32:51 2026 Epoch: 85
2026-02-23 13:34:06,758 INFO Final training 85/150, loss: 0.2465, time 74.96s, lr: 0.000430
Accuracy: 0.918
class                  precision    recall   specificity      f1   support
--------------------------------------------------------------------------
0                          0.952     0.925         0.956   0.939       281
1                          0.619     0.867         0.971   0.722        30
2                          0.931     0.917         0.942   0.924       265
*----------------------------------------*
2026-02-23 13:34:06,758 INFO 0 Mon Feb 23 13:34:06 2026 Epoch: 86
2026-02-23 13:35:23,605 INFO Final training 86/150, loss: 0.2443, time 76.85s, lr: 0.000419
Accuracy: 0.905
class                  precision    recall   specificity      f1   support
--------------------------------------------------------------------------
0                          0.944     0.907         0.949   0.925       280
1                          0.596     0.933         0.965   0.727        30
2                          0.919     0.898         0.932   0.909       266
*----------------------------------------*
2026-02-23 13:35:39,648 INFO Final validation 86/150, Val_acc: 0.7940, time 16.04sAccuracy: 0.868
class                  precision    recall   specificity      f1   support
--------------------------------------------------------------------------
0                          1.000     0.871         1.000   0.931        70
1                          0.364     0.500         0.949   0.421         8
2                          0.833     0.909         0.846   0.870        66
*========================================*
2026-02-23 13:35:44,675 INFO 0 Mon Feb 23 13:35:44 2026 Epoch: 87
2026-02-23 13:37:00,489 INFO Final training 87/150, loss: 0.2604, time 75.81s, lr: 0.000408
Accuracy: 0.892
class                  precision    recall   specificity      f1   support
--------------------------------------------------------------------------
0                          0.936     0.879         0.942   0.906       281
1                          0.651     0.933         0.973   0.767        30
2                          0.888     0.902         0.904   0.895       265
*----------------------------------------*
2026-02-23 13:37:00,489 INFO 0 Mon Feb 23 13:37:00 2026 Epoch: 88
2026-02-23 13:38:15,569 INFO Final training 88/150, loss: 0.2857, time 75.08s, lr: 0.000398
Accuracy: 0.896
class                  precision    recall   specificity      f1   support
--------------------------------------------------------------------------
0                          0.933     0.897         0.939   0.915       281
1                          0.643     0.900         0.973   0.750        30
2                          0.898     0.894         0.913   0.896       265
*----------------------------------------*
2026-02-23 13:38:31,607 INFO Final validation 88/150, Val_acc: 0.8015, time 16.04sAccuracy: 0.854
class                  precision    recall   specificity      f1   support
--------------------------------------------------------------------------
0                          0.925     0.886         0.932   0.905        70
1                          0.385     0.625         0.941   0.476         8
2                          0.875     0.848         0.897   0.862        66
*========================================*
2026-02-23 13:38:36,550 INFO 0 Mon Feb 23 13:38:36 2026 Epoch: 89
2026-02-23 13:39:50,399 INFO Final training 89/150, loss: 0.2420, time 73.85s, lr: 0.000387
Accuracy: 0.903
class                  precision    recall   specificity      f1   support
--------------------------------------------------------------------------
0                          0.937     0.897         0.942   0.916       281
1                          0.683     0.933         0.976   0.789        30
2                          0.902     0.906         0.916   0.904       265
*----------------------------------------*
2026-02-23 13:39:50,399 INFO 0 Mon Feb 23 13:39:50 2026 Epoch: 90
2026-02-23 13:41:04,704 INFO Final training 90/150, loss: 0.2140, time 74.30s, lr: 0.000377
Accuracy: 0.915
class                  precision    recall   specificity      f1   support
--------------------------------------------------------------------------
0                          0.951     0.907         0.956   0.929       281
1                          0.651     0.966         0.973   0.778        29
2                          0.921     0.917         0.932   0.919       266
*----------------------------------------*
2026-02-23 13:41:20,817 INFO Final validation 90/150, Val_acc: 0.7662, time 16.11sAccuracy: 0.847
class                  precision    recall   specificity      f1   support
--------------------------------------------------------------------------
0                          0.952     0.843         0.959   0.894        70
1                          0.417     0.625         0.949   0.500         8
2                          0.829     0.879         0.846   0.853        66
*========================================*
2026-02-23 13:41:25,776 INFO 0 Mon Feb 23 13:41:25 2026 Epoch: 91
2026-02-23 13:42:40,244 INFO Final training 91/150, loss: 0.2360, time 74.47s, lr: 0.000366
Accuracy: 0.901
class                  precision    recall   specificity      f1   support
--------------------------------------------------------------------------
0                          0.933     0.893         0.939   0.912       280
1                          0.674     0.967         0.974   0.795        30
2                          0.906     0.902         0.919   0.904       266
*----------------------------------------*
2026-02-23 13:42:40,699 INFO 0 Mon Feb 23 13:42:40 2026 Epoch: 92
2026-02-23 13:43:55,224 INFO Final training 92/150, loss: 0.2657, time 74.52s, lr: 0.000356
Accuracy: 0.901
class                  precision    recall   specificity      f1   support
--------------------------------------------------------------------------
0                          0.934     0.907         0.939   0.920       280
1                          0.622     0.933         0.969   0.747        30
2                          0.915     0.891         0.929   0.903       266
*----------------------------------------*
2026-02-23 13:44:11,255 INFO Final validation 92/150, Val_acc: 0.7961, time 16.03sAccuracy: 0.861
class                  precision    recall   specificity      f1   support
--------------------------------------------------------------------------
0                          0.983     0.814         0.986   0.891        70
1                          0.500     0.625         0.963   0.556         8
2                          0.816     0.939         0.821   0.873        66
*========================================*
2026-02-23 13:44:16,188 INFO 0 Mon Feb 23 13:44:16 2026 Epoch: 93
2026-02-23 13:45:31,014 INFO Final training 93/150, loss: 0.2998, time 74.83s, lr: 0.000345
Accuracy: 0.889
class                  precision    recall   specificity      f1   support
--------------------------------------------------------------------------
0                          0.950     0.875         0.956   0.911       280
1                          0.578     0.867         0.965   0.693        30
2                          0.883     0.906         0.897   0.894       266
*----------------------------------------*
2026-02-23 13:45:31,015 INFO 0 Mon Feb 23 13:45:31 2026 Epoch: 94
2026-02-23 13:46:47,406 INFO Final training 94/150, loss: 0.2895, time 76.39s, lr: 0.000335
Accuracy: 0.884
class                  precision    recall   specificity      f1   support
--------------------------------------------------------------------------
0                          0.928     0.875         0.936   0.901       280
1                          0.636     0.933         0.971   0.757        30
2                          0.881     0.887         0.897   0.884       266
*----------------------------------------*
2026-02-23 13:47:03,451 INFO Final validation 94/150, Val_acc: 0.8072, time 16.04sAccuracy: 0.861
class                  precision    recall   specificity      f1   support
--------------------------------------------------------------------------
0                          0.926     0.900         0.932   0.913        70
1                          0.385     0.625         0.941   0.476         8
2                          0.889     0.848         0.910   0.868        66
*========================================*
2026-02-23 13:47:08,417 INFO 0 Mon Feb 23 13:47:08 2026 Epoch: 95
2026-02-23 13:48:22,980 INFO Final training 95/150, loss: 0.2714, time 74.56s, lr: 0.000325
Accuracy: 0.913
class                  precision    recall   specificity      f1   support
--------------------------------------------------------------------------
0                          0.951     0.907         0.956   0.929       281
1                          0.634     0.867         0.973   0.732        30
2                          0.918     0.925         0.929   0.921       265
*----------------------------------------*
2026-02-23 13:48:22,980 INFO 0 Mon Feb 23 13:48:22 2026 Epoch: 96
2026-02-23 13:49:38,335 INFO Final training 96/150, loss: 0.2140, time 75.36s, lr: 0.000315
Accuracy: 0.925
class                  precision    recall   specificity      f1   support
--------------------------------------------------------------------------
0                          0.970     0.915         0.973   0.941       281
1                          0.659     0.967         0.973   0.784        30
2                          0.925     0.932         0.936   0.929       265
*----------------------------------------*
2026-02-23 13:49:54,391 INFO Final validation 96/150, Val_acc: 0.7956, time 16.06sAccuracy: 0.861
class                  precision    recall   specificity      f1   support
--------------------------------------------------------------------------
0                          0.968     0.857         0.973   0.909        70
1                          0.429     0.750         0.941   0.545         8
2                          0.853     0.879         0.872   0.866        66
*========================================*
2026-02-23 13:49:59,305 INFO 0 Mon Feb 23 13:49:59 2026 Epoch: 97
2026-02-23 13:51:14,613 INFO Final training 97/150, loss: 0.1970, time 75.31s, lr: 0.000305
Accuracy: 0.924
class                  precision    recall   specificity      f1   support
--------------------------------------------------------------------------
0                          0.952     0.929         0.956   0.940       280
1                          0.690     0.967         0.976   0.806        30
2                          0.931     0.914         0.942   0.922       266
*----------------------------------------*
2026-02-23 13:51:14,613 INFO 0 Mon Feb 23 13:51:14 2026 Epoch: 98
2026-02-23 13:52:28,721 INFO Final training 98/150, loss: 0.2487, time 74.11s, lr: 0.000295
Accuracy: 0.899
class                  precision    recall   specificity      f1   support
--------------------------------------------------------------------------
0                          0.938     0.911         0.942   0.924       281
1                          0.600     0.900         0.967   0.720        30
2                          0.911     0.887         0.926   0.899       265
*----------------------------------------*
2026-02-23 13:52:44,767 INFO Final validation 98/150, Val_acc: 0.7432, time 16.05sAccuracy: 0.833
class                  precision    recall   specificity      f1   support
--------------------------------------------------------------------------
0                          0.899     0.886         0.905   0.892        70
1                          0.385     0.625         0.941   0.476         8
2                          0.855     0.803         0.885   0.828        66
*========================================*
2026-02-23 13:52:49,808 INFO 0 Mon Feb 23 13:52:49 2026 Epoch: 99
2026-02-23 13:54:06,942 INFO Final training 99/150, loss: 0.2087, time 77.13s, lr: 0.000285
Accuracy: 0.925
class                  precision    recall   specificity      f1   support
--------------------------------------------------------------------------
0                          0.952     0.925         0.956   0.939       281
1                          0.700     0.933         0.978   0.800        30
2                          0.932     0.925         0.942   0.928       265
*----------------------------------------*
2026-02-23 13:54:06,943 INFO 0 Mon Feb 23 13:54:06 2026 Epoch: 100
2026-02-23 13:55:22,702 INFO Final training 100/150, loss: 0.2301, time 75.76s, lr: 0.000275
Accuracy: 0.929
class                  precision    recall   specificity      f1   support
--------------------------------------------------------------------------
0                          0.974     0.929         0.976   0.951       280
1                          0.630     0.967         0.969   0.763        30
2                          0.935     0.925         0.945   0.930       266
*----------------------------------------*
2026-02-23 13:55:38,735 INFO Final validation 100/150, Val_acc: 0.7829, time 16.03sAccuracy: 0.854
class                  precision    recall   specificity      f1   support
--------------------------------------------------------------------------
0                          0.952     0.857         0.959   0.902        70
1                          0.417     0.625         0.949   0.500         8
2                          0.841     0.879         0.859   0.859        66
*========================================*
2026-02-23 13:55:43,668 INFO 0 Mon Feb 23 13:55:43 2026 Epoch: 101
2026-02-23 13:56:59,318 INFO Final training 101/150, loss: 0.2223, time 75.65s, lr: 0.000266
Accuracy: 0.917
class                  precision    recall   specificity      f1   support
--------------------------------------------------------------------------
0                          0.951     0.900         0.956   0.925       281
1                          0.725     1.000         0.980   0.841        29
2                          0.911     0.925         0.923   0.918       266
*----------------------------------------*
2026-02-23 13:56:59,770 INFO 0 Mon Feb 23 13:56:59 2026 Epoch: 102
2026-02-23 13:58:14,707 INFO Final training 102/150, loss: 0.1940, time 74.94s, lr: 0.000256
Accuracy: 0.932
class                  precision    recall   specificity      f1   support
--------------------------------------------------------------------------
0                          0.963     0.939         0.966   0.951       280
1                          0.683     0.933         0.976   0.789        30
2                          0.939     0.925         0.948   0.932       266
*----------------------------------------*
2026-02-23 13:58:30,745 INFO Final validation 102/150, Val_acc: 0.7875, time 16.04sAccuracy: 0.847
class                  precision    recall   specificity      f1   support
--------------------------------------------------------------------------
0                          0.877     0.914         0.878   0.895        70
1                          0.462     0.750         0.949   0.571         8
2                          0.897     0.788         0.923   0.839        66
*========================================*
2026-02-23 13:58:35,734 INFO 0 Mon Feb 23 13:58:35 2026 Epoch: 103
2026-02-23 13:59:49,112 INFO Final training 103/150, loss: 0.2549, time 73.38s, lr: 0.000247
Accuracy: 0.906
class                  precision    recall   specificity      f1   support
--------------------------------------------------------------------------
0                          0.954     0.893         0.959   0.923       281
1                          0.622     0.933         0.969   0.747        30
2                          0.907     0.917         0.920   0.912       265
*----------------------------------------*
2026-02-23 13:59:49,112 INFO 0 Mon Feb 23 13:59:49 2026 Epoch: 104
2026-02-23 14:01:04,174 INFO Final training 104/150, loss: 0.2099, time 75.06s, lr: 0.000238
Accuracy: 0.927
class                  precision    recall   specificity      f1   support
--------------------------------------------------------------------------
0                          0.960     0.936         0.963   0.948       281
1                          0.643     0.900         0.973   0.750        30
2                          0.938     0.921         0.949   0.930       265
*----------------------------------------*
2026-02-23 14:01:20,239 INFO Final validation 104/150, Val_acc: 0.8014, time 16.06sAccuracy: 0.868
class                  precision    recall   specificity      f1   support
--------------------------------------------------------------------------
0                          0.939     0.886         0.946   0.912        70
1                          0.462     0.750         0.949   0.571         8
2                          0.877     0.864         0.897   0.870        66
*========================================*
2026-02-23 14:01:25,171 INFO 0 Mon Feb 23 14:01:25 2026 Epoch: 105
2026-02-23 14:02:40,910 INFO Final training 105/150, loss: 0.2053, time 75.74s, lr: 0.000228
Accuracy: 0.927
class                  precision    recall   specificity      f1   support
--------------------------------------------------------------------------
0                          0.949     0.939         0.953   0.944       280
1                          0.692     0.900         0.978   0.783        30
2                          0.938     0.917         0.948   0.928       266
*----------------------------------------*
2026-02-23 14:02:40,911 INFO 0 Mon Feb 23 14:02:40 2026 Epoch: 106
2026-02-23 14:03:55,935 INFO Final training 106/150, loss: 0.2118, time 75.02s, lr: 0.000219
Accuracy: 0.908
class                  precision    recall   specificity      f1   support
--------------------------------------------------------------------------
0                          0.965     0.890         0.969   0.926       281
1                          0.643     0.900         0.973   0.750        30
2                          0.895     0.928         0.907   0.911       265
*----------------------------------------*
2026-02-23 14:04:11,969 INFO Final validation 106/150, Val_acc: 0.7817, time 16.03sAccuracy: 0.854
class                  precision    recall   specificity      f1   support
--------------------------------------------------------------------------
0                          0.967     0.843         0.973   0.901        70
1                          0.429     0.750         0.941   0.545         8
2                          0.841     0.879         0.859   0.859        66
*========================================*
2026-02-23 14:04:16,885 INFO 0 Mon Feb 23 14:04:16 2026 Epoch: 107
2026-02-23 14:05:31,972 INFO Final training 107/150, loss: 0.2222, time 75.09s, lr: 0.000211
Accuracy: 0.915
class                  precision    recall   specificity      f1   support
--------------------------------------------------------------------------
0                          0.956     0.929         0.959   0.942       281
1                          0.591     0.897         0.967   0.712        29
2                          0.927     0.902         0.939   0.914       266
*----------------------------------------*
2026-02-23 14:05:31,972 INFO 0 Mon Feb 23 14:05:31 2026 Epoch: 108
2026-02-23 14:06:46,443 INFO Final training 108/150, loss: 0.1960, time 74.47s, lr: 0.000202
Accuracy: 0.934
class                  precision    recall   specificity      f1   support
--------------------------------------------------------------------------
0                          0.956     0.939         0.959   0.948       280
1                          0.744     0.967         0.982   0.841        30
2                          0.939     0.925         0.948   0.932       266
*----------------------------------------*
2026-02-23 14:07:02,491 INFO Final validation 108/150, Val_acc: 0.7917, time 16.05sAccuracy: 0.875
class                  precision    recall   specificity      f1   support
--------------------------------------------------------------------------
0                          0.939     0.886         0.946   0.912        70
1                          0.500     0.750         0.956   0.600         8
2                          0.879     0.879         0.897   0.879        66
*========================================*
2026-02-23 14:07:07,393 INFO 0 Mon Feb 23 14:07:07 2026 Epoch: 109
2026-02-23 14:08:22,758 INFO Final training 109/150, loss: 0.1921, time 75.36s, lr: 0.000193
Accuracy: 0.915
class                  precision    recall   specificity      f1   support
--------------------------------------------------------------------------
0                          0.955     0.911         0.959   0.933       281
1                          0.644     0.967         0.971   0.773        30
2                          0.920     0.913         0.932   0.917       265
*----------------------------------------*
2026-02-23 14:08:22,758 INFO 0 Mon Feb 23 14:08:22 2026 Epoch: 110
2026-02-23 14:09:36,900 INFO Final training 110/150, loss: 0.1884, time 74.14s, lr: 0.000185
Accuracy: 0.924
class                  precision    recall   specificity      f1   support
--------------------------------------------------------------------------
0                          0.959     0.925         0.963   0.942       280
1                          0.683     0.933         0.976   0.789        30
2                          0.925     0.921         0.935   0.923       266
*----------------------------------------*
2026-02-23 14:09:52,945 INFO Final validation 110/150, Val_acc: 0.7726, time 16.04sAccuracy: 0.861
class                  precision    recall   specificity      f1   support
--------------------------------------------------------------------------
0                          0.913     0.900         0.919   0.906        70
1                          0.455     0.625         0.956   0.526         8
2                          0.875     0.848         0.897   0.862        66
*========================================*
2026-02-23 14:09:57,956 INFO 0 Mon Feb 23 14:09:57 2026 Epoch: 111
2026-02-23 14:11:14,224 INFO Final training 111/150, loss: 0.1809, time 76.27s, lr: 0.000176
Accuracy: 0.939
class                  precision    recall   specificity      f1   support
--------------------------------------------------------------------------
0                          0.974     0.940         0.976   0.957       281
1                          0.683     0.933         0.976   0.789        30
2                          0.943     0.940         0.952   0.941       265
*----------------------------------------*
2026-02-23 14:11:14,671 INFO 0 Mon Feb 23 14:11:14 2026 Epoch: 112
2026-02-23 14:12:30,737 INFO Final training 112/150, loss: 0.1594, time 76.07s, lr: 0.000168
Accuracy: 0.939
class                  precision    recall   specificity      f1   support
--------------------------------------------------------------------------
0                          0.964     0.947         0.966   0.955       281
1                          0.700     0.966         0.978   0.812        29
2                          0.950     0.929         0.958   0.939       266
*----------------------------------------*
2026-02-23 14:12:46,768 INFO Final validation 112/150, Val_acc: 0.8176, time 16.03sAccuracy: 0.875
class                  precision    recall   specificity      f1   support
--------------------------------------------------------------------------
0                          0.968     0.857         0.973   0.909        70
1                          0.556     0.625         0.971   0.588         8
2                          0.836     0.924         0.846   0.878        66
*========================================*
2026-02-23 14:12:46,768 INFO New best (0.811806 --> 0.817593)
2026-02-23 14:12:53,098 INFO Copying best model to best_model.pt
2026-02-23 14:12:57,378 INFO 0 Mon Feb 23 14:12:57 2026 Epoch: 113
2026-02-23 14:14:13,571 INFO Final training 113/150, loss: 0.1416, time 76.19s, lr: 0.000160
Accuracy: 0.948
class                  precision    recall   specificity      f1   support
--------------------------------------------------------------------------
0                          0.981     0.932         0.983   0.956       281
1                          0.732     1.000         0.980   0.845        30
2                          0.948     0.958         0.955   0.953       265
*----------------------------------------*
2026-02-23 14:14:13,571 INFO 0 Mon Feb 23 14:14:13 2026 Epoch: 114
2026-02-23 14:15:29,609 INFO Final training 114/150, loss: 0.1893, time 76.04s, lr: 0.000152
Accuracy: 0.939
class                  precision    recall   specificity      f1   support
--------------------------------------------------------------------------
0                          0.964     0.943         0.966   0.953       281
1                          0.737     0.933         0.982   0.824        30
2                          0.943     0.936         0.952   0.939       265
*----------------------------------------*
2026-02-23 14:15:45,673 INFO Final validation 114/150, Val_acc: 0.7586, time 16.06sAccuracy: 0.847
class                  precision    recall   specificity      f1   support
--------------------------------------------------------------------------
0                          0.900     0.900         0.905   0.900        70
1                          0.385     0.625         0.941   0.476         8
2                          0.885     0.818         0.910   0.850        66
*========================================*
2026-02-23 14:15:50,642 INFO 0 Mon Feb 23 14:15:50 2026 Epoch: 115
2026-02-23 14:17:05,866 INFO Final training 115/150, loss: 0.1869, time 75.22s, lr: 0.000145
Accuracy: 0.931
class                  precision    recall   specificity      f1   support
--------------------------------------------------------------------------
0                          0.957     0.943         0.959   0.950       281
1                          0.692     0.900         0.978   0.783        30
2                          0.938     0.921         0.949   0.930       265
*----------------------------------------*
2026-02-23 14:17:05,866 INFO 0 Mon Feb 23 14:17:05 2026 Epoch: 116
2026-02-23 14:18:21,858 INFO Final training 116/150, loss: 0.1804, time 75.99s, lr: 0.000137
Accuracy: 0.934
class                  precision    recall   specificity      f1   support
--------------------------------------------------------------------------
0                          0.964     0.940         0.966   0.951       281
1                          0.651     0.933         0.973   0.767        30
2                          0.950     0.928         0.958   0.939       265
*----------------------------------------*
2026-02-23 14:18:37,918 INFO Final validation 116/150, Val_acc: 0.8297, time 16.06sAccuracy: 0.889
class                  precision    recall   specificity      f1   support
--------------------------------------------------------------------------
0                          0.968     0.871         0.973   0.917        70
1                          0.600     0.750         0.971   0.667         8
2                          0.859     0.924         0.872   0.891        66
*========================================*
2026-02-23 14:18:37,918 INFO New best (0.817593 --> 0.829745)
2026-02-23 14:18:44,441 INFO Copying best model to best_model.pt
2026-02-23 14:18:48,835 INFO 0 Mon Feb 23 14:18:48 2026 Epoch: 117
2026-02-23 14:20:03,854 INFO Final training 117/150, loss: 0.1968, time 75.02s, lr: 0.000130
Accuracy: 0.932
class                  precision    recall   specificity      f1   support
--------------------------------------------------------------------------
0                          0.963     0.936         0.966   0.949       280
1                          0.683     0.933         0.976   0.789        30
2                          0.939     0.929         0.948   0.934       266
*----------------------------------------*
2026-02-23 14:20:03,854 INFO 0 Mon Feb 23 14:20:03 2026 Epoch: 118
2026-02-23 14:21:18,619 INFO Final training 118/150, loss: 0.1725, time 74.76s, lr: 0.000122
Accuracy: 0.939
class                  precision    recall   specificity      f1   support
--------------------------------------------------------------------------
0                          0.960     0.943         0.963   0.951       280
1                          0.698     1.000         0.976   0.822        30
2                          0.957     0.929         0.965   0.943       266
*----------------------------------------*
2026-02-23 14:21:34,667 INFO Final validation 118/150, Val_acc: 0.8100, time 16.05sAccuracy: 0.861
class                  precision    recall   specificity      f1   support
--------------------------------------------------------------------------
0                          0.967     0.829         0.973   0.892        70
1                          0.556     0.625         0.971   0.588         8
2                          0.813     0.924         0.821   0.865        66
*========================================*
2026-02-23 14:21:39,633 INFO 0 Mon Feb 23 14:21:39 2026 Epoch: 119
2026-02-23 14:22:53,877 INFO Final training 119/150, loss: 0.1586, time 74.24s, lr: 0.000115
Accuracy: 0.946
class                  precision    recall   specificity      f1   support
--------------------------------------------------------------------------
0                          0.967     0.947         0.969   0.957       281
1                          0.784     0.967         0.985   0.866        30
2                          0.947     0.943         0.955   0.945       265
*----------------------------------------*
2026-02-23 14:22:53,877 INFO 0 Mon Feb 23 14:22:53 2026 Epoch: 120
2026-02-23 14:24:09,835 INFO Final training 120/150, loss: 0.1545, time 75.96s, lr: 0.000109
Accuracy: 0.946
class                  precision    recall   specificity      f1   support
--------------------------------------------------------------------------
0                          0.974     0.943         0.976   0.958       280
1                          0.698     1.000         0.976   0.822        30
2                          0.958     0.944         0.965   0.951       266
*----------------------------------------*
2026-02-23 14:24:25,893 INFO Final validation 120/150, Val_acc: 0.8072, time 16.06sAccuracy: 0.875
class                  precision    recall   specificity      f1   support
--------------------------------------------------------------------------
0                          0.968     0.857         0.973   0.909        70
1                          0.500     0.750         0.956   0.600         8
2                          0.857     0.909         0.872   0.882        66
*========================================*
2026-02-23 14:24:30,818 INFO 0 Mon Feb 23 14:24:30 2026 Epoch: 121
2026-02-23 14:25:45,579 INFO Final training 121/150, loss: 0.1867, time 74.76s, lr: 0.000102
Accuracy: 0.938
class                  precision    recall   specificity      f1   support
--------------------------------------------------------------------------
0                          0.974     0.932         0.976   0.953       281
1                          0.737     0.933         0.982   0.824        30
2                          0.929     0.943         0.939   0.936       265
*----------------------------------------*
2026-02-23 14:25:46,049 INFO 0 Mon Feb 23 14:25:46 2026 Epoch: 122
2026-02-23 14:27:01,589 INFO Final training 122/150, loss: 0.1498, time 75.54s, lr: 0.000095
Accuracy: 0.955
class                  precision    recall   specificity      f1   support
--------------------------------------------------------------------------
0                          0.982     0.950         0.983   0.966       281
1                          0.763     0.967         0.984   0.853        30
2                          0.955     0.958         0.961   0.957       265
*----------------------------------------*
2026-02-23 14:27:17,685 INFO Final validation 122/150, Val_acc: 0.7944, time 16.10sAccuracy: 0.875
class                  precision    recall   specificity      f1   support
--------------------------------------------------------------------------
0                          0.926     0.900         0.932   0.913        70
1                          0.500     0.750         0.956   0.600         8
2                          0.891     0.864         0.910   0.877        66
*========================================*
2026-02-23 14:27:22,596 INFO 0 Mon Feb 23 14:27:22 2026 Epoch: 123
2026-02-23 14:28:37,479 INFO Final training 123/150, loss: 0.1603, time 74.88s, lr: 0.000089
Accuracy: 0.944
class                  precision    recall   specificity      f1   support
--------------------------------------------------------------------------
0                          0.970     0.939         0.973   0.955       280
1                          0.700     0.933         0.978   0.800        30
2                          0.955     0.951         0.961   0.953       266
*----------------------------------------*
2026-02-23 14:28:37,480 INFO 0 Mon Feb 23 14:28:37 2026 Epoch: 124
2026-02-23 14:29:52,551 INFO Final training 124/150, loss: 0.1926, time 75.07s, lr: 0.000083
Accuracy: 0.920
class                  precision    recall   specificity      f1   support
--------------------------------------------------------------------------
0                          0.952     0.914         0.956   0.933       280
1                          0.750     0.900         0.984   0.818        30
2                          0.911     0.929         0.923   0.920       266
*----------------------------------------*
2026-02-23 14:30:08,582 INFO Final validation 124/150, Val_acc: 0.7979, time 16.03sAccuracy: 0.882
class                  precision    recall   specificity      f1   support
--------------------------------------------------------------------------
0                          0.940     0.900         0.946   0.920        70
1                          0.500     0.750         0.956   0.600         8
2                          0.892     0.879         0.910   0.885        66
*========================================*
2026-02-23 14:30:13,501 INFO 0 Mon Feb 23 14:30:13 2026 Epoch: 125
2026-02-23 14:31:28,165 INFO Final training 125/150, loss: 0.2025, time 74.66s, lr: 0.000077
Accuracy: 0.938
class                  precision    recall   specificity      f1   support
--------------------------------------------------------------------------
0                          0.960     0.936         0.963   0.948       280
1                          0.757     0.933         0.984   0.836        30
2                          0.940     0.940         0.948   0.940       266
*----------------------------------------*
2026-02-23 14:31:28,165 INFO 0 Mon Feb 23 14:31:28 2026 Epoch: 126
2026-02-23 14:32:43,777 INFO Final training 126/150, loss: 0.1868, time 75.61s, lr: 0.000072
Accuracy: 0.922
class                  precision    recall   specificity      f1   support
--------------------------------------------------------------------------
0                          0.956     0.925         0.959   0.940       281
1                          0.674     0.967         0.974   0.795        30
2                          0.927     0.913         0.939   0.920       265
*----------------------------------------*
2026-02-23 14:32:59,819 INFO Final validation 126/150, Val_acc: 0.7882, time 16.04sAccuracy: 0.875
class                  precision    recall   specificity      f1   support
--------------------------------------------------------------------------
0                          0.914     0.914         0.919   0.914        70
1                          0.500     0.750         0.956   0.600         8
2                          0.903     0.848         0.923   0.875        66
*========================================*
2026-02-23 14:33:04,764 INFO [EarlyStopping] Stopping Validation for loss at epoch 126
2026-02-23 14:33:05,207 INFO Training Finished! Best Accuracy: 0.8297
2026-02-23 14:33:05,208 INFO ====================================================================================================
2026-02-23 14:33:05,208 INFO 
2026-02-23 14:33:15,260 INFO => loading checkpoint 'outputs/OrganoidsINRIA_XYZ_thinning_128/swinunetr/2026-02-23-11-31/training/best_model.pt'
2026-02-23 14:33:15,367 INFO Loaded 130 keys from checkpoint
2026-02-23 14:33:26,566 INFO Final testing , Test_acc: 0.6748, time 11.19sAccuracy: 0.829
class                  precision    recall   specificity      f1   support
--------------------------------------------------------------------------
0                          0.860     0.925         0.857   0.892        40
1                          0.400     0.400         0.961   0.400         5
2                          0.853     0.784         0.889   0.817        37
*========================================*
2026-02-23 14:33:26,987 INFO Testing Finished! Best Accuracy: 0.6748
2026-02-23 14:33:26,987 INFO ====================================================================================================
2026-02-23 14:33:30,059 INFO Total time spent: 03 hours 01 minutes 54 seconds
2026-02-23 14:33:30,059 INFO 
2026-02-23 14:33:30,059 INFO Final Results Summary:
2026-02-23 14:33:30,060 INFO | TrainLoss | TrainAcc | ValAccMax | W_TrainF1 | W_TrainPrecision | W_TrainRecall | W_TrainSpecificity | TestAcc | W_TestF1 | W_TestPrecision | W_TestRecall | W_TestSpecificity |
2026-02-23 14:33:30,060 INFO | 0.1868 | 0.9017 | 0.8889 | 0.8911 | 0.8978 | 0.8889 | 0.9265 | 0.8293 | 0.8279 | 0.8290 | 0.8293 | 0.8778 |
2026-02-23 14:33:30,060 INFO 
