2025-11-21 09:35:54,042 INFO Log directory: outputs/OrganoidsINRIA_reduced_64/swinunetr/2025-11-21-09-35
2025-11-21 09:35:54,045 INFO {'RandFlipd_prob': 0.2,
 'RandRotate90d_prob': 0.2,
 'RandScaleIntensityd_prob': 0.1,
 'RandShiftIntensityd_prob': 0.1,
 'amp': True,
 'augmentation': True,
 'batch_size': 6,
 'cache_dataset': False,
 'checkpoint_path': None,
 'data_dir': '/home/mraffael/martone_project/Organoids_Dataset_256/',
 'dataset_name': 'OrganoidsINRIA_reduced_64',
 'debug': False,
 'debug_train_samples': 40,
 'debug_val_samples': 10,
 'dist_backend': 'nccl',
 'dist_url': 'tcp://127.0.0.1:23456',
 'distributed': False,
 'dropout_path_rate': 0.0,
 'dropout_rate': 0.0,
 'early_stopping': True,
 'encoder10_pth': '',
 'exact_class': False,
 'feature_size': 48,
 'fold': 0,
 'folds': False,
 'gpu': 0,
 'ignore_label': 3,
 'in_channels': 1,
 'infer_overlap': 0.5,
 'k_folds': 5,
 'logdir': 'test',
 'logs_dir': 'logs/',
 'loss_name': 'CE',
 'lrschedule': 'warmup_cosine',
 'max_epochs': 150,
 'min_delta_loss': 0.001,
 'min_delta_val': 0.01,
 'model_name': 'swinunetr',
 'momentum': 0.99,
 'noamp': False,
 'norm_name': 'instance',
 'oar_id': 2126727,
 'optim_lr': 0.0006,
 'optim_name': 'adamw',
 'out_channels': 1,
 'output_dir': 'outputs/',
 'patch_merging': False,
 'patience_loss': 40,
 'patience_val': 40,
 'pretrained_dir': './pretrained_models/fold1_f48_ep300_4gpu_dice0_9059/',
 'pretrained_model_name': 'model_swinvit.pt',
 'rank': 0,
 'reg_weight': 5e-05,
 'restart_T0': 20,
 'resume_ckpt': False,
 'roi_x': 64,
 'roi_y': 64,
 'roi_z': 64,
 'save_checkpoint': True,
 'seed': 3,
 'similarity_loss': '',
 'similarity_loss_weight': 0.0,
 'spatial_dims': 3,
 'split_method': 'stratified',
 'start_epoch': 0,
 'sw_batch_size': 8,
 'telegram_log': True,
 'test_mode': False,
 'token': './token/tlg_token.txt',
 'use_checkpoint': False,
 'val_every': 2,
 'warmup_epochs': 5,
 'workers': 8,
 'world_size': 1}
2025-11-21 09:35:54,045 INFO 
2025-11-21 09:35:54,049 INFO Saved configuration to: outputs/OrganoidsINRIA_reduced_64/swinunetr/2025-11-21-09-35/config.txt
2025-11-21 09:35:54,581 INFO Using GPU: 0
2025-11-21 09:35:54,581 INFO 
2025-11-21 09:35:54,581 INFO Model INFO:
2025-11-21 09:35:54,581 INFO Model architecture: swinunetr
2025-11-21 09:35:55,013 INFO Using pretrained weights
2025-11-21 09:35:55,014 INFO => loading pretrained model './pretrained_models/fold1_f48_ep300_4gpu_dice0_9059/model_swinvit.pt'
2025-11-21 09:35:58,715 INFO Missing keys when loading pretrained: 33
2025-11-21 09:35:58,716 INFO Unexpected keys when loading pretrained: 8
2025-11-21 09:35:58,722 INFO Using SwinUNETR with Single Linear Classification Head
2025-11-21 09:35:58,724 INFO Total trainable parameters: 39,914,805
2025-11-21 09:35:58,741 INFO 
2025-11-21 09:35:58,741 INFO Optimizer INFO:
2025-11-21 09:35:58,742 INFO Using optimizer: adamw with lr=0.0006, weight_decay=5e-05
2025-11-21 09:35:58,742 INFO 
2025-11-21 09:35:58,742 INFO Dataset INFO:
2025-11-21 09:35:58,762 INFO Dataset length: 721
2025-11-21 09:35:58,762 INFO Class distribution in entire dataset:
2025-11-21 09:35:58,762 INFO   Class 0: 351
2025-11-21 09:35:58,762 INFO   Class 1: 38
2025-11-21 09:35:58,762 INFO   Class 2: 332
2025-11-21 09:35:58,762 INFO 
Using split method: stratified
2025-11-21 09:35:58,773 INFO 
Train set balance:
2025-11-21 09:35:58,773 INFO 
Val set balance:
2025-11-21 09:35:58,773 INFO Training set length: 577
2025-11-21 09:35:58,773 INFO Validation set length: 144
2025-11-21 09:35:58,773 INFO 
Using standard shuffle for training
2025-11-21 09:35:58,774 INFO Training loader: 96 batches
2025-11-21 09:35:58,774 INFO Validation loader: 24 batches
2025-11-21 09:35:58,774 INFO 
Class distribution in training set:
2025-11-21 09:35:58,774 INFO   Class 0: 281 (48.7%)
2025-11-21 09:35:58,774 INFO   Class 1: 30 (5.2%)
2025-11-21 09:35:58,774 INFO   Class 2: 266 (46.1%)
2025-11-21 09:35:58,774 INFO Class distribution in validation set:
2025-11-21 09:35:58,774 INFO   Class 0: 70 (48.6%)
2025-11-21 09:35:58,774 INFO   Class 1: 8 (5.6%)
2025-11-21 09:35:58,774 INFO   Class 2: 66 (45.8%)
2025-11-21 09:35:58,774 INFO **************************************************
2025-11-21 09:35:58,807 INFO Class weights: [ 6.845  64.111  7.231]
2025-11-21 09:35:58,807 INFO 
2025-11-21 09:35:58,807 INFO Test Dataset INFO:
2025-11-21 09:35:58,814 INFO Test Dataset length: 82
2025-11-21 09:35:58,814 INFO Class distribution in test dataset:
2025-11-21 09:35:58,814 INFO   Class 0: 40
2025-11-21 09:35:58,814 INFO   Class 1: 5
2025-11-21 09:35:58,814 INFO   Class 2: 37
2025-11-21 09:35:58,814 INFO Test loader: 14 batches
2025-11-21 09:35:58,814 INFO **************************************************
2025-11-21 09:35:58,814 INFO 
2025-11-21 09:35:58,814 INFO Using loss function: CE
2025-11-21 09:35:58,818 INFO **************************************************
2025-11-21 09:35:58,818 INFO Starting training...
2025-11-21 09:35:58,821 INFO 0 Fri Nov 21 09:35:58 2025 Epoch: 1
2025-11-21 09:41:28,051 INFO Final training 1/150, loss: 1.0352, time 329.23s, lr: 0.000000
Accuracy: 0.474
class                  precision    recall   specificity      f1   support
--------------------------------------------------------------------------
0                          0.481     0.971         0.010   0.644       280
1                          0.000     0.000         1.000   0.000        30
2                          0.091     0.004         0.968   0.007       266
*----------------------------------------*
2025-11-21 09:41:28,493 INFO 0 Fri Nov 21 09:41:28 2025 Epoch: 2
2025-11-21 09:46:47,677 INFO Final training 2/150, loss: 1.0665, time 319.18s, lr: 0.000150
Accuracy: 0.519
class                  precision    recall   specificity      f1   support
--------------------------------------------------------------------------
0                          0.590     0.539         0.645   0.563       280
1                          0.035     0.067         0.899   0.046        30
2                          0.555     0.549         0.623   0.552       266
*----------------------------------------*
2025-11-21 09:48:21,601 INFO Final validation 2/150, Val_acc: 0.6131, time 93.92sAccuracy: 0.667
class                  precision    recall   specificity      f1   support
--------------------------------------------------------------------------
0                          0.761     0.500         0.851   0.603        70
1                          0.000     0.000         1.000   0.000         8
2                          0.622     0.924         0.526   0.744        66
*========================================*
2025-11-21 09:48:21,602 INFO New best (0.000000 --> 0.613079)
2025-11-21 09:48:27,979 INFO Copying best model to best_model.pt
2025-11-21 09:48:32,161 INFO 0 Fri Nov 21 09:48:32 2025 Epoch: 3
2025-11-21 09:53:50,743 INFO Final training 3/150, loss: 1.0083, time 318.58s, lr: 0.000300
Accuracy: 0.639
class                  precision    recall   specificity      f1   support
--------------------------------------------------------------------------
0                          0.691     0.598         0.746   0.641       281
1                          0.083     0.067         0.960   0.074        30
2                          0.641     0.747         0.643   0.690       265
*----------------------------------------*
2025-11-21 09:53:50,743 INFO 0 Fri Nov 21 09:53:50 2025 Epoch: 4
2025-11-21 09:59:10,740 INFO Final training 4/150, loss: 0.9106, time 320.00s, lr: 0.000450
Accuracy: 0.700
class                  precision    recall   specificity      f1   support
--------------------------------------------------------------------------
0                          0.756     0.641         0.803   0.694       281
1                          0.381     0.267         0.976   0.314        30
2                          0.678     0.811         0.672   0.739       265
*----------------------------------------*
2025-11-21 10:00:23,228 INFO Final validation 4/150, Val_acc: 0.5171, time 72.49sAccuracy: 0.611
class                  precision    recall   specificity      f1   support
--------------------------------------------------------------------------
0                          0.848     0.400         0.932   0.544        70
1                          0.172     0.625         0.824   0.270         8
2                          0.671     0.833         0.654   0.743        66
*========================================*
2025-11-21 10:00:28,132 INFO 0 Fri Nov 21 10:00:28 2025 Epoch: 5
2025-11-21 10:05:47,683 INFO Final training 5/150, loss: 0.9636, time 319.55s, lr: 0.000600
Accuracy: 0.622
class                  precision    recall   specificity      f1   support
--------------------------------------------------------------------------
0                          0.646     0.630         0.671   0.638       281
1                          0.346     0.300         0.969   0.321        30
2                          0.623     0.649         0.666   0.636       265
*----------------------------------------*
2025-11-21 10:05:47,684 INFO 0 Fri Nov 21 10:05:47 2025 Epoch: 6
2025-11-21 10:11:14,282 INFO Final training 6/150, loss: 0.9141, time 326.60s, lr: 0.000600
Accuracy: 0.686
class                  precision    recall   specificity      f1   support
--------------------------------------------------------------------------
0                          0.747     0.619         0.800   0.677       281
1                          0.242     0.267         0.954   0.254        30
2                          0.687     0.804         0.688   0.741       265
*----------------------------------------*
2025-11-21 10:12:26,960 INFO Final validation 6/150, Val_acc: 0.6211, time 72.68sAccuracy: 0.674
class                  precision    recall   specificity      f1   support
--------------------------------------------------------------------------
0                          0.865     0.457         0.932   0.598        70
1                          0.500     0.375         0.978   0.429         8
2                          0.614     0.939         0.500   0.743        66
*========================================*
2025-11-21 10:12:26,960 INFO New best (0.613079 --> 0.621065)
2025-11-21 10:12:33,262 INFO Copying best model to best_model.pt
2025-11-21 10:12:37,525 INFO 0 Fri Nov 21 10:12:37 2025 Epoch: 7
2025-11-21 10:17:55,250 INFO Final training 7/150, loss: 0.8672, time 317.72s, lr: 0.000600
Accuracy: 0.684
class                  precision    recall   specificity      f1   support
--------------------------------------------------------------------------
0                          0.753     0.643         0.801   0.694       280
1                          0.222     0.333         0.936   0.267        30
2                          0.699     0.767         0.716   0.731       266
*----------------------------------------*
2025-11-21 10:17:55,250 INFO 0 Fri Nov 21 10:17:55 2025 Epoch: 8
2025-11-21 10:23:13,287 INFO Final training 8/150, loss: 0.7782, time 318.04s, lr: 0.000600
Accuracy: 0.696
class                  precision    recall   specificity      f1   support
--------------------------------------------------------------------------
0                          0.771     0.625         0.824   0.690       280
1                          0.268     0.367         0.945   0.310        30
2                          0.698     0.808         0.700   0.749       266
*----------------------------------------*
2025-11-21 10:24:25,590 INFO Final validation 8/150, Val_acc: 0.6135, time 72.30sAccuracy: 0.722
class                  precision    recall   specificity      f1   support
--------------------------------------------------------------------------
0                          0.727     0.800         0.716   0.762        70
1                          0.333     0.375         0.956   0.353         8
2                          0.776     0.682         0.833   0.726        66
*========================================*
2025-11-21 10:24:30,385 INFO 0 Fri Nov 21 10:24:30 2025 Epoch: 9
2025-11-21 10:29:49,691 INFO Final training 9/150, loss: 0.7696, time 319.31s, lr: 0.000599
Accuracy: 0.705
class                  precision    recall   specificity      f1   support
--------------------------------------------------------------------------
0                          0.757     0.668         0.797   0.710       280
1                          0.179     0.233         0.941   0.203        30
2                          0.731     0.797         0.748   0.763       266
*----------------------------------------*
2025-11-21 10:29:49,691 INFO 0 Fri Nov 21 10:29:49 2025 Epoch: 10
2025-11-21 10:35:08,531 INFO Final training 10/150, loss: 0.7782, time 318.84s, lr: 0.000599
Accuracy: 0.705
class                  precision    recall   specificity      f1   support
--------------------------------------------------------------------------
0                          0.789     0.641         0.837   0.707       281
1                          0.255     0.448         0.931   0.325        29
2                          0.717     0.801         0.729   0.757       266
*----------------------------------------*
2025-11-21 10:36:20,840 INFO Final validation 10/150, Val_acc: 0.5997, time 72.31sAccuracy: 0.674
class                  precision    recall   specificity      f1   support
--------------------------------------------------------------------------
0                          0.754     0.614         0.811   0.677        70
1                          0.267     0.500         0.919   0.348         8
2                          0.694     0.758         0.718   0.725        66
*========================================*
2025-11-21 10:36:25,948 INFO 0 Fri Nov 21 10:36:25 2025 Epoch: 11
2025-11-21 10:41:44,106 INFO Final training 11/150, loss: 0.7639, time 318.16s, lr: 0.000598
Accuracy: 0.712
class                  precision    recall   specificity      f1   support
--------------------------------------------------------------------------
0                          0.805     0.618         0.858   0.699       280
1                          0.348     0.533         0.945   0.421        30
2                          0.702     0.831         0.697   0.761       266
*----------------------------------------*
2025-11-21 10:41:44,619 INFO 0 Fri Nov 21 10:41:44 2025 Epoch: 12
2025-11-21 10:47:07,290 INFO Final training 12/150, loss: 0.8290, time 322.67s, lr: 0.000597
Accuracy: 0.698
class                  precision    recall   specificity      f1   support
--------------------------------------------------------------------------
0                          0.784     0.648         0.831   0.710       281
1                          0.246     0.500         0.916   0.330        30
2                          0.724     0.774         0.749   0.748       265
*----------------------------------------*
2025-11-21 10:48:19,574 INFO Final validation 12/150, Val_acc: 0.6194, time 72.28sAccuracy: 0.674
class                  precision    recall   specificity      f1   support
--------------------------------------------------------------------------
0                          0.719     0.586         0.784   0.646        70
1                          1.000     0.250         1.000   0.400         8
2                          0.635     0.818         0.603   0.715        66
*========================================*
2025-11-21 10:48:24,461 INFO 0 Fri Nov 21 10:48:24 2025 Epoch: 13
2025-11-21 10:53:38,754 INFO Final training 13/150, loss: 0.7950, time 314.29s, lr: 0.000597
Accuracy: 0.707
class                  precision    recall   specificity      f1   support
--------------------------------------------------------------------------
0                          0.782     0.665         0.824   0.719       281
1                          0.286     0.333         0.954   0.308        30
2                          0.695     0.792         0.704   0.741       265
*----------------------------------------*
2025-11-21 10:53:38,754 INFO 0 Fri Nov 21 10:53:38 2025 Epoch: 14
2025-11-21 10:58:54,764 INFO Final training 14/150, loss: 0.7784, time 316.01s, lr: 0.000596
Accuracy: 0.689
class                  precision    recall   specificity      f1   support
--------------------------------------------------------------------------
0                          0.754     0.636         0.804   0.690       280
1                          0.204     0.367         0.921   0.262        30
2                          0.727     0.782         0.748   0.754       266
*----------------------------------------*
2025-11-21 11:00:07,131 INFO Final validation 14/150, Val_acc: 0.5787, time 72.37sAccuracy: 0.639
class                  precision    recall   specificity      f1   support
--------------------------------------------------------------------------
0                          0.903     0.400         0.959   0.554        70
1                          0.333     0.250         0.971   0.286         8
2                          0.579     0.939         0.423   0.717        66
*========================================*
2025-11-21 11:00:12,058 INFO 0 Fri Nov 21 11:00:12 2025 Epoch: 15
2025-11-21 11:05:34,569 INFO Final training 15/150, loss: 0.7382, time 322.51s, lr: 0.000594
Accuracy: 0.714
class                  precision    recall   specificity      f1   support
--------------------------------------------------------------------------
0                          0.787     0.673         0.827   0.726       281
1                          0.293     0.567         0.925   0.386        30
2                          0.737     0.774         0.765   0.755       265
*----------------------------------------*
2025-11-21 11:05:34,569 INFO 0 Fri Nov 21 11:05:34 2025 Epoch: 16
2025-11-21 11:10:50,759 INFO Final training 16/150, loss: 0.7820, time 316.19s, lr: 0.000593
Accuracy: 0.698
class                  precision    recall   specificity      f1   support
--------------------------------------------------------------------------
0                          0.776     0.641         0.824   0.702       281
1                          0.263     0.500         0.923   0.345        30
2                          0.721     0.781         0.743   0.750       265
*----------------------------------------*
2025-11-21 11:12:03,059 INFO Final validation 16/150, Val_acc: 0.6174, time 72.30sAccuracy: 0.701
class                  precision    recall   specificity      f1   support
--------------------------------------------------------------------------
0                          0.707     0.757         0.703   0.731        70
1                          0.400     0.250         0.978   0.308         8
2                          0.719     0.697         0.769   0.708        66
*========================================*
2025-11-21 11:12:07,938 INFO 0 Fri Nov 21 11:12:07 2025 Epoch: 17
2025-11-21 11:17:23,984 INFO Final training 17/150, loss: 0.7585, time 316.05s, lr: 0.000592
Accuracy: 0.717
class                  precision    recall   specificity      f1   support
--------------------------------------------------------------------------
0                          0.796     0.654         0.841   0.718       280
1                          0.304     0.467         0.941   0.368        30
2                          0.720     0.812         0.729   0.763       266
*----------------------------------------*
2025-11-21 11:17:23,985 INFO 0 Fri Nov 21 11:17:23 2025 Epoch: 18
2025-11-21 11:22:43,487 INFO Final training 18/150, loss: 0.7344, time 319.50s, lr: 0.000590
Accuracy: 0.688
class                  precision    recall   specificity      f1   support
--------------------------------------------------------------------------
0                          0.773     0.619         0.827   0.688       281
1                          0.297     0.633         0.918   0.404        30
2                          0.707     0.766         0.730   0.736       265
*----------------------------------------*
2025-11-21 11:23:55,796 INFO Final validation 18/150, Val_acc: 0.6030, time 72.31sAccuracy: 0.681
class                  precision    recall   specificity      f1   support
--------------------------------------------------------------------------
0                          0.768     0.614         0.824   0.683        70
1                          0.333     0.625         0.926   0.435         8
2                          0.685     0.758         0.705   0.719        66
*========================================*
2025-11-21 11:24:00,715 INFO 0 Fri Nov 21 11:24:00 2025 Epoch: 19
2025-11-21 11:29:24,068 INFO Final training 19/150, loss: 0.7731, time 323.35s, lr: 0.000588
Accuracy: 0.714
class                  precision    recall   specificity      f1   support
--------------------------------------------------------------------------
0                          0.786     0.680         0.824   0.729       281
1                          0.235     0.400         0.929   0.296        30
2                          0.738     0.785         0.762   0.761       265
*----------------------------------------*
2025-11-21 11:29:24,069 INFO 0 Fri Nov 21 11:29:24 2025 Epoch: 20
2025-11-21 11:34:46,062 INFO Final training 20/150, loss: 0.7018, time 321.99s, lr: 0.000586
Accuracy: 0.698
class                  precision    recall   specificity      f1   support
--------------------------------------------------------------------------
0                          0.770     0.657         0.814   0.709       280
1                          0.293     0.567         0.925   0.386        30
2                          0.720     0.756         0.748   0.738       266
*----------------------------------------*
2025-11-21 11:35:58,358 INFO Final validation 20/150, Val_acc: 0.6086, time 72.30sAccuracy: 0.694
class                  precision    recall   specificity      f1   support
--------------------------------------------------------------------------
0                          0.796     0.614         0.851   0.694        70
1                          0.333     0.375         0.956   0.353         8
2                          0.667     0.818         0.654   0.735        66
*========================================*
2025-11-21 11:36:03,265 INFO 0 Fri Nov 21 11:36:03 2025 Epoch: 21
2025-11-21 11:41:21,576 INFO Final training 21/150, loss: 0.8348, time 318.31s, lr: 0.000584
Accuracy: 0.675
class                  precision    recall   specificity      f1   support
--------------------------------------------------------------------------
0                          0.735     0.641         0.780   0.684       281
1                          0.231     0.400         0.927   0.293        30
2                          0.706     0.743         0.736   0.724       265
*----------------------------------------*
2025-11-21 11:41:22,042 INFO 0 Fri Nov 21 11:41:22 2025 Epoch: 22
2025-11-21 11:46:38,495 INFO Final training 22/150, loss: 0.7729, time 316.45s, lr: 0.000582
Accuracy: 0.689
class                  precision    recall   specificity      f1   support
--------------------------------------------------------------------------
0                          0.783     0.593         0.845   0.675       280
1                          0.228     0.433         0.919   0.299        30
2                          0.710     0.820         0.713   0.761       266
*----------------------------------------*
2025-11-21 11:47:50,765 INFO Final validation 22/150, Val_acc: 0.6307, time 72.27sAccuracy: 0.674
class                  precision    recall   specificity      f1   support
--------------------------------------------------------------------------
0                          0.796     0.557         0.865   0.655        70
1                          0.364     0.500         0.949   0.421         8
2                          0.643     0.818         0.615   0.720        66
*========================================*
2025-11-21 11:47:50,765 INFO New best (0.621065 --> 0.630671)
2025-11-21 11:47:57,147 INFO Copying best model to best_model.pt
2025-11-21 11:48:01,442 INFO 0 Fri Nov 21 11:48:01 2025 Epoch: 23
2025-11-21 11:53:22,098 INFO Final training 23/150, loss: 0.7504, time 320.66s, lr: 0.000580
Accuracy: 0.720
class                  precision    recall   specificity      f1   support
--------------------------------------------------------------------------
0                          0.809     0.636         0.858   0.712       280
1                          0.327     0.533         0.940   0.405        30
2                          0.720     0.831         0.723   0.771       266
*----------------------------------------*
2025-11-21 11:53:22,099 INFO 0 Fri Nov 21 11:53:22 2025 Epoch: 24
2025-11-21 11:58:41,995 INFO Final training 24/150, loss: 0.6872, time 319.90s, lr: 0.000577
Accuracy: 0.714
class                  precision    recall   specificity      f1   support
--------------------------------------------------------------------------
0                          0.755     0.693         0.787   0.723       280
1                          0.316     0.600         0.929   0.414        30
2                          0.760     0.748         0.797   0.754       266
*----------------------------------------*
2025-11-21 11:59:54,269 INFO Final validation 24/150, Val_acc: 0.5567, time 72.27sAccuracy: 0.674
class                  precision    recall   specificity      f1   support
--------------------------------------------------------------------------
0                          0.763     0.643         0.811   0.698        70
1                          0.250     0.625         0.890   0.357         8
2                          0.723     0.712         0.769   0.718        66
*========================================*
2025-11-21 11:59:59,190 INFO 0 Fri Nov 21 11:59:59 2025 Epoch: 25
2025-11-21 12:05:17,217 INFO Final training 25/150, loss: 0.7720, time 318.03s, lr: 0.000575
Accuracy: 0.717
class                  precision    recall   specificity      f1   support
--------------------------------------------------------------------------
0                          0.785     0.664         0.828   0.720       280
1                          0.293     0.400         0.947   0.338        30
2                          0.721     0.808         0.732   0.762       266
*----------------------------------------*
2025-11-21 12:05:17,218 INFO 0 Fri Nov 21 12:05:17 2025 Epoch: 26
2025-11-21 12:10:39,622 INFO Final training 26/150, loss: 0.7204, time 322.40s, lr: 0.000572
Accuracy: 0.708
class                  precision    recall   specificity      f1   support
--------------------------------------------------------------------------
0                          0.794     0.632         0.845   0.704       280
1                          0.296     0.533         0.930   0.381        30
2                          0.719     0.808         0.729   0.761       266
*----------------------------------------*
2025-11-21 12:11:51,803 INFO Final validation 26/150, Val_acc: 0.6451, time 72.18sAccuracy: 0.729
class                  precision    recall   specificity      f1   support
--------------------------------------------------------------------------
0                          0.689     0.886         0.622   0.775        70
1                          0.400     0.250         0.978   0.308         8
2                          0.837     0.621         0.897   0.713        66
*========================================*
2025-11-21 12:11:51,804 INFO New best (0.630671 --> 0.645139)
2025-11-21 12:11:58,156 INFO Copying best model to best_model.pt
2025-11-21 12:12:02,517 INFO 0 Fri Nov 21 12:12:02 2025 Epoch: 27
2025-11-21 12:17:21,179 INFO Final training 27/150, loss: 0.7046, time 318.66s, lr: 0.000569
Accuracy: 0.724
class                  precision    recall   specificity      f1   support
--------------------------------------------------------------------------
0                          0.807     0.655         0.851   0.723       281
1                          0.286     0.533         0.927   0.372        30
2                          0.743     0.819         0.759   0.779       265
*----------------------------------------*
2025-11-21 12:17:21,179 INFO 0 Fri Nov 21 12:17:21 2025 Epoch: 28
2025-11-21 12:22:44,568 INFO Final training 28/150, loss: 0.7103, time 323.39s, lr: 0.000567
Accuracy: 0.743
class                  precision    recall   specificity      f1   support
--------------------------------------------------------------------------
0                          0.821     0.686         0.858   0.747       280
1                          0.347     0.567         0.941   0.430        30
2                          0.747     0.823         0.761   0.784       266
*----------------------------------------*
2025-11-21 12:23:56,956 INFO Final validation 28/150, Val_acc: 0.5527, time 72.39sAccuracy: 0.681
class                  precision    recall   specificity      f1   support
--------------------------------------------------------------------------
0                          0.742     0.657         0.784   0.697        70
1                          0.208     0.625         0.860   0.312         8
2                          0.810     0.712         0.859   0.758        66
*========================================*
2025-11-21 12:24:01,851 INFO 0 Fri Nov 21 12:24:01 2025 Epoch: 29
2025-11-21 12:29:20,392 INFO Final training 29/150, loss: 0.6864, time 318.54s, lr: 0.000564
Accuracy: 0.726
class                  precision    recall   specificity      f1   support
--------------------------------------------------------------------------
0                          0.790     0.686         0.828   0.734       280
1                          0.350     0.700         0.929   0.467        30
2                          0.751     0.771         0.781   0.761       266
*----------------------------------------*
2025-11-21 12:29:20,393 INFO 0 Fri Nov 21 12:29:20 2025 Epoch: 30
2025-11-21 12:34:42,047 INFO Final training 30/150, loss: 0.6415, time 321.65s, lr: 0.000560
Accuracy: 0.736
class                  precision    recall   specificity      f1   support
--------------------------------------------------------------------------
0                          0.821     0.683         0.858   0.746       281
1                          0.356     0.700         0.930   0.472        30
2                          0.746     0.796         0.768   0.770       265
*----------------------------------------*
2025-11-21 12:35:54,391 INFO Final validation 30/150, Val_acc: 0.6747, time 72.34sAccuracy: 0.757
class                  precision    recall   specificity      f1   support
--------------------------------------------------------------------------
0                          0.711     0.914         0.649   0.800        70
1                          0.667     0.250         0.993   0.364         8
2                          0.843     0.652         0.897   0.735        66
*========================================*
2025-11-21 12:35:54,392 INFO New best (0.645139 --> 0.674653)
2025-11-21 12:36:00,921 INFO Copying best model to best_model.pt
2025-11-21 12:36:05,188 INFO 0 Fri Nov 21 12:36:05 2025 Epoch: 31
2025-11-21 12:41:23,693 INFO Final training 31/150, loss: 0.7114, time 318.51s, lr: 0.000557
Accuracy: 0.720
class                  precision    recall   specificity      f1   support
--------------------------------------------------------------------------
0                          0.793     0.682         0.831   0.733       280
1                          0.304     0.567         0.929   0.395        30
2                          0.742     0.778         0.768   0.760       266
*----------------------------------------*
2025-11-21 12:41:24,799 INFO 0 Fri Nov 21 12:41:24 2025 Epoch: 32
2025-11-21 12:46:42,312 INFO Final training 32/150, loss: 0.7379, time 317.51s, lr: 0.000554
Accuracy: 0.722
class                  precision    recall   specificity      f1   support
--------------------------------------------------------------------------
0                          0.778     0.675         0.818   0.723       280
1                          0.408     0.667         0.947   0.506        30
2                          0.729     0.778         0.752   0.753       266
*----------------------------------------*
2025-11-21 12:47:54,585 INFO Final validation 32/150, Val_acc: 0.6647, time 72.27sAccuracy: 0.743
class                  precision    recall   specificity      f1   support
--------------------------------------------------------------------------
0                          0.705     0.886         0.649   0.785        70
1                          0.667     0.250         0.993   0.364         8
2                          0.811     0.652         0.872   0.723        66
*========================================*
2025-11-21 12:47:59,517 INFO 0 Fri Nov 21 12:47:59 2025 Epoch: 33
2025-11-21 12:53:18,669 INFO Final training 33/150, loss: 0.6959, time 319.15s, lr: 0.000550
Accuracy: 0.710
class                  precision    recall   specificity      f1   support
--------------------------------------------------------------------------
0                          0.770     0.668         0.811   0.715       280
1                          0.333     0.600         0.934   0.429        30
2                          0.731     0.767         0.758   0.749       266
*----------------------------------------*
2025-11-21 12:53:18,669 INFO 0 Fri Nov 21 12:53:18 2025 Epoch: 34
2025-11-21 12:58:32,780 INFO Final training 34/150, loss: 0.7160, time 314.11s, lr: 0.000546
Accuracy: 0.705
class                  precision    recall   specificity      f1   support
--------------------------------------------------------------------------
0                          0.816     0.616         0.868   0.702       281
1                          0.288     0.567         0.923   0.382        30
2                          0.708     0.815         0.714   0.758       265
*----------------------------------------*
2025-11-21 12:59:45,107 INFO Final validation 34/150, Val_acc: 0.6163, time 72.33sAccuracy: 0.708
class                  precision    recall   specificity      f1   support
--------------------------------------------------------------------------
0                          0.746     0.714         0.770   0.730        70
1                          0.222     0.250         0.949   0.235         8
2                          0.735     0.758         0.769   0.746        66
*========================================*
2025-11-21 12:59:50,027 INFO 0 Fri Nov 21 12:59:50 2025 Epoch: 35
2025-11-21 13:05:02,374 INFO Final training 35/150, loss: 0.6870, time 312.35s, lr: 0.000543
Accuracy: 0.736
class                  precision    recall   specificity      f1   support
--------------------------------------------------------------------------
0                          0.815     0.693         0.851   0.749       280
1                          0.317     0.633         0.925   0.422        30
2                          0.759     0.793         0.784   0.776       266
*----------------------------------------*
2025-11-21 13:05:02,374 INFO 0 Fri Nov 21 13:05:02 2025 Epoch: 36
2025-11-21 13:10:20,539 INFO Final training 36/150, loss: 0.6706, time 318.16s, lr: 0.000539
Accuracy: 0.731
class                  precision    recall   specificity      f1   support
--------------------------------------------------------------------------
0                          0.792     0.693         0.828   0.739       280
1                          0.327     0.567         0.936   0.415        30
2                          0.753     0.789         0.777   0.771       266
*----------------------------------------*
2025-11-21 13:11:32,854 INFO Final validation 36/150, Val_acc: 0.5388, time 72.31sAccuracy: 0.681
class                  precision    recall   specificity      f1   support
--------------------------------------------------------------------------
0                          0.746     0.671         0.784   0.707        70
1                          0.217     0.625         0.868   0.323         8
2                          0.793     0.697         0.846   0.742        66
*========================================*
2025-11-21 13:11:37,912 INFO 0 Fri Nov 21 13:11:37 2025 Epoch: 37
2025-11-21 13:16:52,671 INFO Final training 37/150, loss: 0.6842, time 314.76s, lr: 0.000535
Accuracy: 0.748
class                  precision    recall   specificity      f1   support
--------------------------------------------------------------------------
0                          0.826     0.690         0.861   0.752       281
1                          0.400     0.667         0.945   0.500        30
2                          0.746     0.819         0.762   0.781       265
*----------------------------------------*
2025-11-21 13:16:52,672 INFO 0 Fri Nov 21 13:16:52 2025 Epoch: 38
2025-11-21 13:22:08,890 INFO Final training 38/150, loss: 0.6093, time 316.22s, lr: 0.000531
Accuracy: 0.755
class                  precision    recall   specificity      f1   support
--------------------------------------------------------------------------
0                          0.827     0.700         0.861   0.758       280
1                          0.364     0.667         0.936   0.471        30
2                          0.771     0.823         0.790   0.796       266
*----------------------------------------*
2025-11-21 13:23:21,163 INFO Final validation 38/150, Val_acc: 0.6706, time 72.27sAccuracy: 0.715
class                  precision    recall   specificity      f1   support
--------------------------------------------------------------------------
0                          0.833     0.571         0.892   0.678        70
1                          0.571     0.500         0.978   0.533         8
2                          0.663     0.894         0.615   0.761        66
*========================================*
2025-11-21 13:23:26,083 INFO 0 Fri Nov 21 13:23:26 2025 Epoch: 39
2025-11-21 13:28:41,800 INFO Final training 39/150, loss: 0.6590, time 315.72s, lr: 0.000527
Accuracy: 0.738
class                  precision    recall   specificity      f1   support
--------------------------------------------------------------------------
0                          0.808     0.689         0.845   0.744       280
1                          0.404     0.767         0.938   0.529        30
2                          0.746     0.786         0.771   0.766       266
*----------------------------------------*
2025-11-21 13:28:41,801 INFO 0 Fri Nov 21 13:28:41 2025 Epoch: 40
2025-11-21 13:33:56,510 INFO Final training 40/150, loss: 0.7325, time 314.71s, lr: 0.000522
Accuracy: 0.719
class                  precision    recall   specificity      f1   support
--------------------------------------------------------------------------
0                          0.791     0.661         0.834   0.720       280
1                          0.288     0.567         0.923   0.382        30
2                          0.749     0.797         0.771   0.772       266
*----------------------------------------*
2025-11-21 13:35:08,861 INFO Final validation 40/150, Val_acc: 0.6793, time 72.35sAccuracy: 0.771
class                  precision    recall   specificity      f1   support
--------------------------------------------------------------------------
0                          0.770     0.814         0.770   0.792        70
1                          0.600     0.375         0.985   0.462         8
2                          0.785     0.773         0.821   0.779        66
*========================================*
2025-11-21 13:35:08,861 INFO New best (0.674653 --> 0.679282)
2025-11-21 13:35:15,144 INFO Copying best model to best_model.pt
2025-11-21 13:35:19,415 INFO 0 Fri Nov 21 13:35:19 2025 Epoch: 41
2025-11-21 13:40:33,862 INFO Final training 41/150, loss: 0.7394, time 314.45s, lr: 0.000518
Accuracy: 0.727
class                  precision    recall   specificity      f1   support
--------------------------------------------------------------------------
0                          0.831     0.630         0.878   0.717       281
1                          0.383     0.600         0.947   0.468        30
2                          0.709     0.845         0.704   0.771       265
*----------------------------------------*
2025-11-21 13:40:34,342 INFO 0 Fri Nov 21 13:40:34 2025 Epoch: 42
2025-11-21 13:45:51,970 INFO Final training 42/150, loss: 0.7070, time 317.63s, lr: 0.000513
Accuracy: 0.740
class                  precision    recall   specificity      f1   support
--------------------------------------------------------------------------
0                          0.833     0.673         0.871   0.744       281
1                          0.311     0.633         0.923   0.418        30
2                          0.757     0.823         0.775   0.788       265
*----------------------------------------*
2025-11-21 13:47:04,172 INFO Final validation 42/150, Val_acc: 0.6700, time 72.20sAccuracy: 0.743
class                  precision    recall   specificity      f1   support
--------------------------------------------------------------------------
0                          0.806     0.714         0.838   0.758        70
1                          0.455     0.625         0.956   0.526         8
2                          0.732     0.788         0.756   0.759        66
*========================================*
2025-11-21 13:47:09,121 INFO 0 Fri Nov 21 13:47:09 2025 Epoch: 43
2025-11-21 13:52:29,951 INFO Final training 43/150, loss: 0.6351, time 320.83s, lr: 0.000509
Accuracy: 0.759
class                  precision    recall   specificity      f1   support
--------------------------------------------------------------------------
0                          0.838     0.704         0.872   0.765       280
1                          0.367     0.733         0.930   0.489        30
2                          0.776     0.820         0.797   0.797       266
*----------------------------------------*
2025-11-21 13:52:29,951 INFO 0 Fri Nov 21 13:52:29 2025 Epoch: 44
2025-11-21 13:57:52,169 INFO Final training 44/150, loss: 0.6000, time 322.22s, lr: 0.000504
Accuracy: 0.778
class                  precision    recall   specificity      f1   support
--------------------------------------------------------------------------
0                          0.831     0.751         0.854   0.789       281
1                          0.429     0.724         0.949   0.538        29
2                          0.791     0.812         0.816   0.801       266
*----------------------------------------*
2025-11-21 13:59:04,407 INFO Final validation 44/150, Val_acc: 0.6035, time 72.24sAccuracy: 0.688
class                  precision    recall   specificity      f1   support
--------------------------------------------------------------------------
0                          0.919     0.486         0.959   0.636        70
1                          0.278     0.625         0.904   0.385         8
2                          0.674     0.909         0.628   0.774        66
*========================================*
2025-11-21 13:59:09,448 INFO 0 Fri Nov 21 13:59:09 2025 Epoch: 45
2025-11-21 14:04:26,588 INFO Final training 45/150, loss: 0.6257, time 317.14s, lr: 0.000499
Accuracy: 0.740
class                  precision    recall   specificity      f1   support
--------------------------------------------------------------------------
0                          0.842     0.668         0.882   0.745       280
1                          0.388     0.633         0.945   0.481        30
2                          0.721     0.827         0.726   0.771       266
*----------------------------------------*
2025-11-21 14:04:26,588 INFO 0 Fri Nov 21 14:04:26 2025 Epoch: 46
2025-11-21 14:09:48,165 INFO Final training 46/150, loss: 0.6374, time 321.58s, lr: 0.000494
Accuracy: 0.767
class                  precision    recall   specificity      f1   support
--------------------------------------------------------------------------
0                          0.841     0.733         0.868   0.783       281
1                          0.418     0.767         0.941   0.541        30
2                          0.772     0.804         0.797   0.787       265
*----------------------------------------*
2025-11-21 14:11:00,435 INFO Final validation 46/150, Val_acc: 0.6146, time 72.27sAccuracy: 0.715
class                  precision    recall   specificity      f1   support
--------------------------------------------------------------------------
0                          0.875     0.600         0.919   0.712        70
1                          0.250     0.625         0.890   0.357         8
2                          0.737     0.848         0.744   0.789        66
*========================================*
2025-11-21 14:11:05,328 INFO 0 Fri Nov 21 14:11:05 2025 Epoch: 47
2025-11-21 14:16:26,978 INFO Final training 47/150, loss: 0.5900, time 321.65s, lr: 0.000489
Accuracy: 0.786
class                  precision    recall   specificity      f1   support
--------------------------------------------------------------------------
0                          0.850     0.746         0.875   0.795       280
1                          0.449     0.733         0.951   0.557        30
2                          0.790     0.835         0.810   0.812       266
*----------------------------------------*
2025-11-21 14:16:26,979 INFO 0 Fri Nov 21 14:16:26 2025 Epoch: 48
2025-11-21 14:21:42,237 INFO Final training 48/150, loss: 0.6081, time 315.26s, lr: 0.000484
Accuracy: 0.769
class                  precision    recall   specificity      f1   support
--------------------------------------------------------------------------
0                          0.842     0.725         0.872   0.779       280
1                          0.423     0.733         0.945   0.537        30
2                          0.770     0.820         0.790   0.794       266
*----------------------------------------*
2025-11-21 14:22:54,442 INFO Final validation 48/150, Val_acc: 0.5882, time 72.21sAccuracy: 0.688
class                  precision    recall   specificity      f1   support
--------------------------------------------------------------------------
0                          0.971     0.471         0.986   0.635        70
1                          0.192     0.625         0.846   0.294         8
2                          0.726     0.924         0.705   0.813        66
*========================================*
2025-11-21 14:22:59,386 INFO 0 Fri Nov 21 14:22:59 2025 Epoch: 49
2025-11-21 14:28:15,490 INFO Final training 49/150, loss: 0.6112, time 316.10s, lr: 0.000479
Accuracy: 0.771
class                  precision    recall   specificity      f1   support
--------------------------------------------------------------------------
0                          0.856     0.721         0.885   0.783       280
1                          0.373     0.733         0.932   0.494        30
2                          0.783     0.827         0.803   0.804       266
*----------------------------------------*
2025-11-21 14:28:15,491 INFO 0 Fri Nov 21 14:28:15 2025 Epoch: 50
2025-11-21 14:33:35,967 INFO Final training 50/150, loss: 0.5722, time 320.48s, lr: 0.000474
Accuracy: 0.792
class                  precision    recall   specificity      f1   support
--------------------------------------------------------------------------
0                          0.878     0.740         0.902   0.803       281
1                          0.481     0.833         0.951   0.610        30
2                          0.777     0.842         0.794   0.808       265
*----------------------------------------*
2025-11-21 14:34:48,222 INFO Final validation 50/150, Val_acc: 0.6944, time 72.26sAccuracy: 0.778
class                  precision    recall   specificity      f1   support
--------------------------------------------------------------------------
0                          0.756     0.886         0.730   0.816        70
1                          0.625     0.625         0.978   0.625         8
2                          0.833     0.682         0.885   0.750        66
*========================================*
2025-11-21 14:34:48,222 INFO New best (0.679282 --> 0.694444)
2025-11-21 14:34:54,547 INFO Copying best model to best_model.pt
2025-11-21 14:34:58,837 INFO 0 Fri Nov 21 14:34:58 2025 Epoch: 51
2025-11-21 14:40:23,601 INFO Final training 51/150, loss: 0.5794, time 324.76s, lr: 0.000468
Accuracy: 0.759
class                  precision    recall   specificity      f1   support
--------------------------------------------------------------------------
0                          0.823     0.726         0.851   0.771       281
1                          0.420     0.700         0.947   0.525        30
2                          0.763     0.800         0.788   0.781       265
*----------------------------------------*
2025-11-21 14:40:24,061 INFO 0 Fri Nov 21 14:40:24 2025 Epoch: 52
2025-11-21 14:45:47,168 INFO Final training 52/150, loss: 0.6156, time 323.11s, lr: 0.000463
Accuracy: 0.762
class                  precision    recall   specificity      f1   support
--------------------------------------------------------------------------
0                          0.829     0.744         0.854   0.784       281
1                          0.400     0.733         0.940   0.518        30
2                          0.773     0.785         0.804   0.779       265
*----------------------------------------*
2025-11-21 14:46:59,408 INFO Final validation 52/150, Val_acc: 0.6800, time 72.24sAccuracy: 0.771
class                  precision    recall   specificity      f1   support
--------------------------------------------------------------------------
0                          0.852     0.743         0.878   0.794        70
1                          0.385     0.625         0.941   0.476         8
2                          0.771     0.818         0.795   0.794        66
*========================================*
2025-11-21 14:47:04,386 INFO 0 Fri Nov 21 14:47:04 2025 Epoch: 53
2025-11-21 14:52:17,762 INFO Final training 53/150, loss: 0.5706, time 313.38s, lr: 0.000457
Accuracy: 0.785
class                  precision    recall   specificity      f1   support
--------------------------------------------------------------------------
0                          0.858     0.776         0.878   0.815       281
1                          0.377     0.690         0.940   0.488        29
2                          0.796     0.805         0.823   0.800       266
*----------------------------------------*
2025-11-21 14:52:17,762 INFO 0 Fri Nov 21 14:52:17 2025 Epoch: 54
2025-11-21 14:57:31,792 INFO Final training 54/150, loss: 0.5877, time 314.03s, lr: 0.000452
Accuracy: 0.780
class                  precision    recall   specificity      f1   support
--------------------------------------------------------------------------
0                          0.852     0.782         0.872   0.816       280
1                          0.362     0.700         0.932   0.477        30
2                          0.801     0.786         0.832   0.793       266
*----------------------------------------*
2025-11-21 14:58:44,073 INFO Final validation 54/150, Val_acc: 0.7284, time 72.28sAccuracy: 0.806
class                  precision    recall   specificity      f1   support
--------------------------------------------------------------------------
0                          0.811     0.857         0.811   0.833        70
1                          0.571     0.500         0.978   0.533         8
2                          0.825     0.788         0.859   0.806        66
*========================================*
2025-11-21 14:58:44,073 INFO New best (0.694444 --> 0.728356)
2025-11-21 14:58:50,464 INFO Copying best model to best_model.pt
2025-11-21 14:58:54,763 INFO 0 Fri Nov 21 14:58:54 2025 Epoch: 55
2025-11-21 15:04:13,408 INFO Final training 55/150, loss: 0.6394, time 318.64s, lr: 0.000446
Accuracy: 0.762
class                  precision    recall   specificity      f1   support
--------------------------------------------------------------------------
0                          0.861     0.707         0.892   0.776       280
1                          0.387     0.800         0.930   0.522        30
2                          0.764     0.816         0.784   0.789       266
*----------------------------------------*
2025-11-21 15:04:13,408 INFO 0 Fri Nov 21 15:04:13 2025 Epoch: 56
2025-11-21 15:09:33,305 INFO Final training 56/150, loss: 0.5327, time 319.90s, lr: 0.000441
Accuracy: 0.795
class                  precision    recall   specificity      f1   support
--------------------------------------------------------------------------
0                          0.865     0.776         0.885   0.818       281
1                          0.469     0.767         0.952   0.582        30
2                          0.789     0.819         0.814   0.804       265
*----------------------------------------*
2025-11-21 15:10:45,632 INFO Final validation 56/150, Val_acc: 0.7731, time 72.33sAccuracy: 0.806
class                  precision    recall   specificity      f1   support
--------------------------------------------------------------------------
0                          0.838     0.814         0.851   0.826        70
1                          0.625     0.625         0.978   0.625         8
2                          0.794     0.818         0.821   0.806        66
*========================================*
2025-11-21 15:10:45,632 INFO New best (0.728356 --> 0.773148)
2025-11-21 15:10:51,956 INFO Copying best model to best_model.pt
2025-11-21 15:10:56,309 INFO 0 Fri Nov 21 15:10:56 2025 Epoch: 57
2025-11-21 15:16:13,584 INFO Final training 57/150, loss: 0.6073, time 317.27s, lr: 0.000435
Accuracy: 0.767
class                  precision    recall   specificity      f1   support
--------------------------------------------------------------------------
0                          0.818     0.769         0.837   0.793       281
1                          0.468     0.733         0.954   0.571        30
2                          0.770     0.770         0.804   0.770       265
*----------------------------------------*
2025-11-21 15:16:13,584 INFO 0 Fri Nov 21 15:16:13 2025 Epoch: 58
2025-11-21 15:21:29,160 INFO Final training 58/150, loss: 0.5396, time 315.58s, lr: 0.000429
Accuracy: 0.788
class                  precision    recall   specificity      f1   support
--------------------------------------------------------------------------
0                          0.838     0.776         0.858   0.806       281
1                          0.462     0.800         0.949   0.585        30
2                          0.803     0.800         0.833   0.802       265
*----------------------------------------*
2025-11-21 15:22:41,416 INFO Final validation 58/150, Val_acc: 0.7104, time 72.26sAccuracy: 0.806
class                  precision    recall   specificity      f1   support
--------------------------------------------------------------------------
0                          0.841     0.829         0.851   0.835        70
1                          0.500     0.625         0.963   0.556         8
2                          0.815     0.803         0.846   0.809        66
*========================================*
2025-11-21 15:22:46,351 INFO 0 Fri Nov 21 15:22:46 2025 Epoch: 59
2025-11-21 15:28:14,319 INFO Final training 59/150, loss: 0.4972, time 327.97s, lr: 0.000423
Accuracy: 0.800
class                  precision    recall   specificity      f1   support
--------------------------------------------------------------------------
0                          0.855     0.779         0.875   0.815       280
1                          0.442     0.767         0.947   0.561        30
2                          0.818     0.827         0.842   0.822       266
*----------------------------------------*
2025-11-21 15:28:14,320 INFO 0 Fri Nov 21 15:28:14 2025 Epoch: 60
2025-11-21 15:33:35,590 INFO Final training 60/150, loss: 0.5212, time 321.27s, lr: 0.000417
Accuracy: 0.806
class                  precision    recall   specificity      f1   support
--------------------------------------------------------------------------
0                          0.865     0.797         0.881   0.830       281
1                          0.435     0.667         0.952   0.526        30
2                          0.812     0.830         0.836   0.821       265
*----------------------------------------*
2025-11-21 15:34:47,889 INFO Final validation 60/150, Val_acc: 0.6968, time 72.30sAccuracy: 0.785
class                  precision    recall   specificity      f1   support
--------------------------------------------------------------------------
0                          0.857     0.771         0.878   0.812        70
1                          0.333     0.625         0.926   0.435         8
2                          0.818     0.818         0.846   0.818        66
*========================================*
2025-11-21 15:34:53,070 INFO 0 Fri Nov 21 15:34:53 2025 Epoch: 61
2025-11-21 15:40:16,440 INFO Final training 61/150, loss: 0.5824, time 323.37s, lr: 0.000411
Accuracy: 0.767
class                  precision    recall   specificity      f1   support
--------------------------------------------------------------------------
0                          0.851     0.733         0.878   0.788       281
1                          0.393     0.800         0.932   0.527        30
2                          0.777     0.800         0.804   0.788       265
*----------------------------------------*
2025-11-21 15:40:17,003 INFO 0 Fri Nov 21 15:40:16 2025 Epoch: 62
2025-11-21 15:45:35,494 INFO Final training 62/150, loss: 0.5260, time 318.49s, lr: 0.000405
Accuracy: 0.806
class                  precision    recall   specificity      f1   support
--------------------------------------------------------------------------
0                          0.877     0.789         0.895   0.831       280
1                          0.420     0.700         0.947   0.525        30
2                          0.810     0.835         0.832   0.822       266
*----------------------------------------*
2025-11-21 15:46:47,684 INFO Final validation 62/150, Val_acc: 0.6056, time 72.19sAccuracy: 0.729
class                  precision    recall   specificity      f1   support
--------------------------------------------------------------------------
0                          0.821     0.786         0.838   0.803        70
1                          0.231     0.750         0.853   0.353         8
2                          0.863     0.667         0.910   0.752        66
*========================================*
2025-11-21 15:46:52,644 INFO 0 Fri Nov 21 15:46:52 2025 Epoch: 63
2025-11-21 15:52:11,629 INFO Final training 63/150, loss: 0.5140, time 318.98s, lr: 0.000399
Accuracy: 0.818
class                  precision    recall   specificity      f1   support
--------------------------------------------------------------------------
0                          0.883     0.804         0.898   0.842       281
1                          0.500     0.800         0.956   0.615        30
2                          0.812     0.834         0.836   0.823       265
*----------------------------------------*
2025-11-21 15:52:11,629 INFO 0 Fri Nov 21 15:52:11 2025 Epoch: 64
2025-11-21 15:57:27,572 INFO Final training 64/150, loss: 0.5192, time 315.94s, lr: 0.000393
Accuracy: 0.792
class                  precision    recall   specificity      f1   support
--------------------------------------------------------------------------
0                          0.859     0.779         0.878   0.817       281
1                          0.429     0.900         0.934   0.581        30
2                          0.814     0.792         0.846   0.803       265
*----------------------------------------*
2025-11-21 15:58:39,909 INFO Final validation 64/150, Val_acc: 0.6840, time 72.34sAccuracy: 0.792
class                  precision    recall   specificity      f1   support
--------------------------------------------------------------------------
0                          0.816     0.886         0.811   0.849        70
1                          0.308     0.500         0.934   0.381         8
2                          0.873     0.727         0.910   0.793        66
*========================================*
2025-11-21 15:58:44,885 INFO 0 Fri Nov 21 15:58:44 2025 Epoch: 65
2025-11-21 16:03:57,155 INFO Final training 65/150, loss: 0.5164, time 312.27s, lr: 0.000387
Accuracy: 0.800
class                  precision    recall   specificity      f1   support
--------------------------------------------------------------------------
0                          0.873     0.786         0.892   0.827       280
1                          0.469     0.767         0.952   0.582        30
2                          0.793     0.820         0.816   0.806       266
*----------------------------------------*
2025-11-21 16:03:57,156 INFO 0 Fri Nov 21 16:03:57 2025 Epoch: 66
2025-11-21 16:09:15,112 INFO Final training 66/150, loss: 0.4969, time 317.96s, lr: 0.000380
Accuracy: 0.795
class                  precision    recall   specificity      f1   support
--------------------------------------------------------------------------
0                          0.876     0.786         0.895   0.829       280
1                          0.387     0.800         0.930   0.522        30
2                          0.814     0.805         0.842   0.809       266
*----------------------------------------*
2025-11-21 16:10:27,345 INFO Final validation 66/150, Val_acc: 0.7576, time 72.23sAccuracy: 0.819
class                  precision    recall   specificity      f1   support
--------------------------------------------------------------------------
0                          0.917     0.786         0.932   0.846        70
1                          0.444     0.500         0.963   0.471         8
2                          0.787     0.894         0.795   0.837        66
*========================================*
2025-11-21 16:10:32,314 INFO 0 Fri Nov 21 16:10:32 2025 Epoch: 67
2025-11-21 16:15:53,120 INFO Final training 67/150, loss: 0.5048, time 320.81s, lr: 0.000374
Accuracy: 0.806
class                  precision    recall   specificity      f1   support
--------------------------------------------------------------------------
0                          0.865     0.775         0.885   0.817       280
1                          0.543     0.833         0.962   0.658        30
2                          0.796     0.835         0.816   0.815       266
*----------------------------------------*
2025-11-21 16:15:53,120 INFO 0 Fri Nov 21 16:15:53 2025 Epoch: 68
2025-11-21 16:21:12,250 INFO Final training 68/150, loss: 0.5460, time 319.13s, lr: 0.000368
Accuracy: 0.828
class                  precision    recall   specificity      f1   support
--------------------------------------------------------------------------
0                          0.881     0.794         0.898   0.835       281
1                          0.568     0.833         0.965   0.676        30
2                          0.821     0.864         0.839   0.842       265
*----------------------------------------*
2025-11-21 16:22:24,581 INFO Final validation 68/150, Val_acc: 0.7622, time 72.33sAccuracy: 0.819
class                  precision    recall   specificity      f1   support
--------------------------------------------------------------------------
0                          0.866     0.829         0.878   0.847        70
1                          0.500     0.500         0.971   0.500         8
2                          0.812     0.848         0.833   0.830        66
*========================================*
2025-11-21 16:22:29,549 INFO 0 Fri Nov 21 16:22:29 2025 Epoch: 69
2025-11-21 16:27:45,706 INFO Final training 69/150, loss: 0.4903, time 316.16s, lr: 0.000361
Accuracy: 0.812
class                  precision    recall   specificity      f1   support
--------------------------------------------------------------------------
0                          0.865     0.804         0.882   0.833       280
1                          0.490     0.800         0.954   0.608        30
2                          0.820     0.823         0.845   0.822       266
*----------------------------------------*
2025-11-21 16:27:45,706 INFO 0 Fri Nov 21 16:27:45 2025 Epoch: 70
2025-11-21 16:33:01,881 INFO Final training 70/150, loss: 0.5134, time 316.17s, lr: 0.000355
Accuracy: 0.807
class                  precision    recall   specificity      f1   support
--------------------------------------------------------------------------
0                          0.885     0.796         0.902   0.838       280
1                          0.444     0.800         0.945   0.571        30
2                          0.807     0.820         0.832   0.813       266
*----------------------------------------*
2025-11-21 16:34:14,161 INFO Final validation 70/150, Val_acc: 0.7486, time 72.28sAccuracy: 0.840
class                  precision    recall   specificity      f1   support
--------------------------------------------------------------------------
0                          0.892     0.829         0.905   0.859        70
1                          0.556     0.625         0.971   0.588         8
2                          0.829     0.879         0.846   0.853        66
*========================================*
2025-11-21 16:34:19,142 INFO 0 Fri Nov 21 16:34:19 2025 Epoch: 71
2025-11-21 16:39:41,329 INFO Final training 71/150, loss: 0.4585, time 322.19s, lr: 0.000349
Accuracy: 0.826
class                  precision    recall   specificity      f1   support
--------------------------------------------------------------------------
0                          0.870     0.814         0.885   0.841       280
1                          0.565     0.867         0.963   0.684        30
2                          0.828     0.835         0.852   0.831       266
*----------------------------------------*
2025-11-21 16:39:41,766 INFO 0 Fri Nov 21 16:39:41 2025 Epoch: 72
2025-11-21 16:44:58,103 INFO Final training 72/150, loss: 0.4283, time 316.34s, lr: 0.000342
Accuracy: 0.837
class                  precision    recall   specificity      f1   support
--------------------------------------------------------------------------
0                          0.891     0.815         0.905   0.851       281
1                          0.568     0.833         0.965   0.676        30
2                          0.829     0.860         0.849   0.844       265
*----------------------------------------*
2025-11-21 16:46:10,257 INFO Final validation 72/150, Val_acc: 0.7318, time 72.15sAccuracy: 0.819
class                  precision    recall   specificity      f1   support
--------------------------------------------------------------------------
0                          0.857     0.857         0.865   0.857        70
1                          0.417     0.625         0.949   0.500         8
2                          0.855     0.803         0.885   0.828        66
*========================================*
2025-11-21 16:46:15,195 INFO 0 Fri Nov 21 16:46:15 2025 Epoch: 73
2025-11-21 16:51:34,847 INFO Final training 73/150, loss: 0.4847, time 319.65s, lr: 0.000336
Accuracy: 0.811
class                  precision    recall   specificity      f1   support
--------------------------------------------------------------------------
0                          0.886     0.804         0.902   0.843       281
1                          0.439     0.833         0.941   0.575        30
2                          0.818     0.815         0.846   0.817       265
*----------------------------------------*
2025-11-21 16:51:34,847 INFO 0 Fri Nov 21 16:51:34 2025 Epoch: 74
2025-11-21 16:56:52,189 INFO Final training 74/150, loss: 0.4733, time 317.34s, lr: 0.000329
Accuracy: 0.826
class                  precision    recall   specificity      f1   support
--------------------------------------------------------------------------
0                          0.878     0.819         0.892   0.847       281
1                          0.521     0.833         0.958   0.641        30
2                          0.831     0.834         0.855   0.832       265
*----------------------------------------*
2025-11-21 16:58:04,509 INFO Final validation 74/150, Val_acc: 0.7383, time 72.32sAccuracy: 0.806
class                  precision    recall   specificity      f1   support
--------------------------------------------------------------------------
0                          0.946     0.757         0.959   0.841        70
1                          0.333     0.625         0.926   0.435         8
2                          0.795     0.879         0.808   0.835        66
*========================================*
2025-11-21 16:58:09,449 INFO 0 Fri Nov 21 16:58:09 2025 Epoch: 75
2025-11-21 17:03:28,111 INFO Final training 75/150, loss: 0.4805, time 318.66s, lr: 0.000323
Accuracy: 0.830
class                  precision    recall   specificity      f1   support
--------------------------------------------------------------------------
0                          0.905     0.782         0.922   0.839       280
1                          0.553     0.867         0.962   0.675        30
2                          0.812     0.876         0.826   0.843       266
*----------------------------------------*
2025-11-21 17:03:28,112 INFO 0 Fri Nov 21 17:03:28 2025 Epoch: 76
2025-11-21 17:08:49,439 INFO Final training 76/150, loss: 0.4739, time 321.33s, lr: 0.000316
Accuracy: 0.819
class                  precision    recall   specificity      f1   support
--------------------------------------------------------------------------
0                          0.894     0.811         0.909   0.850       280
1                          0.404     0.767         0.938   0.529        30
2                          0.838     0.835         0.861   0.836       266
*----------------------------------------*
2025-11-21 17:10:01,701 INFO Final validation 76/150, Val_acc: 0.7440, time 72.26sAccuracy: 0.826
class                  precision    recall   specificity      f1   support
--------------------------------------------------------------------------
0                          0.859     0.871         0.865   0.865        70
1                          0.444     0.500         0.963   0.471         8
2                          0.844     0.818         0.872   0.831        66
*========================================*
2025-11-21 17:10:06,636 INFO 0 Fri Nov 21 17:10:06 2025 Epoch: 77
2025-11-21 17:15:26,853 INFO Final training 77/150, loss: 0.4529, time 320.22s, lr: 0.000310
Accuracy: 0.816
class                  precision    recall   specificity      f1   support
--------------------------------------------------------------------------
0                          0.875     0.794         0.892   0.832       281
1                          0.520     0.867         0.956   0.650        30
2                          0.815     0.834         0.839   0.825       265
*----------------------------------------*
2025-11-21 17:15:26,854 INFO 0 Fri Nov 21 17:15:26 2025 Epoch: 78
2025-11-21 17:20:45,275 INFO Final training 78/150, loss: 0.4929, time 318.42s, lr: 0.000303
Accuracy: 0.816
class                  precision    recall   specificity      f1   support
--------------------------------------------------------------------------
0                          0.878     0.797         0.895   0.836       281
1                          0.489     0.733         0.958   0.587        30
2                          0.812     0.845         0.833   0.828       265
*----------------------------------------*
2025-11-21 17:21:57,498 INFO Final validation 78/150, Val_acc: 0.7582, time 72.22sAccuracy: 0.826
class                  precision    recall   specificity      f1   support
--------------------------------------------------------------------------
0                          0.919     0.814         0.932   0.864        70
1                          0.333     0.500         0.941   0.400         8
2                          0.829     0.879         0.846   0.853        66
*========================================*
2025-11-21 17:22:02,437 INFO 0 Fri Nov 21 17:22:02 2025 Epoch: 79
2025-11-21 17:27:25,315 INFO Final training 79/150, loss: 0.4194, time 322.88s, lr: 0.000297
Accuracy: 0.849
class                  precision    recall   specificity      f1   support
--------------------------------------------------------------------------
0                          0.902     0.825         0.916   0.862       280
1                          0.565     0.867         0.963   0.684        30
2                          0.847     0.872         0.865   0.859       266
*----------------------------------------*
2025-11-21 17:27:25,315 INFO 0 Fri Nov 21 17:27:25 2025 Epoch: 80
2025-11-21 17:32:44,179 INFO Final training 80/150, loss: 0.4850, time 318.86s, lr: 0.000290
Accuracy: 0.823
class                  precision    recall   specificity      f1   support
--------------------------------------------------------------------------
0                          0.882     0.800         0.899   0.839       280
1                          0.540     0.900         0.958   0.675        30
2                          0.820     0.838         0.842   0.829       266
*----------------------------------------*
2025-11-21 17:33:56,341 INFO Final validation 80/150, Val_acc: 0.7694, time 72.16sAccuracy: 0.854
class                  precision    recall   specificity      f1   support
--------------------------------------------------------------------------
0                          0.897     0.871         0.905   0.884        70
1                          0.556     0.625         0.971   0.588         8
2                          0.851     0.864         0.872   0.857        66
*========================================*
2025-11-21 17:34:01,270 INFO 0 Fri Nov 21 17:34:01 2025 Epoch: 81
2025-11-21 17:39:21,248 INFO Final training 81/150, loss: 0.4295, time 319.98s, lr: 0.000284
Accuracy: 0.842
class                  precision    recall   specificity      f1   support
--------------------------------------------------------------------------
0                          0.897     0.833         0.908   0.863       281
1                          0.535     0.793         0.963   0.639        29
2                          0.838     0.857         0.858   0.848       266
*----------------------------------------*
2025-11-21 17:39:21,805 INFO 0 Fri Nov 21 17:39:21 2025 Epoch: 82
2025-11-21 17:44:46,563 INFO Final training 82/150, loss: 0.4609, time 324.76s, lr: 0.000277
Accuracy: 0.806
class                  precision    recall   specificity      f1   support
--------------------------------------------------------------------------
0                          0.872     0.779         0.892   0.823       280
1                          0.472     0.833         0.949   0.602        30
2                          0.810     0.831         0.832   0.820       266
*----------------------------------------*
2025-11-21 17:45:58,852 INFO Final validation 82/150, Val_acc: 0.7509, time 72.29sAccuracy: 0.819
class                  precision    recall   specificity      f1   support
--------------------------------------------------------------------------
0                          0.838     0.886         0.838   0.861        70
1                          0.444     0.500         0.963   0.471         8
2                          0.852     0.788         0.885   0.819        66
*========================================*
2025-11-21 17:46:03,830 INFO 0 Fri Nov 21 17:46:03 2025 Epoch: 83
2025-11-21 17:51:23,742 INFO Final training 83/150, loss: 0.4502, time 319.91s, lr: 0.000271
Accuracy: 0.828
class                  precision    recall   specificity      f1   support
--------------------------------------------------------------------------
0                          0.893     0.807         0.909   0.848       280
1                          0.511     0.800         0.958   0.623        30
2                          0.822     0.853         0.842   0.838       266
*----------------------------------------*
2025-11-21 17:51:23,743 INFO 0 Fri Nov 21 17:51:23 2025 Epoch: 84
2025-11-21 17:56:39,211 INFO Final training 84/150, loss: 0.4432, time 315.47s, lr: 0.000264
Accuracy: 0.839
class                  precision    recall   specificity      f1   support
--------------------------------------------------------------------------
0                          0.912     0.808         0.925   0.857       281
1                          0.533     0.800         0.962   0.640        30
2                          0.823     0.875         0.839   0.848       265
*----------------------------------------*
2025-11-21 17:57:51,479 INFO Final validation 84/150, Val_acc: 0.7486, time 72.27sAccuracy: 0.806
class                  precision    recall   specificity      f1   support
--------------------------------------------------------------------------
0                          0.793     0.929         0.770   0.855        70
1                          0.500     0.625         0.963   0.556         8
2                          0.885     0.697         0.923   0.780        66
*========================================*
2025-11-21 17:57:56,476 INFO 0 Fri Nov 21 17:57:56 2025 Epoch: 85
2025-11-21 18:03:13,380 INFO Final training 85/150, loss: 0.4454, time 316.90s, lr: 0.000258
Accuracy: 0.825
class                  precision    recall   specificity      f1   support
--------------------------------------------------------------------------
0                          0.877     0.814         0.892   0.844       280
1                          0.522     0.800         0.960   0.632        30
2                          0.826     0.838         0.848   0.832       266
*----------------------------------------*
2025-11-21 18:03:13,380 INFO 0 Fri Nov 21 18:03:13 2025 Epoch: 86
2025-11-21 18:08:30,786 INFO Final training 86/150, loss: 0.3988, time 317.41s, lr: 0.000251
Accuracy: 0.861
class                  precision    recall   specificity      f1   support
--------------------------------------------------------------------------
0                          0.916     0.861         0.926   0.888       280
1                          0.511     0.800         0.958   0.623        30
2                          0.868     0.868         0.887   0.868       266
*----------------------------------------*
2025-11-21 18:09:43,053 INFO Final validation 86/150, Val_acc: 0.8071, time 72.27sAccuracy: 0.875
class                  precision    recall   specificity      f1   support
--------------------------------------------------------------------------
0                          0.967     0.843         0.973   0.901        70
1                          0.444     0.500         0.963   0.471         8
2                          0.851     0.955         0.859   0.900        66
*========================================*
2025-11-21 18:09:43,054 INFO New best (0.773148 --> 0.807060)
2025-11-21 18:09:49,421 INFO Copying best model to best_model.pt
2025-11-21 18:09:53,753 INFO 0 Fri Nov 21 18:09:53 2025 Epoch: 87
2025-11-21 18:15:13,407 INFO Final training 87/150, loss: 0.4110, time 319.65s, lr: 0.000245
Accuracy: 0.856
class                  precision    recall   specificity      f1   support
--------------------------------------------------------------------------
0                          0.906     0.854         0.915   0.879       281
1                          0.509     0.900         0.952   0.651        30
2                          0.876     0.853         0.897   0.864       265
*----------------------------------------*
2025-11-21 18:15:13,408 INFO 0 Fri Nov 21 18:15:13 2025 Epoch: 88
2025-11-21 18:20:33,182 INFO Final training 88/150, loss: 0.4017, time 319.77s, lr: 0.000239
Accuracy: 0.839
class                  precision    recall   specificity      f1   support
--------------------------------------------------------------------------
0                          0.901     0.811         0.916   0.853       280
1                          0.511     0.767         0.960   0.613        30
2                          0.835     0.876         0.852   0.855       266
*----------------------------------------*
2025-11-21 18:21:45,409 INFO Final validation 88/150, Val_acc: 0.7880, time 72.23sAccuracy: 0.861
class                  precision    recall   specificity      f1   support
--------------------------------------------------------------------------
0                          0.938     0.857         0.946   0.896        70
1                          0.333     0.250         0.971   0.286         8
2                          0.838     0.939         0.846   0.886        66
*========================================*
2025-11-21 18:21:50,453 INFO 0 Fri Nov 21 18:21:50 2025 Epoch: 89
2025-11-21 18:27:14,923 INFO Final training 89/150, loss: 0.3847, time 324.47s, lr: 0.000232
Accuracy: 0.856
class                  precision    recall   specificity      f1   support
--------------------------------------------------------------------------
0                          0.904     0.836         0.915   0.869       281
1                          0.609     0.933         0.967   0.737        30
2                          0.852     0.868         0.871   0.860       265
*----------------------------------------*
2025-11-21 18:27:14,923 INFO 0 Fri Nov 21 18:27:14 2025 Epoch: 90
2025-11-21 18:32:36,613 INFO Final training 90/150, loss: 0.3879, time 321.69s, lr: 0.000226
Accuracy: 0.852
class                  precision    recall   specificity      f1   support
--------------------------------------------------------------------------
0                          0.917     0.829         0.929   0.871       280
1                          0.565     0.867         0.963   0.684        30
2                          0.841     0.876         0.858   0.858       266
*----------------------------------------*
2025-11-21 18:33:48,779 INFO Final validation 90/150, Val_acc: 0.7741, time 72.17sAccuracy: 0.861
class                  precision    recall   specificity      f1   support
--------------------------------------------------------------------------
0                          0.923     0.857         0.932   0.889        70
1                          0.500     0.625         0.963   0.556         8
2                          0.855     0.894         0.872   0.874        66
*========================================*
2025-11-21 18:33:53,767 INFO 0 Fri Nov 21 18:33:53 2025 Epoch: 91
2025-11-21 18:39:09,123 INFO Final training 91/150, loss: 0.4299, time 315.36s, lr: 0.000220
Accuracy: 0.845
class                  precision    recall   specificity      f1   support
--------------------------------------------------------------------------
0                          0.923     0.811         0.936   0.863       280
1                          0.510     0.867         0.954   0.642        30
2                          0.839     0.880         0.855   0.859       266
*----------------------------------------*
2025-11-21 18:39:09,603 INFO 0 Fri Nov 21 18:39:09 2025 Epoch: 92
2025-11-21 18:44:24,927 INFO Final training 92/150, loss: 0.4558, time 315.32s, lr: 0.000213
Accuracy: 0.826
class                  precision    recall   specificity      f1   support
--------------------------------------------------------------------------
0                          0.893     0.807         0.909   0.848       280
1                          0.531     0.867         0.958   0.658        30
2                          0.818     0.842         0.839   0.830       266
*----------------------------------------*
2025-11-21 18:45:37,200 INFO Final validation 92/150, Val_acc: 0.7354, time 72.27sAccuracy: 0.812
class                  precision    recall   specificity      f1   support
--------------------------------------------------------------------------
0                          0.793     0.929         0.770   0.855        70
1                          0.444     0.500         0.963   0.471         8
2                          0.906     0.727         0.936   0.807        66
*========================================*
2025-11-21 18:45:42,149 INFO 0 Fri Nov 21 18:45:42 2025 Epoch: 93
2025-11-21 18:51:02,393 INFO Final training 93/150, loss: 0.4134, time 320.24s, lr: 0.000207
Accuracy: 0.837
class                  precision    recall   specificity      f1   support
--------------------------------------------------------------------------
0                          0.906     0.826         0.919   0.864       281
1                          0.510     0.897         0.954   0.650        29
2                          0.833     0.842         0.855   0.837       266
*----------------------------------------*
2025-11-21 18:51:02,393 INFO 0 Fri Nov 21 18:51:02 2025 Epoch: 94
2025-11-21 18:56:26,262 INFO Final training 94/150, loss: 0.3852, time 323.87s, lr: 0.000201
Accuracy: 0.849
class                  precision    recall   specificity      f1   support
--------------------------------------------------------------------------
0                          0.901     0.843         0.912   0.871       281
1                          0.533     0.800         0.962   0.640        30
2                          0.851     0.860         0.871   0.856       265
*----------------------------------------*
2025-11-21 18:57:38,421 INFO Final validation 94/150, Val_acc: 0.7764, time 72.16sAccuracy: 0.847
class                  precision    recall   specificity      f1   support
--------------------------------------------------------------------------
0                          0.873     0.886         0.878   0.879        70
1                          0.444     0.500         0.963   0.471         8
2                          0.875     0.848         0.897   0.862        66
*========================================*
2025-11-21 18:57:43,394 INFO 0 Fri Nov 21 18:57:43 2025 Epoch: 95
2025-11-21 19:03:02,610 INFO Final training 95/150, loss: 0.4043, time 319.22s, lr: 0.000195
Accuracy: 0.852
class                  precision    recall   specificity      f1   support
--------------------------------------------------------------------------
0                          0.908     0.843         0.919   0.874       280
1                          0.545     0.800         0.963   0.649        30
2                          0.849     0.868         0.868   0.859       266
*----------------------------------------*
2025-11-21 19:03:02,611 INFO 0 Fri Nov 21 19:03:02 2025 Epoch: 96
2025-11-21 19:08:21,586 INFO Final training 96/150, loss: 0.3760, time 318.97s, lr: 0.000189
Accuracy: 0.858
class                  precision    recall   specificity      f1   support
--------------------------------------------------------------------------
0                          0.925     0.832         0.936   0.876       280
1                          0.519     0.900         0.954   0.659        30
2                          0.860     0.880         0.877   0.870       266
*----------------------------------------*
2025-11-21 19:09:33,829 INFO Final validation 96/150, Val_acc: 0.7752, time 72.24sAccuracy: 0.847
class                  precision    recall   specificity      f1   support
--------------------------------------------------------------------------
0                          0.873     0.886         0.878   0.879        70
1                          0.500     0.500         0.971   0.500         8
2                          0.862     0.848         0.885   0.855        66
*========================================*
2025-11-21 19:09:38,762 INFO 0 Fri Nov 21 19:09:38 2025 Epoch: 97
2025-11-21 19:15:00,722 INFO Final training 97/150, loss: 0.3881, time 321.96s, lr: 0.000183
Accuracy: 0.865
class                  precision    recall   specificity      f1   support
--------------------------------------------------------------------------
0                          0.922     0.846         0.932   0.883       280
1                          0.565     0.867         0.963   0.684        30
2                          0.861     0.883         0.877   0.872       266
*----------------------------------------*
2025-11-21 19:15:00,722 INFO 0 Fri Nov 21 19:15:00 2025 Epoch: 98
2025-11-21 19:20:21,481 INFO Final training 98/150, loss: 0.3803, time 320.76s, lr: 0.000177
Accuracy: 0.863
class                  precision    recall   specificity      f1   support
--------------------------------------------------------------------------
0                          0.924     0.865         0.932   0.893       281
1                          0.510     0.833         0.956   0.633        30
2                          0.867     0.864         0.887   0.866       265
*----------------------------------------*
2025-11-21 19:21:33,725 INFO Final validation 98/150, Val_acc: 0.7994, time 72.24sAccuracy: 0.854
class                  precision    recall   specificity      f1   support
--------------------------------------------------------------------------
0                          0.982     0.786         0.986   0.873        70
1                          0.500     0.625         0.963   0.556         8
2                          0.808     0.955         0.808   0.875        66
*========================================*
2025-11-21 19:21:38,680 INFO 0 Fri Nov 21 19:21:38 2025 Epoch: 99
2025-11-21 19:27:01,309 INFO Final training 99/150, loss: 0.3847, time 322.63s, lr: 0.000171
Accuracy: 0.851
class                  precision    recall   specificity      f1   support
--------------------------------------------------------------------------
0                          0.917     0.832         0.929   0.873       280
1                          0.500     0.833         0.954   0.625        30
2                          0.853     0.872         0.871   0.862       266
*----------------------------------------*
2025-11-21 19:27:01,310 INFO 0 Fri Nov 21 19:27:01 2025 Epoch: 100
2025-11-21 19:32:18,194 INFO Final training 100/150, loss: 0.3881, time 316.88s, lr: 0.000165
Accuracy: 0.851
class                  precision    recall   specificity      f1   support
--------------------------------------------------------------------------
0                          0.894     0.846         0.905   0.870       280
1                          0.595     0.833         0.969   0.694        30
2                          0.848     0.857         0.868   0.852       266
*----------------------------------------*
2025-11-21 19:33:30,392 INFO Final validation 100/150, Val_acc: 0.8314, time 72.20sAccuracy: 0.889
class                  precision    recall   specificity      f1   support
--------------------------------------------------------------------------
0                          0.954     0.886         0.959   0.919        70
1                          0.556     0.625         0.971   0.588         8
2                          0.871     0.924         0.885   0.897        66
*========================================*
2025-11-21 19:33:30,393 INFO New best (0.807060 --> 0.831366)
2025-11-21 19:33:36,703 INFO Copying best model to best_model.pt
2025-11-21 19:33:41,059 INFO 0 Fri Nov 21 19:33:41 2025 Epoch: 101
2025-11-21 19:39:02,265 INFO Final training 101/150, loss: 0.3523, time 321.21s, lr: 0.000159
Accuracy: 0.882
class                  precision    recall   specificity      f1   support
--------------------------------------------------------------------------
0                          0.934     0.864         0.943   0.898       280
1                          0.595     0.833         0.969   0.694        30
2                          0.876     0.906         0.890   0.891       266
*----------------------------------------*
2025-11-21 19:39:02,709 INFO 0 Fri Nov 21 19:39:02 2025 Epoch: 102
2025-11-21 19:44:20,192 INFO Final training 102/150, loss: 0.3338, time 317.48s, lr: 0.000154
Accuracy: 0.865
class                  precision    recall   specificity      f1   support
--------------------------------------------------------------------------
0                          0.926     0.854         0.936   0.888       280
1                          0.542     0.867         0.960   0.667        30
2                          0.863     0.876         0.881   0.869       266
*----------------------------------------*
2025-11-21 19:45:32,488 INFO Final validation 102/150, Val_acc: 0.7613, time 72.30sAccuracy: 0.833
class                  precision    recall   specificity      f1   support
--------------------------------------------------------------------------
0                          0.833     0.929         0.824   0.878        70
1                          0.444     0.500         0.963   0.471         8
2                          0.895     0.773         0.923   0.829        66
*========================================*
2025-11-21 19:45:37,442 INFO 0 Fri Nov 21 19:45:37 2025 Epoch: 103
2025-11-21 19:50:56,723 INFO Final training 103/150, loss: 0.3436, time 319.28s, lr: 0.000148
Accuracy: 0.863
class                  precision    recall   specificity      f1   support
--------------------------------------------------------------------------
0                          0.909     0.858         0.919   0.883       281
1                          0.574     0.900         0.963   0.701        30
2                          0.867     0.864         0.887   0.866       265
*----------------------------------------*
2025-11-21 19:50:56,724 INFO 0 Fri Nov 21 19:50:56 2025 Epoch: 104
2025-11-21 19:56:17,314 INFO Final training 104/150, loss: 0.3508, time 320.59s, lr: 0.000143
Accuracy: 0.863
class                  precision    recall   specificity      f1   support
--------------------------------------------------------------------------
0                          0.916     0.858         0.925   0.886       281
1                          0.587     0.900         0.965   0.711        30
2                          0.858     0.864         0.878   0.861       265
*----------------------------------------*
2025-11-21 19:57:29,615 INFO Final validation 104/150, Val_acc: 0.8088, time 72.30sAccuracy: 0.875
class                  precision    recall   specificity      f1   support
--------------------------------------------------------------------------
0                          0.952     0.857         0.959   0.902        70
1                          0.500     0.500         0.971   0.500         8
2                          0.849     0.939         0.859   0.892        66
*========================================*
2025-11-21 19:57:34,560 INFO 0 Fri Nov 21 19:57:34 2025 Epoch: 105
2025-11-21 20:02:54,495 INFO Final training 105/150, loss: 0.3646, time 319.93s, lr: 0.000137
Accuracy: 0.868
class                  precision    recall   specificity      f1   support
--------------------------------------------------------------------------
0                          0.923     0.857         0.932   0.889       280
1                          0.565     0.867         0.963   0.684        30
2                          0.867     0.880         0.884   0.873       266
*----------------------------------------*
2025-11-21 20:02:54,495 INFO 0 Fri Nov 21 20:02:54 2025 Epoch: 106
2025-11-21 20:08:09,186 INFO Final training 106/150, loss: 0.3260, time 314.69s, lr: 0.000132
Accuracy: 0.873
class                  precision    recall   specificity      f1   support
--------------------------------------------------------------------------
0                          0.931     0.861         0.939   0.895       281
1                          0.605     0.867         0.969   0.712        30
2                          0.861     0.887         0.878   0.874       265
*----------------------------------------*
2025-11-21 20:09:21,448 INFO Final validation 106/150, Val_acc: 0.7939, time 72.26sAccuracy: 0.875
class                  precision    recall   specificity      f1   support
--------------------------------------------------------------------------
0                          0.925     0.886         0.932   0.905        70
1                          0.500     0.500         0.971   0.500         8
2                          0.870     0.909         0.885   0.889        66
*========================================*
2025-11-21 20:09:26,456 INFO 0 Fri Nov 21 20:09:26 2025 Epoch: 107
2025-11-21 20:14:48,633 INFO Final training 107/150, loss: 0.3466, time 322.18s, lr: 0.000126
Accuracy: 0.868
class                  precision    recall   specificity      f1   support
--------------------------------------------------------------------------
0                          0.894     0.871         0.902   0.882       280
1                          0.651     0.933         0.973   0.767        30
2                          0.877     0.857         0.897   0.867       266
*----------------------------------------*
2025-11-21 20:14:48,634 INFO 0 Fri Nov 21 20:14:48 2025 Epoch: 108
2025-11-21 20:20:09,022 INFO Final training 108/150, loss: 0.3828, time 320.39s, lr: 0.000121
Accuracy: 0.858
class                  precision    recall   specificity      f1   support
--------------------------------------------------------------------------
0                          0.932     0.829         0.942   0.878       281
1                          0.558     0.800         0.965   0.658        30
2                          0.837     0.894         0.852   0.865       265
*----------------------------------------*
2025-11-21 20:21:21,430 INFO Final validation 108/150, Val_acc: 0.7828, time 72.41sAccuracy: 0.868
class                  precision    recall   specificity      f1   support
--------------------------------------------------------------------------
0                          0.938     0.871         0.946   0.904        70
1                          0.455     0.625         0.956   0.526         8
2                          0.868     0.894         0.885   0.881        66
*========================================*
2025-11-21 20:21:26,540 INFO 0 Fri Nov 21 20:21:26 2025 Epoch: 109
2025-11-21 20:26:48,983 INFO Final training 109/150, loss: 0.3550, time 322.44s, lr: 0.000116
Accuracy: 0.873
class                  precision    recall   specificity      f1   support
--------------------------------------------------------------------------
0                          0.941     0.851         0.949   0.893       281
1                          0.571     0.800         0.967   0.667        30
2                          0.857     0.906         0.871   0.881       265
*----------------------------------------*
2025-11-21 20:26:48,983 INFO 0 Fri Nov 21 20:26:48 2025 Epoch: 110
2025-11-21 20:32:11,881 INFO Final training 110/150, loss: 0.3457, time 322.90s, lr: 0.000111
Accuracy: 0.861
class                  precision    recall   specificity      f1   support
--------------------------------------------------------------------------
0                          0.930     0.847         0.939   0.886       281
1                          0.532     0.833         0.960   0.649        30
2                          0.853     0.879         0.871   0.866       265
*----------------------------------------*
2025-11-21 20:33:24,174 INFO Final validation 110/150, Val_acc: 0.7991, time 72.29sAccuracy: 0.882
class                  precision    recall   specificity      f1   support
--------------------------------------------------------------------------
0                          0.926     0.900         0.932   0.913        70
1                          0.500     0.500         0.971   0.500         8
2                          0.882     0.909         0.897   0.896        66
*========================================*
2025-11-21 20:33:29,077 INFO 0 Fri Nov 21 20:33:29 2025 Epoch: 111
2025-11-21 20:38:48,635 INFO Final training 111/150, loss: 0.3706, time 319.56s, lr: 0.000106
Accuracy: 0.865
class                  precision    recall   specificity      f1   support
--------------------------------------------------------------------------
0                          0.934     0.851         0.942   0.890       281
1                          0.510     0.833         0.956   0.633        30
2                          0.863     0.883         0.881   0.873       265
*----------------------------------------*
2025-11-21 20:38:49,259 INFO 0 Fri Nov 21 20:38:49 2025 Epoch: 112
2025-11-21 20:44:13,195 INFO Final training 112/150, loss: 0.3658, time 323.94s, lr: 0.000101
Accuracy: 0.858
class                  precision    recall   specificity      f1   support
--------------------------------------------------------------------------
0                          0.919     0.843         0.929   0.879       281
1                          0.529     0.900         0.956   0.667        30
2                          0.861     0.868         0.881   0.865       265
*----------------------------------------*
2025-11-21 20:45:25,449 INFO Final validation 112/150, Val_acc: 0.8175, time 72.25sAccuracy: 0.875
class                  precision    recall   specificity      f1   support
--------------------------------------------------------------------------
0                          0.967     0.843         0.973   0.901        70
1                          0.556     0.625         0.971   0.588         8
2                          0.838     0.939         0.846   0.886        66
*========================================*
2025-11-21 20:45:30,415 INFO 0 Fri Nov 21 20:45:30 2025 Epoch: 113
2025-11-21 20:50:45,962 INFO Final training 113/150, loss: 0.3730, time 315.55s, lr: 0.000096
Accuracy: 0.870
class                  precision    recall   specificity      f1   support
--------------------------------------------------------------------------
0                          0.934     0.861         0.942   0.896       281
1                          0.545     0.800         0.963   0.649        30
2                          0.861     0.887         0.878   0.874       265
*----------------------------------------*
2025-11-21 20:50:45,962 INFO 0 Fri Nov 21 20:50:45 2025 Epoch: 114
2025-11-21 20:56:05,032 INFO Final training 114/150, loss: 0.3272, time 319.07s, lr: 0.000091
Accuracy: 0.878
class                  precision    recall   specificity      f1   support
--------------------------------------------------------------------------
0                          0.924     0.865         0.932   0.893       281
1                          0.591     0.867         0.967   0.703        30
2                          0.881     0.894         0.897   0.888       265
*----------------------------------------*
2025-11-21 20:57:17,315 INFO Final validation 114/150, Val_acc: 0.7734, time 72.28sAccuracy: 0.854
class                  precision    recall   specificity      f1   support
--------------------------------------------------------------------------
0                          0.937     0.843         0.946   0.887        70
1                          0.455     0.625         0.956   0.526         8
2                          0.843     0.894         0.859   0.868        66
*========================================*
2025-11-21 20:57:22,390 INFO 0 Fri Nov 21 20:57:22 2025 Epoch: 115
2025-11-21 21:02:44,930 INFO Final training 115/150, loss: 0.2862, time 322.54s, lr: 0.000087
Accuracy: 0.889
class                  precision    recall   specificity      f1   support
--------------------------------------------------------------------------
0                          0.942     0.868         0.949   0.904       281
1                          0.628     0.900         0.971   0.740        30
2                          0.880     0.909         0.894   0.894       265
*----------------------------------------*
2025-11-21 21:02:44,931 INFO 0 Fri Nov 21 21:02:44 2025 Epoch: 116
2025-11-21 21:08:04,805 INFO Final training 116/150, loss: 0.3152, time 319.87s, lr: 0.000082
Accuracy: 0.882
class                  precision    recall   specificity      f1   support
--------------------------------------------------------------------------
0                          0.922     0.886         0.929   0.903       280
1                          0.587     0.900         0.965   0.711        30
2                          0.893     0.876         0.910   0.884       266
*----------------------------------------*
2025-11-21 21:09:17,026 INFO Final validation 116/150, Val_acc: 0.8078, time 72.22sAccuracy: 0.882
class                  precision    recall   specificity      f1   support
--------------------------------------------------------------------------
0                          0.953     0.871         0.959   0.910        70
1                          0.500     0.625         0.963   0.556         8
2                          0.871     0.924         0.885   0.897        66
*========================================*
2025-11-21 21:09:22,654 INFO 0 Fri Nov 21 21:09:22 2025 Epoch: 117
2025-11-21 21:14:43,248 INFO Final training 117/150, loss: 0.3236, time 320.59s, lr: 0.000078
Accuracy: 0.885
class                  precision    recall   specificity      f1   support
--------------------------------------------------------------------------
0                          0.942     0.871         0.949   0.905       280
1                          0.574     0.900         0.963   0.701        30
2                          0.885     0.898         0.900   0.892       266
*----------------------------------------*
2025-11-21 21:14:43,248 INFO 0 Fri Nov 21 21:14:43 2025 Epoch: 118
2025-11-21 21:20:06,319 INFO Final training 118/150, loss: 0.3290, time 323.07s, lr: 0.000073
Accuracy: 0.875
class                  precision    recall   specificity      f1   support
--------------------------------------------------------------------------
0                          0.918     0.875         0.926   0.896       280
1                          0.578     0.867         0.965   0.693        30
2                          0.883     0.876         0.900   0.879       266
*----------------------------------------*
2025-11-21 21:21:18,656 INFO Final validation 118/150, Val_acc: 0.8286, time 72.34sAccuracy: 0.889
class                  precision    recall   specificity      f1   support
--------------------------------------------------------------------------
0                          0.954     0.886         0.959   0.919        70
1                          0.556     0.625         0.971   0.588         8
2                          0.871     0.924         0.885   0.897        66
*========================================*
2025-11-21 21:21:23,618 INFO 0 Fri Nov 21 21:21:23 2025 Epoch: 119
2025-11-21 21:26:39,417 INFO Final training 119/150, loss: 0.3368, time 315.80s, lr: 0.000069
Accuracy: 0.887
class                  precision    recall   specificity      f1   support
--------------------------------------------------------------------------
0                          0.925     0.882         0.932   0.903       280
1                          0.650     0.867         0.974   0.743        30
2                          0.885     0.895         0.900   0.890       266
*----------------------------------------*
2025-11-21 21:26:39,418 INFO 0 Fri Nov 21 21:26:39 2025 Epoch: 120
2025-11-21 21:31:58,668 INFO Final training 120/150, loss: 0.3084, time 319.25s, lr: 0.000065
Accuracy: 0.887
class                  precision    recall   specificity      f1   support
--------------------------------------------------------------------------
0                          0.939     0.875         0.946   0.906       281
1                          0.614     0.900         0.969   0.730        30
2                          0.881     0.898         0.897   0.890       265
*----------------------------------------*
2025-11-21 21:33:10,951 INFO Final validation 120/150, Val_acc: 0.8487, time 72.28sAccuracy: 0.889
class                  precision    recall   specificity      f1   support
--------------------------------------------------------------------------
0                          0.941     0.914         0.946   0.928        70
1                          0.500     0.625         0.963   0.556         8
2                          0.894     0.894         0.910   0.894        66
*========================================*
2025-11-21 21:33:10,951 INFO New best (0.831366 --> 0.848727)
2025-11-21 21:33:17,304 INFO Copying best model to best_model.pt
2025-11-21 21:33:21,656 INFO 0 Fri Nov 21 21:33:21 2025 Epoch: 121
2025-11-21 21:38:37,630 INFO Final training 121/150, loss: 0.3066, time 315.97s, lr: 0.000061
Accuracy: 0.880
class                  precision    recall   specificity      f1   support
--------------------------------------------------------------------------
0                          0.938     0.864         0.946   0.900       280
1                          0.591     0.867         0.967   0.703        30
2                          0.872     0.898         0.887   0.885       266
*----------------------------------------*
2025-11-21 21:38:38,124 INFO 0 Fri Nov 21 21:38:38 2025 Epoch: 122
2025-11-21 21:43:54,263 INFO Final training 122/150, loss: 0.3138, time 316.14s, lr: 0.000057
Accuracy: 0.877
class                  precision    recall   specificity      f1   support
--------------------------------------------------------------------------
0                          0.934     0.861         0.943   0.896       280
1                          0.571     0.933         0.962   0.709        30
2                          0.877     0.887         0.894   0.882       266
*----------------------------------------*
2025-11-21 21:45:06,530 INFO Final validation 122/150, Val_acc: 0.8539, time 72.27sAccuracy: 0.896
class                  precision    recall   specificity      f1   support
--------------------------------------------------------------------------
0                          0.955     0.914         0.959   0.934        70
1                          0.500     0.625         0.963   0.556         8
2                          0.896     0.909         0.910   0.902        66
*========================================*
2025-11-21 21:45:06,531 INFO New best (0.848727 --> 0.853935)
2025-11-21 21:45:13,001 INFO Copying best model to best_model.pt
2025-11-21 21:45:17,395 INFO 0 Fri Nov 21 21:45:17 2025 Epoch: 123
2025-11-21 21:50:35,029 INFO Final training 123/150, loss: 0.3107, time 317.63s, lr: 0.000054
Accuracy: 0.877
class                  precision    recall   specificity      f1   support
--------------------------------------------------------------------------
0                          0.931     0.861         0.939   0.895       281
1                          0.578     0.867         0.965   0.693        30
2                          0.875     0.894         0.891   0.884       265
*----------------------------------------*
2025-11-21 21:50:35,029 INFO 0 Fri Nov 21 21:50:35 2025 Epoch: 124
2025-11-21 21:55:51,919 INFO Final training 124/150, loss: 0.3268, time 316.89s, lr: 0.000050
Accuracy: 0.882
class                  precision    recall   specificity      f1   support
--------------------------------------------------------------------------
0                          0.935     0.868         0.943   0.900       280
1                          0.591     0.867         0.967   0.703        30
2                          0.879     0.898         0.894   0.888       266
*----------------------------------------*
2025-11-21 21:57:04,267 INFO Final validation 124/150, Val_acc: 0.8060, time 72.35sAccuracy: 0.875
class                  precision    recall   specificity      f1   support
--------------------------------------------------------------------------
0                          0.901     0.914         0.905   0.908        70
1                          0.556     0.625         0.971   0.588         8
2                          0.891     0.864         0.910   0.877        66
*========================================*
2025-11-21 21:57:09,198 INFO 0 Fri Nov 21 21:57:09 2025 Epoch: 125
2025-11-21 22:02:29,040 INFO Final training 125/150, loss: 0.2814, time 319.84s, lr: 0.000046
Accuracy: 0.896
class                  precision    recall   specificity      f1   support
--------------------------------------------------------------------------
0                          0.964     0.868         0.969   0.914       281
1                          0.634     0.867         0.973   0.732        30
2                          0.872     0.928         0.884   0.899       265
*----------------------------------------*
2025-11-21 22:02:29,041 INFO 0 Fri Nov 21 22:02:29 2025 Epoch: 126
2025-11-21 22:07:45,938 INFO Final training 126/150, loss: 0.2942, time 316.90s, lr: 0.000043
Accuracy: 0.894
class                  precision    recall   specificity      f1   support
--------------------------------------------------------------------------
0                          0.957     0.879         0.963   0.916       280
1                          0.587     0.900         0.965   0.711        30
2                          0.886     0.910         0.900   0.898       266
*----------------------------------------*
2025-11-21 22:08:58,243 INFO Final validation 126/150, Val_acc: 0.8269, time 72.30sAccuracy: 0.882
class                  precision    recall   specificity      f1   support
--------------------------------------------------------------------------
0                          0.926     0.900         0.932   0.913        70
1                          0.556     0.625         0.971   0.588         8
2                          0.881     0.894         0.897   0.887        66
*========================================*
2025-11-21 22:09:03,183 INFO 0 Fri Nov 21 22:09:03 2025 Epoch: 127
2025-11-21 22:14:18,945 INFO Final training 127/150, loss: 0.3513, time 315.76s, lr: 0.000040
Accuracy: 0.875
class                  precision    recall   specificity      f1   support
--------------------------------------------------------------------------
0                          0.927     0.864         0.936   0.895       280
1                          0.561     0.767         0.967   0.648        30
2                          0.872     0.898         0.887   0.885       266
*----------------------------------------*
2025-11-21 22:14:18,946 INFO 0 Fri Nov 21 22:14:18 2025 Epoch: 128
2025-11-21 22:19:40,359 INFO Final training 128/150, loss: 0.3064, time 321.41s, lr: 0.000036
Accuracy: 0.875
class                  precision    recall   specificity      f1   support
--------------------------------------------------------------------------
0                          0.927     0.865         0.936   0.895       281
1                          0.583     0.933         0.963   0.718        30
2                          0.876     0.879         0.894   0.878       265
*----------------------------------------*
2025-11-21 22:20:52,698 INFO Final validation 128/150, Val_acc: 0.8269, time 72.34sAccuracy: 0.882
class                  precision    recall   specificity      f1   support
--------------------------------------------------------------------------
0                          0.926     0.900         0.932   0.913        70
1                          0.556     0.625         0.971   0.588         8
2                          0.881     0.894         0.897   0.887        66
*========================================*
2025-11-21 22:20:57,620 INFO 0 Fri Nov 21 22:20:57 2025 Epoch: 129
2025-11-21 22:26:14,448 INFO Final training 129/150, loss: 0.2491, time 316.83s, lr: 0.000033
Accuracy: 0.899
class                  precision    recall   specificity      f1   support
--------------------------------------------------------------------------
0                          0.946     0.875         0.953   0.909       280
1                          0.694     0.833         0.980   0.758        30
2                          0.883     0.932         0.894   0.907       266
*----------------------------------------*
2025-11-21 22:26:14,448 INFO 0 Fri Nov 21 22:26:14 2025 Epoch: 130
2025-11-21 22:31:40,118 INFO Final training 130/150, loss: 0.2832, time 325.67s, lr: 0.000031
Accuracy: 0.896
class                  precision    recall   specificity      f1   support
--------------------------------------------------------------------------
0                          0.940     0.890         0.946   0.914       281
1                          0.643     0.900         0.973   0.750        30
2                          0.892     0.902         0.907   0.897       265
*----------------------------------------*
2025-11-21 22:32:52,422 INFO Final validation 130/150, Val_acc: 0.8227, time 72.30sAccuracy: 0.875
class                  precision    recall   specificity      f1   support
--------------------------------------------------------------------------
0                          0.926     0.900         0.932   0.913        70
1                          0.500     0.625         0.963   0.556         8
2                          0.879     0.879         0.897   0.879        66
*========================================*
2025-11-21 22:32:57,360 INFO 0 Fri Nov 21 22:32:57 2025 Epoch: 131
2025-11-21 22:38:16,698 INFO Final training 131/150, loss: 0.2955, time 319.34s, lr: 0.000028
Accuracy: 0.894
class                  precision    recall   specificity      f1   support
--------------------------------------------------------------------------
0                          0.949     0.871         0.956   0.909       280
1                          0.667     0.867         0.976   0.754        30
2                          0.875     0.921         0.887   0.897       266
*----------------------------------------*
2025-11-21 22:38:17,165 INFO 0 Fri Nov 21 22:38:17 2025 Epoch: 132
2025-11-21 22:43:33,265 INFO Final training 132/150, loss: 0.2664, time 316.10s, lr: 0.000025
Accuracy: 0.898
class                  precision    recall   specificity      f1   support
--------------------------------------------------------------------------
0                          0.947     0.886         0.953   0.915       281
1                          0.630     0.967         0.969   0.763        30
2                          0.895     0.902         0.910   0.898       265
*----------------------------------------*
2025-11-21 22:44:45,594 INFO Final validation 132/150, Val_acc: 0.8529, time 72.33sAccuracy: 0.896
class                  precision    recall   specificity      f1   support
--------------------------------------------------------------------------
0                          0.955     0.900         0.959   0.926        70
1                          0.556     0.625         0.971   0.588         8
2                          0.884     0.924         0.897   0.904        66
*========================================*
2025-11-21 22:44:50,551 INFO 0 Fri Nov 21 22:44:50 2025 Epoch: 133
2025-11-21 22:50:12,192 INFO Final training 133/150, loss: 0.2823, time 321.64s, lr: 0.000023
Accuracy: 0.905
class                  precision    recall   specificity      f1   support
--------------------------------------------------------------------------
0                          0.940     0.893         0.946   0.916       281
1                          0.683     0.933         0.976   0.789        30
2                          0.903     0.913         0.916   0.908       265
*----------------------------------------*
2025-11-21 22:50:12,192 INFO 0 Fri Nov 21 22:50:12 2025 Epoch: 134
2025-11-21 22:55:37,157 INFO Final training 134/150, loss: 0.2823, time 324.97s, lr: 0.000020
Accuracy: 0.910
class                  precision    recall   specificity      f1   support
--------------------------------------------------------------------------
0                          0.958     0.900         0.963   0.928       281
1                          0.600     0.900         0.967   0.720        30
2                          0.914     0.921         0.926   0.917       265
*----------------------------------------*
2025-11-21 22:56:49,335 INFO Final validation 134/150, Val_acc: 0.8042, time 72.18sAccuracy: 0.868
class                  precision    recall   specificity      f1   support
--------------------------------------------------------------------------
0                          0.926     0.900         0.932   0.913        70
1                          0.455     0.625         0.956   0.526         8
2                          0.877     0.864         0.897   0.870        66
*========================================*
2025-11-21 22:56:54,296 INFO 0 Fri Nov 21 22:56:54 2025 Epoch: 135
2025-11-21 23:02:17,593 INFO Final training 135/150, loss: 0.2863, time 323.30s, lr: 0.000018
Accuracy: 0.889
class                  precision    recall   specificity      f1   support
--------------------------------------------------------------------------
0                          0.936     0.882         0.943   0.908       280
1                          0.596     0.933         0.965   0.727        30
2                          0.894     0.891         0.910   0.893       266
*----------------------------------------*
2025-11-21 23:02:17,593 INFO 0 Fri Nov 21 23:02:17 2025 Epoch: 136
2025-11-21 23:07:39,140 INFO Final training 136/150, loss: 0.2770, time 321.55s, lr: 0.000016
Accuracy: 0.899
class                  precision    recall   specificity      f1   support
--------------------------------------------------------------------------
0                          0.936     0.882         0.943   0.908       280
1                          0.683     0.933         0.976   0.789        30
2                          0.897     0.914         0.910   0.905       266
*----------------------------------------*
2025-11-21 23:08:51,371 INFO Final validation 136/150, Val_acc: 0.8373, time 72.23sAccuracy: 0.896
class                  precision    recall   specificity      f1   support
--------------------------------------------------------------------------
0                          0.941     0.914         0.946   0.928        70
1                          0.556     0.625         0.971   0.588         8
2                          0.896     0.909         0.910   0.902        66
*========================================*
2025-11-21 23:08:56,314 INFO 0 Fri Nov 21 23:08:56 2025 Epoch: 137
2025-11-21 23:14:17,344 INFO Final training 137/150, loss: 0.2658, time 321.03s, lr: 0.000014
Accuracy: 0.910
class                  precision    recall   specificity      f1   support
--------------------------------------------------------------------------
0                          0.944     0.907         0.949   0.925       280
1                          0.643     0.900         0.973   0.750        30
2                          0.917     0.914         0.929   0.915       266
*----------------------------------------*
2025-11-21 23:14:17,344 INFO 0 Fri Nov 21 23:14:17 2025 Epoch: 138
2025-11-21 23:19:40,507 INFO Final training 138/150, loss: 0.2588, time 323.16s, lr: 0.000012
Accuracy: 0.901
class                  precision    recall   specificity      f1   support
--------------------------------------------------------------------------
0                          0.937     0.893         0.942   0.914       281
1                          0.667     0.933         0.974   0.778        30
2                          0.902     0.906         0.916   0.904       265
*----------------------------------------*
2025-11-21 23:20:52,847 INFO Final validation 138/150, Val_acc: 0.8286, time 72.34sAccuracy: 0.889
class                  precision    recall   specificity      f1   support
--------------------------------------------------------------------------
0                          0.954     0.886         0.959   0.919        70
1                          0.556     0.625         0.971   0.588         8
2                          0.871     0.924         0.885   0.897        66
*========================================*
2025-11-21 23:20:57,835 INFO 0 Fri Nov 21 23:20:57 2025 Epoch: 139
2025-11-21 23:26:18,349 INFO Final training 139/150, loss: 0.2812, time 320.51s, lr: 0.000010
Accuracy: 0.898
class                  precision    recall   specificity      f1   support
--------------------------------------------------------------------------
0                          0.972     0.868         0.976   0.917       280
1                          0.600     0.900         0.967   0.720        30
2                          0.879     0.929         0.890   0.903       266
*----------------------------------------*
2025-11-21 23:26:18,349 INFO 0 Fri Nov 21 23:26:18 2025 Epoch: 140
2025-11-21 23:31:39,162 INFO Final training 140/150, loss: 0.2924, time 320.81s, lr: 0.000008
Accuracy: 0.898
class                  precision    recall   specificity      f1   support
--------------------------------------------------------------------------
0                          0.943     0.886         0.949   0.913       280
1                          0.675     0.900         0.976   0.771        30
2                          0.886     0.910         0.900   0.898       266
*----------------------------------------*
2025-11-21 23:32:51,473 INFO Final validation 140/150, Val_acc: 0.8286, time 72.31sAccuracy: 0.889
class                  precision    recall   specificity      f1   support
--------------------------------------------------------------------------
0                          0.954     0.886         0.959   0.919        70
1                          0.556     0.625         0.971   0.588         8
2                          0.871     0.924         0.885   0.897        66
*========================================*
2025-11-21 23:32:56,387 INFO 0 Fri Nov 21 23:32:56 2025 Epoch: 141
2025-11-21 23:38:10,749 INFO Final training 141/150, loss: 0.3142, time 314.36s, lr: 0.000007
Accuracy: 0.889
class                  precision    recall   specificity      f1   support
--------------------------------------------------------------------------
0                          0.942     0.868         0.949   0.904       281
1                          0.605     0.867         0.969   0.712        30
2                          0.883     0.913         0.897   0.898       265
*----------------------------------------*
2025-11-21 23:38:11,190 INFO 0 Fri Nov 21 23:38:11 2025 Epoch: 142
2025-11-21 23:43:31,364 INFO Final training 142/150, loss: 0.2767, time 320.17s, lr: 0.000006
Accuracy: 0.915
class                  precision    recall   specificity      f1   support
--------------------------------------------------------------------------
0                          0.951     0.896         0.956   0.923       280
1                          0.700     0.933         0.978   0.800        30
2                          0.912     0.932         0.923   0.922       266
*----------------------------------------*
2025-11-21 23:44:43,647 INFO Final validation 142/150, Val_acc: 0.8487, time 72.28sAccuracy: 0.889
class                  precision    recall   specificity      f1   support
--------------------------------------------------------------------------
0                          0.955     0.900         0.959   0.926        70
1                          0.500     0.625         0.963   0.556         8
2                          0.882     0.909         0.897   0.896        66
*========================================*
2025-11-21 23:44:48,655 INFO [EarlyStopping] Stopping Validation for loss at epoch 142
2025-11-21 23:44:49,063 INFO Training Finished! Best Accuracy: 0.8539
2025-11-21 23:44:49,064 INFO ====================================================================================================
2025-11-21 23:44:49,064 INFO 
2025-11-21 23:44:58,240 INFO => loading checkpoint 'outputs/OrganoidsINRIA_reduced_64/swinunetr/2025-11-21-09-35/training/best_model.pt'
2025-11-21 23:44:58,348 INFO Loaded 130 keys from checkpoint
2025-11-21 23:45:44,348 INFO Final testing , Test_acc: 0.6768, time 45.98sAccuracy: 0.878
class                  precision    recall   specificity      f1   support
--------------------------------------------------------------------------
0                          0.944     0.850         0.952   0.895        40
1                          0.714     1.000         0.974   0.833         5
2                          0.846     0.892         0.867   0.868        37
*========================================*
2025-11-21 23:45:44,779 INFO Testing Finished! Best Accuracy: 0.6768
2025-11-21 23:45:44,779 INFO ====================================================================================================
2025-11-21 23:45:47,571 INFO Total time spent: 14 hours 09 minutes 48 seconds
2025-11-21 23:45:47,571 INFO 
2025-11-21 23:45:47,571 INFO Final Results Summary:
2025-11-21 23:45:47,571 INFO | TrainLoss | TrainAcc | ValAccMax | W_TrainF1 | W_TrainPrecision | W_TrainRecall | W_TrainSpecificity |
2025-11-21 23:45:47,571 INFO | 0.2767 | 0.8881 | 0.8958 | 0.8986 | 0.9026 | 0.8958 |
2025-11-21 23:45:47,571 INFO | TestAcc | W_TestF1 | W_TestPrecision | W_TestRecall | W_TestSpecificity |
2025-11-21 23:45:47,571 INFO | 0.8780 | 0.8791 | 0.8861 | 0.8780 | 0.9150 |
