Architecture:                            x86_64
CPU op-mode(s):                          32-bit, 64-bit
Byte Order:                              Little Endian
Address sizes:                           48 bits physical, 48 bits virtual
CPU(s):                                  96
On-line CPU(s) list:                     0-95
Thread(s) per core:                      2
Core(s) per socket:                      24
Socket(s):                               2
NUMA node(s):                            2
Vendor ID:                               AuthenticAMD
CPU family:                              25
Model:                                   1
Model name:                              AMD EPYC 7413 24-Core Processor
Stepping:                                1
Frequency boost:                         enabled
CPU MHz:                                 1709.382
CPU max MHz:                             3632.1799
CPU min MHz:                             1500.0000
BogoMIPS:                                5289.93
Virtualization:                          AMD-V
L1d cache:                               1.5 MiB
L1i cache:                               1.5 MiB
L2 cache:                                24 MiB
L3 cache:                                256 MiB
NUMA node0 CPU(s):                       0-23,48-71
NUMA node1 CPU(s):                       24-47,72-95
Vulnerability Gather data sampling:      Not affected
Vulnerability Indirect target selection: Not affected
Vulnerability Itlb multihit:             Not affected
Vulnerability L1tf:                      Not affected
Vulnerability Mds:                       Not affected
Vulnerability Meltdown:                  Not affected
Vulnerability Mmio stale data:           Not affected
Vulnerability Reg file data sampling:    Not affected
Vulnerability Retbleed:                  Not affected
Vulnerability Spec rstack overflow:      Mitigation; safe RET
Vulnerability Spec store bypass:         Mitigation; Speculative Store Bypass disabled via prctl and seccomp
Vulnerability Spectre v1:                Mitigation; usercopy/swapgs barriers and __user pointer sanitization
Vulnerability Spectre v2:                Mitigation; Retpolines, IBPB conditional, IBRS_FW, STIBP always-on, RSB filling, PBRSB-eIBRS Not affected
Vulnerability Srbds:                     Not affected
Vulnerability Tsa:                       Mitigation; Clear CPU buffers
Vulnerability Tsx async abort:           Not affected
Vulnerability Vmscape:                   Mitigation; IBPB before exit to userspace
Flags:                                   fpu vme de pse tsc msr pae mce cx8 apic sep mtrr pge mca cmov pat pse36 clflush mmx fxsr sse sse2 ht syscall nx mmxext fxsr_opt pdpe1gb rdtscp lm constant_tsc rep_good nopl nonstop_tsc cpuid extd_apicid aperfmperf pni pclmulqdq monitor ssse3 fma cx16 pcid sse4_1 sse4_2 movbe popcnt aes xsave avx f16c rdrand lahf_lm cmp_legacy svm extapic cr8_legacy abm sse4a misalignsse 3dnowprefetch osvw ibs skinit wdt tce topoext perfctr_core perfctr_nb bpext perfctr_llc mwaitx cpb cat_l3 cdp_l3 invpcid_single hw_pstate ssbd mba ibrs ibpb stibp vmmcall fsgsbase bmi1 avx2 smep bmi2 invpcid cqm rdt_a rdseed adx smap clflushopt clwb sha_ni xsaveopt xsavec xgetbv1 xsaves cqm_llc cqm_occup_llc cqm_mbm_total cqm_mbm_local clzero irperf xsaveerptr rdpru wbnoinvd amd_ppin arat npt lbrv svm_lock nrip_save tsc_scale vmcb_clean flushbyasid decodeassists pausefilter pfthreshold v_vmsave_vmload vgif umip pku ospke vaes vpclmulqdq rdpid overflow_recov succor smca ibpb_exit_to_user
Mon Nov  3 10:04:31 2025       
+---------------------------------------------------------------------------------------+
| NVIDIA-SMI 535.183.06             Driver Version: 535.183.06   CUDA Version: 12.2     |
|-----------------------------------------+----------------------+----------------------+
| GPU  Name                 Persistence-M | Bus-Id        Disp.A | Volatile Uncorr. ECC |
| Fan  Temp   Perf          Pwr:Usage/Cap |         Memory-Usage | GPU-Util  Compute M. |
|                                         |                      |               MIG M. |
|=========================================+======================+======================|
|   0  NVIDIA A40                     On  | 00000000:81:00.0 Off |                    0 |
|  0%   29C    P8              31W / 300W |      0MiB / 46068MiB |      0%      Default |
|                                         |                      |                  N/A |
+-----------------------------------------+----------------------+----------------------+
                                                                                         
+---------------------------------------------------------------------------------------+
| Processes:                                                                            |
|  GPU   GI   CI        PID   Type   Process name                            GPU Memory |
|        ID   ID                                                             Usage      |
|=======================================================================================|
|  No running processes found                                                           |
+---------------------------------------------------------------------------------------+
/home/mraffael/martone_project/Organoid-Image-Classification-Using-Deep-Learning
{'RandFlipd_prob': 0.2,
 'RandRotate90d_prob': 0.2,
 'RandScaleIntensityd_prob': 0.1,
 'RandShiftIntensityd_prob': 0.1,
 'amp': True,
 'augmentation': True,
 'batch_size': 4,
 'cache_dataset': False,
 'checkpoint_path': None,
 'data_dir': '/home/mraffael/martone_project/Organoids_Dataset/',
 'dataset_name': 'OrganoidsINRIA',
 'debug': False,
 'debug_train_samples': 40,
 'debug_val_samples': 10,
 'dist_backend': 'nccl',
 'dist_url': 'tcp://127.0.0.1:23456',
 'distributed': False,
 'dropout_path_rate': 0.0,
 'dropout_rate': 0.0,
 'early_stopping': False,
 'encoder10_pth': '',
 'exact_class': True,
 'feature_size': 48,
 'fold': 0,
 'folds': False,
 'gpu': 0,
 'ignore_label': 3,
 'in_channels': 1,
 'infer_overlap': 0.5,
 'k_folds': 5,
 'logdir': 'test',
 'logs_dir': 'logs/',
 'loss_name': 'FocalLoss',
 'lrschedule': 'warmup_cosine',
 'max_epochs': 150,
 'min_delta_loss': 0.001,
 'min_delta_val': 0.001,
 'model_name': 'resnet50',
 'momentum': 0.99,
 'noamp': False,
 'norm_name': 'instance',
 'oar_id': 2103823,
 'optim_lr': 0.0003,
 'optim_name': 'adamw',
 'out_channels': 1,
 'output_dir': 'outputs/',
 'patch_merging': False,
 'patience_loss': 20,
 'patience_val': 3,
 'pretrained_dir': './pretrained_models/resnet50/',
 'pretrained_model_name': 'resnet_50.pth',
 'rank': 0,
 'reg_weight': 5e-05,
 'restart_T0': 20,
 'resume_ckpt': False,
 'roi_x': 128,
 'roi_y': 128,
 'roi_z': 128,
 'save_checkpoint': True,
 'seed': 3,
 'similarity_loss': '',
 'similarity_loss_weight': 0.0,
 'spatial_dims': 3,
 'split_method': 'balanced',
 'start_epoch': 0,
 'sw_batch_size': 4,
 'telegram_log': True,
 'test_mode': False,
 'token': './token/tlg_token.txt',
 'use_checkpoint': False,
 'val_every': 4,
 'warmup_epochs': 8,
 'workers': 8,
 'world_size': 1}

Saved configuration to: outputs/OrganoidsINRIA/resnet50/2025-11-03-10-04/config.txt
Using GPU: 0

Model INFO:
Model architecture: resnet50
Using pretrained weights
=> loading pretrained model './pretrained_models/resnet50/resnet_50.pth'
['conv_seg.0.weight', 'conv_seg.0.bias', 'conv_seg.1.weight', 'conv_seg.1.bias', 'conv_seg.1.running_mean', 'conv_seg.1.running_var', 'conv_seg.3.weight', 'conv_seg.4.weight', 'conv_seg.4.bias', 'conv_seg.4.running_mean', 'conv_seg.4.running_var', 'conv_seg.6.weight']
Missing keys when loading pretrained: 12
Using SwinUNETR with Single Linear Classification Head

Optimizer INFO:
Using optimizer: adamw with lr=0.0003, weight_decay=5e-05

Dataset INFO:
Dataset length: 423
Class distribution in entire dataset:
  Class 0: 137
  Class 1: 43
  Class 2: 243

Using split method: balanced
Balanced split: 34 train samples per class, 9 val samples per class
Total: 102 train, 27 val

Train set balance:
Class distribution:
  Class 0: 34 samples
  Class 1: 34 samples
  Class 2: 34 samples

Val set balance:
Class distribution:
  Class 0: 9 samples
  Class 1: 9 samples
  Class 2: 9 samples
Training set length: 102
Validation set length: 27

Using standard shuffle for training
Training loader: 25 batches
Validation loader: 27 batches

Class distribution in training set:
  Class 0: 34 (33.3%)
  Class 1: 34 (33.3%)
  Class 2: 34 (33.3%)
Class distribution in validation set:
  Class 0: 9 (33.3%)
  Class 1: 9 (33.3%)
  Class 2: 9 (33.3%)
**************************************************
Class weights: [ 10.000  10.000  10.000]

Using loss function: FocalLoss
**************************************************
Starting training...
✓ Unfrozen: fc.weight (6144 params)
✓ Unfrozen: fc.bias (3 params)
Total frozen: 46707200, trainable: 6147
0 Mon Nov  3 10:04:39 2025 Epoch: 0
Epoch: 0/150 Iter: 0/25 loss: 5.3019 acc: 0.3333 sim_loss: 0.0000 time 14.24s
Epoch: 0/150 Iter: 1/25 loss: 4.7552 acc: 0.4167 time 1.30s
Epoch: 0/150 Iter: 2/25 loss: 4.6377 acc: 0.4444 time 1.33s
Epoch: 0/150 Iter: 3/25 loss: 4.8267 acc: 0.3333 time 1.41s
Epoch: 0/150 Iter: 4/25 loss: 4.6870 acc: 0.4667 time 1.26s
Epoch: 0/150 Iter: 5/25 loss: 4.7274 acc: 0.3889 time 1.34s
Epoch: 0/150 Iter: 6/25 loss: 4.8692 acc: 0.4048 time 1.28s
Epoch: 0/150 Iter: 7/25 loss: 4.9354 acc: 0.3542 time 1.27s
Epoch: 0/150 Iter: 8/25 loss: 4.9099 acc: 0.3519 time 2.77s
Epoch: 0/150 Iter: 9/25 loss: 4.9027 acc: 0.3500 time 1.24s
Epoch: 0/150 Iter: 10/25 loss: 4.9809 acc: 0.3182 time 2.68s
Epoch: 0/150 Iter: 11/25 loss: 5.0101 acc: 0.2917 time 1.27s
Epoch: 0/150 Iter: 12/25 loss: 5.0244 acc: 0.3077 time 1.31s
Epoch: 0/150 Iter: 13/25 loss: 5.0198 acc: 0.2857 time 1.28s
Epoch: 0/150 Iter: 14/25 loss: 5.0641 acc: 0.3000 time 1.25s
Epoch: 0/150 Iter: 15/25 loss: 5.0173 acc: 0.3125 time 1.27s
Epoch: 0/150 Iter: 16/25 loss: 5.0330 acc: 0.3137 time 1.25s
Epoch: 0/150 Iter: 17/25 loss: 5.0494 acc: 0.3148 time 2.62s
Epoch: 0/150 Iter: 18/25 loss: 5.0305 acc: 0.3158 time 1.28s
Epoch: 0/150 Iter: 19/25 loss: 5.0107 acc: 0.3250 time 1.26s
Epoch: 0/150 Iter: 20/25 loss: 4.9811 acc: 0.3333 time 1.43s
Epoch: 0/150 Iter: 21/25 loss: 4.9753 acc: 0.3333 time 1.42s
Epoch: 0/150 Iter: 22/25 loss: 4.9605 acc: 0.3406 time 1.26s
Epoch: 0/150 Iter: 23/25 loss: 4.9729 acc: 0.3403 time 2.58s
Epoch: 0/150 Iter: 24/25 loss: 4.9466 acc: 0.3467 time 1.25s
[Train epoch 0] avg_loss=4.9466 avg_acc=0.3467 | per-class [c0: 0.000, c1: 1.000, c2: 0.000]
Final training 0/149, loss: 4.9466, time 50.88s, lr: 0.000000
Accuracy: 0.330
class                  precision    recall   specificity      f1   support
--------------------------------------------------------------------------
0                          0.000     0.000         1.000   0.000        33
1                          0.330     1.000         0.000   0.496        33
2                          0.000     0.000         1.000   0.000        34
*----------------------------------------*
0 Mon Nov  3 10:05:30 2025 Epoch: 1
Epoch: 1/150 Iter: 0/25 loss: 4.6843 acc: 0.3333 time 3.46s
Epoch: 1/150 Iter: 1/25 loss: 4.6872 acc: 0.3333 time 1.31s
Epoch: 1/150 Iter: 2/25 loss: 5.0573 acc: 0.2222 time 1.31s
Epoch: 1/150 Iter: 3/25 loss: 5.2081 acc: 0.2917 time 1.46s
Epoch: 1/150 Iter: 4/25 loss: 5.1903 acc: 0.3333 time 2.71s
Epoch: 1/150 Iter: 5/25 loss: 5.2156 acc: 0.2778 time 1.28s
Epoch: 1/150 Iter: 6/25 loss: 5.1523 acc: 0.2857 time 1.36s
Epoch: 1/150 Iter: 7/25 loss: 5.2583 acc: 0.2500 time 1.32s
Epoch: 1/150 Iter: 8/25 loss: 5.2931 acc: 0.2222 time 1.59s
Epoch: 1/150 Iter: 9/25 loss: 5.1957 acc: 0.2500 time 1.29s
Epoch: 1/150 Iter: 10/25 loss: 5.1530 acc: 0.2576 time 1.25s
Epoch: 1/150 Iter: 11/25 loss: 5.1141 acc: 0.2778 time 2.61s
Epoch: 1/150 Iter: 12/25 loss: 5.0553 acc: 0.2949 time 1.40s
Epoch: 1/150 Iter: 13/25 loss: 5.0561 acc: 0.2738 time 1.38s
Epoch: 1/150 Iter: 14/25 loss: 5.0349 acc: 0.2778 time 1.35s
Epoch: 1/150 Iter: 15/25 loss: 5.0145 acc: 0.2813 time 2.60s
Epoch: 1/150 Iter: 16/25 loss: 4.9970 acc: 0.2941 time 1.28s
Epoch: 1/150 Iter: 17/25 loss: 4.9996 acc: 0.2778 time 1.26s
Epoch: 1/150 Iter: 18/25 loss: 4.9935 acc: 0.2807 time 1.25s
Epoch: 1/150 Iter: 19/25 loss: 5.0148 acc: 0.2667 time 1.29s
Epoch: 1/150 Iter: 20/25 loss: 4.9885 acc: 0.2778 time 1.37s
Epoch: 1/150 Iter: 21/25 loss: 4.9739 acc: 0.2879 time 1.26s
Epoch: 1/150 Iter: 22/25 loss: 4.9647 acc: 0.2899 time 1.26s
Epoch: 1/150 Iter: 23/25 loss: 4.9568 acc: 0.2917 time 2.61s
Epoch: 1/150 Iter: 24/25 loss: 4.9617 acc: 0.2933 time 1.45s
[Train epoch 1] avg_loss=4.9617 avg_acc=0.2933 | per-class [c0: 0.000, c1: 1.000, c2: 0.000]
Final training 1/149, loss: 4.9617, time 40.75s, lr: 0.000043
Accuracy: 0.330
class                  precision    recall   specificity      f1   support
--------------------------------------------------------------------------
0                          0.000     0.000         1.000   0.000        33
1                          0.330     1.000         0.000   0.496        33
2                          0.000     0.000         1.000   0.000        34
*----------------------------------------*
0 Mon Nov  3 10:06:11 2025 Epoch: 2
Epoch: 2/150 Iter: 0/25 loss: 5.0842 acc: 0.3333 time 2.89s
Epoch: 2/150 Iter: 1/25 loss: 5.0087 acc: 0.1667 time 1.37s
Epoch: 2/150 Iter: 2/25 loss: 5.0278 acc: 0.2222 time 1.39s
Epoch: 2/150 Iter: 3/25 loss: 4.9702 acc: 0.2500 time 2.63s
Epoch: 2/150 Iter: 4/25 loss: 4.9874 acc: 0.3000 time 2.62s
Epoch: 2/150 Iter: 5/25 loss: 4.9204 acc: 0.3611 time 1.34s
Epoch: 2/150 Iter: 6/25 loss: 4.9745 acc: 0.3095 time 1.30s
Epoch: 2/150 Iter: 7/25 loss: 5.0125 acc: 0.2708 time 2.64s
Epoch: 2/150 Iter: 8/25 loss: 5.0351 acc: 0.2963 time 1.30s
Epoch: 2/150 Iter: 9/25 loss: 4.9996 acc: 0.3167 time 1.25s
Epoch: 2/150 Iter: 10/25 loss: 4.9717 acc: 0.3561 time 1.29s
Epoch: 2/150 Iter: 11/25 loss: 4.9607 acc: 0.3542 time 1.36s
Epoch: 2/150 Iter: 12/25 loss: 4.9612 acc: 0.3782 time 1.28s
Epoch: 2/150 Iter: 13/25 loss: 4.9458 acc: 0.3869 time 1.29s
Epoch: 2/150 Iter: 14/25 loss: 4.9440 acc: 0.3944 time 2.64s
Epoch: 2/150 Iter: 15/25 loss: 4.9420 acc: 0.3698 time 1.40s
Epoch: 2/150 Iter: 16/25 loss: 4.9378 acc: 0.3676 time 1.43s
Epoch: 2/150 Iter: 17/25 loss: 4.9353 acc: 0.3657 time 1.27s
Epoch: 2/150 Iter: 18/25 loss: 4.9363 acc: 0.3640 time 1.28s
Epoch: 2/150 Iter: 19/25 loss: 4.9321 acc: 0.3625 time 1.37s
Epoch: 2/150 Iter: 20/25 loss: 4.9277 acc: 0.3611 time 1.26s
Epoch: 2/150 Iter: 21/25 loss: 4.9254 acc: 0.3598 time 2.59s
Epoch: 2/150 Iter: 22/25 loss: 4.9188 acc: 0.3659 time 1.34s
Epoch: 2/150 Iter: 23/25 loss: 4.9149 acc: 0.3646 time 1.29s
Epoch: 2/150 Iter: 24/25 loss: 4.9174 acc: 0.3500 time 1.31s
[Train epoch 2] avg_loss=4.9174 avg_acc=0.3500 | per-class [c0: 0.000, c1: 0.818, c2: 0.176]
Final training 2/149, loss: 4.9174, time 41.17s, lr: 0.000086
Accuracy: 0.330
class                  precision    recall   specificity      f1   support
--------------------------------------------------------------------------
0                          0.000     0.000         1.000   0.000        33
1                          0.338     0.818         0.209   0.478        33
2                          0.300     0.176         0.788   0.222        34
*----------------------------------------*
0 Mon Nov  3 10:06:52 2025 Epoch: 3
Epoch: 3/150 Iter: 0/25 loss: 4.8515 acc: 0.1667 time 3.16s
Epoch: 3/150 Iter: 1/25 loss: 4.8532 acc: 0.2500 time 1.42s
Epoch: 3/150 Iter: 2/25 loss: 4.8479 acc: 0.3889 time 1.34s
Epoch: 3/150 Iter: 3/25 loss: 4.8493 acc: 0.3750 time 1.32s
Epoch: 3/150 Iter: 4/25 loss: 4.9153 acc: 0.3000 time 1.47s
Epoch: 3/150 Iter: 5/25 loss: 4.9260 acc: 0.3056 time 1.55s
Epoch: 3/150 Iter: 6/25 loss: 4.9095 acc: 0.3095 time 1.35s
Epoch: 3/150 Iter: 7/25 loss: 4.9003 acc: 0.3125 time 1.54s
Epoch: 3/150 Iter: 8/25 loss: 4.8899 acc: 0.3148 time 1.38s
Epoch: 3/150 Iter: 9/25 loss: 4.9079 acc: 0.2833 time 1.26s
Epoch: 3/150 Iter: 10/25 loss: 4.8975 acc: 0.2879 time 1.27s
Epoch: 3/150 Iter: 11/25 loss: 4.8904 acc: 0.3056 time 1.25s
Epoch: 3/150 Iter: 12/25 loss: 4.8817 acc: 0.3077 time 2.79s
Epoch: 3/150 Iter: 13/25 loss: 4.8764 acc: 0.3214 time 1.29s
Epoch: 3/150 Iter: 14/25 loss: 4.8929 acc: 0.3000 time 1.25s
Epoch: 3/150 Iter: 15/25 loss: 4.9098 acc: 0.2813 time 2.63s
Epoch: 3/150 Iter: 16/25 loss: 4.9152 acc: 0.2843 time 1.35s
Epoch: 3/150 Iter: 17/25 loss: 4.8959 acc: 0.2963 time 1.40s
Epoch: 3/150 Iter: 18/25 loss: 4.9018 acc: 0.2807 time 1.36s
Epoch: 3/150 Iter: 19/25 loss: 4.9070 acc: 0.2833 time 1.25s
Epoch: 3/150 Iter: 20/25 loss: 4.9047 acc: 0.2857 time 1.29s
Epoch: 3/150 Iter: 21/25 loss: 4.8994 acc: 0.2955 time 1.33s
Epoch: 3/150 Iter: 22/25 loss: 4.9049 acc: 0.2971 time 1.34s
Epoch: 3/150 Iter: 23/25 loss: 4.9101 acc: 0.2986 time 1.36s
Epoch: 3/150 Iter: 24/25 loss: 4.9143 acc: 0.3000 time 1.37s
[Train epoch 3] avg_loss=4.9143 avg_acc=0.3000 | per-class [c0: 0.000, c1: 0.094, c2: 0.912]
Final training 3/149, loss: 4.9143, time 38.36s, lr: 0.000129
Accuracy: 0.340
class                  precision    recall   specificity      f1   support
--------------------------------------------------------------------------
0                          0.000     0.000         0.985   0.000        34
1                          0.375     0.094         0.926   0.150        32
2                          0.341     0.912         0.091   0.496        34
*----------------------------------------*
Val 3/150 0/27, Acc: 0.0000, time 3.57s
Val 3/150 1/27, Acc: 0.0000, time 0.42s
Val 3/150 2/27, Acc: 0.0000, time 0.34s
Val 3/150 3/27, Acc: 0.0000, time 0.33s
Val 3/150 4/27, Acc: 0.2000, time 0.37s
Val 3/150 5/27, Acc: 0.3333, time 0.63s
Val 3/150 6/27, Acc: 0.4286, time 0.43s
Val 3/150 7/27, Acc: 0.5000, time 0.64s
Val 3/150 8/27, Acc: 0.4444, time 0.34s
Val 3/150 9/27, Acc: 0.5000, time 0.56s
Val 3/150 10/27, Acc: 0.4545, time 0.34s
Val 3/150 11/27, Acc: 0.4167, time 0.38s
Val 3/150 12/27, Acc: 0.4615, time 0.33s
Val 3/150 13/27, Acc: 0.5000, time 0.56s
Val 3/150 14/27, Acc: 0.4667, time 0.56s
Val 3/150 15/27, Acc: 0.4375, time 0.34s
Val 3/150 16/27, Acc: 0.4118, time 0.33s
Val 3/150 17/27, Acc: 0.3889, time 1.00s
Val 3/150 18/27, Acc: 0.4211, time 0.33s
Val 3/150 19/27, Acc: 0.4500, time 0.54s
Val 3/150 20/27, Acc: 0.4286, time 0.33s
Val 3/150 21/27, Acc: 0.4545, time 0.34s
Val 3/150 22/27, Acc: 0.4348, time 0.40s
Val 3/150 23/27, Acc: 0.4167, time 0.37s
Val 3/150 24/27, Acc: 0.4000, time 0.34s
Val 3/150 25/27, Acc: 0.4231, time 0.34s
Val 3/150 26/27, Acc: 0.4074, time 0.32s
[Val epoch 3] avg_acc=0.4074 | per-class [c0: 0.222, c1: 0.000, c2: 1.000]
Final validation 3/149, Val_acc: 0.4074, time 14.78sAccuracy: 0.407
class                  precision    recall   specificity      f1   support
--------------------------------------------------------------------------
0                          1.000     0.222         1.000   0.364         9
1                          0.000     0.000         1.000   0.000         9
2                          0.360     1.000         0.111   0.529         9
*========================================*
New best (0.000000 --> 0.407407)
Saving checkpoint outputs/OrganoidsINRIA/resnet50/2025-11-03-10-04/model_final.pt
Copying best model to model.pt
0 Mon Nov  3 10:07:51 2025 Epoch: 4
Epoch: 4/150 Iter: 0/25 loss: 4.8356 acc: 0.1111 time 3.80s
Epoch: 4/150 Iter: 1/25 loss: 4.9439 acc: 0.0556 time 1.55s
Epoch: 4/150 Iter: 2/25 loss: 4.9516 acc: 0.1481 time 1.33s
Epoch: 4/150 Iter: 3/25 loss: 4.9602 acc: 0.1111 time 1.27s
Epoch: 4/150 Iter: 4/25 loss: 4.9323 acc: 0.1556 time 1.31s
Epoch: 4/150 Iter: 5/25 loss: 4.9270 acc: 0.2130 time 1.32s
Epoch: 4/150 Iter: 6/25 loss: 4.9243 acc: 0.1825 time 1.31s
Epoch: 4/150 Iter: 7/25 loss: 4.9358 acc: 0.1597 time 1.30s
Epoch: 4/150 Iter: 8/25 loss: 4.9248 acc: 0.1975 time 1.43s
Epoch: 4/150 Iter: 9/25 loss: 4.9280 acc: 0.2111 time 1.43s
Epoch: 4/150 Iter: 10/25 loss: 4.9256 acc: 0.1919 time 1.25s
Epoch: 4/150 Iter: 11/25 loss: 4.9057 acc: 0.2176 time 1.30s
Epoch: 4/150 Iter: 12/25 loss: 4.9141 acc: 0.2009 time 2.76s
Epoch: 4/150 Iter: 13/25 loss: 4.9065 acc: 0.2341 time 1.37s
Epoch: 4/150 Iter: 14/25 loss: 4.9165 acc: 0.2407 time 2.69s
Epoch: 4/150 Iter: 15/25 loss: 4.9122 acc: 0.2465 time 1.25s
Epoch: 4/150 Iter: 16/25 loss: 4.8905 acc: 0.2614 time 1.42s
Epoch: 4/150 Iter: 17/25 loss: 4.8898 acc: 0.2654 time 2.62s
Epoch: 4/150 Iter: 18/25 loss: 4.8829 acc: 0.2690 time 1.28s
Epoch: 4/150 Iter: 19/25 loss: 4.8797 acc: 0.2722 time 1.28s
Epoch: 4/150 Iter: 20/25 loss: 4.8987 acc: 0.2593 time 2.61s
Epoch: 4/150 Iter: 21/25 loss: 4.9162 acc: 0.2475 time 1.42s
Epoch: 4/150 Iter: 22/25 loss: 4.9655 acc: 0.2367 time 1.27s
Epoch: 4/150 Iter: 23/25 loss: 4.9747 acc: 0.2407 time 1.29s
Epoch: 4/150 Iter: 24/25 loss: 4.9685 acc: 0.2444 time 1.28s
[Train epoch 4] avg_loss=4.9685 avg_acc=0.2444 | per-class [c0: 0.188, c1: 0.265, c2: 0.324]
Final training 4/149, loss: 4.9685, time 41.18s, lr: 0.000171
Accuracy: 0.260
class                  precision    recall   specificity      f1   support
--------------------------------------------------------------------------
0                          0.231     0.188         0.706   0.207        32
1                          0.310     0.265         0.697   0.286        34
2                          0.244     0.324         0.485   0.278        34
*----------------------------------------*
0 Mon Nov  3 10:08:32 2025 Epoch: 5
Epoch: 5/150 Iter: 0/25 loss: 5.0752 acc: 0.3333 time 3.52s
Epoch: 5/150 Iter: 1/25 loss: 4.9760 acc: 0.3333 time 1.38s
Epoch: 5/150 Iter: 2/25 loss: 4.9098 acc: 0.3889 time 2.75s
Epoch: 5/150 Iter: 3/25 loss: 4.8647 acc: 0.4167 time 1.38s
Epoch: 5/150 Iter: 4/25 loss: 4.8456 acc: 0.4333 time 2.64s
Epoch: 5/150 Iter: 5/25 loss: 4.8854 acc: 0.3611 time 1.31s
Epoch: 5/150 Iter: 6/25 loss: 4.8317 acc: 0.4524 time 2.71s
Epoch: 5/150 Iter: 7/25 loss: 4.8523 acc: 0.4583 time 2.71s
Epoch: 5/150 Iter: 8/25 loss: 4.8904 acc: 0.4074 time 2.63s
Epoch: 5/150 Iter: 9/25 loss: 4.8815 acc: 0.4167 time 2.60s
Epoch: 5/150 Iter: 10/25 loss: 4.8877 acc: 0.4091 time 1.28s
Epoch: 5/150 Iter: 11/25 loss: 4.9100 acc: 0.3750 time 1.27s
Epoch: 5/150 Iter: 12/25 loss: 4.9175 acc: 0.3718 time 1.37s
Epoch: 5/150 Iter: 13/25 loss: 4.9142 acc: 0.3690 time 2.60s
Epoch: 5/150 Iter: 14/25 loss: 4.9414 acc: 0.3444 time 1.26s
Epoch: 5/150 Iter: 15/25 loss: 4.9198 acc: 0.3542 time 1.29s
Epoch: 5/150 Iter: 16/25 loss: 4.9491 acc: 0.3333 time 1.27s
Epoch: 5/150 Iter: 17/25 loss: 4.9393 acc: 0.3148 time 1.25s
Epoch: 5/150 Iter: 18/25 loss: 4.9407 acc: 0.3158 time 2.60s
Epoch: 5/150 Iter: 19/25 loss: 4.9409 acc: 0.3250 time 1.27s
Epoch: 5/150 Iter: 20/25 loss: 4.9403 acc: 0.3254 time 1.45s
Epoch: 5/150 Iter: 21/25 loss: 4.9416 acc: 0.3333 time 1.27s
Epoch: 5/150 Iter: 22/25 loss: 4.9460 acc: 0.3188 time 2.70s
Epoch: 5/150 Iter: 23/25 loss: 4.9449 acc: 0.3125 time 1.28s
Epoch: 5/150 Iter: 24/25 loss: 4.9422 acc: 0.3133 time 1.29s
[Train epoch 5] avg_loss=4.9422 avg_acc=0.3133 | per-class [c0: 0.031, c1: 0.824, c2: 0.000]
Final training 5/149, loss: 4.9422, time 47.10s, lr: 0.000214
Accuracy: 0.290
class                  precision    recall   specificity      f1   support
--------------------------------------------------------------------------
0                          0.083     0.031         0.838   0.045        32
1                          0.326     0.824         0.121   0.467        34
2                          0.000     0.000         0.970   0.000        34
*----------------------------------------*
0 Mon Nov  3 10:09:19 2025 Epoch: 6
Epoch: 6/150 Iter: 0/25 loss: 4.8823 acc: 0.3333 time 5.03s
Epoch: 6/150 Iter: 1/25 loss: 4.8842 acc: 0.4167 time 2.68s
Epoch: 6/150 Iter: 2/25 loss: 4.8925 acc: 0.3889 time 1.29s
Epoch: 6/150 Iter: 3/25 loss: 4.8985 acc: 0.3750 time 1.32s
Epoch: 6/150 Iter: 4/25 loss: 4.8993 acc: 0.3667 time 1.34s
Epoch: 6/150 Iter: 5/25 loss: 4.9049 acc: 0.3611 time 1.48s
Epoch: 6/150 Iter: 6/25 loss: 4.8914 acc: 0.3571 time 1.50s
Epoch: 6/150 Iter: 7/25 loss: 4.9016 acc: 0.3750 time 2.69s
Epoch: 6/150 Iter: 8/25 loss: 4.8783 acc: 0.3889 time 1.29s
Epoch: 6/150 Iter: 9/25 loss: 4.8884 acc: 0.3833 time 2.68s
Epoch: 6/150 Iter: 10/25 loss: 4.8857 acc: 0.3939 time 1.35s
Epoch: 6/150 Iter: 11/25 loss: 4.8744 acc: 0.3889 time 2.66s
Epoch: 6/150 Iter: 12/25 loss: 4.8804 acc: 0.3846 time 1.27s
Epoch: 6/150 Iter: 13/25 loss: 4.8700 acc: 0.3810 time 1.42s
Epoch: 6/150 Iter: 14/25 loss: 4.8621 acc: 0.3889 time 1.25s
Epoch: 6/150 Iter: 15/25 loss: 4.8505 acc: 0.3958 time 1.28s
Epoch: 6/150 Iter: 16/25 loss: 4.8849 acc: 0.3725 time 1.28s
Epoch: 6/150 Iter: 17/25 loss: 4.9191 acc: 0.3519 time 1.27s
Epoch: 6/150 Iter: 18/25 loss: 4.9254 acc: 0.3509 time 1.28s
Epoch: 6/150 Iter: 19/25 loss: 4.9431 acc: 0.3333 time 1.28s
Epoch: 6/150 Iter: 20/25 loss: 4.9404 acc: 0.3413 time 2.60s
Epoch: 6/150 Iter: 21/25 loss: 4.9319 acc: 0.3409 time 1.27s
Epoch: 6/150 Iter: 22/25 loss: 4.9285 acc: 0.3406 time 1.28s
Epoch: 6/150 Iter: 23/25 loss: 4.9331 acc: 0.3472 time 1.28s
Epoch: 6/150 Iter: 24/25 loss: 4.9387 acc: 0.3400 time 1.27s
[Train epoch 6] avg_loss=4.9387 avg_acc=0.3400 | per-class [c0: 0.882, c1: 0.000, c2: 0.088]
Final training 6/149, loss: 4.9387, time 43.38s, lr: 0.000257
Accuracy: 0.330
class                  precision    recall   specificity      f1   support
--------------------------------------------------------------------------
0                          0.330     0.882         0.076   0.480        34
1                          0.000     0.000         1.000   0.000        32
2                          0.333     0.088         0.909   0.140        34
*----------------------------------------*
0 Mon Nov  3 10:10:02 2025 Epoch: 7
Epoch: 7/150 Iter: 0/25 loss: 4.8533 acc: 0.3333 time 3.10s
Epoch: 7/150 Iter: 1/25 loss: 4.9351 acc: 0.3333 time 1.35s
Epoch: 7/150 Iter: 2/25 loss: 4.8880 acc: 0.3333 time 1.31s
Epoch: 7/150 Iter: 3/25 loss: 4.9076 acc: 0.3333 time 2.72s
Epoch: 7/150 Iter: 4/25 loss: 4.9114 acc: 0.3333 time 1.41s
Epoch: 7/150 Iter: 5/25 loss: 4.8968 acc: 0.3333 time 1.34s
Epoch: 7/150 Iter: 6/25 loss: 4.9182 acc: 0.3333 time 1.33s
Epoch: 7/150 Iter: 7/25 loss: 4.8695 acc: 0.3542 time 1.34s
Epoch: 7/150 Iter: 8/25 loss: 4.8566 acc: 0.3704 time 1.33s
Epoch: 7/150 Iter: 9/25 loss: 4.8897 acc: 0.3667 time 1.38s
Epoch: 7/150 Iter: 10/25 loss: 4.8815 acc: 0.3788 time 2.66s
Epoch: 7/150 Iter: 11/25 loss: 4.9454 acc: 0.3472 time 1.28s
Epoch: 7/150 Iter: 12/25 loss: 4.9631 acc: 0.3462 time 2.64s
Epoch: 7/150 Iter: 13/25 loss: 4.9968 acc: 0.3452 time 1.28s
Epoch: 7/150 Iter: 14/25 loss: 4.9835 acc: 0.3444 time 1.28s
Epoch: 7/150 Iter: 15/25 loss: 4.9656 acc: 0.3542 time 1.42s
Epoch: 7/150 Iter: 16/25 loss: 4.9741 acc: 0.3333 time 1.26s
Epoch: 7/150 Iter: 17/25 loss: 4.9724 acc: 0.3333 time 1.27s
Epoch: 7/150 Iter: 18/25 loss: 4.9591 acc: 0.3421 time 1.36s
Epoch: 7/150 Iter: 19/25 loss: 4.9659 acc: 0.3250 time 1.27s
Epoch: 7/150 Iter: 20/25 loss: 4.9562 acc: 0.3254 time 1.26s
Epoch: 7/150 Iter: 21/25 loss: 4.9712 acc: 0.3333 time 1.35s
Epoch: 7/150 Iter: 22/25 loss: 4.9676 acc: 0.3188 time 2.62s
Epoch: 7/150 Iter: 23/25 loss: 4.9618 acc: 0.3102 time 2.60s
Epoch: 7/150 Iter: 24/25 loss: 4.9629 acc: 0.3111 time 2.69s
[Train epoch 7] avg_loss=4.9629 avg_acc=0.3111 | per-class [c0: 0.000, c1: 0.529, c2: 0.455]
Final training 7/149, loss: 4.9629, time 42.89s, lr: 0.000300
Accuracy: 0.330
class                  precision    recall   specificity      f1   support
--------------------------------------------------------------------------
0                          0.000     0.000         0.940   0.000        33
1                          0.333     0.529         0.455   0.409        34
2                          0.357     0.455         0.597   0.400        33
*----------------------------------------*
Val 7/150 0/27, Acc: 1.0000, time 0.33s
Val 7/150 1/27, Acc: 1.0000, time 0.35s
Val 7/150 2/27, Acc: 1.0000, time 0.33s
Val 7/150 3/27, Acc: 1.0000, time 0.33s
Val 7/150 4/27, Acc: 1.0000, time 0.37s
Val 7/150 5/27, Acc: 0.8333, time 0.34s
Val 7/150 6/27, Acc: 0.8571, time 0.43s
Val 7/150 7/27, Acc: 0.7500, time 0.34s
Val 7/150 8/27, Acc: 0.6667, time 0.34s
Val 7/150 9/27, Acc: 0.6000, time 0.33s
Val 7/150 10/27, Acc: 0.6364, time 0.34s
Val 7/150 11/27, Acc: 0.5833, time 0.38s
Val 7/150 12/27, Acc: 0.5385, time 0.33s
Val 7/150 13/27, Acc: 0.5714, time 0.33s
Val 7/150 14/27, Acc: 0.5333, time 0.34s
Val 7/150 15/27, Acc: 0.5625, time 0.34s
Val 7/150 16/27, Acc: 0.5294, time 0.33s
Val 7/150 17/27, Acc: 0.5556, time 0.39s
Val 7/150 18/27, Acc: 0.5263, time 0.33s
Val 7/150 19/27, Acc: 0.5000, time 0.33s
Val 7/150 20/27, Acc: 0.4762, time 0.33s
Val 7/150 21/27, Acc: 0.5000, time 0.34s
Val 7/150 22/27, Acc: 0.5217, time 0.40s
Val 7/150 23/27, Acc: 0.5417, time 0.37s
Val 7/150 24/27, Acc: 0.5200, time 0.34s
Val 7/150 25/27, Acc: 0.5000, time 0.34s
Val 7/150 26/27, Acc: 0.5185, time 0.32s
[Val epoch 7] avg_acc=0.5185 | per-class [c0: 0.778, c1: 0.556, c2: 0.222]
Final validation 7/149, Val_acc: 0.5185, time 9.37sAccuracy: 0.519
class                  precision    recall   specificity      f1   support
--------------------------------------------------------------------------
0                          0.389     0.778         0.389   0.519         9
1                          0.833     0.556         0.944   0.667         9
2                          0.667     0.222         0.944   0.333         9
*========================================*
New best (0.407407 --> 0.518519)
Saving checkpoint outputs/OrganoidsINRIA/resnet50/2025-11-03-10-04/model_final.pt
Copying best model to model.pt
0 Mon Nov  3 10:11:00 2025 Epoch: 8
Epoch: 8/150 Iter: 0/25 loss: 4.9322 acc: 0.1111 time 3.61s
Epoch: 8/150 Iter: 1/25 loss: 5.0377 acc: 0.3056 time 1.32s
Epoch: 8/150 Iter: 2/25 loss: 5.0066 acc: 0.3148 time 1.32s
Epoch: 8/150 Iter: 3/25 loss: 4.9414 acc: 0.3611 time 1.36s
Epoch: 8/150 Iter: 4/25 loss: 4.9160 acc: 0.4222 time 1.30s
Epoch: 8/150 Iter: 5/25 loss: 4.9491 acc: 0.4074 time 1.33s
Epoch: 8/150 Iter: 6/25 loss: 4.9315 acc: 0.3968 time 1.35s
Epoch: 8/150 Iter: 7/25 loss: 4.8734 acc: 0.3472 time 1.44s
Epoch: 8/150 Iter: 8/25 loss: 4.8647 acc: 0.3457 time 1.45s
Epoch: 8/150 Iter: 9/25 loss: 4.8576 acc: 0.3444 time 2.77s
Epoch: 8/150 Iter: 10/25 loss: 4.9809 acc: 0.3586 time 1.30s
Epoch: 8/150 Iter: 11/25 loss: 4.9068 acc: 0.3704 time 2.61s
Epoch: 8/150 Iter: 12/25 loss: 4.9617 acc: 0.3419 time 2.63s
Epoch: 8/150 Iter: 13/25 loss: 5.0610 acc: 0.3175 time 1.25s
Epoch: 8/150 Iter: 14/25 loss: 5.1361 acc: 0.3296 time 1.29s
Epoch: 8/150 Iter: 15/25 loss: 5.1465 acc: 0.3403 time 2.68s
Epoch: 8/150 Iter: 16/25 loss: 5.1292 acc: 0.3399 time 1.44s
Epoch: 8/150 Iter: 17/25 loss: 5.1101 acc: 0.3395 time 1.29s
Epoch: 8/150 Iter: 18/25 loss: 5.1095 acc: 0.3216 time 1.28s
Epoch: 8/150 Iter: 19/25 loss: 5.0957 acc: 0.3222 time 1.28s
Epoch: 8/150 Iter: 20/25 loss: 5.0887 acc: 0.3386 time 2.69s
Epoch: 8/150 Iter: 21/25 loss: 5.0765 acc: 0.3384 time 1.25s
Epoch: 8/150 Iter: 22/25 loss: 5.0638 acc: 0.3382 time 1.25s
Epoch: 8/150 Iter: 23/25 loss: 5.0499 acc: 0.3449 time 1.36s
Epoch: 8/150 Iter: 24/25 loss: 5.0361 acc: 0.3444 time 2.59s
[Train epoch 8] avg_loss=5.0361 avg_acc=0.3444 | per-class [c0: 0.606, c1: 0.265, c2: 0.152]
Final training 8/149, loss: 5.0361, time 43.50s, lr: 0.000300
Accuracy: 0.340
class                  precision    recall   specificity      f1   support
--------------------------------------------------------------------------
0                          0.328     0.606         0.388   0.426        33
1                          0.429     0.265         0.818   0.327        34
2                          0.278     0.152         0.806   0.196        33
*----------------------------------------*
0 Mon Nov  3 10:11:44 2025 Epoch: 9
Epoch: 9/150 Iter: 0/25 loss: 5.4838 acc: 0.0000 time 3.07s
Epoch: 9/150 Iter: 1/25 loss: 5.5638 acc: 0.0000 time 1.33s
Epoch: 9/150 Iter: 2/25 loss: 5.0649 acc: 0.1667 time 1.47s
Epoch: 9/150 Iter: 3/25 loss: 5.1125 acc: 0.2083 time 1.33s
Epoch: 9/150 Iter: 4/25 loss: 5.1068 acc: 0.2333 time 1.27s
Epoch: 9/150 Iter: 5/25 loss: 5.0991 acc: 0.2500 time 1.46s
Epoch: 9/150 Iter: 6/25 loss: 4.9878 acc: 0.2857 time 1.35s
Epoch: 9/150 Iter: 7/25 loss: 4.9914 acc: 0.3125 time 1.35s
Epoch: 9/150 Iter: 8/25 loss: 4.8864 acc: 0.3333 time 1.27s
Epoch: 9/150 Iter: 9/25 loss: 4.8956 acc: 0.3333 time 1.29s
Epoch: 9/150 Iter: 10/25 loss: 4.9252 acc: 0.3030 time 1.28s
Epoch: 9/150 Iter: 11/25 loss: 4.9659 acc: 0.3056 time 1.25s
Epoch: 9/150 Iter: 12/25 loss: 5.0167 acc: 0.2821 time 1.36s
Epoch: 9/150 Iter: 13/25 loss: 5.0805 acc: 0.2976 time 1.26s
Epoch: 9/150 Iter: 14/25 loss: 5.1010 acc: 0.2778 time 2.64s
Epoch: 9/150 Iter: 15/25 loss: 5.0600 acc: 0.2604 time 1.29s
Epoch: 9/150 Iter: 16/25 loss: 5.0676 acc: 0.2549 time 1.28s
Epoch: 9/150 Iter: 17/25 loss: 5.0701 acc: 0.2407 time 2.64s
Epoch: 9/150 Iter: 18/25 loss: 5.0749 acc: 0.2544 time 1.28s
Epoch: 9/150 Iter: 19/25 loss: 5.0745 acc: 0.2417 time 1.35s
Epoch: 9/150 Iter: 20/25 loss: 5.0789 acc: 0.2302 time 1.25s
Epoch: 9/150 Iter: 21/25 loss: 5.0742 acc: 0.2197 time 1.27s
Epoch: 9/150 Iter: 22/25 loss: 5.0623 acc: 0.2246 time 1.28s
Epoch: 9/150 Iter: 23/25 loss: 5.0686 acc: 0.2153 time 1.28s
Epoch: 9/150 Iter: 24/25 loss: 5.0633 acc: 0.2200 time 2.64s
[Train epoch 9] avg_loss=5.0633 avg_acc=0.2200 | per-class [c0: 0.091, c1: 0.529, c2: 0.000]
Final training 9/149, loss: 5.0633, time 38.59s, lr: 0.000300
Accuracy: 0.210
class                  precision    recall   specificity      f1   support
--------------------------------------------------------------------------
0                          0.150     0.091         0.746   0.113        33
1                          0.257     0.529         0.212   0.346        34
2                          0.000     0.000         0.851   0.000        33
*----------------------------------------*
0 Mon Nov  3 10:12:22 2025 Epoch: 10
Epoch: 10/150 Iter: 0/25 loss: 4.7616 acc: 0.3333 time 3.24s
Epoch: 10/150 Iter: 1/25 loss: 4.8800 acc: 0.3333 time 1.39s
Epoch: 10/150 Iter: 2/25 loss: 5.0352 acc: 0.2222 time 1.46s
Epoch: 10/150 Iter: 3/25 loss: 4.9698 acc: 0.2500 time 1.29s
Epoch: 10/150 Iter: 4/25 loss: 4.9688 acc: 0.2667 time 1.32s
Epoch: 10/150 Iter: 5/25 loss: 4.9448 acc: 0.2778 time 1.37s
Epoch: 10/150 Iter: 6/25 loss: 4.9345 acc: 0.2857 time 1.33s
Epoch: 10/150 Iter: 7/25 loss: 4.9377 acc: 0.2500 time 2.65s
Epoch: 10/150 Iter: 8/25 loss: 4.9126 acc: 0.2778 time 1.36s
Epoch: 10/150 Iter: 9/25 loss: 4.8995 acc: 0.2833 time 1.29s
Epoch: 10/150 Iter: 10/25 loss: 4.9223 acc: 0.3030 time 1.28s
Epoch: 10/150 Iter: 11/25 loss: 4.9098 acc: 0.3194 time 1.28s
Epoch: 10/150 Iter: 12/25 loss: 4.8899 acc: 0.3333 time 1.26s
Epoch: 10/150 Iter: 13/25 loss: 4.8835 acc: 0.3452 time 2.63s
Epoch: 10/150 Iter: 14/25 loss: 4.9612 acc: 0.3222 time 1.29s
Epoch: 10/150 Iter: 15/25 loss: 4.9640 acc: 0.3229 time 1.26s
Epoch: 10/150 Iter: 16/25 loss: 5.0061 acc: 0.3039 time 2.63s
Epoch: 10/150 Iter: 17/25 loss: 5.0207 acc: 0.3056 time 2.63s
Epoch: 10/150 Iter: 18/25 loss: 5.0505 acc: 0.2895 time 2.63s
Epoch: 10/150 Iter: 19/25 loss: 5.0469 acc: 0.2917 time 2.61s
Epoch: 10/150 Iter: 20/25 loss: 5.0562 acc: 0.2778 time 1.28s
Epoch: 10/150 Iter: 21/25 loss: 5.0379 acc: 0.2879 time 1.37s
Epoch: 10/150 Iter: 22/25 loss: 5.0361 acc: 0.2899 time 1.40s
Epoch: 10/150 Iter: 23/25 loss: 5.0313 acc: 0.2917 time 1.36s
Epoch: 10/150 Iter: 24/25 loss: 5.0205 acc: 0.2933 time 1.31s
[Train epoch 10] avg_loss=5.0205 avg_acc=0.2933 | per-class [c0: 0.273, c1: 0.118, c2: 0.485]
Final training 10/149, loss: 5.0205, time 42.94s, lr: 0.000300
Accuracy: 0.290
class                  precision    recall   specificity      f1   support
--------------------------------------------------------------------------
0                          0.281     0.273         0.657   0.277        33
1                          0.333     0.118         0.879   0.174        34
2                          0.286     0.485         0.403   0.360        33
*----------------------------------------*
0 Mon Nov  3 10:13:06 2025 Epoch: 11
Epoch: 11/150 Iter: 0/25 loss: 5.0736 acc: 0.3333 time 3.02s
Epoch: 11/150 Iter: 1/25 loss: 5.1545 acc: 0.1667 time 1.29s
Epoch: 11/150 Iter: 2/25 loss: 5.0394 acc: 0.2222 time 1.33s
Epoch: 11/150 Iter: 3/25 loss: 5.0038 acc: 0.1667 time 2.83s
Epoch: 11/150 Iter: 4/25 loss: 5.1158 acc: 0.2333 time 2.65s
Epoch: 11/150 Iter: 5/25 loss: 5.2019 acc: 0.1944 time 2.73s
Epoch: 11/150 Iter: 6/25 loss: 5.0648 acc: 0.2381 time 1.47s
Epoch: 11/150 Iter: 7/25 loss: 5.0866 acc: 0.2500 time 1.29s
Epoch: 11/150 Iter: 8/25 loss: 5.0822 acc: 0.2593 time 1.30s
Epoch: 11/150 Iter: 9/25 loss: 5.0009 acc: 0.2833 time 2.62s
Epoch: 11/150 Iter: 10/25 loss: 4.9732 acc: 0.3030 time 1.28s
Epoch: 11/150 Iter: 11/25 loss: 5.0338 acc: 0.2778 time 2.77s
Epoch: 11/150 Iter: 12/25 loss: 5.0487 acc: 0.2821 time 1.34s
Epoch: 11/150 Iter: 13/25 loss: 5.0967 acc: 0.2619 time 1.30s
Epoch: 11/150 Iter: 14/25 loss: 5.1327 acc: 0.2444 time 1.26s
Epoch: 11/150 Iter: 15/25 loss: 5.1288 acc: 0.2500 time 1.28s
Epoch: 11/150 Iter: 16/25 loss: 5.1058 acc: 0.2549 time 1.26s
Epoch: 11/150 Iter: 17/25 loss: 5.0994 acc: 0.2593 time 1.28s
Epoch: 11/150 Iter: 18/25 loss: 5.0818 acc: 0.2719 time 1.27s
Epoch: 11/150 Iter: 19/25 loss: 5.0673 acc: 0.2833 time 1.42s
Epoch: 11/150 Iter: 20/25 loss: 5.0680 acc: 0.2937 time 1.29s
Epoch: 11/150 Iter: 21/25 loss: 5.0564 acc: 0.3030 time 2.67s
Epoch: 11/150 Iter: 22/25 loss: 5.0537 acc: 0.3043 time 1.27s
Epoch: 11/150 Iter: 23/25 loss: 5.0597 acc: 0.3125 time 1.29s
Epoch: 11/150 Iter: 24/25 loss: 5.0514 acc: 0.3200 time 1.27s
[Train epoch 11] avg_loss=5.0514 avg_acc=0.3200 | per-class [c0: 0.559, c1: 0.265, c2: 0.000]
Final training 11/149, loss: 5.0514, time 42.82s, lr: 0.000300
Accuracy: 0.280
class                  precision    recall   specificity      f1   support
--------------------------------------------------------------------------
0                          0.297     0.559         0.318   0.388        34
1                          0.250     0.265         0.591   0.257        34
2                          0.000     0.000         1.000   0.000        32
*----------------------------------------*
Val 11/150 0/27, Acc: 1.0000, time 0.34s
Val 11/150 1/27, Acc: 0.5000, time 0.35s
Val 11/150 2/27, Acc: 0.6667, time 0.33s
Val 11/150 3/27, Acc: 0.7500, time 0.33s
Val 11/150 4/27, Acc: 0.6000, time 0.37s
Val 11/150 5/27, Acc: 0.5000, time 0.34s
Val 11/150 6/27, Acc: 0.4286, time 0.42s
Val 11/150 7/27, Acc: 0.3750, time 0.34s
Val 11/150 8/27, Acc: 0.4444, time 0.34s
Val 11/150 9/27, Acc: 0.4000, time 0.33s
Val 11/150 10/27, Acc: 0.3636, time 0.33s
Val 11/150 11/27, Acc: 0.3333, time 0.38s
Val 11/150 12/27, Acc: 0.3077, time 0.33s
Val 11/150 13/27, Acc: 0.2857, time 0.33s
Val 11/150 14/27, Acc: 0.2667, time 0.33s
Val 11/150 15/27, Acc: 0.3125, time 0.34s
Val 11/150 16/27, Acc: 0.3529, time 0.34s
Val 11/150 17/27, Acc: 0.3333, time 0.39s
Val 11/150 18/27, Acc: 0.3158, time 0.33s
Val 11/150 19/27, Acc: 0.3000, time 0.33s
Val 11/150 20/27, Acc: 0.3333, time 0.33s
Val 11/150 21/27, Acc: 0.3182, time 0.34s
Val 11/150 22/27, Acc: 0.3043, time 0.40s
Val 11/150 23/27, Acc: 0.2917, time 0.37s
Val 11/150 24/27, Acc: 0.3200, time 0.34s
Val 11/150 25/27, Acc: 0.3077, time 0.34s
Val 11/150 26/27, Acc: 0.3333, time 0.32s
[Val epoch 11] avg_acc=0.3333 | per-class [c0: 0.000, c1: 1.000, c2: 0.000]
Final validation 11/149, Val_acc: 0.3333, time 9.35sAccuracy: 0.333
class                  precision    recall   specificity      f1   support
--------------------------------------------------------------------------
0                          0.000     0.000         1.000   0.000         9
1                          0.333     1.000         0.000   0.500         9
2                          0.000     0.000         1.000   0.000         9
*========================================*
Saving checkpoint outputs/OrganoidsINRIA/resnet50/2025-11-03-10-04/model_final.pt
0 Mon Nov  3 10:14:00 2025 Epoch: 12
Epoch: 12/150 Iter: 0/25 loss: 5.0999 acc: 0.3333 time 2.98s
Epoch: 12/150 Iter: 1/25 loss: 4.6295 acc: 0.4167 time 1.37s
Epoch: 12/150 Iter: 2/25 loss: 4.6242 acc: 0.4444 time 1.32s
Epoch: 12/150 Iter: 3/25 loss: 4.7365 acc: 0.4167 time 1.47s
Epoch: 12/150 Iter: 4/25 loss: 4.6787 acc: 0.4333 time 2.67s
Epoch: 12/150 Iter: 5/25 loss: 4.7367 acc: 0.4444 time 2.83s
Epoch: 12/150 Iter: 6/25 loss: 4.8420 acc: 0.4286 time 2.66s
Epoch: 12/150 Iter: 7/25 loss: 4.8749 acc: 0.4375 time 1.28s
Epoch: 12/150 Iter: 8/25 loss: 4.8946 acc: 0.4259 time 1.31s
Epoch: 12/150 Iter: 9/25 loss: 4.8263 acc: 0.4333 time 1.27s
Epoch: 12/150 Iter: 10/25 loss: 4.8546 acc: 0.4242 time 2.62s
Epoch: 12/150 Iter: 11/25 loss: 4.9111 acc: 0.4167 time 1.27s
Epoch: 12/150 Iter: 12/25 loss: 4.9350 acc: 0.4231 time 1.28s
Epoch: 12/150 Iter: 13/25 loss: 4.9132 acc: 0.4167 time 1.28s
Epoch: 12/150 Iter: 14/25 loss: 5.0411 acc: 0.3889 time 1.25s
Epoch: 12/150 Iter: 15/25 loss: 5.0348 acc: 0.3854 time 1.36s
Epoch: 12/150 Iter: 16/25 loss: 5.0504 acc: 0.3627 time 1.29s
Epoch: 12/150 Iter: 17/25 loss: 5.0272 acc: 0.3704 time 1.29s
Epoch: 12/150 Iter: 18/25 loss: 5.0161 acc: 0.3684 time 1.25s
Epoch: 12/150 Iter: 19/25 loss: 5.0297 acc: 0.3667 time 1.27s
Epoch: 12/150 Iter: 20/25 loss: 5.0384 acc: 0.3492 time 2.61s
Epoch: 12/150 Iter: 21/25 loss: 5.0264 acc: 0.3485 time 1.33s
Epoch: 12/150 Iter: 22/25 loss: 5.0489 acc: 0.3333 time 1.28s
Epoch: 12/150 Iter: 23/25 loss: 5.0436 acc: 0.3194 time 1.26s
Epoch: 12/150 Iter: 24/25 loss: 5.0352 acc: 0.3200 time 2.64s
[Train epoch 12] avg_loss=5.0352 avg_acc=0.3200 | per-class [c0: 0.091, c1: 0.765, c2: 0.030]
Final training 12/149, loss: 5.0352, time 42.49s, lr: 0.000299
Accuracy: 0.300
class                  precision    recall   specificity      f1   support
--------------------------------------------------------------------------
0                          0.158     0.091         0.761   0.115        33
1                          0.338     0.765         0.227   0.468        34
2                          0.250     0.030         0.955   0.054        33
*----------------------------------------*
0 Mon Nov  3 10:14:43 2025 Epoch: 13
Epoch: 13/150 Iter: 0/25 loss: 5.8388 acc: 0.0000 time 3.05s
Epoch: 13/150 Iter: 1/25 loss: 5.4676 acc: 0.1667 time 1.38s
Epoch: 13/150 Iter: 2/25 loss: 5.3610 acc: 0.1111 time 1.59s
Epoch: 13/150 Iter: 3/25 loss: 5.3360 acc: 0.0833 time 1.59s
Epoch: 13/150 Iter: 4/25 loss: 5.2266 acc: 0.1667 time 1.35s
Epoch: 13/150 Iter: 5/25 loss: 5.2212 acc: 0.1389 time 1.35s
Epoch: 13/150 Iter: 6/25 loss: 5.1658 acc: 0.1667 time 1.43s
Epoch: 13/150 Iter: 7/25 loss: 5.1314 acc: 0.1667 time 1.30s
Epoch: 13/150 Iter: 8/25 loss: 5.1276 acc: 0.1481 time 1.58s
Epoch: 13/150 Iter: 9/25 loss: 5.1089 acc: 0.1667 time 1.28s
Epoch: 13/150 Iter: 10/25 loss: 5.0912 acc: 0.1818 time 1.29s
Epoch: 13/150 Iter: 11/25 loss: 5.0648 acc: 0.2083 time 1.31s
Epoch: 13/150 Iter: 12/25 loss: 5.0518 acc: 0.2179 time 1.27s
Epoch: 13/150 Iter: 13/25 loss: 5.0285 acc: 0.2381 time 1.26s
Epoch: 13/150 Iter: 14/25 loss: 5.0341 acc: 0.2222 time 1.27s
Epoch: 13/150 Iter: 15/25 loss: 5.0320 acc: 0.2292 time 2.60s
Epoch: 13/150 Iter: 16/25 loss: 5.0259 acc: 0.2353 time 1.25s
Epoch: 13/150 Iter: 17/25 loss: 5.0317 acc: 0.2222 time 2.59s
Epoch: 13/150 Iter: 18/25 loss: 5.0192 acc: 0.2281 time 1.35s
Epoch: 13/150 Iter: 19/25 loss: 5.0127 acc: 0.2333 time 1.42s
Epoch: 13/150 Iter: 20/25 loss: 5.0043 acc: 0.2540 time 1.43s
Epoch: 13/150 Iter: 21/25 loss: 5.0048 acc: 0.2424 time 1.27s
Epoch: 13/150 Iter: 22/25 loss: 5.0049 acc: 0.2319 time 1.28s
Epoch: 13/150 Iter: 23/25 loss: 4.9938 acc: 0.2431 time 1.27s
Epoch: 13/150 Iter: 24/25 loss: 4.9871 acc: 0.2467 time 1.29s
[Train epoch 13] avg_loss=4.9871 avg_acc=0.2467 | per-class [c0: 0.088, c1: 0.500, c2: 0.206]
Final training 13/149, loss: 4.9871, time 38.05s, lr: 0.000299
Accuracy: 0.260
class                  precision    recall   specificity      f1   support
--------------------------------------------------------------------------
0                          0.231     0.088         0.848   0.128        34
1                          0.296     0.500         0.441   0.372        32
2                          0.212     0.206         0.606   0.209        34
*----------------------------------------*
0 Mon Nov  3 10:15:21 2025 Epoch: 14
Epoch: 14/150 Iter: 0/25 loss: 4.7751 acc: 0.3333 time 3.37s
Epoch: 14/150 Iter: 1/25 loss: 4.9166 acc: 0.1667 time 1.35s
Epoch: 14/150 Iter: 2/25 loss: 5.0084 acc: 0.2222 time 1.34s
Epoch: 14/150 Iter: 3/25 loss: 5.1091 acc: 0.1667 time 1.28s
Epoch: 14/150 Iter: 4/25 loss: 4.9298 acc: 0.2333 time 1.29s
Epoch: 14/150 Iter: 5/25 loss: 5.0518 acc: 0.2778 time 1.55s
Epoch: 14/150 Iter: 6/25 loss: 4.9726 acc: 0.3095 time 1.34s
Epoch: 14/150 Iter: 7/25 loss: 4.9419 acc: 0.3125 time 1.35s
Epoch: 14/150 Iter: 8/25 loss: 4.9197 acc: 0.3148 time 1.35s
Epoch: 14/150 Iter: 9/25 loss: 4.8558 acc: 0.3333 time 2.61s
Epoch: 14/150 Iter: 10/25 loss: 4.8562 acc: 0.3333 time 1.27s
Epoch: 14/150 Iter: 11/25 loss: 4.9097 acc: 0.3056 time 1.24s
Epoch: 14/150 Iter: 12/25 loss: 4.9475 acc: 0.3077 time 2.59s
Epoch: 14/150 Iter: 13/25 loss: 4.8884 acc: 0.3571 time 1.27s
Epoch: 14/150 Iter: 14/25 loss: 4.9201 acc: 0.3556 time 1.30s
Epoch: 14/150 Iter: 15/25 loss: 4.9075 acc: 0.3542 time 1.35s
Epoch: 14/150 Iter: 16/25 loss: 4.9307 acc: 0.3529 time 1.26s
Epoch: 14/150 Iter: 17/25 loss: 4.8966 acc: 0.3611 time 1.26s
Epoch: 14/150 Iter: 18/25 loss: 4.9617 acc: 0.3421 time 1.28s
Epoch: 14/150 Iter: 19/25 loss: 5.0077 acc: 0.3250 time 2.61s
Epoch: 14/150 Iter: 20/25 loss: 5.0005 acc: 0.3333 time 1.36s
Epoch: 14/150 Iter: 21/25 loss: 4.9903 acc: 0.3409 time 2.61s
Epoch: 14/150 Iter: 22/25 loss: 4.9920 acc: 0.3261 time 2.61s
Epoch: 14/150 Iter: 23/25 loss: 4.9924 acc: 0.3194 time 1.29s
Epoch: 14/150 Iter: 24/25 loss: 4.9847 acc: 0.3200 time 2.66s
[Train epoch 14] avg_loss=4.9847 avg_acc=0.3200 | per-class [c0: 0.000, c1: 0.059, c2: 0.938]
Final training 14/149, loss: 4.9847, time 42.82s, lr: 0.000299
Accuracy: 0.320
class                  precision    recall   specificity      f1   support
--------------------------------------------------------------------------
0                          0.000     0.000         1.000   0.000        34
1                          0.286     0.059         0.924   0.098        34
2                          0.323     0.938         0.074   0.480        32
*----------------------------------------*
0 Mon Nov  3 10:16:03 2025 Epoch: 15
Epoch: 15/150 Iter: 0/25 loss: 5.1474 acc: 0.0000 time 3.81s
Epoch: 15/150 Iter: 1/25 loss: 5.1782 acc: 0.0000 time 1.40s
Epoch: 15/150 Iter: 2/25 loss: 5.1647 acc: 0.0000 time 1.44s
Epoch: 15/150 Iter: 3/25 loss: 5.1328 acc: 0.1250 time 1.33s
Epoch: 15/150 Iter: 4/25 loss: 5.1001 acc: 0.2000 time 1.38s
Epoch: 15/150 Iter: 5/25 loss: 5.0688 acc: 0.2222 time 1.60s
Epoch: 15/150 Iter: 6/25 loss: 5.0421 acc: 0.2381 time 1.49s
Epoch: 15/150 Iter: 7/25 loss: 5.0268 acc: 0.2083 time 1.35s
Epoch: 15/150 Iter: 8/25 loss: 5.0038 acc: 0.2407 time 1.48s
Epoch: 15/150 Iter: 9/25 loss: 4.9912 acc: 0.2500 time 1.26s
Epoch: 15/150 Iter: 10/25 loss: 4.9689 acc: 0.2727 time 1.26s
Epoch: 15/150 Iter: 11/25 loss: 4.9694 acc: 0.2778 time 1.25s
Epoch: 15/150 Iter: 12/25 loss: 4.9645 acc: 0.2949 time 2.76s
Epoch: 15/150 Iter: 13/25 loss: 4.9204 acc: 0.3095 time 1.29s
Epoch: 15/150 Iter: 14/25 loss: 4.9599 acc: 0.2889 time 1.28s
Epoch: 15/150 Iter: 15/25 loss: 4.9763 acc: 0.2917 time 1.31s
Epoch: 15/150 Iter: 16/25 loss: 5.0024 acc: 0.2745 time 2.67s
Epoch: 15/150 Iter: 17/25 loss: 5.0416 acc: 0.2593 time 2.62s
Epoch: 15/150 Iter: 18/25 loss: 5.0621 acc: 0.2456 time 2.60s
Epoch: 15/150 Iter: 19/25 loss: 5.0527 acc: 0.2583 time 1.28s
Epoch: 15/150 Iter: 20/25 loss: 5.0462 acc: 0.2619 time 1.25s
Epoch: 15/150 Iter: 21/25 loss: 5.0360 acc: 0.2652 time 1.33s
Epoch: 15/150 Iter: 22/25 loss: 5.0347 acc: 0.2536 time 1.30s
Epoch: 15/150 Iter: 23/25 loss: 5.0226 acc: 0.2569 time 1.27s
Epoch: 15/150 Iter: 24/25 loss: 5.0113 acc: 0.2667 time 1.28s
[Train epoch 15] avg_loss=5.0113 avg_acc=0.2667 | per-class [c0: 0.441, c1: 0.242, c2: 0.030]
Final training 15/149, loss: 5.0113, time 41.33s, lr: 0.000298
Accuracy: 0.240
class                  precision    recall   specificity      f1   support
--------------------------------------------------------------------------
0                          0.283     0.441         0.424   0.345        34
1                          0.211     0.242         0.552   0.225        33
2                          0.111     0.030         0.881   0.048        33
*----------------------------------------*
Val 15/150 0/27, Acc: 0.0000, time 0.35s
Val 15/150 1/27, Acc: 0.0000, time 0.35s
Val 15/150 2/27, Acc: 0.0000, time 0.33s
Val 15/150 3/27, Acc: 0.2500, time 0.33s
Val 15/150 4/27, Acc: 0.2000, time 0.37s
Val 15/150 5/27, Acc: 0.1667, time 0.34s
Val 15/150 6/27, Acc: 0.1429, time 0.43s
Val 15/150 7/27, Acc: 0.1250, time 0.34s
Val 15/150 8/27, Acc: 0.2222, time 0.34s
Val 15/150 9/27, Acc: 0.2000, time 0.33s
Val 15/150 10/27, Acc: 0.1818, time 0.34s
Val 15/150 11/27, Acc: 0.1667, time 0.38s
Val 15/150 12/27, Acc: 0.1538, time 0.33s
Val 15/150 13/27, Acc: 0.2143, time 0.33s
Val 15/150 14/27, Acc: 0.2000, time 0.33s
Val 15/150 15/27, Acc: 0.2500, time 0.34s
Val 15/150 16/27, Acc: 0.2941, time 0.33s
Val 15/150 17/27, Acc: 0.2778, time 0.39s
Val 15/150 18/27, Acc: 0.2632, time 0.33s
Val 15/150 19/27, Acc: 0.2500, time 0.33s
Val 15/150 20/27, Acc: 0.2857, time 0.33s
Val 15/150 21/27, Acc: 0.3182, time 0.34s
Val 15/150 22/27, Acc: 0.3043, time 0.40s
Val 15/150 23/27, Acc: 0.2917, time 0.37s
Val 15/150 24/27, Acc: 0.2800, time 0.34s
Val 15/150 25/27, Acc: 0.2692, time 0.33s
Val 15/150 26/27, Acc: 0.2963, time 0.32s
[Val epoch 15] avg_acc=0.2963 | per-class [c0: 0.000, c1: 0.667, c2: 0.222]
Final validation 15/149, Val_acc: 0.2963, time 9.36sAccuracy: 0.296
class                  precision    recall   specificity      f1   support
--------------------------------------------------------------------------
0                          0.000     0.000         1.000   0.000         9
1                          0.286     0.667         0.167   0.400         9
2                          0.333     0.222         0.778   0.267         9
*========================================*
Saving checkpoint outputs/OrganoidsINRIA/resnet50/2025-11-03-10-04/model_final.pt
0 Mon Nov  3 10:16:56 2025 Epoch: 16
Epoch: 16/150 Iter: 0/25 loss: 5.0156 acc: 0.3333 time 4.01s
Epoch: 16/150 Iter: 1/25 loss: 5.1548 acc: 0.1667 time 1.38s
Epoch: 16/150 Iter: 2/25 loss: 4.9611 acc: 0.2778 time 1.28s
Epoch: 16/150 Iter: 3/25 loss: 5.0490 acc: 0.2083 time 1.34s
Epoch: 16/150 Iter: 4/25 loss: 5.0522 acc: 0.2333 time 1.30s
Epoch: 16/150 Iter: 5/25 loss: 5.0407 acc: 0.1944 time 1.31s
Epoch: 16/150 Iter: 6/25 loss: 5.0576 acc: 0.2143 time 1.32s
Epoch: 16/150 Iter: 7/25 loss: 5.0531 acc: 0.2500 time 1.30s
Epoch: 16/150 Iter: 8/25 loss: 5.0657 acc: 0.2222 time 1.31s
Epoch: 16/150 Iter: 9/25 loss: 5.0660 acc: 0.2333 time 1.27s
Epoch: 16/150 Iter: 10/25 loss: 5.0573 acc: 0.2424 time 2.60s
Epoch: 16/150 Iter: 11/25 loss: 5.0267 acc: 0.2500 time 2.62s
Epoch: 16/150 Iter: 12/25 loss: 5.0288 acc: 0.2564 time 2.63s
Epoch: 16/150 Iter: 13/25 loss: 5.0327 acc: 0.2619 time 2.60s
Epoch: 16/150 Iter: 14/25 loss: 5.0069 acc: 0.2667 time 1.26s
Epoch: 16/150 Iter: 15/25 loss: 4.9886 acc: 0.2813 time 1.43s
Epoch: 16/150 Iter: 16/25 loss: 4.9916 acc: 0.2843 time 1.31s
Epoch: 16/150 Iter: 17/25 loss: 4.9938 acc: 0.2870 time 1.26s
Epoch: 16/150 Iter: 18/25 loss: 4.9793 acc: 0.2895 time 2.62s
Epoch: 16/150 Iter: 19/25 loss: 4.9824 acc: 0.2917 time 1.31s
Epoch: 16/150 Iter: 20/25 loss: 4.9974 acc: 0.2778 time 1.25s
Epoch: 16/150 Iter: 21/25 loss: 4.9855 acc: 0.2803 time 1.36s
Epoch: 16/150 Iter: 22/25 loss: 4.9824 acc: 0.2826 time 1.27s
Epoch: 16/150 Iter: 23/25 loss: 4.9878 acc: 0.2708 time 2.75s
Epoch: 16/150 Iter: 24/25 loss: 4.9870 acc: 0.2600 time 1.26s
[Train epoch 16] avg_loss=4.9870 avg_acc=0.2600 | per-class [c0: 0.000, c1: 0.121, c2: 0.636]
Final training 16/149, loss: 4.9870, time 43.36s, lr: 0.000298
Accuracy: 0.250
class                  precision    recall   specificity      f1   support
--------------------------------------------------------------------------
0                          0.000     0.000         1.000   0.000        34
1                          0.160     0.121         0.687   0.138        33
2                          0.280     0.636         0.194   0.389        33
*----------------------------------------*
0 Mon Nov  3 10:17:40 2025 Epoch: 17
Epoch: 17/150 Iter: 0/25 loss: 4.8274 acc: 0.3333 time 3.45s
Epoch: 17/150 Iter: 1/25 loss: 4.8219 acc: 0.3333 time 1.49s
Epoch: 17/150 Iter: 2/25 loss: 4.8557 acc: 0.3333 time 1.29s
Epoch: 17/150 Iter: 3/25 loss: 4.8826 acc: 0.3333 time 1.30s
Epoch: 17/150 Iter: 4/25 loss: 5.0978 acc: 0.2667 time 2.65s
Epoch: 17/150 Iter: 5/25 loss: 5.1419 acc: 0.2222 time 2.61s
Epoch: 17/150 Iter: 6/25 loss: 5.0906 acc: 0.2381 time 1.32s
Epoch: 17/150 Iter: 7/25 loss: 5.1351 acc: 0.2083 time 1.45s
Epoch: 17/150 Iter: 8/25 loss: 5.1320 acc: 0.1852 time 1.33s
Epoch: 17/150 Iter: 9/25 loss: 5.0908 acc: 0.2167 time 1.30s
Epoch: 17/150 Iter: 10/25 loss: 5.0677 acc: 0.2121 time 1.27s
Epoch: 17/150 Iter: 11/25 loss: 5.0641 acc: 0.1944 time 2.63s
Epoch: 17/150 Iter: 12/25 loss: 5.0493 acc: 0.2051 time 1.25s
Epoch: 17/150 Iter: 13/25 loss: 5.0363 acc: 0.2381 time 1.27s
Epoch: 17/150 Iter: 14/25 loss: 5.0184 acc: 0.2556 time 1.36s
Epoch: 17/150 Iter: 15/25 loss: 5.0093 acc: 0.2708 time 1.25s
Epoch: 17/150 Iter: 16/25 loss: 5.0239 acc: 0.2549 time 1.27s
Epoch: 17/150 Iter: 17/25 loss: 5.0172 acc: 0.2685 time 1.27s
Epoch: 17/150 Iter: 18/25 loss: 4.9962 acc: 0.2807 time 2.68s
Epoch: 17/150 Iter: 19/25 loss: 5.0042 acc: 0.2667 time 2.61s
Epoch: 17/150 Iter: 20/25 loss: 5.0044 acc: 0.2540 time 1.25s
Epoch: 17/150 Iter: 21/25 loss: 5.0187 acc: 0.2424 time 1.36s
Epoch: 17/150 Iter: 22/25 loss: 5.0189 acc: 0.2464 time 1.28s
Epoch: 17/150 Iter: 23/25 loss: 5.0017 acc: 0.2569 time 1.37s
Epoch: 17/150 Iter: 24/25 loss: 5.0086 acc: 0.2467 time 1.29s
[Train epoch 17] avg_loss=5.0086 avg_acc=0.2467 | per-class [c0: 0.000, c1: 0.529, c2: 0.242]
Final training 17/149, loss: 5.0086, time 41.63s, lr: 0.000297
Accuracy: 0.260
class                  precision    recall   specificity      f1   support
--------------------------------------------------------------------------
0                          0.000     0.000         0.970   0.000        33
1                          0.286     0.529         0.318   0.371        34
2                          0.229     0.242         0.597   0.235        33
*----------------------------------------*
0 Mon Nov  3 10:18:21 2025 Epoch: 18
Epoch: 18/150 Iter: 0/25 loss: 4.7215 acc: 0.5000 time 3.45s
Epoch: 18/150 Iter: 1/25 loss: 5.0126 acc: 0.2500 time 1.34s
Epoch: 18/150 Iter: 2/25 loss: 5.0457 acc: 0.2778 time 1.36s
Epoch: 18/150 Iter: 3/25 loss: 5.0973 acc: 0.3750 time 1.31s
Epoch: 18/150 Iter: 4/25 loss: 5.0489 acc: 0.3333 time 1.32s
Epoch: 18/150 Iter: 5/25 loss: 5.0023 acc: 0.3333 time 1.34s
Epoch: 18/150 Iter: 6/25 loss: 4.9738 acc: 0.3333 time 1.31s
Epoch: 18/150 Iter: 7/25 loss: 4.9982 acc: 0.2917 time 2.71s
Epoch: 18/150 Iter: 8/25 loss: 4.9661 acc: 0.3148 time 1.36s
Epoch: 18/150 Iter: 9/25 loss: 4.9173 acc: 0.3333 time 1.28s
Epoch: 18/150 Iter: 10/25 loss: 4.9403 acc: 0.3333 time 1.26s
Epoch: 18/150 Iter: 11/25 loss: 4.9252 acc: 0.3333 time 2.61s
Epoch: 18/150 Iter: 12/25 loss: 5.0100 acc: 0.3077 time 1.28s
Epoch: 18/150 Iter: 13/25 loss: 4.9637 acc: 0.3214 time 1.32s
Epoch: 18/150 Iter: 14/25 loss: 4.9643 acc: 0.3222 time 2.63s
Epoch: 18/150 Iter: 15/25 loss: 4.9751 acc: 0.3229 time 1.29s
Epoch: 18/150 Iter: 16/25 loss: 4.9691 acc: 0.3235 time 1.26s
Epoch: 18/150 Iter: 17/25 loss: 4.9625 acc: 0.3333 time 1.28s
Epoch: 18/150 Iter: 18/25 loss: 4.9512 acc: 0.3333 time 1.28s
Epoch: 18/150 Iter: 19/25 loss: 4.9632 acc: 0.3167 time 2.63s
Epoch: 18/150 Iter: 20/25 loss: 4.9571 acc: 0.3254 time 2.69s
Epoch: 18/150 Iter: 21/25 loss: 4.9695 acc: 0.3333 time 1.27s
Epoch: 18/150 Iter: 22/25 loss: 4.9617 acc: 0.3333 time 1.27s
Epoch: 18/150 Iter: 23/25 loss: 4.9776 acc: 0.3194 time 1.29s
Epoch: 18/150 Iter: 24/25 loss: 4.9808 acc: 0.3067 time 2.62s
[Train epoch 18] avg_loss=4.9808 avg_acc=0.3067 | per-class [c0: 0.618, c1: 0.182, c2: 0.061]
Final training 18/149, loss: 4.9808, time 42.77s, lr: 0.000296
Accuracy: 0.290
class                  precision    recall   specificity      f1   support
--------------------------------------------------------------------------
0                          0.313     0.618         0.303   0.416        34
1                          0.286     0.182         0.776   0.222        33
2                          0.167     0.061         0.851   0.089        33
*----------------------------------------*
0 Mon Nov  3 10:19:04 2025 Epoch: 19
Epoch: 19/150 Iter: 0/25 loss: 4.8982 acc: 0.3333 time 3.87s
Epoch: 19/150 Iter: 1/25 loss: 4.9754 acc: 0.1667 time 1.34s
Epoch: 19/150 Iter: 2/25 loss: 4.9215 acc: 0.2222 time 1.31s
Epoch: 19/150 Iter: 3/25 loss: 4.9064 acc: 0.2917 time 1.34s
Epoch: 19/150 Iter: 4/25 loss: 4.9039 acc: 0.2667 time 1.30s
Epoch: 19/150 Iter: 5/25 loss: 4.9034 acc: 0.2778 time 1.35s
Epoch: 19/150 Iter: 6/25 loss: 4.8910 acc: 0.3095 time 1.58s
Epoch: 19/150 Iter: 7/25 loss: 4.8891 acc: 0.2917 time 1.56s
Epoch: 19/150 Iter: 8/25 loss: 4.9267 acc: 0.2593 time 1.45s
Epoch: 19/150 Iter: 9/25 loss: 4.9140 acc: 0.2667 time 1.27s
Epoch: 19/150 Iter: 10/25 loss: 4.9328 acc: 0.2879 time 1.36s
Epoch: 19/150 Iter: 11/25 loss: 4.9314 acc: 0.3056 time 1.29s
Epoch: 19/150 Iter: 12/25 loss: 4.9533 acc: 0.3077 time 1.31s
Epoch: 19/150 Iter: 13/25 loss: 4.9631 acc: 0.3095 time 2.62s
Epoch: 19/150 Iter: 14/25 loss: 4.9483 acc: 0.3111 time 1.26s
Epoch: 19/150 Iter: 15/25 loss: 4.9574 acc: 0.3125 time 1.26s
Epoch: 19/150 Iter: 16/25 loss: 4.9644 acc: 0.3137 time 1.26s
Epoch: 19/150 Iter: 17/25 loss: 4.9727 acc: 0.3148 time 2.60s
Epoch: 19/150 Iter: 18/25 loss: 4.9633 acc: 0.3246 time 1.34s
Epoch: 19/150 Iter: 19/25 loss: 4.9574 acc: 0.3333 time 1.30s
Epoch: 19/150 Iter: 20/25 loss: 4.9582 acc: 0.3333 time 1.34s
Epoch: 19/150 Iter: 21/25 loss: 4.9779 acc: 0.3182 time 1.27s
Epoch: 19/150 Iter: 22/25 loss: 4.9758 acc: 0.3188 time 1.26s
Epoch: 19/150 Iter: 23/25 loss: 4.9804 acc: 0.3056 time 1.26s
Epoch: 19/150 Iter: 24/25 loss: 4.9809 acc: 0.3067 time 2.62s
[Train epoch 19] avg_loss=4.9809 avg_acc=0.3067 | per-class [c0: 0.545, c1: 0.091, c2: 0.206]
Final training 19/149, loss: 4.9809, time 39.75s, lr: 0.000296
Accuracy: 0.280
class                  precision    recall   specificity      f1   support
--------------------------------------------------------------------------
0                          0.277     0.545         0.299   0.367        33
1                          0.300     0.091         0.896   0.140        33
2                          0.280     0.206         0.727   0.237        34
*----------------------------------------*
Val 19/150 0/27, Acc: 0.0000, time 0.35s
Val 19/150 1/27, Acc: 0.0000, time 0.35s
Val 19/150 2/27, Acc: 0.0000, time 0.33s
Val 19/150 3/27, Acc: 0.0000, time 0.34s
Val 19/150 4/27, Acc: 0.0000, time 0.37s
Val 19/150 5/27, Acc: 0.1667, time 0.34s
Val 19/150 6/27, Acc: 0.1429, time 0.43s
Val 19/150 7/27, Acc: 0.2500, time 0.35s
Val 19/150 8/27, Acc: 0.2222, time 0.34s
Val 19/150 9/27, Acc: 0.3000, time 0.33s
Val 19/150 10/27, Acc: 0.2727, time 0.34s
Val 19/150 11/27, Acc: 0.2500, time 0.38s
Val 19/150 12/27, Acc: 0.3077, time 0.33s
Val 19/150 13/27, Acc: 0.3571, time 0.33s
Val 19/150 14/27, Acc: 0.3333, time 0.33s
Val 19/150 15/27, Acc: 0.3125, time 0.34s
Val 19/150 16/27, Acc: 0.2941, time 0.34s
Val 19/150 17/27, Acc: 0.2778, time 0.39s
Val 19/150 18/27, Acc: 0.3158, time 0.33s
Val 19/150 19/27, Acc: 0.3500, time 0.33s
Val 19/150 20/27, Acc: 0.3333, time 0.33s
Val 19/150 21/27, Acc: 0.3636, time 0.34s
Val 19/150 22/27, Acc: 0.3478, time 0.40s
Val 19/150 23/27, Acc: 0.3333, time 0.37s
Val 19/150 24/27, Acc: 0.3200, time 0.34s
Val 19/150 25/27, Acc: 0.3462, time 0.34s
Val 19/150 26/27, Acc: 0.3333, time 0.32s
[Val epoch 19] avg_acc=0.3333 | per-class [c0: 0.000, c1: 0.000, c2: 1.000]
Final validation 19/149, Val_acc: 0.3333, time 9.39sAccuracy: 0.333
class                  precision    recall   specificity      f1   support
--------------------------------------------------------------------------
0                          0.000     0.000         1.000   0.000         9
1                          0.000     0.000         1.000   0.000         9
2                          0.333     1.000         0.000   0.500         9
*========================================*
Saving checkpoint outputs/OrganoidsINRIA/resnet50/2025-11-03-10-04/model_final.pt
0 Mon Nov  3 10:19:56 2025 Epoch: 20
Epoch: 20/150 Iter: 0/25 loss: 4.7506 acc: 0.5000 time 3.99s
Epoch: 20/150 Iter: 1/25 loss: 4.9617 acc: 0.2500 time 1.59s
Epoch: 20/150 Iter: 2/25 loss: 4.8890 acc: 0.2778 time 1.32s
Epoch: 20/150 Iter: 3/25 loss: 4.9554 acc: 0.2083 time 2.79s
Epoch: 20/150 Iter: 4/25 loss: 4.9443 acc: 0.2667 time 1.30s
Epoch: 20/150 Iter: 5/25 loss: 4.9549 acc: 0.2778 time 2.63s
Epoch: 20/150 Iter: 6/25 loss: 4.9464 acc: 0.2857 time 1.31s
Epoch: 20/150 Iter: 7/25 loss: 4.9733 acc: 0.2500 time 2.77s
Epoch: 20/150 Iter: 8/25 loss: 4.9328 acc: 0.3056 time 1.47s
Epoch: 20/150 Iter: 9/25 loss: 4.9021 acc: 0.3500 time 2.62s
Epoch: 20/150 Iter: 10/25 loss: 4.8949 acc: 0.3636 time 2.65s
Epoch: 20/150 Iter: 11/25 loss: 4.9019 acc: 0.3750 time 1.26s
Epoch: 20/150 Iter: 12/25 loss: 4.9232 acc: 0.3462 time 1.25s
Epoch: 20/150 Iter: 13/25 loss: 4.9088 acc: 0.3571 time 1.29s
Epoch: 20/150 Iter: 14/25 loss: 4.8843 acc: 0.3667 time 1.26s
Epoch: 20/150 Iter: 15/25 loss: 4.8989 acc: 0.3646 time 1.29s
Epoch: 20/150 Iter: 16/25 loss: 4.8873 acc: 0.3725 time 1.27s
Epoch: 20/150 Iter: 17/25 loss: 4.8546 acc: 0.3796 time 1.29s
Epoch: 20/150 Iter: 18/25 loss: 4.8626 acc: 0.3860 time 1.37s
Epoch: 20/150 Iter: 19/25 loss: 4.8766 acc: 0.3667 time 1.25s
Epoch: 20/150 Iter: 20/25 loss: 4.8910 acc: 0.3651 time 1.37s
Epoch: 20/150 Iter: 21/25 loss: 4.8641 acc: 0.3712 time 1.27s
Epoch: 20/150 Iter: 22/25 loss: 4.8895 acc: 0.3551 time 1.30s
Epoch: 20/150 Iter: 23/25 loss: 4.8668 acc: 0.3611 time 1.26s
Epoch: 20/150 Iter: 24/25 loss: 4.8990 acc: 0.3667 time 1.33s
[Train epoch 20] avg_loss=4.8990 avg_acc=0.3667 | per-class [c0: 0.000, c1: 0.676, c2: 0.353]
Final training 20/149, loss: 4.8990, time 42.55s, lr: 0.000295
Accuracy: 0.350
class                  precision    recall   specificity      f1   support
--------------------------------------------------------------------------
0                          0.000     0.000         1.000   0.000        32
1                          0.365     0.676         0.394   0.474        34
2                          0.324     0.353         0.621   0.338        34
*----------------------------------------*
0 Mon Nov  3 10:20:39 2025 Epoch: 21
Epoch: 21/150 Iter: 0/25 loss: 5.6923 acc: 0.5000 time 3.60s
Epoch: 21/150 Iter: 1/25 loss: 5.2493 acc: 0.4167 time 1.41s
Epoch: 21/150 Iter: 2/25 loss: 5.2294 acc: 0.2778 time 1.32s
Epoch: 21/150 Iter: 3/25 loss: 5.1767 acc: 0.2500 time 2.68s
Epoch: 21/150 Iter: 4/25 loss: 5.0672 acc: 0.3667 time 1.32s
Epoch: 21/150 Iter: 5/25 loss: 5.0178 acc: 0.3889 time 2.64s
Epoch: 21/150 Iter: 6/25 loss: 4.9813 acc: 0.3690 time 1.33s
Epoch: 21/150 Iter: 7/25 loss: 4.9771 acc: 0.3854 time 2.69s
Epoch: 21/150 Iter: 8/25 loss: 4.9682 acc: 0.3426 time 1.37s
Epoch: 21/150 Iter: 9/25 loss: 4.9511 acc: 0.3417 time 1.26s
Epoch: 21/150 Iter: 10/25 loss: 4.9732 acc: 0.3106 time 1.24s
Epoch: 21/150 Iter: 11/25 loss: 4.9895 acc: 0.2847 time 2.61s
Epoch: 21/150 Iter: 12/25 loss: 4.9849 acc: 0.2885 time 1.28s
Epoch: 21/150 Iter: 13/25 loss: 4.9860 acc: 0.2798 time 1.29s
Epoch: 21/150 Iter: 14/25 loss: 4.9814 acc: 0.2722 time 1.26s
Epoch: 21/150 Iter: 15/25 loss: 4.9775 acc: 0.2552 time 1.37s
Epoch: 21/150 Iter: 16/25 loss: 4.9662 acc: 0.2598 time 1.34s
Epoch: 21/150 Iter: 17/25 loss: 4.9601 acc: 0.2731 time 1.33s
Epoch: 21/150 Iter: 18/25 loss: 4.9616 acc: 0.2588 time 2.62s
Epoch: 21/150 Iter: 19/25 loss: 4.9550 acc: 0.2625 time 1.27s
Epoch: 21/150 Iter: 20/25 loss: 4.9508 acc: 0.2659 time 1.26s
Epoch: 21/150 Iter: 21/25 loss: 4.9385 acc: 0.2765 time 2.61s
Epoch: 21/150 Iter: 22/25 loss: 4.9500 acc: 0.2645 time 2.67s
Epoch: 21/150 Iter: 23/25 loss: 4.9515 acc: 0.2674 time 1.27s
Epoch: 21/150 Iter: 24/25 loss: 4.9553 acc: 0.2567 time 1.29s
[Train epoch 21] avg_loss=4.9553 avg_acc=0.2567 | per-class [c0: 0.091, c1: 0.147, c2: 0.485]
Final training 21/149, loss: 4.9553, time 44.38s, lr: 0.000294
Accuracy: 0.240
class                  precision    recall   specificity      f1   support
--------------------------------------------------------------------------
0                          0.158     0.091         0.761   0.115        33
1                          0.294     0.147         0.818   0.196        34
2                          0.250     0.485         0.284   0.330        33
*----------------------------------------*
0 Mon Nov  3 10:21:23 2025 Epoch: 22
Epoch: 22/150 Iter: 0/25 loss: 4.9258 acc: 0.1250 time 3.80s
Epoch: 22/150 Iter: 1/25 loss: 4.8192 acc: 0.5625 time 1.39s
Epoch: 22/150 Iter: 2/25 loss: 4.8267 acc: 0.4120 time 1.36s
Epoch: 22/150 Iter: 3/25 loss: 4.8240 acc: 0.3646 time 1.34s
Epoch: 22/150 Iter: 4/25 loss: 4.8680 acc: 0.2917 time 1.26s
Epoch: 22/150 Iter: 5/25 loss: 4.9136 acc: 0.2708 time 1.31s
Epoch: 22/150 Iter: 6/25 loss: 4.8833 acc: 0.3036 time 1.33s
Epoch: 22/150 Iter: 7/25 loss: 4.8768 acc: 0.3073 time 1.48s
Epoch: 22/150 Iter: 8/25 loss: 4.8636 acc: 0.3102 time 1.35s
Epoch: 22/150 Iter: 9/25 loss: 4.9203 acc: 0.2792 time 2.60s
Epoch: 22/150 Iter: 10/25 loss: 4.9026 acc: 0.2841 time 1.26s
Epoch: 22/150 Iter: 11/25 loss: 4.9110 acc: 0.3160 time 1.25s
Epoch: 22/150 Iter: 12/25 loss: 4.9115 acc: 0.2917 time 1.36s
Epoch: 22/150 Iter: 13/25 loss: 4.9051 acc: 0.2788 time 2.63s
Epoch: 22/150 Iter: 14/25 loss: 4.9048 acc: 0.2602 time 1.24s
Epoch: 22/150 Iter: 15/25 loss: 4.8956 acc: 0.2648 time 1.35s
Epoch: 22/150 Iter: 16/25 loss: 4.8872 acc: 0.2688 time 1.29s
Epoch: 22/150 Iter: 17/25 loss: 4.8932 acc: 0.2724 time 1.28s
Epoch: 22/150 Iter: 18/25 loss: 4.9112 acc: 0.2580 time 1.28s
Epoch: 22/150 Iter: 19/25 loss: 4.9110 acc: 0.2618 time 1.27s
Epoch: 22/150 Iter: 20/25 loss: 4.9196 acc: 0.2652 time 1.28s
Epoch: 22/150 Iter: 21/25 loss: 4.9387 acc: 0.2683 time 1.34s
Epoch: 22/150 Iter: 22/25 loss: 4.9207 acc: 0.2784 time 2.59s
Epoch: 22/150 Iter: 23/25 loss: 4.9310 acc: 0.2807 time 1.30s
Epoch: 22/150 Iter: 24/25 loss: 4.9229 acc: 0.2828 time 1.24s
[Train epoch 22] avg_loss=4.9229 avg_acc=0.2828 | per-class [c0: 0.333, c1: 0.176, c2: 0.424]
Final training 22/149, loss: 4.9229, time 39.22s, lr: 0.000293
Accuracy: 0.310
class                  precision    recall   specificity      f1   support
--------------------------------------------------------------------------
0                          0.262     0.333         0.537   0.293        33
1                          0.462     0.176         0.894   0.255        34
2                          0.311     0.424         0.537   0.359        33
*----------------------------------------*
0 Mon Nov  3 10:22:02 2025 Epoch: 23
Epoch: 23/150 Iter: 0/25 loss: 5.1411 acc: 0.3333 time 3.72s
Epoch: 23/150 Iter: 1/25 loss: 5.2552 acc: 0.1667 time 1.31s
Epoch: 23/150 Iter: 2/25 loss: 5.1363 acc: 0.2778 time 1.30s
Epoch: 23/150 Iter: 3/25 loss: 5.1429 acc: 0.2917 time 2.62s
Epoch: 23/150 Iter: 4/25 loss: 5.2007 acc: 0.2333 time 1.28s
Epoch: 23/150 Iter: 5/25 loss: 5.1377 acc: 0.2778 time 1.29s
Epoch: 23/150 Iter: 6/25 loss: 5.1026 acc: 0.3095 time 1.34s
Epoch: 23/150 Iter: 7/25 loss: 5.0587 acc: 0.3125 time 1.30s
Epoch: 23/150 Iter: 8/25 loss: 5.0387 acc: 0.2901 time 2.76s
Epoch: 23/150 Iter: 9/25 loss: 5.0827 acc: 0.2611 time 2.75s
Epoch: 23/150 Iter: 10/25 loss: 5.0989 acc: 0.2374 time 1.26s
Epoch: 23/150 Iter: 11/25 loss: 5.1072 acc: 0.2176 time 1.26s
Epoch: 23/150 Iter: 12/25 loss: 5.0484 acc: 0.2393 time 1.25s
Epoch: 23/150 Iter: 13/25 loss: 5.0679 acc: 0.2222 time 1.24s
Epoch: 23/150 Iter: 14/25 loss: 5.0655 acc: 0.2296 time 1.44s
Epoch: 23/150 Iter: 15/25 loss: 5.0831 acc: 0.2153 time 1.24s
Epoch: 23/150 Iter: 16/25 loss: 5.0509 acc: 0.2320 time 2.60s
Epoch: 23/150 Iter: 17/25 loss: 5.0340 acc: 0.2377 time 2.60s
Epoch: 23/150 Iter: 18/25 loss: 5.0409 acc: 0.2427 time 1.29s
Epoch: 23/150 Iter: 19/25 loss: 5.0521 acc: 0.2306 time 1.28s
Epoch: 23/150 Iter: 20/25 loss: 5.0384 acc: 0.2315 time 2.60s
Epoch: 23/150 Iter: 21/25 loss: 5.0287 acc: 0.2437 time 1.28s
Epoch: 23/150 Iter: 22/25 loss: 5.0324 acc: 0.2548 time 1.27s
Epoch: 23/150 Iter: 23/25 loss: 5.0298 acc: 0.2650 time 1.29s
Epoch: 23/150 Iter: 24/25 loss: 5.0148 acc: 0.2744 time 1.42s
[Train epoch 23] avg_loss=5.0148 avg_acc=0.2744 | per-class [c0: 0.000, c1: 0.471, c2: 0.312]
Final training 23/149, loss: 5.0148, time 43.04s, lr: 0.000292
Accuracy: 0.260
class                  precision    recall   specificity      f1   support
--------------------------------------------------------------------------
0                          0.000     0.000         1.000   0.000        34
1                          0.296     0.471         0.424   0.364        34
2                          0.217     0.312         0.471   0.256        32
*----------------------------------------*
Val 23/150 0/27, Acc: 0.0000, time 0.34s
Val 23/150 1/27, Acc: 0.0000, time 0.35s
Val 23/150 2/27, Acc: 0.3333, time 0.33s
Val 23/150 3/27, Acc: 0.5000, time 0.33s
Val 23/150 4/27, Acc: 0.4000, time 0.37s
Val 23/150 5/27, Acc: 0.5000, time 0.34s
Val 23/150 6/27, Acc: 0.4286, time 0.43s
Val 23/150 7/27, Acc: 0.3750, time 0.34s
Val 23/150 8/27, Acc: 0.3333, time 0.34s
Val 23/150 9/27, Acc: 0.3000, time 0.33s
Val 23/150 10/27, Acc: 0.2727, time 0.34s
Val 23/150 11/27, Acc: 0.2500, time 0.38s
Val 23/150 12/27, Acc: 0.2308, time 0.33s
Val 23/150 13/27, Acc: 0.2857, time 0.33s
Val 23/150 14/27, Acc: 0.2667, time 0.33s
Val 23/150 15/27, Acc: 0.3125, time 0.34s
Val 23/150 16/27, Acc: 0.3529, time 0.34s
Val 23/150 17/27, Acc: 0.3333, time 0.39s
Val 23/150 18/27, Acc: 0.3158, time 0.33s
Val 23/150 19/27, Acc: 0.3000, time 0.33s
Val 23/150 20/27, Acc: 0.3333, time 0.33s
Val 23/150 21/27, Acc: 0.3636, time 0.34s
Val 23/150 22/27, Acc: 0.3478, time 0.40s
Val 23/150 23/27, Acc: 0.3333, time 0.37s
Val 23/150 24/27, Acc: 0.3200, time 0.34s
Val 23/150 25/27, Acc: 0.3077, time 0.34s
Val 23/150 26/27, Acc: 0.3333, time 0.32s
[Val epoch 23] avg_acc=0.3333 | per-class [c0: 0.000, c1: 0.667, c2: 0.333]
Final validation 23/149, Val_acc: 0.3333, time 9.38sAccuracy: 0.333
class                  precision    recall   specificity      f1   support
--------------------------------------------------------------------------
0                          0.000     0.000         1.000   0.000         9
1                          0.353     0.667         0.389   0.462         9
2                          0.300     0.333         0.611   0.316         9
*========================================*
Saving checkpoint outputs/OrganoidsINRIA/resnet50/2025-11-03-10-04/model_final.pt
0 Mon Nov  3 10:22:57 2025 Epoch: 24
Epoch: 24/150 Iter: 0/25 loss: 5.5096 acc: 0.0000 time 2.84s
Epoch: 24/150 Iter: 1/25 loss: 5.1631 acc: 0.1667 time 1.37s
Epoch: 24/150 Iter: 2/25 loss: 4.9324 acc: 0.2778 time 1.51s
Epoch: 24/150 Iter: 3/25 loss: 5.0066 acc: 0.2917 time 1.57s
Epoch: 24/150 Iter: 4/25 loss: 5.0504 acc: 0.2667 time 1.36s
Epoch: 24/150 Iter: 5/25 loss: 4.9408 acc: 0.3889 time 2.65s
Epoch: 24/150 Iter: 6/25 loss: 4.9751 acc: 0.3810 time 1.31s
Epoch: 24/150 Iter: 7/25 loss: 4.9619 acc: 0.3333 time 1.55s
Epoch: 24/150 Iter: 8/25 loss: 4.9474 acc: 0.3704 time 2.67s
Epoch: 24/150 Iter: 9/25 loss: 4.9205 acc: 0.3833 time 2.59s
Epoch: 24/150 Iter: 10/25 loss: 4.8837 acc: 0.3939 time 1.26s
Epoch: 24/150 Iter: 11/25 loss: 4.8652 acc: 0.3889 time 2.62s
Epoch: 24/150 Iter: 12/25 loss: 4.9218 acc: 0.3590 time 1.28s
Epoch: 24/150 Iter: 13/25 loss: 4.9564 acc: 0.3690 time 2.61s
Epoch: 24/150 Iter: 14/25 loss: 4.9325 acc: 0.3778 time 1.28s
Epoch: 24/150 Iter: 15/25 loss: 4.9625 acc: 0.3854 time 2.76s
Epoch: 24/150 Iter: 16/25 loss: 4.9965 acc: 0.3922 time 1.38s
Epoch: 24/150 Iter: 17/25 loss: 5.0154 acc: 0.3889 time 2.77s
Epoch: 24/150 Iter: 18/25 loss: 5.0593 acc: 0.3684 time 1.30s
Epoch: 24/150 Iter: 19/25 loss: 5.0460 acc: 0.3750 time 1.26s
Epoch: 24/150 Iter: 20/25 loss: 5.0430 acc: 0.3730 time 1.42s
Epoch: 24/150 Iter: 21/25 loss: 5.0483 acc: 0.3712 time 1.29s
Epoch: 24/150 Iter: 22/25 loss: 5.0482 acc: 0.3551 time 1.29s
Epoch: 24/150 Iter: 23/25 loss: 5.0636 acc: 0.3403 time 1.28s
Epoch: 24/150 Iter: 24/25 loss: 5.0644 acc: 0.3267 time 1.37s
[Train epoch 24] avg_loss=5.0644 avg_acc=0.3267 | per-class [c0: 0.618, c1: 0.281, c2: 0.000]
Final training 24/149, loss: 5.0644, time 44.62s, lr: 0.000291
Accuracy: 0.300
class                  precision    recall   specificity      f1   support
--------------------------------------------------------------------------
0                          0.339     0.618         0.379   0.438        34
1                          0.290     0.281         0.676   0.286        32
2                          0.000     0.000         0.894   0.000        34
*----------------------------------------*
0 Mon Nov  3 10:23:41 2025 Epoch: 25
Epoch: 25/150 Iter: 0/25 loss: 5.0328 acc: 0.5000 time 2.96s
Epoch: 25/150 Iter: 1/25 loss: 5.0342 acc: 0.4167 time 1.35s
Epoch: 25/150 Iter: 2/25 loss: 4.9132 acc: 0.4444 time 1.36s
Epoch: 25/150 Iter: 3/25 loss: 4.9515 acc: 0.3750 time 1.60s
Epoch: 25/150 Iter: 4/25 loss: 4.9192 acc: 0.4000 time 1.51s
Epoch: 25/150 Iter: 5/25 loss: 4.9789 acc: 0.3333 time 1.29s
Epoch: 25/150 Iter: 6/25 loss: 4.9242 acc: 0.3571 time 1.31s
Epoch: 25/150 Iter: 7/25 loss: 4.9681 acc: 0.3542 time 1.31s
Epoch: 25/150 Iter: 8/25 loss: 4.8832 acc: 0.3704 time 2.63s
Epoch: 25/150 Iter: 9/25 loss: 4.9517 acc: 0.3833 time 2.64s
Epoch: 25/150 Iter: 10/25 loss: 4.9909 acc: 0.3939 time 1.25s
Epoch: 25/150 Iter: 11/25 loss: 5.0495 acc: 0.3611 time 1.30s
Epoch: 25/150 Iter: 12/25 loss: 5.0916 acc: 0.3333 time 1.25s
Epoch: 25/150 Iter: 13/25 loss: 5.1052 acc: 0.3333 time 2.64s
Epoch: 25/150 Iter: 14/25 loss: 5.1108 acc: 0.3111 time 2.65s
Epoch: 25/150 Iter: 15/25 loss: 5.1286 acc: 0.2917 time 1.29s
Epoch: 25/150 Iter: 16/25 loss: 5.1534 acc: 0.2745 time 1.28s
Epoch: 25/150 Iter: 17/25 loss: 5.1461 acc: 0.2778 time 1.27s
Epoch: 25/150 Iter: 18/25 loss: 5.1248 acc: 0.2895 time 1.29s
Epoch: 25/150 Iter: 19/25 loss: 5.1405 acc: 0.2750 time 1.28s
Epoch: 25/150 Iter: 20/25 loss: 5.1290 acc: 0.2778 time 1.29s
Epoch: 25/150 Iter: 21/25 loss: 5.1155 acc: 0.2803 time 1.29s
Epoch: 25/150 Iter: 22/25 loss: 5.1377 acc: 0.2681 time 1.25s
Epoch: 25/150 Iter: 23/25 loss: 5.1397 acc: 0.2569 time 1.44s
Epoch: 25/150 Iter: 24/25 loss: 5.1540 acc: 0.2600 time 1.28s
[Train epoch 25] avg_loss=5.1540 avg_acc=0.2600 | per-class [c0: 0.182, c1: 0.382, c2: 0.152]
Final training 25/149, loss: 5.1540, time 40.02s, lr: 0.000290
Accuracy: 0.240
class                  precision    recall   specificity      f1   support
--------------------------------------------------------------------------
0                          0.200     0.182         0.642   0.190        33
1                          0.232     0.382         0.348   0.289        34
2                          0.357     0.152         0.866   0.213        33
*----------------------------------------*
0 Mon Nov  3 10:24:21 2025 Epoch: 26
Epoch: 26/150 Iter: 0/25 loss: 4.7634 acc: 0.3333 time 2.72s
Epoch: 26/150 Iter: 1/25 loss: 4.8225 acc: 0.3333 time 1.60s
Epoch: 26/150 Iter: 2/25 loss: 4.8962 acc: 0.3333 time 2.63s
Epoch: 26/150 Iter: 3/25 loss: 4.8973 acc: 0.3333 time 1.32s
Epoch: 26/150 Iter: 4/25 loss: 4.8552 acc: 0.3667 time 2.72s
Epoch: 26/150 Iter: 5/25 loss: 4.9017 acc: 0.3889 time 1.31s
Epoch: 26/150 Iter: 6/25 loss: 4.9175 acc: 0.3810 time 1.62s
Epoch: 26/150 Iter: 7/25 loss: 4.9301 acc: 0.3750 time 1.30s
Epoch: 26/150 Iter: 8/25 loss: 4.9366 acc: 0.3704 time 1.31s
Epoch: 26/150 Iter: 9/25 loss: 4.9296 acc: 0.3667 time 1.27s
Epoch: 26/150 Iter: 10/25 loss: 4.9106 acc: 0.3788 time 1.25s
Epoch: 26/150 Iter: 11/25 loss: 4.9139 acc: 0.3889 time 2.59s
Epoch: 26/150 Iter: 12/25 loss: 4.9127 acc: 0.3846 time 2.60s
Epoch: 26/150 Iter: 13/25 loss: 4.8951 acc: 0.3929 time 2.63s
Epoch: 26/150 Iter: 14/25 loss: 4.8958 acc: 0.3889 time 1.29s
Epoch: 26/150 Iter: 15/25 loss: 4.8948 acc: 0.3854 time 1.24s
Epoch: 26/150 Iter: 16/25 loss: 4.8959 acc: 0.3824 time 1.28s
Epoch: 26/150 Iter: 17/25 loss: 4.8842 acc: 0.3889 time 1.29s
Epoch: 26/150 Iter: 18/25 loss: 4.8941 acc: 0.3947 time 1.29s
Epoch: 26/150 Iter: 19/25 loss: 4.8839 acc: 0.4000 time 1.24s
Epoch: 26/150 Iter: 20/25 loss: 4.8790 acc: 0.4048 time 1.28s
Epoch: 26/150 Iter: 21/25 loss: 4.8800 acc: 0.4091 time 1.27s
Epoch: 26/150 Iter: 22/25 loss: 4.9021 acc: 0.3913 time 1.28s
Epoch: 26/150 Iter: 23/25 loss: 4.9077 acc: 0.3889 time 1.24s
Epoch: 26/150 Iter: 24/25 loss: 4.9019 acc: 0.3933 time 1.28s
[Train epoch 26] avg_loss=4.9019 avg_acc=0.3933 | per-class [c0: 0.000, c1: 0.676, c2: 0.344]
Final training 26/149, loss: 4.9019, time 40.86s, lr: 0.000288
Accuracy: 0.340
class                  precision    recall   specificity      f1   support
--------------------------------------------------------------------------
0                          0.000     0.000         1.000   0.000        34
1                          0.365     0.676         0.394   0.474        34
2                          0.297     0.344         0.618   0.319        32
*----------------------------------------*
0 Mon Nov  3 10:25:02 2025 Epoch: 27
Epoch: 27/150 Iter: 0/25 loss: 4.6759 acc: 0.5000 time 2.55s
Epoch: 27/150 Iter: 1/25 loss: 4.6733 acc: 0.5000 time 2.78s
Epoch: 27/150 Iter: 2/25 loss: 4.6792 acc: 0.5000 time 2.69s
Epoch: 27/150 Iter: 3/25 loss: 4.8313 acc: 0.3750 time 1.30s
Epoch: 27/150 Iter: 4/25 loss: 4.8491 acc: 0.3667 time 2.62s
Epoch: 27/150 Iter: 5/25 loss: 4.8029 acc: 0.3889 time 1.29s
Epoch: 27/150 Iter: 6/25 loss: 4.8863 acc: 0.3333 time 1.45s
Epoch: 27/150 Iter: 7/25 loss: 4.8488 acc: 0.3542 time 2.68s
Epoch: 27/150 Iter: 8/25 loss: 4.8023 acc: 0.3704 time 1.32s
Epoch: 27/150 Iter: 9/25 loss: 4.7806 acc: 0.3667 time 1.28s
Epoch: 27/150 Iter: 10/25 loss: 4.8347 acc: 0.3333 time 1.35s
Epoch: 27/150 Iter: 11/25 loss: 4.8114 acc: 0.3472 time 1.35s
Epoch: 27/150 Iter: 12/25 loss: 4.8714 acc: 0.3205 time 1.27s
Epoch: 27/150 Iter: 13/25 loss: 4.8738 acc: 0.3214 time 1.45s
Epoch: 27/150 Iter: 14/25 loss: 4.8723 acc: 0.3333 time 1.29s
Epoch: 27/150 Iter: 15/25 loss: 4.8813 acc: 0.3333 time 1.28s
Epoch: 27/150 Iter: 16/25 loss: 4.8645 acc: 0.3431 time 1.36s
Epoch: 27/150 Iter: 17/25 loss: 4.8751 acc: 0.3426 time 1.27s
Epoch: 27/150 Iter: 18/25 loss: 4.8789 acc: 0.3421 time 1.36s
Epoch: 27/150 Iter: 19/25 loss: 4.8829 acc: 0.3417 time 1.26s
Epoch: 27/150 Iter: 20/25 loss: 4.8939 acc: 0.3254 time 1.28s
Epoch: 27/150 Iter: 21/25 loss: 4.8920 acc: 0.3182 time 2.67s
Epoch: 27/150 Iter: 22/25 loss: 4.8981 acc: 0.3043 time 1.28s
Epoch: 27/150 Iter: 23/25 loss: 4.8947 acc: 0.3056 time 1.36s
Epoch: 27/150 Iter: 24/25 loss: 4.8917 acc: 0.2978 time 1.28s
[Train epoch 27] avg_loss=4.8917 avg_acc=0.2978 | per-class [c0: 0.029, c1: 0.909, c2: 0.091]
Final training 27/149, loss: 4.8917, time 41.11s, lr: 0.000287
Accuracy: 0.340
class                  precision    recall   specificity      f1   support
--------------------------------------------------------------------------
0                          0.500     0.029         0.985   0.056        34
1                          0.330     0.909         0.090   0.484        33
2                          0.429     0.091         0.940   0.150        33
*----------------------------------------*
Val 27/150 0/27, Acc: 0.0000, time 0.34s
Val 27/150 1/27, Acc: 0.0000, time 0.35s
Val 27/150 2/27, Acc: 0.0000, time 0.33s
Val 27/150 3/27, Acc: 0.0000, time 0.33s
Val 27/150 4/27, Acc: 0.0000, time 0.37s
Val 27/150 5/27, Acc: 0.1667, time 0.34s
Val 27/150 6/27, Acc: 0.1429, time 0.42s
Val 27/150 7/27, Acc: 0.2500, time 0.34s
Val 27/150 8/27, Acc: 0.2222, time 0.34s
Val 27/150 9/27, Acc: 0.3000, time 0.33s
Val 27/150 10/27, Acc: 0.2727, time 0.34s
Val 27/150 11/27, Acc: 0.2500, time 0.38s
Val 27/150 12/27, Acc: 0.3077, time 0.33s
Val 27/150 13/27, Acc: 0.3571, time 0.33s
Val 27/150 14/27, Acc: 0.3333, time 0.33s
Val 27/150 15/27, Acc: 0.3125, time 0.34s
Val 27/150 16/27, Acc: 0.2941, time 0.33s
Val 27/150 17/27, Acc: 0.2778, time 0.39s
Val 27/150 18/27, Acc: 0.3158, time 0.33s
Val 27/150 19/27, Acc: 0.3500, time 0.33s
Val 27/150 20/27, Acc: 0.3333, time 0.33s
Val 27/150 21/27, Acc: 0.3636, time 0.34s
Val 27/150 22/27, Acc: 0.3478, time 0.40s
Val 27/150 23/27, Acc: 0.3333, time 0.37s
Val 27/150 24/27, Acc: 0.3200, time 0.34s
Val 27/150 25/27, Acc: 0.3462, time 0.34s
Val 27/150 26/27, Acc: 0.3333, time 0.32s
[Val epoch 27] avg_acc=0.3333 | per-class [c0: 0.000, c1: 0.000, c2: 1.000]
Final validation 27/149, Val_acc: 0.3333, time 9.35sAccuracy: 0.333
class                  precision    recall   specificity      f1   support
--------------------------------------------------------------------------
0                          0.000     0.000         1.000   0.000         9
1                          0.000     0.000         1.000   0.000         9
2                          0.333     1.000         0.000   0.500         9
*========================================*
Saving checkpoint outputs/OrganoidsINRIA/resnet50/2025-11-03-10-04/model_final.pt
0 Mon Nov  3 10:25:55 2025 Epoch: 28
Epoch: 28/150 Iter: 0/25 loss: 4.8402 acc: 0.2222 time 3.02s
Epoch: 28/150 Iter: 1/25 loss: 5.0930 acc: 0.3611 time 1.32s
Epoch: 28/150 Iter: 2/25 loss: 5.0393 acc: 0.4074 time 1.30s
Epoch: 28/150 Iter: 3/25 loss: 5.0163 acc: 0.3889 time 1.33s
Epoch: 28/150 Iter: 4/25 loss: 4.9195 acc: 0.4111 time 1.34s
Epoch: 28/150 Iter: 5/25 loss: 4.9254 acc: 0.3981 time 1.37s
Epoch: 28/150 Iter: 6/25 loss: 4.8945 acc: 0.4127 time 2.70s
Epoch: 28/150 Iter: 7/25 loss: 4.8984 acc: 0.4028 time 1.32s
Epoch: 28/150 Iter: 8/25 loss: 4.9637 acc: 0.3580 time 1.51s
Epoch: 28/150 Iter: 9/25 loss: 4.9359 acc: 0.3556 time 1.30s
Epoch: 28/150 Iter: 10/25 loss: 4.9639 acc: 0.3535 time 1.26s
Epoch: 28/150 Iter: 11/25 loss: 4.9510 acc: 0.3519 time 1.24s
Epoch: 28/150 Iter: 12/25 loss: 4.9778 acc: 0.3248 time 1.31s
Epoch: 28/150 Iter: 13/25 loss: 4.9678 acc: 0.3254 time 1.24s
Epoch: 28/150 Iter: 14/25 loss: 4.9587 acc: 0.3259 time 1.28s
Epoch: 28/150 Iter: 15/25 loss: 5.0083 acc: 0.3056 time 1.46s
Epoch: 28/150 Iter: 16/25 loss: 4.9883 acc: 0.3170 time 1.43s
Epoch: 28/150 Iter: 17/25 loss: 4.9857 acc: 0.3272 time 1.28s
Epoch: 28/150 Iter: 18/25 loss: 4.9722 acc: 0.3275 time 1.30s
Epoch: 28/150 Iter: 19/25 loss: 4.9831 acc: 0.3111 time 1.28s
Epoch: 28/150 Iter: 20/25 loss: 4.9696 acc: 0.3122 time 1.29s
Epoch: 28/150 Iter: 21/25 loss: 4.9690 acc: 0.3131 time 1.31s
Epoch: 28/150 Iter: 22/25 loss: 4.9585 acc: 0.3140 time 1.27s
Epoch: 28/150 Iter: 23/25 loss: 4.9572 acc: 0.3148 time 1.31s
Epoch: 28/150 Iter: 24/25 loss: 4.9518 acc: 0.3156 time 1.38s
[Train epoch 28] avg_loss=4.9518 avg_acc=0.3156 | per-class [c0: 0.471, c1: 0.000, c2: 0.469]
Final training 28/149, loss: 4.9518, time 36.19s, lr: 0.000286
Accuracy: 0.310
class                  precision    recall   specificity      f1   support
--------------------------------------------------------------------------
0                          0.302     0.471         0.439   0.368        34
1                          0.000     0.000         1.000   0.000        34
2                          0.319     0.469         0.529   0.380        32
*----------------------------------------*
0 Mon Nov  3 10:26:31 2025 Epoch: 29
Epoch: 29/150 Iter: 0/25 loss: 4.8538 acc: 0.3333 time 2.76s
Epoch: 29/150 Iter: 1/25 loss: 4.7990 acc: 0.4167 time 1.37s
Epoch: 29/150 Iter: 2/25 loss: 4.8655 acc: 0.2778 time 1.32s
Epoch: 29/150 Iter: 3/25 loss: 4.7587 acc: 0.3333 time 1.36s
Epoch: 29/150 Iter: 4/25 loss: 4.9109 acc: 0.3667 time 1.31s
Epoch: 29/150 Iter: 5/25 loss: 4.8728 acc: 0.3611 time 1.35s
Epoch: 29/150 Iter: 6/25 loss: 4.8687 acc: 0.3571 time 1.30s
Epoch: 29/150 Iter: 7/25 loss: 4.8447 acc: 0.3958 time 1.31s
Epoch: 29/150 Iter: 8/25 loss: 4.9743 acc: 0.3519 time 1.30s
Epoch: 29/150 Iter: 9/25 loss: 4.9605 acc: 0.3167 time 1.27s
Epoch: 29/150 Iter: 10/25 loss: 4.9675 acc: 0.3182 time 1.29s
Epoch: 29/150 Iter: 11/25 loss: 4.9533 acc: 0.2917 time 1.28s
Epoch: 29/150 Iter: 12/25 loss: 4.9326 acc: 0.3077 time 2.59s
Epoch: 29/150 Iter: 13/25 loss: 4.9324 acc: 0.3095 time 2.59s
Epoch: 29/150 Iter: 14/25 loss: 4.9490 acc: 0.3111 time 1.40s
Epoch: 29/150 Iter: 15/25 loss: 4.9525 acc: 0.3125 time 2.67s
Epoch: 29/150 Iter: 16/25 loss: 4.9582 acc: 0.2941 time 1.26s
Epoch: 29/150 Iter: 17/25 loss: 4.9421 acc: 0.3056 time 1.24s
Epoch: 29/150 Iter: 18/25 loss: 4.9608 acc: 0.3158 time 1.29s
Epoch: 29/150 Iter: 19/25 loss: 4.9781 acc: 0.3000 time 1.24s
Epoch: 29/150 Iter: 20/25 loss: 4.9667 acc: 0.3016 time 1.37s
Epoch: 29/150 Iter: 21/25 loss: 4.9686 acc: 0.2879 time 1.27s
Epoch: 29/150 Iter: 22/25 loss: 4.9599 acc: 0.2899 time 1.26s
Epoch: 29/150 Iter: 23/25 loss: 4.9536 acc: 0.2917 time 1.25s
Epoch: 29/150 Iter: 24/25 loss: 4.9575 acc: 0.2800 time 1.28s
[Train epoch 29] avg_loss=4.9575 avg_acc=0.2800 | per-class [c0: 0.455, c1: 0.324, c2: 0.000]
Final training 29/149, loss: 4.9575, time 37.98s, lr: 0.000284
Accuracy: 0.260
class                  precision    recall   specificity      f1   support
--------------------------------------------------------------------------
0                          0.278     0.455         0.418   0.345        33
1                          0.239     0.324         0.470   0.275        34
2                          0.000     0.000         1.000   0.000        33
*----------------------------------------*
0 Mon Nov  3 10:27:09 2025 Epoch: 30
Epoch: 30/150 Iter: 0/25 loss: 4.9493 acc: 0.0000 time 3.19s
Epoch: 30/150 Iter: 1/25 loss: 4.9274 acc: 0.2500 time 1.31s
Epoch: 30/150 Iter: 2/25 loss: 4.9709 acc: 0.2778 time 1.34s
Epoch: 30/150 Iter: 3/25 loss: 5.0651 acc: 0.2083 time 1.44s
Epoch: 30/150 Iter: 4/25 loss: 5.0595 acc: 0.2333 time 1.60s
Epoch: 30/150 Iter: 5/25 loss: 5.0052 acc: 0.2500 time 1.50s
Epoch: 30/150 Iter: 6/25 loss: 4.9998 acc: 0.2619 time 1.44s
Epoch: 30/150 Iter: 7/25 loss: 4.9350 acc: 0.2917 time 2.70s
Epoch: 30/150 Iter: 8/25 loss: 4.9438 acc: 0.2593 time 1.32s
Epoch: 30/150 Iter: 9/25 loss: 4.9601 acc: 0.2333 time 1.30s
Epoch: 30/150 Iter: 10/25 loss: 4.9674 acc: 0.2121 time 1.35s
Epoch: 30/150 Iter: 11/25 loss: 4.9387 acc: 0.2361 time 1.29s
Epoch: 30/150 Iter: 12/25 loss: 4.9511 acc: 0.2436 time 1.38s
Epoch: 30/150 Iter: 13/25 loss: 4.9638 acc: 0.2262 time 1.27s
Epoch: 30/150 Iter: 14/25 loss: 4.9438 acc: 0.2333 time 1.36s
Epoch: 30/150 Iter: 15/25 loss: 4.9284 acc: 0.2257 time 2.63s
Epoch: 30/150 Iter: 16/25 loss: 4.9269 acc: 0.2255 time 1.24s
Epoch: 30/150 Iter: 17/25 loss: 4.9384 acc: 0.2500 time 1.30s
Epoch: 30/150 Iter: 18/25 loss: 4.9440 acc: 0.2544 time 1.25s
Epoch: 30/150 Iter: 19/25 loss: 4.9340 acc: 0.2583 time 1.28s
Epoch: 30/150 Iter: 20/25 loss: 4.9346 acc: 0.2698 time 1.27s
Epoch: 30/150 Iter: 21/25 loss: 4.9222 acc: 0.2803 time 1.42s
Epoch: 30/150 Iter: 22/25 loss: 4.9403 acc: 0.2681 time 1.28s
Epoch: 30/150 Iter: 23/25 loss: 4.9425 acc: 0.2778 time 1.28s
Epoch: 30/150 Iter: 24/25 loss: 4.9519 acc: 0.2667 time 1.26s
[Train epoch 30] avg_loss=4.9519 avg_acc=0.2667 | per-class [c0: 0.212, c1: 0.636, c2: 0.000]
Final training 30/149, loss: 4.9519, time 38.03s, lr: 0.000283
Accuracy: 0.280
class                  precision    recall   specificity      f1   support
--------------------------------------------------------------------------
0                          0.269     0.212         0.716   0.237        33
1                          0.288     0.636         0.224   0.396        33
2                          0.000     0.000         0.985   0.000        34
*----------------------------------------*
0 Mon Nov  3 10:27:48 2025 Epoch: 31
Epoch: 31/150 Iter: 0/25 loss: 4.3433 acc: 0.5000 time 2.94s
Epoch: 31/150 Iter: 1/25 loss: 4.3626 acc: 0.5000 time 1.41s
Epoch: 31/150 Iter: 2/25 loss: 4.4935 acc: 0.4444 time 1.35s
Epoch: 31/150 Iter: 3/25 loss: 4.8361 acc: 0.3333 time 1.30s
Epoch: 31/150 Iter: 4/25 loss: 4.9269 acc: 0.2667 time 1.37s
Epoch: 31/150 Iter: 5/25 loss: 5.0007 acc: 0.2500 time 1.31s
Epoch: 31/150 Iter: 6/25 loss: 5.0625 acc: 0.2143 time 1.46s
Epoch: 31/150 Iter: 7/25 loss: 5.0249 acc: 0.2292 time 1.35s
Epoch: 31/150 Iter: 8/25 loss: 4.9471 acc: 0.2593 time 1.28s
Epoch: 31/150 Iter: 9/25 loss: 5.0181 acc: 0.2333 time 1.29s
Epoch: 31/150 Iter: 10/25 loss: 4.9963 acc: 0.2323 time 1.27s
Epoch: 31/150 Iter: 11/25 loss: 4.9743 acc: 0.2546 time 1.28s
Epoch: 31/150 Iter: 12/25 loss: 4.9416 acc: 0.2735 time 2.60s
Epoch: 31/150 Iter: 13/25 loss: 4.9734 acc: 0.2897 time 2.77s
Epoch: 31/150 Iter: 14/25 loss: 4.9712 acc: 0.2704 time 1.25s
Epoch: 31/150 Iter: 15/25 loss: 4.9835 acc: 0.2535 time 1.28s
Epoch: 31/150 Iter: 16/25 loss: 4.9715 acc: 0.2680 time 1.40s
Epoch: 31/150 Iter: 17/25 loss: 4.9764 acc: 0.2623 time 1.27s
Epoch: 31/150 Iter: 18/25 loss: 4.9695 acc: 0.2661 time 1.33s
Epoch: 31/150 Iter: 19/25 loss: 4.9623 acc: 0.2778 time 1.31s
Epoch: 31/150 Iter: 20/25 loss: 4.9635 acc: 0.2646 time 2.69s
Epoch: 31/150 Iter: 21/25 loss: 4.9616 acc: 0.2828 time 1.27s
Epoch: 31/150 Iter: 22/25 loss: 4.9722 acc: 0.2705 time 1.26s
Epoch: 31/150 Iter: 23/25 loss: 4.9803 acc: 0.2593 time 2.63s
Epoch: 31/150 Iter: 24/25 loss: 4.9747 acc: 0.2622 time 1.25s
[Train epoch 31] avg_loss=4.9747 avg_acc=0.2622 | per-class [c0: 0.091, c1: 0.324, c2: 0.424]
Final training 31/149, loss: 4.9747, time 39.99s, lr: 0.000281
Accuracy: 0.280
class                  precision    recall   specificity      f1   support
--------------------------------------------------------------------------
0                          0.167     0.091         0.776   0.118        33
1                          0.379     0.324         0.727   0.349        34
2                          0.264     0.424         0.418   0.326        33
*----------------------------------------*
Val 31/150 0/27, Acc: 0.0000, time 0.35s
Val 31/150 1/27, Acc: 0.0000, time 0.35s
Val 31/150 2/27, Acc: 0.0000, time 0.33s
Val 31/150 3/27, Acc: 0.0000, time 0.33s
Val 31/150 4/27, Acc: 0.2000, time 0.37s
Val 31/150 5/27, Acc: 0.3333, time 0.34s
Val 31/150 6/27, Acc: 0.4286, time 0.43s
Val 31/150 7/27, Acc: 0.3750, time 0.34s
Val 31/150 8/27, Acc: 0.3333, time 0.34s
Val 31/150 9/27, Acc: 0.3000, time 0.33s
Val 31/150 10/27, Acc: 0.2727, time 0.33s
Val 31/150 11/27, Acc: 0.2500, time 0.38s
Val 31/150 12/27, Acc: 0.3077, time 0.33s
Val 31/150 13/27, Acc: 0.3571, time 0.34s
Val 31/150 14/27, Acc: 0.3333, time 0.33s
Val 31/150 15/27, Acc: 0.3125, time 0.34s
Val 31/150 16/27, Acc: 0.2941, time 0.33s
Val 31/150 17/27, Acc: 0.3333, time 0.39s
Val 31/150 18/27, Acc: 0.3684, time 0.33s
Val 31/150 19/27, Acc: 0.4000, time 0.33s
Val 31/150 20/27, Acc: 0.3810, time 0.34s
Val 31/150 21/27, Acc: 0.4091, time 0.34s
Val 31/150 22/27, Acc: 0.4348, time 0.40s
Val 31/150 23/27, Acc: 0.4167, time 0.38s
Val 31/150 24/27, Acc: 0.4000, time 0.34s
Val 31/150 25/27, Acc: 0.4231, time 0.34s
Val 31/150 26/27, Acc: 0.4074, time 0.32s
[Val epoch 31] avg_acc=0.4074 | per-class [c0: 0.444, c1: 0.000, c2: 0.778]
Final validation 31/149, Val_acc: 0.4074, time 9.39sAccuracy: 0.407
class                  precision    recall   specificity      f1   support
--------------------------------------------------------------------------
0                          0.500     0.444         0.778   0.471         9
1                          0.000     0.000         1.000   0.000         9
2                          0.368     0.778         0.333   0.500         9
*========================================*
Saving checkpoint outputs/OrganoidsINRIA/resnet50/2025-11-03-10-04/model_final.pt
0 Mon Nov  3 10:28:40 2025 Epoch: 32
Epoch: 32/150 Iter: 0/25 loss: 4.8225 acc: 0.1667 time 3.36s
Epoch: 32/150 Iter: 1/25 loss: 4.6587 acc: 0.5000 time 1.48s
Epoch: 32/150 Iter: 2/25 loss: 4.8936 acc: 0.4444 time 1.35s
Epoch: 32/150 Iter: 3/25 loss: 4.9312 acc: 0.3333 time 1.30s
Epoch: 32/150 Iter: 4/25 loss: 4.9328 acc: 0.3333 time 1.37s
Epoch: 32/150 Iter: 5/25 loss: 4.9047 acc: 0.3056 time 1.30s
Epoch: 32/150 Iter: 6/25 loss: 4.8898 acc: 0.3095 time 2.73s
Epoch: 32/150 Iter: 7/25 loss: 4.8765 acc: 0.3125 time 1.36s
Epoch: 32/150 Iter: 8/25 loss: 4.8863 acc: 0.3333 time 1.47s
Epoch: 32/150 Iter: 9/25 loss: 4.8852 acc: 0.3333 time 1.28s
Epoch: 32/150 Iter: 10/25 loss: 4.9389 acc: 0.3030 time 1.31s
Epoch: 32/150 Iter: 11/25 loss: 4.9133 acc: 0.3056 time 1.31s
Epoch: 32/150 Iter: 12/25 loss: 4.9306 acc: 0.3077 time 1.24s
Epoch: 32/150 Iter: 13/25 loss: 4.9395 acc: 0.3214 time 1.24s
Epoch: 32/150 Iter: 14/25 loss: 4.9411 acc: 0.3222 time 1.26s
Epoch: 32/150 Iter: 15/25 loss: 4.9395 acc: 0.3229 time 1.27s
Epoch: 32/150 Iter: 16/25 loss: 4.9621 acc: 0.3039 time 1.26s
Epoch: 32/150 Iter: 17/25 loss: 4.9730 acc: 0.3056 time 1.30s
Epoch: 32/150 Iter: 18/25 loss: 4.9855 acc: 0.2895 time 1.28s
Epoch: 32/150 Iter: 19/25 loss: 4.9880 acc: 0.3083 time 1.30s
Epoch: 32/150 Iter: 20/25 loss: 4.9639 acc: 0.3095 time 1.26s
Epoch: 32/150 Iter: 21/25 loss: 4.9690 acc: 0.3106 time 1.26s
Epoch: 32/150 Iter: 22/25 loss: 4.9629 acc: 0.3116 time 2.69s
Epoch: 32/150 Iter: 23/25 loss: 4.9672 acc: 0.3125 time 1.42s
Epoch: 32/150 Iter: 24/25 loss: 4.9755 acc: 0.3000 time 1.36s
[Train epoch 32] avg_loss=4.9755 avg_acc=0.3000 | per-class [c0: 0.121, c1: 0.182, c2: 0.529]
Final training 32/149, loss: 4.9755, time 37.76s, lr: 0.000279
Accuracy: 0.280
class                  precision    recall   specificity      f1   support
--------------------------------------------------------------------------
0                          0.222     0.121         0.791   0.157        33
1                          0.250     0.182         0.731   0.211        33
2                          0.310     0.529         0.394   0.391        34
*----------------------------------------*
0 Mon Nov  3 10:29:18 2025 Epoch: 33
Epoch: 33/150 Iter: 0/25 loss: 4.9327 acc: 0.3333 time 3.58s
Epoch: 33/150 Iter: 1/25 loss: 4.7947 acc: 0.4167 time 1.31s
Epoch: 33/150 Iter: 2/25 loss: 4.9049 acc: 0.3889 time 2.81s
Epoch: 33/150 Iter: 3/25 loss: 4.9361 acc: 0.2917 time 1.45s
Epoch: 33/150 Iter: 4/25 loss: 4.9120 acc: 0.3000 time 1.31s
Epoch: 33/150 Iter: 5/25 loss: 4.9557 acc: 0.3056 time 1.32s
Epoch: 33/150 Iter: 6/25 loss: 4.8757 acc: 0.3333 time 1.36s
Epoch: 33/150 Iter: 7/25 loss: 4.8354 acc: 0.3333 time 2.63s
Epoch: 33/150 Iter: 8/25 loss: 4.7997 acc: 0.3519 time 1.32s
Epoch: 33/150 Iter: 9/25 loss: 4.8236 acc: 0.3500 time 1.29s
Epoch: 33/150 Iter: 10/25 loss: 4.8939 acc: 0.3182 time 1.30s
Epoch: 33/150 Iter: 11/25 loss: 4.9822 acc: 0.2917 time 1.29s
Epoch: 33/150 Iter: 12/25 loss: 4.9993 acc: 0.2949 time 1.27s
Epoch: 33/150 Iter: 13/25 loss: 4.9692 acc: 0.3095 time 2.59s
Epoch: 33/150 Iter: 14/25 loss: 4.9768 acc: 0.3111 time 1.24s
Epoch: 33/150 Iter: 15/25 loss: 4.9827 acc: 0.3229 time 1.31s
Epoch: 33/150 Iter: 16/25 loss: 4.9851 acc: 0.3235 time 2.76s
Epoch: 33/150 Iter: 17/25 loss: 5.0060 acc: 0.3056 time 1.26s
Epoch: 33/150 Iter: 18/25 loss: 5.0012 acc: 0.3070 time 2.61s
Epoch: 33/150 Iter: 19/25 loss: 5.0055 acc: 0.3083 time 1.27s
Epoch: 33/150 Iter: 20/25 loss: 4.9952 acc: 0.3254 time 2.76s
Epoch: 33/150 Iter: 21/25 loss: 4.9877 acc: 0.3333 time 1.30s
Epoch: 33/150 Iter: 22/25 loss: 4.9907 acc: 0.3188 time 1.33s
Epoch: 33/150 Iter: 23/25 loss: 4.9906 acc: 0.3194 time 2.61s
Epoch: 33/150 Iter: 24/25 loss: 4.9801 acc: 0.3200 time 1.28s
[Train epoch 33] avg_loss=4.9801 avg_acc=0.3200 | per-class [c0: 0.588, c1: 0.273, c2: 0.000]
Final training 33/149, loss: 4.9801, time 44.59s, lr: 0.000278
Accuracy: 0.290
class                  precision    recall   specificity      f1   support
--------------------------------------------------------------------------
0                          0.303     0.588         0.303   0.400        34
1                          0.265     0.273         0.627   0.269        33
2                          0.000     0.000         1.000   0.000        33
*----------------------------------------*
0 Mon Nov  3 10:30:03 2025 Epoch: 34
Epoch: 34/150 Iter: 0/25 loss: 4.6635 acc: 0.5000 time 2.46s
Epoch: 34/150 Iter: 1/25 loss: 4.6843 acc: 0.4167 time 1.30s
Epoch: 34/150 Iter: 2/25 loss: 4.7604 acc: 0.2778 time 1.36s
Epoch: 34/150 Iter: 3/25 loss: 4.7716 acc: 0.2917 time 1.44s
Epoch: 34/150 Iter: 4/25 loss: 4.8519 acc: 0.3667 time 1.30s
Epoch: 34/150 Iter: 5/25 loss: 4.8392 acc: 0.3611 time 1.31s
Epoch: 34/150 Iter: 6/25 loss: 4.8778 acc: 0.4048 time 1.28s
Epoch: 34/150 Iter: 7/25 loss: 4.9971 acc: 0.3542 time 1.33s
Epoch: 34/150 Iter: 8/25 loss: 5.0110 acc: 0.3889 time 2.63s
Epoch: 34/150 Iter: 9/25 loss: 5.0029 acc: 0.3833 time 1.27s
Epoch: 34/150 Iter: 10/25 loss: 5.0118 acc: 0.3788 time 1.28s
Epoch: 34/150 Iter: 11/25 loss: 5.0071 acc: 0.3565 time 1.28s
Epoch: 34/150 Iter: 12/25 loss: 4.9867 acc: 0.3462 time 2.63s
Epoch: 34/150 Iter: 13/25 loss: 4.9801 acc: 0.3452 time 1.27s
Epoch: 34/150 Iter: 14/25 loss: 4.9782 acc: 0.3444 time 1.28s
Epoch: 34/150 Iter: 15/25 loss: 4.9732 acc: 0.3542 time 1.27s
Epoch: 34/150 Iter: 16/25 loss: 4.9854 acc: 0.3333 time 1.25s
Epoch: 34/150 Iter: 17/25 loss: 4.9925 acc: 0.3148 time 2.63s
Epoch: 34/150 Iter: 18/25 loss: 4.9797 acc: 0.3246 time 1.30s
Epoch: 34/150 Iter: 19/25 loss: 4.9725 acc: 0.3333 time 1.25s
Epoch: 34/150 Iter: 20/25 loss: 4.9663 acc: 0.3413 time 1.24s
Epoch: 34/150 Iter: 21/25 loss: 4.9661 acc: 0.3258 time 1.42s
Epoch: 34/150 Iter: 22/25 loss: 4.9574 acc: 0.3333 time 1.36s
Epoch: 34/150 Iter: 23/25 loss: 4.9629 acc: 0.3194 time 1.35s
Epoch: 34/150 Iter: 24/25 loss: 4.9643 acc: 0.3333 time 1.24s
[Train epoch 34] avg_loss=4.9643 avg_acc=0.3333 | per-class [c0: 0.030, c1: 0.515, c2: 0.382]
Final training 34/149, loss: 4.9643, time 37.76s, lr: 0.000276
Accuracy: 0.310
class                  precision    recall   specificity      f1   support
--------------------------------------------------------------------------
0                          1.000     0.030         1.000   0.059        33
1                          0.333     0.515         0.493   0.405        33
2                          0.271     0.382         0.470   0.317        34
*----------------------------------------*
0 Mon Nov  3 10:30:40 2025 Epoch: 35
Epoch: 35/150 Iter: 0/25 loss: 4.8639 acc: 0.5000 time 3.03s
Epoch: 35/150 Iter: 1/25 loss: 4.9723 acc: 0.3333 time 1.51s
Epoch: 35/150 Iter: 2/25 loss: 4.8539 acc: 0.3889 time 1.35s
Epoch: 35/150 Iter: 3/25 loss: 4.8973 acc: 0.3750 time 1.32s
Epoch: 35/150 Iter: 4/25 loss: 4.9411 acc: 0.3000 time 1.38s
Epoch: 35/150 Iter: 5/25 loss: 4.8760 acc: 0.3333 time 1.31s
Epoch: 35/150 Iter: 6/25 loss: 4.8803 acc: 0.3333 time 1.57s
Epoch: 35/150 Iter: 7/25 loss: 4.8820 acc: 0.3542 time 2.70s
Epoch: 35/150 Iter: 8/25 loss: 4.8486 acc: 0.3704 time 1.29s
Epoch: 35/150 Iter: 9/25 loss: 4.8219 acc: 0.3833 time 2.60s
Epoch: 35/150 Iter: 10/25 loss: 4.8391 acc: 0.3939 time 1.28s
Epoch: 35/150 Iter: 11/25 loss: 4.8499 acc: 0.3889 time 1.27s
Epoch: 35/150 Iter: 12/25 loss: 4.8653 acc: 0.3846 time 2.64s
Epoch: 35/150 Iter: 13/25 loss: 4.9025 acc: 0.3571 time 1.30s
Epoch: 35/150 Iter: 14/25 loss: 4.9144 acc: 0.3556 time 1.27s
Epoch: 35/150 Iter: 15/25 loss: 4.9100 acc: 0.3542 time 2.76s
Epoch: 35/150 Iter: 16/25 loss: 4.9087 acc: 0.3529 time 1.34s
Epoch: 35/150 Iter: 17/25 loss: 4.9269 acc: 0.3426 time 1.27s
Epoch: 35/150 Iter: 18/25 loss: 4.9597 acc: 0.3421 time 1.24s
Epoch: 35/150 Iter: 19/25 loss: 4.9587 acc: 0.3500 time 1.27s
Epoch: 35/150 Iter: 20/25 loss: 4.9432 acc: 0.3571 time 2.62s
Epoch: 35/150 Iter: 21/25 loss: 4.9415 acc: 0.3561 time 1.24s
Epoch: 35/150 Iter: 22/25 loss: 4.9455 acc: 0.3551 time 1.29s
Epoch: 35/150 Iter: 23/25 loss: 4.9358 acc: 0.3542 time 2.62s
Epoch: 35/150 Iter: 24/25 loss: 4.9397 acc: 0.3533 time 1.30s
[Train epoch 35] avg_loss=4.9397 avg_acc=0.3533 | per-class [c0: 0.294, c1: 0.000, c2: 0.735]
Final training 35/149, loss: 4.9397, time 42.81s, lr: 0.000274
Accuracy: 0.350
class                  precision    recall   specificity      f1   support
--------------------------------------------------------------------------
0                          0.370     0.294         0.742   0.328        34
1                          0.000     0.000         0.985   0.000        32
2                          0.347     0.735         0.288   0.472        34
*----------------------------------------*
Val 35/150 0/27, Acc: 0.0000, time 0.34s
Val 35/150 1/27, Acc: 0.0000, time 0.35s
Val 35/150 2/27, Acc: 0.0000, time 0.33s
Val 35/150 3/27, Acc: 0.0000, time 0.33s
Val 35/150 4/27, Acc: 0.2000, time 0.37s
Val 35/150 5/27, Acc: 0.3333, time 0.34s
Val 35/150 6/27, Acc: 0.4286, time 0.43s
Val 35/150 7/27, Acc: 0.5000, time 0.34s
Val 35/150 8/27, Acc: 0.4444, time 0.34s
Val 35/150 9/27, Acc: 0.5000, time 0.33s
Val 35/150 10/27, Acc: 0.4545, time 0.34s
Val 35/150 11/27, Acc: 0.4167, time 0.38s
Val 35/150 12/27, Acc: 0.4615, time 0.33s
Val 35/150 13/27, Acc: 0.5000, time 0.33s
Val 35/150 14/27, Acc: 0.4667, time 0.33s
Val 35/150 15/27, Acc: 0.4375, time 0.34s
Val 35/150 16/27, Acc: 0.4118, time 0.34s
Val 35/150 17/27, Acc: 0.4444, time 0.39s
Val 35/150 18/27, Acc: 0.4737, time 0.33s
Val 35/150 19/27, Acc: 0.5000, time 0.33s
Val 35/150 20/27, Acc: 0.4762, time 0.33s
Val 35/150 21/27, Acc: 0.5000, time 0.34s
Val 35/150 22/27, Acc: 0.5217, time 0.40s
Val 35/150 23/27, Acc: 0.5000, time 0.37s
Val 35/150 24/27, Acc: 0.4800, time 0.34s
Val 35/150 25/27, Acc: 0.5000, time 0.34s
Val 35/150 26/27, Acc: 0.4815, time 0.32s
[Val epoch 35] avg_acc=0.4815 | per-class [c0: 0.444, c1: 0.000, c2: 1.000]
Final validation 35/149, Val_acc: 0.4815, time 9.37sAccuracy: 0.481
class                  precision    recall   specificity      f1   support
--------------------------------------------------------------------------
0                          1.000     0.444         1.000   0.615         9
1                          0.000     0.000         1.000   0.000         9
2                          0.391     1.000         0.222   0.562         9
*========================================*
Saving checkpoint outputs/OrganoidsINRIA/resnet50/2025-11-03-10-04/model_final.pt
0 Mon Nov  3 10:31:35 2025 Epoch: 36
Epoch: 36/150 Iter: 0/25 loss: 4.9549 acc: 0.3333 time 4.54s
Epoch: 36/150 Iter: 1/25 loss: 4.7454 acc: 0.4167 time 1.31s
Epoch: 36/150 Iter: 2/25 loss: 4.6613 acc: 0.4444 time 1.31s
Epoch: 36/150 Iter: 3/25 loss: 4.6955 acc: 0.4167 time 2.71s
Epoch: 36/150 Iter: 4/25 loss: 4.9222 acc: 0.3333 time 2.64s
Epoch: 36/150 Iter: 5/25 loss: 4.8303 acc: 0.3611 time 2.67s
Epoch: 36/150 Iter: 6/25 loss: 4.8075 acc: 0.3571 time 1.47s
Epoch: 36/150 Iter: 7/25 loss: 4.9335 acc: 0.3125 time 2.70s
Epoch: 36/150 Iter: 8/25 loss: 4.9871 acc: 0.2963 time 1.37s
Epoch: 36/150 Iter: 9/25 loss: 4.9668 acc: 0.3000 time 2.60s
Epoch: 36/150 Iter: 10/25 loss: 5.0057 acc: 0.2727 time 1.28s
Epoch: 36/150 Iter: 11/25 loss: 4.9996 acc: 0.2778 time 1.25s
Epoch: 36/150 Iter: 12/25 loss: 5.0031 acc: 0.2692 time 1.35s
Epoch: 36/150 Iter: 13/25 loss: 5.0022 acc: 0.2500 time 1.30s
Epoch: 36/150 Iter: 14/25 loss: 4.9840 acc: 0.2556 time 1.24s
Epoch: 36/150 Iter: 15/25 loss: 4.9751 acc: 0.2535 time 1.31s
Epoch: 36/150 Iter: 16/25 loss: 4.9707 acc: 0.2582 time 1.29s
Epoch: 36/150 Iter: 17/25 loss: 4.9578 acc: 0.2716 time 1.27s
Epoch: 36/150 Iter: 18/25 loss: 4.9537 acc: 0.2749 time 1.30s
Epoch: 36/150 Iter: 19/25 loss: 4.9399 acc: 0.2861 time 1.27s
Epoch: 36/150 Iter: 20/25 loss: 4.9300 acc: 0.2884 time 1.30s
Epoch: 36/150 Iter: 21/25 loss: 4.9198 acc: 0.2980 time 1.33s
Epoch: 36/150 Iter: 22/25 loss: 4.9320 acc: 0.2995 time 1.30s
Epoch: 36/150 Iter: 23/25 loss: 4.9335 acc: 0.2870 time 1.25s
Epoch: 36/150 Iter: 24/25 loss: 4.9677 acc: 0.2756 time 1.28s
[Train epoch 36] avg_loss=4.9677 avg_acc=0.2756 | per-class [c0: 0.882, c1: 0.030, c2: 0.030]
Final training 36/149, loss: 4.9677, time 42.70s, lr: 0.000272
Accuracy: 0.320
class                  precision    recall   specificity      f1   support
--------------------------------------------------------------------------
0                          0.333     0.882         0.091   0.484        34
1                          0.143     0.030         0.910   0.050        33
2                          0.333     0.030         0.970   0.056        33
*----------------------------------------*
0 Mon Nov  3 10:32:18 2025 Epoch: 37
Epoch: 37/150 Iter: 0/25 loss: 5.0352 acc: 0.5000 time 2.45s
Epoch: 37/150 Iter: 1/25 loss: 4.8892 acc: 0.4167 time 1.51s
Epoch: 37/150 Iter: 2/25 loss: 4.9387 acc: 0.3889 time 1.29s
Epoch: 37/150 Iter: 3/25 loss: 5.0051 acc: 0.2917 time 1.34s
Epoch: 37/150 Iter: 4/25 loss: 5.0494 acc: 0.2333 time 2.65s
Epoch: 37/150 Iter: 5/25 loss: 5.0711 acc: 0.1944 time 1.30s
Epoch: 37/150 Iter: 6/25 loss: 5.0655 acc: 0.1905 time 1.49s
Epoch: 37/150 Iter: 7/25 loss: 5.0498 acc: 0.2083 time 2.71s
Epoch: 37/150 Iter: 8/25 loss: 4.9858 acc: 0.2407 time 1.34s
Epoch: 37/150 Iter: 9/25 loss: 4.9988 acc: 0.2500 time 1.28s
Epoch: 37/150 Iter: 10/25 loss: 5.0049 acc: 0.2576 time 1.27s
Epoch: 37/150 Iter: 11/25 loss: 4.9735 acc: 0.2639 time 1.29s
Epoch: 37/150 Iter: 12/25 loss: 4.9933 acc: 0.2692 time 1.28s
Epoch: 37/150 Iter: 13/25 loss: 4.9640 acc: 0.2857 time 1.27s
Epoch: 37/150 Iter: 14/25 loss: 4.9817 acc: 0.2889 time 1.27s
Epoch: 37/150 Iter: 15/25 loss: 4.9908 acc: 0.3021 time 1.27s
Epoch: 37/150 Iter: 16/25 loss: 5.0004 acc: 0.3039 time 1.27s
Epoch: 37/150 Iter: 17/25 loss: 5.0398 acc: 0.2870 time 2.58s
Epoch: 37/150 Iter: 18/25 loss: 5.0712 acc: 0.2719 time 1.37s
Epoch: 37/150 Iter: 19/25 loss: 5.0682 acc: 0.2750 time 1.27s
Epoch: 37/150 Iter: 20/25 loss: 5.0518 acc: 0.2778 time 1.33s
Epoch: 37/150 Iter: 21/25 loss: 5.0368 acc: 0.2879 time 2.77s
Epoch: 37/150 Iter: 22/25 loss: 5.0366 acc: 0.2826 time 1.36s
Epoch: 37/150 Iter: 23/25 loss: 5.0449 acc: 0.2708 time 2.61s
Epoch: 37/150 Iter: 24/25 loss: 5.0440 acc: 0.2600 time 1.42s
[Train epoch 37] avg_loss=5.0440 avg_acc=0.2600 | per-class [c0: 0.000, c1: 0.559, c2: 0.188]
Final training 37/149, loss: 5.0440, time 41.04s, lr: 0.000270
Accuracy: 0.250
class                  precision    recall   specificity      f1   support
--------------------------------------------------------------------------
0                          0.000     0.000         1.000   0.000        34
1                          0.297     0.559         0.318   0.388        34
2                          0.167     0.188         0.559   0.176        32
*----------------------------------------*
0 Mon Nov  3 10:32:59 2025 Epoch: 38
Epoch: 38/150 Iter: 0/25 loss: 4.7242 acc: 0.3333 time 2.76s
Epoch: 38/150 Iter: 1/25 loss: 4.8648 acc: 0.2222 time 1.30s
Epoch: 38/150 Iter: 2/25 loss: 4.8262 acc: 0.2593 time 1.39s
Epoch: 38/150 Iter: 3/25 loss: 4.9874 acc: 0.1944 time 1.36s
Epoch: 38/150 Iter: 4/25 loss: 4.9311 acc: 0.2889 time 2.70s
Epoch: 38/150 Iter: 5/25 loss: 4.9033 acc: 0.3519 time 1.28s
Epoch: 38/150 Iter: 6/25 loss: 4.8423 acc: 0.3730 time 1.27s
Epoch: 38/150 Iter: 7/25 loss: 4.8687 acc: 0.3681 time 1.30s
Epoch: 38/150 Iter: 8/25 loss: 4.8708 acc: 0.3827 time 1.29s
Epoch: 38/150 Iter: 9/25 loss: 4.8614 acc: 0.3944 time 1.30s
Epoch: 38/150 Iter: 10/25 loss: 4.9254 acc: 0.3586 time 1.26s
Epoch: 38/150 Iter: 11/25 loss: 4.9378 acc: 0.3565 time 1.28s
Epoch: 38/150 Iter: 12/25 loss: 5.0242 acc: 0.3291 time 1.27s
Epoch: 38/150 Iter: 13/25 loss: 5.0486 acc: 0.3413 time 1.28s
Epoch: 38/150 Iter: 14/25 loss: 5.0316 acc: 0.3407 time 1.27s
Epoch: 38/150 Iter: 15/25 loss: 5.0332 acc: 0.3403 time 2.68s
Epoch: 38/150 Iter: 16/25 loss: 5.0373 acc: 0.3497 time 1.27s
Epoch: 38/150 Iter: 17/25 loss: 5.0298 acc: 0.3488 time 1.27s
Epoch: 38/150 Iter: 18/25 loss: 5.0337 acc: 0.3480 time 1.45s
Epoch: 38/150 Iter: 19/25 loss: 5.0140 acc: 0.3556 time 1.26s
Epoch: 38/150 Iter: 20/25 loss: 5.0136 acc: 0.3624 time 2.62s
Epoch: 38/150 Iter: 21/25 loss: 4.9985 acc: 0.3460 time 1.26s
Epoch: 38/150 Iter: 22/25 loss: 4.9983 acc: 0.3382 time 1.28s
Epoch: 38/150 Iter: 23/25 loss: 4.9998 acc: 0.3519 time 2.62s
Epoch: 38/150 Iter: 24/25 loss: 4.9916 acc: 0.3511 time 1.44s
[Train epoch 38] avg_loss=4.9916 avg_acc=0.3511 | per-class [c0: 0.765, c1: 0.000, c2: 0.273]
Final training 38/149, loss: 4.9916, time 39.48s, lr: 0.000268
Accuracy: 0.350
class                  precision    recall   specificity      f1   support
--------------------------------------------------------------------------
0                          0.361     0.765         0.303   0.491        34
1                          0.000     0.000         1.000   0.000        33
2                          0.321     0.273         0.716   0.295        33
*----------------------------------------*
0 Mon Nov  3 10:33:38 2025 Epoch: 39
Epoch: 39/150 Iter: 0/25 loss: 4.6458 acc: 0.5000 time 3.30s
Epoch: 39/150 Iter: 1/25 loss: 4.7211 acc: 0.4167 time 2.66s
Epoch: 39/150 Iter: 2/25 loss: 4.6124 acc: 0.4444 time 1.35s
Epoch: 39/150 Iter: 3/25 loss: 4.8104 acc: 0.3333 time 1.31s
Epoch: 39/150 Iter: 4/25 loss: 4.8358 acc: 0.3333 time 2.77s
Epoch: 39/150 Iter: 5/25 loss: 4.8671 acc: 0.3333 time 1.31s
Epoch: 39/150 Iter: 6/25 loss: 4.9367 acc: 0.3571 time 1.30s
Epoch: 39/150 Iter: 7/25 loss: 4.9832 acc: 0.3125 time 2.62s
Epoch: 39/150 Iter: 8/25 loss: 4.9647 acc: 0.3148 time 1.32s
Epoch: 39/150 Iter: 9/25 loss: 4.9603 acc: 0.3167 time 1.35s
Epoch: 39/150 Iter: 10/25 loss: 4.9605 acc: 0.3182 time 1.32s
Epoch: 39/150 Iter: 11/25 loss: 4.9604 acc: 0.3056 time 1.28s
Epoch: 39/150 Iter: 12/25 loss: 4.9596 acc: 0.3077 time 2.59s
Epoch: 39/150 Iter: 13/25 loss: 4.9541 acc: 0.3333 time 1.27s
Epoch: 39/150 Iter: 14/25 loss: 4.9399 acc: 0.3333 time 1.26s
Epoch: 39/150 Iter: 15/25 loss: 4.9451 acc: 0.3125 time 1.29s
Epoch: 39/150 Iter: 16/25 loss: 4.9356 acc: 0.3235 time 2.62s
Epoch: 39/150 Iter: 17/25 loss: 4.9479 acc: 0.3333 time 1.35s
Epoch: 39/150 Iter: 18/25 loss: 4.9418 acc: 0.3158 time 2.58s
Epoch: 39/150 Iter: 19/25 loss: 4.9363 acc: 0.3056 time 1.24s
Epoch: 39/150 Iter: 20/25 loss: 4.9419 acc: 0.2910 time 1.26s
Epoch: 39/150 Iter: 21/25 loss: 4.9444 acc: 0.2929 time 1.27s
Epoch: 39/150 Iter: 22/25 loss: 4.9351 acc: 0.2850 time 1.24s
Epoch: 39/150 Iter: 23/25 loss: 4.9377 acc: 0.3009 time 1.30s
Epoch: 39/150 Iter: 24/25 loss: 4.9304 acc: 0.2989 time 1.27s
[Train epoch 39] avg_loss=4.9304 avg_acc=0.2989 | per-class [c0: 0.029, c1: 0.324, c2: 0.500]
Final training 39/149, loss: 4.9304, time 42.45s, lr: 0.000266
Accuracy: 0.280
class                  precision    recall   specificity      f1   support
--------------------------------------------------------------------------
0                          0.100     0.029         0.864   0.045        34
1                          0.289     0.324         0.591   0.306        34
2                          0.308     0.500         0.471   0.381        32
*----------------------------------------*
Val 39/150 0/27, Acc: 0.0000, time 0.34s
Val 39/150 1/27, Acc: 0.0000, time 0.35s
Val 39/150 2/27, Acc: 0.0000, time 0.33s
Val 39/150 3/27, Acc: 0.0000, time 0.33s
Val 39/150 4/27, Acc: 0.0000, time 0.37s
Val 39/150 5/27, Acc: 0.1667, time 0.34s
Val 39/150 6/27, Acc: 0.1429, time 0.42s
Val 39/150 7/27, Acc: 0.2500, time 0.34s
Val 39/150 8/27, Acc: 0.2222, time 0.34s
Val 39/150 9/27, Acc: 0.3000, time 0.33s
Val 39/150 10/27, Acc: 0.2727, time 0.34s
Val 39/150 11/27, Acc: 0.2500, time 0.38s
Val 39/150 12/27, Acc: 0.3077, time 0.33s
Val 39/150 13/27, Acc: 0.3571, time 0.33s
Val 39/150 14/27, Acc: 0.3333, time 0.33s
Val 39/150 15/27, Acc: 0.3125, time 0.34s
Val 39/150 16/27, Acc: 0.2941, time 0.34s
Val 39/150 17/27, Acc: 0.2778, time 0.39s
Val 39/150 18/27, Acc: 0.3158, time 0.33s
Val 39/150 19/27, Acc: 0.3500, time 0.33s
Val 39/150 20/27, Acc: 0.3333, time 0.33s
Val 39/150 21/27, Acc: 0.3636, time 0.34s
Val 39/150 22/27, Acc: 0.3478, time 0.40s
Val 39/150 23/27, Acc: 0.3333, time 0.37s
Val 39/150 24/27, Acc: 0.3200, time 0.34s
Val 39/150 25/27, Acc: 0.3462, time 0.33s
Val 39/150 26/27, Acc: 0.3333, time 0.32s
[Val epoch 39] avg_acc=0.3333 | per-class [c0: 0.000, c1: 0.000, c2: 1.000]
Final validation 39/149, Val_acc: 0.3333, time 9.35sAccuracy: 0.333
class                  precision    recall   specificity      f1   support
--------------------------------------------------------------------------
0                          0.000     0.000         1.000   0.000         9
1                          0.000     0.000         0.778   0.000         9
2                          0.391     1.000         0.222   0.562         9
*========================================*
Saving checkpoint outputs/OrganoidsINRIA/resnet50/2025-11-03-10-04/model_final.pt
0 Mon Nov  3 10:34:32 2025 Epoch: 40
Epoch: 40/150 Iter: 0/25 loss: 4.8041 acc: 0.1667 time 2.41s
Epoch: 40/150 Iter: 1/25 loss: 4.7572 acc: 0.2500 time 1.77s
Epoch: 40/150 Iter: 2/25 loss: 4.8092 acc: 0.3333 time 1.56s
Epoch: 40/150 Iter: 3/25 loss: 4.8458 acc: 0.3333 time 1.33s
Epoch: 40/150 Iter: 4/25 loss: 4.8066 acc: 0.3333 time 1.52s
Epoch: 40/150 Iter: 5/25 loss: 4.8969 acc: 0.2778 time 2.74s
Epoch: 40/150 Iter: 6/25 loss: 4.8461 acc: 0.3095 time 2.62s
Epoch: 40/150 Iter: 7/25 loss: 4.8804 acc: 0.3125 time 1.46s
Epoch: 40/150 Iter: 8/25 loss: 4.8315 acc: 0.3333 time 1.55s
Epoch: 40/150 Iter: 9/25 loss: 4.8601 acc: 0.3500 time 1.27s
Epoch: 40/150 Iter: 10/25 loss: 4.8649 acc: 0.3485 time 1.35s
Epoch: 40/150 Iter: 11/25 loss: 4.8240 acc: 0.3611 time 2.63s
Epoch: 40/150 Iter: 12/25 loss: 4.8160 acc: 0.3718 time 1.26s
Epoch: 40/150 Iter: 13/25 loss: 4.8711 acc: 0.3452 time 1.27s
Epoch: 40/150 Iter: 14/25 loss: 4.9189 acc: 0.3556 time 1.26s
Epoch: 40/150 Iter: 15/25 loss: 4.9423 acc: 0.3333 time 1.42s
Epoch: 40/150 Iter: 16/25 loss: 4.9791 acc: 0.3137 time 1.30s
Epoch: 40/150 Iter: 17/25 loss: 5.0000 acc: 0.2963 time 1.29s
Epoch: 40/150 Iter: 18/25 loss: 4.9897 acc: 0.2982 time 1.28s
Epoch: 40/150 Iter: 19/25 loss: 4.9782 acc: 0.3000 time 1.26s
Epoch: 40/150 Iter: 20/25 loss: 4.9945 acc: 0.2857 time 1.41s
Epoch: 40/150 Iter: 21/25 loss: 4.9809 acc: 0.2955 time 1.25s
Epoch: 40/150 Iter: 22/25 loss: 4.9725 acc: 0.3043 time 1.28s
Epoch: 40/150 Iter: 23/25 loss: 4.9722 acc: 0.3056 time 1.25s
Epoch: 40/150 Iter: 24/25 loss: 4.9712 acc: 0.2978 time 1.31s
[Train epoch 40] avg_loss=4.9712 avg_acc=0.2978 | per-class [c0: 0.273, c1: 0.636, c2: 0.029]
Final training 40/149, loss: 4.9712, time 39.08s, lr: 0.000264
Accuracy: 0.310
class                  precision    recall   specificity      f1   support
--------------------------------------------------------------------------
0                          0.300     0.273         0.687   0.286        33
1                          0.304     0.636         0.284   0.412        33
2                          1.000     0.029         1.000   0.057        34
*----------------------------------------*
0 Mon Nov  3 10:35:12 2025 Epoch: 41
Epoch: 41/150 Iter: 0/25 loss: 4.8099 acc: 0.1111 time 2.49s
Epoch: 41/150 Iter: 1/25 loss: 4.6536 acc: 0.3056 time 1.35s
Epoch: 41/150 Iter: 2/25 loss: 4.7171 acc: 0.2593 time 2.73s
Epoch: 41/150 Iter: 3/25 loss: 4.7188 acc: 0.3194 time 2.70s
Epoch: 41/150 Iter: 4/25 loss: 4.7373 acc: 0.2889 time 2.83s
Epoch: 41/150 Iter: 5/25 loss: 4.7438 acc: 0.2963 time 1.30s
Epoch: 41/150 Iter: 6/25 loss: 4.7402 acc: 0.3254 time 2.61s
Epoch: 41/150 Iter: 7/25 loss: 4.7418 acc: 0.3264 time 1.33s
Epoch: 41/150 Iter: 8/25 loss: 4.8785 acc: 0.2901 time 1.49s
Epoch: 41/150 Iter: 9/25 loss: 4.9804 acc: 0.3111 time 1.25s
Epoch: 41/150 Iter: 10/25 loss: 4.9541 acc: 0.3434 time 2.60s
Epoch: 41/150 Iter: 11/25 loss: 4.9947 acc: 0.3148 time 1.27s
Epoch: 41/150 Iter: 12/25 loss: 4.9551 acc: 0.3291 time 1.28s
Epoch: 41/150 Iter: 13/25 loss: 4.9690 acc: 0.3294 time 2.62s
Epoch: 41/150 Iter: 14/25 loss: 4.9293 acc: 0.3741 time 1.24s
Epoch: 41/150 Iter: 15/25 loss: 4.9453 acc: 0.3507 time 1.30s
Epoch: 41/150 Iter: 16/25 loss: 4.9353 acc: 0.3497 time 1.25s
Epoch: 41/150 Iter: 17/25 loss: 4.9375 acc: 0.3488 time 1.25s
Epoch: 41/150 Iter: 18/25 loss: 4.9301 acc: 0.3480 time 1.28s
Epoch: 41/150 Iter: 19/25 loss: 4.9307 acc: 0.3389 time 1.29s
Epoch: 41/150 Iter: 20/25 loss: 4.9359 acc: 0.3386 time 1.25s
Epoch: 41/150 Iter: 21/25 loss: 4.9288 acc: 0.3384 time 1.38s
Epoch: 41/150 Iter: 22/25 loss: 4.9264 acc: 0.3382 time 1.27s
Epoch: 41/150 Iter: 23/25 loss: 4.9218 acc: 0.3380 time 1.27s
Epoch: 41/150 Iter: 24/25 loss: 4.9193 acc: 0.3378 time 1.27s
[Train epoch 41] avg_loss=4.9193 avg_acc=0.3378 | per-class [c0: 0.176, c1: 0.061, c2: 0.818]
Final training 41/149, loss: 4.9193, time 41.96s, lr: 0.000262
Accuracy: 0.350
class                  precision    recall   specificity      f1   support
--------------------------------------------------------------------------
0                          0.333     0.176         0.818   0.231        34
1                          0.400     0.061         0.955   0.105        33
2                          0.351     0.818         0.254   0.491        33
*----------------------------------------*
0 Mon Nov  3 10:35:54 2025 Epoch: 42
Epoch: 42/150 Iter: 0/25 loss: 5.0690 acc: 0.3333 time 3.60s
Epoch: 42/150 Iter: 1/25 loss: 5.0007 acc: 0.2500 time 1.35s
Epoch: 42/150 Iter: 2/25 loss: 4.8882 acc: 0.2778 time 1.33s
Epoch: 42/150 Iter: 3/25 loss: 4.8947 acc: 0.2917 time 2.62s
Epoch: 42/150 Iter: 4/25 loss: 4.9185 acc: 0.2333 time 1.32s
Epoch: 42/150 Iter: 5/25 loss: 4.8633 acc: 0.2778 time 1.29s
Epoch: 42/150 Iter: 6/25 loss: 4.8447 acc: 0.2857 time 1.46s
Epoch: 42/150 Iter: 7/25 loss: 4.8528 acc: 0.2917 time 1.34s
Epoch: 42/150 Iter: 8/25 loss: 4.8881 acc: 0.3333 time 1.31s
Epoch: 42/150 Iter: 9/25 loss: 4.8634 acc: 0.3333 time 1.28s
Epoch: 42/150 Iter: 10/25 loss: 4.9558 acc: 0.3030 time 1.29s
Epoch: 42/150 Iter: 11/25 loss: 4.8973 acc: 0.3403 time 1.26s
Epoch: 42/150 Iter: 12/25 loss: 4.9264 acc: 0.3269 time 1.29s
Epoch: 42/150 Iter: 13/25 loss: 4.9219 acc: 0.3115 time 1.46s
Epoch: 42/150 Iter: 14/25 loss: 4.9466 acc: 0.3130 time 1.28s
Epoch: 42/150 Iter: 15/25 loss: 4.9706 acc: 0.2934 time 1.34s
Epoch: 42/150 Iter: 16/25 loss: 4.9571 acc: 0.2958 time 2.63s
Epoch: 42/150 Iter: 17/25 loss: 4.9610 acc: 0.2978 time 2.69s
Epoch: 42/150 Iter: 18/25 loss: 4.9652 acc: 0.3173 time 2.60s
Epoch: 42/150 Iter: 19/25 loss: 4.9683 acc: 0.3181 time 1.29s
Epoch: 42/150 Iter: 20/25 loss: 4.9538 acc: 0.3148 time 1.28s
Epoch: 42/150 Iter: 21/25 loss: 4.9520 acc: 0.3157 time 1.27s
Epoch: 42/150 Iter: 22/25 loss: 4.9465 acc: 0.3237 time 1.26s
Epoch: 42/150 Iter: 23/25 loss: 4.9468 acc: 0.3310 time 2.70s
Epoch: 42/150 Iter: 24/25 loss: 4.9363 acc: 0.3378 time 1.30s
[Train epoch 42] avg_loss=4.9363 avg_acc=0.3378 | per-class [c0: 0.265, c1: 0.676, c2: 0.031]
Final training 42/149, loss: 4.9363, time 41.90s, lr: 0.000260
Accuracy: 0.330
class                  precision    recall   specificity      f1   support
--------------------------------------------------------------------------
0                          0.281     0.265         0.652   0.273        34
1                          0.359     0.676         0.379   0.469        34
2                          0.250     0.031         0.956   0.056        32
*----------------------------------------*
0 Mon Nov  3 10:36:36 2025 Epoch: 43
Epoch: 43/150 Iter: 0/25 loss: 4.9310 acc: 0.0000 time 3.48s
Epoch: 43/150 Iter: 1/25 loss: 4.8310 acc: 0.3333 time 1.39s
Epoch: 43/150 Iter: 2/25 loss: 4.8285 acc: 0.3333 time 2.60s
Epoch: 43/150 Iter: 3/25 loss: 4.8638 acc: 0.4167 time 1.29s
Epoch: 43/150 Iter: 4/25 loss: 4.8596 acc: 0.4000 time 1.30s
Epoch: 43/150 Iter: 5/25 loss: 4.8775 acc: 0.4444 time 2.61s
Epoch: 43/150 Iter: 6/25 loss: 4.9112 acc: 0.4286 time 1.38s
Epoch: 43/150 Iter: 7/25 loss: 4.8862 acc: 0.4375 time 1.37s
Epoch: 43/150 Iter: 8/25 loss: 4.8909 acc: 0.4012 time 2.64s
Epoch: 43/150 Iter: 9/25 loss: 4.8735 acc: 0.3944 time 1.24s
Epoch: 43/150 Iter: 10/25 loss: 4.8571 acc: 0.4192 time 1.43s
Epoch: 43/150 Iter: 11/25 loss: 4.8855 acc: 0.3843 time 2.64s
Epoch: 43/150 Iter: 12/25 loss: 4.9096 acc: 0.3547 time 1.30s
Epoch: 43/150 Iter: 13/25 loss: 4.9183 acc: 0.3294 time 1.25s
Epoch: 43/150 Iter: 14/25 loss: 4.9167 acc: 0.3185 time 1.25s
Epoch: 43/150 Iter: 15/25 loss: 4.9115 acc: 0.3090 time 2.61s
Epoch: 43/150 Iter: 16/25 loss: 4.9129 acc: 0.2908 time 1.25s
Epoch: 43/150 Iter: 17/25 loss: 4.9231 acc: 0.2932 time 1.27s
Epoch: 43/150 Iter: 18/25 loss: 4.9135 acc: 0.2953 time 1.36s
Epoch: 43/150 Iter: 19/25 loss: 4.9133 acc: 0.2972 time 1.29s
Epoch: 43/150 Iter: 20/25 loss: 4.9036 acc: 0.3069 time 1.24s
Epoch: 43/150 Iter: 21/25 loss: 4.9053 acc: 0.3157 time 2.63s
Epoch: 43/150 Iter: 22/25 loss: 4.9069 acc: 0.3164 time 1.30s
Epoch: 43/150 Iter: 23/25 loss: 4.9055 acc: 0.3171 time 1.27s
Epoch: 43/150 Iter: 24/25 loss: 4.9046 acc: 0.3178 time 2.62s
[Train epoch 43] avg_loss=4.9046 avg_acc=0.3178 | per-class [c0: 0.324, c1: 0.206, c2: 0.375]
Final training 43/149, loss: 4.9046, time 44.07s, lr: 0.000257
Accuracy: 0.300
class                  precision    recall   specificity      f1   support
--------------------------------------------------------------------------
0                          0.289     0.324         0.591   0.306        34
1                          0.304     0.206         0.758   0.246        34
2                          0.308     0.375         0.603   0.338        32
*----------------------------------------*
Val 43/150 0/27, Acc: 0.0000, time 0.34s
Val 43/150 1/27, Acc: 0.5000, time 0.35s
Val 43/150 2/27, Acc: 0.3333, time 0.33s
Val 43/150 3/27, Acc: 0.2500, time 0.33s
Val 43/150 4/27, Acc: 0.2000, time 0.37s
Val 43/150 5/27, Acc: 0.3333, time 0.34s
Val 43/150 6/27, Acc: 0.2857, time 0.42s
Val 43/150 7/27, Acc: 0.2500, time 0.34s
Val 43/150 8/27, Acc: 0.2222, time 0.34s
Val 43/150 9/27, Acc: 0.2000, time 0.33s
Val 43/150 10/27, Acc: 0.2727, time 0.34s
Val 43/150 11/27, Acc: 0.2500, time 0.38s
Val 43/150 12/27, Acc: 0.3077, time 0.33s
Val 43/150 13/27, Acc: 0.3571, time 0.33s
Val 43/150 14/27, Acc: 0.3333, time 0.34s
Val 43/150 15/27, Acc: 0.3125, time 0.34s
Val 43/150 16/27, Acc: 0.3529, time 0.33s
Val 43/150 17/27, Acc: 0.3333, time 0.39s
Val 43/150 18/27, Acc: 0.3158, time 0.33s
Val 43/150 19/27, Acc: 0.3000, time 0.33s
Val 43/150 20/27, Acc: 0.3333, time 0.33s
Val 43/150 21/27, Acc: 0.3636, time 0.34s
Val 43/150 22/27, Acc: 0.3478, time 0.40s
Val 43/150 23/27, Acc: 0.3750, time 0.37s
Val 43/150 24/27, Acc: 0.3600, time 0.34s
Val 43/150 25/27, Acc: 0.3846, time 0.34s
Val 43/150 26/27, Acc: 0.3704, time 0.32s
[Val epoch 43] avg_acc=0.3704 | per-class [c0: 0.333, c1: 0.222, c2: 0.556]
Final validation 43/149, Val_acc: 0.3704, time 9.35sAccuracy: 0.370
class                  precision    recall   specificity      f1   support
--------------------------------------------------------------------------
0                          0.429     0.333         0.778   0.375         9
1                          0.250     0.222         0.667   0.235         9
2                          0.417     0.556         0.611   0.476         9
*========================================*
Saving checkpoint outputs/OrganoidsINRIA/resnet50/2025-11-03-10-04/model_final.pt
0 Mon Nov  3 10:37:31 2025 Epoch: 44
Epoch: 44/150 Iter: 0/25 loss: 5.0163 acc: 0.3333 time 4.40s
Epoch: 44/150 Iter: 1/25 loss: 4.8858 acc: 0.4167 time 1.28s
Epoch: 44/150 Iter: 2/25 loss: 4.8942 acc: 0.3889 time 1.47s
Epoch: 44/150 Iter: 3/25 loss: 4.9326 acc: 0.2917 time 2.70s
Epoch: 44/150 Iter: 4/25 loss: 4.8548 acc: 0.2833 time 1.31s
Epoch: 44/150 Iter: 5/25 loss: 4.8350 acc: 0.2361 time 1.30s
Epoch: 44/150 Iter: 6/25 loss: 4.9723 acc: 0.2024 time 2.62s
Epoch: 44/150 Iter: 7/25 loss: 4.9841 acc: 0.2604 time 1.31s
Epoch: 44/150 Iter: 8/25 loss: 4.9640 acc: 0.2870 time 1.28s
Epoch: 44/150 Iter: 9/25 loss: 5.0353 acc: 0.2583 time 1.31s
Epoch: 44/150 Iter: 10/25 loss: 5.0335 acc: 0.2652 time 1.26s
Epoch: 44/150 Iter: 11/25 loss: 5.0260 acc: 0.2708 time 1.27s
Epoch: 44/150 Iter: 12/25 loss: 5.0207 acc: 0.2628 time 1.29s
Epoch: 44/150 Iter: 13/25 loss: 5.0072 acc: 0.2798 time 2.66s
Epoch: 44/150 Iter: 14/25 loss: 4.9859 acc: 0.2944 time 2.60s
Epoch: 44/150 Iter: 15/25 loss: 4.9983 acc: 0.2760 time 1.27s
Epoch: 44/150 Iter: 16/25 loss: 4.9796 acc: 0.2794 time 2.60s
Epoch: 44/150 Iter: 17/25 loss: 5.0136 acc: 0.2639 time 1.26s
Epoch: 44/150 Iter: 18/25 loss: 5.0041 acc: 0.2763 time 1.28s
Epoch: 44/150 Iter: 19/25 loss: 4.9734 acc: 0.2875 time 1.29s
Epoch: 44/150 Iter: 20/25 loss: 4.9984 acc: 0.2738 time 1.25s
Epoch: 44/150 Iter: 21/25 loss: 4.9883 acc: 0.2841 time 1.28s
Epoch: 44/150 Iter: 22/25 loss: 4.9922 acc: 0.2862 time 2.69s
Epoch: 44/150 Iter: 23/25 loss: 4.9918 acc: 0.2882 time 2.70s
Epoch: 44/150 Iter: 24/25 loss: 4.9803 acc: 0.3033 time 2.63s
[Train epoch 44] avg_loss=4.9803 avg_acc=0.3033 | per-class [c0: 0.212, c1: 0.242, c2: 0.441]
Final training 44/149, loss: 4.9803, time 46.34s, lr: 0.000255
Accuracy: 0.300
class                  precision    recall   specificity      f1   support
--------------------------------------------------------------------------
0                          0.280     0.212         0.731   0.241        33
1                          0.296     0.242         0.716   0.267        33
2                          0.312     0.441         0.500   0.366        34
*----------------------------------------*
0 Mon Nov  3 10:38:18 2025 Epoch: 45
Epoch: 45/150 Iter: 0/25 loss: 4.2505 acc: 1.0000 time 3.44s
Epoch: 45/150 Iter: 1/25 loss: 4.7606 acc: 0.5000 time 1.55s
Epoch: 45/150 Iter: 2/25 loss: 4.7030 acc: 0.4444 time 1.34s
Epoch: 45/150 Iter: 3/25 loss: 4.7663 acc: 0.4167 time 1.46s
Epoch: 45/150 Iter: 4/25 loss: 4.8175 acc: 0.4333 time 2.63s
Epoch: 45/150 Iter: 5/25 loss: 4.8401 acc: 0.4444 time 1.34s
Epoch: 45/150 Iter: 6/25 loss: 4.7760 acc: 0.4524 time 1.59s
Epoch: 45/150 Iter: 7/25 loss: 4.7482 acc: 0.4583 time 2.64s
Epoch: 45/150 Iter: 8/25 loss: 4.8045 acc: 0.4444 time 2.64s
Epoch: 45/150 Iter: 9/25 loss: 4.8089 acc: 0.4500 time 1.27s
Epoch: 45/150 Iter: 10/25 loss: 4.7624 acc: 0.4545 time 1.25s
Epoch: 45/150 Iter: 11/25 loss: 4.8009 acc: 0.4167 time 1.28s
Epoch: 45/150 Iter: 12/25 loss: 4.8348 acc: 0.4103 time 1.29s
Epoch: 45/150 Iter: 13/25 loss: 4.8421 acc: 0.4048 time 1.24s
Epoch: 45/150 Iter: 14/25 loss: 4.8651 acc: 0.4000 time 1.27s
Epoch: 45/150 Iter: 15/25 loss: 4.8037 acc: 0.4063 time 1.29s
Epoch: 45/150 Iter: 16/25 loss: 4.8388 acc: 0.3824 time 1.26s
Epoch: 45/150 Iter: 17/25 loss: 4.8799 acc: 0.3611 time 1.28s
Epoch: 45/150 Iter: 18/25 loss: 4.9096 acc: 0.3421 time 1.32s
Epoch: 45/150 Iter: 19/25 loss: 4.8679 acc: 0.3500 time 1.26s
Epoch: 45/150 Iter: 20/25 loss: 4.8879 acc: 0.3571 time 1.28s
Epoch: 45/150 Iter: 21/25 loss: 4.8986 acc: 0.3409 time 2.63s
Epoch: 45/150 Iter: 22/25 loss: 4.9100 acc: 0.3261 time 1.28s
Epoch: 45/150 Iter: 23/25 loss: 4.9124 acc: 0.3125 time 2.60s
Epoch: 45/150 Iter: 24/25 loss: 4.9103 acc: 0.3333 time 2.62s
[Train epoch 45] avg_loss=4.9103 avg_acc=0.3333 | per-class [c0: 0.030, c1: 0.030, c2: 0.941]
Final training 45/149, loss: 4.9103, time 43.09s, lr: 0.000252
Accuracy: 0.340
class                  precision    recall   specificity      f1   support
--------------------------------------------------------------------------
0                          0.500     0.030         0.985   0.057        33
1                          0.250     0.030         0.955   0.054        33
2                          0.340     0.941         0.061   0.500        34
*----------------------------------------*
0 Mon Nov  3 10:39:01 2025 Epoch: 46
Epoch: 46/150 Iter: 0/25 loss: 4.8104 acc: 0.5000 time 2.77s
Epoch: 46/150 Iter: 1/25 loss: 4.6487 acc: 0.7500 time 1.35s
Epoch: 46/150 Iter: 2/25 loss: 4.7228 acc: 0.6111 time 1.35s
Epoch: 46/150 Iter: 3/25 loss: 4.8773 acc: 0.5417 time 1.30s
Epoch: 46/150 Iter: 4/25 loss: 4.9664 acc: 0.5000 time 1.35s
Epoch: 46/150 Iter: 5/25 loss: 4.8489 acc: 0.5000 time 1.59s
Epoch: 46/150 Iter: 6/25 loss: 4.9363 acc: 0.4762 time 1.48s
Epoch: 46/150 Iter: 7/25 loss: 5.0722 acc: 0.4167 time 1.47s
Epoch: 46/150 Iter: 8/25 loss: 5.0413 acc: 0.3704 time 1.44s
Epoch: 46/150 Iter: 9/25 loss: 4.9416 acc: 0.3833 time 2.59s
Epoch: 46/150 Iter: 10/25 loss: 5.0645 acc: 0.3939 time 1.29s
Epoch: 46/150 Iter: 11/25 loss: 5.0351 acc: 0.3889 time 1.25s
Epoch: 46/150 Iter: 12/25 loss: 5.0800 acc: 0.3846 time 2.59s
Epoch: 46/150 Iter: 13/25 loss: 5.1105 acc: 0.4048 time 1.26s
Epoch: 46/150 Iter: 14/25 loss: 5.0453 acc: 0.4333 time 1.30s
Epoch: 46/150 Iter: 15/25 loss: 5.0307 acc: 0.4132 time 1.24s
Epoch: 46/150 Iter: 16/25 loss: 5.0046 acc: 0.4085 time 1.27s
Epoch: 46/150 Iter: 17/25 loss: 5.0266 acc: 0.3951 time 1.41s
Epoch: 46/150 Iter: 18/25 loss: 4.9842 acc: 0.4137 time 1.26s
Epoch: 46/150 Iter: 19/25 loss: 4.9521 acc: 0.4264 time 2.59s
Epoch: 46/150 Iter: 20/25 loss: 4.9685 acc: 0.4061 time 1.27s
Epoch: 46/150 Iter: 21/25 loss: 5.0038 acc: 0.3876 time 1.26s
Epoch: 46/150 Iter: 22/25 loss: 4.9892 acc: 0.3925 time 1.24s
Epoch: 46/150 Iter: 23/25 loss: 5.0349 acc: 0.3762 time 1.24s
Epoch: 46/150 Iter: 24/25 loss: 5.0501 acc: 0.3678 time 1.29s
[Train epoch 46] avg_loss=5.0501 avg_acc=0.3678 | per-class [c0: 0.697, c1: 0.333, c2: 0.000]
Final training 46/149, loss: 5.0501, time 38.48s, lr: 0.000250
Accuracy: 0.340
class                  precision    recall   specificity      f1   support
--------------------------------------------------------------------------
0                          0.348     0.697         0.358   0.465        33
1                          0.324     0.333         0.657   0.328        33
2                          0.000     0.000         1.000   0.000        34
*----------------------------------------*
0 Mon Nov  3 10:39:39 2025 Epoch: 47
Epoch: 47/150 Iter: 0/25 loss: 4.7261 acc: 0.3333 time 2.53s
Epoch: 47/150 Iter: 1/25 loss: 4.7860 acc: 0.3333 time 1.32s
Epoch: 47/150 Iter: 2/25 loss: 4.7568 acc: 0.3472 time 1.35s
Epoch: 47/150 Iter: 3/25 loss: 4.7912 acc: 0.3021 time 2.67s
Epoch: 47/150 Iter: 4/25 loss: 4.8176 acc: 0.3750 time 1.34s
Epoch: 47/150 Iter: 5/25 loss: 4.8414 acc: 0.3403 time 1.31s
Epoch: 47/150 Iter: 6/25 loss: 4.8834 acc: 0.3393 time 1.33s
Epoch: 47/150 Iter: 7/25 loss: 4.8798 acc: 0.3385 time 1.31s
Epoch: 47/150 Iter: 8/25 loss: 4.8616 acc: 0.3843 time 1.32s
Epoch: 47/150 Iter: 9/25 loss: 4.8780 acc: 0.3792 time 2.59s
Epoch: 47/150 Iter: 10/25 loss: 4.8793 acc: 0.4053 time 1.27s
Epoch: 47/150 Iter: 11/25 loss: 4.8796 acc: 0.4271 time 1.29s
Epoch: 47/150 Iter: 12/25 loss: 4.8721 acc: 0.4327 time 1.27s
Epoch: 47/150 Iter: 13/25 loss: 4.8660 acc: 0.4256 time 2.64s
Epoch: 47/150 Iter: 14/25 loss: 4.8621 acc: 0.4417 time 1.37s
Epoch: 47/150 Iter: 15/25 loss: 4.8644 acc: 0.4349 time 1.27s
Epoch: 47/150 Iter: 16/25 loss: 4.8693 acc: 0.4387 time 1.26s
Epoch: 47/150 Iter: 17/25 loss: 4.8679 acc: 0.4329 time 1.30s
Epoch: 47/150 Iter: 18/25 loss: 4.8865 acc: 0.4276 time 1.25s
Epoch: 47/150 Iter: 19/25 loss: 4.8694 acc: 0.4229 time 2.59s
Epoch: 47/150 Iter: 20/25 loss: 4.8780 acc: 0.4107 time 1.28s
Epoch: 47/150 Iter: 21/25 loss: 4.8721 acc: 0.4072 time 1.26s
Epoch: 47/150 Iter: 22/25 loss: 4.8686 acc: 0.3992 time 2.64s
Epoch: 47/150 Iter: 23/25 loss: 4.8575 acc: 0.4103 time 1.25s
Epoch: 47/150 Iter: 24/25 loss: 4.8637 acc: 0.4072 time 1.28s
[Train epoch 47] avg_loss=4.8637 avg_acc=0.4072 | per-class [c0: 0.333, c1: 0.152, c2: 0.794]
Final training 47/149, loss: 4.8637, time 40.33s, lr: 0.000248
Accuracy: 0.430
class                  precision    recall   specificity      f1   support
--------------------------------------------------------------------------
0                          0.579     0.333         0.881   0.423        33
1                          0.500     0.152         0.925   0.233        33
2                          0.380     0.794         0.333   0.514        34
*----------------------------------------*
Val 47/150 0/27, Acc: 0.0000, time 0.34s
Val 47/150 1/27, Acc: 0.0000, time 0.35s
Val 47/150 2/27, Acc: 0.0000, time 0.33s
Val 47/150 3/27, Acc: 0.0000, time 0.33s
Val 47/150 4/27, Acc: 0.0000, time 0.37s
Val 47/150 5/27, Acc: 0.1667, time 0.34s
Val 47/150 6/27, Acc: 0.1429, time 0.42s
Val 47/150 7/27, Acc: 0.2500, time 0.34s
Val 47/150 8/27, Acc: 0.2222, time 0.34s
Val 47/150 9/27, Acc: 0.3000, time 0.33s
Val 47/150 10/27, Acc: 0.2727, time 0.34s
Val 47/150 11/27, Acc: 0.2500, time 0.38s
Val 47/150 12/27, Acc: 0.3077, time 0.33s
Val 47/150 13/27, Acc: 0.3571, time 0.33s
Val 47/150 14/27, Acc: 0.3333, time 0.33s
Val 47/150 15/27, Acc: 0.3125, time 0.45s
Val 47/150 16/27, Acc: 0.2941, time 0.33s
Val 47/150 17/27, Acc: 0.2778, time 0.39s
Val 47/150 18/27, Acc: 0.3158, time 0.33s
Val 47/150 19/27, Acc: 0.3500, time 0.33s
Val 47/150 20/27, Acc: 0.3333, time 0.33s
Val 47/150 21/27, Acc: 0.3636, time 0.34s
Val 47/150 22/27, Acc: 0.3478, time 0.40s
Val 47/150 23/27, Acc: 0.3333, time 0.37s
Val 47/150 24/27, Acc: 0.3200, time 0.34s
Val 47/150 25/27, Acc: 0.3462, time 0.33s
Val 47/150 26/27, Acc: 0.3333, time 0.32s
[Val epoch 47] avg_acc=0.3333 | per-class [c0: 0.000, c1: 0.000, c2: 1.000]
Final validation 47/149, Val_acc: 0.3333, time 9.45sAccuracy: 0.333
class                  precision    recall   specificity      f1   support
--------------------------------------------------------------------------
0                          0.000     0.000         1.000   0.000         9
1                          0.000     0.000         1.000   0.000         9
2                          0.333     1.000         0.000   0.500         9
*========================================*
Saving checkpoint outputs/OrganoidsINRIA/resnet50/2025-11-03-10-04/model_final.pt
0 Mon Nov  3 10:40:31 2025 Epoch: 48
Epoch: 48/150 Iter: 0/25 loss: 5.0638 acc: 0.0000 time 3.43s
Epoch: 48/150 Iter: 1/25 loss: 4.9623 acc: 0.2500 time 1.35s
Epoch: 48/150 Iter: 2/25 loss: 4.8830 acc: 0.2778 time 2.65s
Epoch: 48/150 Iter: 3/25 loss: 4.8799 acc: 0.3333 time 1.32s
Epoch: 48/150 Iter: 4/25 loss: 4.8183 acc: 0.3333 time 1.45s
Epoch: 48/150 Iter: 5/25 loss: 4.7893 acc: 0.3333 time 1.30s
Epoch: 48/150 Iter: 6/25 loss: 4.7733 acc: 0.3036 time 1.34s
Epoch: 48/150 Iter: 7/25 loss: 4.7719 acc: 0.3073 time 1.33s
Epoch: 48/150 Iter: 8/25 loss: 4.7750 acc: 0.3102 time 2.64s
Epoch: 48/150 Iter: 9/25 loss: 4.7741 acc: 0.3125 time 1.25s
Epoch: 48/150 Iter: 10/25 loss: 4.8241 acc: 0.2841 time 1.34s
Epoch: 48/150 Iter: 11/25 loss: 4.8925 acc: 0.2882 time 2.60s
Epoch: 48/150 Iter: 12/25 loss: 4.9163 acc: 0.2917 time 2.63s
Epoch: 48/150 Iter: 13/25 loss: 4.9336 acc: 0.3185 time 1.30s
Epoch: 48/150 Iter: 14/25 loss: 4.9508 acc: 0.2972 time 1.27s
Epoch: 48/150 Iter: 15/25 loss: 4.9587 acc: 0.2891 time 2.57s
Epoch: 48/150 Iter: 16/25 loss: 4.9506 acc: 0.2917 time 1.30s
Epoch: 48/150 Iter: 17/25 loss: 4.9487 acc: 0.2755 time 1.30s
Epoch: 48/150 Iter: 18/25 loss: 4.9462 acc: 0.2697 time 1.25s
Epoch: 48/150 Iter: 19/25 loss: 4.9445 acc: 0.2563 time 2.58s
Epoch: 48/150 Iter: 20/25 loss: 4.9502 acc: 0.2599 time 1.34s
Epoch: 48/150 Iter: 21/25 loss: 4.9466 acc: 0.2708 time 2.59s
Epoch: 48/150 Iter: 22/25 loss: 4.9640 acc: 0.2591 time 1.36s
Epoch: 48/150 Iter: 23/25 loss: 4.9517 acc: 0.2622 time 1.26s
Epoch: 48/150 Iter: 24/25 loss: 4.9554 acc: 0.2650 time 1.25s
[Train epoch 48] avg_loss=4.9554 avg_acc=0.2650 | per-class [c0: 0.176, c1: 0.182, c2: 0.515]
Final training 48/149, loss: 4.9554, time 44.05s, lr: 0.000245
Accuracy: 0.290
class                  precision    recall   specificity      f1   support
--------------------------------------------------------------------------
0                          0.250     0.176         0.727   0.207        34
1                          0.273     0.182         0.761   0.218        33
2                          0.315     0.515         0.448   0.391        33
*----------------------------------------*
0 Mon Nov  3 10:41:15 2025 Epoch: 49
Epoch: 49/150 Iter: 0/25 loss: 4.6655 acc: 0.3333 time 3.53s
Epoch: 49/150 Iter: 1/25 loss: 5.0600 acc: 0.1667 time 2.68s
Epoch: 49/150 Iter: 2/25 loss: 5.0648 acc: 0.2778 time 1.30s
Epoch: 49/150 Iter: 3/25 loss: 4.9116 acc: 0.3333 time 2.68s
Epoch: 49/150 Iter: 4/25 loss: 4.7918 acc: 0.3667 time 1.31s
Epoch: 49/150 Iter: 5/25 loss: 4.8832 acc: 0.3056 time 1.30s
Epoch: 49/150 Iter: 6/25 loss: 4.8163 acc: 0.3333 time 2.65s
Epoch: 49/150 Iter: 7/25 loss: 4.7749 acc: 0.3333 time 1.51s
Epoch: 49/150 Iter: 8/25 loss: 4.8251 acc: 0.3519 time 1.34s
Epoch: 49/150 Iter: 9/25 loss: 4.7878 acc: 0.3500 time 1.28s
Epoch: 49/150 Iter: 10/25 loss: 4.7904 acc: 0.3636 time 1.28s
Epoch: 49/150 Iter: 11/25 loss: 4.8105 acc: 0.3611 time 1.28s
Epoch: 49/150 Iter: 12/25 loss: 4.8170 acc: 0.3590 time 2.62s
Epoch: 49/150 Iter: 13/25 loss: 4.8686 acc: 0.3333 time 1.29s
Epoch: 49/150 Iter: 14/25 loss: 4.8761 acc: 0.3333 time 1.27s
Epoch: 49/150 Iter: 15/25 loss: 4.8488 acc: 0.3438 time 2.73s
Epoch: 49/150 Iter: 16/25 loss: 4.8721 acc: 0.3431 time 1.27s
Epoch: 49/150 Iter: 17/25 loss: 4.8754 acc: 0.3241 time 1.44s
Epoch: 49/150 Iter: 18/25 loss: 4.8429 acc: 0.3333 time 1.30s
Epoch: 49/150 Iter: 19/25 loss: 4.8635 acc: 0.3250 time 1.29s
Epoch: 49/150 Iter: 20/25 loss: 4.9062 acc: 0.3095 time 1.32s
Epoch: 49/150 Iter: 21/25 loss: 4.9244 acc: 0.3030 time 1.34s
Epoch: 49/150 Iter: 22/25 loss: 4.9170 acc: 0.3043 time 2.64s
Epoch: 49/150 Iter: 23/25 loss: 4.9364 acc: 0.3056 time 1.34s
Epoch: 49/150 Iter: 24/25 loss: 4.9528 acc: 0.3133 time 1.34s
[Train epoch 49] avg_loss=4.9528 avg_acc=0.3133 | per-class [c0: 0.882, c1: 0.118, c2: 0.000]
Final training 49/149, loss: 4.9528, time 43.36s, lr: 0.000242
Accuracy: 0.340
class                  precision    recall   specificity      f1   support
--------------------------------------------------------------------------
0                          0.366     0.882         0.212   0.517        34
1                          0.222     0.118         0.788   0.154        34
2                          0.000     0.000         1.000   0.000        32
*----------------------------------------*
0 Mon Nov  3 10:41:59 2025 Epoch: 50
Epoch: 50/150 Iter: 0/25 loss: 4.5009 acc: 0.5000 time 3.30s
Epoch: 50/150 Iter: 1/25 loss: 4.6295 acc: 0.4167 time 1.30s
Epoch: 50/150 Iter: 2/25 loss: 4.7951 acc: 0.2778 time 2.68s
Epoch: 50/150 Iter: 3/25 loss: 4.8133 acc: 0.2917 time 1.34s
Epoch: 50/150 Iter: 4/25 loss: 4.8318 acc: 0.2556 time 1.32s
Epoch: 50/150 Iter: 5/25 loss: 4.8328 acc: 0.2130 time 1.30s
Epoch: 50/150 Iter: 6/25 loss: 4.8517 acc: 0.2302 time 1.47s
Epoch: 50/150 Iter: 7/25 loss: 4.8823 acc: 0.2014 time 2.81s
Epoch: 50/150 Iter: 8/25 loss: 4.8437 acc: 0.2346 time 1.29s
Epoch: 50/150 Iter: 9/25 loss: 4.8521 acc: 0.2444 time 1.27s
Epoch: 50/150 Iter: 10/25 loss: 4.9698 acc: 0.2677 time 1.24s
Epoch: 50/150 Iter: 11/25 loss: 4.8820 acc: 0.2870 time 2.65s
Epoch: 50/150 Iter: 12/25 loss: 4.9117 acc: 0.3034 time 1.29s
Epoch: 50/150 Iter: 13/25 loss: 4.9992 acc: 0.3175 time 1.34s
Epoch: 50/150 Iter: 14/25 loss: 5.0442 acc: 0.3185 time 1.29s
Epoch: 50/150 Iter: 15/25 loss: 5.0339 acc: 0.3194 time 1.25s
Epoch: 50/150 Iter: 16/25 loss: 5.0313 acc: 0.3203 time 1.28s
Epoch: 50/150 Iter: 17/25 loss: 5.0694 acc: 0.3302 time 1.28s
Epoch: 50/150 Iter: 18/25 loss: 5.0776 acc: 0.3129 time 1.25s
Epoch: 50/150 Iter: 19/25 loss: 5.0904 acc: 0.3222 time 2.61s
Epoch: 50/150 Iter: 20/25 loss: 5.0628 acc: 0.3307 time 2.59s
Epoch: 50/150 Iter: 21/25 loss: 5.0422 acc: 0.3308 time 2.59s
Epoch: 50/150 Iter: 22/25 loss: 5.0245 acc: 0.3382 time 1.25s
Epoch: 50/150 Iter: 23/25 loss: 5.0359 acc: 0.3241 time 1.37s
Epoch: 50/150 Iter: 24/25 loss: 5.0213 acc: 0.3244 time 1.27s
[Train epoch 50] avg_loss=5.0213 avg_acc=0.3244 | per-class [c0: 0.000, c1: 0.182, c2: 0.735]
Final training 50/149, loss: 5.0213, time 42.65s, lr: 0.000240
Accuracy: 0.310
class                  precision    recall   specificity      f1   support
--------------------------------------------------------------------------
0                          0.000     0.000         1.000   0.000        33
1                          0.300     0.182         0.791   0.226        33
2                          0.312     0.735         0.167   0.439        34
*----------------------------------------*
0 Mon Nov  3 10:42:42 2025 Epoch: 51
Epoch: 51/150 Iter: 0/25 loss: 5.2722 acc: 0.0000 time 2.50s
Epoch: 51/150 Iter: 1/25 loss: 5.0233 acc: 0.3333 time 1.34s
Epoch: 51/150 Iter: 2/25 loss: 5.0030 acc: 0.3333 time 1.33s
Epoch: 51/150 Iter: 3/25 loss: 4.9118 acc: 0.3333 time 1.48s
Epoch: 51/150 Iter: 4/25 loss: 4.8263 acc: 0.3667 time 1.33s
Epoch: 51/150 Iter: 5/25 loss: 4.7631 acc: 0.3889 time 1.30s
Epoch: 51/150 Iter: 6/25 loss: 4.8409 acc: 0.3810 time 2.72s
Epoch: 51/150 Iter: 7/25 loss: 4.8793 acc: 0.3958 time 1.31s
Epoch: 51/150 Iter: 8/25 loss: 4.9647 acc: 0.4074 time 1.31s
Epoch: 51/150 Iter: 9/25 loss: 4.9847 acc: 0.4000 time 1.28s
Epoch: 51/150 Iter: 10/25 loss: 5.0454 acc: 0.3636 time 1.30s
Epoch: 51/150 Iter: 11/25 loss: 4.9983 acc: 0.3750 time 1.29s
Epoch: 51/150 Iter: 12/25 loss: 4.9516 acc: 0.3846 time 1.28s
Epoch: 51/150 Iter: 13/25 loss: 4.9884 acc: 0.3571 time 2.59s
Epoch: 51/150 Iter: 14/25 loss: 4.9571 acc: 0.3556 time 2.63s
Epoch: 51/150 Iter: 15/25 loss: 4.9415 acc: 0.3646 time 1.29s
Epoch: 51/150 Iter: 16/25 loss: 4.9843 acc: 0.3431 time 1.25s
Epoch: 51/150 Iter: 17/25 loss: 4.9832 acc: 0.3426 time 1.28s
Epoch: 51/150 Iter: 18/25 loss: 4.9626 acc: 0.3509 time 1.28s
Epoch: 51/150 Iter: 19/25 loss: 4.9595 acc: 0.3583 time 1.29s
Epoch: 51/150 Iter: 20/25 loss: 4.9691 acc: 0.3413 time 1.25s
Epoch: 51/150 Iter: 21/25 loss: 4.9677 acc: 0.3409 time 1.43s
Epoch: 51/150 Iter: 22/25 loss: 4.9778 acc: 0.3261 time 1.28s
Epoch: 51/150 Iter: 23/25 loss: 4.9669 acc: 0.3403 time 1.25s
Epoch: 51/150 Iter: 24/25 loss: 4.9767 acc: 0.3267 time 1.27s
[Train epoch 51] avg_loss=4.9767 avg_acc=0.3267 | per-class [c0: 0.879, c1: 0.000, c2: 0.061]
Final training 51/149, loss: 4.9767, time 37.90s, lr: 0.000237
Accuracy: 0.310
class                  precision    recall   specificity      f1   support
--------------------------------------------------------------------------
0                          0.333     0.879         0.134   0.483        33
1                          0.000     0.000         1.000   0.000        34
2                          0.154     0.061         0.836   0.087        33
*----------------------------------------*
Val 51/150 0/27, Acc: 0.0000, time 0.34s
Val 51/150 1/27, Acc: 0.0000, time 0.35s
Val 51/150 2/27, Acc: 0.0000, time 0.33s
Val 51/150 3/27, Acc: 0.0000, time 0.33s
Val 51/150 4/27, Acc: 0.0000, time 0.38s
Val 51/150 5/27, Acc: 0.1667, time 0.34s
Val 51/150 6/27, Acc: 0.1429, time 0.43s
Val 51/150 7/27, Acc: 0.2500, time 0.34s
Val 51/150 8/27, Acc: 0.2222, time 0.34s
Val 51/150 9/27, Acc: 0.3000, time 0.33s
Val 51/150 10/27, Acc: 0.2727, time 0.34s
Val 51/150 11/27, Acc: 0.2500, time 0.38s
Val 51/150 12/27, Acc: 0.3077, time 0.33s
Val 51/150 13/27, Acc: 0.3571, time 0.33s
Val 51/150 14/27, Acc: 0.3333, time 0.33s
Val 51/150 15/27, Acc: 0.3125, time 0.34s
Val 51/150 16/27, Acc: 0.2941, time 0.34s
Val 51/150 17/27, Acc: 0.2778, time 0.39s
Val 51/150 18/27, Acc: 0.3158, time 0.33s
Val 51/150 19/27, Acc: 0.3500, time 0.33s
Val 51/150 20/27, Acc: 0.3333, time 0.33s
Val 51/150 21/27, Acc: 0.3636, time 0.34s
Val 51/150 22/27, Acc: 0.3478, time 0.40s
Val 51/150 23/27, Acc: 0.3333, time 0.37s
Val 51/150 24/27, Acc: 0.3200, time 0.34s
Val 51/150 25/27, Acc: 0.3462, time 0.34s
Val 51/150 26/27, Acc: 0.3333, time 0.32s
[Val epoch 51] avg_acc=0.3333 | per-class [c0: 0.000, c1: 0.000, c2: 1.000]
Final validation 51/149, Val_acc: 0.3333, time 9.38sAccuracy: 0.333
class                  precision    recall   specificity      f1   support
--------------------------------------------------------------------------
0                          0.000     0.000         1.000   0.000         9
1                          0.000     0.000         1.000   0.000         9
2                          0.333     1.000         0.000   0.500         9
*========================================*
[Warning] Telegram notification failed: Timed out
Saving checkpoint outputs/OrganoidsINRIA/resnet50/2025-11-03-10-04/model_final.pt
0 Mon Nov  3 10:43:36 2025 Epoch: 52
Epoch: 52/150 Iter: 0/25 loss: 4.6927 acc: 0.3333 time 3.06s
Epoch: 52/150 Iter: 1/25 loss: 4.6163 acc: 0.4167 time 2.75s
Epoch: 52/150 Iter: 2/25 loss: 4.7539 acc: 0.3889 time 1.30s
Epoch: 52/150 Iter: 3/25 loss: 4.6945 acc: 0.4167 time 1.33s
Epoch: 52/150 Iter: 4/25 loss: 4.7782 acc: 0.3333 time 1.34s
Epoch: 52/150 Iter: 5/25 loss: 4.8665 acc: 0.3333 time 1.35s
Epoch: 52/150 Iter: 6/25 loss: 4.9502 acc: 0.2857 time 1.32s
Epoch: 52/150 Iter: 7/25 loss: 4.9805 acc: 0.2708 time 1.35s
Epoch: 52/150 Iter: 8/25 loss: 4.8696 acc: 0.3519 time 2.66s
Epoch: 52/150 Iter: 9/25 loss: 4.8410 acc: 0.3833 time 1.28s
Epoch: 52/150 Iter: 10/25 loss: 4.8262 acc: 0.3939 time 1.24s
Epoch: 52/150 Iter: 11/25 loss: 4.9211 acc: 0.3611 time 1.28s
Epoch: 52/150 Iter: 12/25 loss: 4.9133 acc: 0.3590 time 1.29s
Epoch: 52/150 Iter: 13/25 loss: 4.9233 acc: 0.3571 time 2.63s
Epoch: 52/150 Iter: 14/25 loss: 4.9619 acc: 0.3333 time 1.43s
Epoch: 52/150 Iter: 15/25 loss: 4.9660 acc: 0.3333 time 1.27s
Epoch: 52/150 Iter: 16/25 loss: 4.9522 acc: 0.3235 time 1.25s
Epoch: 52/150 Iter: 17/25 loss: 4.9450 acc: 0.3426 time 1.25s
Epoch: 52/150 Iter: 18/25 loss: 4.9517 acc: 0.3421 time 1.27s
Epoch: 52/150 Iter: 19/25 loss: 4.9284 acc: 0.3500 time 2.60s
Epoch: 52/150 Iter: 20/25 loss: 4.9186 acc: 0.3492 time 2.58s
Epoch: 52/150 Iter: 21/25 loss: 4.9179 acc: 0.3333 time 2.59s
Epoch: 52/150 Iter: 22/25 loss: 4.9244 acc: 0.3333 time 1.28s
Epoch: 52/150 Iter: 23/25 loss: 4.9340 acc: 0.3333 time 2.60s
Epoch: 52/150 Iter: 24/25 loss: 4.9381 acc: 0.3400 time 1.28s
[Train epoch 52] avg_loss=4.9381 avg_acc=0.3400 | per-class [c0: 0.000, c1: 0.412, c2: 0.656]
Final training 52/149, loss: 4.9381, time 43.59s, lr: 0.000234
Accuracy: 0.350
class                  precision    recall   specificity      f1   support
--------------------------------------------------------------------------
0                          0.000     0.000         1.000   0.000        34
1                          0.359     0.412         0.621   0.384        34
2                          0.344     0.656         0.412   0.452        32
*----------------------------------------*
0 Mon Nov  3 10:44:19 2025 Epoch: 53
Epoch: 53/150 Iter: 0/25 loss: 5.4005 acc: 0.0000 time 3.17s
Epoch: 53/150 Iter: 1/25 loss: 5.0528 acc: 0.3333 time 1.28s
Epoch: 53/150 Iter: 2/25 loss: 4.8052 acc: 0.5000 time 1.37s
Epoch: 53/150 Iter: 3/25 loss: 4.7940 acc: 0.4583 time 1.33s
Epoch: 53/150 Iter: 4/25 loss: 4.8356 acc: 0.3667 time 1.29s
Epoch: 53/150 Iter: 5/25 loss: 4.8116 acc: 0.4167 time 2.64s
Epoch: 53/150 Iter: 6/25 loss: 4.8697 acc: 0.4524 time 1.30s
Epoch: 53/150 Iter: 7/25 loss: 4.8777 acc: 0.4375 time 1.60s
Epoch: 53/150 Iter: 8/25 loss: 4.8851 acc: 0.4259 time 1.37s
Epoch: 53/150 Iter: 9/25 loss: 4.8529 acc: 0.4333 time 1.34s
Epoch: 53/150 Iter: 10/25 loss: 4.8257 acc: 0.4394 time 1.25s
Epoch: 53/150 Iter: 11/25 loss: 4.8331 acc: 0.4583 time 1.37s
Epoch: 53/150 Iter: 12/25 loss: 4.8410 acc: 0.4744 time 1.43s
Epoch: 53/150 Iter: 13/25 loss: 4.8412 acc: 0.4643 time 1.27s
Epoch: 53/150 Iter: 14/25 loss: 4.8655 acc: 0.4556 time 1.29s
Epoch: 53/150 Iter: 15/25 loss: 4.8836 acc: 0.4479 time 1.29s
Epoch: 53/150 Iter: 16/25 loss: 4.8775 acc: 0.4412 time 1.25s
Epoch: 53/150 Iter: 17/25 loss: 4.8583 acc: 0.4444 time 1.24s
Epoch: 53/150 Iter: 18/25 loss: 4.8333 acc: 0.4474 time 2.70s
Epoch: 53/150 Iter: 19/25 loss: 4.8626 acc: 0.4250 time 1.28s
Epoch: 53/150 Iter: 20/25 loss: 4.8773 acc: 0.4206 time 2.70s
Epoch: 53/150 Iter: 21/25 loss: 4.8878 acc: 0.4167 time 1.25s
Epoch: 53/150 Iter: 22/25 loss: 4.9108 acc: 0.4203 time 1.37s
Epoch: 53/150 Iter: 23/25 loss: 4.9117 acc: 0.4097 time 1.27s
Epoch: 53/150 Iter: 24/25 loss: 4.9269 acc: 0.4000 time 2.60s
[Train epoch 53] avg_loss=4.9269 avg_acc=0.4000 | per-class [c0: 0.818, c1: 0.324, c2: 0.000]
Final training 53/149, loss: 4.9269, time 40.30s, lr: 0.000232
Accuracy: 0.380
class                  precision    recall   specificity      f1   support
--------------------------------------------------------------------------
0                          0.375     0.818         0.328   0.514        33
1                          0.393     0.324         0.742   0.355        34
2                          0.000     0.000         1.000   0.000        33
*----------------------------------------*
0 Mon Nov  3 10:45:00 2025 Epoch: 54
Epoch: 54/150 Iter: 0/25 loss: 4.7427 acc: 0.5000 time 3.89s
Epoch: 54/150 Iter: 1/25 loss: 4.7991 acc: 0.3333 time 1.31s
Epoch: 54/150 Iter: 2/25 loss: 4.8639 acc: 0.3056 time 1.35s
Epoch: 54/150 Iter: 3/25 loss: 4.8866 acc: 0.2292 time 1.31s
Epoch: 54/150 Iter: 4/25 loss: 4.8129 acc: 0.3833 time 1.38s
Epoch: 54/150 Iter: 5/25 loss: 4.8161 acc: 0.3750 time 1.33s
Epoch: 54/150 Iter: 6/25 loss: 4.8156 acc: 0.3929 time 1.50s
Epoch: 54/150 Iter: 7/25 loss: 4.8131 acc: 0.4063 time 1.35s
Epoch: 54/150 Iter: 8/25 loss: 4.7131 acc: 0.4722 time 1.34s
Epoch: 54/150 Iter: 9/25 loss: 4.7023 acc: 0.4583 time 1.37s
Epoch: 54/150 Iter: 10/25 loss: 4.7857 acc: 0.4167 time 1.27s
Epoch: 54/150 Iter: 11/25 loss: 4.8699 acc: 0.3819 time 2.62s
Epoch: 54/150 Iter: 12/25 loss: 4.9126 acc: 0.3526 time 2.74s
Epoch: 54/150 Iter: 13/25 loss: 4.9297 acc: 0.3512 time 1.46s
Epoch: 54/150 Iter: 14/25 loss: 4.9372 acc: 0.3500 time 1.29s
Epoch: 54/150 Iter: 15/25 loss: 4.9827 acc: 0.3281 time 1.43s
Epoch: 54/150 Iter: 16/25 loss: 4.9584 acc: 0.3284 time 1.28s
Epoch: 54/150 Iter: 17/25 loss: 4.9341 acc: 0.3241 time 1.34s
Epoch: 54/150 Iter: 18/25 loss: 4.9199 acc: 0.3333 time 1.25s
Epoch: 54/150 Iter: 19/25 loss: 4.9067 acc: 0.3333 time 1.28s
Epoch: 54/150 Iter: 20/25 loss: 4.9236 acc: 0.3413 time 2.62s
Epoch: 54/150 Iter: 21/25 loss: 4.9611 acc: 0.3409 time 1.37s
Epoch: 54/150 Iter: 22/25 loss: 4.9794 acc: 0.3261 time 1.28s
Epoch: 54/150 Iter: 23/25 loss: 4.9793 acc: 0.3194 time 1.41s
Epoch: 54/150 Iter: 24/25 loss: 4.9796 acc: 0.3200 time 2.61s
[Train epoch 54] avg_loss=4.9796 avg_acc=0.3200 | per-class [c0: 0.121, c1: 0.206, c2: 0.727]
Final training 54/149, loss: 4.9796, time 41.43s, lr: 0.000229
Accuracy: 0.350
class                  precision    recall   specificity      f1   support
--------------------------------------------------------------------------
0                          0.667     0.121         0.970   0.205        33
1                          0.333     0.206         0.788   0.255        34
2                          0.329     0.727         0.269   0.453        33
*----------------------------------------*
0 Mon Nov  3 10:45:41 2025 Epoch: 55
Epoch: 55/150 Iter: 0/25 loss: 4.6591 acc: 0.3333 time 5.11s
Epoch: 55/150 Iter: 1/25 loss: 4.7620 acc: 0.4167 time 1.32s
Epoch: 55/150 Iter: 2/25 loss: 4.8046 acc: 0.3889 time 1.32s
Epoch: 55/150 Iter: 3/25 loss: 4.8572 acc: 0.3750 time 1.32s
Epoch: 55/150 Iter: 4/25 loss: 4.9442 acc: 0.3000 time 1.29s
Epoch: 55/150 Iter: 5/25 loss: 4.8425 acc: 0.3333 time 1.44s
Epoch: 55/150 Iter: 6/25 loss: 4.8372 acc: 0.3333 time 1.46s
Epoch: 55/150 Iter: 7/25 loss: 4.9355 acc: 0.2917 time 1.37s
Epoch: 55/150 Iter: 8/25 loss: 4.9523 acc: 0.2963 time 1.33s
Epoch: 55/150 Iter: 9/25 loss: 4.9256 acc: 0.3167 time 1.31s
Epoch: 55/150 Iter: 10/25 loss: 4.9114 acc: 0.3182 time 1.24s
Epoch: 55/150 Iter: 11/25 loss: 4.8756 acc: 0.3194 time 1.36s
Epoch: 55/150 Iter: 12/25 loss: 4.9048 acc: 0.3205 time 1.25s
Epoch: 55/150 Iter: 13/25 loss: 4.9216 acc: 0.3214 time 2.77s
Epoch: 55/150 Iter: 14/25 loss: 4.9360 acc: 0.3222 time 1.27s
Epoch: 55/150 Iter: 15/25 loss: 4.9761 acc: 0.3021 time 2.61s
Epoch: 55/150 Iter: 16/25 loss: 4.9453 acc: 0.3137 time 1.44s
Epoch: 55/150 Iter: 17/25 loss: 4.8889 acc: 0.3241 time 1.30s
Epoch: 55/150 Iter: 18/25 loss: 4.9224 acc: 0.3070 time 1.27s
Epoch: 55/150 Iter: 19/25 loss: 4.9455 acc: 0.3167 time 1.28s
Epoch: 55/150 Iter: 20/25 loss: 4.9687 acc: 0.3016 time 1.28s
Epoch: 55/150 Iter: 21/25 loss: 4.9720 acc: 0.3030 time 1.27s
Epoch: 55/150 Iter: 22/25 loss: 4.9705 acc: 0.3043 time 2.70s
Epoch: 55/150 Iter: 23/25 loss: 4.9951 acc: 0.2917 time 1.42s
Epoch: 55/150 Iter: 24/25 loss: 4.9799 acc: 0.3000 time 1.28s
[Train epoch 55] avg_loss=4.9799 avg_acc=0.3000 | per-class [c0: 0.588, c1: 0.324, c2: 0.000]
Final training 55/149, loss: 4.9799, time 41.06s, lr: 0.000226
Accuracy: 0.310
class                  precision    recall   specificity      f1   support
--------------------------------------------------------------------------
0                          0.308     0.588         0.318   0.404        34
1                          0.314     0.324         0.636   0.319        34
2                          0.000     0.000         1.000   0.000        32
*----------------------------------------*
Val 55/150 0/27, Acc: 0.0000, time 0.34s
Val 55/150 1/27, Acc: 0.5000, time 0.35s
Val 55/150 2/27, Acc: 0.3333, time 0.33s
Val 55/150 3/27, Acc: 0.2500, time 0.33s
Val 55/150 4/27, Acc: 0.2000, time 0.37s
Val 55/150 5/27, Acc: 0.1667, time 0.34s
Val 55/150 6/27, Acc: 0.1429, time 0.42s
Val 55/150 7/27, Acc: 0.1250, time 0.34s
Val 55/150 8/27, Acc: 0.1111, time 0.34s
Val 55/150 9/27, Acc: 0.1000, time 0.33s
Val 55/150 10/27, Acc: 0.1818, time 0.34s
Val 55/150 11/27, Acc: 0.2500, time 0.38s
Val 55/150 12/27, Acc: 0.2308, time 0.33s
Val 55/150 13/27, Acc: 0.2857, time 0.33s
Val 55/150 14/27, Acc: 0.3333, time 0.33s
Val 55/150 15/27, Acc: 0.3125, time 0.33s
Val 55/150 16/27, Acc: 0.2941, time 0.33s
Val 55/150 17/27, Acc: 0.2778, time 0.39s
Val 55/150 18/27, Acc: 0.2632, time 0.33s
Val 55/150 19/27, Acc: 0.2500, time 0.33s
Val 55/150 20/27, Acc: 0.2381, time 0.33s
Val 55/150 21/27, Acc: 0.2727, time 0.34s
Val 55/150 22/27, Acc: 0.2609, time 0.40s
Val 55/150 23/27, Acc: 0.2917, time 0.37s
Val 55/150 24/27, Acc: 0.2800, time 0.34s
Val 55/150 25/27, Acc: 0.2692, time 0.34s
Val 55/150 26/27, Acc: 0.2593, time 0.32s
[Val epoch 55] avg_acc=0.2593 | per-class [c0: 0.556, c1: 0.000, c2: 0.222]
Final validation 55/149, Val_acc: 0.2593, time 9.34sAccuracy: 0.259
class                  precision    recall   specificity      f1   support
--------------------------------------------------------------------------
0                          0.263     0.556         0.222   0.357         9
1                          0.000     0.000         0.778   0.000         9
2                          0.500     0.222         0.889   0.308         9
*========================================*
Saving checkpoint outputs/OrganoidsINRIA/resnet50/2025-11-03-10-04/model_final.pt
0 Mon Nov  3 10:46:34 2025 Epoch: 56
Epoch: 56/150 Iter: 0/25 loss: 5.4506 acc: 0.3333 time 3.33s
Epoch: 56/150 Iter: 1/25 loss: 5.0641 acc: 0.4167 time 1.40s
Epoch: 56/150 Iter: 2/25 loss: 4.9953 acc: 0.3889 time 2.66s
Epoch: 56/150 Iter: 3/25 loss: 4.9627 acc: 0.3750 time 2.66s
Epoch: 56/150 Iter: 4/25 loss: 4.9415 acc: 0.3667 time 2.66s
Epoch: 56/150 Iter: 5/25 loss: 4.9032 acc: 0.3889 time 1.30s
Epoch: 56/150 Iter: 6/25 loss: 4.8759 acc: 0.4524 time 2.72s
Epoch: 56/150 Iter: 7/25 loss: 4.8590 acc: 0.4375 time 1.30s
Epoch: 56/150 Iter: 8/25 loss: 4.8251 acc: 0.4630 time 1.31s
Epoch: 56/150 Iter: 9/25 loss: 4.8994 acc: 0.4167 time 1.27s
Epoch: 56/150 Iter: 10/25 loss: 4.8513 acc: 0.4697 time 2.68s
Epoch: 56/150 Iter: 11/25 loss: 4.8576 acc: 0.4583 time 2.60s
Epoch: 56/150 Iter: 12/25 loss: 4.8852 acc: 0.4231 time 1.44s
Epoch: 56/150 Iter: 13/25 loss: 4.9024 acc: 0.4167 time 1.27s
Epoch: 56/150 Iter: 14/25 loss: 4.8980 acc: 0.4222 time 1.42s
Epoch: 56/150 Iter: 15/25 loss: 4.9048 acc: 0.4167 time 1.35s
Epoch: 56/150 Iter: 16/25 loss: 4.9031 acc: 0.4118 time 1.27s
Epoch: 56/150 Iter: 17/25 loss: 4.9069 acc: 0.4074 time 2.64s
Epoch: 56/150 Iter: 18/25 loss: 4.9135 acc: 0.4035 time 1.29s
Epoch: 56/150 Iter: 19/25 loss: 4.9278 acc: 0.3833 time 1.42s
Epoch: 56/150 Iter: 20/25 loss: 4.9275 acc: 0.3968 time 1.27s
Epoch: 56/150 Iter: 21/25 loss: 4.9173 acc: 0.3939 time 1.27s
Epoch: 56/150 Iter: 22/25 loss: 4.9019 acc: 0.4058 time 2.69s
Epoch: 56/150 Iter: 23/25 loss: 4.9098 acc: 0.4028 time 1.28s
Epoch: 56/150 Iter: 24/25 loss: 4.9014 acc: 0.4133 time 1.25s
[Train epoch 56] avg_loss=4.9014 avg_acc=0.4133 | per-class [c0: 0.235, c1: 0.848, c2: 0.152]
Final training 56/149, loss: 4.9014, time 45.79s, lr: 0.000223
Accuracy: 0.410
class                  precision    recall   specificity      f1   support
--------------------------------------------------------------------------
0                          0.615     0.235         0.924   0.340        34
1                          0.364     0.848         0.269   0.509        33
2                          0.500     0.152         0.925   0.233        33
*----------------------------------------*
0 Mon Nov  3 10:47:20 2025 Epoch: 57
Epoch: 57/150 Iter: 0/25 loss: 5.2180 acc: 0.0000 time 2.72s
Epoch: 57/150 Iter: 1/25 loss: 4.9941 acc: 0.1667 time 2.69s
Epoch: 57/150 Iter: 2/25 loss: 4.9233 acc: 0.2778 time 1.31s
Epoch: 57/150 Iter: 3/25 loss: 4.9692 acc: 0.2917 time 1.30s
Epoch: 57/150 Iter: 4/25 loss: 4.9887 acc: 0.3333 time 1.28s
Epoch: 57/150 Iter: 5/25 loss: 4.8920 acc: 0.3889 time 1.36s
Epoch: 57/150 Iter: 6/25 loss: 4.9227 acc: 0.3810 time 2.67s
Epoch: 57/150 Iter: 7/25 loss: 4.9146 acc: 0.3750 time 1.36s
Epoch: 57/150 Iter: 8/25 loss: 4.9091 acc: 0.3704 time 1.36s
Epoch: 57/150 Iter: 9/25 loss: 4.8562 acc: 0.3833 time 1.26s
Epoch: 57/150 Iter: 10/25 loss: 4.8783 acc: 0.3788 time 1.25s
Epoch: 57/150 Iter: 11/25 loss: 4.8936 acc: 0.3750 time 1.34s
Epoch: 57/150 Iter: 12/25 loss: 4.8956 acc: 0.3718 time 1.36s
Epoch: 57/150 Iter: 13/25 loss: 4.9040 acc: 0.3690 time 2.64s
Epoch: 57/150 Iter: 14/25 loss: 4.9082 acc: 0.3667 time 1.25s
Epoch: 57/150 Iter: 15/25 loss: 4.8969 acc: 0.3646 time 1.29s
Epoch: 57/150 Iter: 16/25 loss: 4.8974 acc: 0.3725 time 2.61s
Epoch: 57/150 Iter: 17/25 loss: 4.8816 acc: 0.3796 time 1.29s
Epoch: 57/150 Iter: 18/25 loss: 4.8626 acc: 0.3772 time 1.38s
Epoch: 57/150 Iter: 19/25 loss: 4.8836 acc: 0.3750 time 1.30s
Epoch: 57/150 Iter: 20/25 loss: 4.8997 acc: 0.3571 time 1.25s
Epoch: 57/150 Iter: 21/25 loss: 4.9040 acc: 0.3561 time 1.26s
Epoch: 57/150 Iter: 22/25 loss: 4.9025 acc: 0.3623 time 1.43s
Epoch: 57/150 Iter: 23/25 loss: 4.9050 acc: 0.3681 time 1.28s
Epoch: 57/150 Iter: 24/25 loss: 4.9124 acc: 0.3533 time 2.71s
[Train epoch 57] avg_loss=4.9124 avg_acc=0.3533 | per-class [c0: 0.030, c1: 0.029, c2: 0.939]
Final training 57/149, loss: 4.9124, time 41.00s, lr: 0.000220
Accuracy: 0.330
class                  precision    recall   specificity      f1   support
--------------------------------------------------------------------------
0                          0.500     0.030         0.985   0.057        33
1                          0.250     0.029         0.955   0.053        34
2                          0.330     0.939         0.060   0.488        33
*----------------------------------------*
0 Mon Nov  3 10:48:01 2025 Epoch: 58
Epoch: 58/150 Iter: 0/25 loss: 4.8551 acc: 0.1667 time 3.35s
Epoch: 58/150 Iter: 1/25 loss: 4.9278 acc: 0.0833 time 1.34s
Epoch: 58/150 Iter: 2/25 loss: 4.9468 acc: 0.0556 time 1.50s
Epoch: 58/150 Iter: 3/25 loss: 4.9104 acc: 0.1250 time 1.34s
Epoch: 58/150 Iter: 4/25 loss: 4.9579 acc: 0.1000 time 1.31s
Epoch: 58/150 Iter: 5/25 loss: 4.9001 acc: 0.1667 time 1.31s
Epoch: 58/150 Iter: 6/25 loss: 4.9289 acc: 0.1429 time 1.29s
Epoch: 58/150 Iter: 7/25 loss: 4.9164 acc: 0.1667 time 1.33s
Epoch: 58/150 Iter: 8/25 loss: 4.8723 acc: 0.2315 time 1.49s
Epoch: 58/150 Iter: 9/25 loss: 4.8748 acc: 0.2083 time 1.29s
Epoch: 58/150 Iter: 10/25 loss: 4.8588 acc: 0.2348 time 1.28s
Epoch: 58/150 Iter: 11/25 loss: 4.8580 acc: 0.2708 time 1.43s
Epoch: 58/150 Iter: 12/25 loss: 4.8161 acc: 0.2500 time 1.25s
Epoch: 58/150 Iter: 13/25 loss: 4.7791 acc: 0.2411 time 1.24s
Epoch: 58/150 Iter: 14/25 loss: 4.8539 acc: 0.2472 time 1.28s
Epoch: 58/150 Iter: 15/25 loss: 4.8280 acc: 0.2734 time 2.63s
Epoch: 58/150 Iter: 16/25 loss: 4.8573 acc: 0.2868 time 2.59s
Epoch: 58/150 Iter: 17/25 loss: 4.9301 acc: 0.2708 time 1.28s
Epoch: 58/150 Iter: 18/25 loss: 4.9468 acc: 0.2741 time 2.61s
Epoch: 58/150 Iter: 19/25 loss: 5.0038 acc: 0.2604 time 1.29s
Epoch: 58/150 Iter: 20/25 loss: 4.9827 acc: 0.2718 time 1.36s
Epoch: 58/150 Iter: 21/25 loss: 4.9818 acc: 0.2595 time 1.27s
Epoch: 58/150 Iter: 22/25 loss: 5.0042 acc: 0.2482 time 1.28s
Epoch: 58/150 Iter: 23/25 loss: 5.0203 acc: 0.2587 time 1.28s
Epoch: 58/150 Iter: 24/25 loss: 5.0008 acc: 0.2817 time 1.29s
[Train epoch 58] avg_loss=5.0008 avg_acc=0.2817 | per-class [c0: 0.559, c1: 0.212, c2: 0.030]
Final training 58/149, loss: 5.0008, time 38.98s, lr: 0.000217
Accuracy: 0.270
class                  precision    recall   specificity      f1   support
--------------------------------------------------------------------------
0                          0.271     0.559         0.227   0.365        34
1                          0.304     0.212         0.761   0.250        33
2                          0.143     0.030         0.910   0.050        33
*----------------------------------------*
0 Mon Nov  3 10:48:40 2025 Epoch: 59
Epoch: 59/150 Iter: 0/25 loss: 4.8513 acc: 0.0000 time 3.73s
Epoch: 59/150 Iter: 1/25 loss: 4.8331 acc: 0.0833 time 1.35s
Epoch: 59/150 Iter: 2/25 loss: 4.7707 acc: 0.2222 time 2.63s
Epoch: 59/150 Iter: 3/25 loss: 4.8126 acc: 0.3333 time 1.33s
Epoch: 59/150 Iter: 4/25 loss: 4.8140 acc: 0.3667 time 2.69s
Epoch: 59/150 Iter: 5/25 loss: 4.8777 acc: 0.3056 time 1.57s
Epoch: 59/150 Iter: 6/25 loss: 4.9189 acc: 0.2619 time 1.31s
Epoch: 59/150 Iter: 7/25 loss: 4.9112 acc: 0.2500 time 2.64s
Epoch: 59/150 Iter: 8/25 loss: 4.8611 acc: 0.3333 time 1.30s
Epoch: 59/150 Iter: 9/25 loss: 4.8568 acc: 0.3167 time 1.30s
Epoch: 59/150 Iter: 10/25 loss: 4.8329 acc: 0.3561 time 1.26s
Epoch: 59/150 Iter: 11/25 loss: 4.8067 acc: 0.3889 time 1.26s
Epoch: 59/150 Iter: 12/25 loss: 4.8450 acc: 0.3974 time 1.29s
Epoch: 59/150 Iter: 13/25 loss: 4.8657 acc: 0.3929 time 1.24s
Epoch: 59/150 Iter: 14/25 loss: 4.8791 acc: 0.3889 time 2.60s
Epoch: 59/150 Iter: 15/25 loss: 4.8893 acc: 0.3854 time 1.25s
Epoch: 59/150 Iter: 16/25 loss: 4.8910 acc: 0.3824 time 1.35s
Epoch: 59/150 Iter: 17/25 loss: 4.8825 acc: 0.3796 time 1.36s
Epoch: 59/150 Iter: 18/25 loss: 4.8834 acc: 0.3772 time 1.24s
Epoch: 59/150 Iter: 19/25 loss: 4.8786 acc: 0.3750 time 1.27s
Epoch: 59/150 Iter: 20/25 loss: 4.8980 acc: 0.3571 time 1.28s
Epoch: 59/150 Iter: 21/25 loss: 4.8888 acc: 0.3561 time 1.27s
Epoch: 59/150 Iter: 22/25 loss: 4.8898 acc: 0.3478 time 1.27s
Epoch: 59/150 Iter: 23/25 loss: 4.8720 acc: 0.3542 time 1.34s
Epoch: 59/150 Iter: 24/25 loss: 4.8782 acc: 0.3400 time 1.28s
[Train epoch 59] avg_loss=4.8782 avg_acc=0.3400 | per-class [c0: 0.000, c1: 0.219, c2: 0.824]
Final training 59/149, loss: 4.8782, time 40.45s, lr: 0.000214
Accuracy: 0.350
class                  precision    recall   specificity      f1   support
--------------------------------------------------------------------------
0                          0.000     0.000         0.939   0.000        34
1                          0.368     0.219         0.824   0.275        32
2                          0.364     0.824         0.258   0.505        34
*----------------------------------------*
Val 59/150 0/27, Acc: 0.0000, time 0.34s
Val 59/150 1/27, Acc: 0.0000, time 0.35s
Val 59/150 2/27, Acc: 0.0000, time 0.33s
Val 59/150 3/27, Acc: 0.0000, time 0.33s
Val 59/150 4/27, Acc: 0.0000, time 0.37s
Val 59/150 5/27, Acc: 0.1667, time 0.34s
Val 59/150 6/27, Acc: 0.1429, time 0.43s
Val 59/150 7/27, Acc: 0.2500, time 0.34s
Val 59/150 8/27, Acc: 0.2222, time 0.34s
Val 59/150 9/27, Acc: 0.3000, time 0.33s
Val 59/150 10/27, Acc: 0.2727, time 0.34s
Val 59/150 11/27, Acc: 0.2500, time 0.38s
Val 59/150 12/27, Acc: 0.3077, time 0.33s
Val 59/150 13/27, Acc: 0.3571, time 0.33s
Val 59/150 14/27, Acc: 0.3333, time 0.33s
Val 59/150 15/27, Acc: 0.3125, time 0.34s
Val 59/150 16/27, Acc: 0.2941, time 0.33s
Val 59/150 17/27, Acc: 0.2778, time 0.39s
Val 59/150 18/27, Acc: 0.3158, time 0.33s
Val 59/150 19/27, Acc: 0.3500, time 0.33s
Val 59/150 20/27, Acc: 0.3333, time 0.33s
Val 59/150 21/27, Acc: 0.3636, time 0.34s
Val 59/150 22/27, Acc: 0.3478, time 0.40s
Val 59/150 23/27, Acc: 0.3333, time 0.37s
Val 59/150 24/27, Acc: 0.3200, time 0.34s
Val 59/150 25/27, Acc: 0.3462, time 0.34s
Val 59/150 26/27, Acc: 0.3333, time 0.32s
[Val epoch 59] avg_acc=0.3333 | per-class [c0: 0.000, c1: 0.000, c2: 1.000]
Final validation 59/149, Val_acc: 0.3333, time 9.36sAccuracy: 0.333
class                  precision    recall   specificity      f1   support
--------------------------------------------------------------------------
0                          0.000     0.000         1.000   0.000         9
1                          0.000     0.000         1.000   0.000         9
2                          0.333     1.000         0.000   0.500         9
*========================================*
Saving checkpoint outputs/OrganoidsINRIA/resnet50/2025-11-03-10-04/model_final.pt
0 Mon Nov  3 10:49:32 2025 Epoch: 60
Epoch: 60/150 Iter: 0/25 loss: 4.9913 acc: 0.5000 time 3.44s
Epoch: 60/150 Iter: 1/25 loss: 5.0484 acc: 0.3750 time 1.33s
Epoch: 60/150 Iter: 2/25 loss: 4.9944 acc: 0.4722 time 1.30s
Epoch: 60/150 Iter: 3/25 loss: 4.9329 acc: 0.4792 time 2.65s
Epoch: 60/150 Iter: 4/25 loss: 4.9284 acc: 0.4167 time 2.74s
Epoch: 60/150 Iter: 5/25 loss: 4.8660 acc: 0.4306 time 1.29s
Epoch: 60/150 Iter: 6/25 loss: 4.8627 acc: 0.4008 time 2.63s
Epoch: 60/150 Iter: 7/25 loss: 4.8703 acc: 0.4132 time 1.30s
Epoch: 60/150 Iter: 8/25 loss: 4.8402 acc: 0.4228 time 1.34s
Epoch: 60/150 Iter: 9/25 loss: 4.9172 acc: 0.4306 time 1.29s
Epoch: 60/150 Iter: 10/25 loss: 4.8971 acc: 0.4217 time 2.60s
Epoch: 60/150 Iter: 11/25 loss: 4.9103 acc: 0.4144 time 1.25s
Epoch: 60/150 Iter: 12/25 loss: 5.0325 acc: 0.3825 time 1.29s
Epoch: 60/150 Iter: 13/25 loss: 5.0282 acc: 0.3790 time 1.28s
Epoch: 60/150 Iter: 14/25 loss: 4.9552 acc: 0.3870 time 1.28s
Epoch: 60/150 Iter: 15/25 loss: 4.9767 acc: 0.3837 time 1.29s
Epoch: 60/150 Iter: 16/25 loss: 4.9386 acc: 0.3905 time 1.27s
Epoch: 60/150 Iter: 17/25 loss: 5.0041 acc: 0.3688 time 1.29s
Epoch: 60/150 Iter: 18/25 loss: 4.9801 acc: 0.3670 time 2.69s
Epoch: 60/150 Iter: 19/25 loss: 5.0197 acc: 0.3486 time 1.43s
Epoch: 60/150 Iter: 20/25 loss: 5.0444 acc: 0.3320 time 1.31s
Epoch: 60/150 Iter: 21/25 loss: 5.0645 acc: 0.3169 time 1.28s
Epoch: 60/150 Iter: 22/25 loss: 5.0801 acc: 0.3031 time 2.58s
Epoch: 60/150 Iter: 23/25 loss: 5.0866 acc: 0.2905 time 1.24s
Epoch: 60/150 Iter: 24/25 loss: 5.0782 acc: 0.2789 time 1.44s
[Train epoch 60] avg_loss=5.0782 avg_acc=0.2789 | per-class [c0: 0.000, c1: 0.588, c2: 0.273]
Final training 60/149, loss: 5.0782, time 42.87s, lr: 0.000211
Accuracy: 0.290
class                  precision    recall   specificity      f1   support
--------------------------------------------------------------------------
0                          0.000     0.000         0.970   0.000        33
1                          0.270     0.588         0.182   0.370        34
2                          0.375     0.273         0.776   0.316        33
*----------------------------------------*
0 Mon Nov  3 10:50:15 2025 Epoch: 61
Epoch: 61/150 Iter: 0/25 loss: 5.2638 acc: 0.0000 time 3.96s
Epoch: 61/150 Iter: 1/25 loss: 5.1520 acc: 0.0000 time 2.62s
Epoch: 61/150 Iter: 2/25 loss: 5.0943 acc: 0.1667 time 2.76s
Epoch: 61/150 Iter: 3/25 loss: 4.9686 acc: 0.2500 time 1.46s
Epoch: 61/150 Iter: 4/25 loss: 4.8895 acc: 0.2667 time 1.28s
Epoch: 61/150 Iter: 5/25 loss: 4.9667 acc: 0.2222 time 1.29s
Epoch: 61/150 Iter: 6/25 loss: 4.8865 acc: 0.2619 time 2.67s
Epoch: 61/150 Iter: 7/25 loss: 4.8863 acc: 0.2917 time 1.32s
Epoch: 61/150 Iter: 8/25 loss: 4.8871 acc: 0.2963 time 1.35s
Epoch: 61/150 Iter: 9/25 loss: 4.9164 acc: 0.3000 time 1.27s
Epoch: 61/150 Iter: 10/25 loss: 4.8827 acc: 0.3030 time 2.63s
Epoch: 61/150 Iter: 11/25 loss: 4.9491 acc: 0.3194 time 1.29s
Epoch: 61/150 Iter: 12/25 loss: 4.9848 acc: 0.2949 time 1.25s
Epoch: 61/150 Iter: 13/25 loss: 4.9244 acc: 0.3095 time 2.66s
Epoch: 61/150 Iter: 14/25 loss: 4.9129 acc: 0.3111 time 1.27s
Epoch: 61/150 Iter: 15/25 loss: 4.9038 acc: 0.3125 time 1.26s
Epoch: 61/150 Iter: 16/25 loss: 4.8650 acc: 0.3235 time 1.25s
Epoch: 61/150 Iter: 17/25 loss: 4.8816 acc: 0.3426 time 1.29s
Epoch: 61/150 Iter: 18/25 loss: 4.8826 acc: 0.3333 time 2.67s
Epoch: 61/150 Iter: 19/25 loss: 4.8704 acc: 0.3417 time 1.24s
Epoch: 61/150 Iter: 20/25 loss: 4.9092 acc: 0.3413 time 1.24s
Epoch: 61/150 Iter: 21/25 loss: 4.9034 acc: 0.3409 time 1.42s
Epoch: 61/150 Iter: 22/25 loss: 4.9004 acc: 0.3406 time 1.34s
Epoch: 61/150 Iter: 23/25 loss: 4.8976 acc: 0.3403 time 1.26s
Epoch: 61/150 Iter: 24/25 loss: 4.8936 acc: 0.3400 time 1.29s
[Train epoch 61] avg_loss=4.8936 avg_acc=0.3400 | per-class [c0: 0.706, c1: 0.000, c2: 0.206]
Final training 61/149, loss: 4.8936, time 43.40s, lr: 0.000208
Accuracy: 0.310
class                  precision    recall   specificity      f1   support
--------------------------------------------------------------------------
0                          0.324     0.706         0.242   0.444        34
1                          0.000     0.000         0.971   0.000        32
2                          0.292     0.206         0.742   0.241        34
*----------------------------------------*
0 Mon Nov  3 10:50:58 2025 Epoch: 62
Epoch: 62/150 Iter: 0/25 loss: 4.6942 acc: 0.5000 time 4.45s
Epoch: 62/150 Iter: 1/25 loss: 4.8454 acc: 0.5833 time 1.28s
Epoch: 62/150 Iter: 2/25 loss: 4.8234 acc: 0.5000 time 1.31s
Epoch: 62/150 Iter: 3/25 loss: 4.8100 acc: 0.4583 time 1.29s
Epoch: 62/150 Iter: 4/25 loss: 4.9279 acc: 0.3667 time 2.72s
Epoch: 62/150 Iter: 5/25 loss: 4.8862 acc: 0.3889 time 1.35s
Epoch: 62/150 Iter: 6/25 loss: 4.9116 acc: 0.3571 time 1.41s
Epoch: 62/150 Iter: 7/25 loss: 4.8995 acc: 0.4167 time 2.73s
Epoch: 62/150 Iter: 8/25 loss: 4.8911 acc: 0.4074 time 1.31s
Epoch: 62/150 Iter: 9/25 loss: 4.9088 acc: 0.4167 time 1.27s
Epoch: 62/150 Iter: 10/25 loss: 4.8936 acc: 0.4394 time 1.29s
Epoch: 62/150 Iter: 11/25 loss: 4.9053 acc: 0.4028 time 1.36s
Epoch: 62/150 Iter: 12/25 loss: 4.9068 acc: 0.3910 time 1.43s
Epoch: 62/150 Iter: 13/25 loss: 4.8919 acc: 0.3869 time 1.29s
Epoch: 62/150 Iter: 14/25 loss: 4.9009 acc: 0.3833 time 1.25s
Epoch: 62/150 Iter: 15/25 loss: 4.8951 acc: 0.3802 time 1.28s
Epoch: 62/150 Iter: 16/25 loss: 4.8987 acc: 0.3578 time 1.35s
Epoch: 62/150 Iter: 17/25 loss: 4.8999 acc: 0.3472 time 2.66s
Epoch: 62/150 Iter: 18/25 loss: 4.9052 acc: 0.3465 time 1.25s
Epoch: 62/150 Iter: 19/25 loss: 4.8976 acc: 0.3458 time 1.25s
Epoch: 62/150 Iter: 20/25 loss: 4.9012 acc: 0.3373 time 2.59s
Epoch: 62/150 Iter: 21/25 loss: 4.8863 acc: 0.3674 time 1.34s
Epoch: 62/150 Iter: 22/25 loss: 4.8866 acc: 0.3708 time 2.62s
Epoch: 62/150 Iter: 23/25 loss: 4.8986 acc: 0.3692 time 1.30s
Epoch: 62/150 Iter: 24/25 loss: 4.8894 acc: 0.3811 time 1.31s
[Train epoch 62] avg_loss=4.8894 avg_acc=0.3811 | per-class [c0: 0.152, c1: 0.545, c2: 0.441]
Final training 62/149, loss: 4.8894, time 42.75s, lr: 0.000205
Accuracy: 0.380
class                  precision    recall   specificity      f1   support
--------------------------------------------------------------------------
0                          0.556     0.152         0.940   0.238        33
1                          0.353     0.545         0.507   0.429        33
2                          0.375     0.441         0.621   0.405        34
*----------------------------------------*
0 Mon Nov  3 10:51:41 2025 Epoch: 63
Epoch: 63/150 Iter: 0/25 loss: 5.1803 acc: 0.1667 time 2.75s
Epoch: 63/150 Iter: 1/25 loss: 5.0484 acc: 0.1667 time 1.35s
Epoch: 63/150 Iter: 2/25 loss: 5.0438 acc: 0.1111 time 1.36s
Epoch: 63/150 Iter: 3/25 loss: 5.0044 acc: 0.1667 time 1.33s
Epoch: 63/150 Iter: 4/25 loss: 4.9691 acc: 0.2667 time 1.36s
Epoch: 63/150 Iter: 5/25 loss: 4.9092 acc: 0.2778 time 1.45s
Epoch: 63/150 Iter: 6/25 loss: 4.8915 acc: 0.3452 time 1.45s
Epoch: 63/150 Iter: 7/25 loss: 4.8547 acc: 0.3438 time 2.74s
Epoch: 63/150 Iter: 8/25 loss: 4.8212 acc: 0.3426 time 1.51s
Epoch: 63/150 Iter: 9/25 loss: 4.8119 acc: 0.3583 time 2.59s
Epoch: 63/150 Iter: 10/25 loss: 4.8098 acc: 0.3561 time 1.25s
Epoch: 63/150 Iter: 11/25 loss: 4.8465 acc: 0.3542 time 1.26s
Epoch: 63/150 Iter: 12/25 loss: 4.8493 acc: 0.3654 time 1.27s
Epoch: 63/150 Iter: 13/25 loss: 4.8660 acc: 0.3631 time 2.62s
Epoch: 63/150 Iter: 14/25 loss: 4.8840 acc: 0.3722 time 2.64s
Epoch: 63/150 Iter: 15/25 loss: 4.9291 acc: 0.3490 time 1.24s
Epoch: 63/150 Iter: 16/25 loss: 4.9021 acc: 0.3578 time 1.24s
Epoch: 63/150 Iter: 17/25 loss: 4.9377 acc: 0.3380 time 1.28s
Epoch: 63/150 Iter: 18/25 loss: 4.9411 acc: 0.3465 time 2.64s
Epoch: 63/150 Iter: 19/25 loss: 4.9561 acc: 0.3542 time 1.28s
Epoch: 63/150 Iter: 20/25 loss: 4.9502 acc: 0.3532 time 1.27s
Epoch: 63/150 Iter: 21/25 loss: 4.9686 acc: 0.3371 time 1.25s
Epoch: 63/150 Iter: 22/25 loss: 4.9572 acc: 0.3370 time 1.24s
Epoch: 63/150 Iter: 23/25 loss: 4.9574 acc: 0.3368 time 2.69s
Epoch: 63/150 Iter: 24/25 loss: 4.9494 acc: 0.3567 time 2.62s
[Train epoch 63] avg_loss=4.9494 avg_acc=0.3567 | per-class [c0: 0.853, c1: 0.091, c2: 0.030]
Final training 63/149, loss: 4.9494, time 43.73s, lr: 0.000202
Accuracy: 0.330
class                  precision    recall   specificity      f1   support
--------------------------------------------------------------------------
0                          0.337     0.853         0.136   0.483        34
1                          0.500     0.091         0.955   0.154        33
2                          0.125     0.030         0.896   0.049        33
*----------------------------------------*
Val 63/150 0/27, Acc: 0.0000, time 0.34s
Val 63/150 1/27, Acc: 0.0000, time 0.35s
Val 63/150 2/27, Acc: 0.0000, time 0.33s
Val 63/150 3/27, Acc: 0.0000, time 0.33s
Val 63/150 4/27, Acc: 0.0000, time 0.37s
Val 63/150 5/27, Acc: 0.1667, time 0.34s
Val 63/150 6/27, Acc: 0.1429, time 0.42s
Val 63/150 7/27, Acc: 0.2500, time 0.34s
Val 63/150 8/27, Acc: 0.2222, time 0.34s
Val 63/150 9/27, Acc: 0.3000, time 0.33s
Val 63/150 10/27, Acc: 0.2727, time 0.34s
Val 63/150 11/27, Acc: 0.2500, time 0.38s
Val 63/150 12/27, Acc: 0.3077, time 0.33s
Val 63/150 13/27, Acc: 0.3571, time 0.33s
Val 63/150 14/27, Acc: 0.3333, time 0.33s
Val 63/150 15/27, Acc: 0.3125, time 0.34s
Val 63/150 16/27, Acc: 0.2941, time 0.34s
Val 63/150 17/27, Acc: 0.2778, time 0.39s
Val 63/150 18/27, Acc: 0.3158, time 0.33s
Val 63/150 19/27, Acc: 0.3500, time 0.33s
Val 63/150 20/27, Acc: 0.3333, time 0.33s
Val 63/150 21/27, Acc: 0.3636, time 0.34s
Val 63/150 22/27, Acc: 0.3478, time 0.40s
Val 63/150 23/27, Acc: 0.3333, time 0.37s
Val 63/150 24/27, Acc: 0.3200, time 0.34s
Val 63/150 25/27, Acc: 0.3462, time 0.34s
Val 63/150 26/27, Acc: 0.3333, time 0.32s
[Val epoch 63] avg_acc=0.3333 | per-class [c0: 0.000, c1: 0.000, c2: 1.000]
Final validation 63/149, Val_acc: 0.3333, time 9.36sAccuracy: 0.333
class                  precision    recall   specificity      f1   support
--------------------------------------------------------------------------
0                          0.000     0.000         1.000   0.000         9
1                          0.000     0.000         0.778   0.000         9
2                          0.391     1.000         0.222   0.562         9
*========================================*
Saving checkpoint outputs/OrganoidsINRIA/resnet50/2025-11-03-10-04/model_final.pt
0 Mon Nov  3 10:52:37 2025 Epoch: 64
Epoch: 64/150 Iter: 0/25 loss: 4.6865 acc: 1.0000 time 4.31s
Epoch: 64/150 Iter: 1/25 loss: 4.8064 acc: 0.5833 time 1.27s
Epoch: 64/150 Iter: 2/25 loss: 4.7061 acc: 0.5556 time 2.62s
Epoch: 64/150 Iter: 3/25 loss: 4.7379 acc: 0.5000 time 1.33s
Epoch: 64/150 Iter: 4/25 loss: 4.7834 acc: 0.4667 time 1.44s
Epoch: 64/150 Iter: 5/25 loss: 4.7937 acc: 0.4722 time 2.66s
Epoch: 64/150 Iter: 6/25 loss: 4.7751 acc: 0.4524 time 2.73s
Epoch: 64/150 Iter: 7/25 loss: 4.7011 acc: 0.5208 time 2.69s
Epoch: 64/150 Iter: 8/25 loss: 4.6764 acc: 0.5185 time 1.29s
Epoch: 64/150 Iter: 9/25 loss: 4.7361 acc: 0.5000 time 2.61s
Epoch: 64/150 Iter: 10/25 loss: 4.7432 acc: 0.4848 time 1.26s
Epoch: 64/150 Iter: 11/25 loss: 4.7754 acc: 0.4861 time 1.27s
Epoch: 64/150 Iter: 12/25 loss: 4.7396 acc: 0.4872 time 1.30s
Epoch: 64/150 Iter: 13/25 loss: 4.8455 acc: 0.4524 time 1.29s
Epoch: 64/150 Iter: 14/25 loss: 4.8714 acc: 0.4222 time 1.28s
Epoch: 64/150 Iter: 15/25 loss: 4.8980 acc: 0.4167 time 1.25s
Epoch: 64/150 Iter: 16/25 loss: 4.8744 acc: 0.4216 time 1.33s
Epoch: 64/150 Iter: 17/25 loss: 4.8878 acc: 0.4167 time 1.36s
Epoch: 64/150 Iter: 18/25 loss: 4.8889 acc: 0.4123 time 1.29s
Epoch: 64/150 Iter: 19/25 loss: 4.8639 acc: 0.4167 time 1.29s
Epoch: 64/150 Iter: 20/25 loss: 4.8716 acc: 0.4127 time 1.25s
Epoch: 64/150 Iter: 21/25 loss: 4.8843 acc: 0.3939 time 1.43s
Epoch: 64/150 Iter: 22/25 loss: 4.8931 acc: 0.3768 time 1.29s
Epoch: 64/150 Iter: 23/25 loss: 4.8884 acc: 0.3819 time 1.28s
Epoch: 64/150 Iter: 24/25 loss: 4.8921 acc: 0.3667 time 1.24s
[Train epoch 64] avg_loss=4.8921 avg_acc=0.3667 | per-class [c0: 0.000, c1: 0.912, c2: 0.206]
Final training 64/149, loss: 4.8921, time 42.39s, lr: 0.000199
Accuracy: 0.380
class                  precision    recall   specificity      f1   support
--------------------------------------------------------------------------
0                          0.000     0.000         1.000   0.000        32
1                          0.365     0.912         0.182   0.521        34
2                          0.467     0.206         0.879   0.286        34
*----------------------------------------*
0 Mon Nov  3 10:53:19 2025 Epoch: 65
Epoch: 65/150 Iter: 0/25 loss: 4.9743 acc: 0.3333 time 3.74s
Epoch: 65/150 Iter: 1/25 loss: 4.8359 acc: 0.5000 time 1.60s
Epoch: 65/150 Iter: 2/25 loss: 4.9183 acc: 0.3333 time 1.28s
Epoch: 65/150 Iter: 3/25 loss: 4.8611 acc: 0.4167 time 1.33s
Epoch: 65/150 Iter: 4/25 loss: 4.9242 acc: 0.4000 time 2.73s
Epoch: 65/150 Iter: 5/25 loss: 4.9427 acc: 0.3519 time 1.34s
Epoch: 65/150 Iter: 6/25 loss: 4.8906 acc: 0.3492 time 1.32s
Epoch: 65/150 Iter: 7/25 loss: 4.8492 acc: 0.3681 time 2.65s
Epoch: 65/150 Iter: 8/25 loss: 4.8280 acc: 0.3549 time 1.28s
Epoch: 65/150 Iter: 9/25 loss: 4.8101 acc: 0.3528 time 1.27s
Epoch: 65/150 Iter: 10/25 loss: 4.8208 acc: 0.3510 time 1.43s
Epoch: 65/150 Iter: 11/25 loss: 4.8526 acc: 0.3495 time 1.33s
Epoch: 65/150 Iter: 12/25 loss: 4.8798 acc: 0.3483 time 1.28s
Epoch: 65/150 Iter: 13/25 loss: 4.9128 acc: 0.3472 time 2.61s
Epoch: 65/150 Iter: 14/25 loss: 4.8956 acc: 0.3574 time 1.29s
Epoch: 65/150 Iter: 15/25 loss: 4.8882 acc: 0.3559 time 1.33s
Epoch: 65/150 Iter: 16/25 loss: 4.9298 acc: 0.3350 time 1.43s
Epoch: 65/150 Iter: 17/25 loss: 4.9709 acc: 0.3164 time 1.28s
Epoch: 65/150 Iter: 18/25 loss: 4.9716 acc: 0.3173 time 1.27s
Epoch: 65/150 Iter: 19/25 loss: 5.0128 acc: 0.3014 time 1.28s
Epoch: 65/150 Iter: 20/25 loss: 5.0391 acc: 0.2870 time 1.45s
Epoch: 65/150 Iter: 21/25 loss: 5.0003 acc: 0.2967 time 2.62s
Epoch: 65/150 Iter: 22/25 loss: 5.0003 acc: 0.3128 time 1.42s
Epoch: 65/150 Iter: 23/25 loss: 5.0089 acc: 0.3137 time 1.24s
Epoch: 65/150 Iter: 24/25 loss: 4.9957 acc: 0.3144 time 2.63s
[Train epoch 65] avg_loss=4.9957 avg_acc=0.3144 | per-class [c0: 0.059, c1: 0.121, c2: 0.818]
Final training 65/149, loss: 4.9957, time 42.47s, lr: 0.000196
Accuracy: 0.330
class                  precision    recall   specificity      f1   support
--------------------------------------------------------------------------
0                          0.286     0.059         0.924   0.098        34
1                          0.364     0.121         0.896   0.182        33
2                          0.329     0.818         0.179   0.470        33
*----------------------------------------*
0 Mon Nov  3 10:54:01 2025 Epoch: 66
Epoch: 66/150 Iter: 0/25 loss: 4.3888 acc: 0.8333 time 3.82s
Epoch: 66/150 Iter: 1/25 loss: 4.4994 acc: 0.6667 time 1.35s
Epoch: 66/150 Iter: 2/25 loss: 4.5515 acc: 0.5556 time 2.64s
Epoch: 66/150 Iter: 3/25 loss: 4.5953 acc: 0.5417 time 1.36s
Epoch: 66/150 Iter: 4/25 loss: 4.7578 acc: 0.4333 time 1.35s
Epoch: 66/150 Iter: 5/25 loss: 4.8103 acc: 0.4167 time 1.28s
Epoch: 66/150 Iter: 6/25 loss: 4.8651 acc: 0.4048 time 1.33s
Epoch: 66/150 Iter: 7/25 loss: 4.7868 acc: 0.4167 time 1.35s
Epoch: 66/150 Iter: 8/25 loss: 4.8010 acc: 0.4444 time 1.36s
Epoch: 66/150 Iter: 9/25 loss: 4.8877 acc: 0.4000 time 1.28s
Epoch: 66/150 Iter: 10/25 loss: 4.8743 acc: 0.3939 time 1.26s
Epoch: 66/150 Iter: 11/25 loss: 4.8734 acc: 0.4028 time 1.36s
Epoch: 66/150 Iter: 12/25 loss: 4.8808 acc: 0.3718 time 1.28s
Epoch: 66/150 Iter: 13/25 loss: 4.9163 acc: 0.3452 time 1.37s
Epoch: 66/150 Iter: 14/25 loss: 4.9312 acc: 0.3444 time 2.62s
Epoch: 66/150 Iter: 15/25 loss: 4.8985 acc: 0.3698 time 1.25s
Epoch: 66/150 Iter: 16/25 loss: 4.8762 acc: 0.3775 time 1.25s
Epoch: 66/150 Iter: 17/25 loss: 4.8497 acc: 0.4120 time 1.25s
Epoch: 66/150 Iter: 18/25 loss: 4.8302 acc: 0.4298 time 1.27s
Epoch: 66/150 Iter: 19/25 loss: 4.8543 acc: 0.4333 time 1.28s
Epoch: 66/150 Iter: 20/25 loss: 4.8671 acc: 0.4286 time 1.36s
Epoch: 66/150 Iter: 21/25 loss: 4.8672 acc: 0.4242 time 1.30s
Epoch: 66/150 Iter: 22/25 loss: 4.8699 acc: 0.4203 time 2.59s
Epoch: 66/150 Iter: 23/25 loss: 4.8869 acc: 0.4028 time 1.27s
Epoch: 66/150 Iter: 24/25 loss: 4.8771 acc: 0.4000 time 2.60s
[Train epoch 66] avg_loss=4.8771 avg_acc=0.4000 | per-class [c0: 0.727, c1: 0.412, c2: 0.030]
Final training 66/149, loss: 4.8771, time 40.47s, lr: 0.000193
Accuracy: 0.390
class                  precision    recall   specificity      f1   support
--------------------------------------------------------------------------
0                          0.369     0.727         0.388   0.490        33
1                          0.424     0.412         0.712   0.418        34
2                          0.500     0.030         0.985   0.057        33
*----------------------------------------*
0 Mon Nov  3 10:54:42 2025 Epoch: 67
Epoch: 67/150 Iter: 0/25 loss: 5.2147 acc: 0.0000 time 5.01s
Epoch: 67/150 Iter: 1/25 loss: 4.9887 acc: 0.2500 time 1.32s
Epoch: 67/150 Iter: 2/25 loss: 4.6985 acc: 0.5000 time 1.31s
Epoch: 67/150 Iter: 3/25 loss: 4.7213 acc: 0.5000 time 1.30s
Epoch: 67/150 Iter: 4/25 loss: 4.6980 acc: 0.4667 time 1.46s
Epoch: 67/150 Iter: 5/25 loss: 4.7548 acc: 0.4722 time 2.80s
Epoch: 67/150 Iter: 6/25 loss: 4.8333 acc: 0.4048 time 1.37s
Epoch: 67/150 Iter: 7/25 loss: 4.8988 acc: 0.3958 time 1.58s
Epoch: 67/150 Iter: 8/25 loss: 4.8246 acc: 0.4074 time 2.65s
Epoch: 67/150 Iter: 9/25 loss: 4.8533 acc: 0.4167 time 1.25s
Epoch: 67/150 Iter: 10/25 loss: 4.8467 acc: 0.4091 time 1.28s
Epoch: 67/150 Iter: 11/25 loss: 4.8392 acc: 0.4028 time 2.62s
Epoch: 67/150 Iter: 12/25 loss: 4.8385 acc: 0.3974 time 1.25s
Epoch: 67/150 Iter: 13/25 loss: 4.8585 acc: 0.3929 time 1.25s
Epoch: 67/150 Iter: 14/25 loss: 4.8610 acc: 0.3889 time 1.24s
Epoch: 67/150 Iter: 15/25 loss: 4.9036 acc: 0.3646 time 1.40s
Epoch: 67/150 Iter: 16/25 loss: 4.9246 acc: 0.3627 time 1.27s
Epoch: 67/150 Iter: 17/25 loss: 4.9616 acc: 0.3704 time 1.26s
Epoch: 67/150 Iter: 18/25 loss: 4.9368 acc: 0.3684 time 1.30s
Epoch: 67/150 Iter: 19/25 loss: 4.9498 acc: 0.3583 time 2.64s
Epoch: 67/150 Iter: 20/25 loss: 4.9556 acc: 0.3571 time 2.77s
Epoch: 67/150 Iter: 21/25 loss: 4.9510 acc: 0.3409 time 1.27s
Epoch: 67/150 Iter: 22/25 loss: 4.9516 acc: 0.3551 time 1.29s
Epoch: 67/150 Iter: 23/25 loss: 4.9509 acc: 0.3542 time 1.27s
Epoch: 67/150 Iter: 24/25 loss: 4.9487 acc: 0.3444 time 2.76s
[Train epoch 67] avg_loss=4.9487 avg_acc=0.3444 | per-class [c0: 0.000, c1: 0.912, c2: 0.182]
Final training 67/149, loss: 4.9487, time 44.97s, lr: 0.000189
Accuracy: 0.370
class                  precision    recall   specificity      f1   support
--------------------------------------------------------------------------
0                          0.000     0.000         1.000   0.000        33
1                          0.365     0.912         0.182   0.521        34
2                          0.400     0.182         0.866   0.250        33
*----------------------------------------*
Val 67/150 0/27, Acc: 0.0000, time 0.34s
Val 67/150 1/27, Acc: 0.0000, time 0.35s
Val 67/150 2/27, Acc: 0.0000, time 0.33s
Val 67/150 3/27, Acc: 0.0000, time 0.48s
Val 67/150 4/27, Acc: 0.0000, time 0.58s
Val 67/150 5/27, Acc: 0.1667, time 0.34s
Val 67/150 6/27, Acc: 0.1429, time 0.43s
Val 67/150 7/27, Acc: 0.2500, time 0.34s
Val 67/150 8/27, Acc: 0.2222, time 0.34s
Val 67/150 9/27, Acc: 0.3000, time 0.33s
Val 67/150 10/27, Acc: 0.2727, time 0.34s
Val 67/150 11/27, Acc: 0.2500, time 0.38s
Val 67/150 12/27, Acc: 0.3077, time 0.33s
Val 67/150 13/27, Acc: 0.3571, time 0.33s
Val 67/150 14/27, Acc: 0.3333, time 0.33s
Val 67/150 15/27, Acc: 0.3125, time 0.34s
Val 67/150 16/27, Acc: 0.2941, time 0.33s
Val 67/150 17/27, Acc: 0.2778, time 0.39s
Val 67/150 18/27, Acc: 0.3158, time 0.33s
Val 67/150 19/27, Acc: 0.3500, time 0.33s
Val 67/150 20/27, Acc: 0.3333, time 0.33s
Val 67/150 21/27, Acc: 0.3636, time 0.34s
Val 67/150 22/27, Acc: 0.3478, time 0.40s
Val 67/150 23/27, Acc: 0.3333, time 0.37s
Val 67/150 24/27, Acc: 0.3200, time 0.34s
Val 67/150 25/27, Acc: 0.3462, time 0.34s
Val 67/150 26/27, Acc: 0.3333, time 0.32s
[Val epoch 67] avg_acc=0.3333 | per-class [c0: 0.000, c1: 0.000, c2: 1.000]
Final validation 67/149, Val_acc: 0.3333, time 9.73sAccuracy: 0.333
class                  precision    recall   specificity      f1   support
--------------------------------------------------------------------------
0                          0.000     0.000         1.000   0.000         9
1                          0.000     0.000         1.000   0.000         9
2                          0.333     1.000         0.000   0.500         9
*========================================*
Saving checkpoint outputs/OrganoidsINRIA/resnet50/2025-11-03-10-04/model_final.pt
0 Mon Nov  3 10:55:39 2025 Epoch: 68
Epoch: 68/150 Iter: 0/25 loss: 4.9319 acc: 0.3333 time 2.58s
Epoch: 68/150 Iter: 1/25 loss: 4.7513 acc: 0.3333 time 1.36s
Epoch: 68/150 Iter: 2/25 loss: 4.8347 acc: 0.3333 time 2.63s
Epoch: 68/150 Iter: 3/25 loss: 4.8385 acc: 0.2778 time 1.35s
Epoch: 68/150 Iter: 4/25 loss: 4.8137 acc: 0.2889 time 1.31s
Epoch: 68/150 Iter: 5/25 loss: 4.7788 acc: 0.3241 time 2.67s
Epoch: 68/150 Iter: 6/25 loss: 4.7839 acc: 0.3254 time 1.34s
Epoch: 68/150 Iter: 7/25 loss: 4.8535 acc: 0.3264 time 1.31s
Epoch: 68/150 Iter: 8/25 loss: 4.8821 acc: 0.3457 time 1.46s
Epoch: 68/150 Iter: 9/25 loss: 4.9226 acc: 0.3444 time 1.28s
Epoch: 68/150 Iter: 10/25 loss: 4.9910 acc: 0.3586 time 1.28s
Epoch: 68/150 Iter: 11/25 loss: 5.0413 acc: 0.3704 time 1.29s
Epoch: 68/150 Iter: 12/25 loss: 5.0303 acc: 0.3419 time 1.27s
Epoch: 68/150 Iter: 13/25 loss: 5.0234 acc: 0.3413 time 2.58s
Epoch: 68/150 Iter: 14/25 loss: 5.0472 acc: 0.3185 time 1.26s
Epoch: 68/150 Iter: 15/25 loss: 5.0518 acc: 0.2986 time 1.27s
Epoch: 68/150 Iter: 16/25 loss: 5.0337 acc: 0.3105 time 1.24s
Epoch: 68/150 Iter: 17/25 loss: 5.0209 acc: 0.3117 time 1.43s
Epoch: 68/150 Iter: 18/25 loss: 5.0094 acc: 0.3304 time 1.27s
Epoch: 68/150 Iter: 19/25 loss: 5.0088 acc: 0.3306 time 1.28s
Epoch: 68/150 Iter: 20/25 loss: 4.9921 acc: 0.3505 time 1.26s
Epoch: 68/150 Iter: 21/25 loss: 4.9856 acc: 0.3497 time 2.59s
Epoch: 68/150 Iter: 22/25 loss: 4.9713 acc: 0.3671 time 2.58s
Epoch: 68/150 Iter: 23/25 loss: 4.9618 acc: 0.3657 time 2.64s
Epoch: 68/150 Iter: 24/25 loss: 4.9817 acc: 0.3711 time 1.28s
[Train epoch 68] avg_loss=4.9817 avg_acc=0.3711 | per-class [c0: 0.324, c1: 0.059, c2: 0.688]
Final training 68/149, loss: 4.9817, time 41.84s, lr: 0.000186
Accuracy: 0.350
class                  precision    recall   specificity      f1   support
--------------------------------------------------------------------------
0                          0.423     0.324         0.773   0.367        34
1                          0.667     0.059         0.985   0.108        34
2                          0.310     0.688         0.279   0.427        32
*----------------------------------------*
0 Mon Nov  3 10:56:21 2025 Epoch: 69
Epoch: 69/150 Iter: 0/25 loss: 4.4980 acc: 0.5000 time 3.77s
Epoch: 69/150 Iter: 1/25 loss: 4.4276 acc: 0.5000 time 2.72s
Epoch: 69/150 Iter: 2/25 loss: 4.5916 acc: 0.4444 time 2.71s
Epoch: 69/150 Iter: 3/25 loss: 4.7348 acc: 0.4167 time 2.72s
Epoch: 69/150 Iter: 4/25 loss: 4.8308 acc: 0.4000 time 1.29s
Epoch: 69/150 Iter: 5/25 loss: 4.8717 acc: 0.3611 time 2.62s
Epoch: 69/150 Iter: 6/25 loss: 4.9172 acc: 0.3095 time 2.75s
Epoch: 69/150 Iter: 7/25 loss: 4.9353 acc: 0.3125 time 1.35s
Epoch: 69/150 Iter: 8/25 loss: 4.9670 acc: 0.2963 time 2.70s
Epoch: 69/150 Iter: 9/25 loss: 4.9370 acc: 0.3167 time 1.29s
Epoch: 69/150 Iter: 10/25 loss: 4.9322 acc: 0.3333 time 2.60s
Epoch: 69/150 Iter: 11/25 loss: 4.9405 acc: 0.3333 time 1.30s
Epoch: 69/150 Iter: 12/25 loss: 4.9545 acc: 0.3205 time 1.44s
Epoch: 69/150 Iter: 13/25 loss: 4.9490 acc: 0.3214 time 1.33s
Epoch: 69/150 Iter: 14/25 loss: 4.9670 acc: 0.3000 time 1.26s
Epoch: 69/150 Iter: 15/25 loss: 4.9437 acc: 0.3021 time 2.60s
Epoch: 69/150 Iter: 16/25 loss: 4.9415 acc: 0.3039 time 2.70s
Epoch: 69/150 Iter: 17/25 loss: 4.9555 acc: 0.2870 time 1.27s
Epoch: 69/150 Iter: 18/25 loss: 4.9593 acc: 0.2719 time 2.59s
Epoch: 69/150 Iter: 19/25 loss: 4.9790 acc: 0.2833 time 1.26s
Epoch: 69/150 Iter: 20/25 loss: 4.9635 acc: 0.3016 time 1.27s
Epoch: 69/150 Iter: 21/25 loss: 4.9680 acc: 0.2879 time 1.30s
Epoch: 69/150 Iter: 22/25 loss: 4.9626 acc: 0.2899 time 1.28s
Epoch: 69/150 Iter: 23/25 loss: 4.9534 acc: 0.3056 time 1.24s
Epoch: 69/150 Iter: 24/25 loss: 4.9467 acc: 0.3200 time 2.59s
[Train epoch 69] avg_loss=4.9467 avg_acc=0.3200 | per-class [c0: 0.353, c1: 0.500, c2: 0.118]
Final training 69/149, loss: 4.9467, time 49.98s, lr: 0.000183
Accuracy: 0.320
class                  precision    recall   specificity      f1   support
--------------------------------------------------------------------------
0                          0.343     0.353         0.652   0.348        34
1                          0.291     0.500         0.426   0.368        32
2                          0.400     0.118         0.909   0.182        34
*----------------------------------------*
0 Mon Nov  3 10:57:11 2025 Epoch: 70
Epoch: 70/150 Iter: 0/25 loss: 4.6859 acc: 0.3750 time 3.85s
Epoch: 70/150 Iter: 1/25 loss: 4.8874 acc: 0.1875 time 1.48s
Epoch: 70/150 Iter: 2/25 loss: 4.7947 acc: 0.2917 time 1.28s
Epoch: 70/150 Iter: 3/25 loss: 4.7663 acc: 0.3021 time 1.34s
Epoch: 70/150 Iter: 4/25 loss: 4.7964 acc: 0.3417 time 1.31s
Epoch: 70/150 Iter: 5/25 loss: 4.7536 acc: 0.3958 time 2.71s
Epoch: 70/150 Iter: 6/25 loss: 4.7757 acc: 0.3869 time 1.45s
Epoch: 70/150 Iter: 7/25 loss: 4.7293 acc: 0.4010 time 2.68s
Epoch: 70/150 Iter: 8/25 loss: 4.7571 acc: 0.4120 time 2.66s
Epoch: 70/150 Iter: 9/25 loss: 4.7755 acc: 0.4042 time 1.28s
Epoch: 70/150 Iter: 10/25 loss: 4.8234 acc: 0.3977 time 1.24s
Epoch: 70/150 Iter: 11/25 loss: 4.8585 acc: 0.3924 time 1.28s
Epoch: 70/150 Iter: 12/25 loss: 4.9023 acc: 0.3878 time 2.63s
Epoch: 70/150 Iter: 13/25 loss: 4.9454 acc: 0.3601 time 1.24s
Epoch: 70/150 Iter: 14/25 loss: 4.9670 acc: 0.3583 time 1.29s
Epoch: 70/150 Iter: 15/25 loss: 4.9963 acc: 0.3359 time 1.28s
Epoch: 70/150 Iter: 16/25 loss: 5.0184 acc: 0.3456 time 1.42s
Epoch: 70/150 Iter: 17/25 loss: 5.0198 acc: 0.3449 time 1.28s
Epoch: 70/150 Iter: 18/25 loss: 5.0218 acc: 0.3443 time 1.25s
Epoch: 70/150 Iter: 19/25 loss: 5.0179 acc: 0.3354 time 1.28s
Epoch: 70/150 Iter: 20/25 loss: 5.0025 acc: 0.3552 time 1.28s
Epoch: 70/150 Iter: 21/25 loss: 4.9870 acc: 0.3693 time 1.26s
Epoch: 70/150 Iter: 22/25 loss: 4.9879 acc: 0.3533 time 2.63s
Epoch: 70/150 Iter: 23/25 loss: 4.9880 acc: 0.3385 time 1.29s
Epoch: 70/150 Iter: 24/25 loss: 4.9832 acc: 0.3450 time 1.27s
[Train epoch 70] avg_loss=4.9832 avg_acc=0.3450 | per-class [c0: 0.030, c1: 0.118, c2: 0.879]
Final training 70/149, loss: 4.9832, time 41.98s, lr: 0.000180
Accuracy: 0.340
class                  precision    recall   specificity      f1   support
--------------------------------------------------------------------------
0                          0.500     0.030         0.985   0.057        33
1                          0.333     0.118         0.879   0.174        34
2                          0.337     0.879         0.149   0.487        33
*----------------------------------------*
0 Mon Nov  3 10:57:53 2025 Epoch: 71
Epoch: 71/150 Iter: 0/25 loss: 4.8718 acc: 0.3333 time 4.77s
Epoch: 71/150 Iter: 1/25 loss: 4.6623 acc: 0.4167 time 1.28s
Epoch: 71/150 Iter: 2/25 loss: 4.7377 acc: 0.2778 time 1.60s
Epoch: 71/150 Iter: 3/25 loss: 4.7509 acc: 0.2917 time 1.32s
Epoch: 71/150 Iter: 4/25 loss: 5.0226 acc: 0.2333 time 1.32s
Epoch: 71/150 Iter: 5/25 loss: 5.0110 acc: 0.2500 time 1.33s
Epoch: 71/150 Iter: 6/25 loss: 4.9753 acc: 0.2619 time 1.35s
Epoch: 71/150 Iter: 7/25 loss: 4.9664 acc: 0.2292 time 1.33s
Epoch: 71/150 Iter: 8/25 loss: 5.0435 acc: 0.2407 time 1.30s
Epoch: 71/150 Iter: 9/25 loss: 5.0404 acc: 0.2500 time 1.28s
Epoch: 71/150 Iter: 10/25 loss: 4.9942 acc: 0.2727 time 1.42s
Epoch: 71/150 Iter: 11/25 loss: 5.0490 acc: 0.2917 time 1.35s
Epoch: 71/150 Iter: 12/25 loss: 5.0129 acc: 0.2949 time 1.31s
Epoch: 71/150 Iter: 13/25 loss: 4.9972 acc: 0.2976 time 1.28s
Epoch: 71/150 Iter: 14/25 loss: 5.0029 acc: 0.2778 time 1.26s
Epoch: 71/150 Iter: 15/25 loss: 4.9990 acc: 0.2813 time 1.35s
Epoch: 71/150 Iter: 16/25 loss: 4.9762 acc: 0.2941 time 1.29s
Epoch: 71/150 Iter: 17/25 loss: 4.9920 acc: 0.2778 time 1.25s
Epoch: 71/150 Iter: 18/25 loss: 4.9675 acc: 0.2807 time 1.29s
Epoch: 71/150 Iter: 19/25 loss: 4.9639 acc: 0.2833 time 1.33s
Epoch: 71/150 Iter: 20/25 loss: 4.9613 acc: 0.2698 time 1.25s
Epoch: 71/150 Iter: 21/25 loss: 4.9702 acc: 0.2576 time 1.37s
Epoch: 71/150 Iter: 22/25 loss: 4.9568 acc: 0.2826 time 1.28s
Epoch: 71/150 Iter: 23/25 loss: 4.9593 acc: 0.2847 time 2.65s
Epoch: 71/150 Iter: 24/25 loss: 4.9540 acc: 0.2867 time 1.27s
[Train epoch 71] avg_loss=4.9540 avg_acc=0.2867 | per-class [c0: 0.500, c1: 0.250, c2: 0.088]
Final training 71/149, loss: 4.9540, time 37.86s, lr: 0.000176
Accuracy: 0.280
class                  precision    recall   specificity      f1   support
--------------------------------------------------------------------------
0                          0.283     0.500         0.348   0.362        34
1                          0.250     0.250         0.647   0.250        32
2                          0.375     0.088         0.924   0.143        34
*----------------------------------------*
Val 71/150 0/27, Acc: 0.0000, time 0.33s
Val 71/150 1/27, Acc: 0.5000, time 0.35s
Val 71/150 2/27, Acc: 0.3333, time 0.33s
Val 71/150 3/27, Acc: 0.2500, time 0.33s
Val 71/150 4/27, Acc: 0.2000, time 0.37s
Val 71/150 5/27, Acc: 0.1667, time 0.34s
Val 71/150 6/27, Acc: 0.1429, time 0.42s
Val 71/150 7/27, Acc: 0.2500, time 0.34s
Val 71/150 8/27, Acc: 0.2222, time 0.34s
Val 71/150 9/27, Acc: 0.3000, time 0.33s
Val 71/150 10/27, Acc: 0.3636, time 0.34s
Val 71/150 11/27, Acc: 0.4167, time 0.38s
Val 71/150 12/27, Acc: 0.4615, time 0.33s
Val 71/150 13/27, Acc: 0.5000, time 0.33s
Val 71/150 14/27, Acc: 0.5333, time 0.33s
Val 71/150 15/27, Acc: 0.5000, time 0.34s
Val 71/150 16/27, Acc: 0.4706, time 0.33s
Val 71/150 17/27, Acc: 0.4444, time 0.39s
Val 71/150 18/27, Acc: 0.4737, time 0.33s
Val 71/150 19/27, Acc: 0.5000, time 0.33s
Val 71/150 20/27, Acc: 0.4762, time 0.33s
Val 71/150 21/27, Acc: 0.4545, time 0.51s
Val 71/150 22/27, Acc: 0.4348, time 0.58s
Val 71/150 23/27, Acc: 0.4167, time 0.37s
Val 71/150 24/27, Acc: 0.4000, time 0.34s
Val 71/150 25/27, Acc: 0.4231, time 0.34s
Val 71/150 26/27, Acc: 0.4074, time 0.32s
[Val epoch 71] avg_acc=0.4074 | per-class [c0: 0.444, c1: 0.000, c2: 0.778]
Final validation 71/149, Val_acc: 0.4074, time 9.70sAccuracy: 0.407
class                  precision    recall   specificity      f1   support
--------------------------------------------------------------------------
0                          0.308     0.444         0.500   0.364         9
1                          0.000     0.000         0.778   0.000         9
2                          0.700     0.778         0.833   0.737         9
*========================================*
Saving checkpoint outputs/OrganoidsINRIA/resnet50/2025-11-03-10-04/model_final.pt
0 Mon Nov  3 10:58:43 2025 Epoch: 72
Epoch: 72/150 Iter: 0/25 loss: 4.7645 acc: 0.5000 time 2.55s
Epoch: 72/150 Iter: 1/25 loss: 4.7460 acc: 0.5000 time 1.61s
Epoch: 72/150 Iter: 2/25 loss: 4.7972 acc: 0.5000 time 1.33s
Epoch: 72/150 Iter: 3/25 loss: 4.8226 acc: 0.4583 time 1.50s
Epoch: 72/150 Iter: 4/25 loss: 4.8377 acc: 0.3667 time 2.67s
Epoch: 72/150 Iter: 5/25 loss: 4.8168 acc: 0.4167 time 1.31s
Epoch: 72/150 Iter: 6/25 loss: 4.8233 acc: 0.4524 time 1.36s
Epoch: 72/150 Iter: 7/25 loss: 4.8358 acc: 0.4375 time 1.29s
Epoch: 72/150 Iter: 8/25 loss: 4.8510 acc: 0.3889 time 1.32s
Epoch: 72/150 Iter: 9/25 loss: 4.8502 acc: 0.3833 time 1.27s
Epoch: 72/150 Iter: 10/25 loss: 4.8930 acc: 0.3485 time 1.37s
Epoch: 72/150 Iter: 11/25 loss: 4.9080 acc: 0.3472 time 1.26s
Epoch: 72/150 Iter: 12/25 loss: 4.8975 acc: 0.3462 time 2.78s
Epoch: 72/150 Iter: 13/25 loss: 4.9222 acc: 0.3571 time 1.39s
Epoch: 72/150 Iter: 14/25 loss: 4.9476 acc: 0.3667 time 1.29s
Epoch: 72/150 Iter: 15/25 loss: 4.9362 acc: 0.3646 time 1.28s
Epoch: 72/150 Iter: 16/25 loss: 4.9284 acc: 0.3627 time 1.25s
Epoch: 72/150 Iter: 17/25 loss: 4.9054 acc: 0.3704 time 1.28s
Epoch: 72/150 Iter: 18/25 loss: 4.9149 acc: 0.3684 time 2.62s
Epoch: 72/150 Iter: 19/25 loss: 4.9340 acc: 0.3667 time 1.27s
Epoch: 72/150 Iter: 20/25 loss: 4.9476 acc: 0.3571 time 1.26s
Epoch: 72/150 Iter: 21/25 loss: 4.9663 acc: 0.3561 time 2.59s
Epoch: 72/150 Iter: 22/25 loss: 4.9593 acc: 0.3551 time 1.28s
Epoch: 72/150 Iter: 23/25 loss: 4.9562 acc: 0.3611 time 2.60s
Epoch: 72/150 Iter: 24/25 loss: 4.9539 acc: 0.3600 time 1.36s
[Train epoch 72] avg_loss=4.9539 avg_acc=0.3600 | per-class [c0: 0.515, c1: 0.061, c2: 0.353]
Final training 72/149, loss: 4.9539, time 41.11s, lr: 0.000173
Accuracy: 0.310
class                  precision    recall   specificity      f1   support
--------------------------------------------------------------------------
0                          0.309     0.515         0.433   0.386        33
1                          0.333     0.061         0.940   0.103        33
2                          0.308     0.353         0.591   0.329        34
*----------------------------------------*
0 Mon Nov  3 10:59:24 2025 Epoch: 73
Epoch: 73/150 Iter: 0/25 loss: 4.6480 acc: 0.5000 time 4.28s
Epoch: 73/150 Iter: 1/25 loss: 4.7505 acc: 0.4167 time 1.29s
Epoch: 73/150 Iter: 2/25 loss: 4.6637 acc: 0.5278 time 1.32s
Epoch: 73/150 Iter: 3/25 loss: 4.6891 acc: 0.4375 time 2.82s
Epoch: 73/150 Iter: 4/25 loss: 4.7646 acc: 0.4167 time 1.35s
Epoch: 73/150 Iter: 5/25 loss: 4.6685 acc: 0.4583 time 1.36s
Epoch: 73/150 Iter: 6/25 loss: 4.8542 acc: 0.3929 time 1.30s
Epoch: 73/150 Iter: 7/25 loss: 4.9245 acc: 0.3854 time 2.79s
Epoch: 73/150 Iter: 8/25 loss: 4.9720 acc: 0.3981 time 1.31s
Epoch: 73/150 Iter: 9/25 loss: 4.9520 acc: 0.3917 time 1.25s
Epoch: 73/150 Iter: 10/25 loss: 4.9197 acc: 0.4167 time 2.63s
Epoch: 73/150 Iter: 11/25 loss: 4.8523 acc: 0.4236 time 1.29s
Epoch: 73/150 Iter: 12/25 loss: 4.8350 acc: 0.4167 time 1.37s
Epoch: 73/150 Iter: 13/25 loss: 4.8478 acc: 0.3869 time 1.26s
Epoch: 73/150 Iter: 14/25 loss: 4.9242 acc: 0.3611 time 1.35s
Epoch: 73/150 Iter: 15/25 loss: 4.9765 acc: 0.3698 time 1.28s
Epoch: 73/150 Iter: 16/25 loss: 4.9554 acc: 0.3873 time 1.29s
Epoch: 73/150 Iter: 17/25 loss: 5.0164 acc: 0.3657 time 2.62s
Epoch: 73/150 Iter: 18/25 loss: 4.9945 acc: 0.3640 time 1.27s
Epoch: 73/150 Iter: 19/25 loss: 5.0139 acc: 0.3625 time 1.27s
Epoch: 73/150 Iter: 20/25 loss: 4.9995 acc: 0.3532 time 1.28s
Epoch: 73/150 Iter: 21/25 loss: 4.9733 acc: 0.3712 time 1.28s
Epoch: 73/150 Iter: 22/25 loss: 4.9745 acc: 0.3551 time 1.28s
Epoch: 73/150 Iter: 23/25 loss: 4.9721 acc: 0.3542 time 2.59s
Epoch: 73/150 Iter: 24/25 loss: 4.9705 acc: 0.3467 time 1.30s
[Train epoch 73] avg_loss=4.9705 avg_acc=0.3467 | per-class [c0: 0.000, c1: 0.594, c2: 0.500]
Final training 73/149, loss: 4.9705, time 42.46s, lr: 0.000170
Accuracy: 0.360
class                  precision    recall   specificity      f1   support
--------------------------------------------------------------------------
0                          0.000     0.000         1.000   0.000        34
1                          0.328     0.594         0.426   0.422        32
2                          0.405     0.500         0.621   0.447        34
*----------------------------------------*
0 Mon Nov  3 11:00:06 2025 Epoch: 74
Epoch: 74/150 Iter: 0/25 loss: 4.7429 acc: 0.2500 time 3.55s
Epoch: 74/150 Iter: 1/25 loss: 4.6446 acc: 0.1806 time 1.52s
Epoch: 74/150 Iter: 2/25 loss: 4.7118 acc: 0.2870 time 1.35s
Epoch: 74/150 Iter: 3/25 loss: 4.7001 acc: 0.3403 time 1.32s
Epoch: 74/150 Iter: 4/25 loss: 4.7558 acc: 0.2722 time 1.29s
Epoch: 74/150 Iter: 5/25 loss: 4.7397 acc: 0.3102 time 2.63s
Epoch: 74/150 Iter: 6/25 loss: 4.7554 acc: 0.3135 time 1.32s
Epoch: 74/150 Iter: 7/25 loss: 4.7392 acc: 0.3021 time 1.37s
Epoch: 74/150 Iter: 8/25 loss: 4.7927 acc: 0.2870 time 2.68s
Epoch: 74/150 Iter: 9/25 loss: 4.8611 acc: 0.3083 time 1.37s
Epoch: 74/150 Iter: 10/25 loss: 4.8266 acc: 0.3258 time 1.26s
Epoch: 74/150 Iter: 11/25 loss: 4.8628 acc: 0.3264 time 2.63s
Epoch: 74/150 Iter: 12/25 loss: 4.8914 acc: 0.3269 time 1.40s
Epoch: 74/150 Iter: 13/25 loss: 4.9060 acc: 0.3274 time 1.29s
Epoch: 74/150 Iter: 14/25 loss: 4.9093 acc: 0.3167 time 1.26s
Epoch: 74/150 Iter: 15/25 loss: 4.8981 acc: 0.3177 time 1.24s
Epoch: 74/150 Iter: 16/25 loss: 4.9248 acc: 0.2990 time 2.62s
Epoch: 74/150 Iter: 17/25 loss: 4.9172 acc: 0.3102 time 2.60s
Epoch: 74/150 Iter: 18/25 loss: 4.9268 acc: 0.3114 time 1.26s
Epoch: 74/150 Iter: 19/25 loss: 4.9158 acc: 0.3042 time 1.29s
Epoch: 74/150 Iter: 20/25 loss: 4.9044 acc: 0.2976 time 2.61s
Epoch: 74/150 Iter: 21/25 loss: 4.8939 acc: 0.2992 time 1.30s
Epoch: 74/150 Iter: 22/25 loss: 4.8922 acc: 0.2935 time 2.58s
Epoch: 74/150 Iter: 23/25 loss: 4.9036 acc: 0.2882 time 2.62s
Epoch: 74/150 Iter: 24/25 loss: 4.9011 acc: 0.2900 time 1.27s
[Train epoch 74] avg_loss=4.9011 avg_acc=0.2900 | per-class [c0: 0.344, c1: 0.529, c2: 0.118]
Final training 74/149, loss: 4.9011, time 45.67s, lr: 0.000167
Accuracy: 0.330
class                  precision    recall   specificity      f1   support
--------------------------------------------------------------------------
0                          0.324     0.344         0.662   0.333        32
1                          0.327     0.529         0.439   0.404        34
2                          0.364     0.118         0.894   0.178        34
*----------------------------------------*
0 Mon Nov  3 11:00:52 2025 Epoch: 75
Epoch: 75/150 Iter: 0/25 loss: 4.8948 acc: 0.3333 sim_loss: 0.0000 time 3.77s
Epoch: 75/150 Iter: 1/25 loss: 4.7814 acc: 0.4167 time 1.56s
Epoch: 75/150 Iter: 2/25 loss: 4.9092 acc: 0.2778 time 1.35s
Epoch: 75/150 Iter: 3/25 loss: 4.8328 acc: 0.2639 time 1.37s
Epoch: 75/150 Iter: 4/25 loss: 4.9255 acc: 0.2111 time 1.35s
Epoch: 75/150 Iter: 5/25 loss: 4.9387 acc: 0.2315 time 1.29s
Epoch: 75/150 Iter: 6/25 loss: 4.9802 acc: 0.2698 time 1.29s
Epoch: 75/150 Iter: 7/25 loss: 4.9747 acc: 0.2986 time 1.31s
Epoch: 75/150 Iter: 8/25 loss: 4.9677 acc: 0.3025 time 1.30s
Epoch: 75/150 Iter: 9/25 loss: 5.0270 acc: 0.2722 time 1.35s
Epoch: 75/150 Iter: 10/25 loss: 5.0106 acc: 0.2576 time 1.29s
Epoch: 75/150 Iter: 11/25 loss: 4.9800 acc: 0.2639 time 1.28s
Epoch: 75/150 Iter: 12/25 loss: 4.9485 acc: 0.2949 time 2.62s
Epoch: 75/150 Iter: 13/25 loss: 4.9434 acc: 0.3095 time 2.60s
Epoch: 75/150 Iter: 14/25 loss: 4.9217 acc: 0.3222 time 1.28s
Epoch: 75/150 Iter: 15/25 loss: 4.9050 acc: 0.3438 time 1.41s
Epoch: 75/150 Iter: 16/25 loss: 4.9098 acc: 0.3235 time 2.68s
Epoch: 75/150 Iter: 17/25 loss: 4.9048 acc: 0.3333 time 1.34s
Epoch: 75/150 Iter: 18/25 loss: 4.8981 acc: 0.3333 time 1.36s
Epoch: 75/150 Iter: 19/25 loss: 4.8957 acc: 0.3333 time 1.27s
Epoch: 75/150 Iter: 20/25 loss: 4.8875 acc: 0.3333 time 1.25s
Epoch: 75/150 Iter: 21/25 loss: 4.8921 acc: 0.3182 time 1.28s
Epoch: 75/150 Iter: 22/25 loss: 4.8955 acc: 0.3333 time 1.28s
Epoch: 75/150 Iter: 23/25 loss: 4.8872 acc: 0.3287 time 1.36s
Epoch: 75/150 Iter: 24/25 loss: 4.8914 acc: 0.3222 time 1.26s
[Train epoch 75] avg_loss=4.8914 avg_acc=0.3222 | per-class [c0: 0.147, c1: 0.000, c2: 0.848]
Final training 75/149, loss: 4.8914, time 39.56s, lr: 0.000163
Accuracy: 0.330
class                  precision    recall   specificity      f1   support
--------------------------------------------------------------------------
0                          0.333     0.147         0.848   0.204        34
1                          0.000     0.000         0.940   0.000        33
2                          0.346     0.848         0.209   0.491        33
*----------------------------------------*
Val 75/150 0/27, Acc: 0.0000, time 0.33s
Val 75/150 1/27, Acc: 0.5000, time 0.35s
Val 75/150 2/27, Acc: 0.3333, time 0.33s
Val 75/150 3/27, Acc: 0.2500, time 0.33s
Val 75/150 4/27, Acc: 0.2000, time 0.37s
Val 75/150 5/27, Acc: 0.1667, time 0.34s
Val 75/150 6/27, Acc: 0.1429, time 0.42s
Val 75/150 7/27, Acc: 0.1250, time 0.34s
Val 75/150 8/27, Acc: 0.1111, time 0.34s
Val 75/150 9/27, Acc: 0.1000, time 0.33s
Val 75/150 10/27, Acc: 0.1818, time 0.34s
Val 75/150 11/27, Acc: 0.2500, time 0.38s
Val 75/150 12/27, Acc: 0.2308, time 0.33s
Val 75/150 13/27, Acc: 0.2143, time 0.33s
Val 75/150 14/27, Acc: 0.2667, time 0.33s
Val 75/150 15/27, Acc: 0.2500, time 0.34s
Val 75/150 16/27, Acc: 0.2353, time 0.33s
Val 75/150 17/27, Acc: 0.2222, time 0.39s
Val 75/150 18/27, Acc: 0.2105, time 0.33s
Val 75/150 19/27, Acc: 0.2000, time 0.33s
Val 75/150 20/27, Acc: 0.1905, time 0.33s
Val 75/150 21/27, Acc: 0.1818, time 0.34s
Val 75/150 22/27, Acc: 0.1739, time 0.40s
Val 75/150 23/27, Acc: 0.2083, time 0.37s
Val 75/150 24/27, Acc: 0.2000, time 0.34s
Val 75/150 25/27, Acc: 0.1923, time 0.34s
Val 75/150 26/27, Acc: 0.1852, time 0.32s
[Val epoch 75] avg_acc=0.1852 | per-class [c0: 0.556, c1: 0.000, c2: 0.000]
Final validation 75/149, Val_acc: 0.1852, time 9.35sAccuracy: 0.185
class                  precision    recall   specificity      f1   support
--------------------------------------------------------------------------
0                          0.217     0.556         0.000   0.312         9
1                          0.000     0.000         1.000   0.000         9
2                          0.000     0.000         0.778   0.000         9
*========================================*
Saving checkpoint outputs/OrganoidsINRIA/resnet50/2025-11-03-10-04/model_final.pt
0 Mon Nov  3 11:01:43 2025 Epoch: 76
Epoch: 76/150 Iter: 0/25 loss: 4.9861 acc: 0.0000 time 2.41s
Epoch: 76/150 Iter: 1/25 loss: 4.7980 acc: 0.1667 time 1.35s
Epoch: 76/150 Iter: 2/25 loss: 4.7494 acc: 0.2778 time 1.33s
Epoch: 76/150 Iter: 3/25 loss: 4.7384 acc: 0.2917 time 1.36s
Epoch: 76/150 Iter: 4/25 loss: 4.8105 acc: 0.2333 time 1.35s
Epoch: 76/150 Iter: 5/25 loss: 4.8564 acc: 0.1944 time 2.63s
Epoch: 76/150 Iter: 6/25 loss: 4.8723 acc: 0.1667 time 2.62s
Epoch: 76/150 Iter: 7/25 loss: 4.8687 acc: 0.2292 time 1.30s
Epoch: 76/150 Iter: 8/25 loss: 4.8475 acc: 0.2593 time 2.61s
Epoch: 76/150 Iter: 9/25 loss: 4.8549 acc: 0.2500 time 1.28s
Epoch: 76/150 Iter: 10/25 loss: 4.8514 acc: 0.2475 time 1.26s
Epoch: 76/150 Iter: 11/25 loss: 4.8398 acc: 0.2407 time 2.64s
Epoch: 76/150 Iter: 12/25 loss: 4.8486 acc: 0.2479 time 1.36s
Epoch: 76/150 Iter: 13/25 loss: 4.8596 acc: 0.2540 time 2.62s
Epoch: 76/150 Iter: 14/25 loss: 4.8798 acc: 0.2370 time 1.27s
Epoch: 76/150 Iter: 15/25 loss: 4.8826 acc: 0.2431 time 1.29s
Epoch: 76/150 Iter: 16/25 loss: 4.8868 acc: 0.2484 time 2.64s
Epoch: 76/150 Iter: 17/25 loss: 4.9050 acc: 0.2531 time 1.29s
Epoch: 76/150 Iter: 18/25 loss: 4.9387 acc: 0.2398 time 1.28s
Epoch: 76/150 Iter: 19/25 loss: 4.9297 acc: 0.2611 time 1.27s
Epoch: 76/150 Iter: 20/25 loss: 4.9293 acc: 0.2646 time 1.25s
Epoch: 76/150 Iter: 21/25 loss: 4.9299 acc: 0.2753 time 1.31s
Epoch: 76/150 Iter: 22/25 loss: 4.9217 acc: 0.3068 time 1.36s
Epoch: 76/150 Iter: 23/25 loss: 4.9255 acc: 0.2940 time 1.27s
Epoch: 76/150 Iter: 24/25 loss: 4.9193 acc: 0.3122 time 2.61s
[Train epoch 76] avg_loss=4.9193 avg_acc=0.3122 | per-class [c0: 0.758, c1: 0.303, c2: 0.088]
Final training 76/149, loss: 4.9193, time 43.00s, lr: 0.000160
Accuracy: 0.380
class                  precision    recall   specificity      f1   support
--------------------------------------------------------------------------
0                          0.379     0.758         0.388   0.505        33
1                          0.370     0.303         0.746   0.333        33
2                          0.429     0.088         0.939   0.146        34
*----------------------------------------*
0 Mon Nov  3 11:02:26 2025 Epoch: 77
Epoch: 77/150 Iter: 0/25 loss: 5.0636 acc: 0.3333 time 2.41s
Epoch: 77/150 Iter: 1/25 loss: 5.0161 acc: 0.2500 time 2.68s
Epoch: 77/150 Iter: 2/25 loss: 5.0144 acc: 0.2037 time 1.35s
Epoch: 77/150 Iter: 3/25 loss: 5.0120 acc: 0.2778 time 2.68s
Epoch: 77/150 Iter: 4/25 loss: 4.9981 acc: 0.3556 time 1.48s
Epoch: 77/150 Iter: 5/25 loss: 5.0016 acc: 0.2963 time 1.36s
Epoch: 77/150 Iter: 6/25 loss: 4.9702 acc: 0.3016 time 1.58s
Epoch: 77/150 Iter: 7/25 loss: 4.9284 acc: 0.3472 time 1.35s
Epoch: 77/150 Iter: 8/25 loss: 4.8911 acc: 0.4198 time 1.31s
Epoch: 77/150 Iter: 9/25 loss: 4.8842 acc: 0.4028 time 1.28s
Epoch: 77/150 Iter: 10/25 loss: 4.8824 acc: 0.3864 time 1.28s
Epoch: 77/150 Iter: 11/25 loss: 4.8762 acc: 0.3542 time 1.24s
Epoch: 77/150 Iter: 12/25 loss: 4.8843 acc: 0.3526 time 1.27s
Epoch: 77/150 Iter: 13/25 loss: 4.8734 acc: 0.3631 time 2.59s
Epoch: 77/150 Iter: 14/25 loss: 4.8674 acc: 0.3722 time 1.27s
Epoch: 77/150 Iter: 15/25 loss: 4.8789 acc: 0.3559 time 1.29s
Epoch: 77/150 Iter: 16/25 loss: 4.8790 acc: 0.3546 time 1.29s
Epoch: 77/150 Iter: 17/25 loss: 4.8693 acc: 0.3719 time 2.68s
Epoch: 77/150 Iter: 18/25 loss: 4.8518 acc: 0.3699 time 1.29s
Epoch: 77/150 Iter: 19/25 loss: 4.8416 acc: 0.3764 time 1.25s
Epoch: 77/150 Iter: 20/25 loss: 4.8459 acc: 0.3743 time 1.43s
Epoch: 77/150 Iter: 21/25 loss: 4.8460 acc: 0.3624 time 1.25s
Epoch: 77/150 Iter: 22/25 loss: 4.8582 acc: 0.3611 time 1.27s
Epoch: 77/150 Iter: 23/25 loss: 4.8558 acc: 0.3669 time 2.62s
Epoch: 77/150 Iter: 24/25 loss: 4.8573 acc: 0.3722 time 1.26s
[Train epoch 77] avg_loss=4.8573 avg_acc=0.3722 | per-class [c0: 0.030, c1: 0.515, c2: 0.588]
Final training 77/149, loss: 4.8573, time 40.80s, lr: 0.000157
Accuracy: 0.380
class                  precision    recall   specificity      f1   support
--------------------------------------------------------------------------
0                          1.000     0.030         1.000   0.059        33
1                          0.395     0.515         0.612   0.447        33
2                          0.357     0.588         0.455   0.444        34
*----------------------------------------*
0 Mon Nov  3 11:03:07 2025 Epoch: 78
Epoch: 78/150 Iter: 0/25 loss: 4.7641 acc: 0.3333 time 4.73s
Epoch: 78/150 Iter: 1/25 loss: 4.8394 acc: 0.4167 time 1.31s
Epoch: 78/150 Iter: 2/25 loss: 4.8726 acc: 0.4444 time 2.64s
Epoch: 78/150 Iter: 3/25 loss: 4.8108 acc: 0.4583 time 1.32s
Epoch: 78/150 Iter: 4/25 loss: 4.8288 acc: 0.4333 time 1.32s
Epoch: 78/150 Iter: 5/25 loss: 4.8256 acc: 0.4028 time 2.73s
Epoch: 78/150 Iter: 6/25 loss: 4.8361 acc: 0.3929 time 1.32s
Epoch: 78/150 Iter: 7/25 loss: 4.8325 acc: 0.4063 time 1.27s
Epoch: 78/150 Iter: 8/25 loss: 4.8457 acc: 0.3981 time 1.32s
Epoch: 78/150 Iter: 9/25 loss: 4.8694 acc: 0.3583 time 1.28s
Epoch: 78/150 Iter: 10/25 loss: 4.8823 acc: 0.3409 time 1.25s
Epoch: 78/150 Iter: 11/25 loss: 4.8494 acc: 0.3542 time 1.27s
Epoch: 78/150 Iter: 12/25 loss: 4.8682 acc: 0.3526 time 2.71s
Epoch: 78/150 Iter: 13/25 loss: 4.8345 acc: 0.3988 time 1.29s
Epoch: 78/150 Iter: 14/25 loss: 4.8653 acc: 0.3722 time 1.32s
Epoch: 78/150 Iter: 15/25 loss: 4.8582 acc: 0.3802 time 1.28s
Epoch: 78/150 Iter: 16/25 loss: 4.8832 acc: 0.3578 time 1.27s
Epoch: 78/150 Iter: 17/25 loss: 4.8873 acc: 0.3565 time 1.27s
Epoch: 78/150 Iter: 18/25 loss: 4.8910 acc: 0.3465 time 1.29s
Epoch: 78/150 Iter: 19/25 loss: 4.8831 acc: 0.3542 time 1.25s
Epoch: 78/150 Iter: 20/25 loss: 4.9032 acc: 0.3373 time 1.25s
Epoch: 78/150 Iter: 21/25 loss: 4.9085 acc: 0.3295 time 1.27s
Epoch: 78/150 Iter: 22/25 loss: 4.9099 acc: 0.3200 time 1.27s
Epoch: 78/150 Iter: 23/25 loss: 4.9041 acc: 0.3252 time 1.28s
Epoch: 78/150 Iter: 24/25 loss: 4.8987 acc: 0.3256 time 1.24s
[Train epoch 78] avg_loss=4.8987 avg_acc=0.3256 | per-class [c0: 0.059, c1: 0.303, c2: 0.758]
Final training 78/149, loss: 4.8987, time 39.78s, lr: 0.000153
Accuracy: 0.370
class                  precision    recall   specificity      f1   support
--------------------------------------------------------------------------
0                          0.500     0.059         0.970   0.105        34
1                          0.400     0.303         0.776   0.345        33
2                          0.352     0.758         0.313   0.481        33
*----------------------------------------*
0 Mon Nov  3 11:03:47 2025 Epoch: 79
Epoch: 79/150 Iter: 0/25 loss: 5.0149 acc: 0.6667 time 2.94s
Epoch: 79/150 Iter: 1/25 loss: 4.9642 acc: 0.3889 time 1.37s
Epoch: 79/150 Iter: 2/25 loss: 4.9096 acc: 0.3704 time 1.32s
Epoch: 79/150 Iter: 3/25 loss: 4.9068 acc: 0.3611 time 1.31s
Epoch: 79/150 Iter: 4/25 loss: 4.8355 acc: 0.3556 time 1.38s
Epoch: 79/150 Iter: 5/25 loss: 4.7768 acc: 0.3796 time 1.34s
Epoch: 79/150 Iter: 6/25 loss: 4.8039 acc: 0.3730 time 1.46s
Epoch: 79/150 Iter: 7/25 loss: 4.7783 acc: 0.3889 time 1.34s
Epoch: 79/150 Iter: 8/25 loss: 4.8416 acc: 0.3457 time 2.65s
Epoch: 79/150 Iter: 9/25 loss: 4.8673 acc: 0.3444 time 1.27s
Epoch: 79/150 Iter: 10/25 loss: 4.8795 acc: 0.3434 time 1.25s
Epoch: 79/150 Iter: 11/25 loss: 4.8728 acc: 0.3565 time 1.25s
Epoch: 79/150 Iter: 12/25 loss: 4.8881 acc: 0.3547 time 1.28s
Epoch: 79/150 Iter: 13/25 loss: 4.8908 acc: 0.3532 time 1.25s
Epoch: 79/150 Iter: 14/25 loss: 4.9454 acc: 0.3296 time 1.36s
Epoch: 79/150 Iter: 15/25 loss: 4.9267 acc: 0.3403 time 1.27s
Epoch: 79/150 Iter: 16/25 loss: 4.9054 acc: 0.3276 time 1.25s
Epoch: 79/150 Iter: 17/25 loss: 4.8832 acc: 0.3372 time 1.27s
Epoch: 79/150 Iter: 18/25 loss: 4.9079 acc: 0.3194 time 1.41s
Epoch: 79/150 Iter: 19/25 loss: 4.9243 acc: 0.3035 time 1.28s
Epoch: 79/150 Iter: 20/25 loss: 4.9294 acc: 0.2890 time 1.28s
Epoch: 79/150 Iter: 21/25 loss: 4.9472 acc: 0.2835 time 2.72s
Epoch: 79/150 Iter: 22/25 loss: 4.9509 acc: 0.2711 time 1.28s
Epoch: 79/150 Iter: 23/25 loss: 4.9625 acc: 0.2737 time 2.62s
Epoch: 79/150 Iter: 24/25 loss: 4.9596 acc: 0.2761 time 1.29s
[Train epoch 79] avg_loss=4.9596 avg_acc=0.2761 | per-class [c0: 0.606, c1: 0.206, c2: 0.030]
Final training 79/149, loss: 4.9596, time 38.48s, lr: 0.000150
Accuracy: 0.280
class                  precision    recall   specificity      f1   support
--------------------------------------------------------------------------
0                          0.333     0.606         0.403   0.430        33
1                          0.206     0.206         0.591   0.206        34
2                          0.167     0.030         0.925   0.051        33
*----------------------------------------*
Val 79/150 0/27, Acc: 0.0000, time 0.35s
Val 79/150 1/27, Acc: 0.5000, time 0.35s
Val 79/150 2/27, Acc: 0.3333, time 0.33s
Val 79/150 3/27, Acc: 0.2500, time 0.33s
Val 79/150 4/27, Acc: 0.2000, time 0.37s
Val 79/150 5/27, Acc: 0.1667, time 0.34s
Val 79/150 6/27, Acc: 0.1429, time 0.43s
Val 79/150 7/27, Acc: 0.2500, time 0.34s
Val 79/150 8/27, Acc: 0.2222, time 0.34s
Val 79/150 9/27, Acc: 0.3000, time 0.33s
Val 79/150 10/27, Acc: 0.3636, time 0.34s
Val 79/150 11/27, Acc: 0.4167, time 0.38s
Val 79/150 12/27, Acc: 0.4615, time 0.33s
Val 79/150 13/27, Acc: 0.5000, time 0.33s
Val 79/150 14/27, Acc: 0.5333, time 0.33s
Val 79/150 15/27, Acc: 0.5000, time 0.34s
Val 79/150 16/27, Acc: 0.4706, time 0.33s
Val 79/150 17/27, Acc: 0.4444, time 0.39s
Val 79/150 18/27, Acc: 0.4211, time 0.33s
Val 79/150 19/27, Acc: 0.4000, time 0.33s
Val 79/150 20/27, Acc: 0.3810, time 0.33s
Val 79/150 21/27, Acc: 0.3636, time 0.34s
Val 79/150 22/27, Acc: 0.3478, time 0.40s
Val 79/150 23/27, Acc: 0.3750, time 0.37s
Val 79/150 24/27, Acc: 0.3600, time 0.34s
Val 79/150 25/27, Acc: 0.3462, time 0.34s
Val 79/150 26/27, Acc: 0.3333, time 0.32s
[Val epoch 79] avg_acc=0.3333 | per-class [c0: 0.556, c1: 0.000, c2: 0.444]
Final validation 79/149, Val_acc: 0.3333, time 9.37sAccuracy: 0.333
class                  precision    recall   specificity      f1   support
--------------------------------------------------------------------------
0                          0.312     0.556         0.389   0.400         9
1                          0.000     0.000         0.722   0.000         9
2                          0.667     0.444         0.889   0.533         9
*========================================*
Saving checkpoint outputs/OrganoidsINRIA/resnet50/2025-11-03-10-04/model_final.pt
0 Mon Nov  3 11:04:37 2025 Epoch: 80
Epoch: 80/150 Iter: 0/25 loss: 4.8836 acc: 0.5000 time 2.77s
Epoch: 80/150 Iter: 1/25 loss: 5.0031 acc: 0.2500 time 1.38s
Epoch: 80/150 Iter: 2/25 loss: 4.9233 acc: 0.2778 time 2.63s
Epoch: 80/150 Iter: 3/25 loss: 4.8704 acc: 0.2917 time 2.68s
Epoch: 80/150 Iter: 4/25 loss: 4.8852 acc: 0.3000 time 1.31s
Epoch: 80/150 Iter: 5/25 loss: 4.8848 acc: 0.3056 time 1.33s
Epoch: 80/150 Iter: 6/25 loss: 4.8599 acc: 0.3333 time 1.31s
Epoch: 80/150 Iter: 7/25 loss: 4.8819 acc: 0.3542 time 1.33s
Epoch: 80/150 Iter: 8/25 loss: 4.9360 acc: 0.3519 time 1.29s
Epoch: 80/150 Iter: 9/25 loss: 4.9522 acc: 0.3500 time 1.27s
Epoch: 80/150 Iter: 10/25 loss: 4.8951 acc: 0.3864 time 1.38s
Epoch: 80/150 Iter: 11/25 loss: 4.9528 acc: 0.3819 time 1.25s
Epoch: 80/150 Iter: 12/25 loss: 4.9587 acc: 0.3611 time 2.62s
Epoch: 80/150 Iter: 13/25 loss: 4.9326 acc: 0.3512 time 2.61s
Epoch: 80/150 Iter: 14/25 loss: 4.9303 acc: 0.3500 time 1.28s
Epoch: 80/150 Iter: 15/25 loss: 4.9570 acc: 0.3594 time 1.24s
Epoch: 80/150 Iter: 16/25 loss: 4.9380 acc: 0.3480 time 1.27s
Epoch: 80/150 Iter: 17/25 loss: 4.9419 acc: 0.3657 time 1.35s
Epoch: 80/150 Iter: 18/25 loss: 4.9158 acc: 0.3728 time 1.29s
Epoch: 80/150 Iter: 19/25 loss: 4.9268 acc: 0.3625 time 1.36s
Epoch: 80/150 Iter: 20/25 loss: 4.9135 acc: 0.3611 time 1.32s
Epoch: 80/150 Iter: 21/25 loss: 4.9033 acc: 0.3523 time 1.30s
Epoch: 80/150 Iter: 22/25 loss: 4.9168 acc: 0.3514 time 1.27s
Epoch: 80/150 Iter: 23/25 loss: 4.9159 acc: 0.3507 time 1.27s
Epoch: 80/150 Iter: 24/25 loss: 4.9165 acc: 0.3567 time 1.36s
[Train epoch 80] avg_loss=4.9165 avg_acc=0.3567 | per-class [c0: 0.219, c1: 0.000, c2: 0.794]
Final training 80/149, loss: 4.9165, time 39.50s, lr: 0.000147
Accuracy: 0.340
class                  precision    recall   specificity      f1   support
--------------------------------------------------------------------------
0                          0.412     0.219         0.853   0.286        32
1                          0.000     0.000         0.909   0.000        34
2                          0.351     0.794         0.242   0.486        34
*----------------------------------------*
0 Mon Nov  3 11:05:17 2025 Epoch: 81
Epoch: 81/150 Iter: 0/25 loss: 4.4606 acc: 1.0000 time 2.74s
Epoch: 81/150 Iter: 1/25 loss: 4.6891 acc: 0.5833 time 1.49s
Epoch: 81/150 Iter: 2/25 loss: 4.6432 acc: 0.6389 time 1.35s
Epoch: 81/150 Iter: 3/25 loss: 4.6505 acc: 0.6042 time 2.70s
Epoch: 81/150 Iter: 4/25 loss: 4.6903 acc: 0.5833 time 1.30s
Epoch: 81/150 Iter: 5/25 loss: 4.6875 acc: 0.5694 time 2.67s
Epoch: 81/150 Iter: 6/25 loss: 4.7652 acc: 0.4881 time 1.31s
Epoch: 81/150 Iter: 7/25 loss: 4.7732 acc: 0.4896 time 1.32s
Epoch: 81/150 Iter: 8/25 loss: 4.8244 acc: 0.4352 time 1.29s
Epoch: 81/150 Iter: 9/25 loss: 4.9044 acc: 0.3917 time 1.28s
Epoch: 81/150 Iter: 10/25 loss: 4.8637 acc: 0.4167 time 1.29s
Epoch: 81/150 Iter: 11/25 loss: 4.8361 acc: 0.3958 time 1.25s
Epoch: 81/150 Iter: 12/25 loss: 4.8293 acc: 0.3910 time 1.28s
Epoch: 81/150 Iter: 13/25 loss: 4.8644 acc: 0.3631 time 1.30s
Epoch: 81/150 Iter: 14/25 loss: 4.8286 acc: 0.3889 time 1.29s
Epoch: 81/150 Iter: 15/25 loss: 4.8251 acc: 0.3854 time 1.27s
Epoch: 81/150 Iter: 16/25 loss: 4.8064 acc: 0.4020 time 1.29s
Epoch: 81/150 Iter: 17/25 loss: 4.8141 acc: 0.3981 time 1.27s
Epoch: 81/150 Iter: 18/25 loss: 4.8725 acc: 0.3772 time 1.29s
Epoch: 81/150 Iter: 19/25 loss: 4.8846 acc: 0.3750 time 1.27s
Epoch: 81/150 Iter: 20/25 loss: 4.8639 acc: 0.3968 time 1.30s
Epoch: 81/150 Iter: 21/25 loss: 4.8858 acc: 0.3939 time 1.37s
Epoch: 81/150 Iter: 22/25 loss: 4.8941 acc: 0.3913 time 1.28s
Epoch: 81/150 Iter: 23/25 loss: 4.9012 acc: 0.3750 time 1.29s
Epoch: 81/150 Iter: 24/25 loss: 4.8940 acc: 0.3733 time 1.28s
[Train epoch 81] avg_loss=4.8940 avg_acc=0.3733 | per-class [c0: 0.029, c1: 0.500, c2: 0.647]
Final training 81/149, loss: 4.8940, time 36.83s, lr: 0.000143
Accuracy: 0.390
class                  precision    recall   specificity      f1   support
--------------------------------------------------------------------------
0                          1.000     0.029         1.000   0.057        34
1                          0.381     0.500         0.618   0.432        32
2                          0.386     0.647         0.470   0.484        34
*----------------------------------------*
0 Mon Nov  3 11:05:54 2025 Epoch: 82
Epoch: 82/150 Iter: 0/25 loss: 5.0415 acc: 0.0000 time 3.10s
Epoch: 82/150 Iter: 1/25 loss: 5.0324 acc: 0.0000 time 2.68s
Epoch: 82/150 Iter: 2/25 loss: 4.8826 acc: 0.3333 time 1.34s
Epoch: 82/150 Iter: 3/25 loss: 4.8420 acc: 0.3750 time 1.37s
Epoch: 82/150 Iter: 4/25 loss: 4.8577 acc: 0.3333 time 1.28s
Epoch: 82/150 Iter: 5/25 loss: 4.8436 acc: 0.3611 time 1.35s
Epoch: 82/150 Iter: 6/25 loss: 4.8147 acc: 0.4048 time 2.74s
Epoch: 82/150 Iter: 7/25 loss: 4.8179 acc: 0.3958 time 1.29s
Epoch: 82/150 Iter: 8/25 loss: 4.8310 acc: 0.3889 time 1.57s
Epoch: 82/150 Iter: 9/25 loss: 4.8170 acc: 0.3875 time 2.61s
Epoch: 82/150 Iter: 10/25 loss: 4.8164 acc: 0.3977 time 1.26s
Epoch: 82/150 Iter: 11/25 loss: 4.8346 acc: 0.3785 time 1.31s
Epoch: 82/150 Iter: 12/25 loss: 4.8429 acc: 0.3750 time 1.25s
Epoch: 82/150 Iter: 13/25 loss: 4.8701 acc: 0.3601 time 2.59s
Epoch: 82/150 Iter: 14/25 loss: 4.8576 acc: 0.3694 time 1.25s
Epoch: 82/150 Iter: 15/25 loss: 4.8703 acc: 0.3464 time 1.28s
Epoch: 82/150 Iter: 16/25 loss: 4.8671 acc: 0.3407 time 1.25s
Epoch: 82/150 Iter: 17/25 loss: 4.8687 acc: 0.3310 time 1.29s
Epoch: 82/150 Iter: 18/25 loss: 4.8826 acc: 0.3136 time 1.36s
Epoch: 82/150 Iter: 19/25 loss: 4.8995 acc: 0.2979 time 1.38s
Epoch: 82/150 Iter: 20/25 loss: 4.8972 acc: 0.3075 time 1.28s
Epoch: 82/150 Iter: 21/25 loss: 4.8966 acc: 0.3087 time 2.63s
Epoch: 82/150 Iter: 22/25 loss: 4.8957 acc: 0.3098 time 1.29s
Epoch: 82/150 Iter: 23/25 loss: 4.9025 acc: 0.3108 time 1.29s
Epoch: 82/150 Iter: 24/25 loss: 4.9036 acc: 0.3117 time 1.25s
[Train epoch 82] avg_loss=4.9036 avg_acc=0.3117 | per-class [c0: 0.091, c1: 0.412, c2: 0.545]
Final training 82/149, loss: 4.9036, time 41.32s, lr: 0.000140
Accuracy: 0.350
class                  precision    recall   specificity      f1   support
--------------------------------------------------------------------------
0                          0.750     0.091         0.985   0.162        33
1                          0.341     0.412         0.591   0.373        34
2                          0.327     0.545         0.448   0.409        33
*----------------------------------------*
0 Mon Nov  3 11:06:35 2025 Epoch: 83
Epoch: 83/150 Iter: 0/25 loss: 4.8604 acc: 0.5000 time 3.10s
Epoch: 83/150 Iter: 1/25 loss: 4.8651 acc: 0.3333 time 1.37s
Epoch: 83/150 Iter: 2/25 loss: 4.8781 acc: 0.2778 time 1.50s
Epoch: 83/150 Iter: 3/25 loss: 4.7977 acc: 0.3333 time 2.70s
Epoch: 83/150 Iter: 4/25 loss: 4.8296 acc: 0.4000 time 1.30s
Epoch: 83/150 Iter: 5/25 loss: 4.9110 acc: 0.3333 time 1.32s
Epoch: 83/150 Iter: 6/25 loss: 4.8961 acc: 0.3095 time 1.47s
Epoch: 83/150 Iter: 7/25 loss: 4.8725 acc: 0.3333 time 1.31s
Epoch: 83/150 Iter: 8/25 loss: 4.8574 acc: 0.3333 time 1.36s
Epoch: 83/150 Iter: 9/25 loss: 4.8524 acc: 0.3333 time 1.24s
Epoch: 83/150 Iter: 10/25 loss: 4.8319 acc: 0.3636 time 1.36s
Epoch: 83/150 Iter: 11/25 loss: 4.8599 acc: 0.3472 time 1.28s
Epoch: 83/150 Iter: 12/25 loss: 4.8920 acc: 0.3205 time 1.26s
Epoch: 83/150 Iter: 13/25 loss: 4.8853 acc: 0.3214 time 2.69s
Epoch: 83/150 Iter: 14/25 loss: 4.8523 acc: 0.3333 time 1.29s
Epoch: 83/150 Iter: 15/25 loss: 4.8521 acc: 0.3438 time 2.70s
Epoch: 83/150 Iter: 16/25 loss: 4.8521 acc: 0.3431 time 1.28s
Epoch: 83/150 Iter: 17/25 loss: 4.8594 acc: 0.3333 time 2.59s
Epoch: 83/150 Iter: 18/25 loss: 4.8503 acc: 0.3421 time 2.58s
Epoch: 83/150 Iter: 19/25 loss: 4.8580 acc: 0.3250 time 2.60s
Epoch: 83/150 Iter: 20/25 loss: 4.8670 acc: 0.3095 time 1.25s
Epoch: 83/150 Iter: 21/25 loss: 4.8778 acc: 0.2955 time 1.33s
Epoch: 83/150 Iter: 22/25 loss: 4.8810 acc: 0.2971 time 1.27s
Epoch: 83/150 Iter: 23/25 loss: 4.8890 acc: 0.2847 time 1.28s
Epoch: 83/150 Iter: 24/25 loss: 4.8814 acc: 0.2833 time 1.28s
[Train epoch 83] avg_loss=4.8814 avg_acc=0.2833 | per-class [c0: 0.182, c1: 0.697, c2: 0.059]
Final training 83/149, loss: 4.8814, time 42.72s, lr: 0.000137
Accuracy: 0.310
class                  precision    recall   specificity      f1   support
--------------------------------------------------------------------------
0                          0.300     0.182         0.791   0.226        33
1                          0.319     0.697         0.269   0.438        33
2                          0.250     0.059         0.909   0.095        34
*----------------------------------------*
Val 83/150 0/27, Acc: 0.0000, time 0.34s
Val 83/150 1/27, Acc: 0.0000, time 0.35s
Val 83/150 2/27, Acc: 0.0000, time 0.33s
Val 83/150 3/27, Acc: 0.0000, time 0.33s
Val 83/150 4/27, Acc: 0.0000, time 0.37s
Val 83/150 5/27, Acc: 0.1667, time 0.34s
Val 83/150 6/27, Acc: 0.1429, time 0.42s
Val 83/150 7/27, Acc: 0.2500, time 0.34s
Val 83/150 8/27, Acc: 0.2222, time 0.34s
Val 83/150 9/27, Acc: 0.3000, time 0.33s
Val 83/150 10/27, Acc: 0.2727, time 0.34s
Val 83/150 11/27, Acc: 0.2500, time 0.38s
Val 83/150 12/27, Acc: 0.3077, time 0.33s
Val 83/150 13/27, Acc: 0.3571, time 0.33s
Val 83/150 14/27, Acc: 0.3333, time 0.33s
Val 83/150 15/27, Acc: 0.3125, time 0.34s
Val 83/150 16/27, Acc: 0.2941, time 0.34s
Val 83/150 17/27, Acc: 0.2778, time 0.39s
Val 83/150 18/27, Acc: 0.3158, time 0.33s
Val 83/150 19/27, Acc: 0.3500, time 0.33s
Val 83/150 20/27, Acc: 0.3333, time 0.33s
Val 83/150 21/27, Acc: 0.3636, time 0.34s
Val 83/150 22/27, Acc: 0.3478, time 0.40s
Val 83/150 23/27, Acc: 0.3333, time 0.37s
Val 83/150 24/27, Acc: 0.3200, time 0.34s
Val 83/150 25/27, Acc: 0.3462, time 0.34s
Val 83/150 26/27, Acc: 0.3333, time 0.32s
[Val epoch 83] avg_acc=0.3333 | per-class [c0: 0.000, c1: 0.000, c2: 1.000]
Final validation 83/149, Val_acc: 0.3333, time 9.35sAccuracy: 0.333
class                  precision    recall   specificity      f1   support
--------------------------------------------------------------------------
0                          0.000     0.000         0.944   0.000         9
1                          0.000     0.000         0.778   0.000         9
2                          0.409     1.000         0.278   0.581         9
*========================================*
Saving checkpoint outputs/OrganoidsINRIA/resnet50/2025-11-03-10-04/model_final.pt
0 Mon Nov  3 11:07:30 2025 Epoch: 84
Epoch: 84/150 Iter: 0/25 loss: 4.5506 acc: 0.5000 time 2.70s
Epoch: 84/150 Iter: 1/25 loss: 4.7321 acc: 0.3056 time 1.30s
Epoch: 84/150 Iter: 2/25 loss: 4.7751 acc: 0.2037 time 1.38s
Epoch: 84/150 Iter: 3/25 loss: 4.7776 acc: 0.3194 time 1.30s
Epoch: 84/150 Iter: 4/25 loss: 4.8002 acc: 0.3222 time 1.32s
Epoch: 84/150 Iter: 5/25 loss: 4.7765 acc: 0.3241 time 1.44s
Epoch: 84/150 Iter: 6/25 loss: 4.7957 acc: 0.3254 time 1.33s
Epoch: 84/150 Iter: 7/25 loss: 4.8359 acc: 0.2847 time 1.32s
Epoch: 84/150 Iter: 8/25 loss: 4.7958 acc: 0.3086 time 1.34s
Epoch: 84/150 Iter: 9/25 loss: 4.7534 acc: 0.3278 time 1.44s
Epoch: 84/150 Iter: 10/25 loss: 4.7851 acc: 0.2980 time 1.25s
Epoch: 84/150 Iter: 11/25 loss: 4.8011 acc: 0.3009 time 2.60s
Epoch: 84/150 Iter: 12/25 loss: 4.7919 acc: 0.3034 time 2.61s
Epoch: 84/150 Iter: 13/25 loss: 4.7792 acc: 0.3056 time 1.38s
Epoch: 84/150 Iter: 14/25 loss: 4.8168 acc: 0.2852 time 1.25s
Epoch: 84/150 Iter: 15/25 loss: 4.8033 acc: 0.2986 time 1.28s
Epoch: 84/150 Iter: 16/25 loss: 4.8379 acc: 0.2810 time 1.36s
Epoch: 84/150 Iter: 17/25 loss: 4.8405 acc: 0.2840 time 2.61s
Epoch: 84/150 Iter: 18/25 loss: 4.8368 acc: 0.2865 time 1.29s
Epoch: 84/150 Iter: 19/25 loss: 4.8396 acc: 0.2889 time 1.25s
Epoch: 84/150 Iter: 20/25 loss: 4.8719 acc: 0.2751 time 1.24s
Epoch: 84/150 Iter: 21/25 loss: 4.8808 acc: 0.2854 time 1.25s
Epoch: 84/150 Iter: 22/25 loss: 4.8854 acc: 0.2874 time 1.27s
Epoch: 84/150 Iter: 23/25 loss: 4.8865 acc: 0.2755 time 1.30s
Epoch: 84/150 Iter: 24/25 loss: 4.8922 acc: 0.2844 time 2.61s
[Train epoch 84] avg_loss=4.8922 avg_acc=0.2844 | per-class [c0: 0.719, c1: 0.147, c2: 0.059]
Final training 84/149, loss: 4.8922, time 39.48s, lr: 0.000133
Accuracy: 0.300
class                  precision    recall   specificity      f1   support
--------------------------------------------------------------------------
0                          0.291     0.719         0.176   0.414        32
1                          0.500     0.147         0.924   0.227        34
2                          0.182     0.059         0.864   0.089        34
*----------------------------------------*
0 Mon Nov  3 11:08:09 2025 Epoch: 85
Epoch: 85/150 Iter: 0/25 loss: 5.0910 acc: 0.6667 time 3.34s
Epoch: 85/150 Iter: 1/25 loss: 5.1308 acc: 0.5000 time 1.34s
Epoch: 85/150 Iter: 2/25 loss: 5.0793 acc: 0.3333 time 1.28s
Epoch: 85/150 Iter: 3/25 loss: 5.0874 acc: 0.2813 time 1.27s
Epoch: 85/150 Iter: 4/25 loss: 5.0651 acc: 0.3250 time 1.37s
Epoch: 85/150 Iter: 5/25 loss: 5.0342 acc: 0.3542 time 1.26s
Epoch: 85/150 Iter: 6/25 loss: 5.0093 acc: 0.3036 time 1.44s
Epoch: 85/150 Iter: 7/25 loss: 5.0344 acc: 0.2656 time 2.73s
Epoch: 85/150 Iter: 8/25 loss: 4.9788 acc: 0.3472 time 1.32s
Epoch: 85/150 Iter: 9/25 loss: 4.9541 acc: 0.3625 time 1.28s
Epoch: 85/150 Iter: 10/25 loss: 4.9536 acc: 0.3598 time 2.62s
Epoch: 85/150 Iter: 11/25 loss: 4.9673 acc: 0.3576 time 1.44s
Epoch: 85/150 Iter: 12/25 loss: 4.9663 acc: 0.3387 time 1.28s
Epoch: 85/150 Iter: 13/25 loss: 4.9998 acc: 0.3145 time 1.35s
Epoch: 85/150 Iter: 14/25 loss: 4.9659 acc: 0.3380 time 1.36s
Epoch: 85/150 Iter: 15/25 loss: 4.9522 acc: 0.3377 time 1.24s
Epoch: 85/150 Iter: 16/25 loss: 4.9719 acc: 0.3178 time 1.26s
Epoch: 85/150 Iter: 17/25 loss: 4.9728 acc: 0.3187 time 1.27s
Epoch: 85/150 Iter: 18/25 loss: 4.9666 acc: 0.3194 time 1.29s
Epoch: 85/150 Iter: 19/25 loss: 4.9447 acc: 0.3368 time 1.24s
Epoch: 85/150 Iter: 20/25 loss: 4.9348 acc: 0.3446 time 1.25s
Epoch: 85/150 Iter: 21/25 loss: 4.9265 acc: 0.3365 time 1.26s
Epoch: 85/150 Iter: 22/25 loss: 4.9157 acc: 0.3508 time 1.26s
Epoch: 85/150 Iter: 23/25 loss: 4.9127 acc: 0.3501 time 1.31s
Epoch: 85/150 Iter: 24/25 loss: 4.9056 acc: 0.3561 time 1.36s
[Train epoch 85] avg_loss=4.9056 avg_acc=0.3561 | per-class [c0: 0.059, c1: 0.606, c2: 0.394]
Final training 85/149, loss: 4.9056, time 37.46s, lr: 0.000130
Accuracy: 0.350
class                  precision    recall   specificity      f1   support
--------------------------------------------------------------------------
0                          0.500     0.059         0.970   0.105        34
1                          0.345     0.606         0.433   0.440        33
2                          0.342     0.394         0.627   0.366        33
*----------------------------------------*
0 Mon Nov  3 11:08:46 2025 Epoch: 86
Epoch: 86/150 Iter: 0/25 loss: 4.9346 acc: 0.1667 time 3.57s
Epoch: 86/150 Iter: 1/25 loss: 4.9908 acc: 0.0833 time 1.36s
Epoch: 86/150 Iter: 2/25 loss: 5.0088 acc: 0.0556 time 1.48s
Epoch: 86/150 Iter: 3/25 loss: 4.9456 acc: 0.1667 time 2.62s
Epoch: 86/150 Iter: 4/25 loss: 4.9140 acc: 0.2333 time 2.63s
Epoch: 86/150 Iter: 5/25 loss: 4.9601 acc: 0.2222 time 1.35s
Epoch: 86/150 Iter: 6/25 loss: 4.9130 acc: 0.2619 time 1.33s
Epoch: 86/150 Iter: 7/25 loss: 4.9114 acc: 0.2500 time 2.61s
Epoch: 86/150 Iter: 8/25 loss: 4.9233 acc: 0.2593 time 1.33s
Epoch: 86/150 Iter: 9/25 loss: 4.9080 acc: 0.2833 time 1.25s
Epoch: 86/150 Iter: 10/25 loss: 4.9654 acc: 0.2576 time 2.63s
Epoch: 86/150 Iter: 11/25 loss: 4.9405 acc: 0.2500 time 1.24s
Epoch: 86/150 Iter: 12/25 loss: 4.9565 acc: 0.2436 time 1.26s
Epoch: 86/150 Iter: 13/25 loss: 4.9438 acc: 0.2619 time 1.37s
Epoch: 86/150 Iter: 14/25 loss: 4.9393 acc: 0.2778 time 1.28s
Epoch: 86/150 Iter: 15/25 loss: 4.9364 acc: 0.2708 time 1.35s
Epoch: 86/150 Iter: 16/25 loss: 4.9177 acc: 0.2843 time 2.60s
Epoch: 86/150 Iter: 17/25 loss: 4.9355 acc: 0.2685 time 2.60s
Epoch: 86/150 Iter: 18/25 loss: 4.9279 acc: 0.2719 time 1.44s
Epoch: 86/150 Iter: 19/25 loss: 4.9234 acc: 0.2833 time 2.59s
Epoch: 86/150 Iter: 20/25 loss: 4.9086 acc: 0.2937 time 1.28s
Epoch: 86/150 Iter: 21/25 loss: 4.9073 acc: 0.2879 time 1.28s
Epoch: 86/150 Iter: 22/25 loss: 4.9051 acc: 0.2899 time 1.29s
Epoch: 86/150 Iter: 23/25 loss: 4.9015 acc: 0.2986 time 1.29s
Epoch: 86/150 Iter: 24/25 loss: 4.8926 acc: 0.3000 time 1.27s
[Train epoch 86] avg_loss=4.8926 avg_acc=0.3000 | per-class [c0: 0.121, c1: 0.242, c2: 0.618]
Final training 86/149, loss: 4.8926, time 44.34s, lr: 0.000127
Accuracy: 0.330
class                  precision    recall   specificity      f1   support
--------------------------------------------------------------------------
0                          0.250     0.121         0.821   0.163        33
1                          0.444     0.242         0.851   0.314        33
2                          0.318     0.618         0.318   0.420        34
*----------------------------------------*
0 Mon Nov  3 11:09:31 2025 Epoch: 87
Epoch: 87/150 Iter: 0/25 loss: 4.7425 acc: 0.3333 time 3.58s
Epoch: 87/150 Iter: 1/25 loss: 4.7760 acc: 0.4167 time 1.40s
Epoch: 87/150 Iter: 2/25 loss: 4.7401 acc: 0.4444 time 1.31s
Epoch: 87/150 Iter: 3/25 loss: 4.7655 acc: 0.3889 time 1.35s
Epoch: 87/150 Iter: 4/25 loss: 4.7499 acc: 0.4444 time 1.31s
Epoch: 87/150 Iter: 5/25 loss: 4.7457 acc: 0.4259 time 2.70s
Epoch: 87/150 Iter: 6/25 loss: 4.7720 acc: 0.4127 time 1.45s
Epoch: 87/150 Iter: 7/25 loss: 4.7794 acc: 0.3819 time 1.33s
Epoch: 87/150 Iter: 8/25 loss: 4.7969 acc: 0.3395 time 1.28s
Epoch: 87/150 Iter: 9/25 loss: 4.7817 acc: 0.3889 time 1.35s
Epoch: 87/150 Iter: 10/25 loss: 4.7816 acc: 0.3939 time 1.29s
Epoch: 87/150 Iter: 11/25 loss: 4.7914 acc: 0.3889 time 1.25s
Epoch: 87/150 Iter: 12/25 loss: 4.7949 acc: 0.3761 time 1.28s
Epoch: 87/150 Iter: 13/25 loss: 4.8115 acc: 0.3671 time 1.26s
Epoch: 87/150 Iter: 14/25 loss: 4.8078 acc: 0.3648 time 1.28s
Epoch: 87/150 Iter: 15/25 loss: 4.7997 acc: 0.3733 time 1.27s
Epoch: 87/150 Iter: 16/25 loss: 4.8112 acc: 0.3807 time 1.28s
Epoch: 87/150 Iter: 17/25 loss: 4.8250 acc: 0.3596 time 1.26s
Epoch: 87/150 Iter: 18/25 loss: 4.8163 acc: 0.3670 time 1.29s
Epoch: 87/150 Iter: 19/25 loss: 4.8346 acc: 0.3486 time 1.41s
Epoch: 87/150 Iter: 20/25 loss: 4.8353 acc: 0.3479 time 1.30s
Epoch: 87/150 Iter: 21/25 loss: 4.8404 acc: 0.3321 time 2.61s
Epoch: 87/150 Iter: 22/25 loss: 4.8409 acc: 0.3249 time 1.26s
Epoch: 87/150 Iter: 23/25 loss: 4.8511 acc: 0.3322 time 1.29s
Epoch: 87/150 Iter: 24/25 loss: 4.8661 acc: 0.3189 time 1.28s
[Train epoch 87] avg_loss=4.8661 avg_acc=0.3189 | per-class [c0: 0.000, c1: 0.706, c2: 0.303]
Final training 87/149, loss: 4.8661, time 37.73s, lr: 0.000124
Accuracy: 0.340
class                  precision    recall   specificity      f1   support
--------------------------------------------------------------------------
0                          0.000     0.000         0.970   0.000        33
1                          0.364     0.706         0.364   0.480        34
2                          0.312     0.303         0.672   0.308        33
*----------------------------------------*
Val 87/150 0/27, Acc: 0.0000, time 0.34s
Val 87/150 1/27, Acc: 0.5000, time 0.35s
Val 87/150 2/27, Acc: 0.3333, time 0.33s
Val 87/150 3/27, Acc: 0.2500, time 0.33s
Val 87/150 4/27, Acc: 0.2000, time 0.37s
Val 87/150 5/27, Acc: 0.1667, time 0.34s
Val 87/150 6/27, Acc: 0.1429, time 0.43s
Val 87/150 7/27, Acc: 0.2500, time 0.34s
Val 87/150 8/27, Acc: 0.2222, time 0.34s
Val 87/150 9/27, Acc: 0.3000, time 0.33s
Val 87/150 10/27, Acc: 0.3636, time 0.34s
Val 87/150 11/27, Acc: 0.3333, time 0.38s
Val 87/150 12/27, Acc: 0.3846, time 0.33s
Val 87/150 13/27, Acc: 0.4286, time 0.33s
Val 87/150 14/27, Acc: 0.4000, time 0.34s
Val 87/150 15/27, Acc: 0.3750, time 0.34s
Val 87/150 16/27, Acc: 0.3529, time 0.33s
Val 87/150 17/27, Acc: 0.3333, time 0.39s
Val 87/150 18/27, Acc: 0.3158, time 0.33s
Val 87/150 19/27, Acc: 0.3500, time 0.33s
Val 87/150 20/27, Acc: 0.3333, time 0.33s
Val 87/150 21/27, Acc: 0.3636, time 0.34s
Val 87/150 22/27, Acc: 0.3478, time 0.40s
Val 87/150 23/27, Acc: 0.3333, time 0.37s
Val 87/150 24/27, Acc: 0.3200, time 0.34s
Val 87/150 25/27, Acc: 0.3462, time 0.34s
Val 87/150 26/27, Acc: 0.3333, time 0.32s
[Val epoch 87] avg_acc=0.3333 | per-class [c0: 0.222, c1: 0.000, c2: 0.778]
Final validation 87/149, Val_acc: 0.3333, time 9.38sAccuracy: 0.333
class                  precision    recall   specificity      f1   support
--------------------------------------------------------------------------
0                          0.400     0.222         0.833   0.286         9
1                          0.000     0.000         0.778   0.000         9
2                          0.389     0.778         0.389   0.519         9
*========================================*
Saving checkpoint outputs/OrganoidsINRIA/resnet50/2025-11-03-10-04/model_final.pt
0 Mon Nov  3 11:10:20 2025 Epoch: 88
Epoch: 88/150 Iter: 0/25 loss: 4.9390 acc: 0.3333 time 4.75s
Epoch: 88/150 Iter: 1/25 loss: 4.9829 acc: 0.3333 time 2.66s
Epoch: 88/150 Iter: 2/25 loss: 4.9364 acc: 0.4444 time 1.30s
Epoch: 88/150 Iter: 3/25 loss: 4.9392 acc: 0.4167 time 1.31s
Epoch: 88/150 Iter: 4/25 loss: 4.9768 acc: 0.3333 time 2.68s
Epoch: 88/150 Iter: 5/25 loss: 4.9394 acc: 0.3403 time 1.29s
Epoch: 88/150 Iter: 6/25 loss: 4.8803 acc: 0.3869 time 1.29s
Epoch: 88/150 Iter: 7/25 loss: 4.8636 acc: 0.4010 time 1.31s
Epoch: 88/150 Iter: 8/25 loss: 4.8443 acc: 0.3935 time 1.36s
Epoch: 88/150 Iter: 9/25 loss: 4.8433 acc: 0.3875 time 1.25s
Epoch: 88/150 Iter: 10/25 loss: 4.8132 acc: 0.3864 time 1.32s
Epoch: 88/150 Iter: 11/25 loss: 4.8136 acc: 0.3958 time 1.36s
Epoch: 88/150 Iter: 12/25 loss: 4.7987 acc: 0.4231 time 1.28s
Epoch: 88/150 Iter: 13/25 loss: 4.8082 acc: 0.4048 time 2.64s
Epoch: 88/150 Iter: 14/25 loss: 4.8232 acc: 0.3778 time 2.63s
Epoch: 88/150 Iter: 15/25 loss: 4.8356 acc: 0.3646 time 1.28s
Epoch: 88/150 Iter: 16/25 loss: 4.8604 acc: 0.3431 time 1.34s
Epoch: 88/150 Iter: 17/25 loss: 4.8488 acc: 0.3364 time 1.29s
Epoch: 88/150 Iter: 18/25 loss: 4.8793 acc: 0.3187 time 1.30s
Epoch: 88/150 Iter: 19/25 loss: 4.8596 acc: 0.3361 time 1.26s
Epoch: 88/150 Iter: 20/25 loss: 4.8637 acc: 0.3280 time 1.26s
Epoch: 88/150 Iter: 21/25 loss: 4.8718 acc: 0.3283 time 2.61s
Epoch: 88/150 Iter: 22/25 loss: 4.8738 acc: 0.3285 time 1.28s
Epoch: 88/150 Iter: 23/25 loss: 4.8660 acc: 0.3287 time 2.70s
Epoch: 88/150 Iter: 24/25 loss: 4.8591 acc: 0.3422 time 2.62s
[Train epoch 88] avg_loss=4.8591 avg_acc=0.3422 | per-class [c0: 0.000, c1: 0.471, c2: 0.697]
Final training 88/149, loss: 4.8591, time 45.40s, lr: 0.000120
Accuracy: 0.390
class                  precision    recall   specificity      f1   support
--------------------------------------------------------------------------
0                          0.000     0.000         1.000   0.000        33
1                          0.432     0.471         0.682   0.451        34
2                          0.365     0.697         0.403   0.479        33
*----------------------------------------*
0 Mon Nov  3 11:11:06 2025 Epoch: 89
Epoch: 89/150 Iter: 0/25 loss: 4.6680 acc: 0.7500 time 2.96s
Epoch: 89/150 Iter: 1/25 loss: 4.6927 acc: 0.5000 time 1.38s
Epoch: 89/150 Iter: 2/25 loss: 4.7625 acc: 0.3333 time 1.30s
Epoch: 89/150 Iter: 3/25 loss: 4.7845 acc: 0.3333 time 2.68s
Epoch: 89/150 Iter: 4/25 loss: 4.8779 acc: 0.2667 time 1.33s
Epoch: 89/150 Iter: 5/25 loss: 4.8495 acc: 0.3056 time 1.30s
Epoch: 89/150 Iter: 6/25 loss: 4.8603 acc: 0.3690 time 1.46s
Epoch: 89/150 Iter: 7/25 loss: 4.8623 acc: 0.3646 time 1.49s
Epoch: 89/150 Iter: 8/25 loss: 4.8647 acc: 0.4074 time 1.32s
Epoch: 89/150 Iter: 9/25 loss: 4.8676 acc: 0.4000 time 1.28s
Epoch: 89/150 Iter: 10/25 loss: 4.8431 acc: 0.4091 time 1.30s
Epoch: 89/150 Iter: 11/25 loss: 4.8061 acc: 0.4167 time 1.28s
Epoch: 89/150 Iter: 12/25 loss: 4.8083 acc: 0.4231 time 1.27s
Epoch: 89/150 Iter: 13/25 loss: 4.8144 acc: 0.4167 time 1.37s
Epoch: 89/150 Iter: 14/25 loss: 4.8097 acc: 0.4222 time 2.61s
Epoch: 89/150 Iter: 15/25 loss: 4.8137 acc: 0.3958 time 2.62s
Epoch: 89/150 Iter: 16/25 loss: 4.8247 acc: 0.3725 time 1.43s
Epoch: 89/150 Iter: 17/25 loss: 4.8075 acc: 0.3796 time 1.26s
Epoch: 89/150 Iter: 18/25 loss: 4.7845 acc: 0.3860 time 1.28s
Epoch: 89/150 Iter: 19/25 loss: 4.8048 acc: 0.3833 time 1.28s
Epoch: 89/150 Iter: 20/25 loss: 4.8659 acc: 0.3651 time 1.28s
Epoch: 89/150 Iter: 21/25 loss: 4.8751 acc: 0.3485 time 1.28s
Epoch: 89/150 Iter: 22/25 loss: 4.9289 acc: 0.3333 time 2.60s
Epoch: 89/150 Iter: 23/25 loss: 4.9432 acc: 0.3333 time 1.29s
Epoch: 89/150 Iter: 24/25 loss: 4.9310 acc: 0.3400 time 1.28s
[Train epoch 89] avg_loss=4.9310 avg_acc=0.3400 | per-class [c0: 0.061, c1: 0.788, c2: 0.176]
Final training 89/149, loss: 4.9310, time 39.97s, lr: 0.000117
Accuracy: 0.340
class                  precision    recall   specificity      f1   support
--------------------------------------------------------------------------
0                          0.125     0.061         0.791   0.082        33
1                          0.371     0.788         0.343   0.505        33
2                          0.429     0.176         0.879   0.250        34
*----------------------------------------*
0 Mon Nov  3 11:11:46 2025 Epoch: 90
Epoch: 90/150 Iter: 0/25 loss: 4.7020 acc: 0.5000 time 4.03s
Epoch: 90/150 Iter: 1/25 loss: 4.6695 acc: 0.5833 time 1.33s
Epoch: 90/150 Iter: 2/25 loss: 4.7000 acc: 0.5000 time 1.33s
Epoch: 90/150 Iter: 3/25 loss: 4.6978 acc: 0.4583 time 1.35s
Epoch: 90/150 Iter: 4/25 loss: 4.7972 acc: 0.4333 time 1.48s
Epoch: 90/150 Iter: 5/25 loss: 4.7758 acc: 0.4167 time 1.37s
Epoch: 90/150 Iter: 6/25 loss: 4.7544 acc: 0.4048 time 2.60s
Epoch: 90/150 Iter: 7/25 loss: 4.7397 acc: 0.3958 time 1.49s
Epoch: 90/150 Iter: 8/25 loss: 4.7866 acc: 0.3519 time 1.34s
Epoch: 90/150 Iter: 9/25 loss: 4.8023 acc: 0.3333 time 1.35s
Epoch: 90/150 Iter: 10/25 loss: 4.7992 acc: 0.3333 time 1.28s
Epoch: 90/150 Iter: 11/25 loss: 4.7982 acc: 0.3194 time 1.25s
Epoch: 90/150 Iter: 12/25 loss: 4.8329 acc: 0.2949 time 1.28s
Epoch: 90/150 Iter: 13/25 loss: 4.8588 acc: 0.2976 time 1.25s
Epoch: 90/150 Iter: 14/25 loss: 4.8705 acc: 0.3222 time 2.61s
Epoch: 90/150 Iter: 15/25 loss: 4.8842 acc: 0.3229 time 1.25s
Epoch: 90/150 Iter: 16/25 loss: 4.8692 acc: 0.3235 time 1.28s
Epoch: 90/150 Iter: 17/25 loss: 4.8643 acc: 0.3241 time 2.62s
Epoch: 90/150 Iter: 18/25 loss: 4.8808 acc: 0.3246 time 2.63s
Epoch: 90/150 Iter: 19/25 loss: 4.8975 acc: 0.3083 time 1.28s
Epoch: 90/150 Iter: 20/25 loss: 4.8769 acc: 0.3175 time 1.28s
Epoch: 90/150 Iter: 21/25 loss: 4.8766 acc: 0.3258 time 1.34s
Epoch: 90/150 Iter: 22/25 loss: 4.8882 acc: 0.3261 time 1.28s
Epoch: 90/150 Iter: 23/25 loss: 4.8814 acc: 0.3264 time 1.26s
Epoch: 90/150 Iter: 24/25 loss: 4.8870 acc: 0.3267 time 1.29s
[Train epoch 90] avg_loss=4.8870 avg_acc=0.3267 | per-class [c0: 0.559, c1: 0.059, c2: 0.438]
Final training 90/149, loss: 4.8870, time 40.89s, lr: 0.000114
Accuracy: 0.350
class                  precision    recall   specificity      f1   support
--------------------------------------------------------------------------
0                          0.388     0.559         0.545   0.458        34
1                          0.286     0.059         0.924   0.098        34
2                          0.318     0.438         0.559   0.368        32
*----------------------------------------*
0 Mon Nov  3 11:12:27 2025 Epoch: 91
Epoch: 91/150 Iter: 0/25 loss: 4.8142 acc: 0.3333 time 2.79s
Epoch: 91/150 Iter: 1/25 loss: 4.7332 acc: 0.3333 time 1.34s
Epoch: 91/150 Iter: 2/25 loss: 4.7230 acc: 0.2639 time 2.66s
Epoch: 91/150 Iter: 3/25 loss: 4.6969 acc: 0.3229 time 2.61s
Epoch: 91/150 Iter: 4/25 loss: 4.7339 acc: 0.3250 time 1.31s
Epoch: 91/150 Iter: 5/25 loss: 4.7785 acc: 0.3819 time 1.26s
Epoch: 91/150 Iter: 6/25 loss: 4.7719 acc: 0.3433 time 2.65s
Epoch: 91/150 Iter: 7/25 loss: 4.7743 acc: 0.3420 time 1.34s
Epoch: 91/150 Iter: 8/25 loss: 4.7604 acc: 0.3410 time 1.33s
Epoch: 91/150 Iter: 9/25 loss: 4.7764 acc: 0.3569 time 2.64s
Epoch: 91/150 Iter: 10/25 loss: 4.7672 acc: 0.3699 time 1.29s
Epoch: 91/150 Iter: 11/25 loss: 4.8026 acc: 0.3808 time 1.27s
Epoch: 91/150 Iter: 12/25 loss: 4.8440 acc: 0.3515 time 1.28s
Epoch: 91/150 Iter: 13/25 loss: 4.8638 acc: 0.3264 time 1.31s
Epoch: 91/150 Iter: 14/25 loss: 4.8669 acc: 0.3269 time 1.27s
Epoch: 91/150 Iter: 15/25 loss: 4.8618 acc: 0.3273 time 2.62s
Epoch: 91/150 Iter: 16/25 loss: 4.8779 acc: 0.3374 time 2.63s
Epoch: 91/150 Iter: 17/25 loss: 4.9118 acc: 0.3187 time 1.29s
Epoch: 91/150 Iter: 18/25 loss: 4.9077 acc: 0.3194 time 1.31s
Epoch: 91/150 Iter: 19/25 loss: 4.9283 acc: 0.3035 time 1.27s
Epoch: 91/150 Iter: 20/25 loss: 4.9171 acc: 0.3128 time 1.29s
Epoch: 91/150 Iter: 21/25 loss: 4.9228 acc: 0.2986 time 2.64s
Epoch: 91/150 Iter: 22/25 loss: 4.9212 acc: 0.2929 time 1.25s
Epoch: 91/150 Iter: 23/25 loss: 4.9347 acc: 0.2807 time 1.27s
Epoch: 91/150 Iter: 24/25 loss: 4.9331 acc: 0.2961 time 1.24s
[Train epoch 91] avg_loss=4.9331 avg_acc=0.2961 | per-class [c0: 0.030, c1: 0.545, c2: 0.265]
Final training 91/149, loss: 4.9331, time 43.18s, lr: 0.000111
Accuracy: 0.280
class                  precision    recall   specificity      f1   support
--------------------------------------------------------------------------
0                          0.500     0.030         0.985   0.057        33
1                          0.261     0.545         0.239   0.353        33
2                          0.310     0.265         0.697   0.286        34
*----------------------------------------*
Val 91/150 0/27, Acc: 0.0000, time 0.34s
Val 91/150 1/27, Acc: 0.5000, time 0.35s
Val 91/150 2/27, Acc: 0.3333, time 0.33s
Val 91/150 3/27, Acc: 0.2500, time 0.33s
Val 91/150 4/27, Acc: 0.2000, time 0.37s
Val 91/150 5/27, Acc: 0.1667, time 0.34s
Val 91/150 6/27, Acc: 0.1429, time 0.43s
Val 91/150 7/27, Acc: 0.1250, time 0.34s
Val 91/150 8/27, Acc: 0.1111, time 0.34s
Val 91/150 9/27, Acc: 0.2000, time 0.33s
Val 91/150 10/27, Acc: 0.2727, time 0.34s
Val 91/150 11/27, Acc: 0.2500, time 0.38s
Val 91/150 12/27, Acc: 0.3077, time 0.33s
Val 91/150 13/27, Acc: 0.3571, time 0.33s
Val 91/150 14/27, Acc: 0.4000, time 0.33s
Val 91/150 15/27, Acc: 0.3750, time 0.34s
Val 91/150 16/27, Acc: 0.3529, time 0.34s
Val 91/150 17/27, Acc: 0.3333, time 0.39s
Val 91/150 18/27, Acc: 0.3158, time 0.33s
Val 91/150 19/27, Acc: 0.3500, time 0.33s
Val 91/150 20/27, Acc: 0.3333, time 0.33s
Val 91/150 21/27, Acc: 0.3636, time 0.34s
Val 91/150 22/27, Acc: 0.3478, time 0.40s
Val 91/150 23/27, Acc: 0.3750, time 0.37s
Val 91/150 24/27, Acc: 0.3600, time 0.34s
Val 91/150 25/27, Acc: 0.3846, time 0.34s
Val 91/150 26/27, Acc: 0.3704, time 0.32s
[Val epoch 91] avg_acc=0.3704 | per-class [c0: 0.444, c1: 0.000, c2: 0.667]
Final validation 91/149, Val_acc: 0.3704, time 9.36sAccuracy: 0.370
class                  precision    recall   specificity      f1   support
--------------------------------------------------------------------------
0                          0.400     0.444         0.667   0.421         9
1                          0.000     0.000         0.778   0.000         9
2                          0.462     0.667         0.611   0.545         9
*========================================*
Saving checkpoint outputs/OrganoidsINRIA/resnet50/2025-11-03-10-04/model_final.pt
0 Mon Nov  3 11:13:22 2025 Epoch: 92
Epoch: 92/150 Iter: 0/25 loss: 5.0176 acc: 0.0000 time 4.94s
Epoch: 92/150 Iter: 1/25 loss: 4.8144 acc: 0.2500 time 1.45s
Epoch: 92/150 Iter: 2/25 loss: 4.8075 acc: 0.2037 time 1.56s
Epoch: 92/150 Iter: 3/25 loss: 4.8373 acc: 0.1806 time 1.48s
Epoch: 92/150 Iter: 4/25 loss: 4.8274 acc: 0.2333 time 2.61s
Epoch: 92/150 Iter: 5/25 loss: 4.8403 acc: 0.2778 time 1.28s
Epoch: 92/150 Iter: 6/25 loss: 4.8264 acc: 0.2857 time 2.61s
Epoch: 92/150 Iter: 7/25 loss: 4.8308 acc: 0.2708 time 1.30s
Epoch: 92/150 Iter: 8/25 loss: 4.8413 acc: 0.2593 time 1.34s
Epoch: 92/150 Iter: 9/25 loss: 4.8136 acc: 0.2833 time 2.60s
Epoch: 92/150 Iter: 10/25 loss: 4.8299 acc: 0.2576 time 2.60s
Epoch: 92/150 Iter: 11/25 loss: 4.8367 acc: 0.2639 time 1.25s
Epoch: 92/150 Iter: 12/25 loss: 4.8234 acc: 0.2949 time 1.27s
Epoch: 92/150 Iter: 13/25 loss: 4.8031 acc: 0.3333 time 1.31s
Epoch: 92/150 Iter: 14/25 loss: 4.8397 acc: 0.3111 time 1.31s
Epoch: 92/150 Iter: 15/25 loss: 4.8716 acc: 0.3229 time 1.28s
Epoch: 92/150 Iter: 16/25 loss: 4.8769 acc: 0.3137 time 1.27s
Epoch: 92/150 Iter: 17/25 loss: 4.8652 acc: 0.3102 time 1.28s
Epoch: 92/150 Iter: 18/25 loss: 4.8618 acc: 0.3202 time 1.27s
Epoch: 92/150 Iter: 19/25 loss: 4.8644 acc: 0.3292 time 1.42s
Epoch: 92/150 Iter: 20/25 loss: 4.8578 acc: 0.3492 time 1.27s
Epoch: 92/150 Iter: 21/25 loss: 4.8607 acc: 0.3384 time 1.30s
Epoch: 92/150 Iter: 22/25 loss: 4.8525 acc: 0.3454 time 1.25s
Epoch: 92/150 Iter: 23/25 loss: 4.8562 acc: 0.3449 time 1.27s
Epoch: 92/150 Iter: 24/25 loss: 4.8620 acc: 0.3378 time 1.44s
[Train epoch 92] avg_loss=4.8620 avg_acc=0.3378 | per-class [c0: 0.206, c1: 0.212, c2: 0.576]
Final training 92/149, loss: 4.8620, time 41.99s, lr: 0.000107
Accuracy: 0.330
class                  precision    recall   specificity      f1   support
--------------------------------------------------------------------------
0                          0.292     0.206         0.742   0.241        34
1                          0.583     0.212         0.925   0.311        33
2                          0.297     0.576         0.328   0.392        33
*----------------------------------------*
0 Mon Nov  3 11:14:04 2025 Epoch: 93
Epoch: 93/150 Iter: 0/25 loss: 4.9882 acc: 0.5000 time 2.82s
Epoch: 93/150 Iter: 1/25 loss: 4.7622 acc: 0.5000 time 1.34s
Epoch: 93/150 Iter: 2/25 loss: 4.7203 acc: 0.5000 time 2.69s
Epoch: 93/150 Iter: 3/25 loss: 4.7204 acc: 0.4583 time 1.34s
Epoch: 93/150 Iter: 4/25 loss: 4.7478 acc: 0.4333 time 1.44s
Epoch: 93/150 Iter: 5/25 loss: 4.7888 acc: 0.3889 time 2.73s
Epoch: 93/150 Iter: 6/25 loss: 4.7851 acc: 0.4048 time 2.70s
Epoch: 93/150 Iter: 7/25 loss: 4.8040 acc: 0.3958 time 2.64s
Epoch: 93/150 Iter: 8/25 loss: 4.7981 acc: 0.4074 time 1.30s
Epoch: 93/150 Iter: 9/25 loss: 4.7960 acc: 0.3833 time 1.37s
Epoch: 93/150 Iter: 10/25 loss: 4.8057 acc: 0.3788 time 1.28s
Epoch: 93/150 Iter: 11/25 loss: 4.8109 acc: 0.3750 time 1.28s
Epoch: 93/150 Iter: 12/25 loss: 4.8256 acc: 0.3462 time 1.37s
Epoch: 93/150 Iter: 13/25 loss: 4.8228 acc: 0.3690 time 1.44s
Epoch: 93/150 Iter: 14/25 loss: 4.8359 acc: 0.3444 time 2.61s
Epoch: 93/150 Iter: 15/25 loss: 4.8531 acc: 0.3299 time 1.27s
Epoch: 93/150 Iter: 16/25 loss: 4.8550 acc: 0.3203 time 1.27s
Epoch: 93/150 Iter: 17/25 loss: 4.8509 acc: 0.3117 time 1.37s
Epoch: 93/150 Iter: 18/25 loss: 4.8397 acc: 0.3216 time 2.67s
Epoch: 93/150 Iter: 19/25 loss: 4.8476 acc: 0.3056 time 2.59s
Epoch: 93/150 Iter: 20/25 loss: 4.8445 acc: 0.3069 time 1.28s
Epoch: 93/150 Iter: 21/25 loss: 4.8689 acc: 0.2929 time 1.26s
Epoch: 93/150 Iter: 22/25 loss: 4.8754 acc: 0.2947 time 1.28s
Epoch: 93/150 Iter: 23/25 loss: 4.8660 acc: 0.3102 time 1.28s
Epoch: 93/150 Iter: 24/25 loss: 4.8789 acc: 0.3244 time 2.64s
[Train epoch 93] avg_loss=4.8789 avg_acc=0.3244 | per-class [c0: 0.152, c1: 0.152, c2: 0.647]
Final training 93/149, loss: 4.8789, time 45.29s, lr: 0.000104
Accuracy: 0.320
class                  precision    recall   specificity      f1   support
--------------------------------------------------------------------------
0                          0.455     0.152         0.910   0.227        33
1                          0.294     0.152         0.821   0.200        33
2                          0.306     0.647         0.242   0.415        34
*----------------------------------------*
0 Mon Nov  3 11:14:49 2025 Epoch: 94
Epoch: 94/150 Iter: 0/25 loss: 4.7186 acc: 0.5556 time 2.59s
Epoch: 94/150 Iter: 1/25 loss: 4.7417 acc: 0.6111 time 1.29s
Epoch: 94/150 Iter: 2/25 loss: 4.7816 acc: 0.4630 time 2.71s
Epoch: 94/150 Iter: 3/25 loss: 4.8549 acc: 0.4306 time 1.29s
Epoch: 94/150 Iter: 4/25 loss: 4.8572 acc: 0.4111 time 2.62s
Epoch: 94/150 Iter: 5/25 loss: 4.8537 acc: 0.3981 time 1.33s
Epoch: 94/150 Iter: 6/25 loss: 4.8574 acc: 0.3651 time 1.30s
Epoch: 94/150 Iter: 7/25 loss: 4.8483 acc: 0.3819 time 1.31s
Epoch: 94/150 Iter: 8/25 loss: 4.8382 acc: 0.4136 time 1.47s
Epoch: 94/150 Iter: 9/25 loss: 4.8294 acc: 0.4722 time 1.36s
Epoch: 94/150 Iter: 10/25 loss: 4.8083 acc: 0.4899 time 1.35s
Epoch: 94/150 Iter: 11/25 loss: 4.7930 acc: 0.5046 time 1.27s
Epoch: 94/150 Iter: 12/25 loss: 4.7873 acc: 0.5043 time 1.27s
Epoch: 94/150 Iter: 13/25 loss: 4.8107 acc: 0.4921 time 2.69s
Epoch: 94/150 Iter: 14/25 loss: 4.8078 acc: 0.4759 time 1.25s
Epoch: 94/150 Iter: 15/25 loss: 4.8184 acc: 0.4670 time 1.43s
Epoch: 94/150 Iter: 16/25 loss: 4.8223 acc: 0.4461 time 1.25s
Epoch: 94/150 Iter: 17/25 loss: 4.8282 acc: 0.4275 time 2.64s
Epoch: 94/150 Iter: 18/25 loss: 4.8529 acc: 0.4050 time 1.25s
Epoch: 94/150 Iter: 19/25 loss: 4.8453 acc: 0.3931 time 1.27s
Epoch: 94/150 Iter: 20/25 loss: 4.8425 acc: 0.3823 time 2.62s
Epoch: 94/150 Iter: 21/25 loss: 4.8643 acc: 0.3649 time 1.36s
Epoch: 94/150 Iter: 22/25 loss: 4.8535 acc: 0.3708 time 1.25s
Epoch: 94/150 Iter: 23/25 loss: 4.8600 acc: 0.3553 time 1.25s
Epoch: 94/150 Iter: 24/25 loss: 4.8565 acc: 0.3478 time 2.61s
[Train epoch 94] avg_loss=4.8565 avg_acc=0.3478 | per-class [c0: 0.062, c1: 0.559, c2: 0.500]
Final training 94/149, loss: 4.8565, time 42.09s, lr: 0.000101
Accuracy: 0.380
class                  precision    recall   specificity      f1   support
--------------------------------------------------------------------------
0                          0.400     0.062         0.956   0.108        32
1                          0.380     0.559         0.530   0.452        34
2                          0.378     0.500         0.576   0.430        34
*----------------------------------------*
0 Mon Nov  3 11:15:31 2025 Epoch: 95
Epoch: 95/150 Iter: 0/25 loss: 4.9300 acc: 0.5000 time 3.37s
Epoch: 95/150 Iter: 1/25 loss: 4.7884 acc: 0.4167 time 1.48s
Epoch: 95/150 Iter: 2/25 loss: 4.7418 acc: 0.5000 time 1.31s
Epoch: 95/150 Iter: 3/25 loss: 4.7630 acc: 0.5000 time 1.34s
Epoch: 95/150 Iter: 4/25 loss: 4.8093 acc: 0.4000 time 1.47s
Epoch: 95/150 Iter: 5/25 loss: 4.8288 acc: 0.3889 time 1.31s
Epoch: 95/150 Iter: 6/25 loss: 4.8606 acc: 0.3333 time 1.29s
Epoch: 95/150 Iter: 7/25 loss: 4.9075 acc: 0.2917 time 1.30s
Epoch: 95/150 Iter: 8/25 loss: 4.9024 acc: 0.2716 time 2.67s
Epoch: 95/150 Iter: 9/25 loss: 4.8916 acc: 0.2778 time 1.29s
Epoch: 95/150 Iter: 10/25 loss: 4.8790 acc: 0.3283 time 1.28s
Epoch: 95/150 Iter: 11/25 loss: 4.8858 acc: 0.3287 time 1.27s
Epoch: 95/150 Iter: 12/25 loss: 4.8688 acc: 0.3291 time 2.66s
Epoch: 95/150 Iter: 13/25 loss: 4.8729 acc: 0.3135 time 1.26s
Epoch: 95/150 Iter: 14/25 loss: 4.8812 acc: 0.3148 time 2.61s
Epoch: 95/150 Iter: 15/25 loss: 4.8812 acc: 0.3160 time 1.25s
Epoch: 95/150 Iter: 16/25 loss: 4.8590 acc: 0.3268 time 1.28s
Epoch: 95/150 Iter: 17/25 loss: 4.8578 acc: 0.3364 time 1.24s
Epoch: 95/150 Iter: 18/25 loss: 4.8565 acc: 0.3363 time 1.27s
Epoch: 95/150 Iter: 19/25 loss: 4.8551 acc: 0.3444 time 2.63s
Epoch: 95/150 Iter: 20/25 loss: 4.8647 acc: 0.3280 time 1.36s
Epoch: 95/150 Iter: 21/25 loss: 4.8769 acc: 0.3131 time 1.35s
Epoch: 95/150 Iter: 22/25 loss: 4.8655 acc: 0.3213 time 1.27s
Epoch: 95/150 Iter: 23/25 loss: 4.8632 acc: 0.3079 time 1.24s
Epoch: 95/150 Iter: 24/25 loss: 4.8698 acc: 0.2956 time 1.25s
[Train epoch 95] avg_loss=4.8698 avg_acc=0.2956 | per-class [c0: 0.000, c1: 0.735, c2: 0.273]
Final training 95/149, loss: 4.8698, time 40.07s, lr: 0.000098
Accuracy: 0.340
class                  precision    recall   specificity      f1   support
--------------------------------------------------------------------------
0                          0.000     0.000         1.000   0.000        33
1                          0.347     0.735         0.288   0.472        34
2                          0.321     0.273         0.716   0.295        33
*----------------------------------------*
Val 95/150 0/27, Acc: 0.0000, time 0.34s
Val 95/150 1/27, Acc: 0.0000, time 0.35s
Val 95/150 2/27, Acc: 0.0000, time 0.33s
Val 95/150 3/27, Acc: 0.0000, time 0.33s
Val 95/150 4/27, Acc: 0.0000, time 0.37s
Val 95/150 5/27, Acc: 0.0000, time 0.34s
Val 95/150 6/27, Acc: 0.0000, time 0.43s
Val 95/150 7/27, Acc: 0.0000, time 0.34s
Val 95/150 8/27, Acc: 0.1111, time 0.34s
Val 95/150 9/27, Acc: 0.1000, time 0.33s
Val 95/150 10/27, Acc: 0.0909, time 0.34s
Val 95/150 11/27, Acc: 0.1667, time 0.38s
Val 95/150 12/27, Acc: 0.1538, time 0.33s
Val 95/150 13/27, Acc: 0.1429, time 0.33s
Val 95/150 14/27, Acc: 0.1333, time 0.34s
Val 95/150 15/27, Acc: 0.1250, time 0.34s
Val 95/150 16/27, Acc: 0.1765, time 0.34s
Val 95/150 17/27, Acc: 0.1667, time 0.39s
Val 95/150 18/27, Acc: 0.1579, time 0.33s
Val 95/150 19/27, Acc: 0.1500, time 0.33s
Val 95/150 20/27, Acc: 0.1905, time 0.33s
Val 95/150 21/27, Acc: 0.1818, time 0.34s
Val 95/150 22/27, Acc: 0.1739, time 0.40s
Val 95/150 23/27, Acc: 0.1667, time 0.37s
Val 95/150 24/27, Acc: 0.1600, time 0.34s
Val 95/150 25/27, Acc: 0.1538, time 0.34s
Val 95/150 26/27, Acc: 0.1852, time 0.32s
[Val epoch 95] avg_acc=0.1852 | per-class [c0: 0.111, c1: 0.444, c2: 0.000]
Final validation 95/149, Val_acc: 0.1852, time 9.39sAccuracy: 0.185
class                  precision    recall   specificity      f1   support
--------------------------------------------------------------------------
0                          0.167     0.111         0.722   0.133         9
1                          0.222     0.444         0.222   0.296         9
2                          0.000     0.000         0.833   0.000         9
*========================================*
Saving checkpoint outputs/OrganoidsINRIA/resnet50/2025-11-03-10-04/model_final.pt
0 Mon Nov  3 11:16:23 2025 Epoch: 96
Epoch: 96/150 Iter: 0/25 loss: 4.8633 acc: 0.5000 time 3.81s
Epoch: 96/150 Iter: 1/25 loss: 4.7142 acc: 0.4167 time 1.32s
Epoch: 96/150 Iter: 2/25 loss: 4.7921 acc: 0.4444 time 1.29s
Epoch: 96/150 Iter: 3/25 loss: 4.8107 acc: 0.3889 time 1.27s
Epoch: 96/150 Iter: 4/25 loss: 4.8094 acc: 0.4111 time 1.58s
Epoch: 96/150 Iter: 5/25 loss: 4.8310 acc: 0.3426 time 1.31s
Epoch: 96/150 Iter: 6/25 loss: 4.8111 acc: 0.3651 time 2.66s
Epoch: 96/150 Iter: 7/25 loss: 4.7951 acc: 0.4132 time 1.34s
Epoch: 96/150 Iter: 8/25 loss: 4.7910 acc: 0.4043 time 1.35s
Epoch: 96/150 Iter: 9/25 loss: 4.8079 acc: 0.3806 time 1.25s
Epoch: 96/150 Iter: 10/25 loss: 4.8269 acc: 0.3460 time 1.28s
Epoch: 96/150 Iter: 11/25 loss: 4.8340 acc: 0.3264 time 1.27s
Epoch: 96/150 Iter: 12/25 loss: 4.8086 acc: 0.3526 time 1.25s
Epoch: 96/150 Iter: 13/25 loss: 4.8242 acc: 0.3274 time 1.30s
Epoch: 96/150 Iter: 14/25 loss: 4.8280 acc: 0.3389 time 2.59s
Epoch: 96/150 Iter: 15/25 loss: 4.8501 acc: 0.3177 time 1.30s
Epoch: 96/150 Iter: 16/25 loss: 4.8326 acc: 0.3382 time 1.41s
Epoch: 96/150 Iter: 17/25 loss: 4.8410 acc: 0.3380 time 2.75s
Epoch: 96/150 Iter: 18/25 loss: 4.8313 acc: 0.3465 time 1.24s
Epoch: 96/150 Iter: 19/25 loss: 4.8320 acc: 0.3625 time 2.57s
Epoch: 96/150 Iter: 20/25 loss: 4.8305 acc: 0.3611 time 2.77s
Epoch: 96/150 Iter: 21/25 loss: 4.8236 acc: 0.3788 time 1.37s
Epoch: 96/150 Iter: 22/25 loss: 4.8304 acc: 0.3671 time 1.28s
Epoch: 96/150 Iter: 23/25 loss: 4.8287 acc: 0.3727 time 2.61s
Epoch: 96/150 Iter: 24/25 loss: 4.8374 acc: 0.3578 time 2.69s
[Train epoch 96] avg_loss=4.8374 avg_acc=0.3578 | per-class [c0: 0.176, c1: 0.515, c2: 0.485]
Final training 96/149, loss: 4.8374, time 44.88s, lr: 0.000095
Accuracy: 0.390
class                  precision    recall   specificity      f1   support
--------------------------------------------------------------------------
0                          0.500     0.176         0.909   0.261        34
1                          0.405     0.515         0.627   0.453        33
2                          0.348     0.485         0.552   0.405        33
*----------------------------------------*
0 Mon Nov  3 11:17:08 2025 Epoch: 97
Epoch: 97/150 Iter: 0/25 loss: 4.8637 acc: 0.5000 time 4.02s
Epoch: 97/150 Iter: 1/25 loss: 4.9351 acc: 0.3333 time 1.36s
Epoch: 97/150 Iter: 2/25 loss: 4.9942 acc: 0.3704 time 1.33s
Epoch: 97/150 Iter: 3/25 loss: 4.9524 acc: 0.4028 time 1.38s
Epoch: 97/150 Iter: 4/25 loss: 4.9321 acc: 0.4222 time 1.32s
Epoch: 97/150 Iter: 5/25 loss: 4.9637 acc: 0.4074 time 2.63s
Epoch: 97/150 Iter: 6/25 loss: 4.9308 acc: 0.4206 time 2.65s
Epoch: 97/150 Iter: 7/25 loss: 4.9681 acc: 0.4097 time 1.33s
Epoch: 97/150 Iter: 8/25 loss: 4.9308 acc: 0.4198 time 2.65s
Epoch: 97/150 Iter: 9/25 loss: 4.9074 acc: 0.4111 time 1.26s
Epoch: 97/150 Iter: 10/25 loss: 4.8968 acc: 0.4040 time 1.27s
Epoch: 97/150 Iter: 11/25 loss: 4.8955 acc: 0.3796 time 1.40s
Epoch: 97/150 Iter: 12/25 loss: 4.9041 acc: 0.3761 time 2.68s
Epoch: 97/150 Iter: 13/25 loss: 4.9033 acc: 0.3730 time 2.59s
Epoch: 97/150 Iter: 14/25 loss: 4.8966 acc: 0.3648 time 2.62s
Epoch: 97/150 Iter: 15/25 loss: 4.8952 acc: 0.3628 time 1.26s
Epoch: 97/150 Iter: 16/25 loss: 4.8962 acc: 0.3415 time 1.24s
Epoch: 97/150 Iter: 17/25 loss: 4.8866 acc: 0.3596 time 1.28s
Epoch: 97/150 Iter: 18/25 loss: 4.8862 acc: 0.3582 time 1.29s
Epoch: 97/150 Iter: 19/25 loss: 4.8658 acc: 0.3736 time 1.44s
Epoch: 97/150 Iter: 20/25 loss: 4.8613 acc: 0.3796 time 1.28s
Epoch: 97/150 Iter: 21/25 loss: 4.8726 acc: 0.3624 time 1.28s
Epoch: 97/150 Iter: 22/25 loss: 4.8646 acc: 0.3756 time 2.61s
Epoch: 97/150 Iter: 23/25 loss: 4.8652 acc: 0.3808 time 1.29s
Epoch: 97/150 Iter: 24/25 loss: 4.8630 acc: 0.3744 time 2.63s
[Train epoch 97] avg_loss=4.8630 avg_acc=0.3744 | per-class [c0: 0.152, c1: 0.303, c2: 0.647]
Final training 97/149, loss: 4.8630, time 46.12s, lr: 0.000092
Accuracy: 0.370
class                  precision    recall   specificity      f1   support
--------------------------------------------------------------------------
0                          0.238     0.152         0.761   0.185        33
1                          0.588     0.303         0.896   0.400        33
2                          0.355     0.647         0.394   0.458        34
*----------------------------------------*
0 Mon Nov  3 11:17:54 2025 Epoch: 98
Epoch: 98/150 Iter: 0/25 loss: 5.0315 acc: 0.0000 time 3.78s
Epoch: 98/150 Iter: 1/25 loss: 4.9623 acc: 0.1667 time 1.29s
Epoch: 98/150 Iter: 2/25 loss: 4.9891 acc: 0.1481 time 1.33s
Epoch: 98/150 Iter: 3/25 loss: 4.9763 acc: 0.1528 time 1.31s
Epoch: 98/150 Iter: 4/25 loss: 4.8983 acc: 0.2889 time 2.67s
Epoch: 98/150 Iter: 5/25 loss: 4.9056 acc: 0.2407 time 2.67s
Epoch: 98/150 Iter: 6/25 loss: 4.9198 acc: 0.2540 time 1.33s
Epoch: 98/150 Iter: 7/25 loss: 4.9062 acc: 0.2639 time 1.36s
Epoch: 98/150 Iter: 8/25 loss: 4.8732 acc: 0.2716 time 1.47s
Epoch: 98/150 Iter: 9/25 loss: 4.8867 acc: 0.2444 time 1.35s
Epoch: 98/150 Iter: 10/25 loss: 4.8985 acc: 0.2677 time 1.37s
Epoch: 98/150 Iter: 11/25 loss: 4.8957 acc: 0.2454 time 1.28s
Epoch: 98/150 Iter: 12/25 loss: 4.8780 acc: 0.2521 time 2.64s
Epoch: 98/150 Iter: 13/25 loss: 4.8664 acc: 0.2421 time 1.25s
Epoch: 98/150 Iter: 14/25 loss: 4.8569 acc: 0.2481 time 1.38s
Epoch: 98/150 Iter: 15/25 loss: 4.8458 acc: 0.2639 time 1.27s
Epoch: 98/150 Iter: 16/25 loss: 4.8462 acc: 0.2680 time 2.71s
Epoch: 98/150 Iter: 17/25 loss: 4.8608 acc: 0.2531 time 1.36s
Epoch: 98/150 Iter: 18/25 loss: 4.8577 acc: 0.2573 time 1.34s
Epoch: 98/150 Iter: 19/25 loss: 4.8585 acc: 0.2611 time 1.26s
Epoch: 98/150 Iter: 20/25 loss: 4.8614 acc: 0.2646 time 1.32s
Epoch: 98/150 Iter: 21/25 loss: 4.8615 acc: 0.2677 time 1.40s
Epoch: 98/150 Iter: 22/25 loss: 4.8715 acc: 0.2560 time 1.43s
Epoch: 98/150 Iter: 23/25 loss: 4.8552 acc: 0.2870 time 1.27s
Epoch: 98/150 Iter: 24/25 loss: 4.8612 acc: 0.2844 time 1.29s
[Train epoch 98] avg_loss=4.8612 avg_acc=0.2844 | per-class [c0: 0.469, c1: 0.294, c2: 0.176]
Final training 98/149, loss: 4.8612, time 41.18s, lr: 0.000089
Accuracy: 0.310
class                  precision    recall   specificity      f1   support
--------------------------------------------------------------------------
0                          0.278     0.469         0.426   0.349        32
1                          0.333     0.294         0.697   0.312        34
2                          0.375     0.176         0.848   0.240        34
*----------------------------------------*
0 Mon Nov  3 11:18:35 2025 Epoch: 99
Epoch: 99/150 Iter: 0/25 loss: 4.8596 acc: 0.3333 time 2.50s
Epoch: 99/150 Iter: 1/25 loss: 4.8273 acc: 0.3333 time 3.00s
Epoch: 99/150 Iter: 2/25 loss: 4.7806 acc: 0.3889 time 2.77s
Epoch: 99/150 Iter: 3/25 loss: 4.8084 acc: 0.3333 time 1.26s
Epoch: 99/150 Iter: 4/25 loss: 4.8480 acc: 0.3333 time 1.30s
Epoch: 99/150 Iter: 5/25 loss: 4.8432 acc: 0.3333 time 1.30s
Epoch: 99/150 Iter: 6/25 loss: 4.7851 acc: 0.3393 time 2.71s
Epoch: 99/150 Iter: 7/25 loss: 4.8288 acc: 0.3385 time 1.30s
Epoch: 99/150 Iter: 8/25 loss: 4.8719 acc: 0.3009 time 1.37s
Epoch: 99/150 Iter: 9/25 loss: 4.8810 acc: 0.2708 time 1.27s
Epoch: 99/150 Iter: 10/25 loss: 4.9009 acc: 0.2462 time 2.67s
Epoch: 99/150 Iter: 11/25 loss: 4.8966 acc: 0.2535 time 1.26s
Epoch: 99/150 Iter: 12/25 loss: 4.8904 acc: 0.2340 time 1.27s
Epoch: 99/150 Iter: 13/25 loss: 4.8919 acc: 0.2411 time 1.28s
Epoch: 99/150 Iter: 14/25 loss: 4.8890 acc: 0.2546 time 1.43s
Epoch: 99/150 Iter: 15/25 loss: 4.8821 acc: 0.2734 time 1.32s
Epoch: 99/150 Iter: 16/25 loss: 4.8793 acc: 0.2574 time 2.64s
Epoch: 99/150 Iter: 17/25 loss: 4.8760 acc: 0.2523 time 2.61s
Epoch: 99/150 Iter: 18/25 loss: 4.8774 acc: 0.2654 time 1.28s
Epoch: 99/150 Iter: 19/25 loss: 4.8748 acc: 0.2688 time 1.28s
Epoch: 99/150 Iter: 20/25 loss: 4.8734 acc: 0.2718 time 1.28s
Epoch: 99/150 Iter: 21/25 loss: 4.8912 acc: 0.2746 time 1.29s
Epoch: 99/150 Iter: 22/25 loss: 4.8990 acc: 0.2772 time 1.28s
Epoch: 99/150 Iter: 23/25 loss: 4.9025 acc: 0.2656 time 2.57s
Epoch: 99/150 Iter: 24/25 loss: 4.8990 acc: 0.2550 time 2.64s
[Train epoch 99] avg_loss=4.8990 avg_acc=0.2550 | per-class [c0: 0.182, c1: 0.500, c2: 0.121]
Final training 99/149, loss: 4.8990, time 44.90s, lr: 0.000086
Accuracy: 0.270
class                  precision    recall   specificity      f1   support
--------------------------------------------------------------------------
0                          0.182     0.182         0.597   0.182        33
1                          0.386     0.500         0.591   0.436        34
2                          0.174     0.121         0.716   0.143        33
*----------------------------------------*
Val 99/150 0/27, Acc: 0.0000, time 0.33s
Val 99/150 1/27, Acc: 0.5000, time 0.35s
Val 99/150 2/27, Acc: 0.3333, time 0.33s
Val 99/150 3/27, Acc: 0.2500, time 0.33s
Val 99/150 4/27, Acc: 0.2000, time 0.37s
Val 99/150 5/27, Acc: 0.1667, time 0.34s
Val 99/150 6/27, Acc: 0.1429, time 0.43s
Val 99/150 7/27, Acc: 0.2500, time 0.34s
Val 99/150 8/27, Acc: 0.2222, time 0.34s
Val 99/150 9/27, Acc: 0.2000, time 0.33s
Val 99/150 10/27, Acc: 0.2727, time 0.33s
Val 99/150 11/27, Acc: 0.3333, time 0.38s
Val 99/150 12/27, Acc: 0.3846, time 0.33s
Val 99/150 13/27, Acc: 0.3571, time 0.33s
Val 99/150 14/27, Acc: 0.4000, time 0.33s
Val 99/150 15/27, Acc: 0.3750, time 0.34s
Val 99/150 16/27, Acc: 0.3529, time 0.33s
Val 99/150 17/27, Acc: 0.3333, time 0.39s
Val 99/150 18/27, Acc: 0.3158, time 0.33s
Val 99/150 19/27, Acc: 0.3000, time 0.33s
Val 99/150 20/27, Acc: 0.2857, time 0.33s
Val 99/150 21/27, Acc: 0.2727, time 0.34s
Val 99/150 22/27, Acc: 0.2609, time 0.40s
Val 99/150 23/27, Acc: 0.2917, time 0.37s
Val 99/150 24/27, Acc: 0.2800, time 0.34s
Val 99/150 25/27, Acc: 0.2692, time 0.34s
Val 99/150 26/27, Acc: 0.2593, time 0.32s
[Val epoch 99] avg_acc=0.2593 | per-class [c0: 0.556, c1: 0.000, c2: 0.222]
Final validation 99/149, Val_acc: 0.2593, time 9.34sAccuracy: 0.259
class                  precision    recall   specificity      f1   support
--------------------------------------------------------------------------
0                          0.294     0.556         0.333   0.385         9
1                          0.000     0.000         0.667   0.000         9
2                          0.500     0.222         0.889   0.308         9
*========================================*
Saving checkpoint outputs/OrganoidsINRIA/resnet50/2025-11-03-10-04/model_final.pt
0 Mon Nov  3 11:19:32 2025 Epoch: 100
Epoch: 100/150 Iter: 0/25 loss: 4.7403 acc: 0.5000 time 3.83s
Epoch: 100/150 Iter: 1/25 loss: 4.8313 acc: 0.4167 time 1.36s
Epoch: 100/150 Iter: 2/25 loss: 4.8993 acc: 0.3333 time 2.65s
Epoch: 100/150 Iter: 3/25 loss: 5.0311 acc: 0.2500 time 2.66s
Epoch: 100/150 Iter: 4/25 loss: 4.9557 acc: 0.2667 time 1.31s
Epoch: 100/150 Iter: 5/25 loss: 4.9880 acc: 0.2222 time 1.29s
Epoch: 100/150 Iter: 6/25 loss: 4.9592 acc: 0.3095 time 1.34s
Epoch: 100/150 Iter: 7/25 loss: 4.9413 acc: 0.2917 time 1.31s
Epoch: 100/150 Iter: 8/25 loss: 4.8999 acc: 0.3519 time 1.45s
Epoch: 100/150 Iter: 9/25 loss: 4.9062 acc: 0.3167 time 2.82s
Epoch: 100/150 Iter: 10/25 loss: 4.9069 acc: 0.3030 time 1.37s
Epoch: 100/150 Iter: 11/25 loss: 4.9053 acc: 0.3333 time 2.57s
Epoch: 100/150 Iter: 12/25 loss: 4.9140 acc: 0.3333 time 1.29s
Epoch: 100/150 Iter: 13/25 loss: 4.9153 acc: 0.3214 time 1.29s
Epoch: 100/150 Iter: 14/25 loss: 4.9220 acc: 0.3111 time 1.25s
Epoch: 100/150 Iter: 15/25 loss: 4.9265 acc: 0.3021 time 1.29s
Epoch: 100/150 Iter: 16/25 loss: 4.8975 acc: 0.3431 time 1.25s
Epoch: 100/150 Iter: 17/25 loss: 4.8804 acc: 0.3704 time 1.26s
Epoch: 100/150 Iter: 18/25 loss: 4.8737 acc: 0.3684 time 1.26s
Epoch: 100/150 Iter: 19/25 loss: 4.8628 acc: 0.3875 time 1.28s
Epoch: 100/150 Iter: 20/25 loss: 4.8470 acc: 0.4167 time 1.27s
Epoch: 100/150 Iter: 21/25 loss: 4.8557 acc: 0.4028 time 1.25s
Epoch: 100/150 Iter: 22/25 loss: 4.8682 acc: 0.3901 time 1.28s
Epoch: 100/150 Iter: 23/25 loss: 4.8539 acc: 0.3947 time 1.28s
Epoch: 100/150 Iter: 24/25 loss: 4.8553 acc: 0.3856 time 1.28s
[Train epoch 100] avg_loss=4.8553 avg_acc=0.3856 | per-class [c0: 0.212, c1: 0.471, c2: 0.576]
Final training 100/149, loss: 4.8553, time 40.55s, lr: 0.000083
Accuracy: 0.420
class                  precision    recall   specificity      f1   support
--------------------------------------------------------------------------
0                          0.583     0.212         0.925   0.311        33
1                          0.410     0.471         0.652   0.438        34
2                          0.388     0.576         0.552   0.463        33
*----------------------------------------*
0 Mon Nov  3 11:20:13 2025 Epoch: 101
Epoch: 101/150 Iter: 0/25 loss: 5.0233 acc: 0.0000 time 2.46s
Epoch: 101/150 Iter: 1/25 loss: 4.7978 acc: 0.2500 time 2.68s
Epoch: 101/150 Iter: 2/25 loss: 4.8631 acc: 0.1667 time 1.49s
Epoch: 101/150 Iter: 3/25 loss: 4.8172 acc: 0.2083 time 1.28s
Epoch: 101/150 Iter: 4/25 loss: 4.8433 acc: 0.2333 time 1.34s
Epoch: 101/150 Iter: 5/25 loss: 4.8930 acc: 0.1944 time 1.30s
Epoch: 101/150 Iter: 6/25 loss: 4.8670 acc: 0.2619 time 1.45s
Epoch: 101/150 Iter: 7/25 loss: 4.8777 acc: 0.2708 time 1.31s
Epoch: 101/150 Iter: 8/25 loss: 4.8598 acc: 0.2778 time 2.67s
Epoch: 101/150 Iter: 9/25 loss: 4.8445 acc: 0.3000 time 1.25s
Epoch: 101/150 Iter: 10/25 loss: 4.8571 acc: 0.3030 time 2.59s
Epoch: 101/150 Iter: 11/25 loss: 4.8273 acc: 0.3056 time 1.29s
Epoch: 101/150 Iter: 12/25 loss: 4.8390 acc: 0.2949 time 2.66s
Epoch: 101/150 Iter: 13/25 loss: 4.8474 acc: 0.2976 time 1.37s
Epoch: 101/150 Iter: 14/25 loss: 4.8402 acc: 0.3111 time 2.60s
Epoch: 101/150 Iter: 15/25 loss: 4.8350 acc: 0.3125 time 1.37s
Epoch: 101/150 Iter: 16/25 loss: 4.8435 acc: 0.3137 time 1.28s
Epoch: 101/150 Iter: 17/25 loss: 4.8507 acc: 0.3241 time 1.28s
Epoch: 101/150 Iter: 18/25 loss: 4.8422 acc: 0.3333 time 1.31s
Epoch: 101/150 Iter: 19/25 loss: 4.8351 acc: 0.3278 time 2.62s
Epoch: 101/150 Iter: 20/25 loss: 4.8260 acc: 0.3439 time 2.61s
Epoch: 101/150 Iter: 21/25 loss: 4.8259 acc: 0.3434 time 1.44s
Epoch: 101/150 Iter: 22/25 loss: 4.8334 acc: 0.3285 time 1.28s
Epoch: 101/150 Iter: 23/25 loss: 4.8354 acc: 0.3287 time 2.65s
Epoch: 101/150 Iter: 24/25 loss: 4.8355 acc: 0.3289 time 1.29s
[Train epoch 101] avg_loss=4.8355 avg_acc=0.3289 | per-class [c0: 0.029, c1: 0.242, c2: 0.818]
Final training 101/149, loss: 4.8355, time 44.91s, lr: 0.000080
Accuracy: 0.360
class                  precision    recall   specificity      f1   support
--------------------------------------------------------------------------
0                          0.333     0.029         0.970   0.054        34
1                          0.400     0.242         0.821   0.302        33
2                          0.351     0.818         0.254   0.491        33
*----------------------------------------*
0 Mon Nov  3 11:20:58 2025 Epoch: 102
Epoch: 102/150 Iter: 0/25 loss: 4.6488 acc: 0.5000 time 2.95s
Epoch: 102/150 Iter: 1/25 loss: 4.7470 acc: 0.3333 time 2.71s
Epoch: 102/150 Iter: 2/25 loss: 4.7897 acc: 0.4722 time 1.27s
Epoch: 102/150 Iter: 3/25 loss: 4.7440 acc: 0.5208 time 2.69s
Epoch: 102/150 Iter: 4/25 loss: 4.7508 acc: 0.5667 time 1.36s
Epoch: 102/150 Iter: 5/25 loss: 4.7553 acc: 0.5833 time 1.31s
Epoch: 102/150 Iter: 6/25 loss: 4.7378 acc: 0.5714 time 1.30s
Epoch: 102/150 Iter: 7/25 loss: 4.7456 acc: 0.5417 time 1.46s
Epoch: 102/150 Iter: 8/25 loss: 4.7839 acc: 0.5000 time 1.33s
Epoch: 102/150 Iter: 9/25 loss: 4.8001 acc: 0.4833 time 1.29s
Epoch: 102/150 Iter: 10/25 loss: 4.8135 acc: 0.4697 time 1.29s
Epoch: 102/150 Iter: 11/25 loss: 4.7928 acc: 0.5139 time 2.61s
Epoch: 102/150 Iter: 12/25 loss: 4.7759 acc: 0.5256 time 1.27s
Epoch: 102/150 Iter: 13/25 loss: 4.7793 acc: 0.4960 time 1.28s
Epoch: 102/150 Iter: 14/25 loss: 4.7830 acc: 0.5074 time 1.37s
Epoch: 102/150 Iter: 15/25 loss: 4.8024 acc: 0.4757 time 2.60s
Epoch: 102/150 Iter: 16/25 loss: 4.8144 acc: 0.4477 time 1.37s
Epoch: 102/150 Iter: 17/25 loss: 4.8414 acc: 0.4228 time 1.26s
Epoch: 102/150 Iter: 18/25 loss: 4.8308 acc: 0.4181 time 2.69s
Epoch: 102/150 Iter: 19/25 loss: 4.8288 acc: 0.4056 time 2.64s
Epoch: 102/150 Iter: 20/25 loss: 4.8345 acc: 0.4021 time 1.35s
Epoch: 102/150 Iter: 21/25 loss: 4.8441 acc: 0.3838 time 1.27s
Epoch: 102/150 Iter: 22/25 loss: 4.8515 acc: 0.3744 time 1.43s
Epoch: 102/150 Iter: 23/25 loss: 4.8465 acc: 0.3796 time 2.61s
Epoch: 102/150 Iter: 24/25 loss: 4.8470 acc: 0.3778 time 2.60s
[Train epoch 102] avg_loss=4.8470 avg_acc=0.3778 | per-class [c0: 0.061, c1: 0.667, c2: 0.529]
Final training 102/149, loss: 4.8470, time 45.33s, lr: 0.000077
Accuracy: 0.420
class                  precision    recall   specificity      f1   support
--------------------------------------------------------------------------
0                          0.400     0.061         0.955   0.105        33
1                          0.400     0.667         0.507   0.500        33
2                          0.450     0.529         0.667   0.486        34
*----------------------------------------*
0 Mon Nov  3 11:21:43 2025 Epoch: 103
Epoch: 103/150 Iter: 0/25 loss: 4.7579 acc: 0.5556 time 3.52s
Epoch: 103/150 Iter: 1/25 loss: 4.5733 acc: 0.5278 time 1.36s
Epoch: 103/150 Iter: 2/25 loss: 4.6744 acc: 0.5185 time 1.46s
Epoch: 103/150 Iter: 3/25 loss: 4.6500 acc: 0.4722 time 2.63s
Epoch: 103/150 Iter: 4/25 loss: 4.7151 acc: 0.4444 time 1.31s
Epoch: 103/150 Iter: 5/25 loss: 4.7396 acc: 0.4537 time 1.34s
Epoch: 103/150 Iter: 6/25 loss: 4.7201 acc: 0.4603 time 1.33s
Epoch: 103/150 Iter: 7/25 loss: 4.7476 acc: 0.4236 time 1.35s
Epoch: 103/150 Iter: 8/25 loss: 4.7394 acc: 0.4136 time 2.63s
Epoch: 103/150 Iter: 9/25 loss: 4.7296 acc: 0.4722 time 1.28s
Epoch: 103/150 Iter: 10/25 loss: 4.7541 acc: 0.4747 time 1.29s
Epoch: 103/150 Iter: 11/25 loss: 4.7768 acc: 0.4352 time 2.60s
Epoch: 103/150 Iter: 12/25 loss: 4.7928 acc: 0.4145 time 2.65s
Epoch: 103/150 Iter: 13/25 loss: 4.7939 acc: 0.4325 time 1.27s
Epoch: 103/150 Iter: 14/25 loss: 4.8053 acc: 0.4481 time 2.61s
Epoch: 103/150 Iter: 15/25 loss: 4.7899 acc: 0.4410 time 1.26s
Epoch: 103/150 Iter: 16/25 loss: 4.7986 acc: 0.4248 time 2.60s
Epoch: 103/150 Iter: 17/25 loss: 4.7938 acc: 0.4198 time 1.27s
Epoch: 103/150 Iter: 18/25 loss: 4.7970 acc: 0.4064 time 1.26s
Epoch: 103/150 Iter: 19/25 loss: 4.8001 acc: 0.4111 time 1.43s
Epoch: 103/150 Iter: 20/25 loss: 4.8217 acc: 0.3915 time 2.66s
Epoch: 103/150 Iter: 21/25 loss: 4.8183 acc: 0.4040 time 1.25s
Epoch: 103/150 Iter: 22/25 loss: 4.8232 acc: 0.4010 time 1.29s
Epoch: 103/150 Iter: 23/25 loss: 4.8199 acc: 0.3981 time 1.29s
Epoch: 103/150 Iter: 24/25 loss: 4.8183 acc: 0.4089 time 2.62s
[Train epoch 103] avg_loss=4.8183 avg_acc=0.4089 | per-class [c0: 0.676, c1: 0.618, c2: 0.031]
Final training 103/149, loss: 4.8183, time 45.60s, lr: 0.000074
Accuracy: 0.450
class                  precision    recall   specificity      f1   support
--------------------------------------------------------------------------
0                          0.451     0.676         0.576   0.541        34
1                          0.477     0.618         0.652   0.538        34
2                          0.200     0.031         0.941   0.054        32
*----------------------------------------*
Val 103/150 0/27, Acc: 0.0000, time 0.35s
Val 103/150 1/27, Acc: 0.5000, time 0.35s
Val 103/150 2/27, Acc: 0.3333, time 0.33s
Val 103/150 3/27, Acc: 0.2500, time 0.33s
Val 103/150 4/27, Acc: 0.2000, time 0.37s
Val 103/150 5/27, Acc: 0.1667, time 0.34s
Val 103/150 6/27, Acc: 0.1429, time 0.43s
Val 103/150 7/27, Acc: 0.1250, time 0.34s
Val 103/150 8/27, Acc: 0.1111, time 0.34s
Val 103/150 9/27, Acc: 0.2000, time 0.33s
Val 103/150 10/27, Acc: 0.2727, time 0.34s
Val 103/150 11/27, Acc: 0.3333, time 0.38s
Val 103/150 12/27, Acc: 0.3846, time 0.33s
Val 103/150 13/27, Acc: 0.3571, time 0.33s
Val 103/150 14/27, Acc: 0.4000, time 0.33s
Val 103/150 15/27, Acc: 0.3750, time 0.34s
Val 103/150 16/27, Acc: 0.3529, time 0.33s
Val 103/150 17/27, Acc: 0.3333, time 0.39s
Val 103/150 18/27, Acc: 0.3158, time 0.33s
Val 103/150 19/27, Acc: 0.3500, time 0.34s
Val 103/150 20/27, Acc: 0.3333, time 0.33s
Val 103/150 21/27, Acc: 0.3182, time 0.34s
Val 103/150 22/27, Acc: 0.3043, time 0.40s
Val 103/150 23/27, Acc: 0.3333, time 0.37s
Val 103/150 24/27, Acc: 0.3200, time 0.34s
Val 103/150 25/27, Acc: 0.3077, time 0.34s
Val 103/150 26/27, Acc: 0.2963, time 0.32s
[Val epoch 103] avg_acc=0.2963 | per-class [c0: 0.556, c1: 0.000, c2: 0.333]
Final validation 103/149, Val_acc: 0.2963, time 9.39sAccuracy: 0.296
class                  precision    recall   specificity      f1   support
--------------------------------------------------------------------------
0                          0.278     0.556         0.278   0.370         9
1                          0.000     0.000         0.778   0.000         9
2                          0.600     0.333         0.889   0.429         9
*========================================*
Saving checkpoint outputs/OrganoidsINRIA/resnet50/2025-11-03-10-04/model_final.pt
0 Mon Nov  3 11:22:40 2025 Epoch: 104
Epoch: 104/150 Iter: 0/25 loss: 5.2802 acc: 0.0000 time 2.43s
Epoch: 104/150 Iter: 1/25 loss: 5.0948 acc: 0.1667 time 1.34s
Epoch: 104/150 Iter: 2/25 loss: 4.9794 acc: 0.1111 time 2.62s
Epoch: 104/150 Iter: 3/25 loss: 4.9256 acc: 0.1667 time 1.34s
Epoch: 104/150 Iter: 4/25 loss: 4.9273 acc: 0.2333 time 2.69s
Epoch: 104/150 Iter: 5/25 loss: 4.8995 acc: 0.2778 time 1.33s
Epoch: 104/150 Iter: 6/25 loss: 4.8678 acc: 0.3095 time 1.35s
Epoch: 104/150 Iter: 7/25 loss: 4.8557 acc: 0.3542 time 2.61s
Epoch: 104/150 Iter: 8/25 loss: 4.8616 acc: 0.3704 time 1.31s
Epoch: 104/150 Iter: 9/25 loss: 4.8456 acc: 0.4333 time 1.28s
Epoch: 104/150 Iter: 10/25 loss: 4.8373 acc: 0.4091 time 1.24s
Epoch: 104/150 Iter: 11/25 loss: 4.8423 acc: 0.4167 time 1.26s
Epoch: 104/150 Iter: 12/25 loss: 4.8260 acc: 0.4103 time 1.25s
Epoch: 104/150 Iter: 13/25 loss: 4.8236 acc: 0.4405 time 1.27s
Epoch: 104/150 Iter: 14/25 loss: 4.8578 acc: 0.4111 time 1.28s
Epoch: 104/150 Iter: 15/25 loss: 4.8559 acc: 0.3958 time 1.28s
Epoch: 104/150 Iter: 16/25 loss: 4.8523 acc: 0.3824 time 2.62s
Epoch: 104/150 Iter: 17/25 loss: 4.8408 acc: 0.3981 time 1.28s
Epoch: 104/150 Iter: 18/25 loss: 4.8475 acc: 0.3860 time 2.61s
Epoch: 104/150 Iter: 19/25 loss: 4.8550 acc: 0.3750 time 2.62s
Epoch: 104/150 Iter: 20/25 loss: 4.8614 acc: 0.3571 time 1.27s
Epoch: 104/150 Iter: 21/25 loss: 4.8636 acc: 0.3561 time 1.25s
Epoch: 104/150 Iter: 22/25 loss: 4.8634 acc: 0.3551 time 2.58s
Epoch: 104/150 Iter: 23/25 loss: 4.8685 acc: 0.3507 time 2.67s
Epoch: 104/150 Iter: 24/25 loss: 4.8598 acc: 0.3633 time 2.64s
[Train epoch 104] avg_loss=4.8598 avg_acc=0.3633 | per-class [c0: 0.303, c1: 0.394, c2: 0.412]
Final training 104/149, loss: 4.8598, time 45.43s, lr: 0.000071
Accuracy: 0.370
class                  precision    recall   specificity      f1   support
--------------------------------------------------------------------------
0                          0.400     0.303         0.776   0.345        33
1                          0.361     0.394         0.657   0.377        33
2                          0.359     0.412         0.621   0.384        34
*----------------------------------------*
0 Mon Nov  3 11:23:26 2025 Epoch: 105
Epoch: 105/150 Iter: 0/25 loss: 4.9711 acc: 0.1667 time 2.91s
Epoch: 105/150 Iter: 1/25 loss: 4.8323 acc: 0.5000 time 1.32s
Epoch: 105/150 Iter: 2/25 loss: 4.7780 acc: 0.4444 time 1.26s
Epoch: 105/150 Iter: 3/25 loss: 4.7939 acc: 0.4167 time 1.32s
Epoch: 105/150 Iter: 4/25 loss: 4.7832 acc: 0.3556 time 2.65s
Epoch: 105/150 Iter: 5/25 loss: 4.8042 acc: 0.3519 time 2.81s
Epoch: 105/150 Iter: 6/25 loss: 4.7763 acc: 0.3730 time 1.29s
Epoch: 105/150 Iter: 7/25 loss: 4.7463 acc: 0.4097 time 1.28s
Epoch: 105/150 Iter: 8/25 loss: 4.7392 acc: 0.4012 time 1.30s
Epoch: 105/150 Iter: 9/25 loss: 4.7491 acc: 0.3861 time 1.29s
Epoch: 105/150 Iter: 10/25 loss: 4.7850 acc: 0.3510 time 1.34s
Epoch: 105/150 Iter: 11/25 loss: 4.7912 acc: 0.3356 time 1.28s
Epoch: 105/150 Iter: 12/25 loss: 4.7896 acc: 0.3611 time 2.59s
Epoch: 105/150 Iter: 13/25 loss: 4.8226 acc: 0.3353 time 1.26s
Epoch: 105/150 Iter: 14/25 loss: 4.8160 acc: 0.3463 time 2.59s
Epoch: 105/150 Iter: 15/25 loss: 4.8222 acc: 0.3455 time 1.26s
Epoch: 105/150 Iter: 16/25 loss: 4.8220 acc: 0.3350 time 1.29s
Epoch: 105/150 Iter: 17/25 loss: 4.8443 acc: 0.3164 time 1.29s
Epoch: 105/150 Iter: 18/25 loss: 4.8464 acc: 0.2997 time 2.65s
Epoch: 105/150 Iter: 19/25 loss: 4.8548 acc: 0.3014 time 1.25s
Epoch: 105/150 Iter: 20/25 loss: 4.8475 acc: 0.3108 time 1.26s
Epoch: 105/150 Iter: 21/25 loss: 4.8612 acc: 0.2967 time 2.64s
Epoch: 105/150 Iter: 22/25 loss: 4.8696 acc: 0.2838 time 1.43s
Epoch: 105/150 Iter: 23/25 loss: 4.8650 acc: 0.2789 time 1.28s
Epoch: 105/150 Iter: 24/25 loss: 4.8568 acc: 0.2811 time 1.34s
[Train epoch 105] avg_loss=4.8568 avg_acc=0.2811 | per-class [c0: 0.000, c1: 0.219, c2: 0.735]
Final training 105/149, loss: 4.8568, time 42.24s, lr: 0.000068
Accuracy: 0.320
class                  precision    recall   specificity      f1   support
--------------------------------------------------------------------------
0                          0.000     0.000         1.000   0.000        34
1                          0.250     0.219         0.691   0.233        32
2                          0.347     0.735         0.288   0.472        34
*----------------------------------------*
0 Mon Nov  3 11:24:08 2025 Epoch: 106
Epoch: 106/150 Iter: 0/25 loss: 4.9499 acc: 0.0000 time 2.77s
Epoch: 106/150 Iter: 1/25 loss: 4.9002 acc: 0.2500 time 1.31s
Epoch: 106/150 Iter: 2/25 loss: 4.9063 acc: 0.3889 time 1.31s
Epoch: 106/150 Iter: 3/25 loss: 4.8062 acc: 0.3750 time 1.35s
Epoch: 106/150 Iter: 4/25 loss: 4.8273 acc: 0.3333 time 1.32s
Epoch: 106/150 Iter: 5/25 loss: 4.8468 acc: 0.3056 time 2.70s
Epoch: 106/150 Iter: 6/25 loss: 4.8403 acc: 0.3571 time 1.33s
Epoch: 106/150 Iter: 7/25 loss: 4.8619 acc: 0.3125 time 1.48s
Epoch: 106/150 Iter: 8/25 loss: 4.8648 acc: 0.2901 time 1.35s
Epoch: 106/150 Iter: 9/25 loss: 4.8530 acc: 0.2778 time 2.62s
Epoch: 106/150 Iter: 10/25 loss: 4.8509 acc: 0.2626 time 2.61s
Epoch: 106/150 Iter: 11/25 loss: 4.8802 acc: 0.2685 time 1.25s
Epoch: 106/150 Iter: 12/25 loss: 4.8579 acc: 0.3056 time 1.28s
Epoch: 106/150 Iter: 13/25 loss: 4.8865 acc: 0.2837 time 1.24s
Epoch: 106/150 Iter: 14/25 loss: 4.9105 acc: 0.2648 time 1.28s
Epoch: 106/150 Iter: 15/25 loss: 4.9174 acc: 0.2795 time 1.26s
Epoch: 106/150 Iter: 16/25 loss: 4.9055 acc: 0.2827 time 2.68s
Epoch: 106/150 Iter: 17/25 loss: 4.9190 acc: 0.2762 time 1.28s
Epoch: 106/150 Iter: 18/25 loss: 4.9262 acc: 0.2617 time 1.37s
Epoch: 106/150 Iter: 19/25 loss: 4.9161 acc: 0.2819 time 1.24s
Epoch: 106/150 Iter: 20/25 loss: 4.9130 acc: 0.2844 time 2.62s
Epoch: 106/150 Iter: 21/25 loss: 4.9035 acc: 0.2866 time 2.57s
Epoch: 106/150 Iter: 22/25 loss: 4.9034 acc: 0.2886 time 1.26s
Epoch: 106/150 Iter: 23/25 loss: 4.9120 acc: 0.2905 time 1.43s
Epoch: 106/150 Iter: 24/25 loss: 4.9089 acc: 0.2989 time 1.29s
[Train epoch 106] avg_loss=4.9089 avg_acc=0.2989 | per-class [c0: 0.529, c1: 0.375, c2: 0.118]
Final training 106/149, loss: 4.9089, time 42.24s, lr: 0.000066
Accuracy: 0.340
class                  precision    recall   specificity      f1   support
--------------------------------------------------------------------------
0                          0.333     0.529         0.455   0.409        34
1                          0.462     0.375         0.794   0.414        32
2                          0.200     0.118         0.758   0.148        34
*----------------------------------------*
0 Mon Nov  3 11:24:50 2025 Epoch: 107
Epoch: 107/150 Iter: 0/25 loss: 4.7388 acc: 0.6667 time 3.10s
Epoch: 107/150 Iter: 1/25 loss: 4.9455 acc: 0.3333 time 2.81s
Epoch: 107/150 Iter: 2/25 loss: 4.9742 acc: 0.2222 time 1.32s
Epoch: 107/150 Iter: 3/25 loss: 4.9960 acc: 0.1667 time 1.31s
Epoch: 107/150 Iter: 4/25 loss: 4.9868 acc: 0.1333 time 1.33s
Epoch: 107/150 Iter: 5/25 loss: 4.9989 acc: 0.1111 time 1.56s
Epoch: 107/150 Iter: 6/25 loss: 4.9724 acc: 0.1429 time 1.55s
Epoch: 107/150 Iter: 7/25 loss: 4.9720 acc: 0.1667 time 1.28s
Epoch: 107/150 Iter: 8/25 loss: 4.9484 acc: 0.1852 time 2.63s
Epoch: 107/150 Iter: 9/25 loss: 4.9294 acc: 0.2000 time 1.35s
Epoch: 107/150 Iter: 10/25 loss: 4.9376 acc: 0.2121 time 2.62s
Epoch: 107/150 Iter: 11/25 loss: 4.9036 acc: 0.2361 time 1.25s
Epoch: 107/150 Iter: 12/25 loss: 4.9303 acc: 0.2179 time 1.27s
Epoch: 107/150 Iter: 13/25 loss: 4.9226 acc: 0.2262 time 1.27s
Epoch: 107/150 Iter: 14/25 loss: 4.9421 acc: 0.2111 time 1.26s
Epoch: 107/150 Iter: 15/25 loss: 4.9583 acc: 0.1979 time 1.27s
Epoch: 107/150 Iter: 16/25 loss: 4.9464 acc: 0.2157 time 1.29s
Epoch: 107/150 Iter: 17/25 loss: 4.9416 acc: 0.2222 time 2.60s
Epoch: 107/150 Iter: 18/25 loss: 4.9454 acc: 0.2105 time 1.35s
Epoch: 107/150 Iter: 19/25 loss: 4.9190 acc: 0.2167 time 1.27s
Epoch: 107/150 Iter: 20/25 loss: 4.9232 acc: 0.2063 time 1.45s
Epoch: 107/150 Iter: 21/25 loss: 4.9174 acc: 0.2197 time 2.62s
Epoch: 107/150 Iter: 22/25 loss: 4.9166 acc: 0.2246 time 1.25s
Epoch: 107/150 Iter: 23/25 loss: 4.9241 acc: 0.2153 time 1.38s
Epoch: 107/150 Iter: 24/25 loss: 4.9321 acc: 0.2067 time 1.37s
[Train epoch 107] avg_loss=4.9321 avg_acc=0.2067 | per-class [c0: 0.029, c1: 0.030, c2: 0.606]
Final training 107/149, loss: 4.9321, time 41.81s, lr: 0.000063
Accuracy: 0.220
class                  precision    recall   specificity      f1   support
--------------------------------------------------------------------------
0                          0.062     0.029         0.773   0.040        34
1                          0.111     0.030         0.881   0.048        33
2                          0.267     0.606         0.179   0.370        33
*----------------------------------------*
Val 107/150 0/27, Acc: 0.0000, time 0.34s
Val 107/150 1/27, Acc: 0.0000, time 0.35s
Val 107/150 2/27, Acc: 0.0000, time 0.33s
Val 107/150 3/27, Acc: 0.0000, time 0.33s
Val 107/150 4/27, Acc: 0.0000, time 0.37s
Val 107/150 5/27, Acc: 0.1667, time 0.34s
Val 107/150 6/27, Acc: 0.1429, time 0.42s
Val 107/150 7/27, Acc: 0.2500, time 0.34s
Val 107/150 8/27, Acc: 0.2222, time 0.34s
Val 107/150 9/27, Acc: 0.2000, time 0.33s
Val 107/150 10/27, Acc: 0.1818, time 0.34s
Val 107/150 11/27, Acc: 0.1667, time 0.38s
Val 107/150 12/27, Acc: 0.2308, time 0.33s
Val 107/150 13/27, Acc: 0.2857, time 0.33s
Val 107/150 14/27, Acc: 0.2667, time 0.33s
Val 107/150 15/27, Acc: 0.2500, time 0.34s
Val 107/150 16/27, Acc: 0.2353, time 0.33s
Val 107/150 17/27, Acc: 0.2222, time 0.39s
Val 107/150 18/27, Acc: 0.2632, time 0.33s
Val 107/150 19/27, Acc: 0.3000, time 0.33s
Val 107/150 20/27, Acc: 0.2857, time 0.33s
Val 107/150 21/27, Acc: 0.3182, time 0.34s
Val 107/150 22/27, Acc: 0.3043, time 0.40s
Val 107/150 23/27, Acc: 0.2917, time 0.37s
Val 107/150 24/27, Acc: 0.2800, time 0.34s
Val 107/150 25/27, Acc: 0.3077, time 0.34s
Val 107/150 26/27, Acc: 0.2963, time 0.32s
[Val epoch 107] avg_acc=0.2963 | per-class [c0: 0.000, c1: 0.000, c2: 0.889]
Final validation 107/149, Val_acc: 0.2963, time 9.36sAccuracy: 0.296
class                  precision    recall   specificity      f1   support
--------------------------------------------------------------------------
0                          0.000     0.000         0.944   0.000         9
1                          0.000     0.000         1.000   0.000         9
2                          0.308     0.889         0.000   0.457         9
*========================================*
Saving checkpoint outputs/OrganoidsINRIA/resnet50/2025-11-03-10-04/model_final.pt
0 Mon Nov  3 11:25:44 2025 Epoch: 108
Epoch: 108/150 Iter: 0/25 loss: 4.9182 acc: 0.0000 time 4.91s
Epoch: 108/150 Iter: 1/25 loss: 4.8260 acc: 0.2500 time 1.33s
Epoch: 108/150 Iter: 2/25 loss: 4.8271 acc: 0.2222 time 1.35s
Epoch: 108/150 Iter: 3/25 loss: 4.8166 acc: 0.3056 time 2.66s
Epoch: 108/150 Iter: 4/25 loss: 4.8053 acc: 0.3778 time 1.33s
Epoch: 108/150 Iter: 5/25 loss: 4.8275 acc: 0.4259 time 2.58s
Epoch: 108/150 Iter: 6/25 loss: 4.8117 acc: 0.3810 time 1.27s
Epoch: 108/150 Iter: 7/25 loss: 4.8369 acc: 0.3750 time 2.62s
Epoch: 108/150 Iter: 8/25 loss: 4.8204 acc: 0.3889 time 2.65s
Epoch: 108/150 Iter: 9/25 loss: 4.8002 acc: 0.4250 time 1.29s
Epoch: 108/150 Iter: 10/25 loss: 4.7919 acc: 0.4369 time 1.28s
Epoch: 108/150 Iter: 11/25 loss: 4.8003 acc: 0.4282 time 1.27s
Epoch: 108/150 Iter: 12/25 loss: 4.8016 acc: 0.4081 time 1.27s
Epoch: 108/150 Iter: 13/25 loss: 4.7959 acc: 0.4147 time 2.62s
Epoch: 108/150 Iter: 14/25 loss: 4.8032 acc: 0.3981 time 1.25s
Epoch: 108/150 Iter: 15/25 loss: 4.8064 acc: 0.3802 time 1.27s
Epoch: 108/150 Iter: 16/25 loss: 4.8213 acc: 0.3578 time 1.28s
Epoch: 108/150 Iter: 17/25 loss: 4.8185 acc: 0.3657 time 2.71s
Epoch: 108/150 Iter: 18/25 loss: 4.8145 acc: 0.3728 time 1.43s
Epoch: 108/150 Iter: 19/25 loss: 4.8073 acc: 0.3653 time 2.63s
Epoch: 108/150 Iter: 20/25 loss: 4.8231 acc: 0.3638 time 2.61s
Epoch: 108/150 Iter: 21/25 loss: 4.8227 acc: 0.3624 time 2.62s
Epoch: 108/150 Iter: 22/25 loss: 4.8254 acc: 0.3611 time 2.76s
Epoch: 108/150 Iter: 23/25 loss: 4.8437 acc: 0.3461 time 1.42s
Epoch: 108/150 Iter: 24/25 loss: 4.8432 acc: 0.3456 time 2.60s
[Train epoch 108] avg_loss=4.8432 avg_acc=0.3456 | per-class [c0: 0.412, c1: 0.206, c2: 0.531]
Final training 108/149, loss: 4.8432, time 51.04s, lr: 0.000060
Accuracy: 0.380
class                  precision    recall   specificity      f1   support
--------------------------------------------------------------------------
0                          0.350     0.412         0.606   0.378        34
1                          0.636     0.206         0.939   0.311        34
2                          0.347     0.531         0.529   0.420        32
*----------------------------------------*
0 Mon Nov  3 11:26:35 2025 Epoch: 109
Epoch: 109/150 Iter: 0/25 loss: 5.4051 acc: 0.5000 time 3.10s
Epoch: 109/150 Iter: 1/25 loss: 5.0501 acc: 0.5000 time 1.51s
Epoch: 109/150 Iter: 2/25 loss: 4.9965 acc: 0.3333 time 1.28s
Epoch: 109/150 Iter: 3/25 loss: 4.8984 acc: 0.3750 time 1.31s
Epoch: 109/150 Iter: 4/25 loss: 4.8513 acc: 0.3500 time 1.47s
Epoch: 109/150 Iter: 5/25 loss: 4.8935 acc: 0.3472 time 1.35s
Epoch: 109/150 Iter: 6/25 loss: 4.8537 acc: 0.3690 time 1.29s
Epoch: 109/150 Iter: 7/25 loss: 4.8544 acc: 0.3646 time 1.32s
Epoch: 109/150 Iter: 8/25 loss: 4.8670 acc: 0.3241 time 2.71s
Epoch: 109/150 Iter: 9/25 loss: 4.8376 acc: 0.3417 time 1.35s
Epoch: 109/150 Iter: 10/25 loss: 4.8455 acc: 0.3561 time 2.65s
Epoch: 109/150 Iter: 11/25 loss: 4.8452 acc: 0.3819 time 1.29s
Epoch: 109/150 Iter: 12/25 loss: 4.8940 acc: 0.3782 time 1.27s
Epoch: 109/150 Iter: 13/25 loss: 4.8968 acc: 0.3750 time 1.25s
Epoch: 109/150 Iter: 14/25 loss: 4.8979 acc: 0.3500 time 1.27s
Epoch: 109/150 Iter: 15/25 loss: 4.8904 acc: 0.3490 time 1.26s
Epoch: 109/150 Iter: 16/25 loss: 4.9034 acc: 0.3284 time 1.24s
Epoch: 109/150 Iter: 17/25 loss: 4.9185 acc: 0.3380 time 1.25s
Epoch: 109/150 Iter: 18/25 loss: 4.9059 acc: 0.3202 time 1.27s
Epoch: 109/150 Iter: 19/25 loss: 4.9106 acc: 0.3208 time 2.64s
Epoch: 109/150 Iter: 20/25 loss: 4.8977 acc: 0.3294 time 1.29s
Epoch: 109/150 Iter: 21/25 loss: 4.8956 acc: 0.3295 time 1.26s
Epoch: 109/150 Iter: 22/25 loss: 4.8859 acc: 0.3297 time 2.62s
Epoch: 109/150 Iter: 23/25 loss: 4.8800 acc: 0.3299 time 2.60s
Epoch: 109/150 Iter: 24/25 loss: 4.8761 acc: 0.3233 time 1.25s
[Train epoch 109] avg_loss=4.8761 avg_acc=0.3233 | per-class [c0: 0.727, c1: 0.235, c2: 0.121]
Final training 109/149, loss: 4.8761, time 41.16s, lr: 0.000058
Accuracy: 0.360
class                  precision    recall   specificity      f1   support
--------------------------------------------------------------------------
0                          0.333     0.727         0.284   0.457        33
1                          0.500     0.235         0.879   0.320        34
2                          0.333     0.121         0.881   0.178        33
*----------------------------------------*
0 Mon Nov  3 11:27:16 2025 Epoch: 110
Epoch: 110/150 Iter: 0/25 loss: 4.9582 acc: 0.5000 time 3.09s
Epoch: 110/150 Iter: 1/25 loss: 5.0463 acc: 0.3333 time 1.53s
Epoch: 110/150 Iter: 2/25 loss: 5.0485 acc: 0.3333 time 1.33s
Epoch: 110/150 Iter: 3/25 loss: 4.9676 acc: 0.3333 time 1.29s
Epoch: 110/150 Iter: 4/25 loss: 4.9913 acc: 0.3333 time 1.32s
Epoch: 110/150 Iter: 5/25 loss: 4.9502 acc: 0.3333 time 1.32s
Epoch: 110/150 Iter: 6/25 loss: 4.9409 acc: 0.2857 time 2.69s
Epoch: 110/150 Iter: 7/25 loss: 4.9322 acc: 0.2917 time 1.31s
Epoch: 110/150 Iter: 8/25 loss: 4.9235 acc: 0.2778 time 2.66s
Epoch: 110/150 Iter: 9/25 loss: 4.9393 acc: 0.2500 time 1.27s
Epoch: 110/150 Iter: 10/25 loss: 4.9136 acc: 0.2955 time 1.34s
Epoch: 110/150 Iter: 11/25 loss: 4.9231 acc: 0.3125 time 1.27s
Epoch: 110/150 Iter: 12/25 loss: 4.9115 acc: 0.2970 time 1.34s
Epoch: 110/150 Iter: 13/25 loss: 4.8974 acc: 0.2996 time 1.28s
Epoch: 110/150 Iter: 14/25 loss: 4.8681 acc: 0.3296 time 1.29s
Epoch: 110/150 Iter: 15/25 loss: 4.8786 acc: 0.3090 time 2.62s
Epoch: 110/150 Iter: 16/25 loss: 4.8702 acc: 0.3007 time 1.28s
Epoch: 110/150 Iter: 17/25 loss: 4.8621 acc: 0.3210 time 1.29s
Epoch: 110/150 Iter: 18/25 loss: 4.8575 acc: 0.3158 time 2.63s
Epoch: 110/150 Iter: 19/25 loss: 4.8666 acc: 0.3000 time 2.61s
Epoch: 110/150 Iter: 20/25 loss: 4.8803 acc: 0.2857 time 1.27s
Epoch: 110/150 Iter: 21/25 loss: 4.8756 acc: 0.2879 time 1.25s
Epoch: 110/150 Iter: 22/25 loss: 4.8803 acc: 0.2899 time 1.27s
Epoch: 110/150 Iter: 23/25 loss: 4.8831 acc: 0.2917 time 1.28s
Epoch: 110/150 Iter: 24/25 loss: 4.8725 acc: 0.3133 time 1.27s
[Train epoch 110] avg_loss=4.8725 avg_acc=0.3133 | per-class [c0: 0.265, c1: 0.312, c2: 0.529]
Final training 110/149, loss: 4.8725, time 41.14s, lr: 0.000055
Accuracy: 0.370
class                  precision    recall   specificity      f1   support
--------------------------------------------------------------------------
0                          0.474     0.265         0.848   0.340        34
1                          0.370     0.312         0.750   0.339        32
2                          0.333     0.529         0.455   0.409        34
*----------------------------------------*
0 Mon Nov  3 11:27:57 2025 Epoch: 111
Epoch: 111/150 Iter: 0/25 loss: 4.8610 acc: 0.1667 time 3.61s
Epoch: 111/150 Iter: 1/25 loss: 4.7437 acc: 0.4167 time 1.34s
Epoch: 111/150 Iter: 2/25 loss: 4.7923 acc: 0.3148 time 1.29s
Epoch: 111/150 Iter: 3/25 loss: 4.8289 acc: 0.3194 time 2.63s
Epoch: 111/150 Iter: 4/25 loss: 4.9176 acc: 0.2556 time 1.29s
Epoch: 111/150 Iter: 5/25 loss: 4.8742 acc: 0.2755 time 2.73s
Epoch: 111/150 Iter: 6/25 loss: 4.8672 acc: 0.2520 time 1.34s
Epoch: 111/150 Iter: 7/25 loss: 4.8387 acc: 0.2830 time 1.61s
Epoch: 111/150 Iter: 8/25 loss: 4.8426 acc: 0.2886 time 1.32s
Epoch: 111/150 Iter: 9/25 loss: 4.8447 acc: 0.2764 time 1.27s
Epoch: 111/150 Iter: 10/25 loss: 4.8690 acc: 0.2664 time 2.59s
Epoch: 111/150 Iter: 11/25 loss: 4.8335 acc: 0.2859 time 1.28s
Epoch: 111/150 Iter: 12/25 loss: 4.8455 acc: 0.2895 time 1.28s
Epoch: 111/150 Iter: 13/25 loss: 4.8408 acc: 0.3165 time 1.43s
Epoch: 111/150 Iter: 14/25 loss: 4.8443 acc: 0.3176 time 1.28s
Epoch: 111/150 Iter: 15/25 loss: 4.8506 acc: 0.3186 time 2.62s
Epoch: 111/150 Iter: 16/25 loss: 4.8675 acc: 0.2998 time 1.28s
Epoch: 111/150 Iter: 17/25 loss: 4.8700 acc: 0.2832 time 1.37s
Epoch: 111/150 Iter: 18/25 loss: 4.9065 acc: 0.2683 time 1.28s
Epoch: 111/150 Iter: 19/25 loss: 4.8913 acc: 0.2715 time 2.62s
Epoch: 111/150 Iter: 20/25 loss: 4.9062 acc: 0.2745 time 1.28s
Epoch: 111/150 Iter: 21/25 loss: 4.9036 acc: 0.2771 time 1.28s
Epoch: 111/150 Iter: 22/25 loss: 4.9090 acc: 0.2796 time 2.66s
Epoch: 111/150 Iter: 23/25 loss: 4.9117 acc: 0.2818 time 1.24s
Epoch: 111/150 Iter: 24/25 loss: 4.9057 acc: 0.2906 time 1.27s
[Train epoch 111] avg_loss=4.9057 avg_acc=0.2906 | per-class [c0: 0.353, c1: 0.062, c2: 0.559]
Final training 111/149, loss: 4.9057, time 43.22s, lr: 0.000052
Accuracy: 0.330
class                  precision    recall   specificity      f1   support
--------------------------------------------------------------------------
0                          0.414     0.353         0.742   0.381        34
1                          0.286     0.062         0.926   0.103        32
2                          0.297     0.559         0.318   0.388        34
*----------------------------------------*
Val 111/150 0/27, Acc: 0.0000, time 0.34s
Val 111/150 1/27, Acc: 0.5000, time 0.35s
Val 111/150 2/27, Acc: 0.3333, time 0.33s
Val 111/150 3/27, Acc: 0.2500, time 0.33s
Val 111/150 4/27, Acc: 0.2000, time 0.37s
Val 111/150 5/27, Acc: 0.1667, time 0.34s
Val 111/150 6/27, Acc: 0.1429, time 0.43s
Val 111/150 7/27, Acc: 0.2500, time 0.34s
Val 111/150 8/27, Acc: 0.2222, time 0.34s
Val 111/150 9/27, Acc: 0.3000, time 0.33s
Val 111/150 10/27, Acc: 0.3636, time 0.34s
Val 111/150 11/27, Acc: 0.4167, time 0.38s
Val 111/150 12/27, Acc: 0.4615, time 0.33s
Val 111/150 13/27, Acc: 0.4286, time 0.33s
Val 111/150 14/27, Acc: 0.4667, time 0.34s
Val 111/150 15/27, Acc: 0.4375, time 0.34s
Val 111/150 16/27, Acc: 0.4118, time 0.34s
Val 111/150 17/27, Acc: 0.3889, time 0.39s
Val 111/150 18/27, Acc: 0.4211, time 0.33s
Val 111/150 19/27, Acc: 0.4500, time 0.33s
Val 111/150 20/27, Acc: 0.4286, time 0.33s
Val 111/150 21/27, Acc: 0.4091, time 0.34s
Val 111/150 22/27, Acc: 0.3913, time 0.40s
Val 111/150 23/27, Acc: 0.3750, time 0.37s
Val 111/150 24/27, Acc: 0.3600, time 0.34s
Val 111/150 25/27, Acc: 0.3462, time 0.34s
Val 111/150 26/27, Acc: 0.3333, time 0.32s
[Val epoch 111] avg_acc=0.3333 | per-class [c0: 0.444, c1: 0.000, c2: 0.556]
Final validation 111/149, Val_acc: 0.3333, time 9.37sAccuracy: 0.333
class                  precision    recall   specificity      f1   support
--------------------------------------------------------------------------
0                          0.286     0.444         0.444   0.348         9
1                          0.000     0.000         0.778   0.000         9
2                          0.556     0.556         0.778   0.556         9
*========================================*
Saving checkpoint outputs/OrganoidsINRIA/resnet50/2025-11-03-10-04/model_final.pt
0 Mon Nov  3 11:28:52 2025 Epoch: 112
Epoch: 112/150 Iter: 0/25 loss: 4.8631 acc: 0.3333 time 3.10s
Epoch: 112/150 Iter: 1/25 loss: 4.8178 acc: 0.4167 time 2.74s
Epoch: 112/150 Iter: 2/25 loss: 4.8226 acc: 0.3148 time 1.55s
Epoch: 112/150 Iter: 3/25 loss: 4.8284 acc: 0.3611 time 1.29s
Epoch: 112/150 Iter: 4/25 loss: 4.8889 acc: 0.2889 time 1.34s
Epoch: 112/150 Iter: 5/25 loss: 4.8309 acc: 0.3519 time 1.28s
Epoch: 112/150 Iter: 6/25 loss: 4.8329 acc: 0.3968 time 1.32s
Epoch: 112/150 Iter: 7/25 loss: 4.7888 acc: 0.4097 time 1.31s
Epoch: 112/150 Iter: 8/25 loss: 4.7954 acc: 0.3642 time 1.30s
Epoch: 112/150 Iter: 9/25 loss: 4.7968 acc: 0.3778 time 1.29s
Epoch: 112/150 Iter: 10/25 loss: 4.8231 acc: 0.3889 time 1.28s
Epoch: 112/150 Iter: 11/25 loss: 4.8246 acc: 0.3843 time 2.59s
Epoch: 112/150 Iter: 12/25 loss: 4.8182 acc: 0.3803 time 1.28s
Epoch: 112/150 Iter: 13/25 loss: 4.8376 acc: 0.3770 time 1.26s
Epoch: 112/150 Iter: 14/25 loss: 4.8291 acc: 0.4074 time 1.41s
Epoch: 112/150 Iter: 15/25 loss: 4.8237 acc: 0.4028 time 1.27s
Epoch: 112/150 Iter: 16/25 loss: 4.8344 acc: 0.3987 time 1.35s
Epoch: 112/150 Iter: 17/25 loss: 4.8567 acc: 0.3858 time 2.60s
Epoch: 112/150 Iter: 18/25 loss: 4.8615 acc: 0.3918 time 2.63s
Epoch: 112/150 Iter: 19/25 loss: 4.8758 acc: 0.3722 time 1.27s
Epoch: 112/150 Iter: 20/25 loss: 4.8638 acc: 0.3862 time 1.29s
Epoch: 112/150 Iter: 21/25 loss: 4.8739 acc: 0.3687 time 1.27s
Epoch: 112/150 Iter: 22/25 loss: 4.8736 acc: 0.3575 time 1.34s
Epoch: 112/150 Iter: 23/25 loss: 4.8698 acc: 0.3634 time 1.27s
Epoch: 112/150 Iter: 24/25 loss: 4.8853 acc: 0.3489 time 1.25s
[Train epoch 112] avg_loss=4.8853 avg_acc=0.3489 | per-class [c0: 0.559, c1: 0.273, c2: 0.152]
Final training 112/149, loss: 4.8853, time 39.93s, lr: 0.000050
Accuracy: 0.330
class                  precision    recall   specificity      f1   support
--------------------------------------------------------------------------
0                          0.345     0.559         0.455   0.427        34
1                          0.360     0.273         0.761   0.310        33
2                          0.250     0.152         0.776   0.189        33
*----------------------------------------*
0 Mon Nov  3 11:29:32 2025 Epoch: 113
Epoch: 113/150 Iter: 0/25 loss: 4.6506 acc: 0.6667 time 4.08s
Epoch: 113/150 Iter: 1/25 loss: 4.5527 acc: 0.7500 time 1.57s
Epoch: 113/150 Iter: 2/25 loss: 4.6044 acc: 0.6111 time 1.45s
Epoch: 113/150 Iter: 3/25 loss: 4.6120 acc: 0.5417 time 1.29s
Epoch: 113/150 Iter: 4/25 loss: 4.6339 acc: 0.5333 time 1.31s
Epoch: 113/150 Iter: 5/25 loss: 4.7171 acc: 0.4722 time 1.47s
Epoch: 113/150 Iter: 6/25 loss: 4.7437 acc: 0.4683 time 1.30s
Epoch: 113/150 Iter: 7/25 loss: 4.7753 acc: 0.4931 time 2.69s
Epoch: 113/150 Iter: 8/25 loss: 4.7909 acc: 0.4568 time 1.47s
Epoch: 113/150 Iter: 9/25 loss: 4.8154 acc: 0.4111 time 1.28s
Epoch: 113/150 Iter: 10/25 loss: 4.8259 acc: 0.3889 time 2.60s
Epoch: 113/150 Iter: 11/25 loss: 4.8212 acc: 0.3843 time 1.29s
Epoch: 113/150 Iter: 12/25 loss: 4.8411 acc: 0.3547 time 1.26s
Epoch: 113/150 Iter: 13/25 loss: 4.8487 acc: 0.3294 time 2.59s
Epoch: 113/150 Iter: 14/25 loss: 4.8424 acc: 0.3519 time 1.27s
Epoch: 113/150 Iter: 15/25 loss: 4.8469 acc: 0.3403 time 1.27s
Epoch: 113/150 Iter: 16/25 loss: 4.8757 acc: 0.3203 time 1.27s
Epoch: 113/150 Iter: 17/25 loss: 4.8658 acc: 0.3395 time 1.35s
Epoch: 113/150 Iter: 18/25 loss: 4.8680 acc: 0.3480 time 1.29s
Epoch: 113/150 Iter: 19/25 loss: 4.8579 acc: 0.3556 time 1.45s
Epoch: 113/150 Iter: 20/25 loss: 4.8642 acc: 0.3386 time 1.27s
Epoch: 113/150 Iter: 21/25 loss: 4.8676 acc: 0.3308 time 2.60s
Epoch: 113/150 Iter: 22/25 loss: 4.8595 acc: 0.3490 time 2.62s
Epoch: 113/150 Iter: 23/25 loss: 4.8534 acc: 0.3484 time 1.25s
Epoch: 113/150 Iter: 24/25 loss: 4.8483 acc: 0.3611 time 1.29s
[Train epoch 113] avg_loss=4.8483 avg_acc=0.3611 | per-class [c0: 0.147, c1: 0.636, c2: 0.364]
Final training 113/149, loss: 4.8483, time 42.61s, lr: 0.000048
Accuracy: 0.380
class                  precision    recall   specificity      f1   support
--------------------------------------------------------------------------
0                          0.385     0.147         0.879   0.213        34
1                          0.389     0.636         0.507   0.483        33
2                          0.364     0.364         0.687   0.364        33
*----------------------------------------*
0 Mon Nov  3 11:30:15 2025 Epoch: 114
Epoch: 114/150 Iter: 0/25 loss: 5.0176 acc: 0.0000 time 3.01s
Epoch: 114/150 Iter: 1/25 loss: 4.8981 acc: 0.1111 time 2.74s
Epoch: 114/150 Iter: 2/25 loss: 4.9034 acc: 0.1111 time 2.62s
Epoch: 114/150 Iter: 3/25 loss: 4.9162 acc: 0.0833 time 1.31s
Epoch: 114/150 Iter: 4/25 loss: 4.9169 acc: 0.1667 time 2.69s
Epoch: 114/150 Iter: 5/25 loss: 4.8608 acc: 0.2315 time 1.56s
Epoch: 114/150 Iter: 6/25 loss: 4.8260 acc: 0.3056 time 1.54s
Epoch: 114/150 Iter: 7/25 loss: 4.8172 acc: 0.3090 time 1.36s
Epoch: 114/150 Iter: 8/25 loss: 4.8465 acc: 0.2870 time 1.30s
Epoch: 114/150 Iter: 9/25 loss: 4.8488 acc: 0.3083 time 2.61s
Epoch: 114/150 Iter: 10/25 loss: 4.8265 acc: 0.3258 time 1.44s
Epoch: 114/150 Iter: 11/25 loss: 4.8377 acc: 0.2986 time 1.27s
Epoch: 114/150 Iter: 12/25 loss: 4.8358 acc: 0.3013 time 2.60s
Epoch: 114/150 Iter: 13/25 loss: 4.8191 acc: 0.3155 time 1.27s
Epoch: 114/150 Iter: 14/25 loss: 4.8296 acc: 0.3167 time 1.32s
Epoch: 114/150 Iter: 15/25 loss: 4.8280 acc: 0.3177 time 1.31s
Epoch: 114/150 Iter: 16/25 loss: 4.8093 acc: 0.3382 time 1.28s
Epoch: 114/150 Iter: 17/25 loss: 4.8121 acc: 0.3472 time 1.25s
Epoch: 114/150 Iter: 18/25 loss: 4.8155 acc: 0.3348 time 1.26s
Epoch: 114/150 Iter: 19/25 loss: 4.8164 acc: 0.3347 time 2.60s
Epoch: 114/150 Iter: 20/25 loss: 4.8093 acc: 0.3307 time 1.28s
Epoch: 114/150 Iter: 21/25 loss: 4.8218 acc: 0.3157 time 1.35s
Epoch: 114/150 Iter: 22/25 loss: 4.8201 acc: 0.3213 time 2.76s
Epoch: 114/150 Iter: 23/25 loss: 4.8199 acc: 0.3356 time 1.27s
Epoch: 114/150 Iter: 24/25 loss: 4.8263 acc: 0.3422 time 1.27s
[Train epoch 114] avg_loss=4.8263 avg_acc=0.3422 | per-class [c0: 0.382, c1: 0.394, c2: 0.394]
Final training 114/149, loss: 4.8263, time 44.30s, lr: 0.000045
Accuracy: 0.390
class                  precision    recall   specificity      f1   support
--------------------------------------------------------------------------
0                          0.351     0.382         0.636   0.366        34
1                          0.481     0.394         0.791   0.433        33
2                          0.361     0.394         0.657   0.377        33
*----------------------------------------*
0 Mon Nov  3 11:30:59 2025 Epoch: 115
Epoch: 115/150 Iter: 0/25 loss: 4.6344 acc: 0.1667 time 3.11s
Epoch: 115/150 Iter: 1/25 loss: 4.7039 acc: 0.2500 time 1.38s
Epoch: 115/150 Iter: 2/25 loss: 4.8429 acc: 0.1667 time 1.48s
Epoch: 115/150 Iter: 3/25 loss: 4.8402 acc: 0.2500 time 1.35s
Epoch: 115/150 Iter: 4/25 loss: 4.8120 acc: 0.3667 time 1.28s
Epoch: 115/150 Iter: 5/25 loss: 4.8062 acc: 0.3889 time 2.80s
Epoch: 115/150 Iter: 6/25 loss: 4.8073 acc: 0.4048 time 1.32s
Epoch: 115/150 Iter: 7/25 loss: 4.8256 acc: 0.3750 time 1.56s
Epoch: 115/150 Iter: 8/25 loss: 4.8200 acc: 0.3704 time 2.77s
Epoch: 115/150 Iter: 9/25 loss: 4.8038 acc: 0.3833 time 1.30s
Epoch: 115/150 Iter: 10/25 loss: 4.8139 acc: 0.3788 time 1.24s
Epoch: 115/150 Iter: 11/25 loss: 4.8080 acc: 0.4167 time 1.37s
Epoch: 115/150 Iter: 12/25 loss: 4.8043 acc: 0.4103 time 1.34s
Epoch: 115/150 Iter: 13/25 loss: 4.8250 acc: 0.4048 time 1.36s
Epoch: 115/150 Iter: 14/25 loss: 4.8207 acc: 0.4111 time 1.36s
Epoch: 115/150 Iter: 15/25 loss: 4.8194 acc: 0.3924 time 1.29s
Epoch: 115/150 Iter: 16/25 loss: 4.8250 acc: 0.3791 time 2.66s
Epoch: 115/150 Iter: 17/25 loss: 4.8356 acc: 0.3765 time 1.29s
Epoch: 115/150 Iter: 18/25 loss: 4.8384 acc: 0.3743 time 1.27s
Epoch: 115/150 Iter: 19/25 loss: 4.8363 acc: 0.3889 time 1.27s
Epoch: 115/150 Iter: 20/25 loss: 4.8577 acc: 0.3862 time 1.27s
Epoch: 115/150 Iter: 21/25 loss: 4.8519 acc: 0.3763 time 2.69s
Epoch: 115/150 Iter: 22/25 loss: 4.8539 acc: 0.3744 time 1.26s
Epoch: 115/150 Iter: 23/25 loss: 4.8618 acc: 0.3634 time 1.27s
Epoch: 115/150 Iter: 24/25 loss: 4.8648 acc: 0.3489 time 1.37s
[Train epoch 115] avg_loss=4.8648 avg_acc=0.3489 | per-class [c0: 0.382, c1: 0.273, c2: 0.455]
Final training 115/149, loss: 4.8648, time 40.73s, lr: 0.000043
Accuracy: 0.370
class                  precision    recall   specificity      f1   support
--------------------------------------------------------------------------
0                          0.394     0.382         0.697   0.388        34
1                          0.360     0.273         0.761   0.310        33
2                          0.357     0.455         0.597   0.400        33
*----------------------------------------*
Val 115/150 0/27, Acc: 0.0000, time 0.34s
Val 115/150 1/27, Acc: 0.5000, time 0.35s
Val 115/150 2/27, Acc: 0.3333, time 0.33s
Val 115/150 3/27, Acc: 0.2500, time 0.33s
Val 115/150 4/27, Acc: 0.2000, time 0.37s
Val 115/150 5/27, Acc: 0.1667, time 0.34s
Val 115/150 6/27, Acc: 0.1429, time 0.42s
Val 115/150 7/27, Acc: 0.2500, time 0.34s
Val 115/150 8/27, Acc: 0.2222, time 0.34s
Val 115/150 9/27, Acc: 0.2000, time 0.33s
Val 115/150 10/27, Acc: 0.2727, time 0.34s
Val 115/150 11/27, Acc: 0.3333, time 0.38s
Val 115/150 12/27, Acc: 0.3846, time 0.33s
Val 115/150 13/27, Acc: 0.3571, time 0.33s
Val 115/150 14/27, Acc: 0.4000, time 0.33s
Val 115/150 15/27, Acc: 0.3750, time 0.34s
Val 115/150 16/27, Acc: 0.3529, time 0.34s
Val 115/150 17/27, Acc: 0.3333, time 0.39s
Val 115/150 18/27, Acc: 0.3158, time 0.33s
Val 115/150 19/27, Acc: 0.3000, time 0.33s
Val 115/150 20/27, Acc: 0.2857, time 0.33s
Val 115/150 21/27, Acc: 0.2727, time 0.34s
Val 115/150 22/27, Acc: 0.2609, time 0.40s
Val 115/150 23/27, Acc: 0.2917, time 0.37s
Val 115/150 24/27, Acc: 0.2800, time 0.34s
Val 115/150 25/27, Acc: 0.2692, time 0.34s
Val 115/150 26/27, Acc: 0.2593, time 0.32s
[Val epoch 115] avg_acc=0.2593 | per-class [c0: 0.556, c1: 0.000, c2: 0.222]
Final validation 115/149, Val_acc: 0.2593, time 9.36sAccuracy: 0.259
class                  precision    recall   specificity      f1   support
--------------------------------------------------------------------------
0                          0.294     0.556         0.333   0.385         9
1                          0.000     0.000         0.667   0.000         9
2                          0.500     0.222         0.889   0.308         9
*========================================*
Saving checkpoint outputs/OrganoidsINRIA/resnet50/2025-11-03-10-04/model_final.pt
0 Mon Nov  3 11:31:51 2025 Epoch: 116
Epoch: 116/150 Iter: 0/25 loss: 4.9482 acc: 0.4444 time 3.11s
Epoch: 116/150 Iter: 1/25 loss: 4.8584 acc: 0.3889 time 1.35s
Epoch: 116/150 Iter: 2/25 loss: 4.8099 acc: 0.4074 time 1.36s
Epoch: 116/150 Iter: 3/25 loss: 4.7653 acc: 0.3889 time 1.58s
Epoch: 116/150 Iter: 4/25 loss: 4.7830 acc: 0.3611 time 2.69s
Epoch: 116/150 Iter: 5/25 loss: 4.7597 acc: 0.3287 time 1.47s
Epoch: 116/150 Iter: 6/25 loss: 4.7881 acc: 0.3532 time 1.33s
Epoch: 116/150 Iter: 7/25 loss: 4.8109 acc: 0.3229 time 1.34s
Epoch: 116/150 Iter: 8/25 loss: 4.8033 acc: 0.3241 time 1.31s
Epoch: 116/150 Iter: 9/25 loss: 4.7968 acc: 0.3417 time 1.27s
Epoch: 116/150 Iter: 10/25 loss: 4.7848 acc: 0.3409 time 2.77s
Epoch: 116/150 Iter: 11/25 loss: 4.7591 acc: 0.3819 time 1.29s
Epoch: 116/150 Iter: 12/25 loss: 4.7355 acc: 0.4103 time 1.27s
Epoch: 116/150 Iter: 13/25 loss: 4.7352 acc: 0.4167 time 1.27s
Epoch: 116/150 Iter: 14/25 loss: 4.7513 acc: 0.3963 time 1.28s
Epoch: 116/150 Iter: 15/25 loss: 4.7588 acc: 0.3924 time 1.26s
Epoch: 116/150 Iter: 16/25 loss: 4.7848 acc: 0.3693 time 1.28s
Epoch: 116/150 Iter: 17/25 loss: 4.7923 acc: 0.3673 time 1.31s
Epoch: 116/150 Iter: 18/25 loss: 4.7989 acc: 0.3480 time 1.30s
Epoch: 116/150 Iter: 19/25 loss: 4.7956 acc: 0.3472 time 1.29s
Epoch: 116/150 Iter: 20/25 loss: 4.8067 acc: 0.3466 time 1.27s
Epoch: 116/150 Iter: 21/25 loss: 4.8268 acc: 0.3308 time 2.59s
Epoch: 116/150 Iter: 22/25 loss: 4.8315 acc: 0.3164 time 2.62s
Epoch: 116/150 Iter: 23/25 loss: 4.8444 acc: 0.3032 time 2.60s
Epoch: 116/150 Iter: 24/25 loss: 4.8476 acc: 0.3044 time 1.27s
[Train epoch 116] avg_loss=4.8476 avg_acc=0.3044 | per-class [c0: 0.706, c1: 0.242, c2: 0.091]
Final training 116/149, loss: 4.8476, time 41.49s, lr: 0.000040
Accuracy: 0.350
class                  precision    recall   specificity      f1   support
--------------------------------------------------------------------------
0                          0.316     0.706         0.212   0.436        34
1                          0.615     0.242         0.925   0.348        33
2                          0.273     0.091         0.881   0.136        33
*----------------------------------------*
0 Mon Nov  3 11:32:33 2025 Epoch: 117
Epoch: 117/150 Iter: 0/25 loss: 5.2215 acc: 0.0000 time 3.00s
Epoch: 117/150 Iter: 1/25 loss: 5.0902 acc: 0.0833 time 1.52s
Epoch: 117/150 Iter: 2/25 loss: 4.9183 acc: 0.2778 time 1.33s
Epoch: 117/150 Iter: 3/25 loss: 4.7710 acc: 0.3472 time 1.32s
Epoch: 117/150 Iter: 4/25 loss: 4.7362 acc: 0.3111 time 1.32s
Epoch: 117/150 Iter: 5/25 loss: 4.7874 acc: 0.2870 time 1.33s
Epoch: 117/150 Iter: 6/25 loss: 4.8049 acc: 0.2460 time 1.32s
Epoch: 117/150 Iter: 7/25 loss: 4.8207 acc: 0.2361 time 1.57s
Epoch: 117/150 Iter: 8/25 loss: 4.8154 acc: 0.2469 time 1.32s
Epoch: 117/150 Iter: 9/25 loss: 4.7987 acc: 0.2444 time 1.42s
Epoch: 117/150 Iter: 10/25 loss: 4.8056 acc: 0.2374 time 1.28s
Epoch: 117/150 Iter: 11/25 loss: 4.7858 acc: 0.2870 time 1.37s
Epoch: 117/150 Iter: 12/25 loss: 4.7917 acc: 0.3034 time 1.24s
Epoch: 117/150 Iter: 13/25 loss: 4.7957 acc: 0.2937 time 1.27s
Epoch: 117/150 Iter: 14/25 loss: 4.8129 acc: 0.2852 time 1.43s
Epoch: 117/150 Iter: 15/25 loss: 4.8203 acc: 0.2778 time 1.29s
Epoch: 117/150 Iter: 16/25 loss: 4.8160 acc: 0.3007 time 1.25s
Epoch: 117/150 Iter: 17/25 loss: 4.8029 acc: 0.3302 time 1.25s
Epoch: 117/150 Iter: 18/25 loss: 4.7938 acc: 0.3304 time 1.28s
Epoch: 117/150 Iter: 19/25 loss: 4.8103 acc: 0.3389 time 2.76s
Epoch: 117/150 Iter: 20/25 loss: 4.8042 acc: 0.3466 time 1.26s
Epoch: 117/150 Iter: 21/25 loss: 4.7991 acc: 0.3611 time 1.27s
Epoch: 117/150 Iter: 22/25 loss: 4.7941 acc: 0.3744 time 1.29s
Epoch: 117/150 Iter: 23/25 loss: 4.8035 acc: 0.3634 time 1.29s
Epoch: 117/150 Iter: 24/25 loss: 4.8063 acc: 0.3556 time 1.25s
[Train epoch 117] avg_loss=4.8063 avg_acc=0.3556 | per-class [c0: 0.412, c1: 0.424, c2: 0.424]
Final training 117/149, loss: 4.8063, time 36.27s, lr: 0.000038
Accuracy: 0.420
class                  precision    recall   specificity      f1   support
--------------------------------------------------------------------------
0                          0.400     0.412         0.682   0.406        34
1                          0.700     0.424         0.910   0.528        33
2                          0.311     0.424         0.537   0.359        33
*----------------------------------------*
0 Mon Nov  3 11:33:09 2025 Epoch: 118
Epoch: 118/150 Iter: 0/25 loss: 4.5738 acc: 0.5000 time 4.01s
Epoch: 118/150 Iter: 1/25 loss: 4.7259 acc: 0.3333 time 1.49s
Epoch: 118/150 Iter: 2/25 loss: 4.7598 acc: 0.2963 time 1.58s
Epoch: 118/150 Iter: 3/25 loss: 4.7798 acc: 0.3472 time 1.34s
Epoch: 118/150 Iter: 4/25 loss: 4.7889 acc: 0.3444 time 1.28s
Epoch: 118/150 Iter: 5/25 loss: 4.7938 acc: 0.3426 time 1.31s
Epoch: 118/150 Iter: 6/25 loss: 4.7735 acc: 0.3651 time 1.31s
Epoch: 118/150 Iter: 7/25 loss: 4.7905 acc: 0.4236 time 1.31s
Epoch: 118/150 Iter: 8/25 loss: 4.8073 acc: 0.3765 time 1.32s
Epoch: 118/150 Iter: 9/25 loss: 4.7942 acc: 0.3611 time 1.24s
Epoch: 118/150 Iter: 10/25 loss: 4.7840 acc: 0.3586 time 2.59s
Epoch: 118/150 Iter: 11/25 loss: 4.7882 acc: 0.3704 time 1.38s
Epoch: 118/150 Iter: 12/25 loss: 4.8093 acc: 0.3504 time 1.26s
Epoch: 118/150 Iter: 13/25 loss: 4.8098 acc: 0.3373 time 1.29s
Epoch: 118/150 Iter: 14/25 loss: 4.8148 acc: 0.3481 time 2.59s
Epoch: 118/150 Iter: 15/25 loss: 4.8128 acc: 0.3785 time 1.28s
Epoch: 118/150 Iter: 16/25 loss: 4.8297 acc: 0.3562 time 1.24s
Epoch: 118/150 Iter: 17/25 loss: 4.8445 acc: 0.3364 time 1.43s
Epoch: 118/150 Iter: 18/25 loss: 4.8485 acc: 0.3275 time 1.27s
Epoch: 118/150 Iter: 19/25 loss: 4.8550 acc: 0.3444 time 2.77s
Epoch: 118/150 Iter: 20/25 loss: 4.8399 acc: 0.3757 time 1.24s
Epoch: 118/150 Iter: 21/25 loss: 4.8293 acc: 0.3737 time 1.29s
Epoch: 118/150 Iter: 22/25 loss: 4.8260 acc: 0.3647 time 1.28s
Epoch: 118/150 Iter: 23/25 loss: 4.8297 acc: 0.3542 time 1.37s
Epoch: 118/150 Iter: 24/25 loss: 4.8306 acc: 0.3533 time 2.63s
[Train epoch 118] avg_loss=4.8306 avg_acc=0.3533 | per-class [c0: 0.118, c1: 0.424, c2: 0.636]
Final training 118/149, loss: 4.8306, time 41.17s, lr: 0.000036
Accuracy: 0.390
class                  precision    recall   specificity      f1   support
--------------------------------------------------------------------------
0                          0.333     0.118         0.879   0.174        34
1                          0.483     0.424         0.776   0.452        33
2                          0.356     0.636         0.433   0.457        33
*----------------------------------------*
0 Mon Nov  3 11:33:50 2025 Epoch: 119
Epoch: 119/150 Iter: 0/25 loss: 4.7883 acc: 0.3333 time 3.32s
Epoch: 119/150 Iter: 1/25 loss: 4.7705 acc: 0.3333 time 2.62s
Epoch: 119/150 Iter: 2/25 loss: 4.8341 acc: 0.2222 time 1.36s
Epoch: 119/150 Iter: 3/25 loss: 4.8169 acc: 0.2778 time 1.44s
Epoch: 119/150 Iter: 4/25 loss: 4.8395 acc: 0.2444 time 2.70s
Epoch: 119/150 Iter: 5/25 loss: 4.8226 acc: 0.3148 time 1.32s
Epoch: 119/150 Iter: 6/25 loss: 4.8068 acc: 0.2857 time 2.69s
Epoch: 119/150 Iter: 7/25 loss: 4.7747 acc: 0.3750 time 2.62s
Epoch: 119/150 Iter: 8/25 loss: 4.7811 acc: 0.3519 time 1.30s
Epoch: 119/150 Iter: 9/25 loss: 4.7821 acc: 0.3667 time 2.62s
Epoch: 119/150 Iter: 10/25 loss: 4.7792 acc: 0.3636 time 1.26s
Epoch: 119/150 Iter: 11/25 loss: 4.7922 acc: 0.3750 time 1.40s
Epoch: 119/150 Iter: 12/25 loss: 4.8049 acc: 0.3462 time 2.63s
Epoch: 119/150 Iter: 13/25 loss: 4.8139 acc: 0.3571 time 1.25s
Epoch: 119/150 Iter: 14/25 loss: 4.8134 acc: 0.3444 time 2.60s
Epoch: 119/150 Iter: 15/25 loss: 4.8302 acc: 0.3438 time 2.59s
Epoch: 119/150 Iter: 16/25 loss: 4.8219 acc: 0.3497 time 1.28s
Epoch: 119/150 Iter: 17/25 loss: 4.8261 acc: 0.3549 time 1.28s
Epoch: 119/150 Iter: 18/25 loss: 4.8217 acc: 0.3713 time 1.36s
Epoch: 119/150 Iter: 19/25 loss: 4.8225 acc: 0.3694 time 1.25s
Epoch: 119/150 Iter: 20/25 loss: 4.8096 acc: 0.3757 time 1.25s
Epoch: 119/150 Iter: 21/25 loss: 4.8220 acc: 0.3586 time 1.43s
Epoch: 119/150 Iter: 22/25 loss: 4.8458 acc: 0.3430 time 2.65s
Epoch: 119/150 Iter: 23/25 loss: 4.8460 acc: 0.3426 time 2.68s
Epoch: 119/150 Iter: 24/25 loss: 4.8595 acc: 0.3289 time 1.34s
[Train epoch 119] avg_loss=4.8595 avg_acc=0.3289 | per-class [c0: 0.471, c1: 0.382, c2: 0.219]
Final training 119/149, loss: 4.8595, time 48.26s, lr: 0.000034
Accuracy: 0.360
class                  precision    recall   specificity      f1   support
--------------------------------------------------------------------------
0                          0.348     0.471         0.545   0.400        34
1                          0.394     0.382         0.697   0.388        34
2                          0.333     0.219         0.794   0.264        32
*----------------------------------------*
Val 119/150 0/27, Acc: 0.0000, time 0.35s
Val 119/150 1/27, Acc: 0.5000, time 0.35s
Val 119/150 2/27, Acc: 0.3333, time 0.33s
Val 119/150 3/27, Acc: 0.2500, time 0.33s
Val 119/150 4/27, Acc: 0.2000, time 0.37s
Val 119/150 5/27, Acc: 0.1667, time 0.34s
Val 119/150 6/27, Acc: 0.1429, time 0.43s
Val 119/150 7/27, Acc: 0.2500, time 0.34s
Val 119/150 8/27, Acc: 0.2222, time 0.34s
Val 119/150 9/27, Acc: 0.3000, time 0.33s
Val 119/150 10/27, Acc: 0.2727, time 0.34s
Val 119/150 11/27, Acc: 0.2500, time 0.38s
Val 119/150 12/27, Acc: 0.3077, time 0.33s
Val 119/150 13/27, Acc: 0.3571, time 0.33s
Val 119/150 14/27, Acc: 0.3333, time 0.33s
Val 119/150 15/27, Acc: 0.3125, time 0.34s
Val 119/150 16/27, Acc: 0.2941, time 0.34s
Val 119/150 17/27, Acc: 0.2778, time 0.39s
Val 119/150 18/27, Acc: 0.3158, time 0.33s
Val 119/150 19/27, Acc: 0.3500, time 0.33s
Val 119/150 20/27, Acc: 0.3333, time 0.33s
Val 119/150 21/27, Acc: 0.3636, time 0.34s
Val 119/150 22/27, Acc: 0.3478, time 0.40s
Val 119/150 23/27, Acc: 0.3750, time 0.37s
Val 119/150 24/27, Acc: 0.3600, time 0.34s
Val 119/150 25/27, Acc: 0.3846, time 0.34s
Val 119/150 26/27, Acc: 0.3704, time 0.32s
[Val epoch 119] avg_acc=0.3704 | per-class [c0: 0.222, c1: 0.000, c2: 0.889]
Final validation 119/149, Val_acc: 0.3704, time 9.37sAccuracy: 0.370
class                  precision    recall   specificity      f1   support
--------------------------------------------------------------------------
0                          0.500     0.222         0.889   0.308         9
1                          0.000     0.000         0.833   0.000         9
2                          0.400     0.889         0.333   0.552         9
*========================================*
Saving checkpoint outputs/OrganoidsINRIA/resnet50/2025-11-03-10-04/model_final.pt
0 Mon Nov  3 11:34:50 2025 Epoch: 120
Epoch: 120/150 Iter: 0/25 loss: 4.8520 acc: 0.1667 time 2.86s
Epoch: 120/150 Iter: 1/25 loss: 4.9034 acc: 0.2500 time 1.36s
Epoch: 120/150 Iter: 2/25 loss: 4.8478 acc: 0.2222 time 1.34s
Epoch: 120/150 Iter: 3/25 loss: 4.8152 acc: 0.3333 time 1.32s
Epoch: 120/150 Iter: 4/25 loss: 4.7858 acc: 0.4333 time 1.46s
Epoch: 120/150 Iter: 5/25 loss: 4.7809 acc: 0.4352 time 1.32s
Epoch: 120/150 Iter: 6/25 loss: 4.7870 acc: 0.4206 time 1.32s
Epoch: 120/150 Iter: 7/25 loss: 4.7918 acc: 0.4097 time 2.65s
Epoch: 120/150 Iter: 8/25 loss: 4.8034 acc: 0.3827 time 1.31s
Epoch: 120/150 Iter: 9/25 loss: 4.8247 acc: 0.3611 time 2.61s
Epoch: 120/150 Iter: 10/25 loss: 4.8387 acc: 0.3283 time 1.26s
Epoch: 120/150 Iter: 11/25 loss: 4.8398 acc: 0.3148 time 1.25s
Epoch: 120/150 Iter: 12/25 loss: 4.8519 acc: 0.2991 time 2.57s
Epoch: 120/150 Iter: 13/25 loss: 4.8585 acc: 0.2897 time 1.28s
Epoch: 120/150 Iter: 14/25 loss: 4.8667 acc: 0.2815 time 1.37s
Epoch: 120/150 Iter: 15/25 loss: 4.8559 acc: 0.2743 time 1.25s
Epoch: 120/150 Iter: 16/25 loss: 4.8548 acc: 0.2974 time 1.26s
Epoch: 120/150 Iter: 17/25 loss: 4.8463 acc: 0.2901 time 1.27s
Epoch: 120/150 Iter: 18/25 loss: 4.8637 acc: 0.2749 time 1.25s
Epoch: 120/150 Iter: 19/25 loss: 4.8586 acc: 0.2778 time 1.43s
Epoch: 120/150 Iter: 20/25 loss: 4.8643 acc: 0.2804 time 1.26s
Epoch: 120/150 Iter: 21/25 loss: 4.8586 acc: 0.2753 time 1.28s
Epoch: 120/150 Iter: 22/25 loss: 4.8576 acc: 0.2705 time 1.29s
Epoch: 120/150 Iter: 23/25 loss: 4.8577 acc: 0.2593 time 1.27s
Epoch: 120/150 Iter: 24/25 loss: 4.8736 acc: 0.2489 time 1.30s
[Train epoch 120] avg_loss=4.8736 avg_acc=0.2489 | per-class [c0: 0.529, c1: 0.303, c2: 0.152]
Final training 120/149, loss: 4.8736, time 38.18s, lr: 0.000032
Accuracy: 0.330
class                  precision    recall   specificity      f1   support
--------------------------------------------------------------------------
0                          0.360     0.529         0.515   0.429        34
1                          0.333     0.303         0.701   0.317        33
2                          0.250     0.152         0.776   0.189        33
*----------------------------------------*
0 Mon Nov  3 11:35:29 2025 Epoch: 121
Epoch: 121/150 Iter: 0/25 loss: 4.8680 acc: 0.5000 time 3.06s
Epoch: 121/150 Iter: 1/25 loss: 4.8714 acc: 0.4167 time 2.73s
Epoch: 121/150 Iter: 2/25 loss: 4.9670 acc: 0.2778 time 1.37s
Epoch: 121/150 Iter: 3/25 loss: 4.9025 acc: 0.4167 time 1.33s
Epoch: 121/150 Iter: 4/25 loss: 4.8776 acc: 0.4333 time 1.30s
Epoch: 121/150 Iter: 5/25 loss: 4.8834 acc: 0.4167 time 1.49s
Epoch: 121/150 Iter: 6/25 loss: 4.8622 acc: 0.5000 time 1.33s
Epoch: 121/150 Iter: 7/25 loss: 4.8634 acc: 0.4583 time 2.63s
Epoch: 121/150 Iter: 8/25 loss: 4.8828 acc: 0.4074 time 1.34s
Epoch: 121/150 Iter: 9/25 loss: 4.8754 acc: 0.4000 time 2.60s
Epoch: 121/150 Iter: 10/25 loss: 4.8617 acc: 0.3939 time 1.26s
Epoch: 121/150 Iter: 11/25 loss: 4.8301 acc: 0.4444 time 1.32s
Epoch: 121/150 Iter: 12/25 loss: 4.8372 acc: 0.4231 time 1.24s
Epoch: 121/150 Iter: 13/25 loss: 4.8311 acc: 0.4246 time 2.63s
Epoch: 121/150 Iter: 14/25 loss: 4.8153 acc: 0.4463 time 1.31s
Epoch: 121/150 Iter: 15/25 loss: 4.8005 acc: 0.4809 time 2.60s
Epoch: 121/150 Iter: 16/25 loss: 4.8060 acc: 0.4722 time 1.28s
Epoch: 121/150 Iter: 17/25 loss: 4.8000 acc: 0.4645 time 1.27s
Epoch: 121/150 Iter: 18/25 loss: 4.8034 acc: 0.4488 time 1.27s
Epoch: 121/150 Iter: 19/25 loss: 4.8234 acc: 0.4264 time 1.28s
Epoch: 121/150 Iter: 20/25 loss: 4.8266 acc: 0.4220 time 1.25s
Epoch: 121/150 Iter: 21/25 loss: 4.8391 acc: 0.4028 time 2.72s
Epoch: 121/150 Iter: 22/25 loss: 4.8357 acc: 0.4070 time 1.25s
Epoch: 121/150 Iter: 23/25 loss: 4.8458 acc: 0.3900 time 1.37s
Epoch: 121/150 Iter: 24/25 loss: 4.8393 acc: 0.4011 time 1.44s
[Train epoch 121] avg_loss=4.8393 avg_acc=0.4011 | per-class [c0: 0.353, c1: 0.312, c2: 0.618]
Final training 121/149, loss: 4.8393, time 42.72s, lr: 0.000030
Accuracy: 0.430
class                  precision    recall   specificity      f1   support
--------------------------------------------------------------------------
0                          0.429     0.353         0.758   0.387        34
1                          0.435     0.312         0.809   0.364        32
2                          0.429     0.618         0.576   0.506        34
*----------------------------------------*
0 Mon Nov  3 11:36:12 2025 Epoch: 122
Epoch: 122/150 Iter: 0/25 loss: 4.9214 acc: 0.5000 time 3.00s
Epoch: 122/150 Iter: 1/25 loss: 4.8613 acc: 0.5000 time 1.31s
Epoch: 122/150 Iter: 2/25 loss: 4.8975 acc: 0.5000 time 1.30s
Epoch: 122/150 Iter: 3/25 loss: 4.9038 acc: 0.5000 time 1.28s
Epoch: 122/150 Iter: 4/25 loss: 4.9211 acc: 0.4000 time 2.68s
Epoch: 122/150 Iter: 5/25 loss: 4.8926 acc: 0.4074 time 1.29s
Epoch: 122/150 Iter: 6/25 loss: 4.8862 acc: 0.3968 time 1.48s
Epoch: 122/150 Iter: 7/25 loss: 4.8934 acc: 0.3681 time 1.32s
Epoch: 122/150 Iter: 8/25 loss: 4.9210 acc: 0.3642 time 1.49s
Epoch: 122/150 Iter: 9/25 loss: 4.9176 acc: 0.3278 time 2.63s
Epoch: 122/150 Iter: 10/25 loss: 4.9099 acc: 0.3434 time 1.28s
Epoch: 122/150 Iter: 11/25 loss: 4.8912 acc: 0.3773 time 1.24s
Epoch: 122/150 Iter: 12/25 loss: 4.8954 acc: 0.3483 time 1.28s
Epoch: 122/150 Iter: 13/25 loss: 4.8949 acc: 0.3710 time 1.29s
Epoch: 122/150 Iter: 14/25 loss: 4.8869 acc: 0.4019 time 1.25s
Epoch: 122/150 Iter: 15/25 loss: 4.8820 acc: 0.4080 time 1.27s
Epoch: 122/150 Iter: 16/25 loss: 4.9002 acc: 0.3905 time 1.26s
Epoch: 122/150 Iter: 17/25 loss: 4.9022 acc: 0.3688 time 1.25s
Epoch: 122/150 Iter: 18/25 loss: 4.9081 acc: 0.3538 time 1.35s
Epoch: 122/150 Iter: 19/25 loss: 4.9059 acc: 0.3528 time 1.31s
Epoch: 122/150 Iter: 20/25 loss: 4.9043 acc: 0.3519 time 1.44s
Epoch: 122/150 Iter: 21/25 loss: 4.8937 acc: 0.3510 time 1.28s
Epoch: 122/150 Iter: 22/25 loss: 4.8837 acc: 0.3454 time 2.61s
Epoch: 122/150 Iter: 23/25 loss: 4.8775 acc: 0.3449 time 2.60s
Epoch: 122/150 Iter: 24/25 loss: 4.8708 acc: 0.3511 time 1.27s
[Train epoch 122] avg_loss=4.8708 avg_acc=0.3511 | per-class [c0: 0.121, c1: 0.529, c2: 0.455]
Final training 122/149, loss: 4.8708, time 39.77s, lr: 0.000028
Accuracy: 0.370
class                  precision    recall   specificity      f1   support
--------------------------------------------------------------------------
0                          0.444     0.121         0.925   0.190        33
1                          0.419     0.529         0.621   0.468        34
2                          0.312     0.455         0.507   0.370        33
*----------------------------------------*
0 Mon Nov  3 11:36:51 2025 Epoch: 123
Epoch: 123/150 Iter: 0/25 loss: 4.6993 acc: 0.3333 time 2.91s
Epoch: 123/150 Iter: 1/25 loss: 4.7055 acc: 0.3333 time 1.37s
Epoch: 123/150 Iter: 2/25 loss: 4.6685 acc: 0.5000 time 1.36s
Epoch: 123/150 Iter: 3/25 loss: 4.7024 acc: 0.5000 time 2.71s
Epoch: 123/150 Iter: 4/25 loss: 4.7435 acc: 0.5000 time 1.31s
Epoch: 123/150 Iter: 5/25 loss: 4.7639 acc: 0.4722 time 1.53s
Epoch: 123/150 Iter: 6/25 loss: 4.7582 acc: 0.4286 time 1.29s
Epoch: 123/150 Iter: 7/25 loss: 4.7454 acc: 0.4306 time 2.67s
Epoch: 123/150 Iter: 8/25 loss: 4.7755 acc: 0.3827 time 1.33s
Epoch: 123/150 Iter: 9/25 loss: 4.7794 acc: 0.3778 time 1.28s
Epoch: 123/150 Iter: 10/25 loss: 4.7694 acc: 0.4040 time 1.25s
Epoch: 123/150 Iter: 11/25 loss: 4.7805 acc: 0.3843 time 1.27s
Epoch: 123/150 Iter: 12/25 loss: 4.7750 acc: 0.4188 time 1.30s
Epoch: 123/150 Iter: 13/25 loss: 4.7722 acc: 0.4246 time 1.27s
Epoch: 123/150 Iter: 14/25 loss: 4.7934 acc: 0.3963 time 1.25s
Epoch: 123/150 Iter: 15/25 loss: 4.7948 acc: 0.3854 time 1.27s
Epoch: 123/150 Iter: 16/25 loss: 4.8017 acc: 0.3824 time 1.44s
Epoch: 123/150 Iter: 17/25 loss: 4.8014 acc: 0.3796 time 1.26s
Epoch: 123/150 Iter: 18/25 loss: 4.7993 acc: 0.3860 time 1.26s
Epoch: 123/150 Iter: 19/25 loss: 4.7905 acc: 0.3917 time 1.30s
Epoch: 123/150 Iter: 20/25 loss: 4.7794 acc: 0.4048 time 1.28s
Epoch: 123/150 Iter: 21/25 loss: 4.7880 acc: 0.3939 time 2.60s
Epoch: 123/150 Iter: 22/25 loss: 4.7941 acc: 0.3913 time 1.27s
Epoch: 123/150 Iter: 23/25 loss: 4.7900 acc: 0.3889 time 1.27s
Epoch: 123/150 Iter: 24/25 loss: 4.7800 acc: 0.4000 time 1.43s
[Train epoch 123] avg_loss=4.7800 avg_acc=0.4000 | per-class [c0: 0.242, c1: 0.471, c2: 0.636]
Final training 123/149, loss: 4.7800, time 38.52s, lr: 0.000026
Accuracy: 0.450
class                  precision    recall   specificity      f1   support
--------------------------------------------------------------------------
0                          0.333     0.242         0.761   0.281        33
1                          0.500     0.471         0.758   0.485        34
2                          0.477     0.636         0.657   0.545        33
*----------------------------------------*
Val 123/150 0/27, Acc: 0.0000, time 0.34s
Val 123/150 1/27, Acc: 0.5000, time 0.35s
Val 123/150 2/27, Acc: 0.3333, time 0.33s
Val 123/150 3/27, Acc: 0.2500, time 0.33s
Val 123/150 4/27, Acc: 0.2000, time 0.37s
Val 123/150 5/27, Acc: 0.1667, time 0.34s
Val 123/150 6/27, Acc: 0.1429, time 0.42s
Val 123/150 7/27, Acc: 0.1250, time 0.35s
Val 123/150 8/27, Acc: 0.1111, time 0.34s
Val 123/150 9/27, Acc: 0.1000, time 0.33s
Val 123/150 10/27, Acc: 0.1818, time 0.34s
Val 123/150 11/27, Acc: 0.2500, time 0.38s
Val 123/150 12/27, Acc: 0.2308, time 0.33s
Val 123/150 13/27, Acc: 0.2143, time 0.33s
Val 123/150 14/27, Acc: 0.2667, time 0.33s
Val 123/150 15/27, Acc: 0.2500, time 0.34s
Val 123/150 16/27, Acc: 0.2353, time 0.34s
Val 123/150 17/27, Acc: 0.2222, time 0.39s
Val 123/150 18/27, Acc: 0.2105, time 0.33s
Val 123/150 19/27, Acc: 0.2000, time 0.33s
Val 123/150 20/27, Acc: 0.1905, time 0.33s
Val 123/150 21/27, Acc: 0.1818, time 0.34s
Val 123/150 22/27, Acc: 0.2174, time 0.40s
Val 123/150 23/27, Acc: 0.2500, time 0.37s
Val 123/150 24/27, Acc: 0.2400, time 0.34s
Val 123/150 25/27, Acc: 0.2308, time 0.34s
Val 123/150 26/27, Acc: 0.2222, time 0.32s
[Val epoch 123] avg_acc=0.2222 | per-class [c0: 0.667, c1: 0.000, c2: 0.000]
Final validation 123/149, Val_acc: 0.2222, time 9.38sAccuracy: 0.222
class                  precision    recall   specificity      f1   support
--------------------------------------------------------------------------
0                          0.250     0.667         0.000   0.364         9
1                          0.000     0.000         1.000   0.000         9
2                          0.000     0.000         0.833   0.000         9
*========================================*
Saving checkpoint outputs/OrganoidsINRIA/resnet50/2025-11-03-10-04/model_final.pt
0 Mon Nov  3 11:37:42 2025 Epoch: 124
Epoch: 124/150 Iter: 0/25 loss: 4.8788 acc: 0.3333 time 3.78s
Epoch: 124/150 Iter: 1/25 loss: 4.7567 acc: 0.2500 time 1.38s
Epoch: 124/150 Iter: 2/25 loss: 4.7750 acc: 0.2778 time 1.35s
Epoch: 124/150 Iter: 3/25 loss: 4.7156 acc: 0.3472 time 1.36s
Epoch: 124/150 Iter: 4/25 loss: 4.7066 acc: 0.3444 time 2.61s
Epoch: 124/150 Iter: 5/25 loss: 4.7682 acc: 0.2870 time 2.64s
Epoch: 124/150 Iter: 6/25 loss: 4.7936 acc: 0.2937 time 1.58s
Epoch: 124/150 Iter: 7/25 loss: 4.7934 acc: 0.3194 time 1.45s
Epoch: 124/150 Iter: 8/25 loss: 4.7667 acc: 0.3580 time 1.29s
Epoch: 124/150 Iter: 9/25 loss: 4.7758 acc: 0.3722 time 1.35s
Epoch: 124/150 Iter: 10/25 loss: 4.7811 acc: 0.3838 time 1.29s
Epoch: 124/150 Iter: 11/25 loss: 4.7991 acc: 0.3796 time 1.25s
Epoch: 124/150 Iter: 12/25 loss: 4.8085 acc: 0.3590 time 1.25s
Epoch: 124/150 Iter: 13/25 loss: 4.7963 acc: 0.3810 time 1.27s
Epoch: 124/150 Iter: 14/25 loss: 4.8115 acc: 0.3667 time 1.29s
Epoch: 124/150 Iter: 15/25 loss: 4.8092 acc: 0.3750 time 1.27s
Epoch: 124/150 Iter: 16/25 loss: 4.8207 acc: 0.3725 time 2.67s
Epoch: 124/150 Iter: 17/25 loss: 4.8091 acc: 0.3981 time 1.27s
Epoch: 124/150 Iter: 18/25 loss: 4.8056 acc: 0.4035 time 1.25s
Epoch: 124/150 Iter: 19/25 loss: 4.8014 acc: 0.4083 time 1.41s
Epoch: 124/150 Iter: 20/25 loss: 4.8158 acc: 0.3948 time 2.58s
Epoch: 124/150 Iter: 21/25 loss: 4.8067 acc: 0.4223 time 1.44s
Epoch: 124/150 Iter: 22/25 loss: 4.8031 acc: 0.4185 time 1.29s
Epoch: 124/150 Iter: 23/25 loss: 4.8061 acc: 0.4196 time 1.25s
Epoch: 124/150 Iter: 24/25 loss: 4.8076 acc: 0.4094 time 1.28s
[Train epoch 124] avg_loss=4.8076 avg_acc=0.4094 | per-class [c0: 0.273, c1: 0.576, c2: 0.529]
Final training 124/149, loss: 4.8076, time 40.90s, lr: 0.000024
Accuracy: 0.460
class                  precision    recall   specificity      f1   support
--------------------------------------------------------------------------
0                          0.500     0.273         0.866   0.353        33
1                          0.463     0.576         0.672   0.514        33
2                          0.439     0.529         0.652   0.480        34
*----------------------------------------*
0 Mon Nov  3 11:38:22 2025 Epoch: 125
Epoch: 125/150 Iter: 0/25 loss: 4.9293 acc: 0.0000 time 4.91s
Epoch: 125/150 Iter: 1/25 loss: 4.8643 acc: 0.3333 time 1.35s
Epoch: 125/150 Iter: 2/25 loss: 4.9356 acc: 0.2778 time 2.66s
Epoch: 125/150 Iter: 3/25 loss: 4.9273 acc: 0.2917 time 1.34s
Epoch: 125/150 Iter: 4/25 loss: 4.8638 acc: 0.4333 time 1.59s
Epoch: 125/150 Iter: 5/25 loss: 4.8579 acc: 0.4444 time 1.27s
Epoch: 125/150 Iter: 6/25 loss: 4.8517 acc: 0.4286 time 2.70s
Epoch: 125/150 Iter: 7/25 loss: 4.8619 acc: 0.3889 time 1.33s
Epoch: 125/150 Iter: 8/25 loss: 4.8433 acc: 0.3951 time 2.64s
Epoch: 125/150 Iter: 9/25 loss: 4.8542 acc: 0.3556 time 1.26s
Epoch: 125/150 Iter: 10/25 loss: 4.8390 acc: 0.3687 time 1.25s
Epoch: 125/150 Iter: 11/25 loss: 4.8168 acc: 0.4074 time 1.30s
Epoch: 125/150 Iter: 12/25 loss: 4.8146 acc: 0.4145 time 1.28s
Epoch: 125/150 Iter: 13/25 loss: 4.8092 acc: 0.4087 time 1.38s
Epoch: 125/150 Iter: 14/25 loss: 4.8205 acc: 0.3926 time 1.28s
Epoch: 125/150 Iter: 15/25 loss: 4.7948 acc: 0.4306 time 1.26s
Epoch: 125/150 Iter: 16/25 loss: 4.8028 acc: 0.4118 time 1.28s
Epoch: 125/150 Iter: 17/25 loss: 4.8118 acc: 0.4074 time 1.28s
Epoch: 125/150 Iter: 18/25 loss: 4.8191 acc: 0.3860 time 1.28s
Epoch: 125/150 Iter: 19/25 loss: 4.8323 acc: 0.3750 time 1.37s
Epoch: 125/150 Iter: 20/25 loss: 4.8312 acc: 0.3730 time 1.24s
Epoch: 125/150 Iter: 21/25 loss: 4.8404 acc: 0.3598 time 1.26s
Epoch: 125/150 Iter: 22/25 loss: 4.8491 acc: 0.3442 time 2.61s
Epoch: 125/150 Iter: 23/25 loss: 4.8558 acc: 0.3299 time 1.25s
Epoch: 125/150 Iter: 24/25 loss: 4.8554 acc: 0.3167 time 1.28s
[Train epoch 125] avg_loss=4.8554 avg_acc=0.3167 | per-class [c0: 0.088, c1: 0.455, c2: 0.455]
Final training 125/149, loss: 4.8554, time 41.70s, lr: 0.000022
Accuracy: 0.330
class                  precision    recall   specificity      f1   support
--------------------------------------------------------------------------
0                          0.231     0.088         0.848   0.128        34
1                          0.441     0.455         0.716   0.448        33
2                          0.283     0.455         0.433   0.349        33
*----------------------------------------*
0 Mon Nov  3 11:39:04 2025 Epoch: 126
Epoch: 126/150 Iter: 0/25 loss: 4.7043 acc: 0.5000 time 4.42s
Epoch: 126/150 Iter: 1/25 loss: 4.8514 acc: 0.5000 time 2.63s
Epoch: 126/150 Iter: 2/25 loss: 4.8223 acc: 0.5000 time 1.47s
Epoch: 126/150 Iter: 3/25 loss: 4.7949 acc: 0.4583 time 1.35s
Epoch: 126/150 Iter: 4/25 loss: 4.8069 acc: 0.4333 time 1.32s
Epoch: 126/150 Iter: 5/25 loss: 4.7897 acc: 0.3981 time 2.69s
Epoch: 126/150 Iter: 6/25 loss: 4.7760 acc: 0.4127 time 2.62s
Epoch: 126/150 Iter: 7/25 loss: 4.7973 acc: 0.3611 time 1.34s
Epoch: 126/150 Iter: 8/25 loss: 4.7852 acc: 0.3488 time 1.32s
Epoch: 126/150 Iter: 9/25 loss: 4.7936 acc: 0.3639 time 1.28s
Epoch: 126/150 Iter: 10/25 loss: 4.7981 acc: 0.3611 time 1.25s
Epoch: 126/150 Iter: 11/25 loss: 4.7611 acc: 0.4144 time 1.37s
Epoch: 126/150 Iter: 12/25 loss: 4.7746 acc: 0.3825 time 1.24s
Epoch: 126/150 Iter: 13/25 loss: 4.7816 acc: 0.3671 time 2.69s
Epoch: 126/150 Iter: 14/25 loss: 4.7931 acc: 0.3426 time 1.37s
Epoch: 126/150 Iter: 15/25 loss: 4.8093 acc: 0.3316 time 2.61s
Epoch: 126/150 Iter: 16/25 loss: 4.8061 acc: 0.3415 time 1.28s
Epoch: 126/150 Iter: 17/25 loss: 4.8166 acc: 0.3410 time 1.28s
Epoch: 126/150 Iter: 18/25 loss: 4.8228 acc: 0.3494 time 1.29s
Epoch: 126/150 Iter: 19/25 loss: 4.8211 acc: 0.3403 time 1.34s
Epoch: 126/150 Iter: 20/25 loss: 4.8273 acc: 0.3320 time 1.27s
Epoch: 126/150 Iter: 21/25 loss: 4.8229 acc: 0.3321 time 1.29s
Epoch: 126/150 Iter: 22/25 loss: 4.8233 acc: 0.3273 time 1.36s
Epoch: 126/150 Iter: 23/25 loss: 4.8316 acc: 0.3137 time 1.25s
Epoch: 126/150 Iter: 24/25 loss: 4.8368 acc: 0.3011 time 2.59s
[Train epoch 126] avg_loss=4.8368 avg_acc=0.3011 | per-class [c0: 0.091, c1: 0.441, c2: 0.545]
Final training 126/149, loss: 4.8368, time 43.96s, lr: 0.000021
Accuracy: 0.360
class                  precision    recall   specificity      f1   support
--------------------------------------------------------------------------
0                          0.750     0.091         0.985   0.162        33
1                          0.375     0.441         0.621   0.405        34
2                          0.321     0.545         0.433   0.404        33
*----------------------------------------*
0 Mon Nov  3 11:39:48 2025 Epoch: 127
Epoch: 127/150 Iter: 0/25 loss: 4.8126 acc: 0.1111 time 4.47s
Epoch: 127/150 Iter: 1/25 loss: 4.8455 acc: 0.2222 time 1.34s
Epoch: 127/150 Iter: 2/25 loss: 4.7327 acc: 0.3704 time 1.50s
Epoch: 127/150 Iter: 3/25 loss: 4.7058 acc: 0.4861 time 1.32s
Epoch: 127/150 Iter: 4/25 loss: 4.6804 acc: 0.5222 time 1.36s
Epoch: 127/150 Iter: 5/25 loss: 4.7182 acc: 0.4537 time 2.80s
Epoch: 127/150 Iter: 6/25 loss: 4.7616 acc: 0.4365 time 1.37s
Epoch: 127/150 Iter: 7/25 loss: 4.7717 acc: 0.4236 time 1.36s
Epoch: 127/150 Iter: 8/25 loss: 4.7751 acc: 0.4136 time 1.33s
Epoch: 127/150 Iter: 9/25 loss: 4.7647 acc: 0.4097 time 2.75s
Epoch: 127/150 Iter: 10/25 loss: 4.7649 acc: 0.4028 time 2.59s
Epoch: 127/150 Iter: 11/25 loss: 4.7774 acc: 0.3970 time 1.43s
Epoch: 127/150 Iter: 12/25 loss: 4.7595 acc: 0.3793 time 1.29s
Epoch: 127/150 Iter: 13/25 loss: 4.7503 acc: 0.4236 time 1.44s
Epoch: 127/150 Iter: 14/25 loss: 4.7512 acc: 0.4287 time 1.35s
Epoch: 127/150 Iter: 15/25 loss: 4.7650 acc: 0.4097 time 1.25s
Epoch: 127/150 Iter: 16/25 loss: 4.7850 acc: 0.4003 time 1.28s
Epoch: 127/150 Iter: 17/25 loss: 4.8045 acc: 0.4059 time 1.31s
Epoch: 127/150 Iter: 18/25 loss: 4.8080 acc: 0.4020 time 1.25s
Epoch: 127/150 Iter: 19/25 loss: 4.7992 acc: 0.3875 time 1.36s
Epoch: 127/150 Iter: 20/25 loss: 4.8007 acc: 0.3770 time 1.29s
Epoch: 127/150 Iter: 21/25 loss: 4.8009 acc: 0.3598 time 2.62s
Epoch: 127/150 Iter: 22/25 loss: 4.8088 acc: 0.3514 time 1.37s
Epoch: 127/150 Iter: 23/25 loss: 4.8095 acc: 0.3576 time 1.24s
Epoch: 127/150 Iter: 24/25 loss: 4.8098 acc: 0.3500 time 1.43s
[Train epoch 127] avg_loss=4.8098 avg_acc=0.3500 | per-class [c0: 0.188, c1: 0.441, c2: 0.529]
Final training 127/149, loss: 4.8098, time 42.15s, lr: 0.000019
Accuracy: 0.390
class                  precision    recall   specificity      f1   support
--------------------------------------------------------------------------
0                          0.857     0.188         0.985   0.308        32
1                          0.349     0.441         0.576   0.390        34
2                          0.360     0.529         0.515   0.429        34
*----------------------------------------*
Val 127/150 0/27, Acc: 0.0000, time 0.33s
Val 127/150 1/27, Acc: 0.5000, time 0.35s
Val 127/150 2/27, Acc: 0.3333, time 0.33s
Val 127/150 3/27, Acc: 0.2500, time 0.33s
Val 127/150 4/27, Acc: 0.2000, time 0.37s
Val 127/150 5/27, Acc: 0.1667, time 0.34s
Val 127/150 6/27, Acc: 0.1429, time 0.42s
Val 127/150 7/27, Acc: 0.2500, time 0.34s
Val 127/150 8/27, Acc: 0.2222, time 0.34s
Val 127/150 9/27, Acc: 0.2000, time 0.33s
Val 127/150 10/27, Acc: 0.2727, time 0.34s
Val 127/150 11/27, Acc: 0.3333, time 0.38s
Val 127/150 12/27, Acc: 0.3846, time 0.33s
Val 127/150 13/27, Acc: 0.3571, time 0.33s
Val 127/150 14/27, Acc: 0.4000, time 0.33s
Val 127/150 15/27, Acc: 0.3750, time 0.34s
Val 127/150 16/27, Acc: 0.3529, time 0.33s
Val 127/150 17/27, Acc: 0.3333, time 0.39s
Val 127/150 18/27, Acc: 0.3158, time 0.33s
Val 127/150 19/27, Acc: 0.3500, time 0.33s
Val 127/150 20/27, Acc: 0.3333, time 0.33s
Val 127/150 21/27, Acc: 0.3182, time 0.34s
Val 127/150 22/27, Acc: 0.3043, time 0.40s
Val 127/150 23/27, Acc: 0.3333, time 0.37s
Val 127/150 24/27, Acc: 0.3200, time 0.34s
Val 127/150 25/27, Acc: 0.3077, time 0.34s
Val 127/150 26/27, Acc: 0.2963, time 0.32s
[Val epoch 127] avg_acc=0.2963 | per-class [c0: 0.556, c1: 0.000, c2: 0.333]
Final validation 127/149, Val_acc: 0.2963, time 9.35sAccuracy: 0.296
class                  precision    recall   specificity      f1   support
--------------------------------------------------------------------------
0                          0.294     0.556         0.333   0.385         9
1                          0.000     0.000         0.722   0.000         9
2                          0.600     0.333         0.889   0.429         9
*========================================*
Saving checkpoint outputs/OrganoidsINRIA/resnet50/2025-11-03-10-04/model_final.pt
0 Mon Nov  3 11:40:42 2025 Epoch: 128
Epoch: 128/150 Iter: 0/25 loss: 5.0111 acc: 0.0000 time 5.46s
Epoch: 128/150 Iter: 1/25 loss: 4.6869 acc: 0.1667 time 1.36s
Epoch: 128/150 Iter: 2/25 loss: 4.8044 acc: 0.1481 time 1.38s
Epoch: 128/150 Iter: 3/25 loss: 4.8590 acc: 0.1111 time 1.33s
Epoch: 128/150 Iter: 4/25 loss: 4.8427 acc: 0.2222 time 1.33s
Epoch: 128/150 Iter: 5/25 loss: 4.8473 acc: 0.2407 time 1.33s
Epoch: 128/150 Iter: 6/25 loss: 4.8338 acc: 0.2778 time 2.83s
Epoch: 128/150 Iter: 7/25 loss: 4.8251 acc: 0.2708 time 1.29s
Epoch: 128/150 Iter: 8/25 loss: 4.8420 acc: 0.2531 time 1.35s
Epoch: 128/150 Iter: 9/25 loss: 4.8326 acc: 0.2778 time 1.37s
Epoch: 128/150 Iter: 10/25 loss: 4.8368 acc: 0.2980 time 1.28s
Epoch: 128/150 Iter: 11/25 loss: 4.8584 acc: 0.2870 time 1.29s
Epoch: 128/150 Iter: 12/25 loss: 4.8643 acc: 0.2650 time 2.68s
Epoch: 128/150 Iter: 13/25 loss: 4.8639 acc: 0.2996 time 1.25s
Epoch: 128/150 Iter: 14/25 loss: 4.8628 acc: 0.3130 time 1.27s
Epoch: 128/150 Iter: 15/25 loss: 4.8857 acc: 0.3247 time 1.29s
Epoch: 128/150 Iter: 16/25 loss: 4.8918 acc: 0.3056 time 1.27s
Epoch: 128/150 Iter: 17/25 loss: 4.8921 acc: 0.3164 time 1.34s
Epoch: 128/150 Iter: 18/25 loss: 4.8860 acc: 0.3348 time 2.62s
Epoch: 128/150 Iter: 19/25 loss: 4.8982 acc: 0.3181 time 1.25s
Epoch: 128/150 Iter: 20/25 loss: 4.9011 acc: 0.3029 time 1.25s
Epoch: 128/150 Iter: 21/25 loss: 4.9010 acc: 0.3043 time 1.29s
Epoch: 128/150 Iter: 22/25 loss: 4.8939 acc: 0.3056 time 1.25s
Epoch: 128/150 Iter: 23/25 loss: 4.8923 acc: 0.3137 time 1.27s
Epoch: 128/150 Iter: 24/25 loss: 4.8914 acc: 0.3078 time 1.24s
[Train epoch 128] avg_loss=4.8914 avg_acc=0.3078 | per-class [c0: 0.121, c1: 0.353, c2: 0.515]
Final training 128/149, loss: 4.8914, time 40.91s, lr: 0.000017
Accuracy: 0.330
class                  precision    recall   specificity      f1   support
--------------------------------------------------------------------------
0                          1.000     0.121         1.000   0.216        33
1                          0.286     0.353         0.545   0.316        34
2                          0.315     0.515         0.448   0.391        33
*----------------------------------------*
0 Mon Nov  3 11:41:23 2025 Epoch: 129
Epoch: 129/150 Iter: 0/25 loss: 4.9374 acc: 0.5000 time 2.65s
Epoch: 129/150 Iter: 1/25 loss: 4.8537 acc: 0.5833 time 1.41s
Epoch: 129/150 Iter: 2/25 loss: 4.7878 acc: 0.5556 time 1.34s
Epoch: 129/150 Iter: 3/25 loss: 4.8261 acc: 0.5000 time 1.32s
Epoch: 129/150 Iter: 4/25 loss: 4.8252 acc: 0.4667 time 2.67s
Epoch: 129/150 Iter: 5/25 loss: 4.8675 acc: 0.3889 time 2.66s
Epoch: 129/150 Iter: 6/25 loss: 4.8483 acc: 0.4048 time 1.36s
Epoch: 129/150 Iter: 7/25 loss: 4.8350 acc: 0.4583 time 1.31s
Epoch: 129/150 Iter: 8/25 loss: 4.8350 acc: 0.4630 time 2.69s
Epoch: 129/150 Iter: 9/25 loss: 4.8046 acc: 0.4389 time 1.29s
Epoch: 129/150 Iter: 10/25 loss: 4.7961 acc: 0.4672 time 1.28s
Epoch: 129/150 Iter: 11/25 loss: 4.7832 acc: 0.4560 time 1.31s
Epoch: 129/150 Iter: 12/25 loss: 4.8117 acc: 0.4466 time 2.62s
Epoch: 129/150 Iter: 13/25 loss: 4.7944 acc: 0.4683 time 2.63s
Epoch: 129/150 Iter: 14/25 loss: 4.7814 acc: 0.4370 time 1.28s
Epoch: 129/150 Iter: 15/25 loss: 4.7885 acc: 0.4410 time 1.38s
Epoch: 129/150 Iter: 16/25 loss: 4.7824 acc: 0.4444 time 1.27s
Epoch: 129/150 Iter: 17/25 loss: 4.7891 acc: 0.4614 time 1.44s
Epoch: 129/150 Iter: 18/25 loss: 4.7964 acc: 0.4459 time 1.25s
Epoch: 129/150 Iter: 19/25 loss: 4.8064 acc: 0.4292 time 1.27s
Epoch: 129/150 Iter: 20/25 loss: 4.8064 acc: 0.4246 time 1.28s
Epoch: 129/150 Iter: 21/25 loss: 4.8073 acc: 0.4280 time 1.30s
Epoch: 129/150 Iter: 22/25 loss: 4.8137 acc: 0.4167 time 1.44s
Epoch: 129/150 Iter: 23/25 loss: 4.8166 acc: 0.4271 time 1.27s
Epoch: 129/150 Iter: 24/25 loss: 4.8135 acc: 0.4133 time 1.26s
[Train epoch 129] avg_loss=4.8135 avg_acc=0.4133 | per-class [c0: 0.121, c1: 0.706, c2: 0.485]
Final training 129/149, loss: 4.8135, time 41.01s, lr: 0.000016
Accuracy: 0.440
class                  precision    recall   specificity      f1   support
--------------------------------------------------------------------------
0                          1.000     0.121         1.000   0.216        33
1                          0.436     0.706         0.530   0.539        34
2                          0.390     0.485         0.627   0.432        33
*----------------------------------------*
0 Mon Nov  3 11:42:04 2025 Epoch: 130
Epoch: 130/150 Iter: 0/25 loss: 5.0298 acc: 0.0000 time 3.79s
Epoch: 130/150 Iter: 1/25 loss: 4.9931 acc: 0.0833 time 1.50s
Epoch: 130/150 Iter: 2/25 loss: 4.9289 acc: 0.1667 time 1.32s
Epoch: 130/150 Iter: 3/25 loss: 4.8530 acc: 0.2083 time 1.32s
Epoch: 130/150 Iter: 4/25 loss: 4.8350 acc: 0.1889 time 1.34s
Epoch: 130/150 Iter: 5/25 loss: 4.8144 acc: 0.2407 time 1.34s
Epoch: 130/150 Iter: 6/25 loss: 4.8150 acc: 0.2540 time 1.34s
Epoch: 130/150 Iter: 7/25 loss: 4.8280 acc: 0.2639 time 1.30s
Epoch: 130/150 Iter: 8/25 loss: 4.8111 acc: 0.2901 time 1.31s
Epoch: 130/150 Iter: 9/25 loss: 4.8031 acc: 0.3056 time 2.65s
Epoch: 130/150 Iter: 10/25 loss: 4.8137 acc: 0.2929 time 1.29s
Epoch: 130/150 Iter: 11/25 loss: 4.8122 acc: 0.2778 time 1.34s
Epoch: 130/150 Iter: 12/25 loss: 4.8111 acc: 0.2949 time 1.27s
Epoch: 130/150 Iter: 13/25 loss: 4.8299 acc: 0.2738 time 1.29s
Epoch: 130/150 Iter: 14/25 loss: 4.7971 acc: 0.3222 time 1.29s
Epoch: 130/150 Iter: 15/25 loss: 4.7872 acc: 0.3333 time 1.25s
Epoch: 130/150 Iter: 16/25 loss: 4.8132 acc: 0.3333 time 1.25s
Epoch: 130/150 Iter: 17/25 loss: 4.8289 acc: 0.3148 time 1.25s
Epoch: 130/150 Iter: 18/25 loss: 4.8266 acc: 0.3333 time 1.31s
Epoch: 130/150 Iter: 19/25 loss: 4.8345 acc: 0.3417 time 1.36s
Epoch: 130/150 Iter: 20/25 loss: 4.8258 acc: 0.3571 time 1.28s
Epoch: 130/150 Iter: 21/25 loss: 4.8182 acc: 0.3788 time 1.29s
Epoch: 130/150 Iter: 22/25 loss: 4.8147 acc: 0.3720 time 1.27s
Epoch: 130/150 Iter: 23/25 loss: 4.8287 acc: 0.3773 time 1.25s
Epoch: 130/150 Iter: 24/25 loss: 4.8248 acc: 0.3822 time 1.31s
[Train epoch 130] avg_loss=4.8248 avg_acc=0.3822 | per-class [c0: 0.091, c1: 0.676, c2: 0.455]
Final training 130/149, loss: 4.8248, time 36.57s, lr: 0.000014
Accuracy: 0.410
class                  precision    recall   specificity      f1   support
--------------------------------------------------------------------------
0                          0.500     0.091         0.955   0.154        33
1                          0.479     0.676         0.621   0.561        34
2                          0.326     0.455         0.537   0.380        33
*----------------------------------------*
0 Mon Nov  3 11:42:41 2025 Epoch: 131
Epoch: 131/150 Iter: 0/25 loss: 4.7978 acc: 0.1667 time 3.45s
Epoch: 131/150 Iter: 1/25 loss: 4.8970 acc: 0.2500 time 1.62s
Epoch: 131/150 Iter: 2/25 loss: 4.8800 acc: 0.2500 time 2.62s
Epoch: 131/150 Iter: 3/25 loss: 4.8367 acc: 0.3542 time 2.71s
Epoch: 131/150 Iter: 4/25 loss: 4.8409 acc: 0.3833 time 1.34s
Epoch: 131/150 Iter: 5/25 loss: 4.8554 acc: 0.3194 time 1.28s
Epoch: 131/150 Iter: 6/25 loss: 4.8873 acc: 0.3214 time 1.55s
Epoch: 131/150 Iter: 7/25 loss: 4.8688 acc: 0.3229 time 1.28s
Epoch: 131/150 Iter: 8/25 loss: 4.8541 acc: 0.3056 time 1.31s
Epoch: 131/150 Iter: 9/25 loss: 4.8448 acc: 0.3250 time 2.63s
Epoch: 131/150 Iter: 10/25 loss: 4.8402 acc: 0.3258 time 1.28s
Epoch: 131/150 Iter: 11/25 loss: 4.8124 acc: 0.3542 time 1.28s
Epoch: 131/150 Iter: 12/25 loss: 4.8219 acc: 0.3397 time 2.64s
Epoch: 131/150 Iter: 13/25 loss: 4.8273 acc: 0.3313 time 1.27s
Epoch: 131/150 Iter: 14/25 loss: 4.8143 acc: 0.3759 time 2.60s
Epoch: 131/150 Iter: 15/25 loss: 4.8142 acc: 0.3733 time 1.28s
Epoch: 131/150 Iter: 16/25 loss: 4.8224 acc: 0.3513 time 1.28s
Epoch: 131/150 Iter: 17/25 loss: 4.8264 acc: 0.3503 time 1.28s
Epoch: 131/150 Iter: 18/25 loss: 4.8372 acc: 0.3377 time 1.37s
Epoch: 131/150 Iter: 19/25 loss: 4.8317 acc: 0.3486 time 1.26s
Epoch: 131/150 Iter: 20/25 loss: 4.8338 acc: 0.3373 time 1.28s
Epoch: 131/150 Iter: 21/25 loss: 4.8291 acc: 0.3447 time 1.38s
Epoch: 131/150 Iter: 22/25 loss: 4.8309 acc: 0.3370 time 1.28s
Epoch: 131/150 Iter: 23/25 loss: 4.8305 acc: 0.3299 time 1.30s
Epoch: 131/150 Iter: 24/25 loss: 4.8276 acc: 0.3300 time 1.27s
[Train epoch 131] avg_loss=4.8276 avg_acc=0.3300 | per-class [c0: 0.061, c1: 0.606, c2: 0.471]
Final training 131/149, loss: 4.8276, time 41.87s, lr: 0.000013
Accuracy: 0.380
class                  precision    recall   specificity      f1   support
--------------------------------------------------------------------------
0                          1.000     0.061         1.000   0.114        33
1                          0.357     0.606         0.463   0.449        33
2                          0.381     0.471         0.606   0.421        34
*----------------------------------------*
Val 131/150 0/27, Acc: 0.0000, time 0.33s
Val 131/150 1/27, Acc: 0.5000, time 0.35s
Val 131/150 2/27, Acc: 0.3333, time 0.33s
Val 131/150 3/27, Acc: 0.2500, time 0.33s
Val 131/150 4/27, Acc: 0.2000, time 0.37s
Val 131/150 5/27, Acc: 0.1667, time 0.34s
Val 131/150 6/27, Acc: 0.1429, time 0.42s
Val 131/150 7/27, Acc: 0.2500, time 0.34s
Val 131/150 8/27, Acc: 0.2222, time 0.34s
Val 131/150 9/27, Acc: 0.2000, time 0.33s
Val 131/150 10/27, Acc: 0.2727, time 0.34s
Val 131/150 11/27, Acc: 0.3333, time 0.38s
Val 131/150 12/27, Acc: 0.3846, time 0.33s
Val 131/150 13/27, Acc: 0.3571, time 0.33s
Val 131/150 14/27, Acc: 0.4000, time 0.33s
Val 131/150 15/27, Acc: 0.3750, time 0.34s
Val 131/150 16/27, Acc: 0.3529, time 0.33s
Val 131/150 17/27, Acc: 0.3333, time 0.39s
Val 131/150 18/27, Acc: 0.3684, time 0.33s
Val 131/150 19/27, Acc: 0.3500, time 0.33s
Val 131/150 20/27, Acc: 0.3810, time 0.33s
Val 131/150 21/27, Acc: 0.3636, time 0.34s
Val 131/150 22/27, Acc: 0.3478, time 0.40s
Val 131/150 23/27, Acc: 0.3333, time 0.37s
Val 131/150 24/27, Acc: 0.3200, time 0.34s
Val 131/150 25/27, Acc: 0.3077, time 0.34s
Val 131/150 26/27, Acc: 0.2963, time 0.32s
[Val epoch 131] avg_acc=0.2963 | per-class [c0: 0.444, c1: 0.111, c2: 0.333]
Final validation 131/149, Val_acc: 0.2963, time 9.33sAccuracy: 0.296
class                  precision    recall   specificity      f1   support
--------------------------------------------------------------------------
0                          0.286     0.444         0.444   0.348         9
1                          0.143     0.111         0.667   0.125         9
2                          0.500     0.333         0.833   0.400         9
*========================================*
Saving checkpoint outputs/OrganoidsINRIA/resnet50/2025-11-03-10-04/model_final.pt
0 Mon Nov  3 11:43:34 2025 Epoch: 132
Epoch: 132/150 Iter: 0/25 loss: 4.8409 acc: 0.3333 time 3.22s
Epoch: 132/150 Iter: 1/25 loss: 4.7767 acc: 0.5000 time 1.36s
Epoch: 132/150 Iter: 2/25 loss: 4.7531 acc: 0.4074 time 1.32s
Epoch: 132/150 Iter: 3/25 loss: 4.7382 acc: 0.5556 time 1.43s
Epoch: 132/150 Iter: 4/25 loss: 4.8224 acc: 0.4444 time 1.57s
Epoch: 132/150 Iter: 5/25 loss: 4.8500 acc: 0.3981 time 1.55s
Epoch: 132/150 Iter: 6/25 loss: 4.8665 acc: 0.3413 time 1.33s
Epoch: 132/150 Iter: 7/25 loss: 4.8172 acc: 0.3819 time 1.34s
Epoch: 132/150 Iter: 8/25 loss: 4.8497 acc: 0.3580 time 1.47s
Epoch: 132/150 Iter: 9/25 loss: 4.8184 acc: 0.3972 time 1.25s
Epoch: 132/150 Iter: 10/25 loss: 4.8142 acc: 0.3813 time 1.30s
Epoch: 132/150 Iter: 11/25 loss: 4.8153 acc: 0.3773 time 1.27s
Epoch: 132/150 Iter: 12/25 loss: 4.8333 acc: 0.3611 time 1.28s
Epoch: 132/150 Iter: 13/25 loss: 4.8270 acc: 0.3829 time 1.29s
Epoch: 132/150 Iter: 14/25 loss: 4.8314 acc: 0.3685 time 1.28s
Epoch: 132/150 Iter: 15/25 loss: 4.8238 acc: 0.3924 time 1.28s
Epoch: 132/150 Iter: 16/25 loss: 4.8262 acc: 0.3693 time 1.32s
Epoch: 132/150 Iter: 17/25 loss: 4.8157 acc: 0.3765 time 1.34s
Epoch: 132/150 Iter: 18/25 loss: 4.8155 acc: 0.3830 time 1.27s
Epoch: 132/150 Iter: 19/25 loss: 4.8226 acc: 0.3972 time 1.27s
Epoch: 132/150 Iter: 20/25 loss: 4.8188 acc: 0.3942 time 1.36s
Epoch: 132/150 Iter: 21/25 loss: 4.8305 acc: 0.3990 time 2.63s
Epoch: 132/150 Iter: 22/25 loss: 4.8356 acc: 0.3816 time 2.57s
Epoch: 132/150 Iter: 23/25 loss: 4.8358 acc: 0.3935 time 1.32s
Epoch: 132/150 Iter: 24/25 loss: 4.8340 acc: 0.3978 time 1.29s
[Train epoch 132] avg_loss=4.8340 avg_acc=0.3978 | per-class [c0: 0.091, c1: 0.545, c2: 0.588]
Final training 132/149, loss: 4.8340, time 37.93s, lr: 0.000012
Accuracy: 0.410
class                  precision    recall   specificity      f1   support
--------------------------------------------------------------------------
0                          0.500     0.091         0.955   0.154        33
1                          0.400     0.545         0.597   0.462        33
2                          0.408     0.588         0.561   0.482        34
*----------------------------------------*
0 Mon Nov  3 11:44:12 2025 Epoch: 133
Epoch: 133/150 Iter: 0/25 loss: 4.6007 acc: 0.8333 time 3.93s
Epoch: 133/150 Iter: 1/25 loss: 4.8196 acc: 0.4167 time 1.32s
Epoch: 133/150 Iter: 2/25 loss: 4.7563 acc: 0.4259 time 1.28s
Epoch: 133/150 Iter: 3/25 loss: 4.7344 acc: 0.4444 time 1.33s
Epoch: 133/150 Iter: 4/25 loss: 4.7403 acc: 0.4222 time 1.30s
Epoch: 133/150 Iter: 5/25 loss: 4.7847 acc: 0.4074 time 1.31s
Epoch: 133/150 Iter: 6/25 loss: 4.8172 acc: 0.3849 time 1.51s
Epoch: 133/150 Iter: 7/25 loss: 4.8287 acc: 0.3785 time 1.45s
Epoch: 133/150 Iter: 8/25 loss: 4.8287 acc: 0.3920 time 2.64s
Epoch: 133/150 Iter: 9/25 loss: 4.8134 acc: 0.4194 time 1.29s
Epoch: 133/150 Iter: 10/25 loss: 4.8221 acc: 0.3813 time 1.29s
Epoch: 133/150 Iter: 11/25 loss: 4.8262 acc: 0.3588 time 1.31s
Epoch: 133/150 Iter: 12/25 loss: 4.8391 acc: 0.3440 time 2.61s
Epoch: 133/150 Iter: 13/25 loss: 4.8398 acc: 0.3194 time 2.61s
Epoch: 133/150 Iter: 14/25 loss: 4.8492 acc: 0.2981 time 1.25s
Epoch: 133/150 Iter: 15/25 loss: 4.8563 acc: 0.2899 time 1.29s
Epoch: 133/150 Iter: 16/25 loss: 4.8629 acc: 0.3023 time 1.25s
Epoch: 133/150 Iter: 17/25 loss: 4.8820 acc: 0.3040 time 1.28s
Epoch: 133/150 Iter: 18/25 loss: 4.8823 acc: 0.3143 time 1.25s
Epoch: 133/150 Iter: 19/25 loss: 4.8801 acc: 0.3028 time 2.62s
Epoch: 133/150 Iter: 20/25 loss: 4.8771 acc: 0.3122 time 2.75s
Epoch: 133/150 Iter: 21/25 loss: 4.8705 acc: 0.3207 time 1.42s
Epoch: 133/150 Iter: 22/25 loss: 4.8525 acc: 0.3502 time 2.68s
Epoch: 133/150 Iter: 23/25 loss: 4.8534 acc: 0.3356 time 1.27s
Epoch: 133/150 Iter: 24/25 loss: 4.8329 acc: 0.3622 time 1.28s
[Train epoch 133] avg_loss=4.8329 avg_acc=0.3622 | per-class [c0: 0.206, c1: 0.394, c2: 0.545]
Final training 133/149, loss: 4.8329, time 43.56s, lr: 0.000010
Accuracy: 0.380
class                  precision    recall   specificity      f1   support
--------------------------------------------------------------------------
0                          0.583     0.206         0.924   0.304        34
1                          0.361     0.394         0.657   0.377        33
2                          0.346     0.545         0.493   0.424        33
*----------------------------------------*
0 Mon Nov  3 11:44:56 2025 Epoch: 134
Epoch: 134/150 Iter: 0/25 loss: 4.6059 acc: 0.3333 time 3.83s
Epoch: 134/150 Iter: 1/25 loss: 4.8106 acc: 0.5000 time 1.39s
Epoch: 134/150 Iter: 2/25 loss: 4.7900 acc: 0.6111 time 1.39s
Epoch: 134/150 Iter: 3/25 loss: 4.7951 acc: 0.5417 time 1.31s
Epoch: 134/150 Iter: 4/25 loss: 4.7702 acc: 0.5333 time 1.47s
Epoch: 134/150 Iter: 5/25 loss: 4.7641 acc: 0.5370 time 1.28s
Epoch: 134/150 Iter: 6/25 loss: 4.7708 acc: 0.5079 time 1.34s
Epoch: 134/150 Iter: 7/25 loss: 4.7786 acc: 0.4653 time 1.31s
Epoch: 134/150 Iter: 8/25 loss: 4.8161 acc: 0.4691 time 1.27s
Epoch: 134/150 Iter: 9/25 loss: 4.8217 acc: 0.4222 time 2.62s
Epoch: 134/150 Iter: 10/25 loss: 4.8252 acc: 0.4141 time 1.29s
Epoch: 134/150 Iter: 11/25 loss: 4.8223 acc: 0.4074 time 1.30s
Epoch: 134/150 Iter: 12/25 loss: 4.8257 acc: 0.3889 time 1.24s
Epoch: 134/150 Iter: 13/25 loss: 4.8347 acc: 0.3611 time 1.25s
Epoch: 134/150 Iter: 14/25 loss: 4.8208 acc: 0.3593 time 1.29s
Epoch: 134/150 Iter: 15/25 loss: 4.8218 acc: 0.3472 time 1.28s
Epoch: 134/150 Iter: 16/25 loss: 4.8070 acc: 0.3660 time 1.43s
Epoch: 134/150 Iter: 17/25 loss: 4.8108 acc: 0.3735 time 1.29s
Epoch: 134/150 Iter: 18/25 loss: 4.8093 acc: 0.3933 time 1.27s
Epoch: 134/150 Iter: 19/25 loss: 4.8123 acc: 0.3903 time 1.28s
Epoch: 134/150 Iter: 20/25 loss: 4.8066 acc: 0.3876 time 1.24s
Epoch: 134/150 Iter: 21/25 loss: 4.8124 acc: 0.3775 time 1.27s
Epoch: 134/150 Iter: 22/25 loss: 4.8151 acc: 0.3829 time 1.29s
Epoch: 134/150 Iter: 23/25 loss: 4.8130 acc: 0.3762 time 1.26s
Epoch: 134/150 Iter: 24/25 loss: 4.8094 acc: 0.3811 time 1.27s
[Train epoch 134] avg_loss=4.8094 avg_acc=0.3811 | per-class [c0: 0.091, c1: 0.618, c2: 0.545]
Final training 134/149, loss: 4.8094, time 36.50s, lr: 0.000009
Accuracy: 0.420
class                  precision    recall   specificity      f1   support
--------------------------------------------------------------------------
0                          0.429     0.091         0.940   0.150        33
1                          0.467     0.618         0.636   0.532        34
2                          0.375     0.545         0.552   0.444        33
*----------------------------------------*
0 Mon Nov  3 11:45:32 2025 Epoch: 135
Epoch: 135/150 Iter: 0/25 loss: 4.9107 acc: 0.1111 time 3.24s
Epoch: 135/150 Iter: 1/25 loss: 4.8603 acc: 0.1111 time 1.38s
Epoch: 135/150 Iter: 2/25 loss: 4.7750 acc: 0.2963 time 1.33s
Epoch: 135/150 Iter: 3/25 loss: 4.8108 acc: 0.2222 time 1.57s
Epoch: 135/150 Iter: 4/25 loss: 4.8179 acc: 0.2444 time 1.34s
Epoch: 135/150 Iter: 5/25 loss: 4.8392 acc: 0.2593 time 1.32s
Epoch: 135/150 Iter: 6/25 loss: 4.8462 acc: 0.2460 time 1.32s
Epoch: 135/150 Iter: 7/25 loss: 4.8572 acc: 0.2153 time 1.36s
Epoch: 135/150 Iter: 8/25 loss: 4.8621 acc: 0.2469 time 1.34s
Epoch: 135/150 Iter: 9/25 loss: 4.8693 acc: 0.2556 time 1.42s
Epoch: 135/150 Iter: 10/25 loss: 4.8833 acc: 0.2424 time 1.30s
Epoch: 135/150 Iter: 11/25 loss: 4.8801 acc: 0.2500 time 1.28s
Epoch: 135/150 Iter: 12/25 loss: 4.8851 acc: 0.2308 time 1.36s
Epoch: 135/150 Iter: 13/25 loss: 4.8884 acc: 0.2232 time 1.31s
Epoch: 135/150 Iter: 14/25 loss: 4.8806 acc: 0.2583 time 1.25s
Epoch: 135/150 Iter: 15/25 loss: 4.8718 acc: 0.2943 time 1.36s
Epoch: 135/150 Iter: 16/25 loss: 4.8813 acc: 0.2770 time 1.27s
Epoch: 135/150 Iter: 17/25 loss: 4.8813 acc: 0.2616 time 1.28s
Epoch: 135/150 Iter: 18/25 loss: 4.8877 acc: 0.2478 time 2.62s
Epoch: 135/150 Iter: 19/25 loss: 4.8841 acc: 0.2688 time 1.43s
Epoch: 135/150 Iter: 20/25 loss: 4.8832 acc: 0.2771 time 2.62s
Epoch: 135/150 Iter: 21/25 loss: 4.8887 acc: 0.2696 time 1.28s
Epoch: 135/150 Iter: 22/25 loss: 4.8715 acc: 0.2796 time 1.30s
Epoch: 135/150 Iter: 23/25 loss: 4.8668 acc: 0.2772 time 1.30s
Epoch: 135/150 Iter: 24/25 loss: 4.8680 acc: 0.2728 time 1.29s
[Train epoch 135] avg_loss=4.8680 avg_acc=0.2728 | per-class [c0: 0.061, c1: 0.412, c2: 0.455]
Final training 135/149, loss: 4.8680, time 37.91s, lr: 0.000008
Accuracy: 0.310
class                  precision    recall   specificity      f1   support
--------------------------------------------------------------------------
0                          0.182     0.061         0.866   0.091        33
1                          0.359     0.412         0.621   0.384        34
2                          0.300     0.455         0.478   0.361        33
*----------------------------------------*
Val 135/150 0/27, Acc: 0.0000, time 0.35s
Val 135/150 1/27, Acc: 0.5000, time 0.35s
Val 135/150 2/27, Acc: 0.3333, time 0.33s
Val 135/150 3/27, Acc: 0.2500, time 0.33s
Val 135/150 4/27, Acc: 0.2000, time 0.37s
Val 135/150 5/27, Acc: 0.1667, time 0.34s
Val 135/150 6/27, Acc: 0.1429, time 0.43s
Val 135/150 7/27, Acc: 0.1250, time 0.34s
Val 135/150 8/27, Acc: 0.1111, time 0.34s
Val 135/150 9/27, Acc: 0.2000, time 0.33s
Val 135/150 10/27, Acc: 0.2727, time 0.34s
Val 135/150 11/27, Acc: 0.3333, time 0.38s
Val 135/150 12/27, Acc: 0.3846, time 0.33s
Val 135/150 13/27, Acc: 0.3571, time 0.33s
Val 135/150 14/27, Acc: 0.4000, time 0.33s
Val 135/150 15/27, Acc: 0.3750, time 0.34s
Val 135/150 16/27, Acc: 0.3529, time 0.33s
Val 135/150 17/27, Acc: 0.3333, time 0.39s
Val 135/150 18/27, Acc: 0.3158, time 0.33s
Val 135/150 19/27, Acc: 0.3500, time 0.33s
Val 135/150 20/27, Acc: 0.3333, time 0.34s
Val 135/150 21/27, Acc: 0.3182, time 0.34s
Val 135/150 22/27, Acc: 0.3043, time 0.40s
Val 135/150 23/27, Acc: 0.3333, time 0.37s
Val 135/150 24/27, Acc: 0.3200, time 0.34s
Val 135/150 25/27, Acc: 0.3462, time 0.34s
Val 135/150 26/27, Acc: 0.3333, time 0.32s
[Val epoch 135] avg_acc=0.3333 | per-class [c0: 0.556, c1: 0.000, c2: 0.444]
Final validation 135/149, Val_acc: 0.3333, time 9.38sAccuracy: 0.333
class                  precision    recall   specificity      f1   support
--------------------------------------------------------------------------
0                          0.294     0.556         0.333   0.385         9
1                          0.000     0.000         0.833   0.000         9
2                          0.571     0.444         0.833   0.500         9
*========================================*
Saving checkpoint outputs/OrganoidsINRIA/resnet50/2025-11-03-10-04/model_final.pt
0 Mon Nov  3 11:46:22 2025 Epoch: 136
Epoch: 136/150 Iter: 0/25 loss: 4.8541 acc: 0.3333 time 3.37s
Epoch: 136/150 Iter: 1/25 loss: 4.8239 acc: 0.4167 time 2.70s
Epoch: 136/150 Iter: 2/25 loss: 4.8280 acc: 0.3148 time 1.37s
Epoch: 136/150 Iter: 3/25 loss: 4.8196 acc: 0.2917 time 1.42s
Epoch: 136/150 Iter: 4/25 loss: 4.8622 acc: 0.3000 time 1.57s
Epoch: 136/150 Iter: 5/25 loss: 4.8405 acc: 0.3056 time 1.34s
Epoch: 136/150 Iter: 6/25 loss: 4.8525 acc: 0.2778 time 1.30s
Epoch: 136/150 Iter: 7/25 loss: 4.8702 acc: 0.2847 time 2.66s
Epoch: 136/150 Iter: 8/25 loss: 4.8747 acc: 0.2716 time 2.69s
Epoch: 136/150 Iter: 9/25 loss: 4.8751 acc: 0.2778 time 2.65s
Epoch: 136/150 Iter: 10/25 loss: 4.8688 acc: 0.2980 time 1.25s
Epoch: 136/150 Iter: 11/25 loss: 4.8497 acc: 0.3356 time 1.25s
Epoch: 136/150 Iter: 12/25 loss: 4.8407 acc: 0.3739 time 1.27s
Epoch: 136/150 Iter: 13/25 loss: 4.8445 acc: 0.3710 time 2.59s
Epoch: 136/150 Iter: 14/25 loss: 4.8414 acc: 0.3685 time 1.28s
Epoch: 136/150 Iter: 15/25 loss: 4.8506 acc: 0.3663 time 1.26s
Epoch: 136/150 Iter: 16/25 loss: 4.8404 acc: 0.3546 time 1.28s
Epoch: 136/150 Iter: 17/25 loss: 4.8387 acc: 0.3472 time 1.29s
Epoch: 136/150 Iter: 18/25 loss: 4.8396 acc: 0.3640 time 2.63s
Epoch: 136/150 Iter: 19/25 loss: 4.8382 acc: 0.3625 time 1.28s
Epoch: 136/150 Iter: 20/25 loss: 4.8403 acc: 0.3611 time 1.29s
Epoch: 136/150 Iter: 21/25 loss: 4.8300 acc: 0.3674 time 1.35s
Epoch: 136/150 Iter: 22/25 loss: 4.8327 acc: 0.3708 time 2.75s
Epoch: 136/150 Iter: 23/25 loss: 4.8267 acc: 0.3831 time 1.43s
Epoch: 136/150 Iter: 24/25 loss: 4.8104 acc: 0.3878 time 1.28s
[Train epoch 136] avg_loss=4.8104 avg_acc=0.3878 | per-class [c0: 0.118, c1: 0.576, c2: 0.636]
Final training 136/149, loss: 4.8104, time 44.58s, lr: 0.000007
Accuracy: 0.440
class                  precision    recall   specificity      f1   support
--------------------------------------------------------------------------
0                          0.800     0.118         0.985   0.205        34
1                          0.463     0.576         0.672   0.514        33
2                          0.389     0.636         0.507   0.483        33
*----------------------------------------*
0 Mon Nov  3 11:47:06 2025 Epoch: 137
Epoch: 137/150 Iter: 0/25 loss: 4.9548 acc: 0.2500 time 2.71s
Epoch: 137/150 Iter: 1/25 loss: 4.9809 acc: 0.1250 time 1.50s
Epoch: 137/150 Iter: 2/25 loss: 4.9372 acc: 0.1389 time 2.69s
Epoch: 137/150 Iter: 3/25 loss: 4.8880 acc: 0.2292 time 1.32s
Epoch: 137/150 Iter: 4/25 loss: 4.8377 acc: 0.3500 time 1.36s
Epoch: 137/150 Iter: 5/25 loss: 4.8284 acc: 0.3843 time 1.33s
Epoch: 137/150 Iter: 6/25 loss: 4.8093 acc: 0.3770 time 2.64s
Epoch: 137/150 Iter: 7/25 loss: 4.8157 acc: 0.3924 time 1.30s
Epoch: 137/150 Iter: 8/25 loss: 4.8246 acc: 0.3673 time 1.32s
Epoch: 137/150 Iter: 9/25 loss: 4.8119 acc: 0.3639 time 1.27s
Epoch: 137/150 Iter: 10/25 loss: 4.8220 acc: 0.3460 time 1.30s
Epoch: 137/150 Iter: 11/25 loss: 4.8420 acc: 0.3449 time 2.60s
Epoch: 137/150 Iter: 12/25 loss: 4.8445 acc: 0.3440 time 1.34s
Epoch: 137/150 Iter: 13/25 loss: 4.8379 acc: 0.3313 time 1.25s
Epoch: 137/150 Iter: 14/25 loss: 4.8400 acc: 0.3204 time 1.27s
Epoch: 137/150 Iter: 15/25 loss: 4.8381 acc: 0.3212 time 1.25s
Epoch: 137/150 Iter: 16/25 loss: 4.8342 acc: 0.3154 time 1.27s
Epoch: 137/150 Iter: 17/25 loss: 4.8420 acc: 0.3256 time 1.27s
Epoch: 137/150 Iter: 18/25 loss: 4.8370 acc: 0.3173 time 1.28s
Epoch: 137/150 Iter: 19/25 loss: 4.8408 acc: 0.3097 time 1.29s
Epoch: 137/150 Iter: 20/25 loss: 4.8304 acc: 0.3347 time 1.29s
Epoch: 137/150 Iter: 21/25 loss: 4.8282 acc: 0.3422 time 2.65s
Epoch: 137/150 Iter: 22/25 loss: 4.8294 acc: 0.3345 time 2.61s
Epoch: 137/150 Iter: 23/25 loss: 4.8309 acc: 0.3275 time 2.69s
Epoch: 137/150 Iter: 24/25 loss: 4.8326 acc: 0.3178 time 1.28s
[Train epoch 137] avg_loss=4.8326 avg_acc=0.3178 | per-class [c0: 0.121, c1: 0.485, c2: 0.559]
Final training 137/149, loss: 4.8326, time 42.12s, lr: 0.000006
Accuracy: 0.390
class                  precision    recall   specificity      f1   support
--------------------------------------------------------------------------
0                          0.571     0.121         0.955   0.200        33
1                          0.381     0.485         0.612   0.427        33
2                          0.373     0.559         0.515   0.447        34
*----------------------------------------*
0 Mon Nov  3 11:47:49 2025 Epoch: 138
Epoch: 138/150 Iter: 0/25 loss: 4.7612 acc: 0.3333 time 3.78s
Epoch: 138/150 Iter: 1/25 loss: 4.6097 acc: 0.6667 time 2.68s
Epoch: 138/150 Iter: 2/25 loss: 4.7203 acc: 0.5000 time 2.64s
Epoch: 138/150 Iter: 3/25 loss: 4.8610 acc: 0.4306 time 1.38s
Epoch: 138/150 Iter: 4/25 loss: 4.7888 acc: 0.4111 time 1.31s
Epoch: 138/150 Iter: 5/25 loss: 4.7975 acc: 0.4537 time 2.66s
Epoch: 138/150 Iter: 6/25 loss: 4.8046 acc: 0.4603 time 1.33s
Epoch: 138/150 Iter: 7/25 loss: 4.8032 acc: 0.4444 time 1.28s
Epoch: 138/150 Iter: 8/25 loss: 4.8803 acc: 0.4136 time 1.34s
Epoch: 138/150 Iter: 9/25 loss: 4.8624 acc: 0.4389 time 1.42s
Epoch: 138/150 Iter: 10/25 loss: 4.8605 acc: 0.4293 time 1.36s
Epoch: 138/150 Iter: 11/25 loss: 4.8423 acc: 0.4630 time 1.42s
Epoch: 138/150 Iter: 12/25 loss: 4.8320 acc: 0.4338 time 2.60s
Epoch: 138/150 Iter: 13/25 loss: 4.8208 acc: 0.4266 time 1.25s
Epoch: 138/150 Iter: 14/25 loss: 4.8159 acc: 0.4426 time 1.27s
Epoch: 138/150 Iter: 15/25 loss: 4.8351 acc: 0.4149 time 1.28s
Epoch: 138/150 Iter: 16/25 loss: 4.8338 acc: 0.4199 time 2.70s
Epoch: 138/150 Iter: 17/25 loss: 4.8354 acc: 0.3966 time 1.36s
Epoch: 138/150 Iter: 18/25 loss: 4.8301 acc: 0.3933 time 1.38s
Epoch: 138/150 Iter: 19/25 loss: 4.8284 acc: 0.3986 time 1.27s
Epoch: 138/150 Iter: 20/25 loss: 4.8319 acc: 0.3955 time 2.62s
Epoch: 138/150 Iter: 21/25 loss: 4.8334 acc: 0.3876 time 1.28s
Epoch: 138/150 Iter: 22/25 loss: 4.8359 acc: 0.3853 time 2.64s
Epoch: 138/150 Iter: 23/25 loss: 4.8530 acc: 0.3762 time 1.29s
Epoch: 138/150 Iter: 24/25 loss: 4.8461 acc: 0.4011 time 1.30s
[Train epoch 138] avg_loss=4.8461 avg_acc=0.4011 | per-class [c0: 0.118, c1: 0.515, c2: 0.758]
Final training 138/149, loss: 4.8461, time 44.88s, lr: 0.000005
Accuracy: 0.460
class                  precision    recall   specificity      f1   support
--------------------------------------------------------------------------
0                          0.571     0.118         0.955   0.195        34
1                          0.500     0.515         0.746   0.507        33
2                          0.424     0.758         0.493   0.543        33
*----------------------------------------*
0 Mon Nov  3 11:48:33 2025 Epoch: 139
Epoch: 139/150 Iter: 0/25 loss: 4.4965 acc: 1.0000 time 3.58s
Epoch: 139/150 Iter: 1/25 loss: 4.7176 acc: 0.6250 time 1.52s
Epoch: 139/150 Iter: 2/25 loss: 4.7264 acc: 0.6389 time 1.59s
Epoch: 139/150 Iter: 3/25 loss: 4.7408 acc: 0.5625 time 1.32s
Epoch: 139/150 Iter: 4/25 loss: 4.7879 acc: 0.4944 time 1.54s
Epoch: 139/150 Iter: 5/25 loss: 4.7826 acc: 0.4491 time 1.33s
Epoch: 139/150 Iter: 6/25 loss: 4.7644 acc: 0.5040 time 1.32s
Epoch: 139/150 Iter: 7/25 loss: 4.7498 acc: 0.4688 time 1.36s
Epoch: 139/150 Iter: 8/25 loss: 4.7485 acc: 0.4537 time 1.35s
Epoch: 139/150 Iter: 9/25 loss: 4.7460 acc: 0.4417 time 2.59s
Epoch: 139/150 Iter: 10/25 loss: 4.7507 acc: 0.4318 time 2.75s
Epoch: 139/150 Iter: 11/25 loss: 4.7590 acc: 0.4375 time 1.27s
Epoch: 139/150 Iter: 12/25 loss: 4.7696 acc: 0.4295 time 1.36s
Epoch: 139/150 Iter: 13/25 loss: 4.7710 acc: 0.4226 time 1.28s
Epoch: 139/150 Iter: 14/25 loss: 4.7901 acc: 0.3944 time 1.24s
Epoch: 139/150 Iter: 15/25 loss: 4.8039 acc: 0.3906 time 1.25s
Epoch: 139/150 Iter: 16/25 loss: 4.8152 acc: 0.3775 time 1.28s
Epoch: 139/150 Iter: 17/25 loss: 4.8128 acc: 0.3657 time 1.29s
Epoch: 139/150 Iter: 18/25 loss: 4.8164 acc: 0.3640 time 1.34s
Epoch: 139/150 Iter: 19/25 loss: 4.8117 acc: 0.3646 time 1.24s
Epoch: 139/150 Iter: 20/25 loss: 4.8134 acc: 0.3631 time 2.69s
Epoch: 139/150 Iter: 21/25 loss: 4.8071 acc: 0.3617 time 2.57s
Epoch: 139/150 Iter: 22/25 loss: 4.7987 acc: 0.3557 time 1.28s
Epoch: 139/150 Iter: 23/25 loss: 4.7926 acc: 0.3686 time 1.26s
Epoch: 139/150 Iter: 24/25 loss: 4.7974 acc: 0.3639 time 2.60s
[Train epoch 139] avg_loss=4.7974 avg_acc=0.3639 | per-class [c0: 0.059, c1: 0.559, c2: 0.594]
Final training 139/149, loss: 4.7974, time 42.24s, lr: 0.000004
Accuracy: 0.400
class                  precision    recall   specificity      f1   support
--------------------------------------------------------------------------
0                          0.667     0.059         0.985   0.108        34
1                          0.452     0.559         0.652   0.500        34
2                          0.345     0.594         0.471   0.437        32
*----------------------------------------*
Val 139/150 0/27, Acc: 0.0000, time 0.34s
Val 139/150 1/27, Acc: 0.0000, time 0.35s
Val 139/150 2/27, Acc: 0.0000, time 0.33s
Val 139/150 3/27, Acc: 0.0000, time 0.33s
Val 139/150 4/27, Acc: 0.0000, time 0.37s
Val 139/150 5/27, Acc: 0.1667, time 0.34s
Val 139/150 6/27, Acc: 0.1429, time 0.42s
Val 139/150 7/27, Acc: 0.2500, time 0.34s
Val 139/150 8/27, Acc: 0.2222, time 0.34s
Val 139/150 9/27, Acc: 0.3000, time 0.33s
Val 139/150 10/27, Acc: 0.2727, time 0.33s
Val 139/150 11/27, Acc: 0.2500, time 0.38s
Val 139/150 12/27, Acc: 0.3077, time 0.33s
Val 139/150 13/27, Acc: 0.3571, time 0.33s
Val 139/150 14/27, Acc: 0.3333, time 0.33s
Val 139/150 15/27, Acc: 0.3125, time 0.34s
Val 139/150 16/27, Acc: 0.2941, time 0.33s
Val 139/150 17/27, Acc: 0.2778, time 0.39s
Val 139/150 18/27, Acc: 0.3158, time 0.33s
Val 139/150 19/27, Acc: 0.3500, time 0.33s
Val 139/150 20/27, Acc: 0.3333, time 0.33s
Val 139/150 21/27, Acc: 0.3636, time 0.34s
Val 139/150 22/27, Acc: 0.3478, time 0.40s
Val 139/150 23/27, Acc: 0.3333, time 0.37s
Val 139/150 24/27, Acc: 0.3200, time 0.34s
Val 139/150 25/27, Acc: 0.3462, time 0.33s
Val 139/150 26/27, Acc: 0.3333, time 0.32s
[Val epoch 139] avg_acc=0.3333 | per-class [c0: 0.000, c1: 0.000, c2: 1.000]
Final validation 139/149, Val_acc: 0.3333, time 9.33sAccuracy: 0.333
class                  precision    recall   specificity      f1   support
--------------------------------------------------------------------------
0                          0.000     0.000         1.000   0.000         9
1                          0.000     0.000         0.778   0.000         9
2                          0.391     1.000         0.222   0.562         9
*========================================*
Saving checkpoint outputs/OrganoidsINRIA/resnet50/2025-11-03-10-04/model_final.pt
0 Mon Nov  3 11:49:27 2025 Epoch: 140
Epoch: 140/150 Iter: 0/25 loss: 4.8260 acc: 0.3333 time 3.82s
Epoch: 140/150 Iter: 1/25 loss: 4.8545 acc: 0.2222 time 1.33s
Epoch: 140/150 Iter: 2/25 loss: 4.8951 acc: 0.1481 time 1.58s
Epoch: 140/150 Iter: 3/25 loss: 4.9949 acc: 0.1111 time 1.32s
Epoch: 140/150 Iter: 4/25 loss: 4.9508 acc: 0.2222 time 1.31s
Epoch: 140/150 Iter: 5/25 loss: 4.9212 acc: 0.2407 time 1.29s
Epoch: 140/150 Iter: 6/25 loss: 4.9005 acc: 0.2540 time 2.62s
Epoch: 140/150 Iter: 7/25 loss: 4.9042 acc: 0.2431 time 1.37s
Epoch: 140/150 Iter: 8/25 loss: 4.9243 acc: 0.2346 time 1.29s
Epoch: 140/150 Iter: 9/25 loss: 4.9037 acc: 0.2194 time 1.27s
Epoch: 140/150 Iter: 10/25 loss: 4.9122 acc: 0.1995 time 1.34s
Epoch: 140/150 Iter: 11/25 loss: 4.8914 acc: 0.2523 time 1.31s
Epoch: 140/150 Iter: 12/25 loss: 4.8790 acc: 0.2714 time 1.27s
Epoch: 140/150 Iter: 13/25 loss: 4.8730 acc: 0.2877 time 1.32s
Epoch: 140/150 Iter: 14/25 loss: 4.8837 acc: 0.2796 time 1.27s
Epoch: 140/150 Iter: 15/25 loss: 4.8711 acc: 0.2830 time 1.27s
Epoch: 140/150 Iter: 16/25 loss: 4.8785 acc: 0.2761 time 2.60s
Epoch: 140/150 Iter: 17/25 loss: 4.8670 acc: 0.3071 time 1.27s
Epoch: 140/150 Iter: 18/25 loss: 4.8861 acc: 0.3041 time 1.27s
Epoch: 140/150 Iter: 19/25 loss: 4.8747 acc: 0.3139 time 1.29s
Epoch: 140/150 Iter: 20/25 loss: 4.8758 acc: 0.3042 time 1.26s
Epoch: 140/150 Iter: 21/25 loss: 4.8759 acc: 0.3056 time 1.27s
Epoch: 140/150 Iter: 22/25 loss: 4.8769 acc: 0.3068 time 1.27s
Epoch: 140/150 Iter: 23/25 loss: 4.8935 acc: 0.3009 time 1.28s
Epoch: 140/150 Iter: 24/25 loss: 4.9022 acc: 0.2889 time 1.28s
[Train epoch 140] avg_loss=4.9022 avg_acc=0.2889 | per-class [c0: 0.118, c1: 0.469, c2: 0.382]
Final training 140/149, loss: 4.9022, time 37.79s, lr: 0.000004
Accuracy: 0.320
class                  precision    recall   specificity      f1   support
--------------------------------------------------------------------------
0                          0.444     0.118         0.924   0.186        34
1                          0.357     0.469         0.603   0.405        32
2                          0.265     0.382         0.455   0.313        34
*----------------------------------------*
0 Mon Nov  3 11:50:06 2025 Epoch: 141
Epoch: 141/150 Iter: 0/25 loss: 4.7319 acc: 0.8333 time 2.85s
Epoch: 141/150 Iter: 1/25 loss: 4.8205 acc: 0.4167 time 2.73s
Epoch: 141/150 Iter: 2/25 loss: 4.7714 acc: 0.4444 time 1.31s
Epoch: 141/150 Iter: 3/25 loss: 4.7610 acc: 0.4722 time 2.60s
Epoch: 141/150 Iter: 4/25 loss: 4.8119 acc: 0.4444 time 1.26s
Epoch: 141/150 Iter: 5/25 loss: 4.8483 acc: 0.4120 time 2.65s
Epoch: 141/150 Iter: 6/25 loss: 4.8742 acc: 0.4008 time 2.63s
Epoch: 141/150 Iter: 7/25 loss: 4.8694 acc: 0.3715 time 1.30s
Epoch: 141/150 Iter: 8/25 loss: 4.8592 acc: 0.3858 time 1.30s
Epoch: 141/150 Iter: 9/25 loss: 4.8640 acc: 0.3694 time 1.29s
Epoch: 141/150 Iter: 10/25 loss: 4.9047 acc: 0.3359 time 1.28s
Epoch: 141/150 Iter: 11/25 loss: 4.8866 acc: 0.3634 time 1.24s
Epoch: 141/150 Iter: 12/25 loss: 4.8739 acc: 0.3739 time 1.27s
Epoch: 141/150 Iter: 13/25 loss: 4.8788 acc: 0.3710 time 1.25s
Epoch: 141/150 Iter: 14/25 loss: 4.8556 acc: 0.4130 time 1.28s
Epoch: 141/150 Iter: 15/25 loss: 4.8632 acc: 0.3872 time 1.27s
Epoch: 141/150 Iter: 16/25 loss: 4.8655 acc: 0.3742 time 1.32s
Epoch: 141/150 Iter: 17/25 loss: 4.8519 acc: 0.3812 time 1.27s
Epoch: 141/150 Iter: 18/25 loss: 4.8416 acc: 0.3874 time 1.27s
Epoch: 141/150 Iter: 19/25 loss: 4.8455 acc: 0.3736 time 1.25s
Epoch: 141/150 Iter: 20/25 loss: 4.8403 acc: 0.3717 time 1.35s
Epoch: 141/150 Iter: 21/25 loss: 4.8340 acc: 0.3927 time 1.35s
Epoch: 141/150 Iter: 22/25 loss: 4.8269 acc: 0.3901 time 1.30s
Epoch: 141/150 Iter: 23/25 loss: 4.8333 acc: 0.3738 time 1.30s
Epoch: 141/150 Iter: 24/25 loss: 4.8323 acc: 0.3656 time 1.31s
[Train epoch 141] avg_loss=4.8323 avg_acc=0.3656 | per-class [c0: 0.030, c1: 0.636, c2: 0.471]
Final training 141/149, loss: 4.8323, time 39.26s, lr: 0.000003
Accuracy: 0.380
class                  precision    recall   specificity      f1   support
--------------------------------------------------------------------------
0                          0.500     0.030         0.985   0.057        33
1                          0.412     0.636         0.552   0.500        33
2                          0.340     0.471         0.530   0.395        34
*----------------------------------------*
0 Mon Nov  3 11:50:45 2025 Epoch: 142
Epoch: 142/150 Iter: 0/25 loss: 4.9392 acc: 0.0000 time 3.64s
Epoch: 142/150 Iter: 1/25 loss: 4.8797 acc: 0.0833 time 1.36s
Epoch: 142/150 Iter: 2/25 loss: 4.8514 acc: 0.1667 time 1.31s
Epoch: 142/150 Iter: 3/25 loss: 4.8857 acc: 0.1528 time 1.32s
Epoch: 142/150 Iter: 4/25 loss: 4.9169 acc: 0.1222 time 1.34s
Epoch: 142/150 Iter: 5/25 loss: 4.9053 acc: 0.1574 time 1.32s
Epoch: 142/150 Iter: 6/25 loss: 4.8546 acc: 0.2063 time 1.36s
Epoch: 142/150 Iter: 7/25 loss: 4.8460 acc: 0.2431 time 2.68s
Epoch: 142/150 Iter: 8/25 loss: 4.8487 acc: 0.2901 time 2.64s
Epoch: 142/150 Iter: 9/25 loss: 4.8325 acc: 0.2778 time 1.33s
Epoch: 142/150 Iter: 10/25 loss: 4.8375 acc: 0.2828 time 1.28s
Epoch: 142/150 Iter: 11/25 loss: 4.8514 acc: 0.2870 time 1.43s
Epoch: 142/150 Iter: 12/25 loss: 4.8573 acc: 0.2906 time 1.27s
Epoch: 142/150 Iter: 13/25 loss: 4.8573 acc: 0.2817 time 1.28s
Epoch: 142/150 Iter: 14/25 loss: 4.8517 acc: 0.2852 time 1.27s
Epoch: 142/150 Iter: 15/25 loss: 4.8369 acc: 0.3090 time 1.37s
Epoch: 142/150 Iter: 16/25 loss: 4.8406 acc: 0.3203 time 2.60s
Epoch: 142/150 Iter: 17/25 loss: 4.8511 acc: 0.3302 time 1.29s
Epoch: 142/150 Iter: 18/25 loss: 4.8497 acc: 0.3392 time 1.29s
Epoch: 142/150 Iter: 19/25 loss: 4.8456 acc: 0.3597 time 1.34s
Epoch: 142/150 Iter: 20/25 loss: 4.8478 acc: 0.3505 time 2.60s
Epoch: 142/150 Iter: 21/25 loss: 4.8585 acc: 0.3346 time 1.29s
Epoch: 142/150 Iter: 22/25 loss: 4.8600 acc: 0.3200 time 1.28s
Epoch: 142/150 Iter: 23/25 loss: 4.8741 acc: 0.3067 time 1.40s
Epoch: 142/150 Iter: 24/25 loss: 4.8855 acc: 0.3044 time 1.41s
[Train epoch 142] avg_loss=4.8855 avg_acc=0.3044 | per-class [c0: 0.121, c1: 0.294, c2: 0.485]
Final training 142/149, loss: 4.8855, time 40.78s, lr: 0.000002
Accuracy: 0.300
class                  precision    recall   specificity      f1   support
--------------------------------------------------------------------------
0                          0.364     0.121         0.896   0.182        33
1                          0.278     0.294         0.606   0.286        34
2                          0.302     0.485         0.448   0.372        33
*----------------------------------------*
0 Mon Nov  3 11:51:26 2025 Epoch: 143
Epoch: 143/150 Iter: 0/25 loss: 4.8399 acc: 0.3333 time 2.95s
Epoch: 143/150 Iter: 1/25 loss: 4.7696 acc: 0.4167 time 1.34s
Epoch: 143/150 Iter: 2/25 loss: 5.0254 acc: 0.2778 time 2.75s
Epoch: 143/150 Iter: 3/25 loss: 4.9625 acc: 0.3333 time 2.63s
Epoch: 143/150 Iter: 4/25 loss: 4.9587 acc: 0.3333 time 1.30s
Epoch: 143/150 Iter: 5/25 loss: 4.9386 acc: 0.3611 time 1.30s
Epoch: 143/150 Iter: 6/25 loss: 4.9327 acc: 0.3333 time 2.60s
Epoch: 143/150 Iter: 7/25 loss: 4.9001 acc: 0.3750 time 2.71s
Epoch: 143/150 Iter: 8/25 loss: 4.9095 acc: 0.3457 time 1.30s
Epoch: 143/150 Iter: 9/25 loss: 4.9065 acc: 0.3778 time 1.27s
Epoch: 143/150 Iter: 10/25 loss: 4.9422 acc: 0.3586 time 1.29s
Epoch: 143/150 Iter: 11/25 loss: 4.9067 acc: 0.4120 time 1.27s
Epoch: 143/150 Iter: 12/25 loss: 4.9049 acc: 0.3803 time 2.69s
Epoch: 143/150 Iter: 13/25 loss: 4.8997 acc: 0.3770 time 1.28s
Epoch: 143/150 Iter: 14/25 loss: 4.9081 acc: 0.3630 time 1.37s
Epoch: 143/150 Iter: 15/25 loss: 4.9024 acc: 0.3611 time 2.61s
Epoch: 143/150 Iter: 16/25 loss: 4.9191 acc: 0.3529 time 1.25s
Epoch: 143/150 Iter: 17/25 loss: 4.9168 acc: 0.3519 time 1.29s
Epoch: 143/150 Iter: 18/25 loss: 4.9188 acc: 0.3333 time 1.36s
Epoch: 143/150 Iter: 19/25 loss: 4.9030 acc: 0.3667 time 2.63s
Epoch: 143/150 Iter: 20/25 loss: 4.8870 acc: 0.3889 time 1.28s
Epoch: 143/150 Iter: 21/25 loss: 4.8830 acc: 0.4091 time 1.24s
Epoch: 143/150 Iter: 22/25 loss: 4.8812 acc: 0.4058 time 1.29s
Epoch: 143/150 Iter: 23/25 loss: 4.8753 acc: 0.3958 time 1.28s
Epoch: 143/150 Iter: 24/25 loss: 4.8701 acc: 0.4000 time 1.34s
[Train epoch 143] avg_loss=4.8701 avg_acc=0.4000 | per-class [c0: 0.029, c1: 0.562, c2: 0.647]
Final training 143/149, loss: 4.8701, time 43.67s, lr: 0.000002
Accuracy: 0.410
class                  precision    recall   specificity      f1   support
--------------------------------------------------------------------------
0                          0.200     0.029         0.939   0.051        34
1                          0.474     0.562         0.706   0.514        32
2                          0.386     0.647         0.470   0.484        34
*----------------------------------------*
Val 143/150 0/27, Acc: 0.0000, time 0.34s
Val 143/150 1/27, Acc: 0.0000, time 0.35s
Val 143/150 2/27, Acc: 0.0000, time 0.33s
Val 143/150 3/27, Acc: 0.0000, time 0.33s
Val 143/150 4/27, Acc: 0.0000, time 0.37s
Val 143/150 5/27, Acc: 0.0000, time 0.34s
Val 143/150 6/27, Acc: 0.0000, time 0.42s
Val 143/150 7/27, Acc: 0.1250, time 0.35s
Val 143/150 8/27, Acc: 0.1111, time 0.34s
Val 143/150 9/27, Acc: 0.1000, time 0.33s
Val 143/150 10/27, Acc: 0.1818, time 0.34s
Val 143/150 11/27, Acc: 0.2500, time 0.38s
Val 143/150 12/27, Acc: 0.3077, time 0.33s
Val 143/150 13/27, Acc: 0.2857, time 0.33s
Val 143/150 14/27, Acc: 0.3333, time 0.33s
Val 143/150 15/27, Acc: 0.3125, time 0.34s
Val 143/150 16/27, Acc: 0.2941, time 0.33s
Val 143/150 17/27, Acc: 0.2778, time 0.39s
Val 143/150 18/27, Acc: 0.3158, time 0.33s
Val 143/150 19/27, Acc: 0.3500, time 0.33s
Val 143/150 20/27, Acc: 0.3333, time 0.33s
Val 143/150 21/27, Acc: 0.3182, time 0.34s
Val 143/150 22/27, Acc: 0.3043, time 0.40s
Val 143/150 23/27, Acc: 0.2917, time 0.37s
Val 143/150 24/27, Acc: 0.2800, time 0.34s
Val 143/150 25/27, Acc: 0.3077, time 0.34s
Val 143/150 26/27, Acc: 0.2963, time 0.32s
[Val epoch 143] avg_acc=0.2963 | per-class [c0: 0.333, c1: 0.000, c2: 0.556]
Final validation 143/149, Val_acc: 0.2963, time 9.35sAccuracy: 0.296
class                  precision    recall   specificity      f1   support
--------------------------------------------------------------------------
0                          0.250     0.333         0.500   0.286         9
1                          0.000     0.000         0.722   0.000         9
2                          0.500     0.556         0.722   0.526         9
*========================================*
Saving checkpoint outputs/OrganoidsINRIA/resnet50/2025-11-03-10-04/model_final.pt
0 Mon Nov  3 11:52:21 2025 Epoch: 144
Epoch: 144/150 Iter: 0/25 loss: 4.9024 acc: 0.3333 time 3.93s
Epoch: 144/150 Iter: 1/25 loss: 4.7834 acc: 0.6667 time 1.36s
Epoch: 144/150 Iter: 2/25 loss: 4.8654 acc: 0.4444 time 1.32s
Epoch: 144/150 Iter: 3/25 loss: 4.7760 acc: 0.5000 time 1.51s
Epoch: 144/150 Iter: 4/25 loss: 4.7810 acc: 0.5000 time 1.26s
Epoch: 144/150 Iter: 5/25 loss: 4.7911 acc: 0.4722 time 1.28s
Epoch: 144/150 Iter: 6/25 loss: 4.7528 acc: 0.4841 time 1.31s
Epoch: 144/150 Iter: 7/25 loss: 4.7740 acc: 0.4861 time 2.64s
Epoch: 144/150 Iter: 8/25 loss: 4.8357 acc: 0.4321 time 2.64s
Epoch: 144/150 Iter: 9/25 loss: 4.8447 acc: 0.4556 time 1.27s
Epoch: 144/150 Iter: 10/25 loss: 4.8278 acc: 0.4343 time 1.35s
Epoch: 144/150 Iter: 11/25 loss: 4.8240 acc: 0.4537 time 1.29s
Epoch: 144/150 Iter: 12/25 loss: 4.8214 acc: 0.4530 time 2.61s
Epoch: 144/150 Iter: 13/25 loss: 4.8215 acc: 0.4325 time 2.59s
Epoch: 144/150 Iter: 14/25 loss: 4.8191 acc: 0.4370 time 1.38s
Epoch: 144/150 Iter: 15/25 loss: 4.8228 acc: 0.4306 time 1.28s
Epoch: 144/150 Iter: 16/25 loss: 4.8184 acc: 0.4118 time 1.27s
Epoch: 144/150 Iter: 17/25 loss: 4.8127 acc: 0.4167 time 1.44s
Epoch: 144/150 Iter: 18/25 loss: 4.8115 acc: 0.4181 time 1.27s
Epoch: 144/150 Iter: 19/25 loss: 4.8121 acc: 0.4250 time 1.25s
Epoch: 144/150 Iter: 20/25 loss: 4.8143 acc: 0.4048 time 1.25s
Epoch: 144/150 Iter: 21/25 loss: 4.8156 acc: 0.3939 time 1.43s
Epoch: 144/150 Iter: 22/25 loss: 4.8154 acc: 0.3913 time 2.63s
Epoch: 144/150 Iter: 23/25 loss: 4.8115 acc: 0.4028 time 1.31s
Epoch: 144/150 Iter: 24/25 loss: 4.8158 acc: 0.4067 time 1.31s
[Train epoch 144] avg_loss=4.8158 avg_acc=0.4067 | per-class [c0: 0.182, c1: 0.618, c2: 0.545]
Final training 144/149, loss: 4.8158, time 42.21s, lr: 0.000001
Accuracy: 0.450
class                  precision    recall   specificity      f1   support
--------------------------------------------------------------------------
0                          0.600     0.182         0.940   0.279        33
1                          0.500     0.618         0.682   0.553        34
2                          0.375     0.545         0.552   0.444        33
*----------------------------------------*
0 Mon Nov  3 11:53:03 2025 Epoch: 145
Epoch: 145/150 Iter: 0/25 loss: 4.9938 acc: 0.3333 time 5.02s
Epoch: 145/150 Iter: 1/25 loss: 4.8586 acc: 0.5000 time 1.28s
Epoch: 145/150 Iter: 2/25 loss: 4.8057 acc: 0.5000 time 2.65s
Epoch: 145/150 Iter: 3/25 loss: 4.8226 acc: 0.4167 time 1.34s
Epoch: 145/150 Iter: 4/25 loss: 4.8606 acc: 0.3667 time 1.32s
Epoch: 145/150 Iter: 5/25 loss: 4.8347 acc: 0.4167 time 2.86s
Epoch: 145/150 Iter: 6/25 loss: 4.8409 acc: 0.4048 time 1.37s
Epoch: 145/150 Iter: 7/25 loss: 4.8435 acc: 0.4583 time 2.83s
Epoch: 145/150 Iter: 8/25 loss: 4.8430 acc: 0.4444 time 2.64s
Epoch: 145/150 Iter: 9/25 loss: 4.8698 acc: 0.4000 time 1.29s
Epoch: 145/150 Iter: 10/25 loss: 4.8586 acc: 0.3939 time 1.31s
Epoch: 145/150 Iter: 11/25 loss: 4.8460 acc: 0.4028 time 1.27s
Epoch: 145/150 Iter: 12/25 loss: 4.8487 acc: 0.4103 time 1.25s
Epoch: 145/150 Iter: 13/25 loss: 4.8460 acc: 0.4405 time 1.35s
Epoch: 145/150 Iter: 14/25 loss: 4.8425 acc: 0.4407 time 1.29s
Epoch: 145/150 Iter: 15/25 loss: 4.8453 acc: 0.4340 time 2.60s
Epoch: 145/150 Iter: 16/25 loss: 4.8333 acc: 0.4379 time 1.36s
Epoch: 145/150 Iter: 17/25 loss: 4.8210 acc: 0.4599 time 2.59s
Epoch: 145/150 Iter: 18/25 loss: 4.8274 acc: 0.4415 time 1.25s
Epoch: 145/150 Iter: 19/25 loss: 4.8328 acc: 0.4444 time 1.36s
Epoch: 145/150 Iter: 20/25 loss: 4.8271 acc: 0.4471 time 1.36s
Epoch: 145/150 Iter: 21/25 loss: 4.8241 acc: 0.4419 time 1.33s
Epoch: 145/150 Iter: 22/25 loss: 4.8221 acc: 0.4372 time 1.28s
Epoch: 145/150 Iter: 23/25 loss: 4.8298 acc: 0.4259 time 2.64s
Epoch: 145/150 Iter: 24/25 loss: 4.8320 acc: 0.4156 time 1.37s
[Train epoch 145] avg_loss=4.8320 avg_acc=0.4156 | per-class [c0: 0.152, c1: 0.545, c2: 0.588]
Final training 145/149, loss: 4.8320, time 46.24s, lr: 0.000001
Accuracy: 0.430
class                  precision    recall   specificity      f1   support
--------------------------------------------------------------------------
0                          0.556     0.152         0.940   0.238        33
1                          0.486     0.545         0.716   0.514        33
2                          0.370     0.588         0.485   0.455        34
*----------------------------------------*
0 Mon Nov  3 11:53:50 2025 Epoch: 146
Epoch: 146/150 Iter: 0/25 loss: 4.8702 acc: 0.3333 time 2.84s
Epoch: 146/150 Iter: 1/25 loss: 4.7532 acc: 0.5833 time 2.71s
Epoch: 146/150 Iter: 2/25 loss: 4.7997 acc: 0.4630 time 2.66s
Epoch: 146/150 Iter: 3/25 loss: 4.8076 acc: 0.5139 time 1.29s
Epoch: 146/150 Iter: 4/25 loss: 4.8232 acc: 0.4111 time 1.30s
Epoch: 146/150 Iter: 5/25 loss: 4.8050 acc: 0.3981 time 1.48s
Epoch: 146/150 Iter: 6/25 loss: 4.8147 acc: 0.3651 time 1.49s
Epoch: 146/150 Iter: 7/25 loss: 4.8098 acc: 0.3611 time 2.72s
Epoch: 146/150 Iter: 8/25 loss: 4.8120 acc: 0.3333 time 1.46s
Epoch: 146/150 Iter: 9/25 loss: 4.8168 acc: 0.3333 time 1.28s
Epoch: 146/150 Iter: 10/25 loss: 4.8128 acc: 0.3333 time 2.63s
Epoch: 146/150 Iter: 11/25 loss: 4.8419 acc: 0.3056 time 1.25s
Epoch: 146/150 Iter: 12/25 loss: 4.8235 acc: 0.3333 time 1.25s
Epoch: 146/150 Iter: 13/25 loss: 4.8170 acc: 0.3452 time 1.35s
Epoch: 146/150 Iter: 14/25 loss: 4.8251 acc: 0.3296 time 1.29s
Epoch: 146/150 Iter: 15/25 loss: 4.8200 acc: 0.3229 time 2.69s
Epoch: 146/150 Iter: 16/25 loss: 4.8204 acc: 0.3170 time 1.28s
Epoch: 146/150 Iter: 17/25 loss: 4.8252 acc: 0.2994 time 2.60s
Epoch: 146/150 Iter: 18/25 loss: 4.8301 acc: 0.3187 time 1.28s
Epoch: 146/150 Iter: 19/25 loss: 4.8465 acc: 0.3028 time 1.27s
Epoch: 146/150 Iter: 20/25 loss: 4.8424 acc: 0.3122 time 2.59s
Epoch: 146/150 Iter: 21/25 loss: 4.8460 acc: 0.3030 time 1.26s
Epoch: 146/150 Iter: 22/25 loss: 4.8404 acc: 0.3116 time 1.36s
Epoch: 146/150 Iter: 23/25 loss: 4.8574 acc: 0.2986 time 1.27s
Epoch: 146/150 Iter: 24/25 loss: 4.8545 acc: 0.3000 time 1.27s
[Train epoch 146] avg_loss=4.8545 avg_acc=0.3000 | per-class [c0: 0.059, c1: 0.545, c2: 0.394]
Final training 146/149, loss: 4.8545, time 43.91s, lr: 0.000001
Accuracy: 0.330
class                  precision    recall   specificity      f1   support
--------------------------------------------------------------------------
0                          0.286     0.059         0.924   0.098        34
1                          0.391     0.545         0.582   0.456        33
2                          0.277     0.394         0.493   0.325        33
*----------------------------------------*
0 Mon Nov  3 11:54:33 2025 Epoch: 147
Epoch: 147/150 Iter: 0/25 loss: 4.6658 acc: 0.2222 time 3.61s
Epoch: 147/150 Iter: 1/25 loss: 4.7140 acc: 0.2778 time 2.71s
Epoch: 147/150 Iter: 2/25 loss: 4.7188 acc: 0.3519 time 2.77s
Epoch: 147/150 Iter: 3/25 loss: 4.7241 acc: 0.4514 time 1.36s
Epoch: 147/150 Iter: 4/25 loss: 4.7607 acc: 0.4278 time 1.31s
Epoch: 147/150 Iter: 5/25 loss: 4.7696 acc: 0.3935 time 2.77s
Epoch: 147/150 Iter: 6/25 loss: 4.7553 acc: 0.4563 time 1.31s
Epoch: 147/150 Iter: 7/25 loss: 4.7588 acc: 0.4549 time 2.70s
Epoch: 147/150 Iter: 8/25 loss: 4.7459 acc: 0.4599 time 2.78s
Epoch: 147/150 Iter: 9/25 loss: 4.7471 acc: 0.4806 time 2.76s
Epoch: 147/150 Iter: 10/25 loss: 4.7551 acc: 0.4571 time 2.63s
Epoch: 147/150 Iter: 11/25 loss: 4.7620 acc: 0.4329 time 1.26s
Epoch: 147/150 Iter: 12/25 loss: 4.7670 acc: 0.4509 time 1.29s
Epoch: 147/150 Iter: 13/25 loss: 4.7813 acc: 0.4266 time 1.27s
Epoch: 147/150 Iter: 14/25 loss: 4.7672 acc: 0.4315 time 1.29s
Epoch: 147/150 Iter: 15/25 loss: 4.7806 acc: 0.4149 time 2.59s
Epoch: 147/150 Iter: 16/25 loss: 4.7853 acc: 0.4199 time 1.25s
Epoch: 147/150 Iter: 17/25 loss: 4.7785 acc: 0.4213 time 1.27s
Epoch: 147/150 Iter: 18/25 loss: 4.7788 acc: 0.4167 time 1.27s
Epoch: 147/150 Iter: 19/25 loss: 4.7762 acc: 0.4292 time 1.27s
Epoch: 147/150 Iter: 20/25 loss: 4.7849 acc: 0.4167 time 1.27s
Epoch: 147/150 Iter: 21/25 loss: 4.7885 acc: 0.4205 time 1.37s
Epoch: 147/150 Iter: 22/25 loss: 4.7895 acc: 0.4022 time 2.60s
Epoch: 147/150 Iter: 23/25 loss: 4.7927 acc: 0.3924 time 1.28s
Epoch: 147/150 Iter: 24/25 loss: 4.8020 acc: 0.3811 time 1.29s
[Train epoch 147] avg_loss=4.8020 avg_acc=0.3811 | per-class [c0: 0.118, c1: 0.469, c2: 0.676]
Final training 147/149, loss: 4.8020, time 47.31s, lr: 0.000000
Accuracy: 0.420
class                  precision    recall   specificity      f1   support
--------------------------------------------------------------------------
0                          0.444     0.118         0.924   0.186        34
1                          0.429     0.469         0.706   0.448        32
2                          0.411     0.676         0.500   0.511        34
*----------------------------------------*
Val 147/150 0/27, Acc: 0.0000, time 0.34s
Val 147/150 1/27, Acc: 0.5000, time 0.35s
Val 147/150 2/27, Acc: 0.3333, time 0.33s
Val 147/150 3/27, Acc: 0.2500, time 0.33s
Val 147/150 4/27, Acc: 0.2000, time 0.37s
Val 147/150 5/27, Acc: 0.1667, time 0.34s
Val 147/150 6/27, Acc: 0.1429, time 0.43s
Val 147/150 7/27, Acc: 0.2500, time 0.34s
Val 147/150 8/27, Acc: 0.2222, time 0.34s
Val 147/150 9/27, Acc: 0.3000, time 0.33s
Val 147/150 10/27, Acc: 0.3636, time 0.34s
Val 147/150 11/27, Acc: 0.4167, time 0.38s
Val 147/150 12/27, Acc: 0.4615, time 0.33s
Val 147/150 13/27, Acc: 0.4286, time 0.33s
Val 147/150 14/27, Acc: 0.4667, time 0.34s
Val 147/150 15/27, Acc: 0.4375, time 0.34s
Val 147/150 16/27, Acc: 0.4118, time 0.33s
Val 147/150 17/27, Acc: 0.3889, time 0.39s
Val 147/150 18/27, Acc: 0.3684, time 0.33s
Val 147/150 19/27, Acc: 0.4000, time 0.33s
Val 147/150 20/27, Acc: 0.3810, time 0.33s
Val 147/150 21/27, Acc: 0.3636, time 0.34s
Val 147/150 22/27, Acc: 0.3478, time 0.40s
Val 147/150 23/27, Acc: 0.3750, time 0.37s
Val 147/150 24/27, Acc: 0.3600, time 0.34s
Val 147/150 25/27, Acc: 0.3462, time 0.34s
Val 147/150 26/27, Acc: 0.3333, time 0.32s
[Val epoch 147] avg_acc=0.3333 | per-class [c0: 0.556, c1: 0.000, c2: 0.444]
Final validation 147/149, Val_acc: 0.3333, time 9.38sAccuracy: 0.333
class                  precision    recall   specificity      f1   support
--------------------------------------------------------------------------
0                          0.294     0.556         0.333   0.385         9
1                          0.000     0.000         0.778   0.000         9
2                          0.667     0.444         0.889   0.533         9
*========================================*
Saving checkpoint outputs/OrganoidsINRIA/resnet50/2025-11-03-10-04/model_final.pt
0 Mon Nov  3 11:55:32 2025 Epoch: 148
Epoch: 148/150 Iter: 0/25 loss: 4.8078 acc: 0.7500 time 3.35s
Epoch: 148/150 Iter: 1/25 loss: 4.8539 acc: 0.5417 time 1.58s
Epoch: 148/150 Iter: 2/25 loss: 4.8313 acc: 0.5278 time 1.30s
Epoch: 148/150 Iter: 3/25 loss: 4.8514 acc: 0.5208 time 1.26s
Epoch: 148/150 Iter: 4/25 loss: 4.8128 acc: 0.5167 time 1.29s
Epoch: 148/150 Iter: 5/25 loss: 4.8101 acc: 0.5694 time 1.33s
Epoch: 148/150 Iter: 6/25 loss: 4.7977 acc: 0.5833 time 1.31s
Epoch: 148/150 Iter: 7/25 loss: 4.8088 acc: 0.5243 time 1.34s
Epoch: 148/150 Iter: 8/25 loss: 4.8572 acc: 0.4660 time 2.67s
Epoch: 148/150 Iter: 9/25 loss: 4.8545 acc: 0.4528 time 1.28s
Epoch: 148/150 Iter: 10/25 loss: 4.8703 acc: 0.4116 time 1.27s
Epoch: 148/150 Iter: 11/25 loss: 4.8463 acc: 0.4190 time 1.27s
Epoch: 148/150 Iter: 12/25 loss: 4.8623 acc: 0.3996 time 1.27s
Epoch: 148/150 Iter: 13/25 loss: 4.8574 acc: 0.3948 time 2.61s
Epoch: 148/150 Iter: 14/25 loss: 4.8599 acc: 0.4130 time 1.25s
Epoch: 148/150 Iter: 15/25 loss: 4.8689 acc: 0.3872 time 1.25s
Epoch: 148/150 Iter: 16/25 loss: 4.8530 acc: 0.4232 time 1.29s
Epoch: 148/150 Iter: 17/25 loss: 4.8582 acc: 0.4136 time 1.27s
Epoch: 148/150 Iter: 18/25 loss: 4.8463 acc: 0.4152 time 1.28s
Epoch: 148/150 Iter: 19/25 loss: 4.8485 acc: 0.4028 time 2.61s
Epoch: 148/150 Iter: 20/25 loss: 4.8614 acc: 0.3836 time 2.61s
Epoch: 148/150 Iter: 21/25 loss: 4.8442 acc: 0.3889 time 1.27s
Epoch: 148/150 Iter: 22/25 loss: 4.8382 acc: 0.3865 time 1.30s
Epoch: 148/150 Iter: 23/25 loss: 4.8437 acc: 0.3704 time 1.27s
Epoch: 148/150 Iter: 24/25 loss: 4.8356 acc: 0.3689 time 1.37s
[Train epoch 148] avg_loss=4.8356 avg_acc=0.3689 | per-class [c0: 0.147, c1: 0.471, c2: 0.562]
Final training 148/149, loss: 4.8356, time 39.94s, lr: 0.000000
Accuracy: 0.390
class                  precision    recall   specificity      f1   support
--------------------------------------------------------------------------
0                          0.455     0.147         0.909   0.222        34
1                          0.400     0.471         0.636   0.432        34
2                          0.367     0.562         0.544   0.444        32
*----------------------------------------*
0 Mon Nov  3 11:56:12 2025 Epoch: 149
Epoch: 149/150 Iter: 0/25 loss: 4.7141 acc: 0.6667 sim_loss: 0.0000 time 4.51s
Epoch: 149/150 Iter: 1/25 loss: 4.7220 acc: 0.5000 time 2.76s
Epoch: 149/150 Iter: 2/25 loss: 4.6795 acc: 0.4074 time 1.29s
Epoch: 149/150 Iter: 3/25 loss: 4.7075 acc: 0.3889 time 1.32s
Epoch: 149/150 Iter: 4/25 loss: 4.7419 acc: 0.3611 time 1.30s
Epoch: 149/150 Iter: 5/25 loss: 4.7658 acc: 0.3935 time 1.30s
Epoch: 149/150 Iter: 6/25 loss: 4.7752 acc: 0.4008 time 1.33s
Epoch: 149/150 Iter: 7/25 loss: 4.7732 acc: 0.4340 time 1.31s
Epoch: 149/150 Iter: 8/25 loss: 4.7613 acc: 0.4105 time 2.59s
Epoch: 149/150 Iter: 9/25 loss: 4.8012 acc: 0.3861 time 1.28s
Epoch: 149/150 Iter: 10/25 loss: 4.7819 acc: 0.4268 time 2.59s
Epoch: 149/150 Iter: 11/25 loss: 4.7902 acc: 0.4190 time 1.28s
Epoch: 149/150 Iter: 12/25 loss: 4.8054 acc: 0.4124 time 1.35s
Epoch: 149/150 Iter: 13/25 loss: 4.8077 acc: 0.3829 time 1.27s
Epoch: 149/150 Iter: 14/25 loss: 4.8136 acc: 0.3907 time 2.61s
Epoch: 149/150 Iter: 15/25 loss: 4.7872 acc: 0.4288 time 1.44s
Epoch: 149/150 Iter: 16/25 loss: 4.7957 acc: 0.4134 time 1.28s
Epoch: 149/150 Iter: 17/25 loss: 4.8115 acc: 0.3904 time 1.37s
Epoch: 149/150 Iter: 18/25 loss: 4.8219 acc: 0.3699 time 1.28s
Epoch: 149/150 Iter: 19/25 loss: 4.8127 acc: 0.3764 time 1.29s
Epoch: 149/150 Iter: 20/25 loss: 4.8176 acc: 0.3823 time 1.35s
Epoch: 149/150 Iter: 21/25 loss: 4.8193 acc: 0.3763 time 1.28s
Epoch: 149/150 Iter: 22/25 loss: 4.8233 acc: 0.3647 time 2.62s
Epoch: 149/150 Iter: 23/25 loss: 4.8210 acc: 0.3773 time 1.25s
Epoch: 149/150 Iter: 24/25 loss: 4.8254 acc: 0.3956 time 1.25s
[Train epoch 149] avg_loss=4.8254 avg_acc=0.3956 | per-class [c0: 0.091, c1: 0.529, c2: 0.606]
Final training 149/149, loss: 4.8254, time 42.56s, lr: 0.000000
Accuracy: 0.410
class                  precision    recall   specificity      f1   support
--------------------------------------------------------------------------
0                          0.375     0.091         0.925   0.146        33
1                          0.462     0.529         0.682   0.493        34
2                          0.377     0.606         0.507   0.465        33
*----------------------------------------*
Training Finished! Best Accuracy: 0.5185
Saving plots to: outputs/OrganoidsINRIA/resnet50/2025-11-03-10-04/plots
Total time spent: 01 hours 52 minutes 27 seconds
