2026-01-21 14:34:27,197 INFO Log directory: outputs/OrganoidsINRIA_Slice/densenet/2026-01-21-14-34
2026-01-21 14:34:27,199 INFO {'RandFlipd_prob': 0.2,
 'RandRotate90d_prob': 0.2,
 'RandScaleIntensityd_prob': 0.1,
 'RandShiftIntensityd_prob': 0.1,
 'amp': True,
 'augmentation': True,
 'batch_size': 2,
 'cache_dataset': False,
 'checkpoint_path': None,
 'data_dir': '/home/mraffael/martone_project/Organoids_Dataset_128/',
 'dataset_name': 'OrganoidsINRIA_Slice',
 'debug': False,
 'debug_train_samples': 40,
 'debug_val_samples': 10,
 'dist_backend': 'nccl',
 'dist_url': 'tcp://127.0.0.1:23456',
 'distributed': False,
 'dropout_path_rate': 0.0,
 'dropout_rate': 0.2,
 'early_stopping': True,
 'encoder10_pth': '',
 'exact_class': False,
 'feature_size': 48,
 'fold': 0,
 'folds': False,
 'gpu': 0,
 'ignore_label': 3,
 'in_channels': 1,
 'infer_overlap': 0.5,
 'k_folds': 5,
 'logdir': 'test',
 'logs_dir': 'logs/',
 'loss_name': 'CE',
 'lrschedule': 'warmup_cosine',
 'max_epochs': 300,
 'min_delta_loss': 0.001,
 'min_delta_val': 0.01,
 'model_name': 'densenet',
 'momentum': 0.99,
 'n_slices': 64,
 'noamp': False,
 'norm_name': 'instance',
 'oar_id': 2209888,
 'optim_lr': 0.01,
 'optim_name': 'adamw',
 'out_channels': 1,
 'output_dir': 'outputs/',
 'patch_merging': False,
 'patience_loss': 40,
 'patience_val': 40,
 'pretrained_dir': '',
 'pretrained_model_name': '',
 'rank': 0,
 'reg_weight': 5e-05,
 'restart_T0': 20,
 'resume_ckpt': False,
 'roi_x': 128,
 'roi_y': 128,
 'roi_z': 64,
 'save_checkpoint': True,
 'seed': 3,
 'similarity_loss': '',
 'similarity_loss_weight': 0.0,
 'slice_selection': True,
 'spatial_dims': 3,
 'split_method': 'stratified',
 'start_epoch': 0,
 'sw_batch_size': 8,
 'telegram_log': True,
 'test_mode': False,
 'token': './token/tlg_token.txt',
 'use_checkpoint': False,
 'val_every': 2,
 'warmup_epochs': 5,
 'workers': 8,
 'world_size': 1}
2026-01-21 14:34:27,199 INFO 
2026-01-21 14:34:27,203 INFO Saved configuration to: outputs/OrganoidsINRIA_Slice/densenet/2026-01-21-14-34/config.txt
2026-01-21 14:34:27,619 INFO Using GPU: 0
2026-01-21 14:34:27,619 INFO 
2026-01-21 14:34:27,619 INFO Model INFO:
2026-01-21 14:34:27,619 INFO Model architecture: densenet
2026-01-21 14:34:27,884 INFO Total trainable parameters: 25,336,579
2026-01-21 14:34:27,960 INFO 
2026-01-21 14:34:27,960 INFO Optimizer INFO:
2026-01-21 14:34:27,961 INFO Using optimizer: adamw with lr=0.01, weight_decay=5e-05
2026-01-21 14:34:27,962 INFO 
2026-01-21 14:34:27,962 INFO Dataset INFO:
2026-01-21 14:34:27,990 INFO Dataset length: 721
2026-01-21 14:34:27,990 INFO Class distribution in entire dataset:
2026-01-21 14:34:27,990 INFO   Class 0: 351
2026-01-21 14:34:27,990 INFO   Class 1: 38
2026-01-21 14:34:27,990 INFO   Class 2: 332
2026-01-21 14:34:27,990 INFO 
Using split method: stratified
2026-01-21 14:34:27,992 INFO 
Train set balance:
2026-01-21 14:34:27,992 INFO 
Val set balance:
2026-01-21 14:34:27,992 INFO Training set length: 577
2026-01-21 14:34:27,992 INFO Validation set length: 144
2026-01-21 14:34:27,992 INFO 
Using standard shuffle for training
2026-01-21 14:34:27,993 INFO Training loader: 288 batches
2026-01-21 14:34:27,993 INFO Validation loader: 72 batches
2026-01-21 14:34:27,993 INFO 
Class distribution in training set:
2026-01-21 14:34:27,993 INFO   Class 0: 281 (48.7%)
2026-01-21 14:34:27,993 INFO   Class 1: 30 (5.2%)
2026-01-21 14:34:27,993 INFO   Class 2: 266 (46.1%)
2026-01-21 14:34:27,993 INFO Class distribution in validation set:
2026-01-21 14:34:27,993 INFO   Class 0: 70 (48.6%)
2026-01-21 14:34:27,993 INFO   Class 1: 8 (5.6%)
2026-01-21 14:34:27,993 INFO   Class 2: 66 (45.8%)
2026-01-21 14:34:27,993 INFO **************************************************
2026-01-21 14:34:28,002 INFO Class weights: [ 6.845  64.111  7.231]
2026-01-21 14:34:28,002 INFO 
2026-01-21 14:34:28,002 INFO Test Dataset INFO:
2026-01-21 14:34:28,016 INFO Test Dataset length: 82
2026-01-21 14:34:28,016 INFO Class distribution in test dataset:
2026-01-21 14:34:28,016 INFO   Class 0: 40
2026-01-21 14:34:28,016 INFO   Class 1: 5
2026-01-21 14:34:28,016 INFO   Class 2: 37
2026-01-21 14:34:28,016 INFO Test loader: 41 batches
2026-01-21 14:34:28,016 INFO **************************************************
2026-01-21 14:34:28,016 INFO 
2026-01-21 14:34:28,016 INFO Using loss function: CE
2026-01-21 14:34:28,019 INFO **************************************************
2026-01-21 14:34:28,019 INFO Starting training...
2026-01-21 14:34:28,023 INFO 0 Wed Jan 21 14:34:28 2026 Epoch: 1
2026-01-21 14:35:12,373 INFO Final training 1/300, loss: 1.1164, time 44.35s, lr: 0.000000
Accuracy: 0.300
class                  precision    recall   specificity      f1   support
--------------------------------------------------------------------------
0                          0.461     0.270         0.698   0.341       281
1                          0.016     0.133         0.562   0.029        30
2                          0.554     0.351         0.759   0.430       265
*----------------------------------------*
2026-01-21 14:35:12,783 INFO 0 Wed Jan 21 14:35:12 2026 Epoch: 2
2026-01-21 14:35:40,998 INFO Final training 2/300, loss: 1.2307, time 28.22s, lr: 0.002500
Accuracy: 0.530
class                  precision    recall   specificity      f1   support
--------------------------------------------------------------------------
0                          0.597     0.561         0.642   0.578       280
1                          0.045     0.067         0.923   0.054        30
2                          0.543     0.549         0.603   0.546       266
*----------------------------------------*
2026-01-21 14:36:12,950 INFO Final validation 2/300, Val_acc: 0.5347, time 31.95sAccuracy: 0.597
class                  precision    recall   specificity      f1   support
--------------------------------------------------------------------------
0                          0.604     0.786         0.514   0.683        70
1                          0.333     0.500         0.941   0.400         8
2                          0.659     0.409         0.821   0.505        66
*========================================*
2026-01-21 14:36:12,950 INFO New best (0.000000 --> 0.534722)
2026-01-21 14:36:17,741 INFO Copying best model to best_model.pt
2026-01-21 14:36:20,581 INFO 0 Wed Jan 21 14:36:20 2026 Epoch: 3
2026-01-21 14:36:48,711 INFO Final training 3/300, loss: 0.9856, time 28.13s, lr: 0.005000
Accuracy: 0.582
class                  precision    recall   specificity      f1   support
--------------------------------------------------------------------------
0                          0.605     0.633         0.607   0.619       281
1                          0.000     0.000         0.969   0.000        30
2                          0.592     0.592         0.653   0.592       265
*----------------------------------------*
2026-01-21 14:36:48,711 INFO 0 Wed Jan 21 14:36:48 2026 Epoch: 4
2026-01-21 14:37:17,472 INFO Final training 4/300, loss: 0.9388, time 28.76s, lr: 0.007500
Accuracy: 0.578
class                  precision    recall   specificity      f1   support
--------------------------------------------------------------------------
0                          0.583     0.637         0.566   0.609       281
1                          0.000     0.000         0.996   0.000        29
2                          0.577     0.579         0.635   0.578       266
*----------------------------------------*
2026-01-21 14:37:49,687 INFO Final validation 4/300, Val_acc: 0.6898, time 32.21sAccuracy: 0.743
class                  precision    recall   specificity      f1   support
--------------------------------------------------------------------------
0                          0.852     0.657         0.892   0.742        70
1                          0.500     0.250         0.985   0.333         8
2                          0.686     0.894         0.654   0.776        66
*========================================*
2026-01-21 14:37:49,687 INFO New best (0.534722 --> 0.689815)
2026-01-21 14:37:54,579 INFO Copying best model to best_model.pt
2026-01-21 14:37:57,504 INFO 0 Wed Jan 21 14:37:57 2026 Epoch: 5
2026-01-21 14:38:26,041 INFO Final training 5/300, loss: 0.9520, time 28.54s, lr: 0.010000
Accuracy: 0.571
class                  precision    recall   specificity      f1   support
--------------------------------------------------------------------------
0                          0.597     0.626         0.597   0.611       281
1                          0.188     0.103         0.976   0.133        29
2                          0.566     0.564         0.629   0.565       266
*----------------------------------------*
2026-01-21 14:38:26,041 INFO 0 Wed Jan 21 14:38:26 2026 Epoch: 6
2026-01-21 14:38:54,355 INFO Final training 6/300, loss: 0.9421, time 28.31s, lr: 0.010000
Accuracy: 0.578
class                  precision    recall   specificity      f1   support
--------------------------------------------------------------------------
0                          0.616     0.623         0.631   0.619       281
1                          0.267     0.133         0.980   0.178        30
2                          0.556     0.581         0.605   0.568       265
*----------------------------------------*
2026-01-21 14:39:25,985 INFO Final validation 6/300, Val_acc: 0.7303, time 31.63sAccuracy: 0.778
class                  precision    recall   specificity      f1   support
--------------------------------------------------------------------------
0                          0.895     0.729         0.919   0.803        70
1                          0.000     0.000         1.000   0.000         8
2                          0.701     0.924         0.667   0.797        66
*========================================*
2026-01-21 14:39:25,986 INFO New best (0.689815 --> 0.730324)
2026-01-21 14:39:31,151 INFO Copying best model to best_model.pt
2026-01-21 14:39:34,084 INFO 0 Wed Jan 21 14:39:34 2026 Epoch: 7
2026-01-21 14:40:03,089 INFO Final training 7/300, loss: 0.9215, time 29.00s, lr: 0.010000
Accuracy: 0.594
class                  precision    recall   specificity      f1   support
--------------------------------------------------------------------------
0                          0.623     0.661         0.622   0.641       280
1                          0.105     0.067         0.969   0.082        30
2                          0.596     0.583         0.661   0.589       266
*----------------------------------------*
2026-01-21 14:40:03,090 INFO 0 Wed Jan 21 14:40:03 2026 Epoch: 8
2026-01-21 14:40:31,786 INFO Final training 8/300, loss: 0.9536, time 28.70s, lr: 0.009999
Accuracy: 0.611
class                  precision    recall   specificity      f1   support
--------------------------------------------------------------------------
0                          0.633     0.679         0.628   0.655       280
1                          0.000     0.000         0.987   0.000        30
2                          0.602     0.609         0.655   0.606       266
*----------------------------------------*
2026-01-21 14:41:04,120 INFO Final validation 8/300, Val_acc: 0.7245, time 32.33sAccuracy: 0.771
class                  precision    recall   specificity      f1   support
--------------------------------------------------------------------------
0                          0.926     0.714         0.946   0.806        70
1                          0.333     0.500         0.941   0.400         8
2                          0.731     0.864         0.731   0.792        66
*========================================*
2026-01-21 14:41:07,610 INFO 0 Wed Jan 21 14:41:07 2026 Epoch: 9
2026-01-21 14:41:36,487 INFO Final training 9/300, loss: 0.8611, time 28.88s, lr: 0.009997
Accuracy: 0.634
class                  precision    recall   specificity      f1   support
--------------------------------------------------------------------------
0                          0.655     0.686         0.659   0.670       280
1                          0.190     0.133         0.969   0.157        30
2                          0.645     0.635         0.700   0.640       266
*----------------------------------------*
2026-01-21 14:41:36,487 INFO 0 Wed Jan 21 14:41:36 2026 Epoch: 10
2026-01-21 14:42:05,407 INFO Final training 10/300, loss: 0.9624, time 28.92s, lr: 0.009995
Accuracy: 0.599
class                  precision    recall   specificity      f1   support
--------------------------------------------------------------------------
0                          0.632     0.643         0.645   0.637       280
1                          0.231     0.200         0.963   0.214        30
2                          0.600     0.598         0.658   0.599       266
*----------------------------------------*
2026-01-21 14:42:37,337 INFO Final validation 10/300, Val_acc: 0.7072, time 31.93sAccuracy: 0.764
class                  precision    recall   specificity      f1   support
--------------------------------------------------------------------------
0                          0.794     0.771         0.811   0.783        70
1                          0.571     0.500         0.978   0.533         8
2                          0.754     0.788         0.782   0.770        66
*========================================*
2026-01-21 14:42:40,951 INFO 0 Wed Jan 21 14:42:40 2026 Epoch: 11
2026-01-21 14:43:09,791 INFO Final training 11/300, loss: 0.8640, time 28.84s, lr: 0.009993
Accuracy: 0.592
class                  precision    recall   specificity      f1   support
--------------------------------------------------------------------------
0                          0.618     0.646         0.622   0.632       280
1                          0.238     0.167         0.971   0.196        30
2                          0.592     0.583         0.655   0.587       266
*----------------------------------------*
2026-01-21 14:43:10,156 INFO 0 Wed Jan 21 14:43:10 2026 Epoch: 12
2026-01-21 14:43:38,952 INFO Final training 12/300, loss: 0.8549, time 28.80s, lr: 0.009990
Accuracy: 0.627
class                  precision    recall   specificity      f1   support
--------------------------------------------------------------------------
0                          0.661     0.654         0.682   0.657       280
1                          0.310     0.300         0.963   0.305        30
2                          0.626     0.635         0.674   0.631       266
*----------------------------------------*
2026-01-21 14:44:13,201 INFO Final validation 12/300, Val_acc: 0.7118, time 34.25sAccuracy: 0.764
class                  precision    recall   specificity      f1   support
--------------------------------------------------------------------------
0                          0.831     0.771         0.851   0.800        70
1                          0.000     0.000         1.000   0.000         8
2                          0.709     0.848         0.705   0.772        66
*========================================*
2026-01-21 14:44:16,699 INFO 0 Wed Jan 21 14:44:16 2026 Epoch: 13
2026-01-21 14:44:45,844 INFO Final training 13/300, loss: 0.8924, time 29.14s, lr: 0.009986
Accuracy: 0.609
class                  precision    recall   specificity      f1   support
--------------------------------------------------------------------------
0                          0.632     0.673         0.627   0.652       281
1                          0.188     0.100         0.976   0.130        30
2                          0.609     0.600         0.672   0.605       265
*----------------------------------------*
2026-01-21 14:44:45,844 INFO 0 Wed Jan 21 14:44:45 2026 Epoch: 14
2026-01-21 14:45:14,809 INFO Final training 14/300, loss: 0.8449, time 28.97s, lr: 0.009982
Accuracy: 0.622
class                  precision    recall   specificity      f1   support
--------------------------------------------------------------------------
0                          0.636     0.650         0.649   0.643       280
1                          0.423     0.367         0.973   0.393        30
2                          0.625     0.620         0.681   0.623       266
*----------------------------------------*
2026-01-21 14:45:47,052 INFO Final validation 14/300, Val_acc: 0.7361, time 32.24sAccuracy: 0.792
class                  precision    recall   specificity      f1   support
--------------------------------------------------------------------------
0                          0.795     0.886         0.784   0.838        70
1                          0.429     0.375         0.971   0.400         8
2                          0.831     0.742         0.872   0.784        66
*========================================*
2026-01-21 14:45:47,052 INFO New best (0.730324 --> 0.736111)
2026-01-21 14:45:52,008 INFO Copying best model to best_model.pt
2026-01-21 14:45:54,886 INFO 0 Wed Jan 21 14:45:54 2026 Epoch: 15
2026-01-21 14:46:23,907 INFO Final training 15/300, loss: 0.9555, time 29.02s, lr: 0.009977
Accuracy: 0.585
class                  precision    recall   specificity      f1   support
--------------------------------------------------------------------------
0                          0.620     0.609         0.644   0.614       281
1                          0.292     0.233         0.969   0.259        30
2                          0.576     0.600         0.624   0.588       265
*----------------------------------------*
2026-01-21 14:46:23,907 INFO 0 Wed Jan 21 14:46:23 2026 Epoch: 16
2026-01-21 14:46:53,489 INFO Final training 16/300, loss: 0.8829, time 29.58s, lr: 0.009972
Accuracy: 0.627
class                  precision    recall   specificity      f1   support
--------------------------------------------------------------------------
0                          0.652     0.657         0.669   0.655       280
1                          0.269     0.233         0.965   0.250        30
2                          0.634     0.639         0.684   0.637       266
*----------------------------------------*
2026-01-21 14:47:25,603 INFO Final validation 16/300, Val_acc: 0.2778, time 32.11sAccuracy: 0.382
class                  precision    recall   specificity      f1   support
--------------------------------------------------------------------------
0                          0.955     0.300         0.986   0.457        70
1                          0.084     0.875         0.441   0.154         8
2                          0.692     0.409         0.846   0.514        66
*========================================*
2026-01-21 14:47:29,433 INFO 0 Wed Jan 21 14:47:29 2026 Epoch: 17
2026-01-21 14:47:58,682 INFO Final training 17/300, loss: 0.8328, time 29.25s, lr: 0.009966
Accuracy: 0.620
class                  precision    recall   specificity      f1   support
--------------------------------------------------------------------------
0                          0.632     0.657         0.639   0.644       280
1                          0.433     0.433         0.969   0.433        30
2                          0.627     0.602         0.694   0.614       266
*----------------------------------------*
2026-01-21 14:47:58,683 INFO 0 Wed Jan 21 14:47:58 2026 Epoch: 18
2026-01-21 14:48:28,137 INFO Final training 18/300, loss: 0.9069, time 29.45s, lr: 0.009959
Accuracy: 0.627
class                  precision    recall   specificity      f1   support
--------------------------------------------------------------------------
0                          0.663     0.668         0.679   0.665       280
1                          0.296     0.267         0.965   0.281        30
2                          0.622     0.624         0.674   0.623       266
*----------------------------------------*
2026-01-21 14:49:00,402 INFO Final validation 18/300, Val_acc: 0.6921, time 32.26sAccuracy: 0.750
class                  precision    recall   specificity      f1   support
--------------------------------------------------------------------------
0                          0.898     0.757         0.919   0.822        70
1                          0.231     0.750         0.853   0.353         8
2                          0.831     0.742         0.872   0.784        66
*========================================*
2026-01-21 14:49:03,949 INFO 0 Wed Jan 21 14:49:03 2026 Epoch: 19
2026-01-21 14:49:32,617 INFO Final training 19/300, loss: 0.9057, time 28.67s, lr: 0.009952
Accuracy: 0.613
class                  precision    recall   specificity      f1   support
--------------------------------------------------------------------------
0                          0.642     0.651         0.654   0.647       281
1                          0.303     0.333         0.958   0.317        30
2                          0.620     0.604         0.685   0.612       265
*----------------------------------------*
2026-01-21 14:49:32,617 INFO 0 Wed Jan 21 14:49:32 2026 Epoch: 20
2026-01-21 14:50:01,676 INFO Final training 20/300, loss: 0.8219, time 29.06s, lr: 0.009945
Accuracy: 0.625
class                  precision    recall   specificity      f1   support
--------------------------------------------------------------------------
0                          0.656     0.651         0.675   0.654       281
1                          0.393     0.367         0.969   0.379        30
2                          0.617     0.626         0.669   0.622       265
*----------------------------------------*
2026-01-21 14:50:33,778 INFO Final validation 20/300, Val_acc: 0.6991, time 32.10sAccuracy: 0.750
class                  precision    recall   specificity      f1   support
--------------------------------------------------------------------------
0                          0.716     0.829         0.689   0.768        70
1                          0.000     0.000         1.000   0.000         8
2                          0.794     0.758         0.833   0.775        66
*========================================*
2026-01-21 14:50:37,336 INFO 0 Wed Jan 21 14:50:37 2026 Epoch: 21
2026-01-21 14:51:06,986 INFO Final training 21/300, loss: 0.9605, time 29.65s, lr: 0.009936
Accuracy: 0.616
class                  precision    recall   specificity      f1   support
--------------------------------------------------------------------------
0                          0.658     0.630         0.688   0.644       281
1                          0.206     0.233         0.951   0.219        30
2                          0.626     0.645         0.672   0.636       265
*----------------------------------------*
2026-01-21 14:51:07,352 INFO 0 Wed Jan 21 14:51:07 2026 Epoch: 22
2026-01-21 14:51:36,172 INFO Final training 22/300, loss: 0.8994, time 28.82s, lr: 0.009928
Accuracy: 0.608
class                  precision    recall   specificity      f1   support
--------------------------------------------------------------------------
0                          0.641     0.641         0.658   0.641       281
1                          0.276     0.267         0.962   0.271        30
2                          0.609     0.611         0.666   0.610       265
*----------------------------------------*
2026-01-21 14:52:08,587 INFO Final validation 22/300, Val_acc: 0.5984, time 32.42sAccuracy: 0.660
class                  precision    recall   specificity      f1   support
--------------------------------------------------------------------------
0                          0.760     0.814         0.757   0.786        70
1                          0.167     0.750         0.779   0.273         8
2                          0.970     0.485         0.987   0.646        66
*========================================*
2026-01-21 14:52:12,123 INFO 0 Wed Jan 21 14:52:12 2026 Epoch: 23
2026-01-21 14:52:40,975 INFO Final training 23/300, loss: 0.8709, time 28.85s, lr: 0.009918
Accuracy: 0.644
class                  precision    recall   specificity      f1   support
--------------------------------------------------------------------------
0                          0.684     0.689         0.699   0.687       280
1                          0.235     0.267         0.952   0.250        30
2                          0.654     0.639         0.710   0.646       266
*----------------------------------------*
2026-01-21 14:52:40,976 INFO 0 Wed Jan 21 14:52:40 2026 Epoch: 24
2026-01-21 14:53:10,243 INFO Final training 24/300, loss: 0.7614, time 29.27s, lr: 0.009908
Accuracy: 0.660
class                  precision    recall   specificity      f1   support
--------------------------------------------------------------------------
0                          0.700     0.675         0.726   0.687       280
1                          0.333     0.300         0.967   0.316        30
2                          0.652     0.684         0.687   0.668       266
*----------------------------------------*
2026-01-21 14:53:42,318 INFO Final validation 24/300, Val_acc: 0.7674, time 32.08sAccuracy: 0.812
class                  precision    recall   specificity      f1   support
--------------------------------------------------------------------------
0                          0.847     0.871         0.851   0.859        70
1                          0.417     0.625         0.949   0.500         8
2                          0.850     0.773         0.885   0.810        66
*========================================*
2026-01-21 14:53:42,319 INFO New best (0.736111 --> 0.767361)
2026-01-21 14:53:47,155 INFO Copying best model to best_model.pt
2026-01-21 14:53:50,091 INFO 0 Wed Jan 21 14:53:50 2026 Epoch: 25
2026-01-21 14:54:18,818 INFO Final training 25/300, loss: 0.7833, time 28.73s, lr: 0.009898
Accuracy: 0.681
class                  precision    recall   specificity      f1   support
--------------------------------------------------------------------------
0                          0.730     0.722         0.746   0.726       281
1                          0.243     0.310         0.949   0.273        29
2                          0.690     0.677         0.739   0.683       266
*----------------------------------------*
2026-01-21 14:54:18,818 INFO 0 Wed Jan 21 14:54:18 2026 Epoch: 26
2026-01-21 14:54:47,320 INFO Final training 26/300, loss: 0.8533, time 28.50s, lr: 0.009887
Accuracy: 0.608
class                  precision    recall   specificity      f1   support
--------------------------------------------------------------------------
0                          0.633     0.637         0.647   0.635       281
1                          0.395     0.500         0.958   0.441        30
2                          0.612     0.589         0.682   0.600       265
*----------------------------------------*
2026-01-21 14:55:19,501 INFO Final validation 26/300, Val_acc: 0.6644, time 32.18sAccuracy: 0.715
class                  precision    recall   specificity      f1   support
--------------------------------------------------------------------------
0                          0.657     0.929         0.541   0.769        70
1                          0.556     0.625         0.971   0.588         8
2                          0.917     0.500         0.962   0.647        66
*========================================*
2026-01-21 14:55:23,044 INFO 0 Wed Jan 21 14:55:23 2026 Epoch: 27
2026-01-21 14:55:51,946 INFO Final training 27/300, loss: 0.9252, time 28.90s, lr: 0.009875
Accuracy: 0.628
class                  precision    recall   specificity      f1   support
--------------------------------------------------------------------------
0                          0.653     0.671         0.662   0.662       280
1                          0.310     0.300         0.963   0.305        30
2                          0.637     0.620         0.697   0.629       266
*----------------------------------------*
2026-01-21 14:55:51,947 INFO 0 Wed Jan 21 14:55:51 2026 Epoch: 28
2026-01-21 14:56:20,940 INFO Final training 28/300, loss: 0.9424, time 28.99s, lr: 0.009863
Accuracy: 0.604
class                  precision    recall   specificity      f1   support
--------------------------------------------------------------------------
0                          0.651     0.637         0.675   0.644       281
1                          0.333     0.367         0.960   0.349        30
2                          0.590     0.596         0.646   0.593       265
*----------------------------------------*
2026-01-21 14:56:53,016 INFO Final validation 28/300, Val_acc: 0.6285, time 32.08sAccuracy: 0.694
class                  precision    recall   specificity      f1   support
--------------------------------------------------------------------------
0                          0.816     0.571         0.878   0.672        70
1                          0.500     0.625         0.963   0.556         8
2                          0.647     0.833         0.615   0.728        66
*========================================*
2026-01-21 14:56:56,532 INFO 0 Wed Jan 21 14:56:56 2026 Epoch: 29
2026-01-21 14:57:25,369 INFO Final training 29/300, loss: 0.8069, time 28.84s, lr: 0.009851
Accuracy: 0.681
class                  precision    recall   specificity      f1   support
--------------------------------------------------------------------------
0                          0.711     0.711         0.726   0.711       280
1                          0.343     0.400         0.958   0.369        30
2                          0.693     0.680         0.742   0.687       266
*----------------------------------------*
2026-01-21 14:57:25,369 INFO 0 Wed Jan 21 14:57:25 2026 Epoch: 30
2026-01-21 14:57:54,353 INFO Final training 30/300, loss: 0.8998, time 28.98s, lr: 0.009838
Accuracy: 0.611
class                  precision    recall   specificity      f1   support
--------------------------------------------------------------------------
0                          0.631     0.636         0.649   0.633       280
1                          0.382     0.433         0.962   0.406        30
2                          0.619     0.605         0.681   0.612       266
*----------------------------------------*
2026-01-21 14:58:28,638 INFO Final validation 30/300, Val_acc: 0.7581, time 34.28sAccuracy: 0.812
class                  precision    recall   specificity      f1   support
--------------------------------------------------------------------------
0                          0.891     0.814         0.905   0.851        70
1                          0.385     0.625         0.941   0.476         8
2                          0.821     0.833         0.846   0.827        66
*========================================*
2026-01-21 14:58:32,430 INFO 0 Wed Jan 21 14:58:32 2026 Epoch: 31
2026-01-21 14:59:01,682 INFO Final training 31/300, loss: 0.9083, time 29.25s, lr: 0.009824
Accuracy: 0.637
class                  precision    recall   specificity      f1   support
--------------------------------------------------------------------------
0                          0.675     0.651         0.702   0.663       281
1                          0.286     0.333         0.954   0.308        30
2                          0.644     0.657         0.691   0.650       265
*----------------------------------------*
2026-01-21 14:59:02,111 INFO 0 Wed Jan 21 14:59:02 2026 Epoch: 32
2026-01-21 14:59:31,666 INFO Final training 32/300, loss: 0.8505, time 29.55s, lr: 0.009810
Accuracy: 0.655
class                  precision    recall   specificity      f1   support
--------------------------------------------------------------------------
0                          0.670     0.687         0.678   0.678       281
1                          0.344     0.367         0.962   0.355        30
2                          0.676     0.653         0.733   0.664       265
*----------------------------------------*
2026-01-21 15:00:03,754 INFO Final validation 32/300, Val_acc: 0.6968, time 32.09sAccuracy: 0.750
class                  precision    recall   specificity      f1   support
--------------------------------------------------------------------------
0                          0.951     0.557         0.973   0.703        70
1                          0.800     0.500         0.993   0.615         8
2                          0.663     0.985         0.577   0.793        66
*========================================*
2026-01-21 15:00:07,306 INFO 0 Wed Jan 21 15:00:07 2026 Epoch: 33
2026-01-21 15:00:35,933 INFO Final training 33/300, loss: 0.8743, time 28.63s, lr: 0.009795
Accuracy: 0.623
class                  precision    recall   specificity      f1   support
--------------------------------------------------------------------------
0                          0.652     0.643         0.676   0.647       280
1                          0.286     0.267         0.963   0.276        30
2                          0.629     0.643         0.674   0.636       266
*----------------------------------------*
2026-01-21 15:00:35,933 INFO 0 Wed Jan 21 15:00:35 2026 Epoch: 34
2026-01-21 15:01:03,998 INFO Final training 34/300, loss: 0.7501, time 28.06s, lr: 0.009779
Accuracy: 0.686
class                  precision    recall   specificity      f1   support
--------------------------------------------------------------------------
0                          0.695     0.698         0.708   0.696       281
1                          0.600     0.500         0.982   0.545        30
2                          0.684     0.694         0.727   0.689       265
*----------------------------------------*
2026-01-21 15:01:35,794 INFO Final validation 34/300, Val_acc: 0.5984, time 31.80sAccuracy: 0.674
class                  precision    recall   specificity      f1   support
--------------------------------------------------------------------------
0                          0.696     0.786         0.676   0.738        70
1                          0.125     0.125         0.949   0.125         8
2                          0.719     0.621         0.795   0.667        66
*========================================*
2026-01-21 15:01:39,612 INFO 0 Wed Jan 21 15:01:39 2026 Epoch: 35
2026-01-21 15:02:08,906 INFO Final training 35/300, loss: 0.9180, time 29.29s, lr: 0.009763
Accuracy: 0.635
class                  precision    recall   specificity      f1   support
--------------------------------------------------------------------------
0                          0.675     0.644         0.705   0.659       281
1                          0.303     0.333         0.958   0.317        30
2                          0.636     0.660         0.678   0.648       265
*----------------------------------------*
2026-01-21 15:02:08,906 INFO 0 Wed Jan 21 15:02:08 2026 Epoch: 36
2026-01-21 15:02:37,628 INFO Final training 36/300, loss: 0.8407, time 28.72s, lr: 0.009747
Accuracy: 0.661
class                  precision    recall   specificity      f1   support
--------------------------------------------------------------------------
0                          0.688     0.676         0.708   0.682       281
1                          0.364     0.400         0.962   0.381        30
2                          0.670     0.675         0.717   0.673       265
*----------------------------------------*
2026-01-21 15:03:10,149 INFO Final validation 36/300, Val_acc: 0.7627, time 32.52sAccuracy: 0.812
class                  precision    recall   specificity      f1   support
--------------------------------------------------------------------------
0                          0.833     0.857         0.838   0.845        70
1                          0.400     0.500         0.956   0.444         8
2                          0.855     0.803         0.885   0.828        66
*========================================*
2026-01-21 15:03:13,649 INFO 0 Wed Jan 21 15:03:13 2026 Epoch: 37
2026-01-21 15:03:42,164 INFO Final training 37/300, loss: 0.8309, time 28.51s, lr: 0.009730
Accuracy: 0.613
class                  precision    recall   specificity      f1   support
--------------------------------------------------------------------------
0                          0.651     0.630         0.678   0.640       281
1                          0.333     0.333         0.963   0.333        30
2                          0.606     0.626         0.653   0.616       265
*----------------------------------------*
2026-01-21 15:03:42,164 INFO 0 Wed Jan 21 15:03:42 2026 Epoch: 38
2026-01-21 15:04:10,511 INFO Final training 38/300, loss: 0.7552, time 28.35s, lr: 0.009712
Accuracy: 0.658
class                  precision    recall   specificity      f1   support
--------------------------------------------------------------------------
0                          0.693     0.676         0.715   0.685       281
1                          0.379     0.367         0.967   0.373        30
2                          0.652     0.672         0.695   0.662       265
*----------------------------------------*
2026-01-21 15:04:42,444 INFO Final validation 38/300, Val_acc: 0.8044, time 31.93sAccuracy: 0.840
class                  precision    recall   specificity      f1   support
--------------------------------------------------------------------------
0                          0.851     0.900         0.851   0.875        70
1                          0.444     0.500         0.963   0.471         8
2                          0.885     0.818         0.910   0.850        66
*========================================*
2026-01-21 15:04:42,445 INFO New best (0.767361 --> 0.804398)
2026-01-21 15:04:47,613 INFO Copying best model to best_model.pt
2026-01-21 15:04:50,560 INFO 0 Wed Jan 21 15:04:50 2026 Epoch: 39
2026-01-21 15:05:19,240 INFO Final training 39/300, loss: 0.7908, time 28.68s, lr: 0.009694
Accuracy: 0.658
class                  precision    recall   specificity      f1   support
--------------------------------------------------------------------------
0                          0.695     0.707         0.706   0.701       280
1                          0.316     0.400         0.952   0.353        30
2                          0.668     0.635         0.729   0.651       266
*----------------------------------------*
2026-01-21 15:05:19,241 INFO 0 Wed Jan 21 15:05:19 2026 Epoch: 40
2026-01-21 15:05:47,951 INFO Final training 40/300, loss: 0.8785, time 28.71s, lr: 0.009676
Accuracy: 0.630
class                  precision    recall   specificity      f1   support
--------------------------------------------------------------------------
0                          0.654     0.651         0.671   0.652       281
1                          0.346     0.310         0.969   0.327        29
2                          0.633     0.643         0.681   0.638       266
*----------------------------------------*
2026-01-21 15:06:19,968 INFO Final validation 40/300, Val_acc: 0.5741, time 32.02sAccuracy: 0.639
class                  precision    recall   specificity      f1   support
--------------------------------------------------------------------------
0                          0.939     0.443         0.973   0.602        70
1                          0.261     0.750         0.875   0.387         8
2                          0.625     0.833         0.577   0.714        66
*========================================*
2026-01-21 15:06:23,501 INFO 0 Wed Jan 21 15:06:23 2026 Epoch: 41
2026-01-21 15:06:52,248 INFO Final training 41/300, loss: 0.8207, time 28.75s, lr: 0.009657
Accuracy: 0.655
class                  precision    recall   specificity      f1   support
--------------------------------------------------------------------------
0                          0.707     0.664         0.740   0.685       280
1                          0.357     0.500         0.951   0.417        30
2                          0.649     0.662         0.694   0.655       266
*----------------------------------------*
2026-01-21 15:06:52,611 INFO 0 Wed Jan 21 15:06:52 2026 Epoch: 42
2026-01-21 15:07:22,076 INFO Final training 42/300, loss: 0.8123, time 29.46s, lr: 0.009637
Accuracy: 0.663
class                  precision    recall   specificity      f1   support
--------------------------------------------------------------------------
0                          0.682     0.668         0.706   0.675       280
1                          0.375     0.500         0.954   0.429        30
2                          0.687     0.677         0.735   0.682       266
*----------------------------------------*
2026-01-21 15:07:54,222 INFO Final validation 42/300, Val_acc: 0.7581, time 32.15sAccuracy: 0.806
class                  precision    recall   specificity      f1   support
--------------------------------------------------------------------------
0                          0.927     0.729         0.946   0.816        70
1                          0.455     0.625         0.956   0.526         8
2                          0.769     0.909         0.769   0.833        66
*========================================*
2026-01-21 15:07:57,759 INFO 0 Wed Jan 21 15:07:57 2026 Epoch: 43
2026-01-21 15:08:26,385 INFO Final training 43/300, loss: 0.8657, time 28.63s, lr: 0.009617
Accuracy: 0.620
class                  precision    recall   specificity      f1   support
--------------------------------------------------------------------------
0                          0.649     0.619         0.681   0.634       281
1                          0.371     0.433         0.960   0.400        30
2                          0.623     0.642         0.669   0.632       265
*----------------------------------------*
2026-01-21 15:08:26,385 INFO 0 Wed Jan 21 15:08:26 2026 Epoch: 44
2026-01-21 15:08:55,166 INFO Final training 44/300, loss: 0.7609, time 28.78s, lr: 0.009596
Accuracy: 0.701
class                  precision    recall   specificity      f1   support
--------------------------------------------------------------------------
0                          0.750     0.726         0.769   0.738       281
1                          0.344     0.367         0.962   0.355        30
2                          0.695     0.713         0.733   0.704       265
*----------------------------------------*
2026-01-21 15:09:27,632 INFO Final validation 44/300, Val_acc: 0.7986, time 32.47sAccuracy: 0.840
class                  precision    recall   specificity      f1   support
--------------------------------------------------------------------------
0                          0.934     0.814         0.946   0.870        70
1                          0.429     0.750         0.941   0.545         8
2                          0.841     0.879         0.859   0.859        66
*========================================*
2026-01-21 15:09:31,177 INFO 0 Wed Jan 21 15:09:31 2026 Epoch: 45
2026-01-21 15:10:00,569 INFO Final training 45/300, loss: 0.7709, time 29.39s, lr: 0.009575
Accuracy: 0.651
class                  precision    recall   specificity      f1   support
--------------------------------------------------------------------------
0                          0.680     0.665         0.702   0.673       281
1                          0.500     0.552         0.971   0.525        29
2                          0.639     0.647         0.687   0.643       266
*----------------------------------------*
2026-01-21 15:10:00,570 INFO 0 Wed Jan 21 15:10:00 2026 Epoch: 46
2026-01-21 15:10:30,085 INFO Final training 46/300, loss: 0.7428, time 29.52s, lr: 0.009553
Accuracy: 0.653
class                  precision    recall   specificity      f1   support
--------------------------------------------------------------------------
0                          0.678     0.646         0.709   0.662       280
1                          0.588     0.667         0.974   0.625        30
2                          0.636     0.658         0.677   0.647       266
*----------------------------------------*
2026-01-21 15:11:02,229 INFO Final validation 46/300, Val_acc: 0.7697, time 32.14sAccuracy: 0.812
class                  precision    recall   specificity      f1   support
--------------------------------------------------------------------------
0                          0.818     0.900         0.811   0.857        70
1                          0.429     0.750         0.941   0.545         8
2                          0.906     0.727         0.936   0.807        66
*========================================*
2026-01-21 15:11:05,743 INFO 0 Wed Jan 21 15:11:05 2026 Epoch: 47
2026-01-21 15:11:34,547 INFO Final training 47/300, loss: 0.7792, time 28.80s, lr: 0.009531
Accuracy: 0.667
class                  precision    recall   specificity      f1   support
--------------------------------------------------------------------------
0                          0.681     0.700         0.689   0.690       280
1                          0.529     0.600         0.971   0.562        30
2                          0.669     0.639         0.729   0.654       266
*----------------------------------------*
2026-01-21 15:11:34,547 INFO 0 Wed Jan 21 15:11:34 2026 Epoch: 48
2026-01-21 15:12:03,415 INFO Final training 48/300, loss: 0.8024, time 28.87s, lr: 0.009508
Accuracy: 0.649
class                  precision    recall   specificity      f1   support
--------------------------------------------------------------------------
0                          0.669     0.679         0.682   0.674       280
1                          0.452     0.467         0.969   0.459        30
2                          0.651     0.639         0.706   0.645       266
*----------------------------------------*
2026-01-21 15:12:35,327 INFO Final validation 48/300, Val_acc: 0.7627, time 31.91sAccuracy: 0.812
class                  precision    recall   specificity      f1   support
--------------------------------------------------------------------------
0                          0.929     0.743         0.946   0.825        70
1                          0.429     0.750         0.941   0.545         8
2                          0.797     0.894         0.808   0.843        66
*========================================*
2026-01-21 15:12:39,135 INFO 0 Wed Jan 21 15:12:39 2026 Epoch: 49
2026-01-21 15:13:08,116 INFO Final training 49/300, loss: 0.7868, time 28.98s, lr: 0.009485
Accuracy: 0.675
class                  precision    recall   specificity      f1   support
--------------------------------------------------------------------------
0                          0.705     0.680         0.729   0.692       281
1                          0.436     0.567         0.960   0.493        30
2                          0.680     0.683         0.727   0.682       265
*----------------------------------------*
2026-01-21 15:13:08,116 INFO 0 Wed Jan 21 15:13:08 2026 Epoch: 50
2026-01-21 15:13:37,113 INFO Final training 50/300, loss: 0.8336, time 29.00s, lr: 0.009461
Accuracy: 0.665
class                  precision    recall   specificity      f1   support
--------------------------------------------------------------------------
0                          0.673     0.707         0.676   0.690       280
1                          0.531     0.567         0.973   0.548        30
2                          0.672     0.632         0.735   0.651       266
*----------------------------------------*
2026-01-21 15:14:09,352 INFO Final validation 50/300, Val_acc: 0.7222, time 32.24sAccuracy: 0.785
class                  precision    recall   specificity      f1   support
--------------------------------------------------------------------------
0                          0.808     0.900         0.797   0.851        70
1                          0.316     0.750         0.904   0.444         8
2                          0.936     0.667         0.962   0.779        66
*========================================*
2026-01-21 15:14:12,899 INFO 0 Wed Jan 21 15:14:12 2026 Epoch: 51
2026-01-21 15:14:41,972 INFO Final training 51/300, loss: 0.7102, time 29.07s, lr: 0.009437
Accuracy: 0.674
class                  precision    recall   specificity      f1   support
--------------------------------------------------------------------------
0                          0.691     0.701         0.702   0.696       281
1                          0.562     0.600         0.974   0.581        30
2                          0.668     0.653         0.723   0.660       265
*----------------------------------------*
2026-01-21 15:14:42,349 INFO 0 Wed Jan 21 15:14:42 2026 Epoch: 52
2026-01-21 15:15:10,838 INFO Final training 52/300, loss: 0.8694, time 28.49s, lr: 0.009412
Accuracy: 0.672
class                  precision    recall   specificity      f1   support
--------------------------------------------------------------------------
0                          0.707     0.694         0.725   0.700       281
1                          0.448     0.433         0.971   0.441        30
2                          0.661     0.675         0.704   0.668       265
*----------------------------------------*
2026-01-21 15:15:42,643 INFO Final validation 52/300, Val_acc: 0.7269, time 31.80sAccuracy: 0.778
class                  precision    recall   specificity      f1   support
--------------------------------------------------------------------------
0                          0.733     0.943         0.676   0.825        70
1                          0.444     0.500         0.963   0.471         8
2                          0.933     0.636         0.962   0.757        66
*========================================*
2026-01-21 15:15:46,511 INFO 0 Wed Jan 21 15:15:46 2026 Epoch: 53
2026-01-21 15:16:15,736 INFO Final training 53/300, loss: 0.7676, time 29.22s, lr: 0.009387
Accuracy: 0.684
class                  precision    recall   specificity      f1   support
--------------------------------------------------------------------------
0                          0.698     0.686         0.720   0.692       280
1                          0.528     0.633         0.969   0.576        30
2                          0.691     0.688         0.735   0.689       266
*----------------------------------------*
2026-01-21 15:16:15,736 INFO 0 Wed Jan 21 15:16:15 2026 Epoch: 54
2026-01-21 15:16:44,596 INFO Final training 54/300, loss: 0.7245, time 28.86s, lr: 0.009361
Accuracy: 0.665
class                  precision    recall   specificity      f1   support
--------------------------------------------------------------------------
0                          0.675     0.661         0.699   0.668       280
1                          0.514     0.600         0.969   0.554        30
2                          0.674     0.677         0.719   0.675       266
*----------------------------------------*
2026-01-21 15:17:17,062 INFO Final validation 54/300, Val_acc: 0.7731, time 32.47sAccuracy: 0.826
class                  precision    recall   specificity      f1   support
--------------------------------------------------------------------------
0                          0.918     0.800         0.932   0.855        70
1                          0.455     0.625         0.956   0.526         8
2                          0.806     0.879         0.821   0.841        66
*========================================*
2026-01-21 15:17:20,568 INFO 0 Wed Jan 21 15:17:20 2026 Epoch: 55
2026-01-21 15:17:49,630 INFO Final training 55/300, loss: 0.7077, time 29.06s, lr: 0.009335
Accuracy: 0.701
class                  precision    recall   specificity      f1   support
--------------------------------------------------------------------------
0                          0.710     0.718         0.723   0.714       280
1                          0.613     0.633         0.978   0.623        30
2                          0.702     0.692         0.748   0.697       266
*----------------------------------------*
2026-01-21 15:17:49,630 INFO 0 Wed Jan 21 15:17:49 2026 Epoch: 56
2026-01-21 15:18:18,575 INFO Final training 56/300, loss: 0.7596, time 28.94s, lr: 0.009308
Accuracy: 0.649
class                  precision    recall   specificity      f1   support
--------------------------------------------------------------------------
0                          0.665     0.665         0.681   0.665       281
1                          0.543     0.633         0.971   0.585        30
2                          0.646     0.634         0.704   0.640       265
*----------------------------------------*
2026-01-21 15:18:50,693 INFO Final validation 56/300, Val_acc: 0.7535, time 32.12sAccuracy: 0.806
class                  precision    recall   specificity      f1   support
--------------------------------------------------------------------------
0                          0.871     0.771         0.892   0.818        70
1                          0.500     0.500         0.971   0.500         8
2                          0.784     0.879         0.795   0.829        66
*========================================*
2026-01-21 15:18:54,246 INFO 0 Wed Jan 21 15:18:54 2026 Epoch: 57
2026-01-21 15:19:23,562 INFO Final training 57/300, loss: 0.7843, time 29.32s, lr: 0.009280
Accuracy: 0.682
class                  precision    recall   specificity      f1   support
--------------------------------------------------------------------------
0                          0.699     0.676         0.722   0.687       281
1                          0.588     0.667         0.974   0.625        30
2                          0.678     0.691         0.720   0.684       265
*----------------------------------------*
2026-01-21 15:19:23,562 INFO 0 Wed Jan 21 15:19:23 2026 Epoch: 58
2026-01-21 15:19:52,724 INFO Final training 58/300, loss: 0.9604, time 29.16s, lr: 0.009253
Accuracy: 0.618
class                  precision    recall   specificity      f1   support
--------------------------------------------------------------------------
0                          0.642     0.669         0.644   0.655       281
1                          0.292     0.233         0.969   0.259        30
2                          0.622     0.608         0.685   0.615       265
*----------------------------------------*
2026-01-21 15:20:27,489 INFO Final validation 58/300, Val_acc: 0.8044, time 34.76sAccuracy: 0.840
class                  precision    recall   specificity      f1   support
--------------------------------------------------------------------------
0                          0.903     0.800         0.919   0.848        70
1                          0.571     0.500         0.978   0.533         8
2                          0.813     0.924         0.821   0.865        66
*========================================*
2026-01-21 15:20:31,011 INFO 0 Wed Jan 21 15:20:31 2026 Epoch: 59
2026-01-21 15:21:00,237 INFO Final training 59/300, loss: 0.7525, time 29.23s, lr: 0.009224
Accuracy: 0.686
class                  precision    recall   specificity      f1   support
--------------------------------------------------------------------------
0                          0.718     0.698         0.739   0.708       281
1                          0.467     0.467         0.971   0.467        30
2                          0.678     0.698         0.717   0.688       265
*----------------------------------------*
2026-01-21 15:21:00,237 INFO 0 Wed Jan 21 15:21:00 2026 Epoch: 60
2026-01-21 15:21:29,461 INFO Final training 60/300, loss: 0.7429, time 29.22s, lr: 0.009196
Accuracy: 0.681
class                  precision    recall   specificity      f1   support
--------------------------------------------------------------------------
0                          0.710     0.687         0.732   0.698       281
1                          0.543     0.633         0.971   0.585        30
2                          0.669     0.679         0.714   0.674       265
*----------------------------------------*
2026-01-21 15:22:01,451 INFO Final validation 60/300, Val_acc: 0.8438, time 31.99sAccuracy: 0.875
class                  precision    recall   specificity      f1   support
--------------------------------------------------------------------------
0                          0.951     0.829         0.959   0.885        70
1                          1.000     0.500         1.000   0.667         8
2                          0.810     0.970         0.808   0.883        66
*========================================*
2026-01-21 15:22:01,451 INFO New best (0.804398 --> 0.843750)
2026-01-21 15:22:06,362 INFO Copying best model to best_model.pt
2026-01-21 15:22:09,301 INFO 0 Wed Jan 21 15:22:09 2026 Epoch: 61
2026-01-21 15:22:38,542 INFO Final training 61/300, loss: 0.7243, time 29.24s, lr: 0.009167
Accuracy: 0.655
class                  precision    recall   specificity      f1   support
--------------------------------------------------------------------------
0                          0.665     0.675         0.679   0.670       280
1                          0.553     0.700         0.969   0.618        30
2                          0.657     0.628         0.719   0.642       266
*----------------------------------------*
2026-01-21 15:22:38,902 INFO 0 Wed Jan 21 15:22:38 2026 Epoch: 62
2026-01-21 15:23:07,875 INFO Final training 62/300, loss: 0.6754, time 28.97s, lr: 0.009137
Accuracy: 0.708
class                  precision    recall   specificity      f1   support
--------------------------------------------------------------------------
0                          0.731     0.729         0.747   0.730       280
1                          0.594     0.633         0.976   0.613        30
2                          0.698     0.695         0.742   0.697       266
*----------------------------------------*
2026-01-21 15:23:40,006 INFO Final validation 62/300, Val_acc: 0.7662, time 32.13sAccuracy: 0.812
class                  precision    recall   specificity      f1   support
--------------------------------------------------------------------------
0                          0.808     0.900         0.797   0.851        70
1                          0.500     0.750         0.956   0.600         8
2                          0.889     0.727         0.923   0.800        66
*========================================*
2026-01-21 15:23:43,570 INFO 0 Wed Jan 21 15:23:43 2026 Epoch: 63
2026-01-21 15:24:12,778 INFO Final training 63/300, loss: 0.7322, time 29.21s, lr: 0.009107
Accuracy: 0.675
class                  precision    recall   specificity      f1   support
--------------------------------------------------------------------------
0                          0.689     0.696         0.703   0.693       280
1                          0.543     0.633         0.971   0.585        30
2                          0.678     0.658         0.732   0.668       266
*----------------------------------------*
2026-01-21 15:24:12,778 INFO 0 Wed Jan 21 15:24:12 2026 Epoch: 64
2026-01-21 15:24:42,211 INFO Final training 64/300, loss: 0.7019, time 29.43s, lr: 0.009076
Accuracy: 0.715
class                  precision    recall   specificity      f1   support
--------------------------------------------------------------------------
0                          0.745     0.700         0.774   0.722       280
1                          0.606     0.667         0.976   0.635        30
2                          0.700     0.737         0.729   0.718       266
*----------------------------------------*
2026-01-21 15:25:14,569 INFO Final validation 64/300, Val_acc: 0.6748, time 32.36sAccuracy: 0.743
class                  precision    recall   specificity      f1   support
--------------------------------------------------------------------------
0                          0.931     0.771         0.946   0.844        70
1                          0.200     0.875         0.794   0.326         8
2                          0.902     0.697         0.936   0.786        66
*========================================*
2026-01-21 15:25:18,101 INFO 0 Wed Jan 21 15:25:18 2026 Epoch: 65
2026-01-21 15:25:46,938 INFO Final training 65/300, loss: 0.8439, time 28.84s, lr: 0.009045
Accuracy: 0.648
class                  precision    recall   specificity      f1   support
--------------------------------------------------------------------------
0                          0.670     0.644         0.698   0.657       281
1                          0.500     0.667         0.963   0.571        30
2                          0.647     0.649         0.698   0.648       265
*----------------------------------------*
2026-01-21 15:25:46,939 INFO 0 Wed Jan 21 15:25:46 2026 Epoch: 66
2026-01-21 15:26:16,392 INFO Final training 66/300, loss: 0.8046, time 29.45s, lr: 0.009014
Accuracy: 0.661
class                  precision    recall   specificity      f1   support
--------------------------------------------------------------------------
0                          0.684     0.687         0.698   0.686       281
1                          0.429     0.517         0.963   0.469        29
2                          0.668     0.650         0.723   0.659       266
*----------------------------------------*
2026-01-21 15:26:48,678 INFO Final validation 66/300, Val_acc: 0.8113, time 32.29sAccuracy: 0.854
class                  precision    recall   specificity      f1   support
--------------------------------------------------------------------------
0                          0.899     0.886         0.905   0.892        70
1                          0.429     0.750         0.941   0.545         8
2                          0.902     0.833         0.923   0.866        66
*========================================*
2026-01-21 15:26:52,493 INFO 0 Wed Jan 21 15:26:52 2026 Epoch: 67
2026-01-21 15:27:21,932 INFO Final training 67/300, loss: 0.6880, time 29.44s, lr: 0.008982
Accuracy: 0.700
class                  precision    recall   specificity      f1   support
--------------------------------------------------------------------------
0                          0.722     0.712         0.739   0.717       281
1                          0.579     0.733         0.971   0.647        30
2                          0.693     0.683         0.743   0.688       265
*----------------------------------------*
2026-01-21 15:27:21,933 INFO 0 Wed Jan 21 15:27:21 2026 Epoch: 68
2026-01-21 15:27:51,341 INFO Final training 68/300, loss: 0.7583, time 29.41s, lr: 0.008949
Accuracy: 0.672
class                  precision    recall   specificity      f1   support
--------------------------------------------------------------------------
0                          0.695     0.675         0.720   0.685       280
1                          0.462     0.600         0.962   0.522        30
2                          0.679     0.677         0.726   0.678       266
*----------------------------------------*
2026-01-21 15:28:24,447 INFO Final validation 68/300, Val_acc: 0.7766, time 33.11sAccuracy: 0.826
class                  precision    recall   specificity      f1   support
--------------------------------------------------------------------------
0                          0.892     0.829         0.905   0.859        70
1                          0.455     0.625         0.956   0.526         8
2                          0.824     0.848         0.846   0.836        66
*========================================*
2026-01-21 15:28:28,044 INFO 0 Wed Jan 21 15:28:28 2026 Epoch: 69
2026-01-21 15:28:56,897 INFO Final training 69/300, loss: 0.7519, time 28.85s, lr: 0.008916
Accuracy: 0.675
class                  precision    recall   specificity      f1   support
--------------------------------------------------------------------------
0                          0.702     0.689         0.723   0.695       280
1                          0.471     0.533         0.967   0.500        30
2                          0.674     0.677         0.719   0.675       266
*----------------------------------------*
2026-01-21 15:28:56,897 INFO 0 Wed Jan 21 15:28:56 2026 Epoch: 70
2026-01-21 15:29:26,219 INFO Final training 70/300, loss: 0.6626, time 29.32s, lr: 0.008883
Accuracy: 0.707
class                  precision    recall   specificity      f1   support
--------------------------------------------------------------------------
0                          0.724     0.701         0.746   0.712       281
1                          0.615     0.800         0.973   0.696        30
2                          0.702     0.702         0.746   0.702       265
*----------------------------------------*
2026-01-21 15:29:59,065 INFO Final validation 70/300, Val_acc: 0.7813, time 32.85sAccuracy: 0.833
class                  precision    recall   specificity      f1   support
--------------------------------------------------------------------------
0                          0.896     0.857         0.905   0.876        70
1                          0.333     0.625         0.926   0.435         8
2                          0.887     0.833         0.910   0.859        66
*========================================*
2026-01-21 15:30:02,860 INFO 0 Wed Jan 21 15:30:02 2026 Epoch: 71
2026-01-21 15:30:31,392 INFO Final training 71/300, loss: 0.7356, time 28.53s, lr: 0.008849
Accuracy: 0.688
class                  precision    recall   specificity      f1   support
--------------------------------------------------------------------------
0                          0.692     0.707         0.703   0.700       280
1                          0.645     0.667         0.980   0.656        30
2                          0.687     0.669         0.739   0.678       266
*----------------------------------------*
2026-01-21 15:30:31,763 INFO 0 Wed Jan 21 15:30:31 2026 Epoch: 72
2026-01-21 15:31:00,665 INFO Final training 72/300, loss: 0.6737, time 28.90s, lr: 0.008815
Accuracy: 0.722
class                  precision    recall   specificity      f1   support
--------------------------------------------------------------------------
0                          0.744     0.718         0.767   0.731       280
1                          0.630     0.567         0.982   0.596        30
2                          0.710     0.744         0.739   0.727       266
*----------------------------------------*
2026-01-21 15:31:33,149 INFO Final validation 72/300, Val_acc: 0.7928, time 32.48sAccuracy: 0.840
class                  precision    recall   specificity      f1   support
--------------------------------------------------------------------------
0                          0.965     0.786         0.973   0.866        70
1                          0.429     0.750         0.941   0.545         8
2                          0.822     0.909         0.833   0.863        66
*========================================*
2026-01-21 15:31:36,649 INFO 0 Wed Jan 21 15:31:36 2026 Epoch: 73
2026-01-21 15:32:05,405 INFO Final training 73/300, loss: 0.6216, time 28.76s, lr: 0.008780
Accuracy: 0.741
class                  precision    recall   specificity      f1   support
--------------------------------------------------------------------------
0                          0.769     0.725         0.794   0.746       280
1                          0.629     0.733         0.976   0.677        30
2                          0.729     0.759         0.758   0.744       266
*----------------------------------------*
2026-01-21 15:32:05,405 INFO 0 Wed Jan 21 15:32:05 2026 Epoch: 74
2026-01-21 15:32:34,228 INFO Final training 74/300, loss: 0.7989, time 28.82s, lr: 0.008745
Accuracy: 0.691
class                  precision    recall   specificity      f1   support
--------------------------------------------------------------------------
0                          0.716     0.726         0.725   0.721       281
1                          0.419     0.433         0.967   0.426        30
2                          0.696     0.683         0.746   0.690       265
*----------------------------------------*
2026-01-21 15:33:06,590 INFO Final validation 74/300, Val_acc: 0.8032, time 32.36sAccuracy: 0.840
class                  precision    recall   specificity      f1   support
--------------------------------------------------------------------------
0                          0.853     0.914         0.851   0.883        70
1                          0.429     0.750         0.941   0.545         8
2                          0.927     0.773         0.949   0.843        66
*========================================*
2026-01-21 15:33:10,466 INFO 0 Wed Jan 21 15:33:10 2026 Epoch: 75
2026-01-21 15:33:39,138 INFO Final training 75/300, loss: 0.7895, time 28.67s, lr: 0.008710
Accuracy: 0.677
class                  precision    recall   specificity      f1   support
--------------------------------------------------------------------------
0                          0.685     0.682         0.703   0.683       280
1                          0.607     0.567         0.980   0.586        30
2                          0.677     0.684         0.719   0.680       266
*----------------------------------------*
2026-01-21 15:33:39,138 INFO 0 Wed Jan 21 15:33:39 2026 Epoch: 76
2026-01-21 15:34:07,681 INFO Final training 76/300, loss: 0.7653, time 28.54s, lr: 0.008674
Accuracy: 0.677
class                  precision    recall   specificity      f1   support
--------------------------------------------------------------------------
0                          0.684     0.696         0.696   0.690       280
1                          0.581     0.600         0.976   0.590        30
2                          0.681     0.665         0.732   0.673       266
*----------------------------------------*
2026-01-21 15:34:39,709 INFO Final validation 76/300, Val_acc: 0.7836, time 32.03sAccuracy: 0.826
class                  precision    recall   specificity      f1   support
--------------------------------------------------------------------------
0                          0.829     0.829         0.838   0.829        70
1                          0.714     0.625         0.985   0.667         8
2                          0.836     0.848         0.859   0.842        66
*========================================*
2026-01-21 15:34:43,187 INFO 0 Wed Jan 21 15:34:43 2026 Epoch: 77
2026-01-21 15:35:11,969 INFO Final training 77/300, loss: 0.7329, time 28.78s, lr: 0.008638
Accuracy: 0.665
class                  precision    recall   specificity      f1   support
--------------------------------------------------------------------------
0                          0.682     0.675         0.703   0.679       280
1                          0.533     0.533         0.974   0.533        30
2                          0.662     0.669         0.706   0.665       266
*----------------------------------------*
2026-01-21 15:35:11,969 INFO 0 Wed Jan 21 15:35:11 2026 Epoch: 78
2026-01-21 15:35:41,775 INFO Final training 78/300, loss: 0.7191, time 29.81s, lr: 0.008601
Accuracy: 0.668
class                  precision    recall   specificity      f1   support
--------------------------------------------------------------------------
0                          0.693     0.665         0.719   0.679       281
1                          0.548     0.567         0.974   0.557        30
2                          0.658     0.683         0.698   0.670       265
*----------------------------------------*
2026-01-21 15:36:14,174 INFO Final validation 78/300, Val_acc: 0.7743, time 32.40sAccuracy: 0.826
class                  precision    recall   specificity      f1   support
--------------------------------------------------------------------------
0                          0.981     0.757         0.986   0.855        70
1                          0.417     0.625         0.949   0.500         8
2                          0.782     0.924         0.782   0.847        66
*========================================*
2026-01-21 15:36:17,674 INFO 0 Wed Jan 21 15:36:17 2026 Epoch: 79
2026-01-21 15:36:46,651 INFO Final training 79/300, loss: 0.7214, time 28.98s, lr: 0.008564
Accuracy: 0.684
class                  precision    recall   specificity      f1   support
--------------------------------------------------------------------------
0                          0.689     0.704         0.699   0.696       280
1                          0.594     0.633         0.976   0.613        30
2                          0.690     0.669         0.742   0.679       266
*----------------------------------------*
2026-01-21 15:36:46,652 INFO 0 Wed Jan 21 15:36:46 2026 Epoch: 80
2026-01-21 15:37:15,173 INFO Final training 80/300, loss: 0.5845, time 28.52s, lr: 0.008526
Accuracy: 0.720
class                  precision    recall   specificity      f1   support
--------------------------------------------------------------------------
0                          0.724     0.704         0.747   0.714       280
1                          0.690     0.667         0.984   0.678        30
2                          0.720     0.744         0.752   0.732       266
*----------------------------------------*
2026-01-21 15:37:47,302 INFO Final validation 80/300, Val_acc: 0.7986, time 32.13sAccuracy: 0.847
class                  precision    recall   specificity      f1   support
--------------------------------------------------------------------------
0                          0.912     0.886         0.919   0.899        70
1                          0.333     0.750         0.912   0.462         8
2                          0.931     0.818         0.949   0.871        66
*========================================*
2026-01-21 15:37:50,791 INFO 0 Wed Jan 21 15:37:50 2026 Epoch: 81
2026-01-21 15:38:19,827 INFO Final training 81/300, loss: 0.6231, time 29.04s, lr: 0.008488
Accuracy: 0.731
class                  precision    recall   specificity      f1   support
--------------------------------------------------------------------------
0                          0.750     0.729         0.770   0.739       280
1                          0.581     0.600         0.976   0.590        30
2                          0.729     0.748         0.761   0.738       266
*----------------------------------------*
2026-01-21 15:38:20,238 INFO 0 Wed Jan 21 15:38:20 2026 Epoch: 82
2026-01-21 15:38:49,505 INFO Final training 82/300, loss: 0.6228, time 29.27s, lr: 0.008450
Accuracy: 0.734
class                  precision    recall   specificity      f1   support
--------------------------------------------------------------------------
0                          0.758     0.726         0.780   0.742       281
1                          0.606     0.667         0.976   0.635        30
2                          0.726     0.751         0.759   0.738       265
*----------------------------------------*
2026-01-21 15:39:22,482 INFO Final validation 82/300, Val_acc: 0.8241, time 32.98sAccuracy: 0.861
class                  precision    recall   specificity      f1   support
--------------------------------------------------------------------------
0                          0.924     0.871         0.932   0.897        70
1                          0.400     0.750         0.934   0.522         8
2                          0.905     0.864         0.923   0.884        66
*========================================*
2026-01-21 15:39:25,983 INFO 0 Wed Jan 21 15:39:25 2026 Epoch: 83
2026-01-21 15:39:55,303 INFO Final training 83/300, loss: 0.7004, time 29.32s, lr: 0.008411
Accuracy: 0.700
class                  precision    recall   specificity      f1   support
--------------------------------------------------------------------------
0                          0.703     0.693         0.723   0.698       280
1                          0.600     0.700         0.974   0.646        30
2                          0.709     0.707         0.752   0.708       266
*----------------------------------------*
2026-01-21 15:39:55,303 INFO 0 Wed Jan 21 15:39:55 2026 Epoch: 84
2026-01-21 15:40:24,265 INFO Final training 84/300, loss: 0.6071, time 28.96s, lr: 0.008372
Accuracy: 0.729
class                  precision    recall   specificity      f1   support
--------------------------------------------------------------------------
0                          0.739     0.744         0.749   0.741       281
1                          0.625     0.690         0.978   0.656        29
2                          0.732     0.718         0.774   0.725       266
*----------------------------------------*
2026-01-21 15:40:57,597 INFO Final validation 84/300, Val_acc: 0.7350, time 33.33sAccuracy: 0.778
class                  precision    recall   specificity      f1   support
--------------------------------------------------------------------------
0                          0.717     0.943         0.649   0.815        70
1                          0.545     0.750         0.963   0.632         8
2                          0.976     0.606         0.987   0.748        66
*========================================*
2026-01-21 15:41:01,106 INFO 0 Wed Jan 21 15:41:01 2026 Epoch: 85
2026-01-21 15:41:30,033 INFO Final training 85/300, loss: 0.7066, time 28.93s, lr: 0.008332
Accuracy: 0.694
class                  precision    recall   specificity      f1   support
--------------------------------------------------------------------------
0                          0.700     0.707         0.713   0.703       280
1                          0.643     0.600         0.982   0.621        30
2                          0.694     0.692         0.739   0.693       266
*----------------------------------------*
2026-01-21 15:41:30,033 INFO 0 Wed Jan 21 15:41:30 2026 Epoch: 86
2026-01-21 15:41:59,046 INFO Final training 86/300, loss: 0.7170, time 29.01s, lr: 0.008293
Accuracy: 0.682
class                  precision    recall   specificity      f1   support
--------------------------------------------------------------------------
0                          0.700     0.680         0.722   0.690       281
1                          0.636     0.700         0.978   0.667        30
2                          0.670     0.683         0.714   0.677       265
*----------------------------------------*
2026-01-21 15:42:34,154 INFO Final validation 86/300, Val_acc: 0.7188, time 35.11sAccuracy: 0.785
class                  precision    recall   specificity      f1   support
--------------------------------------------------------------------------
0                          0.785     0.886         0.770   0.832        70
1                          0.368     0.875         0.912   0.519         8
2                          0.957     0.667         0.974   0.786        66
*========================================*
2026-01-21 15:42:37,736 INFO 0 Wed Jan 21 15:42:37 2026 Epoch: 87
2026-01-21 15:43:06,506 INFO Final training 87/300, loss: 0.6078, time 28.77s, lr: 0.008252
Accuracy: 0.710
class                  precision    recall   specificity      f1   support
--------------------------------------------------------------------------
0                          0.728     0.687         0.756   0.707       281
1                          0.649     0.800         0.976   0.716        30
2                          0.701     0.725         0.736   0.712       265
*----------------------------------------*
2026-01-21 15:43:06,506 INFO 0 Wed Jan 21 15:43:06 2026 Epoch: 88
2026-01-21 15:43:35,374 INFO Final training 88/300, loss: 0.7833, time 28.87s, lr: 0.008212
Accuracy: 0.674
class                  precision    recall   specificity      f1   support
--------------------------------------------------------------------------
0                          0.689     0.701         0.698   0.695       281
1                          0.500     0.600         0.967   0.545        30
2                          0.681     0.653         0.740   0.667       265
*----------------------------------------*
2026-01-21 15:44:07,627 INFO Final validation 88/300, Val_acc: 0.7303, time 32.25sAccuracy: 0.778
class                  precision    recall   specificity      f1   support
--------------------------------------------------------------------------
0                          0.736     0.957         0.676   0.832        70
1                          0.400     0.500         0.956   0.444         8
2                          0.953     0.621         0.974   0.752        66
*========================================*
2026-01-21 15:44:11,170 INFO 0 Wed Jan 21 15:44:11 2026 Epoch: 89
2026-01-21 15:44:40,449 INFO Final training 89/300, loss: 0.6777, time 29.28s, lr: 0.008171
Accuracy: 0.703
class                  precision    recall   specificity      f1   support
--------------------------------------------------------------------------
0                          0.707     0.714         0.720   0.710       280
1                          0.667     0.667         0.982   0.667        30
2                          0.703     0.695         0.748   0.699       266
*----------------------------------------*
2026-01-21 15:44:40,449 INFO 0 Wed Jan 21 15:44:40 2026 Epoch: 90
2026-01-21 15:45:09,517 INFO Final training 90/300, loss: 0.6412, time 29.07s, lr: 0.008129
Accuracy: 0.715
class                  precision    recall   specificity      f1   support
--------------------------------------------------------------------------
0                          0.745     0.711         0.770   0.728       280
1                          0.543     0.633         0.971   0.585        30
2                          0.708     0.729         0.742   0.719       266
*----------------------------------------*
2026-01-21 15:45:41,478 INFO Final validation 90/300, Val_acc: 0.7685, time 31.96sAccuracy: 0.819
class                  precision    recall   specificity      f1   support
--------------------------------------------------------------------------
0                          0.891     0.814         0.905   0.851        70
1                          0.462     0.750         0.949   0.571         8
2                          0.821     0.833         0.846   0.827        66
*========================================*
2026-01-21 15:45:44,979 INFO 0 Wed Jan 21 15:45:44 2026 Epoch: 91
2026-01-21 15:46:13,671 INFO Final training 91/300, loss: 0.6289, time 28.69s, lr: 0.008088
Accuracy: 0.743
class                  precision    recall   specificity      f1   support
--------------------------------------------------------------------------
0                          0.734     0.761         0.740   0.747       280
1                          0.800     0.800         0.989   0.800        30
2                          0.746     0.718         0.790   0.732       266
*----------------------------------------*
2026-01-21 15:46:14,047 INFO 0 Wed Jan 21 15:46:14 2026 Epoch: 92
2026-01-21 15:46:43,039 INFO Final training 92/300, loss: 0.6797, time 28.99s, lr: 0.008046
Accuracy: 0.707
class                  precision    recall   specificity      f1   support
--------------------------------------------------------------------------
0                          0.707     0.747         0.705   0.727       281
1                          0.618     0.700         0.976   0.656        30
2                          0.718     0.664         0.778   0.690       265
*----------------------------------------*
2026-01-21 15:47:15,348 INFO Final validation 92/300, Val_acc: 0.8310, time 32.31sAccuracy: 0.875
class                  precision    recall   specificity      f1   support
--------------------------------------------------------------------------
0                          0.900     0.900         0.905   0.900        70
1                          0.500     0.750         0.956   0.600         8
2                          0.919     0.864         0.936   0.891        66
*========================================*
2026-01-21 15:47:18,891 INFO 0 Wed Jan 21 15:47:18 2026 Epoch: 93
2026-01-21 15:47:47,981 INFO Final training 93/300, loss: 0.6526, time 29.09s, lr: 0.008003
Accuracy: 0.703
class                  precision    recall   specificity      f1   support
--------------------------------------------------------------------------
0                          0.719     0.690         0.742   0.704       281
1                          0.710     0.759         0.984   0.733        29
2                          0.687     0.711         0.723   0.699       266
*----------------------------------------*
2026-01-21 15:47:47,981 INFO 0 Wed Jan 21 15:47:47 2026 Epoch: 94
2026-01-21 15:48:16,941 INFO Final training 94/300, loss: 0.5559, time 28.96s, lr: 0.007960
Accuracy: 0.757
class                  precision    recall   specificity      f1   support
--------------------------------------------------------------------------
0                          0.770     0.762         0.783   0.766       281
1                          0.679     0.633         0.984   0.655        30
2                          0.752     0.766         0.785   0.759       265
*----------------------------------------*
2026-01-21 15:48:48,889 INFO Final validation 94/300, Val_acc: 0.8044, time 31.95sAccuracy: 0.854
class                  precision    recall   specificity      f1   support
--------------------------------------------------------------------------
0                          0.878     0.929         0.878   0.903        70
1                          0.375     0.750         0.926   0.500         8
2                          0.963     0.788         0.974   0.867        66
*========================================*
2026-01-21 15:48:52,393 INFO 0 Wed Jan 21 15:48:52 2026 Epoch: 95
2026-01-21 15:49:21,731 INFO Final training 95/300, loss: 0.6754, time 29.34s, lr: 0.007917
Accuracy: 0.715
class                  precision    recall   specificity      f1   support
--------------------------------------------------------------------------
0                          0.726     0.729         0.740   0.727       280
1                          0.656     0.700         0.980   0.677        30
2                          0.711     0.703         0.755   0.707       266
*----------------------------------------*
2026-01-21 15:49:21,732 INFO 0 Wed Jan 21 15:49:21 2026 Epoch: 96
2026-01-21 15:49:52,053 INFO Final training 96/300, loss: 0.6614, time 30.32s, lr: 0.007874
Accuracy: 0.708
class                  precision    recall   specificity      f1   support
--------------------------------------------------------------------------
0                          0.714     0.712         0.729   0.713       281
1                          0.677     0.700         0.982   0.689        30
2                          0.706     0.706         0.749   0.706       265
*----------------------------------------*
2026-01-21 15:50:24,083 INFO Final validation 96/300, Val_acc: 0.8137, time 32.03sAccuracy: 0.861
class                  precision    recall   specificity      f1   support
--------------------------------------------------------------------------
0                          0.983     0.814         0.986   0.891        70
1                          0.400     0.750         0.934   0.522         8
2                          0.859     0.924         0.872   0.891        66
*========================================*
2026-01-21 15:50:27,672 INFO 0 Wed Jan 21 15:50:27 2026 Epoch: 97
2026-01-21 15:50:56,973 INFO Final training 97/300, loss: 0.6369, time 29.30s, lr: 0.007830
Accuracy: 0.720
class                  precision    recall   specificity      f1   support
--------------------------------------------------------------------------
0                          0.739     0.707         0.764   0.723       280
1                          0.667     0.667         0.982   0.667        30
2                          0.709     0.741         0.739   0.724       266
*----------------------------------------*
2026-01-21 15:50:56,973 INFO 0 Wed Jan 21 15:50:56 2026 Epoch: 98
2026-01-21 15:51:25,697 INFO Final training 98/300, loss: 0.5895, time 28.72s, lr: 0.007786
Accuracy: 0.743
class                  precision    recall   specificity      f1   support
--------------------------------------------------------------------------
0                          0.755     0.733         0.773   0.744       281
1                          0.656     0.700         0.980   0.677        30
2                          0.742     0.758         0.775   0.750       265
*----------------------------------------*
2026-01-21 15:51:57,773 INFO Final validation 98/300, Val_acc: 0.8252, time 32.07sAccuracy: 0.868
class                  precision    recall   specificity      f1   support
--------------------------------------------------------------------------
0                          0.984     0.857         0.986   0.916        70
1                          0.375     0.750         0.926   0.500         8
2                          0.881     0.894         0.897   0.887        66
*========================================*
2026-01-21 15:52:01,297 INFO 0 Wed Jan 21 15:52:01 2026 Epoch: 99
2026-01-21 15:52:30,309 INFO Final training 99/300, loss: 0.6768, time 29.01s, lr: 0.007742
Accuracy: 0.679
class                  precision    recall   specificity      f1   support
--------------------------------------------------------------------------
0                          0.690     0.668         0.716   0.679       280
1                          0.667     0.733         0.980   0.698        30
2                          0.669     0.684         0.710   0.677       266
*----------------------------------------*
2026-01-21 15:52:30,309 INFO 0 Wed Jan 21 15:52:30 2026 Epoch: 100
2026-01-21 15:52:58,738 INFO Final training 100/300, loss: 0.6442, time 28.43s, lr: 0.007697
Accuracy: 0.701
class                  precision    recall   specificity      f1   support
--------------------------------------------------------------------------
0                          0.706     0.729         0.713   0.717       280
1                          0.606     0.667         0.976   0.635        30
2                          0.709     0.677         0.761   0.692       266
*----------------------------------------*
2026-01-21 15:53:31,210 INFO Final validation 100/300, Val_acc: 0.8530, time 32.47sAccuracy: 0.889
class                  precision    recall   specificity      f1   support
--------------------------------------------------------------------------
0                          0.925     0.886         0.932   0.905        70
1                          0.667     0.750         0.978   0.706         8
2                          0.882     0.909         0.897   0.896        66
*========================================*
2026-01-21 15:53:31,210 INFO New best (0.843750 --> 0.853009)
2026-01-21 15:53:36,340 INFO Copying best model to best_model.pt
2026-01-21 15:53:39,229 INFO 0 Wed Jan 21 15:53:39 2026 Epoch: 101
2026-01-21 15:54:07,864 INFO Final training 101/300, loss: 0.6397, time 28.64s, lr: 0.007652
Accuracy: 0.705
class                  precision    recall   specificity      f1   support
--------------------------------------------------------------------------
0                          0.721     0.690         0.746   0.705       281
1                          0.786     0.733         0.989   0.759        30
2                          0.681     0.717         0.714   0.699       265
*----------------------------------------*
2026-01-21 15:54:08,239 INFO 0 Wed Jan 21 15:54:08 2026 Epoch: 102
2026-01-21 15:54:37,560 INFO Final training 102/300, loss: 0.5924, time 29.32s, lr: 0.007607
Accuracy: 0.726
class                  precision    recall   specificity      f1   support
--------------------------------------------------------------------------
0                          0.735     0.719         0.753   0.727       281
1                          0.735     0.833         0.984   0.781        30
2                          0.715     0.721         0.756   0.718       265
*----------------------------------------*
2026-01-21 15:55:09,843 INFO Final validation 102/300, Val_acc: 0.8021, time 32.28sAccuracy: 0.847
class                  precision    recall   specificity      f1   support
--------------------------------------------------------------------------
0                          0.982     0.786         0.986   0.873        70
1                          0.400     0.750         0.934   0.522         8
2                          0.836     0.924         0.846   0.878        66
*========================================*
2026-01-21 15:55:13,352 INFO 0 Wed Jan 21 15:55:13 2026 Epoch: 103
2026-01-21 15:55:41,652 INFO Final training 103/300, loss: 0.6744, time 28.30s, lr: 0.007561
Accuracy: 0.694
class                  precision    recall   specificity      f1   support
--------------------------------------------------------------------------
0                          0.703     0.700         0.720   0.701       280
1                          0.719     0.767         0.984   0.742        30
2                          0.683     0.680         0.729   0.682       266
*----------------------------------------*
2026-01-21 15:55:41,652 INFO 0 Wed Jan 21 15:55:41 2026 Epoch: 104
2026-01-21 15:56:11,260 INFO Final training 104/300, loss: 0.6280, time 29.61s, lr: 0.007515
Accuracy: 0.734
class                  precision    recall   specificity      f1   support
--------------------------------------------------------------------------
0                          0.744     0.733         0.759   0.738       281
1                          0.677     0.700         0.982   0.689        30
2                          0.731     0.740         0.768   0.735       265
*----------------------------------------*
2026-01-21 15:56:45,835 INFO Final validation 104/300, Val_acc: 0.7813, time 34.57sAccuracy: 0.826
class                  precision    recall   specificity      f1   support
--------------------------------------------------------------------------
0                          0.933     0.800         0.946   0.862        70
1                          0.375     0.750         0.926   0.500         8
2                          0.838     0.864         0.859   0.851        66
*========================================*
2026-01-21 15:56:49,361 INFO 0 Wed Jan 21 15:56:49 2026 Epoch: 105
2026-01-21 15:57:18,456 INFO Final training 105/300, loss: 0.6098, time 29.09s, lr: 0.007469
Accuracy: 0.740
class                  precision    recall   specificity      f1   support
--------------------------------------------------------------------------
0                          0.743     0.732         0.760   0.737       280
1                          0.767     0.767         0.987   0.767        30
2                          0.733     0.744         0.768   0.739       266
*----------------------------------------*
2026-01-21 15:57:18,456 INFO 0 Wed Jan 21 15:57:18 2026 Epoch: 106
2026-01-21 15:57:47,360 INFO Final training 106/300, loss: 0.5911, time 28.90s, lr: 0.007423
Accuracy: 0.733
class                  precision    recall   specificity      f1   support
--------------------------------------------------------------------------
0                          0.745     0.721         0.767   0.733       280
1                          0.759     0.733         0.987   0.746        30
2                          0.717     0.744         0.748   0.731       266
*----------------------------------------*
2026-01-21 15:58:19,522 INFO Final validation 106/300, Val_acc: 0.8472, time 32.16sAccuracy: 0.889
class                  precision    recall   specificity      f1   support
--------------------------------------------------------------------------
0                          0.930     0.943         0.932   0.936        70
1                          0.400     0.750         0.934   0.522         8
2                          0.966     0.848         0.974   0.903        66
*========================================*
2026-01-21 15:58:23,026 INFO 0 Wed Jan 21 15:58:23 2026 Epoch: 107
2026-01-21 15:58:52,076 INFO Final training 107/300, loss: 0.5708, time 29.05s, lr: 0.007376
Accuracy: 0.727
class                  precision    recall   specificity      f1   support
--------------------------------------------------------------------------
0                          0.744     0.705         0.769   0.724       281
1                          0.697     0.767         0.982   0.730        30
2                          0.715     0.747         0.746   0.731       265
*----------------------------------------*
2026-01-21 15:58:52,076 INFO 0 Wed Jan 21 15:58:52 2026 Epoch: 108
2026-01-21 15:59:20,814 INFO Final training 108/300, loss: 0.6330, time 28.74s, lr: 0.007329
Accuracy: 0.684
class                  precision    recall   specificity      f1   support
--------------------------------------------------------------------------
0                          0.690     0.698         0.702   0.694       281
1                          0.611     0.733         0.974   0.667        30
2                          0.688     0.664         0.743   0.676       265
*----------------------------------------*
2026-01-21 15:59:52,738 INFO Final validation 108/300, Val_acc: 0.8009, time 31.92sAccuracy: 0.847
class                  precision    recall   specificity      f1   support
--------------------------------------------------------------------------
0                          0.967     0.829         0.973   0.892        70
1                          0.333     0.750         0.912   0.462         8
2                          0.879     0.879         0.897   0.879        66
*========================================*
2026-01-21 15:59:56,252 INFO 0 Wed Jan 21 15:59:56 2026 Epoch: 109
2026-01-21 16:00:25,425 INFO Final training 109/300, loss: 0.4975, time 29.17s, lr: 0.007282
Accuracy: 0.771
class                  precision    recall   specificity      f1   support
--------------------------------------------------------------------------
0                          0.788     0.757         0.807   0.772       280
1                          0.788     0.867         0.987   0.825        30
2                          0.752     0.774         0.781   0.763       266
*----------------------------------------*
2026-01-21 16:00:25,425 INFO 0 Wed Jan 21 16:00:25 2026 Epoch: 110
2026-01-21 16:00:54,355 INFO Final training 110/300, loss: 0.6168, time 28.93s, lr: 0.007234
Accuracy: 0.701
class                  precision    recall   specificity      f1   support
--------------------------------------------------------------------------
0                          0.704     0.687         0.725   0.695       281
1                          0.833     0.833         0.991   0.833        30
2                          0.684     0.702         0.723   0.693       265
*----------------------------------------*
2026-01-21 16:01:27,499 INFO Final validation 110/300, Val_acc: 0.8079, time 33.14sAccuracy: 0.854
class                  precision    recall   specificity      f1   support
--------------------------------------------------------------------------
0                          0.868     0.943         0.865   0.904        70
1                          0.400     0.750         0.934   0.522         8
2                          0.962     0.773         0.974   0.857        66
*========================================*
2026-01-21 16:01:31,011 INFO 0 Wed Jan 21 16:01:31 2026 Epoch: 111
2026-01-21 16:02:01,210 INFO Final training 111/300, loss: 0.6117, time 30.20s, lr: 0.007187
Accuracy: 0.715
class                  precision    recall   specificity      f1   support
--------------------------------------------------------------------------
0                          0.727     0.719         0.742   0.723       281
1                          0.697     0.767         0.982   0.730        30
2                          0.706     0.706         0.749   0.706       265
*----------------------------------------*
2026-01-21 16:02:01,620 INFO 0 Wed Jan 21 16:02:01 2026 Epoch: 112
2026-01-21 16:02:30,395 INFO Final training 112/300, loss: 0.5556, time 28.77s, lr: 0.007139
Accuracy: 0.753
class                  precision    recall   specificity      f1   support
--------------------------------------------------------------------------
0                          0.767     0.754         0.784   0.760       280
1                          0.697     0.767         0.982   0.730        30
2                          0.746     0.752         0.781   0.749       266
*----------------------------------------*
2026-01-21 16:03:02,862 INFO Final validation 112/300, Val_acc: 0.7083, time 32.47sAccuracy: 0.757
class                  precision    recall   specificity      f1   support
--------------------------------------------------------------------------
0                          0.977     0.600         0.986   0.743        70
1                          0.429     0.750         0.941   0.545         8
2                          0.701     0.924         0.667   0.797        66
*========================================*
2026-01-21 16:03:06,414 INFO 0 Wed Jan 21 16:03:06 2026 Epoch: 113
2026-01-21 16:03:35,233 INFO Final training 113/300, loss: 0.5460, time 28.82s, lr: 0.007090
Accuracy: 0.740
class                  precision    recall   specificity      f1   support
--------------------------------------------------------------------------
0                          0.748     0.732         0.767   0.740       280
1                          0.703     0.867         0.980   0.776        30
2                          0.736     0.733         0.774   0.734       266
*----------------------------------------*
2026-01-21 16:03:35,233 INFO 0 Wed Jan 21 16:03:35 2026 Epoch: 114
2026-01-21 16:04:04,188 INFO Final training 114/300, loss: 0.5853, time 28.95s, lr: 0.007042
Accuracy: 0.733
class                  precision    recall   specificity      f1   support
--------------------------------------------------------------------------
0                          0.739     0.744         0.749   0.741       281
1                          0.710     0.733         0.984   0.721        30
2                          0.729     0.721         0.772   0.725       265
*----------------------------------------*
2026-01-21 16:04:36,776 INFO Final validation 114/300, Val_acc: 0.8229, time 32.59sAccuracy: 0.868
class                  precision    recall   specificity      f1   support
--------------------------------------------------------------------------
0                          0.896     0.857         0.905   0.876        70
1                          0.600     0.750         0.971   0.667         8
2                          0.881     0.894         0.897   0.887        66
*========================================*
2026-01-21 16:04:40,692 INFO 0 Wed Jan 21 16:04:40 2026 Epoch: 115
2026-01-21 16:05:09,559 INFO Final training 115/300, loss: 0.5602, time 28.87s, lr: 0.006993
Accuracy: 0.734
class                  precision    recall   specificity      f1   support
--------------------------------------------------------------------------
0                          0.749     0.725         0.770   0.737       280
1                          0.781     0.833         0.987   0.806        30
2                          0.714     0.733         0.748   0.724       266
*----------------------------------------*
2026-01-21 16:05:09,559 INFO 0 Wed Jan 21 16:05:09 2026 Epoch: 116
2026-01-21 16:05:38,668 INFO Final training 116/300, loss: 0.6342, time 29.11s, lr: 0.006944
Accuracy: 0.667
class                  precision    recall   specificity      f1   support
--------------------------------------------------------------------------
0                          0.668     0.661         0.689   0.664       280
1                          0.719     0.767         0.984   0.742        30
2                          0.659     0.662         0.706   0.660       266
*----------------------------------------*
2026-01-21 16:06:10,886 INFO Final validation 116/300, Val_acc: 0.8148, time 32.22sAccuracy: 0.861
class                  precision    recall   specificity      f1   support
--------------------------------------------------------------------------
0                          0.878     0.929         0.878   0.903        70
1                          0.429     0.750         0.941   0.545         8
2                          0.946     0.803         0.962   0.869        66
*========================================*
2026-01-21 16:06:14,391 INFO 0 Wed Jan 21 16:06:14 2026 Epoch: 117
2026-01-21 16:06:42,953 INFO Final training 117/300, loss: 0.5804, time 28.56s, lr: 0.006895
Accuracy: 0.717
class                  precision    recall   specificity      f1   support
--------------------------------------------------------------------------
0                          0.724     0.719         0.739   0.721       281
1                          0.759     0.759         0.987   0.759        29
2                          0.705     0.711         0.745   0.708       266
*----------------------------------------*
2026-01-21 16:06:42,953 INFO 0 Wed Jan 21 16:06:42 2026 Epoch: 118
2026-01-21 16:07:11,558 INFO Final training 118/300, loss: 0.5962, time 28.61s, lr: 0.006846
Accuracy: 0.745
class                  precision    recall   specificity      f1   support
--------------------------------------------------------------------------
0                          0.751     0.751         0.763   0.751       281
1                          0.719     0.767         0.984   0.742        30
2                          0.741     0.736         0.781   0.739       265
*----------------------------------------*
2026-01-21 16:07:44,197 INFO Final validation 118/300, Val_acc: 0.7350, time 32.64sAccuracy: 0.785
class                  precision    recall   specificity      f1   support
--------------------------------------------------------------------------
0                          0.767     0.943         0.730   0.846        70
1                          0.400     0.750         0.934   0.522         8
2                          0.953     0.621         0.974   0.752        66
*========================================*
2026-01-21 16:07:47,951 INFO 0 Wed Jan 21 16:07:47 2026 Epoch: 119
2026-01-21 16:08:16,841 INFO Final training 119/300, loss: 0.5346, time 28.89s, lr: 0.006796
Accuracy: 0.748
class                  precision    recall   specificity      f1   support
--------------------------------------------------------------------------
0                          0.745     0.750         0.757   0.747       280
1                          0.818     0.900         0.989   0.857        30
2                          0.743     0.729         0.784   0.736       266
*----------------------------------------*
2026-01-21 16:08:16,841 INFO 0 Wed Jan 21 16:08:16 2026 Epoch: 120
2026-01-21 16:08:46,038 INFO Final training 120/300, loss: 0.6121, time 29.20s, lr: 0.006746
Accuracy: 0.733
class                  precision    recall   specificity      f1   support
--------------------------------------------------------------------------
0                          0.735     0.743         0.747   0.739       280
1                          0.724     0.700         0.985   0.712        30
2                          0.731     0.726         0.771   0.728       266
*----------------------------------------*
2026-01-21 16:09:18,557 INFO Final validation 120/300, Val_acc: 0.7535, time 32.52sAccuracy: 0.799
class                  precision    recall   specificity      f1   support
--------------------------------------------------------------------------
0                          0.980     0.686         0.986   0.807        70
1                          0.462     0.750         0.949   0.571         8
2                          0.744     0.924         0.731   0.824        66
*========================================*
2026-01-21 16:09:22,062 INFO 0 Wed Jan 21 16:09:22 2026 Epoch: 121
2026-01-21 16:09:50,893 INFO Final training 121/300, loss: 0.6088, time 28.83s, lr: 0.006696
Accuracy: 0.708
class                  precision    recall   specificity      f1   support
--------------------------------------------------------------------------
0                          0.715     0.718         0.730   0.717       280
1                          0.667     0.667         0.982   0.667        30
2                          0.706     0.703         0.748   0.704       266
*----------------------------------------*
2026-01-21 16:09:51,249 INFO 0 Wed Jan 21 16:09:51 2026 Epoch: 122
2026-01-21 16:10:20,202 INFO Final training 122/300, loss: 0.4811, time 28.95s, lr: 0.006646
Accuracy: 0.771
class                  precision    recall   specificity      f1   support
--------------------------------------------------------------------------
0                          0.790     0.751         0.810   0.770       281
1                          0.862     0.833         0.993   0.847        30
2                          0.743     0.785         0.768   0.763       265
*----------------------------------------*
2026-01-21 16:10:52,184 INFO Final validation 122/300, Val_acc: 0.8542, time 31.98sAccuracy: 0.896
class                  precision    recall   specificity      f1   support
--------------------------------------------------------------------------
0                          0.956     0.929         0.959   0.942        70
1                          0.400     0.750         0.934   0.522         8
2                          0.951     0.879         0.962   0.913        66
*========================================*
2026-01-21 16:10:52,184 INFO New best (0.853009 --> 0.854167)
2026-01-21 16:10:57,314 INFO Copying best model to best_model.pt
2026-01-21 16:11:00,252 INFO 0 Wed Jan 21 16:11:00 2026 Epoch: 123
2026-01-21 16:11:29,598 INFO Final training 123/300, loss: 0.5930, time 29.35s, lr: 0.006596
Accuracy: 0.726
class                  precision    recall   specificity      f1   support
--------------------------------------------------------------------------
0                          0.726     0.729         0.740   0.727       280
1                          0.846     0.733         0.993   0.786        30
2                          0.714     0.722         0.752   0.718       266
*----------------------------------------*
2026-01-21 16:11:29,599 INFO 0 Wed Jan 21 16:11:29 2026 Epoch: 124
2026-01-21 16:11:58,606 INFO Final training 124/300, loss: 0.5566, time 29.01s, lr: 0.006545
Accuracy: 0.733
class                  precision    recall   specificity      f1   support
--------------------------------------------------------------------------
0                          0.721     0.746         0.726   0.733       280
1                          0.923     0.800         0.996   0.857        30
2                          0.727     0.711         0.771   0.719       266
*----------------------------------------*
2026-01-21 16:12:30,651 INFO Final validation 124/300, Val_acc: 0.8576, time 32.04sAccuracy: 0.882
class                  precision    recall   specificity      f1   support
--------------------------------------------------------------------------
0                          0.967     0.829         0.973   0.892        70
1                          1.000     0.500         1.000   0.667         8
2                          0.812     0.985         0.808   0.890        66
*========================================*
2026-01-21 16:12:30,651 INFO New best (0.854167 --> 0.857639)
2026-01-21 16:12:35,516 INFO Copying best model to best_model.pt
2026-01-21 16:12:38,398 INFO 0 Wed Jan 21 16:12:38 2026 Epoch: 125
2026-01-21 16:13:07,387 INFO Final training 125/300, loss: 0.5762, time 28.99s, lr: 0.006494
Accuracy: 0.733
class                  precision    recall   specificity      f1   support
--------------------------------------------------------------------------
0                          0.734     0.737         0.746   0.735       281
1                          0.774     0.800         0.987   0.787        30
2                          0.726     0.721         0.768   0.723       265
*----------------------------------------*
2026-01-21 16:13:07,387 INFO 0 Wed Jan 21 16:13:07 2026 Epoch: 126
2026-01-21 16:13:36,124 INFO Final training 126/300, loss: 0.6143, time 28.74s, lr: 0.006443
Accuracy: 0.714
class                  precision    recall   specificity      f1   support
--------------------------------------------------------------------------
0                          0.721     0.721         0.736   0.721       280
1                          0.720     0.600         0.987   0.655        30
2                          0.705     0.718         0.742   0.711       266
*----------------------------------------*
2026-01-21 16:14:08,373 INFO Final validation 126/300, Val_acc: 0.8044, time 32.25sAccuracy: 0.854
class                  precision    recall   specificity      f1   support
--------------------------------------------------------------------------
0                          0.967     0.843         0.973   0.901        70
1                          0.353     0.750         0.919   0.480         8
2                          0.879     0.879         0.897   0.879        66
*========================================*
2026-01-21 16:14:11,900 INFO 0 Wed Jan 21 16:14:11 2026 Epoch: 127
2026-01-21 16:14:41,152 INFO Final training 127/300, loss: 0.5507, time 29.25s, lr: 0.006392
Accuracy: 0.734
class                  precision    recall   specificity      f1   support
--------------------------------------------------------------------------
0                          0.739     0.718         0.760   0.728       280
1                          0.828     0.800         0.991   0.814        30
2                          0.720     0.744         0.752   0.732       266
*----------------------------------------*
2026-01-21 16:14:41,152 INFO 0 Wed Jan 21 16:14:41 2026 Epoch: 128
2026-01-21 16:15:10,152 INFO Final training 128/300, loss: 0.5258, time 29.00s, lr: 0.006341
Accuracy: 0.729
class                  precision    recall   specificity      f1   support
--------------------------------------------------------------------------
0                          0.724     0.739         0.733   0.731       280
1                          0.794     0.900         0.987   0.844        30
2                          0.727     0.699         0.774   0.713       266
*----------------------------------------*
2026-01-21 16:15:42,629 INFO Final validation 128/300, Val_acc: 0.8762, time 32.48sAccuracy: 0.910
class                  precision    recall   specificity      f1   support
--------------------------------------------------------------------------
0                          0.943     0.943         0.946   0.943        70
1                          0.462     0.750         0.949   0.571         8
2                          0.967     0.894         0.974   0.929        66
*========================================*
2026-01-21 16:15:42,629 INFO New best (0.857639 --> 0.876157)
2026-01-21 16:15:47,751 INFO Copying best model to best_model.pt
2026-01-21 16:15:50,678 INFO 0 Wed Jan 21 16:15:50 2026 Epoch: 129
2026-01-21 16:16:19,441 INFO Final training 129/300, loss: 0.5617, time 28.76s, lr: 0.006290
Accuracy: 0.734
class                  precision    recall   specificity      f1   support
--------------------------------------------------------------------------
0                          0.745     0.726         0.763   0.735       281
1                          0.857     0.800         0.993   0.828        30
2                          0.712     0.736         0.746   0.724       265
*----------------------------------------*
2026-01-21 16:16:19,441 INFO 0 Wed Jan 21 16:16:19 2026 Epoch: 130
2026-01-21 16:16:48,464 INFO Final training 130/300, loss: 0.5313, time 29.02s, lr: 0.006238
Accuracy: 0.764
class                  precision    recall   specificity      f1   support
--------------------------------------------------------------------------
0                          0.761     0.772         0.769   0.767       281
1                          0.710     0.759         0.984   0.733        29
2                          0.773     0.756         0.810   0.764       266
*----------------------------------------*
2026-01-21 16:17:20,484 INFO Final validation 130/300, Val_acc: 0.8218, time 32.02sAccuracy: 0.868
class                  precision    recall   specificity      f1   support
--------------------------------------------------------------------------
0                          0.938     0.871         0.946   0.904        70
1                          0.400     0.750         0.934   0.522         8
2                          0.906     0.879         0.923   0.892        66
*========================================*
2026-01-21 16:17:23,983 INFO 0 Wed Jan 21 16:17:23 2026 Epoch: 131
2026-01-21 16:17:52,178 INFO Final training 131/300, loss: 0.5763, time 28.19s, lr: 0.006187
Accuracy: 0.743
class                  precision    recall   specificity      f1   support
--------------------------------------------------------------------------
0                          0.741     0.757         0.750   0.749       280
1                          0.857     0.800         0.993   0.828        30
2                          0.733     0.722         0.774   0.727       266
*----------------------------------------*
2026-01-21 16:17:52,562 INFO 0 Wed Jan 21 16:17:52 2026 Epoch: 132
2026-01-21 16:18:21,492 INFO Final training 132/300, loss: 0.5689, time 28.93s, lr: 0.006135
Accuracy: 0.715
class                  precision    recall   specificity      f1   support
--------------------------------------------------------------------------
0                          0.727     0.714         0.747   0.721       280
1                          0.793     0.767         0.989   0.780        30
2                          0.695     0.711         0.732   0.703       266
*----------------------------------------*
2026-01-21 16:18:56,047 INFO Final validation 132/300, Val_acc: 0.7859, time 34.55sAccuracy: 0.833
class                  precision    recall   specificity      f1   support
--------------------------------------------------------------------------
0                          0.965     0.786         0.973   0.866        70
1                          0.375     0.750         0.926   0.500         8
2                          0.831     0.894         0.846   0.861        66
*========================================*
2026-01-21 16:18:59,557 INFO 0 Wed Jan 21 16:18:59 2026 Epoch: 133
2026-01-21 16:19:28,413 INFO Final training 133/300, loss: 0.5106, time 28.85s, lr: 0.006083
Accuracy: 0.715
class                  precision    recall   specificity      f1   support
--------------------------------------------------------------------------
0                          0.715     0.700         0.736   0.708       280
1                          0.966     0.933         0.998   0.949        30
2                          0.689     0.707         0.726   0.698       266
*----------------------------------------*
2026-01-21 16:19:28,413 INFO 0 Wed Jan 21 16:19:28 2026 Epoch: 134
2026-01-21 16:19:57,261 INFO Final training 134/300, loss: 0.5198, time 28.85s, lr: 0.006031
Accuracy: 0.747
class                  precision    recall   specificity      f1   support
--------------------------------------------------------------------------
0                          0.734     0.758         0.739   0.746       281
1                          0.879     0.967         0.993   0.921        30
2                          0.743     0.709         0.791   0.726       265
*----------------------------------------*
2026-01-21 16:20:29,607 INFO Final validation 134/300, Val_acc: 0.8484, time 32.35sAccuracy: 0.889
class                  precision    recall   specificity      f1   support
--------------------------------------------------------------------------
0                          0.984     0.871         0.986   0.924        70
1                          0.429     0.750         0.941   0.545         8
2                          0.897     0.924         0.910   0.910        66
*========================================*
2026-01-21 16:20:33,104 INFO 0 Wed Jan 21 16:20:33 2026 Epoch: 135
2026-01-21 16:21:01,879 INFO Final training 135/300, loss: 0.5680, time 28.77s, lr: 0.005979
Accuracy: 0.717
class                  precision    recall   specificity      f1   support
--------------------------------------------------------------------------
0                          0.723     0.705         0.742   0.714       281
1                          0.844     0.900         0.991   0.871        30
2                          0.696     0.709         0.736   0.703       265
*----------------------------------------*
2026-01-21 16:21:01,879 INFO 0 Wed Jan 21 16:21:01 2026 Epoch: 136
2026-01-21 16:21:31,328 INFO Final training 136/300, loss: 0.5566, time 29.45s, lr: 0.005926
Accuracy: 0.729
class                  precision    recall   specificity      f1   support
--------------------------------------------------------------------------
0                          0.738     0.712         0.759   0.725       281
1                          0.821     0.793         0.991   0.807        29
2                          0.711     0.741         0.742   0.726       266
*----------------------------------------*
2026-01-21 16:22:03,896 INFO Final validation 136/300, Val_acc: 0.8646, time 32.57sAccuracy: 0.896
class                  precision    recall   specificity      f1   support
--------------------------------------------------------------------------
0                          0.930     0.943         0.932   0.936        70
1                          0.429     0.750         0.941   0.545         8
2                          0.966     0.864         0.974   0.912        66
*========================================*
2026-01-21 16:22:07,484 INFO 0 Wed Jan 21 16:22:07 2026 Epoch: 137
2026-01-21 16:22:36,483 INFO Final training 137/300, loss: 0.5264, time 29.00s, lr: 0.005874
Accuracy: 0.748
class                  precision    recall   specificity      f1   support
--------------------------------------------------------------------------
0                          0.742     0.750         0.753   0.746       280
1                          0.788     0.867         0.987   0.825        30
2                          0.750     0.733         0.790   0.741       266
*----------------------------------------*
2026-01-21 16:22:36,483 INFO 0 Wed Jan 21 16:22:36 2026 Epoch: 138
2026-01-21 16:23:05,235 INFO Final training 138/300, loss: 0.4837, time 28.75s, lr: 0.005822
Accuracy: 0.734
class                  precision    recall   specificity      f1   support
--------------------------------------------------------------------------
0                          0.732     0.740         0.742   0.736       281
1                          0.844     0.900         0.991   0.871        30
2                          0.723     0.709         0.768   0.716       265
*----------------------------------------*
2026-01-21 16:23:37,667 INFO Final validation 138/300, Val_acc: 0.8426, time 32.43sAccuracy: 0.882
class                  precision    recall   specificity      f1   support
--------------------------------------------------------------------------
0                          0.938     0.871         0.946   0.904        70
1                          0.500     0.750         0.956   0.600         8
2                          0.896     0.909         0.910   0.902        66
*========================================*
2026-01-21 16:23:41,187 INFO 0 Wed Jan 21 16:23:41 2026 Epoch: 139
2026-01-21 16:24:10,483 INFO Final training 139/300, loss: 0.5373, time 29.30s, lr: 0.005769
Accuracy: 0.747
class                  precision    recall   specificity      f1   support
--------------------------------------------------------------------------
0                          0.756     0.740         0.773   0.748       281
1                          0.833     0.833         0.991   0.833        30
2                          0.727     0.743         0.762   0.735       265
*----------------------------------------*
2026-01-21 16:24:10,483 INFO 0 Wed Jan 21 16:24:10 2026 Epoch: 140
2026-01-21 16:24:39,237 INFO Final training 140/300, loss: 0.4790, time 28.75s, lr: 0.005716
Accuracy: 0.764
class                  precision    recall   specificity      f1   support
--------------------------------------------------------------------------
0                          0.765     0.754         0.780   0.760       281
1                          0.839     0.867         0.991   0.852        30
2                          0.754     0.762         0.788   0.758       265
*----------------------------------------*
2026-01-21 16:25:11,565 INFO Final validation 140/300, Val_acc: 0.8472, time 32.33sAccuracy: 0.882
class                  precision    recall   specificity      f1   support
--------------------------------------------------------------------------
0                          0.938     0.857         0.946   0.896        70
1                          0.545     0.750         0.963   0.632         8
2                          0.884     0.924         0.897   0.904        66
*========================================*
2026-01-21 16:25:15,088 INFO 0 Wed Jan 21 16:25:15 2026 Epoch: 141
2026-01-21 16:25:43,714 INFO Final training 141/300, loss: 0.5203, time 28.63s, lr: 0.005664
Accuracy: 0.757
class                  precision    recall   specificity      f1   support
--------------------------------------------------------------------------
0                          0.756     0.751         0.769   0.754       281
1                          0.933     0.933         0.996   0.933        30
2                          0.738     0.743         0.775   0.741       265
*----------------------------------------*
2026-01-21 16:25:44,102 INFO 0 Wed Jan 21 16:25:44 2026 Epoch: 142
2026-01-21 16:26:13,509 INFO Final training 142/300, loss: 0.5432, time 29.41s, lr: 0.005611
Accuracy: 0.724
class                  precision    recall   specificity      f1   support
--------------------------------------------------------------------------
0                          0.726     0.729         0.740   0.727       280
1                          0.765     0.867         0.985   0.812        30
2                          0.716     0.703         0.761   0.710       266
*----------------------------------------*
2026-01-21 16:26:45,608 INFO Final validation 142/300, Val_acc: 0.8553, time 32.10sAccuracy: 0.896
class                  precision    recall   specificity      f1   support
--------------------------------------------------------------------------
0                          0.942     0.929         0.946   0.935        70
1                          0.429     0.750         0.941   0.545         8
2                          0.951     0.879         0.962   0.913        66
*========================================*
2026-01-21 16:26:49,115 INFO 0 Wed Jan 21 16:26:49 2026 Epoch: 143
2026-01-21 16:27:19,094 INFO Final training 143/300, loss: 0.5002, time 29.98s, lr: 0.005558
Accuracy: 0.757
class                  precision    recall   specificity      f1   support
--------------------------------------------------------------------------
0                          0.747     0.771         0.753   0.759       280
1                          0.929     0.867         0.996   0.897        30
2                          0.749     0.729         0.790   0.739       266
*----------------------------------------*
2026-01-21 16:27:19,095 INFO 0 Wed Jan 21 16:27:19 2026 Epoch: 144
2026-01-21 16:27:47,854 INFO Final training 144/300, loss: 0.4811, time 28.76s, lr: 0.005505
Accuracy: 0.741
class                  precision    recall   specificity      f1   support
--------------------------------------------------------------------------
0                          0.750     0.715         0.773   0.732       281
1                          0.909     1.000         0.995   0.952        30
2                          0.713     0.740         0.746   0.726       265
*----------------------------------------*
2026-01-21 16:28:19,832 INFO Final validation 144/300, Val_acc: 0.8056, time 31.98sAccuracy: 0.854
class                  precision    recall   specificity      f1   support
--------------------------------------------------------------------------
0                          0.889     0.914         0.892   0.901        70
1                          0.400     0.750         0.934   0.522         8
2                          0.930     0.803         0.949   0.862        66
*========================================*
2026-01-21 16:28:23,439 INFO 0 Wed Jan 21 16:28:23 2026 Epoch: 145
2026-01-21 16:28:51,850 INFO Final training 145/300, loss: 0.5480, time 28.41s, lr: 0.005452
Accuracy: 0.734
class                  precision    recall   specificity      f1   support
--------------------------------------------------------------------------
0                          0.720     0.761         0.720   0.740       280
1                          0.931     0.900         0.996   0.915        30
2                          0.729     0.688         0.781   0.708       266
*----------------------------------------*
2026-01-21 16:28:51,850 INFO 0 Wed Jan 21 16:28:51 2026 Epoch: 146
2026-01-21 16:29:20,856 INFO Final training 146/300, loss: 0.5199, time 29.01s, lr: 0.005399
Accuracy: 0.755
class                  precision    recall   specificity      f1   support
--------------------------------------------------------------------------
0                          0.750     0.758         0.759   0.754       281
1                          0.867     0.897         0.993   0.881        29
2                          0.748     0.737         0.787   0.742       266
*----------------------------------------*
2026-01-21 16:29:53,084 INFO Final validation 146/300, Val_acc: 0.8762, time 32.23sAccuracy: 0.910
class                  precision    recall   specificity      f1   support
--------------------------------------------------------------------------
0                          0.984     0.900         0.986   0.940        70
1                          0.462     0.750         0.949   0.571         8
2                          0.925     0.939         0.936   0.932        66
*========================================*
2026-01-21 16:29:56,921 INFO 0 Wed Jan 21 16:29:56 2026 Epoch: 147
2026-01-21 16:30:25,963 INFO Final training 147/300, loss: 0.6146, time 29.04s, lr: 0.005346
Accuracy: 0.717
class                  precision    recall   specificity      f1   support
--------------------------------------------------------------------------
0                          0.703     0.733         0.705   0.718       281
1                          0.742     0.767         0.985   0.754        30
2                          0.730     0.694         0.781   0.712       265
*----------------------------------------*
2026-01-21 16:30:25,963 INFO 0 Wed Jan 21 16:30:25 2026 Epoch: 148
2026-01-21 16:30:54,663 INFO Final training 148/300, loss: 0.4831, time 28.70s, lr: 0.005293
Accuracy: 0.767
class                  precision    recall   specificity      f1   support
--------------------------------------------------------------------------
0                          0.775     0.764         0.791   0.770       280
1                          0.828     0.800         0.991   0.814        30
2                          0.753     0.767         0.784   0.760       266
*----------------------------------------*
2026-01-21 16:31:27,533 INFO Final validation 148/300, Val_acc: 0.8102, time 32.87sAccuracy: 0.854
class                  precision    recall   specificity      f1   support
--------------------------------------------------------------------------
0                          0.878     0.929         0.878   0.903        70
1                          0.400     0.750         0.934   0.522         8
2                          0.945     0.788         0.962   0.860        66
*========================================*
2026-01-21 16:31:31,043 INFO 0 Wed Jan 21 16:31:31 2026 Epoch: 149
2026-01-21 16:32:00,517 INFO Final training 149/300, loss: 0.4493, time 29.47s, lr: 0.005240
Accuracy: 0.785
class                  precision    recall   specificity      f1   support
--------------------------------------------------------------------------
0                          0.777     0.794         0.783   0.785       281
1                          0.806     0.833         0.989   0.820        30
2                          0.791     0.770         0.826   0.780       265
*----------------------------------------*
2026-01-21 16:32:00,517 INFO 0 Wed Jan 21 16:32:00 2026 Epoch: 150
2026-01-21 16:32:29,345 INFO Final training 150/300, loss: 0.4631, time 28.83s, lr: 0.005186
Accuracy: 0.776
class                  precision    recall   specificity      f1   support
--------------------------------------------------------------------------
0                          0.778     0.764         0.794   0.771       280
1                          0.897     0.867         0.995   0.881        30
2                          0.761     0.778         0.790   0.770       266
*----------------------------------------*
2026-01-21 16:33:01,448 INFO Final validation 150/300, Val_acc: 0.8692, time 32.10sAccuracy: 0.903
class                  precision    recall   specificity      f1   support
--------------------------------------------------------------------------
0                          0.970     0.914         0.973   0.941        70
1                          0.429     0.750         0.941   0.545         8
2                          0.938     0.909         0.949   0.923        66
*========================================*
2026-01-21 16:33:05,270 INFO 0 Wed Jan 21 16:33:05 2026 Epoch: 151
2026-01-21 16:33:36,084 INFO Final training 151/300, loss: 0.4586, time 30.81s, lr: 0.005133
Accuracy: 0.766
class                  precision    recall   specificity      f1   support
--------------------------------------------------------------------------
0                          0.761     0.771         0.770   0.766       280
1                          0.875     0.933         0.993   0.903        30
2                          0.758     0.741         0.797   0.749       266
*----------------------------------------*
2026-01-21 16:33:36,449 INFO 0 Wed Jan 21 16:33:36 2026 Epoch: 152
2026-01-21 16:34:05,891 INFO Final training 152/300, loss: 0.4589, time 29.44s, lr: 0.005080
Accuracy: 0.752
class                  precision    recall   specificity      f1   support
--------------------------------------------------------------------------
0                          0.758     0.729         0.780   0.743       280
1                          0.806     0.833         0.989   0.820        30
2                          0.739     0.767         0.768   0.753       266
*----------------------------------------*
2026-01-21 16:34:38,120 INFO Final validation 152/300, Val_acc: 0.8519, time 32.23sAccuracy: 0.889
class                  precision    recall   specificity      f1   support
--------------------------------------------------------------------------
0                          0.904     0.943         0.905   0.923        70
1                          0.462     0.750         0.949   0.571         8
2                          0.966     0.848         0.974   0.903        66
*========================================*
2026-01-21 16:34:41,628 INFO 0 Wed Jan 21 16:34:41 2026 Epoch: 153
2026-01-21 16:35:10,312 INFO Final training 153/300, loss: 0.5079, time 28.68s, lr: 0.005027
Accuracy: 0.757
class                  precision    recall   specificity      f1   support
--------------------------------------------------------------------------
0                          0.747     0.779         0.750   0.762       280
1                          0.824     0.933         0.989   0.875        30
2                          0.760     0.714         0.806   0.736       266
*----------------------------------------*
2026-01-21 16:35:10,312 INFO 0 Wed Jan 21 16:35:10 2026 Epoch: 154
2026-01-21 16:35:39,775 INFO Final training 154/300, loss: 0.5453, time 29.46s, lr: 0.004973
Accuracy: 0.734
class                  precision    recall   specificity      f1   support
--------------------------------------------------------------------------
0                          0.731     0.737         0.742   0.734       281
1                          0.793     0.793         0.989   0.793        29
2                          0.731     0.726         0.771   0.728       266
*----------------------------------------*
2026-01-21 16:36:12,875 INFO Final validation 154/300, Val_acc: 0.8727, time 33.10sAccuracy: 0.903
class                  precision    recall   specificity      f1   support
--------------------------------------------------------------------------
0                          0.955     0.914         0.959   0.934        70
1                          0.462     0.750         0.949   0.571         8
2                          0.938     0.909         0.949   0.923        66
*========================================*
2026-01-21 16:36:16,385 INFO 0 Wed Jan 21 16:36:16 2026 Epoch: 155
2026-01-21 16:36:45,626 INFO Final training 155/300, loss: 0.4581, time 29.24s, lr: 0.004920
Accuracy: 0.771
class                  precision    recall   specificity      f1   support
--------------------------------------------------------------------------
0                          0.774     0.771         0.787   0.773       280
1                          0.862     0.833         0.993   0.847        30
2                          0.757     0.763         0.790   0.760       266
*----------------------------------------*
2026-01-21 16:36:45,626 INFO 0 Wed Jan 21 16:36:45 2026 Epoch: 156
2026-01-21 16:37:13,917 INFO Final training 156/300, loss: 0.5474, time 28.29s, lr: 0.004867
Accuracy: 0.715
class                  precision    recall   specificity      f1   support
--------------------------------------------------------------------------
0                          0.717     0.707         0.736   0.712       280
1                          0.933     0.933         0.996   0.933        30
2                          0.689     0.699         0.729   0.694       266
*----------------------------------------*
2026-01-21 16:37:46,088 INFO Final validation 156/300, Val_acc: 0.8472, time 32.17sAccuracy: 0.882
class                  precision    recall   specificity      f1   support
--------------------------------------------------------------------------
0                          0.954     0.886         0.959   0.919        70
1                          0.429     0.750         0.941   0.545         8
2                          0.908     0.894         0.923   0.901        66
*========================================*
2026-01-21 16:37:49,622 INFO 0 Wed Jan 21 16:37:49 2026 Epoch: 157
2026-01-21 16:38:19,206 INFO Final training 157/300, loss: 0.4661, time 29.58s, lr: 0.004814
Accuracy: 0.753
class                  precision    recall   specificity      f1   support
--------------------------------------------------------------------------
0                          0.737     0.779         0.736   0.758       281
1                          0.875     0.933         0.993   0.903        30
2                          0.757     0.706         0.807   0.730       265
*----------------------------------------*
2026-01-21 16:38:19,206 INFO 0 Wed Jan 21 16:38:19 2026 Epoch: 158
2026-01-21 16:38:47,690 INFO Final training 158/300, loss: 0.5013, time 28.48s, lr: 0.004760
Accuracy: 0.740
class                  precision    recall   specificity      f1   support
--------------------------------------------------------------------------
0                          0.752     0.725         0.774   0.738       280
1                          0.793     0.767         0.989   0.780        30
2                          0.722     0.752         0.752   0.737       266
*----------------------------------------*
2026-01-21 16:39:19,897 INFO Final validation 158/300, Val_acc: 0.8449, time 32.21sAccuracy: 0.882
class                  precision    recall   specificity      f1   support
--------------------------------------------------------------------------
0                          0.939     0.886         0.946   0.912        70
1                          0.462     0.750         0.949   0.571         8
2                          0.908     0.894         0.923   0.901        66
*========================================*
2026-01-21 16:39:23,391 INFO 0 Wed Jan 21 16:39:23 2026 Epoch: 159
2026-01-21 16:39:52,536 INFO Final training 159/300, loss: 0.4800, time 29.15s, lr: 0.004707
Accuracy: 0.748
class                  precision    recall   specificity      f1   support
--------------------------------------------------------------------------
0                          0.760     0.725         0.784   0.742       280
1                          0.829     0.967         0.989   0.892        30
2                          0.726     0.748         0.758   0.737       266
*----------------------------------------*
2026-01-21 16:39:52,536 INFO 0 Wed Jan 21 16:39:52 2026 Epoch: 160
2026-01-21 16:40:22,520 INFO Final training 160/300, loss: 0.5712, time 29.98s, lr: 0.004654
Accuracy: 0.719
class                  precision    recall   specificity      f1   support
--------------------------------------------------------------------------
0                          0.715     0.736         0.723   0.725       280
1                          0.852     0.767         0.993   0.807        30
2                          0.709     0.695         0.755   0.702       266
*----------------------------------------*
2026-01-21 16:40:58,122 INFO Final validation 160/300, Val_acc: 0.8414, time 35.60sAccuracy: 0.882
class                  precision    recall   specificity      f1   support
--------------------------------------------------------------------------
0                          0.880     0.943         0.878   0.910        70
1                          0.500     0.750         0.956   0.600         8
2                          0.965     0.833         0.974   0.894        66
*========================================*
2026-01-21 16:41:01,629 INFO 0 Wed Jan 21 16:41:01 2026 Epoch: 161
2026-01-21 16:41:30,165 INFO Final training 161/300, loss: 0.4757, time 28.54s, lr: 0.004601
Accuracy: 0.755
class                  precision    recall   specificity      f1   support
--------------------------------------------------------------------------
0                          0.759     0.754         0.774   0.756       280
1                          0.794     0.900         0.987   0.844        30
2                          0.746     0.741         0.784   0.743       266
*----------------------------------------*
2026-01-21 16:41:30,560 INFO 0 Wed Jan 21 16:41:30 2026 Epoch: 162
2026-01-21 16:41:59,459 INFO Final training 162/300, loss: 0.5207, time 28.90s, lr: 0.004548
Accuracy: 0.752
class                  precision    recall   specificity      f1   support
--------------------------------------------------------------------------
0                          0.745     0.758         0.753   0.751       281
1                          0.903     0.933         0.995   0.918        30
2                          0.741     0.725         0.785   0.733       265
*----------------------------------------*
2026-01-21 16:42:31,694 INFO Final validation 162/300, Val_acc: 0.8646, time 32.23sAccuracy: 0.896
class                  precision    recall   specificity      f1   support
--------------------------------------------------------------------------
0                          0.940     0.900         0.946   0.920        70
1                          0.500     0.750         0.956   0.600         8
2                          0.923     0.909         0.936   0.916        66
*========================================*
2026-01-21 16:42:35,216 INFO 0 Wed Jan 21 16:42:35 2026 Epoch: 163
2026-01-21 16:43:04,299 INFO Final training 163/300, loss: 0.4666, time 29.08s, lr: 0.004495
Accuracy: 0.745
class                  precision    recall   specificity      f1   support
--------------------------------------------------------------------------
0                          0.747     0.739         0.764   0.743       280
1                          0.862     0.833         0.993   0.847        30
2                          0.730     0.741         0.765   0.735       266
*----------------------------------------*
2026-01-21 16:43:04,299 INFO 0 Wed Jan 21 16:43:04 2026 Epoch: 164
2026-01-21 16:43:33,401 INFO Final training 164/300, loss: 0.5645, time 29.10s, lr: 0.004442
Accuracy: 0.724
class                  precision    recall   specificity      f1   support
--------------------------------------------------------------------------
0                          0.722     0.725         0.736   0.724       280
1                          0.885     0.767         0.995   0.821        30
2                          0.710     0.718         0.748   0.714       266
*----------------------------------------*
2026-01-21 16:44:05,940 INFO Final validation 164/300, Val_acc: 0.8623, time 32.54sAccuracy: 0.896
class                  precision    recall   specificity      f1   support
--------------------------------------------------------------------------
0                          0.955     0.914         0.959   0.934        70
1                          0.429     0.750         0.941   0.545         8
2                          0.937     0.894         0.949   0.915        66
*========================================*
2026-01-21 16:44:09,456 INFO 0 Wed Jan 21 16:44:09 2026 Epoch: 165
2026-01-21 16:44:38,918 INFO Final training 165/300, loss: 0.4655, time 29.46s, lr: 0.004389
Accuracy: 0.778
class                  precision    recall   specificity      f1   support
--------------------------------------------------------------------------
0                          0.782     0.768         0.797   0.775       280
1                          0.871     0.900         0.993   0.885        30
2                          0.763     0.774         0.794   0.769       266
*----------------------------------------*
2026-01-21 16:44:38,918 INFO 0 Wed Jan 21 16:44:38 2026 Epoch: 166
2026-01-21 16:45:07,722 INFO Final training 166/300, loss: 0.4806, time 28.80s, lr: 0.004336
Accuracy: 0.734
class                  precision    recall   specificity      f1   support
--------------------------------------------------------------------------
0                          0.726     0.746         0.733   0.736       280
1                          0.824     0.933         0.989   0.875        30
2                          0.732     0.699         0.781   0.715       266
*----------------------------------------*
2026-01-21 16:45:40,020 INFO Final validation 166/300, Val_acc: 0.8403, time 32.30sAccuracy: 0.882
class                  precision    recall   specificity      f1   support
--------------------------------------------------------------------------
0                          0.955     0.900         0.959   0.926        70
1                          0.353     0.750         0.919   0.480         8
2                          0.951     0.879         0.962   0.913        66
*========================================*
2026-01-21 16:45:43,525 INFO 0 Wed Jan 21 16:45:43 2026 Epoch: 167
2026-01-21 16:46:12,744 INFO Final training 167/300, loss: 0.4811, time 29.22s, lr: 0.004284
Accuracy: 0.760
class                  precision    recall   specificity      f1   support
--------------------------------------------------------------------------
0                          0.772     0.737         0.793   0.754       281
1                          0.844     0.931         0.991   0.885        29
2                          0.739     0.767         0.768   0.753       266
*----------------------------------------*
2026-01-21 16:46:12,744 INFO 0 Wed Jan 21 16:46:12 2026 Epoch: 168
2026-01-21 16:46:41,879 INFO Final training 168/300, loss: 0.4480, time 29.13s, lr: 0.004231
Accuracy: 0.767
class                  precision    recall   specificity      f1   support
--------------------------------------------------------------------------
0                          0.760     0.776         0.766   0.768       281
1                          0.903     0.933         0.995   0.918        30
2                          0.760     0.740         0.801   0.750       265
*----------------------------------------*
2026-01-21 16:47:14,019 INFO Final validation 168/300, Val_acc: 0.7975, time 32.14sAccuracy: 0.847
class                  precision    recall   specificity      f1   support
--------------------------------------------------------------------------
0                          0.965     0.786         0.973   0.866        70
1                          0.462     0.750         0.949   0.571         8
2                          0.824     0.924         0.833   0.871        66
*========================================*
2026-01-21 16:47:17,528 INFO 0 Wed Jan 21 16:47:17 2026 Epoch: 169
2026-01-21 16:47:47,587 INFO Final training 169/300, loss: 0.5603, time 30.06s, lr: 0.004178
Accuracy: 0.733
class                  precision    recall   specificity      f1   support
--------------------------------------------------------------------------
0                          0.731     0.739         0.743   0.735       280
1                          0.923     0.800         0.996   0.857        30
2                          0.715     0.718         0.755   0.717       266
*----------------------------------------*
2026-01-21 16:47:47,587 INFO 0 Wed Jan 21 16:47:47 2026 Epoch: 170
2026-01-21 16:48:17,990 INFO Final training 170/300, loss: 0.5102, time 30.40s, lr: 0.004126
Accuracy: 0.733
class                  precision    recall   specificity      f1   support
--------------------------------------------------------------------------
0                          0.726     0.744         0.732   0.735       281
1                          0.862     0.833         0.993   0.847        30
2                          0.726     0.709         0.772   0.718       265
*----------------------------------------*
2026-01-21 16:48:50,285 INFO Final validation 170/300, Val_acc: 0.8079, time 32.30sAccuracy: 0.861
class                  precision    recall   specificity      f1   support
--------------------------------------------------------------------------
0                          0.914     0.914         0.919   0.914        70
1                          0.375     0.750         0.926   0.500         8
2                          0.931     0.818         0.949   0.871        66
*========================================*
2026-01-21 16:48:53,816 INFO 0 Wed Jan 21 16:48:53 2026 Epoch: 171
2026-01-21 16:49:22,521 INFO Final training 171/300, loss: 0.4303, time 28.71s, lr: 0.004074
Accuracy: 0.778
class                  precision    recall   specificity      f1   support
--------------------------------------------------------------------------
0                          0.785     0.779         0.797   0.782       281
1                          0.839     0.867         0.991   0.852        30
2                          0.763     0.766         0.797   0.765       265
*----------------------------------------*
2026-01-21 16:49:22,946 INFO 0 Wed Jan 21 16:49:22 2026 Epoch: 172
2026-01-21 16:49:51,649 INFO Final training 172/300, loss: 0.4936, time 28.70s, lr: 0.004021
Accuracy: 0.750
class                  precision    recall   specificity      f1   support
--------------------------------------------------------------------------
0                          0.747     0.761         0.757   0.754       280
1                          0.900     0.900         0.995   0.900        30
2                          0.736     0.722         0.777   0.729       266
*----------------------------------------*
2026-01-21 16:50:23,656 INFO Final validation 172/300, Val_acc: 0.8646, time 32.01sAccuracy: 0.896
class                  precision    recall   specificity      f1   support
--------------------------------------------------------------------------
0                          0.955     0.914         0.959   0.934        70
1                          0.429     0.750         0.941   0.545         8
2                          0.937     0.894         0.949   0.915        66
*========================================*
2026-01-21 16:50:27,237 INFO 0 Wed Jan 21 16:50:27 2026 Epoch: 173
2026-01-21 16:50:56,401 INFO Final training 173/300, loss: 0.4450, time 29.16s, lr: 0.003969
Accuracy: 0.792
class                  precision    recall   specificity      f1   support
--------------------------------------------------------------------------
0                          0.784     0.793         0.794   0.789       280
1                          0.963     0.867         0.998   0.912        30
2                          0.782     0.782         0.813   0.782       266
*----------------------------------------*
2026-01-21 16:50:56,402 INFO 0 Wed Jan 21 16:50:56 2026 Epoch: 174
2026-01-21 16:51:25,426 INFO Final training 174/300, loss: 0.4425, time 29.02s, lr: 0.003917
Accuracy: 0.740
class                  precision    recall   specificity      f1   support
--------------------------------------------------------------------------
0                          0.723     0.764         0.723   0.743       280
1                          0.935     0.967         0.996   0.951        30
2                          0.735     0.688         0.787   0.711       266
*----------------------------------------*
2026-01-21 16:51:58,457 INFO Final validation 174/300, Val_acc: 0.8924, time 33.03sAccuracy: 0.917
class                  precision    recall   specificity      f1   support
--------------------------------------------------------------------------
0                          0.956     0.929         0.959   0.942        70
1                          0.500     0.750         0.956   0.600         8
2                          0.953     0.924         0.962   0.938        66
*========================================*
2026-01-21 16:51:58,457 INFO New best (0.876157 --> 0.892361)
2026-01-21 16:52:03,304 INFO Copying best model to best_model.pt
2026-01-21 16:52:06,235 INFO 0 Wed Jan 21 16:52:06 2026 Epoch: 175
2026-01-21 16:52:34,909 INFO Final training 175/300, loss: 0.4836, time 28.67s, lr: 0.003865
Accuracy: 0.750
class                  precision    recall   specificity      f1   support
--------------------------------------------------------------------------
0                          0.763     0.722         0.786   0.742       281
1                          0.818     0.900         0.989   0.857        30
2                          0.729     0.762         0.759   0.745       265
*----------------------------------------*
2026-01-21 16:52:34,909 INFO 0 Wed Jan 21 16:52:34 2026 Epoch: 176
2026-01-21 16:53:03,729 INFO Final training 176/300, loss: 0.4698, time 28.82s, lr: 0.003813
Accuracy: 0.752
class                  precision    recall   specificity      f1   support
--------------------------------------------------------------------------
0                          0.748     0.751         0.759   0.750       281
1                          0.933     0.933         0.996   0.933        30
2                          0.735     0.732         0.775   0.733       265
*----------------------------------------*
2026-01-21 16:53:35,910 INFO Final validation 176/300, Val_acc: 0.8542, time 32.18sAccuracy: 0.889
class                  precision    recall   specificity      f1   support
--------------------------------------------------------------------------
0                          0.928     0.914         0.932   0.921        70
1                          0.462     0.750         0.949   0.571         8
2                          0.935     0.879         0.949   0.906        66
*========================================*
2026-01-21 16:53:39,400 INFO 0 Wed Jan 21 16:53:39 2026 Epoch: 177
2026-01-21 16:54:08,206 INFO Final training 177/300, loss: 0.4286, time 28.81s, lr: 0.003762
Accuracy: 0.781
class                  precision    recall   specificity      f1   support
--------------------------------------------------------------------------
0                          0.783     0.769         0.797   0.776       281
1                          0.933     0.933         0.996   0.933        30
2                          0.763     0.777         0.794   0.770       265
*----------------------------------------*
2026-01-21 16:54:08,207 INFO 0 Wed Jan 21 16:54:08 2026 Epoch: 178
2026-01-21 16:54:37,017 INFO Final training 178/300, loss: 0.4776, time 28.81s, lr: 0.003710
Accuracy: 0.760
class                  precision    recall   specificity      f1   support
--------------------------------------------------------------------------
0                          0.766     0.736         0.787   0.750       280
1                          0.900     0.900         0.995   0.900        30
2                          0.740     0.771         0.768   0.755       266
*----------------------------------------*
2026-01-21 16:55:12,263 INFO Final validation 178/300, Val_acc: 0.8438, time 35.25sAccuracy: 0.882
class                  precision    recall   specificity      f1   support
--------------------------------------------------------------------------
0                          0.953     0.871         0.959   0.910        70
1                          0.462     0.750         0.949   0.571         8
2                          0.896     0.909         0.910   0.902        66
*========================================*
2026-01-21 16:55:15,781 INFO 0 Wed Jan 21 16:55:15 2026 Epoch: 179
2026-01-21 16:55:45,300 INFO Final training 179/300, loss: 0.4305, time 29.52s, lr: 0.003659
Accuracy: 0.785
class                  precision    recall   specificity      f1   support
--------------------------------------------------------------------------
0                          0.778     0.786         0.786   0.782       281
1                          0.933     0.933         0.996   0.933        30
2                          0.775     0.766         0.810   0.770       265
*----------------------------------------*
2026-01-21 16:55:45,300 INFO 0 Wed Jan 21 16:55:45 2026 Epoch: 180
2026-01-21 16:56:14,399 INFO Final training 180/300, loss: 0.3970, time 29.10s, lr: 0.003608
Accuracy: 0.776
class                  precision    recall   specificity      f1   support
--------------------------------------------------------------------------
0                          0.779     0.757         0.797   0.768       280
1                          0.968     1.000         0.998   0.984        30
2                          0.751     0.771         0.781   0.761       266
*----------------------------------------*
2026-01-21 16:56:46,500 INFO Final validation 180/300, Val_acc: 0.8715, time 32.10sAccuracy: 0.903
class                  precision    recall   specificity      f1   support
--------------------------------------------------------------------------
0                          0.942     0.929         0.946   0.935        70
1                          0.500     0.750         0.956   0.600         8
2                          0.937     0.894         0.949   0.915        66
*========================================*
2026-01-21 16:56:50,007 INFO 0 Wed Jan 21 16:56:50 2026 Epoch: 181
2026-01-21 16:57:19,031 INFO Final training 181/300, loss: 0.5263, time 29.02s, lr: 0.003557
Accuracy: 0.747
class                  precision    recall   specificity      f1   support
--------------------------------------------------------------------------
0                          0.746     0.740         0.759   0.743       281
1                          0.893     0.833         0.995   0.862        30
2                          0.732     0.743         0.768   0.738       265
*----------------------------------------*
2026-01-21 16:57:19,389 INFO 0 Wed Jan 21 16:57:19 2026 Epoch: 182
2026-01-21 16:57:48,021 INFO Final training 182/300, loss: 0.4668, time 28.63s, lr: 0.003506
Accuracy: 0.766
class                  precision    recall   specificity      f1   support
--------------------------------------------------------------------------
0                          0.761     0.775         0.770   0.768       280
1                          0.900     0.900         0.995   0.900        30
2                          0.755     0.741         0.794   0.748       266
*----------------------------------------*
2026-01-21 16:58:19,932 INFO Final validation 182/300, Val_acc: 0.8681, time 31.91sAccuracy: 0.903
class                  precision    recall   specificity      f1   support
--------------------------------------------------------------------------
0                          0.930     0.943         0.932   0.936        70
1                          0.462     0.750         0.949   0.571         8
2                          0.967     0.879         0.974   0.921        66
*========================================*
2026-01-21 16:58:23,424 INFO 0 Wed Jan 21 16:58:23 2026 Epoch: 183
2026-01-21 16:58:52,267 INFO Final training 183/300, loss: 0.4826, time 28.84s, lr: 0.003455
Accuracy: 0.757
class                  precision    recall   specificity      f1   support
--------------------------------------------------------------------------
0                          0.752     0.757         0.764   0.754       280
1                          1.000     0.867         1.000   0.929        30
2                          0.739     0.744         0.774   0.742       266
*----------------------------------------*
2026-01-21 16:58:52,267 INFO 0 Wed Jan 21 16:58:52 2026 Epoch: 184
2026-01-21 16:59:20,944 INFO Final training 184/300, loss: 0.4406, time 28.68s, lr: 0.003404
Accuracy: 0.764
class                  precision    recall   specificity      f1   support
--------------------------------------------------------------------------
0                          0.757     0.776         0.763   0.766       281
1                          0.931     0.900         0.996   0.915        30
2                          0.753     0.736         0.794   0.744       265
*----------------------------------------*
2026-01-21 16:59:53,288 INFO Final validation 184/300, Val_acc: 0.8611, time 32.34sAccuracy: 0.896
class                  precision    recall   specificity      f1   support
--------------------------------------------------------------------------
0                          0.918     0.957         0.919   0.937        70
1                          0.385     0.625         0.941   0.476         8
2                          0.983     0.864         0.987   0.919        66
*========================================*
2026-01-21 16:59:56,804 INFO 0 Wed Jan 21 16:59:56 2026 Epoch: 185
2026-01-21 17:00:25,728 INFO Final training 185/300, loss: 0.4575, time 28.92s, lr: 0.003354
Accuracy: 0.750
class                  precision    recall   specificity      f1   support
--------------------------------------------------------------------------
0                          0.733     0.786         0.730   0.759       280
1                          0.844     0.900         0.991   0.871        30
2                          0.758     0.695         0.810   0.725       266
*----------------------------------------*
2026-01-21 17:00:25,728 INFO 0 Wed Jan 21 17:00:25 2026 Epoch: 186
2026-01-21 17:00:54,565 INFO Final training 186/300, loss: 0.4456, time 28.84s, lr: 0.003304
Accuracy: 0.774
class                  precision    recall   specificity      f1   support
--------------------------------------------------------------------------
0                          0.770     0.775         0.780   0.772       280
1                          0.867     0.867         0.993   0.867        30
2                          0.769     0.763         0.803   0.766       266
*----------------------------------------*
2026-01-21 17:01:26,439 INFO Final validation 186/300, Val_acc: 0.8623, time 31.87sAccuracy: 0.896
class                  precision    recall   specificity      f1   support
--------------------------------------------------------------------------
0                          0.942     0.929         0.946   0.935        70
1                          0.429     0.750         0.941   0.545         8
2                          0.951     0.879         0.962   0.913        66
*========================================*
2026-01-21 17:01:29,934 INFO 0 Wed Jan 21 17:01:29 2026 Epoch: 187
2026-01-21 17:01:59,360 INFO Final training 187/300, loss: 0.4119, time 29.43s, lr: 0.003254
Accuracy: 0.771
class                  precision    recall   specificity      f1   support
--------------------------------------------------------------------------
0                          0.763     0.779         0.769   0.771       281
1                          0.903     0.933         0.995   0.918        30
2                          0.764     0.743         0.804   0.753       265
*----------------------------------------*
2026-01-21 17:01:59,360 INFO 0 Wed Jan 21 17:01:59 2026 Epoch: 188
2026-01-21 17:02:29,157 INFO Final training 188/300, loss: 0.4671, time 29.80s, lr: 0.003204
Accuracy: 0.764
class                  precision    recall   specificity      f1   support
--------------------------------------------------------------------------
0                          0.760     0.757         0.774   0.758       280
1                          0.929     0.867         0.996   0.897        30
2                          0.751     0.759         0.784   0.755       266
*----------------------------------------*
2026-01-21 17:03:01,567 INFO Final validation 188/300, Val_acc: 0.8519, time 32.41sAccuracy: 0.889
class                  precision    recall   specificity      f1   support
--------------------------------------------------------------------------
0                          0.969     0.886         0.973   0.925        70
1                          0.429     0.750         0.941   0.545         8
2                          0.909     0.909         0.923   0.909        66
*========================================*
2026-01-21 17:03:05,130 INFO 0 Wed Jan 21 17:03:05 2026 Epoch: 189
2026-01-21 17:03:33,592 INFO Final training 189/300, loss: 0.4846, time 28.46s, lr: 0.003154
Accuracy: 0.729
class                  precision    recall   specificity      f1   support
--------------------------------------------------------------------------
0                          0.722     0.732         0.733   0.727       280
1                          0.848     0.933         0.991   0.889        30
2                          0.722     0.703         0.768   0.712       266
*----------------------------------------*
2026-01-21 17:03:33,592 INFO 0 Wed Jan 21 17:03:33 2026 Epoch: 190
2026-01-21 17:04:02,418 INFO Final training 190/300, loss: 0.4636, time 28.83s, lr: 0.003105
Accuracy: 0.752
class                  precision    recall   specificity      f1   support
--------------------------------------------------------------------------
0                          0.739     0.757         0.747   0.748       280
1                          0.964     0.900         0.998   0.931        30
2                          0.743     0.729         0.784   0.736       266
*----------------------------------------*
2026-01-21 17:04:34,550 INFO Final validation 190/300, Val_acc: 0.8889, time 32.13sAccuracy: 0.917
class                  precision    recall   specificity      f1   support
--------------------------------------------------------------------------
0                          0.943     0.943         0.946   0.943        70
1                          0.500     0.750         0.956   0.600         8
2                          0.968     0.909         0.974   0.937        66
*========================================*
2026-01-21 17:04:38,308 INFO 0 Wed Jan 21 17:04:38 2026 Epoch: 191
2026-01-21 17:05:07,188 INFO Final training 191/300, loss: 0.4445, time 28.88s, lr: 0.003056
Accuracy: 0.755
class                  precision    recall   specificity      f1   support
--------------------------------------------------------------------------
0                          0.760     0.736         0.780   0.748       280
1                          0.929     0.867         0.996   0.897        30
2                          0.733     0.763         0.761   0.748       266
*----------------------------------------*
2026-01-21 17:05:07,572 INFO 0 Wed Jan 21 17:05:07 2026 Epoch: 192
2026-01-21 17:05:36,789 INFO Final training 192/300, loss: 0.4876, time 29.22s, lr: 0.003007
Accuracy: 0.776
class                  precision    recall   specificity      f1   support
--------------------------------------------------------------------------
0                          0.775     0.775         0.787   0.775       280
1                          0.903     0.933         0.995   0.918        30
2                          0.762     0.759         0.797   0.761       266
*----------------------------------------*
2026-01-21 17:06:10,334 INFO Final validation 192/300, Val_acc: 0.8426, time 33.54sAccuracy: 0.882
class                  precision    recall   specificity      f1   support
--------------------------------------------------------------------------
0                          0.940     0.900         0.946   0.920        70
1                          0.385     0.625         0.941   0.476         8
2                          0.922     0.894         0.936   0.908        66
*========================================*
2026-01-21 17:06:13,852 INFO 0 Wed Jan 21 17:06:13 2026 Epoch: 193
2026-01-21 17:06:42,697 INFO Final training 193/300, loss: 0.4522, time 28.84s, lr: 0.002958
Accuracy: 0.752
class                  precision    recall   specificity      f1   support
--------------------------------------------------------------------------
0                          0.746     0.746         0.760   0.746       280
1                          0.935     0.967         0.996   0.951        30
2                          0.736     0.733         0.774   0.734       266
*----------------------------------------*
2026-01-21 17:06:42,697 INFO 0 Wed Jan 21 17:06:42 2026 Epoch: 194
2026-01-21 17:07:11,424 INFO Final training 194/300, loss: 0.4443, time 28.73s, lr: 0.002910
Accuracy: 0.769
class                  precision    recall   specificity      f1   support
--------------------------------------------------------------------------
0                          0.753     0.786         0.757   0.769       280
1                          0.963     0.867         0.998   0.912        30
2                          0.767     0.741         0.806   0.753       266
*----------------------------------------*
2026-01-21 17:07:43,521 INFO Final validation 194/300, Val_acc: 0.8310, time 32.10sAccuracy: 0.875
class                  precision    recall   specificity      f1   support
--------------------------------------------------------------------------
0                          0.939     0.886         0.946   0.912        70
1                          0.429     0.750         0.941   0.545         8
2                          0.906     0.879         0.923   0.892        66
*========================================*
2026-01-21 17:07:47,371 INFO [EarlyStopping] Stopping Validation for loss at epoch 194
2026-01-21 17:07:47,751 INFO Training Finished! Best Accuracy: 0.8924
2026-01-21 17:07:47,751 INFO ====================================================================================================
2026-01-21 17:07:47,751 INFO 
2026-01-21 17:07:56,925 INFO => loading checkpoint 'outputs/OrganoidsINRIA_Slice/densenet/2026-01-21-14-34/training/best_model.pt'
2026-01-21 17:07:57,337 INFO Loaded 1207 keys from checkpoint
2026-01-21 17:08:00,911 INFO Final testing , Test_acc: 0.9085, time 3.57sAccuracy: 0.927
class                  precision    recall   specificity      f1   support
--------------------------------------------------------------------------
0                          1.000     0.875         1.000   0.933        40
1                          0.714     1.000         0.974   0.833         5
2                          0.900     0.973         0.911   0.935        37
*========================================*
2026-01-21 17:08:01,272 INFO Testing Finished! Best Accuracy: 0.9085
2026-01-21 17:08:01,272 INFO ====================================================================================================
2026-01-21 17:08:03,731 INFO Starting MC-Dropout Testing...
2026-01-21 17:08:07,448 INFO 
2026-01-21 17:08:07,448 INFO ================================================================================
2026-01-21 17:08:07,448 INFO MC-DROPOUT UNCERTAINTY ANALYSIS - PREDICTIVE ENTROPY
2026-01-21 17:08:07,448 INFO ================================================================================
2026-01-21 17:08:07,448 INFO 
Correct predictions:   0.2353 ± 0.1772
2026-01-21 17:08:07,448 INFO Incorrect predictions: 0.7196 ± 0.1761
2026-01-21 17:08:07,448 INFO Uncertainty gap:       0.4843
2026-01-21 17:08:07,448 INFO 
Per-class uncertainty:
2026-01-21 17:08:07,448 INFO   Class 0: 0.2721 ± 0.2201 (n=40)
2026-01-21 17:08:07,448 INFO   Class 1: 0.1621 ± 0.1635 (n=5)
2026-01-21 17:08:07,448 INFO   Class 2: 0.2839 ± 0.2168 (n=37)
2026-01-21 17:08:07,448 INFO 
Selective prediction (rejection thresholds):
2026-01-21 17:08:07,449 INFO   Reject top 50% (>0.2168): keep 41/82, acc=1.0000
2026-01-21 17:08:07,449 INFO   Reject top 25% (>0.3667): keep 61/82, acc=1.0000
2026-01-21 17:08:07,449 INFO   Reject top 10% (>0.6102): keep 73/82, acc=0.9863
2026-01-21 17:08:07,449 INFO   Reject top 5% (>0.6715): keep 77/82, acc=0.9481
2026-01-21 17:08:07,449 INFO 
Calibration (accuracy by uncertainty bin):
2026-01-21 17:08:07,449 INFO   Low (0-25%)          [0.0002, 0.1074): acc=1.0000, n=21
2026-01-21 17:08:07,449 INFO   Medium (25-50%)      [0.1074, 0.2168): acc=1.0000, n=20
2026-01-21 17:08:07,449 INFO   High (50-75%)        [0.2168, 0.3667): acc=1.0000, n=20
2026-01-21 17:08:07,449 INFO   Very High (75-100%)  [0.3667, 1.0263): acc=0.7500, n=20
2026-01-21 17:08:07,449 INFO 
Top 10 most uncertain samples:
2026-01-21 17:08:07,482 INFO   1. Sample 45: unc=1.0263, pred=1, true=2, ✗ WRONG
2026-01-21 17:08:07,482 INFO   2. Sample 23: unc=0.8808, pred=2, true=0, ✗ WRONG
2026-01-21 17:08:07,482 INFO   3. Sample 59: unc=0.7760, pred=2, true=2, ✓ CORRECT
2026-01-21 17:08:07,482 INFO   4. Sample 57: unc=0.6757, pred=2, true=2, ✓ CORRECT
2026-01-21 17:08:07,482 INFO   5. Sample 18: unc=0.6731, pred=0, true=0, ✓ CORRECT
2026-01-21 17:08:07,482 INFO   6. Sample 0: unc=0.6423, pred=1, true=0, ✗ WRONG
2026-01-21 17:08:07,482 INFO   7. Sample 11: unc=0.6417, pred=2, true=0, ✗ WRONG
2026-01-21 17:08:07,482 INFO   8. Sample 51: unc=0.6275, pred=2, true=2, ✓ CORRECT
2026-01-21 17:08:07,482 INFO   9. Sample 1: unc=0.6128, pred=2, true=0, ✗ WRONG
2026-01-21 17:08:07,482 INFO   10. Sample 2: unc=0.5869, pred=0, true=0, ✓ CORRECT
2026-01-21 17:08:07,482 INFO ================================================================================

2026-01-21 17:08:08,233 INFO 
2026-01-21 17:08:08,233 INFO ================================================================================
2026-01-21 17:08:08,233 INFO MC-DROPOUT UNCERTAINTY ANALYSIS - BALD
2026-01-21 17:08:08,233 INFO ================================================================================
2026-01-21 17:08:08,233 INFO 
Correct predictions:   0.0082 ± 0.0092
2026-01-21 17:08:08,233 INFO Incorrect predictions: 0.0204 ± 0.0207
2026-01-21 17:08:08,233 INFO Uncertainty gap:       0.0122
2026-01-21 17:08:08,233 INFO 
Per-class uncertainty:
2026-01-21 17:08:08,233 INFO   Class 0: 0.0123 ± 0.0093 (n=40)
2026-01-21 17:08:08,233 INFO   Class 1: 0.0250 ± 0.0203 (n=5)
2026-01-21 17:08:08,233 INFO   Class 2: 0.0034 ± 0.0062 (n=37)
2026-01-21 17:08:08,233 INFO 
Selective prediction (rejection thresholds):
2026-01-21 17:08:08,234 INFO   Reject top 50% (>0.0053): keep 41/82, acc=0.9756
2026-01-21 17:08:08,234 INFO   Reject top 25% (>0.0119): keep 61/82, acc=0.9344
2026-01-21 17:08:08,234 INFO   Reject top 10% (>0.0193): keep 73/82, acc=0.9452
2026-01-21 17:08:08,234 INFO   Reject top 5% (>0.0244): keep 77/82, acc=0.9481
2026-01-21 17:08:08,234 INFO 
Calibration (accuracy by uncertainty bin):
2026-01-21 17:08:08,234 INFO   Low (0-25%)          [0.0000, 0.0020): acc=1.0000, n=21
2026-01-21 17:08:08,234 INFO   Medium (25-50%)      [0.0020, 0.0053): acc=0.9500, n=20
2026-01-21 17:08:08,234 INFO   High (50-75%)        [0.0053, 0.0119): acc=0.8500, n=20
2026-01-21 17:08:08,234 INFO   Very High (75-100%)  [0.0119, 0.0580): acc=0.9500, n=20
2026-01-21 17:08:08,234 INFO 
Top 10 most uncertain samples:
2026-01-21 17:08:08,234 INFO   1. Sample 0: unc=0.0580, pred=1, true=0, ✗ WRONG
2026-01-21 17:08:08,234 INFO   2. Sample 42: unc=0.0575, pred=1, true=1, ✓ CORRECT
2026-01-21 17:08:08,234 INFO   3. Sample 45: unc=0.0393, pred=1, true=2, ✗ WRONG
2026-01-21 17:08:08,234 INFO   4. Sample 44: unc=0.0347, pred=1, true=1, ✓ CORRECT
2026-01-21 17:08:08,235 INFO   5. Sample 43: unc=0.0246, pred=1, true=1, ✓ CORRECT
2026-01-21 17:08:08,235 INFO   6. Sample 13: unc=0.0207, pred=0, true=0, ✓ CORRECT
2026-01-21 17:08:08,235 INFO   7. Sample 2: unc=0.0206, pred=0, true=0, ✓ CORRECT
2026-01-21 17:08:08,235 INFO   8. Sample 21: unc=0.0194, pred=0, true=0, ✓ CORRECT
2026-01-21 17:08:08,235 INFO   9. Sample 14: unc=0.0194, pred=0, true=0, ✓ CORRECT
2026-01-21 17:08:08,235 INFO   10. Sample 22: unc=0.0190, pred=0, true=0, ✓ CORRECT
2026-01-21 17:08:08,235 INFO ================================================================================

2026-01-21 17:08:09,280 INFO 
2026-01-21 17:08:09,280 INFO ================================================================================
2026-01-21 17:08:09,280 INFO MC-DROPOUT UNCERTAINTY ANALYSIS - MEAN VARIANCE
2026-01-21 17:08:09,280 INFO ================================================================================
2026-01-21 17:08:09,280 INFO 
Correct predictions:   0.0009 ± 0.0015
2026-01-21 17:08:09,280 INFO Incorrect predictions: 0.0045 ± 0.0043
2026-01-21 17:08:09,280 INFO Uncertainty gap:       0.0036
2026-01-21 17:08:09,280 INFO 
Per-class uncertainty:
2026-01-21 17:08:09,280 INFO   Class 0: 0.0017 ± 0.0022 (n=40)
2026-01-21 17:08:09,280 INFO   Class 1: 0.0026 ± 0.0032 (n=5)
2026-01-21 17:08:09,280 INFO   Class 2: 0.0005 ± 0.0014 (n=37)
2026-01-21 17:08:09,280 INFO 
Selective prediction (rejection thresholds):
2026-01-21 17:08:09,280 INFO   Reject top 50% (>0.0003): keep 41/82, acc=1.0000
2026-01-21 17:08:09,281 INFO   Reject top 25% (>0.0014): keep 61/82, acc=0.9836
2026-01-21 17:08:09,281 INFO   Reject top 10% (>0.0030): keep 73/82, acc=0.9452
2026-01-21 17:08:09,281 INFO   Reject top 5% (>0.0054): keep 77/82, acc=0.9481
2026-01-21 17:08:09,281 INFO 
Calibration (accuracy by uncertainty bin):
2026-01-21 17:08:09,281 INFO   Low (0-25%)          [0.0000, 0.0001): acc=1.0000, n=21
2026-01-21 17:08:09,281 INFO   Medium (25-50%)      [0.0001, 0.0003): acc=1.0000, n=20
2026-01-21 17:08:09,281 INFO   High (50-75%)        [0.0003, 0.0014): acc=0.9500, n=20
2026-01-21 17:08:09,281 INFO   Very High (75-100%)  [0.0014, 0.0121): acc=0.8000, n=20
2026-01-21 17:08:09,281 INFO 
Top 10 most uncertain samples:
2026-01-21 17:08:09,281 INFO   1. Sample 0: unc=0.0121, pred=1, true=0, ✗ WRONG
2026-01-21 17:08:09,281 INFO   2. Sample 45: unc=0.0089, pred=1, true=2, ✗ WRONG
2026-01-21 17:08:09,281 INFO   3. Sample 42: unc=0.0088, pred=1, true=1, ✓ CORRECT
2026-01-21 17:08:09,281 INFO   4. Sample 2: unc=0.0057, pred=0, true=0, ✓ CORRECT
2026-01-21 17:08:09,281 INFO   5. Sample 13: unc=0.0055, pred=0, true=0, ✓ CORRECT
2026-01-21 17:08:09,281 INFO   6. Sample 18: unc=0.0035, pred=0, true=0, ✓ CORRECT
2026-01-21 17:08:09,281 INFO   7. Sample 19: unc=0.0034, pred=0, true=0, ✓ CORRECT
2026-01-21 17:08:09,281 INFO   8. Sample 44: unc=0.0030, pred=1, true=1, ✓ CORRECT
2026-01-21 17:08:09,281 INFO   9. Sample 38: unc=0.0030, pred=0, true=0, ✓ CORRECT
2026-01-21 17:08:09,281 INFO   10. Sample 5: unc=0.0029, pred=0, true=0, ✓ CORRECT
2026-01-21 17:08:09,282 INFO ================================================================================

2026-01-21 17:08:09,979 INFO 
2026-01-21 17:08:09,979 INFO ================================================================================
2026-01-21 17:08:09,979 INFO MC-DROPOUT UNCERTAINTY ANALYSIS - VARIATION RATIO
2026-01-21 17:08:09,979 INFO ================================================================================
2026-01-21 17:08:09,979 INFO 
Correct predictions:   0.0018 ± 0.0098
2026-01-21 17:08:09,979 INFO Incorrect predictions: 0.0367 ± 0.0593
2026-01-21 17:08:09,979 INFO Uncertainty gap:       0.0348
2026-01-21 17:08:09,979 INFO 
Per-class uncertainty:
2026-01-21 17:08:09,979 INFO   Class 0: 0.0045 ± 0.0158 (n=40)
2026-01-21 17:08:09,979 INFO   Class 1: 0.0040 ± 0.0080 (n=5)
2026-01-21 17:08:09,979 INFO   Class 2: 0.0043 ± 0.0259 (n=37)
2026-01-21 17:08:09,979 INFO 
Selective prediction (rejection thresholds):
2026-01-21 17:08:09,980 INFO   Reject top 50% (>0.0000): keep 76/82, acc=0.9474
2026-01-21 17:08:09,980 INFO   Reject top 25% (>0.0000): keep 76/82, acc=0.9474
2026-01-21 17:08:09,980 INFO   Reject top 10% (>0.0000): keep 76/82, acc=0.9474
2026-01-21 17:08:09,980 INFO   Reject top 5% (>0.0200): keep 79/82, acc=0.9494
2026-01-21 17:08:09,980 INFO 
Calibration (accuracy by uncertainty bin):
2026-01-21 17:08:09,980 INFO   Very High (75-100%)  [0.0000, 0.1600): acc=0.9383, n=81
2026-01-21 17:08:09,980 INFO 
Top 10 most uncertain samples:
2026-01-21 17:08:09,980 INFO   1. Sample 45: unc=0.1600, pred=1, true=2, ✗ WRONG
2026-01-21 17:08:09,980 INFO   2. Sample 18: unc=0.0800, pred=0, true=0, ✓ CORRECT
2026-01-21 17:08:09,980 INFO   3. Sample 0: unc=0.0600, pred=1, true=0, ✗ WRONG
2026-01-21 17:08:09,980 INFO   4. Sample 42: unc=0.0200, pred=1, true=1, ✓ CORRECT
2026-01-21 17:08:09,980 INFO   5. Sample 13: unc=0.0200, pred=0, true=0, ✓ CORRECT
2026-01-21 17:08:09,980 INFO   6. Sample 2: unc=0.0200, pred=0, true=0, ✓ CORRECT
2026-01-21 17:08:09,980 INFO   7. Sample 79: unc=0.0000, pred=2, true=2, ✓ CORRECT
2026-01-21 17:08:09,980 INFO   8. Sample 78: unc=0.0000, pred=2, true=2, ✓ CORRECT
2026-01-21 17:08:09,980 INFO   9. Sample 73: unc=0.0000, pred=2, true=2, ✓ CORRECT
2026-01-21 17:08:09,980 INFO   10. Sample 72: unc=0.0000, pred=2, true=2, ✓ CORRECT
2026-01-21 17:08:09,980 INFO ================================================================================

2026-01-21 17:08:10,688 INFO Total time spent: 02 hours 33 minutes 42 seconds
2026-01-21 17:08:10,688 INFO 
2026-01-21 17:08:10,688 INFO Final Results Summary:
2026-01-21 17:08:10,689 INFO | TrainLoss | TrainAcc | ValAccMax | W_TrainF1 | W_TrainPrecision | W_TrainRecall | W_TrainSpecificity | TestAcc | W_TestF1 | W_TestPrecision | W_TestRecall | W_TestSpecificity |
2026-01-21 17:08:10,689 INFO | 0.4443 | 0.6927 | 0.9167 | 0.9214 | 0.9293 | 0.9167 | 0.9602 | 0.9268 | 0.9280 | 0.9375 | 0.9268 | 0.9583 |
2026-01-21 17:08:10,689 INFO 
2026-01-21 17:08:10,689 INFO | Detailed Test MC Metrics |
2026-01-21 17:08:10,689 INFO MC Accuracy: 0.9268
2026-01-21 17:08:10,689 INFO Per-class metrics (MC):
2026-01-21 17:08:10,689 INFO class | precision | recall | specificity | f1 | support
2026-01-21 17:08:10,689 INFO     0 | 1.0000 | 0.8750 | 1.0000 | 0.9333 |      40
2026-01-21 17:08:10,689 INFO     1 | 0.7143 | 1.0000 | 0.9740 | 0.8333 |       5
2026-01-21 17:08:10,689 INFO     2 | 0.9000 | 0.9730 | 0.9111 | 0.9351 |      37
2026-01-21 17:08:10,689 INFO Macro avg (MC): precision=0.8714, recall=0.9493, specificity=0.9617, f1=0.9006
2026-01-21 17:08:10,689 INFO Weighted avg (MC): precision=0.9375, recall=0.9268, specificity=0.9583, f1=0.9280
2026-01-21 17:08:10,689 INFO Micro avg (MC): precision=0.9268, recall=0.9268, specificity=0.9634, f1=0.9268
