Architecture:                            x86_64
CPU op-mode(s):                          32-bit, 64-bit
Byte Order:                              Little Endian
Address sizes:                           48 bits physical, 48 bits virtual
CPU(s):                                  64
On-line CPU(s) list:                     0-63
Thread(s) per core:                      2
Core(s) per socket:                      16
Socket(s):                               2
NUMA node(s):                            8
Vendor ID:                               AuthenticAMD
CPU family:                              25
Model:                                   1
Model name:                              AMD EPYC 7313 16-Core Processor
Stepping:                                1
Frequency boost:                         enabled
CPU MHz:                                 1891.632
CPU max MHz:                             3000.0000
CPU min MHz:                             1500.0000
BogoMIPS:                                5988.88
Virtualization:                          AMD-V
L1d cache:                               1 MiB
L1i cache:                               1 MiB
L2 cache:                                16 MiB
L3 cache:                                256 MiB
NUMA node0 CPU(s):                       0-3,32-35
NUMA node1 CPU(s):                       4-7,36-39
NUMA node2 CPU(s):                       8-11,40-43
NUMA node3 CPU(s):                       12-15,44-47
NUMA node4 CPU(s):                       16-19,48-51
NUMA node5 CPU(s):                       20-23,52-55
NUMA node6 CPU(s):                       24-27,56-59
NUMA node7 CPU(s):                       28-31,60-63
Vulnerability Gather data sampling:      Not affected
Vulnerability Indirect target selection: Not affected
Vulnerability Itlb multihit:             Not affected
Vulnerability L1tf:                      Not affected
Vulnerability Mds:                       Not affected
Vulnerability Meltdown:                  Not affected
Vulnerability Mmio stale data:           Not affected
Vulnerability Reg file data sampling:    Not affected
Vulnerability Retbleed:                  Not affected
Vulnerability Spec rstack overflow:      Mitigation; safe RET
Vulnerability Spec store bypass:         Mitigation; Speculative Store Bypass disabled via prctl and seccomp
Vulnerability Spectre v1:                Mitigation; usercopy/swapgs barriers and __user pointer sanitization
Vulnerability Spectre v2:                Mitigation; Retpolines, IBPB conditional, IBRS_FW, STIBP always-on, RSB filling, PBRSB-eIBRS Not affected
Vulnerability Srbds:                     Not affected
Vulnerability Tsa:                       Mitigation; Clear CPU buffers
Vulnerability Tsx async abort:           Not affected
Vulnerability Vmscape:                   Mitigation; IBPB before exit to userspace
Flags:                                   fpu vme de pse tsc msr pae mce cx8 apic sep mtrr pge mca cmov pat pse36 clflush mmx fxsr sse sse2 ht syscall nx mmxext fxsr_opt pdpe1gb rdtscp lm constant_tsc rep_good nopl nonstop_tsc cpuid extd_apicid aperfmperf pni pclmulqdq monitor ssse3 fma cx16 pcid sse4_1 sse4_2 movbe popcnt aes xsave avx f16c rdrand lahf_lm cmp_legacy svm extapic cr8_legacy abm sse4a misalignsse 3dnowprefetch osvw ibs skinit wdt tce topoext perfctr_core perfctr_nb bpext perfctr_llc mwaitx cpb cat_l3 cdp_l3 invpcid_single hw_pstate ssbd mba ibrs ibpb stibp vmmcall fsgsbase bmi1 avx2 smep bmi2 erms invpcid cqm rdt_a rdseed adx smap clflushopt clwb sha_ni xsaveopt xsavec xgetbv1 xsaves cqm_llc cqm_occup_llc cqm_mbm_total cqm_mbm_local clzero irperf xsaveerptr rdpru wbnoinvd amd_ppin arat npt lbrv svm_lock nrip_save tsc_scale vmcb_clean flushbyasid decodeassists pausefilter pfthreshold v_vmsave_vmload vgif umip pku ospke vaes vpclmulqdq rdpid overflow_recov succor smca fsrm ibpb_exit_to_user
Fri Nov 28 12:24:21 2025       
+---------------------------------------------------------------------------------------+
| NVIDIA-SMI 535.183.06             Driver Version: 535.183.06   CUDA Version: 12.2     |
|-----------------------------------------+----------------------+----------------------+
| GPU  Name                 Persistence-M | Bus-Id        Disp.A | Volatile Uncorr. ECC |
| Fan  Temp   Perf          Pwr:Usage/Cap |         Memory-Usage | GPU-Util  Compute M. |
|                                         |                      |               MIG M. |
|=========================================+======================+======================|
|   0  NVIDIA A40                     On  | 00000000:27:00.0 Off |                    0 |
|  0%   35C    P8              30W / 300W |      0MiB / 46068MiB |      0%      Default |
|                                         |                      |                  N/A |
+-----------------------------------------+----------------------+----------------------+
                                                                                         
+---------------------------------------------------------------------------------------+
| Processes:                                                                            |
|  GPU   GI   CI        PID   Type   Process name                            GPU Memory |
|        ID   ID                                                             Usage      |
|=======================================================================================|
|  No running processes found                                                           |
+---------------------------------------------------------------------------------------+
/home/mraffael/martone_project/Organoid-Image-Classification-Using-Deep-Learning
{'RandFlipd_prob': 0.2,
 'RandRotate90d_prob': 0.2,
 'RandScaleIntensityd_prob': 0.1,
 'RandShiftIntensityd_prob': 0.1,
 'amp': True,
 'augmentation': True,
 'batch_size': 6,
 'cache_dataset': False,
 'checkpoint_path': None,
 'data_dir': '/home/mraffael/martone_project/Organoids_Dataset/',
 'dataset_name': 'OrganoidsINRIA',
 'debug': False,
 'debug_train_samples': 40,
 'debug_val_samples': 10,
 'dist_backend': 'nccl',
 'dist_url': 'tcp://127.0.0.1:23456',
 'distributed': False,
 'dropout_path_rate': 0.0,
 'dropout_rate': 0.0,
 'early_stopping': True,
 'encoder10_pth': '',
 'exact_class': False,
 'feature_size': 48,
 'fold': 0,
 'folds': False,
 'gpu': 0,
 'ignore_label': 3,
 'in_channels': 1,
 'infer_overlap': 0.5,
 'k_folds': 5,
 'logdir': 'test',
 'logs_dir': 'logs/',
 'loss_name': 'CE',
 'lrschedule': 'warmup_cosine',
 'max_epochs': 150,
 'min_delta_loss': 0.001,
 'min_delta_val': 0.01,
 'model_name': 'swinunetr+noah',
 'momentum': 0.99,
 'noamp': False,
 'norm_name': 'instance',
 'oar_id': 2132490,
 'optim_lr': 0.0006,
 'optim_name': 'adamw',
 'out_channels': 1,
 'output_dir': 'outputs/',
 'patch_merging': False,
 'patience_loss': 30,
 'patience_val': 30,
 'pretrained_dir': './pretrained_models/fold1_f48_ep300_4gpu_dice0_9059/',
 'pretrained_model_name': 'model_swinvit.pt',
 'rank': 0,
 'reg_weight': 5e-05,
 'restart_T0': 20,
 'resume_ckpt': False,
 'roi_x': 128,
 'roi_y': 128,
 'roi_z': 128,
 'save_checkpoint': True,
 'seed': 3,
 'similarity_loss': '',
 'similarity_loss_weight': 0.0,
 'spatial_dims': 3,
 'split_method': 'stratified',
 'start_epoch': 0,
 'sw_batch_size': 6,
 'telegram_log': True,
 'test_mode': False,
 'token': './token/tlg_token.txt',
 'use_checkpoint': False,
 'val_every': 2,
 'warmup_epochs': 0,
 'workers': 8,
 'world_size': 1}

Saved configuration to: outputs/OrganoidsINRIA/swinunetr+noah/2025-11-28-12-24/config.txt
Using GPU: 0

Model INFO:
Model architecture: swinunetr+noah
Using pretrained weights
=> loading pretrained model './pretrained_models/fold1_f48_ep300_4gpu_dice0_9059/model_swinvit.pt'
Missing keys when loading pretrained: 33
Unexpected keys when loading pretrained: 8
Using SwinUNETR with NOAH Classification Head
Total trainable parameters: 39,917,112

Optimizer INFO:
Using optimizer: adamw with lr=0.0006, weight_decay=5e-05

Dataset INFO:
Dataset length: 721
Class distribution in entire dataset:
  Class 0: 351
  Class 1: 38
  Class 2: 332

Using split method: stratified

Train set balance:
Class distribution:
  Class 0: 281 samples
  Class 1: 30 samples
  Class 2: 266 samples

Val set balance:
Class distribution:
  Class 0: 70 samples
  Class 1: 8 samples
  Class 2: 66 samples
Training set length: 577
Validation set length: 144

Using standard shuffle for training
Training loader: 96 batches
Validation loader: 24 batches

Class distribution in training set:
  Class 0: 281 (48.7%)
  Class 1: 30 (5.2%)
  Class 2: 266 (46.1%)
Class distribution in validation set:
  Class 0: 70 (48.6%)
  Class 1: 8 (5.6%)
  Class 2: 66 (45.8%)
**************************************************
Class weights: [ 6.845  64.111  7.231]

Test Dataset INFO:
Test Dataset length: 82
Class distribution in test dataset:
  Class 0: 40
  Class 1: 5
  Class 2: 37
Test loader: 14 batches
**************************************************

Using loss function: CE
**************************************************
Starting training...
✗ Frozen: swinViT.patch_embed.proj.weight (384 params)
✗ Frozen: swinViT.patch_embed.proj.bias (48 params)
✗ Frozen: swinViT.layers1.0.blocks.0.norm1.weight (48 params)
✗ Frozen: swinViT.layers1.0.blocks.0.norm1.bias (48 params)
✗ Frozen: swinViT.layers1.0.blocks.0.attn.relative_position_bias_table (6591 params)
✗ Frozen: swinViT.layers1.0.blocks.0.attn.qkv.weight (6912 params)
✗ Frozen: swinViT.layers1.0.blocks.0.attn.qkv.bias (144 params)
✗ Frozen: swinViT.layers1.0.blocks.0.attn.proj.weight (2304 params)
✗ Frozen: swinViT.layers1.0.blocks.0.attn.proj.bias (48 params)
✗ Frozen: swinViT.layers1.0.blocks.0.norm2.weight (48 params)
✗ Frozen: swinViT.layers1.0.blocks.0.norm2.bias (48 params)
✗ Frozen: swinViT.layers1.0.blocks.0.mlp.linear1.weight (9216 params)
✗ Frozen: swinViT.layers1.0.blocks.0.mlp.linear1.bias (192 params)
✗ Frozen: swinViT.layers1.0.blocks.0.mlp.linear2.weight (9216 params)
✗ Frozen: swinViT.layers1.0.blocks.0.mlp.linear2.bias (48 params)
✗ Frozen: swinViT.layers1.0.blocks.1.norm1.weight (48 params)
✗ Frozen: swinViT.layers1.0.blocks.1.norm1.bias (48 params)
✗ Frozen: swinViT.layers1.0.blocks.1.attn.relative_position_bias_table (6591 params)
✗ Frozen: swinViT.layers1.0.blocks.1.attn.qkv.weight (6912 params)
✗ Frozen: swinViT.layers1.0.blocks.1.attn.qkv.bias (144 params)
✗ Frozen: swinViT.layers1.0.blocks.1.attn.proj.weight (2304 params)
✗ Frozen: swinViT.layers1.0.blocks.1.attn.proj.bias (48 params)
✗ Frozen: swinViT.layers1.0.blocks.1.norm2.weight (48 params)
✗ Frozen: swinViT.layers1.0.blocks.1.norm2.bias (48 params)
✗ Frozen: swinViT.layers1.0.blocks.1.mlp.linear1.weight (9216 params)
✗ Frozen: swinViT.layers1.0.blocks.1.mlp.linear1.bias (192 params)
✗ Frozen: swinViT.layers1.0.blocks.1.mlp.linear2.weight (9216 params)
✗ Frozen: swinViT.layers1.0.blocks.1.mlp.linear2.bias (48 params)
✗ Frozen: swinViT.layers1.0.downsample.reduction.weight (36864 params)
✗ Frozen: swinViT.layers1.0.downsample.norm.weight (384 params)
✗ Frozen: swinViT.layers1.0.downsample.norm.bias (384 params)
✗ Frozen: swinViT.layers2.0.blocks.0.norm1.weight (96 params)
✗ Frozen: swinViT.layers2.0.blocks.0.norm1.bias (96 params)
✗ Frozen: swinViT.layers2.0.blocks.0.attn.relative_position_bias_table (13182 params)
✗ Frozen: swinViT.layers2.0.blocks.0.attn.qkv.weight (27648 params)
✗ Frozen: swinViT.layers2.0.blocks.0.attn.qkv.bias (288 params)
✗ Frozen: swinViT.layers2.0.blocks.0.attn.proj.weight (9216 params)
✗ Frozen: swinViT.layers2.0.blocks.0.attn.proj.bias (96 params)
✗ Frozen: swinViT.layers2.0.blocks.0.norm2.weight (96 params)
✗ Frozen: swinViT.layers2.0.blocks.0.norm2.bias (96 params)
✗ Frozen: swinViT.layers2.0.blocks.0.mlp.linear1.weight (36864 params)
✗ Frozen: swinViT.layers2.0.blocks.0.mlp.linear1.bias (384 params)
✗ Frozen: swinViT.layers2.0.blocks.0.mlp.linear2.weight (36864 params)
✗ Frozen: swinViT.layers2.0.blocks.0.mlp.linear2.bias (96 params)
✗ Frozen: swinViT.layers2.0.blocks.1.norm1.weight (96 params)
✗ Frozen: swinViT.layers2.0.blocks.1.norm1.bias (96 params)
✗ Frozen: swinViT.layers2.0.blocks.1.attn.relative_position_bias_table (13182 params)
✗ Frozen: swinViT.layers2.0.blocks.1.attn.qkv.weight (27648 params)
✗ Frozen: swinViT.layers2.0.blocks.1.attn.qkv.bias (288 params)
✗ Frozen: swinViT.layers2.0.blocks.1.attn.proj.weight (9216 params)
✗ Frozen: swinViT.layers2.0.blocks.1.attn.proj.bias (96 params)
✗ Frozen: swinViT.layers2.0.blocks.1.norm2.weight (96 params)
✗ Frozen: swinViT.layers2.0.blocks.1.norm2.bias (96 params)
✗ Frozen: swinViT.layers2.0.blocks.1.mlp.linear1.weight (36864 params)
✗ Frozen: swinViT.layers2.0.blocks.1.mlp.linear1.bias (384 params)
✗ Frozen: swinViT.layers2.0.blocks.1.mlp.linear2.weight (36864 params)
✗ Frozen: swinViT.layers2.0.blocks.1.mlp.linear2.bias (96 params)
✗ Frozen: swinViT.layers2.0.downsample.reduction.weight (147456 params)
✗ Frozen: swinViT.layers2.0.downsample.norm.weight (768 params)
✗ Frozen: swinViT.layers2.0.downsample.norm.bias (768 params)
✗ Frozen: swinViT.layers3.0.blocks.0.norm1.weight (192 params)
✗ Frozen: swinViT.layers3.0.blocks.0.norm1.bias (192 params)
✗ Frozen: swinViT.layers3.0.blocks.0.attn.relative_position_bias_table (26364 params)
✗ Frozen: swinViT.layers3.0.blocks.0.attn.qkv.weight (110592 params)
✗ Frozen: swinViT.layers3.0.blocks.0.attn.qkv.bias (576 params)
✗ Frozen: swinViT.layers3.0.blocks.0.attn.proj.weight (36864 params)
✗ Frozen: swinViT.layers3.0.blocks.0.attn.proj.bias (192 params)
✗ Frozen: swinViT.layers3.0.blocks.0.norm2.weight (192 params)
✗ Frozen: swinViT.layers3.0.blocks.0.norm2.bias (192 params)
✗ Frozen: swinViT.layers3.0.blocks.0.mlp.linear1.weight (147456 params)
✗ Frozen: swinViT.layers3.0.blocks.0.mlp.linear1.bias (768 params)
✗ Frozen: swinViT.layers3.0.blocks.0.mlp.linear2.weight (147456 params)
✗ Frozen: swinViT.layers3.0.blocks.0.mlp.linear2.bias (192 params)
✗ Frozen: swinViT.layers3.0.blocks.1.norm1.weight (192 params)
✗ Frozen: swinViT.layers3.0.blocks.1.norm1.bias (192 params)
✗ Frozen: swinViT.layers3.0.blocks.1.attn.relative_position_bias_table (26364 params)
✗ Frozen: swinViT.layers3.0.blocks.1.attn.qkv.weight (110592 params)
✗ Frozen: swinViT.layers3.0.blocks.1.attn.qkv.bias (576 params)
✗ Frozen: swinViT.layers3.0.blocks.1.attn.proj.weight (36864 params)
✗ Frozen: swinViT.layers3.0.blocks.1.attn.proj.bias (192 params)
✗ Frozen: swinViT.layers3.0.blocks.1.norm2.weight (192 params)
✗ Frozen: swinViT.layers3.0.blocks.1.norm2.bias (192 params)
✗ Frozen: swinViT.layers3.0.blocks.1.mlp.linear1.weight (147456 params)
✗ Frozen: swinViT.layers3.0.blocks.1.mlp.linear1.bias (768 params)
✗ Frozen: swinViT.layers3.0.blocks.1.mlp.linear2.weight (147456 params)
✗ Frozen: swinViT.layers3.0.blocks.1.mlp.linear2.bias (192 params)
✗ Frozen: swinViT.layers3.0.downsample.reduction.weight (589824 params)
✗ Frozen: swinViT.layers3.0.downsample.norm.weight (1536 params)
✗ Frozen: swinViT.layers3.0.downsample.norm.bias (1536 params)
✗ Frozen: swinViT.layers4.0.blocks.0.norm1.weight (384 params)
✗ Frozen: swinViT.layers4.0.blocks.0.norm1.bias (384 params)
✗ Frozen: swinViT.layers4.0.blocks.0.attn.relative_position_bias_table (52728 params)
✗ Frozen: swinViT.layers4.0.blocks.0.attn.qkv.weight (442368 params)
✗ Frozen: swinViT.layers4.0.blocks.0.attn.qkv.bias (1152 params)
✗ Frozen: swinViT.layers4.0.blocks.0.attn.proj.weight (147456 params)
✗ Frozen: swinViT.layers4.0.blocks.0.attn.proj.bias (384 params)
✗ Frozen: swinViT.layers4.0.blocks.0.norm2.weight (384 params)
✗ Frozen: swinViT.layers4.0.blocks.0.norm2.bias (384 params)
✗ Frozen: swinViT.layers4.0.blocks.0.mlp.linear1.weight (589824 params)
✗ Frozen: swinViT.layers4.0.blocks.0.mlp.linear1.bias (1536 params)
✗ Frozen: swinViT.layers4.0.blocks.0.mlp.linear2.weight (589824 params)
✗ Frozen: swinViT.layers4.0.blocks.0.mlp.linear2.bias (384 params)
✓ Unfrozen: swinViT.layers4.0.blocks.1.norm1.weight (384 params)
✓ Unfrozen: swinViT.layers4.0.blocks.1.norm1.bias (384 params)
✓ Unfrozen: swinViT.layers4.0.blocks.1.attn.relative_position_bias_table (52728 params)
✓ Unfrozen: swinViT.layers4.0.blocks.1.attn.qkv.weight (442368 params)
✓ Unfrozen: swinViT.layers4.0.blocks.1.attn.qkv.bias (1152 params)
✓ Unfrozen: swinViT.layers4.0.blocks.1.attn.proj.weight (147456 params)
✓ Unfrozen: swinViT.layers4.0.blocks.1.attn.proj.bias (384 params)
✓ Unfrozen: swinViT.layers4.0.blocks.1.norm2.weight (384 params)
✓ Unfrozen: swinViT.layers4.0.blocks.1.norm2.bias (384 params)
✓ Unfrozen: swinViT.layers4.0.blocks.1.mlp.linear1.weight (589824 params)
✓ Unfrozen: swinViT.layers4.0.blocks.1.mlp.linear1.bias (1536 params)
✓ Unfrozen: swinViT.layers4.0.blocks.1.mlp.linear2.weight (589824 params)
✓ Unfrozen: swinViT.layers4.0.blocks.1.mlp.linear2.bias (384 params)
✓ Unfrozen: swinViT.layers4.0.downsample.reduction.weight (2359296 params)
✓ Unfrozen: swinViT.layers4.0.downsample.norm.weight (3072 params)
✓ Unfrozen: swinViT.layers4.0.downsample.norm.bias (3072 params)
✓ Unfrozen: encoder10.layer.conv1.conv.weight (15925248 params)
✓ Unfrozen: encoder10.layer.conv2.conv.weight (15925248 params)
✓ Unfrozen: fc.query.weight (2304 params)
✓ Unfrozen: fc.query.bias (3 params)
✓ Unfrozen: fc.value.weight (2304 params)
✓ Unfrozen: fc.value.bias (3 params)
Total frozen: 3869370, trainable: 36047742
0 Fri Nov 28 12:24:51 2025 Epoch: 1
Epoch: 1/150 Iter: 1/96 loss: 27.9457 acc: 0.0000 time 82.19s
Epoch: 1/150 Iter: 2/96 loss: 19.9266 acc: 0.0833 time 11.01s
Epoch: 1/150 Iter: 3/96 loss: 17.8839 acc: 0.0926 time 13.47s
Epoch: 1/150 Iter: 4/96 loss: 16.8420 acc: 0.1250 time 10.91s
Epoch: 1/150 Iter: 5/96 loss: 16.3448 acc: 0.1889 time 10.87s
Epoch: 1/150 Iter: 6/96 loss: 14.6346 acc: 0.2407 time 13.71s
Epoch: 1/150 Iter: 7/96 loss: 13.7037 acc: 0.2635 time 13.63s
Epoch: 1/150 Iter: 8/96 loss: 13.3204 acc: 0.2618 time 13.62s
Epoch: 1/150 Iter: 9/96 loss: 12.0497 acc: 0.2790 time 13.59s
Epoch: 1/150 Iter: 10/96 loss: 12.6029 acc: 0.2733 time 10.93s
Epoch: 1/150 Iter: 11/96 loss: 14.3573 acc: 0.2485 time 13.58s
Epoch: 1/150 Iter: 12/96 loss: 13.6855 acc: 0.2694 time 13.51s
Epoch: 1/150 Iter: 13/96 loss: 13.9851 acc: 0.2701 time 13.50s
Epoch: 1/150 Iter: 14/96 loss: 14.8930 acc: 0.2627 time 10.96s
Epoch: 1/150 Iter: 15/96 loss: 14.8205 acc: 0.2507 time 10.92s
Epoch: 1/150 Iter: 16/96 loss: 15.1107 acc: 0.2420 time 10.90s
Epoch: 1/150 Iter: 17/96 loss: 15.8218 acc: 0.2343 time 11.08s
Epoch: 1/150 Iter: 18/96 loss: 15.2302 acc: 0.2398 time 11.14s
Epoch: 1/150 Iter: 19/96 loss: 15.0017 acc: 0.2360 time 10.93s
Epoch: 1/150 Iter: 20/96 loss: 15.1773 acc: 0.2297 time 13.48s
Epoch: 1/150 Iter: 21/96 loss: 15.3664 acc: 0.2228 time 13.54s
Epoch: 1/150 Iter: 22/96 loss: 14.9332 acc: 0.2297 time 10.97s
Epoch: 1/150 Iter: 23/96 loss: 14.7169 acc: 0.2400 time 13.48s
Epoch: 1/150 Iter: 24/96 loss: 14.4770 acc: 0.2508 time 10.84s
Epoch: 1/150 Iter: 25/96 loss: 14.6773 acc: 0.2497 time 10.90s
Epoch: 1/150 Iter: 26/96 loss: 14.8722 acc: 0.2561 time 13.46s
Epoch: 1/150 Iter: 27/96 loss: 14.5990 acc: 0.2559 time 13.47s
Epoch: 1/150 Iter: 28/96 loss: 14.2430 acc: 0.2616 time 10.97s
Epoch: 1/150 Iter: 29/96 loss: 14.6096 acc: 0.2583 time 10.85s
Epoch: 1/150 Iter: 30/96 loss: 14.7239 acc: 0.2553 time 10.93s
Epoch: 1/150 Iter: 31/96 loss: 14.8967 acc: 0.2506 time 13.59s
Epoch: 1/150 Iter: 32/96 loss: 14.6824 acc: 0.2623 time 10.86s
Epoch: 1/150 Iter: 33/96 loss: 14.8507 acc: 0.2577 time 10.87s
Epoch: 1/150 Iter: 34/96 loss: 15.0476 acc: 0.2551 time 10.92s
Epoch: 1/150 Iter: 35/96 loss: 14.7977 acc: 0.2573 time 13.54s
Epoch: 1/150 Iter: 36/96 loss: 14.6566 acc: 0.2606 time 10.89s
Epoch: 1/150 Iter: 37/96 loss: 14.9557 acc: 0.2625 time 13.69s
Epoch: 1/150 Iter: 38/96 loss: 14.9086 acc: 0.2600 time 10.90s
Epoch: 1/150 Iter: 39/96 loss: 14.7299 acc: 0.2619 time 11.00s
Epoch: 1/150 Iter: 40/96 loss: 14.8093 acc: 0.2609 time 13.56s
Epoch: 1/150 Iter: 41/96 loss: 14.5559 acc: 0.2741 time 13.65s
Epoch: 1/150 Iter: 42/96 loss: 14.5727 acc: 0.2715 time 10.95s
Epoch: 1/150 Iter: 43/96 loss: 14.6735 acc: 0.2678 time 13.49s
Epoch: 1/150 Iter: 44/96 loss: 14.6631 acc: 0.2632 time 13.72s
Epoch: 1/150 Iter: 45/96 loss: 14.4579 acc: 0.2677 time 13.77s
Epoch: 1/150 Iter: 46/96 loss: 14.5674 acc: 0.2637 time 10.91s
Epoch: 1/150 Iter: 47/96 loss: 14.7664 acc: 0.2605 time 11.13s
Epoch: 1/150 Iter: 48/96 loss: 14.9728 acc: 0.2573 time 13.49s
Epoch: 1/150 Iter: 49/96 loss: 14.7765 acc: 0.2623 time 10.99s
Epoch: 1/150 Iter: 50/96 loss: 14.7624 acc: 0.2571 time 13.46s
Epoch: 1/150 Iter: 51/96 loss: 14.6971 acc: 0.2542 time 13.52s
Epoch: 1/150 Iter: 52/96 loss: 14.6710 acc: 0.2525 time 11.02s
Epoch: 1/150 Iter: 53/96 loss: 14.5772 acc: 0.2515 time 13.51s
Epoch: 1/150 Iter: 54/96 loss: 14.6711 acc: 0.2510 time 11.06s
Epoch: 1/150 Iter: 55/96 loss: 14.6697 acc: 0.2505 time 11.08s
Epoch: 1/150 Iter: 56/96 loss: 14.5882 acc: 0.2543 time 10.94s
Epoch: 1/150 Iter: 57/96 loss: 14.4451 acc: 0.2586 time 10.96s
Epoch: 1/150 Iter: 58/96 loss: 14.3409 acc: 0.2593 time 13.47s
Epoch: 1/150 Iter: 59/96 loss: 14.2976 acc: 0.2629 time 13.47s
Epoch: 1/150 Iter: 60/96 loss: 14.3668 acc: 0.2603 time 10.97s
Epoch: 1/150 Iter: 61/96 loss: 14.3698 acc: 0.2606 time 11.14s
Epoch: 1/150 Iter: 62/96 loss: 14.2774 acc: 0.2631 time 11.20s
Epoch: 1/150 Iter: 63/96 loss: 14.4186 acc: 0.2616 time 11.10s
Epoch: 1/150 Iter: 64/96 loss: 14.5148 acc: 0.2575 time 10.90s
Epoch: 1/150 Iter: 65/96 loss: 14.5608 acc: 0.2612 time 11.09s
Epoch: 1/150 Iter: 66/96 loss: 14.6357 acc: 0.2585 time 10.91s
Epoch: 1/150 Iter: 67/96 loss: 14.7224 acc: 0.2597 time 10.93s
Epoch: 1/150 Iter: 68/96 loss: 14.6617 acc: 0.2591 time 11.24s
Epoch: 1/150 Iter: 69/96 loss: 14.4527 acc: 0.2662 time 11.07s
Epoch: 1/150 Iter: 70/96 loss: 14.3936 acc: 0.2656 time 11.06s
Epoch: 1/150 Iter: 71/96 loss: 14.3265 acc: 0.2650 time 11.13s
Epoch: 1/150 Iter: 72/96 loss: 14.3181 acc: 0.2636 time 10.96s
Epoch: 1/150 Iter: 73/96 loss: 14.4769 acc: 0.2623 time 11.05s
Epoch: 1/150 Iter: 74/96 loss: 14.5181 acc: 0.2587 time 11.04s
Epoch: 1/150 Iter: 75/96 loss: 14.5240 acc: 0.2575 time 13.47s
Epoch: 1/150 Iter: 76/96 loss: 14.4747 acc: 0.2574 time 11.09s
Epoch: 1/150 Iter: 77/96 loss: 14.5393 acc: 0.2598 time 11.05s
Epoch: 1/150 Iter: 78/96 loss: 14.5381 acc: 0.2587 time 13.57s
Epoch: 1/150 Iter: 79/96 loss: 14.5500 acc: 0.2575 time 13.57s
Epoch: 1/150 Iter: 80/96 loss: 14.5737 acc: 0.2574 time 10.87s
Epoch: 1/150 Iter: 81/96 loss: 14.4435 acc: 0.2570 time 11.00s
Epoch: 1/150 Iter: 82/96 loss: 14.4905 acc: 0.2548 time 10.85s
Epoch: 1/150 Iter: 83/96 loss: 14.4021 acc: 0.2528 time 10.82s
Epoch: 1/150 Iter: 84/96 loss: 14.4061 acc: 0.2537 time 10.87s
Epoch: 1/150 Iter: 85/96 loss: 14.3446 acc: 0.2527 time 13.42s
Epoch: 1/150 Iter: 86/96 loss: 14.2288 acc: 0.2552 time 13.48s
Epoch: 1/150 Iter: 87/96 loss: 14.2273 acc: 0.2561 time 11.00s
Epoch: 1/150 Iter: 88/96 loss: 14.3019 acc: 0.2545 time 10.84s
Epoch: 1/150 Iter: 89/96 loss: 14.3482 acc: 0.2553 time 10.85s
Epoch: 1/150 Iter: 90/96 loss: 14.4946 acc: 0.2534 time 13.49s
Epoch: 1/150 Iter: 91/96 loss: 14.3877 acc: 0.2561 time 10.85s
Epoch: 1/150 Iter: 92/96 loss: 14.2945 acc: 0.2548 time 13.44s
Epoch: 1/150 Iter: 93/96 loss: 14.3071 acc: 0.2568 time 13.51s
Epoch: 1/150 Iter: 94/96 loss: 14.3984 acc: 0.2548 time 13.43s
Epoch: 1/150 Iter: 95/96 loss: 14.3176 acc: 0.2565 time 13.52s
Epoch: 1/150 Iter: 96/96 loss: 14.3569 acc: 0.2545 time 13.43s
[Train epoch 1] avg_loss=14.3569 avg_acc=0.2545 | per-class [c0: 0.477, c1: 0.200, c2: 0.192]
Final training 1/150, loss: 14.3569, time 1221.98s, lr: 0.000000
Accuracy: 0.332
class                  precision    recall   specificity      f1   support
--------------------------------------------------------------------------
0                          0.487     0.477         0.522   0.482       281
1                          0.035     0.200         0.698   0.060        30
2                          0.392     0.192         0.746   0.258       265
*----------------------------------------*
0 Fri Nov 28 12:45:14 2025 Epoch: 2
Epoch: 2/150 Iter: 1/96 loss: 19.9961 acc: 0.2500 time 13.75s
Epoch: 2/150 Iter: 2/96 loss: 14.4066 acc: 0.2250 time 13.52s
Epoch: 2/150 Iter: 3/96 loss: 14.8630 acc: 0.2333 time 11.04s
Epoch: 2/150 Iter: 4/96 loss: 14.4759 acc: 0.1750 time 13.49s
Epoch: 2/150 Iter: 5/96 loss: 16.1759 acc: 0.1622 time 11.19s
Epoch: 2/150 Iter: 6/96 loss: 16.8203 acc: 0.1722 time 10.92s
Epoch: 2/150 Iter: 7/96 loss: 15.7655 acc: 0.1952 time 10.99s
Epoch: 2/150 Iter: 8/96 loss: 15.6502 acc: 0.1813 time 13.48s
Epoch: 2/150 Iter: 9/96 loss: 16.7588 acc: 0.1735 time 13.56s
Epoch: 2/150 Iter: 10/96 loss: 16.9198 acc: 0.1561 time 11.18s
Epoch: 2/150 Iter: 11/96 loss: 18.1269 acc: 0.1419 time 10.91s
Epoch: 2/150 Iter: 12/96 loss: 18.2734 acc: 0.1579 time 10.94s
Epoch: 2/150 Iter: 13/96 loss: 17.7316 acc: 0.1543 time 11.24s
Epoch: 2/150 Iter: 14/96 loss: 18.0572 acc: 0.1552 time 13.53s
Epoch: 2/150 Iter: 15/96 loss: 17.6505 acc: 0.1448 time 11.07s
Epoch: 2/150 Iter: 16/96 loss: 17.5835 acc: 0.1427 time 13.47s
Epoch: 2/150 Iter: 17/96 loss: 17.4826 acc: 0.1392 time 11.26s
Epoch: 2/150 Iter: 18/96 loss: 17.4343 acc: 0.1454 time 13.50s
Epoch: 2/150 Iter: 19/96 loss: 16.8922 acc: 0.1623 time 13.51s
Epoch: 2/150 Iter: 20/96 loss: 16.7856 acc: 0.1675 time 10.96s
Epoch: 2/150 Iter: 21/96 loss: 17.2671 acc: 0.1627 time 11.23s
Epoch: 2/150 Iter: 22/96 loss: 17.1040 acc: 0.1654 time 10.93s
Epoch: 2/150 Iter: 23/96 loss: 16.8351 acc: 0.1669 time 10.91s
Epoch: 2/150 Iter: 24/96 loss: 16.5222 acc: 0.1785 time 10.98s
Epoch: 2/150 Iter: 25/96 loss: 17.0773 acc: 0.1713 time 11.21s
Epoch: 2/150 Iter: 26/96 loss: 16.6125 acc: 0.1808 time 10.97s
Epoch: 2/150 Iter: 27/96 loss: 16.5588 acc: 0.1802 time 10.94s
Epoch: 2/150 Iter: 28/96 loss: 16.8023 acc: 0.1768 time 11.23s
Epoch: 2/150 Iter: 29/96 loss: 17.3253 acc: 0.1707 time 10.97s
Epoch: 2/150 Iter: 30/96 loss: 17.7185 acc: 0.1706 time 11.08s
Epoch: 2/150 Iter: 31/96 loss: 17.5496 acc: 0.1677 time 13.47s
Epoch: 2/150 Iter: 32/96 loss: 17.2242 acc: 0.1703 time 10.93s
Epoch: 2/150 Iter: 33/96 loss: 16.9491 acc: 0.1803 time 13.53s
Epoch: 2/150 Iter: 34/96 loss: 16.4884 acc: 0.1922 time 10.90s
Epoch: 2/150 Iter: 35/96 loss: 16.3036 acc: 0.1914 time 10.91s
Epoch: 2/150 Iter: 36/96 loss: 16.4711 acc: 0.1884 time 13.50s
Epoch: 2/150 Iter: 37/96 loss: 16.1128 acc: 0.1968 time 11.11s
Epoch: 2/150 Iter: 38/96 loss: 16.2936 acc: 0.2004 time 13.52s
Epoch: 2/150 Iter: 39/96 loss: 16.6473 acc: 0.1953 time 10.97s
Epoch: 2/150 Iter: 40/96 loss: 16.6930 acc: 0.1988 time 13.53s
Epoch: 2/150 Iter: 41/96 loss: 16.3709 acc: 0.2091 time 10.93s
Epoch: 2/150 Iter: 42/96 loss: 16.1636 acc: 0.2089 time 10.99s
Epoch: 2/150 Iter: 43/96 loss: 16.1046 acc: 0.2067 time 10.91s
Epoch: 2/150 Iter: 44/96 loss: 16.1375 acc: 0.2095 time 10.90s
Epoch: 2/150 Iter: 45/96 loss: 15.9267 acc: 0.2093 time 11.12s
Epoch: 2/150 Iter: 46/96 loss: 15.9861 acc: 0.2048 time 13.55s
Epoch: 2/150 Iter: 47/96 loss: 15.8595 acc: 0.2132 time 11.19s
Epoch: 2/150 Iter: 48/96 loss: 15.8388 acc: 0.2087 time 11.25s
Epoch: 2/150 Iter: 49/96 loss: 15.7916 acc: 0.2113 time 10.92s
Epoch: 2/150 Iter: 50/96 loss: 15.5667 acc: 0.2204 time 13.45s
Epoch: 2/150 Iter: 51/96 loss: 15.5817 acc: 0.2259 time 11.08s
Epoch: 2/150 Iter: 52/96 loss: 15.5569 acc: 0.2287 time 13.54s
Epoch: 2/150 Iter: 53/96 loss: 15.9365 acc: 0.2244 time 11.22s
Epoch: 2/150 Iter: 54/96 loss: 15.7328 acc: 0.2295 time 11.10s
Epoch: 2/150 Iter: 55/96 loss: 15.5711 acc: 0.2254 time 13.53s
Epoch: 2/150 Iter: 56/96 loss: 15.5707 acc: 0.2225 time 11.12s
Epoch: 2/150 Iter: 57/96 loss: 15.5358 acc: 0.2210 time 10.94s
Epoch: 2/150 Iter: 58/96 loss: 15.5227 acc: 0.2210 time 13.51s
Epoch: 2/150 Iter: 59/96 loss: 15.5075 acc: 0.2206 time 10.92s
Epoch: 2/150 Iter: 60/96 loss: 15.5872 acc: 0.2225 time 13.47s
Epoch: 2/150 Iter: 61/96 loss: 15.5202 acc: 0.2207 time 10.93s
Epoch: 2/150 Iter: 62/96 loss: 15.3116 acc: 0.2272 time 11.16s
Epoch: 2/150 Iter: 63/96 loss: 15.3883 acc: 0.2276 time 13.55s
Epoch: 2/150 Iter: 64/96 loss: 15.4553 acc: 0.2253 time 10.95s
Epoch: 2/150 Iter: 65/96 loss: 15.3145 acc: 0.2270 time 13.51s
Epoch: 2/150 Iter: 66/96 loss: 15.1933 acc: 0.2311 time 10.96s
Epoch: 2/150 Iter: 67/96 loss: 15.2649 acc: 0.2289 time 10.95s
Epoch: 2/150 Iter: 68/96 loss: 15.2493 acc: 0.2272 time 13.53s
Epoch: 2/150 Iter: 69/96 loss: 15.3817 acc: 0.2251 time 11.17s
Epoch: 2/150 Iter: 70/96 loss: 15.6252 acc: 0.2254 time 13.56s
Epoch: 2/150 Iter: 71/96 loss: 15.7056 acc: 0.2234 time 10.95s
Epoch: 2/150 Iter: 72/96 loss: 15.7869 acc: 0.2213 time 10.91s
Epoch: 2/150 Iter: 73/96 loss: 15.7050 acc: 0.2246 time 10.90s
Epoch: 2/150 Iter: 74/96 loss: 15.7019 acc: 0.2234 time 13.50s
Epoch: 2/150 Iter: 75/96 loss: 15.6703 acc: 0.2234 time 11.08s
Epoch: 2/150 Iter: 76/96 loss: 15.5723 acc: 0.2226 time 11.07s
Epoch: 2/150 Iter: 77/96 loss: 15.5416 acc: 0.2241 time 13.56s
Epoch: 2/150 Iter: 78/96 loss: 15.5192 acc: 0.2244 time 13.49s
Epoch: 2/150 Iter: 79/96 loss: 15.5207 acc: 0.2216 time 13.51s
Epoch: 2/150 Iter: 80/96 loss: 15.4849 acc: 0.2230 time 10.96s
Epoch: 2/150 Iter: 81/96 loss: 15.4759 acc: 0.2229 time 13.46s
Epoch: 2/150 Iter: 82/96 loss: 15.3670 acc: 0.2243 time 10.95s
Epoch: 2/150 Iter: 83/96 loss: 15.3565 acc: 0.2246 time 10.88s
Epoch: 2/150 Iter: 84/96 loss: 15.3527 acc: 0.2219 time 10.82s
Epoch: 2/150 Iter: 85/96 loss: 15.3669 acc: 0.2232 time 13.46s
Epoch: 2/150 Iter: 86/96 loss: 15.3741 acc: 0.2232 time 13.53s
Epoch: 2/150 Iter: 87/96 loss: 15.3363 acc: 0.2245 time 10.87s
Epoch: 2/150 Iter: 88/96 loss: 15.3415 acc: 0.2257 time 13.48s
Epoch: 2/150 Iter: 89/96 loss: 15.2884 acc: 0.2257 time 11.04s
Epoch: 2/150 Iter: 90/96 loss: 15.4074 acc: 0.2244 time 10.92s
Epoch: 2/150 Iter: 91/96 loss: 15.2581 acc: 0.2299 time 13.45s
Epoch: 2/150 Iter: 92/96 loss: 15.2671 acc: 0.2298 time 13.45s
Epoch: 2/150 Iter: 93/96 loss: 15.2287 acc: 0.2321 time 11.11s
Epoch: 2/150 Iter: 94/96 loss: 15.3122 acc: 0.2308 time 10.87s
Epoch: 2/150 Iter: 95/96 loss: 15.1678 acc: 0.2319 time 13.51s
Epoch: 2/150 Iter: 96/96 loss: 15.1989 acc: 0.2302 time 11.04s
[Train epoch 2] avg_loss=15.1989 avg_acc=0.2302 | per-class [c0: 0.464, c1: 0.167, c2: 0.169]
Final training 2/150, loss: 15.1989, time 1145.04s, lr: 0.000000
Accuracy: 0.312
class                  precision    recall   specificity      f1   support
--------------------------------------------------------------------------
0                          0.492     0.464         0.547   0.478       280
1                          0.028     0.167         0.679   0.048        30
2                          0.341     0.169         0.719   0.226       266
*----------------------------------------*
Val 2/150 1/24, Acc: 0.1111, Loss: 16.7715, time 14.30s
Val 2/150 2/24, Acc: 0.2222, Loss: 13.5333, time 14.67s
Val 2/150 3/24, Acc: 0.2593, Loss: 11.3565, time 14.39s
Val 2/150 4/24, Acc: 0.2569, Loss: 12.1958, time 14.24s
Val 2/150 5/24, Acc: 0.2222, Loss: 11.5295, time 15.15s
Val 2/150 6/24, Acc: 0.1991, Loss: 11.6863, time 15.35s
Val 2/150 7/24, Acc: 0.1944, Loss: 11.9406, time 14.76s
Val 2/150 8/24, Acc: 0.1806, Loss: 11.7940, time 15.58s
Val 2/150 9/24, Acc: 0.1679, Loss: 11.1626, time 16.69s
Val 2/150 10/24, Acc: 0.1978, Loss: 10.8683, time 16.76s
Val 2/150 11/24, Acc: 0.2253, Loss: 10.8064, time 14.04s
Val 2/150 12/24, Acc: 0.2273, Loss: 10.6672, time 15.10s
Val 2/150 13/24, Acc: 0.2355, Loss: 10.4891, time 15.58s
Val 2/150 14/24, Acc: 0.2901, Loss: 9.7438, time 15.46s
Val 2/150 15/24, Acc: 0.3263, Loss: 9.1822, time 14.62s
Val 2/150 16/24, Acc: 0.3184, Loss: 9.0551, time 14.11s
Val 2/150 17/24, Acc: 0.3095, Loss: 9.4708, time 15.73s
Val 2/150 18/24, Acc: 0.3015, Loss: 9.3524, time 14.69s
Val 2/150 19/24, Acc: 0.3330, Loss: 8.8916, time 14.76s
Val 2/150 20/24, Acc: 0.3331, Loss: 8.6493, time 15.42s
Val 2/150 21/24, Acc: 0.3331, Loss: 8.8733, time 16.03s
Val 2/150 22/24, Acc: 0.3230, Loss: 9.2944, time 17.97s
Val 2/150 23/24, Acc: 0.3331, Loss: 9.0427, time 13.91s
Val 2/150 24/24, Acc: 0.3192, Loss: 9.4725, time 14.15s
[Val epoch 2] avg_acc=0.3192 | avg_loss=9.4725 | per-class [c0: 0.486, c1: 0.500, c2: 0.258]
Final validation 2/150, Val_acc: 0.3192, time 363.47sAccuracy: 0.382
class                  precision    recall   specificity      f1   support
--------------------------------------------------------------------------
0                          0.479     0.486         0.500   0.482        70
1                          0.111     0.500         0.765   0.182         8
2                          0.459     0.258         0.744   0.330        66
*========================================*
New best (0.000000 --> 0.319213)
Saving checkpoint outputs/OrganoidsINRIA/swinunetr+noah/2025-11-28-12-24/training/model_final.pt
Copying best model to best_model.pt
[EarlyStopping] init best=0.319213
[EarlyStopping] init best=9.472542
0 Fri Nov 28 13:10:33 2025 Epoch: 3
Epoch: 3/150 Iter: 1/96 loss: 14.3486 acc: 0.1667 time 14.79s
Epoch: 3/150 Iter: 2/96 loss: 15.9711 acc: 0.1500 time 10.92s
Epoch: 3/150 Iter: 3/96 loss: 15.8350 acc: 0.1833 time 13.43s
Epoch: 3/150 Iter: 4/96 loss: 13.4607 acc: 0.2069 time 10.94s
Epoch: 3/150 Iter: 5/96 loss: 13.2249 acc: 0.2100 time 10.92s
Epoch: 3/150 Iter: 6/96 loss: 11.6991 acc: 0.2306 time 10.91s
Epoch: 3/150 Iter: 7/96 loss: 11.5892 acc: 0.2294 time 13.46s
Epoch: 3/150 Iter: 8/96 loss: 12.6469 acc: 0.2319 time 13.48s
Epoch: 3/150 Iter: 9/96 loss: 13.5660 acc: 0.2185 time 10.88s
Epoch: 3/150 Iter: 10/96 loss: 12.3356 acc: 0.2383 time 11.00s
Epoch: 3/150 Iter: 11/96 loss: 11.6932 acc: 0.2621 time 13.48s
Epoch: 3/150 Iter: 12/96 loss: 12.5958 acc: 0.2542 time 10.92s
Epoch: 3/150 Iter: 13/96 loss: 13.4610 acc: 0.2346 time 11.05s
Epoch: 3/150 Iter: 14/96 loss: 13.6472 acc: 0.2238 time 13.50s
Epoch: 3/150 Iter: 15/96 loss: 13.5196 acc: 0.2367 time 13.47s
Epoch: 3/150 Iter: 16/96 loss: 13.8950 acc: 0.2323 time 13.44s
Epoch: 3/150 Iter: 17/96 loss: 14.6507 acc: 0.2186 time 13.56s
Epoch: 3/150 Iter: 18/96 loss: 14.7198 acc: 0.2188 time 10.87s
Epoch: 3/150 Iter: 19/96 loss: 14.3504 acc: 0.2249 time 10.90s
Epoch: 3/150 Iter: 20/96 loss: 14.1021 acc: 0.2358 time 13.48s
Epoch: 3/150 Iter: 21/96 loss: 13.6927 acc: 0.2437 time 10.90s
Epoch: 3/150 Iter: 22/96 loss: 13.3846 acc: 0.2610 time 13.45s
Epoch: 3/150 Iter: 23/96 loss: 12.9863 acc: 0.2690 time 13.52s
Epoch: 3/150 Iter: 24/96 loss: 13.0175 acc: 0.2624 time 13.52s
Epoch: 3/150 Iter: 25/96 loss: 13.1646 acc: 0.2619 time 11.16s
Epoch: 3/150 Iter: 26/96 loss: 13.1637 acc: 0.2604 time 10.96s
Epoch: 3/150 Iter: 27/96 loss: 13.0970 acc: 0.2729 time 13.49s
Epoch: 3/150 Iter: 28/96 loss: 13.0072 acc: 0.2691 time 13.52s
Epoch: 3/150 Iter: 29/96 loss: 12.5587 acc: 0.2943 time 10.93s
Epoch: 3/150 Iter: 30/96 loss: 12.8243 acc: 0.2901 time 10.94s
Epoch: 3/150 Iter: 31/96 loss: 13.0480 acc: 0.2843 time 13.51s
Epoch: 3/150 Iter: 32/96 loss: 13.1082 acc: 0.2832 time 10.99s
Epoch: 3/150 Iter: 33/96 loss: 12.9923 acc: 0.2873 time 11.06s
Epoch: 3/150 Iter: 34/96 loss: 13.3122 acc: 0.2788 time 13.48s
Epoch: 3/150 Iter: 35/96 loss: 13.4043 acc: 0.2780 time 13.46s
Epoch: 3/150 Iter: 36/96 loss: 13.5603 acc: 0.2749 time 13.55s
Epoch: 3/150 Iter: 37/96 loss: 13.6477 acc: 0.2697 time 10.87s
Epoch: 3/150 Iter: 38/96 loss: 13.6481 acc: 0.2692 time 11.18s
Epoch: 3/150 Iter: 39/96 loss: 13.8483 acc: 0.2694 time 11.13s
Epoch: 3/150 Iter: 40/96 loss: 13.8607 acc: 0.2710 time 10.94s
Epoch: 3/150 Iter: 41/96 loss: 13.6313 acc: 0.2766 time 13.50s
Epoch: 3/150 Iter: 42/96 loss: 13.4943 acc: 0.2753 time 11.08s
Epoch: 3/150 Iter: 43/96 loss: 13.3391 acc: 0.2806 time 11.10s
Epoch: 3/150 Iter: 44/96 loss: 13.4075 acc: 0.2792 time 13.49s
Epoch: 3/150 Iter: 45/96 loss: 13.3826 acc: 0.2804 time 11.19s
Epoch: 3/150 Iter: 46/96 loss: 13.7585 acc: 0.2743 time 11.09s
Epoch: 3/150 Iter: 47/96 loss: 13.6601 acc: 0.2709 time 10.88s
Epoch: 3/150 Iter: 48/96 loss: 13.6465 acc: 0.2675 time 11.07s
Epoch: 3/150 Iter: 49/96 loss: 13.4195 acc: 0.2723 time 13.45s
Epoch: 3/150 Iter: 50/96 loss: 13.5897 acc: 0.2668 time 11.10s
Epoch: 3/150 Iter: 51/96 loss: 13.6885 acc: 0.2638 time 10.97s
Epoch: 3/150 Iter: 52/96 loss: 13.7396 acc: 0.2603 time 13.51s
Epoch: 3/150 Iter: 53/96 loss: 13.7566 acc: 0.2585 time 10.96s
Epoch: 3/150 Iter: 54/96 loss: 13.7527 acc: 0.2584 time 13.49s
Epoch: 3/150 Iter: 55/96 loss: 13.8000 acc: 0.2577 time 10.93s
Epoch: 3/150 Iter: 56/96 loss: 13.7331 acc: 0.2591 time 11.18s
Epoch: 3/150 Iter: 57/96 loss: 13.6190 acc: 0.2623 time 10.96s
Epoch: 3/150 Iter: 58/96 loss: 13.5837 acc: 0.2578 time 10.93s
Epoch: 3/150 Iter: 59/96 loss: 13.6255 acc: 0.2548 time 11.22s
Epoch: 3/150 Iter: 60/96 loss: 13.7248 acc: 0.2573 time 10.98s
Epoch: 3/150 Iter: 61/96 loss: 13.5907 acc: 0.2622 time 13.53s
Epoch: 3/150 Iter: 62/96 loss: 13.5781 acc: 0.2624 time 13.56s
Epoch: 3/150 Iter: 63/96 loss: 13.5595 acc: 0.2609 time 13.51s
Epoch: 3/150 Iter: 64/96 loss: 13.5252 acc: 0.2589 time 11.10s
Epoch: 3/150 Iter: 65/96 loss: 13.5255 acc: 0.2588 time 10.94s
Epoch: 3/150 Iter: 66/96 loss: 13.5525 acc: 0.2565 time 13.46s
Epoch: 3/150 Iter: 67/96 loss: 13.5643 acc: 0.2564 time 11.07s
Epoch: 3/150 Iter: 68/96 loss: 13.5480 acc: 0.2576 time 13.45s
Epoch: 3/150 Iter: 69/96 loss: 13.5985 acc: 0.2538 time 11.19s
Epoch: 3/150 Iter: 70/96 loss: 13.5210 acc: 0.2562 time 11.18s
Epoch: 3/150 Iter: 71/96 loss: 13.4349 acc: 0.2596 time 11.11s
Epoch: 3/150 Iter: 72/96 loss: 13.5075 acc: 0.2575 time 11.09s
Epoch: 3/150 Iter: 73/96 loss: 13.7777 acc: 0.2540 time 13.52s
Epoch: 3/150 Iter: 74/96 loss: 14.0120 acc: 0.2506 time 10.95s
Epoch: 3/150 Iter: 75/96 loss: 14.0508 acc: 0.2509 time 11.06s
Epoch: 3/150 Iter: 76/96 loss: 14.1160 acc: 0.2487 time 11.08s
Epoch: 3/150 Iter: 77/96 loss: 14.0311 acc: 0.2498 time 13.51s
Epoch: 3/150 Iter: 78/96 loss: 13.9374 acc: 0.2514 time 11.08s
Epoch: 3/150 Iter: 79/96 loss: 13.8371 acc: 0.2546 time 10.96s
Epoch: 3/150 Iter: 80/96 loss: 14.0184 acc: 0.2535 time 13.60s
Epoch: 3/150 Iter: 81/96 loss: 13.9573 acc: 0.2514 time 10.94s
Epoch: 3/150 Iter: 82/96 loss: 13.9493 acc: 0.2514 time 10.85s
Epoch: 3/150 Iter: 83/96 loss: 14.0122 acc: 0.2510 time 10.96s
Epoch: 3/150 Iter: 84/96 loss: 14.0174 acc: 0.2510 time 10.85s
Epoch: 3/150 Iter: 85/96 loss: 13.8887 acc: 0.2539 time 11.03s
Epoch: 3/150 Iter: 86/96 loss: 13.8223 acc: 0.2558 time 13.43s
Epoch: 3/150 Iter: 87/96 loss: 13.7114 acc: 0.2605 time 10.84s
Epoch: 3/150 Iter: 88/96 loss: 13.7698 acc: 0.2614 time 13.42s
Epoch: 3/150 Iter: 89/96 loss: 13.6987 acc: 0.2640 time 13.45s
Epoch: 3/150 Iter: 90/96 loss: 13.7595 acc: 0.2639 time 13.45s
Epoch: 3/150 Iter: 91/96 loss: 13.7655 acc: 0.2617 time 13.41s
Epoch: 3/150 Iter: 92/96 loss: 13.7628 acc: 0.2603 time 13.46s
Epoch: 3/150 Iter: 93/96 loss: 13.6925 acc: 0.2605 time 10.93s
Epoch: 3/150 Iter: 94/96 loss: 13.8275 acc: 0.2589 time 13.46s
Epoch: 3/150 Iter: 95/96 loss: 13.7946 acc: 0.2580 time 13.44s
Epoch: 3/150 Iter: 96/96 loss: 13.8130 acc: 0.2553 time 10.91s
[Train epoch 3] avg_loss=13.8130 avg_acc=0.2553 | per-class [c0: 0.473, c1: 0.167, c2: 0.196]
Final training 3/150, loss: 13.8130, time 1156.88s, lr: 0.000000
Accuracy: 0.330
class                  precision    recall   specificity      f1   support
--------------------------------------------------------------------------
0                          0.460     0.473         0.471   0.467       281
1                          0.033     0.167         0.733   0.055        30
2                          0.382     0.196         0.730   0.259       265
*----------------------------------------*
0 Fri Nov 28 13:29:49 2025 Epoch: 4
Epoch: 4/150 Iter: 1/96 loss: 33.0686 acc: 0.0833 time 17.58s
Epoch: 4/150 Iter: 2/96 loss: 22.1583 acc: 0.1250 time 11.23s
Epoch: 4/150 Iter: 3/96 loss: 18.4657 acc: 0.2389 time 13.53s
Epoch: 4/150 Iter: 4/96 loss: 16.3300 acc: 0.2347 time 13.50s
Epoch: 4/150 Iter: 5/96 loss: 15.1982 acc: 0.3044 time 10.92s
Epoch: 4/150 Iter: 6/96 loss: 15.6763 acc: 0.2907 time 10.91s
Epoch: 4/150 Iter: 7/96 loss: 14.9278 acc: 0.2968 time 11.07s
Epoch: 4/150 Iter: 8/96 loss: 15.4476 acc: 0.3014 time 13.48s
Epoch: 4/150 Iter: 9/96 loss: 16.7072 acc: 0.2772 time 13.48s
Epoch: 4/150 Iter: 10/96 loss: 16.2755 acc: 0.2911 time 11.21s
Epoch: 4/150 Iter: 11/96 loss: 16.1619 acc: 0.2798 time 13.51s
Epoch: 4/150 Iter: 12/96 loss: 16.0539 acc: 0.2634 time 11.20s
Epoch: 4/150 Iter: 13/96 loss: 15.6196 acc: 0.2645 time 13.51s
Epoch: 4/150 Iter: 14/96 loss: 15.5987 acc: 0.2552 time 13.47s
Epoch: 4/150 Iter: 15/96 loss: 15.3572 acc: 0.2456 time 10.91s
Epoch: 4/150 Iter: 16/96 loss: 14.9571 acc: 0.2563 time 13.47s
Epoch: 4/150 Iter: 17/96 loss: 14.9051 acc: 0.2559 time 10.87s
Epoch: 4/150 Iter: 18/96 loss: 14.5929 acc: 0.2556 time 13.45s
Epoch: 4/150 Iter: 19/96 loss: 14.7136 acc: 0.2421 time 10.89s
Epoch: 4/150 Iter: 20/96 loss: 14.5169 acc: 0.2467 time 10.95s
Epoch: 4/150 Iter: 21/96 loss: 14.3116 acc: 0.2468 time 11.11s
Epoch: 4/150 Iter: 22/96 loss: 14.5793 acc: 0.2508 time 13.53s
Epoch: 4/150 Iter: 23/96 loss: 14.8959 acc: 0.2435 time 11.10s
Epoch: 4/150 Iter: 24/96 loss: 15.1528 acc: 0.2368 time 11.10s
Epoch: 4/150 Iter: 25/96 loss: 15.1033 acc: 0.2273 time 11.24s
Epoch: 4/150 Iter: 26/96 loss: 15.2410 acc: 0.2250 time 11.07s
Epoch: 4/150 Iter: 27/96 loss: 15.0833 acc: 0.2290 time 11.14s
Epoch: 4/150 Iter: 28/96 loss: 15.3832 acc: 0.2232 time 10.91s
Epoch: 4/150 Iter: 29/96 loss: 15.2349 acc: 0.2328 time 13.50s
Epoch: 4/150 Iter: 30/96 loss: 15.3299 acc: 0.2324 time 13.50s
Epoch: 4/150 Iter: 31/96 loss: 15.4770 acc: 0.2249 time 10.91s
Epoch: 4/150 Iter: 32/96 loss: 15.4678 acc: 0.2231 time 11.25s
Epoch: 4/150 Iter: 33/96 loss: 15.3663 acc: 0.2264 time 13.57s
Epoch: 4/150 Iter: 34/96 loss: 15.1141 acc: 0.2335 time 13.47s
Epoch: 4/150 Iter: 35/96 loss: 15.0666 acc: 0.2300 time 13.54s
Epoch: 4/150 Iter: 36/96 loss: 14.9742 acc: 0.2306 time 11.21s
Epoch: 4/150 Iter: 37/96 loss: 15.0563 acc: 0.2333 time 11.05s
Epoch: 4/150 Iter: 38/96 loss: 14.8007 acc: 0.2482 time 11.18s
Epoch: 4/150 Iter: 39/96 loss: 14.7555 acc: 0.2419 time 10.94s
Epoch: 4/150 Iter: 40/96 loss: 14.6395 acc: 0.2483 time 11.24s
Epoch: 4/150 Iter: 41/96 loss: 14.5136 acc: 0.2504 time 10.97s
Epoch: 4/150 Iter: 42/96 loss: 14.3711 acc: 0.2504 time 13.59s
Epoch: 4/150 Iter: 43/96 loss: 14.2795 acc: 0.2497 time 10.93s
Epoch: 4/150 Iter: 44/96 loss: 14.1324 acc: 0.2547 time 11.12s
Epoch: 4/150 Iter: 45/96 loss: 13.9747 acc: 0.2573 time 13.48s
Epoch: 4/150 Iter: 46/96 loss: 13.9520 acc: 0.2590 time 11.07s
Epoch: 4/150 Iter: 47/96 loss: 14.2998 acc: 0.2535 time 13.63s
Epoch: 4/150 Iter: 48/96 loss: 14.2369 acc: 0.2552 time 10.94s
Epoch: 4/150 Iter: 49/96 loss: 14.2302 acc: 0.2576 time 10.96s
Epoch: 4/150 Iter: 50/96 loss: 14.1146 acc: 0.2591 time 10.98s
Epoch: 4/150 Iter: 51/96 loss: 14.0816 acc: 0.2617 time 13.55s
Epoch: 4/150 Iter: 52/96 loss: 14.0232 acc: 0.2592 time 13.53s
Epoch: 4/150 Iter: 53/96 loss: 14.1258 acc: 0.2543 time 10.95s
Epoch: 4/150 Iter: 54/96 loss: 14.2801 acc: 0.2537 time 10.94s
Epoch: 4/150 Iter: 55/96 loss: 14.2892 acc: 0.2531 time 13.48s
Epoch: 4/150 Iter: 56/96 loss: 14.2157 acc: 0.2546 time 10.88s
Epoch: 4/150 Iter: 57/96 loss: 14.3456 acc: 0.2513 time 13.54s
Epoch: 4/150 Iter: 58/96 loss: 14.4524 acc: 0.2489 time 11.08s
Epoch: 4/150 Iter: 59/96 loss: 14.4707 acc: 0.2446 time 13.49s
Epoch: 4/150 Iter: 60/96 loss: 14.4961 acc: 0.2419 time 11.19s
Epoch: 4/150 Iter: 61/96 loss: 14.3908 acc: 0.2416 time 11.16s
Epoch: 4/150 Iter: 62/96 loss: 14.4603 acc: 0.2431 time 13.49s
Epoch: 4/150 Iter: 63/96 loss: 14.3548 acc: 0.2445 time 10.96s
Epoch: 4/150 Iter: 64/96 loss: 14.4089 acc: 0.2418 time 13.50s
Epoch: 4/150 Iter: 65/96 loss: 14.5175 acc: 0.2380 time 13.44s
Epoch: 4/150 Iter: 66/96 loss: 14.5470 acc: 0.2382 time 13.50s
Epoch: 4/150 Iter: 67/96 loss: 14.6633 acc: 0.2347 time 13.47s
Epoch: 4/150 Iter: 68/96 loss: 14.7860 acc: 0.2345 time 11.11s
Epoch: 4/150 Iter: 69/96 loss: 14.7677 acc: 0.2335 time 13.49s
Epoch: 4/150 Iter: 70/96 loss: 14.7765 acc: 0.2337 time 10.87s
Epoch: 4/150 Iter: 71/96 loss: 14.9086 acc: 0.2328 time 13.53s
Epoch: 4/150 Iter: 72/96 loss: 14.7652 acc: 0.2334 time 13.46s
Epoch: 4/150 Iter: 73/96 loss: 14.6301 acc: 0.2378 time 10.93s
Epoch: 4/150 Iter: 74/96 loss: 14.6036 acc: 0.2364 time 13.48s
Epoch: 4/150 Iter: 75/96 loss: 14.5491 acc: 0.2377 time 10.91s
Epoch: 4/150 Iter: 76/96 loss: 14.5308 acc: 0.2401 time 13.51s
Epoch: 4/150 Iter: 77/96 loss: 14.5019 acc: 0.2380 time 11.10s
Epoch: 4/150 Iter: 78/96 loss: 14.4922 acc: 0.2382 time 13.50s
Epoch: 4/150 Iter: 79/96 loss: 14.4221 acc: 0.2362 time 10.92s
Epoch: 4/150 Iter: 80/96 loss: 14.4196 acc: 0.2374 time 13.47s
Epoch: 4/150 Iter: 81/96 loss: 14.4922 acc: 0.2355 time 13.55s
Epoch: 4/150 Iter: 82/96 loss: 14.5175 acc: 0.2372 time 10.83s
Epoch: 4/150 Iter: 83/96 loss: 14.4401 acc: 0.2364 time 13.53s
Epoch: 4/150 Iter: 84/96 loss: 14.3548 acc: 0.2383 time 10.84s
Epoch: 4/150 Iter: 85/96 loss: 14.3014 acc: 0.2371 time 13.45s
Epoch: 4/150 Iter: 86/96 loss: 14.2991 acc: 0.2343 time 10.94s
Epoch: 4/150 Iter: 87/96 loss: 14.2978 acc: 0.2336 time 13.47s
Epoch: 4/150 Iter: 88/96 loss: 14.3780 acc: 0.2347 time 10.92s
Epoch: 4/150 Iter: 89/96 loss: 14.5166 acc: 0.2321 time 10.95s
Epoch: 4/150 Iter: 90/96 loss: 14.5906 acc: 0.2304 time 10.89s
Epoch: 4/150 Iter: 91/96 loss: 14.6546 acc: 0.2358 time 10.85s
Epoch: 4/150 Iter: 92/96 loss: 14.5431 acc: 0.2400 time 10.88s
Epoch: 4/150 Iter: 93/96 loss: 14.5875 acc: 0.2392 time 13.49s
Epoch: 4/150 Iter: 94/96 loss: 14.5029 acc: 0.2414 time 10.93s
Epoch: 4/150 Iter: 95/96 loss: 14.6139 acc: 0.2401 time 10.96s
Epoch: 4/150 Iter: 96/96 loss: 14.6572 acc: 0.2384 time 10.85s
[Train epoch 4] avg_loss=14.6572 avg_acc=0.2384 | per-class [c0: 0.414, c1: 0.233, c2: 0.192]
Final training 4/150, loss: 14.6572, time 1163.22s, lr: 0.000000
Accuracy: 0.302
class                  precision    recall   specificity      f1   support
--------------------------------------------------------------------------
0                          0.441     0.414         0.503   0.427       280
1                          0.041     0.233         0.698   0.069        30
2                          0.362     0.192         0.710   0.251       266
*----------------------------------------*
Val 4/150 1/24, Acc: 0.1111, Loss: 16.7715, time 10.91s
Val 4/150 2/24, Acc: 0.2222, Loss: 13.5333, time 10.96s
Val 4/150 3/24, Acc: 0.2593, Loss: 11.3565, time 10.92s
Val 4/150 4/24, Acc: 0.2569, Loss: 12.1958, time 10.91s
Val 4/150 5/24, Acc: 0.2222, Loss: 11.5295, time 11.00s
Val 4/150 6/24, Acc: 0.1991, Loss: 11.6863, time 11.01s
Val 4/150 7/24, Acc: 0.1944, Loss: 11.9406, time 10.94s
Val 4/150 8/24, Acc: 0.1806, Loss: 11.7940, time 11.03s
Val 4/150 9/24, Acc: 0.1679, Loss: 11.1626, time 10.98s
Val 4/150 10/24, Acc: 0.1978, Loss: 10.8683, time 11.19s
Val 4/150 11/24, Acc: 0.2253, Loss: 10.8064, time 10.88s
Val 4/150 12/24, Acc: 0.2273, Loss: 10.6672, time 11.03s
Val 4/150 13/24, Acc: 0.2355, Loss: 10.4891, time 11.14s
Val 4/150 14/24, Acc: 0.2901, Loss: 9.7438, time 11.05s
Val 4/150 15/24, Acc: 0.3263, Loss: 9.1822, time 11.00s
Val 4/150 16/24, Acc: 0.3184, Loss: 9.0551, time 10.92s
Val 4/150 17/24, Acc: 0.3095, Loss: 9.4708, time 11.12s
Val 4/150 18/24, Acc: 0.3015, Loss: 9.3524, time 10.99s
Val 4/150 19/24, Acc: 0.3330, Loss: 8.8916, time 10.99s
Val 4/150 20/24, Acc: 0.3331, Loss: 8.6493, time 11.04s
Val 4/150 21/24, Acc: 0.3331, Loss: 8.8733, time 10.99s
Val 4/150 22/24, Acc: 0.3230, Loss: 9.2944, time 11.21s
Val 4/150 23/24, Acc: 0.3331, Loss: 9.0427, time 10.91s
Val 4/150 24/24, Acc: 0.3192, Loss: 9.4725, time 10.99s
[Val epoch 4] avg_acc=0.3192 | avg_loss=9.4725 | per-class [c0: 0.486, c1: 0.500, c2: 0.258]
Final validation 4/150, Val_acc: 0.3192, time 264.12sAccuracy: 0.382
class                  precision    recall   specificity      f1   support
--------------------------------------------------------------------------
0                          0.479     0.486         0.500   0.482        70
1                          0.111     0.500         0.765   0.182         8
2                          0.459     0.258         0.744   0.330        66
*========================================*
Saving checkpoint outputs/OrganoidsINRIA/swinunetr+noah/2025-11-28-12-24/training/model_final.pt
[EarlyStopping] no improve (1/30)
[EarlyStopping] no improve (1/30)
0 Fri Nov 28 13:53:42 2025 Epoch: 5
Epoch: 5/150 Iter: 1/96 loss: 8.8234 acc: 0.2500 time 15.93s
Epoch: 5/150 Iter: 2/96 loss: 6.4809 acc: 0.3750 time 10.94s
Epoch: 5/150 Iter: 3/96 loss: 9.0397 acc: 0.2917 time 10.95s
Epoch: 5/150 Iter: 4/96 loss: 10.6414 acc: 0.2812 time 11.09s
Epoch: 5/150 Iter: 5/96 loss: 10.2577 acc: 0.3139 time 10.98s
Epoch: 5/150 Iter: 6/96 loss: 9.9876 acc: 0.3657 time 13.49s
Epoch: 5/150 Iter: 7/96 loss: 12.1951 acc: 0.3690 time 10.94s
Epoch: 5/150 Iter: 8/96 loss: 12.0687 acc: 0.3646 time 11.02s
Epoch: 5/150 Iter: 9/96 loss: 12.0924 acc: 0.3735 time 13.56s
Epoch: 5/150 Iter: 10/96 loss: 11.7633 acc: 0.3472 time 13.52s
Epoch: 5/150 Iter: 11/96 loss: 11.8037 acc: 0.3359 time 10.88s
Epoch: 5/150 Iter: 12/96 loss: 11.5689 acc: 0.3356 time 11.10s
Epoch: 5/150 Iter: 13/96 loss: 12.2655 acc: 0.3098 time 13.54s
Epoch: 5/150 Iter: 14/96 loss: 12.3170 acc: 0.3175 time 13.52s
Epoch: 5/150 Iter: 15/96 loss: 12.3639 acc: 0.3052 time 13.48s
Epoch: 5/150 Iter: 16/96 loss: 12.0310 acc: 0.2931 time 11.23s
Epoch: 5/150 Iter: 17/96 loss: 13.0122 acc: 0.2758 time 10.92s
Epoch: 5/150 Iter: 18/96 loss: 12.6006 acc: 0.2938 time 11.10s
Epoch: 5/150 Iter: 19/96 loss: 13.1793 acc: 0.2784 time 10.93s
Epoch: 5/150 Iter: 20/96 loss: 12.7067 acc: 0.2811 time 13.48s
Epoch: 5/150 Iter: 21/96 loss: 12.6786 acc: 0.2836 time 13.54s
Epoch: 5/150 Iter: 22/96 loss: 13.0383 acc: 0.2859 time 10.90s
Epoch: 5/150 Iter: 23/96 loss: 12.9728 acc: 0.2807 time 10.90s
Epoch: 5/150 Iter: 24/96 loss: 12.8478 acc: 0.2863 time 13.49s
Epoch: 5/150 Iter: 25/96 loss: 12.5867 acc: 0.2909 time 10.96s
Epoch: 5/150 Iter: 26/96 loss: 13.0293 acc: 0.2904 time 11.11s
Epoch: 5/150 Iter: 27/96 loss: 12.7741 acc: 0.2889 time 13.56s
Epoch: 5/150 Iter: 28/96 loss: 13.0725 acc: 0.2825 time 13.51s
Epoch: 5/150 Iter: 29/96 loss: 13.0698 acc: 0.2785 time 10.98s
Epoch: 5/150 Iter: 30/96 loss: 13.1511 acc: 0.2831 time 13.47s
Epoch: 5/150 Iter: 31/96 loss: 13.1354 acc: 0.2794 time 13.48s
Epoch: 5/150 Iter: 32/96 loss: 13.1833 acc: 0.2707 time 11.21s
Epoch: 5/150 Iter: 33/96 loss: 13.1469 acc: 0.2726 time 11.11s
Epoch: 5/150 Iter: 34/96 loss: 13.4224 acc: 0.2678 time 13.55s
Epoch: 5/150 Iter: 35/96 loss: 13.4819 acc: 0.2709 time 10.94s
Epoch: 5/150 Iter: 36/96 loss: 13.2732 acc: 0.2749 time 13.47s
Epoch: 5/150 Iter: 37/96 loss: 13.6051 acc: 0.2675 time 13.54s
Epoch: 5/150 Iter: 38/96 loss: 13.4879 acc: 0.2703 time 13.49s
Epoch: 5/150 Iter: 39/96 loss: 13.3096 acc: 0.2762 time 11.07s
Epoch: 5/150 Iter: 40/96 loss: 13.6108 acc: 0.2749 time 13.52s
Epoch: 5/150 Iter: 41/96 loss: 13.9210 acc: 0.2763 time 10.90s
Epoch: 5/150 Iter: 42/96 loss: 14.2273 acc: 0.2750 time 10.91s
Epoch: 5/150 Iter: 43/96 loss: 14.0350 acc: 0.2789 time 11.12s
Epoch: 5/150 Iter: 44/96 loss: 14.1723 acc: 0.2777 time 13.50s
Epoch: 5/150 Iter: 45/96 loss: 14.0607 acc: 0.2789 time 13.50s
Epoch: 5/150 Iter: 46/96 loss: 13.8900 acc: 0.2772 time 13.55s
Epoch: 5/150 Iter: 47/96 loss: 13.8456 acc: 0.2819 time 11.21s
Epoch: 5/150 Iter: 48/96 loss: 13.9548 acc: 0.2760 time 10.96s
Epoch: 5/150 Iter: 49/96 loss: 14.1377 acc: 0.2721 time 11.21s
Epoch: 5/150 Iter: 50/96 loss: 14.3533 acc: 0.2689 time 10.89s
Epoch: 5/150 Iter: 51/96 loss: 14.3775 acc: 0.2669 time 10.90s
Epoch: 5/150 Iter: 52/96 loss: 14.6020 acc: 0.2634 time 13.51s
Epoch: 5/150 Iter: 53/96 loss: 14.7975 acc: 0.2584 time 10.93s
Epoch: 5/150 Iter: 54/96 loss: 14.8319 acc: 0.2536 time 10.92s
Epoch: 5/150 Iter: 55/96 loss: 14.8924 acc: 0.2520 time 11.08s
Epoch: 5/150 Iter: 56/96 loss: 14.9031 acc: 0.2520 time 10.95s
Epoch: 5/150 Iter: 57/96 loss: 14.9622 acc: 0.2476 time 10.97s
Epoch: 5/150 Iter: 58/96 loss: 14.8743 acc: 0.2490 time 10.94s
Epoch: 5/150 Iter: 59/96 loss: 14.9306 acc: 0.2505 time 13.51s
Epoch: 5/150 Iter: 60/96 loss: 15.0528 acc: 0.2463 time 13.56s
Epoch: 5/150 Iter: 61/96 loss: 15.0788 acc: 0.2441 time 11.13s
Epoch: 5/150 Iter: 62/96 loss: 14.9887 acc: 0.2473 time 13.52s
Epoch: 5/150 Iter: 63/96 loss: 14.9701 acc: 0.2451 time 10.95s
Epoch: 5/150 Iter: 64/96 loss: 14.8339 acc: 0.2472 time 11.19s
Epoch: 5/150 Iter: 65/96 loss: 14.8089 acc: 0.2485 time 13.48s
Epoch: 5/150 Iter: 66/96 loss: 14.9845 acc: 0.2481 time 11.09s
Epoch: 5/150 Iter: 67/96 loss: 15.0026 acc: 0.2454 time 13.52s
Epoch: 5/150 Iter: 68/96 loss: 15.1228 acc: 0.2418 time 11.11s
Epoch: 5/150 Iter: 69/96 loss: 15.0151 acc: 0.2419 time 11.27s
Epoch: 5/150 Iter: 70/96 loss: 15.1237 acc: 0.2420 time 13.54s
Epoch: 5/150 Iter: 71/96 loss: 15.1952 acc: 0.2402 time 11.12s
Epoch: 5/150 Iter: 72/96 loss: 15.1228 acc: 0.2396 time 13.48s
Epoch: 5/150 Iter: 73/96 loss: 15.3051 acc: 0.2409 time 13.51s
Epoch: 5/150 Iter: 74/96 loss: 15.2600 acc: 0.2427 time 10.88s
Epoch: 5/150 Iter: 75/96 loss: 15.1611 acc: 0.2461 time 13.45s
Epoch: 5/150 Iter: 76/96 loss: 15.2815 acc: 0.2429 time 11.25s
Epoch: 5/150 Iter: 77/96 loss: 15.0959 acc: 0.2441 time 13.57s
Epoch: 5/150 Iter: 78/96 loss: 15.0178 acc: 0.2438 time 11.08s
Epoch: 5/150 Iter: 79/96 loss: 14.8727 acc: 0.2463 time 13.61s
Epoch: 5/150 Iter: 80/96 loss: 15.0394 acc: 0.2433 time 13.49s
Epoch: 5/150 Iter: 81/96 loss: 15.0518 acc: 0.2444 time 10.85s
Epoch: 5/150 Iter: 82/96 loss: 15.1414 acc: 0.2414 time 13.53s
Epoch: 5/150 Iter: 83/96 loss: 15.0682 acc: 0.2385 time 10.95s
Epoch: 5/150 Iter: 84/96 loss: 14.9399 acc: 0.2406 time 10.94s
Epoch: 5/150 Iter: 85/96 loss: 14.9548 acc: 0.2391 time 10.86s
Epoch: 5/150 Iter: 86/96 loss: 14.9714 acc: 0.2382 time 10.88s
Epoch: 5/150 Iter: 87/96 loss: 15.0372 acc: 0.2355 time 13.44s
Epoch: 5/150 Iter: 88/96 loss: 15.0064 acc: 0.2379 time 13.42s
Epoch: 5/150 Iter: 89/96 loss: 14.9846 acc: 0.2408 time 13.43s
Epoch: 5/150 Iter: 90/96 loss: 14.8791 acc: 0.2409 time 10.99s
Epoch: 5/150 Iter: 91/96 loss: 15.0010 acc: 0.2383 time 10.84s
Epoch: 5/150 Iter: 92/96 loss: 14.9769 acc: 0.2393 time 13.46s
Epoch: 5/150 Iter: 93/96 loss: 14.9617 acc: 0.2382 time 10.89s
Epoch: 5/150 Iter: 94/96 loss: 15.0029 acc: 0.2356 time 13.45s
Epoch: 5/150 Iter: 95/96 loss: 14.8976 acc: 0.2367 time 10.84s
Epoch: 5/150 Iter: 96/96 loss: 14.8391 acc: 0.2373 time 10.91s
[Train epoch 5] avg_loss=14.8391 avg_acc=0.2373 | per-class [c0: 0.432, c1: 0.167, c2: 0.184]
Final training 5/150, loss: 14.8391, time 1161.35s, lr: 0.000000
Accuracy: 0.304
class                  precision    recall   specificity      f1   support
--------------------------------------------------------------------------
0                          0.448     0.432         0.497   0.440       280
1                          0.028     0.167         0.685   0.048        30
2                          0.380     0.184         0.742   0.248       266
*----------------------------------------*
0 Fri Nov 28 14:13:03 2025 Epoch: 6
Epoch: 6/150 Iter: 1/96 loss: 10.0001 acc: 0.2222 time 14.28s
Epoch: 6/150 Iter: 2/96 loss: 8.0929 acc: 0.3611 time 11.20s
Epoch: 6/150 Iter: 3/96 loss: 10.2481 acc: 0.3241 time 10.95s
Epoch: 6/150 Iter: 4/96 loss: 9.8298 acc: 0.2931 time 10.97s
Epoch: 6/150 Iter: 5/96 loss: 10.7612 acc: 0.2744 time 11.07s
Epoch: 6/150 Iter: 6/96 loss: 10.0950 acc: 0.3213 time 11.09s
Epoch: 6/150 Iter: 7/96 loss: 12.5659 acc: 0.2873 time 10.94s
Epoch: 6/150 Iter: 8/96 loss: 11.7062 acc: 0.2826 time 13.52s
Epoch: 6/150 Iter: 9/96 loss: 11.4987 acc: 0.2821 time 13.53s
Epoch: 6/150 Iter: 10/96 loss: 13.6418 acc: 0.2539 time 11.06s
Epoch: 6/150 Iter: 11/96 loss: 14.5079 acc: 0.2409 time 13.50s
Epoch: 6/150 Iter: 12/96 loss: 15.4591 acc: 0.2440 time 10.91s
Epoch: 6/150 Iter: 13/96 loss: 16.0746 acc: 0.2573 time 11.12s
Epoch: 6/150 Iter: 14/96 loss: 16.0969 acc: 0.2548 time 10.94s
Epoch: 6/150 Iter: 15/96 loss: 15.8533 acc: 0.2544 time 13.53s
Epoch: 6/150 Iter: 16/96 loss: 15.8252 acc: 0.2490 time 13.48s
Epoch: 6/150 Iter: 17/96 loss: 16.3615 acc: 0.2408 time 11.21s
Epoch: 6/150 Iter: 18/96 loss: 16.1821 acc: 0.2398 time 11.19s
Epoch: 6/150 Iter: 19/96 loss: 15.7833 acc: 0.2447 time 13.51s
Epoch: 6/150 Iter: 20/96 loss: 15.8905 acc: 0.2381 time 11.00s
Epoch: 6/150 Iter: 21/96 loss: 15.7395 acc: 0.2320 time 11.11s
Epoch: 6/150 Iter: 22/96 loss: 15.9800 acc: 0.2215 time 10.95s
Epoch: 6/150 Iter: 23/96 loss: 15.8777 acc: 0.2263 time 13.54s
Epoch: 6/150 Iter: 24/96 loss: 15.5198 acc: 0.2262 time 13.53s
Epoch: 6/150 Iter: 25/96 loss: 15.8315 acc: 0.2238 time 11.10s
Epoch: 6/150 Iter: 26/96 loss: 15.8713 acc: 0.2248 time 10.96s
Epoch: 6/150 Iter: 27/96 loss: 15.4864 acc: 0.2362 time 13.50s
Epoch: 6/150 Iter: 28/96 loss: 15.5946 acc: 0.2337 time 10.96s
Epoch: 6/150 Iter: 29/96 loss: 15.5207 acc: 0.2303 time 13.58s
Epoch: 6/150 Iter: 30/96 loss: 15.4609 acc: 0.2337 time 11.25s
Epoch: 6/150 Iter: 31/96 loss: 15.2678 acc: 0.2423 time 11.09s
Epoch: 6/150 Iter: 32/96 loss: 15.7049 acc: 0.2451 time 13.53s
Epoch: 6/150 Iter: 33/96 loss: 15.7642 acc: 0.2498 time 10.91s
Epoch: 6/150 Iter: 34/96 loss: 15.4690 acc: 0.2523 time 11.10s
Epoch: 6/150 Iter: 35/96 loss: 15.3476 acc: 0.2514 time 10.93s
Epoch: 6/150 Iter: 36/96 loss: 15.6896 acc: 0.2537 time 10.94s
Epoch: 6/150 Iter: 37/96 loss: 15.6665 acc: 0.2559 time 10.91s
Epoch: 6/150 Iter: 38/96 loss: 15.8519 acc: 0.2596 time 11.12s
Epoch: 6/150 Iter: 39/96 loss: 15.6238 acc: 0.2587 time 11.09s
Epoch: 6/150 Iter: 40/96 loss: 15.7116 acc: 0.2578 time 10.94s
Epoch: 6/150 Iter: 41/96 loss: 15.3284 acc: 0.2759 time 13.49s
Epoch: 6/150 Iter: 42/96 loss: 15.2705 acc: 0.2725 time 13.51s
Epoch: 6/150 Iter: 43/96 loss: 15.1448 acc: 0.2661 time 13.55s
Epoch: 6/150 Iter: 44/96 loss: 15.1863 acc: 0.2601 time 10.96s
Epoch: 6/150 Iter: 45/96 loss: 15.4462 acc: 0.2562 time 13.55s
Epoch: 6/150 Iter: 46/96 loss: 15.4870 acc: 0.2542 time 11.10s
Epoch: 6/150 Iter: 47/96 loss: 15.2358 acc: 0.2595 time 11.11s
Epoch: 6/150 Iter: 48/96 loss: 14.9818 acc: 0.2697 time 10.95s
Epoch: 6/150 Iter: 49/96 loss: 14.8282 acc: 0.2710 time 13.52s
Epoch: 6/150 Iter: 50/96 loss: 14.8553 acc: 0.2689 time 11.18s
Epoch: 6/150 Iter: 51/96 loss: 14.7388 acc: 0.2653 time 13.55s
Epoch: 6/150 Iter: 52/96 loss: 14.8053 acc: 0.2618 time 10.91s
Epoch: 6/150 Iter: 53/96 loss: 14.8171 acc: 0.2589 time 11.12s
Epoch: 6/150 Iter: 54/96 loss: 15.2002 acc: 0.2562 time 11.24s
Epoch: 6/150 Iter: 55/96 loss: 15.1043 acc: 0.2606 time 13.53s
Epoch: 6/150 Iter: 56/96 loss: 15.3627 acc: 0.2560 time 11.08s
Epoch: 6/150 Iter: 57/96 loss: 15.2385 acc: 0.2596 time 13.57s
Epoch: 6/150 Iter: 58/96 loss: 15.2130 acc: 0.2603 time 10.98s
Epoch: 6/150 Iter: 59/96 loss: 15.4583 acc: 0.2573 time 10.90s
Epoch: 6/150 Iter: 60/96 loss: 15.4165 acc: 0.2549 time 10.96s
Epoch: 6/150 Iter: 61/96 loss: 15.9310 acc: 0.2535 time 13.52s
Epoch: 6/150 Iter: 62/96 loss: 15.9904 acc: 0.2494 time 10.99s
Epoch: 6/150 Iter: 63/96 loss: 16.0551 acc: 0.2465 time 11.03s
Epoch: 6/150 Iter: 64/96 loss: 16.1297 acc: 0.2452 time 11.06s
Epoch: 6/150 Iter: 65/96 loss: 16.1245 acc: 0.2453 time 11.09s
Epoch: 6/150 Iter: 66/96 loss: 16.1705 acc: 0.2424 time 11.09s
Epoch: 6/150 Iter: 67/96 loss: 16.1060 acc: 0.2425 time 10.90s
Epoch: 6/150 Iter: 68/96 loss: 16.0042 acc: 0.2426 time 13.52s
Epoch: 6/150 Iter: 69/96 loss: 15.8078 acc: 0.2464 time 10.95s
Epoch: 6/150 Iter: 70/96 loss: 15.8547 acc: 0.2464 time 11.12s
Epoch: 6/150 Iter: 71/96 loss: 15.8281 acc: 0.2453 time 10.92s
Epoch: 6/150 Iter: 72/96 loss: 15.9759 acc: 0.2434 time 10.91s
Epoch: 6/150 Iter: 73/96 loss: 15.8608 acc: 0.2492 time 13.50s
Epoch: 6/150 Iter: 74/96 loss: 15.7725 acc: 0.2477 time 10.96s
Epoch: 6/150 Iter: 75/96 loss: 15.9345 acc: 0.2481 time 13.52s
Epoch: 6/150 Iter: 76/96 loss: 15.7569 acc: 0.2547 time 10.94s
Epoch: 6/150 Iter: 77/96 loss: 15.6985 acc: 0.2535 time 10.97s
Epoch: 6/150 Iter: 78/96 loss: 15.6641 acc: 0.2538 time 13.47s
Epoch: 6/150 Iter: 79/96 loss: 15.5561 acc: 0.2591 time 13.48s
Epoch: 6/150 Iter: 80/96 loss: 15.5180 acc: 0.2600 time 11.11s
Epoch: 6/150 Iter: 81/96 loss: 15.6283 acc: 0.2568 time 11.04s
Epoch: 6/150 Iter: 82/96 loss: 15.5498 acc: 0.2577 time 11.07s
Epoch: 6/150 Iter: 83/96 loss: 15.5871 acc: 0.2566 time 10.85s
Epoch: 6/150 Iter: 84/96 loss: 15.4349 acc: 0.2635 time 11.03s
Epoch: 6/150 Iter: 85/96 loss: 15.6494 acc: 0.2624 time 11.08s
Epoch: 6/150 Iter: 86/96 loss: 15.5334 acc: 0.2690 time 10.90s
Epoch: 6/150 Iter: 87/96 loss: 15.5252 acc: 0.2697 time 10.86s
Epoch: 6/150 Iter: 88/96 loss: 15.3961 acc: 0.2736 time 10.86s
Epoch: 6/150 Iter: 89/96 loss: 15.3959 acc: 0.2715 time 10.94s
Epoch: 6/150 Iter: 90/96 loss: 15.3897 acc: 0.2703 time 13.44s
Epoch: 6/150 Iter: 91/96 loss: 15.4432 acc: 0.2686 time 13.41s
Epoch: 6/150 Iter: 92/96 loss: 15.3912 acc: 0.2668 time 10.86s
Epoch: 6/150 Iter: 93/96 loss: 15.3908 acc: 0.2649 time 10.94s
Epoch: 6/150 Iter: 94/96 loss: 15.3823 acc: 0.2656 time 10.98s
Epoch: 6/150 Iter: 95/96 loss: 15.3135 acc: 0.2651 time 10.97s
Epoch: 6/150 Iter: 96/96 loss: 15.3381 acc: 0.2659 time 10.96s
[Train epoch 6] avg_loss=15.3381 avg_acc=0.2659 | per-class [c0: 0.439, c1: 0.267, c2: 0.214]
Final training 6/150, loss: 15.3381, time 1128.12s, lr: 0.000000
Accuracy: 0.326
class                  precision    recall   specificity      f1   support
--------------------------------------------------------------------------
0                          0.480     0.439         0.551   0.459       280
1                          0.044     0.267         0.683   0.076        30
2                          0.410     0.214         0.735   0.281       266
*----------------------------------------*
Val 6/150 1/24, Acc: 0.1111, Loss: 16.7715, time 11.01s
Val 6/150 2/24, Acc: 0.2222, Loss: 13.5333, time 11.03s
Val 6/150 3/24, Acc: 0.2593, Loss: 11.3565, time 10.92s
Val 6/150 4/24, Acc: 0.2569, Loss: 12.1958, time 10.99s
Val 6/150 5/24, Acc: 0.2222, Loss: 11.5295, time 11.01s
Val 6/150 6/24, Acc: 0.1991, Loss: 11.6863, time 11.00s
Val 6/150 7/24, Acc: 0.1944, Loss: 11.9406, time 10.94s
Val 6/150 8/24, Acc: 0.1806, Loss: 11.7940, time 11.06s
Val 6/150 9/24, Acc: 0.1679, Loss: 11.1626, time 10.89s
Val 6/150 10/24, Acc: 0.1978, Loss: 10.8683, time 11.18s
Val 6/150 11/24, Acc: 0.2253, Loss: 10.8064, time 10.89s
Val 6/150 12/24, Acc: 0.2273, Loss: 10.6672, time 11.01s
Val 6/150 13/24, Acc: 0.2355, Loss: 10.4891, time 11.06s
Val 6/150 14/24, Acc: 0.2901, Loss: 9.7438, time 10.97s
Val 6/150 15/24, Acc: 0.3263, Loss: 9.1822, time 10.94s
Val 6/150 16/24, Acc: 0.3184, Loss: 9.0551, time 10.93s
Val 6/150 17/24, Acc: 0.3095, Loss: 9.4708, time 11.08s
Val 6/150 18/24, Acc: 0.3015, Loss: 9.3524, time 11.03s
Val 6/150 19/24, Acc: 0.3330, Loss: 8.8916, time 11.05s
Val 6/150 20/24, Acc: 0.3331, Loss: 8.6493, time 11.05s
Val 6/150 21/24, Acc: 0.3331, Loss: 8.8733, time 11.03s
Val 6/150 22/24, Acc: 0.3230, Loss: 9.2944, time 11.21s
Val 6/150 23/24, Acc: 0.3331, Loss: 9.0427, time 10.87s
Val 6/150 24/24, Acc: 0.3192, Loss: 9.4725, time 10.88s
[Val epoch 6] avg_acc=0.3192 | avg_loss=9.4725 | per-class [c0: 0.486, c1: 0.500, c2: 0.258]
Final validation 6/150, Val_acc: 0.3192, time 264.01sAccuracy: 0.382
class                  precision    recall   specificity      f1   support
--------------------------------------------------------------------------
0                          0.479     0.486         0.500   0.482        70
1                          0.111     0.500         0.765   0.182         8
2                          0.459     0.258         0.744   0.330        66
*========================================*
Saving checkpoint outputs/OrganoidsINRIA/swinunetr+noah/2025-11-28-12-24/training/model_final.pt
[EarlyStopping] no improve (2/30)
[EarlyStopping] no improve (2/30)
0 Fri Nov 28 14:36:20 2025 Epoch: 7
Epoch: 7/150 Iter: 1/96 loss: 13.9829 acc: 0.3333 time 17.18s
Epoch: 7/150 Iter: 2/96 loss: 11.7190 acc: 0.2500 time 11.10s
Epoch: 7/150 Iter: 3/96 loss: 8.8937 acc: 0.2963 time 13.51s
Epoch: 7/150 Iter: 4/96 loss: 8.7831 acc: 0.3056 time 10.90s
Epoch: 7/150 Iter: 5/96 loss: 12.0414 acc: 0.2778 time 13.55s
Epoch: 7/150 Iter: 6/96 loss: 13.1075 acc: 0.2685 time 10.90s
Epoch: 7/150 Iter: 7/96 loss: 14.1852 acc: 0.2659 time 11.16s
Epoch: 7/150 Iter: 8/96 loss: 13.7782 acc: 0.2701 time 13.49s
Epoch: 7/150 Iter: 9/96 loss: 15.8398 acc: 0.2772 time 11.08s
Epoch: 7/150 Iter: 10/96 loss: 14.9818 acc: 0.2828 time 10.89s
Epoch: 7/150 Iter: 11/96 loss: 14.6845 acc: 0.2874 time 13.50s
Epoch: 7/150 Iter: 12/96 loss: 15.5806 acc: 0.2773 time 13.51s
Epoch: 7/150 Iter: 13/96 loss: 15.3946 acc: 0.2688 time 11.08s
Epoch: 7/150 Iter: 14/96 loss: 15.1058 acc: 0.2853 time 10.95s
Epoch: 7/150 Iter: 15/96 loss: 15.1865 acc: 0.2737 time 13.49s
Epoch: 7/150 Iter: 16/96 loss: 15.5575 acc: 0.2816 time 13.51s
Epoch: 7/150 Iter: 17/96 loss: 15.5261 acc: 0.2748 time 10.91s
Epoch: 7/150 Iter: 18/96 loss: 15.5714 acc: 0.2750 time 10.91s
Epoch: 7/150 Iter: 19/96 loss: 15.7765 acc: 0.2722 time 11.04s
Epoch: 7/150 Iter: 20/96 loss: 16.2345 acc: 0.2669 time 13.46s
Epoch: 7/150 Iter: 21/96 loss: 16.0684 acc: 0.2622 time 13.54s
Epoch: 7/150 Iter: 22/96 loss: 16.0537 acc: 0.2553 time 13.52s
Epoch: 7/150 Iter: 23/96 loss: 16.1340 acc: 0.2539 time 11.05s
Epoch: 7/150 Iter: 24/96 loss: 15.9756 acc: 0.2549 time 13.48s
Epoch: 7/150 Iter: 25/96 loss: 15.5234 acc: 0.2747 time 10.94s
Epoch: 7/150 Iter: 26/96 loss: 15.8172 acc: 0.2705 time 13.54s
Epoch: 7/150 Iter: 27/96 loss: 15.6102 acc: 0.2605 time 13.48s
Epoch: 7/150 Iter: 28/96 loss: 15.3812 acc: 0.2661 time 10.92s
Epoch: 7/150 Iter: 29/96 loss: 15.2387 acc: 0.2684 time 13.48s
Epoch: 7/150 Iter: 30/96 loss: 15.0380 acc: 0.2761 time 11.05s
Epoch: 7/150 Iter: 31/96 loss: 15.1544 acc: 0.2708 time 13.53s
Epoch: 7/150 Iter: 32/96 loss: 15.3351 acc: 0.2665 time 10.94s
Epoch: 7/150 Iter: 33/96 loss: 15.0971 acc: 0.2705 time 13.51s
Epoch: 7/150 Iter: 34/96 loss: 15.2522 acc: 0.2645 time 11.22s
Epoch: 7/150 Iter: 35/96 loss: 15.2769 acc: 0.2641 time 10.98s
Epoch: 7/150 Iter: 36/96 loss: 15.3680 acc: 0.2599 time 13.56s
Epoch: 7/150 Iter: 37/96 loss: 15.3490 acc: 0.2529 time 13.47s
Epoch: 7/150 Iter: 38/96 loss: 15.5777 acc: 0.2520 time 11.06s
Epoch: 7/150 Iter: 39/96 loss: 15.6031 acc: 0.2477 time 13.54s
Epoch: 7/150 Iter: 40/96 loss: 15.6584 acc: 0.2449 time 11.25s
Epoch: 7/150 Iter: 41/96 loss: 15.3592 acc: 0.2421 time 10.96s
Epoch: 7/150 Iter: 42/96 loss: 15.2018 acc: 0.2390 time 13.52s
Epoch: 7/150 Iter: 43/96 loss: 15.1412 acc: 0.2412 time 10.94s
Epoch: 7/150 Iter: 44/96 loss: 15.0899 acc: 0.2403 time 10.96s
Epoch: 7/150 Iter: 45/96 loss: 15.3881 acc: 0.2349 time 13.56s
Epoch: 7/150 Iter: 46/96 loss: 15.1136 acc: 0.2395 time 11.20s
Epoch: 7/150 Iter: 47/96 loss: 15.0672 acc: 0.2391 time 11.09s
Epoch: 7/150 Iter: 48/96 loss: 14.9499 acc: 0.2411 time 10.98s
Epoch: 7/150 Iter: 49/96 loss: 15.4181 acc: 0.2430 time 13.47s
Epoch: 7/150 Iter: 50/96 loss: 15.4696 acc: 0.2448 time 13.51s
Epoch: 7/150 Iter: 51/96 loss: 15.3210 acc: 0.2432 time 10.87s
Epoch: 7/150 Iter: 52/96 loss: 15.1875 acc: 0.2428 time 11.10s
Epoch: 7/150 Iter: 53/96 loss: 15.1414 acc: 0.2414 time 11.23s
Epoch: 7/150 Iter: 54/96 loss: 14.9079 acc: 0.2462 time 10.93s
Epoch: 7/150 Iter: 55/96 loss: 14.8834 acc: 0.2490 time 13.54s
Epoch: 7/150 Iter: 56/96 loss: 14.8411 acc: 0.2490 time 13.49s
Epoch: 7/150 Iter: 57/96 loss: 14.6844 acc: 0.2554 time 10.99s
Epoch: 7/150 Iter: 58/96 loss: 14.6153 acc: 0.2510 time 13.45s
Epoch: 7/150 Iter: 59/96 loss: 14.6991 acc: 0.2505 time 10.93s
Epoch: 7/150 Iter: 60/96 loss: 14.7529 acc: 0.2481 time 11.08s
Epoch: 7/150 Iter: 61/96 loss: 14.6791 acc: 0.2486 time 13.53s
Epoch: 7/150 Iter: 62/96 loss: 14.5149 acc: 0.2500 time 10.97s
Epoch: 7/150 Iter: 63/96 loss: 14.6200 acc: 0.2474 time 13.51s
Epoch: 7/150 Iter: 64/96 loss: 14.5856 acc: 0.2478 time 13.47s
Epoch: 7/150 Iter: 65/96 loss: 14.5820 acc: 0.2479 time 11.08s
Epoch: 7/150 Iter: 66/96 loss: 14.4903 acc: 0.2461 time 11.23s
Epoch: 7/150 Iter: 67/96 loss: 14.5006 acc: 0.2449 time 13.57s
Epoch: 7/150 Iter: 68/96 loss: 14.5253 acc: 0.2446 time 11.12s
Epoch: 7/150 Iter: 69/96 loss: 14.6219 acc: 0.2411 time 11.08s
Epoch: 7/150 Iter: 70/96 loss: 14.5078 acc: 0.2448 time 13.51s
Epoch: 7/150 Iter: 71/96 loss: 14.5178 acc: 0.2444 time 11.22s
Epoch: 7/150 Iter: 72/96 loss: 14.3991 acc: 0.2438 time 10.88s
Epoch: 7/150 Iter: 73/96 loss: 14.2581 acc: 0.2441 time 13.51s
Epoch: 7/150 Iter: 74/96 loss: 14.3118 acc: 0.2431 time 13.50s
Epoch: 7/150 Iter: 75/96 loss: 14.3835 acc: 0.2413 time 13.52s
Epoch: 7/150 Iter: 76/96 loss: 14.3433 acc: 0.2393 time 10.93s
Epoch: 7/150 Iter: 77/96 loss: 14.2153 acc: 0.2439 time 10.91s
Epoch: 7/150 Iter: 78/96 loss: 14.3149 acc: 0.2408 time 10.97s
Epoch: 7/150 Iter: 79/96 loss: 14.5819 acc: 0.2378 time 11.08s
Epoch: 7/150 Iter: 80/96 loss: 14.5217 acc: 0.2369 time 13.50s
Epoch: 7/150 Iter: 81/96 loss: 14.4502 acc: 0.2367 time 11.02s
Epoch: 7/150 Iter: 82/96 loss: 14.2882 acc: 0.2399 time 13.53s
Epoch: 7/150 Iter: 83/96 loss: 14.5300 acc: 0.2390 time 13.42s
Epoch: 7/150 Iter: 84/96 loss: 14.5107 acc: 0.2406 time 10.99s
Epoch: 7/150 Iter: 85/96 loss: 14.5675 acc: 0.2398 time 10.98s
Epoch: 7/150 Iter: 86/96 loss: 14.4998 acc: 0.2424 time 10.94s
Epoch: 7/150 Iter: 87/96 loss: 14.5461 acc: 0.2409 time 13.46s
Epoch: 7/150 Iter: 88/96 loss: 14.6145 acc: 0.2410 time 10.88s
Epoch: 7/150 Iter: 89/96 loss: 14.5766 acc: 0.2402 time 11.04s
Epoch: 7/150 Iter: 90/96 loss: 14.5803 acc: 0.2403 time 11.02s
Epoch: 7/150 Iter: 91/96 loss: 14.5515 acc: 0.2376 time 13.48s
Epoch: 7/150 Iter: 92/96 loss: 14.5789 acc: 0.2372 time 10.83s
Epoch: 7/150 Iter: 93/96 loss: 14.7462 acc: 0.2359 time 10.84s
Epoch: 7/150 Iter: 94/96 loss: 14.7682 acc: 0.2369 time 11.05s
Epoch: 7/150 Iter: 95/96 loss: 14.7917 acc: 0.2379 time 11.04s
Epoch: 7/150 Iter: 96/96 loss: 14.7522 acc: 0.2389 time 13.45s
[Train epoch 7] avg_loss=14.7522 avg_acc=0.2389 | per-class [c0: 0.477, c1: 0.267, c2: 0.162]
Final training 7/150, loss: 14.7522, time 1163.04s, lr: 0.000000
Accuracy: 0.321
class                  precision    recall   specificity      f1   support
--------------------------------------------------------------------------
0                          0.500     0.477         0.546   0.488       281
1                          0.043     0.267         0.674   0.074        30
2                          0.352     0.162         0.746   0.222       265
*----------------------------------------*
0 Fri Nov 28 14:55:43 2025 Epoch: 8
Epoch: 8/150 Iter: 1/96 loss: 7.8917 acc: 0.2667 time 16.90s
Epoch: 8/150 Iter: 2/96 loss: 6.6323 acc: 0.3833 time 13.48s
Epoch: 8/150 Iter: 3/96 loss: 11.8694 acc: 0.2556 time 10.93s
Epoch: 8/150 Iter: 4/96 loss: 14.3705 acc: 0.2083 time 10.98s
Epoch: 8/150 Iter: 5/96 loss: 13.1898 acc: 0.2333 time 13.49s
Epoch: 8/150 Iter: 6/96 loss: 15.1996 acc: 0.2315 time 11.22s
Epoch: 8/150 Iter: 7/96 loss: 16.1121 acc: 0.2143 time 10.90s
Epoch: 8/150 Iter: 8/96 loss: 18.9536 acc: 0.1979 time 11.07s
Epoch: 8/150 Iter: 9/96 loss: 18.6063 acc: 0.2130 time 10.99s
Epoch: 8/150 Iter: 10/96 loss: 17.8541 acc: 0.2083 time 11.20s
Epoch: 8/150 Iter: 11/96 loss: 17.3655 acc: 0.2121 time 13.50s
Epoch: 8/150 Iter: 12/96 loss: 18.1758 acc: 0.1944 time 10.92s
Epoch: 8/150 Iter: 13/96 loss: 17.1783 acc: 0.2276 time 11.20s
Epoch: 8/150 Iter: 14/96 loss: 16.5349 acc: 0.2649 time 13.45s
Epoch: 8/150 Iter: 15/96 loss: 15.9848 acc: 0.2694 time 13.52s
Epoch: 8/150 Iter: 16/96 loss: 15.5542 acc: 0.2609 time 13.52s
Epoch: 8/150 Iter: 17/96 loss: 15.2077 acc: 0.2652 time 10.90s
Epoch: 8/150 Iter: 18/96 loss: 14.8900 acc: 0.2690 time 13.47s
Epoch: 8/150 Iter: 19/96 loss: 14.6511 acc: 0.2724 time 10.93s
Epoch: 8/150 Iter: 20/96 loss: 14.3679 acc: 0.2796 time 11.10s
Epoch: 8/150 Iter: 21/96 loss: 13.9764 acc: 0.2960 time 10.91s
Epoch: 8/150 Iter: 22/96 loss: 14.0905 acc: 0.2977 time 13.47s
Epoch: 8/150 Iter: 23/96 loss: 14.0569 acc: 0.2896 time 13.56s
Epoch: 8/150 Iter: 24/96 loss: 13.9863 acc: 0.2984 time 10.95s
Epoch: 8/150 Iter: 25/96 loss: 13.6024 acc: 0.3064 time 13.50s
Epoch: 8/150 Iter: 26/96 loss: 13.8034 acc: 0.2947 time 11.10s
Epoch: 8/150 Iter: 27/96 loss: 14.0285 acc: 0.2879 time 10.96s
Epoch: 8/150 Iter: 28/96 loss: 13.8877 acc: 0.2865 time 11.26s
Epoch: 8/150 Iter: 29/96 loss: 14.1238 acc: 0.2852 time 11.01s
Epoch: 8/150 Iter: 30/96 loss: 13.7705 acc: 0.2891 time 11.22s
Epoch: 8/150 Iter: 31/96 loss: 14.1062 acc: 0.2905 time 11.11s
Epoch: 8/150 Iter: 32/96 loss: 13.9898 acc: 0.2953 time 13.54s
Epoch: 8/150 Iter: 33/96 loss: 14.0577 acc: 0.2914 time 13.49s
Epoch: 8/150 Iter: 34/96 loss: 14.4761 acc: 0.2861 time 10.93s
Epoch: 8/150 Iter: 35/96 loss: 14.3628 acc: 0.2875 time 11.07s
Epoch: 8/150 Iter: 36/96 loss: 14.3783 acc: 0.2934 time 13.45s
Epoch: 8/150 Iter: 37/96 loss: 14.3454 acc: 0.2884 time 10.91s
Epoch: 8/150 Iter: 38/96 loss: 14.6013 acc: 0.2852 time 11.22s
Epoch: 8/150 Iter: 39/96 loss: 14.3854 acc: 0.2865 time 10.92s
Epoch: 8/150 Iter: 40/96 loss: 14.1416 acc: 0.2910 time 10.97s
Epoch: 8/150 Iter: 41/96 loss: 14.2919 acc: 0.2879 time 11.08s
Epoch: 8/150 Iter: 42/96 loss: 14.4081 acc: 0.2811 time 11.09s
Epoch: 8/150 Iter: 43/96 loss: 14.3706 acc: 0.2761 time 10.90s
Epoch: 8/150 Iter: 44/96 loss: 14.3840 acc: 0.2736 time 11.11s
Epoch: 8/150 Iter: 45/96 loss: 14.4870 acc: 0.2694 time 11.11s
Epoch: 8/150 Iter: 46/96 loss: 14.3559 acc: 0.2771 time 10.94s
Epoch: 8/150 Iter: 47/96 loss: 14.3694 acc: 0.2748 time 11.23s
Epoch: 8/150 Iter: 48/96 loss: 14.3766 acc: 0.2737 time 10.96s
Epoch: 8/150 Iter: 49/96 loss: 14.3691 acc: 0.2749 time 11.10s
Epoch: 8/150 Iter: 50/96 loss: 14.2199 acc: 0.2719 time 10.96s
Epoch: 8/150 Iter: 51/96 loss: 14.0814 acc: 0.2739 time 13.47s
Epoch: 8/150 Iter: 52/96 loss: 14.0826 acc: 0.2702 time 11.10s
Epoch: 8/150 Iter: 53/96 loss: 14.0002 acc: 0.2714 time 13.46s
Epoch: 8/150 Iter: 54/96 loss: 13.9771 acc: 0.2741 time 11.22s
Epoch: 8/150 Iter: 55/96 loss: 13.8097 acc: 0.2737 time 11.07s
Epoch: 8/150 Iter: 56/96 loss: 13.6969 acc: 0.2718 time 13.47s
Epoch: 8/150 Iter: 57/96 loss: 13.6556 acc: 0.2714 time 11.05s
Epoch: 8/150 Iter: 58/96 loss: 13.6533 acc: 0.2667 time 13.54s
Epoch: 8/150 Iter: 59/96 loss: 13.8955 acc: 0.2622 time 13.48s
Epoch: 8/150 Iter: 60/96 loss: 13.9832 acc: 0.2592 time 11.24s
Epoch: 8/150 Iter: 61/96 loss: 13.8136 acc: 0.2673 time 13.48s
Epoch: 8/150 Iter: 62/96 loss: 13.9664 acc: 0.2656 time 11.07s
Epoch: 8/150 Iter: 63/96 loss: 13.9783 acc: 0.2641 time 13.54s
Epoch: 8/150 Iter: 64/96 loss: 14.0420 acc: 0.2625 time 13.56s
Epoch: 8/150 Iter: 65/96 loss: 13.9838 acc: 0.2624 time 10.90s
Epoch: 8/150 Iter: 66/96 loss: 14.0023 acc: 0.2634 time 10.95s
Epoch: 8/150 Iter: 67/96 loss: 14.1592 acc: 0.2595 time 13.47s
Epoch: 8/150 Iter: 68/96 loss: 14.3706 acc: 0.2565 time 11.22s
Epoch: 8/150 Iter: 69/96 loss: 14.4978 acc: 0.2576 time 13.51s
Epoch: 8/150 Iter: 70/96 loss: 14.5974 acc: 0.2555 time 13.49s
Epoch: 8/150 Iter: 71/96 loss: 14.5849 acc: 0.2547 time 10.95s
Epoch: 8/150 Iter: 72/96 loss: 14.4586 acc: 0.2540 time 10.93s
Epoch: 8/150 Iter: 73/96 loss: 14.3349 acc: 0.2546 time 10.89s
Epoch: 8/150 Iter: 74/96 loss: 14.4311 acc: 0.2534 time 13.53s
Epoch: 8/150 Iter: 75/96 loss: 14.5720 acc: 0.2556 time 13.53s
Epoch: 8/150 Iter: 76/96 loss: 14.5868 acc: 0.2544 time 13.48s
Epoch: 8/150 Iter: 77/96 loss: 14.6957 acc: 0.2554 time 13.52s
Epoch: 8/150 Iter: 78/96 loss: 14.7110 acc: 0.2543 time 11.10s
Epoch: 8/150 Iter: 79/96 loss: 14.8203 acc: 0.2546 time 11.07s
Epoch: 8/150 Iter: 80/96 loss: 14.7538 acc: 0.2545 time 13.52s
Epoch: 8/150 Iter: 81/96 loss: 14.8803 acc: 0.2562 time 10.95s
Epoch: 8/150 Iter: 82/96 loss: 14.9319 acc: 0.2551 time 13.47s
Epoch: 8/150 Iter: 83/96 loss: 14.8378 acc: 0.2545 time 10.85s
Epoch: 8/150 Iter: 84/96 loss: 14.8128 acc: 0.2547 time 10.87s
Epoch: 8/150 Iter: 85/96 loss: 14.7637 acc: 0.2547 time 11.04s
Epoch: 8/150 Iter: 86/96 loss: 14.7269 acc: 0.2549 time 13.46s
Epoch: 8/150 Iter: 87/96 loss: 14.8594 acc: 0.2546 time 13.42s
Epoch: 8/150 Iter: 88/96 loss: 14.7182 acc: 0.2592 time 13.44s
Epoch: 8/150 Iter: 89/96 loss: 14.7300 acc: 0.2588 time 13.43s
Epoch: 8/150 Iter: 90/96 loss: 14.6749 acc: 0.2615 time 13.42s
Epoch: 8/150 Iter: 91/96 loss: 14.5663 acc: 0.2654 time 13.45s
Epoch: 8/150 Iter: 92/96 loss: 14.6476 acc: 0.2649 time 10.92s
Epoch: 8/150 Iter: 93/96 loss: 14.7636 acc: 0.2629 time 10.87s
Epoch: 8/150 Iter: 94/96 loss: 14.7844 acc: 0.2608 time 10.95s
Epoch: 8/150 Iter: 95/96 loss: 14.7543 acc: 0.2588 time 13.41s
Epoch: 8/150 Iter: 96/96 loss: 14.9122 acc: 0.2573 time 13.43s
[Train epoch 8] avg_loss=14.9122 avg_acc=0.2573 | per-class [c0: 0.491, c1: 0.233, c2: 0.174]
Final training 8/150, loss: 14.9122, time 1157.93s, lr: 0.000000
Accuracy: 0.332
class                  precision    recall   specificity      f1   support
--------------------------------------------------------------------------
0                          0.483     0.491         0.498   0.487       281
1                          0.044     0.233         0.720   0.074        30
2                          0.354     0.174         0.730   0.233       265
*----------------------------------------*
Val 8/150 1/24, Acc: 0.1111, Loss: 16.7715, time 10.92s
Val 8/150 2/24, Acc: 0.2222, Loss: 13.5333, time 11.04s
Val 8/150 3/24, Acc: 0.2593, Loss: 11.3565, time 10.92s
Val 8/150 4/24, Acc: 0.2569, Loss: 12.1958, time 10.99s
Val 8/150 5/24, Acc: 0.2222, Loss: 11.5295, time 11.01s
Val 8/150 6/24, Acc: 0.1991, Loss: 11.6863, time 11.06s
Val 8/150 7/24, Acc: 0.1944, Loss: 11.9406, time 11.01s
Val 8/150 8/24, Acc: 0.1806, Loss: 11.7940, time 10.99s
Val 8/150 9/24, Acc: 0.1679, Loss: 11.1626, time 10.93s
Val 8/150 10/24, Acc: 0.1978, Loss: 10.8683, time 11.25s
Val 8/150 11/24, Acc: 0.2253, Loss: 10.8064, time 10.90s
Val 8/150 12/24, Acc: 0.2273, Loss: 10.6672, time 11.03s
Val 8/150 13/24, Acc: 0.2355, Loss: 10.4891, time 11.06s
Val 8/150 14/24, Acc: 0.2901, Loss: 9.7438, time 10.97s
Val 8/150 15/24, Acc: 0.3263, Loss: 9.1822, time 10.95s
Val 8/150 16/24, Acc: 0.3184, Loss: 9.0551, time 10.92s
Val 8/150 17/24, Acc: 0.3095, Loss: 9.4708, time 11.08s
Val 8/150 18/24, Acc: 0.3015, Loss: 9.3524, time 11.00s
Val 8/150 19/24, Acc: 0.3330, Loss: 8.8916, time 11.01s
Val 8/150 20/24, Acc: 0.3331, Loss: 8.6493, time 11.02s
Val 8/150 21/24, Acc: 0.3331, Loss: 8.8733, time 10.99s
Val 8/150 22/24, Acc: 0.3230, Loss: 9.2944, time 11.22s
Val 8/150 23/24, Acc: 0.3331, Loss: 9.0427, time 10.88s
Val 8/150 24/24, Acc: 0.3192, Loss: 9.4725, time 10.99s
[Val epoch 8] avg_acc=0.3192 | avg_loss=9.4725 | per-class [c0: 0.486, c1: 0.500, c2: 0.258]
Final validation 8/150, Val_acc: 0.3192, time 264.15sAccuracy: 0.382
class                  precision    recall   specificity      f1   support
--------------------------------------------------------------------------
0                          0.479     0.486         0.500   0.482        70
1                          0.111     0.500         0.765   0.182         8
2                          0.459     0.258         0.744   0.330        66
*========================================*
Saving checkpoint outputs/OrganoidsINRIA/swinunetr+noah/2025-11-28-12-24/training/model_final.pt
[EarlyStopping] no improve (3/30)
[EarlyStopping] no improve (3/30)
0 Fri Nov 28 15:19:30 2025 Epoch: 9
Epoch: 9/150 Iter: 1/96 loss: 7.8818 acc: 0.5000 time 15.53s
Epoch: 9/150 Iter: 2/96 loss: 11.0597 acc: 0.3611 time 10.93s
Epoch: 9/150 Iter: 3/96 loss: 11.7645 acc: 0.2407 time 10.94s
Epoch: 9/150 Iter: 4/96 loss: 10.8629 acc: 0.2222 time 10.92s
Epoch: 9/150 Iter: 5/96 loss: 12.0948 acc: 0.2711 time 13.54s
Epoch: 9/150 Iter: 6/96 loss: 11.3248 acc: 0.2954 time 11.04s
Epoch: 9/150 Iter: 7/96 loss: 12.5759 acc: 0.2532 time 13.50s
Epoch: 9/150 Iter: 8/96 loss: 12.7581 acc: 0.2354 time 13.43s
Epoch: 9/150 Iter: 9/96 loss: 13.0973 acc: 0.2093 time 10.94s
Epoch: 9/150 Iter: 10/96 loss: 12.0865 acc: 0.2217 time 11.21s
Epoch: 9/150 Iter: 11/96 loss: 11.8616 acc: 0.2419 time 13.45s
Epoch: 9/150 Iter: 12/96 loss: 12.5713 acc: 0.2356 time 10.89s
Epoch: 9/150 Iter: 13/96 loss: 12.0192 acc: 0.2688 time 10.94s
Epoch: 9/150 Iter: 14/96 loss: 12.5545 acc: 0.2575 time 13.50s
Epoch: 9/150 Iter: 15/96 loss: 12.5571 acc: 0.2626 time 13.52s
Epoch: 9/150 Iter: 16/96 loss: 13.0071 acc: 0.2635 time 10.92s
Epoch: 9/150 Iter: 17/96 loss: 13.6393 acc: 0.2578 time 10.94s
Epoch: 9/150 Iter: 18/96 loss: 14.4842 acc: 0.2435 time 10.95s
Epoch: 9/150 Iter: 19/96 loss: 15.1418 acc: 0.2307 time 10.98s
Epoch: 9/150 Iter: 20/96 loss: 15.1415 acc: 0.2317 time 11.22s
Epoch: 9/150 Iter: 21/96 loss: 15.1575 acc: 0.2302 time 10.99s
Epoch: 9/150 Iter: 22/96 loss: 14.8411 acc: 0.2311 time 10.94s
Epoch: 9/150 Iter: 23/96 loss: 14.9044 acc: 0.2268 time 13.50s
Epoch: 9/150 Iter: 24/96 loss: 14.9883 acc: 0.2220 time 13.49s
Epoch: 9/150 Iter: 25/96 loss: 15.1850 acc: 0.2176 time 11.11s
Epoch: 9/150 Iter: 26/96 loss: 15.0843 acc: 0.2124 time 10.94s
Epoch: 9/150 Iter: 27/96 loss: 15.5834 acc: 0.2107 time 13.50s
Epoch: 9/150 Iter: 28/96 loss: 15.5327 acc: 0.2091 time 13.47s
Epoch: 9/150 Iter: 29/96 loss: 15.5520 acc: 0.2134 time 10.96s
Epoch: 9/150 Iter: 30/96 loss: 15.3958 acc: 0.2091 time 13.46s
Epoch: 9/150 Iter: 31/96 loss: 15.5257 acc: 0.2095 time 10.93s
Epoch: 9/150 Iter: 32/96 loss: 15.5786 acc: 0.2071 time 10.95s
Epoch: 9/150 Iter: 33/96 loss: 15.6730 acc: 0.2069 time 10.99s
Epoch: 9/150 Iter: 34/96 loss: 15.7853 acc: 0.2106 time 10.92s
Epoch: 9/150 Iter: 35/96 loss: 15.5628 acc: 0.2125 time 10.98s
Epoch: 9/150 Iter: 36/96 loss: 15.7882 acc: 0.2128 time 13.49s
Epoch: 9/150 Iter: 37/96 loss: 15.8783 acc: 0.2146 time 11.20s
Epoch: 9/150 Iter: 38/96 loss: 16.2038 acc: 0.2177 time 13.49s
Epoch: 9/150 Iter: 39/96 loss: 16.1963 acc: 0.2155 time 10.98s
Epoch: 9/150 Iter: 40/96 loss: 16.1172 acc: 0.2118 time 10.91s
Epoch: 9/150 Iter: 41/96 loss: 15.8643 acc: 0.2168 time 10.93s
Epoch: 9/150 Iter: 42/96 loss: 15.8756 acc: 0.2156 time 13.54s
Epoch: 9/150 Iter: 43/96 loss: 15.8126 acc: 0.2158 time 13.51s
Epoch: 9/150 Iter: 44/96 loss: 15.4958 acc: 0.2230 time 13.48s
Epoch: 9/150 Iter: 45/96 loss: 15.2354 acc: 0.2254 time 11.22s
Epoch: 9/150 Iter: 46/96 loss: 15.2419 acc: 0.2223 time 11.18s
Epoch: 9/150 Iter: 47/96 loss: 15.1048 acc: 0.2229 time 11.07s
Epoch: 9/150 Iter: 48/96 loss: 15.1136 acc: 0.2183 time 13.50s
Epoch: 9/150 Iter: 49/96 loss: 14.9751 acc: 0.2172 time 11.22s
Epoch: 9/150 Iter: 50/96 loss: 14.7345 acc: 0.2262 time 13.49s
Epoch: 9/150 Iter: 51/96 loss: 15.0370 acc: 0.2305 time 10.90s
Epoch: 9/150 Iter: 52/96 loss: 15.0381 acc: 0.2282 time 13.56s
Epoch: 9/150 Iter: 53/96 loss: 15.0928 acc: 0.2239 time 10.94s
Epoch: 9/150 Iter: 54/96 loss: 14.9095 acc: 0.2244 time 10.92s
Epoch: 9/150 Iter: 55/96 loss: 14.9390 acc: 0.2248 time 13.48s
Epoch: 9/150 Iter: 56/96 loss: 14.9052 acc: 0.2208 time 13.57s
Epoch: 9/150 Iter: 57/96 loss: 14.9178 acc: 0.2184 time 11.02s
Epoch: 9/150 Iter: 58/96 loss: 14.6819 acc: 0.2193 time 10.92s
Epoch: 9/150 Iter: 59/96 loss: 14.5628 acc: 0.2178 time 13.55s
Epoch: 9/150 Iter: 60/96 loss: 14.3201 acc: 0.2308 time 10.95s
Epoch: 9/150 Iter: 61/96 loss: 14.1831 acc: 0.2373 time 11.25s
Epoch: 9/150 Iter: 62/96 loss: 14.1598 acc: 0.2351 time 11.25s
Epoch: 9/150 Iter: 63/96 loss: 14.2402 acc: 0.2324 time 10.91s
Epoch: 9/150 Iter: 64/96 loss: 14.3649 acc: 0.2309 time 10.98s
Epoch: 9/150 Iter: 65/96 loss: 14.4602 acc: 0.2316 time 10.94s
Epoch: 9/150 Iter: 66/96 loss: 14.6194 acc: 0.2281 time 10.93s
Epoch: 9/150 Iter: 67/96 loss: 14.6238 acc: 0.2316 time 10.96s
Epoch: 9/150 Iter: 68/96 loss: 14.4913 acc: 0.2348 time 11.13s
Epoch: 9/150 Iter: 69/96 loss: 14.6088 acc: 0.2378 time 11.09s
Epoch: 9/150 Iter: 70/96 loss: 14.5924 acc: 0.2368 time 10.91s
Epoch: 9/150 Iter: 71/96 loss: 14.5515 acc: 0.2366 time 10.99s
Epoch: 9/150 Iter: 72/96 loss: 14.6885 acc: 0.2333 time 11.09s
Epoch: 9/150 Iter: 73/96 loss: 14.7448 acc: 0.2324 time 11.06s
Epoch: 9/150 Iter: 74/96 loss: 14.6824 acc: 0.2322 time 13.51s
Epoch: 9/150 Iter: 75/96 loss: 14.7147 acc: 0.2309 time 11.10s
Epoch: 9/150 Iter: 76/96 loss: 14.6559 acc: 0.2312 time 10.89s
Epoch: 9/150 Iter: 77/96 loss: 14.7575 acc: 0.2314 time 10.97s
Epoch: 9/150 Iter: 78/96 loss: 14.8382 acc: 0.2327 time 13.51s
Epoch: 9/150 Iter: 79/96 loss: 14.8867 acc: 0.2298 time 11.15s
Epoch: 9/150 Iter: 80/96 loss: 14.8108 acc: 0.2300 time 10.88s
Epoch: 9/150 Iter: 81/96 loss: 14.8795 acc: 0.2293 time 10.94s
Epoch: 9/150 Iter: 82/96 loss: 14.7145 acc: 0.2326 time 10.95s
Epoch: 9/150 Iter: 83/96 loss: 14.5859 acc: 0.2378 time 13.45s
Epoch: 9/150 Iter: 84/96 loss: 14.5382 acc: 0.2369 time 10.84s
Epoch: 9/150 Iter: 85/96 loss: 14.5387 acc: 0.2391 time 11.04s
Epoch: 9/150 Iter: 86/96 loss: 14.4998 acc: 0.2401 time 10.96s
Epoch: 9/150 Iter: 87/96 loss: 14.4694 acc: 0.2399 time 13.42s
Epoch: 9/150 Iter: 88/96 loss: 14.5352 acc: 0.2385 time 13.44s
Epoch: 9/150 Iter: 89/96 loss: 14.4024 acc: 0.2433 time 13.51s
Epoch: 9/150 Iter: 90/96 loss: 14.4205 acc: 0.2424 time 11.03s
Epoch: 9/150 Iter: 91/96 loss: 14.3755 acc: 0.2475 time 10.92s
Epoch: 9/150 Iter: 92/96 loss: 14.3363 acc: 0.2475 time 13.48s
Epoch: 9/150 Iter: 93/96 loss: 14.2299 acc: 0.2516 time 10.98s
Epoch: 9/150 Iter: 94/96 loss: 14.2039 acc: 0.2501 time 13.45s
Epoch: 9/150 Iter: 95/96 loss: 14.1924 acc: 0.2521 time 11.04s
Epoch: 9/150 Iter: 96/96 loss: 14.1066 acc: 0.2573 time 11.02s
[Train epoch 9] avg_loss=14.1066 avg_acc=0.2573 | per-class [c0: 0.473, c1: 0.267, c2: 0.196]
Final training 9/150, loss: 14.1066, time 1135.53s, lr: 0.000000
Accuracy: 0.335
class                  precision    recall   specificity      f1   support
--------------------------------------------------------------------------
0                          0.478     0.473         0.508   0.476       281
1                          0.047     0.267         0.703   0.080        30
2                          0.406     0.196         0.756   0.265       265
*----------------------------------------*
0 Fri Nov 28 15:38:26 2025 Epoch: 10
Epoch: 10/150 Iter: 1/96 loss: 11.8364 acc: 0.4167 time 13.06s
Epoch: 10/150 Iter: 2/96 loss: 7.8649 acc: 0.3958 time 10.91s
Epoch: 10/150 Iter: 3/96 loss: 10.5703 acc: 0.3194 time 13.53s
Epoch: 10/150 Iter: 4/96 loss: 12.2991 acc: 0.3229 time 13.53s
Epoch: 10/150 Iter: 5/96 loss: 13.5353 acc: 0.3083 time 10.94s
Epoch: 10/150 Iter: 6/96 loss: 14.5397 acc: 0.2755 time 11.05s
Epoch: 10/150 Iter: 7/96 loss: 15.1999 acc: 0.2718 time 11.11s
Epoch: 10/150 Iter: 8/96 loss: 14.9173 acc: 0.2691 time 10.95s
Epoch: 10/150 Iter: 9/96 loss: 13.8391 acc: 0.2762 time 13.47s
Epoch: 10/150 Iter: 10/96 loss: 13.7860 acc: 0.2653 time 10.97s
Epoch: 10/150 Iter: 11/96 loss: 13.8717 acc: 0.2563 time 13.53s
Epoch: 10/150 Iter: 12/96 loss: 14.1037 acc: 0.2488 time 10.90s
Epoch: 10/150 Iter: 13/96 loss: 15.6153 acc: 0.2553 time 13.55s
Epoch: 10/150 Iter: 14/96 loss: 16.3065 acc: 0.2490 time 13.50s
Epoch: 10/150 Iter: 15/96 loss: 16.2551 acc: 0.2435 time 10.99s
Epoch: 10/150 Iter: 16/96 loss: 16.0546 acc: 0.2352 time 10.97s
Epoch: 10/150 Iter: 17/96 loss: 15.6907 acc: 0.2361 time 10.95s
Epoch: 10/150 Iter: 18/96 loss: 16.0959 acc: 0.2230 time 11.18s
Epoch: 10/150 Iter: 19/96 loss: 16.2043 acc: 0.2113 time 10.94s
Epoch: 10/150 Iter: 20/96 loss: 16.7045 acc: 0.2118 time 13.49s
Epoch: 10/150 Iter: 21/96 loss: 15.9920 acc: 0.2335 time 13.52s
Epoch: 10/150 Iter: 22/96 loss: 15.9827 acc: 0.2259 time 10.95s
Epoch: 10/150 Iter: 23/96 loss: 15.7901 acc: 0.2248 time 10.92s
Epoch: 10/150 Iter: 24/96 loss: 15.4441 acc: 0.2339 time 13.56s
Epoch: 10/150 Iter: 25/96 loss: 14.9238 acc: 0.2612 time 13.47s
Epoch: 10/150 Iter: 26/96 loss: 14.4230 acc: 0.2790 time 11.11s
Epoch: 10/150 Iter: 27/96 loss: 15.1464 acc: 0.2789 time 13.55s
Epoch: 10/150 Iter: 28/96 loss: 14.8621 acc: 0.2832 time 13.54s
Epoch: 10/150 Iter: 29/96 loss: 14.7597 acc: 0.2763 time 13.52s
Epoch: 10/150 Iter: 30/96 loss: 14.5588 acc: 0.2838 time 11.24s
Epoch: 10/150 Iter: 31/96 loss: 14.7235 acc: 0.2782 time 10.90s
Epoch: 10/150 Iter: 32/96 loss: 14.3782 acc: 0.2758 time 10.94s
Epoch: 10/150 Iter: 33/96 loss: 14.4542 acc: 0.2715 time 13.48s
Epoch: 10/150 Iter: 34/96 loss: 14.6621 acc: 0.2659 time 10.91s
Epoch: 10/150 Iter: 35/96 loss: 14.6955 acc: 0.2631 time 11.07s
Epoch: 10/150 Iter: 36/96 loss: 14.7488 acc: 0.2589 time 13.53s
Epoch: 10/150 Iter: 37/96 loss: 15.0242 acc: 0.2564 time 10.94s
Epoch: 10/150 Iter: 38/96 loss: 14.7600 acc: 0.2657 time 13.56s
Epoch: 10/150 Iter: 39/96 loss: 14.8154 acc: 0.2610 time 11.10s
Epoch: 10/150 Iter: 40/96 loss: 15.3258 acc: 0.2628 time 13.54s
Epoch: 10/150 Iter: 41/96 loss: 15.3929 acc: 0.2564 time 10.95s
Epoch: 10/150 Iter: 42/96 loss: 15.6738 acc: 0.2583 time 10.99s
Epoch: 10/150 Iter: 43/96 loss: 15.6127 acc: 0.2574 time 13.51s
Epoch: 10/150 Iter: 44/96 loss: 15.6507 acc: 0.2516 time 11.21s
Epoch: 10/150 Iter: 45/96 loss: 15.6203 acc: 0.2485 time 11.04s
Epoch: 10/150 Iter: 46/96 loss: 15.5410 acc: 0.2503 time 13.47s
Epoch: 10/150 Iter: 47/96 loss: 15.4262 acc: 0.2556 time 11.09s
Epoch: 10/150 Iter: 48/96 loss: 15.5221 acc: 0.2538 time 10.91s
Epoch: 10/150 Iter: 49/96 loss: 15.5381 acc: 0.2513 time 13.53s
Epoch: 10/150 Iter: 50/96 loss: 15.4391 acc: 0.2596 time 13.48s
Epoch: 10/150 Iter: 51/96 loss: 15.3466 acc: 0.2600 time 13.42s
Epoch: 10/150 Iter: 52/96 loss: 15.3727 acc: 0.2678 time 10.91s
Epoch: 10/150 Iter: 53/96 loss: 15.3169 acc: 0.2659 time 10.95s
Epoch: 10/150 Iter: 54/96 loss: 15.1848 acc: 0.2610 time 13.48s
Epoch: 10/150 Iter: 55/96 loss: 15.1229 acc: 0.2608 time 10.91s
Epoch: 10/150 Iter: 56/96 loss: 14.9029 acc: 0.2621 time 10.91s
Epoch: 10/150 Iter: 57/96 loss: 14.8893 acc: 0.2614 time 10.94s
Epoch: 10/150 Iter: 58/96 loss: 14.8541 acc: 0.2597 time 13.53s
Epoch: 10/150 Iter: 59/96 loss: 14.9939 acc: 0.2553 time 13.51s
Epoch: 10/150 Iter: 60/96 loss: 15.0718 acc: 0.2529 time 13.52s
Epoch: 10/150 Iter: 61/96 loss: 14.9264 acc: 0.2579 time 10.90s
Epoch: 10/150 Iter: 62/96 loss: 14.9441 acc: 0.2582 time 13.45s
Epoch: 10/150 Iter: 63/96 loss: 14.9922 acc: 0.2567 time 13.50s
Epoch: 10/150 Iter: 64/96 loss: 15.0034 acc: 0.2562 time 11.18s
Epoch: 10/150 Iter: 65/96 loss: 14.9476 acc: 0.2561 time 10.87s
Epoch: 10/150 Iter: 66/96 loss: 14.9053 acc: 0.2539 time 10.95s
Epoch: 10/150 Iter: 67/96 loss: 14.9603 acc: 0.2518 time 10.92s
Epoch: 10/150 Iter: 68/96 loss: 15.0692 acc: 0.2530 time 10.94s
Epoch: 10/150 Iter: 69/96 loss: 15.1495 acc: 0.2509 time 11.07s
Epoch: 10/150 Iter: 70/96 loss: 15.2194 acc: 0.2529 time 11.04s
Epoch: 10/150 Iter: 71/96 loss: 15.2604 acc: 0.2517 time 10.90s
Epoch: 10/150 Iter: 72/96 loss: 15.3179 acc: 0.2505 time 11.13s
Epoch: 10/150 Iter: 73/96 loss: 15.1884 acc: 0.2498 time 13.51s
Epoch: 10/150 Iter: 74/96 loss: 15.1067 acc: 0.2527 time 10.96s
Epoch: 10/150 Iter: 75/96 loss: 15.0550 acc: 0.2520 time 13.46s
Epoch: 10/150 Iter: 76/96 loss: 15.0939 acc: 0.2531 time 11.22s
Epoch: 10/150 Iter: 77/96 loss: 15.1032 acc: 0.2524 time 10.97s
Epoch: 10/150 Iter: 78/96 loss: 15.0273 acc: 0.2509 time 11.22s
Epoch: 10/150 Iter: 79/96 loss: 14.9914 acc: 0.2519 time 10.88s
Epoch: 10/150 Iter: 80/96 loss: 14.8547 acc: 0.2543 time 10.92s
Epoch: 10/150 Iter: 81/96 loss: 14.8192 acc: 0.2527 time 10.93s
Epoch: 10/150 Iter: 82/96 loss: 14.8483 acc: 0.2497 time 10.85s
Epoch: 10/150 Iter: 83/96 loss: 14.8354 acc: 0.2507 time 10.86s
Epoch: 10/150 Iter: 84/96 loss: 14.7843 acc: 0.2501 time 13.47s
Epoch: 10/150 Iter: 85/96 loss: 14.8299 acc: 0.2484 time 10.90s
Epoch: 10/150 Iter: 86/96 loss: 14.7585 acc: 0.2463 time 10.93s
Epoch: 10/150 Iter: 87/96 loss: 14.7402 acc: 0.2454 time 13.47s
Epoch: 10/150 Iter: 88/96 loss: 14.7040 acc: 0.2497 time 10.90s
Epoch: 10/150 Iter: 89/96 loss: 14.9362 acc: 0.2469 time 13.40s
Epoch: 10/150 Iter: 90/96 loss: 14.8793 acc: 0.2469 time 10.94s
Epoch: 10/150 Iter: 91/96 loss: 15.0136 acc: 0.2473 time 10.96s
Epoch: 10/150 Iter: 92/96 loss: 15.0104 acc: 0.2482 time 10.94s
Epoch: 10/150 Iter: 93/96 loss: 14.9726 acc: 0.2509 time 13.50s
Epoch: 10/150 Iter: 94/96 loss: 14.9355 acc: 0.2497 time 13.40s
Epoch: 10/150 Iter: 95/96 loss: 14.9046 acc: 0.2500 time 13.53s
Epoch: 10/150 Iter: 96/96 loss: 14.8731 acc: 0.2500 time 10.91s
[Train epoch 10] avg_loss=14.8731 avg_acc=0.2500 | per-class [c0: 0.452, c1: 0.200, c2: 0.200]
Final training 10/150, loss: 14.8731, time 1147.10s, lr: 0.000000
Accuracy: 0.323
class                  precision    recall   specificity      f1   support
--------------------------------------------------------------------------
0                          0.470     0.452         0.515   0.461       281
1                          0.037     0.200         0.711   0.062        30
2                          0.373     0.200         0.714   0.260       265
*----------------------------------------*
Val 10/150 1/24, Acc: 0.1111, Loss: 16.7715, time 10.91s
Val 10/150 2/24, Acc: 0.2222, Loss: 13.5333, time 10.95s
Val 10/150 3/24, Acc: 0.2593, Loss: 11.3565, time 10.90s
Val 10/150 4/24, Acc: 0.2569, Loss: 12.1958, time 10.90s
Val 10/150 5/24, Acc: 0.2222, Loss: 11.5295, time 11.06s
Val 10/150 6/24, Acc: 0.1991, Loss: 11.6863, time 11.06s
Val 10/150 7/24, Acc: 0.1944, Loss: 11.9406, time 10.94s
Val 10/150 8/24, Acc: 0.1806, Loss: 11.7940, time 10.97s
Val 10/150 9/24, Acc: 0.1679, Loss: 11.1626, time 10.88s
Val 10/150 10/24, Acc: 0.1978, Loss: 10.8683, time 11.20s
Val 10/150 11/24, Acc: 0.2253, Loss: 10.8064, time 10.88s
Val 10/150 12/24, Acc: 0.2273, Loss: 10.6672, time 11.00s
Val 10/150 13/24, Acc: 0.2355, Loss: 10.4891, time 11.08s
Val 10/150 14/24, Acc: 0.2901, Loss: 9.7438, time 10.96s
Val 10/150 15/24, Acc: 0.3263, Loss: 9.1822, time 10.95s
Val 10/150 16/24, Acc: 0.3184, Loss: 9.0551, time 10.91s
Val 10/150 17/24, Acc: 0.3095, Loss: 9.4708, time 11.07s
Val 10/150 18/24, Acc: 0.3015, Loss: 9.3524, time 10.98s
Val 10/150 19/24, Acc: 0.3330, Loss: 8.8916, time 11.00s
Val 10/150 20/24, Acc: 0.3331, Loss: 8.6493, time 11.04s
Val 10/150 21/24, Acc: 0.3331, Loss: 8.8733, time 10.98s
Val 10/150 22/24, Acc: 0.3230, Loss: 9.2944, time 11.21s
Val 10/150 23/24, Acc: 0.3331, Loss: 9.0427, time 10.87s
Val 10/150 24/24, Acc: 0.3192, Loss: 9.4725, time 10.89s
[Val epoch 10] avg_acc=0.3192 | avg_loss=9.4725 | per-class [c0: 0.486, c1: 0.500, c2: 0.258]
Final validation 10/150, Val_acc: 0.3192, time 263.60sAccuracy: 0.382
class                  precision    recall   specificity      f1   support
--------------------------------------------------------------------------
0                          0.479     0.486         0.500   0.482        70
1                          0.111     0.500         0.765   0.182         8
2                          0.459     0.258         0.744   0.330        66
*========================================*
Saving checkpoint outputs/OrganoidsINRIA/swinunetr+noah/2025-11-28-12-24/training/model_final.pt
[EarlyStopping] no improve (4/30)
[EarlyStopping] no improve (4/30)
0 Fri Nov 28 16:02:02 2025 Epoch: 11
Epoch: 11/150 Iter: 1/96 loss: 13.5690 acc: 0.1333 time 12.86s
Epoch: 11/150 Iter: 2/96 loss: 9.6337 acc: 0.1778 time 11.15s
Epoch: 11/150 Iter: 3/96 loss: 12.3241 acc: 0.1463 time 10.92s
Epoch: 11/150 Iter: 4/96 loss: 10.3784 acc: 0.1931 time 11.10s
Epoch: 11/150 Iter: 5/96 loss: 10.8228 acc: 0.2044 time 13.48s
Epoch: 11/150 Iter: 6/96 loss: 12.8663 acc: 0.1704 time 10.92s
Epoch: 11/150 Iter: 7/96 loss: 13.3231 acc: 0.1698 time 13.46s
Epoch: 11/150 Iter: 8/96 loss: 15.1939 acc: 0.1590 time 11.08s
Epoch: 11/150 Iter: 9/96 loss: 16.3906 acc: 0.1414 time 11.09s
Epoch: 11/150 Iter: 10/96 loss: 15.6949 acc: 0.1439 time 11.07s
Epoch: 11/150 Iter: 11/96 loss: 15.1373 acc: 0.1672 time 13.54s
Epoch: 11/150 Iter: 12/96 loss: 14.6441 acc: 0.1810 time 10.89s
Epoch: 11/150 Iter: 13/96 loss: 14.3236 acc: 0.1756 time 13.52s
Epoch: 11/150 Iter: 14/96 loss: 14.8600 acc: 0.1710 time 13.45s
Epoch: 11/150 Iter: 15/96 loss: 14.6652 acc: 0.1763 time 13.51s
Epoch: 11/150 Iter: 16/96 loss: 14.3106 acc: 0.1861 time 13.44s
Epoch: 11/150 Iter: 17/96 loss: 14.8778 acc: 0.1850 time 13.49s
Epoch: 11/150 Iter: 18/96 loss: 15.0816 acc: 0.1932 time 11.18s
Epoch: 11/150 Iter: 19/96 loss: 15.0798 acc: 0.1918 time 10.91s
Epoch: 11/150 Iter: 20/96 loss: 14.8648 acc: 0.1989 time 11.11s
Epoch: 11/150 Iter: 21/96 loss: 14.7039 acc: 0.2053 time 11.10s
Epoch: 11/150 Iter: 22/96 loss: 15.1332 acc: 0.2035 time 11.20s
Epoch: 11/150 Iter: 23/96 loss: 14.6475 acc: 0.2121 time 13.47s
Epoch: 11/150 Iter: 24/96 loss: 14.6452 acc: 0.2116 time 13.47s
Epoch: 11/150 Iter: 25/96 loss: 14.7341 acc: 0.2098 time 13.50s
Epoch: 11/150 Iter: 26/96 loss: 14.9344 acc: 0.2081 time 10.93s
Epoch: 11/150 Iter: 27/96 loss: 15.0938 acc: 0.2029 time 10.95s
Epoch: 11/150 Iter: 28/96 loss: 14.9175 acc: 0.2206 time 13.45s
Epoch: 11/150 Iter: 29/96 loss: 14.8231 acc: 0.2199 time 13.45s
Epoch: 11/150 Iter: 30/96 loss: 14.9105 acc: 0.2148 time 11.05s
Epoch: 11/150 Iter: 31/96 loss: 14.5439 acc: 0.2280 time 13.56s
Epoch: 11/150 Iter: 32/96 loss: 14.5323 acc: 0.2235 time 13.52s
Epoch: 11/150 Iter: 33/96 loss: 14.4995 acc: 0.2243 time 10.90s
Epoch: 11/150 Iter: 34/96 loss: 14.6991 acc: 0.2226 time 13.56s
Epoch: 11/150 Iter: 35/96 loss: 14.8794 acc: 0.2210 time 11.09s
Epoch: 11/150 Iter: 36/96 loss: 15.0404 acc: 0.2195 time 13.51s
Epoch: 11/150 Iter: 37/96 loss: 14.7313 acc: 0.2190 time 13.52s
Epoch: 11/150 Iter: 38/96 loss: 14.7261 acc: 0.2198 time 10.91s
Epoch: 11/150 Iter: 39/96 loss: 14.4542 acc: 0.2334 time 11.05s
Epoch: 11/150 Iter: 40/96 loss: 14.4474 acc: 0.2359 time 13.48s
Epoch: 11/150 Iter: 41/96 loss: 14.7440 acc: 0.2301 time 13.50s
Epoch: 11/150 Iter: 42/96 loss: 14.6096 acc: 0.2278 time 13.53s
Epoch: 11/150 Iter: 43/96 loss: 14.2766 acc: 0.2419 time 11.08s
Epoch: 11/150 Iter: 44/96 loss: 14.1023 acc: 0.2459 time 10.89s
Epoch: 11/150 Iter: 45/96 loss: 13.9366 acc: 0.2478 time 11.10s
Epoch: 11/150 Iter: 46/96 loss: 13.9114 acc: 0.2449 time 13.48s
Epoch: 11/150 Iter: 47/96 loss: 13.9328 acc: 0.2397 time 11.06s
Epoch: 11/150 Iter: 48/96 loss: 14.0813 acc: 0.2486 time 13.53s
Epoch: 11/150 Iter: 49/96 loss: 14.3537 acc: 0.2457 time 10.94s
Epoch: 11/150 Iter: 50/96 loss: 14.2418 acc: 0.2519 time 10.90s
Epoch: 11/150 Iter: 51/96 loss: 14.3300 acc: 0.2496 time 10.98s
Epoch: 11/150 Iter: 52/96 loss: 14.3537 acc: 0.2480 time 10.90s
Epoch: 11/150 Iter: 53/96 loss: 14.1639 acc: 0.2544 time 11.04s
Epoch: 11/150 Iter: 54/96 loss: 14.2476 acc: 0.2517 time 11.16s
Epoch: 11/150 Iter: 55/96 loss: 14.3799 acc: 0.2502 time 10.95s
Epoch: 11/150 Iter: 56/96 loss: 14.6079 acc: 0.2457 time 11.19s
Epoch: 11/150 Iter: 57/96 loss: 14.9512 acc: 0.2433 time 10.98s
Epoch: 11/150 Iter: 58/96 loss: 15.2084 acc: 0.2487 time 13.46s
Epoch: 11/150 Iter: 59/96 loss: 15.1410 acc: 0.2487 time 11.06s
Epoch: 11/150 Iter: 60/96 loss: 15.2719 acc: 0.2520 time 13.53s
Epoch: 11/150 Iter: 61/96 loss: 15.3472 acc: 0.2533 time 10.94s
Epoch: 11/150 Iter: 62/96 loss: 15.1416 acc: 0.2609 time 13.56s
Epoch: 11/150 Iter: 63/96 loss: 15.2009 acc: 0.2581 time 13.52s
Epoch: 11/150 Iter: 64/96 loss: 15.1562 acc: 0.2592 time 11.22s
Epoch: 11/150 Iter: 65/96 loss: 15.0660 acc: 0.2591 time 13.52s
Epoch: 11/150 Iter: 66/96 loss: 15.0058 acc: 0.2602 time 13.48s
Epoch: 11/150 Iter: 67/96 loss: 15.0081 acc: 0.2588 time 11.10s
Epoch: 11/150 Iter: 68/96 loss: 14.9941 acc: 0.2550 time 10.90s
Epoch: 11/150 Iter: 69/96 loss: 14.8597 acc: 0.2550 time 13.52s
Epoch: 11/150 Iter: 70/96 loss: 14.7414 acc: 0.2537 time 13.44s
Epoch: 11/150 Iter: 71/96 loss: 14.7672 acc: 0.2513 time 10.93s
Epoch: 11/150 Iter: 72/96 loss: 14.6401 acc: 0.2506 time 11.17s
Epoch: 11/150 Iter: 73/96 loss: 14.5975 acc: 0.2502 time 13.47s
Epoch: 11/150 Iter: 74/96 loss: 14.5778 acc: 0.2498 time 13.43s
Epoch: 11/150 Iter: 75/96 loss: 14.5900 acc: 0.2494 time 13.55s
Epoch: 11/150 Iter: 76/96 loss: 14.5032 acc: 0.2505 time 10.90s
Epoch: 11/150 Iter: 77/96 loss: 14.4782 acc: 0.2527 time 13.54s
Epoch: 11/150 Iter: 78/96 loss: 14.4037 acc: 0.2559 time 11.03s
Epoch: 11/150 Iter: 79/96 loss: 14.7361 acc: 0.2526 time 13.52s
Epoch: 11/150 Iter: 80/96 loss: 14.6673 acc: 0.2526 time 10.89s
Epoch: 11/150 Iter: 81/96 loss: 14.5994 acc: 0.2536 time 10.94s
Epoch: 11/150 Iter: 82/96 loss: 14.5720 acc: 0.2532 time 10.94s
Epoch: 11/150 Iter: 83/96 loss: 14.5010 acc: 0.2542 time 11.05s
Epoch: 11/150 Iter: 84/96 loss: 14.5633 acc: 0.2520 time 10.91s
Epoch: 11/150 Iter: 85/96 loss: 14.5522 acc: 0.2490 time 10.86s
Epoch: 11/150 Iter: 86/96 loss: 14.5121 acc: 0.2490 time 10.87s
Epoch: 11/150 Iter: 87/96 loss: 14.5025 acc: 0.2500 time 10.86s
Epoch: 11/150 Iter: 88/96 loss: 14.5544 acc: 0.2494 time 13.44s
Epoch: 11/150 Iter: 89/96 loss: 14.4519 acc: 0.2528 time 13.42s
Epoch: 11/150 Iter: 90/96 loss: 14.4274 acc: 0.2513 time 13.39s
Epoch: 11/150 Iter: 91/96 loss: 14.5107 acc: 0.2485 time 13.53s
Epoch: 11/150 Iter: 92/96 loss: 14.5387 acc: 0.2482 time 10.84s
Epoch: 11/150 Iter: 93/96 loss: 14.5260 acc: 0.2467 time 10.86s
Epoch: 11/150 Iter: 94/96 loss: 14.5186 acc: 0.2459 time 10.82s
Epoch: 11/150 Iter: 95/96 loss: 14.4056 acc: 0.2474 time 11.01s
Epoch: 11/150 Iter: 96/96 loss: 14.3190 acc: 0.2474 time 10.83s
[Train epoch 11] avg_loss=14.3190 avg_acc=0.2474 | per-class [c0: 0.459, c1: 0.267, c2: 0.185]
Final training 11/150, loss: 14.3190, time 1157.32s, lr: 0.000000
Accuracy: 0.323
class                  precision    recall   specificity      f1   support
--------------------------------------------------------------------------
0                          0.487     0.459         0.539   0.473       281
1                          0.044     0.267         0.681   0.075        30
2                          0.380     0.185         0.743   0.249       265
*----------------------------------------*
0 Fri Nov 28 16:21:19 2025 Epoch: 12
Epoch: 12/150 Iter: 1/96 loss: 26.4512 acc: 0.2222 time 13.73s
Epoch: 12/150 Iter: 2/96 loss: 26.5351 acc: 0.1944 time 10.95s
Epoch: 12/150 Iter: 3/96 loss: 22.6939 acc: 0.2037 time 13.51s
Epoch: 12/150 Iter: 4/96 loss: 19.4227 acc: 0.1944 time 13.52s
Epoch: 12/150 Iter: 5/96 loss: 17.9828 acc: 0.1889 time 10.91s
Epoch: 12/150 Iter: 6/96 loss: 17.8001 acc: 0.1852 time 10.93s
Epoch: 12/150 Iter: 7/96 loss: 16.0896 acc: 0.2222 time 13.53s
Epoch: 12/150 Iter: 8/96 loss: 15.9274 acc: 0.2361 time 11.09s
Epoch: 12/150 Iter: 9/96 loss: 15.8674 acc: 0.2346 time 13.47s
Epoch: 12/150 Iter: 10/96 loss: 16.2053 acc: 0.2194 time 10.98s
Epoch: 12/150 Iter: 11/96 loss: 16.3848 acc: 0.2146 time 13.54s
Epoch: 12/150 Iter: 12/96 loss: 16.7895 acc: 0.2153 time 11.07s
Epoch: 12/150 Iter: 13/96 loss: 16.6322 acc: 0.2329 time 13.54s
Epoch: 12/150 Iter: 14/96 loss: 16.3258 acc: 0.2321 time 13.56s
Epoch: 12/150 Iter: 15/96 loss: 16.2408 acc: 0.2167 time 10.95s
Epoch: 12/150 Iter: 16/96 loss: 15.4702 acc: 0.2422 time 10.91s
Epoch: 12/150 Iter: 17/96 loss: 14.9842 acc: 0.2554 time 10.92s
Epoch: 12/150 Iter: 18/96 loss: 15.5051 acc: 0.2505 time 11.00s
Epoch: 12/150 Iter: 19/96 loss: 15.9084 acc: 0.2461 time 13.50s
Epoch: 12/150 Iter: 20/96 loss: 15.5062 acc: 0.2504 time 13.49s
Epoch: 12/150 Iter: 21/96 loss: 15.9477 acc: 0.2385 time 13.49s
Epoch: 12/150 Iter: 22/96 loss: 15.7697 acc: 0.2314 time 13.50s
Epoch: 12/150 Iter: 23/96 loss: 15.7958 acc: 0.2395 time 13.45s
Epoch: 12/150 Iter: 24/96 loss: 15.8428 acc: 0.2434 time 13.51s
Epoch: 12/150 Iter: 25/96 loss: 15.4583 acc: 0.2470 time 13.51s
Epoch: 12/150 Iter: 26/96 loss: 15.8365 acc: 0.2482 time 13.50s
Epoch: 12/150 Iter: 27/96 loss: 15.7512 acc: 0.2421 time 11.17s
Epoch: 12/150 Iter: 28/96 loss: 15.5385 acc: 0.2453 time 13.47s
Epoch: 12/150 Iter: 29/96 loss: 15.3241 acc: 0.2484 time 13.49s
Epoch: 12/150 Iter: 30/96 loss: 14.9032 acc: 0.2579 time 13.46s
Epoch: 12/150 Iter: 31/96 loss: 14.7268 acc: 0.2621 time 13.48s
Epoch: 12/150 Iter: 32/96 loss: 15.0918 acc: 0.2565 time 11.02s
Epoch: 12/150 Iter: 33/96 loss: 15.1177 acc: 0.2528 time 11.10s
Epoch: 12/150 Iter: 34/96 loss: 15.1467 acc: 0.2502 time 13.48s
Epoch: 12/150 Iter: 35/96 loss: 14.8021 acc: 0.2598 time 13.51s
Epoch: 12/150 Iter: 36/96 loss: 14.7105 acc: 0.2563 time 11.14s
Epoch: 12/150 Iter: 37/96 loss: 14.8520 acc: 0.2583 time 13.50s
Epoch: 12/150 Iter: 38/96 loss: 14.9540 acc: 0.2574 time 11.18s
Epoch: 12/150 Iter: 39/96 loss: 15.0464 acc: 0.2536 time 13.48s
Epoch: 12/150 Iter: 40/96 loss: 14.8689 acc: 0.2542 time 11.17s
Epoch: 12/150 Iter: 41/96 loss: 15.1228 acc: 0.2497 time 10.91s
Epoch: 12/150 Iter: 42/96 loss: 14.8485 acc: 0.2536 time 10.89s
Epoch: 12/150 Iter: 43/96 loss: 14.7224 acc: 0.2536 time 11.03s
Epoch: 12/150 Iter: 44/96 loss: 14.8727 acc: 0.2535 time 11.06s
Epoch: 12/150 Iter: 45/96 loss: 14.8760 acc: 0.2515 time 13.55s
Epoch: 12/150 Iter: 46/96 loss: 14.7922 acc: 0.2515 time 11.07s
Epoch: 12/150 Iter: 47/96 loss: 14.8709 acc: 0.2556 time 10.91s
Epoch: 12/150 Iter: 48/96 loss: 14.9861 acc: 0.2555 time 11.04s
Epoch: 12/150 Iter: 49/96 loss: 14.9548 acc: 0.2530 time 11.07s
Epoch: 12/150 Iter: 50/96 loss: 15.1376 acc: 0.2563 time 13.50s
Epoch: 12/150 Iter: 51/96 loss: 15.2432 acc: 0.2534 time 13.58s
Epoch: 12/150 Iter: 52/96 loss: 15.1763 acc: 0.2534 time 13.50s
Epoch: 12/150 Iter: 53/96 loss: 15.0365 acc: 0.2517 time 11.11s
Epoch: 12/150 Iter: 54/96 loss: 15.0985 acc: 0.2491 time 10.88s
Epoch: 12/150 Iter: 55/96 loss: 15.2468 acc: 0.2476 time 11.09s
Epoch: 12/150 Iter: 56/96 loss: 15.5205 acc: 0.2462 time 11.17s
Epoch: 12/150 Iter: 57/96 loss: 15.5467 acc: 0.2448 time 10.89s
Epoch: 12/150 Iter: 58/96 loss: 15.5957 acc: 0.2444 time 13.50s
Epoch: 12/150 Iter: 59/96 loss: 15.5597 acc: 0.2459 time 13.49s
Epoch: 12/150 Iter: 60/96 loss: 15.4002 acc: 0.2520 time 10.99s
Epoch: 12/150 Iter: 61/96 loss: 15.4256 acc: 0.2497 time 10.92s
Epoch: 12/150 Iter: 62/96 loss: 15.4578 acc: 0.2457 time 13.54s
Epoch: 12/150 Iter: 63/96 loss: 15.4324 acc: 0.2435 time 13.45s
Epoch: 12/150 Iter: 64/96 loss: 15.4929 acc: 0.2436 time 10.99s
Epoch: 12/150 Iter: 65/96 loss: 15.3955 acc: 0.2419 time 10.87s
Epoch: 12/150 Iter: 66/96 loss: 15.2828 acc: 0.2416 time 13.55s
Epoch: 12/150 Iter: 67/96 loss: 15.2063 acc: 0.2430 time 10.89s
Epoch: 12/150 Iter: 68/96 loss: 15.3456 acc: 0.2394 time 13.52s
Epoch: 12/150 Iter: 69/96 loss: 15.2884 acc: 0.2384 time 11.03s
Epoch: 12/150 Iter: 70/96 loss: 15.2630 acc: 0.2397 time 13.52s
Epoch: 12/150 Iter: 71/96 loss: 15.1116 acc: 0.2422 time 13.54s
Epoch: 12/150 Iter: 72/96 loss: 15.1014 acc: 0.2435 time 11.12s
Epoch: 12/150 Iter: 73/96 loss: 15.1408 acc: 0.2420 time 13.48s
Epoch: 12/150 Iter: 74/96 loss: 15.2043 acc: 0.2402 time 13.52s
Epoch: 12/150 Iter: 75/96 loss: 15.2592 acc: 0.2414 time 11.09s
Epoch: 12/150 Iter: 76/96 loss: 15.2405 acc: 0.2405 time 10.92s
Epoch: 12/150 Iter: 77/96 loss: 15.1588 acc: 0.2477 time 11.21s
Epoch: 12/150 Iter: 78/96 loss: 15.2893 acc: 0.2446 time 11.12s
Epoch: 12/150 Iter: 79/96 loss: 15.2347 acc: 0.2457 time 13.48s
Epoch: 12/150 Iter: 80/96 loss: 15.1758 acc: 0.2468 time 11.05s
Epoch: 12/150 Iter: 81/96 loss: 15.1987 acc: 0.2468 time 10.97s
Epoch: 12/150 Iter: 82/96 loss: 15.1168 acc: 0.2499 time 13.40s
Epoch: 12/150 Iter: 83/96 loss: 15.2245 acc: 0.2477 time 13.43s
Epoch: 12/150 Iter: 84/96 loss: 15.4108 acc: 0.2447 time 13.56s
Epoch: 12/150 Iter: 85/96 loss: 15.2554 acc: 0.2468 time 13.43s
Epoch: 12/150 Iter: 86/96 loss: 15.1598 acc: 0.2468 time 10.84s
Epoch: 12/150 Iter: 87/96 loss: 15.0838 acc: 0.2478 time 13.47s
Epoch: 12/150 Iter: 88/96 loss: 15.2200 acc: 0.2450 time 10.95s
Epoch: 12/150 Iter: 89/96 loss: 15.3196 acc: 0.2422 time 10.96s
Epoch: 12/150 Iter: 90/96 loss: 15.2078 acc: 0.2437 time 13.42s
Epoch: 12/150 Iter: 91/96 loss: 15.1471 acc: 0.2447 time 13.50s
Epoch: 12/150 Iter: 92/96 loss: 15.2236 acc: 0.2420 time 10.92s
Epoch: 12/150 Iter: 93/96 loss: 15.2959 acc: 0.2412 time 11.04s
Epoch: 12/150 Iter: 94/96 loss: 15.2206 acc: 0.2431 time 10.89s
Epoch: 12/150 Iter: 95/96 loss: 15.2731 acc: 0.2447 time 13.44s
Epoch: 12/150 Iter: 96/96 loss: 15.3423 acc: 0.2439 time 11.01s
[Train epoch 12] avg_loss=15.3423 avg_acc=0.2439 | per-class [c0: 0.463, c1: 0.233, c2: 0.185]
Final training 12/150, loss: 15.3423, time 1174.04s, lr: 0.000000
Accuracy: 0.323
class                  precision    recall   specificity      f1   support
--------------------------------------------------------------------------
0                          0.487     0.463         0.536   0.474       281
1                          0.039     0.233         0.687   0.067        30
2                          0.374     0.185         0.736   0.247       265
*----------------------------------------*
Val 12/150 1/24, Acc: 0.1111, Loss: 16.7715, time 10.91s
Val 12/150 2/24, Acc: 0.2222, Loss: 13.5333, time 10.99s
Val 12/150 3/24, Acc: 0.2593, Loss: 11.3565, time 11.00s
Val 12/150 4/24, Acc: 0.2569, Loss: 12.1958, time 10.91s
Val 12/150 5/24, Acc: 0.2222, Loss: 11.5295, time 11.08s
Val 12/150 6/24, Acc: 0.1991, Loss: 11.6863, time 11.00s
Val 12/150 7/24, Acc: 0.1944, Loss: 11.9406, time 11.05s
Val 12/150 8/24, Acc: 0.1806, Loss: 11.7940, time 11.05s
Val 12/150 9/24, Acc: 0.1679, Loss: 11.1626, time 10.97s
Val 12/150 10/24, Acc: 0.1978, Loss: 10.8683, time 11.34s
Val 12/150 11/24, Acc: 0.2253, Loss: 10.8064, time 10.92s
Val 12/150 12/24, Acc: 0.2273, Loss: 10.6672, time 11.08s
Val 12/150 13/24, Acc: 0.2355, Loss: 10.4891, time 11.14s
Val 12/150 14/24, Acc: 0.2901, Loss: 9.7438, time 11.04s
Val 12/150 15/24, Acc: 0.3263, Loss: 9.1822, time 11.01s
Val 12/150 16/24, Acc: 0.3184, Loss: 9.0551, time 10.96s
Val 12/150 17/24, Acc: 0.3095, Loss: 9.4708, time 11.16s
Val 12/150 18/24, Acc: 0.3015, Loss: 9.3524, time 11.06s
Val 12/150 19/24, Acc: 0.3330, Loss: 8.8916, time 11.06s
Val 12/150 20/24, Acc: 0.3331, Loss: 8.6493, time 11.11s
Val 12/150 21/24, Acc: 0.3331, Loss: 8.8733, time 11.07s
Val 12/150 22/24, Acc: 0.3230, Loss: 9.2944, time 11.32s
Val 12/150 23/24, Acc: 0.3331, Loss: 9.0427, time 10.92s
Val 12/150 24/24, Acc: 0.3192, Loss: 9.4725, time 10.93s
[Val epoch 12] avg_acc=0.3192 | avg_loss=9.4725 | per-class [c0: 0.486, c1: 0.500, c2: 0.258]
Final validation 12/150, Val_acc: 0.3192, time 265.09sAccuracy: 0.382
class                  precision    recall   specificity      f1   support
--------------------------------------------------------------------------
0                          0.479     0.486         0.500   0.482        70
1                          0.111     0.500         0.765   0.182         8
2                          0.459     0.258         0.744   0.330        66
*========================================*
Saving checkpoint outputs/OrganoidsINRIA/swinunetr+noah/2025-11-28-12-24/training/model_final.pt
[EarlyStopping] no improve (5/30)
[EarlyStopping] no improve (5/30)
0 Fri Nov 28 16:45:24 2025 Epoch: 13
Epoch: 13/150 Iter: 1/96 loss: 21.4092 acc: 0.0667 time 14.28s
Epoch: 13/150 Iter: 2/96 loss: 19.0754 acc: 0.0889 time 13.47s
Epoch: 13/150 Iter: 3/96 loss: 17.9695 acc: 0.1426 time 10.92s
Epoch: 13/150 Iter: 4/96 loss: 18.7248 acc: 0.1069 time 11.05s
Epoch: 13/150 Iter: 5/96 loss: 19.8032 acc: 0.1078 time 10.95s
Epoch: 13/150 Iter: 6/96 loss: 19.5195 acc: 0.0898 time 11.21s
Epoch: 13/150 Iter: 7/96 loss: 19.1856 acc: 0.1127 time 11.07s
Epoch: 13/150 Iter: 8/96 loss: 17.6983 acc: 0.1125 time 13.49s
Epoch: 13/150 Iter: 9/96 loss: 17.4071 acc: 0.1222 time 11.10s
Epoch: 13/150 Iter: 10/96 loss: 16.5822 acc: 0.1267 time 13.46s
Epoch: 13/150 Iter: 11/96 loss: 17.3226 acc: 0.1333 time 10.93s
Epoch: 13/150 Iter: 12/96 loss: 17.6330 acc: 0.1407 time 11.20s
Epoch: 13/150 Iter: 13/96 loss: 18.1047 acc: 0.1427 time 13.48s
Epoch: 13/150 Iter: 14/96 loss: 18.7876 acc: 0.1405 time 11.20s
Epoch: 13/150 Iter: 15/96 loss: 19.5077 acc: 0.1533 time 13.50s
Epoch: 13/150 Iter: 16/96 loss: 18.8033 acc: 0.1715 time 11.09s
Epoch: 13/150 Iter: 17/96 loss: 18.1820 acc: 0.1693 time 10.95s
Epoch: 13/150 Iter: 18/96 loss: 17.7245 acc: 0.1846 time 13.49s
Epoch: 13/150 Iter: 19/96 loss: 17.9483 acc: 0.1959 time 13.51s
Epoch: 13/150 Iter: 20/96 loss: 17.4604 acc: 0.1944 time 10.94s
Epoch: 13/150 Iter: 21/96 loss: 17.7279 acc: 0.1852 time 11.10s
Epoch: 13/150 Iter: 22/96 loss: 17.2208 acc: 0.1938 time 13.54s
Epoch: 13/150 Iter: 23/96 loss: 17.1970 acc: 0.1854 time 13.54s
Epoch: 13/150 Iter: 24/96 loss: 16.8182 acc: 0.1892 time 11.22s
Epoch: 13/150 Iter: 25/96 loss: 16.5897 acc: 0.1906 time 13.57s
Epoch: 13/150 Iter: 26/96 loss: 16.8241 acc: 0.1960 time 10.93s
Epoch: 13/150 Iter: 27/96 loss: 16.7332 acc: 0.1888 time 10.92s
Epoch: 13/150 Iter: 28/96 loss: 16.9022 acc: 0.1900 time 10.96s
Epoch: 13/150 Iter: 29/96 loss: 16.5610 acc: 0.1949 time 11.20s
Epoch: 13/150 Iter: 30/96 loss: 16.4291 acc: 0.1958 time 11.07s
Epoch: 13/150 Iter: 31/96 loss: 16.6597 acc: 0.1931 time 13.48s
Epoch: 13/150 Iter: 32/96 loss: 16.8302 acc: 0.1871 time 10.96s
Epoch: 13/150 Iter: 33/96 loss: 17.0028 acc: 0.1839 time 11.21s
Epoch: 13/150 Iter: 34/96 loss: 16.8031 acc: 0.1859 time 11.07s
Epoch: 13/150 Iter: 35/96 loss: 16.9300 acc: 0.1869 time 13.51s
Epoch: 13/150 Iter: 36/96 loss: 17.3748 acc: 0.1848 time 10.92s
Epoch: 13/150 Iter: 37/96 loss: 17.6651 acc: 0.1821 time 10.92s
Epoch: 13/150 Iter: 38/96 loss: 17.4323 acc: 0.1843 time 13.46s
Epoch: 13/150 Iter: 39/96 loss: 17.4638 acc: 0.1853 time 11.07s
Epoch: 13/150 Iter: 40/96 loss: 17.1767 acc: 0.1973 time 13.47s
Epoch: 13/150 Iter: 41/96 loss: 16.9548 acc: 0.2006 time 11.20s
Epoch: 13/150 Iter: 42/96 loss: 17.1812 acc: 0.1998 time 10.94s
Epoch: 13/150 Iter: 43/96 loss: 16.8977 acc: 0.2114 time 13.50s
Epoch: 13/150 Iter: 44/96 loss: 17.0675 acc: 0.2092 time 11.07s
Epoch: 13/150 Iter: 45/96 loss: 17.3451 acc: 0.2045 time 13.59s
Epoch: 13/150 Iter: 46/96 loss: 17.2428 acc: 0.2015 time 13.45s
Epoch: 13/150 Iter: 47/96 loss: 17.0614 acc: 0.2020 time 13.51s
Epoch: 13/150 Iter: 48/96 loss: 16.9439 acc: 0.2105 time 10.87s
Epoch: 13/150 Iter: 49/96 loss: 17.0171 acc: 0.2130 time 10.94s
Epoch: 13/150 Iter: 50/96 loss: 16.9770 acc: 0.2101 time 13.54s
Epoch: 13/150 Iter: 51/96 loss: 16.7571 acc: 0.2125 time 10.93s
Epoch: 13/150 Iter: 52/96 loss: 16.7596 acc: 0.2127 time 10.91s
Epoch: 13/150 Iter: 53/96 loss: 16.8139 acc: 0.2102 time 10.96s
Epoch: 13/150 Iter: 54/96 loss: 16.8140 acc: 0.2094 time 11.11s
Epoch: 13/150 Iter: 55/96 loss: 16.5748 acc: 0.2132 time 10.95s
Epoch: 13/150 Iter: 56/96 loss: 16.6250 acc: 0.2114 time 10.91s
Epoch: 13/150 Iter: 57/96 loss: 16.5944 acc: 0.2106 time 13.49s
Epoch: 13/150 Iter: 58/96 loss: 16.5148 acc: 0.2081 time 11.20s
Epoch: 13/150 Iter: 59/96 loss: 16.2537 acc: 0.2168 time 13.53s
Epoch: 13/150 Iter: 60/96 loss: 16.1937 acc: 0.2154 time 11.10s
Epoch: 13/150 Iter: 61/96 loss: 16.3455 acc: 0.2119 time 11.07s
Epoch: 13/150 Iter: 62/96 loss: 16.4571 acc: 0.2129 time 10.93s
Epoch: 13/150 Iter: 63/96 loss: 16.4575 acc: 0.2135 time 13.54s
Epoch: 13/150 Iter: 64/96 loss: 16.2768 acc: 0.2180 time 11.05s
Epoch: 13/150 Iter: 65/96 loss: 16.1974 acc: 0.2224 time 11.13s
Epoch: 13/150 Iter: 66/96 loss: 16.0478 acc: 0.2266 time 13.56s
Epoch: 13/150 Iter: 67/96 loss: 16.0779 acc: 0.2262 time 11.08s
Epoch: 13/150 Iter: 68/96 loss: 16.0404 acc: 0.2265 time 13.58s
Epoch: 13/150 Iter: 69/96 loss: 15.9364 acc: 0.2348 time 13.54s
Epoch: 13/150 Iter: 70/96 loss: 15.7937 acc: 0.2362 time 11.08s
Epoch: 13/150 Iter: 71/96 loss: 16.0227 acc: 0.2329 time 13.50s
Epoch: 13/150 Iter: 72/96 loss: 16.0772 acc: 0.2328 time 13.52s
Epoch: 13/150 Iter: 73/96 loss: 15.9065 acc: 0.2395 time 13.53s
Epoch: 13/150 Iter: 74/96 loss: 15.9854 acc: 0.2400 time 11.08s
Epoch: 13/150 Iter: 75/96 loss: 15.9016 acc: 0.2405 time 13.52s
Epoch: 13/150 Iter: 76/96 loss: 15.9117 acc: 0.2382 time 10.89s
Epoch: 13/150 Iter: 77/96 loss: 15.9081 acc: 0.2373 time 11.21s
Epoch: 13/150 Iter: 78/96 loss: 15.7618 acc: 0.2406 time 11.04s
Epoch: 13/150 Iter: 79/96 loss: 15.9828 acc: 0.2397 time 10.96s
Epoch: 13/150 Iter: 80/96 loss: 15.9837 acc: 0.2388 time 13.50s
Epoch: 13/150 Iter: 81/96 loss: 16.1083 acc: 0.2372 time 13.46s
Epoch: 13/150 Iter: 82/96 loss: 16.0156 acc: 0.2363 time 10.97s
Epoch: 13/150 Iter: 83/96 loss: 15.9924 acc: 0.2365 time 10.95s
Epoch: 13/150 Iter: 84/96 loss: 16.0135 acc: 0.2337 time 10.83s
Epoch: 13/150 Iter: 85/96 loss: 16.0362 acc: 0.2329 time 11.12s
Epoch: 13/150 Iter: 86/96 loss: 16.0101 acc: 0.2341 time 10.93s
Epoch: 13/150 Iter: 87/96 loss: 16.0106 acc: 0.2339 time 10.85s
Epoch: 13/150 Iter: 88/96 loss: 15.9695 acc: 0.2351 time 13.47s
Epoch: 13/150 Iter: 89/96 loss: 16.0841 acc: 0.2334 time 13.48s
Epoch: 13/150 Iter: 90/96 loss: 16.0325 acc: 0.2352 time 11.03s
Epoch: 13/150 Iter: 91/96 loss: 16.0600 acc: 0.2351 time 10.97s
Epoch: 13/150 Iter: 92/96 loss: 15.9700 acc: 0.2361 time 10.86s
Epoch: 13/150 Iter: 93/96 loss: 15.8619 acc: 0.2396 time 10.96s
Epoch: 13/150 Iter: 94/96 loss: 15.8769 acc: 0.2382 time 10.94s
Epoch: 13/150 Iter: 95/96 loss: 15.7635 acc: 0.2427 time 11.04s
Epoch: 13/150 Iter: 96/96 loss: 15.7130 acc: 0.2425 time 11.07s
[Train epoch 13] avg_loss=15.7130 avg_acc=0.2425 | per-class [c0: 0.459, c1: 0.233, c2: 0.174]
Final training 13/150, loss: 15.7130, time 1143.39s, lr: 0.000000
Accuracy: 0.316
class                  precision    recall   specificity      f1   support
--------------------------------------------------------------------------
0                          0.466     0.459         0.498   0.462       281
1                          0.041     0.233         0.700   0.070        30
2                          0.359     0.174         0.736   0.234       265
*----------------------------------------*
0 Fri Nov 28 17:04:27 2025 Epoch: 14
Epoch: 14/150 Iter: 1/96 loss: 15.9497 acc: 0.3750 time 13.66s
Epoch: 14/150 Iter: 2/96 loss: 13.5363 acc: 0.1875 time 11.23s
Epoch: 14/150 Iter: 3/96 loss: 14.1126 acc: 0.1806 time 13.57s
Epoch: 14/150 Iter: 4/96 loss: 13.8034 acc: 0.1910 time 11.20s
Epoch: 14/150 Iter: 5/96 loss: 13.4875 acc: 0.2028 time 11.23s
Epoch: 14/150 Iter: 6/96 loss: 14.8954 acc: 0.2245 time 10.87s
Epoch: 14/150 Iter: 7/96 loss: 13.5207 acc: 0.2639 time 13.65s
Epoch: 14/150 Iter: 8/96 loss: 14.5038 acc: 0.2448 time 10.97s
Epoch: 14/150 Iter: 9/96 loss: 14.9203 acc: 0.2269 time 13.72s
Epoch: 14/150 Iter: 10/96 loss: 15.4801 acc: 0.2542 time 11.04s
Epoch: 14/150 Iter: 11/96 loss: 16.0780 acc: 0.2689 time 13.61s
Epoch: 14/150 Iter: 12/96 loss: 15.4729 acc: 0.2604 time 10.93s
Epoch: 14/150 Iter: 13/96 loss: 16.4165 acc: 0.2468 time 13.62s
Epoch: 14/150 Iter: 14/96 loss: 15.5224 acc: 0.2589 time 11.07s
Epoch: 14/150 Iter: 15/96 loss: 14.8466 acc: 0.2787 time 13.68s
Epoch: 14/150 Iter: 16/96 loss: 14.8030 acc: 0.2717 time 13.61s
Epoch: 14/150 Iter: 17/96 loss: 14.6486 acc: 0.2623 time 11.11s
Epoch: 14/150 Iter: 18/96 loss: 14.3487 acc: 0.2685 time 13.60s
Epoch: 14/150 Iter: 19/96 loss: 14.0840 acc: 0.2602 time 11.05s
Epoch: 14/150 Iter: 20/96 loss: 14.2144 acc: 0.2472 time 10.95s
Epoch: 14/150 Iter: 21/96 loss: 15.6340 acc: 0.2354 time 13.57s
Epoch: 14/150 Iter: 22/96 loss: 15.0366 acc: 0.2551 time 11.05s
Epoch: 14/150 Iter: 23/96 loss: 15.4312 acc: 0.2512 time 11.19s
Epoch: 14/150 Iter: 24/96 loss: 15.3974 acc: 0.2454 time 11.10s
Epoch: 14/150 Iter: 25/96 loss: 15.4269 acc: 0.2356 time 13.63s
Epoch: 14/150 Iter: 26/96 loss: 15.3697 acc: 0.2265 time 13.59s
Epoch: 14/150 Iter: 27/96 loss: 15.6459 acc: 0.2243 time 13.66s
Epoch: 14/150 Iter: 28/96 loss: 16.5079 acc: 0.2163 time 10.94s
Epoch: 14/150 Iter: 29/96 loss: 16.3479 acc: 0.2280 time 13.60s
Epoch: 14/150 Iter: 30/96 loss: 16.3727 acc: 0.2343 time 10.92s
Epoch: 14/150 Iter: 31/96 loss: 16.3300 acc: 0.2294 time 13.65s
Epoch: 14/150 Iter: 32/96 loss: 16.5058 acc: 0.2257 time 11.11s
Epoch: 14/150 Iter: 33/96 loss: 16.2780 acc: 0.2189 time 11.10s
Epoch: 14/150 Iter: 34/96 loss: 16.3327 acc: 0.2271 time 11.10s
Epoch: 14/150 Iter: 35/96 loss: 16.1194 acc: 0.2302 time 10.87s
Epoch: 14/150 Iter: 36/96 loss: 15.9537 acc: 0.2307 time 10.95s
Epoch: 14/150 Iter: 37/96 loss: 15.9370 acc: 0.2335 time 11.05s
Epoch: 14/150 Iter: 38/96 loss: 16.1058 acc: 0.2332 time 13.65s
Epoch: 14/150 Iter: 39/96 loss: 16.2173 acc: 0.2336 time 10.96s
Epoch: 14/150 Iter: 40/96 loss: 16.1905 acc: 0.2382 time 11.09s
Epoch: 14/150 Iter: 41/96 loss: 15.9806 acc: 0.2446 time 13.65s
Epoch: 14/150 Iter: 42/96 loss: 16.1196 acc: 0.2403 time 11.05s
Epoch: 14/150 Iter: 43/96 loss: 16.0541 acc: 0.2373 time 10.91s
Epoch: 14/150 Iter: 44/96 loss: 15.8172 acc: 0.2433 time 13.62s
Epoch: 14/150 Iter: 45/96 loss: 15.8653 acc: 0.2428 time 13.60s
Epoch: 14/150 Iter: 46/96 loss: 16.2722 acc: 0.2424 time 13.59s
Epoch: 14/150 Iter: 47/96 loss: 16.1678 acc: 0.2455 time 13.58s
Epoch: 14/150 Iter: 48/96 loss: 16.0707 acc: 0.2427 time 13.58s
Epoch: 14/150 Iter: 49/96 loss: 16.1096 acc: 0.2434 time 10.91s
Epoch: 14/150 Iter: 50/96 loss: 16.3082 acc: 0.2386 time 11.09s
Epoch: 14/150 Iter: 51/96 loss: 16.1273 acc: 0.2420 time 10.91s
Epoch: 14/150 Iter: 52/96 loss: 15.9468 acc: 0.2470 time 11.08s
Epoch: 14/150 Iter: 53/96 loss: 15.8236 acc: 0.2423 time 11.19s
Epoch: 14/150 Iter: 54/96 loss: 15.8984 acc: 0.2409 time 10.94s
Epoch: 14/150 Iter: 55/96 loss: 15.7543 acc: 0.2426 time 13.60s
Epoch: 14/150 Iter: 56/96 loss: 15.6774 acc: 0.2472 time 13.63s
Epoch: 14/150 Iter: 57/96 loss: 15.6758 acc: 0.2443 time 13.67s
Epoch: 14/150 Iter: 58/96 loss: 15.8830 acc: 0.2416 time 13.62s
Epoch: 14/150 Iter: 59/96 loss: 15.8449 acc: 0.2460 time 10.94s
Epoch: 14/150 Iter: 60/96 loss: 15.8161 acc: 0.2437 time 13.62s
Epoch: 14/150 Iter: 61/96 loss: 15.6741 acc: 0.2479 time 13.64s
Epoch: 14/150 Iter: 62/96 loss: 15.6441 acc: 0.2493 time 13.58s
Epoch: 14/150 Iter: 63/96 loss: 15.6892 acc: 0.2471 time 10.90s
Epoch: 14/150 Iter: 64/96 loss: 15.7873 acc: 0.2432 time 13.64s
Epoch: 14/150 Iter: 65/96 loss: 15.7061 acc: 0.2456 time 11.20s
Epoch: 14/150 Iter: 66/96 loss: 15.6261 acc: 0.2436 time 10.96s
Epoch: 14/150 Iter: 67/96 loss: 15.6877 acc: 0.2425 time 11.22s
Epoch: 14/150 Iter: 68/96 loss: 15.9373 acc: 0.2422 time 13.60s
Epoch: 14/150 Iter: 69/96 loss: 15.8959 acc: 0.2447 time 13.60s
Epoch: 14/150 Iter: 70/96 loss: 15.7964 acc: 0.2475 time 11.06s
Epoch: 14/150 Iter: 71/96 loss: 15.7591 acc: 0.2495 time 11.20s
Epoch: 14/150 Iter: 72/96 loss: 15.7690 acc: 0.2484 time 13.62s
Epoch: 14/150 Iter: 73/96 loss: 15.7398 acc: 0.2507 time 11.00s
Epoch: 14/150 Iter: 74/96 loss: 15.8337 acc: 0.2488 time 13.64s
Epoch: 14/150 Iter: 75/96 loss: 15.8281 acc: 0.2488 time 13.66s
Epoch: 14/150 Iter: 76/96 loss: 15.8239 acc: 0.2510 time 13.54s
Epoch: 14/150 Iter: 77/96 loss: 15.7368 acc: 0.2553 time 13.65s
Epoch: 14/150 Iter: 78/96 loss: 15.7468 acc: 0.2538 time 11.19s
Epoch: 14/150 Iter: 79/96 loss: 15.7360 acc: 0.2537 time 11.21s
Epoch: 14/150 Iter: 80/96 loss: 15.5929 acc: 0.2547 time 11.20s
Epoch: 14/150 Iter: 81/96 loss: 15.6962 acc: 0.2529 time 10.95s
Epoch: 14/150 Iter: 82/96 loss: 15.7033 acc: 0.2526 time 10.84s
Epoch: 14/150 Iter: 83/96 loss: 15.6803 acc: 0.2515 time 11.03s
Epoch: 14/150 Iter: 84/96 loss: 15.7954 acc: 0.2499 time 11.04s
Epoch: 14/150 Iter: 85/96 loss: 15.7305 acc: 0.2479 time 10.98s
Epoch: 14/150 Iter: 86/96 loss: 15.7019 acc: 0.2489 time 13.55s
Epoch: 14/150 Iter: 87/96 loss: 15.7211 acc: 0.2470 time 11.03s
Epoch: 14/150 Iter: 88/96 loss: 15.6162 acc: 0.2492 time 10.97s
Epoch: 14/150 Iter: 89/96 loss: 15.7304 acc: 0.2472 time 10.85s
Epoch: 14/150 Iter: 90/96 loss: 15.9371 acc: 0.2463 time 10.88s
Epoch: 14/150 Iter: 91/96 loss: 15.9251 acc: 0.2454 time 13.55s
Epoch: 14/150 Iter: 92/96 loss: 15.8818 acc: 0.2437 time 10.94s
Epoch: 14/150 Iter: 93/96 loss: 16.0470 acc: 0.2410 time 11.00s
Epoch: 14/150 Iter: 94/96 loss: 16.0251 acc: 0.2399 time 13.55s
Epoch: 14/150 Iter: 95/96 loss: 15.9212 acc: 0.2395 time 11.03s
Epoch: 14/150 Iter: 96/96 loss: 15.7719 acc: 0.2448 time 11.07s
[Train epoch 14] avg_loss=15.7719 avg_acc=0.2448 | per-class [c0: 0.448, c1: 0.167, c2: 0.192]
Final training 14/150, loss: 15.7719, time 1162.59s, lr: 0.000000
Accuracy: 0.316
class                  precision    recall   specificity      f1   support
--------------------------------------------------------------------------
0                          0.475     0.448         0.529   0.462       281
1                          0.030     0.167         0.703   0.051        30
2                          0.354     0.192         0.701   0.249       265
*----------------------------------------*
Val 14/150 1/24, Acc: 0.1111, Loss: 16.7715, time 10.91s
Val 14/150 2/24, Acc: 0.2222, Loss: 13.5333, time 10.96s
Val 14/150 3/24, Acc: 0.2593, Loss: 11.3565, time 10.98s
Val 14/150 4/24, Acc: 0.2569, Loss: 12.1958, time 10.97s
Val 14/150 5/24, Acc: 0.2222, Loss: 11.5295, time 11.08s
Val 14/150 6/24, Acc: 0.1991, Loss: 11.6863, time 11.06s
Val 14/150 7/24, Acc: 0.1944, Loss: 11.9406, time 10.99s
Val 14/150 8/24, Acc: 0.1806, Loss: 11.7940, time 11.05s
Val 14/150 9/24, Acc: 0.1679, Loss: 11.1626, time 10.89s
Val 14/150 10/24, Acc: 0.1978, Loss: 10.8683, time 11.20s
Val 14/150 11/24, Acc: 0.2253, Loss: 10.8064, time 10.91s
Val 14/150 12/24, Acc: 0.2273, Loss: 10.6672, time 11.01s
Val 14/150 13/24, Acc: 0.2355, Loss: 10.4891, time 11.11s
Val 14/150 14/24, Acc: 0.2901, Loss: 9.7438, time 10.99s
Val 14/150 15/24, Acc: 0.3263, Loss: 9.1822, time 11.05s
Val 14/150 16/24, Acc: 0.3184, Loss: 9.0551, time 10.92s
Val 14/150 17/24, Acc: 0.3095, Loss: 9.4708, time 11.08s
Val 14/150 18/24, Acc: 0.3015, Loss: 9.3524, time 11.04s
Val 14/150 19/24, Acc: 0.3330, Loss: 8.8916, time 11.00s
Val 14/150 20/24, Acc: 0.3331, Loss: 8.6493, time 11.04s
Val 14/150 21/24, Acc: 0.3331, Loss: 8.8733, time 10.99s
Val 14/150 22/24, Acc: 0.3230, Loss: 9.2944, time 11.24s
Val 14/150 23/24, Acc: 0.3331, Loss: 9.0427, time 10.88s
Val 14/150 24/24, Acc: 0.3192, Loss: 9.4725, time 10.99s
[Val epoch 14] avg_acc=0.3192 | avg_loss=9.4725 | per-class [c0: 0.486, c1: 0.500, c2: 0.258]
Final validation 14/150, Val_acc: 0.3192, time 264.32sAccuracy: 0.382
class                  precision    recall   specificity      f1   support
--------------------------------------------------------------------------
0                          0.479     0.486         0.500   0.482        70
1                          0.111     0.500         0.765   0.182         8
2                          0.459     0.258         0.744   0.330        66
*========================================*
Saving checkpoint outputs/OrganoidsINRIA/swinunetr+noah/2025-11-28-12-24/training/model_final.pt
[EarlyStopping] no improve (6/30)
[EarlyStopping] no improve (6/30)
0 Fri Nov 28 17:28:19 2025 Epoch: 15
Epoch: 15/150 Iter: 1/96 loss: 8.9785 acc: 0.3333 time 12.62s
Epoch: 15/150 Iter: 2/96 loss: 13.6528 acc: 0.3333 time 10.93s
Epoch: 15/150 Iter: 3/96 loss: 13.4948 acc: 0.2778 time 13.53s
Epoch: 15/150 Iter: 4/96 loss: 14.1619 acc: 0.2083 time 13.53s
Epoch: 15/150 Iter: 5/96 loss: 13.6510 acc: 0.2333 time 10.88s
Epoch: 15/150 Iter: 6/96 loss: 11.6655 acc: 0.3056 time 11.06s
Epoch: 15/150 Iter: 7/96 loss: 12.1831 acc: 0.2778 time 10.97s
Epoch: 15/150 Iter: 8/96 loss: 11.7008 acc: 0.3056 time 13.49s
Epoch: 15/150 Iter: 9/96 loss: 10.6145 acc: 0.3549 time 13.54s
Epoch: 15/150 Iter: 10/96 loss: 11.5384 acc: 0.3444 time 11.23s
Epoch: 15/150 Iter: 11/96 loss: 11.9494 acc: 0.3131 time 13.52s
Epoch: 15/150 Iter: 12/96 loss: 12.2284 acc: 0.3056 time 10.93s
Epoch: 15/150 Iter: 13/96 loss: 13.3310 acc: 0.2821 time 13.54s
Epoch: 15/150 Iter: 14/96 loss: 13.3924 acc: 0.2738 time 11.19s
Epoch: 15/150 Iter: 15/96 loss: 13.5627 acc: 0.2778 time 10.93s
Epoch: 15/150 Iter: 16/96 loss: 13.3912 acc: 0.2813 time 11.23s
Epoch: 15/150 Iter: 17/96 loss: 13.1684 acc: 0.2778 time 11.10s
Epoch: 15/150 Iter: 18/96 loss: 12.9497 acc: 0.2901 time 10.96s
Epoch: 15/150 Iter: 19/96 loss: 12.4302 acc: 0.3041 time 10.95s
Epoch: 15/150 Iter: 20/96 loss: 12.8941 acc: 0.2889 time 13.57s
Epoch: 15/150 Iter: 21/96 loss: 12.9754 acc: 0.2950 time 11.22s
Epoch: 15/150 Iter: 22/96 loss: 13.0784 acc: 0.2891 time 11.10s
Epoch: 15/150 Iter: 23/96 loss: 13.1766 acc: 0.2862 time 13.57s
Epoch: 15/150 Iter: 24/96 loss: 13.3555 acc: 0.2882 time 13.57s
Epoch: 15/150 Iter: 25/96 loss: 13.3713 acc: 0.2944 time 10.90s
Epoch: 15/150 Iter: 26/96 loss: 13.4579 acc: 0.2927 time 10.92s
Epoch: 15/150 Iter: 27/96 loss: 13.4663 acc: 0.2850 time 11.21s
Epoch: 15/150 Iter: 28/96 loss: 13.7075 acc: 0.2827 time 13.58s
Epoch: 15/150 Iter: 29/96 loss: 14.1423 acc: 0.2730 time 13.50s
Epoch: 15/150 Iter: 30/96 loss: 14.2395 acc: 0.2750 time 13.56s
Epoch: 15/150 Iter: 31/96 loss: 13.9601 acc: 0.2805 time 13.49s
Epoch: 15/150 Iter: 32/96 loss: 13.7322 acc: 0.2821 time 11.18s
Epoch: 15/150 Iter: 33/96 loss: 13.6290 acc: 0.2837 time 10.98s
Epoch: 15/150 Iter: 34/96 loss: 13.8782 acc: 0.2802 time 11.12s
Epoch: 15/150 Iter: 35/96 loss: 13.6750 acc: 0.2802 time 11.25s
Epoch: 15/150 Iter: 36/96 loss: 13.5781 acc: 0.2755 time 13.47s
Epoch: 15/150 Iter: 37/96 loss: 13.3621 acc: 0.2860 time 11.19s
Epoch: 15/150 Iter: 38/96 loss: 13.5292 acc: 0.2829 time 11.10s
Epoch: 15/150 Iter: 39/96 loss: 13.8710 acc: 0.2842 time 11.09s
Epoch: 15/150 Iter: 40/96 loss: 14.1057 acc: 0.2826 time 10.94s
Epoch: 15/150 Iter: 41/96 loss: 14.3860 acc: 0.2798 time 13.64s
Epoch: 15/150 Iter: 42/96 loss: 14.1898 acc: 0.2864 time 11.10s
Epoch: 15/150 Iter: 43/96 loss: 14.1461 acc: 0.2875 time 11.22s
Epoch: 15/150 Iter: 44/96 loss: 14.0036 acc: 0.2866 time 11.04s
Epoch: 15/150 Iter: 45/96 loss: 14.1536 acc: 0.2858 time 13.53s
Epoch: 15/150 Iter: 46/96 loss: 14.1795 acc: 0.2796 time 11.20s
Epoch: 15/150 Iter: 47/96 loss: 14.1728 acc: 0.2779 time 11.17s
Epoch: 15/150 Iter: 48/96 loss: 14.0407 acc: 0.2763 time 13.56s
Epoch: 15/150 Iter: 49/96 loss: 14.1812 acc: 0.2729 time 13.49s
Epoch: 15/150 Iter: 50/96 loss: 13.9655 acc: 0.2741 time 13.51s
Epoch: 15/150 Iter: 51/96 loss: 13.7869 acc: 0.2785 time 11.14s
Epoch: 15/150 Iter: 52/96 loss: 13.8320 acc: 0.2764 time 10.98s
Epoch: 15/150 Iter: 53/96 loss: 13.8235 acc: 0.2727 time 11.11s
Epoch: 15/150 Iter: 54/96 loss: 13.8592 acc: 0.2739 time 13.52s
Epoch: 15/150 Iter: 55/96 loss: 13.7977 acc: 0.2719 time 13.51s
Epoch: 15/150 Iter: 56/96 loss: 13.7021 acc: 0.2778 time 10.92s
Epoch: 15/150 Iter: 57/96 loss: 13.4920 acc: 0.2811 time 10.96s
Epoch: 15/150 Iter: 58/96 loss: 13.2910 acc: 0.2906 time 10.93s
Epoch: 15/150 Iter: 59/96 loss: 13.4321 acc: 0.2876 time 11.23s
Epoch: 15/150 Iter: 60/96 loss: 13.4754 acc: 0.2856 time 10.94s
Epoch: 15/150 Iter: 61/96 loss: 13.3360 acc: 0.2891 time 13.50s
Epoch: 15/150 Iter: 62/96 loss: 13.4154 acc: 0.2871 time 13.50s
Epoch: 15/150 Iter: 63/96 loss: 13.5383 acc: 0.2825 time 10.96s
Epoch: 15/150 Iter: 64/96 loss: 13.4407 acc: 0.2833 time 13.52s
Epoch: 15/150 Iter: 65/96 loss: 13.2510 acc: 0.2918 time 13.57s
Epoch: 15/150 Iter: 66/96 loss: 13.1833 acc: 0.2949 time 13.56s
Epoch: 15/150 Iter: 67/96 loss: 13.1075 acc: 0.2968 time 10.87s
Epoch: 15/150 Iter: 68/96 loss: 13.2534 acc: 0.2924 time 11.24s
Epoch: 15/150 Iter: 69/96 loss: 13.1552 acc: 0.2942 time 13.49s
Epoch: 15/150 Iter: 70/96 loss: 13.1485 acc: 0.2932 time 13.46s
Epoch: 15/150 Iter: 71/96 loss: 13.2648 acc: 0.2914 time 11.13s
Epoch: 15/150 Iter: 72/96 loss: 13.3006 acc: 0.2897 time 11.09s
Epoch: 15/150 Iter: 73/96 loss: 13.3074 acc: 0.2933 time 11.06s
Epoch: 15/150 Iter: 74/96 loss: 13.4186 acc: 0.2923 time 13.48s
Epoch: 15/150 Iter: 75/96 loss: 13.3558 acc: 0.2918 time 13.50s
Epoch: 15/150 Iter: 76/96 loss: 13.2172 acc: 0.2932 time 10.91s
Epoch: 15/150 Iter: 77/96 loss: 13.2470 acc: 0.2908 time 10.92s
Epoch: 15/150 Iter: 78/96 loss: 13.3152 acc: 0.2892 time 13.47s
Epoch: 15/150 Iter: 79/96 loss: 13.3501 acc: 0.2870 time 13.53s
Epoch: 15/150 Iter: 80/96 loss: 13.4683 acc: 0.2883 time 13.50s
Epoch: 15/150 Iter: 81/96 loss: 13.3989 acc: 0.2909 time 10.96s
Epoch: 15/150 Iter: 82/96 loss: 13.4446 acc: 0.2873 time 10.81s
Epoch: 15/150 Iter: 83/96 loss: 13.4808 acc: 0.2849 time 13.44s
Epoch: 15/150 Iter: 84/96 loss: 13.6666 acc: 0.2835 time 13.44s
Epoch: 15/150 Iter: 85/96 loss: 13.8281 acc: 0.2801 time 10.93s
Epoch: 15/150 Iter: 86/96 loss: 13.6900 acc: 0.2859 time 13.44s
Epoch: 15/150 Iter: 87/96 loss: 13.6371 acc: 0.2836 time 13.42s
Epoch: 15/150 Iter: 88/96 loss: 13.8131 acc: 0.2804 time 10.93s
Epoch: 15/150 Iter: 89/96 loss: 13.7684 acc: 0.2795 time 10.82s
Epoch: 15/150 Iter: 90/96 loss: 13.9458 acc: 0.2764 time 13.44s
Epoch: 15/150 Iter: 91/96 loss: 14.0313 acc: 0.2733 time 10.88s
Epoch: 15/150 Iter: 92/96 loss: 13.9299 acc: 0.2740 time 13.46s
Epoch: 15/150 Iter: 93/96 loss: 13.8790 acc: 0.2760 time 13.49s
Epoch: 15/150 Iter: 94/96 loss: 13.8325 acc: 0.2767 time 10.85s
Epoch: 15/150 Iter: 95/96 loss: 13.8600 acc: 0.2761 time 13.48s
Epoch: 15/150 Iter: 96/96 loss: 13.8710 acc: 0.2767 time 10.91s
[Train epoch 15] avg_loss=13.8710 avg_acc=0.2767 | per-class [c0: 0.475, c1: 0.233, c2: 0.214]
Final training 15/150, loss: 13.8710, time 1162.34s, lr: 0.000000
Accuracy: 0.342
class                  precision    recall   specificity      f1   support
--------------------------------------------------------------------------
0                          0.491     0.475         0.534   0.483       280
1                          0.042     0.233         0.707   0.071        30
2                          0.413     0.214         0.739   0.282       266
*----------------------------------------*
0 Fri Nov 28 17:47:41 2025 Epoch: 16
Epoch: 16/150 Iter: 1/96 loss: 11.5147 acc: 0.3750 time 14.28s
Epoch: 16/150 Iter: 2/96 loss: 12.6910 acc: 0.2986 time 10.94s
Epoch: 16/150 Iter: 3/96 loss: 12.5655 acc: 0.2824 time 10.98s
Epoch: 16/150 Iter: 4/96 loss: 15.0343 acc: 0.2951 time 13.50s
Epoch: 16/150 Iter: 5/96 loss: 17.3843 acc: 0.3194 time 10.87s
Epoch: 16/150 Iter: 6/96 loss: 16.1237 acc: 0.3218 time 10.93s
Epoch: 16/150 Iter: 7/96 loss: 15.0297 acc: 0.3472 time 13.49s
Epoch: 16/150 Iter: 8/96 loss: 15.0494 acc: 0.3351 time 11.06s
Epoch: 16/150 Iter: 9/96 loss: 14.9315 acc: 0.3164 time 11.04s
Epoch: 16/150 Iter: 10/96 loss: 14.1659 acc: 0.3314 time 11.08s
Epoch: 16/150 Iter: 11/96 loss: 13.0744 acc: 0.3366 time 13.50s
Epoch: 16/150 Iter: 12/96 loss: 13.3130 acc: 0.3155 time 11.08s
Epoch: 16/150 Iter: 13/96 loss: 13.9151 acc: 0.2964 time 13.52s
Epoch: 16/150 Iter: 14/96 loss: 13.2903 acc: 0.2931 time 10.91s
Epoch: 16/150 Iter: 15/96 loss: 13.8786 acc: 0.2735 time 11.20s
Epoch: 16/150 Iter: 16/96 loss: 13.5260 acc: 0.2720 time 11.09s
Epoch: 16/150 Iter: 17/96 loss: 13.5363 acc: 0.2560 time 10.93s
Epoch: 16/150 Iter: 18/96 loss: 13.4335 acc: 0.2665 time 10.98s
Epoch: 16/150 Iter: 19/96 loss: 13.4601 acc: 0.2583 time 11.07s
Epoch: 16/150 Iter: 20/96 loss: 13.9237 acc: 0.2496 time 11.06s
Epoch: 16/150 Iter: 21/96 loss: 13.5911 acc: 0.2456 time 13.49s
Epoch: 16/150 Iter: 22/96 loss: 13.0293 acc: 0.2723 time 10.92s
Epoch: 16/150 Iter: 23/96 loss: 13.1542 acc: 0.2641 time 10.90s
Epoch: 16/150 Iter: 24/96 loss: 13.2442 acc: 0.2578 time 13.50s
Epoch: 16/150 Iter: 25/96 loss: 13.2121 acc: 0.2541 time 11.08s
Epoch: 16/150 Iter: 26/96 loss: 13.0114 acc: 0.2529 time 10.90s
Epoch: 16/150 Iter: 27/96 loss: 13.1158 acc: 0.2517 time 11.22s
Epoch: 16/150 Iter: 28/96 loss: 13.4916 acc: 0.2566 time 10.94s
Epoch: 16/150 Iter: 29/96 loss: 13.8300 acc: 0.2555 time 13.51s
Epoch: 16/150 Iter: 30/96 loss: 13.7651 acc: 0.2562 time 11.23s
Epoch: 16/150 Iter: 31/96 loss: 13.8726 acc: 0.2587 time 13.53s
Epoch: 16/150 Iter: 32/96 loss: 13.8818 acc: 0.2636 time 13.47s
Epoch: 16/150 Iter: 33/96 loss: 13.8436 acc: 0.2632 time 13.54s
Epoch: 16/150 Iter: 34/96 loss: 15.1146 acc: 0.2620 time 13.52s
Epoch: 16/150 Iter: 35/96 loss: 14.9674 acc: 0.2688 time 13.57s
Epoch: 16/150 Iter: 36/96 loss: 14.7322 acc: 0.2737 time 11.20s
Epoch: 16/150 Iter: 37/96 loss: 14.4065 acc: 0.2906 time 10.92s
Epoch: 16/150 Iter: 38/96 loss: 14.3961 acc: 0.2852 time 10.94s
Epoch: 16/150 Iter: 39/96 loss: 14.6407 acc: 0.2778 time 13.49s
Epoch: 16/150 Iter: 40/96 loss: 14.7069 acc: 0.2726 time 13.59s
Epoch: 16/150 Iter: 41/96 loss: 14.7443 acc: 0.2741 time 13.50s
Epoch: 16/150 Iter: 42/96 loss: 14.5836 acc: 0.2715 time 10.92s
Epoch: 16/150 Iter: 43/96 loss: 14.6485 acc: 0.2749 time 11.15s
Epoch: 16/150 Iter: 44/96 loss: 14.5946 acc: 0.2743 time 11.18s
Epoch: 16/150 Iter: 45/96 loss: 14.7848 acc: 0.2704 time 13.49s
Epoch: 16/150 Iter: 46/96 loss: 14.6745 acc: 0.2670 time 10.90s
Epoch: 16/150 Iter: 47/96 loss: 14.7124 acc: 0.2648 time 13.47s
Epoch: 16/150 Iter: 48/96 loss: 14.6867 acc: 0.2616 time 10.94s
Epoch: 16/150 Iter: 49/96 loss: 14.7978 acc: 0.2563 time 11.22s
Epoch: 16/150 Iter: 50/96 loss: 14.5830 acc: 0.2534 time 13.54s
Epoch: 16/150 Iter: 51/96 loss: 14.6566 acc: 0.2528 time 13.55s
Epoch: 16/150 Iter: 52/96 loss: 14.7521 acc: 0.2479 time 10.90s
Epoch: 16/150 Iter: 53/96 loss: 14.6620 acc: 0.2527 time 13.52s
Epoch: 16/150 Iter: 54/96 loss: 14.8799 acc: 0.2511 time 13.47s
Epoch: 16/150 Iter: 55/96 loss: 14.9564 acc: 0.2485 time 13.55s
Epoch: 16/150 Iter: 56/96 loss: 15.0449 acc: 0.2441 time 11.10s
Epoch: 16/150 Iter: 57/96 loss: 14.9291 acc: 0.2437 time 13.52s
Epoch: 16/150 Iter: 58/96 loss: 15.1349 acc: 0.2424 time 13.56s
Epoch: 16/150 Iter: 59/96 loss: 15.2993 acc: 0.2411 time 10.98s
Epoch: 16/150 Iter: 60/96 loss: 15.4008 acc: 0.2371 time 11.20s
Epoch: 16/150 Iter: 61/96 loss: 15.2681 acc: 0.2365 time 10.92s
Epoch: 16/150 Iter: 62/96 loss: 15.3474 acc: 0.2353 time 13.54s
Epoch: 16/150 Iter: 63/96 loss: 15.2442 acc: 0.2369 time 11.08s
Epoch: 16/150 Iter: 64/96 loss: 15.4528 acc: 0.2332 time 13.49s
Epoch: 16/150 Iter: 65/96 loss: 15.4031 acc: 0.2356 time 13.45s
Epoch: 16/150 Iter: 66/96 loss: 15.4091 acc: 0.2340 time 11.08s
Epoch: 16/150 Iter: 67/96 loss: 15.2116 acc: 0.2380 time 13.56s
Epoch: 16/150 Iter: 68/96 loss: 15.1531 acc: 0.2400 time 10.98s
Epoch: 16/150 Iter: 69/96 loss: 15.1641 acc: 0.2402 time 10.90s
Epoch: 16/150 Iter: 70/96 loss: 15.1915 acc: 0.2385 time 11.17s
Epoch: 16/150 Iter: 71/96 loss: 15.2044 acc: 0.2361 time 10.88s
Epoch: 16/150 Iter: 72/96 loss: 15.2005 acc: 0.2375 time 13.54s
Epoch: 16/150 Iter: 73/96 loss: 15.0891 acc: 0.2399 time 13.53s
Epoch: 16/150 Iter: 74/96 loss: 15.2350 acc: 0.2367 time 11.19s
Epoch: 16/150 Iter: 75/96 loss: 15.2203 acc: 0.2380 time 10.94s
Epoch: 16/150 Iter: 76/96 loss: 15.1289 acc: 0.2392 time 13.52s
Epoch: 16/150 Iter: 77/96 loss: 15.2051 acc: 0.2361 time 13.56s
Epoch: 16/150 Iter: 78/96 loss: 15.2734 acc: 0.2331 time 11.17s
Epoch: 16/150 Iter: 79/96 loss: 15.3982 acc: 0.2329 time 13.51s
Epoch: 16/150 Iter: 80/96 loss: 15.3731 acc: 0.2328 time 10.96s
Epoch: 16/150 Iter: 81/96 loss: 15.2232 acc: 0.2327 time 10.84s
Epoch: 16/150 Iter: 82/96 loss: 15.1609 acc: 0.2346 time 13.45s
Epoch: 16/150 Iter: 83/96 loss: 15.1881 acc: 0.2334 time 11.21s
Epoch: 16/150 Iter: 84/96 loss: 15.1875 acc: 0.2316 time 10.97s
Epoch: 16/150 Iter: 85/96 loss: 15.2514 acc: 0.2328 time 10.85s
Epoch: 16/150 Iter: 86/96 loss: 15.2737 acc: 0.2314 time 13.42s
Epoch: 16/150 Iter: 87/96 loss: 15.3561 acc: 0.2287 time 11.04s
Epoch: 16/150 Iter: 88/96 loss: 15.3819 acc: 0.2261 time 13.46s
Epoch: 16/150 Iter: 89/96 loss: 15.3553 acc: 0.2279 time 10.89s
Epoch: 16/150 Iter: 90/96 loss: 15.3552 acc: 0.2285 time 13.44s
Epoch: 16/150 Iter: 91/96 loss: 15.4173 acc: 0.2278 time 10.98s
Epoch: 16/150 Iter: 92/96 loss: 15.4491 acc: 0.2277 time 13.42s
Epoch: 16/150 Iter: 93/96 loss: 15.3394 acc: 0.2289 time 10.87s
Epoch: 16/150 Iter: 94/96 loss: 15.3845 acc: 0.2273 time 11.02s
Epoch: 16/150 Iter: 95/96 loss: 15.4783 acc: 0.2249 time 13.41s
Epoch: 16/150 Iter: 96/96 loss: 15.5386 acc: 0.2238 time 13.48s
[Train epoch 16] avg_loss=15.5386 avg_acc=0.2238 | per-class [c0: 0.431, c1: 0.133, c2: 0.162]
Final training 16/150, loss: 15.5386, time 1160.36s, lr: 0.000000
Accuracy: 0.292
class                  precision    recall   specificity      f1   support
--------------------------------------------------------------------------
0                          0.457     0.431         0.512   0.443       281
1                          0.022     0.133         0.674   0.038        30
2                          0.333     0.162         0.723   0.218       265
*----------------------------------------*
Val 16/150 1/24, Acc: 0.1111, Loss: 16.7715, time 10.92s
Val 16/150 2/24, Acc: 0.2222, Loss: 13.5333, time 10.96s
Val 16/150 3/24, Acc: 0.2593, Loss: 11.3565, time 10.97s
Val 16/150 4/24, Acc: 0.2569, Loss: 12.1958, time 10.91s
Val 16/150 5/24, Acc: 0.2222, Loss: 11.5295, time 11.06s
Val 16/150 6/24, Acc: 0.1991, Loss: 11.6863, time 11.01s
Val 16/150 7/24, Acc: 0.1944, Loss: 11.9406, time 10.94s
Val 16/150 8/24, Acc: 0.1806, Loss: 11.7940, time 11.08s
Val 16/150 9/24, Acc: 0.1679, Loss: 11.1626, time 10.89s
Val 16/150 10/24, Acc: 0.1978, Loss: 10.8683, time 11.19s
Val 16/150 11/24, Acc: 0.2253, Loss: 10.8064, time 10.98s
Val 16/150 12/24, Acc: 0.2273, Loss: 10.6672, time 11.02s
Val 16/150 13/24, Acc: 0.2355, Loss: 10.4891, time 11.11s
Val 16/150 14/24, Acc: 0.2901, Loss: 9.7438, time 10.97s
Val 16/150 15/24, Acc: 0.3263, Loss: 9.1822, time 10.97s
Val 16/150 16/24, Acc: 0.3184, Loss: 9.0551, time 10.93s
Val 16/150 17/24, Acc: 0.3095, Loss: 9.4708, time 11.08s
Val 16/150 18/24, Acc: 0.3015, Loss: 9.3524, time 10.98s
Val 16/150 19/24, Acc: 0.3330, Loss: 8.8916, time 11.01s
Val 16/150 20/24, Acc: 0.3331, Loss: 8.6493, time 11.04s
Val 16/150 21/24, Acc: 0.3331, Loss: 8.8733, time 11.06s
Val 16/150 22/24, Acc: 0.3230, Loss: 9.2944, time 11.23s
Val 16/150 23/24, Acc: 0.3331, Loss: 9.0427, time 10.95s
Val 16/150 24/24, Acc: 0.3192, Loss: 9.4725, time 10.90s
[Val epoch 16] avg_acc=0.3192 | avg_loss=9.4725 | per-class [c0: 0.486, c1: 0.500, c2: 0.258]
Final validation 16/150, Val_acc: 0.3192, time 264.18sAccuracy: 0.382
class                  precision    recall   specificity      f1   support
--------------------------------------------------------------------------
0                          0.479     0.486         0.500   0.482        70
1                          0.111     0.500         0.765   0.182         8
2                          0.459     0.258         0.744   0.330        66
*========================================*
Saving checkpoint outputs/OrganoidsINRIA/swinunetr+noah/2025-11-28-12-24/training/model_final.pt
[EarlyStopping] no improve (7/30)
[EarlyStopping] no improve (7/30)
0 Fri Nov 28 18:11:30 2025 Epoch: 17
Epoch: 17/150 Iter: 1/96 loss: 6.4885 acc: 0.4167 time 14.32s
Epoch: 17/150 Iter: 2/96 loss: 9.6958 acc: 0.4083 time 11.00s
Epoch: 17/150 Iter: 3/96 loss: 11.4582 acc: 0.3556 time 13.45s
Epoch: 17/150 Iter: 4/96 loss: 10.7598 acc: 0.3167 time 13.55s
Epoch: 17/150 Iter: 5/96 loss: 9.9189 acc: 0.3133 time 13.55s
Epoch: 17/150 Iter: 6/96 loss: 11.9335 acc: 0.2750 time 11.14s
Epoch: 17/150 Iter: 7/96 loss: 11.6194 acc: 0.2992 time 10.91s
Epoch: 17/150 Iter: 8/96 loss: 12.2414 acc: 0.2618 time 13.48s
Epoch: 17/150 Iter: 9/96 loss: 13.2762 acc: 0.2327 time 13.54s
Epoch: 17/150 Iter: 10/96 loss: 13.3035 acc: 0.2483 time 13.45s
Epoch: 17/150 Iter: 11/96 loss: 13.1759 acc: 0.2460 time 13.52s
Epoch: 17/150 Iter: 12/96 loss: 12.8631 acc: 0.2532 time 11.09s
Epoch: 17/150 Iter: 13/96 loss: 13.6013 acc: 0.2509 time 13.58s
Epoch: 17/150 Iter: 14/96 loss: 13.0260 acc: 0.2687 time 11.24s
Epoch: 17/150 Iter: 15/96 loss: 13.7668 acc: 0.2507 time 10.92s
Epoch: 17/150 Iter: 16/96 loss: 13.8331 acc: 0.2559 time 13.47s
Epoch: 17/150 Iter: 17/96 loss: 14.3716 acc: 0.2474 time 13.56s
Epoch: 17/150 Iter: 18/96 loss: 13.9516 acc: 0.2753 time 10.96s
Epoch: 17/150 Iter: 19/96 loss: 13.8673 acc: 0.2740 time 10.91s
Epoch: 17/150 Iter: 20/96 loss: 13.7995 acc: 0.2686 time 10.88s
Epoch: 17/150 Iter: 21/96 loss: 13.5650 acc: 0.2796 time 11.05s
Epoch: 17/150 Iter: 22/96 loss: 13.4460 acc: 0.2881 time 11.25s
Epoch: 17/150 Iter: 23/96 loss: 13.5127 acc: 0.2814 time 11.14s
Epoch: 17/150 Iter: 24/96 loss: 13.4908 acc: 0.2836 time 13.48s
Epoch: 17/150 Iter: 25/96 loss: 13.4513 acc: 0.2856 time 13.50s
Epoch: 17/150 Iter: 26/96 loss: 13.3044 acc: 0.2874 time 10.91s
Epoch: 17/150 Iter: 27/96 loss: 13.6254 acc: 0.2792 time 13.57s
Epoch: 17/150 Iter: 28/96 loss: 13.7757 acc: 0.2841 time 13.50s
Epoch: 17/150 Iter: 29/96 loss: 13.7721 acc: 0.2858 time 13.52s
Epoch: 17/150 Iter: 30/96 loss: 14.2237 acc: 0.2800 time 13.53s
Epoch: 17/150 Iter: 31/96 loss: 14.3427 acc: 0.2746 time 11.07s
Epoch: 17/150 Iter: 32/96 loss: 14.3193 acc: 0.2712 time 13.47s
Epoch: 17/150 Iter: 33/96 loss: 14.2193 acc: 0.2781 time 10.91s
Epoch: 17/150 Iter: 34/96 loss: 14.3080 acc: 0.2748 time 11.21s
Epoch: 17/150 Iter: 35/96 loss: 14.0384 acc: 0.2789 time 13.56s
Epoch: 17/150 Iter: 36/96 loss: 14.3558 acc: 0.2804 time 10.91s
Epoch: 17/150 Iter: 37/96 loss: 14.4733 acc: 0.2758 time 13.50s
Epoch: 17/150 Iter: 38/96 loss: 14.3015 acc: 0.2817 time 10.94s
Epoch: 17/150 Iter: 39/96 loss: 14.2023 acc: 0.2830 time 11.11s
Epoch: 17/150 Iter: 40/96 loss: 14.4587 acc: 0.2788 time 10.97s
Epoch: 17/150 Iter: 41/96 loss: 14.6615 acc: 0.2774 time 13.53s
Epoch: 17/150 Iter: 42/96 loss: 14.7688 acc: 0.2803 time 13.46s
Epoch: 17/150 Iter: 43/96 loss: 14.8093 acc: 0.2802 time 13.56s
Epoch: 17/150 Iter: 44/96 loss: 15.0421 acc: 0.2764 time 11.13s
Epoch: 17/150 Iter: 45/96 loss: 15.1510 acc: 0.2814 time 13.49s
Epoch: 17/150 Iter: 46/96 loss: 15.1571 acc: 0.2752 time 11.09s
Epoch: 17/150 Iter: 47/96 loss: 15.1498 acc: 0.2712 time 11.11s
Epoch: 17/150 Iter: 48/96 loss: 15.0035 acc: 0.2725 time 11.07s
Epoch: 17/150 Iter: 49/96 loss: 15.3211 acc: 0.2669 time 13.56s
Epoch: 17/150 Iter: 50/96 loss: 15.2377 acc: 0.2649 time 11.09s
Epoch: 17/150 Iter: 51/96 loss: 15.1196 acc: 0.2636 time 11.15s
Epoch: 17/150 Iter: 52/96 loss: 14.9509 acc: 0.2666 time 13.48s
Epoch: 17/150 Iter: 53/96 loss: 14.9743 acc: 0.2631 time 10.92s
Epoch: 17/150 Iter: 54/96 loss: 14.9029 acc: 0.2644 time 13.54s
Epoch: 17/150 Iter: 55/96 loss: 14.7943 acc: 0.2626 time 10.96s
Epoch: 17/150 Iter: 56/96 loss: 14.8687 acc: 0.2629 time 13.51s
Epoch: 17/150 Iter: 57/96 loss: 14.8396 acc: 0.2622 time 11.12s
Epoch: 17/150 Iter: 58/96 loss: 14.8736 acc: 0.2596 time 13.52s
Epoch: 17/150 Iter: 59/96 loss: 14.6903 acc: 0.2665 time 11.11s
Epoch: 17/150 Iter: 60/96 loss: 14.6029 acc: 0.2631 time 11.09s
Epoch: 17/150 Iter: 61/96 loss: 14.6477 acc: 0.2625 time 10.92s
Epoch: 17/150 Iter: 62/96 loss: 14.7550 acc: 0.2582 time 11.07s
Epoch: 17/150 Iter: 63/96 loss: 14.7441 acc: 0.2608 time 13.46s
Epoch: 17/150 Iter: 64/96 loss: 14.8157 acc: 0.2602 time 13.57s
Epoch: 17/150 Iter: 65/96 loss: 14.6896 acc: 0.2613 time 11.07s
Epoch: 17/150 Iter: 66/96 loss: 14.5466 acc: 0.2624 time 13.52s
Epoch: 17/150 Iter: 67/96 loss: 14.3363 acc: 0.2697 time 10.88s
Epoch: 17/150 Iter: 68/96 loss: 14.4510 acc: 0.2657 time 13.59s
Epoch: 17/150 Iter: 69/96 loss: 14.3858 acc: 0.2667 time 11.07s
Epoch: 17/150 Iter: 70/96 loss: 14.5240 acc: 0.2652 time 10.95s
Epoch: 17/150 Iter: 71/96 loss: 14.4453 acc: 0.2624 time 13.49s
Epoch: 17/150 Iter: 72/96 loss: 14.3286 acc: 0.2650 time 10.91s
Epoch: 17/150 Iter: 73/96 loss: 14.2819 acc: 0.2644 time 13.45s
Epoch: 17/150 Iter: 74/96 loss: 14.3933 acc: 0.2664 time 13.49s
Epoch: 17/150 Iter: 75/96 loss: 14.4242 acc: 0.2651 time 10.93s
Epoch: 17/150 Iter: 76/96 loss: 14.4016 acc: 0.2675 time 10.93s
Epoch: 17/150 Iter: 77/96 loss: 14.5075 acc: 0.2654 time 11.07s
Epoch: 17/150 Iter: 78/96 loss: 14.4611 acc: 0.2649 time 10.99s
Epoch: 17/150 Iter: 79/96 loss: 14.5620 acc: 0.2629 time 10.98s
Epoch: 17/150 Iter: 80/96 loss: 14.6713 acc: 0.2597 time 10.92s
Epoch: 17/150 Iter: 81/96 loss: 14.6542 acc: 0.2581 time 13.54s
Epoch: 17/150 Iter: 82/96 loss: 14.6256 acc: 0.2570 time 11.06s
Epoch: 17/150 Iter: 83/96 loss: 14.7701 acc: 0.2539 time 13.53s
Epoch: 17/150 Iter: 84/96 loss: 14.6866 acc: 0.2538 time 13.62s
Epoch: 17/150 Iter: 85/96 loss: 14.6646 acc: 0.2553 time 10.95s
Epoch: 17/150 Iter: 86/96 loss: 14.5992 acc: 0.2581 time 10.86s
Epoch: 17/150 Iter: 87/96 loss: 14.5981 acc: 0.2551 time 10.89s
Epoch: 17/150 Iter: 88/96 loss: 14.6768 acc: 0.2522 time 13.47s
Epoch: 17/150 Iter: 89/96 loss: 14.7436 acc: 0.2513 time 10.96s
Epoch: 17/150 Iter: 90/96 loss: 14.6231 acc: 0.2559 time 10.95s
Epoch: 17/150 Iter: 91/96 loss: 14.6592 acc: 0.2567 time 10.87s
Epoch: 17/150 Iter: 92/96 loss: 14.6231 acc: 0.2576 time 11.01s
Epoch: 17/150 Iter: 93/96 loss: 14.7225 acc: 0.2575 time 10.90s
Epoch: 17/150 Iter: 94/96 loss: 14.6882 acc: 0.2590 time 11.03s
Epoch: 17/150 Iter: 95/96 loss: 14.6017 acc: 0.2577 time 10.98s
Epoch: 17/150 Iter: 96/96 loss: 14.5767 acc: 0.2585 time 10.90s
[Train epoch 17] avg_loss=14.5767 avg_acc=0.2585 | per-class [c0: 0.461, c1: 0.233, c2: 0.203]
Final training 17/150, loss: 14.5767, time 1157.97s, lr: 0.000000
Accuracy: 0.330
class                  precision    recall   specificity      f1   support
--------------------------------------------------------------------------
0                          0.483     0.461         0.534   0.472       280
1                          0.040     0.233         0.692   0.068        30
2                          0.403     0.203         0.742   0.270       266
*----------------------------------------*
0 Fri Nov 28 18:30:48 2025 Epoch: 18
Epoch: 18/150 Iter: 1/96 loss: 9.6938 acc: 0.3333 time 17.03s
Epoch: 18/150 Iter: 2/96 loss: 8.1342 acc: 0.3333 time 13.49s
Epoch: 18/150 Iter: 3/96 loss: 9.3952 acc: 0.3333 time 13.49s
Epoch: 18/150 Iter: 4/96 loss: 12.1625 acc: 0.2917 time 11.07s
Epoch: 18/150 Iter: 5/96 loss: 13.6660 acc: 0.2667 time 11.22s
Epoch: 18/150 Iter: 6/96 loss: 11.6055 acc: 0.3519 time 13.44s
Epoch: 18/150 Iter: 7/96 loss: 11.3672 acc: 0.3730 time 10.93s
Epoch: 18/150 Iter: 8/96 loss: 12.5010 acc: 0.3403 time 13.49s
Epoch: 18/150 Iter: 9/96 loss: 13.8641 acc: 0.3395 time 10.94s
Epoch: 18/150 Iter: 10/96 loss: 14.0730 acc: 0.3056 time 13.63s
Epoch: 18/150 Iter: 11/96 loss: 13.9589 acc: 0.2929 time 11.09s
Epoch: 18/150 Iter: 12/96 loss: 14.3507 acc: 0.2870 time 11.22s
Epoch: 18/150 Iter: 13/96 loss: 15.0071 acc: 0.2778 time 10.98s
Epoch: 18/150 Iter: 14/96 loss: 16.0260 acc: 0.2627 time 11.24s
Epoch: 18/150 Iter: 15/96 loss: 16.3439 acc: 0.2507 time 11.20s
Epoch: 18/150 Iter: 16/96 loss: 16.4243 acc: 0.2490 time 11.07s
Epoch: 18/150 Iter: 17/96 loss: 16.3793 acc: 0.2392 time 10.99s
Epoch: 18/150 Iter: 18/96 loss: 15.6994 acc: 0.2444 time 10.92s
Epoch: 18/150 Iter: 19/96 loss: 15.5828 acc: 0.2513 time 13.46s
Epoch: 18/150 Iter: 20/96 loss: 15.3994 acc: 0.2526 time 10.94s
Epoch: 18/150 Iter: 21/96 loss: 15.8734 acc: 0.2485 time 11.23s
Epoch: 18/150 Iter: 22/96 loss: 17.1317 acc: 0.2410 time 11.11s
Epoch: 18/150 Iter: 23/96 loss: 16.9208 acc: 0.2414 time 13.63s
Epoch: 18/150 Iter: 24/96 loss: 16.9649 acc: 0.2360 time 11.19s
Epoch: 18/150 Iter: 25/96 loss: 16.8332 acc: 0.2319 time 13.55s
Epoch: 18/150 Iter: 26/96 loss: 16.6184 acc: 0.2470 time 13.50s
Epoch: 18/150 Iter: 27/96 loss: 16.4110 acc: 0.2409 time 13.51s
Epoch: 18/150 Iter: 28/96 loss: 16.3636 acc: 0.2502 time 11.13s
Epoch: 18/150 Iter: 29/96 loss: 16.1534 acc: 0.2511 time 10.98s
Epoch: 18/150 Iter: 30/96 loss: 15.8910 acc: 0.2494 time 13.56s
Epoch: 18/150 Iter: 31/96 loss: 15.7039 acc: 0.2616 time 10.96s
Epoch: 18/150 Iter: 32/96 loss: 16.0997 acc: 0.2621 time 11.06s
Epoch: 18/150 Iter: 33/96 loss: 16.0839 acc: 0.2617 time 11.23s
Epoch: 18/150 Iter: 34/96 loss: 16.0255 acc: 0.2540 time 13.50s
Epoch: 18/150 Iter: 35/96 loss: 16.3339 acc: 0.2491 time 10.91s
Epoch: 18/150 Iter: 36/96 loss: 16.2816 acc: 0.2453 time 13.49s
Epoch: 18/150 Iter: 37/96 loss: 16.2154 acc: 0.2522 time 11.27s
Epoch: 18/150 Iter: 38/96 loss: 16.1913 acc: 0.2499 time 13.55s
Epoch: 18/150 Iter: 39/96 loss: 16.2926 acc: 0.2542 time 10.92s
Epoch: 18/150 Iter: 40/96 loss: 16.1411 acc: 0.2499 time 11.07s
Epoch: 18/150 Iter: 41/96 loss: 15.9205 acc: 0.2568 time 13.54s
Epoch: 18/150 Iter: 42/96 loss: 15.9425 acc: 0.2547 time 13.53s
Epoch: 18/150 Iter: 43/96 loss: 15.9048 acc: 0.2526 time 10.87s
Epoch: 18/150 Iter: 44/96 loss: 15.6433 acc: 0.2560 time 11.17s
Epoch: 18/150 Iter: 45/96 loss: 15.4888 acc: 0.2528 time 13.50s
Epoch: 18/150 Iter: 46/96 loss: 15.5997 acc: 0.2509 time 10.95s
Epoch: 18/150 Iter: 47/96 loss: 15.3666 acc: 0.2598 time 13.52s
Epoch: 18/150 Iter: 48/96 loss: 15.3727 acc: 0.2595 time 10.96s
Epoch: 18/150 Iter: 49/96 loss: 15.1036 acc: 0.2662 time 10.94s
Epoch: 18/150 Iter: 50/96 loss: 14.8898 acc: 0.2719 time 13.51s
Epoch: 18/150 Iter: 51/96 loss: 15.0819 acc: 0.2742 time 11.20s
Epoch: 18/150 Iter: 52/96 loss: 15.0945 acc: 0.2792 time 10.96s
Epoch: 18/150 Iter: 53/96 loss: 15.2065 acc: 0.2755 time 13.51s
Epoch: 18/150 Iter: 54/96 loss: 15.0521 acc: 0.2760 time 10.92s
Epoch: 18/150 Iter: 55/96 loss: 14.9726 acc: 0.2770 time 13.55s
Epoch: 18/150 Iter: 56/96 loss: 15.1025 acc: 0.2750 time 11.21s
Epoch: 18/150 Iter: 57/96 loss: 15.2532 acc: 0.2722 time 11.15s
Epoch: 18/150 Iter: 58/96 loss: 15.1803 acc: 0.2713 time 11.14s
Epoch: 18/150 Iter: 59/96 loss: 15.3498 acc: 0.2667 time 13.45s
Epoch: 18/150 Iter: 60/96 loss: 15.3575 acc: 0.2650 time 13.52s
Epoch: 18/150 Iter: 61/96 loss: 15.4901 acc: 0.2607 time 13.51s
Epoch: 18/150 Iter: 62/96 loss: 15.5531 acc: 0.2583 time 10.92s
Epoch: 18/150 Iter: 63/96 loss: 15.6517 acc: 0.2568 time 13.51s
Epoch: 18/150 Iter: 64/96 loss: 15.6883 acc: 0.2541 time 10.96s
Epoch: 18/150 Iter: 65/96 loss: 15.7084 acc: 0.2523 time 10.94s
Epoch: 18/150 Iter: 66/96 loss: 16.1116 acc: 0.2484 time 13.53s
Epoch: 18/150 Iter: 67/96 loss: 15.9412 acc: 0.2534 time 10.89s
Epoch: 18/150 Iter: 68/96 loss: 16.0521 acc: 0.2497 time 10.98s
Epoch: 18/150 Iter: 69/96 loss: 16.4330 acc: 0.2477 time 11.09s
Epoch: 18/150 Iter: 70/96 loss: 16.5714 acc: 0.2454 time 13.56s
Epoch: 18/150 Iter: 71/96 loss: 16.4750 acc: 0.2435 time 11.23s
Epoch: 18/150 Iter: 72/96 loss: 16.3770 acc: 0.2453 time 13.54s
Epoch: 18/150 Iter: 73/96 loss: 16.3072 acc: 0.2473 time 10.96s
Epoch: 18/150 Iter: 74/96 loss: 16.2921 acc: 0.2439 time 13.57s
Epoch: 18/150 Iter: 75/96 loss: 16.2385 acc: 0.2433 time 13.55s
Epoch: 18/150 Iter: 76/96 loss: 16.2031 acc: 0.2412 time 10.97s
Epoch: 18/150 Iter: 77/96 loss: 16.1531 acc: 0.2410 time 11.10s
Epoch: 18/150 Iter: 78/96 loss: 16.1073 acc: 0.2400 time 13.54s
Epoch: 18/150 Iter: 79/96 loss: 16.1880 acc: 0.2402 time 13.53s
Epoch: 18/150 Iter: 80/96 loss: 16.1805 acc: 0.2424 time 11.19s
Epoch: 18/150 Iter: 81/96 loss: 16.1802 acc: 0.2407 time 13.51s
Epoch: 18/150 Iter: 82/96 loss: 16.2280 acc: 0.2398 time 10.95s
Epoch: 18/150 Iter: 83/96 loss: 16.2344 acc: 0.2410 time 13.48s
Epoch: 18/150 Iter: 84/96 loss: 16.1489 acc: 0.2421 time 13.48s
Epoch: 18/150 Iter: 85/96 loss: 16.0802 acc: 0.2424 time 10.94s
Epoch: 18/150 Iter: 86/96 loss: 16.0698 acc: 0.2415 time 10.91s
Epoch: 18/150 Iter: 87/96 loss: 16.0487 acc: 0.2425 time 10.96s
Epoch: 18/150 Iter: 88/96 loss: 15.9486 acc: 0.2398 time 11.03s
Epoch: 18/150 Iter: 89/96 loss: 16.0022 acc: 0.2380 time 13.49s
Epoch: 18/150 Iter: 90/96 loss: 16.0447 acc: 0.2363 time 13.46s
Epoch: 18/150 Iter: 91/96 loss: 16.1107 acc: 0.2355 time 10.96s
Epoch: 18/150 Iter: 92/96 loss: 16.0121 acc: 0.2370 time 10.96s
Epoch: 18/150 Iter: 93/96 loss: 15.9937 acc: 0.2363 time 10.91s
Epoch: 18/150 Iter: 94/96 loss: 15.9457 acc: 0.2373 time 11.04s
Epoch: 18/150 Iter: 95/96 loss: 15.8252 acc: 0.2404 time 13.45s
Epoch: 18/150 Iter: 96/96 loss: 15.8130 acc: 0.2420 time 11.02s
[Train epoch 18] avg_loss=15.8130 avg_acc=0.2420 | per-class [c0: 0.464, c1: 0.167, c2: 0.195]
Final training 18/150, loss: 15.8130, time 1159.99s, lr: 0.000000
Accuracy: 0.325
class                  precision    recall   specificity      f1   support
--------------------------------------------------------------------------
0                          0.480     0.464         0.524   0.472       280
1                          0.029     0.167         0.690   0.049        30
2                          0.397     0.195         0.745   0.262       266
*----------------------------------------*
Val 18/150 1/24, Acc: 0.1111, Loss: 16.7715, time 11.01s
Val 18/150 2/24, Acc: 0.2222, Loss: 13.5333, time 10.97s
Val 18/150 3/24, Acc: 0.2593, Loss: 11.3565, time 10.93s
Val 18/150 4/24, Acc: 0.2569, Loss: 12.1958, time 10.91s
Val 18/150 5/24, Acc: 0.2222, Loss: 11.5295, time 11.05s
Val 18/150 6/24, Acc: 0.1991, Loss: 11.6863, time 11.01s
Val 18/150 7/24, Acc: 0.1944, Loss: 11.9406, time 10.97s
Val 18/150 8/24, Acc: 0.1806, Loss: 11.7940, time 10.98s
Val 18/150 9/24, Acc: 0.1679, Loss: 11.1626, time 10.97s
Val 18/150 10/24, Acc: 0.1978, Loss: 10.8683, time 11.20s
Val 18/150 11/24, Acc: 0.2253, Loss: 10.8064, time 10.90s
Val 18/150 12/24, Acc: 0.2273, Loss: 10.6672, time 11.05s
Val 18/150 13/24, Acc: 0.2355, Loss: 10.4891, time 11.06s
Val 18/150 14/24, Acc: 0.2901, Loss: 9.7438, time 11.03s
Val 18/150 15/24, Acc: 0.3263, Loss: 9.1822, time 10.94s
Val 18/150 16/24, Acc: 0.3184, Loss: 9.0551, time 10.94s
Val 18/150 17/24, Acc: 0.3095, Loss: 9.4708, time 11.13s
Val 18/150 18/24, Acc: 0.3015, Loss: 9.3524, time 10.98s
Val 18/150 19/24, Acc: 0.3330, Loss: 8.8916, time 10.99s
Val 18/150 20/24, Acc: 0.3331, Loss: 8.6493, time 11.03s
Val 18/150 21/24, Acc: 0.3331, Loss: 8.8733, time 11.08s
Val 18/150 22/24, Acc: 0.3230, Loss: 9.2944, time 11.22s
Val 18/150 23/24, Acc: 0.3331, Loss: 9.0427, time 10.89s
Val 18/150 24/24, Acc: 0.3192, Loss: 9.4725, time 10.90s
[Val epoch 18] avg_acc=0.3192 | avg_loss=9.4725 | per-class [c0: 0.486, c1: 0.500, c2: 0.258]
Final validation 18/150, Val_acc: 0.3192, time 264.14sAccuracy: 0.382
class                  precision    recall   specificity      f1   support
--------------------------------------------------------------------------
0                          0.479     0.486         0.500   0.482        70
1                          0.111     0.500         0.765   0.182         8
2                          0.459     0.258         0.744   0.330        66
*========================================*
Saving checkpoint outputs/OrganoidsINRIA/swinunetr+noah/2025-11-28-12-24/training/model_final.pt
[EarlyStopping] no improve (8/30)
[EarlyStopping] no improve (8/30)
0 Fri Nov 28 18:54:38 2025 Epoch: 19
Epoch: 19/150 Iter: 1/96 loss: 12.5756 acc: 0.3333 time 15.29s
Epoch: 19/150 Iter: 2/96 loss: 7.9751 acc: 0.5556 time 13.54s
Epoch: 19/150 Iter: 3/96 loss: 7.9168 acc: 0.4815 time 10.90s
Epoch: 19/150 Iter: 4/96 loss: 6.2461 acc: 0.5486 time 10.97s
Epoch: 19/150 Iter: 5/96 loss: 5.4137 acc: 0.5989 time 11.10s
Epoch: 19/150 Iter: 6/96 loss: 6.0503 acc: 0.5176 time 10.91s
Epoch: 19/150 Iter: 7/96 loss: 8.2786 acc: 0.4675 time 11.10s
Epoch: 19/150 Iter: 8/96 loss: 8.1293 acc: 0.4403 time 11.07s
Epoch: 19/150 Iter: 9/96 loss: 7.9307 acc: 0.4136 time 11.09s
Epoch: 19/150 Iter: 10/96 loss: 8.3031 acc: 0.3889 time 13.54s
Epoch: 19/150 Iter: 11/96 loss: 8.4138 acc: 0.3763 time 13.56s
Epoch: 19/150 Iter: 12/96 loss: 9.1923 acc: 0.3727 time 11.10s
Epoch: 19/150 Iter: 13/96 loss: 9.7845 acc: 0.3568 time 11.22s
Epoch: 19/150 Iter: 14/96 loss: 10.4909 acc: 0.3393 time 13.53s
Epoch: 19/150 Iter: 15/96 loss: 10.8397 acc: 0.3278 time 10.95s
Epoch: 19/150 Iter: 16/96 loss: 10.9421 acc: 0.3281 time 10.91s
Epoch: 19/150 Iter: 17/96 loss: 11.5451 acc: 0.3317 time 10.96s
Epoch: 19/150 Iter: 18/96 loss: 11.4396 acc: 0.3457 time 10.97s
Epoch: 19/150 Iter: 19/96 loss: 11.6001 acc: 0.3450 time 11.12s
Epoch: 19/150 Iter: 20/96 loss: 11.1884 acc: 0.3590 time 11.12s
Epoch: 19/150 Iter: 21/96 loss: 11.7466 acc: 0.3419 time 11.14s
Epoch: 19/150 Iter: 22/96 loss: 12.4012 acc: 0.3294 time 10.99s
Epoch: 19/150 Iter: 23/96 loss: 12.8635 acc: 0.3223 time 11.19s
Epoch: 19/150 Iter: 24/96 loss: 12.7428 acc: 0.3182 time 11.06s
Epoch: 19/150 Iter: 25/96 loss: 12.7372 acc: 0.3054 time 11.00s
Epoch: 19/150 Iter: 26/96 loss: 13.3712 acc: 0.3065 time 13.55s
Epoch: 19/150 Iter: 27/96 loss: 13.6845 acc: 0.3013 time 13.48s
Epoch: 19/150 Iter: 28/96 loss: 13.5788 acc: 0.2985 time 11.11s
Epoch: 19/150 Iter: 29/96 loss: 13.7481 acc: 0.2940 time 10.92s
Epoch: 19/150 Iter: 30/96 loss: 13.7823 acc: 0.2842 time 10.95s
Epoch: 19/150 Iter: 31/96 loss: 14.0448 acc: 0.2822 time 13.51s
Epoch: 19/150 Iter: 32/96 loss: 13.8316 acc: 0.2952 time 11.19s
Epoch: 19/150 Iter: 33/96 loss: 13.5572 acc: 0.2964 time 11.14s
Epoch: 19/150 Iter: 34/96 loss: 13.9369 acc: 0.2909 time 11.23s
Epoch: 19/150 Iter: 35/96 loss: 13.9449 acc: 0.2890 time 13.55s
Epoch: 19/150 Iter: 36/96 loss: 14.1714 acc: 0.2856 time 13.55s
Epoch: 19/150 Iter: 37/96 loss: 14.0874 acc: 0.2914 time 13.48s
Epoch: 19/150 Iter: 38/96 loss: 14.4923 acc: 0.2925 time 13.57s
Epoch: 19/150 Iter: 39/96 loss: 14.5273 acc: 0.2907 time 10.93s
Epoch: 19/150 Iter: 40/96 loss: 14.8015 acc: 0.2917 time 10.90s
Epoch: 19/150 Iter: 41/96 loss: 14.6200 acc: 0.2928 time 10.96s
Epoch: 19/150 Iter: 42/96 loss: 14.4805 acc: 0.2977 time 13.55s
Epoch: 19/150 Iter: 43/96 loss: 14.4504 acc: 0.2972 time 13.50s
Epoch: 19/150 Iter: 44/96 loss: 14.1901 acc: 0.3037 time 13.54s
Epoch: 19/150 Iter: 45/96 loss: 13.9460 acc: 0.3059 time 10.91s
Epoch: 19/150 Iter: 46/96 loss: 13.9335 acc: 0.3057 time 13.49s
Epoch: 19/150 Iter: 47/96 loss: 13.8251 acc: 0.3063 time 10.95s
Epoch: 19/150 Iter: 48/96 loss: 13.9548 acc: 0.3023 time 10.97s
Epoch: 19/150 Iter: 49/96 loss: 14.0574 acc: 0.2995 time 11.07s
Epoch: 19/150 Iter: 50/96 loss: 13.9423 acc: 0.3002 time 11.10s
Epoch: 19/150 Iter: 51/96 loss: 13.8924 acc: 0.2986 time 13.61s
Epoch: 19/150 Iter: 52/96 loss: 13.7660 acc: 0.2972 time 13.57s
Epoch: 19/150 Iter: 53/96 loss: 13.8787 acc: 0.2916 time 10.95s
Epoch: 19/150 Iter: 54/96 loss: 14.0058 acc: 0.2862 time 11.11s
Epoch: 19/150 Iter: 55/96 loss: 13.9757 acc: 0.2810 time 13.54s
Epoch: 19/150 Iter: 56/96 loss: 13.9640 acc: 0.2779 time 10.95s
Epoch: 19/150 Iter: 57/96 loss: 13.8159 acc: 0.2853 time 13.53s
Epoch: 19/150 Iter: 58/96 loss: 14.0430 acc: 0.2823 time 10.91s
Epoch: 19/150 Iter: 59/96 loss: 13.9708 acc: 0.2851 time 11.10s
Epoch: 19/150 Iter: 60/96 loss: 13.7899 acc: 0.2887 time 10.97s
Epoch: 19/150 Iter: 61/96 loss: 13.8933 acc: 0.2876 time 11.01s
Epoch: 19/150 Iter: 62/96 loss: 14.1022 acc: 0.2829 time 11.20s
Epoch: 19/150 Iter: 63/96 loss: 14.1621 acc: 0.2846 time 13.51s
Epoch: 19/150 Iter: 64/96 loss: 14.2381 acc: 0.2871 time 13.59s
Epoch: 19/150 Iter: 65/96 loss: 14.3020 acc: 0.2837 time 13.50s
Epoch: 19/150 Iter: 66/96 loss: 14.3574 acc: 0.2832 time 13.57s
Epoch: 19/150 Iter: 67/96 loss: 14.2621 acc: 0.2840 time 11.12s
Epoch: 19/150 Iter: 68/96 loss: 14.3011 acc: 0.2835 time 10.98s
Epoch: 19/150 Iter: 69/96 loss: 14.1456 acc: 0.2898 time 13.54s
Epoch: 19/150 Iter: 70/96 loss: 14.1670 acc: 0.2920 time 13.50s
Epoch: 19/150 Iter: 71/96 loss: 14.0393 acc: 0.2973 time 11.00s
Epoch: 19/150 Iter: 72/96 loss: 14.0280 acc: 0.2966 time 13.52s
Epoch: 19/150 Iter: 73/96 loss: 13.9872 acc: 0.2926 time 13.49s
Epoch: 19/150 Iter: 74/96 loss: 14.0218 acc: 0.2895 time 11.06s
Epoch: 19/150 Iter: 75/96 loss: 14.0881 acc: 0.2868 time 13.54s
Epoch: 19/150 Iter: 76/96 loss: 14.1938 acc: 0.2830 time 10.94s
Epoch: 19/150 Iter: 77/96 loss: 14.2151 acc: 0.2837 time 11.23s
Epoch: 19/150 Iter: 78/96 loss: 14.1846 acc: 0.2817 time 13.49s
Epoch: 19/150 Iter: 79/96 loss: 14.2118 acc: 0.2824 time 10.91s
Epoch: 19/150 Iter: 80/96 loss: 14.2775 acc: 0.2830 time 13.52s
Epoch: 19/150 Iter: 81/96 loss: 14.1619 acc: 0.2820 time 10.89s
Epoch: 19/150 Iter: 82/96 loss: 14.1218 acc: 0.2806 time 10.86s
Epoch: 19/150 Iter: 83/96 loss: 14.0914 acc: 0.2802 time 11.06s
Epoch: 19/150 Iter: 84/96 loss: 14.0331 acc: 0.2809 time 10.91s
Epoch: 19/150 Iter: 85/96 loss: 14.1920 acc: 0.2791 time 10.99s
Epoch: 19/150 Iter: 86/96 loss: 14.1409 acc: 0.2817 time 13.46s
Epoch: 19/150 Iter: 87/96 loss: 14.1405 acc: 0.2823 time 10.92s
Epoch: 19/150 Iter: 88/96 loss: 14.1452 acc: 0.2800 time 10.97s
Epoch: 19/150 Iter: 89/96 loss: 14.1802 acc: 0.2802 time 10.94s
Epoch: 19/150 Iter: 90/96 loss: 14.0848 acc: 0.2818 time 13.49s
Epoch: 19/150 Iter: 91/96 loss: 14.1316 acc: 0.2811 time 13.48s
Epoch: 19/150 Iter: 92/96 loss: 14.1607 acc: 0.2811 time 13.46s
Epoch: 19/150 Iter: 93/96 loss: 14.1231 acc: 0.2821 time 13.45s
Epoch: 19/150 Iter: 94/96 loss: 14.0974 acc: 0.2809 time 13.45s
Epoch: 19/150 Iter: 95/96 loss: 14.0482 acc: 0.2832 time 13.42s
Epoch: 19/150 Iter: 96/96 loss: 14.0459 acc: 0.2819 time 10.85s
[Train epoch 19] avg_loss=14.0459 avg_acc=0.2819 | per-class [c0: 0.534, c1: 0.233, c2: 0.192]
Final training 19/150, loss: 14.0459, time 1154.54s, lr: 0.000000
Accuracy: 0.361
class                  precision    recall   specificity      f1   support
--------------------------------------------------------------------------
0                          0.505     0.534         0.502   0.519       281
1                          0.044     0.233         0.720   0.074        30
2                          0.429     0.192         0.781   0.266       265
*----------------------------------------*
0 Fri Nov 28 19:13:52 2025 Epoch: 20
Epoch: 20/150 Iter: 1/96 loss: 6.1328 acc: 0.6667 time 13.27s
Epoch: 20/150 Iter: 2/96 loss: 10.4762 acc: 0.3667 time 10.93s
Epoch: 20/150 Iter: 3/96 loss: 16.3852 acc: 0.2722 time 11.12s
Epoch: 20/150 Iter: 4/96 loss: 17.4480 acc: 0.2319 time 11.08s
Epoch: 20/150 Iter: 5/96 loss: 17.2060 acc: 0.1856 time 13.49s
Epoch: 20/150 Iter: 6/96 loss: 17.3511 acc: 0.2009 time 10.95s
Epoch: 20/150 Iter: 7/96 loss: 22.9588 acc: 0.2437 time 10.95s
Epoch: 20/150 Iter: 8/96 loss: 22.4405 acc: 0.2340 time 13.60s
Epoch: 20/150 Iter: 9/96 loss: 21.5921 acc: 0.2525 time 13.49s
Epoch: 20/150 Iter: 10/96 loss: 21.6620 acc: 0.2606 time 11.00s
Epoch: 20/150 Iter: 11/96 loss: 21.4715 acc: 0.2520 time 11.19s
Epoch: 20/150 Iter: 12/96 loss: 20.3468 acc: 0.2495 time 13.50s
Epoch: 20/150 Iter: 13/96 loss: 19.5805 acc: 0.2624 time 10.93s
Epoch: 20/150 Iter: 14/96 loss: 18.7327 acc: 0.2496 time 11.22s
Epoch: 20/150 Iter: 15/96 loss: 17.8653 acc: 0.2626 time 10.94s
Epoch: 20/150 Iter: 16/96 loss: 17.5650 acc: 0.2587 time 13.45s
Epoch: 20/150 Iter: 17/96 loss: 16.9993 acc: 0.2761 time 13.47s
Epoch: 20/150 Iter: 18/96 loss: 16.2422 acc: 0.3025 time 13.48s
Epoch: 20/150 Iter: 19/96 loss: 16.5732 acc: 0.2924 time 13.50s
Epoch: 20/150 Iter: 20/96 loss: 16.5005 acc: 0.2889 time 13.55s
Epoch: 20/150 Iter: 21/96 loss: 16.2772 acc: 0.2942 time 11.09s
Epoch: 20/150 Iter: 22/96 loss: 16.2727 acc: 0.2884 time 11.12s
Epoch: 20/150 Iter: 23/96 loss: 16.2451 acc: 0.2867 time 13.51s
Epoch: 20/150 Iter: 24/96 loss: 15.8548 acc: 0.2817 time 13.51s
Epoch: 20/150 Iter: 25/96 loss: 15.8417 acc: 0.2749 time 11.07s
Epoch: 20/150 Iter: 26/96 loss: 16.1960 acc: 0.2643 time 10.98s
Epoch: 20/150 Iter: 27/96 loss: 16.0358 acc: 0.2628 time 13.48s
Epoch: 20/150 Iter: 28/96 loss: 15.8933 acc: 0.2623 time 13.45s
Epoch: 20/150 Iter: 29/96 loss: 15.9639 acc: 0.2619 time 10.93s
Epoch: 20/150 Iter: 30/96 loss: 16.1178 acc: 0.2606 time 10.99s
Epoch: 20/150 Iter: 31/96 loss: 16.2875 acc: 0.2557 time 10.98s
Epoch: 20/150 Iter: 32/96 loss: 16.0797 acc: 0.2530 time 11.12s
Epoch: 20/150 Iter: 33/96 loss: 15.7368 acc: 0.2534 time 13.55s
Epoch: 20/150 Iter: 34/96 loss: 15.5610 acc: 0.2557 time 10.95s
Epoch: 20/150 Iter: 35/96 loss: 15.6903 acc: 0.2548 time 11.00s
Epoch: 20/150 Iter: 36/96 loss: 15.7243 acc: 0.2554 time 13.48s
Epoch: 20/150 Iter: 37/96 loss: 15.6694 acc: 0.2521 time 10.92s
Epoch: 20/150 Iter: 38/96 loss: 15.8198 acc: 0.2472 time 11.07s
Epoch: 20/150 Iter: 39/96 loss: 15.9551 acc: 0.2437 time 11.13s
Epoch: 20/150 Iter: 40/96 loss: 16.0169 acc: 0.2493 time 10.99s
Epoch: 20/150 Iter: 41/96 loss: 15.7508 acc: 0.2581 time 13.52s
Epoch: 20/150 Iter: 42/96 loss: 15.5667 acc: 0.2560 time 10.94s
Epoch: 20/150 Iter: 43/96 loss: 15.6453 acc: 0.2552 time 11.07s
Epoch: 20/150 Iter: 44/96 loss: 15.5485 acc: 0.2532 time 10.96s
Epoch: 20/150 Iter: 45/96 loss: 15.3763 acc: 0.2586 time 10.95s
Epoch: 20/150 Iter: 46/96 loss: 15.5653 acc: 0.2530 time 13.53s
Epoch: 20/150 Iter: 47/96 loss: 15.5480 acc: 0.2476 time 13.53s
Epoch: 20/150 Iter: 48/96 loss: 15.7287 acc: 0.2459 time 10.96s
Epoch: 20/150 Iter: 49/96 loss: 15.7306 acc: 0.2409 time 13.51s
Epoch: 20/150 Iter: 50/96 loss: 15.7337 acc: 0.2428 time 10.99s
Epoch: 20/150 Iter: 51/96 loss: 15.7113 acc: 0.2429 time 13.62s
Epoch: 20/150 Iter: 52/96 loss: 15.6929 acc: 0.2425 time 13.50s
Epoch: 20/150 Iter: 53/96 loss: 15.6701 acc: 0.2421 time 10.90s
Epoch: 20/150 Iter: 54/96 loss: 15.6507 acc: 0.2407 time 10.97s
Epoch: 20/150 Iter: 55/96 loss: 15.6654 acc: 0.2376 time 13.50s
Epoch: 20/150 Iter: 56/96 loss: 15.7472 acc: 0.2353 time 11.23s
Epoch: 20/150 Iter: 57/96 loss: 15.7634 acc: 0.2312 time 13.49s
Epoch: 20/150 Iter: 58/96 loss: 15.9634 acc: 0.2272 time 13.57s
Epoch: 20/150 Iter: 59/96 loss: 15.8140 acc: 0.2318 time 13.51s
Epoch: 20/150 Iter: 60/96 loss: 15.5748 acc: 0.2391 time 13.51s
Epoch: 20/150 Iter: 61/96 loss: 15.4443 acc: 0.2379 time 13.46s
Epoch: 20/150 Iter: 62/96 loss: 15.3999 acc: 0.2362 time 11.06s
Epoch: 20/150 Iter: 63/96 loss: 15.4981 acc: 0.2351 time 13.51s
Epoch: 20/150 Iter: 64/96 loss: 15.5135 acc: 0.2349 time 13.53s
Epoch: 20/150 Iter: 65/96 loss: 15.6764 acc: 0.2313 time 13.48s
Epoch: 20/150 Iter: 66/96 loss: 15.6215 acc: 0.2328 time 11.09s
Epoch: 20/150 Iter: 67/96 loss: 15.6033 acc: 0.2343 time 13.52s
Epoch: 20/150 Iter: 68/96 loss: 15.7114 acc: 0.2325 time 10.93s
Epoch: 20/150 Iter: 69/96 loss: 15.8931 acc: 0.2291 time 11.14s
Epoch: 20/150 Iter: 70/96 loss: 15.9422 acc: 0.2290 time 11.05s
Epoch: 20/150 Iter: 71/96 loss: 16.0192 acc: 0.2282 time 13.47s
Epoch: 20/150 Iter: 72/96 loss: 15.9141 acc: 0.2296 time 13.51s
Epoch: 20/150 Iter: 73/96 loss: 15.9992 acc: 0.2276 time 13.56s
Epoch: 20/150 Iter: 74/96 loss: 16.1063 acc: 0.2245 time 13.54s
Epoch: 20/150 Iter: 75/96 loss: 16.0156 acc: 0.2266 time 13.48s
Epoch: 20/150 Iter: 76/96 loss: 16.2464 acc: 0.2247 time 10.89s
Epoch: 20/150 Iter: 77/96 loss: 16.3177 acc: 0.2239 time 11.26s
Epoch: 20/150 Iter: 78/96 loss: 16.1931 acc: 0.2253 time 10.95s
Epoch: 20/150 Iter: 79/96 loss: 16.1875 acc: 0.2274 time 13.46s
Epoch: 20/150 Iter: 80/96 loss: 16.0723 acc: 0.2301 time 10.96s
Epoch: 20/150 Iter: 81/96 loss: 16.1785 acc: 0.2307 time 10.86s
Epoch: 20/150 Iter: 82/96 loss: 16.2634 acc: 0.2309 time 10.90s
Epoch: 20/150 Iter: 83/96 loss: 16.3308 acc: 0.2308 time 11.13s
Epoch: 20/150 Iter: 84/96 loss: 16.3457 acc: 0.2320 time 13.58s
Epoch: 20/150 Iter: 85/96 loss: 16.2571 acc: 0.2303 time 11.07s
Epoch: 20/150 Iter: 86/96 loss: 16.2205 acc: 0.2286 time 10.95s
Epoch: 20/150 Iter: 87/96 loss: 16.1085 acc: 0.2279 time 13.47s
Epoch: 20/150 Iter: 88/96 loss: 16.1917 acc: 0.2262 time 13.42s
Epoch: 20/150 Iter: 89/96 loss: 16.1821 acc: 0.2249 time 10.97s
Epoch: 20/150 Iter: 90/96 loss: 16.1053 acc: 0.2280 time 10.85s
Epoch: 20/150 Iter: 91/96 loss: 16.0896 acc: 0.2255 time 13.49s
Epoch: 20/150 Iter: 92/96 loss: 16.0651 acc: 0.2248 time 10.94s
Epoch: 20/150 Iter: 93/96 loss: 16.1154 acc: 0.2251 time 13.48s
Epoch: 20/150 Iter: 94/96 loss: 16.0121 acc: 0.2302 time 13.40s
Epoch: 20/150 Iter: 95/96 loss: 15.9918 acc: 0.2304 time 13.45s
Epoch: 20/150 Iter: 96/96 loss: 16.0123 acc: 0.2315 time 11.04s
[Train epoch 20] avg_loss=16.0123 avg_acc=0.2315 | per-class [c0: 0.439, c1: 0.167, c2: 0.184]
Final training 20/150, loss: 16.0123, time 1169.13s, lr: 0.000000
Accuracy: 0.307
class                  precision    recall   specificity      f1   support
--------------------------------------------------------------------------
0                          0.471     0.439         0.534   0.455       280
1                          0.027     0.167         0.676   0.047        30
2                          0.368     0.184         0.729   0.246       266
*----------------------------------------*
Val 20/150 1/24, Acc: 0.1111, Loss: 16.7715, time 10.95s
Val 20/150 2/24, Acc: 0.2222, Loss: 13.5333, time 10.95s
Val 20/150 3/24, Acc: 0.2593, Loss: 11.3565, time 11.01s
Val 20/150 4/24, Acc: 0.2569, Loss: 12.1958, time 10.91s
Val 20/150 5/24, Acc: 0.2222, Loss: 11.5295, time 11.03s
Val 20/150 6/24, Acc: 0.1991, Loss: 11.6863, time 11.08s
Val 20/150 7/24, Acc: 0.1944, Loss: 11.9406, time 10.95s
Val 20/150 8/24, Acc: 0.1806, Loss: 11.7940, time 11.00s
Val 20/150 9/24, Acc: 0.1679, Loss: 11.1626, time 10.99s
Val 20/150 10/24, Acc: 0.1978, Loss: 10.8683, time 11.21s
Val 20/150 11/24, Acc: 0.2253, Loss: 10.8064, time 10.91s
Val 20/150 12/24, Acc: 0.2273, Loss: 10.6672, time 11.01s
Val 20/150 13/24, Acc: 0.2355, Loss: 10.4891, time 11.10s
Val 20/150 14/24, Acc: 0.2901, Loss: 9.7438, time 11.00s
Val 20/150 15/24, Acc: 0.3263, Loss: 9.1822, time 10.94s
Val 20/150 16/24, Acc: 0.3184, Loss: 9.0551, time 10.92s
Val 20/150 17/24, Acc: 0.3095, Loss: 9.4708, time 11.07s
Val 20/150 18/24, Acc: 0.3015, Loss: 9.3524, time 11.00s
Val 20/150 19/24, Acc: 0.3330, Loss: 8.8916, time 11.04s
Val 20/150 20/24, Acc: 0.3331, Loss: 8.6493, time 11.04s
Val 20/150 21/24, Acc: 0.3331, Loss: 8.8733, time 11.00s
Val 20/150 22/24, Acc: 0.3230, Loss: 9.2944, time 11.22s
Val 20/150 23/24, Acc: 0.3331, Loss: 9.0427, time 10.87s
Val 20/150 24/24, Acc: 0.3192, Loss: 9.4725, time 10.90s
[Val epoch 20] avg_acc=0.3192 | avg_loss=9.4725 | per-class [c0: 0.486, c1: 0.500, c2: 0.258]
Final validation 20/150, Val_acc: 0.3192, time 264.13sAccuracy: 0.382
class                  precision    recall   specificity      f1   support
--------------------------------------------------------------------------
0                          0.479     0.486         0.500   0.482        70
1                          0.111     0.500         0.765   0.182         8
2                          0.459     0.258         0.744   0.330        66
*========================================*
Saving checkpoint outputs/OrganoidsINRIA/swinunetr+noah/2025-11-28-12-24/training/model_final.pt
[EarlyStopping] no improve (9/30)
[EarlyStopping] no improve (9/30)
0 Fri Nov 28 19:37:50 2025 Epoch: 21
Epoch: 21/150 Iter: 1/96 loss: 5.6454 acc: 0.2222 time 17.31s
Epoch: 21/150 Iter: 2/96 loss: 14.4492 acc: 0.1667 time 11.20s
Epoch: 21/150 Iter: 3/96 loss: 17.5601 acc: 0.1667 time 11.20s
Epoch: 21/150 Iter: 4/96 loss: 19.7838 acc: 0.1875 time 11.04s
Epoch: 21/150 Iter: 5/96 loss: 20.9441 acc: 0.1500 time 13.48s
Epoch: 21/150 Iter: 6/96 loss: 21.1246 acc: 0.1435 time 13.55s
Epoch: 21/150 Iter: 7/96 loss: 18.7915 acc: 0.1865 time 10.94s
Epoch: 21/150 Iter: 8/96 loss: 17.9482 acc: 0.2101 time 11.08s
Epoch: 21/150 Iter: 9/96 loss: 17.3844 acc: 0.2114 time 13.56s
Epoch: 21/150 Iter: 10/96 loss: 16.3784 acc: 0.1986 time 11.19s
Epoch: 21/150 Iter: 11/96 loss: 15.3179 acc: 0.2169 time 10.90s
Epoch: 21/150 Iter: 12/96 loss: 15.3688 acc: 0.2174 time 13.59s
Epoch: 21/150 Iter: 13/96 loss: 15.5661 acc: 0.2199 time 10.96s
Epoch: 21/150 Iter: 14/96 loss: 14.6949 acc: 0.2399 time 10.92s
Epoch: 21/150 Iter: 15/96 loss: 14.5331 acc: 0.2239 time 13.46s
Epoch: 21/150 Iter: 16/96 loss: 14.0049 acc: 0.2255 time 10.97s
Epoch: 21/150 Iter: 17/96 loss: 14.0396 acc: 0.2201 time 13.47s
Epoch: 21/150 Iter: 18/96 loss: 13.7516 acc: 0.2264 time 10.92s
Epoch: 21/150 Iter: 19/96 loss: 13.7166 acc: 0.2232 time 10.93s
Epoch: 21/150 Iter: 20/96 loss: 13.5022 acc: 0.2204 time 13.49s
Epoch: 21/150 Iter: 21/96 loss: 13.0907 acc: 0.2397 time 10.88s
Epoch: 21/150 Iter: 22/96 loss: 12.7614 acc: 0.2477 time 13.47s
Epoch: 21/150 Iter: 23/96 loss: 12.9692 acc: 0.2466 time 13.48s
Epoch: 21/150 Iter: 24/96 loss: 12.8636 acc: 0.2398 time 11.08s
Epoch: 21/150 Iter: 25/96 loss: 12.7825 acc: 0.2336 time 10.93s
Epoch: 21/150 Iter: 26/96 loss: 12.8455 acc: 0.2288 time 10.90s
Epoch: 21/150 Iter: 27/96 loss: 12.7422 acc: 0.2296 time 11.09s
Epoch: 21/150 Iter: 28/96 loss: 12.7246 acc: 0.2254 time 11.11s
Epoch: 21/150 Iter: 29/96 loss: 12.6923 acc: 0.2320 time 11.15s
Epoch: 21/150 Iter: 30/96 loss: 12.8686 acc: 0.2298 time 13.44s
Epoch: 21/150 Iter: 31/96 loss: 13.2656 acc: 0.2305 time 10.97s
Epoch: 21/150 Iter: 32/96 loss: 12.9828 acc: 0.2319 time 13.46s
Epoch: 21/150 Iter: 33/96 loss: 13.0823 acc: 0.2325 time 10.97s
Epoch: 21/150 Iter: 34/96 loss: 12.8666 acc: 0.2420 time 11.13s
Epoch: 21/150 Iter: 35/96 loss: 13.2867 acc: 0.2398 time 13.48s
Epoch: 21/150 Iter: 36/96 loss: 13.1613 acc: 0.2378 time 11.22s
Epoch: 21/150 Iter: 37/96 loss: 12.9962 acc: 0.2404 time 13.60s
Epoch: 21/150 Iter: 38/96 loss: 12.8598 acc: 0.2450 time 13.56s
Epoch: 21/150 Iter: 39/96 loss: 13.0129 acc: 0.2452 time 11.12s
Epoch: 21/150 Iter: 40/96 loss: 13.0413 acc: 0.2494 time 11.12s
Epoch: 21/150 Iter: 41/96 loss: 12.8508 acc: 0.2623 time 13.53s
Epoch: 21/150 Iter: 42/96 loss: 12.7702 acc: 0.2650 time 10.95s
Epoch: 21/150 Iter: 43/96 loss: 12.8096 acc: 0.2647 time 10.94s
Epoch: 21/150 Iter: 44/96 loss: 12.6508 acc: 0.2662 time 11.12s
Epoch: 21/150 Iter: 45/96 loss: 12.9510 acc: 0.2603 time 11.11s
Epoch: 21/150 Iter: 46/96 loss: 12.8324 acc: 0.2637 time 11.21s
Epoch: 21/150 Iter: 47/96 loss: 12.7881 acc: 0.2645 time 13.47s
Epoch: 21/150 Iter: 48/96 loss: 12.6698 acc: 0.2624 time 13.55s
Epoch: 21/150 Iter: 49/96 loss: 12.6370 acc: 0.2598 time 11.23s
Epoch: 21/150 Iter: 50/96 loss: 12.6430 acc: 0.2596 time 13.48s
Epoch: 21/150 Iter: 51/96 loss: 12.7092 acc: 0.2567 time 13.45s
Epoch: 21/150 Iter: 52/96 loss: 12.7674 acc: 0.2518 time 11.08s
Epoch: 21/150 Iter: 53/96 loss: 12.9251 acc: 0.2517 time 13.57s
Epoch: 21/150 Iter: 54/96 loss: 12.8070 acc: 0.2522 time 13.48s
Epoch: 21/150 Iter: 55/96 loss: 12.8811 acc: 0.2496 time 13.52s
Epoch: 21/150 Iter: 56/96 loss: 12.9488 acc: 0.2511 time 10.95s
Epoch: 21/150 Iter: 57/96 loss: 12.8078 acc: 0.2545 time 13.46s
Epoch: 21/150 Iter: 58/96 loss: 12.9082 acc: 0.2559 time 13.51s
Epoch: 21/150 Iter: 59/96 loss: 12.7914 acc: 0.2600 time 10.97s
Epoch: 21/150 Iter: 60/96 loss: 12.7283 acc: 0.2613 time 10.97s
Epoch: 21/150 Iter: 61/96 loss: 12.7536 acc: 0.2592 time 10.98s
Epoch: 21/150 Iter: 62/96 loss: 12.7526 acc: 0.2590 time 10.97s
Epoch: 21/150 Iter: 63/96 loss: 12.7514 acc: 0.2589 time 11.10s
Epoch: 21/150 Iter: 64/96 loss: 12.7779 acc: 0.2587 time 13.58s
Epoch: 21/150 Iter: 65/96 loss: 12.7230 acc: 0.2624 time 11.06s
Epoch: 21/150 Iter: 66/96 loss: 12.6468 acc: 0.2645 time 11.07s
Epoch: 21/150 Iter: 67/96 loss: 12.7647 acc: 0.2622 time 10.97s
Epoch: 21/150 Iter: 68/96 loss: 12.6694 acc: 0.2633 time 11.17s
Epoch: 21/150 Iter: 69/96 loss: 12.5575 acc: 0.2643 time 13.46s
Epoch: 21/150 Iter: 70/96 loss: 12.6323 acc: 0.2662 time 13.48s
Epoch: 21/150 Iter: 71/96 loss: 12.8320 acc: 0.2640 time 10.95s
Epoch: 21/150 Iter: 72/96 loss: 12.8499 acc: 0.2650 time 11.27s
Epoch: 21/150 Iter: 73/96 loss: 12.8211 acc: 0.2659 time 13.57s
Epoch: 21/150 Iter: 74/96 loss: 12.8337 acc: 0.2684 time 10.96s
Epoch: 21/150 Iter: 75/96 loss: 12.9590 acc: 0.2648 time 13.48s
Epoch: 21/150 Iter: 76/96 loss: 12.8449 acc: 0.2679 time 13.50s
Epoch: 21/150 Iter: 77/96 loss: 12.8902 acc: 0.2644 time 10.95s
Epoch: 21/150 Iter: 78/96 loss: 12.8521 acc: 0.2619 time 10.90s
Epoch: 21/150 Iter: 79/96 loss: 12.8381 acc: 0.2614 time 10.90s
Epoch: 21/150 Iter: 80/96 loss: 12.8720 acc: 0.2612 time 13.51s
Epoch: 21/150 Iter: 81/96 loss: 13.1945 acc: 0.2600 time 13.43s
Epoch: 21/150 Iter: 82/96 loss: 13.3873 acc: 0.2582 time 10.97s
Epoch: 21/150 Iter: 83/96 loss: 13.3084 acc: 0.2611 time 13.47s
Epoch: 21/150 Iter: 84/96 loss: 13.2947 acc: 0.2630 time 11.06s
Epoch: 21/150 Iter: 85/96 loss: 13.3209 acc: 0.2599 time 10.96s
Epoch: 21/150 Iter: 86/96 loss: 13.3254 acc: 0.2608 time 13.50s
Epoch: 21/150 Iter: 87/96 loss: 13.4757 acc: 0.2585 time 10.96s
Epoch: 21/150 Iter: 88/96 loss: 13.5104 acc: 0.2575 time 10.90s
Epoch: 21/150 Iter: 89/96 loss: 13.6131 acc: 0.2565 time 13.47s
Epoch: 21/150 Iter: 90/96 loss: 13.6473 acc: 0.2564 time 13.43s
Epoch: 21/150 Iter: 91/96 loss: 13.7985 acc: 0.2548 time 10.88s
Epoch: 21/150 Iter: 92/96 loss: 13.8520 acc: 0.2544 time 10.92s
Epoch: 21/150 Iter: 93/96 loss: 13.9680 acc: 0.2535 time 10.86s
Epoch: 21/150 Iter: 94/96 loss: 13.9027 acc: 0.2555 time 13.46s
Epoch: 21/150 Iter: 95/96 loss: 13.8634 acc: 0.2537 time 11.00s
Epoch: 21/150 Iter: 96/96 loss: 13.8003 acc: 0.2537 time 10.96s
[Train epoch 21] avg_loss=13.8003 avg_acc=0.2537 | per-class [c0: 0.512, c1: 0.167, c2: 0.196]
Final training 21/150, loss: 13.8003, time 1156.03s, lr: 0.000000
Accuracy: 0.349
class                  precision    recall   specificity      f1   support
--------------------------------------------------------------------------
0                          0.493     0.512         0.498   0.503       281
1                          0.030     0.167         0.709   0.052        30
2                          0.433     0.196         0.781   0.270       265
*----------------------------------------*
0 Fri Nov 28 19:57:07 2025 Epoch: 22
Epoch: 22/150 Iter: 1/96 loss: 8.6178 acc: 0.2500 time 17.17s
Epoch: 22/150 Iter: 2/96 loss: 12.4899 acc: 0.2361 time 13.50s
Epoch: 22/150 Iter: 3/96 loss: 13.7717 acc: 0.2130 time 13.50s
Epoch: 22/150 Iter: 4/96 loss: 13.8581 acc: 0.2014 time 13.47s
Epoch: 22/150 Iter: 5/96 loss: 12.7660 acc: 0.2111 time 13.49s
Epoch: 22/150 Iter: 6/96 loss: 14.1266 acc: 0.2130 time 13.49s
Epoch: 22/150 Iter: 7/96 loss: 16.2019 acc: 0.2143 time 11.12s
Epoch: 22/150 Iter: 8/96 loss: 16.4272 acc: 0.1875 time 11.21s
Epoch: 22/150 Iter: 9/96 loss: 17.2082 acc: 0.1667 time 10.92s
Epoch: 22/150 Iter: 10/96 loss: 17.3715 acc: 0.1583 time 10.97s
Epoch: 22/150 Iter: 11/96 loss: 16.5838 acc: 0.1894 time 11.14s
Epoch: 22/150 Iter: 12/96 loss: 16.1800 acc: 0.2060 time 13.48s
Epoch: 22/150 Iter: 13/96 loss: 16.0627 acc: 0.2073 time 11.19s
Epoch: 22/150 Iter: 14/96 loss: 15.8537 acc: 0.1984 time 11.10s
Epoch: 22/150 Iter: 15/96 loss: 16.4096 acc: 0.2119 time 13.57s
Epoch: 22/150 Iter: 16/96 loss: 16.0690 acc: 0.2194 time 13.51s
Epoch: 22/150 Iter: 17/96 loss: 15.6132 acc: 0.2212 time 11.06s
Epoch: 22/150 Iter: 18/96 loss: 15.3536 acc: 0.2213 time 13.49s
Epoch: 22/150 Iter: 19/96 loss: 14.6387 acc: 0.2272 time 13.51s
Epoch: 22/150 Iter: 20/96 loss: 14.7979 acc: 0.2269 time 10.96s
Epoch: 22/150 Iter: 21/96 loss: 15.0126 acc: 0.2225 time 11.11s
Epoch: 22/150 Iter: 22/96 loss: 14.9689 acc: 0.2162 time 11.11s
Epoch: 22/150 Iter: 23/96 loss: 14.5418 acc: 0.2357 time 13.56s
Epoch: 22/150 Iter: 24/96 loss: 14.1564 acc: 0.2416 time 10.88s
Epoch: 22/150 Iter: 25/96 loss: 13.8564 acc: 0.2569 time 13.51s
Epoch: 22/150 Iter: 26/96 loss: 14.1401 acc: 0.2662 time 10.89s
Epoch: 22/150 Iter: 27/96 loss: 14.0517 acc: 0.2646 time 13.50s
Epoch: 22/150 Iter: 28/96 loss: 13.6993 acc: 0.2641 time 11.01s
Epoch: 22/150 Iter: 29/96 loss: 13.5190 acc: 0.2596 time 13.56s
Epoch: 22/150 Iter: 30/96 loss: 13.1126 acc: 0.2648 time 13.46s
Epoch: 22/150 Iter: 31/96 loss: 13.0572 acc: 0.2670 time 13.53s
Epoch: 22/150 Iter: 32/96 loss: 13.6301 acc: 0.2587 time 10.97s
Epoch: 22/150 Iter: 33/96 loss: 13.5495 acc: 0.2576 time 13.47s
Epoch: 22/150 Iter: 34/96 loss: 13.3733 acc: 0.2598 time 13.51s
Epoch: 22/150 Iter: 35/96 loss: 13.5471 acc: 0.2619 time 13.57s
Epoch: 22/150 Iter: 36/96 loss: 13.7343 acc: 0.2593 time 10.99s
Epoch: 22/150 Iter: 37/96 loss: 13.5768 acc: 0.2643 time 10.93s
Epoch: 22/150 Iter: 38/96 loss: 13.8200 acc: 0.2602 time 11.09s
Epoch: 22/150 Iter: 39/96 loss: 13.8191 acc: 0.2553 time 13.48s
Epoch: 22/150 Iter: 40/96 loss: 13.7306 acc: 0.2572 time 13.62s
Epoch: 22/150 Iter: 41/96 loss: 13.9221 acc: 0.2640 time 10.95s
Epoch: 22/150 Iter: 42/96 loss: 14.0628 acc: 0.2656 time 11.20s
Epoch: 22/150 Iter: 43/96 loss: 14.3828 acc: 0.2633 time 11.12s
Epoch: 22/150 Iter: 44/96 loss: 14.2353 acc: 0.2619 time 13.51s
Epoch: 22/150 Iter: 45/96 loss: 14.3810 acc: 0.2610 time 11.10s
Epoch: 22/150 Iter: 46/96 loss: 14.2982 acc: 0.2589 time 13.53s
Epoch: 22/150 Iter: 47/96 loss: 14.3614 acc: 0.2552 time 11.23s
Epoch: 22/150 Iter: 48/96 loss: 14.5766 acc: 0.2499 time 11.06s
Epoch: 22/150 Iter: 49/96 loss: 14.4121 acc: 0.2539 time 10.92s
Epoch: 22/150 Iter: 50/96 loss: 14.3475 acc: 0.2532 time 10.94s
Epoch: 22/150 Iter: 51/96 loss: 14.4787 acc: 0.2483 time 10.92s
Epoch: 22/150 Iter: 52/96 loss: 14.5064 acc: 0.2451 time 11.08s
Epoch: 22/150 Iter: 53/96 loss: 14.4234 acc: 0.2442 time 13.51s
Epoch: 22/150 Iter: 54/96 loss: 14.3968 acc: 0.2459 time 11.17s
Epoch: 22/150 Iter: 55/96 loss: 14.4827 acc: 0.2414 time 11.11s
Epoch: 22/150 Iter: 56/96 loss: 14.6520 acc: 0.2442 time 10.96s
Epoch: 22/150 Iter: 57/96 loss: 14.5008 acc: 0.2493 time 13.50s
Epoch: 22/150 Iter: 58/96 loss: 14.4424 acc: 0.2489 time 10.94s
Epoch: 22/150 Iter: 59/96 loss: 14.4376 acc: 0.2517 time 13.55s
Epoch: 22/150 Iter: 60/96 loss: 14.6354 acc: 0.2508 time 13.55s
Epoch: 22/150 Iter: 61/96 loss: 14.4374 acc: 0.2586 time 13.55s
Epoch: 22/150 Iter: 62/96 loss: 14.3234 acc: 0.2642 time 11.08s
Epoch: 22/150 Iter: 63/96 loss: 14.4203 acc: 0.2627 time 13.56s
Epoch: 22/150 Iter: 64/96 loss: 14.3338 acc: 0.2638 time 13.50s
Epoch: 22/150 Iter: 65/96 loss: 14.3043 acc: 0.2608 time 13.51s
Epoch: 22/150 Iter: 66/96 loss: 14.5203 acc: 0.2606 time 10.92s
Epoch: 22/150 Iter: 67/96 loss: 14.4751 acc: 0.2592 time 13.56s
Epoch: 22/150 Iter: 68/96 loss: 14.3627 acc: 0.2627 time 10.92s
Epoch: 22/150 Iter: 69/96 loss: 14.5455 acc: 0.2601 time 10.93s
Epoch: 22/150 Iter: 70/96 loss: 14.4734 acc: 0.2612 time 11.11s
Epoch: 22/150 Iter: 71/96 loss: 14.5214 acc: 0.2585 time 11.11s
Epoch: 22/150 Iter: 72/96 loss: 14.4694 acc: 0.2564 time 10.97s
Epoch: 22/150 Iter: 73/96 loss: 14.4355 acc: 0.2597 time 13.55s
Epoch: 22/150 Iter: 74/96 loss: 14.4605 acc: 0.2577 time 11.13s
Epoch: 22/150 Iter: 75/96 loss: 14.4440 acc: 0.2561 time 13.60s
Epoch: 22/150 Iter: 76/96 loss: 14.5715 acc: 0.2527 time 10.99s
Epoch: 22/150 Iter: 77/96 loss: 14.4348 acc: 0.2512 time 11.08s
Epoch: 22/150 Iter: 78/96 loss: 14.2843 acc: 0.2593 time 11.18s
Epoch: 22/150 Iter: 79/96 loss: 14.2869 acc: 0.2592 time 13.52s
Epoch: 22/150 Iter: 80/96 loss: 14.1849 acc: 0.2574 time 13.55s
Epoch: 22/150 Iter: 81/96 loss: 14.1261 acc: 0.2583 time 13.45s
Epoch: 22/150 Iter: 82/96 loss: 14.0748 acc: 0.2612 time 13.45s
Epoch: 22/150 Iter: 83/96 loss: 14.1202 acc: 0.2581 time 10.93s
Epoch: 22/150 Iter: 84/96 loss: 14.2002 acc: 0.2598 time 13.47s
Epoch: 22/150 Iter: 85/96 loss: 14.3608 acc: 0.2580 time 11.02s
Epoch: 22/150 Iter: 86/96 loss: 14.3700 acc: 0.2570 time 10.86s
Epoch: 22/150 Iter: 87/96 loss: 14.3945 acc: 0.2550 time 10.90s
Epoch: 22/150 Iter: 88/96 loss: 14.2709 acc: 0.2571 time 13.46s
Epoch: 22/150 Iter: 89/96 loss: 14.1846 acc: 0.2580 time 10.84s
Epoch: 22/150 Iter: 90/96 loss: 14.0566 acc: 0.2581 time 13.46s
Epoch: 22/150 Iter: 91/96 loss: 14.0384 acc: 0.2583 time 13.44s
Epoch: 22/150 Iter: 92/96 loss: 14.1060 acc: 0.2555 time 10.97s
Epoch: 22/150 Iter: 93/96 loss: 14.1745 acc: 0.2527 time 10.85s
Epoch: 22/150 Iter: 94/96 loss: 14.2575 acc: 0.2501 time 13.45s
Epoch: 22/150 Iter: 95/96 loss: 14.3398 acc: 0.2483 time 11.12s
Epoch: 22/150 Iter: 96/96 loss: 14.6224 acc: 0.2492 time 11.19s
[Train epoch 22] avg_loss=14.6224 avg_acc=0.2492 | per-class [c0: 0.464, c1: 0.233, c2: 0.207]
Final training 22/150, loss: 14.6224, time 1171.70s, lr: 0.000000
Accuracy: 0.333
class                  precision    recall   specificity      f1   support
--------------------------------------------------------------------------
0                          0.508     0.464         0.574   0.485       280
1                          0.036     0.233         0.661   0.063        30
2                          0.430     0.207         0.765   0.279       266
*----------------------------------------*
Val 22/150 1/24, Acc: 0.1111, Loss: 16.7715, time 10.91s
Val 22/150 2/24, Acc: 0.2222, Loss: 13.5333, time 10.97s
Val 22/150 3/24, Acc: 0.2593, Loss: 11.3565, time 10.93s
Val 22/150 4/24, Acc: 0.2569, Loss: 12.1958, time 10.92s
Val 22/150 5/24, Acc: 0.2222, Loss: 11.5295, time 11.08s
Val 22/150 6/24, Acc: 0.1991, Loss: 11.6863, time 11.01s
Val 22/150 7/24, Acc: 0.1944, Loss: 11.9406, time 11.04s
Val 22/150 8/24, Acc: 0.1806, Loss: 11.7940, time 11.00s
Val 22/150 9/24, Acc: 0.1679, Loss: 11.1626, time 10.90s
Val 22/150 10/24, Acc: 0.1978, Loss: 10.8683, time 11.19s
Val 22/150 11/24, Acc: 0.2253, Loss: 10.8064, time 10.98s
Val 22/150 12/24, Acc: 0.2273, Loss: 10.6672, time 11.05s
Val 22/150 13/24, Acc: 0.2355, Loss: 10.4891, time 11.07s
Val 22/150 14/24, Acc: 0.2901, Loss: 9.7438, time 11.06s
Val 22/150 15/24, Acc: 0.3263, Loss: 9.1822, time 10.98s
Val 22/150 16/24, Acc: 0.3184, Loss: 9.0551, time 10.92s
Val 22/150 17/24, Acc: 0.3095, Loss: 9.4708, time 11.08s
Val 22/150 18/24, Acc: 0.3015, Loss: 9.3524, time 10.98s
Val 22/150 19/24, Acc: 0.3330, Loss: 8.8916, time 11.00s
Val 22/150 20/24, Acc: 0.3331, Loss: 8.6493, time 11.05s
Val 22/150 21/24, Acc: 0.3331, Loss: 8.8733, time 11.00s
Val 22/150 22/24, Acc: 0.3230, Loss: 9.2944, time 11.29s
Val 22/150 23/24, Acc: 0.3331, Loss: 9.0427, time 10.88s
Val 22/150 24/24, Acc: 0.3192, Loss: 9.4725, time 10.91s
[Val epoch 22] avg_acc=0.3192 | avg_loss=9.4725 | per-class [c0: 0.486, c1: 0.500, c2: 0.258]
Final validation 22/150, Val_acc: 0.3192, time 264.21sAccuracy: 0.382
class                  precision    recall   specificity      f1   support
--------------------------------------------------------------------------
0                          0.479     0.486         0.500   0.482        70
1                          0.111     0.500         0.765   0.182         8
2                          0.459     0.258         0.744   0.330        66
*========================================*
Saving checkpoint outputs/OrganoidsINRIA/swinunetr+noah/2025-11-28-12-24/training/model_final.pt
[EarlyStopping] no improve (10/30)
[EarlyStopping] no improve (10/30)
0 Fri Nov 28 20:21:08 2025 Epoch: 23
Epoch: 23/150 Iter: 1/96 loss: 10.0372 acc: 0.2500 time 15.87s
Epoch: 23/150 Iter: 2/96 loss: 15.0401 acc: 0.1583 time 11.21s
Epoch: 23/150 Iter: 3/96 loss: 12.9182 acc: 0.2167 time 13.53s
Epoch: 23/150 Iter: 4/96 loss: 14.2474 acc: 0.1625 time 10.97s
Epoch: 23/150 Iter: 5/96 loss: 13.6430 acc: 0.1967 time 10.92s
Epoch: 23/150 Iter: 6/96 loss: 11.6328 acc: 0.2306 time 11.11s
Epoch: 23/150 Iter: 7/96 loss: 11.4580 acc: 0.2167 time 10.98s
Epoch: 23/150 Iter: 8/96 loss: 11.6321 acc: 0.2313 time 10.98s
Epoch: 23/150 Iter: 9/96 loss: 11.9245 acc: 0.2179 time 10.97s
Epoch: 23/150 Iter: 10/96 loss: 12.0759 acc: 0.1961 time 11.09s
Epoch: 23/150 Iter: 11/96 loss: 13.1756 acc: 0.1934 time 11.22s
Epoch: 23/150 Iter: 12/96 loss: 13.4978 acc: 0.1773 time 13.51s
Epoch: 23/150 Iter: 13/96 loss: 13.8965 acc: 0.1701 time 11.19s
Epoch: 23/150 Iter: 14/96 loss: 13.8694 acc: 0.1659 time 13.58s
Epoch: 23/150 Iter: 15/96 loss: 13.3085 acc: 0.1937 time 10.99s
Epoch: 23/150 Iter: 16/96 loss: 14.4848 acc: 0.1858 time 11.21s
Epoch: 23/150 Iter: 17/96 loss: 14.5640 acc: 0.1846 time 10.98s
Epoch: 23/150 Iter: 18/96 loss: 14.5754 acc: 0.1867 time 11.13s
Epoch: 23/150 Iter: 19/96 loss: 14.4969 acc: 0.1886 time 13.54s
Epoch: 23/150 Iter: 20/96 loss: 14.7876 acc: 0.1792 time 13.50s
Epoch: 23/150 Iter: 21/96 loss: 14.4286 acc: 0.1865 time 11.11s
Epoch: 23/150 Iter: 22/96 loss: 14.6353 acc: 0.1818 time 13.57s
Epoch: 23/150 Iter: 23/96 loss: 14.8440 acc: 0.1860 time 11.11s
Epoch: 23/150 Iter: 24/96 loss: 15.0663 acc: 0.1782 time 10.92s
Epoch: 23/150 Iter: 25/96 loss: 15.0564 acc: 0.1811 time 11.19s
Epoch: 23/150 Iter: 26/96 loss: 15.3058 acc: 0.1838 time 11.10s
Epoch: 23/150 Iter: 27/96 loss: 14.9677 acc: 0.1924 time 10.92s
Epoch: 23/150 Iter: 28/96 loss: 14.8673 acc: 0.2004 time 11.13s
Epoch: 23/150 Iter: 29/96 loss: 15.1523 acc: 0.1992 time 13.47s
Epoch: 23/150 Iter: 30/96 loss: 15.1226 acc: 0.2037 time 11.05s
Epoch: 23/150 Iter: 31/96 loss: 15.1907 acc: 0.2007 time 11.09s
Epoch: 23/150 Iter: 32/96 loss: 15.1049 acc: 0.2014 time 13.53s
Epoch: 23/150 Iter: 33/96 loss: 14.7934 acc: 0.2079 time 10.95s
Epoch: 23/150 Iter: 34/96 loss: 14.7835 acc: 0.2067 time 10.95s
Epoch: 23/150 Iter: 35/96 loss: 15.0165 acc: 0.2027 time 13.52s
Epoch: 23/150 Iter: 36/96 loss: 14.9147 acc: 0.2032 time 10.96s
Epoch: 23/150 Iter: 37/96 loss: 14.9297 acc: 0.2023 time 10.95s
Epoch: 23/150 Iter: 38/96 loss: 14.9100 acc: 0.1999 time 11.17s
Epoch: 23/150 Iter: 39/96 loss: 15.1647 acc: 0.1990 time 13.54s
Epoch: 23/150 Iter: 40/96 loss: 15.3317 acc: 0.1961 time 13.62s
Epoch: 23/150 Iter: 41/96 loss: 15.3993 acc: 0.1995 time 10.93s
Epoch: 23/150 Iter: 42/96 loss: 15.4184 acc: 0.1979 time 13.53s
Epoch: 23/150 Iter: 43/96 loss: 15.4617 acc: 0.1952 time 10.97s
Epoch: 23/150 Iter: 44/96 loss: 15.2412 acc: 0.2003 time 13.48s
Epoch: 23/150 Iter: 45/96 loss: 15.1669 acc: 0.1977 time 13.50s
Epoch: 23/150 Iter: 46/96 loss: 15.3545 acc: 0.1988 time 11.16s
Epoch: 23/150 Iter: 47/96 loss: 15.2391 acc: 0.2005 time 13.43s
Epoch: 23/150 Iter: 48/96 loss: 15.2105 acc: 0.1998 time 10.94s
Epoch: 23/150 Iter: 49/96 loss: 15.0774 acc: 0.2025 time 10.91s
Epoch: 23/150 Iter: 50/96 loss: 15.0508 acc: 0.2018 time 11.20s
Epoch: 23/150 Iter: 51/96 loss: 15.3207 acc: 0.2011 time 13.57s
Epoch: 23/150 Iter: 52/96 loss: 15.4762 acc: 0.1972 time 10.93s
Epoch: 23/150 Iter: 53/96 loss: 15.4851 acc: 0.1998 time 11.05s
Epoch: 23/150 Iter: 54/96 loss: 15.3414 acc: 0.2023 time 10.96s
Epoch: 23/150 Iter: 55/96 loss: 15.4517 acc: 0.2026 time 11.06s
Epoch: 23/150 Iter: 56/96 loss: 15.4167 acc: 0.2010 time 13.52s
Epoch: 23/150 Iter: 57/96 loss: 15.4195 acc: 0.2023 time 11.05s
Epoch: 23/150 Iter: 58/96 loss: 15.3895 acc: 0.2027 time 13.47s
Epoch: 23/150 Iter: 59/96 loss: 15.2930 acc: 0.2040 time 11.09s
Epoch: 23/150 Iter: 60/96 loss: 15.3122 acc: 0.2019 time 13.46s
Epoch: 23/150 Iter: 61/96 loss: 15.4933 acc: 0.1986 time 13.44s
Epoch: 23/150 Iter: 62/96 loss: 15.5815 acc: 0.1981 time 13.46s
Epoch: 23/150 Iter: 63/96 loss: 15.4108 acc: 0.2024 time 13.50s
Epoch: 23/150 Iter: 64/96 loss: 15.3381 acc: 0.2027 time 11.09s
Epoch: 23/150 Iter: 65/96 loss: 15.4192 acc: 0.2006 time 13.53s
Epoch: 23/150 Iter: 66/96 loss: 15.2492 acc: 0.2026 time 10.87s
Epoch: 23/150 Iter: 67/96 loss: 15.1477 acc: 0.2033 time 13.55s
Epoch: 23/150 Iter: 68/96 loss: 15.0718 acc: 0.2040 time 10.93s
Epoch: 23/150 Iter: 69/96 loss: 15.0708 acc: 0.2023 time 13.50s
Epoch: 23/150 Iter: 70/96 loss: 14.9093 acc: 0.2113 time 10.98s
Epoch: 23/150 Iter: 71/96 loss: 14.8704 acc: 0.2106 time 13.55s
Epoch: 23/150 Iter: 72/96 loss: 14.8778 acc: 0.2077 time 13.53s
Epoch: 23/150 Iter: 73/96 loss: 15.1702 acc: 0.2060 time 13.49s
Epoch: 23/150 Iter: 74/96 loss: 15.1883 acc: 0.2032 time 10.92s
Epoch: 23/150 Iter: 75/96 loss: 15.0051 acc: 0.2083 time 10.91s
Epoch: 23/150 Iter: 76/96 loss: 15.0762 acc: 0.2056 time 10.96s
Epoch: 23/150 Iter: 77/96 loss: 14.9947 acc: 0.2083 time 13.47s
Epoch: 23/150 Iter: 78/96 loss: 14.8693 acc: 0.2099 time 11.19s
Epoch: 23/150 Iter: 79/96 loss: 14.9490 acc: 0.2094 time 11.07s
Epoch: 23/150 Iter: 80/96 loss: 14.8403 acc: 0.2130 time 13.46s
Epoch: 23/150 Iter: 81/96 loss: 14.8470 acc: 0.2114 time 10.93s
Epoch: 23/150 Iter: 82/96 loss: 14.8588 acc: 0.2139 time 10.87s
Epoch: 23/150 Iter: 83/96 loss: 14.8052 acc: 0.2140 time 13.47s
Epoch: 23/150 Iter: 84/96 loss: 14.8442 acc: 0.2134 time 10.87s
Epoch: 23/150 Iter: 85/96 loss: 14.8712 acc: 0.2148 time 10.87s
Epoch: 23/150 Iter: 86/96 loss: 14.8354 acc: 0.2143 time 10.87s
Epoch: 23/150 Iter: 87/96 loss: 14.9258 acc: 0.2131 time 13.52s
Epoch: 23/150 Iter: 88/96 loss: 15.1292 acc: 0.2107 time 13.46s
Epoch: 23/150 Iter: 89/96 loss: 15.1315 acc: 0.2111 time 13.44s
Epoch: 23/150 Iter: 90/96 loss: 15.1531 acc: 0.2119 time 13.43s
Epoch: 23/150 Iter: 91/96 loss: 15.0915 acc: 0.2132 time 11.01s
Epoch: 23/150 Iter: 92/96 loss: 15.0869 acc: 0.2159 time 10.86s
Epoch: 23/150 Iter: 93/96 loss: 15.0488 acc: 0.2186 time 13.53s
Epoch: 23/150 Iter: 94/96 loss: 15.0291 acc: 0.2213 time 13.48s
Epoch: 23/150 Iter: 95/96 loss: 14.9846 acc: 0.2230 time 11.07s
Epoch: 23/150 Iter: 96/96 loss: 14.8661 acc: 0.2248 time 13.50s
[Train epoch 23] avg_loss=14.8661 avg_acc=0.2248 | per-class [c0: 0.452, c1: 0.133, c2: 0.181]
Final training 23/150, loss: 14.8661, time 1157.21s, lr: 0.000000
Accuracy: 0.311
class                  precision    recall   specificity      f1   support
--------------------------------------------------------------------------
0                          0.464     0.452         0.502   0.458       281
1                          0.023     0.133         0.694   0.040        30
2                          0.366     0.181         0.733   0.242       265
*----------------------------------------*
0 Fri Nov 28 20:40:25 2025 Epoch: 24
Epoch: 24/150 Iter: 1/96 loss: 13.5990 acc: 0.0000 time 14.53s
Epoch: 24/150 Iter: 2/96 loss: 13.5117 acc: 0.2500 time 11.21s
Epoch: 24/150 Iter: 3/96 loss: 15.1739 acc: 0.2037 time 11.10s
Epoch: 24/150 Iter: 4/96 loss: 13.1466 acc: 0.1694 time 13.54s
Epoch: 24/150 Iter: 5/96 loss: 15.0485 acc: 0.1578 time 10.98s
Epoch: 24/150 Iter: 6/96 loss: 14.1121 acc: 0.1500 time 10.92s
Epoch: 24/150 Iter: 7/96 loss: 14.2093 acc: 0.1762 time 10.93s
Epoch: 24/150 Iter: 8/96 loss: 14.8833 acc: 0.1819 time 10.96s
Epoch: 24/150 Iter: 9/96 loss: 15.2459 acc: 0.1802 time 13.56s
Epoch: 24/150 Iter: 10/96 loss: 14.7872 acc: 0.1789 time 13.48s
Epoch: 24/150 Iter: 11/96 loss: 14.8364 acc: 0.1747 time 13.52s
Epoch: 24/150 Iter: 12/96 loss: 14.4302 acc: 0.1880 time 10.88s
Epoch: 24/150 Iter: 13/96 loss: 14.6803 acc: 0.1735 time 11.25s
Epoch: 24/150 Iter: 14/96 loss: 15.5698 acc: 0.1611 time 13.57s
Epoch: 24/150 Iter: 15/96 loss: 14.6784 acc: 0.1800 time 11.10s
Epoch: 24/150 Iter: 16/96 loss: 14.6892 acc: 0.1896 time 10.91s
Epoch: 24/150 Iter: 17/96 loss: 13.9930 acc: 0.2176 time 11.18s
Epoch: 24/150 Iter: 18/96 loss: 14.1436 acc: 0.2272 time 11.12s
Epoch: 24/150 Iter: 19/96 loss: 13.7526 acc: 0.2415 time 13.55s
Epoch: 24/150 Iter: 20/96 loss: 14.3199 acc: 0.2350 time 13.48s
Epoch: 24/150 Iter: 21/96 loss: 14.0295 acc: 0.2429 time 13.46s
Epoch: 24/150 Iter: 22/96 loss: 13.7369 acc: 0.2470 time 10.95s
Epoch: 24/150 Iter: 23/96 loss: 13.3470 acc: 0.2543 time 13.50s
Epoch: 24/150 Iter: 24/96 loss: 13.3802 acc: 0.2646 time 13.49s
Epoch: 24/150 Iter: 25/96 loss: 13.3168 acc: 0.2620 time 13.49s
Epoch: 24/150 Iter: 26/96 loss: 13.2160 acc: 0.2690 time 11.06s
Epoch: 24/150 Iter: 27/96 loss: 13.4910 acc: 0.2673 time 11.06s
Epoch: 24/150 Iter: 28/96 loss: 13.0888 acc: 0.2855 time 11.20s
Epoch: 24/150 Iter: 29/96 loss: 13.1171 acc: 0.2900 time 13.53s
Epoch: 24/150 Iter: 30/96 loss: 13.2859 acc: 0.2878 time 10.92s
Epoch: 24/150 Iter: 31/96 loss: 13.1086 acc: 0.2946 time 13.48s
Epoch: 24/150 Iter: 32/96 loss: 13.1684 acc: 0.2880 time 13.49s
Epoch: 24/150 Iter: 33/96 loss: 13.0618 acc: 0.2995 time 13.55s
Epoch: 24/150 Iter: 34/96 loss: 13.0877 acc: 0.2956 time 13.48s
Epoch: 24/150 Iter: 35/96 loss: 13.4867 acc: 0.2871 time 10.99s
Epoch: 24/150 Iter: 36/96 loss: 13.8293 acc: 0.2847 time 13.54s
Epoch: 24/150 Iter: 37/96 loss: 13.9730 acc: 0.2860 time 10.91s
Epoch: 24/150 Iter: 38/96 loss: 14.0949 acc: 0.2829 time 13.52s
Epoch: 24/150 Iter: 39/96 loss: 13.9530 acc: 0.2821 time 10.93s
Epoch: 24/150 Iter: 40/96 loss: 13.8348 acc: 0.2781 time 10.96s
Epoch: 24/150 Iter: 41/96 loss: 13.6406 acc: 0.2713 time 11.05s
Epoch: 24/150 Iter: 42/96 loss: 13.4457 acc: 0.2768 time 13.50s
Epoch: 24/150 Iter: 43/96 loss: 13.3438 acc: 0.2755 time 11.24s
Epoch: 24/150 Iter: 44/96 loss: 13.0628 acc: 0.2835 time 13.45s
Epoch: 24/150 Iter: 45/96 loss: 13.0767 acc: 0.2809 time 11.21s
Epoch: 24/150 Iter: 46/96 loss: 13.1150 acc: 0.2784 time 11.11s
Epoch: 24/150 Iter: 47/96 loss: 13.3402 acc: 0.2772 time 13.50s
Epoch: 24/150 Iter: 48/96 loss: 13.4326 acc: 0.2801 time 11.04s
Epoch: 24/150 Iter: 49/96 loss: 13.2085 acc: 0.2866 time 11.05s
Epoch: 24/150 Iter: 50/96 loss: 13.3215 acc: 0.2876 time 11.20s
Epoch: 24/150 Iter: 51/96 loss: 13.2055 acc: 0.2852 time 13.51s
Epoch: 24/150 Iter: 52/96 loss: 13.1926 acc: 0.2829 time 10.90s
Epoch: 24/150 Iter: 53/96 loss: 13.0445 acc: 0.2846 time 11.06s
Epoch: 24/150 Iter: 54/96 loss: 13.1555 acc: 0.2835 time 11.06s
Epoch: 24/150 Iter: 55/96 loss: 12.9558 acc: 0.2897 time 13.52s
Epoch: 24/150 Iter: 56/96 loss: 13.0047 acc: 0.2905 time 11.06s
Epoch: 24/150 Iter: 57/96 loss: 13.2400 acc: 0.2932 time 10.91s
Epoch: 24/150 Iter: 58/96 loss: 13.1868 acc: 0.2953 time 11.22s
Epoch: 24/150 Iter: 59/96 loss: 13.1710 acc: 0.2941 time 10.97s
Epoch: 24/150 Iter: 60/96 loss: 13.2728 acc: 0.2919 time 13.50s
Epoch: 24/150 Iter: 61/96 loss: 13.3841 acc: 0.2954 time 13.55s
Epoch: 24/150 Iter: 62/96 loss: 13.7826 acc: 0.2960 time 13.57s
Epoch: 24/150 Iter: 63/96 loss: 13.7502 acc: 0.2979 time 11.12s
Epoch: 24/150 Iter: 64/96 loss: 13.8615 acc: 0.2967 time 10.95s
Epoch: 24/150 Iter: 65/96 loss: 13.8175 acc: 0.2960 time 10.94s
Epoch: 24/150 Iter: 66/96 loss: 13.8669 acc: 0.2932 time 11.22s
Epoch: 24/150 Iter: 67/96 loss: 13.8552 acc: 0.2944 time 13.51s
Epoch: 24/150 Iter: 68/96 loss: 13.8794 acc: 0.2901 time 10.98s
Epoch: 24/150 Iter: 69/96 loss: 13.7776 acc: 0.2907 time 10.94s
Epoch: 24/150 Iter: 70/96 loss: 13.8851 acc: 0.2877 time 13.49s
Epoch: 24/150 Iter: 71/96 loss: 13.8908 acc: 0.2849 time 13.60s
Epoch: 24/150 Iter: 72/96 loss: 14.1108 acc: 0.2809 time 13.57s
Epoch: 24/150 Iter: 73/96 loss: 14.0228 acc: 0.2788 time 13.56s
Epoch: 24/150 Iter: 74/96 loss: 14.0673 acc: 0.2784 time 13.54s
Epoch: 24/150 Iter: 75/96 loss: 13.9547 acc: 0.2813 time 13.48s
Epoch: 24/150 Iter: 76/96 loss: 13.8780 acc: 0.2849 time 11.24s
Epoch: 24/150 Iter: 77/96 loss: 13.9206 acc: 0.2823 time 10.95s
Epoch: 24/150 Iter: 78/96 loss: 13.8385 acc: 0.2808 time 13.51s
Epoch: 24/150 Iter: 79/96 loss: 13.9136 acc: 0.2794 time 13.51s
Epoch: 24/150 Iter: 80/96 loss: 14.0167 acc: 0.2759 time 11.23s
Epoch: 24/150 Iter: 81/96 loss: 13.9802 acc: 0.2746 time 11.02s
Epoch: 24/150 Iter: 82/96 loss: 13.9259 acc: 0.2753 time 10.96s
Epoch: 24/150 Iter: 83/96 loss: 14.0977 acc: 0.2728 time 13.49s
Epoch: 24/150 Iter: 84/96 loss: 14.2140 acc: 0.2695 time 13.46s
Epoch: 24/150 Iter: 85/96 loss: 14.3227 acc: 0.2683 time 10.82s
Epoch: 24/150 Iter: 86/96 loss: 14.2367 acc: 0.2665 time 13.48s
Epoch: 24/150 Iter: 87/96 loss: 14.2363 acc: 0.2647 time 13.52s
Epoch: 24/150 Iter: 88/96 loss: 14.3902 acc: 0.2636 time 11.01s
Epoch: 24/150 Iter: 89/96 loss: 14.5186 acc: 0.2650 time 13.44s
Epoch: 24/150 Iter: 90/96 loss: 14.4575 acc: 0.2682 time 10.87s
Epoch: 24/150 Iter: 91/96 loss: 14.3510 acc: 0.2738 time 10.93s
Epoch: 24/150 Iter: 92/96 loss: 14.3451 acc: 0.2730 time 10.88s
Epoch: 24/150 Iter: 93/96 loss: 14.3579 acc: 0.2701 time 10.84s
Epoch: 24/150 Iter: 94/96 loss: 14.3396 acc: 0.2707 time 10.89s
Epoch: 24/150 Iter: 95/96 loss: 14.4129 acc: 0.2679 time 13.47s
Epoch: 24/150 Iter: 96/96 loss: 14.3072 acc: 0.2694 time 10.97s
[Train epoch 24] avg_loss=14.3072 avg_acc=0.2694 | per-class [c0: 0.504, c1: 0.200, c2: 0.199]
Final training 24/150, loss: 14.3072, time 1163.91s, lr: 0.000000
Accuracy: 0.347
class                  precision    recall   specificity      f1   support
--------------------------------------------------------------------------
0                          0.481     0.504         0.486   0.492       280
1                          0.039     0.200         0.731   0.066        30
2                          0.408     0.199         0.752   0.268       266
*----------------------------------------*
Val 24/150 1/24, Acc: 0.1111, Loss: 16.7715, time 10.91s
Val 24/150 2/24, Acc: 0.2222, Loss: 13.5333, time 11.04s
Val 24/150 3/24, Acc: 0.2593, Loss: 11.3565, time 10.98s
Val 24/150 4/24, Acc: 0.2569, Loss: 12.1958, time 10.93s
Val 24/150 5/24, Acc: 0.2222, Loss: 11.5295, time 11.02s
Val 24/150 6/24, Acc: 0.1991, Loss: 11.6863, time 11.02s
Val 24/150 7/24, Acc: 0.1944, Loss: 11.9406, time 10.99s
Val 24/150 8/24, Acc: 0.1806, Loss: 11.7940, time 11.09s
Val 24/150 9/24, Acc: 0.1679, Loss: 11.1626, time 10.89s
Val 24/150 10/24, Acc: 0.1978, Loss: 10.8683, time 11.25s
Val 24/150 11/24, Acc: 0.2253, Loss: 10.8064, time 10.89s
Val 24/150 12/24, Acc: 0.2273, Loss: 10.6672, time 11.01s
Val 24/150 13/24, Acc: 0.2355, Loss: 10.4891, time 11.06s
Val 24/150 14/24, Acc: 0.2901, Loss: 9.7438, time 11.04s
Val 24/150 15/24, Acc: 0.3263, Loss: 9.1822, time 11.04s
Val 24/150 16/24, Acc: 0.3184, Loss: 9.0551, time 10.94s
Val 24/150 17/24, Acc: 0.3095, Loss: 9.4708, time 11.08s
Val 24/150 18/24, Acc: 0.3015, Loss: 9.3524, time 11.02s
Val 24/150 19/24, Acc: 0.3330, Loss: 8.8916, time 11.00s
Val 24/150 20/24, Acc: 0.3331, Loss: 8.6493, time 11.03s
Val 24/150 21/24, Acc: 0.3331, Loss: 8.8733, time 11.01s
Val 24/150 22/24, Acc: 0.3230, Loss: 9.2944, time 11.22s
Val 24/150 23/24, Acc: 0.3331, Loss: 9.0427, time 10.87s
Val 24/150 24/24, Acc: 0.3192, Loss: 9.4725, time 10.95s
[Val epoch 24] avg_acc=0.3192 | avg_loss=9.4725 | per-class [c0: 0.486, c1: 0.500, c2: 0.258]
Final validation 24/150, Val_acc: 0.3192, time 264.32sAccuracy: 0.382
class                  precision    recall   specificity      f1   support
--------------------------------------------------------------------------
0                          0.479     0.486         0.500   0.482        70
1                          0.111     0.500         0.765   0.182         8
2                          0.459     0.258         0.744   0.330        66
*========================================*
Saving checkpoint outputs/OrganoidsINRIA/swinunetr+noah/2025-11-28-12-24/training/model_final.pt
[EarlyStopping] no improve (11/30)
[EarlyStopping] no improve (11/30)
0 Fri Nov 28 21:04:18 2025 Epoch: 25
Epoch: 25/150 Iter: 1/96 loss: 24.0433 acc: 0.0000 time 16.01s
Epoch: 25/150 Iter: 2/96 loss: 16.2930 acc: 0.1667 time 13.52s
Epoch: 25/150 Iter: 3/96 loss: 15.6325 acc: 0.2222 time 10.95s
Epoch: 25/150 Iter: 4/96 loss: 14.4013 acc: 0.2083 time 13.52s
Epoch: 25/150 Iter: 5/96 loss: 16.0395 acc: 0.1667 time 13.50s
Epoch: 25/150 Iter: 6/96 loss: 16.4649 acc: 0.1500 time 13.55s
Epoch: 25/150 Iter: 7/96 loss: 15.4562 acc: 0.1571 time 13.51s
Epoch: 25/150 Iter: 8/96 loss: 14.5295 acc: 0.1931 time 11.08s
Epoch: 25/150 Iter: 9/96 loss: 15.7399 acc: 0.1716 time 10.97s
Epoch: 25/150 Iter: 10/96 loss: 15.5701 acc: 0.1656 time 11.09s
Epoch: 25/150 Iter: 11/96 loss: 16.0235 acc: 0.1808 time 13.54s
Epoch: 25/150 Iter: 12/96 loss: 14.7992 acc: 0.2005 time 13.48s
Epoch: 25/150 Iter: 13/96 loss: 14.4762 acc: 0.2043 time 11.02s
Epoch: 25/150 Iter: 14/96 loss: 14.5075 acc: 0.2135 time 11.09s
Epoch: 25/150 Iter: 15/96 loss: 14.5524 acc: 0.2104 time 13.53s
Epoch: 25/150 Iter: 16/96 loss: 14.4831 acc: 0.2076 time 10.96s
Epoch: 25/150 Iter: 17/96 loss: 13.9348 acc: 0.2052 time 11.00s
Epoch: 25/150 Iter: 18/96 loss: 14.3979 acc: 0.2031 time 13.51s
Epoch: 25/150 Iter: 19/96 loss: 14.0610 acc: 0.2056 time 10.92s
Epoch: 25/150 Iter: 20/96 loss: 13.8805 acc: 0.2036 time 13.53s
Epoch: 25/150 Iter: 21/96 loss: 13.9200 acc: 0.2019 time 10.94s
Epoch: 25/150 Iter: 22/96 loss: 13.7105 acc: 0.2129 time 11.11s
Epoch: 25/150 Iter: 23/96 loss: 13.8345 acc: 0.2181 time 10.92s
Epoch: 25/150 Iter: 24/96 loss: 13.6165 acc: 0.2229 time 10.92s
Epoch: 25/150 Iter: 25/96 loss: 13.3820 acc: 0.2273 time 11.17s
Epoch: 25/150 Iter: 26/96 loss: 13.5923 acc: 0.2237 time 13.53s
Epoch: 25/150 Iter: 27/96 loss: 13.5305 acc: 0.2216 time 13.51s
Epoch: 25/150 Iter: 28/96 loss: 13.6129 acc: 0.2167 time 11.22s
Epoch: 25/150 Iter: 29/96 loss: 13.8831 acc: 0.2130 time 11.10s
Epoch: 25/150 Iter: 30/96 loss: 14.2154 acc: 0.2244 time 13.52s
Epoch: 25/150 Iter: 31/96 loss: 14.0871 acc: 0.2237 time 10.96s
Epoch: 25/150 Iter: 32/96 loss: 14.3919 acc: 0.2188 time 13.53s
Epoch: 25/150 Iter: 33/96 loss: 14.2375 acc: 0.2189 time 11.06s
Epoch: 25/150 Iter: 34/96 loss: 14.1971 acc: 0.2149 time 13.52s
Epoch: 25/150 Iter: 35/96 loss: 14.1854 acc: 0.2106 time 10.97s
Epoch: 25/150 Iter: 36/96 loss: 14.3884 acc: 0.2094 time 13.52s
Epoch: 25/150 Iter: 37/96 loss: 14.4471 acc: 0.2105 time 13.47s
Epoch: 25/150 Iter: 38/96 loss: 14.3317 acc: 0.2115 time 13.44s
Epoch: 25/150 Iter: 39/96 loss: 14.3171 acc: 0.2075 time 11.00s
Epoch: 25/150 Iter: 40/96 loss: 14.6011 acc: 0.2040 time 11.06s
Epoch: 25/150 Iter: 41/96 loss: 14.9076 acc: 0.2018 time 11.06s
Epoch: 25/150 Iter: 42/96 loss: 14.9740 acc: 0.1989 time 11.17s
Epoch: 25/150 Iter: 43/96 loss: 14.8952 acc: 0.1943 time 13.47s
Epoch: 25/150 Iter: 44/96 loss: 15.1559 acc: 0.1918 time 13.53s
Epoch: 25/150 Iter: 45/96 loss: 15.4355 acc: 0.1925 time 13.52s
Epoch: 25/150 Iter: 46/96 loss: 15.2430 acc: 0.1937 time 11.11s
Epoch: 25/150 Iter: 47/96 loss: 15.0803 acc: 0.2002 time 13.56s
Epoch: 25/150 Iter: 48/96 loss: 14.9265 acc: 0.2007 time 13.50s
Epoch: 25/150 Iter: 49/96 loss: 14.8562 acc: 0.2000 time 13.56s
Epoch: 25/150 Iter: 50/96 loss: 14.8445 acc: 0.1993 time 13.49s
Epoch: 25/150 Iter: 51/96 loss: 14.8139 acc: 0.2003 time 13.52s
Epoch: 25/150 Iter: 52/96 loss: 14.6866 acc: 0.2013 time 13.55s
Epoch: 25/150 Iter: 53/96 loss: 14.6113 acc: 0.2038 time 10.92s
Epoch: 25/150 Iter: 54/96 loss: 14.6158 acc: 0.2015 time 11.09s
Epoch: 25/150 Iter: 55/96 loss: 14.5485 acc: 0.2070 time 13.53s
Epoch: 25/150 Iter: 56/96 loss: 14.4303 acc: 0.2086 time 13.48s
Epoch: 25/150 Iter: 57/96 loss: 14.2274 acc: 0.2167 time 11.07s
Epoch: 25/150 Iter: 58/96 loss: 14.3926 acc: 0.2158 time 13.49s
Epoch: 25/150 Iter: 59/96 loss: 14.4464 acc: 0.2159 time 10.91s
Epoch: 25/150 Iter: 60/96 loss: 14.5399 acc: 0.2123 time 13.44s
Epoch: 25/150 Iter: 61/96 loss: 14.3482 acc: 0.2161 time 13.58s
Epoch: 25/150 Iter: 62/96 loss: 14.2315 acc: 0.2167 time 13.48s
Epoch: 25/150 Iter: 63/96 loss: 14.1253 acc: 0.2212 time 10.93s
Epoch: 25/150 Iter: 64/96 loss: 14.2708 acc: 0.2216 time 11.23s
Epoch: 25/150 Iter: 65/96 loss: 14.1898 acc: 0.2274 time 10.93s
Epoch: 25/150 Iter: 66/96 loss: 14.1140 acc: 0.2278 time 10.97s
Epoch: 25/150 Iter: 67/96 loss: 14.1071 acc: 0.2294 time 13.48s
Epoch: 25/150 Iter: 68/96 loss: 14.2743 acc: 0.2272 time 13.59s
Epoch: 25/150 Iter: 69/96 loss: 14.4325 acc: 0.2255 time 13.53s
Epoch: 25/150 Iter: 70/96 loss: 14.4595 acc: 0.2252 time 10.90s
Epoch: 25/150 Iter: 71/96 loss: 14.4437 acc: 0.2273 time 10.95s
Epoch: 25/150 Iter: 72/96 loss: 14.4852 acc: 0.2264 time 11.08s
Epoch: 25/150 Iter: 73/96 loss: 14.5286 acc: 0.2233 time 11.19s
Epoch: 25/150 Iter: 74/96 loss: 14.4465 acc: 0.2203 time 10.92s
Epoch: 25/150 Iter: 75/96 loss: 14.4855 acc: 0.2189 time 10.97s
Epoch: 25/150 Iter: 76/96 loss: 14.4693 acc: 0.2189 time 11.09s
Epoch: 25/150 Iter: 77/96 loss: 14.4841 acc: 0.2211 time 13.49s
Epoch: 25/150 Iter: 78/96 loss: 14.4524 acc: 0.2243 time 10.95s
Epoch: 25/150 Iter: 79/96 loss: 14.4299 acc: 0.2246 time 13.50s
Epoch: 25/150 Iter: 80/96 loss: 14.7545 acc: 0.2218 time 10.94s
Epoch: 25/150 Iter: 81/96 loss: 14.6953 acc: 0.2215 time 11.08s
Epoch: 25/150 Iter: 82/96 loss: 14.6527 acc: 0.2215 time 10.94s
Epoch: 25/150 Iter: 83/96 loss: 14.6145 acc: 0.2229 time 13.46s
Epoch: 25/150 Iter: 84/96 loss: 14.7818 acc: 0.2215 time 10.95s
Epoch: 25/150 Iter: 85/96 loss: 14.6368 acc: 0.2295 time 10.97s
Epoch: 25/150 Iter: 86/96 loss: 14.7097 acc: 0.2292 time 10.94s
Epoch: 25/150 Iter: 87/96 loss: 14.5698 acc: 0.2336 time 11.06s
Epoch: 25/150 Iter: 88/96 loss: 14.5999 acc: 0.2328 time 10.97s
Epoch: 25/150 Iter: 89/96 loss: 14.6446 acc: 0.2308 time 13.49s
Epoch: 25/150 Iter: 90/96 loss: 14.7539 acc: 0.2292 time 10.92s
Epoch: 25/150 Iter: 91/96 loss: 14.6182 acc: 0.2303 time 11.03s
Epoch: 25/150 Iter: 92/96 loss: 14.6379 acc: 0.2305 time 11.04s
Epoch: 25/150 Iter: 93/96 loss: 14.6162 acc: 0.2316 time 11.05s
Epoch: 25/150 Iter: 94/96 loss: 14.5853 acc: 0.2341 time 11.07s
Epoch: 25/150 Iter: 95/96 loss: 14.4718 acc: 0.2366 time 13.51s
Epoch: 25/150 Iter: 96/96 loss: 14.3890 acc: 0.2369 time 11.03s
[Train epoch 25] avg_loss=14.3890 avg_acc=0.2369 | per-class [c0: 0.443, c1: 0.300, c2: 0.199]
Final training 25/150, loss: 14.3890, time 1164.97s, lr: 0.000000
Accuracy: 0.323
class                  precision    recall   specificity      f1   support
--------------------------------------------------------------------------
0                          0.484     0.443         0.554   0.463       280
1                          0.050     0.300         0.687   0.086        30
2                          0.379     0.199         0.719   0.261       266
*----------------------------------------*
0 Fri Nov 28 21:23:43 2025 Epoch: 26
Epoch: 26/150 Iter: 1/96 loss: 7.2279 acc: 0.2000 time 13.15s
Epoch: 26/150 Iter: 2/96 loss: 13.6883 acc: 0.1000 time 10.97s
Epoch: 26/150 Iter: 3/96 loss: 18.5740 acc: 0.1222 time 10.98s
Epoch: 26/150 Iter: 4/96 loss: 17.4512 acc: 0.1542 time 13.51s
Epoch: 26/150 Iter: 5/96 loss: 16.3722 acc: 0.1678 time 13.50s
Epoch: 26/150 Iter: 6/96 loss: 14.4168 acc: 0.2231 time 13.50s
Epoch: 26/150 Iter: 7/96 loss: 12.9854 acc: 0.2627 time 13.47s
Epoch: 26/150 Iter: 8/96 loss: 12.0501 acc: 0.2767 time 10.91s
Epoch: 26/150 Iter: 9/96 loss: 12.4195 acc: 0.2583 time 10.93s
Epoch: 26/150 Iter: 10/96 loss: 12.9648 acc: 0.2408 time 11.20s
Epoch: 26/150 Iter: 11/96 loss: 12.6563 acc: 0.2442 time 13.57s
Epoch: 26/150 Iter: 12/96 loss: 12.2338 acc: 0.2377 time 10.96s
Epoch: 26/150 Iter: 13/96 loss: 12.5836 acc: 0.2280 time 11.10s
Epoch: 26/150 Iter: 14/96 loss: 12.0057 acc: 0.2593 time 11.11s
Epoch: 26/150 Iter: 15/96 loss: 13.1325 acc: 0.2531 time 13.51s
Epoch: 26/150 Iter: 16/96 loss: 13.7512 acc: 0.2686 time 10.97s
Epoch: 26/150 Iter: 17/96 loss: 13.5343 acc: 0.2658 time 10.88s
Epoch: 26/150 Iter: 18/96 loss: 13.0043 acc: 0.2789 time 10.93s
Epoch: 26/150 Iter: 19/96 loss: 13.1307 acc: 0.2686 time 13.53s
Epoch: 26/150 Iter: 20/96 loss: 13.1601 acc: 0.2676 time 13.57s
Epoch: 26/150 Iter: 21/96 loss: 13.7773 acc: 0.2628 time 13.50s
Epoch: 26/150 Iter: 22/96 loss: 13.7427 acc: 0.2610 time 11.10s
Epoch: 26/150 Iter: 23/96 loss: 14.0227 acc: 0.2545 time 13.46s
Epoch: 26/150 Iter: 24/96 loss: 13.7715 acc: 0.2612 time 10.94s
Epoch: 26/150 Iter: 25/96 loss: 14.1566 acc: 0.2541 time 11.11s
Epoch: 26/150 Iter: 26/96 loss: 14.5273 acc: 0.2529 time 13.49s
Epoch: 26/150 Iter: 27/96 loss: 14.7883 acc: 0.2476 time 13.44s
Epoch: 26/150 Iter: 28/96 loss: 14.5060 acc: 0.2467 time 13.53s
Epoch: 26/150 Iter: 29/96 loss: 14.2189 acc: 0.2593 time 11.21s
Epoch: 26/150 Iter: 30/96 loss: 14.5157 acc: 0.2534 time 13.49s
Epoch: 26/150 Iter: 31/96 loss: 14.2792 acc: 0.2646 time 10.89s
Epoch: 26/150 Iter: 32/96 loss: 14.0702 acc: 0.2720 time 11.22s
Epoch: 26/150 Iter: 33/96 loss: 14.2952 acc: 0.2688 time 11.09s
Epoch: 26/150 Iter: 34/96 loss: 14.5360 acc: 0.2628 time 13.51s
Epoch: 26/150 Iter: 35/96 loss: 14.2964 acc: 0.2601 time 13.55s
Epoch: 26/150 Iter: 36/96 loss: 14.3966 acc: 0.2529 time 13.48s
Epoch: 26/150 Iter: 37/96 loss: 14.5444 acc: 0.2490 time 11.10s
Epoch: 26/150 Iter: 38/96 loss: 14.5725 acc: 0.2460 time 11.15s
Epoch: 26/150 Iter: 39/96 loss: 14.8210 acc: 0.2496 time 10.96s
Epoch: 26/150 Iter: 40/96 loss: 14.7838 acc: 0.2503 time 13.47s
Epoch: 26/150 Iter: 41/96 loss: 14.6928 acc: 0.2503 time 11.08s
Epoch: 26/150 Iter: 42/96 loss: 14.5773 acc: 0.2523 time 11.06s
Epoch: 26/150 Iter: 43/96 loss: 14.5319 acc: 0.2581 time 13.51s
Epoch: 26/150 Iter: 44/96 loss: 14.4657 acc: 0.2579 time 11.09s
Epoch: 26/150 Iter: 45/96 loss: 14.5353 acc: 0.2571 time 11.12s
Epoch: 26/150 Iter: 46/96 loss: 14.4450 acc: 0.2551 time 10.93s
Epoch: 26/150 Iter: 47/96 loss: 14.1995 acc: 0.2603 time 13.56s
Epoch: 26/150 Iter: 48/96 loss: 14.4836 acc: 0.2607 time 11.16s
Epoch: 26/150 Iter: 49/96 loss: 14.3458 acc: 0.2605 time 13.62s
Epoch: 26/150 Iter: 50/96 loss: 14.4770 acc: 0.2569 time 10.92s
Epoch: 26/150 Iter: 51/96 loss: 14.4870 acc: 0.2568 time 13.53s
Epoch: 26/150 Iter: 52/96 loss: 14.5267 acc: 0.2535 time 13.61s
Epoch: 26/150 Iter: 53/96 loss: 14.3451 acc: 0.2566 time 11.19s
Epoch: 26/150 Iter: 54/96 loss: 14.5470 acc: 0.2539 time 13.51s
Epoch: 26/150 Iter: 55/96 loss: 14.7045 acc: 0.2533 time 13.49s
Epoch: 26/150 Iter: 56/96 loss: 14.7289 acc: 0.2517 time 13.52s
Epoch: 26/150 Iter: 57/96 loss: 14.6111 acc: 0.2508 time 11.11s
Epoch: 26/150 Iter: 58/96 loss: 14.6614 acc: 0.2475 time 13.47s
Epoch: 26/150 Iter: 59/96 loss: 14.8008 acc: 0.2461 time 10.93s
Epoch: 26/150 Iter: 60/96 loss: 15.0109 acc: 0.2420 time 13.53s
Epoch: 26/150 Iter: 61/96 loss: 15.2126 acc: 0.2398 time 13.54s
Epoch: 26/150 Iter: 62/96 loss: 15.4353 acc: 0.2378 time 11.09s
Epoch: 26/150 Iter: 63/96 loss: 15.2504 acc: 0.2393 time 13.54s
Epoch: 26/150 Iter: 64/96 loss: 15.1470 acc: 0.2387 time 13.57s
Epoch: 26/150 Iter: 65/96 loss: 15.0008 acc: 0.2388 time 11.18s
Epoch: 26/150 Iter: 66/96 loss: 14.9101 acc: 0.2386 time 13.51s
Epoch: 26/150 Iter: 67/96 loss: 14.8469 acc: 0.2408 time 13.49s
Epoch: 26/150 Iter: 68/96 loss: 15.4876 acc: 0.2446 time 10.90s
Epoch: 26/150 Iter: 69/96 loss: 15.5640 acc: 0.2411 time 10.92s
Epoch: 26/150 Iter: 70/96 loss: 15.7621 acc: 0.2408 time 13.50s
Epoch: 26/150 Iter: 71/96 loss: 15.7045 acc: 0.2390 time 13.47s
Epoch: 26/150 Iter: 72/96 loss: 15.6901 acc: 0.2403 time 10.92s
Epoch: 26/150 Iter: 73/96 loss: 15.7057 acc: 0.2393 time 10.93s
Epoch: 26/150 Iter: 74/96 loss: 15.6623 acc: 0.2383 time 10.98s
Epoch: 26/150 Iter: 75/96 loss: 15.4919 acc: 0.2407 time 13.50s
Epoch: 26/150 Iter: 76/96 loss: 15.4427 acc: 0.2441 time 11.22s
Epoch: 26/150 Iter: 77/96 loss: 15.3903 acc: 0.2442 time 13.53s
Epoch: 26/150 Iter: 78/96 loss: 15.3836 acc: 0.2421 time 10.91s
Epoch: 26/150 Iter: 79/96 loss: 15.3249 acc: 0.2433 time 10.93s
Epoch: 26/150 Iter: 80/96 loss: 15.1941 acc: 0.2444 time 11.13s
Epoch: 26/150 Iter: 81/96 loss: 15.1029 acc: 0.2476 time 10.87s
Epoch: 26/150 Iter: 82/96 loss: 15.1258 acc: 0.2473 time 13.51s
Epoch: 26/150 Iter: 83/96 loss: 15.2599 acc: 0.2443 time 10.95s
Epoch: 26/150 Iter: 84/96 loss: 15.2924 acc: 0.2434 time 10.90s
Epoch: 26/150 Iter: 85/96 loss: 15.1269 acc: 0.2508 time 10.89s
Epoch: 26/150 Iter: 86/96 loss: 15.0285 acc: 0.2517 time 10.83s
Epoch: 26/150 Iter: 87/96 loss: 15.1431 acc: 0.2501 time 13.61s
Epoch: 26/150 Iter: 88/96 loss: 15.1436 acc: 0.2492 time 10.89s
Epoch: 26/150 Iter: 89/96 loss: 15.0815 acc: 0.2483 time 10.85s
Epoch: 26/150 Iter: 90/96 loss: 15.1919 acc: 0.2492 time 11.03s
Epoch: 26/150 Iter: 91/96 loss: 15.2564 acc: 0.2465 time 13.49s
Epoch: 26/150 Iter: 92/96 loss: 15.2551 acc: 0.2465 time 10.86s
Epoch: 26/150 Iter: 93/96 loss: 15.3618 acc: 0.2468 time 13.45s
Epoch: 26/150 Iter: 94/96 loss: 15.4560 acc: 0.2466 time 13.42s
Epoch: 26/150 Iter: 95/96 loss: 15.4416 acc: 0.2451 time 11.02s
Epoch: 26/150 Iter: 96/96 loss: 15.2808 acc: 0.2530 time 13.44s
[Train epoch 26] avg_loss=15.2808 avg_acc=0.2530 | per-class [c0: 0.456, c1: 0.233, c2: 0.204]
Final training 26/150, loss: 15.2808, time 1166.70s, lr: 0.000000
Accuracy: 0.328
class                  precision    recall   specificity      f1   support
--------------------------------------------------------------------------
0                          0.485     0.456         0.539   0.470       281
1                          0.041     0.233         0.700   0.070        30
2                          0.383     0.204         0.720   0.266       265
*----------------------------------------*
Val 26/150 1/24, Acc: 0.1111, Loss: 16.7715, time 10.91s
Val 26/150 2/24, Acc: 0.2222, Loss: 13.5333, time 11.00s
Val 26/150 3/24, Acc: 0.2593, Loss: 11.3565, time 10.94s
Val 26/150 4/24, Acc: 0.2569, Loss: 12.1958, time 10.92s
Val 26/150 5/24, Acc: 0.2222, Loss: 11.5295, time 11.02s
Val 26/150 6/24, Acc: 0.1991, Loss: 11.6863, time 11.02s
Val 26/150 7/24, Acc: 0.1944, Loss: 11.9406, time 10.94s
Val 26/150 8/24, Acc: 0.1806, Loss: 11.7940, time 10.99s
Val 26/150 9/24, Acc: 0.1679, Loss: 11.1626, time 10.94s
Val 26/150 10/24, Acc: 0.1978, Loss: 10.8683, time 11.21s
Val 26/150 11/24, Acc: 0.2253, Loss: 10.8064, time 11.00s
Val 26/150 12/24, Acc: 0.2273, Loss: 10.6672, time 11.02s
Val 26/150 13/24, Acc: 0.2355, Loss: 10.4891, time 11.11s
Val 26/150 14/24, Acc: 0.2901, Loss: 9.7438, time 10.99s
Val 26/150 15/24, Acc: 0.3263, Loss: 9.1822, time 10.94s
Val 26/150 16/24, Acc: 0.3184, Loss: 9.0551, time 10.99s
Val 26/150 17/24, Acc: 0.3095, Loss: 9.4708, time 11.13s
Val 26/150 18/24, Acc: 0.3015, Loss: 9.3524, time 10.98s
Val 26/150 19/24, Acc: 0.3330, Loss: 8.8916, time 11.01s
Val 26/150 20/24, Acc: 0.3331, Loss: 8.6493, time 11.05s
Val 26/150 21/24, Acc: 0.3331, Loss: 8.8733, time 11.00s
Val 26/150 22/24, Acc: 0.3230, Loss: 9.2944, time 11.23s
Val 26/150 23/24, Acc: 0.3331, Loss: 9.0427, time 10.88s
Val 26/150 24/24, Acc: 0.3192, Loss: 9.4725, time 10.89s
[Val epoch 26] avg_acc=0.3192 | avg_loss=9.4725 | per-class [c0: 0.486, c1: 0.500, c2: 0.258]
Final validation 26/150, Val_acc: 0.3192, time 264.14sAccuracy: 0.382
class                  precision    recall   specificity      f1   support
--------------------------------------------------------------------------
0                          0.479     0.486         0.500   0.482        70
1                          0.111     0.500         0.765   0.182         8
2                          0.459     0.258         0.744   0.330        66
*========================================*
Saving checkpoint outputs/OrganoidsINRIA/swinunetr+noah/2025-11-28-12-24/training/model_final.pt
[EarlyStopping] no improve (12/30)
[EarlyStopping] no improve (12/30)
0 Fri Nov 28 21:47:39 2025 Epoch: 27
Epoch: 27/150 Iter: 1/96 loss: 8.6121 acc: 0.2778 time 13.86s
Epoch: 27/150 Iter: 2/96 loss: 7.3745 acc: 0.3611 time 11.07s
Epoch: 27/150 Iter: 3/96 loss: 15.6864 acc: 0.2407 time 10.97s
Epoch: 27/150 Iter: 4/96 loss: 15.0989 acc: 0.3056 time 11.19s
Epoch: 27/150 Iter: 5/96 loss: 14.5095 acc: 0.2611 time 10.96s
Epoch: 27/150 Iter: 6/96 loss: 16.6270 acc: 0.2361 time 11.09s
Epoch: 27/150 Iter: 7/96 loss: 16.8370 acc: 0.2214 time 11.10s
Epoch: 27/150 Iter: 8/96 loss: 16.0481 acc: 0.2188 time 13.53s
Epoch: 27/150 Iter: 9/96 loss: 15.1515 acc: 0.2191 time 11.02s
Epoch: 27/150 Iter: 10/96 loss: 14.9727 acc: 0.2083 time 10.91s
Epoch: 27/150 Iter: 11/96 loss: 14.1982 acc: 0.1995 time 11.08s
Epoch: 27/150 Iter: 12/96 loss: 15.1571 acc: 0.1829 time 10.92s
Epoch: 27/150 Iter: 13/96 loss: 14.8929 acc: 0.1688 time 13.51s
Epoch: 27/150 Iter: 14/96 loss: 14.9801 acc: 0.1746 time 13.52s
Epoch: 27/150 Iter: 15/96 loss: 14.9996 acc: 0.1741 time 13.43s
Epoch: 27/150 Iter: 16/96 loss: 15.1802 acc: 0.1684 time 13.54s
Epoch: 27/150 Iter: 17/96 loss: 14.7964 acc: 0.1781 time 11.09s
Epoch: 27/150 Iter: 18/96 loss: 15.1407 acc: 0.1682 time 13.47s
Epoch: 27/150 Iter: 19/96 loss: 15.4851 acc: 0.1652 time 11.16s
Epoch: 27/150 Iter: 20/96 loss: 15.3901 acc: 0.1625 time 13.50s
Epoch: 27/150 Iter: 21/96 loss: 15.7007 acc: 0.1627 time 13.47s
Epoch: 27/150 Iter: 22/96 loss: 15.6960 acc: 0.1604 time 11.07s
Epoch: 27/150 Iter: 23/96 loss: 15.5722 acc: 0.1679 time 11.16s
Epoch: 27/150 Iter: 24/96 loss: 15.5393 acc: 0.1713 time 13.49s
Epoch: 27/150 Iter: 25/96 loss: 15.8791 acc: 0.1644 time 11.08s
Epoch: 27/150 Iter: 26/96 loss: 15.8388 acc: 0.1645 time 10.91s
Epoch: 27/150 Iter: 27/96 loss: 15.4642 acc: 0.1626 time 10.91s
Epoch: 27/150 Iter: 28/96 loss: 15.7417 acc: 0.1627 time 11.09s
Epoch: 27/150 Iter: 29/96 loss: 16.0244 acc: 0.1600 time 10.94s
Epoch: 27/150 Iter: 30/96 loss: 16.1063 acc: 0.1602 time 10.95s
Epoch: 27/150 Iter: 31/96 loss: 16.1239 acc: 0.1586 time 13.48s
Epoch: 27/150 Iter: 32/96 loss: 16.0142 acc: 0.1615 time 10.89s
Epoch: 27/150 Iter: 33/96 loss: 15.8172 acc: 0.1747 time 10.94s
Epoch: 27/150 Iter: 34/96 loss: 15.9619 acc: 0.1696 time 11.08s
Epoch: 27/150 Iter: 35/96 loss: 15.9731 acc: 0.1695 time 10.95s
Epoch: 27/150 Iter: 36/96 loss: 16.1043 acc: 0.1718 time 11.05s
Epoch: 27/150 Iter: 37/96 loss: 16.0242 acc: 0.1761 time 13.52s
Epoch: 27/150 Iter: 38/96 loss: 15.7508 acc: 0.1925 time 11.11s
Epoch: 27/150 Iter: 39/96 loss: 15.8137 acc: 0.1962 time 13.52s
Epoch: 27/150 Iter: 40/96 loss: 15.6932 acc: 0.1946 time 13.52s
Epoch: 27/150 Iter: 41/96 loss: 15.5707 acc: 0.1939 time 11.08s
Epoch: 27/150 Iter: 42/96 loss: 15.2417 acc: 0.2091 time 13.46s
Epoch: 27/150 Iter: 43/96 loss: 15.1850 acc: 0.2094 time 10.91s
Epoch: 27/150 Iter: 44/96 loss: 15.2500 acc: 0.2059 time 11.22s
Epoch: 27/150 Iter: 45/96 loss: 15.2131 acc: 0.2063 time 11.08s
Epoch: 27/150 Iter: 46/96 loss: 15.4423 acc: 0.2018 time 10.95s
Epoch: 27/150 Iter: 47/96 loss: 15.3671 acc: 0.2011 time 10.88s
Epoch: 27/150 Iter: 48/96 loss: 15.3354 acc: 0.2061 time 10.92s
Epoch: 27/150 Iter: 49/96 loss: 15.3775 acc: 0.2036 time 11.26s
Epoch: 27/150 Iter: 50/96 loss: 15.2185 acc: 0.2046 time 13.56s
Epoch: 27/150 Iter: 51/96 loss: 15.1746 acc: 0.2027 time 13.52s
Epoch: 27/150 Iter: 52/96 loss: 15.0629 acc: 0.2084 time 10.97s
Epoch: 27/150 Iter: 53/96 loss: 14.9119 acc: 0.2087 time 10.97s
Epoch: 27/150 Iter: 54/96 loss: 14.8701 acc: 0.2079 time 11.22s
Epoch: 27/150 Iter: 55/96 loss: 14.8393 acc: 0.2132 time 13.47s
Epoch: 27/150 Iter: 56/96 loss: 14.7347 acc: 0.2114 time 11.08s
Epoch: 27/150 Iter: 57/96 loss: 14.6965 acc: 0.2106 time 11.28s
Epoch: 27/150 Iter: 58/96 loss: 14.7821 acc: 0.2108 time 10.96s
Epoch: 27/150 Iter: 59/96 loss: 15.0184 acc: 0.2073 time 11.08s
Epoch: 27/150 Iter: 60/96 loss: 15.0105 acc: 0.2080 time 13.59s
Epoch: 27/150 Iter: 61/96 loss: 15.0364 acc: 0.2082 time 13.52s
Epoch: 27/150 Iter: 62/96 loss: 15.3051 acc: 0.2059 time 10.95s
Epoch: 27/150 Iter: 63/96 loss: 15.4782 acc: 0.2040 time 10.94s
Epoch: 27/150 Iter: 64/96 loss: 15.5239 acc: 0.2025 time 13.52s
Epoch: 27/150 Iter: 65/96 loss: 15.4550 acc: 0.2020 time 11.07s
Epoch: 27/150 Iter: 66/96 loss: 15.4303 acc: 0.2027 time 13.50s
Epoch: 27/150 Iter: 67/96 loss: 15.3644 acc: 0.2046 time 10.94s
Epoch: 27/150 Iter: 68/96 loss: 15.3777 acc: 0.2049 time 13.58s
Epoch: 27/150 Iter: 69/96 loss: 15.2447 acc: 0.2108 time 11.05s
Epoch: 27/150 Iter: 70/96 loss: 15.1835 acc: 0.2094 time 11.12s
Epoch: 27/150 Iter: 71/96 loss: 15.2863 acc: 0.2076 time 13.50s
Epoch: 27/150 Iter: 72/96 loss: 15.3529 acc: 0.2093 time 13.49s
Epoch: 27/150 Iter: 73/96 loss: 15.6972 acc: 0.2088 time 10.94s
Epoch: 27/150 Iter: 74/96 loss: 15.5566 acc: 0.2119 time 11.22s
Epoch: 27/150 Iter: 75/96 loss: 15.6142 acc: 0.2136 time 13.52s
Epoch: 27/150 Iter: 76/96 loss: 15.4881 acc: 0.2140 time 11.04s
Epoch: 27/150 Iter: 77/96 loss: 15.5335 acc: 0.2134 time 13.56s
Epoch: 27/150 Iter: 78/96 loss: 15.5884 acc: 0.2128 time 10.95s
Epoch: 27/150 Iter: 79/96 loss: 15.5904 acc: 0.2112 time 13.57s
Epoch: 27/150 Iter: 80/96 loss: 15.6014 acc: 0.2102 time 13.52s
Epoch: 27/150 Iter: 81/96 loss: 15.5263 acc: 0.2107 time 11.12s
Epoch: 27/150 Iter: 82/96 loss: 15.5540 acc: 0.2088 time 13.52s
Epoch: 27/150 Iter: 83/96 loss: 15.4946 acc: 0.2083 time 10.94s
Epoch: 27/150 Iter: 84/96 loss: 15.4323 acc: 0.2066 time 10.88s
Epoch: 27/150 Iter: 85/96 loss: 15.4483 acc: 0.2081 time 10.95s
Epoch: 27/150 Iter: 86/96 loss: 15.5228 acc: 0.2057 time 10.94s
Epoch: 27/150 Iter: 87/96 loss: 15.5048 acc: 0.2059 time 13.46s
Epoch: 27/150 Iter: 88/96 loss: 15.5312 acc: 0.2061 time 13.46s
Epoch: 27/150 Iter: 89/96 loss: 15.4467 acc: 0.2084 time 13.54s
Epoch: 27/150 Iter: 90/96 loss: 15.3224 acc: 0.2117 time 11.00s
Epoch: 27/150 Iter: 91/96 loss: 15.2816 acc: 0.2112 time 10.84s
Epoch: 27/150 Iter: 92/96 loss: 15.2703 acc: 0.2096 time 10.87s
Epoch: 27/150 Iter: 93/96 loss: 15.2208 acc: 0.2082 time 13.46s
Epoch: 27/150 Iter: 94/96 loss: 15.2487 acc: 0.2087 time 10.95s
Epoch: 27/150 Iter: 95/96 loss: 15.2031 acc: 0.2082 time 10.87s
Epoch: 27/150 Iter: 96/96 loss: 15.1769 acc: 0.2087 time 11.12s
[Train epoch 27] avg_loss=15.1769 avg_acc=0.2087 | per-class [c0: 0.418, c1: 0.133, c2: 0.158]
Final training 27/150, loss: 15.1769, time 1142.98s, lr: 0.000000
Accuracy: 0.283
class                  precision    recall   specificity      f1   support
--------------------------------------------------------------------------
0                          0.430     0.418         0.476   0.424       280
1                          0.023     0.133         0.694   0.040        30
2                          0.316     0.158         0.706   0.211       266
*----------------------------------------*
0 Fri Nov 28 22:06:42 2025 Epoch: 28
Epoch: 28/150 Iter: 1/96 loss: 6.6259 acc: 0.3333 time 12.99s
Epoch: 28/150 Iter: 2/96 loss: 4.0108 acc: 0.5833 time 11.10s
Epoch: 28/150 Iter: 3/96 loss: 15.1070 acc: 0.5000 time 10.91s
Epoch: 28/150 Iter: 4/96 loss: 18.2680 acc: 0.3750 time 13.55s
Epoch: 28/150 Iter: 5/96 loss: 17.7847 acc: 0.3444 time 13.55s
Epoch: 28/150 Iter: 6/96 loss: 18.6169 acc: 0.2870 time 10.91s
Epoch: 28/150 Iter: 7/96 loss: 18.9313 acc: 0.2619 time 13.54s
Epoch: 28/150 Iter: 8/96 loss: 18.8385 acc: 0.2431 time 11.09s
Epoch: 28/150 Iter: 9/96 loss: 18.8608 acc: 0.2623 time 10.95s
Epoch: 28/150 Iter: 10/96 loss: 17.8894 acc: 0.2583 time 13.54s
Epoch: 28/150 Iter: 11/96 loss: 16.7161 acc: 0.2576 time 13.50s
Epoch: 28/150 Iter: 12/96 loss: 17.2073 acc: 0.2417 time 13.58s
Epoch: 28/150 Iter: 13/96 loss: 16.3526 acc: 0.2487 time 10.94s
Epoch: 28/150 Iter: 14/96 loss: 16.3454 acc: 0.2548 time 10.98s
Epoch: 28/150 Iter: 15/96 loss: 15.5708 acc: 0.2711 time 11.05s
Epoch: 28/150 Iter: 16/96 loss: 15.9151 acc: 0.2750 time 11.24s
Epoch: 28/150 Iter: 17/96 loss: 15.5177 acc: 0.2735 time 10.92s
Epoch: 28/150 Iter: 18/96 loss: 15.3992 acc: 0.2861 time 13.55s
Epoch: 28/150 Iter: 19/96 loss: 15.1156 acc: 0.2974 time 13.49s
Epoch: 28/150 Iter: 20/96 loss: 15.1513 acc: 0.2858 time 13.48s
Epoch: 28/150 Iter: 21/96 loss: 14.7100 acc: 0.2849 time 13.51s
Epoch: 28/150 Iter: 22/96 loss: 14.9858 acc: 0.2871 time 11.25s
Epoch: 28/150 Iter: 23/96 loss: 14.7251 acc: 0.2783 time 11.07s
Epoch: 28/150 Iter: 24/96 loss: 14.5898 acc: 0.2806 time 11.24s
Epoch: 28/150 Iter: 25/96 loss: 15.4629 acc: 0.2693 time 13.52s
Epoch: 28/150 Iter: 26/96 loss: 15.4661 acc: 0.2654 time 10.96s
Epoch: 28/150 Iter: 27/96 loss: 15.4110 acc: 0.2617 time 11.21s
Epoch: 28/150 Iter: 28/96 loss: 15.4620 acc: 0.2603 time 10.93s
Epoch: 28/150 Iter: 29/96 loss: 15.6846 acc: 0.2542 time 10.91s
Epoch: 28/150 Iter: 30/96 loss: 15.8502 acc: 0.2457 time 13.45s
Epoch: 28/150 Iter: 31/96 loss: 16.1438 acc: 0.2432 time 10.94s
Epoch: 28/150 Iter: 32/96 loss: 16.6666 acc: 0.2356 time 10.97s
Epoch: 28/150 Iter: 33/96 loss: 16.4673 acc: 0.2318 time 13.53s
Epoch: 28/150 Iter: 34/96 loss: 16.2558 acc: 0.2324 time 10.95s
Epoch: 28/150 Iter: 35/96 loss: 15.9687 acc: 0.2314 time 10.94s
Epoch: 28/150 Iter: 36/96 loss: 15.7023 acc: 0.2343 time 11.12s
Epoch: 28/150 Iter: 37/96 loss: 15.4541 acc: 0.2369 time 13.61s
Epoch: 28/150 Iter: 38/96 loss: 15.4047 acc: 0.2395 time 10.94s
Epoch: 28/150 Iter: 39/96 loss: 15.5472 acc: 0.2362 time 13.46s
Epoch: 28/150 Iter: 40/96 loss: 15.2476 acc: 0.2428 time 10.94s
Epoch: 28/150 Iter: 41/96 loss: 15.2984 acc: 0.2409 time 13.48s
Epoch: 28/150 Iter: 42/96 loss: 15.4362 acc: 0.2352 time 10.91s
Epoch: 28/150 Iter: 43/96 loss: 15.5747 acc: 0.2375 time 13.53s
Epoch: 28/150 Iter: 44/96 loss: 15.4278 acc: 0.2371 time 10.93s
Epoch: 28/150 Iter: 45/96 loss: 15.7649 acc: 0.2319 time 11.13s
Epoch: 28/150 Iter: 46/96 loss: 15.5700 acc: 0.2377 time 10.97s
Epoch: 28/150 Iter: 47/96 loss: 15.3408 acc: 0.2379 time 11.18s
Epoch: 28/150 Iter: 48/96 loss: 15.3013 acc: 0.2365 time 13.51s
Epoch: 28/150 Iter: 49/96 loss: 15.1032 acc: 0.2444 time 10.97s
Epoch: 28/150 Iter: 50/96 loss: 14.9673 acc: 0.2395 time 11.20s
Epoch: 28/150 Iter: 51/96 loss: 14.9579 acc: 0.2397 time 13.56s
Epoch: 28/150 Iter: 52/96 loss: 14.8488 acc: 0.2383 time 11.20s
Epoch: 28/150 Iter: 53/96 loss: 14.8867 acc: 0.2354 time 13.56s
Epoch: 28/150 Iter: 54/96 loss: 14.9386 acc: 0.2372 time 13.52s
Epoch: 28/150 Iter: 55/96 loss: 14.8568 acc: 0.2365 time 10.95s
Epoch: 28/150 Iter: 56/96 loss: 14.6919 acc: 0.2371 time 11.20s
Epoch: 28/150 Iter: 57/96 loss: 14.7261 acc: 0.2387 time 10.99s
Epoch: 28/150 Iter: 58/96 loss: 14.6258 acc: 0.2389 time 11.22s
Epoch: 28/150 Iter: 59/96 loss: 14.5520 acc: 0.2377 time 11.01s
Epoch: 28/150 Iter: 60/96 loss: 14.3367 acc: 0.2471 time 10.92s
Epoch: 28/150 Iter: 61/96 loss: 14.2858 acc: 0.2512 time 13.51s
Epoch: 28/150 Iter: 62/96 loss: 14.3487 acc: 0.2472 time 11.12s
Epoch: 28/150 Iter: 63/96 loss: 14.3189 acc: 0.2464 time 10.95s
Epoch: 28/150 Iter: 64/96 loss: 14.4329 acc: 0.2488 time 11.20s
Epoch: 28/150 Iter: 65/96 loss: 14.2949 acc: 0.2484 time 13.48s
Epoch: 28/150 Iter: 66/96 loss: 14.2779 acc: 0.2484 time 11.06s
Epoch: 28/150 Iter: 67/96 loss: 14.1408 acc: 0.2522 time 13.50s
Epoch: 28/150 Iter: 68/96 loss: 14.0259 acc: 0.2534 time 10.92s
Epoch: 28/150 Iter: 69/96 loss: 13.9380 acc: 0.2570 time 13.57s
Epoch: 28/150 Iter: 70/96 loss: 13.9040 acc: 0.2562 time 13.47s
Epoch: 28/150 Iter: 71/96 loss: 13.9346 acc: 0.2572 time 11.16s
Epoch: 28/150 Iter: 72/96 loss: 14.1580 acc: 0.2568 time 11.13s
Epoch: 28/150 Iter: 73/96 loss: 14.3459 acc: 0.2544 time 11.23s
Epoch: 28/150 Iter: 74/96 loss: 14.4631 acc: 0.2532 time 11.09s
Epoch: 28/150 Iter: 75/96 loss: 14.5698 acc: 0.2509 time 13.54s
Epoch: 28/150 Iter: 76/96 loss: 14.5081 acc: 0.2520 time 10.91s
Epoch: 28/150 Iter: 77/96 loss: 14.6015 acc: 0.2487 time 11.13s
Epoch: 28/150 Iter: 78/96 loss: 14.4958 acc: 0.2536 time 13.50s
Epoch: 28/150 Iter: 79/96 loss: 14.4289 acc: 0.2598 time 13.44s
Epoch: 28/150 Iter: 80/96 loss: 14.5558 acc: 0.2566 time 10.96s
Epoch: 28/150 Iter: 81/96 loss: 14.5354 acc: 0.2565 time 10.94s
Epoch: 28/150 Iter: 82/96 loss: 14.3699 acc: 0.2591 time 13.50s
Epoch: 28/150 Iter: 83/96 loss: 14.2177 acc: 0.2650 time 10.95s
Epoch: 28/150 Iter: 84/96 loss: 14.1735 acc: 0.2638 time 10.84s
Epoch: 28/150 Iter: 85/96 loss: 14.2311 acc: 0.2666 time 13.47s
Epoch: 28/150 Iter: 86/96 loss: 14.2834 acc: 0.2645 time 10.93s
Epoch: 28/150 Iter: 87/96 loss: 14.3808 acc: 0.2633 time 13.49s
Epoch: 28/150 Iter: 88/96 loss: 14.3996 acc: 0.2641 time 13.50s
Epoch: 28/150 Iter: 89/96 loss: 14.3361 acc: 0.2668 time 13.46s
Epoch: 28/150 Iter: 90/96 loss: 14.2638 acc: 0.2653 time 10.82s
Epoch: 28/150 Iter: 91/96 loss: 14.2322 acc: 0.2624 time 13.49s
Epoch: 28/150 Iter: 92/96 loss: 14.2672 acc: 0.2632 time 10.82s
Epoch: 28/150 Iter: 93/96 loss: 14.4078 acc: 0.2612 time 10.97s
Epoch: 28/150 Iter: 94/96 loss: 14.4400 acc: 0.2585 time 10.97s
Epoch: 28/150 Iter: 95/96 loss: 14.4477 acc: 0.2601 time 13.50s
Epoch: 28/150 Iter: 96/96 loss: 14.4403 acc: 0.2588 time 10.87s
[Train epoch 28] avg_loss=14.4403 avg_acc=0.2588 | per-class [c0: 0.502, c1: 0.233, c2: 0.181]
Final training 28/150, loss: 14.4403, time 1149.69s, lr: 0.000000
Accuracy: 0.340
class                  precision    recall   specificity      f1   support
--------------------------------------------------------------------------
0                          0.500     0.502         0.522   0.501       281
1                          0.044     0.233         0.720   0.074        30
2                          0.358     0.181         0.723   0.241       265
*----------------------------------------*
Val 28/150 1/24, Acc: 0.1111, Loss: 16.7715, time 11.00s
Val 28/150 2/24, Acc: 0.2222, Loss: 13.5333, time 11.01s
Val 28/150 3/24, Acc: 0.2593, Loss: 11.3565, time 10.94s
Val 28/150 4/24, Acc: 0.2569, Loss: 12.1958, time 10.93s
Val 28/150 5/24, Acc: 0.2222, Loss: 11.5295, time 11.16s
Val 28/150 6/24, Acc: 0.1991, Loss: 11.6863, time 11.03s
Val 28/150 7/24, Acc: 0.1944, Loss: 11.9406, time 10.95s
Val 28/150 8/24, Acc: 0.1806, Loss: 11.7940, time 11.00s
Val 28/150 9/24, Acc: 0.1679, Loss: 11.1626, time 10.95s
Val 28/150 10/24, Acc: 0.1978, Loss: 10.8683, time 11.19s
Val 28/150 11/24, Acc: 0.2253, Loss: 10.8064, time 10.89s
Val 28/150 12/24, Acc: 0.2273, Loss: 10.6672, time 11.02s
Val 28/150 13/24, Acc: 0.2355, Loss: 10.4891, time 11.07s
Val 28/150 14/24, Acc: 0.2901, Loss: 9.7438, time 11.02s
Val 28/150 15/24, Acc: 0.3263, Loss: 9.1822, time 10.95s
Val 28/150 16/24, Acc: 0.3184, Loss: 9.0551, time 10.98s
Val 28/150 17/24, Acc: 0.3095, Loss: 9.4708, time 11.08s
Val 28/150 18/24, Acc: 0.3015, Loss: 9.3524, time 11.00s
Val 28/150 19/24, Acc: 0.3330, Loss: 8.8916, time 11.06s
Val 28/150 20/24, Acc: 0.3331, Loss: 8.6493, time 11.06s
Val 28/150 21/24, Acc: 0.3331, Loss: 8.8733, time 11.00s
Val 28/150 22/24, Acc: 0.3230, Loss: 9.2944, time 11.22s
Val 28/150 23/24, Acc: 0.3331, Loss: 9.0427, time 10.97s
Val 28/150 24/24, Acc: 0.3192, Loss: 9.4725, time 10.94s
[Val epoch 28] avg_acc=0.3192 | avg_loss=9.4725 | per-class [c0: 0.486, c1: 0.500, c2: 0.258]
Final validation 28/150, Val_acc: 0.3192, time 264.43sAccuracy: 0.382
class                  precision    recall   specificity      f1   support
--------------------------------------------------------------------------
0                          0.479     0.486         0.500   0.482        70
1                          0.111     0.500         0.765   0.182         8
2                          0.459     0.258         0.744   0.330        66
*========================================*
Saving checkpoint outputs/OrganoidsINRIA/swinunetr+noah/2025-11-28-12-24/training/model_final.pt
[EarlyStopping] no improve (13/30)
[EarlyStopping] no improve (13/30)
0 Fri Nov 28 22:30:21 2025 Epoch: 29
Epoch: 29/150 Iter: 1/96 loss: 10.0027 acc: 0.1111 time 16.84s
Epoch: 29/150 Iter: 2/96 loss: 15.6743 acc: 0.0556 time 11.21s
Epoch: 29/150 Iter: 3/96 loss: 14.1894 acc: 0.1481 time 13.49s
Epoch: 29/150 Iter: 4/96 loss: 14.5934 acc: 0.1319 time 13.47s
Epoch: 29/150 Iter: 5/96 loss: 14.6501 acc: 0.1722 time 13.49s
Epoch: 29/150 Iter: 6/96 loss: 13.9662 acc: 0.1657 time 10.90s
Epoch: 29/150 Iter: 7/96 loss: 14.8651 acc: 0.1421 time 11.10s
Epoch: 29/150 Iter: 8/96 loss: 13.5679 acc: 0.1618 time 11.07s
Epoch: 29/150 Iter: 9/96 loss: 13.0542 acc: 0.1809 time 13.53s
Epoch: 29/150 Iter: 10/96 loss: 12.2430 acc: 0.2378 time 10.96s
Epoch: 29/150 Iter: 11/96 loss: 12.9888 acc: 0.2389 time 11.23s
Epoch: 29/150 Iter: 12/96 loss: 13.3851 acc: 0.2329 time 13.47s
Epoch: 29/150 Iter: 13/96 loss: 13.7917 acc: 0.2214 time 13.52s
Epoch: 29/150 Iter: 14/96 loss: 14.0072 acc: 0.2234 time 10.92s
Epoch: 29/150 Iter: 15/96 loss: 13.5925 acc: 0.2530 time 13.56s
Epoch: 29/150 Iter: 16/96 loss: 13.5564 acc: 0.2580 time 11.03s
Epoch: 29/150 Iter: 17/96 loss: 13.9304 acc: 0.2559 time 11.13s
Epoch: 29/150 Iter: 18/96 loss: 14.0313 acc: 0.2463 time 11.12s
Epoch: 29/150 Iter: 19/96 loss: 14.2555 acc: 0.2404 time 10.91s
Epoch: 29/150 Iter: 20/96 loss: 14.8695 acc: 0.2450 time 13.50s
Epoch: 29/150 Iter: 21/96 loss: 14.6533 acc: 0.2413 time 11.09s
Epoch: 29/150 Iter: 22/96 loss: 14.4246 acc: 0.2530 time 13.47s
Epoch: 29/150 Iter: 23/96 loss: 14.3412 acc: 0.2469 time 10.96s
Epoch: 29/150 Iter: 24/96 loss: 14.1823 acc: 0.2412 time 11.23s
Epoch: 29/150 Iter: 25/96 loss: 14.0670 acc: 0.2516 time 13.52s
Epoch: 29/150 Iter: 26/96 loss: 14.0437 acc: 0.2515 time 13.46s
Epoch: 29/150 Iter: 27/96 loss: 14.4877 acc: 0.2463 time 13.46s
Epoch: 29/150 Iter: 28/96 loss: 14.3036 acc: 0.2534 time 11.09s
Epoch: 29/150 Iter: 29/96 loss: 14.3370 acc: 0.2485 time 10.89s
Epoch: 29/150 Iter: 30/96 loss: 14.4383 acc: 0.2424 time 11.17s
Epoch: 29/150 Iter: 31/96 loss: 14.5383 acc: 0.2418 time 13.47s
Epoch: 29/150 Iter: 32/96 loss: 14.4538 acc: 0.2394 time 11.19s
Epoch: 29/150 Iter: 33/96 loss: 14.4893 acc: 0.2439 time 13.49s
Epoch: 29/150 Iter: 34/96 loss: 14.4343 acc: 0.2417 time 13.55s
Epoch: 29/150 Iter: 35/96 loss: 14.1467 acc: 0.2395 time 10.94s
Epoch: 29/150 Iter: 36/96 loss: 14.1509 acc: 0.2398 time 13.59s
Epoch: 29/150 Iter: 37/96 loss: 13.8265 acc: 0.2529 time 11.08s
Epoch: 29/150 Iter: 38/96 loss: 13.9714 acc: 0.2491 time 13.49s
Epoch: 29/150 Iter: 39/96 loss: 13.9794 acc: 0.2491 time 10.98s
Epoch: 29/150 Iter: 40/96 loss: 14.1027 acc: 0.2450 time 11.05s
Epoch: 29/150 Iter: 41/96 loss: 13.9378 acc: 0.2488 time 13.47s
Epoch: 29/150 Iter: 42/96 loss: 13.6431 acc: 0.2587 time 11.17s
Epoch: 29/150 Iter: 43/96 loss: 13.6993 acc: 0.2527 time 13.55s
Epoch: 29/150 Iter: 44/96 loss: 14.2887 acc: 0.2558 time 13.59s
Epoch: 29/150 Iter: 45/96 loss: 14.2946 acc: 0.2551 time 10.92s
Epoch: 29/150 Iter: 46/96 loss: 14.3648 acc: 0.2531 time 13.49s
Epoch: 29/150 Iter: 47/96 loss: 14.6780 acc: 0.2501 time 10.91s
Epoch: 29/150 Iter: 48/96 loss: 14.7450 acc: 0.2530 time 13.54s
Epoch: 29/150 Iter: 49/96 loss: 14.7699 acc: 0.2546 time 13.47s
Epoch: 29/150 Iter: 50/96 loss: 14.6542 acc: 0.2496 time 11.10s
Epoch: 29/150 Iter: 51/96 loss: 14.9083 acc: 0.2468 time 11.11s
Epoch: 29/150 Iter: 52/96 loss: 14.8359 acc: 0.2485 time 11.06s
Epoch: 29/150 Iter: 53/96 loss: 14.6574 acc: 0.2532 time 11.04s
Epoch: 29/150 Iter: 54/96 loss: 14.5763 acc: 0.2501 time 10.93s
Epoch: 29/150 Iter: 55/96 loss: 14.5846 acc: 0.2486 time 11.08s
Epoch: 29/150 Iter: 56/96 loss: 14.5103 acc: 0.2525 time 13.53s
Epoch: 29/150 Iter: 57/96 loss: 14.5186 acc: 0.2495 time 13.50s
Epoch: 29/150 Iter: 58/96 loss: 14.5239 acc: 0.2521 time 13.46s
Epoch: 29/150 Iter: 59/96 loss: 14.4315 acc: 0.2521 time 13.48s
Epoch: 29/150 Iter: 60/96 loss: 14.4923 acc: 0.2525 time 13.47s
Epoch: 29/150 Iter: 61/96 loss: 14.2906 acc: 0.2575 time 11.07s
Epoch: 29/150 Iter: 62/96 loss: 14.1588 acc: 0.2587 time 11.21s
Epoch: 29/150 Iter: 63/96 loss: 14.1182 acc: 0.2599 time 11.12s
Epoch: 29/150 Iter: 64/96 loss: 14.1391 acc: 0.2610 time 10.93s
Epoch: 29/150 Iter: 65/96 loss: 14.0249 acc: 0.2647 time 13.50s
Epoch: 29/150 Iter: 66/96 loss: 14.0831 acc: 0.2620 time 13.47s
Epoch: 29/150 Iter: 67/96 loss: 13.9564 acc: 0.2618 time 10.93s
Epoch: 29/150 Iter: 68/96 loss: 14.0575 acc: 0.2612 time 11.19s
Epoch: 29/150 Iter: 69/96 loss: 14.1755 acc: 0.2590 time 13.49s
Epoch: 29/150 Iter: 70/96 loss: 14.1112 acc: 0.2601 time 13.49s
Epoch: 29/150 Iter: 71/96 loss: 13.9428 acc: 0.2658 time 10.91s
Epoch: 29/150 Iter: 72/96 loss: 13.9412 acc: 0.2698 time 10.90s
Epoch: 29/150 Iter: 73/96 loss: 14.0698 acc: 0.2661 time 10.96s
Epoch: 29/150 Iter: 74/96 loss: 14.3500 acc: 0.2655 time 10.92s
Epoch: 29/150 Iter: 75/96 loss: 14.3429 acc: 0.2653 time 13.55s
Epoch: 29/150 Iter: 76/96 loss: 14.3022 acc: 0.2651 time 13.53s
Epoch: 29/150 Iter: 77/96 loss: 14.2998 acc: 0.2649 time 10.91s
Epoch: 29/150 Iter: 78/96 loss: 14.3754 acc: 0.2644 time 13.52s
Epoch: 29/150 Iter: 79/96 loss: 14.3298 acc: 0.2642 time 11.08s
Epoch: 29/150 Iter: 80/96 loss: 14.2355 acc: 0.2640 time 10.92s
Epoch: 29/150 Iter: 81/96 loss: 14.2969 acc: 0.2616 time 13.45s
Epoch: 29/150 Iter: 82/96 loss: 14.3911 acc: 0.2604 time 10.96s
Epoch: 29/150 Iter: 83/96 loss: 14.3957 acc: 0.2586 time 13.44s
Epoch: 29/150 Iter: 84/96 loss: 14.4301 acc: 0.2575 time 10.87s
Epoch: 29/150 Iter: 85/96 loss: 14.3573 acc: 0.2604 time 10.98s
Epoch: 29/150 Iter: 86/96 loss: 14.3198 acc: 0.2593 time 13.45s
Epoch: 29/150 Iter: 87/96 loss: 14.3545 acc: 0.2602 time 10.85s
Epoch: 29/150 Iter: 88/96 loss: 14.5353 acc: 0.2604 time 10.93s
Epoch: 29/150 Iter: 89/96 loss: 14.5275 acc: 0.2599 time 10.88s
Epoch: 29/150 Iter: 90/96 loss: 14.4524 acc: 0.2598 time 13.42s
Epoch: 29/150 Iter: 91/96 loss: 14.5926 acc: 0.2570 time 10.94s
Epoch: 29/150 Iter: 92/96 loss: 14.6174 acc: 0.2549 time 10.95s
Epoch: 29/150 Iter: 93/96 loss: 14.4903 acc: 0.2554 time 11.03s
Epoch: 29/150 Iter: 94/96 loss: 14.4680 acc: 0.2569 time 13.43s
Epoch: 29/150 Iter: 95/96 loss: 14.5873 acc: 0.2542 time 10.94s
Epoch: 29/150 Iter: 96/96 loss: 14.4753 acc: 0.2539 time 10.94s
[Train epoch 29] avg_loss=14.4753 avg_acc=0.2539 | per-class [c0: 0.484, c1: 0.200, c2: 0.204]
Final training 29/150, loss: 14.4753, time 1162.60s, lr: 0.000000
Accuracy: 0.340
class                  precision    recall   specificity      f1   support
--------------------------------------------------------------------------
0                          0.498     0.484         0.536   0.491       281
1                          0.033     0.200         0.681   0.057        30
2                          0.439     0.204         0.778   0.278       265
*----------------------------------------*
0 Fri Nov 28 22:49:43 2025 Epoch: 30
Epoch: 30/150 Iter: 1/96 loss: 5.2451 acc: 0.5556 time 13.51s
Epoch: 30/150 Iter: 2/96 loss: 6.6551 acc: 0.4444 time 13.53s
Epoch: 30/150 Iter: 3/96 loss: 12.4494 acc: 0.2963 time 11.06s
Epoch: 30/150 Iter: 4/96 loss: 11.7353 acc: 0.2847 time 13.58s
Epoch: 30/150 Iter: 5/96 loss: 10.6046 acc: 0.2500 time 10.92s
Epoch: 30/150 Iter: 6/96 loss: 10.9581 acc: 0.2454 time 11.10s
Epoch: 30/150 Iter: 7/96 loss: 12.3740 acc: 0.2579 time 13.51s
Epoch: 30/150 Iter: 8/96 loss: 13.1177 acc: 0.2340 time 13.55s
Epoch: 30/150 Iter: 9/96 loss: 14.1572 acc: 0.2327 time 13.59s
Epoch: 30/150 Iter: 10/96 loss: 15.3759 acc: 0.2094 time 10.91s
Epoch: 30/150 Iter: 11/96 loss: 15.2279 acc: 0.2106 time 11.09s
Epoch: 30/150 Iter: 12/96 loss: 14.4866 acc: 0.2301 time 13.56s
Epoch: 30/150 Iter: 13/96 loss: 15.0715 acc: 0.2252 time 11.13s
Epoch: 30/150 Iter: 14/96 loss: 14.5702 acc: 0.2448 time 11.18s
Epoch: 30/150 Iter: 15/96 loss: 14.7197 acc: 0.2419 time 13.53s
Epoch: 30/150 Iter: 16/96 loss: 15.6319 acc: 0.2267 time 11.14s
Epoch: 30/150 Iter: 17/96 loss: 15.8780 acc: 0.2330 time 11.10s
Epoch: 30/150 Iter: 18/96 loss: 15.3016 acc: 0.2293 time 13.56s
Epoch: 30/150 Iter: 19/96 loss: 14.7729 acc: 0.2523 time 10.97s
Epoch: 30/150 Iter: 20/96 loss: 14.6787 acc: 0.2481 time 13.56s
Epoch: 30/150 Iter: 21/96 loss: 14.5147 acc: 0.2458 time 11.09s
Epoch: 30/150 Iter: 22/96 loss: 14.2165 acc: 0.2422 time 10.96s
Epoch: 30/150 Iter: 23/96 loss: 14.2400 acc: 0.2413 time 11.06s
Epoch: 30/150 Iter: 24/96 loss: 14.4702 acc: 0.2556 time 11.08s
Epoch: 30/150 Iter: 25/96 loss: 14.2669 acc: 0.2520 time 10.98s
Epoch: 30/150 Iter: 26/96 loss: 14.1732 acc: 0.2455 time 10.99s
Epoch: 30/150 Iter: 27/96 loss: 14.2351 acc: 0.2512 time 11.12s
Epoch: 30/150 Iter: 28/96 loss: 14.6651 acc: 0.2462 time 13.57s
Epoch: 30/150 Iter: 29/96 loss: 15.1143 acc: 0.2435 time 11.13s
Epoch: 30/150 Iter: 30/96 loss: 15.1912 acc: 0.2398 time 11.18s
Epoch: 30/150 Iter: 31/96 loss: 15.2193 acc: 0.2428 time 11.22s
Epoch: 30/150 Iter: 32/96 loss: 15.4938 acc: 0.2439 time 11.05s
Epoch: 30/150 Iter: 33/96 loss: 15.7100 acc: 0.2391 time 10.88s
Epoch: 30/150 Iter: 34/96 loss: 15.7191 acc: 0.2418 time 13.48s
Epoch: 30/150 Iter: 35/96 loss: 15.4890 acc: 0.2413 time 11.09s
Epoch: 30/150 Iter: 36/96 loss: 15.4496 acc: 0.2346 time 10.92s
Epoch: 30/150 Iter: 37/96 loss: 15.3861 acc: 0.2372 time 11.13s
Epoch: 30/150 Iter: 38/96 loss: 15.7183 acc: 0.2339 time 10.90s
Epoch: 30/150 Iter: 39/96 loss: 15.6081 acc: 0.2313 time 10.96s
Epoch: 30/150 Iter: 40/96 loss: 15.7060 acc: 0.2269 time 13.52s
Epoch: 30/150 Iter: 41/96 loss: 15.8600 acc: 0.2234 time 13.54s
Epoch: 30/150 Iter: 42/96 loss: 15.8173 acc: 0.2221 time 13.52s
Epoch: 30/150 Iter: 43/96 loss: 15.7154 acc: 0.2200 time 11.08s
Epoch: 30/150 Iter: 44/96 loss: 15.8503 acc: 0.2176 time 10.93s
Epoch: 30/150 Iter: 45/96 loss: 15.6004 acc: 0.2157 time 10.93s
Epoch: 30/150 Iter: 46/96 loss: 15.8024 acc: 0.2124 time 13.49s
Epoch: 30/150 Iter: 47/96 loss: 15.9036 acc: 0.2079 time 13.53s
Epoch: 30/150 Iter: 48/96 loss: 16.0658 acc: 0.2071 time 10.92s
Epoch: 30/150 Iter: 49/96 loss: 15.9507 acc: 0.2113 time 10.98s
Epoch: 30/150 Iter: 50/96 loss: 16.0769 acc: 0.2071 time 11.10s
Epoch: 30/150 Iter: 51/96 loss: 16.1210 acc: 0.2047 time 10.99s
Epoch: 30/150 Iter: 52/96 loss: 15.9892 acc: 0.2050 time 11.00s
Epoch: 30/150 Iter: 53/96 loss: 16.1098 acc: 0.2090 time 11.11s
Epoch: 30/150 Iter: 54/96 loss: 16.2606 acc: 0.2051 time 13.52s
Epoch: 30/150 Iter: 55/96 loss: 16.2440 acc: 0.2038 time 13.51s
Epoch: 30/150 Iter: 56/96 loss: 15.9983 acc: 0.2062 time 13.54s
Epoch: 30/150 Iter: 57/96 loss: 15.8646 acc: 0.2084 time 13.56s
Epoch: 30/150 Iter: 58/96 loss: 15.7232 acc: 0.2086 time 10.89s
Epoch: 30/150 Iter: 59/96 loss: 15.7272 acc: 0.2051 time 11.07s
Epoch: 30/150 Iter: 60/96 loss: 15.6787 acc: 0.2058 time 11.18s
Epoch: 30/150 Iter: 61/96 loss: 15.7663 acc: 0.2025 time 11.12s
Epoch: 30/150 Iter: 62/96 loss: 15.6617 acc: 0.2012 time 10.92s
Epoch: 30/150 Iter: 63/96 loss: 15.6712 acc: 0.1998 time 13.51s
Epoch: 30/150 Iter: 64/96 loss: 15.6097 acc: 0.2019 time 10.92s
Epoch: 30/150 Iter: 65/96 loss: 15.6826 acc: 0.2000 time 10.91s
Epoch: 30/150 Iter: 66/96 loss: 15.7908 acc: 0.1980 time 13.53s
Epoch: 30/150 Iter: 67/96 loss: 15.8157 acc: 0.2025 time 10.92s
Epoch: 30/150 Iter: 68/96 loss: 15.8844 acc: 0.2008 time 13.56s
Epoch: 30/150 Iter: 69/96 loss: 15.7603 acc: 0.2043 time 10.96s
Epoch: 30/150 Iter: 70/96 loss: 15.7312 acc: 0.2046 time 13.50s
Epoch: 30/150 Iter: 71/96 loss: 15.7602 acc: 0.2017 time 11.10s
Epoch: 30/150 Iter: 72/96 loss: 15.6623 acc: 0.2017 time 13.60s
Epoch: 30/150 Iter: 73/96 loss: 15.7714 acc: 0.2004 time 10.94s
Epoch: 30/150 Iter: 74/96 loss: 15.6817 acc: 0.2022 time 10.90s
Epoch: 30/150 Iter: 75/96 loss: 15.6345 acc: 0.2025 time 10.94s
Epoch: 30/150 Iter: 76/96 loss: 15.7122 acc: 0.2027 time 13.51s
Epoch: 30/150 Iter: 77/96 loss: 15.7026 acc: 0.2023 time 10.94s
Epoch: 30/150 Iter: 78/96 loss: 15.6288 acc: 0.2025 time 13.53s
Epoch: 30/150 Iter: 79/96 loss: 15.5021 acc: 0.2079 time 13.57s
Epoch: 30/150 Iter: 80/96 loss: 15.6076 acc: 0.2053 time 13.57s
Epoch: 30/150 Iter: 81/96 loss: 15.4715 acc: 0.2052 time 13.43s
Epoch: 30/150 Iter: 82/96 loss: 15.3865 acc: 0.2088 time 10.93s
Epoch: 30/150 Iter: 83/96 loss: 15.2013 acc: 0.2183 time 13.46s
Epoch: 30/150 Iter: 84/96 loss: 15.2117 acc: 0.2217 time 10.81s
Epoch: 30/150 Iter: 85/96 loss: 15.2578 acc: 0.2224 time 11.12s
Epoch: 30/150 Iter: 86/96 loss: 15.3914 acc: 0.2217 time 11.03s
Epoch: 30/150 Iter: 87/96 loss: 15.2788 acc: 0.2249 time 13.47s
Epoch: 30/150 Iter: 88/96 loss: 15.2172 acc: 0.2261 time 13.47s
Epoch: 30/150 Iter: 89/96 loss: 15.1728 acc: 0.2261 time 13.45s
Epoch: 30/150 Iter: 90/96 loss: 15.0730 acc: 0.2298 time 13.50s
Epoch: 30/150 Iter: 91/96 loss: 15.0468 acc: 0.2291 time 11.03s
Epoch: 30/150 Iter: 92/96 loss: 15.0016 acc: 0.2287 time 11.06s
Epoch: 30/150 Iter: 93/96 loss: 15.1406 acc: 0.2277 time 13.55s
Epoch: 30/150 Iter: 94/96 loss: 15.2065 acc: 0.2253 time 10.94s
Epoch: 30/150 Iter: 95/96 loss: 15.1222 acc: 0.2256 time 13.47s
Epoch: 30/150 Iter: 96/96 loss: 15.0772 acc: 0.2267 time 13.40s
[Train epoch 30] avg_loss=15.0772 avg_acc=0.2267 | per-class [c0: 0.454, c1: 0.167, c2: 0.192]
Final training 30/150, loss: 15.0772, time 1155.40s, lr: 0.000000
Accuracy: 0.318
class                  precision    recall   specificity      f1   support
--------------------------------------------------------------------------
0                          0.447     0.454         0.470   0.450       280
1                          0.031     0.167         0.712   0.052        30
2                          0.392     0.192         0.745   0.258       266
*----------------------------------------*
Val 30/150 1/24, Acc: 0.1111, Loss: 16.7715, time 10.89s
Val 30/150 2/24, Acc: 0.2222, Loss: 13.5333, time 10.94s
Val 30/150 3/24, Acc: 0.2593, Loss: 11.3565, time 10.92s
Val 30/150 4/24, Acc: 0.2569, Loss: 12.1958, time 10.90s
Val 30/150 5/24, Acc: 0.2222, Loss: 11.5295, time 11.02s
Val 30/150 6/24, Acc: 0.1991, Loss: 11.6863, time 11.01s
Val 30/150 7/24, Acc: 0.1944, Loss: 11.9406, time 10.93s
Val 30/150 8/24, Acc: 0.1806, Loss: 11.7940, time 10.99s
Val 30/150 9/24, Acc: 0.1679, Loss: 11.1626, time 10.88s
Val 30/150 10/24, Acc: 0.1978, Loss: 10.8683, time 11.20s
Val 30/150 11/24, Acc: 0.2253, Loss: 10.8064, time 10.89s
Val 30/150 12/24, Acc: 0.2273, Loss: 10.6672, time 11.01s
Val 30/150 13/24, Acc: 0.2355, Loss: 10.4891, time 11.09s
Val 30/150 14/24, Acc: 0.2901, Loss: 9.7438, time 10.97s
Val 30/150 15/24, Acc: 0.3263, Loss: 9.1822, time 11.03s
Val 30/150 16/24, Acc: 0.3184, Loss: 9.0551, time 10.92s
Val 30/150 17/24, Acc: 0.3095, Loss: 9.4708, time 11.08s
Val 30/150 18/24, Acc: 0.3015, Loss: 9.3524, time 10.98s
Val 30/150 19/24, Acc: 0.3330, Loss: 8.8916, time 11.00s
Val 30/150 20/24, Acc: 0.3331, Loss: 8.6493, time 11.10s
Val 30/150 21/24, Acc: 0.3331, Loss: 8.8733, time 11.01s
Val 30/150 22/24, Acc: 0.3230, Loss: 9.2944, time 11.23s
Val 30/150 23/24, Acc: 0.3331, Loss: 9.0427, time 10.87s
Val 30/150 24/24, Acc: 0.3192, Loss: 9.4725, time 10.98s
[Val epoch 30] avg_acc=0.3192 | avg_loss=9.4725 | per-class [c0: 0.486, c1: 0.500, c2: 0.258]
Final validation 30/150, Val_acc: 0.3192, time 263.83sAccuracy: 0.382
class                  precision    recall   specificity      f1   support
--------------------------------------------------------------------------
0                          0.479     0.486         0.500   0.482        70
1                          0.111     0.500         0.765   0.182         8
2                          0.459     0.258         0.744   0.330        66
*========================================*
Saving checkpoint outputs/OrganoidsINRIA/swinunetr+noah/2025-11-28-12-24/training/model_final.pt
[EarlyStopping] no improve (14/30)
[EarlyStopping] no improve (14/30)
0 Fri Nov 28 23:13:27 2025 Epoch: 31
Epoch: 31/150 Iter: 1/96 loss: 13.1380 acc: 0.5000 time 16.52s
Epoch: 31/150 Iter: 2/96 loss: 12.0541 acc: 0.3333 time 13.49s
Epoch: 31/150 Iter: 3/96 loss: 8.8302 acc: 0.4000 time 11.17s
Epoch: 31/150 Iter: 4/96 loss: 8.7106 acc: 0.3417 time 13.51s
Epoch: 31/150 Iter: 5/96 loss: 9.3987 acc: 0.3400 time 10.91s
Epoch: 31/150 Iter: 6/96 loss: 9.6372 acc: 0.3389 time 11.06s
Epoch: 31/150 Iter: 7/96 loss: 8.9954 acc: 0.3500 time 11.21s
Epoch: 31/150 Iter: 8/96 loss: 9.7346 acc: 0.3340 time 10.92s
Epoch: 31/150 Iter: 9/96 loss: 12.4293 acc: 0.2969 time 11.07s
Epoch: 31/150 Iter: 10/96 loss: 12.0249 acc: 0.2839 time 11.02s
Epoch: 31/150 Iter: 11/96 loss: 11.8666 acc: 0.2732 time 10.92s
Epoch: 31/150 Iter: 12/96 loss: 11.9521 acc: 0.2560 time 13.43s
Epoch: 31/150 Iter: 13/96 loss: 12.1425 acc: 0.2449 time 10.93s
Epoch: 31/150 Iter: 14/96 loss: 13.2183 acc: 0.2433 time 11.22s
Epoch: 31/150 Iter: 15/96 loss: 14.2308 acc: 0.2344 time 13.52s
Epoch: 31/150 Iter: 16/96 loss: 16.3434 acc: 0.2302 time 13.52s
Epoch: 31/150 Iter: 17/96 loss: 16.6268 acc: 0.2297 time 10.90s
Epoch: 31/150 Iter: 18/96 loss: 17.9241 acc: 0.2170 time 13.54s
Epoch: 31/150 Iter: 19/96 loss: 17.5965 acc: 0.2266 time 11.09s
Epoch: 31/150 Iter: 20/96 loss: 17.7884 acc: 0.2208 time 11.09s
Epoch: 31/150 Iter: 21/96 loss: 17.5249 acc: 0.2167 time 13.56s
Epoch: 31/150 Iter: 22/96 loss: 16.9750 acc: 0.2295 time 11.21s
Epoch: 31/150 Iter: 23/96 loss: 17.0287 acc: 0.2244 time 13.54s
Epoch: 31/150 Iter: 24/96 loss: 16.7134 acc: 0.2220 time 10.88s
Epoch: 31/150 Iter: 25/96 loss: 16.4508 acc: 0.2184 time 11.11s
Epoch: 31/150 Iter: 26/96 loss: 16.5136 acc: 0.2165 time 10.95s
Epoch: 31/150 Iter: 27/96 loss: 16.3055 acc: 0.2208 time 13.54s
Epoch: 31/150 Iter: 28/96 loss: 16.3822 acc: 0.2278 time 13.50s
Epoch: 31/150 Iter: 29/96 loss: 16.4476 acc: 0.2257 time 13.57s
Epoch: 31/150 Iter: 30/96 loss: 16.2528 acc: 0.2281 time 11.06s
Epoch: 31/150 Iter: 31/96 loss: 16.4986 acc: 0.2229 time 13.53s
Epoch: 31/150 Iter: 32/96 loss: 16.6185 acc: 0.2212 time 13.46s
Epoch: 31/150 Iter: 33/96 loss: 16.6270 acc: 0.2246 time 10.91s
Epoch: 31/150 Iter: 34/96 loss: 16.4619 acc: 0.2327 time 10.92s
Epoch: 31/150 Iter: 35/96 loss: 16.4594 acc: 0.2308 time 13.55s
Epoch: 31/150 Iter: 36/96 loss: 16.6844 acc: 0.2290 time 11.10s
Epoch: 31/150 Iter: 37/96 loss: 16.5506 acc: 0.2303 time 10.88s
Epoch: 31/150 Iter: 38/96 loss: 16.4453 acc: 0.2301 time 10.88s
Epoch: 31/150 Iter: 39/96 loss: 16.4189 acc: 0.2285 time 11.11s
Epoch: 31/150 Iter: 40/96 loss: 16.4953 acc: 0.2256 time 10.95s
Epoch: 31/150 Iter: 41/96 loss: 16.4465 acc: 0.2221 time 13.61s
Epoch: 31/150 Iter: 42/96 loss: 16.3996 acc: 0.2208 time 11.18s
Epoch: 31/150 Iter: 43/96 loss: 16.2019 acc: 0.2302 time 13.45s
Epoch: 31/150 Iter: 44/96 loss: 16.0434 acc: 0.2287 time 13.55s
Epoch: 31/150 Iter: 45/96 loss: 16.0603 acc: 0.2261 time 13.48s
Epoch: 31/150 Iter: 46/96 loss: 16.2822 acc: 0.2236 time 13.49s
Epoch: 31/150 Iter: 47/96 loss: 16.0817 acc: 0.2212 time 11.04s
Epoch: 31/150 Iter: 48/96 loss: 16.0004 acc: 0.2270 time 13.51s
Epoch: 31/150 Iter: 49/96 loss: 15.6782 acc: 0.2337 time 13.49s
Epoch: 31/150 Iter: 50/96 loss: 15.5434 acc: 0.2379 time 10.92s
Epoch: 31/150 Iter: 51/96 loss: 15.4303 acc: 0.2382 time 13.56s
Epoch: 31/150 Iter: 52/96 loss: 15.3391 acc: 0.2400 time 13.45s
Epoch: 31/150 Iter: 53/96 loss: 15.5620 acc: 0.2407 time 10.98s
Epoch: 31/150 Iter: 54/96 loss: 15.4878 acc: 0.2378 time 11.09s
Epoch: 31/150 Iter: 55/96 loss: 15.4633 acc: 0.2395 time 13.56s
Epoch: 31/150 Iter: 56/96 loss: 15.3973 acc: 0.2388 time 13.51s
Epoch: 31/150 Iter: 57/96 loss: 15.2435 acc: 0.2420 time 13.51s
Epoch: 31/150 Iter: 58/96 loss: 15.0289 acc: 0.2483 time 13.51s
Epoch: 31/150 Iter: 59/96 loss: 15.1711 acc: 0.2460 time 13.50s
Epoch: 31/150 Iter: 60/96 loss: 15.2959 acc: 0.2456 time 11.21s
Epoch: 31/150 Iter: 61/96 loss: 15.2559 acc: 0.2457 time 11.10s
Epoch: 31/150 Iter: 62/96 loss: 15.3822 acc: 0.2453 time 11.06s
Epoch: 31/150 Iter: 63/96 loss: 15.5303 acc: 0.2435 time 13.50s
Epoch: 31/150 Iter: 64/96 loss: 15.5948 acc: 0.2423 time 13.48s
Epoch: 31/150 Iter: 65/96 loss: 15.7019 acc: 0.2399 time 10.94s
Epoch: 31/150 Iter: 66/96 loss: 15.5914 acc: 0.2413 time 13.50s
Epoch: 31/150 Iter: 67/96 loss: 15.4309 acc: 0.2451 time 13.56s
Epoch: 31/150 Iter: 68/96 loss: 15.3691 acc: 0.2440 time 10.91s
Epoch: 31/150 Iter: 69/96 loss: 15.4335 acc: 0.2421 time 10.94s
Epoch: 31/150 Iter: 70/96 loss: 15.5958 acc: 0.2386 time 13.50s
Epoch: 31/150 Iter: 71/96 loss: 15.6026 acc: 0.2376 time 13.54s
Epoch: 31/150 Iter: 72/96 loss: 15.6239 acc: 0.2351 time 13.57s
Epoch: 31/150 Iter: 73/96 loss: 15.8089 acc: 0.2349 time 11.07s
Epoch: 31/150 Iter: 74/96 loss: 15.9023 acc: 0.2362 time 13.50s
Epoch: 31/150 Iter: 75/96 loss: 15.9481 acc: 0.2346 time 11.09s
Epoch: 31/150 Iter: 76/96 loss: 15.8148 acc: 0.2359 time 11.12s
Epoch: 31/150 Iter: 77/96 loss: 15.7027 acc: 0.2393 time 13.50s
Epoch: 31/150 Iter: 78/96 loss: 15.7689 acc: 0.2405 time 10.94s
Epoch: 31/150 Iter: 79/96 loss: 15.8231 acc: 0.2389 time 10.92s
Epoch: 31/150 Iter: 80/96 loss: 15.7365 acc: 0.2414 time 10.97s
Epoch: 31/150 Iter: 81/96 loss: 15.5722 acc: 0.2446 time 10.88s
Epoch: 31/150 Iter: 82/96 loss: 15.6305 acc: 0.2424 time 10.85s
Epoch: 31/150 Iter: 83/96 loss: 15.6747 acc: 0.2411 time 10.85s
Epoch: 31/150 Iter: 84/96 loss: 15.6462 acc: 0.2432 time 13.50s
Epoch: 31/150 Iter: 85/96 loss: 15.6663 acc: 0.2417 time 10.86s
Epoch: 31/150 Iter: 86/96 loss: 15.7387 acc: 0.2408 time 13.45s
Epoch: 31/150 Iter: 87/96 loss: 15.7298 acc: 0.2419 time 10.89s
Epoch: 31/150 Iter: 88/96 loss: 15.8181 acc: 0.2401 time 10.97s
Epoch: 31/150 Iter: 89/96 loss: 15.8407 acc: 0.2381 time 10.88s
Epoch: 31/150 Iter: 90/96 loss: 15.8902 acc: 0.2364 time 13.47s
Epoch: 31/150 Iter: 91/96 loss: 15.8554 acc: 0.2365 time 13.55s
Epoch: 31/150 Iter: 92/96 loss: 15.9490 acc: 0.2354 time 13.52s
Epoch: 31/150 Iter: 93/96 loss: 16.0099 acc: 0.2347 time 10.93s
Epoch: 31/150 Iter: 94/96 loss: 15.9754 acc: 0.2357 time 13.46s
Epoch: 31/150 Iter: 95/96 loss: 15.9375 acc: 0.2350 time 13.45s
Epoch: 31/150 Iter: 96/96 loss: 15.8220 acc: 0.2388 time 13.47s
[Train epoch 31] avg_loss=15.8220 avg_acc=0.2388 | per-class [c0: 0.470, c1: 0.167, c2: 0.196]
Final training 31/150, loss: 15.8220, time 1174.56s, lr: 0.000000
Accuracy: 0.328
class                  precision    recall   specificity      f1   support
--------------------------------------------------------------------------
0                          0.520     0.470         0.586   0.493       281
1                          0.025     0.167         0.648   0.044        30
2                          0.416     0.196         0.765   0.267       265
*----------------------------------------*
0 Fri Nov 28 23:33:03 2025 Epoch: 32
Epoch: 32/150 Iter: 1/96 loss: 14.2214 acc: 0.2222 time 14.04s
Epoch: 32/150 Iter: 2/96 loss: 11.8771 acc: 0.1444 time 13.53s
Epoch: 32/150 Iter: 3/96 loss: 13.0588 acc: 0.1796 time 13.52s
Epoch: 32/150 Iter: 4/96 loss: 14.2793 acc: 0.1347 time 10.90s
Epoch: 32/150 Iter: 5/96 loss: 16.6146 acc: 0.1078 time 10.98s
Epoch: 32/150 Iter: 6/96 loss: 15.4451 acc: 0.1787 time 11.21s
Epoch: 32/150 Iter: 7/96 loss: 14.7083 acc: 0.2246 time 13.45s
Epoch: 32/150 Iter: 8/96 loss: 13.5426 acc: 0.2799 time 10.93s
Epoch: 32/150 Iter: 9/96 loss: 13.4539 acc: 0.2858 time 10.93s
Epoch: 32/150 Iter: 10/96 loss: 13.0563 acc: 0.3072 time 13.54s
Epoch: 32/150 Iter: 11/96 loss: 13.5895 acc: 0.3197 time 13.55s
Epoch: 32/150 Iter: 12/96 loss: 13.8221 acc: 0.3069 time 11.11s
Epoch: 32/150 Iter: 13/96 loss: 13.7680 acc: 0.3090 time 13.46s
Epoch: 32/150 Iter: 14/96 loss: 13.5970 acc: 0.3345 time 13.55s
Epoch: 32/150 Iter: 15/96 loss: 14.8536 acc: 0.3122 time 13.57s
Epoch: 32/150 Iter: 16/96 loss: 15.3722 acc: 0.2997 time 13.48s
Epoch: 32/150 Iter: 17/96 loss: 15.4223 acc: 0.2869 time 10.93s
Epoch: 32/150 Iter: 18/96 loss: 15.8270 acc: 0.2895 time 11.05s
Epoch: 32/150 Iter: 19/96 loss: 16.0888 acc: 0.2830 time 11.12s
Epoch: 32/150 Iter: 20/96 loss: 15.5365 acc: 0.3078 time 10.94s
Epoch: 32/150 Iter: 21/96 loss: 15.6543 acc: 0.3037 time 11.11s
Epoch: 32/150 Iter: 22/96 loss: 16.4074 acc: 0.3051 time 10.94s
Epoch: 32/150 Iter: 23/96 loss: 16.7918 acc: 0.2918 time 13.52s
Epoch: 32/150 Iter: 24/96 loss: 16.3260 acc: 0.3028 time 10.97s
Epoch: 32/150 Iter: 25/96 loss: 16.8153 acc: 0.3018 time 13.48s
Epoch: 32/150 Iter: 26/96 loss: 16.7324 acc: 0.2966 time 10.96s
Epoch: 32/150 Iter: 27/96 loss: 16.8866 acc: 0.2897 time 11.06s
Epoch: 32/150 Iter: 28/96 loss: 16.9613 acc: 0.2833 time 11.06s
Epoch: 32/150 Iter: 29/96 loss: 17.0904 acc: 0.2764 time 11.25s
Epoch: 32/150 Iter: 30/96 loss: 17.3730 acc: 0.2728 time 13.54s
Epoch: 32/150 Iter: 31/96 loss: 17.1738 acc: 0.2711 time 10.98s
Epoch: 32/150 Iter: 32/96 loss: 17.0368 acc: 0.2696 time 11.00s
Epoch: 32/150 Iter: 33/96 loss: 16.6405 acc: 0.2715 time 11.17s
Epoch: 32/150 Iter: 34/96 loss: 16.6856 acc: 0.2660 time 13.55s
Epoch: 32/150 Iter: 35/96 loss: 16.3154 acc: 0.2775 time 13.56s
Epoch: 32/150 Iter: 36/96 loss: 16.5672 acc: 0.2728 time 13.56s
Epoch: 32/150 Iter: 37/96 loss: 16.3633 acc: 0.2745 time 10.91s
Epoch: 32/150 Iter: 38/96 loss: 16.7953 acc: 0.2673 time 10.97s
Epoch: 32/150 Iter: 39/96 loss: 16.6808 acc: 0.2604 time 11.09s
Epoch: 32/150 Iter: 40/96 loss: 16.4953 acc: 0.2581 time 13.50s
Epoch: 32/150 Iter: 41/96 loss: 16.3153 acc: 0.2572 time 11.10s
Epoch: 32/150 Iter: 42/96 loss: 16.1783 acc: 0.2630 time 10.97s
Epoch: 32/150 Iter: 43/96 loss: 16.3174 acc: 0.2627 time 13.51s
Epoch: 32/150 Iter: 44/96 loss: 16.2600 acc: 0.2652 time 13.44s
Epoch: 32/150 Iter: 45/96 loss: 16.0716 acc: 0.2649 time 11.20s
Epoch: 32/150 Iter: 46/96 loss: 16.0953 acc: 0.2591 time 11.08s
Epoch: 32/150 Iter: 47/96 loss: 15.9651 acc: 0.2607 time 11.08s
Epoch: 32/150 Iter: 48/96 loss: 16.0733 acc: 0.2599 time 13.56s
Epoch: 32/150 Iter: 49/96 loss: 16.3648 acc: 0.2591 time 11.09s
Epoch: 32/150 Iter: 50/96 loss: 16.4779 acc: 0.2584 time 10.93s
Epoch: 32/150 Iter: 51/96 loss: 16.4325 acc: 0.2582 time 11.12s
Epoch: 32/150 Iter: 52/96 loss: 16.4886 acc: 0.2586 time 10.96s
Epoch: 32/150 Iter: 53/96 loss: 16.6306 acc: 0.2553 time 13.49s
Epoch: 32/150 Iter: 54/96 loss: 16.5001 acc: 0.2567 time 13.51s
Epoch: 32/150 Iter: 55/96 loss: 16.3259 acc: 0.2602 time 11.09s
Epoch: 32/150 Iter: 56/96 loss: 16.1119 acc: 0.2667 time 13.51s
Epoch: 32/150 Iter: 57/96 loss: 15.9794 acc: 0.2737 time 13.54s
Epoch: 32/150 Iter: 58/96 loss: 16.0246 acc: 0.2709 time 10.91s
Epoch: 32/150 Iter: 59/96 loss: 16.1399 acc: 0.2677 time 13.53s
Epoch: 32/150 Iter: 60/96 loss: 15.9908 acc: 0.2660 time 11.09s
Epoch: 32/150 Iter: 61/96 loss: 16.0517 acc: 0.2653 time 13.56s
Epoch: 32/150 Iter: 62/96 loss: 15.9459 acc: 0.2671 time 13.48s
Epoch: 32/150 Iter: 63/96 loss: 15.7171 acc: 0.2671 time 11.09s
Epoch: 32/150 Iter: 64/96 loss: 15.7599 acc: 0.2655 time 11.10s
Epoch: 32/150 Iter: 65/96 loss: 15.7312 acc: 0.2640 time 13.53s
Epoch: 32/150 Iter: 66/96 loss: 15.7628 acc: 0.2612 time 13.49s
Epoch: 32/150 Iter: 67/96 loss: 15.8872 acc: 0.2611 time 13.47s
Epoch: 32/150 Iter: 68/96 loss: 16.0369 acc: 0.2582 time 13.52s
Epoch: 32/150 Iter: 69/96 loss: 16.0372 acc: 0.2545 time 10.90s
Epoch: 32/150 Iter: 70/96 loss: 16.1649 acc: 0.2540 time 13.44s
Epoch: 32/150 Iter: 71/96 loss: 16.1172 acc: 0.2540 time 11.09s
Epoch: 32/150 Iter: 72/96 loss: 16.0991 acc: 0.2574 time 13.60s
Epoch: 32/150 Iter: 73/96 loss: 16.1900 acc: 0.2561 time 10.95s
Epoch: 32/150 Iter: 74/96 loss: 16.0837 acc: 0.2572 time 13.47s
Epoch: 32/150 Iter: 75/96 loss: 15.9947 acc: 0.2593 time 13.50s
Epoch: 32/150 Iter: 76/96 loss: 16.1104 acc: 0.2570 time 11.19s
Epoch: 32/150 Iter: 77/96 loss: 16.0816 acc: 0.2565 time 13.52s
Epoch: 32/150 Iter: 78/96 loss: 15.9458 acc: 0.2575 time 11.05s
Epoch: 32/150 Iter: 79/96 loss: 16.1055 acc: 0.2585 time 13.54s
Epoch: 32/150 Iter: 80/96 loss: 16.1904 acc: 0.2573 time 10.94s
Epoch: 32/150 Iter: 81/96 loss: 16.2038 acc: 0.2569 time 10.87s
Epoch: 32/150 Iter: 82/96 loss: 16.1023 acc: 0.2558 time 13.44s
Epoch: 32/150 Iter: 83/96 loss: 16.0733 acc: 0.2537 time 10.85s
Epoch: 32/150 Iter: 84/96 loss: 15.9753 acc: 0.2566 time 13.48s
Epoch: 32/150 Iter: 85/96 loss: 15.9645 acc: 0.2562 time 10.92s
Epoch: 32/150 Iter: 86/96 loss: 15.8619 acc: 0.2546 time 10.94s
Epoch: 32/150 Iter: 87/96 loss: 15.8914 acc: 0.2516 time 13.49s
Epoch: 32/150 Iter: 88/96 loss: 15.7862 acc: 0.2518 time 10.84s
Epoch: 32/150 Iter: 89/96 loss: 15.8719 acc: 0.2499 time 10.99s
Epoch: 32/150 Iter: 90/96 loss: 15.7803 acc: 0.2508 time 13.47s
Epoch: 32/150 Iter: 91/96 loss: 15.7485 acc: 0.2499 time 13.44s
Epoch: 32/150 Iter: 92/96 loss: 15.7273 acc: 0.2479 time 13.57s
Epoch: 32/150 Iter: 93/96 loss: 15.7415 acc: 0.2467 time 10.90s
Epoch: 32/150 Iter: 94/96 loss: 15.8130 acc: 0.2470 time 11.02s
Epoch: 32/150 Iter: 95/96 loss: 15.7547 acc: 0.2476 time 13.46s
Epoch: 32/150 Iter: 96/96 loss: 15.6790 acc: 0.2473 time 11.07s
[Train epoch 32] avg_loss=15.6790 avg_acc=0.2473 | per-class [c0: 0.482, c1: 0.200, c2: 0.195]
Final training 32/150, loss: 15.6790, time 1167.86s, lr: 0.000000
Accuracy: 0.335
class                  precision    recall   specificity      f1   support
--------------------------------------------------------------------------
0                          0.498     0.482         0.541   0.490       280
1                          0.032     0.200         0.670   0.056        30
2                          0.437     0.195         0.784   0.270       266
*----------------------------------------*
Val 32/150 1/24, Acc: 0.1111, Loss: 16.7715, time 10.95s
Val 32/150 2/24, Acc: 0.2222, Loss: 13.5333, time 10.97s
Val 32/150 3/24, Acc: 0.2593, Loss: 11.3565, time 10.92s
Val 32/150 4/24, Acc: 0.2569, Loss: 12.1958, time 10.92s
Val 32/150 5/24, Acc: 0.2222, Loss: 11.5295, time 11.01s
Val 32/150 6/24, Acc: 0.1991, Loss: 11.6863, time 11.03s
Val 32/150 7/24, Acc: 0.1944, Loss: 11.9406, time 10.95s
Val 32/150 8/24, Acc: 0.1806, Loss: 11.7940, time 10.99s
Val 32/150 9/24, Acc: 0.1679, Loss: 11.1626, time 10.89s
Val 32/150 10/24, Acc: 0.1978, Loss: 10.8683, time 11.26s
Val 32/150 11/24, Acc: 0.2253, Loss: 10.8064, time 10.93s
Val 32/150 12/24, Acc: 0.2273, Loss: 10.6672, time 11.03s
Val 32/150 13/24, Acc: 0.2355, Loss: 10.4891, time 11.07s
Val 32/150 14/24, Acc: 0.2901, Loss: 9.7438, time 11.04s
Val 32/150 15/24, Acc: 0.3263, Loss: 9.1822, time 10.94s
Val 32/150 16/24, Acc: 0.3184, Loss: 9.0551, time 11.00s
Val 32/150 17/24, Acc: 0.3095, Loss: 9.4708, time 11.09s
Val 32/150 18/24, Acc: 0.3015, Loss: 9.3524, time 11.02s
Val 32/150 19/24, Acc: 0.3330, Loss: 8.8916, time 11.03s
Val 32/150 20/24, Acc: 0.3331, Loss: 8.6493, time 11.04s
Val 32/150 21/24, Acc: 0.3331, Loss: 8.8733, time 11.00s
Val 32/150 22/24, Acc: 0.3230, Loss: 9.2944, time 11.23s
Val 32/150 23/24, Acc: 0.3331, Loss: 9.0427, time 10.92s
Val 32/150 24/24, Acc: 0.3192, Loss: 9.4725, time 10.95s
[Val epoch 32] avg_acc=0.3192 | avg_loss=9.4725 | per-class [c0: 0.486, c1: 0.500, c2: 0.258]
Final validation 32/150, Val_acc: 0.3192, time 264.18sAccuracy: 0.382
class                  precision    recall   specificity      f1   support
--------------------------------------------------------------------------
0                          0.479     0.486         0.500   0.482        70
1                          0.111     0.500         0.765   0.182         8
2                          0.459     0.258         0.744   0.330        66
*========================================*
Saving checkpoint outputs/OrganoidsINRIA/swinunetr+noah/2025-11-28-12-24/training/model_final.pt
[EarlyStopping] no improve (15/30)
[EarlyStopping] no improve (15/30)
0 Fri Nov 28 23:57:00 2025 Epoch: 33
Epoch: 33/150 Iter: 1/96 loss: 30.0680 acc: 0.0833 time 12.95s
Epoch: 33/150 Iter: 2/96 loss: 27.5752 acc: 0.0417 time 13.52s
Epoch: 33/150 Iter: 3/96 loss: 22.0558 acc: 0.1667 time 13.49s
Epoch: 33/150 Iter: 4/96 loss: 21.3820 acc: 0.1417 time 13.56s
Epoch: 33/150 Iter: 5/96 loss: 21.4734 acc: 0.1667 time 13.49s
Epoch: 33/150 Iter: 6/96 loss: 18.6643 acc: 0.1667 time 13.51s
Epoch: 33/150 Iter: 7/96 loss: 18.7039 acc: 0.1548 time 13.52s
Epoch: 33/150 Iter: 8/96 loss: 17.9104 acc: 0.1458 time 13.48s
Epoch: 33/150 Iter: 9/96 loss: 17.0714 acc: 0.1667 time 13.49s
Epoch: 33/150 Iter: 10/96 loss: 18.0898 acc: 0.1500 time 11.09s
Epoch: 33/150 Iter: 11/96 loss: 17.7741 acc: 0.1667 time 10.93s
Epoch: 33/150 Iter: 12/96 loss: 16.3924 acc: 0.2176 time 11.04s
Epoch: 33/150 Iter: 13/96 loss: 16.3258 acc: 0.2329 time 10.98s
Epoch: 33/150 Iter: 14/96 loss: 16.2270 acc: 0.2163 time 13.52s
Epoch: 33/150 Iter: 15/96 loss: 15.8567 acc: 0.2167 time 13.55s
Epoch: 33/150 Iter: 16/96 loss: 15.4084 acc: 0.2240 time 11.05s
Epoch: 33/150 Iter: 17/96 loss: 15.0437 acc: 0.2206 time 10.90s
Epoch: 33/150 Iter: 18/96 loss: 14.8796 acc: 0.2176 time 13.50s
Epoch: 33/150 Iter: 19/96 loss: 15.1327 acc: 0.2149 time 13.51s
Epoch: 33/150 Iter: 20/96 loss: 15.2347 acc: 0.2075 time 11.21s
Epoch: 33/150 Iter: 21/96 loss: 14.6086 acc: 0.2373 time 11.10s
Epoch: 33/150 Iter: 22/96 loss: 14.6214 acc: 0.2341 time 11.09s
Epoch: 33/150 Iter: 23/96 loss: 14.7310 acc: 0.2348 time 11.06s
Epoch: 33/150 Iter: 24/96 loss: 14.5678 acc: 0.2285 time 11.06s
Epoch: 33/150 Iter: 25/96 loss: 14.9536 acc: 0.2327 time 10.92s
Epoch: 33/150 Iter: 26/96 loss: 15.0051 acc: 0.2365 time 13.55s
Epoch: 33/150 Iter: 27/96 loss: 15.1390 acc: 0.2309 time 10.94s
Epoch: 33/150 Iter: 28/96 loss: 14.7820 acc: 0.2306 time 13.48s
Epoch: 33/150 Iter: 29/96 loss: 15.2718 acc: 0.2303 time 11.06s
Epoch: 33/150 Iter: 30/96 loss: 14.9459 acc: 0.2430 time 13.49s
Epoch: 33/150 Iter: 31/96 loss: 14.7895 acc: 0.2387 time 13.59s
Epoch: 33/150 Iter: 32/96 loss: 14.5778 acc: 0.2333 time 11.07s
Epoch: 33/150 Iter: 33/96 loss: 14.9124 acc: 0.2347 time 13.49s
Epoch: 33/150 Iter: 34/96 loss: 15.0502 acc: 0.2302 time 13.52s
Epoch: 33/150 Iter: 35/96 loss: 14.6524 acc: 0.2322 time 13.44s
Epoch: 33/150 Iter: 36/96 loss: 14.6666 acc: 0.2304 time 13.54s
Epoch: 33/150 Iter: 37/96 loss: 14.6807 acc: 0.2264 time 10.96s
Epoch: 33/150 Iter: 38/96 loss: 14.4303 acc: 0.2249 time 13.54s
Epoch: 33/150 Iter: 39/96 loss: 14.5480 acc: 0.2225 time 11.21s
Epoch: 33/150 Iter: 40/96 loss: 14.7074 acc: 0.2253 time 10.88s
Epoch: 33/150 Iter: 41/96 loss: 14.3999 acc: 0.2401 time 11.11s
Epoch: 33/150 Iter: 42/96 loss: 14.3286 acc: 0.2423 time 13.56s
Epoch: 33/150 Iter: 43/96 loss: 14.2787 acc: 0.2425 time 13.49s
Epoch: 33/150 Iter: 44/96 loss: 14.2532 acc: 0.2506 time 11.06s
Epoch: 33/150 Iter: 45/96 loss: 14.2745 acc: 0.2488 time 10.92s
Epoch: 33/150 Iter: 46/96 loss: 14.4109 acc: 0.2434 time 11.20s
Epoch: 33/150 Iter: 47/96 loss: 14.2099 acc: 0.2476 time 11.19s
Epoch: 33/150 Iter: 48/96 loss: 14.3945 acc: 0.2448 time 13.50s
Epoch: 33/150 Iter: 49/96 loss: 14.2783 acc: 0.2432 time 10.95s
Epoch: 33/150 Iter: 50/96 loss: 14.4548 acc: 0.2433 time 13.49s
Epoch: 33/150 Iter: 51/96 loss: 14.6875 acc: 0.2386 time 11.11s
Epoch: 33/150 Iter: 52/96 loss: 14.5441 acc: 0.2372 time 10.89s
Epoch: 33/150 Iter: 53/96 loss: 14.8008 acc: 0.2327 time 13.53s
Epoch: 33/150 Iter: 54/96 loss: 14.9379 acc: 0.2284 time 13.55s
Epoch: 33/150 Iter: 55/96 loss: 15.0283 acc: 0.2323 time 11.08s
Epoch: 33/150 Iter: 56/96 loss: 15.1407 acc: 0.2312 time 13.46s
Epoch: 33/150 Iter: 57/96 loss: 14.9173 acc: 0.2417 time 11.04s
Epoch: 33/150 Iter: 58/96 loss: 15.0637 acc: 0.2404 time 13.51s
Epoch: 33/150 Iter: 59/96 loss: 15.1111 acc: 0.2378 time 11.04s
Epoch: 33/150 Iter: 60/96 loss: 15.1072 acc: 0.2375 time 13.50s
Epoch: 33/150 Iter: 61/96 loss: 15.1336 acc: 0.2354 time 11.19s
Epoch: 33/150 Iter: 62/96 loss: 15.0534 acc: 0.2352 time 10.97s
Epoch: 33/150 Iter: 63/96 loss: 15.0451 acc: 0.2368 time 11.11s
Epoch: 33/150 Iter: 64/96 loss: 15.0466 acc: 0.2344 time 11.07s
Epoch: 33/150 Iter: 65/96 loss: 15.1136 acc: 0.2321 time 10.95s
Epoch: 33/150 Iter: 66/96 loss: 15.0329 acc: 0.2316 time 13.56s
Epoch: 33/150 Iter: 67/96 loss: 15.0036 acc: 0.2314 time 11.17s
Epoch: 33/150 Iter: 68/96 loss: 15.0311 acc: 0.2329 time 13.48s
Epoch: 33/150 Iter: 69/96 loss: 15.1271 acc: 0.2320 time 11.22s
Epoch: 33/150 Iter: 70/96 loss: 15.2565 acc: 0.2318 time 11.12s
Epoch: 33/150 Iter: 71/96 loss: 15.2603 acc: 0.2325 time 10.92s
Epoch: 33/150 Iter: 72/96 loss: 15.1802 acc: 0.2357 time 13.50s
Epoch: 33/150 Iter: 73/96 loss: 15.0563 acc: 0.2401 time 13.57s
Epoch: 33/150 Iter: 74/96 loss: 15.0881 acc: 0.2380 time 11.16s
Epoch: 33/150 Iter: 75/96 loss: 15.2377 acc: 0.2393 time 13.54s
Epoch: 33/150 Iter: 76/96 loss: 15.2405 acc: 0.2414 time 11.12s
Epoch: 33/150 Iter: 77/96 loss: 15.0701 acc: 0.2480 time 10.94s
Epoch: 33/150 Iter: 78/96 loss: 15.2102 acc: 0.2459 time 11.22s
Epoch: 33/150 Iter: 79/96 loss: 15.0296 acc: 0.2461 time 11.10s
Epoch: 33/150 Iter: 80/96 loss: 15.1406 acc: 0.2439 time 10.93s
Epoch: 33/150 Iter: 81/96 loss: 15.1647 acc: 0.2422 time 13.47s
Epoch: 33/150 Iter: 82/96 loss: 15.3275 acc: 0.2393 time 10.88s
Epoch: 33/150 Iter: 83/96 loss: 15.4564 acc: 0.2384 time 10.96s
Epoch: 33/150 Iter: 84/96 loss: 15.3859 acc: 0.2369 time 13.52s
Epoch: 33/150 Iter: 85/96 loss: 15.3590 acc: 0.2371 time 13.50s
Epoch: 33/150 Iter: 86/96 loss: 15.4283 acc: 0.2343 time 13.49s
Epoch: 33/150 Iter: 87/96 loss: 15.6518 acc: 0.2329 time 10.94s
Epoch: 33/150 Iter: 88/96 loss: 15.5403 acc: 0.2366 time 10.95s
Epoch: 33/150 Iter: 89/96 loss: 15.4975 acc: 0.2358 time 13.48s
Epoch: 33/150 Iter: 90/96 loss: 15.6052 acc: 0.2341 time 13.44s
Epoch: 33/150 Iter: 91/96 loss: 15.5589 acc: 0.2370 time 10.94s
Epoch: 33/150 Iter: 92/96 loss: 15.6841 acc: 0.2356 time 10.90s
Epoch: 33/150 Iter: 93/96 loss: 15.6766 acc: 0.2355 time 10.84s
Epoch: 33/150 Iter: 94/96 loss: 15.5889 acc: 0.2348 time 13.51s
Epoch: 33/150 Iter: 95/96 loss: 15.5923 acc: 0.2335 time 13.45s
Epoch: 33/150 Iter: 96/96 loss: 15.5304 acc: 0.2371 time 13.52s
[Train epoch 33] avg_loss=15.5304 avg_acc=0.2371 | per-class [c0: 0.432, c1: 0.167, c2: 0.207]
Final training 33/150, loss: 15.5304, time 1170.14s, lr: 0.000000
Accuracy: 0.314
class                  precision    recall   specificity      f1   support
--------------------------------------------------------------------------
0                          0.471     0.432         0.541   0.451       280
1                          0.028     0.167         0.678   0.047        30
2                          0.399     0.207         0.732   0.272       266
*----------------------------------------*
0 Sat Nov 29 00:16:30 2025 Epoch: 34
Epoch: 34/150 Iter: 1/96 loss: 19.8385 acc: 0.1111 time 16.26s
Epoch: 34/150 Iter: 2/96 loss: 20.5232 acc: 0.1389 time 10.90s
Epoch: 34/150 Iter: 3/96 loss: 23.7573 acc: 0.0926 time 13.52s
Epoch: 34/150 Iter: 4/96 loss: 22.3338 acc: 0.1111 time 13.51s
Epoch: 34/150 Iter: 5/96 loss: 23.1401 acc: 0.0889 time 11.04s
Epoch: 34/150 Iter: 6/96 loss: 22.9092 acc: 0.1111 time 11.13s
Epoch: 34/150 Iter: 7/96 loss: 22.0300 acc: 0.1429 time 11.09s
Epoch: 34/150 Iter: 8/96 loss: 21.9727 acc: 0.1250 time 11.26s
Epoch: 34/150 Iter: 9/96 loss: 23.2602 acc: 0.1235 time 13.58s
Epoch: 34/150 Iter: 10/96 loss: 23.0009 acc: 0.1361 time 13.52s
Epoch: 34/150 Iter: 11/96 loss: 23.5011 acc: 0.1389 time 13.54s
Epoch: 34/150 Iter: 12/96 loss: 22.0482 acc: 0.1412 time 11.16s
Epoch: 34/150 Iter: 13/96 loss: 22.2010 acc: 0.1457 time 11.21s
Epoch: 34/150 Iter: 14/96 loss: 21.5875 acc: 0.1591 time 13.46s
Epoch: 34/150 Iter: 15/96 loss: 21.4376 acc: 0.1596 time 10.92s
Epoch: 34/150 Iter: 16/96 loss: 21.1044 acc: 0.1653 time 11.21s
Epoch: 34/150 Iter: 17/96 loss: 20.3859 acc: 0.1654 time 13.51s
Epoch: 34/150 Iter: 18/96 loss: 19.7581 acc: 0.1701 time 11.11s
Epoch: 34/150 Iter: 19/96 loss: 18.8711 acc: 0.1933 time 11.20s
Epoch: 34/150 Iter: 20/96 loss: 18.7475 acc: 0.1903 time 13.51s
Epoch: 34/150 Iter: 21/96 loss: 18.8034 acc: 0.1918 time 11.11s
Epoch: 34/150 Iter: 22/96 loss: 18.6196 acc: 0.1907 time 10.92s
Epoch: 34/150 Iter: 23/96 loss: 18.5014 acc: 0.1824 time 11.06s
Epoch: 34/150 Iter: 24/96 loss: 18.4430 acc: 0.1782 time 11.24s
Epoch: 34/150 Iter: 25/96 loss: 18.3932 acc: 0.1844 time 13.50s
Epoch: 34/150 Iter: 26/96 loss: 18.2795 acc: 0.1774 time 11.18s
Epoch: 34/150 Iter: 27/96 loss: 18.1300 acc: 0.1790 time 10.90s
Epoch: 34/150 Iter: 28/96 loss: 18.3488 acc: 0.1766 time 10.91s
Epoch: 34/150 Iter: 29/96 loss: 18.1658 acc: 0.1791 time 11.10s
Epoch: 34/150 Iter: 30/96 loss: 17.9849 acc: 0.1815 time 11.12s
Epoch: 34/150 Iter: 31/96 loss: 17.4047 acc: 0.2079 time 13.46s
Epoch: 34/150 Iter: 32/96 loss: 17.5654 acc: 0.2066 time 11.06s
Epoch: 34/150 Iter: 33/96 loss: 17.4284 acc: 0.2071 time 13.49s
Epoch: 34/150 Iter: 34/96 loss: 17.1719 acc: 0.2132 time 13.53s
Epoch: 34/150 Iter: 35/96 loss: 17.1560 acc: 0.2119 time 13.52s
Epoch: 34/150 Iter: 36/96 loss: 17.2496 acc: 0.2122 time 13.52s
Epoch: 34/150 Iter: 37/96 loss: 17.1924 acc: 0.2101 time 10.95s
Epoch: 34/150 Iter: 38/96 loss: 17.1948 acc: 0.2089 time 13.56s
Epoch: 34/150 Iter: 39/96 loss: 16.9109 acc: 0.2164 time 13.53s
Epoch: 34/150 Iter: 40/96 loss: 16.9038 acc: 0.2214 time 13.60s
Epoch: 34/150 Iter: 41/96 loss: 16.6882 acc: 0.2268 time 11.07s
Epoch: 34/150 Iter: 42/96 loss: 16.4060 acc: 0.2294 time 11.06s
Epoch: 34/150 Iter: 43/96 loss: 16.6024 acc: 0.2318 time 11.16s
Epoch: 34/150 Iter: 44/96 loss: 16.4771 acc: 0.2341 time 10.93s
Epoch: 34/150 Iter: 45/96 loss: 16.7480 acc: 0.2314 time 10.97s
Epoch: 34/150 Iter: 46/96 loss: 16.8756 acc: 0.2312 time 10.96s
Epoch: 34/150 Iter: 47/96 loss: 16.9154 acc: 0.2298 time 13.50s
Epoch: 34/150 Iter: 48/96 loss: 16.8858 acc: 0.2276 time 10.87s
Epoch: 34/150 Iter: 49/96 loss: 16.7894 acc: 0.2275 time 11.08s
Epoch: 34/150 Iter: 50/96 loss: 16.6524 acc: 0.2296 time 11.09s
Epoch: 34/150 Iter: 51/96 loss: 16.4626 acc: 0.2267 time 13.52s
Epoch: 34/150 Iter: 52/96 loss: 16.1953 acc: 0.2352 time 11.18s
Epoch: 34/150 Iter: 53/96 loss: 16.0267 acc: 0.2339 time 13.51s
Epoch: 34/150 Iter: 54/96 loss: 16.1565 acc: 0.2327 time 13.51s
Epoch: 34/150 Iter: 55/96 loss: 16.1253 acc: 0.2309 time 11.18s
Epoch: 34/150 Iter: 56/96 loss: 15.9139 acc: 0.2342 time 13.50s
Epoch: 34/150 Iter: 57/96 loss: 15.8231 acc: 0.2345 time 13.53s
Epoch: 34/150 Iter: 58/96 loss: 15.7381 acc: 0.2327 time 10.93s
Epoch: 34/150 Iter: 59/96 loss: 15.8014 acc: 0.2325 time 10.99s
Epoch: 34/150 Iter: 60/96 loss: 15.8656 acc: 0.2298 time 10.97s
Epoch: 34/150 Iter: 61/96 loss: 15.8875 acc: 0.2315 time 11.22s
Epoch: 34/150 Iter: 62/96 loss: 16.1321 acc: 0.2304 time 13.57s
Epoch: 34/150 Iter: 63/96 loss: 16.0598 acc: 0.2334 time 10.91s
Epoch: 34/150 Iter: 64/96 loss: 15.9464 acc: 0.2329 time 13.53s
Epoch: 34/150 Iter: 65/96 loss: 15.8610 acc: 0.2344 time 11.15s
Epoch: 34/150 Iter: 66/96 loss: 15.8456 acc: 0.2359 time 11.09s
Epoch: 34/150 Iter: 67/96 loss: 15.7993 acc: 0.2361 time 13.48s
Epoch: 34/150 Iter: 68/96 loss: 15.6268 acc: 0.2382 time 10.87s
Epoch: 34/150 Iter: 69/96 loss: 15.5191 acc: 0.2395 time 13.52s
Epoch: 34/150 Iter: 70/96 loss: 15.5545 acc: 0.2361 time 10.93s
Epoch: 34/150 Iter: 71/96 loss: 15.4242 acc: 0.2398 time 13.48s
Epoch: 34/150 Iter: 72/96 loss: 15.3614 acc: 0.2383 time 13.46s
Epoch: 34/150 Iter: 73/96 loss: 15.3204 acc: 0.2396 time 13.46s
Epoch: 34/150 Iter: 74/96 loss: 15.3192 acc: 0.2373 time 10.88s
Epoch: 34/150 Iter: 75/96 loss: 15.4814 acc: 0.2353 time 13.47s
Epoch: 34/150 Iter: 76/96 loss: 15.5322 acc: 0.2336 time 11.09s
Epoch: 34/150 Iter: 77/96 loss: 15.4257 acc: 0.2338 time 10.90s
Epoch: 34/150 Iter: 78/96 loss: 15.4990 acc: 0.2319 time 13.55s
Epoch: 34/150 Iter: 79/96 loss: 15.5373 acc: 0.2332 time 13.50s
Epoch: 34/150 Iter: 80/96 loss: 15.4743 acc: 0.2331 time 11.06s
Epoch: 34/150 Iter: 81/96 loss: 15.4304 acc: 0.2333 time 10.93s
Epoch: 34/150 Iter: 82/96 loss: 15.3941 acc: 0.2355 time 10.84s
Epoch: 34/150 Iter: 83/96 loss: 15.4630 acc: 0.2327 time 11.05s
Epoch: 34/150 Iter: 84/96 loss: 15.3664 acc: 0.2362 time 10.85s
Epoch: 34/150 Iter: 85/96 loss: 15.4267 acc: 0.2354 time 13.49s
Epoch: 34/150 Iter: 86/96 loss: 15.5656 acc: 0.2353 time 13.45s
Epoch: 34/150 Iter: 87/96 loss: 15.5910 acc: 0.2338 time 13.49s
Epoch: 34/150 Iter: 88/96 loss: 15.6322 acc: 0.2321 time 10.97s
Epoch: 34/150 Iter: 89/96 loss: 15.5633 acc: 0.2320 time 13.48s
Epoch: 34/150 Iter: 90/96 loss: 15.5916 acc: 0.2302 time 10.89s
Epoch: 34/150 Iter: 91/96 loss: 15.5253 acc: 0.2295 time 10.86s
Epoch: 34/150 Iter: 92/96 loss: 15.5474 acc: 0.2288 time 13.50s
Epoch: 34/150 Iter: 93/96 loss: 15.4986 acc: 0.2299 time 13.48s
Epoch: 34/150 Iter: 94/96 loss: 15.4871 acc: 0.2317 time 10.82s
Epoch: 34/150 Iter: 95/96 loss: 15.7024 acc: 0.2328 time 13.47s
Epoch: 34/150 Iter: 96/96 loss: 15.6266 acc: 0.2347 time 13.44s
[Train epoch 34] avg_loss=15.6266 avg_acc=0.2347 | per-class [c0: 0.461, c1: 0.133, c2: 0.177]
Final training 34/150, loss: 15.6266, time 1165.61s, lr: 0.000000
Accuracy: 0.312
class                  precision    recall   specificity      f1   support
--------------------------------------------------------------------------
0                          0.480     0.461         0.527   0.470       280
1                          0.023     0.133         0.689   0.039        30
2                          0.353     0.177         0.723   0.236       266
*----------------------------------------*
Val 34/150 1/24, Acc: 0.1111, Loss: 16.7715, time 10.89s
Val 34/150 2/24, Acc: 0.2222, Loss: 13.5333, time 10.98s
Val 34/150 3/24, Acc: 0.2593, Loss: 11.3565, time 10.92s
Val 34/150 4/24, Acc: 0.2569, Loss: 12.1958, time 10.92s
Val 34/150 5/24, Acc: 0.2222, Loss: 11.5295, time 11.03s
Val 34/150 6/24, Acc: 0.1991, Loss: 11.6863, time 11.01s
Val 34/150 7/24, Acc: 0.1944, Loss: 11.9406, time 10.94s
Val 34/150 8/24, Acc: 0.1806, Loss: 11.7940, time 10.98s
Val 34/150 9/24, Acc: 0.1679, Loss: 11.1626, time 10.92s
Val 34/150 10/24, Acc: 0.1978, Loss: 10.8683, time 11.21s
Val 34/150 11/24, Acc: 0.2253, Loss: 10.8064, time 10.89s
Val 34/150 12/24, Acc: 0.2273, Loss: 10.6672, time 11.02s
Val 34/150 13/24, Acc: 0.2355, Loss: 10.4891, time 11.10s
Val 34/150 14/24, Acc: 0.2901, Loss: 9.7438, time 10.98s
Val 34/150 15/24, Acc: 0.3263, Loss: 9.1822, time 10.94s
Val 34/150 16/24, Acc: 0.3184, Loss: 9.0551, time 10.92s
Val 34/150 17/24, Acc: 0.3095, Loss: 9.4708, time 11.10s
Val 34/150 18/24, Acc: 0.3015, Loss: 9.3524, time 10.98s
Val 34/150 19/24, Acc: 0.3330, Loss: 8.8916, time 11.00s
Val 34/150 20/24, Acc: 0.3331, Loss: 8.6493, time 11.12s
Val 34/150 21/24, Acc: 0.3331, Loss: 8.8733, time 11.01s
Val 34/150 22/24, Acc: 0.3230, Loss: 9.2944, time 11.22s
Val 34/150 23/24, Acc: 0.3331, Loss: 9.0427, time 10.89s
Val 34/150 24/24, Acc: 0.3192, Loss: 9.4725, time 10.90s
[Val epoch 34] avg_acc=0.3192 | avg_loss=9.4725 | per-class [c0: 0.486, c1: 0.500, c2: 0.258]
Final validation 34/150, Val_acc: 0.3192, time 263.88sAccuracy: 0.382
class                  precision    recall   specificity      f1   support
--------------------------------------------------------------------------
0                          0.479     0.486         0.500   0.482        70
1                          0.111     0.500         0.765   0.182         8
2                          0.459     0.258         0.744   0.330        66
*========================================*
Saving checkpoint outputs/OrganoidsINRIA/swinunetr+noah/2025-11-28-12-24/training/model_final.pt
[EarlyStopping] no improve (16/30)
[EarlyStopping] no improve (16/30)
0 Sat Nov 29 00:40:24 2025 Epoch: 35
Epoch: 35/150 Iter: 1/96 loss: 17.6358 acc: 0.2222 time 13.66s
Epoch: 35/150 Iter: 2/96 loss: 14.1256 acc: 0.1944 time 13.49s
Epoch: 35/150 Iter: 3/96 loss: 18.5422 acc: 0.2778 time 13.52s
Epoch: 35/150 Iter: 4/96 loss: 17.0083 acc: 0.2292 time 10.95s
Epoch: 35/150 Iter: 5/96 loss: 16.7263 acc: 0.2056 time 10.92s
Epoch: 35/150 Iter: 6/96 loss: 15.3883 acc: 0.2454 time 13.52s
Epoch: 35/150 Iter: 7/96 loss: 14.9474 acc: 0.2460 time 10.91s
Epoch: 35/150 Iter: 8/96 loss: 14.0102 acc: 0.2431 time 11.05s
Epoch: 35/150 Iter: 9/96 loss: 13.2664 acc: 0.2716 time 13.47s
Epoch: 35/150 Iter: 10/96 loss: 12.9249 acc: 0.2611 time 11.19s
Epoch: 35/150 Iter: 11/96 loss: 12.9124 acc: 0.2449 time 13.54s
Epoch: 35/150 Iter: 12/96 loss: 12.8773 acc: 0.2315 time 13.53s
Epoch: 35/150 Iter: 13/96 loss: 12.8144 acc: 0.2179 time 13.50s
Epoch: 35/150 Iter: 14/96 loss: 12.5096 acc: 0.2262 time 10.97s
Epoch: 35/150 Iter: 15/96 loss: 12.3535 acc: 0.2222 time 11.05s
Epoch: 35/150 Iter: 16/96 loss: 12.3394 acc: 0.2344 time 13.54s
Epoch: 35/150 Iter: 17/96 loss: 12.9057 acc: 0.2451 time 10.94s
Epoch: 35/150 Iter: 18/96 loss: 12.6621 acc: 0.2685 time 10.92s
Epoch: 35/150 Iter: 19/96 loss: 13.1273 acc: 0.2602 time 10.96s
Epoch: 35/150 Iter: 20/96 loss: 12.9572 acc: 0.2597 time 10.96s
Epoch: 35/150 Iter: 21/96 loss: 12.9673 acc: 0.2593 time 10.94s
Epoch: 35/150 Iter: 22/96 loss: 12.6293 acc: 0.2759 time 10.95s
Epoch: 35/150 Iter: 23/96 loss: 12.2492 acc: 0.2977 time 13.63s
Epoch: 35/150 Iter: 24/96 loss: 12.1958 acc: 0.3061 time 10.98s
Epoch: 35/150 Iter: 25/96 loss: 12.2862 acc: 0.3106 time 11.20s
Epoch: 35/150 Iter: 26/96 loss: 12.4252 acc: 0.3029 time 11.17s
Epoch: 35/150 Iter: 27/96 loss: 13.1345 acc: 0.2948 time 11.11s
Epoch: 35/150 Iter: 28/96 loss: 12.9176 acc: 0.3110 time 13.54s
Epoch: 35/150 Iter: 29/96 loss: 12.9928 acc: 0.3141 time 13.57s
Epoch: 35/150 Iter: 30/96 loss: 13.1535 acc: 0.3147 time 13.50s
Epoch: 35/150 Iter: 31/96 loss: 13.0935 acc: 0.3175 time 13.57s
Epoch: 35/150 Iter: 32/96 loss: 13.2243 acc: 0.3076 time 10.93s
Epoch: 35/150 Iter: 33/96 loss: 13.5290 acc: 0.3033 time 10.92s
Epoch: 35/150 Iter: 34/96 loss: 13.8898 acc: 0.2976 time 11.24s
Epoch: 35/150 Iter: 35/96 loss: 13.7103 acc: 0.3006 time 11.05s
Epoch: 35/150 Iter: 36/96 loss: 13.7374 acc: 0.2992 time 10.91s
Epoch: 35/150 Iter: 37/96 loss: 13.5672 acc: 0.3001 time 10.89s
Epoch: 35/150 Iter: 38/96 loss: 13.6538 acc: 0.2988 time 13.47s
Epoch: 35/150 Iter: 39/96 loss: 13.8080 acc: 0.2939 time 10.97s
Epoch: 35/150 Iter: 40/96 loss: 14.0650 acc: 0.2908 time 10.90s
Epoch: 35/150 Iter: 41/96 loss: 14.0330 acc: 0.2877 time 10.97s
Epoch: 35/150 Iter: 42/96 loss: 14.1393 acc: 0.2849 time 13.60s
Epoch: 35/150 Iter: 43/96 loss: 14.4242 acc: 0.2782 time 13.48s
Epoch: 35/150 Iter: 44/96 loss: 14.5052 acc: 0.2776 time 11.06s
Epoch: 35/150 Iter: 45/96 loss: 14.4135 acc: 0.2853 time 13.45s
Epoch: 35/150 Iter: 46/96 loss: 14.5657 acc: 0.2827 time 13.53s
Epoch: 35/150 Iter: 47/96 loss: 14.6040 acc: 0.2814 time 13.49s
Epoch: 35/150 Iter: 48/96 loss: 14.5351 acc: 0.2791 time 11.06s
Epoch: 35/150 Iter: 49/96 loss: 14.3582 acc: 0.2768 time 11.06s
Epoch: 35/150 Iter: 50/96 loss: 14.4943 acc: 0.2712 time 13.54s
Epoch: 35/150 Iter: 51/96 loss: 14.7603 acc: 0.2692 time 11.19s
Epoch: 35/150 Iter: 52/96 loss: 14.7889 acc: 0.2661 time 10.95s
Epoch: 35/150 Iter: 53/96 loss: 14.9210 acc: 0.2695 time 11.08s
Epoch: 35/150 Iter: 54/96 loss: 15.0759 acc: 0.2676 time 13.45s
Epoch: 35/150 Iter: 55/96 loss: 15.2277 acc: 0.2668 time 10.96s
Epoch: 35/150 Iter: 56/96 loss: 15.0280 acc: 0.2680 time 13.54s
Epoch: 35/150 Iter: 57/96 loss: 15.1204 acc: 0.2701 time 11.07s
Epoch: 35/150 Iter: 58/96 loss: 15.2248 acc: 0.2702 time 10.94s
Epoch: 35/150 Iter: 59/96 loss: 15.1271 acc: 0.2713 time 10.91s
Epoch: 35/150 Iter: 60/96 loss: 15.1779 acc: 0.2690 time 13.55s
Epoch: 35/150 Iter: 61/96 loss: 15.1749 acc: 0.2687 time 11.05s
Epoch: 35/150 Iter: 62/96 loss: 15.0706 acc: 0.2684 time 10.96s
Epoch: 35/150 Iter: 63/96 loss: 15.1875 acc: 0.2659 time 10.95s
Epoch: 35/150 Iter: 64/96 loss: 15.2044 acc: 0.2635 time 13.54s
Epoch: 35/150 Iter: 65/96 loss: 15.2045 acc: 0.2594 time 11.06s
Epoch: 35/150 Iter: 66/96 loss: 15.0446 acc: 0.2630 time 13.55s
Epoch: 35/150 Iter: 67/96 loss: 14.9937 acc: 0.2641 time 13.52s
Epoch: 35/150 Iter: 68/96 loss: 15.1144 acc: 0.2627 time 13.53s
Epoch: 35/150 Iter: 69/96 loss: 15.0154 acc: 0.2666 time 10.95s
Epoch: 35/150 Iter: 70/96 loss: 15.0350 acc: 0.2644 time 13.53s
Epoch: 35/150 Iter: 71/96 loss: 14.9544 acc: 0.2677 time 13.45s
Epoch: 35/150 Iter: 72/96 loss: 14.9956 acc: 0.2663 time 10.94s
Epoch: 35/150 Iter: 73/96 loss: 14.9288 acc: 0.2683 time 11.07s
Epoch: 35/150 Iter: 74/96 loss: 14.9043 acc: 0.2670 time 10.93s
Epoch: 35/150 Iter: 75/96 loss: 15.0024 acc: 0.2661 time 13.54s
Epoch: 35/150 Iter: 76/96 loss: 15.0570 acc: 0.2677 time 13.51s
Epoch: 35/150 Iter: 77/96 loss: 14.9461 acc: 0.2642 time 10.92s
Epoch: 35/150 Iter: 78/96 loss: 15.1355 acc: 0.2651 time 10.95s
Epoch: 35/150 Iter: 79/96 loss: 15.0979 acc: 0.2653 time 13.57s
Epoch: 35/150 Iter: 80/96 loss: 14.9598 acc: 0.2661 time 10.95s
Epoch: 35/150 Iter: 81/96 loss: 14.8333 acc: 0.2697 time 13.49s
Epoch: 35/150 Iter: 82/96 loss: 14.7179 acc: 0.2725 time 10.99s
Epoch: 35/150 Iter: 83/96 loss: 14.7445 acc: 0.2722 time 10.85s
Epoch: 35/150 Iter: 84/96 loss: 14.6832 acc: 0.2698 time 10.85s
Epoch: 35/150 Iter: 85/96 loss: 14.6794 acc: 0.2686 time 10.97s
Epoch: 35/150 Iter: 86/96 loss: 14.7350 acc: 0.2674 time 11.12s
Epoch: 35/150 Iter: 87/96 loss: 14.7925 acc: 0.2669 time 10.86s
Epoch: 35/150 Iter: 88/96 loss: 14.7436 acc: 0.2682 time 13.46s
Epoch: 35/150 Iter: 89/96 loss: 14.7115 acc: 0.2666 time 13.42s
Epoch: 35/150 Iter: 90/96 loss: 14.7607 acc: 0.2681 time 10.84s
Epoch: 35/150 Iter: 91/96 loss: 14.8318 acc: 0.2664 time 13.44s
Epoch: 35/150 Iter: 92/96 loss: 14.9303 acc: 0.2644 time 10.89s
Epoch: 35/150 Iter: 93/96 loss: 14.9048 acc: 0.2660 time 13.46s
Epoch: 35/150 Iter: 94/96 loss: 14.9205 acc: 0.2644 time 13.50s
Epoch: 35/150 Iter: 95/96 loss: 14.9592 acc: 0.2634 time 10.86s
Epoch: 35/150 Iter: 96/96 loss: 15.0672 acc: 0.2606 time 13.51s
[Train epoch 35] avg_loss=15.0672 avg_acc=0.2606 | per-class [c0: 0.480, c1: 0.167, c2: 0.196]
Final training 35/150, loss: 15.0672, time 1155.95s, lr: 0.000000
Accuracy: 0.333
class                  precision    recall   specificity      f1   support
--------------------------------------------------------------------------
0                          0.498     0.480         0.539   0.489       281
1                          0.028     0.167         0.681   0.048        30
2                          0.413     0.196         0.762   0.266       265
*----------------------------------------*
0 Sat Nov 29 00:59:40 2025 Epoch: 36
Epoch: 36/150 Iter: 1/96 loss: 25.0197 acc: 0.2222 time 16.78s
Epoch: 36/150 Iter: 2/96 loss: 16.5056 acc: 0.2361 time 10.91s
Epoch: 36/150 Iter: 3/96 loss: 17.3381 acc: 0.1574 time 13.61s
Epoch: 36/150 Iter: 4/96 loss: 18.5508 acc: 0.1458 time 13.57s
Epoch: 36/150 Iter: 5/96 loss: 18.0518 acc: 0.1500 time 10.87s
Epoch: 36/150 Iter: 6/96 loss: 18.3765 acc: 0.1713 time 10.96s
Epoch: 36/150 Iter: 7/96 loss: 17.6138 acc: 0.1706 time 13.63s
Epoch: 36/150 Iter: 8/96 loss: 16.3192 acc: 0.1826 time 13.63s
Epoch: 36/150 Iter: 9/96 loss: 15.0429 acc: 0.2179 time 13.58s
Epoch: 36/150 Iter: 10/96 loss: 14.2731 acc: 0.2128 time 13.61s
Epoch: 36/150 Iter: 11/96 loss: 13.7653 acc: 0.2237 time 13.60s
Epoch: 36/150 Iter: 12/96 loss: 13.4981 acc: 0.2236 time 10.94s
Epoch: 36/150 Iter: 13/96 loss: 12.9528 acc: 0.2321 time 10.92s
Epoch: 36/150 Iter: 14/96 loss: 12.9421 acc: 0.2393 time 10.91s
Epoch: 36/150 Iter: 15/96 loss: 13.2467 acc: 0.2500 time 11.08s
Epoch: 36/150 Iter: 16/96 loss: 13.1563 acc: 0.2396 time 11.12s
Epoch: 36/150 Iter: 17/96 loss: 12.8716 acc: 0.2320 time 13.62s
Epoch: 36/150 Iter: 18/96 loss: 12.8974 acc: 0.2265 time 13.54s
Epoch: 36/150 Iter: 19/96 loss: 12.9850 acc: 0.2205 time 11.11s
Epoch: 36/150 Iter: 20/96 loss: 12.5741 acc: 0.2372 time 13.64s
Epoch: 36/150 Iter: 21/96 loss: 12.1244 acc: 0.2378 time 11.08s
Epoch: 36/150 Iter: 22/96 loss: 12.1556 acc: 0.2497 time 11.06s
Epoch: 36/150 Iter: 23/96 loss: 12.3596 acc: 0.2418 time 13.58s
Epoch: 36/150 Iter: 24/96 loss: 12.5830 acc: 0.2428 time 11.09s
Epoch: 36/150 Iter: 25/96 loss: 12.2978 acc: 0.2553 time 13.66s
Epoch: 36/150 Iter: 26/96 loss: 11.9334 acc: 0.2754 time 13.63s
Epoch: 36/150 Iter: 27/96 loss: 11.6395 acc: 0.2776 time 13.58s
Epoch: 36/150 Iter: 28/96 loss: 11.7288 acc: 0.2706 time 13.64s
Epoch: 36/150 Iter: 29/96 loss: 11.5880 acc: 0.2889 time 10.89s
Epoch: 36/150 Iter: 30/96 loss: 11.9174 acc: 0.2830 time 13.61s
Epoch: 36/150 Iter: 31/96 loss: 11.7202 acc: 0.2940 time 11.09s
Epoch: 36/150 Iter: 32/96 loss: 11.7186 acc: 0.2952 time 11.20s
Epoch: 36/150 Iter: 33/96 loss: 11.9431 acc: 0.2913 time 13.61s
Epoch: 36/150 Iter: 34/96 loss: 12.1195 acc: 0.2852 time 13.68s
Epoch: 36/150 Iter: 35/96 loss: 12.0770 acc: 0.2904 time 11.20s
Epoch: 36/150 Iter: 36/96 loss: 12.2938 acc: 0.2854 time 10.97s
Epoch: 36/150 Iter: 37/96 loss: 12.1394 acc: 0.2867 time 11.06s
Epoch: 36/150 Iter: 38/96 loss: 11.9279 acc: 0.2967 time 10.90s
Epoch: 36/150 Iter: 39/96 loss: 11.7991 acc: 0.3033 time 11.11s
Epoch: 36/150 Iter: 40/96 loss: 12.2778 acc: 0.2974 time 13.57s
Epoch: 36/150 Iter: 41/96 loss: 12.1613 acc: 0.2970 time 11.06s
Epoch: 36/150 Iter: 42/96 loss: 12.0724 acc: 0.2978 time 11.11s
Epoch: 36/150 Iter: 43/96 loss: 12.3008 acc: 0.2961 time 13.59s
Epoch: 36/150 Iter: 44/96 loss: 12.4587 acc: 0.2919 time 10.96s
Epoch: 36/150 Iter: 45/96 loss: 12.5164 acc: 0.2891 time 10.96s
Epoch: 36/150 Iter: 46/96 loss: 12.3801 acc: 0.2991 time 11.09s
Epoch: 36/150 Iter: 47/96 loss: 12.3670 acc: 0.2984 time 11.21s
Epoch: 36/150 Iter: 48/96 loss: 12.7943 acc: 0.2939 time 11.10s
Epoch: 36/150 Iter: 49/96 loss: 12.7202 acc: 0.2956 time 11.08s
Epoch: 36/150 Iter: 50/96 loss: 12.7729 acc: 0.2897 time 13.63s
Epoch: 36/150 Iter: 51/96 loss: 12.8989 acc: 0.2883 time 13.66s
Epoch: 36/150 Iter: 52/96 loss: 12.9870 acc: 0.2860 time 13.62s
Epoch: 36/150 Iter: 53/96 loss: 13.1877 acc: 0.2848 time 10.96s
Epoch: 36/150 Iter: 54/96 loss: 13.3116 acc: 0.2872 time 11.08s
Epoch: 36/150 Iter: 55/96 loss: 13.3950 acc: 0.2840 time 10.94s
Epoch: 36/150 Iter: 56/96 loss: 13.4216 acc: 0.2810 time 10.92s
Epoch: 36/150 Iter: 57/96 loss: 13.5356 acc: 0.2804 time 11.09s
Epoch: 36/150 Iter: 58/96 loss: 13.5154 acc: 0.2767 time 11.12s
Epoch: 36/150 Iter: 59/96 loss: 13.3961 acc: 0.2758 time 11.12s
Epoch: 36/150 Iter: 60/96 loss: 13.4548 acc: 0.2768 time 10.93s
Epoch: 36/150 Iter: 61/96 loss: 13.7254 acc: 0.2722 time 10.93s
Epoch: 36/150 Iter: 62/96 loss: 13.6498 acc: 0.2719 time 13.61s
Epoch: 36/150 Iter: 63/96 loss: 13.7687 acc: 0.2702 time 10.98s
Epoch: 36/150 Iter: 64/96 loss: 13.6441 acc: 0.2755 time 10.98s
Epoch: 36/150 Iter: 65/96 loss: 13.6041 acc: 0.2730 time 13.66s
Epoch: 36/150 Iter: 66/96 loss: 13.4685 acc: 0.2764 time 13.61s
Epoch: 36/150 Iter: 67/96 loss: 13.4587 acc: 0.2756 time 11.10s
Epoch: 36/150 Iter: 68/96 loss: 13.3487 acc: 0.2801 time 10.94s
Epoch: 36/150 Iter: 69/96 loss: 13.3928 acc: 0.2773 time 11.14s
Epoch: 36/150 Iter: 70/96 loss: 13.2942 acc: 0.2757 time 10.98s
Epoch: 36/150 Iter: 71/96 loss: 13.3812 acc: 0.2734 time 13.69s
Epoch: 36/150 Iter: 72/96 loss: 13.2687 acc: 0.2770 time 10.96s
Epoch: 36/150 Iter: 73/96 loss: 13.2883 acc: 0.2750 time 10.97s
Epoch: 36/150 Iter: 74/96 loss: 13.3505 acc: 0.2758 time 11.14s
Epoch: 36/150 Iter: 75/96 loss: 13.2575 acc: 0.2810 time 13.60s
Epoch: 36/150 Iter: 76/96 loss: 13.1720 acc: 0.2817 time 10.97s
Epoch: 36/150 Iter: 77/96 loss: 13.2203 acc: 0.2795 time 10.93s
Epoch: 36/150 Iter: 78/96 loss: 13.2898 acc: 0.2781 time 13.63s
Epoch: 36/150 Iter: 79/96 loss: 13.3317 acc: 0.2759 time 13.65s
Epoch: 36/150 Iter: 80/96 loss: 13.3089 acc: 0.2750 time 11.10s
Epoch: 36/150 Iter: 81/96 loss: 13.3169 acc: 0.2737 time 10.94s
Epoch: 36/150 Iter: 82/96 loss: 13.2973 acc: 0.2749 time 10.97s
Epoch: 36/150 Iter: 83/96 loss: 13.3371 acc: 0.2729 time 13.57s
Epoch: 36/150 Iter: 84/96 loss: 13.3898 acc: 0.2717 time 10.86s
Epoch: 36/150 Iter: 85/96 loss: 13.3794 acc: 0.2704 time 10.91s
Epoch: 36/150 Iter: 86/96 loss: 13.4297 acc: 0.2686 time 10.96s
Epoch: 36/150 Iter: 87/96 loss: 13.5025 acc: 0.2655 time 13.59s
Epoch: 36/150 Iter: 88/96 loss: 13.4824 acc: 0.2632 time 10.93s
Epoch: 36/150 Iter: 89/96 loss: 13.4827 acc: 0.2640 time 10.94s
Epoch: 36/150 Iter: 90/96 loss: 13.4891 acc: 0.2635 time 10.94s
Epoch: 36/150 Iter: 91/96 loss: 13.5537 acc: 0.2625 time 10.85s
Epoch: 36/150 Iter: 92/96 loss: 13.5575 acc: 0.2633 time 13.55s
Epoch: 36/150 Iter: 93/96 loss: 13.5445 acc: 0.2628 time 10.82s
Epoch: 36/150 Iter: 94/96 loss: 13.6558 acc: 0.2606 time 10.94s
Epoch: 36/150 Iter: 95/96 loss: 13.5612 acc: 0.2631 time 10.91s
Epoch: 36/150 Iter: 96/96 loss: 13.6268 acc: 0.2656 time 10.95s
[Train epoch 36] avg_loss=13.6268 avg_acc=0.2656 | per-class [c0: 0.495, c1: 0.267, c2: 0.192]
Final training 36/150, loss: 13.6268, time 1148.32s, lr: 0.000000
Accuracy: 0.344
class                  precision    recall   specificity      f1   support
--------------------------------------------------------------------------
0                          0.504     0.495         0.536   0.499       281
1                          0.045     0.267         0.690   0.077        30
2                          0.415     0.192         0.768   0.263       265
*----------------------------------------*
Val 36/150 1/24, Acc: 0.1111, Loss: 16.7715, time 10.90s
Val 36/150 2/24, Acc: 0.2222, Loss: 13.5333, time 10.96s
Val 36/150 3/24, Acc: 0.2593, Loss: 11.3565, time 11.03s
Val 36/150 4/24, Acc: 0.2569, Loss: 12.1958, time 11.00s
Val 36/150 5/24, Acc: 0.2222, Loss: 11.5295, time 11.07s
Val 36/150 6/24, Acc: 0.1991, Loss: 11.6863, time 11.02s
Val 36/150 7/24, Acc: 0.1944, Loss: 11.9406, time 10.97s
Val 36/150 8/24, Acc: 0.1806, Loss: 11.7940, time 11.03s
Val 36/150 9/24, Acc: 0.1679, Loss: 11.1626, time 11.00s
Val 36/150 10/24, Acc: 0.1978, Loss: 10.8683, time 11.20s
Val 36/150 11/24, Acc: 0.2253, Loss: 10.8064, time 10.90s
Val 36/150 12/24, Acc: 0.2273, Loss: 10.6672, time 11.00s
Val 36/150 13/24, Acc: 0.2355, Loss: 10.4891, time 11.06s
Val 36/150 14/24, Acc: 0.2901, Loss: 9.7438, time 10.97s
Val 36/150 15/24, Acc: 0.3263, Loss: 9.1822, time 11.03s
Val 36/150 16/24, Acc: 0.3184, Loss: 9.0551, time 10.95s
Val 36/150 17/24, Acc: 0.3095, Loss: 9.4708, time 11.13s
Val 36/150 18/24, Acc: 0.3015, Loss: 9.3524, time 10.97s
Val 36/150 19/24, Acc: 0.3330, Loss: 8.8916, time 11.00s
Val 36/150 20/24, Acc: 0.3331, Loss: 8.6493, time 11.05s
Val 36/150 21/24, Acc: 0.3331, Loss: 8.8733, time 11.00s
Val 36/150 22/24, Acc: 0.3230, Loss: 9.2944, time 11.30s
Val 36/150 23/24, Acc: 0.3331, Loss: 9.0427, time 10.88s
Val 36/150 24/24, Acc: 0.3192, Loss: 9.4725, time 10.90s
[Val epoch 36] avg_acc=0.3192 | avg_loss=9.4725 | per-class [c0: 0.486, c1: 0.500, c2: 0.258]
Final validation 36/150, Val_acc: 0.3192, time 264.34sAccuracy: 0.382
class                  precision    recall   specificity      f1   support
--------------------------------------------------------------------------
0                          0.479     0.486         0.500   0.482        70
1                          0.111     0.500         0.765   0.182         8
2                          0.459     0.258         0.744   0.330        66
*========================================*
Saving checkpoint outputs/OrganoidsINRIA/swinunetr+noah/2025-11-28-12-24/training/model_final.pt
[EarlyStopping] no improve (17/30)
[EarlyStopping] no improve (17/30)
0 Sat Nov 29 01:23:18 2025 Epoch: 37
Epoch: 37/150 Iter: 1/96 loss: 5.2499 acc: 0.5000 time 14.20s
Epoch: 37/150 Iter: 2/96 loss: 11.6985 acc: 0.3611 time 13.48s
Epoch: 37/150 Iter: 3/96 loss: 11.6006 acc: 0.3074 time 10.86s
Epoch: 37/150 Iter: 4/96 loss: 11.8017 acc: 0.2861 time 10.95s
Epoch: 37/150 Iter: 5/96 loss: 14.5593 acc: 0.2289 time 13.59s
Epoch: 37/150 Iter: 6/96 loss: 15.2147 acc: 0.2093 time 11.05s
Epoch: 37/150 Iter: 7/96 loss: 15.9465 acc: 0.2151 time 11.13s
Epoch: 37/150 Iter: 8/96 loss: 16.4916 acc: 0.2090 time 13.53s
Epoch: 37/150 Iter: 9/96 loss: 17.3993 acc: 0.2228 time 11.25s
Epoch: 37/150 Iter: 10/96 loss: 16.9695 acc: 0.2283 time 13.55s
Epoch: 37/150 Iter: 11/96 loss: 17.0096 acc: 0.2227 time 13.57s
Epoch: 37/150 Iter: 12/96 loss: 17.0063 acc: 0.2319 time 13.52s
Epoch: 37/150 Iter: 13/96 loss: 16.3194 acc: 0.2526 time 11.06s
Epoch: 37/150 Iter: 14/96 loss: 15.4879 acc: 0.2643 time 10.90s
Epoch: 37/150 Iter: 15/96 loss: 15.0517 acc: 0.2600 time 13.55s
Epoch: 37/150 Iter: 16/96 loss: 14.9501 acc: 0.2542 time 13.51s
Epoch: 37/150 Iter: 17/96 loss: 16.1243 acc: 0.2523 time 13.53s
Epoch: 37/150 Iter: 18/96 loss: 16.4342 acc: 0.2599 time 11.09s
Epoch: 37/150 Iter: 19/96 loss: 16.6621 acc: 0.2637 time 11.16s
Epoch: 37/150 Iter: 20/96 loss: 16.7045 acc: 0.2589 time 13.53s
Epoch: 37/150 Iter: 21/96 loss: 16.7205 acc: 0.2571 time 13.56s
Epoch: 37/150 Iter: 22/96 loss: 16.7253 acc: 0.2581 time 13.62s
Epoch: 37/150 Iter: 23/96 loss: 16.3638 acc: 0.2686 time 10.89s
Epoch: 37/150 Iter: 24/96 loss: 15.9310 acc: 0.2834 time 13.47s
Epoch: 37/150 Iter: 25/96 loss: 15.5951 acc: 0.2888 time 10.96s
Epoch: 37/150 Iter: 26/96 loss: 15.8319 acc: 0.2777 time 11.19s
Epoch: 37/150 Iter: 27/96 loss: 15.4907 acc: 0.2766 time 11.05s
Epoch: 37/150 Iter: 28/96 loss: 15.3674 acc: 0.2802 time 13.54s
Epoch: 37/150 Iter: 29/96 loss: 14.9636 acc: 0.2897 time 11.22s
Epoch: 37/150 Iter: 30/96 loss: 15.2512 acc: 0.2828 time 10.91s
Epoch: 37/150 Iter: 31/96 loss: 15.6949 acc: 0.2758 time 13.50s
Epoch: 37/150 Iter: 32/96 loss: 15.4813 acc: 0.2811 time 11.07s
Epoch: 37/150 Iter: 33/96 loss: 15.2051 acc: 0.2911 time 11.22s
Epoch: 37/150 Iter: 34/96 loss: 15.0695 acc: 0.2923 time 10.93s
Epoch: 37/150 Iter: 35/96 loss: 14.9864 acc: 0.2871 time 13.51s
Epoch: 37/150 Iter: 36/96 loss: 15.1225 acc: 0.2958 time 13.54s
Epoch: 37/150 Iter: 37/96 loss: 14.8628 acc: 0.3023 time 10.90s
Epoch: 37/150 Iter: 38/96 loss: 14.9002 acc: 0.3016 time 10.95s
Epoch: 37/150 Iter: 39/96 loss: 14.8981 acc: 0.3010 time 10.93s
Epoch: 37/150 Iter: 40/96 loss: 15.1842 acc: 0.2956 time 13.57s
Epoch: 37/150 Iter: 41/96 loss: 14.9967 acc: 0.3005 time 13.48s
Epoch: 37/150 Iter: 42/96 loss: 14.9635 acc: 0.3013 time 13.57s
Epoch: 37/150 Iter: 43/96 loss: 15.1353 acc: 0.2959 time 10.91s
Epoch: 37/150 Iter: 44/96 loss: 15.3331 acc: 0.2910 time 13.52s
Epoch: 37/150 Iter: 45/96 loss: 15.2981 acc: 0.2875 time 10.91s
Epoch: 37/150 Iter: 46/96 loss: 15.5740 acc: 0.2849 time 10.86s
Epoch: 37/150 Iter: 47/96 loss: 15.6212 acc: 0.2848 time 10.95s
Epoch: 37/150 Iter: 48/96 loss: 15.4234 acc: 0.2875 time 13.58s
Epoch: 37/150 Iter: 49/96 loss: 15.4865 acc: 0.2884 time 11.23s
Epoch: 37/150 Iter: 50/96 loss: 15.3318 acc: 0.2827 time 13.55s
Epoch: 37/150 Iter: 51/96 loss: 15.3340 acc: 0.2793 time 13.54s
Epoch: 37/150 Iter: 52/96 loss: 15.4510 acc: 0.2782 time 13.59s
Epoch: 37/150 Iter: 53/96 loss: 15.4197 acc: 0.2745 time 13.58s
Epoch: 37/150 Iter: 54/96 loss: 15.1641 acc: 0.2818 time 10.87s
Epoch: 37/150 Iter: 55/96 loss: 15.1565 acc: 0.2852 time 11.10s
Epoch: 37/150 Iter: 56/96 loss: 15.2049 acc: 0.2860 time 13.50s
Epoch: 37/150 Iter: 57/96 loss: 15.2217 acc: 0.2839 time 10.90s
Epoch: 37/150 Iter: 58/96 loss: 15.0364 acc: 0.2905 time 10.89s
Epoch: 37/150 Iter: 59/96 loss: 14.9153 acc: 0.2912 time 11.23s
Epoch: 37/150 Iter: 60/96 loss: 14.7477 acc: 0.2947 time 13.54s
Epoch: 37/150 Iter: 61/96 loss: 14.9065 acc: 0.2910 time 10.90s
Epoch: 37/150 Iter: 62/96 loss: 14.9159 acc: 0.2890 time 13.54s
Epoch: 37/150 Iter: 63/96 loss: 14.8279 acc: 0.2876 time 10.95s
Epoch: 37/150 Iter: 64/96 loss: 15.0338 acc: 0.2844 time 13.49s
Epoch: 37/150 Iter: 65/96 loss: 15.0427 acc: 0.2868 time 10.91s
Epoch: 37/150 Iter: 66/96 loss: 15.0731 acc: 0.2859 time 11.14s
Epoch: 37/150 Iter: 67/96 loss: 15.1191 acc: 0.2826 time 13.61s
Epoch: 37/150 Iter: 68/96 loss: 15.0030 acc: 0.2846 time 10.94s
Epoch: 37/150 Iter: 69/96 loss: 14.9280 acc: 0.2829 time 10.95s
Epoch: 37/150 Iter: 70/96 loss: 14.9348 acc: 0.2812 time 13.47s
Epoch: 37/150 Iter: 71/96 loss: 14.7810 acc: 0.2866 time 11.23s
Epoch: 37/150 Iter: 72/96 loss: 14.7202 acc: 0.2873 time 10.96s
Epoch: 37/150 Iter: 73/96 loss: 14.7142 acc: 0.2845 time 13.50s
Epoch: 37/150 Iter: 74/96 loss: 14.6356 acc: 0.2851 time 11.05s
Epoch: 37/150 Iter: 75/96 loss: 14.4923 acc: 0.2920 time 13.58s
Epoch: 37/150 Iter: 76/96 loss: 14.6233 acc: 0.2890 time 10.93s
Epoch: 37/150 Iter: 77/96 loss: 14.5990 acc: 0.2882 time 13.53s
Epoch: 37/150 Iter: 78/96 loss: 14.5329 acc: 0.2859 time 11.12s
Epoch: 37/150 Iter: 79/96 loss: 14.5236 acc: 0.2844 time 11.10s
Epoch: 37/150 Iter: 80/96 loss: 14.5487 acc: 0.2850 time 11.14s
Epoch: 37/150 Iter: 81/96 loss: 14.5998 acc: 0.2861 time 13.47s
Epoch: 37/150 Iter: 82/96 loss: 14.7638 acc: 0.2875 time 13.45s
Epoch: 37/150 Iter: 83/96 loss: 14.7155 acc: 0.2856 time 11.07s
Epoch: 37/150 Iter: 84/96 loss: 14.7030 acc: 0.2862 time 10.95s
Epoch: 37/150 Iter: 85/96 loss: 14.7487 acc: 0.2836 time 10.87s
Epoch: 37/150 Iter: 86/96 loss: 14.8599 acc: 0.2842 time 10.93s
Epoch: 37/150 Iter: 87/96 loss: 14.7437 acc: 0.2886 time 10.94s
Epoch: 37/150 Iter: 88/96 loss: 14.6367 acc: 0.2906 time 10.86s
Epoch: 37/150 Iter: 89/96 loss: 14.8024 acc: 0.2874 time 10.94s
Epoch: 37/150 Iter: 90/96 loss: 14.8139 acc: 0.2860 time 10.96s
Epoch: 37/150 Iter: 91/96 loss: 14.8067 acc: 0.2853 time 13.54s
Epoch: 37/150 Iter: 92/96 loss: 14.6966 acc: 0.2889 time 10.95s
Epoch: 37/150 Iter: 93/96 loss: 14.7072 acc: 0.2893 time 13.47s
Epoch: 37/150 Iter: 94/96 loss: 14.7749 acc: 0.2870 time 13.51s
Epoch: 37/150 Iter: 95/96 loss: 14.8167 acc: 0.2839 time 13.43s
Epoch: 37/150 Iter: 96/96 loss: 14.8686 acc: 0.2836 time 10.83s
[Train epoch 37] avg_loss=14.8686 avg_acc=0.2836 | per-class [c0: 0.489, c1: 0.333, c2: 0.177]
Final training 37/150, loss: 14.8686, time 1163.11s, lr: 0.000000
Accuracy: 0.337
class                  precision    recall   specificity      f1   support
--------------------------------------------------------------------------
0                          0.506     0.489         0.547   0.497       280
1                          0.058     0.333         0.701   0.099        30
2                          0.356     0.177         0.726   0.236       266
*----------------------------------------*
0 Sat Nov 29 01:42:41 2025 Epoch: 38
Epoch: 38/150 Iter: 1/96 loss: 22.1497 acc: 0.2000 time 15.43s
Epoch: 38/150 Iter: 2/96 loss: 18.0288 acc: 0.2944 time 13.54s
Epoch: 38/150 Iter: 3/96 loss: 15.6396 acc: 0.3074 time 10.97s
Epoch: 38/150 Iter: 4/96 loss: 15.1608 acc: 0.2306 time 13.51s
Epoch: 38/150 Iter: 5/96 loss: 15.1635 acc: 0.2289 time 10.95s
Epoch: 38/150 Iter: 6/96 loss: 16.0446 acc: 0.2185 time 11.22s
Epoch: 38/150 Iter: 7/96 loss: 15.2001 acc: 0.2190 time 11.21s
Epoch: 38/150 Iter: 8/96 loss: 14.2228 acc: 0.2385 time 10.98s
Epoch: 38/150 Iter: 9/96 loss: 14.5682 acc: 0.2120 time 13.51s
Epoch: 38/150 Iter: 10/96 loss: 14.5582 acc: 0.2075 time 10.87s
Epoch: 38/150 Iter: 11/96 loss: 14.0963 acc: 0.2129 time 10.96s
Epoch: 38/150 Iter: 12/96 loss: 14.0605 acc: 0.2451 time 10.94s
Epoch: 38/150 Iter: 13/96 loss: 14.1812 acc: 0.2519 time 11.00s
Epoch: 38/150 Iter: 14/96 loss: 14.2542 acc: 0.2419 time 11.07s
Epoch: 38/150 Iter: 15/96 loss: 13.9618 acc: 0.2480 time 11.22s
Epoch: 38/150 Iter: 16/96 loss: 13.5925 acc: 0.2481 time 13.54s
Epoch: 38/150 Iter: 17/96 loss: 13.3322 acc: 0.2556 time 11.06s
Epoch: 38/150 Iter: 18/96 loss: 13.2611 acc: 0.2599 time 13.51s
Epoch: 38/150 Iter: 19/96 loss: 13.3429 acc: 0.2520 time 11.20s
Epoch: 38/150 Iter: 20/96 loss: 12.8866 acc: 0.2561 time 13.47s
Epoch: 38/150 Iter: 21/96 loss: 12.9082 acc: 0.2479 time 11.10s
Epoch: 38/150 Iter: 22/96 loss: 14.1063 acc: 0.2366 time 11.21s
Epoch: 38/150 Iter: 23/96 loss: 14.0240 acc: 0.2481 time 13.48s
Epoch: 38/150 Iter: 24/96 loss: 13.8426 acc: 0.2433 time 10.92s
Epoch: 38/150 Iter: 25/96 loss: 13.7853 acc: 0.2336 time 13.46s
Epoch: 38/150 Iter: 26/96 loss: 13.5699 acc: 0.2331 time 11.20s
Epoch: 38/150 Iter: 27/96 loss: 13.3102 acc: 0.2471 time 13.49s
Epoch: 38/150 Iter: 28/96 loss: 13.7477 acc: 0.2431 time 10.94s
Epoch: 38/150 Iter: 29/96 loss: 14.2782 acc: 0.2443 time 11.09s
Epoch: 38/150 Iter: 30/96 loss: 14.6793 acc: 0.2361 time 11.05s
Epoch: 38/150 Iter: 31/96 loss: 15.0282 acc: 0.2312 time 13.56s
Epoch: 38/150 Iter: 32/96 loss: 14.9738 acc: 0.2318 time 10.93s
Epoch: 38/150 Iter: 33/96 loss: 14.9829 acc: 0.2323 time 10.97s
Epoch: 38/150 Iter: 34/96 loss: 15.8739 acc: 0.2304 time 13.48s
Epoch: 38/150 Iter: 35/96 loss: 15.8118 acc: 0.2310 time 10.91s
Epoch: 38/150 Iter: 36/96 loss: 16.1415 acc: 0.2323 time 13.51s
Epoch: 38/150 Iter: 37/96 loss: 16.2227 acc: 0.2282 time 10.92s
Epoch: 38/150 Iter: 38/96 loss: 16.2981 acc: 0.2222 time 11.09s
Epoch: 38/150 Iter: 39/96 loss: 16.3035 acc: 0.2234 time 11.09s
Epoch: 38/150 Iter: 40/96 loss: 16.0926 acc: 0.2199 time 11.10s
Epoch: 38/150 Iter: 41/96 loss: 16.2418 acc: 0.2186 time 10.93s
Epoch: 38/150 Iter: 42/96 loss: 16.1463 acc: 0.2187 time 11.16s
Epoch: 38/150 Iter: 43/96 loss: 15.8335 acc: 0.2322 time 10.91s
Epoch: 38/150 Iter: 44/96 loss: 15.6070 acc: 0.2330 time 13.57s
Epoch: 38/150 Iter: 45/96 loss: 15.4671 acc: 0.2389 time 10.88s
Epoch: 38/150 Iter: 46/96 loss: 15.4026 acc: 0.2359 time 10.96s
Epoch: 38/150 Iter: 47/96 loss: 15.4769 acc: 0.2332 time 10.94s
Epoch: 38/150 Iter: 48/96 loss: 15.2414 acc: 0.2353 time 10.92s
Epoch: 38/150 Iter: 49/96 loss: 15.1818 acc: 0.2322 time 13.50s
Epoch: 38/150 Iter: 50/96 loss: 15.2826 acc: 0.2342 time 10.95s
Epoch: 38/150 Iter: 51/96 loss: 15.2917 acc: 0.2296 time 10.92s
Epoch: 38/150 Iter: 52/96 loss: 15.5612 acc: 0.2284 time 13.53s
Epoch: 38/150 Iter: 53/96 loss: 15.7501 acc: 0.2304 time 10.96s
Epoch: 38/150 Iter: 54/96 loss: 15.7177 acc: 0.2286 time 13.57s
Epoch: 38/150 Iter: 55/96 loss: 15.8013 acc: 0.2265 time 10.97s
Epoch: 38/150 Iter: 56/96 loss: 15.8833 acc: 0.2254 time 10.92s
Epoch: 38/150 Iter: 57/96 loss: 15.6823 acc: 0.2331 time 10.95s
Epoch: 38/150 Iter: 58/96 loss: 15.6480 acc: 0.2320 time 10.95s
Epoch: 38/150 Iter: 59/96 loss: 15.5804 acc: 0.2323 time 11.09s
Epoch: 38/150 Iter: 60/96 loss: 15.7663 acc: 0.2295 time 10.99s
Epoch: 38/150 Iter: 61/96 loss: 15.8000 acc: 0.2294 time 13.49s
Epoch: 38/150 Iter: 62/96 loss: 15.8831 acc: 0.2302 time 13.55s
Epoch: 38/150 Iter: 63/96 loss: 15.9153 acc: 0.2327 time 10.91s
Epoch: 38/150 Iter: 64/96 loss: 16.0480 acc: 0.2291 time 11.18s
Epoch: 38/150 Iter: 65/96 loss: 15.8887 acc: 0.2332 time 10.92s
Epoch: 38/150 Iter: 66/96 loss: 15.7548 acc: 0.2335 time 10.98s
Epoch: 38/150 Iter: 67/96 loss: 15.7344 acc: 0.2333 time 13.54s
Epoch: 38/150 Iter: 68/96 loss: 15.6975 acc: 0.2324 time 13.56s
Epoch: 38/150 Iter: 69/96 loss: 15.5326 acc: 0.2370 time 13.53s
Epoch: 38/150 Iter: 70/96 loss: 15.5840 acc: 0.2408 time 11.07s
Epoch: 38/150 Iter: 71/96 loss: 15.5973 acc: 0.2374 time 13.54s
Epoch: 38/150 Iter: 72/96 loss: 15.5427 acc: 0.2372 time 13.49s
Epoch: 38/150 Iter: 73/96 loss: 15.4546 acc: 0.2349 time 11.20s
Epoch: 38/150 Iter: 74/96 loss: 15.3355 acc: 0.2344 time 11.09s
Epoch: 38/150 Iter: 75/96 loss: 15.1924 acc: 0.2348 time 10.91s
Epoch: 38/150 Iter: 76/96 loss: 15.2739 acc: 0.2317 time 13.56s
Epoch: 38/150 Iter: 77/96 loss: 15.2527 acc: 0.2298 time 13.55s
Epoch: 38/150 Iter: 78/96 loss: 15.2115 acc: 0.2304 time 13.51s
Epoch: 38/150 Iter: 79/96 loss: 15.3467 acc: 0.2275 time 13.49s
Epoch: 38/150 Iter: 80/96 loss: 15.2407 acc: 0.2274 time 11.06s
Epoch: 38/150 Iter: 81/96 loss: 15.1836 acc: 0.2274 time 10.85s
Epoch: 38/150 Iter: 82/96 loss: 15.2634 acc: 0.2246 time 10.99s
Epoch: 38/150 Iter: 83/96 loss: 15.4921 acc: 0.2219 time 10.86s
Epoch: 38/150 Iter: 84/96 loss: 15.4518 acc: 0.2239 time 11.13s
Epoch: 38/150 Iter: 85/96 loss: 15.3802 acc: 0.2232 time 11.06s
Epoch: 38/150 Iter: 86/96 loss: 15.3010 acc: 0.2245 time 10.87s
Epoch: 38/150 Iter: 87/96 loss: 15.1816 acc: 0.2296 time 10.88s
Epoch: 38/150 Iter: 88/96 loss: 15.0689 acc: 0.2355 time 13.51s
Epoch: 38/150 Iter: 89/96 loss: 15.0744 acc: 0.2353 time 10.87s
Epoch: 38/150 Iter: 90/96 loss: 15.0416 acc: 0.2352 time 10.95s
Epoch: 38/150 Iter: 91/96 loss: 14.9714 acc: 0.2375 time 13.55s
Epoch: 38/150 Iter: 92/96 loss: 14.9497 acc: 0.2385 time 10.87s
Epoch: 38/150 Iter: 93/96 loss: 15.0067 acc: 0.2378 time 10.94s
Epoch: 38/150 Iter: 94/96 loss: 14.9875 acc: 0.2405 time 13.47s
Epoch: 38/150 Iter: 95/96 loss: 14.8703 acc: 0.2459 time 10.96s
Epoch: 38/150 Iter: 96/96 loss: 14.8886 acc: 0.2459 time 10.97s
[Train epoch 38] avg_loss=14.8886 avg_acc=0.2459 | per-class [c0: 0.491, c1: 0.233, c2: 0.189]
Final training 38/150, loss: 14.8886, time 1136.09s, lr: 0.000000
Accuracy: 0.339
class                  precision    recall   specificity      f1   support
--------------------------------------------------------------------------
0                          0.500     0.491         0.532   0.496       281
1                          0.039     0.233         0.685   0.067        30
2                          0.413     0.189         0.772   0.259       265
*----------------------------------------*
Val 38/150 1/24, Acc: 0.1111, Loss: 16.7715, time 10.94s
Val 38/150 2/24, Acc: 0.2222, Loss: 13.5333, time 10.97s
Val 38/150 3/24, Acc: 0.2593, Loss: 11.3565, time 11.02s
Val 38/150 4/24, Acc: 0.2569, Loss: 12.1958, time 10.95s
Val 38/150 5/24, Acc: 0.2222, Loss: 11.5295, time 11.07s
Val 38/150 6/24, Acc: 0.1991, Loss: 11.6863, time 11.07s
Val 38/150 7/24, Acc: 0.1944, Loss: 11.9406, time 11.05s
Val 38/150 8/24, Acc: 0.1806, Loss: 11.7940, time 11.10s
Val 38/150 9/24, Acc: 0.1679, Loss: 11.1626, time 10.98s
Val 38/150 10/24, Acc: 0.1978, Loss: 10.8683, time 11.19s
Val 38/150 11/24, Acc: 0.2253, Loss: 10.8064, time 11.00s
Val 38/150 12/24, Acc: 0.2273, Loss: 10.6672, time 11.06s
Val 38/150 13/24, Acc: 0.2355, Loss: 10.4891, time 11.06s
Val 38/150 14/24, Acc: 0.2901, Loss: 9.7438, time 10.97s
Val 38/150 15/24, Acc: 0.3263, Loss: 9.1822, time 11.02s
Val 38/150 16/24, Acc: 0.3184, Loss: 9.0551, time 10.93s
Val 38/150 17/24, Acc: 0.3095, Loss: 9.4708, time 11.20s
Val 38/150 18/24, Acc: 0.3015, Loss: 9.3524, time 11.00s
Val 38/150 19/24, Acc: 0.3330, Loss: 8.8916, time 11.07s
Val 38/150 20/24, Acc: 0.3331, Loss: 8.6493, time 11.07s
Val 38/150 21/24, Acc: 0.3331, Loss: 8.8733, time 11.08s
Val 38/150 22/24, Acc: 0.3230, Loss: 9.2944, time 11.22s
Val 38/150 23/24, Acc: 0.3331, Loss: 9.0427, time 10.97s
Val 38/150 24/24, Acc: 0.3192, Loss: 9.4725, time 10.89s
[Val epoch 38] avg_acc=0.3192 | avg_loss=9.4725 | per-class [c0: 0.486, c1: 0.500, c2: 0.258]
Final validation 38/150, Val_acc: 0.3192, time 264.89sAccuracy: 0.382
class                  precision    recall   specificity      f1   support
--------------------------------------------------------------------------
0                          0.479     0.486         0.500   0.482        70
1                          0.111     0.500         0.765   0.182         8
2                          0.459     0.258         0.744   0.330        66
*========================================*
Saving checkpoint outputs/OrganoidsINRIA/swinunetr+noah/2025-11-28-12-24/training/model_final.pt
[EarlyStopping] no improve (18/30)
[EarlyStopping] no improve (18/30)
0 Sat Nov 29 02:06:07 2025 Epoch: 39
Epoch: 39/150 Iter: 1/96 loss: 10.1717 acc: 0.0833 time 16.11s
Epoch: 39/150 Iter: 2/96 loss: 10.4139 acc: 0.1806 time 13.59s
Epoch: 39/150 Iter: 3/96 loss: 9.7100 acc: 0.2500 time 10.92s
Epoch: 39/150 Iter: 4/96 loss: 10.1938 acc: 0.2431 time 13.61s
Epoch: 39/150 Iter: 5/96 loss: 12.3577 acc: 0.2078 time 10.91s
Epoch: 39/150 Iter: 6/96 loss: 11.1232 acc: 0.2426 time 13.52s
Epoch: 39/150 Iter: 7/96 loss: 11.1141 acc: 0.2198 time 10.93s
Epoch: 39/150 Iter: 8/96 loss: 12.1772 acc: 0.2236 time 10.89s
Epoch: 39/150 Iter: 9/96 loss: 11.9799 acc: 0.2358 time 13.49s
Epoch: 39/150 Iter: 10/96 loss: 11.9405 acc: 0.2189 time 10.95s
Epoch: 39/150 Iter: 11/96 loss: 13.4214 acc: 0.1990 time 10.95s
Epoch: 39/150 Iter: 12/96 loss: 14.5229 acc: 0.1824 time 13.49s
Epoch: 39/150 Iter: 13/96 loss: 14.8038 acc: 0.1684 time 10.89s
Epoch: 39/150 Iter: 14/96 loss: 15.2582 acc: 0.1802 time 10.94s
Epoch: 39/150 Iter: 15/96 loss: 15.0563 acc: 0.2015 time 10.90s
Epoch: 39/150 Iter: 16/96 loss: 15.1824 acc: 0.1958 time 10.94s
Epoch: 39/150 Iter: 17/96 loss: 14.8108 acc: 0.1961 time 13.51s
Epoch: 39/150 Iter: 18/96 loss: 15.0540 acc: 0.2083 time 13.55s
Epoch: 39/150 Iter: 19/96 loss: 14.7140 acc: 0.2295 time 11.08s
Epoch: 39/150 Iter: 20/96 loss: 14.6981 acc: 0.2306 time 11.22s
Epoch: 39/150 Iter: 21/96 loss: 14.4246 acc: 0.2513 time 11.05s
Epoch: 39/150 Iter: 22/96 loss: 14.8485 acc: 0.2399 time 13.55s
Epoch: 39/150 Iter: 23/96 loss: 15.0095 acc: 0.2295 time 11.10s
Epoch: 39/150 Iter: 24/96 loss: 14.6660 acc: 0.2384 time 10.90s
Epoch: 39/150 Iter: 25/96 loss: 14.1635 acc: 0.2522 time 13.53s
Epoch: 39/150 Iter: 26/96 loss: 14.1341 acc: 0.2476 time 13.53s
Epoch: 39/150 Iter: 27/96 loss: 14.1254 acc: 0.2447 time 11.07s
Epoch: 39/150 Iter: 28/96 loss: 14.2619 acc: 0.2518 time 13.54s
Epoch: 39/150 Iter: 29/96 loss: 14.8322 acc: 0.2489 time 13.53s
Epoch: 39/150 Iter: 30/96 loss: 14.6441 acc: 0.2544 time 11.03s
Epoch: 39/150 Iter: 31/96 loss: 14.8756 acc: 0.2489 time 13.48s
Epoch: 39/150 Iter: 32/96 loss: 14.9353 acc: 0.2516 time 10.92s
Epoch: 39/150 Iter: 33/96 loss: 14.8068 acc: 0.2507 time 13.59s
Epoch: 39/150 Iter: 34/96 loss: 15.2613 acc: 0.2433 time 13.53s
Epoch: 39/150 Iter: 35/96 loss: 15.0539 acc: 0.2506 time 13.51s
Epoch: 39/150 Iter: 36/96 loss: 15.2318 acc: 0.2498 time 13.52s
Epoch: 39/150 Iter: 37/96 loss: 14.9619 acc: 0.2476 time 10.94s
Epoch: 39/150 Iter: 38/96 loss: 15.0569 acc: 0.2411 time 13.56s
Epoch: 39/150 Iter: 39/96 loss: 15.1012 acc: 0.2349 time 13.55s
Epoch: 39/150 Iter: 40/96 loss: 15.1522 acc: 0.2311 time 11.05s
Epoch: 39/150 Iter: 41/96 loss: 14.9817 acc: 0.2356 time 10.90s
Epoch: 39/150 Iter: 42/96 loss: 14.9603 acc: 0.2360 time 10.92s
Epoch: 39/150 Iter: 43/96 loss: 14.8663 acc: 0.2363 time 13.58s
Epoch: 39/150 Iter: 44/96 loss: 14.6022 acc: 0.2404 time 10.94s
Epoch: 39/150 Iter: 45/96 loss: 14.4477 acc: 0.2425 time 13.63s
Epoch: 39/150 Iter: 46/96 loss: 14.2310 acc: 0.2426 time 10.96s
Epoch: 39/150 Iter: 47/96 loss: 14.3624 acc: 0.2398 time 10.91s
Epoch: 39/150 Iter: 48/96 loss: 14.3716 acc: 0.2348 time 11.10s
Epoch: 39/150 Iter: 49/96 loss: 14.2125 acc: 0.2420 time 11.08s
Epoch: 39/150 Iter: 50/96 loss: 14.3527 acc: 0.2404 time 13.60s
Epoch: 39/150 Iter: 51/96 loss: 14.4162 acc: 0.2357 time 13.60s
Epoch: 39/150 Iter: 52/96 loss: 14.5697 acc: 0.2344 time 10.96s
Epoch: 39/150 Iter: 53/96 loss: 14.4531 acc: 0.2378 time 11.11s
Epoch: 39/150 Iter: 54/96 loss: 14.3730 acc: 0.2355 time 10.93s
Epoch: 39/150 Iter: 55/96 loss: 14.3774 acc: 0.2342 time 10.92s
Epoch: 39/150 Iter: 56/96 loss: 14.2258 acc: 0.2375 time 10.91s
Epoch: 39/150 Iter: 57/96 loss: 14.2093 acc: 0.2353 time 10.93s
Epoch: 39/150 Iter: 58/96 loss: 14.3293 acc: 0.2360 time 13.56s
Epoch: 39/150 Iter: 59/96 loss: 14.1503 acc: 0.2363 time 11.10s
Epoch: 39/150 Iter: 60/96 loss: 14.1853 acc: 0.2365 time 13.57s
Epoch: 39/150 Iter: 61/96 loss: 14.1737 acc: 0.2347 time 11.09s
Epoch: 39/150 Iter: 62/96 loss: 14.1045 acc: 0.2349 time 11.10s
Epoch: 39/150 Iter: 63/96 loss: 14.2368 acc: 0.2321 time 13.64s
Epoch: 39/150 Iter: 64/96 loss: 14.3234 acc: 0.2284 time 10.88s
Epoch: 39/150 Iter: 65/96 loss: 14.3310 acc: 0.2283 time 10.95s
Epoch: 39/150 Iter: 66/96 loss: 14.5134 acc: 0.2274 time 11.10s
Epoch: 39/150 Iter: 67/96 loss: 14.4187 acc: 0.2302 time 11.24s
Epoch: 39/150 Iter: 68/96 loss: 14.5694 acc: 0.2285 time 10.93s
Epoch: 39/150 Iter: 69/96 loss: 14.4918 acc: 0.2353 time 13.56s
Epoch: 39/150 Iter: 70/96 loss: 14.3779 acc: 0.2335 time 11.17s
Epoch: 39/150 Iter: 71/96 loss: 14.4185 acc: 0.2314 time 10.96s
Epoch: 39/150 Iter: 72/96 loss: 14.3677 acc: 0.2297 time 10.96s
Epoch: 39/150 Iter: 73/96 loss: 14.5291 acc: 0.2266 time 10.96s
Epoch: 39/150 Iter: 74/96 loss: 14.4898 acc: 0.2265 time 10.97s
Epoch: 39/150 Iter: 75/96 loss: 14.5558 acc: 0.2257 time 13.63s
Epoch: 39/150 Iter: 76/96 loss: 14.5494 acc: 0.2239 time 10.94s
Epoch: 39/150 Iter: 77/96 loss: 14.5339 acc: 0.2231 time 10.97s
Epoch: 39/150 Iter: 78/96 loss: 14.5113 acc: 0.2235 time 11.08s
Epoch: 39/150 Iter: 79/96 loss: 14.4084 acc: 0.2291 time 13.62s
Epoch: 39/150 Iter: 80/96 loss: 14.4148 acc: 0.2290 time 11.10s
Epoch: 39/150 Iter: 81/96 loss: 14.4349 acc: 0.2282 time 13.58s
Epoch: 39/150 Iter: 82/96 loss: 14.4877 acc: 0.2263 time 10.86s
Epoch: 39/150 Iter: 83/96 loss: 14.9273 acc: 0.2249 time 13.60s
Epoch: 39/150 Iter: 84/96 loss: 14.8599 acc: 0.2262 time 10.87s
Epoch: 39/150 Iter: 85/96 loss: 14.7977 acc: 0.2251 time 13.54s
Epoch: 39/150 Iter: 86/96 loss: 14.7935 acc: 0.2254 time 10.94s
Epoch: 39/150 Iter: 87/96 loss: 14.6908 acc: 0.2298 time 13.55s
Epoch: 39/150 Iter: 88/96 loss: 14.9469 acc: 0.2272 time 11.10s
Epoch: 39/150 Iter: 89/96 loss: 14.8728 acc: 0.2336 time 10.89s
Epoch: 39/150 Iter: 90/96 loss: 14.8037 acc: 0.2347 time 10.97s
Epoch: 39/150 Iter: 91/96 loss: 14.8318 acc: 0.2334 time 13.56s
Epoch: 39/150 Iter: 92/96 loss: 14.8171 acc: 0.2345 time 13.54s
Epoch: 39/150 Iter: 93/96 loss: 14.8968 acc: 0.2337 time 13.58s
Epoch: 39/150 Iter: 94/96 loss: 14.8708 acc: 0.2336 time 10.85s
Epoch: 39/150 Iter: 95/96 loss: 14.8363 acc: 0.2335 time 13.51s
Epoch: 39/150 Iter: 96/96 loss: 14.7730 acc: 0.2376 time 10.95s
[Train epoch 39] avg_loss=14.7730 avg_acc=0.2376 | per-class [c0: 0.431, c1: 0.233, c2: 0.200]
Final training 39/150, loss: 14.7730, time 1154.84s, lr: 0.000000
Accuracy: 0.314
class                  precision    recall   specificity      f1   support
--------------------------------------------------------------------------
0                          0.455     0.431         0.508   0.442       281
1                          0.041     0.233         0.698   0.069        30
2                          0.384     0.200         0.727   0.263       265
*----------------------------------------*
0 Sat Nov 29 02:25:22 2025 Epoch: 40
Epoch: 40/150 Iter: 1/96 loss: 13.5079 acc: 0.4000 time 16.88s
Epoch: 40/150 Iter: 2/96 loss: 18.5036 acc: 0.2000 time 13.47s
Epoch: 40/150 Iter: 3/96 loss: 14.7332 acc: 0.1778 time 13.54s
Epoch: 40/150 Iter: 4/96 loss: 14.2153 acc: 0.2792 time 11.05s
Epoch: 40/150 Iter: 5/96 loss: 13.6626 acc: 0.2567 time 10.91s
Epoch: 40/150 Iter: 6/96 loss: 12.1450 acc: 0.3065 time 13.54s
Epoch: 40/150 Iter: 7/96 loss: 12.2562 acc: 0.2746 time 13.52s
Epoch: 40/150 Iter: 8/96 loss: 11.9961 acc: 0.2542 time 11.05s
Epoch: 40/150 Iter: 9/96 loss: 12.9009 acc: 0.2537 time 13.49s
Epoch: 40/150 Iter: 10/96 loss: 13.8834 acc: 0.2450 time 13.52s
Epoch: 40/150 Iter: 11/96 loss: 14.1267 acc: 0.2303 time 10.99s
Epoch: 40/150 Iter: 12/96 loss: 15.1235 acc: 0.2111 time 13.53s
Epoch: 40/150 Iter: 13/96 loss: 15.4676 acc: 0.1949 time 11.17s
Epoch: 40/150 Iter: 14/96 loss: 15.6037 acc: 0.1869 time 11.11s
Epoch: 40/150 Iter: 15/96 loss: 14.9820 acc: 0.2022 time 13.52s
Epoch: 40/150 Iter: 16/96 loss: 14.7432 acc: 0.2052 time 13.57s
Epoch: 40/150 Iter: 17/96 loss: 14.1006 acc: 0.2062 time 13.52s
Epoch: 40/150 Iter: 18/96 loss: 14.8532 acc: 0.1948 time 11.20s
Epoch: 40/150 Iter: 19/96 loss: 14.8201 acc: 0.1889 time 13.49s
Epoch: 40/150 Iter: 20/96 loss: 14.6920 acc: 0.1836 time 11.21s
Epoch: 40/150 Iter: 21/96 loss: 14.3056 acc: 0.1947 time 11.08s
Epoch: 40/150 Iter: 22/96 loss: 14.1642 acc: 0.2035 time 11.20s
Epoch: 40/150 Iter: 23/96 loss: 14.4107 acc: 0.1947 time 13.51s
Epoch: 40/150 Iter: 24/96 loss: 14.4636 acc: 0.1935 time 11.11s
Epoch: 40/150 Iter: 25/96 loss: 14.1427 acc: 0.2080 time 11.06s
Epoch: 40/150 Iter: 26/96 loss: 14.1042 acc: 0.2171 time 10.90s
Epoch: 40/150 Iter: 27/96 loss: 14.2012 acc: 0.2091 time 10.98s
Epoch: 40/150 Iter: 28/96 loss: 13.9617 acc: 0.2105 time 13.49s
Epoch: 40/150 Iter: 29/96 loss: 14.1449 acc: 0.2071 time 13.62s
Epoch: 40/150 Iter: 30/96 loss: 13.8817 acc: 0.2069 time 13.54s
Epoch: 40/150 Iter: 31/96 loss: 13.8988 acc: 0.2023 time 13.55s
Epoch: 40/150 Iter: 32/96 loss: 13.6334 acc: 0.2038 time 13.55s
Epoch: 40/150 Iter: 33/96 loss: 13.5961 acc: 0.2052 time 11.17s
Epoch: 40/150 Iter: 34/96 loss: 13.6524 acc: 0.2025 time 11.23s
Epoch: 40/150 Iter: 35/96 loss: 13.6325 acc: 0.2005 time 13.50s
Epoch: 40/150 Iter: 36/96 loss: 13.6246 acc: 0.1972 time 11.05s
Epoch: 40/150 Iter: 37/96 loss: 13.5582 acc: 0.1964 time 10.91s
Epoch: 40/150 Iter: 38/96 loss: 13.5132 acc: 0.2000 time 13.52s
Epoch: 40/150 Iter: 39/96 loss: 13.8898 acc: 0.1949 time 10.93s
Epoch: 40/150 Iter: 40/96 loss: 13.9045 acc: 0.1921 time 13.56s
Epoch: 40/150 Iter: 41/96 loss: 13.7649 acc: 0.1915 time 13.50s
Epoch: 40/150 Iter: 42/96 loss: 14.1428 acc: 0.1889 time 10.88s
Epoch: 40/150 Iter: 43/96 loss: 13.9659 acc: 0.1961 time 11.06s
Epoch: 40/150 Iter: 44/96 loss: 14.3635 acc: 0.1942 time 11.06s
Epoch: 40/150 Iter: 45/96 loss: 14.3899 acc: 0.1936 time 10.92s
Epoch: 40/150 Iter: 46/96 loss: 14.3332 acc: 0.1930 time 13.54s
Epoch: 40/150 Iter: 47/96 loss: 14.4628 acc: 0.1960 time 11.16s
Epoch: 40/150 Iter: 48/96 loss: 14.3991 acc: 0.1942 time 11.10s
Epoch: 40/150 Iter: 49/96 loss: 14.2775 acc: 0.1971 time 13.48s
Epoch: 40/150 Iter: 50/96 loss: 14.3226 acc: 0.1998 time 13.50s
Epoch: 40/150 Iter: 51/96 loss: 14.5938 acc: 0.2002 time 10.94s
Epoch: 40/150 Iter: 52/96 loss: 14.8297 acc: 0.1964 time 11.06s
Epoch: 40/150 Iter: 53/96 loss: 14.6628 acc: 0.1969 time 10.97s
Epoch: 40/150 Iter: 54/96 loss: 14.4449 acc: 0.1994 time 11.27s
Epoch: 40/150 Iter: 55/96 loss: 14.6090 acc: 0.1970 time 11.12s
Epoch: 40/150 Iter: 56/96 loss: 14.4776 acc: 0.1979 time 10.97s
Epoch: 40/150 Iter: 57/96 loss: 14.5678 acc: 0.2015 time 13.55s
Epoch: 40/150 Iter: 58/96 loss: 14.6715 acc: 0.1999 time 10.95s
Epoch: 40/150 Iter: 59/96 loss: 14.8225 acc: 0.2003 time 13.59s
Epoch: 40/150 Iter: 60/96 loss: 14.7022 acc: 0.2058 time 13.52s
Epoch: 40/150 Iter: 61/96 loss: 14.8038 acc: 0.2052 time 10.96s
Epoch: 40/150 Iter: 62/96 loss: 14.7409 acc: 0.2059 time 10.97s
Epoch: 40/150 Iter: 63/96 loss: 14.7910 acc: 0.2079 time 11.08s
Epoch: 40/150 Iter: 64/96 loss: 14.8370 acc: 0.2068 time 11.10s
Epoch: 40/150 Iter: 65/96 loss: 14.7179 acc: 0.2113 time 13.54s
Epoch: 40/150 Iter: 66/96 loss: 14.5631 acc: 0.2144 time 13.48s
Epoch: 40/150 Iter: 67/96 loss: 14.5322 acc: 0.2168 time 13.45s
Epoch: 40/150 Iter: 68/96 loss: 14.5547 acc: 0.2197 time 11.03s
Epoch: 40/150 Iter: 69/96 loss: 14.5103 acc: 0.2185 time 11.06s
Epoch: 40/150 Iter: 70/96 loss: 14.3933 acc: 0.2211 time 10.94s
Epoch: 40/150 Iter: 71/96 loss: 14.4497 acc: 0.2203 time 11.23s
Epoch: 40/150 Iter: 72/96 loss: 14.4512 acc: 0.2172 time 13.50s
Epoch: 40/150 Iter: 73/96 loss: 14.5410 acc: 0.2154 time 13.56s
Epoch: 40/150 Iter: 74/96 loss: 14.3547 acc: 0.2181 time 13.44s
Epoch: 40/150 Iter: 75/96 loss: 14.2675 acc: 0.2219 time 13.53s
Epoch: 40/150 Iter: 76/96 loss: 14.1555 acc: 0.2239 time 11.10s
Epoch: 40/150 Iter: 77/96 loss: 14.2068 acc: 0.2227 time 13.63s
Epoch: 40/150 Iter: 78/96 loss: 14.2670 acc: 0.2227 time 13.53s
Epoch: 40/150 Iter: 79/96 loss: 14.2908 acc: 0.2241 time 11.15s
Epoch: 40/150 Iter: 80/96 loss: 14.3290 acc: 0.2224 time 11.12s
Epoch: 40/150 Iter: 81/96 loss: 14.2741 acc: 0.2270 time 11.02s
Epoch: 40/150 Iter: 82/96 loss: 14.2215 acc: 0.2256 time 10.93s
Epoch: 40/150 Iter: 83/96 loss: 14.3223 acc: 0.2239 time 13.50s
Epoch: 40/150 Iter: 84/96 loss: 14.3355 acc: 0.2265 time 13.48s
Epoch: 40/150 Iter: 85/96 loss: 14.2072 acc: 0.2342 time 10.87s
Epoch: 40/150 Iter: 86/96 loss: 14.1716 acc: 0.2353 time 10.96s
Epoch: 40/150 Iter: 87/96 loss: 14.2026 acc: 0.2345 time 13.55s
Epoch: 40/150 Iter: 88/96 loss: 14.2425 acc: 0.2347 time 10.92s
Epoch: 40/150 Iter: 89/96 loss: 14.2713 acc: 0.2367 time 10.96s
Epoch: 40/150 Iter: 90/96 loss: 14.3748 acc: 0.2353 time 13.47s
Epoch: 40/150 Iter: 91/96 loss: 14.3194 acc: 0.2346 time 13.47s
Epoch: 40/150 Iter: 92/96 loss: 14.2458 acc: 0.2369 time 13.50s
Epoch: 40/150 Iter: 93/96 loss: 14.2851 acc: 0.2355 time 11.03s
Epoch: 40/150 Iter: 94/96 loss: 14.3297 acc: 0.2357 time 10.96s
Epoch: 40/150 Iter: 95/96 loss: 14.2491 acc: 0.2379 time 13.46s
Epoch: 40/150 Iter: 96/96 loss: 14.1327 acc: 0.2419 time 13.41s
[Train epoch 40] avg_loss=14.1327 avg_acc=0.2419 | per-class [c0: 0.457, c1: 0.167, c2: 0.195]
Final training 40/150, loss: 14.1327, time 1174.83s, lr: 0.000000
Accuracy: 0.321
class                  precision    recall   specificity      f1   support
--------------------------------------------------------------------------
0                          0.479     0.457         0.530   0.468       280
1                          0.029     0.167         0.696   0.050        30
2                          0.377     0.195         0.723   0.257       266
*----------------------------------------*
Val 40/150 1/24, Acc: 0.1111, Loss: 16.7715, time 10.90s
Val 40/150 2/24, Acc: 0.2222, Loss: 13.5333, time 10.95s
Val 40/150 3/24, Acc: 0.2593, Loss: 11.3565, time 10.92s
Val 40/150 4/24, Acc: 0.2569, Loss: 12.1958, time 10.90s
Val 40/150 5/24, Acc: 0.2222, Loss: 11.5295, time 11.00s
Val 40/150 6/24, Acc: 0.1991, Loss: 11.6863, time 11.05s
Val 40/150 7/24, Acc: 0.1944, Loss: 11.9406, time 10.95s
Val 40/150 8/24, Acc: 0.1806, Loss: 11.7940, time 10.98s
Val 40/150 9/24, Acc: 0.1679, Loss: 11.1626, time 10.99s
Val 40/150 10/24, Acc: 0.1978, Loss: 10.8683, time 11.19s
Val 40/150 11/24, Acc: 0.2253, Loss: 10.8064, time 10.89s
Val 40/150 12/24, Acc: 0.2273, Loss: 10.6672, time 11.01s
Val 40/150 13/24, Acc: 0.2355, Loss: 10.4891, time 11.06s
Val 40/150 14/24, Acc: 0.2901, Loss: 9.7438, time 10.97s
Val 40/150 15/24, Acc: 0.3263, Loss: 9.1822, time 10.93s
Val 40/150 16/24, Acc: 0.3184, Loss: 9.0551, time 10.92s
Val 40/150 17/24, Acc: 0.3095, Loss: 9.4708, time 11.08s
Val 40/150 18/24, Acc: 0.3015, Loss: 9.3524, time 11.04s
Val 40/150 19/24, Acc: 0.3330, Loss: 8.8916, time 11.06s
Val 40/150 20/24, Acc: 0.3331, Loss: 8.6493, time 11.06s
Val 40/150 21/24, Acc: 0.3331, Loss: 8.8733, time 11.00s
Val 40/150 22/24, Acc: 0.3230, Loss: 9.2944, time 11.29s
Val 40/150 23/24, Acc: 0.3331, Loss: 9.0427, time 10.88s
Val 40/150 24/24, Acc: 0.3192, Loss: 9.4725, time 10.89s
[Val epoch 40] avg_acc=0.3192 | avg_loss=9.4725 | per-class [c0: 0.486, c1: 0.500, c2: 0.258]
Final validation 40/150, Val_acc: 0.3192, time 263.92sAccuracy: 0.382
class                  precision    recall   specificity      f1   support
--------------------------------------------------------------------------
0                          0.479     0.486         0.500   0.482        70
1                          0.111     0.500         0.765   0.182         8
2                          0.459     0.258         0.744   0.330        66
*========================================*
Saving checkpoint outputs/OrganoidsINRIA/swinunetr+noah/2025-11-28-12-24/training/model_final.pt
[EarlyStopping] no improve (19/30)
[EarlyStopping] no improve (19/30)
0 Sat Nov 29 02:49:25 2025 Epoch: 41
Epoch: 41/150 Iter: 1/96 loss: 13.2446 acc: 0.3333 time 13.96s
Epoch: 41/150 Iter: 2/96 loss: 13.3534 acc: 0.2083 time 10.89s
Epoch: 41/150 Iter: 3/96 loss: 12.4202 acc: 0.1944 time 10.91s
Epoch: 41/150 Iter: 4/96 loss: 13.5626 acc: 0.1458 time 10.93s
Epoch: 41/150 Iter: 5/96 loss: 13.7921 acc: 0.1567 time 10.93s
Epoch: 41/150 Iter: 6/96 loss: 14.5682 acc: 0.1676 time 11.23s
Epoch: 41/150 Iter: 7/96 loss: 14.9220 acc: 0.1754 time 11.24s
Epoch: 41/150 Iter: 8/96 loss: 14.2517 acc: 0.1813 time 13.57s
Epoch: 41/150 Iter: 9/96 loss: 14.4378 acc: 0.1981 time 13.55s
Epoch: 41/150 Iter: 10/96 loss: 13.7335 acc: 0.2367 time 10.93s
Epoch: 41/150 Iter: 11/96 loss: 13.6490 acc: 0.2152 time 10.95s
Epoch: 41/150 Iter: 12/96 loss: 14.1903 acc: 0.1972 time 13.47s
Epoch: 41/150 Iter: 13/96 loss: 14.1976 acc: 0.1906 time 13.51s
Epoch: 41/150 Iter: 14/96 loss: 14.0550 acc: 0.1770 time 11.09s
Epoch: 41/150 Iter: 15/96 loss: 14.6256 acc: 0.1652 time 10.96s
Epoch: 41/150 Iter: 16/96 loss: 14.4161 acc: 0.1688 time 13.46s
Epoch: 41/150 Iter: 17/96 loss: 14.3408 acc: 0.1637 time 13.49s
Epoch: 41/150 Iter: 18/96 loss: 13.9693 acc: 0.1824 time 10.90s
Epoch: 41/150 Iter: 19/96 loss: 14.3361 acc: 0.1798 time 13.50s
Epoch: 41/150 Iter: 20/96 loss: 14.2411 acc: 0.1750 time 10.92s
Epoch: 41/150 Iter: 21/96 loss: 13.9027 acc: 0.1772 time 10.93s
Epoch: 41/150 Iter: 22/96 loss: 13.7360 acc: 0.1692 time 11.15s
Epoch: 41/150 Iter: 23/96 loss: 13.6921 acc: 0.1763 time 13.53s
Epoch: 41/150 Iter: 24/96 loss: 13.5328 acc: 0.1745 time 10.89s
Epoch: 41/150 Iter: 25/96 loss: 13.5110 acc: 0.1720 time 13.53s
Epoch: 41/150 Iter: 26/96 loss: 13.3043 acc: 0.1705 time 13.45s
Epoch: 41/150 Iter: 27/96 loss: 13.6821 acc: 0.1735 time 10.91s
Epoch: 41/150 Iter: 28/96 loss: 13.5752 acc: 0.1673 time 10.93s
Epoch: 41/150 Iter: 29/96 loss: 13.7829 acc: 0.1672 time 11.12s
Epoch: 41/150 Iter: 30/96 loss: 13.9512 acc: 0.1728 time 13.47s
Epoch: 41/150 Iter: 31/96 loss: 14.1582 acc: 0.1780 time 13.54s
Epoch: 41/150 Iter: 32/96 loss: 14.2081 acc: 0.1828 time 13.57s
Epoch: 41/150 Iter: 33/96 loss: 14.1934 acc: 0.1806 time 10.95s
Epoch: 41/150 Iter: 34/96 loss: 14.5671 acc: 0.1773 time 13.49s
Epoch: 41/150 Iter: 35/96 loss: 14.7300 acc: 0.1722 time 10.92s
Epoch: 41/150 Iter: 36/96 loss: 14.9060 acc: 0.1674 time 10.94s
Epoch: 41/150 Iter: 37/96 loss: 14.9490 acc: 0.1697 time 10.92s
Epoch: 41/150 Iter: 38/96 loss: 15.2124 acc: 0.1711 time 11.22s
Epoch: 41/150 Iter: 39/96 loss: 15.2721 acc: 0.1752 time 11.11s
Epoch: 41/150 Iter: 40/96 loss: 15.5057 acc: 0.1708 time 11.18s
Epoch: 41/150 Iter: 41/96 loss: 15.2752 acc: 0.1850 time 11.16s
Epoch: 41/150 Iter: 42/96 loss: 15.5225 acc: 0.1806 time 10.91s
Epoch: 41/150 Iter: 43/96 loss: 15.3293 acc: 0.1841 time 10.96s
Epoch: 41/150 Iter: 44/96 loss: 15.1914 acc: 0.1837 time 11.11s
Epoch: 41/150 Iter: 45/96 loss: 15.4595 acc: 0.1796 time 13.50s
Epoch: 41/150 Iter: 46/96 loss: 15.1561 acc: 0.1947 time 11.08s
Epoch: 41/150 Iter: 47/96 loss: 15.0930 acc: 0.1924 time 13.58s
Epoch: 41/150 Iter: 48/96 loss: 15.1175 acc: 0.1936 time 10.93s
Epoch: 41/150 Iter: 49/96 loss: 15.1501 acc: 0.1957 time 10.95s
Epoch: 41/150 Iter: 50/96 loss: 15.0837 acc: 0.1952 time 10.95s
Epoch: 41/150 Iter: 51/96 loss: 14.9567 acc: 0.1946 time 13.49s
Epoch: 41/150 Iter: 52/96 loss: 14.9505 acc: 0.1930 time 10.91s
Epoch: 41/150 Iter: 53/96 loss: 14.6929 acc: 0.1972 time 10.92s
Epoch: 41/150 Iter: 54/96 loss: 14.8372 acc: 0.1982 time 10.94s
Epoch: 41/150 Iter: 55/96 loss: 14.7842 acc: 0.2073 time 13.50s
Epoch: 41/150 Iter: 56/96 loss: 14.8530 acc: 0.2066 time 11.20s
Epoch: 41/150 Iter: 57/96 loss: 15.2086 acc: 0.2059 time 11.09s
Epoch: 41/150 Iter: 58/96 loss: 15.1989 acc: 0.2038 time 13.45s
Epoch: 41/150 Iter: 59/96 loss: 15.1244 acc: 0.2067 time 11.05s
Epoch: 41/150 Iter: 60/96 loss: 15.3328 acc: 0.2060 time 10.96s
Epoch: 41/150 Iter: 61/96 loss: 15.3032 acc: 0.2081 time 13.46s
Epoch: 41/150 Iter: 62/96 loss: 15.3493 acc: 0.2065 time 11.10s
Epoch: 41/150 Iter: 63/96 loss: 15.1586 acc: 0.2172 time 10.98s
Epoch: 41/150 Iter: 64/96 loss: 15.1122 acc: 0.2172 time 11.20s
Epoch: 41/150 Iter: 65/96 loss: 15.1842 acc: 0.2173 time 10.92s
Epoch: 41/150 Iter: 66/96 loss: 15.0808 acc: 0.2174 time 13.49s
Epoch: 41/150 Iter: 67/96 loss: 15.1116 acc: 0.2141 time 11.05s
Epoch: 41/150 Iter: 68/96 loss: 15.0528 acc: 0.2143 time 10.90s
Epoch: 41/150 Iter: 69/96 loss: 15.0508 acc: 0.2144 time 10.98s
Epoch: 41/150 Iter: 70/96 loss: 15.0008 acc: 0.2149 time 10.98s
Epoch: 41/150 Iter: 71/96 loss: 14.9449 acc: 0.2154 time 11.19s
Epoch: 41/150 Iter: 72/96 loss: 14.9692 acc: 0.2170 time 10.94s
Epoch: 41/150 Iter: 73/96 loss: 14.9710 acc: 0.2175 time 13.53s
Epoch: 41/150 Iter: 74/96 loss: 14.8631 acc: 0.2179 time 10.88s
Epoch: 41/150 Iter: 75/96 loss: 14.7955 acc: 0.2180 time 11.19s
Epoch: 41/150 Iter: 76/96 loss: 14.9541 acc: 0.2151 time 10.91s
Epoch: 41/150 Iter: 77/96 loss: 14.9827 acc: 0.2123 time 13.52s
Epoch: 41/150 Iter: 78/96 loss: 15.0067 acc: 0.2139 time 13.53s
Epoch: 41/150 Iter: 79/96 loss: 15.0821 acc: 0.2126 time 10.92s
Epoch: 41/150 Iter: 80/96 loss: 14.9938 acc: 0.2141 time 11.05s
Epoch: 41/150 Iter: 81/96 loss: 15.0092 acc: 0.2128 time 13.52s
Epoch: 41/150 Iter: 82/96 loss: 15.0479 acc: 0.2122 time 13.52s
Epoch: 41/150 Iter: 83/96 loss: 15.1564 acc: 0.2117 time 13.45s
Epoch: 41/150 Iter: 84/96 loss: 15.0395 acc: 0.2141 time 13.47s
Epoch: 41/150 Iter: 85/96 loss: 15.0713 acc: 0.2132 time 13.56s
Epoch: 41/150 Iter: 86/96 loss: 15.0785 acc: 0.2126 time 10.93s
Epoch: 41/150 Iter: 87/96 loss: 15.0325 acc: 0.2131 time 13.49s
Epoch: 41/150 Iter: 88/96 loss: 14.9682 acc: 0.2125 time 13.44s
Epoch: 41/150 Iter: 89/96 loss: 14.9173 acc: 0.2139 time 10.91s
Epoch: 41/150 Iter: 90/96 loss: 14.8870 acc: 0.2161 time 11.03s
Epoch: 41/150 Iter: 91/96 loss: 15.0318 acc: 0.2165 time 10.95s
Epoch: 41/150 Iter: 92/96 loss: 15.1575 acc: 0.2142 time 13.44s
Epoch: 41/150 Iter: 93/96 loss: 15.1413 acc: 0.2126 time 11.07s
Epoch: 41/150 Iter: 94/96 loss: 15.1152 acc: 0.2133 time 13.50s
Epoch: 41/150 Iter: 95/96 loss: 15.1842 acc: 0.2128 time 13.45s
Epoch: 41/150 Iter: 96/96 loss: 15.2850 acc: 0.2140 time 13.50s
[Train epoch 41] avg_loss=15.2850 avg_acc=0.2140 | per-class [c0: 0.459, c1: 0.067, c2: 0.143]
Final training 41/150, loss: 15.2850, time 1146.83s, lr: 0.000000
Accuracy: 0.293
class                  precision    recall   specificity      f1   support
--------------------------------------------------------------------------
0                          0.459     0.459         0.485   0.459       281
1                          0.012     0.067         0.692   0.020        30
2                          0.304     0.143         0.720   0.195       265
*----------------------------------------*
0 Sat Nov 29 03:08:32 2025 Epoch: 42
Epoch: 42/150 Iter: 1/96 loss: 20.0659 acc: 0.3333 time 17.09s
Epoch: 42/150 Iter: 2/96 loss: 12.8841 acc: 0.4167 time 11.11s
Epoch: 42/150 Iter: 3/96 loss: 12.7396 acc: 0.2778 time 13.49s
Epoch: 42/150 Iter: 4/96 loss: 12.3439 acc: 0.2292 time 10.97s
Epoch: 42/150 Iter: 5/96 loss: 13.9413 acc: 0.2500 time 13.54s
Epoch: 42/150 Iter: 6/96 loss: 12.1565 acc: 0.3333 time 10.90s
Epoch: 42/150 Iter: 7/96 loss: 11.8000 acc: 0.3214 time 13.52s
Epoch: 42/150 Iter: 8/96 loss: 11.0349 acc: 0.3368 time 11.17s
Epoch: 42/150 Iter: 9/96 loss: 12.9474 acc: 0.3179 time 13.48s
Epoch: 42/150 Iter: 10/96 loss: 13.8600 acc: 0.2861 time 10.92s
Epoch: 42/150 Iter: 11/96 loss: 13.5127 acc: 0.2955 time 11.09s
Epoch: 42/150 Iter: 12/96 loss: 13.6338 acc: 0.2894 time 10.93s
Epoch: 42/150 Iter: 13/96 loss: 13.4684 acc: 0.3056 time 10.94s
Epoch: 42/150 Iter: 14/96 loss: 13.0095 acc: 0.3194 time 11.08s
Epoch: 42/150 Iter: 15/96 loss: 12.9846 acc: 0.3259 time 10.89s
Epoch: 42/150 Iter: 16/96 loss: 13.2647 acc: 0.3264 time 11.22s
Epoch: 42/150 Iter: 17/96 loss: 13.3633 acc: 0.3268 time 13.55s
Epoch: 42/150 Iter: 18/96 loss: 13.3336 acc: 0.3272 time 11.21s
Epoch: 42/150 Iter: 19/96 loss: 13.2283 acc: 0.3216 time 11.20s
Epoch: 42/150 Iter: 20/96 loss: 12.7910 acc: 0.3139 time 10.96s
Epoch: 42/150 Iter: 21/96 loss: 13.1915 acc: 0.3069 time 13.49s
Epoch: 42/150 Iter: 22/96 loss: 13.0472 acc: 0.3043 time 11.18s
Epoch: 42/150 Iter: 23/96 loss: 13.4035 acc: 0.3007 time 13.52s
Epoch: 42/150 Iter: 24/96 loss: 13.5423 acc: 0.3021 time 13.53s
Epoch: 42/150 Iter: 25/96 loss: 13.8536 acc: 0.2900 time 10.91s
Epoch: 42/150 Iter: 26/96 loss: 13.8715 acc: 0.2821 time 10.90s
Epoch: 42/150 Iter: 27/96 loss: 14.2029 acc: 0.2747 time 13.54s
Epoch: 42/150 Iter: 28/96 loss: 14.2691 acc: 0.2679 time 11.11s
Epoch: 42/150 Iter: 29/96 loss: 14.7705 acc: 0.2644 time 11.22s
Epoch: 42/150 Iter: 30/96 loss: 14.4679 acc: 0.2722 time 11.19s
Epoch: 42/150 Iter: 31/96 loss: 14.5319 acc: 0.2706 time 13.53s
Epoch: 42/150 Iter: 32/96 loss: 14.7987 acc: 0.2674 time 11.07s
Epoch: 42/150 Iter: 33/96 loss: 14.6689 acc: 0.2660 time 11.01s
Epoch: 42/150 Iter: 34/96 loss: 14.7798 acc: 0.2582 time 10.95s
Epoch: 42/150 Iter: 35/96 loss: 14.9133 acc: 0.2508 time 10.99s
Epoch: 42/150 Iter: 36/96 loss: 14.8253 acc: 0.2500 time 11.00s
Epoch: 42/150 Iter: 37/96 loss: 14.8800 acc: 0.2432 time 11.01s
Epoch: 42/150 Iter: 38/96 loss: 15.2242 acc: 0.2456 time 11.13s
Epoch: 42/150 Iter: 39/96 loss: 15.0637 acc: 0.2513 time 13.47s
Epoch: 42/150 Iter: 40/96 loss: 14.7479 acc: 0.2631 time 10.92s
Epoch: 42/150 Iter: 41/96 loss: 14.5684 acc: 0.2688 time 10.94s
Epoch: 42/150 Iter: 42/96 loss: 14.5604 acc: 0.2656 time 11.09s
Epoch: 42/150 Iter: 43/96 loss: 14.8820 acc: 0.2610 time 10.97s
Epoch: 42/150 Iter: 44/96 loss: 14.8349 acc: 0.2626 time 13.49s
Epoch: 42/150 Iter: 45/96 loss: 14.9244 acc: 0.2642 time 13.50s
Epoch: 42/150 Iter: 46/96 loss: 14.7303 acc: 0.2657 time 10.91s
Epoch: 42/150 Iter: 47/96 loss: 14.9240 acc: 0.2629 time 13.55s
Epoch: 42/150 Iter: 48/96 loss: 14.8365 acc: 0.2620 time 11.09s
Epoch: 42/150 Iter: 49/96 loss: 14.7760 acc: 0.2624 time 13.53s
Epoch: 42/150 Iter: 50/96 loss: 14.8283 acc: 0.2649 time 10.95s
Epoch: 42/150 Iter: 51/96 loss: 14.9620 acc: 0.2641 time 10.91s
Epoch: 42/150 Iter: 52/96 loss: 14.9637 acc: 0.2632 time 10.97s
Epoch: 42/150 Iter: 53/96 loss: 14.7726 acc: 0.2683 time 11.08s
Epoch: 42/150 Iter: 54/96 loss: 14.7900 acc: 0.2654 time 13.52s
Epoch: 42/150 Iter: 55/96 loss: 14.8084 acc: 0.2687 time 11.25s
Epoch: 42/150 Iter: 56/96 loss: 14.7887 acc: 0.2684 time 11.08s
Epoch: 42/150 Iter: 57/96 loss: 14.6524 acc: 0.2680 time 11.09s
Epoch: 42/150 Iter: 58/96 loss: 14.6878 acc: 0.2692 time 11.13s
Epoch: 42/150 Iter: 59/96 loss: 14.5578 acc: 0.2688 time 11.09s
Epoch: 42/150 Iter: 60/96 loss: 14.7908 acc: 0.2662 time 11.12s
Epoch: 42/150 Iter: 61/96 loss: 14.5907 acc: 0.2741 time 10.91s
Epoch: 42/150 Iter: 62/96 loss: 14.7740 acc: 0.2742 time 13.55s
Epoch: 42/150 Iter: 63/96 loss: 14.7690 acc: 0.2734 time 10.93s
Epoch: 42/150 Iter: 64/96 loss: 14.7912 acc: 0.2691 time 13.48s
Epoch: 42/150 Iter: 65/96 loss: 14.6823 acc: 0.2701 time 11.11s
Epoch: 42/150 Iter: 66/96 loss: 14.6078 acc: 0.2736 time 10.90s
Epoch: 42/150 Iter: 67/96 loss: 14.5438 acc: 0.2745 time 13.51s
Epoch: 42/150 Iter: 68/96 loss: 14.5557 acc: 0.2737 time 11.11s
Epoch: 42/150 Iter: 69/96 loss: 14.5071 acc: 0.2746 time 11.19s
Epoch: 42/150 Iter: 70/96 loss: 14.4565 acc: 0.2754 time 11.04s
Epoch: 42/150 Iter: 71/96 loss: 14.5324 acc: 0.2746 time 11.07s
Epoch: 42/150 Iter: 72/96 loss: 14.6271 acc: 0.2743 time 11.04s
Epoch: 42/150 Iter: 73/96 loss: 14.5534 acc: 0.2744 time 10.96s
Epoch: 42/150 Iter: 74/96 loss: 14.7822 acc: 0.2706 time 11.24s
Epoch: 42/150 Iter: 75/96 loss: 14.6063 acc: 0.2781 time 13.49s
Epoch: 42/150 Iter: 76/96 loss: 14.6103 acc: 0.2767 time 13.56s
Epoch: 42/150 Iter: 77/96 loss: 14.5502 acc: 0.2774 time 10.92s
Epoch: 42/150 Iter: 78/96 loss: 14.5208 acc: 0.2792 time 11.01s
Epoch: 42/150 Iter: 79/96 loss: 14.3370 acc: 0.2883 time 13.47s
Epoch: 42/150 Iter: 80/96 loss: 14.3188 acc: 0.2858 time 10.93s
Epoch: 42/150 Iter: 81/96 loss: 14.3109 acc: 0.2853 time 13.51s
Epoch: 42/150 Iter: 82/96 loss: 14.5418 acc: 0.2818 time 13.47s
Epoch: 42/150 Iter: 83/96 loss: 14.5431 acc: 0.2805 time 11.05s
Epoch: 42/150 Iter: 84/96 loss: 14.5576 acc: 0.2791 time 10.96s
Epoch: 42/150 Iter: 85/96 loss: 14.4226 acc: 0.2832 time 13.39s
Epoch: 42/150 Iter: 86/96 loss: 14.4128 acc: 0.2828 time 10.95s
Epoch: 42/150 Iter: 87/96 loss: 14.3839 acc: 0.2805 time 10.95s
Epoch: 42/150 Iter: 88/96 loss: 14.3371 acc: 0.2781 time 10.95s
Epoch: 42/150 Iter: 89/96 loss: 14.3311 acc: 0.2774 time 10.88s
Epoch: 42/150 Iter: 90/96 loss: 14.2505 acc: 0.2785 time 10.94s
Epoch: 42/150 Iter: 91/96 loss: 14.2789 acc: 0.2769 time 13.42s
Epoch: 42/150 Iter: 92/96 loss: 14.2540 acc: 0.2781 time 13.45s
Epoch: 42/150 Iter: 93/96 loss: 14.2775 acc: 0.2751 time 13.43s
Epoch: 42/150 Iter: 94/96 loss: 14.2162 acc: 0.2740 time 10.82s
Epoch: 42/150 Iter: 95/96 loss: 14.3023 acc: 0.2737 time 13.44s
Epoch: 42/150 Iter: 96/96 loss: 14.4185 acc: 0.2709 time 11.02s
[Train epoch 42] avg_loss=14.4185 avg_acc=0.2709 | per-class [c0: 0.539, c1: 0.200, c2: 0.173]
Final training 42/150, loss: 14.4185, time 1136.29s, lr: 0.000000
Accuracy: 0.352
class                  precision    recall   specificity      f1   support
--------------------------------------------------------------------------
0                          0.517     0.539         0.524   0.528       280
1                          0.036     0.200         0.703   0.061        30
2                          0.397     0.173         0.774   0.241       266
*----------------------------------------*
Val 42/150 1/24, Acc: 0.1111, Loss: 16.7715, time 10.90s
Val 42/150 2/24, Acc: 0.2222, Loss: 13.5333, time 11.02s
Val 42/150 3/24, Acc: 0.2593, Loss: 11.3565, time 10.92s
Val 42/150 4/24, Acc: 0.2569, Loss: 12.1958, time 10.92s
Val 42/150 5/24, Acc: 0.2222, Loss: 11.5295, time 11.01s
Val 42/150 6/24, Acc: 0.1991, Loss: 11.6863, time 11.11s
Val 42/150 7/24, Acc: 0.1944, Loss: 11.9406, time 10.99s
Val 42/150 8/24, Acc: 0.1806, Loss: 11.7940, time 10.97s
Val 42/150 9/24, Acc: 0.1679, Loss: 11.1626, time 10.89s
Val 42/150 10/24, Acc: 0.1978, Loss: 10.8683, time 11.19s
Val 42/150 11/24, Acc: 0.2253, Loss: 10.8064, time 10.93s
Val 42/150 12/24, Acc: 0.2273, Loss: 10.6672, time 11.04s
Val 42/150 13/24, Acc: 0.2355, Loss: 10.4891, time 11.12s
Val 42/150 14/24, Acc: 0.2901, Loss: 9.7438, time 10.96s
Val 42/150 15/24, Acc: 0.3263, Loss: 9.1822, time 10.98s
Val 42/150 16/24, Acc: 0.3184, Loss: 9.0551, time 10.94s
Val 42/150 17/24, Acc: 0.3095, Loss: 9.4708, time 11.07s
Val 42/150 18/24, Acc: 0.3015, Loss: 9.3524, time 10.97s
Val 42/150 19/24, Acc: 0.3330, Loss: 8.8916, time 11.00s
Val 42/150 20/24, Acc: 0.3331, Loss: 8.6493, time 11.08s
Val 42/150 21/24, Acc: 0.3331, Loss: 8.8733, time 11.06s
Val 42/150 22/24, Acc: 0.3230, Loss: 9.2944, time 11.22s
Val 42/150 23/24, Acc: 0.3331, Loss: 9.0427, time 10.87s
Val 42/150 24/24, Acc: 0.3192, Loss: 9.4725, time 10.89s
[Val epoch 42] avg_acc=0.3192 | avg_loss=9.4725 | per-class [c0: 0.486, c1: 0.500, c2: 0.258]
Final validation 42/150, Val_acc: 0.3192, time 264.07sAccuracy: 0.382
class                  precision    recall   specificity      f1   support
--------------------------------------------------------------------------
0                          0.479     0.486         0.500   0.482        70
1                          0.111     0.500         0.765   0.182         8
2                          0.459     0.258         0.744   0.330        66
*========================================*
Saving checkpoint outputs/OrganoidsINRIA/swinunetr+noah/2025-11-28-12-24/training/model_final.pt
[EarlyStopping] no improve (20/30)
[EarlyStopping] no improve (20/30)
0 Sat Nov 29 03:31:58 2025 Epoch: 43
Epoch: 43/150 Iter: 1/96 loss: 7.5366 acc: 0.3333 time 13.14s
Epoch: 43/150 Iter: 2/96 loss: 9.2060 acc: 0.2778 time 13.50s
Epoch: 43/150 Iter: 3/96 loss: 11.6906 acc: 0.2296 time 13.48s
Epoch: 43/150 Iter: 4/96 loss: 12.5895 acc: 0.2139 time 13.48s
Epoch: 43/150 Iter: 5/96 loss: 10.9749 acc: 0.2378 time 13.51s
Epoch: 43/150 Iter: 6/96 loss: 11.7876 acc: 0.2259 time 10.90s
Epoch: 43/150 Iter: 7/96 loss: 12.6214 acc: 0.2254 time 13.54s
Epoch: 43/150 Iter: 8/96 loss: 12.5926 acc: 0.2250 time 13.47s
Epoch: 43/150 Iter: 9/96 loss: 13.5127 acc: 0.2093 time 13.47s
Epoch: 43/150 Iter: 10/96 loss: 12.3750 acc: 0.2383 time 11.10s
Epoch: 43/150 Iter: 11/96 loss: 12.0666 acc: 0.2318 time 10.93s
Epoch: 43/150 Iter: 12/96 loss: 11.8236 acc: 0.2542 time 13.46s
Epoch: 43/150 Iter: 13/96 loss: 12.3600 acc: 0.2474 time 13.45s
Epoch: 43/150 Iter: 14/96 loss: 12.1191 acc: 0.2476 time 13.49s
Epoch: 43/150 Iter: 15/96 loss: 12.1377 acc: 0.2385 time 11.18s
Epoch: 43/150 Iter: 16/96 loss: 12.3936 acc: 0.2375 time 13.56s
Epoch: 43/150 Iter: 17/96 loss: 12.8068 acc: 0.2314 time 13.54s
Epoch: 43/150 Iter: 18/96 loss: 12.7713 acc: 0.2278 time 11.22s
Epoch: 43/150 Iter: 19/96 loss: 13.2088 acc: 0.2275 time 11.21s
Epoch: 43/150 Iter: 20/96 loss: 12.9697 acc: 0.2474 time 11.06s
Epoch: 43/150 Iter: 21/96 loss: 13.3675 acc: 0.2409 time 11.06s
Epoch: 43/150 Iter: 22/96 loss: 12.9791 acc: 0.2653 time 13.53s
Epoch: 43/150 Iter: 23/96 loss: 12.6681 acc: 0.2755 time 11.09s
Epoch: 43/150 Iter: 24/96 loss: 12.7621 acc: 0.2709 time 13.50s
Epoch: 43/150 Iter: 25/96 loss: 13.0574 acc: 0.2701 time 10.91s
Epoch: 43/150 Iter: 26/96 loss: 12.9902 acc: 0.2725 time 13.50s
Epoch: 43/150 Iter: 27/96 loss: 13.3601 acc: 0.2707 time 10.94s
Epoch: 43/150 Iter: 28/96 loss: 13.4412 acc: 0.2729 time 13.52s
Epoch: 43/150 Iter: 29/96 loss: 13.3045 acc: 0.2807 time 13.46s
Epoch: 43/150 Iter: 30/96 loss: 13.3533 acc: 0.2825 time 10.92s
Epoch: 43/150 Iter: 31/96 loss: 13.7230 acc: 0.2823 time 11.18s
Epoch: 43/150 Iter: 32/96 loss: 14.0877 acc: 0.2787 time 10.95s
Epoch: 43/150 Iter: 33/96 loss: 14.3566 acc: 0.2804 time 13.50s
Epoch: 43/150 Iter: 34/96 loss: 14.5099 acc: 0.2746 time 11.20s
Epoch: 43/150 Iter: 35/96 loss: 14.7308 acc: 0.2763 time 11.16s
Epoch: 43/150 Iter: 36/96 loss: 14.5295 acc: 0.2779 time 11.26s
Epoch: 43/150 Iter: 37/96 loss: 14.4764 acc: 0.2771 time 11.12s
Epoch: 43/150 Iter: 38/96 loss: 14.9825 acc: 0.2698 time 13.56s
Epoch: 43/150 Iter: 39/96 loss: 15.2682 acc: 0.2672 time 13.46s
Epoch: 43/150 Iter: 40/96 loss: 15.3199 acc: 0.2605 time 11.20s
Epoch: 43/150 Iter: 41/96 loss: 15.4536 acc: 0.2568 time 10.98s
Epoch: 43/150 Iter: 42/96 loss: 15.4474 acc: 0.2547 time 11.06s
Epoch: 43/150 Iter: 43/96 loss: 15.7190 acc: 0.2514 time 10.94s
Epoch: 43/150 Iter: 44/96 loss: 15.3919 acc: 0.2665 time 11.23s
Epoch: 43/150 Iter: 45/96 loss: 15.4908 acc: 0.2661 time 11.25s
Epoch: 43/150 Iter: 46/96 loss: 15.3801 acc: 0.2712 time 10.91s
Epoch: 43/150 Iter: 47/96 loss: 15.2914 acc: 0.2690 time 13.55s
Epoch: 43/150 Iter: 48/96 loss: 15.3152 acc: 0.2668 time 11.08s
Epoch: 43/150 Iter: 49/96 loss: 15.4215 acc: 0.2659 time 10.93s
Epoch: 43/150 Iter: 50/96 loss: 15.3073 acc: 0.2651 time 13.54s
Epoch: 43/150 Iter: 51/96 loss: 15.4511 acc: 0.2664 time 13.54s
Epoch: 43/150 Iter: 52/96 loss: 15.1840 acc: 0.2752 time 10.98s
Epoch: 43/150 Iter: 53/96 loss: 15.1002 acc: 0.2731 time 11.25s
Epoch: 43/150 Iter: 54/96 loss: 15.0630 acc: 0.2681 time 13.49s
Epoch: 43/150 Iter: 55/96 loss: 15.1904 acc: 0.2652 time 11.12s
Epoch: 43/150 Iter: 56/96 loss: 15.0085 acc: 0.2684 time 13.55s
Epoch: 43/150 Iter: 57/96 loss: 14.9189 acc: 0.2760 time 11.07s
Epoch: 43/150 Iter: 58/96 loss: 14.7300 acc: 0.2808 time 13.56s
Epoch: 43/150 Iter: 59/96 loss: 14.5619 acc: 0.2803 time 11.04s
Epoch: 43/150 Iter: 60/96 loss: 14.5645 acc: 0.2812 time 11.17s
Epoch: 43/150 Iter: 61/96 loss: 14.5709 acc: 0.2802 time 10.94s
Epoch: 43/150 Iter: 62/96 loss: 14.5698 acc: 0.2784 time 13.53s
Epoch: 43/150 Iter: 63/96 loss: 14.6517 acc: 0.2757 time 11.21s
Epoch: 43/150 Iter: 64/96 loss: 14.6449 acc: 0.2766 time 10.92s
Epoch: 43/150 Iter: 65/96 loss: 14.7671 acc: 0.2736 time 13.50s
Epoch: 43/150 Iter: 66/96 loss: 14.6591 acc: 0.2771 time 13.54s
Epoch: 43/150 Iter: 67/96 loss: 14.6762 acc: 0.2749 time 11.07s
Epoch: 43/150 Iter: 68/96 loss: 14.7619 acc: 0.2709 time 11.08s
Epoch: 43/150 Iter: 69/96 loss: 14.7521 acc: 0.2686 time 11.14s
Epoch: 43/150 Iter: 70/96 loss: 15.0158 acc: 0.2647 time 11.18s
Epoch: 43/150 Iter: 71/96 loss: 15.0880 acc: 0.2645 time 11.07s
Epoch: 43/150 Iter: 72/96 loss: 15.1529 acc: 0.2632 time 10.99s
Epoch: 43/150 Iter: 73/96 loss: 15.1113 acc: 0.2664 time 13.47s
Epoch: 43/150 Iter: 74/96 loss: 15.2591 acc: 0.2646 time 13.54s
Epoch: 43/150 Iter: 75/96 loss: 15.2525 acc: 0.2637 time 11.20s
Epoch: 43/150 Iter: 76/96 loss: 15.1230 acc: 0.2647 time 10.98s
Epoch: 43/150 Iter: 77/96 loss: 15.0277 acc: 0.2638 time 13.48s
Epoch: 43/150 Iter: 78/96 loss: 14.9976 acc: 0.2636 time 13.51s
Epoch: 43/150 Iter: 79/96 loss: 15.0875 acc: 0.2654 time 10.90s
Epoch: 43/150 Iter: 80/96 loss: 15.0878 acc: 0.2683 time 13.56s
Epoch: 43/150 Iter: 81/96 loss: 15.0469 acc: 0.2660 time 13.40s
Epoch: 43/150 Iter: 82/96 loss: 15.1384 acc: 0.2648 time 10.94s
Epoch: 43/150 Iter: 83/96 loss: 15.0731 acc: 0.2626 time 10.88s
Epoch: 43/150 Iter: 84/96 loss: 15.0798 acc: 0.2605 time 10.87s
Epoch: 43/150 Iter: 85/96 loss: 15.0211 acc: 0.2640 time 13.45s
Epoch: 43/150 Iter: 86/96 loss: 14.9390 acc: 0.2663 time 10.88s
Epoch: 43/150 Iter: 87/96 loss: 15.0868 acc: 0.2652 time 10.85s
Epoch: 43/150 Iter: 88/96 loss: 15.0241 acc: 0.2659 time 10.93s
Epoch: 43/150 Iter: 89/96 loss: 15.0424 acc: 0.2648 time 10.93s
Epoch: 43/150 Iter: 90/96 loss: 14.9628 acc: 0.2665 time 10.94s
Epoch: 43/150 Iter: 91/96 loss: 14.9826 acc: 0.2663 time 13.41s
Epoch: 43/150 Iter: 92/96 loss: 15.1857 acc: 0.2659 time 10.95s
Epoch: 43/150 Iter: 93/96 loss: 15.1881 acc: 0.2657 time 10.88s
Epoch: 43/150 Iter: 94/96 loss: 15.2306 acc: 0.2640 time 10.91s
Epoch: 43/150 Iter: 95/96 loss: 15.1785 acc: 0.2630 time 13.49s
Epoch: 43/150 Iter: 96/96 loss: 15.1270 acc: 0.2644 time 13.44s
[Train epoch 43] avg_loss=15.1270 avg_acc=0.2644 | per-class [c0: 0.493, c1: 0.233, c2: 0.199]
Final training 43/150, loss: 15.1270, time 1158.00s, lr: 0.000000
Accuracy: 0.344
class                  precision    recall   specificity      f1   support
--------------------------------------------------------------------------
0                          0.478     0.493         0.490   0.485       280
1                          0.044     0.233         0.722   0.074        30
2                          0.414     0.199         0.758   0.269       266
*----------------------------------------*
0 Sat Nov 29 03:51:16 2025 Epoch: 44
Epoch: 44/150 Iter: 1/96 loss: 27.2318 acc: 0.1667 time 14.28s
Epoch: 44/150 Iter: 2/96 loss: 31.5511 acc: 0.0833 time 11.09s
Epoch: 44/150 Iter: 3/96 loss: 28.4195 acc: 0.0833 time 13.59s
Epoch: 44/150 Iter: 4/96 loss: 25.7806 acc: 0.1736 time 13.47s
Epoch: 44/150 Iter: 5/96 loss: 21.2307 acc: 0.2833 time 11.11s
Epoch: 44/150 Iter: 6/96 loss: 22.0261 acc: 0.3009 time 13.46s
Epoch: 44/150 Iter: 7/96 loss: 20.8137 acc: 0.2817 time 13.45s
Epoch: 44/150 Iter: 8/96 loss: 19.2983 acc: 0.2743 time 11.05s
Epoch: 44/150 Iter: 9/96 loss: 18.9264 acc: 0.2623 time 13.57s
Epoch: 44/150 Iter: 10/96 loss: 17.8600 acc: 0.2611 time 11.05s
Epoch: 44/150 Iter: 11/96 loss: 18.0747 acc: 0.2374 time 13.56s
Epoch: 44/150 Iter: 12/96 loss: 17.2912 acc: 0.2454 time 10.89s
Epoch: 44/150 Iter: 13/96 loss: 16.8149 acc: 0.2585 time 13.55s
Epoch: 44/150 Iter: 14/96 loss: 16.9168 acc: 0.2718 time 13.57s
Epoch: 44/150 Iter: 15/96 loss: 16.4170 acc: 0.2704 time 11.21s
Epoch: 44/150 Iter: 16/96 loss: 16.1950 acc: 0.2639 time 11.11s
Epoch: 44/150 Iter: 17/96 loss: 16.3715 acc: 0.2484 time 11.20s
Epoch: 44/150 Iter: 18/96 loss: 16.0159 acc: 0.2457 time 13.48s
Epoch: 44/150 Iter: 19/96 loss: 16.5099 acc: 0.2415 time 10.95s
Epoch: 44/150 Iter: 20/96 loss: 16.5218 acc: 0.2328 time 10.96s
Epoch: 44/150 Iter: 21/96 loss: 16.1725 acc: 0.2323 time 10.96s
Epoch: 44/150 Iter: 22/96 loss: 15.9606 acc: 0.2394 time 13.57s
Epoch: 44/150 Iter: 23/96 loss: 15.9202 acc: 0.2338 time 10.99s
Epoch: 44/150 Iter: 24/96 loss: 15.7361 acc: 0.2296 time 10.96s
Epoch: 44/150 Iter: 25/96 loss: 15.6538 acc: 0.2249 time 10.91s
Epoch: 44/150 Iter: 26/96 loss: 15.6837 acc: 0.2205 time 11.09s
Epoch: 44/150 Iter: 27/96 loss: 16.3655 acc: 0.2123 time 11.13s
Epoch: 44/150 Iter: 28/96 loss: 15.8461 acc: 0.2256 time 11.06s
Epoch: 44/150 Iter: 29/96 loss: 16.0290 acc: 0.2178 time 11.25s
Epoch: 44/150 Iter: 30/96 loss: 16.0934 acc: 0.2143 time 10.96s
Epoch: 44/150 Iter: 31/96 loss: 15.9086 acc: 0.2109 time 11.12s
Epoch: 44/150 Iter: 32/96 loss: 16.0507 acc: 0.2130 time 13.53s
Epoch: 44/150 Iter: 33/96 loss: 16.2336 acc: 0.2086 time 13.53s
Epoch: 44/150 Iter: 34/96 loss: 16.3448 acc: 0.2074 time 13.51s
Epoch: 44/150 Iter: 35/96 loss: 16.0025 acc: 0.2110 time 13.55s
Epoch: 44/150 Iter: 36/96 loss: 15.7407 acc: 0.2144 time 11.05s
Epoch: 44/150 Iter: 37/96 loss: 15.9956 acc: 0.2198 time 10.92s
Epoch: 44/150 Iter: 38/96 loss: 15.7688 acc: 0.2211 time 11.07s
Epoch: 44/150 Iter: 39/96 loss: 15.6764 acc: 0.2239 time 11.10s
Epoch: 44/150 Iter: 40/96 loss: 15.6093 acc: 0.2239 time 11.22s
Epoch: 44/150 Iter: 41/96 loss: 15.5754 acc: 0.2225 time 11.23s
Epoch: 44/150 Iter: 42/96 loss: 15.6887 acc: 0.2225 time 10.99s
Epoch: 44/150 Iter: 43/96 loss: 15.6883 acc: 0.2251 time 10.94s
Epoch: 44/150 Iter: 44/96 loss: 15.6613 acc: 0.2256 time 10.98s
Epoch: 44/150 Iter: 45/96 loss: 15.6682 acc: 0.2231 time 11.18s
Epoch: 44/150 Iter: 46/96 loss: 15.6904 acc: 0.2237 time 11.10s
Epoch: 44/150 Iter: 47/96 loss: 15.7633 acc: 0.2260 time 13.60s
Epoch: 44/150 Iter: 48/96 loss: 15.7389 acc: 0.2271 time 11.13s
Epoch: 44/150 Iter: 49/96 loss: 15.7417 acc: 0.2293 time 10.96s
Epoch: 44/150 Iter: 50/96 loss: 15.9728 acc: 0.2247 time 13.50s
Epoch: 44/150 Iter: 51/96 loss: 15.9424 acc: 0.2224 time 10.94s
Epoch: 44/150 Iter: 52/96 loss: 15.7460 acc: 0.2230 time 13.56s
Epoch: 44/150 Iter: 53/96 loss: 15.6361 acc: 0.2219 time 13.50s
Epoch: 44/150 Iter: 54/96 loss: 15.6017 acc: 0.2317 time 11.07s
Epoch: 44/150 Iter: 55/96 loss: 15.4062 acc: 0.2372 time 11.19s
Epoch: 44/150 Iter: 56/96 loss: 15.3222 acc: 0.2389 time 13.53s
Epoch: 44/150 Iter: 57/96 loss: 15.4901 acc: 0.2366 time 13.53s
Epoch: 44/150 Iter: 58/96 loss: 15.3722 acc: 0.2340 time 10.95s
Epoch: 44/150 Iter: 59/96 loss: 15.7373 acc: 0.2300 time 13.48s
Epoch: 44/150 Iter: 60/96 loss: 15.7282 acc: 0.2273 time 11.00s
Epoch: 44/150 Iter: 61/96 loss: 15.8932 acc: 0.2236 time 13.50s
Epoch: 44/150 Iter: 62/96 loss: 15.7719 acc: 0.2280 time 13.53s
Epoch: 44/150 Iter: 63/96 loss: 15.5216 acc: 0.2403 time 10.90s
Epoch: 44/150 Iter: 64/96 loss: 15.4961 acc: 0.2400 time 13.51s
Epoch: 44/150 Iter: 65/96 loss: 15.5501 acc: 0.2389 time 10.93s
Epoch: 44/150 Iter: 66/96 loss: 15.5477 acc: 0.2386 time 10.96s
Epoch: 44/150 Iter: 67/96 loss: 15.5042 acc: 0.2363 time 11.05s
Epoch: 44/150 Iter: 68/96 loss: 15.3712 acc: 0.2353 time 11.06s
Epoch: 44/150 Iter: 69/96 loss: 15.4234 acc: 0.2331 time 13.50s
Epoch: 44/150 Iter: 70/96 loss: 15.3522 acc: 0.2361 time 10.97s
Epoch: 44/150 Iter: 71/96 loss: 15.3875 acc: 0.2363 time 13.48s
Epoch: 44/150 Iter: 72/96 loss: 15.4842 acc: 0.2346 time 10.94s
Epoch: 44/150 Iter: 73/96 loss: 15.5248 acc: 0.2331 time 11.19s
Epoch: 44/150 Iter: 74/96 loss: 15.4867 acc: 0.2344 time 13.57s
Epoch: 44/150 Iter: 75/96 loss: 15.5321 acc: 0.2346 time 13.50s
Epoch: 44/150 Iter: 76/96 loss: 15.3547 acc: 0.2394 time 10.91s
Epoch: 44/150 Iter: 77/96 loss: 15.3983 acc: 0.2417 time 11.12s
Epoch: 44/150 Iter: 78/96 loss: 15.4281 acc: 0.2415 time 11.07s
Epoch: 44/150 Iter: 79/96 loss: 15.4834 acc: 0.2416 time 11.23s
Epoch: 44/150 Iter: 80/96 loss: 15.4851 acc: 0.2407 time 11.21s
Epoch: 44/150 Iter: 81/96 loss: 15.6696 acc: 0.2377 time 10.86s
Epoch: 44/150 Iter: 82/96 loss: 15.6443 acc: 0.2372 time 13.41s
Epoch: 44/150 Iter: 83/96 loss: 15.4964 acc: 0.2431 time 10.84s
Epoch: 44/150 Iter: 84/96 loss: 15.3987 acc: 0.2428 time 10.94s
Epoch: 44/150 Iter: 85/96 loss: 15.3250 acc: 0.2419 time 10.94s
Epoch: 44/150 Iter: 86/96 loss: 15.3044 acc: 0.2456 time 10.94s
Epoch: 44/150 Iter: 87/96 loss: 15.2612 acc: 0.2443 time 10.95s
Epoch: 44/150 Iter: 88/96 loss: 15.1514 acc: 0.2453 time 10.92s
Epoch: 44/150 Iter: 89/96 loss: 15.3046 acc: 0.2433 time 10.96s
Epoch: 44/150 Iter: 90/96 loss: 15.3829 acc: 0.2415 time 10.93s
Epoch: 44/150 Iter: 91/96 loss: 15.3551 acc: 0.2416 time 11.05s
Epoch: 44/150 Iter: 92/96 loss: 15.6905 acc: 0.2397 time 11.12s
Epoch: 44/150 Iter: 93/96 loss: 15.6500 acc: 0.2395 time 10.91s
Epoch: 44/150 Iter: 94/96 loss: 15.6491 acc: 0.2393 time 10.94s
Epoch: 44/150 Iter: 95/96 loss: 15.7356 acc: 0.2368 time 13.41s
Epoch: 44/150 Iter: 96/96 loss: 15.6683 acc: 0.2396 time 10.87s
[Train epoch 44] avg_loss=15.6683 avg_acc=0.2396 | per-class [c0: 0.429, c1: 0.167, c2: 0.237]
Final training 44/150, loss: 15.6683, time 1136.65s, lr: 0.000000
Accuracy: 0.326
class                  precision    recall   specificity      f1   support
--------------------------------------------------------------------------
0                          0.476     0.429         0.554   0.451       280
1                          0.027     0.167         0.676   0.047        30
2                          0.444     0.237         0.745   0.309       266
*----------------------------------------*
Val 44/150 1/24, Acc: 0.1111, Loss: 16.7715, time 11.00s
Val 44/150 2/24, Acc: 0.2222, Loss: 13.5333, time 10.97s
Val 44/150 3/24, Acc: 0.2593, Loss: 11.3565, time 11.01s
Val 44/150 4/24, Acc: 0.2569, Loss: 12.1958, time 10.92s
Val 44/150 5/24, Acc: 0.2222, Loss: 11.5295, time 11.00s
Val 44/150 6/24, Acc: 0.1991, Loss: 11.6863, time 11.07s
Val 44/150 7/24, Acc: 0.1944, Loss: 11.9406, time 10.96s
Val 44/150 8/24, Acc: 0.1806, Loss: 11.7940, time 10.99s
Val 44/150 9/24, Acc: 0.1679, Loss: 11.1626, time 10.89s
Val 44/150 10/24, Acc: 0.1978, Loss: 10.8683, time 11.19s
Val 44/150 11/24, Acc: 0.2253, Loss: 10.8064, time 10.88s
Val 44/150 12/24, Acc: 0.2273, Loss: 10.6672, time 11.00s
Val 44/150 13/24, Acc: 0.2355, Loss: 10.4891, time 11.06s
Val 44/150 14/24, Acc: 0.2901, Loss: 9.7438, time 11.01s
Val 44/150 15/24, Acc: 0.3263, Loss: 9.1822, time 10.94s
Val 44/150 16/24, Acc: 0.3184, Loss: 9.0551, time 10.93s
Val 44/150 17/24, Acc: 0.3095, Loss: 9.4708, time 11.14s
Val 44/150 18/24, Acc: 0.3015, Loss: 9.3524, time 10.97s
Val 44/150 19/24, Acc: 0.3330, Loss: 8.8916, time 10.99s
Val 44/150 20/24, Acc: 0.3331, Loss: 8.6493, time 11.11s
Val 44/150 21/24, Acc: 0.3331, Loss: 8.8733, time 11.00s
Val 44/150 22/24, Acc: 0.3230, Loss: 9.2944, time 11.26s
Val 44/150 23/24, Acc: 0.3331, Loss: 9.0427, time 10.98s
Val 44/150 24/24, Acc: 0.3192, Loss: 9.4725, time 10.99s
[Val epoch 44] avg_acc=0.3192 | avg_loss=9.4725 | per-class [c0: 0.486, c1: 0.500, c2: 0.258]
Final validation 44/150, Val_acc: 0.3192, time 264.27sAccuracy: 0.382
class                  precision    recall   specificity      f1   support
--------------------------------------------------------------------------
0                          0.479     0.486         0.500   0.482        70
1                          0.111     0.500         0.765   0.182         8
2                          0.459     0.258         0.744   0.330        66
*========================================*
Saving checkpoint outputs/OrganoidsINRIA/swinunetr+noah/2025-11-28-12-24/training/model_final.pt
[EarlyStopping] no improve (21/30)
[EarlyStopping] no improve (21/30)
0 Sat Nov 29 04:14:41 2025 Epoch: 45
Epoch: 45/150 Iter: 1/96 loss: 25.0503 acc: 0.4000 time 15.84s
Epoch: 45/150 Iter: 2/96 loss: 24.3991 acc: 0.2556 time 13.51s
Epoch: 45/150 Iter: 3/96 loss: 21.5545 acc: 0.3704 time 13.50s
Epoch: 45/150 Iter: 4/96 loss: 18.9315 acc: 0.3056 time 13.53s
Epoch: 45/150 Iter: 5/96 loss: 18.1875 acc: 0.2889 time 11.20s
Epoch: 45/150 Iter: 6/96 loss: 18.8810 acc: 0.2407 time 11.21s
Epoch: 45/150 Iter: 7/96 loss: 17.1796 acc: 0.2540 time 10.90s
Epoch: 45/150 Iter: 8/96 loss: 16.1611 acc: 0.2639 time 11.10s
Epoch: 45/150 Iter: 9/96 loss: 15.2601 acc: 0.2623 time 13.51s
Epoch: 45/150 Iter: 10/96 loss: 16.1135 acc: 0.2528 time 11.07s
Epoch: 45/150 Iter: 11/96 loss: 15.7768 acc: 0.2677 time 13.53s
Epoch: 45/150 Iter: 12/96 loss: 17.4341 acc: 0.2523 time 13.47s
Epoch: 45/150 Iter: 13/96 loss: 16.6374 acc: 0.2500 time 10.91s
Epoch: 45/150 Iter: 14/96 loss: 15.9779 acc: 0.2589 time 10.95s
Epoch: 45/150 Iter: 15/96 loss: 15.3079 acc: 0.2491 time 11.04s
Epoch: 45/150 Iter: 16/96 loss: 16.0817 acc: 0.2335 time 13.53s
Epoch: 45/150 Iter: 17/96 loss: 15.7802 acc: 0.2492 time 11.07s
Epoch: 45/150 Iter: 18/96 loss: 15.8577 acc: 0.2539 time 13.50s
Epoch: 45/150 Iter: 19/96 loss: 15.3821 acc: 0.2602 time 13.52s
Epoch: 45/150 Iter: 20/96 loss: 15.4392 acc: 0.2528 time 13.47s
Epoch: 45/150 Iter: 21/96 loss: 15.4584 acc: 0.2460 time 10.92s
Epoch: 45/150 Iter: 22/96 loss: 14.8739 acc: 0.2626 time 13.48s
Epoch: 45/150 Iter: 23/96 loss: 14.9073 acc: 0.2729 time 10.87s
Epoch: 45/150 Iter: 24/96 loss: 15.0909 acc: 0.2708 time 13.61s
Epoch: 45/150 Iter: 25/96 loss: 14.5815 acc: 0.2700 time 11.20s
Epoch: 45/150 Iter: 26/96 loss: 14.2964 acc: 0.2788 time 13.48s
Epoch: 45/150 Iter: 27/96 loss: 14.2937 acc: 0.2809 time 11.18s
Epoch: 45/150 Iter: 28/96 loss: 14.1985 acc: 0.2732 time 11.20s
Epoch: 45/150 Iter: 29/96 loss: 13.8856 acc: 0.2715 time 11.20s
Epoch: 45/150 Iter: 30/96 loss: 14.0629 acc: 0.2757 time 11.08s
Epoch: 45/150 Iter: 31/96 loss: 13.9526 acc: 0.2830 time 11.10s
Epoch: 45/150 Iter: 32/96 loss: 14.0392 acc: 0.2811 time 11.16s
Epoch: 45/150 Iter: 33/96 loss: 13.8696 acc: 0.2816 time 13.53s
Epoch: 45/150 Iter: 34/96 loss: 14.2225 acc: 0.2734 time 10.94s
Epoch: 45/150 Iter: 35/96 loss: 14.0829 acc: 0.2656 time 11.21s
Epoch: 45/150 Iter: 36/96 loss: 14.1176 acc: 0.2644 time 10.92s
Epoch: 45/150 Iter: 37/96 loss: 14.1628 acc: 0.2617 time 11.07s
Epoch: 45/150 Iter: 38/96 loss: 13.9846 acc: 0.2713 time 13.50s
Epoch: 45/150 Iter: 39/96 loss: 13.9311 acc: 0.2660 time 13.47s
Epoch: 45/150 Iter: 40/96 loss: 13.9066 acc: 0.2649 time 11.19s
Epoch: 45/150 Iter: 41/96 loss: 14.0664 acc: 0.2601 time 10.91s
Epoch: 45/150 Iter: 42/96 loss: 14.1568 acc: 0.2539 time 11.11s
Epoch: 45/150 Iter: 43/96 loss: 14.0177 acc: 0.2557 time 10.91s
Epoch: 45/150 Iter: 44/96 loss: 14.0613 acc: 0.2575 time 13.47s
Epoch: 45/150 Iter: 45/96 loss: 14.0715 acc: 0.2533 time 11.14s
Epoch: 45/150 Iter: 46/96 loss: 14.0232 acc: 0.2502 time 11.09s
Epoch: 45/150 Iter: 47/96 loss: 14.2053 acc: 0.2496 time 10.98s
Epoch: 45/150 Iter: 48/96 loss: 14.1890 acc: 0.2502 time 11.18s
Epoch: 45/150 Iter: 49/96 loss: 14.1655 acc: 0.2496 time 13.53s
Epoch: 45/150 Iter: 50/96 loss: 14.1594 acc: 0.2479 time 10.97s
Epoch: 45/150 Iter: 51/96 loss: 14.1305 acc: 0.2431 time 10.98s
Epoch: 45/150 Iter: 52/96 loss: 14.0132 acc: 0.2538 time 10.95s
Epoch: 45/150 Iter: 53/96 loss: 13.9078 acc: 0.2591 time 10.93s
Epoch: 45/150 Iter: 54/96 loss: 13.8546 acc: 0.2625 time 13.51s
Epoch: 45/150 Iter: 55/96 loss: 13.7324 acc: 0.2653 time 13.60s
Epoch: 45/150 Iter: 56/96 loss: 13.6026 acc: 0.2665 time 11.08s
Epoch: 45/150 Iter: 57/96 loss: 13.7417 acc: 0.2657 time 13.51s
Epoch: 45/150 Iter: 58/96 loss: 13.6906 acc: 0.2631 time 11.18s
Epoch: 45/150 Iter: 59/96 loss: 13.8202 acc: 0.2586 time 11.13s
Epoch: 45/150 Iter: 60/96 loss: 13.8947 acc: 0.2543 time 13.55s
Epoch: 45/150 Iter: 61/96 loss: 13.7922 acc: 0.2556 time 13.51s
Epoch: 45/150 Iter: 62/96 loss: 13.7441 acc: 0.2569 time 11.08s
Epoch: 45/150 Iter: 63/96 loss: 13.6356 acc: 0.2554 time 13.48s
Epoch: 45/150 Iter: 64/96 loss: 13.5863 acc: 0.2592 time 10.91s
Epoch: 45/150 Iter: 65/96 loss: 13.5362 acc: 0.2591 time 11.08s
Epoch: 45/150 Iter: 66/96 loss: 13.6178 acc: 0.2577 time 11.09s
Epoch: 45/150 Iter: 67/96 loss: 13.4497 acc: 0.2655 time 11.21s
Epoch: 45/150 Iter: 68/96 loss: 13.4073 acc: 0.2648 time 10.91s
Epoch: 45/150 Iter: 69/96 loss: 13.3949 acc: 0.2678 time 13.50s
Epoch: 45/150 Iter: 70/96 loss: 13.3418 acc: 0.2675 time 11.13s
Epoch: 45/150 Iter: 71/96 loss: 13.4118 acc: 0.2673 time 10.93s
Epoch: 45/150 Iter: 72/96 loss: 13.3804 acc: 0.2651 time 13.54s
Epoch: 45/150 Iter: 73/96 loss: 13.4297 acc: 0.2626 time 10.89s
Epoch: 45/150 Iter: 74/96 loss: 13.3277 acc: 0.2636 time 13.48s
Epoch: 45/150 Iter: 75/96 loss: 13.2776 acc: 0.2615 time 11.07s
Epoch: 45/150 Iter: 76/96 loss: 13.4700 acc: 0.2658 time 11.10s
Epoch: 45/150 Iter: 77/96 loss: 13.4775 acc: 0.2637 time 11.20s
Epoch: 45/150 Iter: 78/96 loss: 13.4596 acc: 0.2629 time 10.93s
Epoch: 45/150 Iter: 79/96 loss: 13.5633 acc: 0.2610 time 11.08s
Epoch: 45/150 Iter: 80/96 loss: 13.4543 acc: 0.2654 time 13.59s
Epoch: 45/150 Iter: 81/96 loss: 13.4085 acc: 0.2676 time 11.00s
Epoch: 45/150 Iter: 82/96 loss: 13.4999 acc: 0.2684 time 10.98s
Epoch: 45/150 Iter: 83/96 loss: 13.4619 acc: 0.2672 time 10.85s
Epoch: 45/150 Iter: 84/96 loss: 13.5299 acc: 0.2666 time 10.88s
Epoch: 45/150 Iter: 85/96 loss: 13.5426 acc: 0.2655 time 10.83s
Epoch: 45/150 Iter: 86/96 loss: 13.4541 acc: 0.2662 time 10.87s
Epoch: 45/150 Iter: 87/96 loss: 13.4646 acc: 0.2661 time 11.07s
Epoch: 45/150 Iter: 88/96 loss: 13.3433 acc: 0.2700 time 11.09s
Epoch: 45/150 Iter: 89/96 loss: 13.2956 acc: 0.2684 time 13.46s
Epoch: 45/150 Iter: 90/96 loss: 13.3763 acc: 0.2662 time 13.47s
Epoch: 45/150 Iter: 91/96 loss: 13.3840 acc: 0.2657 time 13.46s
Epoch: 45/150 Iter: 92/96 loss: 13.3967 acc: 0.2655 time 13.39s
Epoch: 45/150 Iter: 93/96 loss: 13.4326 acc: 0.2651 time 10.88s
Epoch: 45/150 Iter: 94/96 loss: 13.3646 acc: 0.2649 time 10.95s
Epoch: 45/150 Iter: 95/96 loss: 13.3963 acc: 0.2639 time 13.46s
Epoch: 45/150 Iter: 96/96 loss: 13.4154 acc: 0.2646 time 13.40s
[Train epoch 45] avg_loss=13.4154 avg_acc=0.2646 | per-class [c0: 0.480, c1: 0.333, c2: 0.196]
Final training 45/150, loss: 13.4154, time 1148.17s, lr: 0.000000
Accuracy: 0.342
class                  precision    recall   specificity      f1   support
--------------------------------------------------------------------------
0                          0.484     0.480         0.512   0.482       281
1                          0.060     0.333         0.712   0.102        30
2                          0.400     0.196         0.749   0.263       265
*----------------------------------------*
0 Sat Nov 29 04:33:50 2025 Epoch: 46
Epoch: 46/150 Iter: 1/96 loss: 17.2098 acc: 0.2222 time 16.12s
Epoch: 46/150 Iter: 2/96 loss: 12.7060 acc: 0.3194 time 11.05s
Epoch: 46/150 Iter: 3/96 loss: 10.9577 acc: 0.3241 time 13.60s
Epoch: 46/150 Iter: 4/96 loss: 12.2965 acc: 0.2639 time 13.48s
Epoch: 46/150 Iter: 5/96 loss: 14.0176 acc: 0.2444 time 11.23s
Epoch: 46/150 Iter: 6/96 loss: 14.8395 acc: 0.2315 time 13.48s
Epoch: 46/150 Iter: 7/96 loss: 13.6505 acc: 0.2460 time 13.53s
Epoch: 46/150 Iter: 8/96 loss: 14.6492 acc: 0.2569 time 13.51s
Epoch: 46/150 Iter: 9/96 loss: 13.1009 acc: 0.2778 time 13.54s
Epoch: 46/150 Iter: 10/96 loss: 12.6301 acc: 0.2833 time 10.93s
Epoch: 46/150 Iter: 11/96 loss: 11.7741 acc: 0.3283 time 13.54s
Epoch: 46/150 Iter: 12/96 loss: 11.5732 acc: 0.3176 time 13.57s
Epoch: 46/150 Iter: 13/96 loss: 11.4624 acc: 0.3188 time 11.06s
Epoch: 46/150 Iter: 14/96 loss: 11.7012 acc: 0.3139 time 13.54s
Epoch: 46/150 Iter: 15/96 loss: 11.4077 acc: 0.3152 time 13.51s
Epoch: 46/150 Iter: 16/96 loss: 11.5656 acc: 0.3007 time 10.92s
Epoch: 46/150 Iter: 17/96 loss: 11.1831 acc: 0.3092 time 10.93s
Epoch: 46/150 Iter: 18/96 loss: 11.7210 acc: 0.3012 time 11.10s
Epoch: 46/150 Iter: 19/96 loss: 11.1084 acc: 0.3380 time 10.92s
Epoch: 46/150 Iter: 20/96 loss: 10.9798 acc: 0.3461 time 11.23s
Epoch: 46/150 Iter: 21/96 loss: 12.0142 acc: 0.3402 time 11.12s
Epoch: 46/150 Iter: 22/96 loss: 12.0968 acc: 0.3475 time 10.93s
Epoch: 46/150 Iter: 23/96 loss: 12.8591 acc: 0.3324 time 11.14s
Epoch: 46/150 Iter: 24/96 loss: 12.8170 acc: 0.3289 time 13.50s
Epoch: 46/150 Iter: 25/96 loss: 12.5756 acc: 0.3247 time 13.55s
Epoch: 46/150 Iter: 26/96 loss: 12.5569 acc: 0.3122 time 13.45s
Epoch: 46/150 Iter: 27/96 loss: 13.2046 acc: 0.3006 time 10.93s
Epoch: 46/150 Iter: 28/96 loss: 13.1910 acc: 0.2938 time 10.90s
Epoch: 46/150 Iter: 29/96 loss: 13.3584 acc: 0.3044 time 10.96s
Epoch: 46/150 Iter: 30/96 loss: 12.9983 acc: 0.3120 time 10.92s
Epoch: 46/150 Iter: 31/96 loss: 12.8204 acc: 0.3181 time 10.96s
Epoch: 46/150 Iter: 32/96 loss: 12.5583 acc: 0.3332 time 10.94s
Epoch: 46/150 Iter: 33/96 loss: 12.8122 acc: 0.3251 time 13.50s
Epoch: 46/150 Iter: 34/96 loss: 12.8274 acc: 0.3253 time 11.07s
Epoch: 46/150 Iter: 35/96 loss: 13.2056 acc: 0.3256 time 13.55s
Epoch: 46/150 Iter: 36/96 loss: 12.9049 acc: 0.3304 time 13.49s
Epoch: 46/150 Iter: 37/96 loss: 13.1758 acc: 0.3260 time 10.89s
Epoch: 46/150 Iter: 38/96 loss: 13.0216 acc: 0.3240 time 11.08s
Epoch: 46/150 Iter: 39/96 loss: 13.0283 acc: 0.3253 time 13.52s
Epoch: 46/150 Iter: 40/96 loss: 13.0719 acc: 0.3255 time 10.94s
Epoch: 46/150 Iter: 41/96 loss: 13.0128 acc: 0.3277 time 11.22s
Epoch: 46/150 Iter: 42/96 loss: 12.8811 acc: 0.3288 time 11.06s
Epoch: 46/150 Iter: 43/96 loss: 12.6535 acc: 0.3354 time 13.49s
Epoch: 46/150 Iter: 44/96 loss: 12.5704 acc: 0.3354 time 13.53s
Epoch: 46/150 Iter: 45/96 loss: 12.6297 acc: 0.3316 time 11.22s
Epoch: 46/150 Iter: 46/96 loss: 13.0328 acc: 0.3316 time 11.12s
Epoch: 46/150 Iter: 47/96 loss: 13.0996 acc: 0.3293 time 10.90s
Epoch: 46/150 Iter: 48/96 loss: 13.1378 acc: 0.3271 time 13.50s
Epoch: 46/150 Iter: 49/96 loss: 13.4909 acc: 0.3238 time 11.23s
Epoch: 46/150 Iter: 50/96 loss: 13.6457 acc: 0.3253 time 11.08s
Epoch: 46/150 Iter: 51/96 loss: 13.4823 acc: 0.3271 time 10.99s
Epoch: 46/150 Iter: 52/96 loss: 13.4725 acc: 0.3240 time 11.20s
Epoch: 46/150 Iter: 53/96 loss: 13.2916 acc: 0.3274 time 11.27s
Epoch: 46/150 Iter: 54/96 loss: 13.2899 acc: 0.3244 time 11.22s
Epoch: 46/150 Iter: 55/96 loss: 13.2665 acc: 0.3230 time 13.49s
Epoch: 46/150 Iter: 56/96 loss: 13.2044 acc: 0.3247 time 13.51s
Epoch: 46/150 Iter: 57/96 loss: 13.3603 acc: 0.3219 time 13.46s
Epoch: 46/150 Iter: 58/96 loss: 13.6233 acc: 0.3175 time 13.55s
Epoch: 46/150 Iter: 59/96 loss: 13.7039 acc: 0.3136 time 13.53s
Epoch: 46/150 Iter: 60/96 loss: 13.6324 acc: 0.3106 time 10.96s
Epoch: 46/150 Iter: 61/96 loss: 13.6708 acc: 0.3082 time 13.46s
Epoch: 46/150 Iter: 62/96 loss: 13.6531 acc: 0.3046 time 13.53s
Epoch: 46/150 Iter: 63/96 loss: 13.7226 acc: 0.3050 time 11.17s
Epoch: 46/150 Iter: 64/96 loss: 13.8129 acc: 0.3020 time 11.07s
Epoch: 46/150 Iter: 65/96 loss: 13.8605 acc: 0.3012 time 10.92s
Epoch: 46/150 Iter: 66/96 loss: 13.7746 acc: 0.3017 time 10.92s
Epoch: 46/150 Iter: 67/96 loss: 13.7172 acc: 0.2997 time 13.53s
Epoch: 46/150 Iter: 68/96 loss: 13.6400 acc: 0.3026 time 10.91s
Epoch: 46/150 Iter: 69/96 loss: 13.6324 acc: 0.3031 time 10.90s
Epoch: 46/150 Iter: 70/96 loss: 13.8051 acc: 0.2999 time 11.14s
Epoch: 46/150 Iter: 71/96 loss: 13.7271 acc: 0.2985 time 13.51s
Epoch: 46/150 Iter: 72/96 loss: 13.7178 acc: 0.2967 time 11.10s
Epoch: 46/150 Iter: 73/96 loss: 13.8176 acc: 0.2957 time 13.56s
Epoch: 46/150 Iter: 74/96 loss: 13.8565 acc: 0.2962 time 10.98s
Epoch: 46/150 Iter: 75/96 loss: 13.9922 acc: 0.2922 time 10.91s
Epoch: 46/150 Iter: 76/96 loss: 14.2278 acc: 0.2906 time 13.48s
Epoch: 46/150 Iter: 77/96 loss: 14.3053 acc: 0.2882 time 10.96s
Epoch: 46/150 Iter: 78/96 loss: 14.3038 acc: 0.2845 time 13.56s
Epoch: 46/150 Iter: 79/96 loss: 14.2120 acc: 0.2852 time 11.07s
Epoch: 46/150 Iter: 80/96 loss: 14.3234 acc: 0.2837 time 13.48s
Epoch: 46/150 Iter: 81/96 loss: 14.3247 acc: 0.2826 time 11.03s
Epoch: 46/150 Iter: 82/96 loss: 14.5512 acc: 0.2833 time 10.97s
Epoch: 46/150 Iter: 83/96 loss: 14.6283 acc: 0.2812 time 13.50s
Epoch: 46/150 Iter: 84/96 loss: 14.6657 acc: 0.2826 time 13.46s
Epoch: 46/150 Iter: 85/96 loss: 14.6079 acc: 0.2803 time 13.45s
Epoch: 46/150 Iter: 86/96 loss: 14.5215 acc: 0.2793 time 13.49s
Epoch: 46/150 Iter: 87/96 loss: 14.5191 acc: 0.2809 time 10.98s
Epoch: 46/150 Iter: 88/96 loss: 14.6011 acc: 0.2792 time 10.88s
Epoch: 46/150 Iter: 89/96 loss: 14.5808 acc: 0.2798 time 11.04s
Epoch: 46/150 Iter: 90/96 loss: 14.5309 acc: 0.2792 time 10.94s
Epoch: 46/150 Iter: 91/96 loss: 14.5049 acc: 0.2789 time 13.40s
Epoch: 46/150 Iter: 92/96 loss: 14.6028 acc: 0.2768 time 13.48s
Epoch: 46/150 Iter: 93/96 loss: 14.5597 acc: 0.2750 time 11.07s
Epoch: 46/150 Iter: 94/96 loss: 14.6598 acc: 0.2738 time 10.92s
Epoch: 46/150 Iter: 95/96 loss: 14.6191 acc: 0.2744 time 11.19s
Epoch: 46/150 Iter: 96/96 loss: 14.5690 acc: 0.2742 time 13.45s
[Train epoch 46] avg_loss=14.5690 avg_acc=0.2742 | per-class [c0: 0.514, c1: 0.200, c2: 0.192]
Final training 46/150, loss: 14.5690, time 1163.16s, lr: 0.000000
Accuracy: 0.349
class                  precision    recall   specificity      f1   support
--------------------------------------------------------------------------
0                          0.505     0.514         0.524   0.510       280
1                          0.035     0.200         0.700   0.060        30
2                          0.421     0.192         0.774   0.264       266
*----------------------------------------*
Val 46/150 1/24, Acc: 0.1111, Loss: 16.7715, time 10.90s
Val 46/150 2/24, Acc: 0.2222, Loss: 13.5333, time 10.95s
Val 46/150 3/24, Acc: 0.2593, Loss: 11.3565, time 10.91s
Val 46/150 4/24, Acc: 0.2569, Loss: 12.1958, time 10.92s
Val 46/150 5/24, Acc: 0.2222, Loss: 11.5295, time 11.08s
Val 46/150 6/24, Acc: 0.1991, Loss: 11.6863, time 11.07s
Val 46/150 7/24, Acc: 0.1944, Loss: 11.9406, time 11.02s
Val 46/150 8/24, Acc: 0.1806, Loss: 11.7940, time 11.07s
Val 46/150 9/24, Acc: 0.1679, Loss: 11.1626, time 10.90s
Val 46/150 10/24, Acc: 0.1978, Loss: 10.8683, time 11.20s
Val 46/150 11/24, Acc: 0.2253, Loss: 10.8064, time 10.96s
Val 46/150 12/24, Acc: 0.2273, Loss: 10.6672, time 11.09s
Val 46/150 13/24, Acc: 0.2355, Loss: 10.4891, time 11.10s
Val 46/150 14/24, Acc: 0.2901, Loss: 9.7438, time 11.04s
Val 46/150 15/24, Acc: 0.3263, Loss: 9.1822, time 10.95s
Val 46/150 16/24, Acc: 0.3184, Loss: 9.0551, time 10.99s
Val 46/150 17/24, Acc: 0.3095, Loss: 9.4708, time 11.08s
Val 46/150 18/24, Acc: 0.3015, Loss: 9.3524, time 11.05s
Val 46/150 19/24, Acc: 0.3330, Loss: 8.8916, time 11.13s
Val 46/150 20/24, Acc: 0.3331, Loss: 8.6493, time 11.13s
Val 46/150 21/24, Acc: 0.3331, Loss: 8.8733, time 11.01s
Val 46/150 22/24, Acc: 0.3230, Loss: 9.2944, time 11.28s
Val 46/150 23/24, Acc: 0.3331, Loss: 9.0427, time 10.95s
Val 46/150 24/24, Acc: 0.3192, Loss: 9.4725, time 10.89s
[Val epoch 46] avg_acc=0.3192 | avg_loss=9.4725 | per-class [c0: 0.486, c1: 0.500, c2: 0.258]
Final validation 46/150, Val_acc: 0.3192, time 264.68sAccuracy: 0.382
class                  precision    recall   specificity      f1   support
--------------------------------------------------------------------------
0                          0.479     0.486         0.500   0.482        70
1                          0.111     0.500         0.765   0.182         8
2                          0.459     0.258         0.744   0.330        66
*========================================*
Saving checkpoint outputs/OrganoidsINRIA/swinunetr+noah/2025-11-28-12-24/training/model_final.pt
[EarlyStopping] no improve (22/30)
[EarlyStopping] no improve (22/30)
0 Sat Nov 29 04:57:42 2025 Epoch: 47
Epoch: 47/150 Iter: 1/96 loss: 9.5099 acc: 0.0833 time 13.00s
Epoch: 47/150 Iter: 2/96 loss: 12.9967 acc: 0.0417 time 13.51s
Epoch: 47/150 Iter: 3/96 loss: 12.3560 acc: 0.0722 time 13.48s
Epoch: 47/150 Iter: 4/96 loss: 12.3140 acc: 0.1375 time 13.51s
Epoch: 47/150 Iter: 5/96 loss: 16.5270 acc: 0.1100 time 11.06s
Epoch: 47/150 Iter: 6/96 loss: 16.9145 acc: 0.1028 time 11.08s
Epoch: 47/150 Iter: 7/96 loss: 16.0335 acc: 0.1417 time 10.93s
Epoch: 47/150 Iter: 8/96 loss: 17.4762 acc: 0.1378 time 10.96s
Epoch: 47/150 Iter: 9/96 loss: 16.6538 acc: 0.1596 time 11.09s
Epoch: 47/150 Iter: 10/96 loss: 15.9906 acc: 0.1769 time 10.92s
Epoch: 47/150 Iter: 11/96 loss: 15.8990 acc: 0.1760 time 11.23s
Epoch: 47/150 Iter: 12/96 loss: 15.0219 acc: 0.2238 time 11.09s
Epoch: 47/150 Iter: 13/96 loss: 13.9351 acc: 0.2739 time 10.95s
Epoch: 47/150 Iter: 14/96 loss: 13.8864 acc: 0.2603 time 11.09s
Epoch: 47/150 Iter: 15/96 loss: 13.4478 acc: 0.2596 time 11.15s
Epoch: 47/150 Iter: 16/96 loss: 13.6474 acc: 0.2590 time 10.95s
Epoch: 47/150 Iter: 17/96 loss: 13.8654 acc: 0.2503 time 11.06s
Epoch: 47/150 Iter: 18/96 loss: 14.0055 acc: 0.2410 time 13.49s
Epoch: 47/150 Iter: 19/96 loss: 13.6265 acc: 0.2613 time 13.55s
Epoch: 47/150 Iter: 20/96 loss: 13.5927 acc: 0.2524 time 10.99s
Epoch: 47/150 Iter: 21/96 loss: 14.0239 acc: 0.2509 time 13.51s
Epoch: 47/150 Iter: 22/96 loss: 13.7479 acc: 0.2622 time 13.47s
Epoch: 47/150 Iter: 23/96 loss: 14.1622 acc: 0.2545 time 10.99s
Epoch: 47/150 Iter: 24/96 loss: 13.9097 acc: 0.2578 time 13.46s
Epoch: 47/150 Iter: 25/96 loss: 13.8483 acc: 0.2519 time 13.48s
Epoch: 47/150 Iter: 26/96 loss: 13.7378 acc: 0.2550 time 13.47s
Epoch: 47/150 Iter: 27/96 loss: 13.7069 acc: 0.2456 time 10.94s
Epoch: 47/150 Iter: 28/96 loss: 13.4313 acc: 0.2636 time 13.57s
Epoch: 47/150 Iter: 29/96 loss: 13.6792 acc: 0.2622 time 13.49s
Epoch: 47/150 Iter: 30/96 loss: 13.5163 acc: 0.2673 time 13.49s
Epoch: 47/150 Iter: 31/96 loss: 13.8370 acc: 0.2641 time 11.09s
Epoch: 47/150 Iter: 32/96 loss: 13.9448 acc: 0.2628 time 11.07s
Epoch: 47/150 Iter: 33/96 loss: 13.7316 acc: 0.2699 time 13.50s
Epoch: 47/150 Iter: 34/96 loss: 13.8096 acc: 0.2669 time 13.53s
Epoch: 47/150 Iter: 35/96 loss: 13.8252 acc: 0.2650 time 11.21s
Epoch: 47/150 Iter: 36/96 loss: 13.9630 acc: 0.2576 time 13.48s
Epoch: 47/150 Iter: 37/96 loss: 14.1460 acc: 0.2537 time 13.56s
Epoch: 47/150 Iter: 38/96 loss: 14.4338 acc: 0.2492 time 10.90s
Epoch: 47/150 Iter: 39/96 loss: 14.3300 acc: 0.2428 time 11.16s
Epoch: 47/150 Iter: 40/96 loss: 14.2745 acc: 0.2478 time 11.07s
Epoch: 47/150 Iter: 41/96 loss: 14.2697 acc: 0.2445 time 10.94s
Epoch: 47/150 Iter: 42/96 loss: 14.5029 acc: 0.2466 time 11.12s
Epoch: 47/150 Iter: 43/96 loss: 14.4886 acc: 0.2486 time 11.07s
Epoch: 47/150 Iter: 44/96 loss: 14.5471 acc: 0.2449 time 11.08s
Epoch: 47/150 Iter: 45/96 loss: 14.4830 acc: 0.2431 time 11.06s
Epoch: 47/150 Iter: 46/96 loss: 14.3138 acc: 0.2437 time 13.52s
Epoch: 47/150 Iter: 47/96 loss: 14.1845 acc: 0.2456 time 11.22s
Epoch: 47/150 Iter: 48/96 loss: 13.9048 acc: 0.2526 time 13.51s
Epoch: 47/150 Iter: 49/96 loss: 13.9569 acc: 0.2509 time 13.46s
Epoch: 47/150 Iter: 50/96 loss: 13.9192 acc: 0.2508 time 13.46s
Epoch: 47/150 Iter: 51/96 loss: 14.1877 acc: 0.2508 time 13.50s
Epoch: 47/150 Iter: 52/96 loss: 14.1195 acc: 0.2524 time 10.94s
Epoch: 47/150 Iter: 53/96 loss: 14.0702 acc: 0.2524 time 10.93s
Epoch: 47/150 Iter: 54/96 loss: 14.1657 acc: 0.2487 time 13.47s
Epoch: 47/150 Iter: 55/96 loss: 14.2884 acc: 0.2487 time 13.56s
Epoch: 47/150 Iter: 56/96 loss: 14.3331 acc: 0.2463 time 10.92s
Epoch: 47/150 Iter: 57/96 loss: 14.5216 acc: 0.2449 time 11.09s
Epoch: 47/150 Iter: 58/96 loss: 14.5772 acc: 0.2435 time 11.22s
Epoch: 47/150 Iter: 59/96 loss: 14.6114 acc: 0.2451 time 10.96s
Epoch: 47/150 Iter: 60/96 loss: 14.5635 acc: 0.2447 time 13.56s
Epoch: 47/150 Iter: 61/96 loss: 14.6785 acc: 0.2407 time 13.55s
Epoch: 47/150 Iter: 62/96 loss: 14.7090 acc: 0.2386 time 10.98s
Epoch: 47/150 Iter: 63/96 loss: 14.5778 acc: 0.2447 time 13.44s
Epoch: 47/150 Iter: 64/96 loss: 14.6067 acc: 0.2444 time 10.92s
Epoch: 47/150 Iter: 65/96 loss: 14.5637 acc: 0.2440 time 11.07s
Epoch: 47/150 Iter: 66/96 loss: 14.3921 acc: 0.2492 time 11.13s
Epoch: 47/150 Iter: 67/96 loss: 14.3536 acc: 0.2454 time 11.20s
Epoch: 47/150 Iter: 68/96 loss: 14.3592 acc: 0.2455 time 11.21s
Epoch: 47/150 Iter: 69/96 loss: 14.2054 acc: 0.2468 time 10.95s
Epoch: 47/150 Iter: 70/96 loss: 14.2257 acc: 0.2448 time 11.09s
Epoch: 47/150 Iter: 71/96 loss: 14.1297 acc: 0.2461 time 10.95s
Epoch: 47/150 Iter: 72/96 loss: 14.0774 acc: 0.2473 time 13.51s
Epoch: 47/150 Iter: 73/96 loss: 14.0943 acc: 0.2473 time 11.18s
Epoch: 47/150 Iter: 74/96 loss: 14.1498 acc: 0.2470 time 13.44s
Epoch: 47/150 Iter: 75/96 loss: 14.2117 acc: 0.2489 time 10.94s
Epoch: 47/150 Iter: 76/96 loss: 14.2657 acc: 0.2456 time 13.47s
Epoch: 47/150 Iter: 77/96 loss: 14.2164 acc: 0.2457 time 11.10s
Epoch: 47/150 Iter: 78/96 loss: 14.4171 acc: 0.2434 time 13.54s
Epoch: 47/150 Iter: 79/96 loss: 14.2961 acc: 0.2466 time 10.93s
Epoch: 47/150 Iter: 80/96 loss: 14.4010 acc: 0.2463 time 11.08s
Epoch: 47/150 Iter: 81/96 loss: 14.2974 acc: 0.2474 time 13.41s
Epoch: 47/150 Iter: 82/96 loss: 14.2270 acc: 0.2484 time 13.50s
Epoch: 47/150 Iter: 83/96 loss: 14.1137 acc: 0.2481 time 11.08s
Epoch: 47/150 Iter: 84/96 loss: 14.2718 acc: 0.2452 time 13.45s
Epoch: 47/150 Iter: 85/96 loss: 14.2329 acc: 0.2462 time 13.46s
Epoch: 47/150 Iter: 86/96 loss: 14.2691 acc: 0.2472 time 13.46s
Epoch: 47/150 Iter: 87/96 loss: 14.2682 acc: 0.2453 time 10.84s
Epoch: 47/150 Iter: 88/96 loss: 14.3986 acc: 0.2501 time 10.94s
Epoch: 47/150 Iter: 89/96 loss: 14.3429 acc: 0.2501 time 13.43s
Epoch: 47/150 Iter: 90/96 loss: 14.4558 acc: 0.2510 time 10.94s
Epoch: 47/150 Iter: 91/96 loss: 14.5977 acc: 0.2495 time 10.96s
Epoch: 47/150 Iter: 92/96 loss: 14.6526 acc: 0.2480 time 13.43s
Epoch: 47/150 Iter: 93/96 loss: 14.5900 acc: 0.2489 time 13.56s
Epoch: 47/150 Iter: 94/96 loss: 14.6165 acc: 0.2470 time 10.87s
Epoch: 47/150 Iter: 95/96 loss: 14.7663 acc: 0.2467 time 13.46s
Epoch: 47/150 Iter: 96/96 loss: 14.7489 acc: 0.2462 time 10.87s
[Train epoch 47] avg_loss=14.7489 avg_acc=0.2462 | per-class [c0: 0.456, c1: 0.200, c2: 0.196]
Final training 47/150, loss: 14.7489, time 1159.49s, lr: 0.000000
Accuracy: 0.323
class                  precision    recall   specificity      f1   support
--------------------------------------------------------------------------
0                          0.467     0.456         0.505   0.461       281
1                          0.037     0.200         0.712   0.062        30
2                          0.374     0.196         0.720   0.257       265
*----------------------------------------*
0 Sat Nov 29 05:17:02 2025 Epoch: 48
Epoch: 48/150 Iter: 1/96 loss: 26.3153 acc: 0.0000 time 16.74s
Epoch: 48/150 Iter: 2/96 loss: 23.8487 acc: 0.0556 time 11.12s
Epoch: 48/150 Iter: 3/96 loss: 20.0677 acc: 0.0926 time 11.21s
Epoch: 48/150 Iter: 4/96 loss: 16.3920 acc: 0.1944 time 13.51s
Epoch: 48/150 Iter: 5/96 loss: 13.8568 acc: 0.2556 time 11.19s
Epoch: 48/150 Iter: 6/96 loss: 14.3360 acc: 0.2407 time 10.93s
Epoch: 48/150 Iter: 7/96 loss: 14.1900 acc: 0.2222 time 13.47s
Epoch: 48/150 Iter: 8/96 loss: 13.7429 acc: 0.2222 time 13.56s
Epoch: 48/150 Iter: 9/96 loss: 13.7203 acc: 0.2253 time 13.47s
Epoch: 48/150 Iter: 10/96 loss: 13.9201 acc: 0.2250 time 11.07s
Epoch: 48/150 Iter: 11/96 loss: 13.7226 acc: 0.2197 time 11.10s
Epoch: 48/150 Iter: 12/96 loss: 14.2988 acc: 0.2361 time 11.08s
Epoch: 48/150 Iter: 13/96 loss: 14.7890 acc: 0.2308 time 13.49s
Epoch: 48/150 Iter: 14/96 loss: 14.1972 acc: 0.2381 time 10.94s
Epoch: 48/150 Iter: 15/96 loss: 14.5548 acc: 0.2389 time 13.51s
Epoch: 48/150 Iter: 16/96 loss: 14.9139 acc: 0.2378 time 10.96s
Epoch: 48/150 Iter: 17/96 loss: 14.9640 acc: 0.2435 time 11.08s
Epoch: 48/150 Iter: 18/96 loss: 14.7983 acc: 0.2454 time 11.25s
Epoch: 48/150 Iter: 19/96 loss: 14.3663 acc: 0.2442 time 11.19s
Epoch: 48/150 Iter: 20/96 loss: 14.4336 acc: 0.2507 time 10.96s
Epoch: 48/150 Iter: 21/96 loss: 14.6043 acc: 0.2493 time 11.07s
Epoch: 48/150 Iter: 22/96 loss: 14.6618 acc: 0.2557 time 11.11s
Epoch: 48/150 Iter: 23/96 loss: 14.5369 acc: 0.2533 time 13.45s
Epoch: 48/150 Iter: 24/96 loss: 15.0401 acc: 0.2427 time 10.96s
Epoch: 48/150 Iter: 25/96 loss: 14.5766 acc: 0.2450 time 13.54s
Epoch: 48/150 Iter: 26/96 loss: 14.5184 acc: 0.2399 time 11.09s
Epoch: 48/150 Iter: 27/96 loss: 14.8329 acc: 0.2371 time 11.08s
Epoch: 48/150 Iter: 28/96 loss: 14.9389 acc: 0.2436 time 11.05s
Epoch: 48/150 Iter: 29/96 loss: 15.3219 acc: 0.2390 time 10.94s
Epoch: 48/150 Iter: 30/96 loss: 15.4282 acc: 0.2338 time 11.18s
Epoch: 48/150 Iter: 31/96 loss: 15.3594 acc: 0.2263 time 10.93s
Epoch: 48/150 Iter: 32/96 loss: 15.7090 acc: 0.2192 time 11.01s
Epoch: 48/150 Iter: 33/96 loss: 15.7491 acc: 0.2193 time 13.49s
Epoch: 48/150 Iter: 34/96 loss: 15.6085 acc: 0.2275 time 13.49s
Epoch: 48/150 Iter: 35/96 loss: 15.9885 acc: 0.2229 time 10.99s
Epoch: 48/150 Iter: 36/96 loss: 15.8562 acc: 0.2237 time 13.46s
Epoch: 48/150 Iter: 37/96 loss: 15.6807 acc: 0.2221 time 11.06s
Epoch: 48/150 Iter: 38/96 loss: 15.5780 acc: 0.2229 time 11.12s
Epoch: 48/150 Iter: 39/96 loss: 15.4726 acc: 0.2300 time 13.56s
Epoch: 48/150 Iter: 40/96 loss: 15.3889 acc: 0.2276 time 11.11s
Epoch: 48/150 Iter: 41/96 loss: 15.3791 acc: 0.2301 time 11.10s
Epoch: 48/150 Iter: 42/96 loss: 15.3126 acc: 0.2278 time 11.06s
Epoch: 48/150 Iter: 43/96 loss: 15.1210 acc: 0.2329 time 13.57s
Epoch: 48/150 Iter: 44/96 loss: 15.2252 acc: 0.2352 time 10.92s
Epoch: 48/150 Iter: 45/96 loss: 15.3151 acc: 0.2318 time 11.13s
Epoch: 48/150 Iter: 46/96 loss: 15.4185 acc: 0.2286 time 10.99s
Epoch: 48/150 Iter: 47/96 loss: 15.3526 acc: 0.2272 time 10.90s
Epoch: 48/150 Iter: 48/96 loss: 15.4332 acc: 0.2225 time 10.92s
Epoch: 48/150 Iter: 49/96 loss: 15.3806 acc: 0.2202 time 11.10s
Epoch: 48/150 Iter: 50/96 loss: 15.4647 acc: 0.2181 time 10.95s
Epoch: 48/150 Iter: 51/96 loss: 15.6919 acc: 0.2170 time 13.53s
Epoch: 48/150 Iter: 52/96 loss: 15.5429 acc: 0.2193 time 13.54s
Epoch: 48/150 Iter: 53/96 loss: 15.5486 acc: 0.2175 time 10.94s
Epoch: 48/150 Iter: 54/96 loss: 15.7266 acc: 0.2166 time 13.57s
Epoch: 48/150 Iter: 55/96 loss: 15.7627 acc: 0.2126 time 11.22s
Epoch: 48/150 Iter: 56/96 loss: 15.7346 acc: 0.2108 time 11.10s
Epoch: 48/150 Iter: 57/96 loss: 15.6697 acc: 0.2071 time 11.11s
Epoch: 48/150 Iter: 58/96 loss: 15.4341 acc: 0.2131 time 13.54s
Epoch: 48/150 Iter: 59/96 loss: 15.4772 acc: 0.2114 time 13.49s
Epoch: 48/150 Iter: 60/96 loss: 15.2663 acc: 0.2176 time 13.46s
Epoch: 48/150 Iter: 61/96 loss: 15.2092 acc: 0.2177 time 11.07s
Epoch: 48/150 Iter: 62/96 loss: 15.1986 acc: 0.2195 time 11.19s
Epoch: 48/150 Iter: 63/96 loss: 15.3033 acc: 0.2231 time 10.91s
Epoch: 48/150 Iter: 64/96 loss: 15.1916 acc: 0.2248 time 11.11s
Epoch: 48/150 Iter: 65/96 loss: 15.2587 acc: 0.2224 time 11.24s
Epoch: 48/150 Iter: 66/96 loss: 15.3422 acc: 0.2215 time 10.97s
Epoch: 48/150 Iter: 67/96 loss: 15.3567 acc: 0.2207 time 13.47s
Epoch: 48/150 Iter: 68/96 loss: 15.3684 acc: 0.2191 time 13.44s
Epoch: 48/150 Iter: 69/96 loss: 15.3091 acc: 0.2192 time 13.48s
Epoch: 48/150 Iter: 70/96 loss: 15.1982 acc: 0.2192 time 11.10s
Epoch: 48/150 Iter: 71/96 loss: 15.3048 acc: 0.2177 time 10.93s
Epoch: 48/150 Iter: 72/96 loss: 15.1164 acc: 0.2216 time 10.91s
Epoch: 48/150 Iter: 73/96 loss: 15.2066 acc: 0.2201 time 11.22s
Epoch: 48/150 Iter: 74/96 loss: 15.1053 acc: 0.2239 time 10.92s
Epoch: 48/150 Iter: 75/96 loss: 15.1765 acc: 0.2264 time 13.48s
Epoch: 48/150 Iter: 76/96 loss: 15.0407 acc: 0.2300 time 11.07s
Epoch: 48/150 Iter: 77/96 loss: 14.9354 acc: 0.2281 time 10.94s
Epoch: 48/150 Iter: 78/96 loss: 14.8440 acc: 0.2278 time 11.08s
Epoch: 48/150 Iter: 79/96 loss: 14.7669 acc: 0.2281 time 13.50s
Epoch: 48/150 Iter: 80/96 loss: 14.7360 acc: 0.2294 time 11.22s
Epoch: 48/150 Iter: 81/96 loss: 14.6222 acc: 0.2307 time 10.98s
Epoch: 48/150 Iter: 82/96 loss: 14.7929 acc: 0.2292 time 10.89s
Epoch: 48/150 Iter: 83/96 loss: 14.8094 acc: 0.2264 time 10.95s
Epoch: 48/150 Iter: 84/96 loss: 14.7843 acc: 0.2257 time 10.85s
Epoch: 48/150 Iter: 85/96 loss: 14.6358 acc: 0.2299 time 13.45s
Epoch: 48/150 Iter: 86/96 loss: 14.6660 acc: 0.2273 time 10.88s
Epoch: 48/150 Iter: 87/96 loss: 14.5552 acc: 0.2285 time 10.95s
Epoch: 48/150 Iter: 88/96 loss: 14.5674 acc: 0.2278 time 13.44s
Epoch: 48/150 Iter: 89/96 loss: 14.5876 acc: 0.2308 time 11.04s
Epoch: 48/150 Iter: 90/96 loss: 14.5336 acc: 0.2307 time 10.86s
Epoch: 48/150 Iter: 91/96 loss: 14.4320 acc: 0.2328 time 11.05s
Epoch: 48/150 Iter: 92/96 loss: 14.3627 acc: 0.2315 time 10.97s
Epoch: 48/150 Iter: 93/96 loss: 14.3113 acc: 0.2326 time 11.11s
Epoch: 48/150 Iter: 94/96 loss: 14.2078 acc: 0.2354 time 13.50s
Epoch: 48/150 Iter: 95/96 loss: 14.2936 acc: 0.2356 time 13.51s
Epoch: 48/150 Iter: 96/96 loss: 14.2741 acc: 0.2377 time 11.09s
[Train epoch 48] avg_loss=14.2741 avg_acc=0.2377 | per-class [c0: 0.463, c1: 0.233, c2: 0.189]
Final training 48/150, loss: 14.2741, time 1134.50s, lr: 0.000000
Accuracy: 0.325
class                  precision    recall   specificity      f1   support
--------------------------------------------------------------------------
0                          0.476     0.463         0.515   0.469       281
1                          0.042     0.233         0.707   0.071        30
2                          0.368     0.189         0.723   0.249       265
*----------------------------------------*
Val 48/150 1/24, Acc: 0.1111, Loss: 16.7715, time 11.03s
Val 48/150 2/24, Acc: 0.2222, Loss: 13.5333, time 10.96s
Val 48/150 3/24, Acc: 0.2593, Loss: 11.3565, time 11.03s
Val 48/150 4/24, Acc: 0.2569, Loss: 12.1958, time 10.91s
Val 48/150 5/24, Acc: 0.2222, Loss: 11.5295, time 11.08s
Val 48/150 6/24, Acc: 0.1991, Loss: 11.6863, time 11.02s
Val 48/150 7/24, Acc: 0.1944, Loss: 11.9406, time 10.96s
Val 48/150 8/24, Acc: 0.1806, Loss: 11.7940, time 11.01s
Val 48/150 9/24, Acc: 0.1679, Loss: 11.1626, time 10.89s
Val 48/150 10/24, Acc: 0.1978, Loss: 10.8683, time 11.19s
Val 48/150 11/24, Acc: 0.2253, Loss: 10.8064, time 10.98s
Val 48/150 12/24, Acc: 0.2273, Loss: 10.6672, time 11.02s
Val 48/150 13/24, Acc: 0.2355, Loss: 10.4891, time 11.05s
Val 48/150 14/24, Acc: 0.2901, Loss: 9.7438, time 11.04s
Val 48/150 15/24, Acc: 0.3263, Loss: 9.1822, time 10.94s
Val 48/150 16/24, Acc: 0.3184, Loss: 9.0551, time 10.92s
Val 48/150 17/24, Acc: 0.3095, Loss: 9.4708, time 11.08s
Val 48/150 18/24, Acc: 0.3015, Loss: 9.3524, time 11.00s
Val 48/150 19/24, Acc: 0.3330, Loss: 8.8916, time 11.01s
Val 48/150 20/24, Acc: 0.3331, Loss: 8.6493, time 11.11s
Val 48/150 21/24, Acc: 0.3331, Loss: 8.8733, time 11.01s
Val 48/150 22/24, Acc: 0.3230, Loss: 9.2944, time 11.23s
Val 48/150 23/24, Acc: 0.3331, Loss: 9.0427, time 10.90s
Val 48/150 24/24, Acc: 0.3192, Loss: 9.4725, time 10.90s
[Val epoch 48] avg_acc=0.3192 | avg_loss=9.4725 | per-class [c0: 0.486, c1: 0.500, c2: 0.258]
Final validation 48/150, Val_acc: 0.3192, time 264.29sAccuracy: 0.382
class                  precision    recall   specificity      f1   support
--------------------------------------------------------------------------
0                          0.479     0.486         0.500   0.482        70
1                          0.111     0.500         0.765   0.182         8
2                          0.459     0.258         0.744   0.330        66
*========================================*
Saving checkpoint outputs/OrganoidsINRIA/swinunetr+noah/2025-11-28-12-24/training/model_final.pt
[EarlyStopping] no improve (23/30)
[EarlyStopping] no improve (23/30)
0 Sat Nov 29 05:40:26 2025 Epoch: 49
Epoch: 49/150 Iter: 1/96 loss: 24.6550 acc: 0.1667 time 17.20s
Epoch: 49/150 Iter: 2/96 loss: 16.0113 acc: 0.2222 time 10.92s
Epoch: 49/150 Iter: 3/96 loss: 19.3139 acc: 0.2222 time 11.22s
Epoch: 49/150 Iter: 4/96 loss: 19.0870 acc: 0.2083 time 10.94s
Epoch: 49/150 Iter: 5/96 loss: 18.9569 acc: 0.2111 time 13.54s
Epoch: 49/150 Iter: 6/96 loss: 18.3579 acc: 0.2426 time 13.53s
Epoch: 49/150 Iter: 7/96 loss: 18.3212 acc: 0.2238 time 10.95s
Epoch: 49/150 Iter: 8/96 loss: 17.4272 acc: 0.2479 time 10.91s
Epoch: 49/150 Iter: 9/96 loss: 17.9094 acc: 0.2352 time 10.93s
Epoch: 49/150 Iter: 10/96 loss: 16.9007 acc: 0.2717 time 10.96s
Epoch: 49/150 Iter: 11/96 loss: 17.1148 acc: 0.2848 time 10.93s
Epoch: 49/150 Iter: 12/96 loss: 17.0362 acc: 0.2819 time 11.20s
Epoch: 49/150 Iter: 13/96 loss: 16.3982 acc: 0.2705 time 10.93s
Epoch: 49/150 Iter: 14/96 loss: 16.5606 acc: 0.2655 time 10.98s
Epoch: 49/150 Iter: 15/96 loss: 16.5972 acc: 0.2552 time 10.94s
Epoch: 49/150 Iter: 16/96 loss: 16.6859 acc: 0.2444 time 11.20s
Epoch: 49/150 Iter: 17/96 loss: 16.2411 acc: 0.2497 time 11.09s
Epoch: 49/150 Iter: 18/96 loss: 16.1437 acc: 0.2543 time 11.20s
Epoch: 49/150 Iter: 19/96 loss: 15.5234 acc: 0.2673 time 11.07s
Epoch: 49/150 Iter: 20/96 loss: 15.6631 acc: 0.2622 time 11.12s
Epoch: 49/150 Iter: 21/96 loss: 16.2525 acc: 0.2529 time 10.90s
Epoch: 49/150 Iter: 22/96 loss: 16.1440 acc: 0.2566 time 13.53s
Epoch: 49/150 Iter: 23/96 loss: 16.7549 acc: 0.2454 time 11.19s
Epoch: 49/150 Iter: 24/96 loss: 16.7444 acc: 0.2444 time 11.08s
Epoch: 49/150 Iter: 25/96 loss: 16.7235 acc: 0.2547 time 10.93s
Epoch: 49/150 Iter: 26/96 loss: 16.5602 acc: 0.2491 time 13.52s
Epoch: 49/150 Iter: 27/96 loss: 15.9470 acc: 0.2770 time 10.93s
Epoch: 49/150 Iter: 28/96 loss: 16.0619 acc: 0.2790 time 13.57s
Epoch: 49/150 Iter: 29/96 loss: 15.8208 acc: 0.2808 time 11.06s
Epoch: 49/150 Iter: 30/96 loss: 16.0530 acc: 0.2770 time 13.58s
Epoch: 49/150 Iter: 31/96 loss: 15.9119 acc: 0.2815 time 13.45s
Epoch: 49/150 Iter: 32/96 loss: 16.1335 acc: 0.2753 time 10.93s
Epoch: 49/150 Iter: 33/96 loss: 16.3722 acc: 0.2670 time 13.45s
Epoch: 49/150 Iter: 34/96 loss: 15.9973 acc: 0.2714 time 13.49s
Epoch: 49/150 Iter: 35/96 loss: 15.8466 acc: 0.2732 time 10.90s
Epoch: 49/150 Iter: 36/96 loss: 15.9642 acc: 0.2711 time 10.99s
Epoch: 49/150 Iter: 37/96 loss: 16.2855 acc: 0.2706 time 13.57s
Epoch: 49/150 Iter: 38/96 loss: 16.1654 acc: 0.2722 time 10.91s
Epoch: 49/150 Iter: 39/96 loss: 16.0437 acc: 0.2681 time 11.14s
Epoch: 49/150 Iter: 40/96 loss: 15.9961 acc: 0.2631 time 11.05s
Epoch: 49/150 Iter: 41/96 loss: 15.8399 acc: 0.2648 time 11.14s
Epoch: 49/150 Iter: 42/96 loss: 15.5505 acc: 0.2743 time 10.92s
Epoch: 49/150 Iter: 43/96 loss: 15.4492 acc: 0.2699 time 10.94s
Epoch: 49/150 Iter: 44/96 loss: 15.2345 acc: 0.2751 time 10.98s
Epoch: 49/150 Iter: 45/96 loss: 14.9713 acc: 0.2783 time 13.53s
Epoch: 49/150 Iter: 46/96 loss: 15.0955 acc: 0.2771 time 11.25s
Epoch: 49/150 Iter: 47/96 loss: 14.9683 acc: 0.2783 time 13.49s
Epoch: 49/150 Iter: 48/96 loss: 15.3013 acc: 0.2725 time 11.08s
Epoch: 49/150 Iter: 49/96 loss: 15.1091 acc: 0.2754 time 10.92s
Epoch: 49/150 Iter: 50/96 loss: 15.0645 acc: 0.2721 time 11.18s
Epoch: 49/150 Iter: 51/96 loss: 15.0816 acc: 0.2690 time 11.11s
Epoch: 49/150 Iter: 52/96 loss: 14.9924 acc: 0.2702 time 11.08s
Epoch: 49/150 Iter: 53/96 loss: 14.9905 acc: 0.2682 time 11.00s
Epoch: 49/150 Iter: 54/96 loss: 14.8872 acc: 0.2710 time 11.11s
Epoch: 49/150 Iter: 55/96 loss: 15.0148 acc: 0.2691 time 10.93s
Epoch: 49/150 Iter: 56/96 loss: 14.9178 acc: 0.2732 time 10.96s
Epoch: 49/150 Iter: 57/96 loss: 14.9610 acc: 0.2713 time 11.20s
Epoch: 49/150 Iter: 58/96 loss: 14.7699 acc: 0.2770 time 10.93s
Epoch: 49/150 Iter: 59/96 loss: 14.6502 acc: 0.2850 time 11.11s
Epoch: 49/150 Iter: 60/96 loss: 14.6584 acc: 0.2831 time 13.58s
Epoch: 49/150 Iter: 61/96 loss: 14.6287 acc: 0.2784 time 10.91s
Epoch: 49/150 Iter: 62/96 loss: 14.4412 acc: 0.2847 time 10.97s
Epoch: 49/150 Iter: 63/96 loss: 14.7161 acc: 0.2819 time 10.92s
Epoch: 49/150 Iter: 64/96 loss: 14.6460 acc: 0.2827 time 11.01s
Epoch: 49/150 Iter: 65/96 loss: 14.5256 acc: 0.2835 time 11.19s
Epoch: 49/150 Iter: 66/96 loss: 14.6327 acc: 0.2826 time 10.94s
Epoch: 49/150 Iter: 67/96 loss: 14.7739 acc: 0.2833 time 10.98s
Epoch: 49/150 Iter: 68/96 loss: 14.7174 acc: 0.2816 time 10.94s
Epoch: 49/150 Iter: 69/96 loss: 14.7087 acc: 0.2808 time 10.89s
Epoch: 49/150 Iter: 70/96 loss: 14.6347 acc: 0.2803 time 11.12s
Epoch: 49/150 Iter: 71/96 loss: 14.6640 acc: 0.2775 time 13.50s
Epoch: 49/150 Iter: 72/96 loss: 14.5512 acc: 0.2774 time 11.09s
Epoch: 49/150 Iter: 73/96 loss: 14.5170 acc: 0.2791 time 10.92s
Epoch: 49/150 Iter: 74/96 loss: 14.4541 acc: 0.2813 time 11.08s
Epoch: 49/150 Iter: 75/96 loss: 14.3315 acc: 0.2820 time 13.51s
Epoch: 49/150 Iter: 76/96 loss: 14.3994 acc: 0.2783 time 13.52s
Epoch: 49/150 Iter: 77/96 loss: 14.3172 acc: 0.2812 time 13.50s
Epoch: 49/150 Iter: 78/96 loss: 14.4260 acc: 0.2776 time 10.97s
Epoch: 49/150 Iter: 79/96 loss: 14.5342 acc: 0.2776 time 13.52s
Epoch: 49/150 Iter: 80/96 loss: 14.4126 acc: 0.2766 time 13.50s
Epoch: 49/150 Iter: 81/96 loss: 14.2756 acc: 0.2773 time 11.04s
Epoch: 49/150 Iter: 82/96 loss: 14.3853 acc: 0.2755 time 13.42s
Epoch: 49/150 Iter: 83/96 loss: 14.3043 acc: 0.2762 time 13.46s
Epoch: 49/150 Iter: 84/96 loss: 14.2871 acc: 0.2729 time 11.02s
Epoch: 49/150 Iter: 85/96 loss: 14.3450 acc: 0.2730 time 11.06s
Epoch: 49/150 Iter: 86/96 loss: 14.3371 acc: 0.2737 time 10.90s
Epoch: 49/150 Iter: 87/96 loss: 14.3928 acc: 0.2721 time 13.48s
Epoch: 49/150 Iter: 88/96 loss: 14.3301 acc: 0.2722 time 11.03s
Epoch: 49/150 Iter: 89/96 loss: 14.3190 acc: 0.2700 time 13.46s
Epoch: 49/150 Iter: 90/96 loss: 14.3913 acc: 0.2683 time 10.94s
Epoch: 49/150 Iter: 91/96 loss: 14.4953 acc: 0.2653 time 10.89s
Epoch: 49/150 Iter: 92/96 loss: 14.6902 acc: 0.2624 time 13.50s
Epoch: 49/150 Iter: 93/96 loss: 14.7744 acc: 0.2614 time 13.47s
Epoch: 49/150 Iter: 94/96 loss: 14.7516 acc: 0.2604 time 10.92s
Epoch: 49/150 Iter: 95/96 loss: 14.8329 acc: 0.2623 time 10.95s
Epoch: 49/150 Iter: 96/96 loss: 14.9440 acc: 0.2596 time 13.49s
[Train epoch 49] avg_loss=14.9440 avg_acc=0.2596 | per-class [c0: 0.493, c1: 0.167, c2: 0.180]
Final training 49/150, loss: 14.9440, time 1128.46s, lr: 0.000000
Accuracy: 0.332
class                  precision    recall   specificity      f1   support
--------------------------------------------------------------------------
0                          0.500     0.493         0.534   0.496       280
1                          0.030     0.167         0.703   0.051        30
2                          0.361     0.180         0.726   0.241       266
*----------------------------------------*
0 Sat Nov 29 05:59:14 2025 Epoch: 50
Epoch: 50/150 Iter: 1/96 loss: 6.2394 acc: 0.4444 time 16.64s
Epoch: 50/150 Iter: 2/96 loss: 15.1446 acc: 0.2222 time 10.94s
Epoch: 50/150 Iter: 3/96 loss: 18.9050 acc: 0.1481 time 11.13s
Epoch: 50/150 Iter: 4/96 loss: 19.9480 acc: 0.1528 time 11.24s
Epoch: 50/150 Iter: 5/96 loss: 18.8235 acc: 0.1667 time 10.90s
Epoch: 50/150 Iter: 6/96 loss: 17.2501 acc: 0.1667 time 11.18s
Epoch: 50/150 Iter: 7/96 loss: 17.5199 acc: 0.1587 time 10.89s
Epoch: 50/150 Iter: 8/96 loss: 16.6173 acc: 0.1667 time 13.49s
Epoch: 50/150 Iter: 9/96 loss: 15.5194 acc: 0.2037 time 10.91s
Epoch: 50/150 Iter: 10/96 loss: 15.5690 acc: 0.1917 time 10.87s
Epoch: 50/150 Iter: 11/96 loss: 16.5595 acc: 0.1843 time 13.52s
Epoch: 50/150 Iter: 12/96 loss: 15.7638 acc: 0.1968 time 10.87s
Epoch: 50/150 Iter: 13/96 loss: 15.2410 acc: 0.2009 time 11.16s
Epoch: 50/150 Iter: 14/96 loss: 15.3922 acc: 0.2044 time 10.94s
Epoch: 50/150 Iter: 15/96 loss: 15.6775 acc: 0.2019 time 13.57s
Epoch: 50/150 Iter: 16/96 loss: 15.2014 acc: 0.2309 time 10.93s
Epoch: 50/150 Iter: 17/96 loss: 15.5602 acc: 0.2271 time 13.51s
Epoch: 50/150 Iter: 18/96 loss: 15.4554 acc: 0.2207 time 10.91s
Epoch: 50/150 Iter: 19/96 loss: 15.9779 acc: 0.2208 time 11.23s
Epoch: 50/150 Iter: 20/96 loss: 15.9950 acc: 0.2264 time 10.94s
Epoch: 50/150 Iter: 21/96 loss: 17.0971 acc: 0.2288 time 11.10s
Epoch: 50/150 Iter: 22/96 loss: 17.0957 acc: 0.2222 time 11.24s
Epoch: 50/150 Iter: 23/96 loss: 16.9823 acc: 0.2198 time 13.47s
Epoch: 50/150 Iter: 24/96 loss: 16.4608 acc: 0.2315 time 13.55s
Epoch: 50/150 Iter: 25/96 loss: 16.3164 acc: 0.2356 time 10.94s
Epoch: 50/150 Iter: 26/96 loss: 16.3899 acc: 0.2329 time 11.07s
Epoch: 50/150 Iter: 27/96 loss: 16.3750 acc: 0.2292 time 11.24s
Epoch: 50/150 Iter: 28/96 loss: 16.2964 acc: 0.2310 time 11.07s
Epoch: 50/150 Iter: 29/96 loss: 16.3068 acc: 0.2316 time 11.07s
Epoch: 50/150 Iter: 30/96 loss: 16.4221 acc: 0.2267 time 13.53s
Epoch: 50/150 Iter: 31/96 loss: 16.8975 acc: 0.2247 time 11.12s
Epoch: 50/150 Iter: 32/96 loss: 16.5528 acc: 0.2281 time 11.12s
Epoch: 50/150 Iter: 33/96 loss: 16.6198 acc: 0.2263 time 11.20s
Epoch: 50/150 Iter: 34/96 loss: 16.5159 acc: 0.2270 time 13.50s
Epoch: 50/150 Iter: 35/96 loss: 16.3253 acc: 0.2276 time 13.55s
Epoch: 50/150 Iter: 36/96 loss: 16.2843 acc: 0.2282 time 11.10s
Epoch: 50/150 Iter: 37/96 loss: 16.3450 acc: 0.2266 time 11.07s
Epoch: 50/150 Iter: 38/96 loss: 16.2892 acc: 0.2272 time 10.96s
Epoch: 50/150 Iter: 39/96 loss: 16.3549 acc: 0.2214 time 13.58s
Epoch: 50/150 Iter: 40/96 loss: 16.2713 acc: 0.2175 time 11.04s
Epoch: 50/150 Iter: 41/96 loss: 16.1204 acc: 0.2149 time 11.01s
Epoch: 50/150 Iter: 42/96 loss: 16.2100 acc: 0.2124 time 13.54s
Epoch: 50/150 Iter: 43/96 loss: 16.3035 acc: 0.2114 time 11.08s
Epoch: 50/150 Iter: 44/96 loss: 16.2096 acc: 0.2151 time 10.98s
Epoch: 50/150 Iter: 45/96 loss: 15.9588 acc: 0.2196 time 11.08s
Epoch: 50/150 Iter: 46/96 loss: 16.0230 acc: 0.2196 time 13.53s
Epoch: 50/150 Iter: 47/96 loss: 15.9966 acc: 0.2220 time 11.11s
Epoch: 50/150 Iter: 48/96 loss: 15.7547 acc: 0.2261 time 11.13s
Epoch: 50/150 Iter: 49/96 loss: 15.6789 acc: 0.2283 time 13.52s
Epoch: 50/150 Iter: 50/96 loss: 15.4893 acc: 0.2362 time 10.95s
Epoch: 50/150 Iter: 51/96 loss: 15.6516 acc: 0.2359 time 13.47s
Epoch: 50/150 Iter: 52/96 loss: 15.6193 acc: 0.2362 time 11.07s
Epoch: 50/150 Iter: 53/96 loss: 15.6993 acc: 0.2333 time 13.51s
Epoch: 50/150 Iter: 54/96 loss: 15.6407 acc: 0.2306 time 13.56s
Epoch: 50/150 Iter: 55/96 loss: 15.6893 acc: 0.2288 time 13.50s
Epoch: 50/150 Iter: 56/96 loss: 15.6670 acc: 0.2277 time 13.53s
Epoch: 50/150 Iter: 57/96 loss: 15.6846 acc: 0.2276 time 11.00s
Epoch: 50/150 Iter: 58/96 loss: 15.7461 acc: 0.2248 time 13.50s
Epoch: 50/150 Iter: 59/96 loss: 15.7225 acc: 0.2252 time 11.11s
Epoch: 50/150 Iter: 60/96 loss: 15.7644 acc: 0.2298 time 11.10s
Epoch: 50/150 Iter: 61/96 loss: 15.7566 acc: 0.2297 time 10.91s
Epoch: 50/150 Iter: 62/96 loss: 15.6978 acc: 0.2287 time 11.08s
Epoch: 50/150 Iter: 63/96 loss: 15.7488 acc: 0.2303 time 13.46s
Epoch: 50/150 Iter: 64/96 loss: 15.8868 acc: 0.2293 time 13.51s
Epoch: 50/150 Iter: 65/96 loss: 15.8877 acc: 0.2309 time 11.20s
Epoch: 50/150 Iter: 66/96 loss: 15.7946 acc: 0.2312 time 10.88s
Epoch: 50/150 Iter: 67/96 loss: 15.6572 acc: 0.2290 time 10.96s
Epoch: 50/150 Iter: 68/96 loss: 15.6541 acc: 0.2289 time 11.02s
Epoch: 50/150 Iter: 69/96 loss: 15.6210 acc: 0.2304 time 10.89s
Epoch: 50/150 Iter: 70/96 loss: 15.5387 acc: 0.2331 time 11.21s
Epoch: 50/150 Iter: 71/96 loss: 15.4056 acc: 0.2369 time 13.46s
Epoch: 50/150 Iter: 72/96 loss: 15.4552 acc: 0.2359 time 11.08s
Epoch: 50/150 Iter: 73/96 loss: 15.6213 acc: 0.2326 time 11.09s
Epoch: 50/150 Iter: 74/96 loss: 15.5574 acc: 0.2340 time 11.11s
Epoch: 50/150 Iter: 75/96 loss: 15.6413 acc: 0.2324 time 11.16s
Epoch: 50/150 Iter: 76/96 loss: 15.4631 acc: 0.2359 time 11.23s
Epoch: 50/150 Iter: 77/96 loss: 15.2857 acc: 0.2408 time 10.90s
Epoch: 50/150 Iter: 78/96 loss: 15.3818 acc: 0.2377 time 11.12s
Epoch: 50/150 Iter: 79/96 loss: 15.2239 acc: 0.2417 time 10.88s
Epoch: 50/150 Iter: 80/96 loss: 15.1721 acc: 0.2418 time 10.94s
Epoch: 50/150 Iter: 81/96 loss: 15.1981 acc: 0.2402 time 13.43s
Epoch: 50/150 Iter: 82/96 loss: 15.2009 acc: 0.2400 time 11.05s
Epoch: 50/150 Iter: 83/96 loss: 15.0704 acc: 0.2431 time 10.87s
Epoch: 50/150 Iter: 84/96 loss: 15.0668 acc: 0.2415 time 13.44s
Epoch: 50/150 Iter: 85/96 loss: 15.0937 acc: 0.2410 time 13.45s
Epoch: 50/150 Iter: 86/96 loss: 15.1769 acc: 0.2431 time 13.40s
Epoch: 50/150 Iter: 87/96 loss: 15.1002 acc: 0.2434 time 11.04s
Epoch: 50/150 Iter: 88/96 loss: 15.0342 acc: 0.2415 time 10.96s
Epoch: 50/150 Iter: 89/96 loss: 14.9666 acc: 0.2426 time 10.85s
Epoch: 50/150 Iter: 90/96 loss: 15.1056 acc: 0.2436 time 11.05s
Epoch: 50/150 Iter: 91/96 loss: 15.1079 acc: 0.2421 time 13.47s
Epoch: 50/150 Iter: 92/96 loss: 14.9898 acc: 0.2443 time 10.86s
Epoch: 50/150 Iter: 93/96 loss: 14.9777 acc: 0.2441 time 11.11s
Epoch: 50/150 Iter: 94/96 loss: 14.9789 acc: 0.2441 time 13.59s
Epoch: 50/150 Iter: 95/96 loss: 14.9451 acc: 0.2442 time 11.00s
Epoch: 50/150 Iter: 96/96 loss: 15.0212 acc: 0.2417 time 11.26s
[Train epoch 50] avg_loss=15.0212 avg_acc=0.2417 | per-class [c0: 0.457, c1: 0.367, c2: 0.162]
Final training 50/150, loss: 15.0212, time 1134.58s, lr: 0.000000
Accuracy: 0.316
class                  precision    recall   specificity      f1   support
--------------------------------------------------------------------------
0                          0.481     0.457         0.534   0.469       280
1                          0.063     0.367         0.700   0.107        30
2                          0.319     0.162         0.703   0.214       266
*----------------------------------------*
Val 50/150 1/24, Acc: 0.1111, Loss: 16.7715, time 10.94s
Val 50/150 2/24, Acc: 0.2222, Loss: 13.5333, time 11.03s
Val 50/150 3/24, Acc: 0.2593, Loss: 11.3565, time 10.93s
Val 50/150 4/24, Acc: 0.2569, Loss: 12.1958, time 11.01s
Val 50/150 5/24, Acc: 0.2222, Loss: 11.5295, time 11.06s
Val 50/150 6/24, Acc: 0.1991, Loss: 11.6863, time 11.03s
Val 50/150 7/24, Acc: 0.1944, Loss: 11.9406, time 10.96s
Val 50/150 8/24, Acc: 0.1806, Loss: 11.7940, time 10.99s
Val 50/150 9/24, Acc: 0.1679, Loss: 11.1626, time 10.89s
Val 50/150 10/24, Acc: 0.1978, Loss: 10.8683, time 11.21s
Val 50/150 11/24, Acc: 0.2253, Loss: 10.8064, time 10.91s
Val 50/150 12/24, Acc: 0.2273, Loss: 10.6672, time 11.02s
Val 50/150 13/24, Acc: 0.2355, Loss: 10.4891, time 11.06s
Val 50/150 14/24, Acc: 0.2901, Loss: 9.7438, time 10.97s
Val 50/150 15/24, Acc: 0.3263, Loss: 9.1822, time 10.94s
Val 50/150 16/24, Acc: 0.3184, Loss: 9.0551, time 10.93s
Val 50/150 17/24, Acc: 0.3095, Loss: 9.4708, time 11.09s
Val 50/150 18/24, Acc: 0.3015, Loss: 9.3524, time 10.97s
Val 50/150 19/24, Acc: 0.3330, Loss: 8.8916, time 11.00s
Val 50/150 20/24, Acc: 0.3331, Loss: 8.6493, time 11.03s
Val 50/150 21/24, Acc: 0.3331, Loss: 8.8733, time 11.00s
Val 50/150 22/24, Acc: 0.3230, Loss: 9.2944, time 11.28s
Val 50/150 23/24, Acc: 0.3331, Loss: 9.0427, time 10.93s
Val 50/150 24/24, Acc: 0.3192, Loss: 9.4725, time 10.98s
[Val epoch 50] avg_acc=0.3192 | avg_loss=9.4725 | per-class [c0: 0.486, c1: 0.500, c2: 0.258]
Final validation 50/150, Val_acc: 0.3192, time 264.14sAccuracy: 0.382
class                  precision    recall   specificity      f1   support
--------------------------------------------------------------------------
0                          0.479     0.486         0.500   0.482        70
1                          0.111     0.500         0.765   0.182         8
2                          0.459     0.258         0.744   0.330        66
*========================================*
Saving checkpoint outputs/OrganoidsINRIA/swinunetr+noah/2025-11-28-12-24/training/model_final.pt
[EarlyStopping] no improve (24/30)
[EarlyStopping] no improve (24/30)
0 Sat Nov 29 06:22:38 2025 Epoch: 51
Epoch: 51/150 Iter: 1/96 loss: 11.5526 acc: 0.5556 time 14.19s
Epoch: 51/150 Iter: 2/96 loss: 24.1441 acc: 0.2778 time 10.94s
Epoch: 51/150 Iter: 3/96 loss: 20.6345 acc: 0.2407 time 13.51s
Epoch: 51/150 Iter: 4/96 loss: 20.7921 acc: 0.2083 time 11.13s
Epoch: 51/150 Iter: 5/96 loss: 18.4959 acc: 0.2333 time 13.49s
Epoch: 51/150 Iter: 6/96 loss: 18.8090 acc: 0.2500 time 11.09s
Epoch: 51/150 Iter: 7/96 loss: 17.6353 acc: 0.2460 time 13.56s
Epoch: 51/150 Iter: 8/96 loss: 18.1774 acc: 0.2257 time 11.12s
Epoch: 51/150 Iter: 9/96 loss: 17.1925 acc: 0.2253 time 11.17s
Epoch: 51/150 Iter: 10/96 loss: 17.0501 acc: 0.2161 time 11.07s
Epoch: 51/150 Iter: 11/96 loss: 15.5363 acc: 0.2760 time 10.89s
Epoch: 51/150 Iter: 12/96 loss: 16.1214 acc: 0.2808 time 10.93s
Epoch: 51/150 Iter: 13/96 loss: 15.4665 acc: 0.2848 time 10.96s
Epoch: 51/150 Iter: 14/96 loss: 15.3681 acc: 0.2764 time 11.26s
Epoch: 51/150 Iter: 15/96 loss: 15.5899 acc: 0.2580 time 13.54s
Epoch: 51/150 Iter: 16/96 loss: 15.7386 acc: 0.2557 time 13.47s
Epoch: 51/150 Iter: 17/96 loss: 15.8491 acc: 0.2525 time 11.09s
Epoch: 51/150 Iter: 18/96 loss: 15.9869 acc: 0.2508 time 11.21s
Epoch: 51/150 Iter: 19/96 loss: 16.0970 acc: 0.2420 time 11.20s
Epoch: 51/150 Iter: 20/96 loss: 15.6183 acc: 0.2632 time 11.07s
Epoch: 51/150 Iter: 21/96 loss: 15.4563 acc: 0.2697 time 10.97s
Epoch: 51/150 Iter: 22/96 loss: 15.4366 acc: 0.2676 time 13.53s
Epoch: 51/150 Iter: 23/96 loss: 15.3214 acc: 0.2777 time 10.95s
Epoch: 51/150 Iter: 24/96 loss: 15.7147 acc: 0.2707 time 10.97s
Epoch: 51/150 Iter: 25/96 loss: 16.1122 acc: 0.2754 time 11.00s
Epoch: 51/150 Iter: 26/96 loss: 15.8667 acc: 0.2734 time 10.97s
Epoch: 51/150 Iter: 27/96 loss: 15.6551 acc: 0.2715 time 10.96s
Epoch: 51/150 Iter: 28/96 loss: 15.4321 acc: 0.2697 time 13.47s
Epoch: 51/150 Iter: 29/96 loss: 15.1097 acc: 0.2691 time 13.49s
Epoch: 51/150 Iter: 30/96 loss: 15.7703 acc: 0.2601 time 10.92s
Epoch: 51/150 Iter: 31/96 loss: 15.5945 acc: 0.2598 time 13.59s
Epoch: 51/150 Iter: 32/96 loss: 15.5990 acc: 0.2551 time 11.06s
Epoch: 51/150 Iter: 33/96 loss: 15.4080 acc: 0.2592 time 13.55s
Epoch: 51/150 Iter: 34/96 loss: 15.4280 acc: 0.2597 time 11.11s
Epoch: 51/150 Iter: 35/96 loss: 15.4270 acc: 0.2571 time 10.93s
Epoch: 51/150 Iter: 36/96 loss: 15.1328 acc: 0.2592 time 10.97s
Epoch: 51/150 Iter: 37/96 loss: 14.8579 acc: 0.2567 time 10.91s
Epoch: 51/150 Iter: 38/96 loss: 14.6717 acc: 0.2558 time 13.49s
Epoch: 51/150 Iter: 39/96 loss: 14.4724 acc: 0.2599 time 10.91s
Epoch: 51/150 Iter: 40/96 loss: 14.3554 acc: 0.2590 time 10.98s
Epoch: 51/150 Iter: 41/96 loss: 14.1999 acc: 0.2608 time 13.55s
Epoch: 51/150 Iter: 42/96 loss: 14.2098 acc: 0.2635 time 10.91s
Epoch: 51/150 Iter: 43/96 loss: 14.2248 acc: 0.2593 time 13.54s
Epoch: 51/150 Iter: 44/96 loss: 14.3768 acc: 0.2591 time 11.11s
Epoch: 51/150 Iter: 45/96 loss: 14.6682 acc: 0.2533 time 13.47s
Epoch: 51/150 Iter: 46/96 loss: 14.5234 acc: 0.2587 time 11.09s
Epoch: 51/150 Iter: 47/96 loss: 14.6196 acc: 0.2603 time 13.55s
Epoch: 51/150 Iter: 48/96 loss: 14.7543 acc: 0.2606 time 10.94s
Epoch: 51/150 Iter: 49/96 loss: 14.6584 acc: 0.2672 time 10.90s
Epoch: 51/150 Iter: 50/96 loss: 14.6406 acc: 0.2686 time 11.07s
Epoch: 51/150 Iter: 51/96 loss: 14.5705 acc: 0.2672 time 11.12s
Epoch: 51/150 Iter: 52/96 loss: 14.8001 acc: 0.2621 time 10.99s
Epoch: 51/150 Iter: 53/96 loss: 14.9315 acc: 0.2587 time 10.93s
Epoch: 51/150 Iter: 54/96 loss: 14.9579 acc: 0.2570 time 13.55s
Epoch: 51/150 Iter: 55/96 loss: 14.9446 acc: 0.2564 time 13.58s
Epoch: 51/150 Iter: 56/96 loss: 14.7643 acc: 0.2577 time 13.51s
Epoch: 51/150 Iter: 57/96 loss: 14.6403 acc: 0.2655 time 11.08s
Epoch: 51/150 Iter: 58/96 loss: 14.4707 acc: 0.2710 time 13.51s
Epoch: 51/150 Iter: 59/96 loss: 14.3341 acc: 0.2777 time 11.24s
Epoch: 51/150 Iter: 60/96 loss: 14.3098 acc: 0.2793 time 11.09s
Epoch: 51/150 Iter: 61/96 loss: 14.1859 acc: 0.2788 time 13.47s
Epoch: 51/150 Iter: 62/96 loss: 14.1675 acc: 0.2810 time 10.88s
Epoch: 51/150 Iter: 63/96 loss: 14.3614 acc: 0.2792 time 10.91s
Epoch: 51/150 Iter: 64/96 loss: 14.2682 acc: 0.2792 time 13.52s
Epoch: 51/150 Iter: 65/96 loss: 14.2732 acc: 0.2800 time 11.23s
Epoch: 51/150 Iter: 66/96 loss: 14.1385 acc: 0.2834 time 11.23s
Epoch: 51/150 Iter: 67/96 loss: 14.2272 acc: 0.2841 time 10.93s
Epoch: 51/150 Iter: 68/96 loss: 14.0849 acc: 0.2922 time 10.99s
Epoch: 51/150 Iter: 69/96 loss: 14.1356 acc: 0.2880 time 10.99s
Epoch: 51/150 Iter: 70/96 loss: 14.1707 acc: 0.2838 time 13.52s
Epoch: 51/150 Iter: 71/96 loss: 14.0766 acc: 0.2827 time 13.55s
Epoch: 51/150 Iter: 72/96 loss: 14.1061 acc: 0.2834 time 13.45s
Epoch: 51/150 Iter: 73/96 loss: 14.0784 acc: 0.2818 time 13.47s
Epoch: 51/150 Iter: 74/96 loss: 14.0630 acc: 0.2813 time 13.47s
Epoch: 51/150 Iter: 75/96 loss: 14.0962 acc: 0.2806 time 10.93s
Epoch: 51/150 Iter: 76/96 loss: 14.1406 acc: 0.2805 time 13.47s
Epoch: 51/150 Iter: 77/96 loss: 14.1715 acc: 0.2783 time 13.53s
Epoch: 51/150 Iter: 78/96 loss: 14.0591 acc: 0.2812 time 11.10s
Epoch: 51/150 Iter: 79/96 loss: 14.0715 acc: 0.2787 time 11.08s
Epoch: 51/150 Iter: 80/96 loss: 13.9936 acc: 0.2814 time 11.15s
Epoch: 51/150 Iter: 81/96 loss: 13.9279 acc: 0.2810 time 11.03s
Epoch: 51/150 Iter: 82/96 loss: 13.8336 acc: 0.2807 time 10.84s
Epoch: 51/150 Iter: 83/96 loss: 13.9722 acc: 0.2823 time 10.89s
Epoch: 51/150 Iter: 84/96 loss: 13.8362 acc: 0.2859 time 11.07s
Epoch: 51/150 Iter: 85/96 loss: 13.8457 acc: 0.2838 time 10.86s
Epoch: 51/150 Iter: 86/96 loss: 13.9045 acc: 0.2805 time 13.44s
Epoch: 51/150 Iter: 87/96 loss: 13.9674 acc: 0.2816 time 13.43s
Epoch: 51/150 Iter: 88/96 loss: 14.0572 acc: 0.2809 time 10.92s
Epoch: 51/150 Iter: 89/96 loss: 14.0199 acc: 0.2820 time 11.02s
Epoch: 51/150 Iter: 90/96 loss: 13.9787 acc: 0.2789 time 13.44s
Epoch: 51/150 Iter: 91/96 loss: 14.0610 acc: 0.2770 time 11.13s
Epoch: 51/150 Iter: 92/96 loss: 14.0844 acc: 0.2755 time 13.51s
Epoch: 51/150 Iter: 93/96 loss: 14.0100 acc: 0.2743 time 13.49s
Epoch: 51/150 Iter: 94/96 loss: 14.0360 acc: 0.2737 time 11.07s
Epoch: 51/150 Iter: 95/96 loss: 14.0047 acc: 0.2730 time 13.49s
Epoch: 51/150 Iter: 96/96 loss: 13.9605 acc: 0.2718 time 10.87s
[Train epoch 51] avg_loss=13.9605 avg_acc=0.2718 | per-class [c0: 0.488, c1: 0.233, c2: 0.177]
Final training 51/150, loss: 13.9605, time 1145.76s, lr: 0.000000
Accuracy: 0.332
class                  precision    recall   specificity      f1   support
--------------------------------------------------------------------------
0                          0.486     0.488         0.508   0.487       281
1                          0.041     0.233         0.703   0.070        30
2                          0.376     0.177         0.749   0.241       265
*----------------------------------------*
0 Sat Nov 29 06:41:44 2025 Epoch: 52
Epoch: 52/150 Iter: 1/96 loss: 8.7021 acc: 0.1111 time 16.87s
Epoch: 52/150 Iter: 2/96 loss: 13.9299 acc: 0.2431 time 11.07s
Epoch: 52/150 Iter: 3/96 loss: 12.7392 acc: 0.2454 time 13.56s
Epoch: 52/150 Iter: 4/96 loss: 12.7572 acc: 0.1840 time 10.99s
Epoch: 52/150 Iter: 5/96 loss: 12.0359 acc: 0.2472 time 13.49s
Epoch: 52/150 Iter: 6/96 loss: 12.4517 acc: 0.2269 time 13.54s
Epoch: 52/150 Iter: 7/96 loss: 13.2145 acc: 0.2040 time 13.49s
Epoch: 52/150 Iter: 8/96 loss: 14.2308 acc: 0.1785 time 11.08s
Epoch: 52/150 Iter: 9/96 loss: 14.7073 acc: 0.2019 time 10.94s
Epoch: 52/150 Iter: 10/96 loss: 14.9472 acc: 0.1950 time 11.07s
Epoch: 52/150 Iter: 11/96 loss: 15.7673 acc: 0.2126 time 13.54s
Epoch: 52/150 Iter: 12/96 loss: 15.2737 acc: 0.2227 time 13.45s
Epoch: 52/150 Iter: 13/96 loss: 14.4267 acc: 0.2376 time 11.06s
Epoch: 52/150 Iter: 14/96 loss: 14.0421 acc: 0.2325 time 13.49s
Epoch: 52/150 Iter: 15/96 loss: 13.4584 acc: 0.2578 time 11.19s
Epoch: 52/150 Iter: 16/96 loss: 13.8996 acc: 0.2667 time 13.57s
Epoch: 52/150 Iter: 17/96 loss: 14.4972 acc: 0.2575 time 10.96s
Epoch: 52/150 Iter: 18/96 loss: 13.7931 acc: 0.2833 time 13.47s
Epoch: 52/150 Iter: 19/96 loss: 13.8148 acc: 0.2772 time 13.57s
Epoch: 52/150 Iter: 20/96 loss: 14.1751 acc: 0.2689 time 13.50s
Epoch: 52/150 Iter: 21/96 loss: 13.9989 acc: 0.2640 time 13.54s
Epoch: 52/150 Iter: 22/96 loss: 14.2322 acc: 0.2520 time 11.26s
Epoch: 52/150 Iter: 23/96 loss: 14.0159 acc: 0.2556 time 11.12s
Epoch: 52/150 Iter: 24/96 loss: 14.6391 acc: 0.2449 time 11.01s
Epoch: 52/150 Iter: 25/96 loss: 15.4016 acc: 0.2351 time 13.54s
Epoch: 52/150 Iter: 26/96 loss: 14.9642 acc: 0.2389 time 10.94s
Epoch: 52/150 Iter: 27/96 loss: 14.9877 acc: 0.2455 time 11.12s
Epoch: 52/150 Iter: 28/96 loss: 15.0351 acc: 0.2427 time 13.55s
Epoch: 52/150 Iter: 29/96 loss: 15.9589 acc: 0.2372 time 11.14s
Epoch: 52/150 Iter: 30/96 loss: 16.2978 acc: 0.2293 time 11.10s
Epoch: 52/150 Iter: 31/96 loss: 16.2840 acc: 0.2246 time 13.59s
Epoch: 52/150 Iter: 32/96 loss: 16.1199 acc: 0.2245 time 11.07s
Epoch: 52/150 Iter: 33/96 loss: 15.8794 acc: 0.2253 time 13.50s
Epoch: 52/150 Iter: 34/96 loss: 15.8208 acc: 0.2235 time 11.11s
Epoch: 52/150 Iter: 35/96 loss: 15.9004 acc: 0.2219 time 11.14s
Epoch: 52/150 Iter: 36/96 loss: 15.7810 acc: 0.2227 time 13.53s
Epoch: 52/150 Iter: 37/96 loss: 15.4632 acc: 0.2317 time 13.52s
Epoch: 52/150 Iter: 38/96 loss: 15.2558 acc: 0.2344 time 13.51s
Epoch: 52/150 Iter: 39/96 loss: 15.0555 acc: 0.2412 time 10.92s
Epoch: 52/150 Iter: 40/96 loss: 14.9455 acc: 0.2372 time 10.98s
Epoch: 52/150 Iter: 41/96 loss: 14.7160 acc: 0.2396 time 11.12s
Epoch: 52/150 Iter: 42/96 loss: 14.7601 acc: 0.2450 time 13.55s
Epoch: 52/150 Iter: 43/96 loss: 14.9568 acc: 0.2412 time 10.95s
Epoch: 52/150 Iter: 44/96 loss: 15.0043 acc: 0.2383 time 11.02s
Epoch: 52/150 Iter: 45/96 loss: 15.3854 acc: 0.2367 time 11.07s
Epoch: 52/150 Iter: 46/96 loss: 15.4045 acc: 0.2351 time 13.51s
Epoch: 52/150 Iter: 47/96 loss: 15.4949 acc: 0.2337 time 13.48s
Epoch: 52/150 Iter: 48/96 loss: 15.3033 acc: 0.2344 time 10.94s
Epoch: 52/150 Iter: 49/96 loss: 15.2383 acc: 0.2381 time 13.51s
Epoch: 52/150 Iter: 50/96 loss: 15.3179 acc: 0.2333 time 10.93s
Epoch: 52/150 Iter: 51/96 loss: 15.2221 acc: 0.2353 time 11.19s
Epoch: 52/150 Iter: 52/96 loss: 15.1952 acc: 0.2340 time 10.97s
Epoch: 52/150 Iter: 53/96 loss: 15.2478 acc: 0.2327 time 10.98s
Epoch: 52/150 Iter: 54/96 loss: 15.2379 acc: 0.2299 time 11.10s
Epoch: 52/150 Iter: 55/96 loss: 15.1176 acc: 0.2288 time 13.50s
Epoch: 52/150 Iter: 56/96 loss: 15.2421 acc: 0.2257 time 13.51s
Epoch: 52/150 Iter: 57/96 loss: 15.1091 acc: 0.2311 time 13.50s
Epoch: 52/150 Iter: 58/96 loss: 15.0273 acc: 0.2329 time 13.46s
Epoch: 52/150 Iter: 59/96 loss: 15.1566 acc: 0.2289 time 11.10s
Epoch: 52/150 Iter: 60/96 loss: 15.4013 acc: 0.2251 time 10.97s
Epoch: 52/150 Iter: 61/96 loss: 15.4932 acc: 0.2228 time 13.49s
Epoch: 52/150 Iter: 62/96 loss: 15.5890 acc: 0.2210 time 11.10s
Epoch: 52/150 Iter: 63/96 loss: 15.4307 acc: 0.2228 time 13.50s
Epoch: 52/150 Iter: 64/96 loss: 15.5591 acc: 0.2219 time 11.19s
Epoch: 52/150 Iter: 65/96 loss: 15.5361 acc: 0.2202 time 13.51s
Epoch: 52/150 Iter: 66/96 loss: 15.4558 acc: 0.2168 time 13.51s
Epoch: 52/150 Iter: 67/96 loss: 15.5517 acc: 0.2153 time 11.10s
Epoch: 52/150 Iter: 68/96 loss: 15.4769 acc: 0.2137 time 11.25s
Epoch: 52/150 Iter: 69/96 loss: 15.5010 acc: 0.2138 time 11.10s
Epoch: 52/150 Iter: 70/96 loss: 15.4046 acc: 0.2144 time 13.53s
Epoch: 52/150 Iter: 71/96 loss: 15.5792 acc: 0.2160 time 13.55s
Epoch: 52/150 Iter: 72/96 loss: 15.4756 acc: 0.2177 time 13.54s
Epoch: 52/150 Iter: 73/96 loss: 15.3670 acc: 0.2232 time 11.11s
Epoch: 52/150 Iter: 74/96 loss: 15.5241 acc: 0.2202 time 10.93s
Epoch: 52/150 Iter: 75/96 loss: 15.4120 acc: 0.2203 time 13.51s
Epoch: 52/150 Iter: 76/96 loss: 15.4547 acc: 0.2174 time 13.46s
Epoch: 52/150 Iter: 77/96 loss: 15.3303 acc: 0.2210 time 13.49s
Epoch: 52/150 Iter: 78/96 loss: 15.2544 acc: 0.2246 time 10.93s
Epoch: 52/150 Iter: 79/96 loss: 15.1112 acc: 0.2268 time 13.52s
Epoch: 52/150 Iter: 80/96 loss: 15.1836 acc: 0.2275 time 13.49s
Epoch: 52/150 Iter: 81/96 loss: 15.0922 acc: 0.2298 time 10.88s
Epoch: 52/150 Iter: 82/96 loss: 15.1321 acc: 0.2284 time 10.86s
Epoch: 52/150 Iter: 83/96 loss: 15.1278 acc: 0.2304 time 10.95s
Epoch: 52/150 Iter: 84/96 loss: 15.1601 acc: 0.2290 time 13.40s
Epoch: 52/150 Iter: 85/96 loss: 15.1355 acc: 0.2292 time 10.95s
Epoch: 52/150 Iter: 86/96 loss: 15.2239 acc: 0.2295 time 13.45s
Epoch: 52/150 Iter: 87/96 loss: 15.2437 acc: 0.2288 time 11.12s
Epoch: 52/150 Iter: 88/96 loss: 15.2164 acc: 0.2300 time 13.43s
Epoch: 52/150 Iter: 89/96 loss: 15.0873 acc: 0.2330 time 10.88s
Epoch: 52/150 Iter: 90/96 loss: 15.0654 acc: 0.2332 time 13.43s
Epoch: 52/150 Iter: 91/96 loss: 15.0468 acc: 0.2343 time 10.85s
Epoch: 52/150 Iter: 92/96 loss: 15.0816 acc: 0.2346 time 10.85s
Epoch: 52/150 Iter: 93/96 loss: 15.0003 acc: 0.2348 time 13.45s
Epoch: 52/150 Iter: 94/96 loss: 15.1529 acc: 0.2358 time 13.41s
Epoch: 52/150 Iter: 95/96 loss: 15.0387 acc: 0.2386 time 13.44s
Epoch: 52/150 Iter: 96/96 loss: 15.0698 acc: 0.2385 time 10.95s
[Train epoch 52] avg_loss=15.0698 avg_acc=0.2385 | per-class [c0: 0.445, c1: 0.200, c2: 0.170]
Final training 52/150, loss: 15.0698, time 1178.55s, lr: 0.000000
Accuracy: 0.306
class                  precision    recall   specificity      f1   support
--------------------------------------------------------------------------
0                          0.470     0.445         0.522   0.457       281
1                          0.034     0.200         0.683   0.057        30
2                          0.344     0.170         0.723   0.227       265
*----------------------------------------*
Val 52/150 1/24, Acc: 0.1111, Loss: 16.7715, time 10.92s
Val 52/150 2/24, Acc: 0.2222, Loss: 13.5333, time 10.95s
Val 52/150 3/24, Acc: 0.2593, Loss: 11.3565, time 10.94s
Val 52/150 4/24, Acc: 0.2569, Loss: 12.1958, time 10.90s
Val 52/150 5/24, Acc: 0.2222, Loss: 11.5295, time 11.00s
Val 52/150 6/24, Acc: 0.1991, Loss: 11.6863, time 11.04s
Val 52/150 7/24, Acc: 0.1944, Loss: 11.9406, time 10.94s
Val 52/150 8/24, Acc: 0.1806, Loss: 11.7940, time 10.97s
Val 52/150 9/24, Acc: 0.1679, Loss: 11.1626, time 10.88s
Val 52/150 10/24, Acc: 0.1978, Loss: 10.8683, time 11.24s
Val 52/150 11/24, Acc: 0.2253, Loss: 10.8064, time 10.88s
Val 52/150 12/24, Acc: 0.2273, Loss: 10.6672, time 11.05s
Val 52/150 13/24, Acc: 0.2355, Loss: 10.4891, time 11.10s
Val 52/150 14/24, Acc: 0.2901, Loss: 9.7438, time 10.96s
Val 52/150 15/24, Acc: 0.3263, Loss: 9.1822, time 11.02s
Val 52/150 16/24, Acc: 0.3184, Loss: 9.0551, time 10.97s
Val 52/150 17/24, Acc: 0.3095, Loss: 9.4708, time 11.08s
Val 52/150 18/24, Acc: 0.3015, Loss: 9.3524, time 11.00s
Val 52/150 19/24, Acc: 0.3330, Loss: 8.8916, time 11.04s
Val 52/150 20/24, Acc: 0.3331, Loss: 8.6493, time 11.04s
Val 52/150 21/24, Acc: 0.3331, Loss: 8.8733, time 10.99s
Val 52/150 22/24, Acc: 0.3230, Loss: 9.2944, time 11.21s
Val 52/150 23/24, Acc: 0.3331, Loss: 9.0427, time 10.90s
Val 52/150 24/24, Acc: 0.3192, Loss: 9.4725, time 10.88s
[Val epoch 52] avg_acc=0.3192 | avg_loss=9.4725 | per-class [c0: 0.486, c1: 0.500, c2: 0.258]
Final validation 52/150, Val_acc: 0.3192, time 263.89sAccuracy: 0.382
class                  precision    recall   specificity      f1   support
--------------------------------------------------------------------------
0                          0.479     0.486         0.500   0.482        70
1                          0.111     0.500         0.765   0.182         8
2                          0.459     0.258         0.744   0.330        66
*========================================*
Saving checkpoint outputs/OrganoidsINRIA/swinunetr+noah/2025-11-28-12-24/training/model_final.pt
[EarlyStopping] no improve (25/30)
[EarlyStopping] no improve (25/30)
0 Sat Nov 29 07:05:51 2025 Epoch: 53
Epoch: 53/150 Iter: 1/96 loss: 10.6620 acc: 0.4444 time 13.46s
Epoch: 53/150 Iter: 2/96 loss: 12.4325 acc: 0.3889 time 13.48s
Epoch: 53/150 Iter: 3/96 loss: 11.8692 acc: 0.2593 time 10.91s
Epoch: 53/150 Iter: 4/96 loss: 11.5313 acc: 0.2500 time 13.50s
Epoch: 53/150 Iter: 5/96 loss: 11.1865 acc: 0.2444 time 11.06s
Epoch: 53/150 Iter: 6/96 loss: 11.0542 acc: 0.2222 time 11.20s
Epoch: 53/150 Iter: 7/96 loss: 12.9374 acc: 0.2143 time 11.23s
Epoch: 53/150 Iter: 8/96 loss: 12.0937 acc: 0.2500 time 13.49s
Epoch: 53/150 Iter: 9/96 loss: 12.8465 acc: 0.2667 time 10.92s
Epoch: 53/150 Iter: 10/96 loss: 13.3035 acc: 0.2533 time 11.05s
Epoch: 53/150 Iter: 11/96 loss: 14.0428 acc: 0.2404 time 10.96s
Epoch: 53/150 Iter: 12/96 loss: 16.0690 acc: 0.2620 time 11.07s
Epoch: 53/150 Iter: 13/96 loss: 16.1810 acc: 0.2547 time 11.21s
Epoch: 53/150 Iter: 14/96 loss: 15.4791 acc: 0.2663 time 11.09s
Epoch: 53/150 Iter: 15/96 loss: 15.9766 acc: 0.2485 time 10.96s
Epoch: 53/150 Iter: 16/96 loss: 16.5824 acc: 0.2330 time 13.45s
Epoch: 53/150 Iter: 17/96 loss: 15.8131 acc: 0.2560 time 13.51s
Epoch: 53/150 Iter: 18/96 loss: 15.9540 acc: 0.2634 time 10.93s
Epoch: 53/150 Iter: 19/96 loss: 15.3336 acc: 0.2759 time 11.09s
Epoch: 53/150 Iter: 20/96 loss: 15.4382 acc: 0.2732 time 13.49s
Epoch: 53/150 Iter: 21/96 loss: 15.4741 acc: 0.2708 time 13.51s
Epoch: 53/150 Iter: 22/96 loss: 15.2692 acc: 0.2698 time 13.48s
Epoch: 53/150 Iter: 23/96 loss: 14.6555 acc: 0.2972 time 10.95s
Epoch: 53/150 Iter: 24/96 loss: 14.4509 acc: 0.2918 time 11.05s
Epoch: 53/150 Iter: 25/96 loss: 14.5385 acc: 0.2868 time 11.11s
Epoch: 53/150 Iter: 26/96 loss: 14.3593 acc: 0.2843 time 10.90s
Epoch: 53/150 Iter: 27/96 loss: 14.1057 acc: 0.2997 time 10.98s
Epoch: 53/150 Iter: 28/96 loss: 13.9213 acc: 0.3009 time 11.05s
Epoch: 53/150 Iter: 29/96 loss: 13.6502 acc: 0.3058 time 13.52s
Epoch: 53/150 Iter: 30/96 loss: 13.5582 acc: 0.3040 time 11.07s
Epoch: 53/150 Iter: 31/96 loss: 13.7663 acc: 0.2942 time 11.03s
Epoch: 53/150 Iter: 32/96 loss: 13.6349 acc: 0.2954 time 13.54s
Epoch: 53/150 Iter: 33/96 loss: 13.5866 acc: 0.2898 time 10.87s
Epoch: 53/150 Iter: 34/96 loss: 13.7598 acc: 0.2886 time 11.06s
Epoch: 53/150 Iter: 35/96 loss: 13.5654 acc: 0.2994 time 10.94s
Epoch: 53/150 Iter: 36/96 loss: 13.5827 acc: 0.2973 time 13.46s
Epoch: 53/150 Iter: 37/96 loss: 13.6245 acc: 0.2915 time 10.90s
Epoch: 53/150 Iter: 38/96 loss: 13.7930 acc: 0.2897 time 13.55s
Epoch: 53/150 Iter: 39/96 loss: 13.6227 acc: 0.2937 time 11.21s
Epoch: 53/150 Iter: 40/96 loss: 13.4905 acc: 0.2905 time 13.58s
Epoch: 53/150 Iter: 41/96 loss: 13.4289 acc: 0.2875 time 13.53s
Epoch: 53/150 Iter: 42/96 loss: 13.7097 acc: 0.2859 time 10.95s
Epoch: 53/150 Iter: 43/96 loss: 13.5151 acc: 0.2938 time 13.57s
Epoch: 53/150 Iter: 44/96 loss: 13.5150 acc: 0.2886 time 11.07s
Epoch: 53/150 Iter: 45/96 loss: 13.3938 acc: 0.2889 time 13.45s
Epoch: 53/150 Iter: 46/96 loss: 13.3749 acc: 0.2917 time 10.95s
Epoch: 53/150 Iter: 47/96 loss: 13.3623 acc: 0.2872 time 11.18s
Epoch: 53/150 Iter: 48/96 loss: 13.5006 acc: 0.2882 time 10.98s
Epoch: 53/150 Iter: 49/96 loss: 13.8170 acc: 0.2823 time 13.50s
Epoch: 53/150 Iter: 50/96 loss: 13.8948 acc: 0.2833 time 13.45s
Epoch: 53/150 Iter: 51/96 loss: 13.9860 acc: 0.2794 time 13.49s
Epoch: 53/150 Iter: 52/96 loss: 13.9562 acc: 0.2804 time 10.96s
Epoch: 53/150 Iter: 53/96 loss: 13.9686 acc: 0.2814 time 10.93s
Epoch: 53/150 Iter: 54/96 loss: 13.8435 acc: 0.2855 time 11.19s
Epoch: 53/150 Iter: 55/96 loss: 13.8241 acc: 0.2864 time 13.52s
Epoch: 53/150 Iter: 56/96 loss: 13.7554 acc: 0.2832 time 13.45s
Epoch: 53/150 Iter: 57/96 loss: 13.6635 acc: 0.2818 time 11.08s
Epoch: 53/150 Iter: 58/96 loss: 13.4495 acc: 0.2841 time 11.09s
Epoch: 53/150 Iter: 59/96 loss: 13.5059 acc: 0.2861 time 11.11s
Epoch: 53/150 Iter: 60/96 loss: 13.6563 acc: 0.2841 time 10.95s
Epoch: 53/150 Iter: 61/96 loss: 13.7459 acc: 0.2805 time 13.51s
Epoch: 53/150 Iter: 62/96 loss: 14.0737 acc: 0.2760 time 13.53s
Epoch: 53/150 Iter: 63/96 loss: 14.0586 acc: 0.2782 time 10.91s
Epoch: 53/150 Iter: 64/96 loss: 13.8850 acc: 0.2834 time 11.11s
Epoch: 53/150 Iter: 65/96 loss: 13.7929 acc: 0.2821 time 13.52s
Epoch: 53/150 Iter: 66/96 loss: 13.9519 acc: 0.2795 time 13.51s
Epoch: 53/150 Iter: 67/96 loss: 13.8876 acc: 0.2770 time 13.48s
Epoch: 53/150 Iter: 68/96 loss: 13.9976 acc: 0.2730 time 13.49s
Epoch: 53/150 Iter: 69/96 loss: 14.0614 acc: 0.2762 time 10.94s
Epoch: 53/150 Iter: 70/96 loss: 14.0079 acc: 0.2752 time 13.54s
Epoch: 53/150 Iter: 71/96 loss: 14.0514 acc: 0.2713 time 10.94s
Epoch: 53/150 Iter: 72/96 loss: 14.0302 acc: 0.2706 time 11.21s
Epoch: 53/150 Iter: 73/96 loss: 14.0797 acc: 0.2692 time 10.93s
Epoch: 53/150 Iter: 74/96 loss: 14.0031 acc: 0.2740 time 11.09s
Epoch: 53/150 Iter: 75/96 loss: 14.0606 acc: 0.2721 time 13.48s
Epoch: 53/150 Iter: 76/96 loss: 14.1610 acc: 0.2707 time 10.94s
Epoch: 53/150 Iter: 77/96 loss: 14.1405 acc: 0.2694 time 10.92s
Epoch: 53/150 Iter: 78/96 loss: 14.2673 acc: 0.2688 time 13.57s
Epoch: 53/150 Iter: 79/96 loss: 14.2555 acc: 0.2664 time 13.52s
Epoch: 53/150 Iter: 80/96 loss: 14.3596 acc: 0.2631 time 13.51s
Epoch: 53/150 Iter: 81/96 loss: 14.3432 acc: 0.2609 time 10.97s
Epoch: 53/150 Iter: 82/96 loss: 14.2655 acc: 0.2638 time 10.94s
Epoch: 53/150 Iter: 83/96 loss: 14.3282 acc: 0.2619 time 13.43s
Epoch: 53/150 Iter: 84/96 loss: 14.3319 acc: 0.2618 time 10.93s
Epoch: 53/150 Iter: 85/96 loss: 14.2809 acc: 0.2626 time 10.89s
Epoch: 53/150 Iter: 86/96 loss: 14.1659 acc: 0.2635 time 10.87s
Epoch: 53/150 Iter: 87/96 loss: 14.3062 acc: 0.2604 time 10.90s
Epoch: 53/150 Iter: 88/96 loss: 14.2228 acc: 0.2625 time 10.84s
Epoch: 53/150 Iter: 89/96 loss: 14.2751 acc: 0.2605 time 13.49s
Epoch: 53/150 Iter: 90/96 loss: 14.1836 acc: 0.2623 time 10.95s
Epoch: 53/150 Iter: 91/96 loss: 14.1384 acc: 0.2635 time 10.88s
Epoch: 53/150 Iter: 92/96 loss: 14.2491 acc: 0.2630 time 13.46s
Epoch: 53/150 Iter: 93/96 loss: 14.2085 acc: 0.2602 time 13.46s
Epoch: 53/150 Iter: 94/96 loss: 14.1785 acc: 0.2598 time 10.96s
Epoch: 53/150 Iter: 95/96 loss: 14.1433 acc: 0.2588 time 10.94s
Epoch: 53/150 Iter: 96/96 loss: 14.2510 acc: 0.2570 time 10.92s
[Train epoch 53] avg_loss=14.2510 avg_acc=0.2570 | per-class [c0: 0.457, c1: 0.267, c2: 0.218]
Final training 53/150, loss: 14.2510, time 1148.77s, lr: 0.000000
Accuracy: 0.337
class                  precision    recall   specificity      f1   support
--------------------------------------------------------------------------
0                          0.474     0.457         0.520   0.465       280
1                          0.048     0.267         0.709   0.081        30
2                          0.417     0.218         0.739   0.286       266
*----------------------------------------*
0 Sat Nov 29 07:25:00 2025 Epoch: 54
Epoch: 54/150 Iter: 1/96 loss: 14.1765 acc: 0.0000 time 15.24s
Epoch: 54/150 Iter: 2/96 loss: 12.9667 acc: 0.2083 time 13.56s
Epoch: 54/150 Iter: 3/96 loss: 12.7553 acc: 0.2870 time 10.98s
Epoch: 54/150 Iter: 4/96 loss: 14.7522 acc: 0.2153 time 11.21s
Epoch: 54/150 Iter: 5/96 loss: 15.8437 acc: 0.2389 time 10.91s
Epoch: 54/150 Iter: 6/96 loss: 15.9796 acc: 0.2269 time 13.55s
Epoch: 54/150 Iter: 7/96 loss: 15.4091 acc: 0.2302 time 11.12s
Epoch: 54/150 Iter: 8/96 loss: 15.2294 acc: 0.2292 time 13.56s
Epoch: 54/150 Iter: 9/96 loss: 14.9851 acc: 0.2111 time 10.94s
Epoch: 54/150 Iter: 10/96 loss: 16.5474 acc: 0.2011 time 13.53s
Epoch: 54/150 Iter: 11/96 loss: 16.3467 acc: 0.2010 time 10.90s
Epoch: 54/150 Iter: 12/96 loss: 16.0745 acc: 0.1843 time 10.96s
Epoch: 54/150 Iter: 13/96 loss: 16.9820 acc: 0.1701 time 13.52s
Epoch: 54/150 Iter: 14/96 loss: 16.3315 acc: 0.1738 time 13.50s
Epoch: 54/150 Iter: 15/96 loss: 15.8772 acc: 0.1844 time 13.49s
Epoch: 54/150 Iter: 16/96 loss: 16.0640 acc: 0.1868 time 13.51s
Epoch: 54/150 Iter: 17/96 loss: 16.0330 acc: 0.1824 time 11.10s
Epoch: 54/150 Iter: 18/96 loss: 16.0779 acc: 0.1722 time 13.46s
Epoch: 54/150 Iter: 19/96 loss: 15.3549 acc: 0.2026 time 13.51s
Epoch: 54/150 Iter: 20/96 loss: 15.1856 acc: 0.2036 time 13.49s
Epoch: 54/150 Iter: 21/96 loss: 15.2667 acc: 0.1979 time 13.46s
Epoch: 54/150 Iter: 22/96 loss: 15.0249 acc: 0.2091 time 13.53s
Epoch: 54/150 Iter: 23/96 loss: 15.1960 acc: 0.2000 time 11.00s
Epoch: 54/150 Iter: 24/96 loss: 15.3369 acc: 0.2056 time 13.49s
Epoch: 54/150 Iter: 25/96 loss: 15.3043 acc: 0.1973 time 10.96s
Epoch: 54/150 Iter: 26/96 loss: 15.0604 acc: 0.2013 time 11.20s
Epoch: 54/150 Iter: 27/96 loss: 15.5975 acc: 0.1969 time 13.56s
Epoch: 54/150 Iter: 28/96 loss: 15.1701 acc: 0.1988 time 13.49s
Epoch: 54/150 Iter: 29/96 loss: 15.7116 acc: 0.1920 time 11.08s
Epoch: 54/150 Iter: 30/96 loss: 15.6184 acc: 0.1939 time 13.51s
Epoch: 54/150 Iter: 31/96 loss: 15.7618 acc: 0.2038 time 11.18s
Epoch: 54/150 Iter: 32/96 loss: 15.9411 acc: 0.1974 time 13.52s
Epoch: 54/150 Iter: 33/96 loss: 15.9674 acc: 0.2066 time 13.49s
Epoch: 54/150 Iter: 34/96 loss: 16.0670 acc: 0.2029 time 10.94s
Epoch: 54/150 Iter: 35/96 loss: 15.8824 acc: 0.2067 time 10.93s
Epoch: 54/150 Iter: 36/96 loss: 15.6615 acc: 0.2056 time 11.20s
Epoch: 54/150 Iter: 37/96 loss: 15.4930 acc: 0.2060 time 11.05s
Epoch: 54/150 Iter: 38/96 loss: 15.2179 acc: 0.2137 time 13.54s
Epoch: 54/150 Iter: 39/96 loss: 15.0582 acc: 0.2125 time 10.94s
Epoch: 54/150 Iter: 40/96 loss: 14.8412 acc: 0.2183 time 10.93s
Epoch: 54/150 Iter: 41/96 loss: 14.9667 acc: 0.2184 time 13.45s
Epoch: 54/150 Iter: 42/96 loss: 15.2645 acc: 0.2132 time 13.52s
Epoch: 54/150 Iter: 43/96 loss: 15.3148 acc: 0.2121 time 13.51s
Epoch: 54/150 Iter: 44/96 loss: 15.2548 acc: 0.2130 time 11.21s
Epoch: 54/150 Iter: 45/96 loss: 15.3682 acc: 0.2112 time 10.92s
Epoch: 54/150 Iter: 46/96 loss: 15.2561 acc: 0.2085 time 11.24s
Epoch: 54/150 Iter: 47/96 loss: 15.2194 acc: 0.2040 time 10.93s
Epoch: 54/150 Iter: 48/96 loss: 14.9817 acc: 0.2119 time 11.07s
Epoch: 54/150 Iter: 49/96 loss: 15.2115 acc: 0.2121 time 13.46s
Epoch: 54/150 Iter: 50/96 loss: 15.2010 acc: 0.2096 time 11.08s
Epoch: 54/150 Iter: 51/96 loss: 15.0952 acc: 0.2076 time 11.07s
Epoch: 54/150 Iter: 52/96 loss: 15.0783 acc: 0.2052 time 10.93s
Epoch: 54/150 Iter: 53/96 loss: 15.0385 acc: 0.2077 time 10.91s
Epoch: 54/150 Iter: 54/96 loss: 14.8897 acc: 0.2120 time 10.88s
Epoch: 54/150 Iter: 55/96 loss: 14.9047 acc: 0.2122 time 11.11s
Epoch: 54/150 Iter: 56/96 loss: 14.8167 acc: 0.2084 time 13.50s
Epoch: 54/150 Iter: 57/96 loss: 14.6951 acc: 0.2106 time 13.53s
Epoch: 54/150 Iter: 58/96 loss: 14.6280 acc: 0.2108 time 10.88s
Epoch: 54/150 Iter: 59/96 loss: 14.7877 acc: 0.2091 time 11.23s
Epoch: 54/150 Iter: 60/96 loss: 15.0362 acc: 0.2103 time 11.08s
Epoch: 54/150 Iter: 61/96 loss: 15.0178 acc: 0.2096 time 10.88s
Epoch: 54/150 Iter: 62/96 loss: 14.8039 acc: 0.2169 time 11.24s
Epoch: 54/150 Iter: 63/96 loss: 14.7591 acc: 0.2214 time 13.50s
Epoch: 54/150 Iter: 64/96 loss: 14.7337 acc: 0.2219 time 11.04s
Epoch: 54/150 Iter: 65/96 loss: 14.6259 acc: 0.2219 time 11.10s
Epoch: 54/150 Iter: 66/96 loss: 14.4559 acc: 0.2286 time 10.97s
Epoch: 54/150 Iter: 67/96 loss: 14.3828 acc: 0.2327 time 13.48s
Epoch: 54/150 Iter: 68/96 loss: 14.3465 acc: 0.2366 time 11.20s
Epoch: 54/150 Iter: 69/96 loss: 14.3237 acc: 0.2380 time 10.96s
Epoch: 54/150 Iter: 70/96 loss: 14.1807 acc: 0.2417 time 13.51s
Epoch: 54/150 Iter: 71/96 loss: 14.2253 acc: 0.2454 time 13.51s
Epoch: 54/150 Iter: 72/96 loss: 14.3529 acc: 0.2420 time 10.91s
Epoch: 54/150 Iter: 73/96 loss: 14.5389 acc: 0.2402 time 10.93s
Epoch: 54/150 Iter: 74/96 loss: 14.4550 acc: 0.2399 time 13.49s
Epoch: 54/150 Iter: 75/96 loss: 14.4689 acc: 0.2401 time 13.57s
Epoch: 54/150 Iter: 76/96 loss: 14.3987 acc: 0.2413 time 11.22s
Epoch: 54/150 Iter: 77/96 loss: 14.4082 acc: 0.2425 time 10.95s
Epoch: 54/150 Iter: 78/96 loss: 14.4653 acc: 0.2394 time 11.04s
Epoch: 54/150 Iter: 79/96 loss: 14.4320 acc: 0.2385 time 13.57s
Epoch: 54/150 Iter: 80/96 loss: 14.4068 acc: 0.2397 time 11.23s
Epoch: 54/150 Iter: 81/96 loss: 14.4180 acc: 0.2398 time 13.54s
Epoch: 54/150 Iter: 82/96 loss: 14.4050 acc: 0.2409 time 13.43s
Epoch: 54/150 Iter: 83/96 loss: 14.5561 acc: 0.2380 time 13.45s
Epoch: 54/150 Iter: 84/96 loss: 14.4791 acc: 0.2392 time 10.84s
Epoch: 54/150 Iter: 85/96 loss: 14.3911 acc: 0.2412 time 10.95s
Epoch: 54/150 Iter: 86/96 loss: 14.5376 acc: 0.2384 time 11.08s
Epoch: 54/150 Iter: 87/96 loss: 14.4823 acc: 0.2386 time 13.42s
Epoch: 54/150 Iter: 88/96 loss: 14.4763 acc: 0.2366 time 11.08s
Epoch: 54/150 Iter: 89/96 loss: 14.4419 acc: 0.2358 time 13.52s
Epoch: 54/150 Iter: 90/96 loss: 14.3728 acc: 0.2388 time 10.83s
Epoch: 54/150 Iter: 91/96 loss: 14.3222 acc: 0.2398 time 13.47s
Epoch: 54/150 Iter: 92/96 loss: 14.3465 acc: 0.2381 time 10.87s
Epoch: 54/150 Iter: 93/96 loss: 14.5119 acc: 0.2355 time 10.88s
Epoch: 54/150 Iter: 94/96 loss: 14.4377 acc: 0.2357 time 13.50s
Epoch: 54/150 Iter: 95/96 loss: 14.4154 acc: 0.2356 time 13.43s
Epoch: 54/150 Iter: 96/96 loss: 14.4581 acc: 0.2343 time 10.88s
[Train epoch 54] avg_loss=14.4581 avg_acc=0.2343 | per-class [c0: 0.457, c1: 0.200, c2: 0.158]
Final training 54/150, loss: 14.4581, time 1164.07s, lr: 0.000000
Accuracy: 0.306
class                  precision    recall   specificity      f1   support
--------------------------------------------------------------------------
0                          0.456     0.457         0.483   0.456       280
1                          0.035     0.200         0.694   0.059        30
2                          0.344     0.158         0.742   0.216       266
*----------------------------------------*
Val 54/150 1/24, Acc: 0.1111, Loss: 16.7715, time 10.93s
Val 54/150 2/24, Acc: 0.2222, Loss: 13.5333, time 10.96s
Val 54/150 3/24, Acc: 0.2593, Loss: 11.3565, time 11.02s
Val 54/150 4/24, Acc: 0.2569, Loss: 12.1958, time 10.92s
Val 54/150 5/24, Acc: 0.2222, Loss: 11.5295, time 11.06s
Val 54/150 6/24, Acc: 0.1991, Loss: 11.6863, time 11.01s
Val 54/150 7/24, Acc: 0.1944, Loss: 11.9406, time 10.95s
Val 54/150 8/24, Acc: 0.1806, Loss: 11.7940, time 11.01s
Val 54/150 9/24, Acc: 0.1679, Loss: 11.1626, time 10.88s
Val 54/150 10/24, Acc: 0.1978, Loss: 10.8683, time 11.20s
Val 54/150 11/24, Acc: 0.2253, Loss: 10.8064, time 10.92s
Val 54/150 12/24, Acc: 0.2273, Loss: 10.6672, time 11.03s
Val 54/150 13/24, Acc: 0.2355, Loss: 10.4891, time 11.07s
Val 54/150 14/24, Acc: 0.2901, Loss: 9.7438, time 10.97s
Val 54/150 15/24, Acc: 0.3263, Loss: 9.1822, time 10.98s
Val 54/150 16/24, Acc: 0.3184, Loss: 9.0551, time 10.93s
Val 54/150 17/24, Acc: 0.3095, Loss: 9.4708, time 11.11s
Val 54/150 18/24, Acc: 0.3015, Loss: 9.3524, time 10.99s
Val 54/150 19/24, Acc: 0.3330, Loss: 8.8916, time 11.02s
Val 54/150 20/24, Acc: 0.3331, Loss: 8.6493, time 11.09s
Val 54/150 21/24, Acc: 0.3331, Loss: 8.8733, time 11.00s
Val 54/150 22/24, Acc: 0.3230, Loss: 9.2944, time 11.21s
Val 54/150 23/24, Acc: 0.3331, Loss: 9.0427, time 10.93s
Val 54/150 24/24, Acc: 0.3192, Loss: 9.4725, time 10.93s
[Val epoch 54] avg_acc=0.3192 | avg_loss=9.4725 | per-class [c0: 0.486, c1: 0.500, c2: 0.258]
Final validation 54/150, Val_acc: 0.3192, time 264.15sAccuracy: 0.382
class                  precision    recall   specificity      f1   support
--------------------------------------------------------------------------
0                          0.479     0.486         0.500   0.482        70
1                          0.111     0.500         0.765   0.182         8
2                          0.459     0.258         0.744   0.330        66
*========================================*
Saving checkpoint outputs/OrganoidsINRIA/swinunetr+noah/2025-11-28-12-24/training/model_final.pt
[EarlyStopping] no improve (26/30)
[EarlyStopping] no improve (26/30)
0 Sat Nov 29 07:48:53 2025 Epoch: 55
Epoch: 55/150 Iter: 1/96 loss: 18.8653 acc: 0.3333 time 14.89s
Epoch: 55/150 Iter: 2/96 loss: 15.6799 acc: 0.2917 time 13.50s
Epoch: 55/150 Iter: 3/96 loss: 19.1247 acc: 0.2315 time 11.05s
Epoch: 55/150 Iter: 4/96 loss: 15.4939 acc: 0.2986 time 13.50s
Epoch: 55/150 Iter: 5/96 loss: 16.6256 acc: 0.2889 time 13.47s
Epoch: 55/150 Iter: 6/96 loss: 16.6822 acc: 0.2546 time 13.48s
Epoch: 55/150 Iter: 7/96 loss: 16.1617 acc: 0.2278 time 10.87s
Epoch: 55/150 Iter: 8/96 loss: 16.9792 acc: 0.2097 time 10.96s
Epoch: 55/150 Iter: 9/96 loss: 17.5069 acc: 0.1864 time 13.45s
Epoch: 55/150 Iter: 10/96 loss: 17.7592 acc: 0.1900 time 11.09s
Epoch: 55/150 Iter: 11/96 loss: 17.9762 acc: 0.1727 time 10.93s
Epoch: 55/150 Iter: 12/96 loss: 17.4129 acc: 0.1792 time 11.21s
Epoch: 55/150 Iter: 13/96 loss: 17.1835 acc: 0.1953 time 10.92s
Epoch: 55/150 Iter: 14/96 loss: 16.9665 acc: 0.2111 time 10.97s
Epoch: 55/150 Iter: 15/96 loss: 18.1099 acc: 0.1970 time 13.48s
Epoch: 55/150 Iter: 16/96 loss: 17.9673 acc: 0.2056 time 11.13s
Epoch: 55/150 Iter: 17/96 loss: 16.9362 acc: 0.2180 time 11.24s
Epoch: 55/150 Iter: 18/96 loss: 16.8974 acc: 0.2281 time 11.09s
Epoch: 55/150 Iter: 19/96 loss: 16.2233 acc: 0.2490 time 13.52s
Epoch: 55/150 Iter: 20/96 loss: 16.1512 acc: 0.2476 time 10.88s
Epoch: 55/150 Iter: 21/96 loss: 16.2213 acc: 0.2411 time 13.52s
Epoch: 55/150 Iter: 22/96 loss: 15.7876 acc: 0.2453 time 11.23s
Epoch: 55/150 Iter: 23/96 loss: 15.2705 acc: 0.2709 time 13.56s
Epoch: 55/150 Iter: 24/96 loss: 14.9198 acc: 0.2666 time 13.48s
Epoch: 55/150 Iter: 25/96 loss: 14.9378 acc: 0.2559 time 11.11s
Epoch: 55/150 Iter: 26/96 loss: 14.6665 acc: 0.2546 time 10.90s
Epoch: 55/150 Iter: 27/96 loss: 14.6378 acc: 0.2483 time 13.48s
Epoch: 55/150 Iter: 28/96 loss: 14.6391 acc: 0.2414 time 10.98s
Epoch: 55/150 Iter: 29/96 loss: 14.6156 acc: 0.2388 time 11.19s
Epoch: 55/150 Iter: 30/96 loss: 14.7391 acc: 0.2382 time 13.48s
Epoch: 55/150 Iter: 31/96 loss: 14.6636 acc: 0.2341 time 10.95s
Epoch: 55/150 Iter: 32/96 loss: 15.1040 acc: 0.2372 time 13.49s
Epoch: 55/150 Iter: 33/96 loss: 15.4554 acc: 0.2385 time 10.92s
Epoch: 55/150 Iter: 34/96 loss: 15.7350 acc: 0.2339 time 11.08s
Epoch: 55/150 Iter: 35/96 loss: 15.5882 acc: 0.2291 time 10.89s
Epoch: 55/150 Iter: 36/96 loss: 15.3488 acc: 0.2289 time 10.93s
Epoch: 55/150 Iter: 37/96 loss: 15.2680 acc: 0.2261 time 10.92s
Epoch: 55/150 Iter: 38/96 loss: 15.3284 acc: 0.2260 time 10.88s
Epoch: 55/150 Iter: 39/96 loss: 15.0236 acc: 0.2345 time 10.95s
Epoch: 55/150 Iter: 40/96 loss: 15.0787 acc: 0.2307 time 10.90s
Epoch: 55/150 Iter: 41/96 loss: 14.7538 acc: 0.2373 time 13.52s
Epoch: 55/150 Iter: 42/96 loss: 14.7095 acc: 0.2396 time 10.94s
Epoch: 55/150 Iter: 43/96 loss: 14.4934 acc: 0.2495 time 13.55s
Epoch: 55/150 Iter: 44/96 loss: 14.4216 acc: 0.2476 time 11.08s
Epoch: 55/150 Iter: 45/96 loss: 14.1960 acc: 0.2588 time 11.09s
Epoch: 55/150 Iter: 46/96 loss: 13.9655 acc: 0.2640 time 13.46s
Epoch: 55/150 Iter: 47/96 loss: 13.9106 acc: 0.2608 time 13.48s
Epoch: 55/150 Iter: 48/96 loss: 14.2129 acc: 0.2646 time 10.88s
Epoch: 55/150 Iter: 49/96 loss: 14.3116 acc: 0.2609 time 11.17s
Epoch: 55/150 Iter: 50/96 loss: 14.3126 acc: 0.2607 time 13.49s
Epoch: 55/150 Iter: 51/96 loss: 14.4680 acc: 0.2577 time 11.19s
Epoch: 55/150 Iter: 52/96 loss: 14.3717 acc: 0.2608 time 10.92s
Epoch: 55/150 Iter: 53/96 loss: 14.3068 acc: 0.2559 time 13.43s
Epoch: 55/150 Iter: 54/96 loss: 14.2217 acc: 0.2573 time 13.51s
Epoch: 55/150 Iter: 55/96 loss: 14.4125 acc: 0.2526 time 10.94s
Epoch: 55/150 Iter: 56/96 loss: 14.4092 acc: 0.2526 time 13.50s
Epoch: 55/150 Iter: 57/96 loss: 14.3941 acc: 0.2550 time 13.51s
Epoch: 55/150 Iter: 58/96 loss: 14.3208 acc: 0.2540 time 11.06s
Epoch: 55/150 Iter: 59/96 loss: 14.3353 acc: 0.2516 time 13.52s
Epoch: 55/150 Iter: 60/96 loss: 14.2682 acc: 0.2516 time 11.20s
Epoch: 55/150 Iter: 61/96 loss: 14.4684 acc: 0.2511 time 11.11s
Epoch: 55/150 Iter: 62/96 loss: 14.7407 acc: 0.2470 time 11.10s
Epoch: 55/150 Iter: 63/96 loss: 14.6896 acc: 0.2497 time 11.11s
Epoch: 55/150 Iter: 64/96 loss: 14.5569 acc: 0.2510 time 13.49s
Epoch: 55/150 Iter: 65/96 loss: 14.4261 acc: 0.2506 time 11.17s
Epoch: 55/150 Iter: 66/96 loss: 14.2881 acc: 0.2529 time 13.52s
Epoch: 55/150 Iter: 67/96 loss: 14.1981 acc: 0.2557 time 13.52s
Epoch: 55/150 Iter: 68/96 loss: 14.0914 acc: 0.2539 time 13.47s
Epoch: 55/150 Iter: 69/96 loss: 13.9910 acc: 0.2527 time 11.18s
Epoch: 55/150 Iter: 70/96 loss: 13.8342 acc: 0.2562 time 13.53s
Epoch: 55/150 Iter: 71/96 loss: 13.9566 acc: 0.2535 time 10.92s
Epoch: 55/150 Iter: 72/96 loss: 14.1080 acc: 0.2554 time 11.07s
Epoch: 55/150 Iter: 73/96 loss: 13.9975 acc: 0.2565 time 11.10s
Epoch: 55/150 Iter: 74/96 loss: 13.9451 acc: 0.2584 time 13.53s
Epoch: 55/150 Iter: 75/96 loss: 13.8577 acc: 0.2609 time 11.05s
Epoch: 55/150 Iter: 76/96 loss: 14.0614 acc: 0.2604 time 13.53s
Epoch: 55/150 Iter: 77/96 loss: 13.9727 acc: 0.2624 time 11.17s
Epoch: 55/150 Iter: 78/96 loss: 13.9436 acc: 0.2605 time 10.89s
Epoch: 55/150 Iter: 79/96 loss: 13.8212 acc: 0.2635 time 11.24s
Epoch: 55/150 Iter: 80/96 loss: 13.8098 acc: 0.2651 time 13.49s
Epoch: 55/150 Iter: 81/96 loss: 13.8216 acc: 0.2632 time 13.41s
Epoch: 55/150 Iter: 82/96 loss: 13.7710 acc: 0.2640 time 13.48s
Epoch: 55/150 Iter: 83/96 loss: 13.7750 acc: 0.2635 time 13.44s
Epoch: 55/150 Iter: 84/96 loss: 13.8362 acc: 0.2617 time 11.05s
Epoch: 55/150 Iter: 85/96 loss: 13.9921 acc: 0.2586 time 13.46s
Epoch: 55/150 Iter: 86/96 loss: 13.9566 acc: 0.2576 time 11.00s
Epoch: 55/150 Iter: 87/96 loss: 14.0989 acc: 0.2556 time 10.92s
Epoch: 55/150 Iter: 88/96 loss: 14.2987 acc: 0.2527 time 13.45s
Epoch: 55/150 Iter: 89/96 loss: 14.2435 acc: 0.2540 time 10.84s
Epoch: 55/150 Iter: 90/96 loss: 14.2845 acc: 0.2519 time 13.44s
Epoch: 55/150 Iter: 91/96 loss: 14.4322 acc: 0.2506 time 13.44s
Epoch: 55/150 Iter: 92/96 loss: 14.4021 acc: 0.2503 time 13.38s
Epoch: 55/150 Iter: 93/96 loss: 14.3799 acc: 0.2488 time 13.42s
Epoch: 55/150 Iter: 94/96 loss: 14.3251 acc: 0.2480 time 10.92s
Epoch: 55/150 Iter: 95/96 loss: 14.3237 acc: 0.2494 time 10.93s
Epoch: 55/150 Iter: 96/96 loss: 14.2232 acc: 0.2534 time 10.86s
[Train epoch 55] avg_loss=14.2232 avg_acc=0.2534 | per-class [c0: 0.473, c1: 0.200, c2: 0.200]
Final training 55/150, loss: 14.2232, time 1160.58s, lr: 0.000000
Accuracy: 0.333
class                  precision    recall   specificity      f1   support
--------------------------------------------------------------------------
0                          0.463     0.473         0.478   0.468       281
1                          0.039     0.200         0.731   0.066        30
2                          0.390     0.200         0.733   0.264       265
*----------------------------------------*
0 Sat Nov 29 08:08:14 2025 Epoch: 56
Epoch: 56/150 Iter: 1/96 loss: 7.2777 acc: 0.3333 time 14.46s
Epoch: 56/150 Iter: 2/96 loss: 18.0122 acc: 0.1667 time 10.94s
Epoch: 56/150 Iter: 3/96 loss: 19.9684 acc: 0.1111 time 10.90s
Epoch: 56/150 Iter: 4/96 loss: 23.4334 acc: 0.1000 time 13.48s
Epoch: 56/150 Iter: 5/96 loss: 23.4012 acc: 0.1022 time 10.93s
Epoch: 56/150 Iter: 6/96 loss: 23.0100 acc: 0.1546 time 10.91s
Epoch: 56/150 Iter: 7/96 loss: 23.6340 acc: 0.1484 time 10.94s
Epoch: 56/150 Iter: 8/96 loss: 22.9368 acc: 0.1382 time 11.09s
Epoch: 56/150 Iter: 9/96 loss: 22.0230 acc: 0.1673 time 11.02s
Epoch: 56/150 Iter: 10/96 loss: 20.9082 acc: 0.1922 time 13.54s
Epoch: 56/150 Iter: 11/96 loss: 20.1164 acc: 0.2051 time 10.94s
Epoch: 56/150 Iter: 12/96 loss: 20.3320 acc: 0.1949 time 10.95s
Epoch: 56/150 Iter: 13/96 loss: 20.7298 acc: 0.1799 time 13.53s
Epoch: 56/150 Iter: 14/96 loss: 20.1057 acc: 0.1956 time 11.26s
Epoch: 56/150 Iter: 15/96 loss: 20.8997 acc: 0.1863 time 11.22s
Epoch: 56/150 Iter: 16/96 loss: 19.8767 acc: 0.2024 time 13.47s
Epoch: 56/150 Iter: 17/96 loss: 20.6659 acc: 0.1954 time 13.52s
Epoch: 56/150 Iter: 18/96 loss: 20.7409 acc: 0.1892 time 10.92s
Epoch: 56/150 Iter: 19/96 loss: 20.5311 acc: 0.1880 time 11.11s
Epoch: 56/150 Iter: 20/96 loss: 19.9722 acc: 0.1953 time 13.50s
Epoch: 56/150 Iter: 21/96 loss: 20.0424 acc: 0.1860 time 13.50s
Epoch: 56/150 Iter: 22/96 loss: 20.0122 acc: 0.1813 time 11.09s
Epoch: 56/150 Iter: 23/96 loss: 20.0406 acc: 0.1831 time 11.21s
Epoch: 56/150 Iter: 24/96 loss: 19.8818 acc: 0.1847 time 11.19s
Epoch: 56/150 Iter: 25/96 loss: 20.1030 acc: 0.1973 time 13.50s
Epoch: 56/150 Iter: 26/96 loss: 19.7930 acc: 0.2026 time 10.89s
Epoch: 56/150 Iter: 27/96 loss: 19.6504 acc: 0.1992 time 10.94s
Epoch: 56/150 Iter: 28/96 loss: 19.4551 acc: 0.1944 time 10.96s
Epoch: 56/150 Iter: 29/96 loss: 19.1920 acc: 0.1954 time 11.26s
Epoch: 56/150 Iter: 30/96 loss: 18.9005 acc: 0.2056 time 11.16s
Epoch: 56/150 Iter: 31/96 loss: 19.0787 acc: 0.2025 time 10.99s
Epoch: 56/150 Iter: 32/96 loss: 18.5976 acc: 0.2170 time 11.10s
Epoch: 56/150 Iter: 33/96 loss: 18.1539 acc: 0.2357 time 13.52s
Epoch: 56/150 Iter: 34/96 loss: 18.2381 acc: 0.2288 time 13.47s
Epoch: 56/150 Iter: 35/96 loss: 18.1746 acc: 0.2254 time 11.10s
Epoch: 56/150 Iter: 36/96 loss: 18.2642 acc: 0.2284 time 10.91s
Epoch: 56/150 Iter: 37/96 loss: 17.8002 acc: 0.2372 time 11.09s
Epoch: 56/150 Iter: 38/96 loss: 17.9693 acc: 0.2376 time 13.50s
Epoch: 56/150 Iter: 39/96 loss: 18.0407 acc: 0.2343 time 13.49s
Epoch: 56/150 Iter: 40/96 loss: 18.1818 acc: 0.2306 time 11.07s
Epoch: 56/150 Iter: 41/96 loss: 18.0924 acc: 0.2270 time 13.47s
Epoch: 56/150 Iter: 42/96 loss: 17.9574 acc: 0.2255 time 13.53s
Epoch: 56/150 Iter: 43/96 loss: 17.7907 acc: 0.2280 time 10.94s
Epoch: 56/150 Iter: 44/96 loss: 17.7818 acc: 0.2292 time 10.95s
Epoch: 56/150 Iter: 45/96 loss: 17.6659 acc: 0.2315 time 11.08s
Epoch: 56/150 Iter: 46/96 loss: 17.5533 acc: 0.2319 time 11.09s
Epoch: 56/150 Iter: 47/96 loss: 17.5159 acc: 0.2312 time 10.98s
Epoch: 56/150 Iter: 48/96 loss: 17.3816 acc: 0.2351 time 10.95s
Epoch: 56/150 Iter: 49/96 loss: 17.2406 acc: 0.2371 time 13.52s
Epoch: 56/150 Iter: 50/96 loss: 17.1209 acc: 0.2373 time 10.94s
Epoch: 56/150 Iter: 51/96 loss: 16.8840 acc: 0.2447 time 11.07s
Epoch: 56/150 Iter: 52/96 loss: 16.6916 acc: 0.2480 time 11.20s
Epoch: 56/150 Iter: 53/96 loss: 16.6743 acc: 0.2475 time 13.49s
Epoch: 56/150 Iter: 54/96 loss: 16.5926 acc: 0.2470 time 13.55s
Epoch: 56/150 Iter: 55/96 loss: 16.5636 acc: 0.2501 time 13.51s
Epoch: 56/150 Iter: 56/96 loss: 16.2904 acc: 0.2620 time 10.90s
Epoch: 56/150 Iter: 57/96 loss: 16.2405 acc: 0.2633 time 11.10s
Epoch: 56/150 Iter: 58/96 loss: 16.3126 acc: 0.2610 time 13.53s
Epoch: 56/150 Iter: 59/96 loss: 16.0915 acc: 0.2608 time 10.90s
Epoch: 56/150 Iter: 60/96 loss: 16.2553 acc: 0.2602 time 13.53s
Epoch: 56/150 Iter: 61/96 loss: 16.3498 acc: 0.2570 time 13.48s
Epoch: 56/150 Iter: 62/96 loss: 16.1517 acc: 0.2600 time 10.93s
Epoch: 56/150 Iter: 63/96 loss: 16.1870 acc: 0.2594 time 13.49s
Epoch: 56/150 Iter: 64/96 loss: 16.1195 acc: 0.2580 time 11.09s
Epoch: 56/150 Iter: 65/96 loss: 15.9790 acc: 0.2591 time 13.52s
Epoch: 56/150 Iter: 66/96 loss: 15.7695 acc: 0.2653 time 13.50s
Epoch: 56/150 Iter: 67/96 loss: 15.6766 acc: 0.2638 time 11.11s
Epoch: 56/150 Iter: 68/96 loss: 15.6107 acc: 0.2600 time 13.49s
Epoch: 56/150 Iter: 69/96 loss: 15.7095 acc: 0.2610 time 11.13s
Epoch: 56/150 Iter: 70/96 loss: 15.6618 acc: 0.2630 time 13.51s
Epoch: 56/150 Iter: 71/96 loss: 15.5065 acc: 0.2687 time 13.44s
Epoch: 56/150 Iter: 72/96 loss: 15.4075 acc: 0.2719 time 11.09s
Epoch: 56/150 Iter: 73/96 loss: 15.4020 acc: 0.2705 time 11.05s
Epoch: 56/150 Iter: 74/96 loss: 15.4915 acc: 0.2691 time 11.14s
Epoch: 56/150 Iter: 75/96 loss: 15.3841 acc: 0.2699 time 11.06s
Epoch: 56/150 Iter: 76/96 loss: 15.3548 acc: 0.2681 time 10.94s
Epoch: 56/150 Iter: 77/96 loss: 15.2240 acc: 0.2690 time 11.13s
Epoch: 56/150 Iter: 78/96 loss: 15.2882 acc: 0.2719 time 11.11s
Epoch: 56/150 Iter: 79/96 loss: 15.1327 acc: 0.2748 time 13.51s
Epoch: 56/150 Iter: 80/96 loss: 15.2154 acc: 0.2724 time 13.47s
Epoch: 56/150 Iter: 81/96 loss: 15.3473 acc: 0.2691 time 11.07s
Epoch: 56/150 Iter: 82/96 loss: 15.3989 acc: 0.2674 time 11.04s
Epoch: 56/150 Iter: 83/96 loss: 15.2437 acc: 0.2752 time 13.45s
Epoch: 56/150 Iter: 84/96 loss: 15.0937 acc: 0.2789 time 13.42s
Epoch: 56/150 Iter: 85/96 loss: 15.0164 acc: 0.2782 time 13.49s
Epoch: 56/150 Iter: 86/96 loss: 14.9572 acc: 0.2785 time 13.42s
Epoch: 56/150 Iter: 87/96 loss: 14.8244 acc: 0.2804 time 13.49s
Epoch: 56/150 Iter: 88/96 loss: 14.7728 acc: 0.2787 time 11.09s
Epoch: 56/150 Iter: 89/96 loss: 14.7527 acc: 0.2775 time 13.50s
Epoch: 56/150 Iter: 90/96 loss: 14.7714 acc: 0.2788 time 10.91s
Epoch: 56/150 Iter: 91/96 loss: 14.7702 acc: 0.2806 time 10.86s
Epoch: 56/150 Iter: 92/96 loss: 14.7603 acc: 0.2809 time 11.02s
Epoch: 56/150 Iter: 93/96 loss: 14.6156 acc: 0.2872 time 13.42s
Epoch: 56/150 Iter: 94/96 loss: 14.4654 acc: 0.2931 time 11.03s
Epoch: 56/150 Iter: 95/96 loss: 14.4540 acc: 0.2910 time 10.87s
Epoch: 56/150 Iter: 96/96 loss: 14.4640 acc: 0.2880 time 10.96s
[Train epoch 56] avg_loss=14.4640 avg_acc=0.2880 | per-class [c0: 0.505, c1: 0.333, c2: 0.189]
Final training 56/150, loss: 14.4640, time 1151.05s, lr: 0.000000
Accuracy: 0.351
class                  precision    recall   specificity      f1   support
--------------------------------------------------------------------------
0                          0.514     0.505         0.546   0.510       281
1                          0.054     0.333         0.681   0.093        30
2                          0.431     0.189         0.788   0.262       265
*----------------------------------------*
Val 56/150 1/24, Acc: 0.1111, Loss: 16.7715, time 10.99s
Val 56/150 2/24, Acc: 0.2222, Loss: 13.5333, time 10.95s
Val 56/150 3/24, Acc: 0.2593, Loss: 11.3565, time 10.91s
Val 56/150 4/24, Acc: 0.2569, Loss: 12.1958, time 10.93s
Val 56/150 5/24, Acc: 0.2222, Loss: 11.5295, time 11.00s
Val 56/150 6/24, Acc: 0.1991, Loss: 11.6863, time 11.20s
Val 56/150 7/24, Acc: 0.1944, Loss: 11.9406, time 10.98s
Val 56/150 8/24, Acc: 0.1806, Loss: 11.7940, time 10.98s
Val 56/150 9/24, Acc: 0.1679, Loss: 11.1626, time 10.93s
Val 56/150 10/24, Acc: 0.1978, Loss: 10.8683, time 11.20s
Val 56/150 11/24, Acc: 0.2253, Loss: 10.8064, time 10.88s
Val 56/150 12/24, Acc: 0.2273, Loss: 10.6672, time 11.00s
Val 56/150 13/24, Acc: 0.2355, Loss: 10.4891, time 11.06s
Val 56/150 14/24, Acc: 0.2901, Loss: 9.7438, time 10.96s
Val 56/150 15/24, Acc: 0.3263, Loss: 9.1822, time 10.93s
Val 56/150 16/24, Acc: 0.3184, Loss: 9.0551, time 10.91s
Val 56/150 17/24, Acc: 0.3095, Loss: 9.4708, time 11.08s
Val 56/150 18/24, Acc: 0.3015, Loss: 9.3524, time 10.97s
Val 56/150 19/24, Acc: 0.3330, Loss: 8.8916, time 11.00s
Val 56/150 20/24, Acc: 0.3331, Loss: 8.6493, time 11.03s
Val 56/150 21/24, Acc: 0.3331, Loss: 8.8733, time 11.00s
Val 56/150 22/24, Acc: 0.3230, Loss: 9.2944, time 11.21s
Val 56/150 23/24, Acc: 0.3331, Loss: 9.0427, time 10.87s
Val 56/150 24/24, Acc: 0.3192, Loss: 9.4725, time 10.89s
[Val epoch 56] avg_acc=0.3192 | avg_loss=9.4725 | per-class [c0: 0.486, c1: 0.500, c2: 0.258]
Final validation 56/150, Val_acc: 0.3192, time 263.87sAccuracy: 0.382
class                  precision    recall   specificity      f1   support
--------------------------------------------------------------------------
0                          0.479     0.486         0.500   0.482        70
1                          0.111     0.500         0.765   0.182         8
2                          0.459     0.258         0.744   0.330        66
*========================================*
Saving checkpoint outputs/OrganoidsINRIA/swinunetr+noah/2025-11-28-12-24/training/model_final.pt
[EarlyStopping] no improve (27/30)
[EarlyStopping] no improve (27/30)
0 Sat Nov 29 08:31:54 2025 Epoch: 57
Epoch: 57/150 Iter: 1/96 loss: 10.9328 acc: 0.2222 time 17.02s
Epoch: 57/150 Iter: 2/96 loss: 11.8177 acc: 0.2222 time 13.51s
Epoch: 57/150 Iter: 3/96 loss: 15.1679 acc: 0.2222 time 11.20s
Epoch: 57/150 Iter: 4/96 loss: 15.4028 acc: 0.2500 time 13.43s
Epoch: 57/150 Iter: 5/96 loss: 13.6982 acc: 0.2667 time 10.86s
Epoch: 57/150 Iter: 6/96 loss: 15.0378 acc: 0.2500 time 10.90s
Epoch: 57/150 Iter: 7/96 loss: 16.9140 acc: 0.2381 time 11.08s
Epoch: 57/150 Iter: 8/96 loss: 15.3408 acc: 0.2500 time 10.92s
Epoch: 57/150 Iter: 9/96 loss: 14.9226 acc: 0.2593 time 13.54s
Epoch: 57/150 Iter: 10/96 loss: 15.3402 acc: 0.2333 time 11.00s
Epoch: 57/150 Iter: 11/96 loss: 14.7143 acc: 0.2303 time 10.98s
Epoch: 57/150 Iter: 12/96 loss: 14.1124 acc: 0.2296 time 11.22s
Epoch: 57/150 Iter: 13/96 loss: 14.2350 acc: 0.2333 time 10.95s
Epoch: 57/150 Iter: 14/96 loss: 14.6136 acc: 0.2226 time 10.95s
Epoch: 57/150 Iter: 15/96 loss: 15.1893 acc: 0.2244 time 10.95s
Epoch: 57/150 Iter: 16/96 loss: 15.2514 acc: 0.2260 time 13.48s
Epoch: 57/150 Iter: 17/96 loss: 15.3663 acc: 0.2193 time 10.92s
Epoch: 57/150 Iter: 18/96 loss: 15.6668 acc: 0.2287 time 13.45s
Epoch: 57/150 Iter: 19/96 loss: 15.6060 acc: 0.2167 time 13.57s
Epoch: 57/150 Iter: 20/96 loss: 15.5294 acc: 0.2183 time 13.48s
Epoch: 57/150 Iter: 21/96 loss: 15.4349 acc: 0.2111 time 11.12s
Epoch: 57/150 Iter: 22/96 loss: 15.4618 acc: 0.2192 time 13.50s
Epoch: 57/150 Iter: 23/96 loss: 15.2824 acc: 0.2205 time 11.08s
Epoch: 57/150 Iter: 24/96 loss: 15.4134 acc: 0.2197 time 11.12s
Epoch: 57/150 Iter: 25/96 loss: 15.4509 acc: 0.2153 time 13.57s
Epoch: 57/150 Iter: 26/96 loss: 15.3606 acc: 0.2156 time 13.47s
Epoch: 57/150 Iter: 27/96 loss: 15.3025 acc: 0.2158 time 11.09s
Epoch: 57/150 Iter: 28/96 loss: 15.2577 acc: 0.2111 time 10.92s
Epoch: 57/150 Iter: 29/96 loss: 15.2690 acc: 0.2096 time 10.97s
Epoch: 57/150 Iter: 30/96 loss: 15.1513 acc: 0.2081 time 11.06s
Epoch: 57/150 Iter: 31/96 loss: 14.7699 acc: 0.2165 time 11.20s
Epoch: 57/150 Iter: 32/96 loss: 14.8961 acc: 0.2149 time 13.54s
Epoch: 57/150 Iter: 33/96 loss: 14.8173 acc: 0.2210 time 13.55s
Epoch: 57/150 Iter: 34/96 loss: 14.9695 acc: 0.2194 time 13.52s
Epoch: 57/150 Iter: 35/96 loss: 15.0243 acc: 0.2170 time 13.53s
Epoch: 57/150 Iter: 36/96 loss: 15.1255 acc: 0.2133 time 13.47s
Epoch: 57/150 Iter: 37/96 loss: 14.8348 acc: 0.2237 time 10.92s
Epoch: 57/150 Iter: 38/96 loss: 14.5357 acc: 0.2295 time 10.87s
Epoch: 57/150 Iter: 39/96 loss: 14.3598 acc: 0.2265 time 11.10s
Epoch: 57/150 Iter: 40/96 loss: 14.4038 acc: 0.2250 time 10.93s
Epoch: 57/150 Iter: 41/96 loss: 14.2835 acc: 0.2236 time 13.51s
Epoch: 57/150 Iter: 42/96 loss: 14.2052 acc: 0.2282 time 11.16s
Epoch: 57/150 Iter: 43/96 loss: 14.1944 acc: 0.2260 time 13.53s
Epoch: 57/150 Iter: 44/96 loss: 14.0826 acc: 0.2309 time 13.47s
Epoch: 57/150 Iter: 45/96 loss: 14.0727 acc: 0.2341 time 10.91s
Epoch: 57/150 Iter: 46/96 loss: 13.9933 acc: 0.2327 time 11.09s
Epoch: 57/150 Iter: 47/96 loss: 14.0274 acc: 0.2313 time 10.95s
Epoch: 57/150 Iter: 48/96 loss: 14.0729 acc: 0.2334 time 13.45s
Epoch: 57/150 Iter: 49/96 loss: 14.0050 acc: 0.2388 time 13.48s
Epoch: 57/150 Iter: 50/96 loss: 14.0474 acc: 0.2407 time 13.49s
Epoch: 57/150 Iter: 51/96 loss: 14.0956 acc: 0.2425 time 13.45s
Epoch: 57/150 Iter: 52/96 loss: 14.0648 acc: 0.2400 time 13.50s
Epoch: 57/150 Iter: 53/96 loss: 13.8581 acc: 0.2512 time 13.48s
Epoch: 57/150 Iter: 54/96 loss: 13.8628 acc: 0.2512 time 10.91s
Epoch: 57/150 Iter: 55/96 loss: 14.0032 acc: 0.2496 time 13.49s
Epoch: 57/150 Iter: 56/96 loss: 14.0477 acc: 0.2452 time 13.50s
Epoch: 57/150 Iter: 57/96 loss: 14.2354 acc: 0.2453 time 10.93s
Epoch: 57/150 Iter: 58/96 loss: 14.3429 acc: 0.2410 time 13.45s
Epoch: 57/150 Iter: 59/96 loss: 14.3296 acc: 0.2370 time 10.93s
Epoch: 57/150 Iter: 60/96 loss: 14.1395 acc: 0.2480 time 11.18s
Epoch: 57/150 Iter: 61/96 loss: 14.1358 acc: 0.2461 time 11.03s
Epoch: 57/150 Iter: 62/96 loss: 14.1817 acc: 0.2511 time 13.54s
Epoch: 57/150 Iter: 63/96 loss: 14.1122 acc: 0.2533 time 13.48s
Epoch: 57/150 Iter: 64/96 loss: 14.1282 acc: 0.2546 time 11.05s
Epoch: 57/150 Iter: 65/96 loss: 13.9986 acc: 0.2603 time 11.20s
Epoch: 57/150 Iter: 66/96 loss: 13.9556 acc: 0.2580 time 13.49s
Epoch: 57/150 Iter: 67/96 loss: 14.0063 acc: 0.2561 time 10.95s
Epoch: 57/150 Iter: 68/96 loss: 13.8626 acc: 0.2573 time 10.95s
Epoch: 57/150 Iter: 69/96 loss: 14.0277 acc: 0.2568 time 10.93s
Epoch: 57/150 Iter: 70/96 loss: 14.0643 acc: 0.2555 time 10.88s
Epoch: 57/150 Iter: 71/96 loss: 14.0368 acc: 0.2534 time 13.53s
Epoch: 57/150 Iter: 72/96 loss: 13.8838 acc: 0.2555 time 13.45s
Epoch: 57/150 Iter: 73/96 loss: 13.9393 acc: 0.2529 time 13.51s
Epoch: 57/150 Iter: 74/96 loss: 14.2524 acc: 0.2510 time 11.17s
Epoch: 57/150 Iter: 75/96 loss: 14.4035 acc: 0.2487 time 13.48s
Epoch: 57/150 Iter: 76/96 loss: 14.5100 acc: 0.2510 time 11.22s
Epoch: 57/150 Iter: 77/96 loss: 14.4370 acc: 0.2499 time 13.43s
Epoch: 57/150 Iter: 78/96 loss: 14.4469 acc: 0.2499 time 13.51s
Epoch: 57/150 Iter: 79/96 loss: 14.5769 acc: 0.2477 time 10.90s
Epoch: 57/150 Iter: 80/96 loss: 14.6518 acc: 0.2460 time 13.47s
Epoch: 57/150 Iter: 81/96 loss: 14.7519 acc: 0.2444 time 11.05s
Epoch: 57/150 Iter: 82/96 loss: 14.7224 acc: 0.2428 time 10.94s
Epoch: 57/150 Iter: 83/96 loss: 14.6129 acc: 0.2428 time 13.48s
Epoch: 57/150 Iter: 84/96 loss: 14.6358 acc: 0.2419 time 13.46s
Epoch: 57/150 Iter: 85/96 loss: 14.5631 acc: 0.2469 time 10.93s
Epoch: 57/150 Iter: 86/96 loss: 14.5455 acc: 0.2441 time 11.01s
Epoch: 57/150 Iter: 87/96 loss: 14.4527 acc: 0.2441 time 13.42s
Epoch: 57/150 Iter: 88/96 loss: 14.4639 acc: 0.2432 time 13.44s
Epoch: 57/150 Iter: 89/96 loss: 14.3311 acc: 0.2475 time 11.01s
Epoch: 57/150 Iter: 90/96 loss: 14.3503 acc: 0.2473 time 10.92s
Epoch: 57/150 Iter: 91/96 loss: 14.3244 acc: 0.2473 time 10.86s
Epoch: 57/150 Iter: 92/96 loss: 14.2896 acc: 0.2473 time 13.53s
Epoch: 57/150 Iter: 93/96 loss: 14.1966 acc: 0.2487 time 10.86s
Epoch: 57/150 Iter: 94/96 loss: 14.2883 acc: 0.2484 time 13.45s
Epoch: 57/150 Iter: 95/96 loss: 14.3234 acc: 0.2458 time 13.41s
Epoch: 57/150 Iter: 96/96 loss: 14.2293 acc: 0.2471 time 10.85s
[Train epoch 57] avg_loss=14.2293 avg_acc=0.2471 | per-class [c0: 0.489, c1: 0.100, c2: 0.203]
Final training 57/150, loss: 14.2293, time 1171.64s, lr: 0.000000
Accuracy: 0.337
class                  precision    recall   specificity      f1   support
--------------------------------------------------------------------------
0                          0.481     0.489         0.500   0.485       280
1                          0.019     0.100         0.711   0.031        30
2                          0.415     0.203         0.755   0.273       266
*----------------------------------------*
0 Sat Nov 29 08:51:25 2025 Epoch: 58
Epoch: 58/150 Iter: 1/96 loss: 23.9230 acc: 0.2222 time 14.79s
Epoch: 58/150 Iter: 2/96 loss: 13.9836 acc: 0.3194 time 13.51s
Epoch: 58/150 Iter: 3/96 loss: 14.3534 acc: 0.2407 time 10.97s
Epoch: 58/150 Iter: 4/96 loss: 14.8650 acc: 0.2083 time 13.53s
Epoch: 58/150 Iter: 5/96 loss: 16.2028 acc: 0.2000 time 13.51s
Epoch: 58/150 Iter: 6/96 loss: 15.1542 acc: 0.2222 time 10.91s
Epoch: 58/150 Iter: 7/96 loss: 15.6498 acc: 0.2619 time 11.06s
Epoch: 58/150 Iter: 8/96 loss: 14.2333 acc: 0.3125 time 10.88s
Epoch: 58/150 Iter: 9/96 loss: 15.4201 acc: 0.2901 time 13.50s
Epoch: 58/150 Iter: 10/96 loss: 15.6937 acc: 0.3111 time 10.89s
Epoch: 58/150 Iter: 11/96 loss: 15.6084 acc: 0.2904 time 11.09s
Epoch: 58/150 Iter: 12/96 loss: 15.6238 acc: 0.2755 time 13.45s
Epoch: 58/150 Iter: 13/96 loss: 15.6385 acc: 0.2607 time 13.50s
Epoch: 58/150 Iter: 14/96 loss: 14.8620 acc: 0.2867 time 13.51s
Epoch: 58/150 Iter: 15/96 loss: 14.9807 acc: 0.2787 time 11.10s
Epoch: 58/150 Iter: 16/96 loss: 14.3881 acc: 0.3099 time 13.50s
Epoch: 58/150 Iter: 17/96 loss: 14.4103 acc: 0.3047 time 13.49s
Epoch: 58/150 Iter: 18/96 loss: 13.8346 acc: 0.3310 time 11.11s
Epoch: 58/150 Iter: 19/96 loss: 14.1577 acc: 0.3180 time 13.51s
Epoch: 58/150 Iter: 20/96 loss: 13.7308 acc: 0.3088 time 10.89s
Epoch: 58/150 Iter: 21/96 loss: 13.7141 acc: 0.3099 time 11.04s
Epoch: 58/150 Iter: 22/96 loss: 14.2399 acc: 0.2996 time 10.97s
Epoch: 58/150 Iter: 23/96 loss: 14.1069 acc: 0.2963 time 10.90s
Epoch: 58/150 Iter: 24/96 loss: 13.9052 acc: 0.2943 time 11.06s
Epoch: 58/150 Iter: 25/96 loss: 13.8609 acc: 0.2870 time 10.94s
Epoch: 58/150 Iter: 26/96 loss: 13.7001 acc: 0.2845 time 10.88s
Epoch: 58/150 Iter: 27/96 loss: 13.9959 acc: 0.2894 time 10.97s
Epoch: 58/150 Iter: 28/96 loss: 14.1904 acc: 0.2838 time 13.51s
Epoch: 58/150 Iter: 29/96 loss: 14.4994 acc: 0.2798 time 13.48s
Epoch: 58/150 Iter: 30/96 loss: 14.3942 acc: 0.2788 time 13.47s
Epoch: 58/150 Iter: 31/96 loss: 14.1762 acc: 0.2900 time 10.89s
Epoch: 58/150 Iter: 32/96 loss: 14.2037 acc: 0.2878 time 11.22s
Epoch: 58/150 Iter: 33/96 loss: 14.4544 acc: 0.2832 time 11.22s
Epoch: 58/150 Iter: 34/96 loss: 14.6061 acc: 0.2773 time 11.18s
Epoch: 58/150 Iter: 35/96 loss: 14.5887 acc: 0.2741 time 11.22s
Epoch: 58/150 Iter: 36/96 loss: 14.7287 acc: 0.2711 time 11.25s
Epoch: 58/150 Iter: 37/96 loss: 14.7365 acc: 0.2710 time 13.53s
Epoch: 58/150 Iter: 38/96 loss: 15.0320 acc: 0.2727 time 10.98s
Epoch: 58/150 Iter: 39/96 loss: 15.4361 acc: 0.2785 time 10.94s
Epoch: 58/150 Iter: 40/96 loss: 15.3087 acc: 0.2840 time 11.07s
Epoch: 58/150 Iter: 41/96 loss: 15.2489 acc: 0.2852 time 10.97s
Epoch: 58/150 Iter: 42/96 loss: 15.2759 acc: 0.2844 time 13.50s
Epoch: 58/150 Iter: 43/96 loss: 15.1830 acc: 0.2809 time 11.16s
Epoch: 58/150 Iter: 44/96 loss: 15.2176 acc: 0.2795 time 10.96s
Epoch: 58/150 Iter: 45/96 loss: 15.1253 acc: 0.2783 time 10.95s
Epoch: 58/150 Iter: 46/96 loss: 15.1488 acc: 0.2758 time 11.09s
Epoch: 58/150 Iter: 47/96 loss: 15.0233 acc: 0.2788 time 13.47s
Epoch: 58/150 Iter: 48/96 loss: 14.9207 acc: 0.2744 time 11.06s
Epoch: 58/150 Iter: 49/96 loss: 14.8413 acc: 0.2756 time 11.21s
Epoch: 58/150 Iter: 50/96 loss: 14.7921 acc: 0.2718 time 10.93s
Epoch: 58/150 Iter: 51/96 loss: 14.9875 acc: 0.2686 time 11.12s
Epoch: 58/150 Iter: 52/96 loss: 14.7985 acc: 0.2715 time 13.51s
Epoch: 58/150 Iter: 53/96 loss: 14.9214 acc: 0.2664 time 11.08s
Epoch: 58/150 Iter: 54/96 loss: 14.9054 acc: 0.2635 time 10.95s
Epoch: 58/150 Iter: 55/96 loss: 15.0103 acc: 0.2617 time 11.17s
Epoch: 58/150 Iter: 56/96 loss: 14.8713 acc: 0.2570 time 13.49s
Epoch: 58/150 Iter: 57/96 loss: 14.7839 acc: 0.2555 time 10.90s
Epoch: 58/150 Iter: 58/96 loss: 14.8797 acc: 0.2539 time 11.08s
Epoch: 58/150 Iter: 59/96 loss: 15.1320 acc: 0.2496 time 11.23s
Epoch: 58/150 Iter: 60/96 loss: 15.1791 acc: 0.2482 time 13.51s
Epoch: 58/150 Iter: 61/96 loss: 15.1964 acc: 0.2442 time 11.19s
Epoch: 58/150 Iter: 62/96 loss: 15.2793 acc: 0.2456 time 13.52s
Epoch: 58/150 Iter: 63/96 loss: 15.3019 acc: 0.2470 time 11.19s
Epoch: 58/150 Iter: 64/96 loss: 15.1599 acc: 0.2473 time 10.90s
Epoch: 58/150 Iter: 65/96 loss: 15.1746 acc: 0.2512 time 13.53s
Epoch: 58/150 Iter: 66/96 loss: 15.0534 acc: 0.2508 time 13.55s
Epoch: 58/150 Iter: 67/96 loss: 15.2621 acc: 0.2470 time 13.53s
Epoch: 58/150 Iter: 68/96 loss: 15.2079 acc: 0.2471 time 11.05s
Epoch: 58/150 Iter: 69/96 loss: 15.1805 acc: 0.2471 time 13.47s
Epoch: 58/150 Iter: 70/96 loss: 15.0338 acc: 0.2507 time 13.48s
Epoch: 58/150 Iter: 71/96 loss: 14.9713 acc: 0.2519 time 11.05s
Epoch: 58/150 Iter: 72/96 loss: 14.9550 acc: 0.2542 time 13.53s
Epoch: 58/150 Iter: 73/96 loss: 14.9372 acc: 0.2525 time 13.52s
Epoch: 58/150 Iter: 74/96 loss: 15.0378 acc: 0.2491 time 13.46s
Epoch: 58/150 Iter: 75/96 loss: 15.0701 acc: 0.2458 time 11.04s
Epoch: 58/150 Iter: 76/96 loss: 15.2244 acc: 0.2434 time 13.55s
Epoch: 58/150 Iter: 77/96 loss: 15.2272 acc: 0.2446 time 13.53s
Epoch: 58/150 Iter: 78/96 loss: 15.0792 acc: 0.2486 time 11.19s
Epoch: 58/150 Iter: 79/96 loss: 14.9675 acc: 0.2532 time 13.52s
Epoch: 58/150 Iter: 80/96 loss: 14.9435 acc: 0.2528 time 10.97s
Epoch: 58/150 Iter: 81/96 loss: 14.9281 acc: 0.2507 time 10.85s
Epoch: 58/150 Iter: 82/96 loss: 14.9421 acc: 0.2503 time 10.96s
Epoch: 58/150 Iter: 83/96 loss: 14.8258 acc: 0.2513 time 10.96s
Epoch: 58/150 Iter: 84/96 loss: 14.7192 acc: 0.2523 time 10.97s
Epoch: 58/150 Iter: 85/96 loss: 14.7329 acc: 0.2507 time 13.46s
Epoch: 58/150 Iter: 86/96 loss: 14.8488 acc: 0.2497 time 13.42s
Epoch: 58/150 Iter: 87/96 loss: 14.8288 acc: 0.2538 time 13.48s
Epoch: 58/150 Iter: 88/96 loss: 14.8916 acc: 0.2522 time 10.97s
Epoch: 58/150 Iter: 89/96 loss: 14.8186 acc: 0.2522 time 11.02s
Epoch: 58/150 Iter: 90/96 loss: 14.7467 acc: 0.2531 time 11.03s
Epoch: 58/150 Iter: 91/96 loss: 14.6764 acc: 0.2531 time 10.87s
Epoch: 58/150 Iter: 92/96 loss: 14.6277 acc: 0.2521 time 13.43s
Epoch: 58/150 Iter: 93/96 loss: 14.5111 acc: 0.2561 time 10.87s
Epoch: 58/150 Iter: 94/96 loss: 14.4614 acc: 0.2552 time 13.53s
Epoch: 58/150 Iter: 95/96 loss: 14.5171 acc: 0.2542 time 10.95s
Epoch: 58/150 Iter: 96/96 loss: 14.4867 acc: 0.2533 time 13.42s
[Train epoch 58] avg_loss=14.4867 avg_acc=0.2533 | per-class [c0: 0.477, c1: 0.333, c2: 0.170]
Final training 58/150, loss: 14.4867, time 1153.77s, lr: 0.000000
Accuracy: 0.328
class                  precision    recall   specificity      f1   support
--------------------------------------------------------------------------
0                          0.487     0.477         0.522   0.482       281
1                          0.056     0.333         0.689   0.095        30
2                          0.372     0.170         0.756   0.233       265
*----------------------------------------*
Val 58/150 1/24, Acc: 0.1111, Loss: 16.7715, time 10.93s
Val 58/150 2/24, Acc: 0.2222, Loss: 13.5333, time 11.04s
Val 58/150 3/24, Acc: 0.2593, Loss: 11.3565, time 11.02s
Val 58/150 4/24, Acc: 0.2569, Loss: 12.1958, time 10.92s
Val 58/150 5/24, Acc: 0.2222, Loss: 11.5295, time 11.00s
Val 58/150 6/24, Acc: 0.1991, Loss: 11.6863, time 11.03s
Val 58/150 7/24, Acc: 0.1944, Loss: 11.9406, time 10.93s
Val 58/150 8/24, Acc: 0.1806, Loss: 11.7940, time 10.99s
Val 58/150 9/24, Acc: 0.1679, Loss: 11.1626, time 10.90s
Val 58/150 10/24, Acc: 0.1978, Loss: 10.8683, time 11.20s
Val 58/150 11/24, Acc: 0.2253, Loss: 10.8064, time 10.90s
Val 58/150 12/24, Acc: 0.2273, Loss: 10.6672, time 11.08s
Val 58/150 13/24, Acc: 0.2355, Loss: 10.4891, time 11.06s
Val 58/150 14/24, Acc: 0.2901, Loss: 9.7438, time 10.98s
Val 58/150 15/24, Acc: 0.3263, Loss: 9.1822, time 10.97s
Val 58/150 16/24, Acc: 0.3184, Loss: 9.0551, time 10.94s
Val 58/150 17/24, Acc: 0.3095, Loss: 9.4708, time 11.13s
Val 58/150 18/24, Acc: 0.3015, Loss: 9.3524, time 10.98s
Val 58/150 19/24, Acc: 0.3330, Loss: 8.8916, time 10.99s
Val 58/150 20/24, Acc: 0.3331, Loss: 8.6493, time 11.03s
Val 58/150 21/24, Acc: 0.3331, Loss: 8.8733, time 11.08s
Val 58/150 22/24, Acc: 0.3230, Loss: 9.2944, time 11.26s
Val 58/150 23/24, Acc: 0.3331, Loss: 9.0427, time 10.99s
Val 58/150 24/24, Acc: 0.3192, Loss: 9.4725, time 10.97s
[Val epoch 58] avg_acc=0.3192 | avg_loss=9.4725 | per-class [c0: 0.486, c1: 0.500, c2: 0.258]
Final validation 58/150, Val_acc: 0.3192, time 264.32sAccuracy: 0.382
class                  precision    recall   specificity      f1   support
--------------------------------------------------------------------------
0                          0.479     0.486         0.500   0.482        70
1                          0.111     0.500         0.765   0.182         8
2                          0.459     0.258         0.744   0.330        66
*========================================*
Saving checkpoint outputs/OrganoidsINRIA/swinunetr+noah/2025-11-28-12-24/training/model_final.pt
[EarlyStopping] no improve (28/30)
[EarlyStopping] no improve (28/30)
0 Sat Nov 29 09:15:08 2025 Epoch: 59
Epoch: 59/150 Iter: 1/96 loss: 15.3139 acc: 0.3333 time 16.80s
Epoch: 59/150 Iter: 2/96 loss: 16.5553 acc: 0.2222 time 11.05s
Epoch: 59/150 Iter: 3/96 loss: 14.4532 acc: 0.2148 time 11.04s
Epoch: 59/150 Iter: 4/96 loss: 14.2581 acc: 0.2167 time 13.47s
Epoch: 59/150 Iter: 5/96 loss: 13.4413 acc: 0.2000 time 13.53s
Epoch: 59/150 Iter: 6/96 loss: 12.0522 acc: 0.2407 time 11.07s
Epoch: 59/150 Iter: 7/96 loss: 12.0209 acc: 0.2421 time 10.91s
Epoch: 59/150 Iter: 8/96 loss: 12.1409 acc: 0.2535 time 11.09s
Epoch: 59/150 Iter: 9/96 loss: 13.2644 acc: 0.2438 time 11.07s
Epoch: 59/150 Iter: 10/96 loss: 12.7995 acc: 0.2528 time 10.91s
Epoch: 59/150 Iter: 11/96 loss: 12.6864 acc: 0.2449 time 13.56s
Epoch: 59/150 Iter: 12/96 loss: 13.9016 acc: 0.2245 time 10.95s
Epoch: 59/150 Iter: 13/96 loss: 14.4473 acc: 0.2158 time 11.20s
Epoch: 59/150 Iter: 14/96 loss: 15.2125 acc: 0.2083 time 10.99s
Epoch: 59/150 Iter: 15/96 loss: 15.2269 acc: 0.2019 time 13.53s
Epoch: 59/150 Iter: 16/96 loss: 14.9110 acc: 0.1997 time 13.51s
Epoch: 59/150 Iter: 17/96 loss: 14.5348 acc: 0.2173 time 11.11s
Epoch: 59/150 Iter: 18/96 loss: 14.4848 acc: 0.2238 time 13.45s
Epoch: 59/150 Iter: 19/96 loss: 14.3200 acc: 0.2317 time 11.20s
Epoch: 59/150 Iter: 20/96 loss: 14.2366 acc: 0.2285 time 13.55s
Epoch: 59/150 Iter: 21/96 loss: 13.6790 acc: 0.2388 time 11.22s
Epoch: 59/150 Iter: 22/96 loss: 13.7655 acc: 0.2355 time 11.07s
Epoch: 59/150 Iter: 23/96 loss: 13.8044 acc: 0.2397 time 13.54s
Epoch: 59/150 Iter: 24/96 loss: 14.1454 acc: 0.2367 time 11.15s
Epoch: 59/150 Iter: 25/96 loss: 14.6568 acc: 0.2272 time 11.07s
Epoch: 59/150 Iter: 26/96 loss: 14.7739 acc: 0.2249 time 11.21s
Epoch: 59/150 Iter: 27/96 loss: 14.8069 acc: 0.2320 time 11.12s
Epoch: 59/150 Iter: 28/96 loss: 14.3560 acc: 0.2376 time 13.47s
Epoch: 59/150 Iter: 29/96 loss: 14.3950 acc: 0.2371 time 11.10s
Epoch: 59/150 Iter: 30/96 loss: 14.3114 acc: 0.2403 time 10.91s
Epoch: 59/150 Iter: 31/96 loss: 13.9487 acc: 0.2433 time 10.93s
Epoch: 59/150 Iter: 32/96 loss: 14.2091 acc: 0.2409 time 10.95s
Epoch: 59/150 Iter: 33/96 loss: 14.2545 acc: 0.2356 time 10.92s
Epoch: 59/150 Iter: 34/96 loss: 14.1088 acc: 0.2360 time 10.89s
Epoch: 59/150 Iter: 35/96 loss: 14.1720 acc: 0.2293 time 10.91s
Epoch: 59/150 Iter: 36/96 loss: 14.0535 acc: 0.2368 time 10.95s
Epoch: 59/150 Iter: 37/96 loss: 13.7222 acc: 0.2462 time 11.18s
Epoch: 59/150 Iter: 38/96 loss: 13.4890 acc: 0.2507 time 13.54s
Epoch: 59/150 Iter: 39/96 loss: 13.4741 acc: 0.2442 time 13.52s
Epoch: 59/150 Iter: 40/96 loss: 13.5343 acc: 0.2437 time 11.13s
Epoch: 59/150 Iter: 41/96 loss: 13.6224 acc: 0.2472 time 10.93s
Epoch: 59/150 Iter: 42/96 loss: 13.7946 acc: 0.2466 time 13.49s
Epoch: 59/150 Iter: 43/96 loss: 14.0445 acc: 0.2435 time 11.08s
Epoch: 59/150 Iter: 44/96 loss: 14.1634 acc: 0.2417 time 11.25s
Epoch: 59/150 Iter: 45/96 loss: 14.1083 acc: 0.2438 time 13.55s
Epoch: 59/150 Iter: 46/96 loss: 14.3054 acc: 0.2421 time 13.58s
Epoch: 59/150 Iter: 47/96 loss: 14.2967 acc: 0.2387 time 10.95s
Epoch: 59/150 Iter: 48/96 loss: 14.1765 acc: 0.2389 time 10.94s
Epoch: 59/150 Iter: 49/96 loss: 14.3707 acc: 0.2363 time 10.94s
Epoch: 59/150 Iter: 50/96 loss: 14.2802 acc: 0.2399 time 13.48s
Epoch: 59/150 Iter: 51/96 loss: 14.2561 acc: 0.2450 time 13.54s
Epoch: 59/150 Iter: 52/96 loss: 14.2857 acc: 0.2425 time 11.20s
Epoch: 59/150 Iter: 53/96 loss: 14.3356 acc: 0.2410 time 10.94s
Epoch: 59/150 Iter: 54/96 loss: 14.2119 acc: 0.2448 time 10.97s
Epoch: 59/150 Iter: 55/96 loss: 14.0360 acc: 0.2540 time 13.52s
Epoch: 59/150 Iter: 56/96 loss: 14.1012 acc: 0.2495 time 13.47s
Epoch: 59/150 Iter: 57/96 loss: 13.9780 acc: 0.2538 time 13.49s
Epoch: 59/150 Iter: 58/96 loss: 14.2161 acc: 0.2567 time 13.54s
Epoch: 59/150 Iter: 59/96 loss: 14.1982 acc: 0.2557 time 10.89s
Epoch: 59/150 Iter: 60/96 loss: 14.2797 acc: 0.2533 time 10.94s
Epoch: 59/150 Iter: 61/96 loss: 14.3598 acc: 0.2510 time 10.93s
Epoch: 59/150 Iter: 62/96 loss: 14.2764 acc: 0.2480 time 13.52s
Epoch: 59/150 Iter: 63/96 loss: 14.4073 acc: 0.2493 time 13.49s
Epoch: 59/150 Iter: 64/96 loss: 14.5600 acc: 0.2507 time 10.96s
Epoch: 59/150 Iter: 65/96 loss: 14.4575 acc: 0.2485 time 13.48s
Epoch: 59/150 Iter: 66/96 loss: 14.5299 acc: 0.2460 time 10.90s
Epoch: 59/150 Iter: 67/96 loss: 14.5272 acc: 0.2461 time 11.10s
Epoch: 59/150 Iter: 68/96 loss: 14.8510 acc: 0.2441 time 13.59s
Epoch: 59/150 Iter: 69/96 loss: 15.0250 acc: 0.2405 time 11.14s
Epoch: 59/150 Iter: 70/96 loss: 14.9822 acc: 0.2419 time 13.47s
Epoch: 59/150 Iter: 71/96 loss: 15.1552 acc: 0.2416 time 10.90s
Epoch: 59/150 Iter: 72/96 loss: 15.0113 acc: 0.2419 time 11.18s
Epoch: 59/150 Iter: 73/96 loss: 15.1151 acc: 0.2409 time 11.23s
Epoch: 59/150 Iter: 74/96 loss: 15.1886 acc: 0.2407 time 13.54s
Epoch: 59/150 Iter: 75/96 loss: 15.2960 acc: 0.2374 time 13.49s
Epoch: 59/150 Iter: 76/96 loss: 15.1440 acc: 0.2365 time 10.88s
Epoch: 59/150 Iter: 77/96 loss: 15.3082 acc: 0.2367 time 13.55s
Epoch: 59/150 Iter: 78/96 loss: 15.3126 acc: 0.2386 time 10.91s
Epoch: 59/150 Iter: 79/96 loss: 15.3369 acc: 0.2377 time 11.13s
Epoch: 59/150 Iter: 80/96 loss: 15.3761 acc: 0.2361 time 11.07s
Epoch: 59/150 Iter: 81/96 loss: 15.3703 acc: 0.2349 time 13.45s
Epoch: 59/150 Iter: 82/96 loss: 15.2633 acc: 0.2381 time 13.39s
Epoch: 59/150 Iter: 83/96 loss: 15.0947 acc: 0.2423 time 10.94s
Epoch: 59/150 Iter: 84/96 loss: 15.1110 acc: 0.2424 time 10.91s
Epoch: 59/150 Iter: 85/96 loss: 15.1051 acc: 0.2402 time 10.98s
Epoch: 59/150 Iter: 86/96 loss: 15.1970 acc: 0.2412 time 10.84s
Epoch: 59/150 Iter: 87/96 loss: 15.3401 acc: 0.2398 time 13.42s
Epoch: 59/150 Iter: 88/96 loss: 15.2941 acc: 0.2408 time 13.56s
Epoch: 59/150 Iter: 89/96 loss: 15.1392 acc: 0.2465 time 11.06s
Epoch: 59/150 Iter: 90/96 loss: 15.0807 acc: 0.2466 time 10.85s
Epoch: 59/150 Iter: 91/96 loss: 15.0875 acc: 0.2457 time 13.46s
Epoch: 59/150 Iter: 92/96 loss: 15.0239 acc: 0.2438 time 10.88s
Epoch: 59/150 Iter: 93/96 loss: 14.9509 acc: 0.2456 time 13.49s
Epoch: 59/150 Iter: 94/96 loss: 14.8419 acc: 0.2495 time 13.45s
Epoch: 59/150 Iter: 95/96 loss: 14.8404 acc: 0.2480 time 10.87s
Epoch: 59/150 Iter: 96/96 loss: 14.9006 acc: 0.2484 time 10.92s
[Train epoch 59] avg_loss=14.9006 avg_acc=0.2484 | per-class [c0: 0.459, c1: 0.167, c2: 0.196]
Final training 59/150, loss: 14.9006, time 1150.45s, lr: 0.000000
Accuracy: 0.323
class                  precision    recall   specificity      f1   support
--------------------------------------------------------------------------
0                          0.496     0.459         0.556   0.477       281
1                          0.028     0.167         0.681   0.048        30
2                          0.380     0.196         0.727   0.259       265
*----------------------------------------*
0 Sat Nov 29 09:34:19 2025 Epoch: 60
Epoch: 60/150 Iter: 1/96 loss: 9.9713 acc: 0.2500 time 15.32s
Epoch: 60/150 Iter: 2/96 loss: 14.3766 acc: 0.2083 time 13.47s
Epoch: 60/150 Iter: 3/96 loss: 12.4355 acc: 0.2778 time 11.20s
Epoch: 60/150 Iter: 4/96 loss: 15.4213 acc: 0.2083 time 13.51s
Epoch: 60/150 Iter: 5/96 loss: 15.4027 acc: 0.1667 time 11.13s
Epoch: 60/150 Iter: 6/96 loss: 17.0900 acc: 0.1500 time 13.51s
Epoch: 60/150 Iter: 7/96 loss: 17.2005 acc: 0.1762 time 11.11s
Epoch: 60/150 Iter: 8/96 loss: 17.0167 acc: 0.1750 time 13.51s
Epoch: 60/150 Iter: 9/96 loss: 15.7317 acc: 0.2111 time 11.21s
Epoch: 60/150 Iter: 10/96 loss: 14.5874 acc: 0.2067 time 10.87s
Epoch: 60/150 Iter: 11/96 loss: 15.0445 acc: 0.2030 time 10.97s
Epoch: 60/150 Iter: 12/96 loss: 15.1715 acc: 0.1954 time 11.10s
Epoch: 60/150 Iter: 13/96 loss: 15.3116 acc: 0.1900 time 11.09s
Epoch: 60/150 Iter: 14/96 loss: 15.3789 acc: 0.1962 time 11.17s
Epoch: 60/150 Iter: 15/96 loss: 14.7272 acc: 0.2239 time 13.49s
Epoch: 60/150 Iter: 16/96 loss: 14.2475 acc: 0.2161 time 13.50s
Epoch: 60/150 Iter: 17/96 loss: 14.0408 acc: 0.2328 time 10.93s
Epoch: 60/150 Iter: 18/96 loss: 13.7657 acc: 0.2431 time 10.85s
Epoch: 60/150 Iter: 19/96 loss: 13.5448 acc: 0.2420 time 13.57s
Epoch: 60/150 Iter: 20/96 loss: 13.1842 acc: 0.2576 time 11.05s
Epoch: 60/150 Iter: 21/96 loss: 12.5923 acc: 0.2890 time 11.11s
Epoch: 60/150 Iter: 22/96 loss: 12.6754 acc: 0.2910 time 13.46s
Epoch: 60/150 Iter: 23/96 loss: 12.9933 acc: 0.2856 time 13.50s
Epoch: 60/150 Iter: 24/96 loss: 12.9306 acc: 0.2789 time 11.09s
Epoch: 60/150 Iter: 25/96 loss: 13.3413 acc: 0.2722 time 10.95s
Epoch: 60/150 Iter: 26/96 loss: 13.3771 acc: 0.2669 time 11.06s
Epoch: 60/150 Iter: 27/96 loss: 13.3446 acc: 0.2663 time 11.24s
Epoch: 60/150 Iter: 28/96 loss: 13.1458 acc: 0.2687 time 13.51s
Epoch: 60/150 Iter: 29/96 loss: 13.3989 acc: 0.2785 time 10.93s
Epoch: 60/150 Iter: 30/96 loss: 13.7886 acc: 0.2693 time 10.93s
Epoch: 60/150 Iter: 31/96 loss: 13.5299 acc: 0.2767 time 10.94s
Epoch: 60/150 Iter: 32/96 loss: 13.5358 acc: 0.2759 time 10.94s
Epoch: 60/150 Iter: 33/96 loss: 13.4931 acc: 0.2796 time 10.98s
Epoch: 60/150 Iter: 34/96 loss: 13.3558 acc: 0.2747 time 13.56s
Epoch: 60/150 Iter: 35/96 loss: 13.1928 acc: 0.2859 time 10.97s
Epoch: 60/150 Iter: 36/96 loss: 13.2975 acc: 0.2779 time 11.10s
Epoch: 60/150 Iter: 37/96 loss: 13.4101 acc: 0.2824 time 13.52s
Epoch: 60/150 Iter: 38/96 loss: 13.4131 acc: 0.2838 time 11.08s
Epoch: 60/150 Iter: 39/96 loss: 13.7052 acc: 0.2793 time 13.47s
Epoch: 60/150 Iter: 40/96 loss: 13.6566 acc: 0.2724 time 11.07s
Epoch: 60/150 Iter: 41/96 loss: 13.6534 acc: 0.2738 time 11.10s
Epoch: 60/150 Iter: 42/96 loss: 13.7170 acc: 0.2753 time 11.00s
Epoch: 60/150 Iter: 43/96 loss: 13.7585 acc: 0.2727 time 13.52s
Epoch: 60/150 Iter: 44/96 loss: 13.7109 acc: 0.2722 time 10.90s
Epoch: 60/150 Iter: 45/96 loss: 13.9585 acc: 0.2662 time 13.47s
Epoch: 60/150 Iter: 46/96 loss: 13.8410 acc: 0.2604 time 10.94s
Epoch: 60/150 Iter: 47/96 loss: 13.8515 acc: 0.2591 time 10.97s
Epoch: 60/150 Iter: 48/96 loss: 13.8220 acc: 0.2572 time 11.05s
Epoch: 60/150 Iter: 49/96 loss: 13.7508 acc: 0.2587 time 13.46s
Epoch: 60/150 Iter: 50/96 loss: 13.7893 acc: 0.2549 time 10.99s
Epoch: 60/150 Iter: 51/96 loss: 13.7458 acc: 0.2532 time 10.93s
Epoch: 60/150 Iter: 52/96 loss: 13.6216 acc: 0.2547 time 11.16s
Epoch: 60/150 Iter: 53/96 loss: 13.6140 acc: 0.2541 time 11.18s
Epoch: 60/150 Iter: 54/96 loss: 13.4245 acc: 0.2543 time 10.95s
Epoch: 60/150 Iter: 55/96 loss: 13.6339 acc: 0.2509 time 13.49s
Epoch: 60/150 Iter: 56/96 loss: 13.5496 acc: 0.2524 time 10.93s
Epoch: 60/150 Iter: 57/96 loss: 13.5588 acc: 0.2509 time 13.49s
Epoch: 60/150 Iter: 58/96 loss: 13.6072 acc: 0.2485 time 13.53s
Epoch: 60/150 Iter: 59/96 loss: 13.4696 acc: 0.2527 time 11.16s
Epoch: 60/150 Iter: 60/96 loss: 13.6947 acc: 0.2485 time 10.93s
Epoch: 60/150 Iter: 61/96 loss: 13.6346 acc: 0.2499 time 13.52s
Epoch: 60/150 Iter: 62/96 loss: 13.6353 acc: 0.2499 time 11.11s
Epoch: 60/150 Iter: 63/96 loss: 13.6357 acc: 0.2523 time 11.09s
Epoch: 60/150 Iter: 64/96 loss: 13.5232 acc: 0.2570 time 13.48s
Epoch: 60/150 Iter: 65/96 loss: 13.5747 acc: 0.2582 time 13.55s
Epoch: 60/150 Iter: 66/96 loss: 13.4890 acc: 0.2573 time 10.88s
Epoch: 60/150 Iter: 67/96 loss: 13.5570 acc: 0.2551 time 13.46s
Epoch: 60/150 Iter: 68/96 loss: 13.5832 acc: 0.2555 time 13.49s
Epoch: 60/150 Iter: 69/96 loss: 13.5346 acc: 0.2590 time 13.53s
Epoch: 60/150 Iter: 70/96 loss: 13.5248 acc: 0.2610 time 10.91s
Epoch: 60/150 Iter: 71/96 loss: 13.6033 acc: 0.2605 time 11.00s
Epoch: 60/150 Iter: 72/96 loss: 13.7142 acc: 0.2592 time 13.49s
Epoch: 60/150 Iter: 73/96 loss: 13.8256 acc: 0.2602 time 13.50s
Epoch: 60/150 Iter: 74/96 loss: 13.8768 acc: 0.2582 time 11.10s
Epoch: 60/150 Iter: 75/96 loss: 13.7648 acc: 0.2636 time 13.53s
Epoch: 60/150 Iter: 76/96 loss: 13.7563 acc: 0.2631 time 13.49s
Epoch: 60/150 Iter: 77/96 loss: 13.7503 acc: 0.2618 time 11.25s
Epoch: 60/150 Iter: 78/96 loss: 13.9304 acc: 0.2585 time 11.06s
Epoch: 60/150 Iter: 79/96 loss: 13.9701 acc: 0.2580 time 13.57s
Epoch: 60/150 Iter: 80/96 loss: 14.1103 acc: 0.2569 time 11.09s
Epoch: 60/150 Iter: 81/96 loss: 14.1572 acc: 0.2537 time 13.46s
Epoch: 60/150 Iter: 82/96 loss: 14.0994 acc: 0.2557 time 13.44s
Epoch: 60/150 Iter: 83/96 loss: 14.1266 acc: 0.2556 time 13.48s
Epoch: 60/150 Iter: 84/96 loss: 14.2262 acc: 0.2536 time 10.91s
Epoch: 60/150 Iter: 85/96 loss: 14.2075 acc: 0.2525 time 13.42s
Epoch: 60/150 Iter: 86/96 loss: 14.2710 acc: 0.2525 time 13.50s
Epoch: 60/150 Iter: 87/96 loss: 14.2649 acc: 0.2528 time 13.52s
Epoch: 60/150 Iter: 88/96 loss: 14.3037 acc: 0.2499 time 11.17s
Epoch: 60/150 Iter: 89/96 loss: 14.3550 acc: 0.2484 time 10.95s
Epoch: 60/150 Iter: 90/96 loss: 14.2560 acc: 0.2508 time 10.82s
Epoch: 60/150 Iter: 91/96 loss: 14.2817 acc: 0.2505 time 13.42s
Epoch: 60/150 Iter: 92/96 loss: 14.2886 acc: 0.2487 time 10.83s
Epoch: 60/150 Iter: 93/96 loss: 14.1624 acc: 0.2532 time 10.92s
Epoch: 60/150 Iter: 94/96 loss: 14.2523 acc: 0.2517 time 10.92s
Epoch: 60/150 Iter: 95/96 loss: 14.2667 acc: 0.2537 time 13.48s
Epoch: 60/150 Iter: 96/96 loss: 14.2311 acc: 0.2563 time 10.88s
[Train epoch 60] avg_loss=14.2311 avg_acc=0.2563 | per-class [c0: 0.450, c1: 0.233, c2: 0.226]
Final training 60/150, loss: 14.2311, time 1156.39s, lr: 0.000000
Accuracy: 0.335
class                  precision    recall   specificity      f1   support
--------------------------------------------------------------------------
0                          0.448     0.450         0.476   0.449       280
1                          0.041     0.233         0.701   0.070        30
2                          0.480     0.226         0.790   0.307       266
*----------------------------------------*
Val 60/150 1/24, Acc: 0.1111, Loss: 16.7715, time 10.90s
Val 60/150 2/24, Acc: 0.2222, Loss: 13.5333, time 10.95s
Val 60/150 3/24, Acc: 0.2593, Loss: 11.3565, time 10.91s
Val 60/150 4/24, Acc: 0.2569, Loss: 12.1958, time 10.91s
Val 60/150 5/24, Acc: 0.2222, Loss: 11.5295, time 11.05s
Val 60/150 6/24, Acc: 0.1991, Loss: 11.6863, time 11.02s
Val 60/150 7/24, Acc: 0.1944, Loss: 11.9406, time 10.97s
Val 60/150 8/24, Acc: 0.1806, Loss: 11.7940, time 10.98s
Val 60/150 9/24, Acc: 0.1679, Loss: 11.1626, time 10.89s
Val 60/150 10/24, Acc: 0.1978, Loss: 10.8683, time 11.21s
Val 60/150 11/24, Acc: 0.2253, Loss: 10.8064, time 10.94s
Val 60/150 12/24, Acc: 0.2273, Loss: 10.6672, time 11.02s
Val 60/150 13/24, Acc: 0.2355, Loss: 10.4891, time 11.05s
Val 60/150 14/24, Acc: 0.2901, Loss: 9.7438, time 11.03s
Val 60/150 15/24, Acc: 0.3263, Loss: 9.1822, time 10.94s
Val 60/150 16/24, Acc: 0.3184, Loss: 9.0551, time 10.92s
Val 60/150 17/24, Acc: 0.3095, Loss: 9.4708, time 11.07s
Val 60/150 18/24, Acc: 0.3015, Loss: 9.3524, time 11.05s
Val 60/150 19/24, Acc: 0.3330, Loss: 8.8916, time 11.05s
Val 60/150 20/24, Acc: 0.3331, Loss: 8.6493, time 11.03s
Val 60/150 21/24, Acc: 0.3331, Loss: 8.8733, time 11.07s
Val 60/150 22/24, Acc: 0.3230, Loss: 9.2944, time 11.22s
Val 60/150 23/24, Acc: 0.3331, Loss: 9.0427, time 10.87s
Val 60/150 24/24, Acc: 0.3192, Loss: 9.4725, time 10.91s
[Val epoch 60] avg_acc=0.3192 | avg_loss=9.4725 | per-class [c0: 0.486, c1: 0.500, c2: 0.258]
Final validation 60/150, Val_acc: 0.3192, time 264.00sAccuracy: 0.382
class                  precision    recall   specificity      f1   support
--------------------------------------------------------------------------
0                          0.479     0.486         0.500   0.482        70
1                          0.111     0.500         0.765   0.182         8
2                          0.459     0.258         0.744   0.330        66
*========================================*
Saving checkpoint outputs/OrganoidsINRIA/swinunetr+noah/2025-11-28-12-24/training/model_final.pt
[EarlyStopping] no improve (29/30)
[EarlyStopping] no improve (29/30)
0 Sat Nov 29 09:58:04 2025 Epoch: 61
Epoch: 61/150 Iter: 1/96 loss: 26.0387 acc: 0.1111 time 16.03s
Epoch: 61/150 Iter: 2/96 loss: 17.4666 acc: 0.1806 time 13.53s
Epoch: 61/150 Iter: 3/96 loss: 15.3478 acc: 0.2037 time 10.89s
Epoch: 61/150 Iter: 4/96 loss: 16.5837 acc: 0.2153 time 11.22s
Epoch: 61/150 Iter: 5/96 loss: 16.0331 acc: 0.2056 time 10.93s
Epoch: 61/150 Iter: 6/96 loss: 16.4001 acc: 0.1991 time 13.54s
Epoch: 61/150 Iter: 7/96 loss: 17.6655 acc: 0.2063 time 13.47s
Epoch: 61/150 Iter: 8/96 loss: 16.1897 acc: 0.2306 time 10.92s
Epoch: 61/150 Iter: 9/96 loss: 15.5106 acc: 0.2327 time 13.52s
Epoch: 61/150 Iter: 10/96 loss: 14.6971 acc: 0.2428 time 13.54s
Epoch: 61/150 Iter: 11/96 loss: 15.2873 acc: 0.2207 time 13.49s
Epoch: 61/150 Iter: 12/96 loss: 14.4202 acc: 0.2440 time 13.46s
Epoch: 61/150 Iter: 13/96 loss: 14.3992 acc: 0.2573 time 10.96s
Epoch: 61/150 Iter: 14/96 loss: 13.9368 acc: 0.2817 time 13.52s
Epoch: 61/150 Iter: 15/96 loss: 13.5824 acc: 0.2778 time 11.12s
Epoch: 61/150 Iter: 16/96 loss: 13.6658 acc: 0.2813 time 10.94s
Epoch: 61/150 Iter: 17/96 loss: 14.2974 acc: 0.2647 time 13.53s
Epoch: 61/150 Iter: 18/96 loss: 14.0371 acc: 0.2500 time 11.10s
Epoch: 61/150 Iter: 19/96 loss: 13.8275 acc: 0.2500 time 10.91s
Epoch: 61/150 Iter: 20/96 loss: 13.6481 acc: 0.2514 time 10.91s
Epoch: 61/150 Iter: 21/96 loss: 14.2503 acc: 0.2500 time 13.56s
Epoch: 61/150 Iter: 22/96 loss: 14.2693 acc: 0.2462 time 13.51s
Epoch: 61/150 Iter: 23/96 loss: 14.3799 acc: 0.2413 time 11.16s
Epoch: 61/150 Iter: 24/96 loss: 14.7640 acc: 0.2382 time 10.93s
Epoch: 61/150 Iter: 25/96 loss: 14.4093 acc: 0.2376 time 10.89s
Epoch: 61/150 Iter: 26/96 loss: 14.1465 acc: 0.2525 time 13.45s
Epoch: 61/150 Iter: 27/96 loss: 14.1191 acc: 0.2513 time 10.96s
Epoch: 61/150 Iter: 28/96 loss: 13.9961 acc: 0.2503 time 13.51s
Epoch: 61/150 Iter: 29/96 loss: 13.9262 acc: 0.2463 time 11.08s
Epoch: 61/150 Iter: 30/96 loss: 13.7985 acc: 0.2464 time 13.52s
Epoch: 61/150 Iter: 31/96 loss: 13.5148 acc: 0.2599 time 13.48s
Epoch: 61/150 Iter: 32/96 loss: 13.5688 acc: 0.2570 time 13.49s
Epoch: 61/150 Iter: 33/96 loss: 13.6477 acc: 0.2526 time 13.51s
Epoch: 61/150 Iter: 34/96 loss: 14.2324 acc: 0.2511 time 11.10s
Epoch: 61/150 Iter: 35/96 loss: 14.3832 acc: 0.2439 time 10.92s
Epoch: 61/150 Iter: 36/96 loss: 14.3727 acc: 0.2464 time 13.48s
Epoch: 61/150 Iter: 37/96 loss: 14.2808 acc: 0.2427 time 13.45s
Epoch: 61/150 Iter: 38/96 loss: 13.9814 acc: 0.2548 time 13.44s
Epoch: 61/150 Iter: 39/96 loss: 13.6703 acc: 0.2667 time 11.19s
Epoch: 61/150 Iter: 40/96 loss: 13.5494 acc: 0.2684 time 11.09s
Epoch: 61/150 Iter: 41/96 loss: 13.4147 acc: 0.2667 time 11.04s
Epoch: 61/150 Iter: 42/96 loss: 13.4206 acc: 0.2657 time 11.05s
Epoch: 61/150 Iter: 43/96 loss: 13.3486 acc: 0.2621 time 10.90s
Epoch: 61/150 Iter: 44/96 loss: 13.6225 acc: 0.2612 time 11.09s
Epoch: 61/150 Iter: 45/96 loss: 13.5483 acc: 0.2572 time 13.49s
Epoch: 61/150 Iter: 46/96 loss: 13.8637 acc: 0.2531 time 13.47s
Epoch: 61/150 Iter: 47/96 loss: 14.0659 acc: 0.2477 time 10.92s
Epoch: 61/150 Iter: 48/96 loss: 14.0908 acc: 0.2460 time 11.18s
Epoch: 61/150 Iter: 49/96 loss: 14.0309 acc: 0.2467 time 10.93s
Epoch: 61/150 Iter: 50/96 loss: 13.9110 acc: 0.2462 time 13.44s
Epoch: 61/150 Iter: 51/96 loss: 14.3088 acc: 0.2462 time 10.96s
Epoch: 61/150 Iter: 52/96 loss: 14.5984 acc: 0.2431 time 10.90s
Epoch: 61/150 Iter: 53/96 loss: 14.7652 acc: 0.2406 time 10.96s
Epoch: 61/150 Iter: 54/96 loss: 14.8378 acc: 0.2392 time 11.10s
Epoch: 61/150 Iter: 55/96 loss: 14.8997 acc: 0.2379 time 13.52s
Epoch: 61/150 Iter: 56/96 loss: 14.8160 acc: 0.2396 time 13.47s
Epoch: 61/150 Iter: 57/96 loss: 14.6651 acc: 0.2442 time 10.93s
Epoch: 61/150 Iter: 58/96 loss: 14.7746 acc: 0.2400 time 13.53s
Epoch: 61/150 Iter: 59/96 loss: 14.7273 acc: 0.2371 time 10.93s
Epoch: 61/150 Iter: 60/96 loss: 14.8785 acc: 0.2359 time 13.54s
Epoch: 61/150 Iter: 61/96 loss: 14.6543 acc: 0.2457 time 13.48s
Epoch: 61/150 Iter: 62/96 loss: 14.9084 acc: 0.2417 time 13.57s
Epoch: 61/150 Iter: 63/96 loss: 14.7852 acc: 0.2445 time 10.92s
Epoch: 61/150 Iter: 64/96 loss: 14.9049 acc: 0.2441 time 11.08s
Epoch: 61/150 Iter: 65/96 loss: 15.1263 acc: 0.2404 time 13.53s
Epoch: 61/150 Iter: 66/96 loss: 15.0647 acc: 0.2405 time 13.44s
Epoch: 61/150 Iter: 67/96 loss: 14.9750 acc: 0.2386 time 13.43s
Epoch: 61/150 Iter: 68/96 loss: 14.9739 acc: 0.2371 time 11.16s
Epoch: 61/150 Iter: 69/96 loss: 14.9159 acc: 0.2384 time 13.46s
Epoch: 61/150 Iter: 70/96 loss: 15.2154 acc: 0.2374 time 13.56s
Epoch: 61/150 Iter: 71/96 loss: 15.3400 acc: 0.2380 time 10.91s
Epoch: 61/150 Iter: 72/96 loss: 15.8565 acc: 0.2347 time 13.47s
Epoch: 61/150 Iter: 73/96 loss: 15.9660 acc: 0.2353 time 11.10s
Epoch: 61/150 Iter: 74/96 loss: 16.1015 acc: 0.2321 time 10.92s
Epoch: 61/150 Iter: 75/96 loss: 16.2390 acc: 0.2290 time 11.18s
Epoch: 61/150 Iter: 76/96 loss: 16.2717 acc: 0.2274 time 11.20s
Epoch: 61/150 Iter: 77/96 loss: 16.1509 acc: 0.2294 time 11.06s
Epoch: 61/150 Iter: 78/96 loss: 16.0942 acc: 0.2307 time 11.08s
Epoch: 61/150 Iter: 79/96 loss: 16.0393 acc: 0.2334 time 10.99s
Epoch: 61/150 Iter: 80/96 loss: 16.2345 acc: 0.2305 time 13.50s
Epoch: 61/150 Iter: 81/96 loss: 16.0846 acc: 0.2369 time 10.86s
Epoch: 61/150 Iter: 82/96 loss: 16.0528 acc: 0.2401 time 10.87s
Epoch: 61/150 Iter: 83/96 loss: 15.9478 acc: 0.2452 time 13.40s
Epoch: 61/150 Iter: 84/96 loss: 15.9102 acc: 0.2463 time 10.85s
Epoch: 61/150 Iter: 85/96 loss: 15.8038 acc: 0.2493 time 13.46s
Epoch: 61/150 Iter: 86/96 loss: 15.7859 acc: 0.2493 time 10.96s
Epoch: 61/150 Iter: 87/96 loss: 15.7740 acc: 0.2490 time 11.01s
Epoch: 61/150 Iter: 88/96 loss: 15.7378 acc: 0.2469 time 13.46s
Epoch: 61/150 Iter: 89/96 loss: 15.7453 acc: 0.2485 time 10.87s
Epoch: 61/150 Iter: 90/96 loss: 15.7981 acc: 0.2465 time 10.87s
Epoch: 61/150 Iter: 91/96 loss: 15.8921 acc: 0.2447 time 10.96s
Epoch: 61/150 Iter: 92/96 loss: 15.7766 acc: 0.2457 time 11.04s
Epoch: 61/150 Iter: 93/96 loss: 15.8885 acc: 0.2457 time 11.03s
Epoch: 61/150 Iter: 94/96 loss: 15.8800 acc: 0.2440 time 13.44s
Epoch: 61/150 Iter: 95/96 loss: 15.8681 acc: 0.2446 time 13.41s
Epoch: 61/150 Iter: 96/96 loss: 15.7452 acc: 0.2461 time 10.87s
[Train epoch 61] avg_loss=15.7452 avg_acc=0.2461 | per-class [c0: 0.448, c1: 0.233, c2: 0.177]
Final training 61/150, loss: 15.7452, time 1163.05s, lr: 0.000000
Accuracy: 0.312
class                  precision    recall   specificity      f1   support
--------------------------------------------------------------------------
0                          0.463     0.448         0.505   0.456       281
1                          0.041     0.233         0.698   0.069        30
2                          0.356     0.177         0.727   0.237       265
*----------------------------------------*
0 Sat Nov 29 10:17:28 2025 Epoch: 62
Epoch: 62/150 Iter: 1/96 loss: 10.4996 acc: 0.1667 time 14.30s
Epoch: 62/150 Iter: 2/96 loss: 10.5770 acc: 0.2500 time 11.12s
Epoch: 62/150 Iter: 3/96 loss: 10.0746 acc: 0.2778 time 11.21s
Epoch: 62/150 Iter: 4/96 loss: 12.8702 acc: 0.2417 time 13.51s
Epoch: 62/150 Iter: 5/96 loss: 14.7602 acc: 0.2267 time 13.46s
Epoch: 62/150 Iter: 6/96 loss: 14.6895 acc: 0.2444 time 13.49s
Epoch: 62/150 Iter: 7/96 loss: 13.8753 acc: 0.2988 time 10.97s
Epoch: 62/150 Iter: 8/96 loss: 14.1221 acc: 0.2615 time 10.96s
Epoch: 62/150 Iter: 9/96 loss: 13.6742 acc: 0.2769 time 11.20s
Epoch: 62/150 Iter: 10/96 loss: 13.2415 acc: 0.2625 time 11.07s
Epoch: 62/150 Iter: 11/96 loss: 13.9627 acc: 0.2386 time 10.88s
Epoch: 62/150 Iter: 12/96 loss: 13.3710 acc: 0.2743 time 13.49s
Epoch: 62/150 Iter: 13/96 loss: 13.3071 acc: 0.2788 time 11.09s
Epoch: 62/150 Iter: 14/96 loss: 13.9515 acc: 0.2637 time 13.57s
Epoch: 62/150 Iter: 15/96 loss: 14.2246 acc: 0.2609 time 13.51s
Epoch: 62/150 Iter: 16/96 loss: 13.4763 acc: 0.2793 time 11.22s
Epoch: 62/150 Iter: 17/96 loss: 13.5181 acc: 0.2668 time 11.08s
Epoch: 62/150 Iter: 18/96 loss: 13.6595 acc: 0.2613 time 10.89s
Epoch: 62/150 Iter: 19/96 loss: 13.7008 acc: 0.2592 time 10.90s
Epoch: 62/150 Iter: 20/96 loss: 13.5896 acc: 0.2574 time 13.51s
Epoch: 62/150 Iter: 21/96 loss: 14.3126 acc: 0.2451 time 13.52s
Epoch: 62/150 Iter: 22/96 loss: 13.8646 acc: 0.2567 time 13.52s
Epoch: 62/150 Iter: 23/96 loss: 14.4073 acc: 0.2455 time 10.95s
Epoch: 62/150 Iter: 24/96 loss: 15.1778 acc: 0.2353 time 10.94s
Epoch: 62/150 Iter: 25/96 loss: 14.7869 acc: 0.2437 time 13.56s
Epoch: 62/150 Iter: 26/96 loss: 14.4651 acc: 0.2535 time 10.90s
Epoch: 62/150 Iter: 27/96 loss: 14.2767 acc: 0.2565 time 10.92s
Epoch: 62/150 Iter: 28/96 loss: 13.9285 acc: 0.2652 time 13.55s
Epoch: 62/150 Iter: 29/96 loss: 14.0871 acc: 0.2589 time 13.51s
Epoch: 62/150 Iter: 30/96 loss: 13.9529 acc: 0.2569 time 13.52s
Epoch: 62/150 Iter: 31/96 loss: 14.1537 acc: 0.2616 time 10.96s
Epoch: 62/150 Iter: 32/96 loss: 14.1355 acc: 0.2690 time 13.52s
Epoch: 62/150 Iter: 33/96 loss: 14.4917 acc: 0.2609 time 13.48s
Epoch: 62/150 Iter: 34/96 loss: 14.3909 acc: 0.2695 time 10.93s
Epoch: 62/150 Iter: 35/96 loss: 14.6191 acc: 0.2698 time 10.91s
Epoch: 62/150 Iter: 36/96 loss: 14.4665 acc: 0.2657 time 11.06s
Epoch: 62/150 Iter: 37/96 loss: 14.2542 acc: 0.2706 time 13.56s
Epoch: 62/150 Iter: 38/96 loss: 14.4013 acc: 0.2652 time 13.50s
Epoch: 62/150 Iter: 39/96 loss: 14.3624 acc: 0.2704 time 13.56s
Epoch: 62/150 Iter: 40/96 loss: 14.4371 acc: 0.2719 time 10.93s
Epoch: 62/150 Iter: 41/96 loss: 14.1783 acc: 0.2836 time 11.09s
Epoch: 62/150 Iter: 42/96 loss: 14.3486 acc: 0.2808 time 13.48s
Epoch: 62/150 Iter: 43/96 loss: 14.5120 acc: 0.2795 time 13.50s
Epoch: 62/150 Iter: 44/96 loss: 14.5728 acc: 0.2756 time 13.55s
Epoch: 62/150 Iter: 45/96 loss: 14.7017 acc: 0.2695 time 10.92s
Epoch: 62/150 Iter: 46/96 loss: 14.9060 acc: 0.2673 time 10.91s
Epoch: 62/150 Iter: 47/96 loss: 15.1734 acc: 0.2651 time 11.24s
Epoch: 62/150 Iter: 48/96 loss: 14.9346 acc: 0.2652 time 13.49s
Epoch: 62/150 Iter: 49/96 loss: 14.9262 acc: 0.2725 time 13.45s
Epoch: 62/150 Iter: 50/96 loss: 14.9390 acc: 0.2715 time 11.16s
Epoch: 62/150 Iter: 51/96 loss: 15.1425 acc: 0.2694 time 10.99s
Epoch: 62/150 Iter: 52/96 loss: 15.0848 acc: 0.2728 time 13.58s
Epoch: 62/150 Iter: 53/96 loss: 14.8557 acc: 0.2771 time 11.07s
Epoch: 62/150 Iter: 54/96 loss: 14.9404 acc: 0.2761 time 13.46s
Epoch: 62/150 Iter: 55/96 loss: 14.9379 acc: 0.2741 time 10.95s
Epoch: 62/150 Iter: 56/96 loss: 14.9291 acc: 0.2771 time 10.91s
Epoch: 62/150 Iter: 57/96 loss: 14.9181 acc: 0.2752 time 13.54s
Epoch: 62/150 Iter: 58/96 loss: 14.8343 acc: 0.2762 time 13.49s
Epoch: 62/150 Iter: 59/96 loss: 14.8914 acc: 0.2762 time 11.11s
Epoch: 62/150 Iter: 60/96 loss: 14.7955 acc: 0.2744 time 11.04s
Epoch: 62/150 Iter: 61/96 loss: 14.9062 acc: 0.2713 time 11.13s
Epoch: 62/150 Iter: 62/96 loss: 14.9517 acc: 0.2696 time 13.46s
Epoch: 62/150 Iter: 63/96 loss: 14.9792 acc: 0.2671 time 13.48s
Epoch: 62/150 Iter: 64/96 loss: 14.9169 acc: 0.2681 time 11.22s
Epoch: 62/150 Iter: 65/96 loss: 14.9982 acc: 0.2674 time 10.97s
Epoch: 62/150 Iter: 66/96 loss: 15.0950 acc: 0.2709 time 11.10s
Epoch: 62/150 Iter: 67/96 loss: 15.1560 acc: 0.2702 time 11.12s
Epoch: 62/150 Iter: 68/96 loss: 15.0431 acc: 0.2695 time 10.89s
Epoch: 62/150 Iter: 69/96 loss: 15.2282 acc: 0.2672 time 11.20s
Epoch: 62/150 Iter: 70/96 loss: 15.1576 acc: 0.2705 time 10.95s
Epoch: 62/150 Iter: 71/96 loss: 15.2261 acc: 0.2730 time 13.48s
Epoch: 62/150 Iter: 72/96 loss: 15.2496 acc: 0.2773 time 10.90s
Epoch: 62/150 Iter: 73/96 loss: 15.2018 acc: 0.2803 time 13.52s
Epoch: 62/150 Iter: 74/96 loss: 15.1895 acc: 0.2799 time 11.04s
Epoch: 62/150 Iter: 75/96 loss: 15.1547 acc: 0.2791 time 11.11s
Epoch: 62/150 Iter: 76/96 loss: 15.2271 acc: 0.2764 time 13.49s
Epoch: 62/150 Iter: 77/96 loss: 15.3297 acc: 0.2749 time 10.93s
Epoch: 62/150 Iter: 78/96 loss: 15.2787 acc: 0.2743 time 10.93s
Epoch: 62/150 Iter: 79/96 loss: 15.1469 acc: 0.2739 time 11.11s
Epoch: 62/150 Iter: 80/96 loss: 15.0460 acc: 0.2764 time 13.45s
Epoch: 62/150 Iter: 81/96 loss: 14.9603 acc: 0.2750 time 13.41s
Epoch: 62/150 Iter: 82/96 loss: 14.9731 acc: 0.2737 time 11.09s
Epoch: 62/150 Iter: 83/96 loss: 14.9654 acc: 0.2724 time 13.41s
Epoch: 62/150 Iter: 84/96 loss: 14.9682 acc: 0.2731 time 10.93s
Epoch: 62/150 Iter: 85/96 loss: 15.0142 acc: 0.2728 time 11.03s
Epoch: 62/150 Iter: 86/96 loss: 14.9974 acc: 0.2755 time 10.94s
Epoch: 62/150 Iter: 87/96 loss: 14.9907 acc: 0.2761 time 10.84s
Epoch: 62/150 Iter: 88/96 loss: 15.0017 acc: 0.2759 time 13.43s
Epoch: 62/150 Iter: 89/96 loss: 15.0341 acc: 0.2740 time 10.94s
Epoch: 62/150 Iter: 90/96 loss: 15.0406 acc: 0.2734 time 13.48s
Epoch: 62/150 Iter: 91/96 loss: 15.0789 acc: 0.2729 time 10.97s
Epoch: 62/150 Iter: 92/96 loss: 15.0632 acc: 0.2717 time 13.41s
Epoch: 62/150 Iter: 93/96 loss: 15.0952 acc: 0.2728 time 13.47s
Epoch: 62/150 Iter: 94/96 loss: 15.1291 acc: 0.2717 time 10.94s
Epoch: 62/150 Iter: 95/96 loss: 15.1629 acc: 0.2706 time 13.44s
Epoch: 62/150 Iter: 96/96 loss: 15.1019 acc: 0.2719 time 13.52s
[Train epoch 62] avg_loss=15.1019 avg_acc=0.2719 | per-class [c0: 0.468, c1: 0.300, c2: 0.195]
Final training 62/150, loss: 15.1019, time 1162.47s, lr: 0.000000
Accuracy: 0.333
class                  precision    recall   specificity      f1   support
--------------------------------------------------------------------------
0                          0.489     0.468         0.537   0.478       280
1                          0.051     0.300         0.694   0.087        30
2                          0.394     0.195         0.742   0.261       266
*----------------------------------------*
Val 62/150 1/24, Acc: 0.1111, Loss: 16.7715, time 10.88s
Val 62/150 2/24, Acc: 0.2222, Loss: 13.5333, time 11.00s
Val 62/150 3/24, Acc: 0.2593, Loss: 11.3565, time 11.00s
Val 62/150 4/24, Acc: 0.2569, Loss: 12.1958, time 10.92s
Val 62/150 5/24, Acc: 0.2222, Loss: 11.5295, time 11.07s
Val 62/150 6/24, Acc: 0.1991, Loss: 11.6863, time 11.01s
Val 62/150 7/24, Acc: 0.1944, Loss: 11.9406, time 10.93s
Val 62/150 8/24, Acc: 0.1806, Loss: 11.7940, time 10.99s
Val 62/150 9/24, Acc: 0.1679, Loss: 11.1626, time 10.92s
Val 62/150 10/24, Acc: 0.1978, Loss: 10.8683, time 11.25s
Val 62/150 11/24, Acc: 0.2253, Loss: 10.8064, time 10.90s
Val 62/150 12/24, Acc: 0.2273, Loss: 10.6672, time 11.01s
Val 62/150 13/24, Acc: 0.2355, Loss: 10.4891, time 11.04s
Val 62/150 14/24, Acc: 0.2901, Loss: 9.7438, time 10.99s
Val 62/150 15/24, Acc: 0.3263, Loss: 9.1822, time 11.00s
Val 62/150 16/24, Acc: 0.3184, Loss: 9.0551, time 10.92s
Val 62/150 17/24, Acc: 0.3095, Loss: 9.4708, time 11.06s
Val 62/150 18/24, Acc: 0.3015, Loss: 9.3524, time 10.97s
Val 62/150 19/24, Acc: 0.3330, Loss: 8.8916, time 11.05s
Val 62/150 20/24, Acc: 0.3331, Loss: 8.6493, time 11.04s
Val 62/150 21/24, Acc: 0.3331, Loss: 8.8733, time 10.99s
Val 62/150 22/24, Acc: 0.3230, Loss: 9.2944, time 11.22s
Val 62/150 23/24, Acc: 0.3331, Loss: 9.0427, time 10.86s
Val 62/150 24/24, Acc: 0.3192, Loss: 9.4725, time 10.89s
[Val epoch 62] avg_acc=0.3192 | avg_loss=9.4725 | per-class [c0: 0.486, c1: 0.500, c2: 0.258]
Final validation 62/150, Val_acc: 0.3192, time 263.91sAccuracy: 0.382
class                  precision    recall   specificity      f1   support
--------------------------------------------------------------------------
0                          0.479     0.486         0.500   0.482        70
1                          0.111     0.500         0.765   0.182         8
2                          0.459     0.258         0.744   0.330        66
*========================================*
Saving checkpoint outputs/OrganoidsINRIA/swinunetr+noah/2025-11-28-12-24/training/model_final.pt
[EarlyStopping] no improve (30/30)
[EarlyStopping] Stopping training for val accuracy at epoch 62
Training Finished! Best Accuracy: 0.3192
====================================================================================================

Saving plots to: outputs/OrganoidsINRIA/swinunetr+noah/2025-11-28-12-24/training/plots
=> loading checkpoint 'outputs/OrganoidsINRIA/swinunetr+noah/2025-11-28-12-24/training/best_model.pt'
Loaded 132 keys from checkpoint
Testing 1/14, Acc: 0.2222, Loss: 6.2800, time 39.04s
Testing 2/14, Acc: 0.1944, Loss: 8.2641, time 10.28s
Testing 3/14, Acc: 0.1852, Loss: 6.8056, time 10.28s
Testing 4/14, Acc: 0.2222, Loss: 7.3298, time 10.29s
Testing 5/14, Acc: 0.2111, Loss: 7.6521, time 10.30s
Testing 6/14, Acc: 0.2037, Loss: 7.7569, time 10.31s
Testing 7/14, Acc: 0.2103, Loss: 7.7574, time 10.31s
Testing 8/14, Acc: 0.2118, Loss: 7.9842, time 10.31s
Testing 9/14, Acc: 0.1883, Loss: 9.0366, time 10.32s
Testing 10/14, Acc: 0.1944, Loss: 9.1397, time 10.32s
Testing 11/14, Acc: 0.1768, Loss: 10.1643, time 10.32s
Testing 12/14, Acc: 0.1690, Loss: 10.4226, time 10.32s
Testing 13/14, Acc: 0.1688, Loss: 10.7518, time 10.32s
Testing 14/14, Acc: 0.1687, Loss: 10.7138, time 8.29s
[Testing] avg_acc=0.1687 | avg_loss=10.7138 | per-class [c0: 0.525, c1: 0.400, c2: 0.243]
Final testing , Test_acc: 0.1687, time 171.07sAccuracy: 0.390
class                  precision    recall   specificity      f1   support
--------------------------------------------------------------------------
0                          0.553     0.525         0.595   0.538        40
1                          0.077     0.400         0.688   0.129         5
2                          0.500     0.243         0.800   0.327        37
*========================================*
Testing Finished! Best Accuracy: 0.1687
Saving plots to: outputs/OrganoidsINRIA/swinunetr+noah/2025-11-28-12-24/testing/plots
Total time spent: 22 hours 19 minutes 32 seconds

Final Results Summary:
| TrainLoss | TrainAcc | ValAccMax | W_TrainF1 | W_TrainPrecision | W_TrainRecall | W_TrainSpecificity | TestAcc | W_TestF1 | W_TestPrecision | W_TestRecall | W_TestSpecificity |
| 15.1019 | 0.2719 | 0.3819 | 0.3958 | 0.4495 | 0.3819 | 0.6264 | 0.3902 | 0.4182 | 0.4999 | 0.3902 | 0.6933 |
