Architecture:                            x86_64
CPU op-mode(s):                          32-bit, 64-bit
Byte Order:                              Little Endian
Address sizes:                           48 bits physical, 48 bits virtual
CPU(s):                                  64
On-line CPU(s) list:                     0-63
Thread(s) per core:                      2
Core(s) per socket:                      16
Socket(s):                               2
NUMA node(s):                            8
Vendor ID:                               AuthenticAMD
CPU family:                              25
Model:                                   1
Model name:                              AMD EPYC 7313 16-Core Processor
Stepping:                                1
Frequency boost:                         enabled
CPU MHz:                                 2903.331
CPU max MHz:                             3000.0000
CPU min MHz:                             1500.0000
BogoMIPS:                                5988.72
Virtualization:                          AMD-V
L1d cache:                               1 MiB
L1i cache:                               1 MiB
L2 cache:                                16 MiB
L3 cache:                                256 MiB
NUMA node0 CPU(s):                       0-3,32-35
NUMA node1 CPU(s):                       4-7,36-39
NUMA node2 CPU(s):                       8-11,40-43
NUMA node3 CPU(s):                       12-15,44-47
NUMA node4 CPU(s):                       16-19,48-51
NUMA node5 CPU(s):                       20-23,52-55
NUMA node6 CPU(s):                       24-27,56-59
NUMA node7 CPU(s):                       28-31,60-63
Vulnerability Gather data sampling:      Not affected
Vulnerability Indirect target selection: Not affected
Vulnerability Itlb multihit:             Not affected
Vulnerability L1tf:                      Not affected
Vulnerability Mds:                       Not affected
Vulnerability Meltdown:                  Not affected
Vulnerability Mmio stale data:           Not affected
Vulnerability Reg file data sampling:    Not affected
Vulnerability Retbleed:                  Not affected
Vulnerability Spec rstack overflow:      Mitigation; safe RET
Vulnerability Spec store bypass:         Mitigation; Speculative Store Bypass disabled via prctl and seccomp
Vulnerability Spectre v1:                Mitigation; usercopy/swapgs barriers and __user pointer sanitization
Vulnerability Spectre v2:                Mitigation; Retpolines, IBPB conditional, IBRS_FW, STIBP always-on, RSB filling, PBRSB-eIBRS Not affected
Vulnerability Srbds:                     Not affected
Vulnerability Tsa:                       Mitigation; Clear CPU buffers
Vulnerability Tsx async abort:           Not affected
Vulnerability Vmscape:                   Mitigation; IBPB before exit to userspace
Flags:                                   fpu vme de pse tsc msr pae mce cx8 apic sep mtrr pge mca cmov pat pse36 clflush mmx fxsr sse sse2 ht syscall nx mmxext fxsr_opt pdpe1gb rdtscp lm constant_tsc rep_good nopl nonstop_tsc cpuid extd_apicid aperfmperf pni pclmulqdq monitor ssse3 fma cx16 pcid sse4_1 sse4_2 movbe popcnt aes xsave avx f16c rdrand lahf_lm cmp_legacy svm extapic cr8_legacy abm sse4a misalignsse 3dnowprefetch osvw ibs skinit wdt tce topoext perfctr_core perfctr_nb bpext perfctr_llc mwaitx cpb cat_l3 cdp_l3 invpcid_single hw_pstate ssbd mba ibrs ibpb stibp vmmcall fsgsbase bmi1 avx2 smep bmi2 erms invpcid cqm rdt_a rdseed adx smap clflushopt clwb sha_ni xsaveopt xsavec xgetbv1 xsaves cqm_llc cqm_occup_llc cqm_mbm_total cqm_mbm_local clzero irperf xsaveerptr rdpru wbnoinvd amd_ppin arat npt lbrv svm_lock nrip_save tsc_scale vmcb_clean flushbyasid decodeassists pausefilter pfthreshold v_vmsave_vmload vgif umip pku ospke vaes vpclmulqdq rdpid overflow_recov succor smca fsrm ibpb_exit_to_user
Mon Nov  3 09:58:10 2025       
+---------------------------------------------------------------------------------------+
| NVIDIA-SMI 535.183.06             Driver Version: 535.183.06   CUDA Version: 12.2     |
|-----------------------------------------+----------------------+----------------------+
| GPU  Name                 Persistence-M | Bus-Id        Disp.A | Volatile Uncorr. ECC |
| Fan  Temp   Perf          Pwr:Usage/Cap |         Memory-Usage | GPU-Util  Compute M. |
|                                         |                      |               MIG M. |
|=========================================+======================+======================|
|   0  NVIDIA A40                     On  | 00000000:A3:00.0 Off |                    0 |
|  0%   32C    P8              31W / 300W |      0MiB / 46068MiB |      0%      Default |
|                                         |                      |                  N/A |
+-----------------------------------------+----------------------+----------------------+
                                                                                         
+---------------------------------------------------------------------------------------+
| Processes:                                                                            |
|  GPU   GI   CI        PID   Type   Process name                            GPU Memory |
|        ID   ID                                                             Usage      |
|=======================================================================================|
|  No running processes found                                                           |
+---------------------------------------------------------------------------------------+
/home/mraffael/martone_project/Organoid-Image-Classification-Using-Deep-Learning
{'RandFlipd_prob': 0.2,
 'RandRotate90d_prob': 0.2,
 'RandScaleIntensityd_prob': 0.1,
 'RandShiftIntensityd_prob': 0.1,
 'amp': True,
 'augmentation': True,
 'batch_size': 6,
 'cache_dataset': False,
 'checkpoint_path': None,
 'data_dir': '/home/mraffael/martone_project/Organoids_Dataset/',
 'dataset_name': 'OrganoidsINRIA',
 'debug': False,
 'debug_train_samples': 40,
 'debug_val_samples': 10,
 'dist_backend': 'nccl',
 'dist_url': 'tcp://127.0.0.1:23456',
 'distributed': False,
 'dropout_path_rate': 0.0,
 'dropout_rate': 0.0,
 'early_stopping': False,
 'encoder10_pth': '',
 'exact_class': False,
 'feature_size': 48,
 'fold': 0,
 'folds': False,
 'gpu': 0,
 'ignore_label': 3,
 'in_channels': 1,
 'infer_overlap': 0.5,
 'k_folds': 5,
 'logdir': 'test',
 'logs_dir': 'logs/',
 'loss_name': 'FocalLoss',
 'lrschedule': 'warmup_cosine',
 'max_epochs': 150,
 'min_delta_loss': 0.001,
 'min_delta_val': 0.001,
 'model_name': 'swinunetr',
 'momentum': 0.99,
 'noamp': False,
 'norm_name': 'instance',
 'oar_id': 2103790,
 'optim_lr': 0.0005,
 'optim_name': 'adamw',
 'out_channels': 1,
 'output_dir': 'outputs/',
 'patch_merging': False,
 'patience_loss': 20,
 'patience_val': 3,
 'pretrained_dir': './pretrained_models/fold1_f48_ep300_4gpu_dice0_9059/',
 'pretrained_model_name': 'model_swinvit.pt',
 'rank': 0,
 'reg_weight': 5e-05,
 'restart_T0': 20,
 'resume_ckpt': False,
 'roi_x': 128,
 'roi_y': 128,
 'roi_z': 128,
 'save_checkpoint': True,
 'seed': 3,
 'similarity_loss': '',
 'similarity_loss_weight': 0.0,
 'spatial_dims': 3,
 'split_method': 'percentage',
 'start_epoch': 0,
 'sw_batch_size': 6,
 'telegram_log': True,
 'test_mode': False,
 'token': './token/tlg_token.txt',
 'use_checkpoint': False,
 'val_every': 4,
 'warmup_epochs': 8,
 'workers': 8,
 'world_size': 1}

Saved configuration to: outputs/OrganoidsINRIA/swinunetr/2025-11-03-09-58/config.txt
Using GPU: 0

Model INFO:
Model architecture: swinunetr
Using pretrained weights
=> loading pretrained model './pretrained_models/fold1_f48_ep300_4gpu_dice0_9059/model_swinvit.pt'
Missing keys when loading pretrained: 33
Unexpected keys when loading pretrained: 8
Using SwinUNETR with Single Linear Classification Head
Total trainable parameters: 39,914,805

Optimizer INFO:
Using optimizer: adamw with lr=0.0005, weight_decay=5e-05

Dataset INFO:
Dataset length: 858
Class distribution in entire dataset:
  Class 0: 394
  Class 1: 43
  Class 2: 421

Using split method: percentage
Stratified proportional split per classe (train, val): [(np.int64(0), np.int64(69), np.int64(17)), (np.int64(1), np.int64(34), np.int64(9)), (np.int64(2), np.int64(69), np.int64(17))]
Total: 172 train, 43 val

Train set balance:
Class distribution:
  Class 0: 69 samples
  Class 1: 34 samples
  Class 2: 69 samples

Val set balance:
Class distribution:
  Class 0: 17 samples
  Class 1: 9 samples
  Class 2: 17 samples
Training set length: 172
Validation set length: 43

Using standard shuffle for training
Training loader: 28 batches
Validation loader: 43 batches

Class distribution in training set:
  Class 0: 69 (40.1%)
  Class 1: 34 (19.8%)
  Class 2: 69 (40.1%)
Class distribution in validation set:
  Class 0: 17 (39.5%)
  Class 1: 9 (20.9%)
  Class 2: 17 (39.5%)
**************************************************
Class weights: [ 8.309  16.863  8.309]

Using loss function: FocalLoss
**************************************************
Starting training...
✓ Unfrozen: swinViT.layers4.0.blocks.1.norm1.weight (384 params)
✓ Unfrozen: swinViT.layers4.0.blocks.1.norm1.bias (384 params)
✓ Unfrozen: swinViT.layers4.0.blocks.1.attn.relative_position_bias_table (52728 params)
✓ Unfrozen: swinViT.layers4.0.blocks.1.attn.qkv.weight (442368 params)
✓ Unfrozen: swinViT.layers4.0.blocks.1.attn.qkv.bias (1152 params)
✓ Unfrozen: swinViT.layers4.0.blocks.1.attn.proj.weight (147456 params)
✓ Unfrozen: swinViT.layers4.0.blocks.1.attn.proj.bias (384 params)
✓ Unfrozen: swinViT.layers4.0.blocks.1.norm2.weight (384 params)
✓ Unfrozen: swinViT.layers4.0.blocks.1.norm2.bias (384 params)
✓ Unfrozen: swinViT.layers4.0.blocks.1.mlp.linear1.weight (589824 params)
✓ Unfrozen: swinViT.layers4.0.blocks.1.mlp.linear1.bias (1536 params)
✓ Unfrozen: swinViT.layers4.0.blocks.1.mlp.linear2.weight (589824 params)
✓ Unfrozen: swinViT.layers4.0.blocks.1.mlp.linear2.bias (384 params)
✓ Unfrozen: swinViT.layers4.0.downsample.reduction.weight (2359296 params)
✓ Unfrozen: swinViT.layers4.0.downsample.norm.weight (3072 params)
✓ Unfrozen: swinViT.layers4.0.downsample.norm.bias (3072 params)
✓ Unfrozen: encoder10.layer.conv1.conv.weight (15925248 params)
✓ Unfrozen: encoder10.layer.conv2.conv.weight (15925248 params)
✓ Unfrozen: fc.weight (2304 params)
✓ Unfrozen: fc.bias (3 params)
Total frozen: 3869370, trainable: 36045435
0 Mon Nov  3 09:58:28 2025 Epoch: 0
Epoch: 0/150 Iter: 0/28 loss: 6.6383 acc: 0.3333 sim_loss: 0.0000 time 76.76s
Epoch: 0/150 Iter: 1/28 loss: 7.2272 acc: 0.1667 time 10.88s
Epoch: 0/150 Iter: 2/28 loss: 6.4323 acc: 0.2222 time 10.92s
Epoch: 0/150 Iter: 3/28 loss: 5.9840 acc: 0.2500 time 10.87s
Epoch: 0/150 Iter: 4/28 loss: 6.1292 acc: 0.2667 time 13.20s
Epoch: 0/150 Iter: 5/28 loss: 6.3601 acc: 0.2222 time 10.91s
Epoch: 0/150 Iter: 6/28 loss: 6.6693 acc: 0.1905 time 10.92s
Epoch: 0/150 Iter: 7/28 loss: 6.6972 acc: 0.2083 time 10.89s
Epoch: 0/150 Iter: 8/28 loss: 6.6578 acc: 0.2222 time 11.10s
Epoch: 0/150 Iter: 9/28 loss: 6.7307 acc: 0.2000 time 10.94s
Epoch: 0/150 Iter: 10/28 loss: 6.5625 acc: 0.2273 time 13.01s
Epoch: 0/150 Iter: 11/28 loss: 6.5578 acc: 0.2361 time 10.99s
Epoch: 0/150 Iter: 12/28 loss: 6.4257 acc: 0.2436 time 10.91s
Epoch: 0/150 Iter: 13/28 loss: 6.4485 acc: 0.2500 time 11.04s
Epoch: 0/150 Iter: 14/28 loss: 6.4590 acc: 0.2556 time 10.94s
Epoch: 0/150 Iter: 15/28 loss: 6.5400 acc: 0.2396 time 10.95s
Epoch: 0/150 Iter: 16/28 loss: 6.6144 acc: 0.2451 time 10.98s
Epoch: 0/150 Iter: 17/28 loss: 6.6662 acc: 0.2315 time 11.15s
Epoch: 0/150 Iter: 18/28 loss: 6.6184 acc: 0.2368 time 11.09s
Epoch: 0/150 Iter: 19/28 loss: 6.6171 acc: 0.2417 time 12.99s
Epoch: 0/150 Iter: 20/28 loss: 6.6239 acc: 0.2460 time 11.14s
Epoch: 0/150 Iter: 21/28 loss: 6.6147 acc: 0.2500 time 10.98s
Epoch: 0/150 Iter: 22/28 loss: 6.5380 acc: 0.2536 time 11.12s
Epoch: 0/150 Iter: 23/28 loss: 6.5041 acc: 0.2569 time 10.94s
Epoch: 0/150 Iter: 24/28 loss: 6.4949 acc: 0.2600 time 10.97s
Epoch: 0/150 Iter: 25/28 loss: 6.5332 acc: 0.2500 time 10.92s
Epoch: 0/150 Iter: 26/28 loss: 6.5475 acc: 0.2531 time 13.20s
Epoch: 0/150 Iter: 27/28 loss: 6.5524 acc: 0.2560 time 13.09s
[Train epoch 0] avg_loss=6.5524 avg_acc=0.2560 | per-class [c0: 0.000, c1: 1.000, c2: 0.000]
Final training 0/149, loss: 6.5524, time 383.84s, lr: 0.000000
Accuracy: 0.202
class                  precision    recall   specificity      f1   support
--------------------------------------------------------------------------
0                          0.000     0.000         1.000   0.000        67
1                          0.202     1.000         0.000   0.337        34
2                          0.000     0.000         1.000   0.000        67
*----------------------------------------*
0 Mon Nov  3 10:04:52 2025 Epoch: 1
Epoch: 1/150 Iter: 0/28 loss: 4.5523 acc: 0.3333 time 14.34s
Epoch: 1/150 Iter: 1/28 loss: 3.2831 acc: 0.4167 time 11.04s
Epoch: 1/150 Iter: 2/28 loss: 5.8860 acc: 0.3889 time 11.03s
Epoch: 1/150 Iter: 3/28 loss: 5.2979 acc: 0.3472 time 11.34s
Epoch: 1/150 Iter: 4/28 loss: 6.1649 acc: 0.3667 time 13.05s
Epoch: 1/150 Iter: 5/28 loss: 6.7933 acc: 0.4028 time 11.22s
Epoch: 1/150 Iter: 6/28 loss: 9.5883 acc: 0.4167 time 11.04s
Epoch: 1/150 Iter: 7/28 loss: 10.3837 acc: 0.4340 time 13.23s
Epoch: 1/150 Iter: 8/28 loss: 10.0541 acc: 0.4228 time 11.02s
Epoch: 1/150 Iter: 9/28 loss: 9.6778 acc: 0.4139 time 13.05s
Epoch: 1/150 Iter: 10/28 loss: 9.3518 acc: 0.4066 time 12.99s
Epoch: 1/150 Iter: 11/28 loss: 9.1896 acc: 0.4005 time 11.06s
Epoch: 1/150 Iter: 12/28 loss: 8.7355 acc: 0.4081 time 11.02s
Epoch: 1/150 Iter: 13/28 loss: 8.3893 acc: 0.4415 time 10.96s
Epoch: 1/150 Iter: 14/28 loss: 8.1327 acc: 0.4417 time 10.99s
Epoch: 1/150 Iter: 15/28 loss: 7.9077 acc: 0.4141 time 12.96s
Epoch: 1/150 Iter: 16/28 loss: 7.7536 acc: 0.4093 time 10.95s
Epoch: 1/150 Iter: 17/28 loss: 7.5918 acc: 0.3866 time 10.99s
Epoch: 1/150 Iter: 18/28 loss: 7.4281 acc: 0.3662 time 11.11s
Epoch: 1/150 Iter: 19/28 loss: 7.3281 acc: 0.3646 time 10.97s
Epoch: 1/150 Iter: 20/28 loss: 7.2163 acc: 0.3552 time 10.94s
Epoch: 1/150 Iter: 21/28 loss: 7.1189 acc: 0.3466 time 10.98s
Epoch: 1/150 Iter: 22/28 loss: 7.0108 acc: 0.3460 time 11.04s
Epoch: 1/150 Iter: 23/28 loss: 6.8691 acc: 0.3663 time 11.17s
Epoch: 1/150 Iter: 24/28 loss: 6.7542 acc: 0.3667 time 10.94s
Epoch: 1/150 Iter: 25/28 loss: 6.7138 acc: 0.3739 time 11.00s
Epoch: 1/150 Iter: 26/28 loss: 6.7179 acc: 0.3724 time 13.10s
Epoch: 1/150 Iter: 27/28 loss: 6.7182 acc: 0.3710 time 10.99s
[Train epoch 1] avg_loss=6.7182 avg_acc=0.3710 | per-class [c0: 0.448, c1: 0.265, c2: 0.433]
Final training 1/149, loss: 6.7182, time 324.56s, lr: 0.000071
Accuracy: 0.405
class                  precision    recall   specificity      f1   support
--------------------------------------------------------------------------
0                          0.476     0.448         0.673   0.462        67
1                          0.200     0.265         0.731   0.228        34
2                          0.483     0.433         0.693   0.457        67
*----------------------------------------*
0 Mon Nov  3 10:10:17 2025 Epoch: 2
Epoch: 2/150 Iter: 0/28 loss: 3.5399 acc: 0.6250 time 14.95s
Epoch: 2/150 Iter: 1/28 loss: 4.4836 acc: 0.4792 time 13.04s
Epoch: 2/150 Iter: 2/28 loss: 4.7119 acc: 0.4306 time 11.04s
Epoch: 2/150 Iter: 3/28 loss: 4.9572 acc: 0.3229 time 13.06s
Epoch: 2/150 Iter: 4/28 loss: 5.0954 acc: 0.2583 time 11.03s
Epoch: 2/150 Iter: 5/28 loss: 5.0487 acc: 0.2153 time 11.26s
Epoch: 2/150 Iter: 6/28 loss: 5.0932 acc: 0.2321 time 11.06s
Epoch: 2/150 Iter: 7/28 loss: 5.2303 acc: 0.2448 time 13.07s
Epoch: 2/150 Iter: 8/28 loss: 5.2294 acc: 0.2546 time 11.25s
Epoch: 2/150 Iter: 9/28 loss: 5.1778 acc: 0.2736 time 11.05s
Epoch: 2/150 Iter: 10/28 loss: 5.0543 acc: 0.2942 time 10.99s
Epoch: 2/150 Iter: 11/28 loss: 4.9847 acc: 0.3067 time 11.00s
Epoch: 2/150 Iter: 12/28 loss: 4.8853 acc: 0.3216 time 13.18s
Epoch: 2/150 Iter: 13/28 loss: 5.1253 acc: 0.3065 time 11.02s
Epoch: 2/150 Iter: 14/28 loss: 5.0491 acc: 0.2861 time 11.07s
Epoch: 2/150 Iter: 15/28 loss: 5.0253 acc: 0.2995 time 11.21s
Epoch: 2/150 Iter: 16/28 loss: 5.0392 acc: 0.3015 time 10.97s
Epoch: 2/150 Iter: 17/28 loss: 5.0393 acc: 0.3032 time 11.08s
Epoch: 2/150 Iter: 18/28 loss: 5.0696 acc: 0.3048 time 10.99s
Epoch: 2/150 Iter: 19/28 loss: 4.9815 acc: 0.3096 time 10.96s
Epoch: 2/150 Iter: 20/28 loss: 4.8942 acc: 0.3345 time 11.01s
Epoch: 2/150 Iter: 21/28 loss: 4.9195 acc: 0.3345 time 11.03s
Epoch: 2/150 Iter: 22/28 loss: 4.9064 acc: 0.3380 time 11.00s
Epoch: 2/150 Iter: 23/28 loss: 4.9484 acc: 0.3448 time 10.96s
Epoch: 2/150 Iter: 24/28 loss: 4.9272 acc: 0.3488 time 11.03s
Epoch: 2/150 Iter: 25/28 loss: 4.9223 acc: 0.3503 time 10.90s
Epoch: 2/150 Iter: 26/28 loss: 4.9312 acc: 0.3559 time 13.03s
Epoch: 2/150 Iter: 27/28 loss: 4.9354 acc: 0.3551 time 11.24s
[Train epoch 2] avg_loss=4.9354 avg_acc=0.3551 | per-class [c0: 0.299, c1: 0.364, c2: 0.353]
Final training 2/149, loss: 4.9354, time 323.50s, lr: 0.000143
Accuracy: 0.333
class                  precision    recall   specificity      f1   support
--------------------------------------------------------------------------
0                          0.426     0.299         0.733   0.351        67
1                          0.222     0.364         0.689   0.276        33
2                          0.358     0.353         0.570   0.356        68
*----------------------------------------*
0 Mon Nov  3 10:15:40 2025 Epoch: 3
Epoch: 3/150 Iter: 0/28 loss: 5.7594 acc: 0.3333 time 13.71s
Epoch: 3/150 Iter: 1/28 loss: 5.4984 acc: 0.3333 time 11.03s
Epoch: 3/150 Iter: 2/28 loss: 5.6162 acc: 0.3333 time 11.17s
Epoch: 3/150 Iter: 3/28 loss: 5.6247 acc: 0.3333 time 11.36s
Epoch: 3/150 Iter: 4/28 loss: 5.4549 acc: 0.2667 time 11.01s
Epoch: 3/150 Iter: 5/28 loss: 5.2929 acc: 0.2778 time 10.98s
Epoch: 3/150 Iter: 6/28 loss: 5.3460 acc: 0.2857 time 11.23s
Epoch: 3/150 Iter: 7/28 loss: 5.2274 acc: 0.3250 time 13.20s
Epoch: 3/150 Iter: 8/28 loss: 5.0637 acc: 0.3444 time 10.96s
Epoch: 3/150 Iter: 9/28 loss: 4.7898 acc: 0.3850 time 11.29s
Epoch: 3/150 Iter: 10/28 loss: 5.1210 acc: 0.3955 time 11.00s
Epoch: 3/150 Iter: 11/28 loss: 4.8520 acc: 0.4458 time 13.07s
Epoch: 3/150 Iter: 12/28 loss: 4.8584 acc: 0.4372 time 10.95s
Epoch: 3/150 Iter: 13/28 loss: 4.9841 acc: 0.4357 time 11.14s
Epoch: 3/150 Iter: 14/28 loss: 5.0081 acc: 0.4289 time 10.96s
Epoch: 3/150 Iter: 15/28 loss: 5.0148 acc: 0.4229 time 10.95s
Epoch: 3/150 Iter: 16/28 loss: 5.0863 acc: 0.4373 time 10.99s
Epoch: 3/150 Iter: 17/28 loss: 5.1483 acc: 0.4407 time 11.00s
Epoch: 3/150 Iter: 18/28 loss: 5.1883 acc: 0.4439 time 12.98s
Epoch: 3/150 Iter: 19/28 loss: 5.2527 acc: 0.4383 time 12.99s
Epoch: 3/150 Iter: 20/28 loss: 5.3306 acc: 0.4175 time 10.95s
Epoch: 3/150 Iter: 21/28 loss: 5.2700 acc: 0.4136 time 11.00s
Epoch: 3/150 Iter: 22/28 loss: 5.2597 acc: 0.4150 time 11.03s
Epoch: 3/150 Iter: 23/28 loss: 5.4460 acc: 0.4116 time 10.97s
Epoch: 3/150 Iter: 24/28 loss: 5.4646 acc: 0.4218 time 10.96s
Epoch: 3/150 Iter: 25/28 loss: 5.4260 acc: 0.4205 time 10.96s
Epoch: 3/150 Iter: 26/28 loss: 5.3515 acc: 0.4142 time 12.97s
Epoch: 3/150 Iter: 27/28 loss: 5.2733 acc: 0.4351 time 10.94s
[Train epoch 3] avg_loss=5.2733 avg_acc=0.4351 | per-class [c0: 0.382, c1: 0.576, c2: 0.343]
Final training 3/149, loss: 5.2733, time 321.82s, lr: 0.000214
Accuracy: 0.405
class                  precision    recall   specificity      f1   support
--------------------------------------------------------------------------
0                          0.605     0.382         0.830   0.468        68
1                          0.224     0.576         0.511   0.322        33
2                          0.575     0.343         0.832   0.430        67
*----------------------------------------*
Val 3/150 0/43, Acc: 0.0000, time 3.91s
Val 3/150 1/43, Acc: 0.5000, time 2.21s
Val 3/150 2/43, Acc: 0.3333, time 2.16s
Val 3/150 3/43, Acc: 0.5000, time 2.51s
Val 3/150 4/43, Acc: 0.4000, time 2.21s
Val 3/150 5/43, Acc: 0.3333, time 2.13s
Val 3/150 6/43, Acc: 0.4286, time 2.92s
Val 3/150 7/43, Acc: 0.5000, time 2.74s
Val 3/150 8/43, Acc: 0.5556, time 2.40s
Val 3/150 9/43, Acc: 0.6000, time 2.57s
Val 3/150 10/43, Acc: 0.5455, time 2.06s
Val 3/150 11/43, Acc: 0.5000, time 2.79s
Val 3/150 12/43, Acc: 0.5385, time 2.23s
Val 3/150 13/43, Acc: 0.5000, time 2.89s
Val 3/150 14/43, Acc: 0.5333, time 3.12s
Val 3/150 15/43, Acc: 0.5625, time 3.47s
Val 3/150 16/43, Acc: 0.5294, time 2.68s
Val 3/150 17/43, Acc: 0.5000, time 2.09s
Val 3/150 18/43, Acc: 0.5263, time 3.12s
Val 3/150 19/43, Acc: 0.5500, time 2.10s
Val 3/150 20/43, Acc: 0.5714, time 2.79s
Val 3/150 21/43, Acc: 0.5909, time 3.12s
Val 3/150 22/43, Acc: 0.5652, time 2.90s
Val 3/150 23/43, Acc: 0.5417, time 2.78s
Val 3/150 24/43, Acc: 0.5600, time 2.45s
Val 3/150 25/43, Acc: 0.5769, time 2.73s
Val 3/150 26/43, Acc: 0.5926, time 2.14s
Val 3/150 27/43, Acc: 0.6071, time 2.60s
Val 3/150 28/43, Acc: 0.6207, time 2.57s
Val 3/150 29/43, Acc: 0.6333, time 2.07s
Val 3/150 30/43, Acc: 0.6129, time 2.20s
Val 3/150 31/43, Acc: 0.6250, time 2.68s
Val 3/150 32/43, Acc: 0.6364, time 2.67s
Val 3/150 33/43, Acc: 0.6176, time 2.15s
Val 3/150 34/43, Acc: 0.6286, time 2.70s
Val 3/150 35/43, Acc: 0.6111, time 2.79s
Val 3/150 36/43, Acc: 0.6216, time 2.67s
Val 3/150 37/43, Acc: 0.6053, time 2.79s
Val 3/150 38/43, Acc: 0.5897, time 2.13s
Val 3/150 39/43, Acc: 0.5750, time 2.85s
Val 3/150 40/43, Acc: 0.5854, time 2.59s
Val 3/150 41/43, Acc: 0.5952, time 2.56s
Val 3/150 42/43, Acc: 0.6047, time 3.22s
[Val epoch 3] avg_acc=0.6047 | per-class [c0: 0.412, c1: 0.222, c2: 1.000]
Final validation 3/149, Val_acc: 0.6047, time 112.47sAccuracy: 0.605
class                  precision    recall   specificity      f1   support
--------------------------------------------------------------------------
0                          1.000     0.412         1.000   0.583        17
1                          1.000     0.222         1.000   0.364         9
2                          0.500     1.000         0.346   0.667        17
*========================================*
New best (0.000000 --> 0.604651)
Saving checkpoint outputs/OrganoidsINRIA/swinunetr/2025-11-03-09-58/model_final.pt
Copying best model to model.pt
0 Mon Nov  3 10:23:05 2025 Epoch: 4
Epoch: 4/150 Iter: 0/28 loss: 4.5193 acc: 0.3333 time 14.12s
Epoch: 4/150 Iter: 1/28 loss: 4.4121 acc: 0.4167 time 11.03s
Epoch: 4/150 Iter: 2/28 loss: 6.8310 acc: 0.3889 time 11.02s
Epoch: 4/150 Iter: 3/28 loss: 6.4190 acc: 0.3750 time 11.00s
Epoch: 4/150 Iter: 4/28 loss: 6.0165 acc: 0.4000 time 11.35s
Epoch: 4/150 Iter: 5/28 loss: 5.9101 acc: 0.4074 time 11.22s
Epoch: 4/150 Iter: 6/28 loss: 5.5452 acc: 0.4087 time 13.07s
Epoch: 4/150 Iter: 7/28 loss: 5.3799 acc: 0.4132 time 13.04s
Epoch: 4/150 Iter: 8/28 loss: 5.3326 acc: 0.4414 time 13.09s
Epoch: 4/150 Iter: 9/28 loss: 5.2863 acc: 0.4750 time 10.97s
Epoch: 4/150 Iter: 10/28 loss: 5.2575 acc: 0.4621 time 10.97s
Epoch: 4/150 Iter: 11/28 loss: 5.0585 acc: 0.4653 time 11.03s
Epoch: 4/150 Iter: 12/28 loss: 5.0827 acc: 0.4808 time 10.93s
Epoch: 4/150 Iter: 13/28 loss: 5.1403 acc: 0.4702 time 10.92s
Epoch: 4/150 Iter: 14/28 loss: 4.9979 acc: 0.4611 time 12.95s
Epoch: 4/150 Iter: 15/28 loss: 4.9068 acc: 0.4635 time 11.05s
Epoch: 4/150 Iter: 16/28 loss: 4.9790 acc: 0.4657 time 13.00s
Epoch: 4/150 Iter: 17/28 loss: 4.8950 acc: 0.4815 time 11.01s
Epoch: 4/150 Iter: 18/28 loss: 4.9404 acc: 0.4632 time 10.95s
Epoch: 4/150 Iter: 19/28 loss: 4.8333 acc: 0.4900 time 13.01s
Epoch: 4/150 Iter: 20/28 loss: 4.8387 acc: 0.4931 time 12.98s
Epoch: 4/150 Iter: 21/28 loss: 4.7540 acc: 0.4909 time 10.95s
Epoch: 4/150 Iter: 22/28 loss: 4.7046 acc: 0.4889 time 10.96s
Epoch: 4/150 Iter: 23/28 loss: 4.8194 acc: 0.4720 time 10.96s
Epoch: 4/150 Iter: 24/28 loss: 4.8110 acc: 0.4731 time 10.95s
Epoch: 4/150 Iter: 25/28 loss: 4.8295 acc: 0.4677 time 10.98s
Epoch: 4/150 Iter: 26/28 loss: 4.7969 acc: 0.4643 time 10.93s
Epoch: 4/150 Iter: 27/28 loss: 4.8294 acc: 0.4656 time 10.96s
[Train epoch 4] avg_loss=4.8294 avg_acc=0.4656 | per-class [c0: 0.515, c1: 0.500, c2: 0.515]
Final training 4/149, loss: 4.8294, time 325.44s, lr: 0.000286
Accuracy: 0.512
class                  precision    recall   specificity      f1   support
--------------------------------------------------------------------------
0                          0.596     0.515         0.775   0.553        66
1                          0.354     0.500         0.769   0.415        34
2                          0.556     0.515         0.720   0.534        68
*----------------------------------------*
0 Mon Nov  3 10:28:30 2025 Epoch: 5
Epoch: 5/150 Iter: 0/28 loss: 3.2101 acc: 0.3333 time 15.91s
Epoch: 5/150 Iter: 1/28 loss: 4.4299 acc: 0.3333 time 10.99s
Epoch: 5/150 Iter: 2/28 loss: 4.3707 acc: 0.3333 time 11.39s
Epoch: 5/150 Iter: 3/28 loss: 4.4692 acc: 0.3889 time 11.11s
Epoch: 5/150 Iter: 4/28 loss: 4.3945 acc: 0.4278 time 11.20s
Epoch: 5/150 Iter: 5/28 loss: 4.1073 acc: 0.4676 time 10.98s
Epoch: 5/150 Iter: 6/28 loss: 3.9735 acc: 0.5119 time 13.23s
Epoch: 5/150 Iter: 7/28 loss: 3.9603 acc: 0.5208 time 10.98s
Epoch: 5/150 Iter: 8/28 loss: 3.9460 acc: 0.4852 time 11.03s
Epoch: 5/150 Iter: 9/28 loss: 4.2609 acc: 0.4867 time 10.95s
Epoch: 5/150 Iter: 10/28 loss: 4.2574 acc: 0.4879 time 10.96s
Epoch: 5/150 Iter: 11/28 loss: 4.2735 acc: 0.4819 time 11.05s
Epoch: 5/150 Iter: 12/28 loss: 4.2707 acc: 0.4769 time 10.90s
Epoch: 5/150 Iter: 13/28 loss: 4.3506 acc: 0.4825 time 11.17s
Epoch: 5/150 Iter: 14/28 loss: 4.2020 acc: 0.5059 time 12.94s
Epoch: 5/150 Iter: 15/28 loss: 4.4725 acc: 0.4743 time 10.93s
Epoch: 5/150 Iter: 16/28 loss: 4.6204 acc: 0.4660 time 13.02s
Epoch: 5/150 Iter: 17/28 loss: 4.6223 acc: 0.4463 time 10.99s
Epoch: 5/150 Iter: 18/28 loss: 4.5328 acc: 0.4491 time 11.12s
Epoch: 5/150 Iter: 19/28 loss: 4.5737 acc: 0.4461 time 12.96s
Epoch: 5/150 Iter: 20/28 loss: 4.5538 acc: 0.4460 time 11.00s
Epoch: 5/150 Iter: 21/28 loss: 4.5609 acc: 0.4636 time 13.03s
Epoch: 5/150 Iter: 22/28 loss: 4.4420 acc: 0.4652 time 11.04s
Epoch: 5/150 Iter: 23/28 loss: 4.4470 acc: 0.4563 time 11.14s
Epoch: 5/150 Iter: 24/28 loss: 4.4941 acc: 0.4513 time 10.99s
Epoch: 5/150 Iter: 25/28 loss: 4.5184 acc: 0.4532 time 10.96s
Epoch: 5/150 Iter: 26/28 loss: 4.4634 acc: 0.4693 time 11.05s
Epoch: 5/150 Iter: 27/28 loss: 4.4534 acc: 0.4784 time 12.99s
[Train epoch 5] avg_loss=4.4534 avg_acc=0.4784 | per-class [c0: 0.485, c1: 0.412, c2: 0.662]
Final training 5/149, loss: 4.4534, time 326.04s, lr: 0.000357
Accuracy: 0.542
class                  precision    recall   specificity      f1   support
--------------------------------------------------------------------------
0                          0.525     0.485         0.716   0.504        66
1                          0.378     0.412         0.828   0.394        34
2                          0.643     0.662         0.750   0.652        68
*----------------------------------------*
0 Mon Nov  3 10:33:56 2025 Epoch: 6
Epoch: 6/150 Iter: 0/28 loss: 4.0394 acc: 0.3333 time 14.85s
Epoch: 6/150 Iter: 1/28 loss: 4.1615 acc: 0.4167 time 13.04s
Epoch: 6/150 Iter: 2/28 loss: 4.5981 acc: 0.4444 time 11.23s
Epoch: 6/150 Iter: 3/28 loss: 4.4599 acc: 0.3958 time 10.97s
Epoch: 6/150 Iter: 4/28 loss: 4.3827 acc: 0.3833 time 11.39s
Epoch: 6/150 Iter: 5/28 loss: 4.5167 acc: 0.4120 time 11.04s
Epoch: 6/150 Iter: 6/28 loss: 4.4407 acc: 0.4008 time 10.94s
Epoch: 6/150 Iter: 7/28 loss: 4.4492 acc: 0.4201 time 11.01s
Epoch: 6/150 Iter: 8/28 loss: 4.2938 acc: 0.4105 time 11.06s
Epoch: 6/150 Iter: 9/28 loss: 4.0268 acc: 0.4528 time 11.04s
Epoch: 6/150 Iter: 10/28 loss: 3.8271 acc: 0.4843 time 11.14s
Epoch: 6/150 Iter: 11/28 loss: 3.9883 acc: 0.4995 time 11.01s
Epoch: 6/150 Iter: 12/28 loss: 3.8239 acc: 0.5124 time 11.14s
Epoch: 6/150 Iter: 13/28 loss: 4.2060 acc: 0.4996 time 11.08s
Epoch: 6/150 Iter: 14/28 loss: 4.2402 acc: 0.4885 time 10.98s
Epoch: 6/150 Iter: 15/28 loss: 4.1362 acc: 0.4892 time 10.94s
Epoch: 6/150 Iter: 16/28 loss: 4.0891 acc: 0.4899 time 10.97s
Epoch: 6/150 Iter: 17/28 loss: 4.0536 acc: 0.4997 time 11.07s
Epoch: 6/150 Iter: 18/28 loss: 4.1070 acc: 0.4909 time 10.96s
Epoch: 6/150 Iter: 19/28 loss: 4.1590 acc: 0.4914 time 12.98s
Epoch: 6/150 Iter: 20/28 loss: 4.2061 acc: 0.4759 time 11.02s
Epoch: 6/150 Iter: 21/28 loss: 4.1212 acc: 0.4896 time 11.00s
Epoch: 6/150 Iter: 22/28 loss: 4.1407 acc: 0.4949 time 13.20s
Epoch: 6/150 Iter: 23/28 loss: 4.2031 acc: 0.4836 time 10.97s
Epoch: 6/150 Iter: 24/28 loss: 4.1857 acc: 0.4892 time 10.97s
Epoch: 6/150 Iter: 25/28 loss: 4.2013 acc: 0.4918 time 10.96s
Epoch: 6/150 Iter: 26/28 loss: 4.1324 acc: 0.4921 time 11.04s
Epoch: 6/150 Iter: 27/28 loss: 4.0662 acc: 0.5031 time 13.03s
[Train epoch 6] avg_loss=4.0662 avg_acc=0.5031 | per-class [c0: 0.471, c1: 0.529, c2: 0.545]
Final training 6/149, loss: 4.0662, time 321.07s, lr: 0.000429
Accuracy: 0.512
class                  precision    recall   specificity      f1   support
--------------------------------------------------------------------------
0                          0.615     0.471         0.800   0.533        68
1                          0.286     0.529         0.664   0.371        34
2                          0.679     0.545         0.833   0.605        66
*----------------------------------------*
0 Mon Nov  3 10:39:17 2025 Epoch: 7
Epoch: 7/150 Iter: 0/28 loss: 5.5183 acc: 0.5000 time 15.58s
Epoch: 7/150 Iter: 1/28 loss: 4.2385 acc: 0.5000 time 11.05s
Epoch: 7/150 Iter: 2/28 loss: 7.4070 acc: 0.4074 time 11.06s
Epoch: 7/150 Iter: 3/28 loss: 7.4873 acc: 0.4722 time 11.33s
Epoch: 7/150 Iter: 4/28 loss: 6.7102 acc: 0.4778 time 13.26s
Epoch: 7/150 Iter: 5/28 loss: 6.2679 acc: 0.4722 time 11.02s
Epoch: 7/150 Iter: 6/28 loss: 6.1603 acc: 0.4286 time 13.04s
Epoch: 7/150 Iter: 7/28 loss: 6.0148 acc: 0.4167 time 12.99s
Epoch: 7/150 Iter: 8/28 loss: 6.2603 acc: 0.4074 time 11.08s
Epoch: 7/150 Iter: 9/28 loss: 6.1805 acc: 0.3833 time 11.03s
Epoch: 7/150 Iter: 10/28 loss: 5.9921 acc: 0.3939 time 11.19s
Epoch: 7/150 Iter: 11/28 loss: 5.7890 acc: 0.4167 time 11.06s
Epoch: 7/150 Iter: 12/28 loss: 5.6155 acc: 0.4359 time 10.99s
Epoch: 7/150 Iter: 13/28 loss: 5.4754 acc: 0.4524 time 10.92s
Epoch: 7/150 Iter: 14/28 loss: 5.6316 acc: 0.4444 time 10.94s
Epoch: 7/150 Iter: 15/28 loss: 5.4540 acc: 0.4479 time 12.99s
Epoch: 7/150 Iter: 16/28 loss: 5.2348 acc: 0.4730 time 10.94s
Epoch: 7/150 Iter: 17/28 loss: 5.4293 acc: 0.4653 time 10.95s
Epoch: 7/150 Iter: 18/28 loss: 5.3193 acc: 0.4715 time 10.93s
Epoch: 7/150 Iter: 19/28 loss: 5.3294 acc: 0.4813 time 10.93s
Epoch: 7/150 Iter: 20/28 loss: 5.2508 acc: 0.4782 time 11.00s
Epoch: 7/150 Iter: 21/28 loss: 5.2396 acc: 0.4716 time 12.95s
Epoch: 7/150 Iter: 22/28 loss: 5.1297 acc: 0.4656 time 10.97s
Epoch: 7/150 Iter: 23/28 loss: 5.1039 acc: 0.4497 time 11.09s
Epoch: 7/150 Iter: 24/28 loss: 5.1202 acc: 0.4483 time 13.03s
Epoch: 7/150 Iter: 25/28 loss: 5.2131 acc: 0.4567 time 11.16s
Epoch: 7/150 Iter: 26/28 loss: 5.1415 acc: 0.4563 time 10.92s
Epoch: 7/150 Iter: 27/28 loss: 5.0491 acc: 0.4489 time 11.04s
[Train epoch 7] avg_loss=5.0491 avg_acc=0.4489 | per-class [c0: 0.397, c1: 0.424, c2: 0.552]
Final training 7/149, loss: 5.0491, time 325.48s, lr: 0.000500
Accuracy: 0.464
class                  precision    recall   specificity      f1   support
--------------------------------------------------------------------------
0                          0.730     0.397         0.900   0.514        68
1                          0.206     0.424         0.600   0.277        33
2                          0.587     0.552         0.743   0.569        67
*----------------------------------------*
Val 7/150 0/43, Acc: 0.0000, time 2.09s
Val 7/150 1/43, Acc: 0.5000, time 1.96s
Val 7/150 2/43, Acc: 0.6667, time 1.96s
Val 7/150 3/43, Acc: 0.7500, time 2.02s
Val 7/150 4/43, Acc: 0.8000, time 1.97s
Val 7/150 5/43, Acc: 0.6667, time 1.96s
Val 7/150 6/43, Acc: 0.7143, time 2.10s
Val 7/150 7/43, Acc: 0.6250, time 2.08s
Val 7/150 8/43, Acc: 0.6667, time 2.01s
Val 7/150 9/43, Acc: 0.6000, time 2.03s
Val 7/150 10/43, Acc: 0.6364, time 1.94s
Val 7/150 11/43, Acc: 0.6667, time 2.09s
Val 7/150 12/43, Acc: 0.6154, time 1.99s
Val 7/150 13/43, Acc: 0.5714, time 2.09s
Val 7/150 14/43, Acc: 0.5333, time 2.11s
Val 7/150 15/43, Acc: 0.5000, time 2.19s
Val 7/150 16/43, Acc: 0.5294, time 2.07s
Val 7/150 17/43, Acc: 0.5556, time 1.95s
Val 7/150 18/43, Acc: 0.5263, time 2.12s
Val 7/150 19/43, Acc: 0.5000, time 1.95s
Val 7/150 20/43, Acc: 0.5238, time 2.07s
Val 7/150 21/43, Acc: 0.5000, time 2.13s
Val 7/150 22/43, Acc: 0.4783, time 2.08s
Val 7/150 23/43, Acc: 0.4583, time 2.08s
Val 7/150 24/43, Acc: 0.4400, time 2.01s
Val 7/150 25/43, Acc: 0.4231, time 2.05s
Val 7/150 26/43, Acc: 0.4444, time 1.95s
Val 7/150 27/43, Acc: 0.4286, time 2.05s
Val 7/150 28/43, Acc: 0.4483, time 2.02s
Val 7/150 29/43, Acc: 0.4333, time 1.98s
Val 7/150 30/43, Acc: 0.4516, time 2.00s
Val 7/150 31/43, Acc: 0.4375, time 2.06s
Val 7/150 32/43, Acc: 0.4242, time 2.05s
Val 7/150 33/43, Acc: 0.4412, time 2.00s
Val 7/150 34/43, Acc: 0.4571, time 2.04s
Val 7/150 35/43, Acc: 0.4722, time 2.07s
Val 7/150 36/43, Acc: 0.4595, time 2.04s
Val 7/150 37/43, Acc: 0.4474, time 2.07s
Val 7/150 38/43, Acc: 0.4615, time 1.95s
Val 7/150 39/43, Acc: 0.4750, time 2.07s
Val 7/150 40/43, Acc: 0.4878, time 2.04s
Val 7/150 41/43, Acc: 0.4762, time 2.03s
Val 7/150 42/43, Acc: 0.4651, time 2.13s
[Val epoch 7] avg_acc=0.4651 | per-class [c0: 0.647, c1: 1.000, c2: 0.000]
Final validation 7/149, Val_acc: 0.4651, time 87.66sAccuracy: 0.465
class                  precision    recall   specificity      f1   support
--------------------------------------------------------------------------
0                          0.733     0.647         0.846   0.688        17
1                          0.321     1.000         0.441   0.486         9
2                          0.000     0.000         1.000   0.000        17
*========================================*
Saving checkpoint outputs/OrganoidsINRIA/swinunetr/2025-11-03-09-58/model_final.pt
0 Mon Nov  3 10:46:15 2025 Epoch: 8
Epoch: 8/150 Iter: 0/28 loss: 7.3531 acc: 0.0000 time 15.22s
Epoch: 8/150 Iter: 1/28 loss: 6.1287 acc: 0.4167 time 11.00s
Epoch: 8/150 Iter: 2/28 loss: 5.2619 acc: 0.6111 time 10.97s
Epoch: 8/150 Iter: 3/28 loss: 5.6033 acc: 0.5417 time 11.08s
Epoch: 8/150 Iter: 4/28 loss: 5.2047 acc: 0.5167 time 11.20s
Epoch: 8/150 Iter: 5/28 loss: 4.9990 acc: 0.5139 time 11.34s
Epoch: 8/150 Iter: 6/28 loss: 4.7717 acc: 0.4881 time 11.10s
Epoch: 8/150 Iter: 7/28 loss: 4.8872 acc: 0.4896 time 11.01s
Epoch: 8/150 Iter: 8/28 loss: 4.8783 acc: 0.4722 time 11.08s
Epoch: 8/150 Iter: 9/28 loss: 4.8459 acc: 0.4917 time 11.00s
Epoch: 8/150 Iter: 10/28 loss: 4.7389 acc: 0.4874 time 13.06s
Epoch: 8/150 Iter: 11/28 loss: 4.5328 acc: 0.5162 time 11.03s
Epoch: 8/150 Iter: 12/28 loss: 4.4716 acc: 0.5192 time 10.96s
Epoch: 8/150 Iter: 13/28 loss: 4.4153 acc: 0.5377 time 12.95s
Epoch: 8/150 Iter: 14/28 loss: 4.4319 acc: 0.5241 time 10.96s
Epoch: 8/150 Iter: 15/28 loss: 4.3282 acc: 0.5278 time 10.92s
Epoch: 8/150 Iter: 16/28 loss: 4.2405 acc: 0.5114 time 11.07s
Epoch: 8/150 Iter: 17/28 loss: 4.2545 acc: 0.5201 time 10.96s
Epoch: 8/150 Iter: 18/28 loss: 4.1140 acc: 0.5365 time 12.99s
Epoch: 8/150 Iter: 19/28 loss: 4.0183 acc: 0.5389 time 11.10s
Epoch: 8/150 Iter: 20/28 loss: 4.0724 acc: 0.5291 time 10.98s
Epoch: 8/150 Iter: 21/28 loss: 3.9738 acc: 0.5505 time 11.06s
Epoch: 8/150 Iter: 22/28 loss: 3.9396 acc: 0.5435 time 10.96s
Epoch: 8/150 Iter: 23/28 loss: 3.9768 acc: 0.5394 time 13.01s
Epoch: 8/150 Iter: 24/28 loss: 3.9942 acc: 0.5278 time 10.97s
Epoch: 8/150 Iter: 25/28 loss: 3.9955 acc: 0.5395 time 13.13s
Epoch: 8/150 Iter: 26/28 loss: 3.9682 acc: 0.5360 time 10.94s
Epoch: 8/150 Iter: 27/28 loss: 3.8891 acc: 0.5437 time 11.13s
[Train epoch 8] avg_loss=3.8891 avg_acc=0.5437 | per-class [c0: 0.515, c1: 0.636, c2: 0.567]
Final training 8/149, loss: 3.8891, time 323.20s, lr: 0.000500
Accuracy: 0.560
class                  precision    recall   specificity      f1   support
--------------------------------------------------------------------------
0                          0.686     0.515         0.840   0.588        68
1                          0.404     0.636         0.770   0.494        33
2                          0.585     0.567         0.733   0.576        67
*----------------------------------------*
0 Mon Nov  3 10:51:38 2025 Epoch: 9
Epoch: 9/150 Iter: 0/28 loss: 4.3259 acc: 0.8333 time 15.15s
Epoch: 9/150 Iter: 1/28 loss: 3.4680 acc: 0.8611 time 11.05s
Epoch: 9/150 Iter: 2/28 loss: 2.8825 acc: 0.9074 time 11.04s
Epoch: 9/150 Iter: 3/28 loss: 3.4885 acc: 0.7639 time 11.01s
Epoch: 9/150 Iter: 4/28 loss: 3.7358 acc: 0.7222 time 11.01s
Epoch: 9/150 Iter: 5/28 loss: 3.5112 acc: 0.7130 time 11.01s
Epoch: 9/150 Iter: 6/28 loss: 3.3975 acc: 0.7143 time 10.98s
Epoch: 9/150 Iter: 7/28 loss: 3.6430 acc: 0.6563 time 10.98s
Epoch: 9/150 Iter: 8/28 loss: 3.4501 acc: 0.6759 time 11.00s
Epoch: 9/150 Iter: 9/28 loss: 3.6061 acc: 0.6528 time 10.98s
Epoch: 9/150 Iter: 10/28 loss: 3.6894 acc: 0.6116 time 11.07s
Epoch: 9/150 Iter: 11/28 loss: 3.8869 acc: 0.5606 time 13.20s
Epoch: 9/150 Iter: 12/28 loss: 3.7430 acc: 0.5496 time 11.15s
Epoch: 9/150 Iter: 13/28 loss: 3.7489 acc: 0.5738 time 10.96s
Epoch: 9/150 Iter: 14/28 loss: 3.8865 acc: 0.5911 time 10.97s
Epoch: 9/150 Iter: 15/28 loss: 3.8039 acc: 0.5802 time 10.99s
Epoch: 9/150 Iter: 16/28 loss: 3.7120 acc: 0.5902 time 10.96s
Epoch: 9/150 Iter: 17/28 loss: 3.6101 acc: 0.5944 time 10.96s
Epoch: 9/150 Iter: 18/28 loss: 3.8476 acc: 0.5807 time 13.03s
Epoch: 9/150 Iter: 19/28 loss: 3.8941 acc: 0.5739 time 11.03s
Epoch: 9/150 Iter: 20/28 loss: 3.7637 acc: 0.5942 time 10.93s
Epoch: 9/150 Iter: 21/28 loss: 3.7088 acc: 0.5975 time 10.93s
Epoch: 9/150 Iter: 22/28 loss: 3.8025 acc: 0.5896 time 10.97s
Epoch: 9/150 Iter: 23/28 loss: 3.7043 acc: 0.6067 time 10.96s
Epoch: 9/150 Iter: 24/28 loss: 3.7255 acc: 0.5980 time 10.96s
Epoch: 9/150 Iter: 25/28 loss: 3.7638 acc: 0.6006 time 10.93s
Epoch: 9/150 Iter: 26/28 loss: 3.6747 acc: 0.6154 time 12.96s
Epoch: 9/150 Iter: 27/28 loss: 3.6695 acc: 0.6133 time 10.94s
[Train epoch 9] avg_loss=3.6695 avg_acc=0.6133 | per-class [c0: 0.672, c1: 0.500, c2: 0.696]
Final training 9/149, loss: 3.6695, time 318.14s, lr: 0.000500
Accuracy: 0.649
class                  precision    recall   specificity      f1   support
--------------------------------------------------------------------------
0                          0.692     0.672         0.802   0.682        67
1                          0.457     0.500         0.860   0.478        32
2                          0.706     0.696         0.798   0.701        69
*----------------------------------------*
0 Mon Nov  3 10:56:57 2025 Epoch: 10
Epoch: 10/150 Iter: 0/28 loss: 3.7412 acc: 0.5556 time 14.06s
Epoch: 10/150 Iter: 1/28 loss: 3.3187 acc: 0.7778 time 11.06s
Epoch: 10/150 Iter: 2/28 loss: 3.1885 acc: 0.7407 time 11.00s
Epoch: 10/150 Iter: 3/28 loss: 3.3014 acc: 0.6389 time 13.00s
Epoch: 10/150 Iter: 4/28 loss: 3.4433 acc: 0.6222 time 11.36s
Epoch: 10/150 Iter: 5/28 loss: 3.3466 acc: 0.6574 time 11.02s
Epoch: 10/150 Iter: 6/28 loss: 3.1268 acc: 0.6667 time 11.20s
Epoch: 10/150 Iter: 7/28 loss: 3.0684 acc: 0.6667 time 11.25s
Epoch: 10/150 Iter: 8/28 loss: 3.1370 acc: 0.6790 time 10.99s
Epoch: 10/150 Iter: 9/28 loss: 2.9235 acc: 0.7111 time 12.98s
Epoch: 10/150 Iter: 10/28 loss: 2.8925 acc: 0.7260 time 13.01s
Epoch: 10/150 Iter: 11/28 loss: 2.8804 acc: 0.7257 time 11.21s
Epoch: 10/150 Iter: 12/28 loss: 2.8535 acc: 0.7382 time 11.17s
Epoch: 10/150 Iter: 13/28 loss: 2.9374 acc: 0.7212 time 10.94s
Epoch: 10/150 Iter: 14/28 loss: 2.8858 acc: 0.7213 time 11.01s
Epoch: 10/150 Iter: 15/28 loss: 3.0710 acc: 0.6887 time 10.94s
Epoch: 10/150 Iter: 16/28 loss: 3.1859 acc: 0.6711 time 11.06s
Epoch: 10/150 Iter: 17/28 loss: 3.1410 acc: 0.6662 time 10.99s
Epoch: 10/150 Iter: 18/28 loss: 3.1272 acc: 0.6417 time 10.97s
Epoch: 10/150 Iter: 19/28 loss: 3.2016 acc: 0.6235 time 11.00s
Epoch: 10/150 Iter: 20/28 loss: 3.1507 acc: 0.6255 time 10.93s
Epoch: 10/150 Iter: 21/28 loss: 3.2101 acc: 0.6173 time 13.01s
Epoch: 10/150 Iter: 22/28 loss: 3.2843 acc: 0.6291 time 10.95s
Epoch: 10/150 Iter: 23/28 loss: 3.2639 acc: 0.6203 time 12.97s
Epoch: 10/150 Iter: 24/28 loss: 3.3081 acc: 0.6066 time 11.00s
Epoch: 10/150 Iter: 25/28 loss: 3.2927 acc: 0.6046 time 10.97s
Epoch: 10/150 Iter: 26/28 loss: 3.3048 acc: 0.5896 time 11.00s
Epoch: 10/150 Iter: 27/28 loss: 3.2797 acc: 0.5864 time 13.34s
[Train epoch 10] avg_loss=3.2797 avg_acc=0.5864 | per-class [c0: 0.603, c1: 0.636, c2: 0.731]
Final training 10/149, loss: 3.2797, time 324.42s, lr: 0.000500
Accuracy: 0.661
class                  precision    recall   specificity      f1   support
--------------------------------------------------------------------------
0                          0.774     0.603         0.880   0.678        68
1                          0.512     0.636         0.852   0.568        33
2                          0.662     0.731         0.752   0.695        67
*----------------------------------------*
0 Mon Nov  3 11:02:21 2025 Epoch: 11
Epoch: 11/150 Iter: 0/28 loss: 2.7066 acc: 0.8333 time 15.42s
Epoch: 11/150 Iter: 1/28 loss: 3.1063 acc: 0.8056 time 11.03s
Epoch: 11/150 Iter: 2/28 loss: 3.2894 acc: 0.8426 time 11.21s
Epoch: 11/150 Iter: 3/28 loss: 3.6048 acc: 0.7569 time 11.31s
Epoch: 11/150 Iter: 4/28 loss: 3.4706 acc: 0.7389 time 13.02s
Epoch: 11/150 Iter: 5/28 loss: 3.3115 acc: 0.7546 time 13.04s
Epoch: 11/150 Iter: 6/28 loss: 3.2620 acc: 0.7103 time 11.05s
Epoch: 11/150 Iter: 7/28 loss: 3.1798 acc: 0.6840 time 11.39s
Epoch: 11/150 Iter: 8/28 loss: 3.3350 acc: 0.6327 time 11.04s
Epoch: 11/150 Iter: 9/28 loss: 3.3671 acc: 0.5894 time 13.06s
Epoch: 11/150 Iter: 10/28 loss: 3.3286 acc: 0.6116 time 11.06s
Epoch: 11/150 Iter: 11/28 loss: 3.3334 acc: 0.5884 time 11.22s
Epoch: 11/150 Iter: 12/28 loss: 3.2971 acc: 0.5859 time 13.01s
Epoch: 11/150 Iter: 13/28 loss: 3.2096 acc: 0.5798 time 11.02s
Epoch: 11/150 Iter: 14/28 loss: 3.2153 acc: 0.5811 time 10.97s
Epoch: 11/150 Iter: 15/28 loss: 3.3002 acc: 0.5656 time 11.12s
Epoch: 11/150 Iter: 16/28 loss: 3.2743 acc: 0.5585 time 10.96s
Epoch: 11/150 Iter: 17/28 loss: 3.2307 acc: 0.5645 time 11.12s
Epoch: 11/150 Iter: 18/28 loss: 3.1752 acc: 0.5743 time 11.02s
Epoch: 11/150 Iter: 19/28 loss: 3.1954 acc: 0.5664 time 10.96s
Epoch: 11/150 Iter: 20/28 loss: 3.1029 acc: 0.5791 time 12.93s
Epoch: 11/150 Iter: 21/28 loss: 3.0183 acc: 0.5907 time 10.94s
Epoch: 11/150 Iter: 22/28 loss: 2.9788 acc: 0.5867 time 10.93s
Epoch: 11/150 Iter: 23/28 loss: 3.3255 acc: 0.5715 time 10.97s
Epoch: 11/150 Iter: 24/28 loss: 3.2860 acc: 0.5753 time 13.01s
Epoch: 11/150 Iter: 25/28 loss: 3.2414 acc: 0.5724 time 10.93s
Epoch: 11/150 Iter: 26/28 loss: 3.1698 acc: 0.5842 time 13.01s
Epoch: 11/150 Iter: 27/28 loss: 3.1853 acc: 0.5891 time 13.01s
[Train epoch 11] avg_loss=3.1853 avg_acc=0.5891 | per-class [c0: 0.646, c1: 0.676, c2: 0.652]
Final training 11/149, loss: 3.1853, time 329.80s, lr: 0.000499
Accuracy: 0.655
class                  precision    recall   specificity      f1   support
--------------------------------------------------------------------------
0                          0.677     0.646         0.806   0.661        65
1                          0.590     0.676         0.881   0.630        34
2                          0.672     0.652         0.778   0.662        69
*----------------------------------------*
Val 11/150 0/43, Acc: 0.0000, time 2.10s
Val 11/150 1/43, Acc: 0.5000, time 1.99s
Val 11/150 2/43, Acc: 0.6667, time 1.97s
Val 11/150 3/43, Acc: 0.7500, time 2.03s
Val 11/150 4/43, Acc: 0.8000, time 1.98s
Val 11/150 5/43, Acc: 0.6667, time 1.98s
Val 11/150 6/43, Acc: 0.7143, time 2.13s
Val 11/150 7/43, Acc: 0.7500, time 2.08s
Val 11/150 8/43, Acc: 0.7778, time 2.02s
Val 11/150 9/43, Acc: 0.8000, time 2.07s
Val 11/150 10/43, Acc: 0.8182, time 1.97s
Val 11/150 11/43, Acc: 0.7500, time 2.10s
Val 11/150 12/43, Acc: 0.6923, time 1.97s
Val 11/150 13/43, Acc: 0.6429, time 2.08s
Val 11/150 14/43, Acc: 0.6667, time 2.14s
Val 11/150 15/43, Acc: 0.6875, time 2.21s
Val 11/150 16/43, Acc: 0.6471, time 2.08s
Val 11/150 17/43, Acc: 0.6667, time 1.95s
Val 11/150 18/43, Acc: 0.6842, time 2.15s
Val 11/150 19/43, Acc: 0.6500, time 1.95s
Val 11/150 20/43, Acc: 0.6667, time 2.10s
Val 11/150 21/43, Acc: 0.6818, time 2.17s
Val 11/150 22/43, Acc: 0.6522, time 2.10s
Val 11/150 23/43, Acc: 0.6250, time 2.10s
Val 11/150 24/43, Acc: 0.6400, time 2.02s
Val 11/150 25/43, Acc: 0.6538, time 2.07s
Val 11/150 26/43, Acc: 0.6667, time 1.95s
Val 11/150 27/43, Acc: 0.6786, time 2.06s
Val 11/150 28/43, Acc: 0.6897, time 2.04s
Val 11/150 29/43, Acc: 0.6667, time 1.95s
Val 11/150 30/43, Acc: 0.6774, time 1.96s
Val 11/150 31/43, Acc: 0.6875, time 2.07s
Val 11/150 32/43, Acc: 0.6667, time 2.07s
Val 11/150 33/43, Acc: 0.6765, time 2.00s
Val 11/150 34/43, Acc: 0.6857, time 2.06s
Val 11/150 35/43, Acc: 0.6667, time 2.10s
Val 11/150 36/43, Acc: 0.6757, time 2.06s
Val 11/150 37/43, Acc: 0.6579, time 2.09s
Val 11/150 38/43, Acc: 0.6667, time 1.99s
Val 11/150 39/43, Acc: 0.6500, time 2.11s
Val 11/150 40/43, Acc: 0.6585, time 2.06s
Val 11/150 41/43, Acc: 0.6667, time 2.04s
Val 11/150 42/43, Acc: 0.6744, time 2.15s
[Val epoch 11] avg_acc=0.6744 | per-class [c0: 0.412, c1: 1.000, c2: 0.765]
Final validation 11/149, Val_acc: 0.6744, time 88.26sAccuracy: 0.674
class                  precision    recall   specificity      f1   support
--------------------------------------------------------------------------
0                          1.000     0.412         1.000   0.583        17
1                          0.474     1.000         0.706   0.643         9
2                          0.765     0.765         0.846   0.765        17
*========================================*
New best (0.604651 --> 0.674419)
Saving checkpoint outputs/OrganoidsINRIA/swinunetr/2025-11-03-09-58/model_final.pt
Copying best model to model.pt
0 Mon Nov  3 11:09:30 2025 Epoch: 12
Epoch: 12/150 Iter: 0/28 loss: 3.1837 acc: 0.5833 time 15.26s
Epoch: 12/150 Iter: 1/28 loss: 3.9055 acc: 0.4028 time 13.09s
Epoch: 12/150 Iter: 2/28 loss: 3.5161 acc: 0.4074 time 11.24s
Epoch: 12/150 Iter: 3/28 loss: 3.5708 acc: 0.5139 time 11.37s
Epoch: 12/150 Iter: 4/28 loss: 3.2113 acc: 0.5444 time 11.02s
Epoch: 12/150 Iter: 5/28 loss: 3.2165 acc: 0.5787 time 11.00s
Epoch: 12/150 Iter: 6/28 loss: 3.1684 acc: 0.5913 time 11.05s
Epoch: 12/150 Iter: 7/28 loss: 3.2222 acc: 0.5938 time 11.09s
Epoch: 12/150 Iter: 8/28 loss: 3.1048 acc: 0.6250 time 11.16s
Epoch: 12/150 Iter: 9/28 loss: 2.9917 acc: 0.6181 time 11.22s
Epoch: 12/150 Iter: 10/28 loss: 2.8637 acc: 0.6452 time 10.97s
Epoch: 12/150 Iter: 11/28 loss: 2.9371 acc: 0.6331 time 11.08s
Epoch: 12/150 Iter: 12/28 loss: 2.8871 acc: 0.6165 time 13.01s
Epoch: 12/150 Iter: 13/28 loss: 2.8872 acc: 0.6319 time 10.98s
Epoch: 12/150 Iter: 14/28 loss: 2.7850 acc: 0.6498 time 11.00s
Epoch: 12/150 Iter: 15/28 loss: 2.9273 acc: 0.6335 time 10.94s
Epoch: 12/150 Iter: 16/28 loss: 2.8669 acc: 0.6387 time 10.97s
Epoch: 12/150 Iter: 17/28 loss: 2.8286 acc: 0.6449 time 10.97s
Epoch: 12/150 Iter: 18/28 loss: 2.8163 acc: 0.6548 time 11.00s
Epoch: 12/150 Iter: 19/28 loss: 2.9853 acc: 0.6332 time 12.98s
Epoch: 12/150 Iter: 20/28 loss: 2.9527 acc: 0.6454 time 10.98s
Epoch: 12/150 Iter: 21/28 loss: 3.0033 acc: 0.6413 time 10.94s
Epoch: 12/150 Iter: 22/28 loss: 3.0208 acc: 0.6315 time 10.94s
Epoch: 12/150 Iter: 23/28 loss: 3.0273 acc: 0.6156 time 10.99s
Epoch: 12/150 Iter: 24/28 loss: 2.9756 acc: 0.6110 time 10.92s
Epoch: 12/150 Iter: 25/28 loss: 2.9631 acc: 0.6217 time 10.94s
Epoch: 12/150 Iter: 26/28 loss: 2.9696 acc: 0.6254 time 10.97s
Epoch: 12/150 Iter: 27/28 loss: 2.9234 acc: 0.6269 time 10.96s
[Train epoch 12] avg_loss=2.9234 avg_acc=0.6269 | per-class [c0: 0.606, c1: 0.882, c2: 0.691]
Final training 12/149, loss: 2.9234, time 319.09s, lr: 0.000499
Accuracy: 0.696
class                  precision    recall   specificity      f1   support
--------------------------------------------------------------------------
0                          0.816     0.606         0.912   0.696        66
1                          0.526     0.882         0.799   0.659        34
2                          0.758     0.691         0.850   0.723        68
*----------------------------------------*
0 Mon Nov  3 11:14:49 2025 Epoch: 13
Epoch: 13/150 Iter: 0/28 loss: 1.7587 acc: 0.4167 time 14.89s
Epoch: 13/150 Iter: 1/28 loss: 2.2889 acc: 0.6250 time 13.23s
Epoch: 13/150 Iter: 2/28 loss: 3.5312 acc: 0.6019 time 13.01s
Epoch: 13/150 Iter: 3/28 loss: 3.0581 acc: 0.7014 time 11.04s
Epoch: 13/150 Iter: 4/28 loss: 2.6875 acc: 0.7611 time 13.05s
Epoch: 13/150 Iter: 5/28 loss: 2.6087 acc: 0.7454 time 11.30s
Epoch: 13/150 Iter: 6/28 loss: 2.3123 acc: 0.7817 time 11.22s
Epoch: 13/150 Iter: 7/28 loss: 2.2282 acc: 0.7778 time 11.23s
Epoch: 13/150 Iter: 8/28 loss: 2.2390 acc: 0.7932 time 11.08s
Epoch: 13/150 Iter: 9/28 loss: 2.3363 acc: 0.7972 time 11.10s
Epoch: 13/150 Iter: 10/28 loss: 2.6071 acc: 0.7551 time 11.03s
Epoch: 13/150 Iter: 11/28 loss: 2.8218 acc: 0.7255 time 11.08s
Epoch: 13/150 Iter: 12/28 loss: 2.9052 acc: 0.6953 time 13.08s
Epoch: 13/150 Iter: 13/28 loss: 2.8333 acc: 0.6813 time 12.98s
Epoch: 13/150 Iter: 14/28 loss: 2.9067 acc: 0.6841 time 11.22s
Epoch: 13/150 Iter: 15/28 loss: 2.9267 acc: 0.6656 time 10.99s
Epoch: 13/150 Iter: 16/28 loss: 3.0796 acc: 0.6690 time 13.01s
Epoch: 13/150 Iter: 17/28 loss: 3.0883 acc: 0.6596 time 11.00s
Epoch: 13/150 Iter: 18/28 loss: 3.2735 acc: 0.6599 time 10.94s
Epoch: 13/150 Iter: 19/28 loss: 3.2093 acc: 0.6686 time 11.03s
Epoch: 13/150 Iter: 20/28 loss: 3.2566 acc: 0.6738 time 11.06s
Epoch: 13/150 Iter: 21/28 loss: 3.2408 acc: 0.6811 time 10.91s
Epoch: 13/150 Iter: 22/28 loss: 3.2322 acc: 0.6732 time 10.99s
Epoch: 13/150 Iter: 23/28 loss: 3.2108 acc: 0.6660 time 13.00s
Epoch: 13/150 Iter: 24/28 loss: 3.1421 acc: 0.6693 time 10.95s
Epoch: 13/150 Iter: 25/28 loss: 3.2921 acc: 0.6628 time 10.96s
Epoch: 13/150 Iter: 26/28 loss: 3.3484 acc: 0.6609 time 11.20s
Epoch: 13/150 Iter: 27/28 loss: 3.3452 acc: 0.6522 time 12.97s
[Train epoch 13] avg_loss=3.3452 avg_acc=0.6522 | per-class [c0: 0.618, c1: 0.676, c2: 0.727]
Final training 13/149, loss: 3.3452, time 329.61s, lr: 0.000498
Accuracy: 0.673
class                  precision    recall   specificity      f1   support
--------------------------------------------------------------------------
0                          0.689     0.618         0.810   0.651        68
1                          0.605     0.676         0.888   0.639        34
2                          0.696     0.727         0.794   0.711        66
*----------------------------------------*
0 Mon Nov  3 11:20:19 2025 Epoch: 14
Epoch: 14/150 Iter: 0/28 loss: 2.4127 acc: 0.7778 time 15.28s
Epoch: 14/150 Iter: 1/28 loss: 3.6573 acc: 0.8056 time 11.32s
Epoch: 14/150 Iter: 2/28 loss: 3.4235 acc: 0.7593 time 10.98s
Epoch: 14/150 Iter: 3/28 loss: 3.3610 acc: 0.6528 time 11.08s
Epoch: 14/150 Iter: 4/28 loss: 3.0673 acc: 0.6556 time 11.02s
Epoch: 14/150 Iter: 5/28 loss: 3.0337 acc: 0.6574 time 10.99s
Epoch: 14/150 Iter: 6/28 loss: 3.4768 acc: 0.5794 time 11.08s
Epoch: 14/150 Iter: 7/28 loss: 3.4959 acc: 0.5590 time 11.03s
Epoch: 14/150 Iter: 8/28 loss: 3.4257 acc: 0.5895 time 11.07s
Epoch: 14/150 Iter: 9/28 loss: 3.5171 acc: 0.5556 time 11.19s
Epoch: 14/150 Iter: 10/28 loss: 3.3038 acc: 0.5732 time 10.96s
Epoch: 14/150 Iter: 11/28 loss: 3.1247 acc: 0.5984 time 10.99s
Epoch: 14/150 Iter: 12/28 loss: 3.1139 acc: 0.6036 time 11.25s
Epoch: 14/150 Iter: 13/28 loss: 2.9480 acc: 0.6200 time 13.18s
Epoch: 14/150 Iter: 14/28 loss: 3.5901 acc: 0.5972 time 10.99s
Epoch: 14/150 Iter: 15/28 loss: 3.5273 acc: 0.6016 time 10.99s
Epoch: 14/150 Iter: 16/28 loss: 3.5948 acc: 0.5923 time 10.97s
Epoch: 14/150 Iter: 17/28 loss: 3.6137 acc: 0.6011 time 13.02s
Epoch: 14/150 Iter: 18/28 loss: 3.8053 acc: 0.5738 time 10.98s
Epoch: 14/150 Iter: 19/28 loss: 3.7670 acc: 0.5674 time 10.94s
Epoch: 14/150 Iter: 20/28 loss: 3.8084 acc: 0.5536 time 10.97s
Epoch: 14/150 Iter: 21/28 loss: 3.7849 acc: 0.5537 time 10.96s
Epoch: 14/150 Iter: 22/28 loss: 3.8042 acc: 0.5344 time 10.94s
Epoch: 14/150 Iter: 23/28 loss: 3.9119 acc: 0.5307 time 10.92s
Epoch: 14/150 Iter: 24/28 loss: 3.9240 acc: 0.5161 time 11.21s
Epoch: 14/150 Iter: 25/28 loss: 3.8909 acc: 0.5155 time 10.97s
Epoch: 14/150 Iter: 26/28 loss: 3.8672 acc: 0.5046 time 11.05s
Epoch: 14/150 Iter: 27/28 loss: 3.8524 acc: 0.5104 time 13.02s
[Train epoch 14] avg_loss=3.8524 avg_acc=0.5104 | per-class [c0: 0.485, c1: 0.735, c2: 0.470]
Final training 14/149, loss: 3.8524, time 319.41s, lr: 0.000498
Accuracy: 0.530
class                  precision    recall   specificity      f1   support
--------------------------------------------------------------------------
0                          0.660     0.485         0.830   0.559        68
1                          0.403     0.735         0.724   0.521        34
2                          0.554     0.470         0.755   0.508        66
*----------------------------------------*
0 Mon Nov  3 11:25:38 2025 Epoch: 15
Epoch: 15/150 Iter: 0/28 loss: 2.5392 acc: 0.2500 time 13.39s
Epoch: 15/150 Iter: 1/28 loss: 1.7391 acc: 0.6250 time 10.98s
Epoch: 15/150 Iter: 2/28 loss: 1.5563 acc: 0.6944 time 11.07s
Epoch: 15/150 Iter: 3/28 loss: 1.3940 acc: 0.7708 time 11.02s
Epoch: 15/150 Iter: 4/28 loss: 2.1334 acc: 0.7167 time 10.98s
Epoch: 15/150 Iter: 5/28 loss: 3.2923 acc: 0.7083 time 13.01s
Epoch: 15/150 Iter: 6/28 loss: 3.7770 acc: 0.6627 time 11.06s
Epoch: 15/150 Iter: 7/28 loss: 4.2510 acc: 0.6215 time 11.01s
Epoch: 15/150 Iter: 8/28 loss: 4.0976 acc: 0.6265 time 11.00s
Epoch: 15/150 Iter: 9/28 loss: 3.9108 acc: 0.6139 time 12.98s
Epoch: 15/150 Iter: 10/28 loss: 3.7221 acc: 0.6376 time 11.23s
Epoch: 15/150 Iter: 11/28 loss: 3.6595 acc: 0.6609 time 11.25s
Epoch: 15/150 Iter: 12/28 loss: 3.6864 acc: 0.6421 time 11.01s
Epoch: 15/150 Iter: 13/28 loss: 3.7232 acc: 0.6319 time 11.12s
Epoch: 15/150 Iter: 14/28 loss: 3.5768 acc: 0.6491 time 10.95s
Epoch: 15/150 Iter: 15/28 loss: 3.5703 acc: 0.6293 time 11.03s
Epoch: 15/150 Iter: 16/28 loss: 3.6410 acc: 0.6315 time 11.09s
Epoch: 15/150 Iter: 17/28 loss: 3.5827 acc: 0.6397 time 11.18s
Epoch: 15/150 Iter: 18/28 loss: 3.5310 acc: 0.6235 time 10.97s
Epoch: 15/150 Iter: 19/28 loss: 3.6815 acc: 0.6035 time 11.05s
Epoch: 15/150 Iter: 20/28 loss: 3.6187 acc: 0.5985 time 11.04s
Epoch: 15/150 Iter: 21/28 loss: 3.7234 acc: 0.5941 time 11.03s
Epoch: 15/150 Iter: 22/28 loss: 3.6723 acc: 0.6117 time 13.02s
Epoch: 15/150 Iter: 23/28 loss: 3.7100 acc: 0.6140 time 10.93s
Epoch: 15/150 Iter: 24/28 loss: 3.7206 acc: 0.6072 time 10.96s
Epoch: 15/150 Iter: 25/28 loss: 3.6536 acc: 0.6095 time 10.96s
Epoch: 15/150 Iter: 26/28 loss: 3.6884 acc: 0.5993 time 10.92s
Epoch: 15/150 Iter: 27/28 loss: 3.6391 acc: 0.6017 time 10.97s
[Train epoch 15] avg_loss=3.6391 avg_acc=0.6017 | per-class [c0: 0.638, c1: 0.594, c2: 0.687]
Final training 15/149, loss: 3.6391, time 317.23s, lr: 0.000497
Accuracy: 0.649
class                  precision    recall   specificity      f1   support
--------------------------------------------------------------------------
0                          0.759     0.638         0.859   0.693        69
1                          0.487     0.594         0.853   0.535        32
2                          0.648     0.687         0.752   0.667        67
*----------------------------------------*
Val 15/150 0/43, Acc: 0.0000, time 2.09s
Val 15/150 1/43, Acc: 0.5000, time 1.97s
Val 15/150 2/43, Acc: 0.6667, time 1.96s
Val 15/150 3/43, Acc: 0.7500, time 2.02s
Val 15/150 4/43, Acc: 0.8000, time 2.00s
Val 15/150 5/43, Acc: 0.6667, time 2.00s
Val 15/150 6/43, Acc: 0.7143, time 2.14s
Val 15/150 7/43, Acc: 0.7500, time 2.09s
Val 15/150 8/43, Acc: 0.7778, time 2.00s
Val 15/150 9/43, Acc: 0.8000, time 2.03s
Val 15/150 10/43, Acc: 0.8182, time 1.97s
Val 15/150 11/43, Acc: 0.7500, time 2.08s
Val 15/150 12/43, Acc: 0.6923, time 2.00s
Val 15/150 13/43, Acc: 0.6429, time 2.09s
Val 15/150 14/43, Acc: 0.6667, time 2.10s
Val 15/150 15/43, Acc: 0.6875, time 2.18s
Val 15/150 16/43, Acc: 0.6471, time 2.06s
Val 15/150 17/43, Acc: 0.6667, time 1.95s
Val 15/150 18/43, Acc: 0.6842, time 2.11s
Val 15/150 19/43, Acc: 0.6500, time 1.95s
Val 15/150 20/43, Acc: 0.6667, time 2.07s
Val 15/150 21/43, Acc: 0.6818, time 2.12s
Val 15/150 22/43, Acc: 0.6522, time 2.07s
Val 15/150 23/43, Acc: 0.6250, time 2.07s
Val 15/150 24/43, Acc: 0.6400, time 2.00s
Val 15/150 25/43, Acc: 0.6538, time 2.04s
Val 15/150 26/43, Acc: 0.6667, time 1.99s
Val 15/150 27/43, Acc: 0.6786, time 2.05s
Val 15/150 28/43, Acc: 0.6897, time 2.02s
Val 15/150 29/43, Acc: 0.6667, time 1.95s
Val 15/150 30/43, Acc: 0.6774, time 1.96s
Val 15/150 31/43, Acc: 0.6875, time 2.05s
Val 15/150 32/43, Acc: 0.6667, time 2.05s
Val 15/150 33/43, Acc: 0.6765, time 1.97s
Val 15/150 34/43, Acc: 0.6857, time 2.03s
Val 15/150 35/43, Acc: 0.6667, time 2.06s
Val 15/150 36/43, Acc: 0.6757, time 2.04s
Val 15/150 37/43, Acc: 0.6579, time 2.06s
Val 15/150 38/43, Acc: 0.6667, time 1.95s
Val 15/150 39/43, Acc: 0.6500, time 2.06s
Val 15/150 40/43, Acc: 0.6585, time 2.03s
Val 15/150 41/43, Acc: 0.6667, time 2.02s
Val 15/150 42/43, Acc: 0.6744, time 2.13s
[Val epoch 15] avg_acc=0.6744 | per-class [c0: 0.412, c1: 1.000, c2: 0.765]
Final validation 15/149, Val_acc: 0.6744, time 87.60sAccuracy: 0.674
class                  precision    recall   specificity      f1   support
--------------------------------------------------------------------------
0                          1.000     0.412         1.000   0.583        17
1                          0.474     1.000         0.706   0.643         9
2                          0.765     0.765         0.846   0.765        17
*========================================*
Saving checkpoint outputs/OrganoidsINRIA/swinunetr/2025-11-03-09-58/model_final.pt
0 Mon Nov  3 11:32:28 2025 Epoch: 16
Epoch: 16/150 Iter: 0/28 loss: 1.5892 acc: 1.0000 time 15.82s
Epoch: 16/150 Iter: 1/28 loss: 1.8284 acc: 0.9444 time 11.03s
Epoch: 16/150 Iter: 2/28 loss: 2.3248 acc: 0.6852 time 11.06s
Epoch: 16/150 Iter: 3/28 loss: 3.1625 acc: 0.5417 time 11.01s
Epoch: 16/150 Iter: 4/28 loss: 3.1372 acc: 0.5778 time 12.97s
Epoch: 16/150 Iter: 5/28 loss: 3.0539 acc: 0.6148 time 13.00s
Epoch: 16/150 Iter: 6/28 loss: 3.1472 acc: 0.6222 time 11.03s
Epoch: 16/150 Iter: 7/28 loss: 3.0355 acc: 0.6556 time 10.94s
Epoch: 16/150 Iter: 8/28 loss: 2.9430 acc: 0.6846 time 13.01s
Epoch: 16/150 Iter: 9/28 loss: 2.8160 acc: 0.6994 time 11.18s
Epoch: 16/150 Iter: 10/28 loss: 2.8318 acc: 0.6864 time 13.05s
Epoch: 16/150 Iter: 11/28 loss: 2.9722 acc: 0.6847 time 11.02s
Epoch: 16/150 Iter: 12/28 loss: 2.8770 acc: 0.6748 time 11.17s
Epoch: 16/150 Iter: 13/28 loss: 2.8482 acc: 0.6712 time 10.96s
Epoch: 16/150 Iter: 14/28 loss: 2.8768 acc: 0.6820 time 10.99s
Epoch: 16/150 Iter: 15/28 loss: 2.8281 acc: 0.6950 time 12.99s
Epoch: 16/150 Iter: 16/28 loss: 2.9323 acc: 0.6770 time 10.94s
Epoch: 16/150 Iter: 17/28 loss: 3.0279 acc: 0.6505 time 10.95s
Epoch: 16/150 Iter: 18/28 loss: 3.1514 acc: 0.6373 time 10.98s
Epoch: 16/150 Iter: 19/28 loss: 3.1185 acc: 0.6415 time 10.96s
Epoch: 16/150 Iter: 20/28 loss: 3.0944 acc: 0.6454 time 11.01s
Epoch: 16/150 Iter: 21/28 loss: 3.0568 acc: 0.6463 time 10.94s
Epoch: 16/150 Iter: 22/28 loss: 3.0055 acc: 0.6545 time 10.91s
Epoch: 16/150 Iter: 23/28 loss: 3.0840 acc: 0.6503 time 11.05s
Epoch: 16/150 Iter: 24/28 loss: 3.0532 acc: 0.6510 time 10.96s
Epoch: 16/150 Iter: 25/28 loss: 3.0802 acc: 0.6495 time 10.99s
Epoch: 16/150 Iter: 26/28 loss: 3.0583 acc: 0.6563 time 11.24s
Epoch: 16/150 Iter: 27/28 loss: 3.0516 acc: 0.6447 time 12.96s
[Train epoch 16] avg_loss=3.0516 avg_acc=0.6447 | per-class [c0: 0.582, c1: 0.818, c2: 0.676]
Final training 16/149, loss: 3.0516, time 325.20s, lr: 0.000496
Accuracy: 0.667
class                  precision    recall   specificity      f1   support
--------------------------------------------------------------------------
0                          0.796     0.582         0.901   0.672        67
1                          0.509     0.818         0.807   0.628        33
2                          0.697     0.676         0.800   0.687        68
*----------------------------------------*
0 Mon Nov  3 11:37:53 2025 Epoch: 17
Epoch: 17/150 Iter: 0/28 loss: 4.0037 acc: 0.4444 time 14.60s
Epoch: 17/150 Iter: 1/28 loss: 3.5585 acc: 0.3722 time 13.02s
Epoch: 17/150 Iter: 2/28 loss: 2.9648 acc: 0.5815 time 11.10s
Epoch: 17/150 Iter: 3/28 loss: 3.0073 acc: 0.6583 time 13.06s
Epoch: 17/150 Iter: 4/28 loss: 2.9914 acc: 0.6822 time 12.99s
Epoch: 17/150 Iter: 5/28 loss: 2.9181 acc: 0.6796 time 10.98s
Epoch: 17/150 Iter: 6/28 loss: 3.0660 acc: 0.6778 time 11.05s
Epoch: 17/150 Iter: 7/28 loss: 3.0130 acc: 0.6972 time 11.00s
Epoch: 17/150 Iter: 8/28 loss: 3.1886 acc: 0.6938 time 11.05s
Epoch: 17/150 Iter: 9/28 loss: 3.0854 acc: 0.6744 time 11.43s
Epoch: 17/150 Iter: 10/28 loss: 3.1930 acc: 0.6359 time 11.02s
Epoch: 17/150 Iter: 11/28 loss: 3.0979 acc: 0.6292 time 11.02s
Epoch: 17/150 Iter: 12/28 loss: 3.2828 acc: 0.5979 time 11.06s
Epoch: 17/150 Iter: 13/28 loss: 3.1651 acc: 0.6187 time 11.03s
Epoch: 17/150 Iter: 14/28 loss: 3.0994 acc: 0.6367 time 11.00s
Epoch: 17/150 Iter: 15/28 loss: 3.0929 acc: 0.6247 time 10.98s
Epoch: 17/150 Iter: 16/28 loss: 3.0270 acc: 0.6141 time 10.99s
Epoch: 17/150 Iter: 17/28 loss: 2.9235 acc: 0.6355 time 13.18s
Epoch: 17/150 Iter: 18/28 loss: 2.9307 acc: 0.6401 time 11.07s
Epoch: 17/150 Iter: 19/28 loss: 2.8405 acc: 0.6581 time 10.95s
Epoch: 17/150 Iter: 20/28 loss: 2.7974 acc: 0.6426 time 10.99s
Epoch: 17/150 Iter: 21/28 loss: 2.7744 acc: 0.6538 time 10.98s
Epoch: 17/150 Iter: 22/28 loss: 2.7275 acc: 0.6688 time 10.95s
Epoch: 17/150 Iter: 23/28 loss: 2.9348 acc: 0.6549 time 11.12s
Epoch: 17/150 Iter: 24/28 loss: 2.8855 acc: 0.6620 time 10.98s
Epoch: 17/150 Iter: 25/28 loss: 2.9115 acc: 0.6494 time 10.99s
Epoch: 17/150 Iter: 26/28 loss: 2.8618 acc: 0.6582 time 10.97s
Epoch: 17/150 Iter: 27/28 loss: 2.8402 acc: 0.6615 time 13.13s
[Train epoch 17] avg_loss=2.8402 avg_acc=0.6615 | per-class [c0: 0.676, c1: 0.818, c2: 0.687]
Final training 17/149, loss: 2.8402, time 322.73s, lr: 0.000495
Accuracy: 0.708
class                  precision    recall   specificity      f1   support
--------------------------------------------------------------------------
0                          0.742     0.676         0.840   0.708        68
1                          0.600     0.818         0.867   0.692        33
2                          0.754     0.687         0.851   0.719        67
*----------------------------------------*
0 Mon Nov  3 11:43:16 2025 Epoch: 18
Epoch: 18/150 Iter: 0/28 loss: 5.5213 acc: 0.5833 time 15.80s
Epoch: 18/150 Iter: 1/28 loss: 5.0468 acc: 0.3750 time 10.98s
Epoch: 18/150 Iter: 2/28 loss: 4.1838 acc: 0.4722 time 11.04s
Epoch: 18/150 Iter: 3/28 loss: 4.0424 acc: 0.4514 time 10.99s
Epoch: 18/150 Iter: 4/28 loss: 3.8156 acc: 0.4944 time 11.20s
Epoch: 18/150 Iter: 5/28 loss: 3.4599 acc: 0.5509 time 11.23s
Epoch: 18/150 Iter: 6/28 loss: 3.2780 acc: 0.5913 time 11.01s
Epoch: 18/150 Iter: 7/28 loss: 3.2716 acc: 0.5694 time 13.06s
Epoch: 18/150 Iter: 8/28 loss: 3.1204 acc: 0.5988 time 11.25s
Epoch: 18/150 Iter: 9/28 loss: 3.0834 acc: 0.5639 time 11.10s
Epoch: 18/150 Iter: 10/28 loss: 2.9726 acc: 0.5530 time 11.06s
Epoch: 18/150 Iter: 11/28 loss: 2.9211 acc: 0.5590 time 11.29s
Epoch: 18/150 Iter: 12/28 loss: 2.8985 acc: 0.5801 time 10.96s
Epoch: 18/150 Iter: 13/28 loss: 2.8149 acc: 0.5685 time 11.15s
Epoch: 18/150 Iter: 14/28 loss: 2.8423 acc: 0.5694 time 13.14s
Epoch: 18/150 Iter: 15/28 loss: 2.8245 acc: 0.5807 time 10.96s
Epoch: 18/150 Iter: 16/28 loss: 2.7961 acc: 0.6054 time 12.97s
Epoch: 18/150 Iter: 17/28 loss: 2.7750 acc: 0.6106 time 10.92s
Epoch: 18/150 Iter: 18/28 loss: 3.0735 acc: 0.6194 time 10.97s
Epoch: 18/150 Iter: 19/28 loss: 3.0402 acc: 0.6260 time 10.97s
Epoch: 18/150 Iter: 20/28 loss: 3.0184 acc: 0.6385 time 10.98s
Epoch: 18/150 Iter: 21/28 loss: 3.0556 acc: 0.6322 time 11.07s
Epoch: 18/150 Iter: 22/28 loss: 3.1592 acc: 0.6083 time 11.08s
Epoch: 18/150 Iter: 23/28 loss: 3.1340 acc: 0.6177 time 10.95s
Epoch: 18/150 Iter: 24/28 loss: 3.0612 acc: 0.6163 time 10.92s
Epoch: 18/150 Iter: 25/28 loss: 3.1091 acc: 0.6215 time 13.14s
Epoch: 18/150 Iter: 26/28 loss: 3.0595 acc: 0.6293 time 12.99s
Epoch: 18/150 Iter: 27/28 loss: 3.0431 acc: 0.6366 time 11.00s
[Train epoch 18] avg_loss=3.0431 avg_acc=0.6366 | per-class [c0: 0.576, c1: 0.765, c2: 0.721]
Final training 18/149, loss: 3.0431, time 324.23s, lr: 0.000494
Accuracy: 0.673
class                  precision    recall   specificity      f1   support
--------------------------------------------------------------------------
0                          0.704     0.576         0.843   0.633        66
1                          0.578     0.765         0.858   0.658        34
2                          0.710     0.721         0.800   0.715        68
*----------------------------------------*
0 Mon Nov  3 11:48:40 2025 Epoch: 19
Epoch: 19/150 Iter: 0/28 loss: 1.7724 acc: 0.8750 time 14.00s
Epoch: 19/150 Iter: 1/28 loss: 2.1869 acc: 0.7153 time 11.30s
Epoch: 19/150 Iter: 2/28 loss: 2.4058 acc: 0.7176 time 11.30s
Epoch: 19/150 Iter: 3/28 loss: 2.4051 acc: 0.7257 time 11.11s
Epoch: 19/150 Iter: 4/28 loss: 2.5467 acc: 0.6306 time 13.04s
Epoch: 19/150 Iter: 5/28 loss: 2.4795 acc: 0.6227 time 11.27s
Epoch: 19/150 Iter: 6/28 loss: 2.3582 acc: 0.6290 time 11.01s
Epoch: 19/150 Iter: 7/28 loss: 2.6026 acc: 0.5920 time 10.98s
Epoch: 19/150 Iter: 8/28 loss: 2.5434 acc: 0.5559 time 11.20s
Epoch: 19/150 Iter: 9/28 loss: 3.0206 acc: 0.5836 time 11.01s
Epoch: 19/150 Iter: 10/28 loss: 2.9153 acc: 0.6215 time 11.05s
Epoch: 19/150 Iter: 11/28 loss: 2.8412 acc: 0.6345 time 11.09s
Epoch: 19/150 Iter: 12/28 loss: 2.9564 acc: 0.6498 time 11.05s
Epoch: 19/150 Iter: 13/28 loss: 2.9606 acc: 0.6589 time 11.37s
Epoch: 19/150 Iter: 14/28 loss: 2.9197 acc: 0.6372 time 11.02s
Epoch: 19/150 Iter: 15/28 loss: 2.9717 acc: 0.6321 time 11.07s
Epoch: 19/150 Iter: 16/28 loss: 3.0669 acc: 0.6276 time 13.13s
Epoch: 19/150 Iter: 17/28 loss: 3.3031 acc: 0.6174 time 11.02s
Epoch: 19/150 Iter: 18/28 loss: 3.2820 acc: 0.6142 time 10.97s
Epoch: 19/150 Iter: 19/28 loss: 3.2452 acc: 0.6068 time 12.95s
Epoch: 19/150 Iter: 20/28 loss: 3.1901 acc: 0.6176 time 11.00s
Epoch: 19/150 Iter: 21/28 loss: 3.1662 acc: 0.6299 time 12.96s
Epoch: 19/150 Iter: 22/28 loss: 3.1389 acc: 0.6315 time 11.15s
Epoch: 19/150 Iter: 23/28 loss: 3.1753 acc: 0.6226 time 12.97s
Epoch: 19/150 Iter: 24/28 loss: 3.3422 acc: 0.6110 time 13.00s
Epoch: 19/150 Iter: 25/28 loss: 3.3267 acc: 0.6196 time 10.96s
Epoch: 19/150 Iter: 26/28 loss: 3.3030 acc: 0.6182 time 11.15s
Epoch: 19/150 Iter: 27/28 loss: 3.2406 acc: 0.6279 time 11.08s
[Train epoch 19] avg_loss=3.2406 avg_acc=0.6279 | per-class [c0: 0.627, c1: 0.788, c2: 0.691]
Final training 19/149, loss: 3.2406, time 325.27s, lr: 0.000493
Accuracy: 0.685
class                  precision    recall   specificity      f1   support
--------------------------------------------------------------------------
0                          0.808     0.627         0.901   0.706        67
1                          0.491     0.788         0.800   0.605        33
2                          0.746     0.691         0.840   0.718        68
*----------------------------------------*
Val 19/150 0/43, Acc: 0.0000, time 2.10s
Val 19/150 1/43, Acc: 0.5000, time 1.96s
Val 19/150 2/43, Acc: 0.6667, time 1.96s
Val 19/150 3/43, Acc: 0.7500, time 2.03s
Val 19/150 4/43, Acc: 0.8000, time 2.00s
Val 19/150 5/43, Acc: 0.6667, time 2.00s
Val 19/150 6/43, Acc: 0.7143, time 2.10s
Val 19/150 7/43, Acc: 0.6250, time 2.07s
Val 19/150 8/43, Acc: 0.6667, time 2.00s
Val 19/150 9/43, Acc: 0.7000, time 2.03s
Val 19/150 10/43, Acc: 0.6364, time 1.98s
Val 19/150 11/43, Acc: 0.6667, time 2.09s
Val 19/150 12/43, Acc: 0.6923, time 2.00s
Val 19/150 13/43, Acc: 0.6429, time 2.09s
Val 19/150 14/43, Acc: 0.6667, time 2.12s
Val 19/150 15/43, Acc: 0.6875, time 2.18s
Val 19/150 16/43, Acc: 0.7059, time 2.06s
Val 19/150 17/43, Acc: 0.7222, time 1.98s
Val 19/150 18/43, Acc: 0.7368, time 2.12s
Val 19/150 19/43, Acc: 0.7500, time 1.95s
Val 19/150 20/43, Acc: 0.7619, time 2.07s
Val 19/150 21/43, Acc: 0.7727, time 2.12s
Val 19/150 22/43, Acc: 0.7391, time 2.07s
Val 19/150 23/43, Acc: 0.7083, time 2.07s
Val 19/150 24/43, Acc: 0.7200, time 2.01s
Val 19/150 25/43, Acc: 0.7308, time 2.06s
Val 19/150 26/43, Acc: 0.7407, time 1.99s
Val 19/150 27/43, Acc: 0.7500, time 2.04s
Val 19/150 28/43, Acc: 0.7586, time 2.01s
Val 19/150 29/43, Acc: 0.7667, time 1.97s
Val 19/150 30/43, Acc: 0.7419, time 1.96s
Val 19/150 31/43, Acc: 0.7500, time 2.05s
Val 19/150 32/43, Acc: 0.7576, time 2.06s
Val 19/150 33/43, Acc: 0.7647, time 1.97s
Val 19/150 34/43, Acc: 0.7714, time 2.04s
Val 19/150 35/43, Acc: 0.7778, time 2.06s
Val 19/150 36/43, Acc: 0.7838, time 2.03s
Val 19/150 37/43, Acc: 0.7632, time 2.07s
Val 19/150 38/43, Acc: 0.7692, time 1.96s
Val 19/150 39/43, Acc: 0.7750, time 2.07s
Val 19/150 40/43, Acc: 0.7805, time 2.03s
Val 19/150 41/43, Acc: 0.7857, time 2.03s
Val 19/150 42/43, Acc: 0.7907, time 2.12s
[Val epoch 19] avg_acc=0.7907 | per-class [c0: 0.647, c1: 0.778, c2: 0.941]
Final validation 19/149, Val_acc: 0.7907, time 87.67sAccuracy: 0.791
class                  precision    recall   specificity      f1   support
--------------------------------------------------------------------------
0                          0.917     0.647         0.962   0.759        17
1                          0.700     0.778         0.912   0.737         9
2                          0.762     0.941         0.808   0.842        17
*========================================*
New best (0.674419 --> 0.790698)
Saving checkpoint outputs/OrganoidsINRIA/swinunetr/2025-11-03-09-58/model_final.pt
Copying best model to model.pt
0 Mon Nov  3 11:55:44 2025 Epoch: 20
Epoch: 20/150 Iter: 0/28 loss: 1.6538 acc: 0.3333 time 14.72s
Epoch: 20/150 Iter: 1/28 loss: 4.2494 acc: 0.4167 time 12.97s
Epoch: 20/150 Iter: 2/28 loss: 3.1010 acc: 0.5556 time 10.98s
Epoch: 20/150 Iter: 3/28 loss: 2.9215 acc: 0.5500 time 11.05s
Epoch: 20/150 Iter: 4/28 loss: 2.6248 acc: 0.6400 time 11.05s
Epoch: 20/150 Iter: 5/28 loss: 2.7489 acc: 0.5778 time 11.08s
Epoch: 20/150 Iter: 6/28 loss: 2.8161 acc: 0.5810 time 11.08s
Epoch: 20/150 Iter: 7/28 loss: 3.0126 acc: 0.5500 time 11.25s
Epoch: 20/150 Iter: 8/28 loss: 3.3244 acc: 0.5198 time 11.09s
Epoch: 20/150 Iter: 9/28 loss: 3.2987 acc: 0.5344 time 11.07s
Epoch: 20/150 Iter: 10/28 loss: 3.1423 acc: 0.5616 time 13.02s
Epoch: 20/150 Iter: 11/28 loss: 3.0582 acc: 0.5981 time 10.98s
Epoch: 20/150 Iter: 12/28 loss: 3.1103 acc: 0.6077 time 10.99s
Epoch: 20/150 Iter: 13/28 loss: 3.1721 acc: 0.6198 time 11.00s
Epoch: 20/150 Iter: 14/28 loss: 3.1125 acc: 0.6119 time 10.99s
Epoch: 20/150 Iter: 15/28 loss: 3.2281 acc: 0.5944 time 12.98s
Epoch: 20/150 Iter: 16/28 loss: 3.2325 acc: 0.5987 time 10.95s
Epoch: 20/150 Iter: 17/28 loss: 3.1667 acc: 0.6025 time 13.09s
Epoch: 20/150 Iter: 18/28 loss: 3.0773 acc: 0.6146 time 10.92s
Epoch: 20/150 Iter: 19/28 loss: 2.9962 acc: 0.6283 time 10.98s
Epoch: 20/150 Iter: 20/28 loss: 2.9876 acc: 0.6381 time 10.99s
Epoch: 20/150 Iter: 21/28 loss: 3.0198 acc: 0.6242 time 10.98s
Epoch: 20/150 Iter: 22/28 loss: 3.0688 acc: 0.6164 time 10.97s
Epoch: 20/150 Iter: 23/28 loss: 3.0094 acc: 0.6324 time 12.91s
Epoch: 20/150 Iter: 24/28 loss: 3.0000 acc: 0.6271 time 10.99s
Epoch: 20/150 Iter: 25/28 loss: 2.9736 acc: 0.6382 time 12.98s
Epoch: 20/150 Iter: 26/28 loss: 3.1927 acc: 0.6331 time 10.95s
Epoch: 20/150 Iter: 27/28 loss: 3.1986 acc: 0.6304 time 10.96s
[Train epoch 20] avg_loss=3.1986 avg_acc=0.6304 | per-class [c0: 0.612, c1: 0.676, c2: 0.701]
Final training 20/149, loss: 3.1986, time 324.03s, lr: 0.000491
Accuracy: 0.661
class                  precision    recall   specificity      f1   support
--------------------------------------------------------------------------
0                          0.732     0.612         0.851   0.667        67
1                          0.561     0.676         0.866   0.613        34
2                          0.662     0.701         0.762   0.681        67
*----------------------------------------*
0 Mon Nov  3 12:01:08 2025 Epoch: 21
Epoch: 21/150 Iter: 0/28 loss: 1.6275 acc: 1.0000 time 13.49s
Epoch: 21/150 Iter: 1/28 loss: 2.6899 acc: 0.8333 time 13.07s
Epoch: 21/150 Iter: 2/28 loss: 2.5487 acc: 0.7778 time 11.04s
Epoch: 21/150 Iter: 3/28 loss: 2.8775 acc: 0.7222 time 13.02s
Epoch: 21/150 Iter: 4/28 loss: 2.5706 acc: 0.7444 time 13.05s
Epoch: 21/150 Iter: 5/28 loss: 2.4610 acc: 0.6759 time 11.01s
Epoch: 21/150 Iter: 6/28 loss: 2.5446 acc: 0.7063 time 11.28s
Epoch: 21/150 Iter: 7/28 loss: 2.8932 acc: 0.6736 time 11.20s
Epoch: 21/150 Iter: 8/28 loss: 2.7593 acc: 0.6914 time 13.11s
Epoch: 21/150 Iter: 9/28 loss: 2.6052 acc: 0.7222 time 11.03s
Epoch: 21/150 Iter: 10/28 loss: 2.7024 acc: 0.7172 time 11.05s
Epoch: 21/150 Iter: 11/28 loss: 2.6681 acc: 0.6944 time 11.18s
Epoch: 21/150 Iter: 12/28 loss: 2.8095 acc: 0.6769 time 10.97s
Epoch: 21/150 Iter: 13/28 loss: 2.7576 acc: 0.6762 time 10.97s
Epoch: 21/150 Iter: 14/28 loss: 2.7026 acc: 0.6756 time 12.99s
Epoch: 21/150 Iter: 15/28 loss: 2.8407 acc: 0.6646 time 11.01s
Epoch: 21/150 Iter: 16/28 loss: 2.8703 acc: 0.6794 time 11.03s
Epoch: 21/150 Iter: 17/28 loss: 2.8881 acc: 0.6602 time 12.99s
Epoch: 21/150 Iter: 18/28 loss: 2.9182 acc: 0.6488 time 10.94s
Epoch: 21/150 Iter: 19/28 loss: 2.8624 acc: 0.6664 time 11.10s
Epoch: 21/150 Iter: 20/28 loss: 2.8566 acc: 0.6743 time 10.96s
Epoch: 21/150 Iter: 21/28 loss: 2.9400 acc: 0.6664 time 11.02s
Epoch: 21/150 Iter: 22/28 loss: 2.8714 acc: 0.6809 time 10.96s
Epoch: 21/150 Iter: 23/28 loss: 2.7925 acc: 0.6942 time 10.95s
Epoch: 21/150 Iter: 24/28 loss: 2.7325 acc: 0.7064 time 10.95s
Epoch: 21/150 Iter: 25/28 loss: 2.6896 acc: 0.7113 time 11.16s
Epoch: 21/150 Iter: 26/28 loss: 2.6792 acc: 0.7047 time 11.04s
Epoch: 21/150 Iter: 27/28 loss: 2.6804 acc: 0.7113 time 11.02s
[Train epoch 21] avg_loss=2.6804 avg_acc=0.7113 | per-class [c0: 0.652, c1: 0.848, c2: 0.739]
Final training 21/149, loss: 2.6804, time 323.62s, lr: 0.000490
Accuracy: 0.726
class                  precision    recall   specificity      f1   support
--------------------------------------------------------------------------
0                          0.843     0.652         0.922   0.735        66
1                          0.583     0.848         0.852   0.691        33
2                          0.739     0.739         0.818   0.739        69
*----------------------------------------*
0 Mon Nov  3 12:06:32 2025 Epoch: 22
Epoch: 22/150 Iter: 0/28 loss: 1.1206 acc: 0.8333 time 14.71s
Epoch: 22/150 Iter: 1/28 loss: 2.4329 acc: 0.6944 time 11.11s
Epoch: 22/150 Iter: 2/28 loss: 1.9149 acc: 0.7963 time 13.08s
Epoch: 22/150 Iter: 3/28 loss: 1.9984 acc: 0.7431 time 13.04s
Epoch: 22/150 Iter: 4/28 loss: 2.1842 acc: 0.6833 time 11.20s
Epoch: 22/150 Iter: 5/28 loss: 2.3145 acc: 0.6694 time 11.08s
Epoch: 22/150 Iter: 6/28 loss: 2.2539 acc: 0.6452 time 10.98s
Epoch: 22/150 Iter: 7/28 loss: 2.4347 acc: 0.6410 time 11.05s
Epoch: 22/150 Iter: 8/28 loss: 2.4646 acc: 0.6315 time 11.35s
Epoch: 22/150 Iter: 9/28 loss: 2.6961 acc: 0.5850 time 11.22s
Epoch: 22/150 Iter: 10/28 loss: 2.8053 acc: 0.5672 time 13.08s
Epoch: 22/150 Iter: 11/28 loss: 2.9978 acc: 0.5616 time 11.01s
Epoch: 22/150 Iter: 12/28 loss: 2.9930 acc: 0.5739 time 12.99s
Epoch: 22/150 Iter: 13/28 loss: 3.0975 acc: 0.5567 time 10.97s
Epoch: 22/150 Iter: 14/28 loss: 3.0018 acc: 0.5780 time 10.93s
Epoch: 22/150 Iter: 15/28 loss: 3.1261 acc: 0.5887 time 11.19s
Epoch: 22/150 Iter: 16/28 loss: 3.1530 acc: 0.5868 time 10.98s
Epoch: 22/150 Iter: 17/28 loss: 3.2158 acc: 0.5819 time 10.93s
Epoch: 22/150 Iter: 18/28 loss: 3.2367 acc: 0.5835 time 11.18s
Epoch: 22/150 Iter: 19/28 loss: 3.2665 acc: 0.5793 time 10.92s
Epoch: 22/150 Iter: 20/28 loss: 3.2216 acc: 0.5888 time 12.97s
Epoch: 22/150 Iter: 21/28 loss: 3.2585 acc: 0.5847 time 13.01s
Epoch: 22/150 Iter: 22/28 loss: 3.2364 acc: 0.5955 time 10.92s
Epoch: 22/150 Iter: 23/28 loss: 3.1866 acc: 0.5892 time 10.92s
Epoch: 22/150 Iter: 24/28 loss: 3.1297 acc: 0.5897 time 10.94s
Epoch: 22/150 Iter: 25/28 loss: 3.0753 acc: 0.6022 time 13.31s
Epoch: 22/150 Iter: 26/28 loss: 3.0573 acc: 0.6067 time 13.16s
Epoch: 22/150 Iter: 27/28 loss: 3.0359 acc: 0.6148 time 11.07s
[Train epoch 22] avg_loss=3.0359 avg_acc=0.6148 | per-class [c0: 0.567, c1: 0.706, c2: 0.597]
Final training 22/149, loss: 3.0359, time 329.34s, lr: 0.000488
Accuracy: 0.607
class                  precision    recall   specificity      f1   support
--------------------------------------------------------------------------
0                          0.691     0.567         0.832   0.623        67
1                          0.490     0.706         0.813   0.578        34
2                          0.625     0.597         0.762   0.611        67
*----------------------------------------*
0 Mon Nov  3 12:12:01 2025 Epoch: 23
Epoch: 23/150 Iter: 0/28 loss: 5.4062 acc: 0.7222 time 14.54s
Epoch: 23/150 Iter: 1/28 loss: 4.5562 acc: 0.7778 time 10.96s
Epoch: 23/150 Iter: 2/28 loss: 4.0987 acc: 0.8148 time 13.10s
Epoch: 23/150 Iter: 3/28 loss: 3.3873 acc: 0.8611 time 13.07s
Epoch: 23/150 Iter: 4/28 loss: 3.6154 acc: 0.8333 time 13.15s
Epoch: 23/150 Iter: 5/28 loss: 3.1435 acc: 0.8611 time 11.04s
Epoch: 23/150 Iter: 6/28 loss: 2.8231 acc: 0.8571 time 11.32s
Epoch: 23/150 Iter: 7/28 loss: 2.8068 acc: 0.7833 time 11.24s
Epoch: 23/150 Iter: 8/28 loss: 2.7070 acc: 0.7889 time 11.27s
Epoch: 23/150 Iter: 9/28 loss: 2.9436 acc: 0.7267 time 11.08s
Epoch: 23/150 Iter: 10/28 loss: 2.8978 acc: 0.7414 time 11.05s
Epoch: 23/150 Iter: 11/28 loss: 3.0393 acc: 0.7074 time 10.98s
Epoch: 23/150 Iter: 12/28 loss: 3.1609 acc: 0.6722 time 13.01s
Epoch: 23/150 Iter: 13/28 loss: 3.1292 acc: 0.6639 time 12.95s
Epoch: 23/150 Iter: 14/28 loss: 3.1648 acc: 0.6530 time 12.96s
Epoch: 23/150 Iter: 15/28 loss: 3.3534 acc: 0.6399 time 10.97s
Epoch: 23/150 Iter: 16/28 loss: 3.3882 acc: 0.6350 time 13.17s
Epoch: 23/150 Iter: 17/28 loss: 3.2578 acc: 0.6552 time 12.95s
Epoch: 23/150 Iter: 18/28 loss: 3.2351 acc: 0.6558 time 12.93s
Epoch: 23/150 Iter: 19/28 loss: 3.1814 acc: 0.6647 time 10.98s
Epoch: 23/150 Iter: 20/28 loss: 3.3297 acc: 0.6384 time 11.00s
Epoch: 23/150 Iter: 21/28 loss: 3.3703 acc: 0.6245 time 10.92s
Epoch: 23/150 Iter: 22/28 loss: 3.3225 acc: 0.6215 time 10.97s
Epoch: 23/150 Iter: 23/28 loss: 3.2354 acc: 0.6338 time 13.20s
Epoch: 23/150 Iter: 24/28 loss: 3.1238 acc: 0.6484 time 10.96s
Epoch: 23/150 Iter: 25/28 loss: 3.0592 acc: 0.6620 time 13.03s
Epoch: 23/150 Iter: 26/28 loss: 2.9856 acc: 0.6745 time 10.98s
Epoch: 23/150 Iter: 27/28 loss: 3.0674 acc: 0.6683 time 10.97s
[Train epoch 23] avg_loss=3.0674 avg_acc=0.6683 | per-class [c0: 0.735, c1: 0.706, c2: 0.697]
Final training 23/149, loss: 3.0674, time 334.79s, lr: 0.000486
Accuracy: 0.714
class                  precision    recall   specificity      f1   support
--------------------------------------------------------------------------
0                          0.758     0.735         0.840   0.746        68
1                          0.600     0.706         0.881   0.649        34
2                          0.742     0.697         0.843   0.719        66
*----------------------------------------*
Val 23/150 0/43, Acc: 0.0000, time 2.11s
Val 23/150 1/43, Acc: 0.5000, time 2.01s
Val 23/150 2/43, Acc: 0.6667, time 1.99s
Val 23/150 3/43, Acc: 0.7500, time 2.03s
Val 23/150 4/43, Acc: 0.8000, time 1.98s
Val 23/150 5/43, Acc: 0.6667, time 1.96s
Val 23/150 6/43, Acc: 0.7143, time 2.09s
Val 23/150 7/43, Acc: 0.6250, time 2.06s
Val 23/150 8/43, Acc: 0.6667, time 2.00s
Val 23/150 9/43, Acc: 0.6000, time 2.02s
Val 23/150 10/43, Acc: 0.6364, time 1.96s
Val 23/150 11/43, Acc: 0.5833, time 2.07s
Val 23/150 12/43, Acc: 0.5385, time 1.97s
Val 23/150 13/43, Acc: 0.5000, time 2.08s
Val 23/150 14/43, Acc: 0.5333, time 2.12s
Val 23/150 15/43, Acc: 0.5625, time 2.20s
Val 23/150 16/43, Acc: 0.5882, time 2.08s
Val 23/150 17/43, Acc: 0.6111, time 1.98s
Val 23/150 18/43, Acc: 0.6316, time 2.12s
Val 23/150 19/43, Acc: 0.6000, time 1.95s
Val 23/150 20/43, Acc: 0.6190, time 2.07s
Val 23/150 21/43, Acc: 0.6364, time 2.12s
Val 23/150 22/43, Acc: 0.6087, time 2.07s
Val 23/150 23/43, Acc: 0.5833, time 2.08s
Val 23/150 24/43, Acc: 0.5600, time 2.02s
Val 23/150 25/43, Acc: 0.5769, time 2.06s
Val 23/150 26/43, Acc: 0.5926, time 1.99s
Val 23/150 27/43, Acc: 0.6071, time 2.05s
Val 23/150 28/43, Acc: 0.6207, time 2.03s
Val 23/150 29/43, Acc: 0.6000, time 1.95s
Val 23/150 30/43, Acc: 0.6129, time 1.97s
Val 23/150 31/43, Acc: 0.5938, time 2.05s
Val 23/150 32/43, Acc: 0.5758, time 2.04s
Val 23/150 33/43, Acc: 0.5882, time 1.97s
Val 23/150 34/43, Acc: 0.6000, time 2.03s
Val 23/150 35/43, Acc: 0.5833, time 2.06s
Val 23/150 36/43, Acc: 0.5946, time 2.04s
Val 23/150 37/43, Acc: 0.5789, time 2.07s
Val 23/150 38/43, Acc: 0.5897, time 1.98s
Val 23/150 39/43, Acc: 0.6000, time 2.07s
Val 23/150 40/43, Acc: 0.6098, time 2.04s
Val 23/150 41/43, Acc: 0.6190, time 2.02s
Val 23/150 42/43, Acc: 0.6279, time 2.12s
[Val epoch 23] avg_acc=0.6279 | per-class [c0: 0.529, c1: 1.000, c2: 0.529]
Final validation 23/149, Val_acc: 0.6279, time 87.68sAccuracy: 0.628
class                  precision    recall   specificity      f1   support
--------------------------------------------------------------------------
0                          0.900     0.529         0.962   0.667        17
1                          0.429     1.000         0.647   0.600         9
2                          0.750     0.529         0.885   0.621        17
*========================================*
Saving checkpoint outputs/OrganoidsINRIA/swinunetr/2025-11-03-09-58/model_final.pt
0 Mon Nov  3 12:19:09 2025 Epoch: 24
Epoch: 24/150 Iter: 0/28 loss: 2.3098 acc: 0.6250 time 15.82s
Epoch: 24/150 Iter: 1/28 loss: 3.7433 acc: 0.6181 time 11.23s
Epoch: 24/150 Iter: 2/28 loss: 3.9799 acc: 0.6620 time 11.18s
Epoch: 24/150 Iter: 3/28 loss: 4.5390 acc: 0.5590 time 11.28s
Epoch: 24/150 Iter: 4/28 loss: 4.2465 acc: 0.5806 time 11.03s
Epoch: 24/150 Iter: 5/28 loss: 3.8253 acc: 0.5579 time 10.98s
Epoch: 24/150 Iter: 6/28 loss: 3.7399 acc: 0.5615 time 11.04s
Epoch: 24/150 Iter: 7/28 loss: 3.3847 acc: 0.5851 time 13.15s
Epoch: 24/150 Iter: 8/28 loss: 3.4700 acc: 0.5941 time 11.15s
Epoch: 24/150 Iter: 9/28 loss: 4.2453 acc: 0.5847 time 13.02s
Epoch: 24/150 Iter: 10/28 loss: 4.0820 acc: 0.5619 time 10.99s
Epoch: 24/150 Iter: 11/28 loss: 3.9025 acc: 0.5799 time 11.04s
Epoch: 24/150 Iter: 12/28 loss: 3.7945 acc: 0.6058 time 11.12s
Epoch: 24/150 Iter: 13/28 loss: 3.8804 acc: 0.6042 time 11.04s
Epoch: 24/150 Iter: 14/28 loss: 3.7716 acc: 0.6120 time 10.98s
Epoch: 24/150 Iter: 15/28 loss: 3.6783 acc: 0.6259 time 11.16s
Epoch: 24/150 Iter: 16/28 loss: 3.6406 acc: 0.6250 time 13.02s
Epoch: 24/150 Iter: 17/28 loss: 3.7661 acc: 0.6088 time 11.01s
Epoch: 24/150 Iter: 18/28 loss: 3.6571 acc: 0.6177 time 11.01s
Epoch: 24/150 Iter: 19/28 loss: 3.5730 acc: 0.6160 time 11.02s
Epoch: 24/150 Iter: 20/28 loss: 3.5117 acc: 0.6290 time 11.05s
Epoch: 24/150 Iter: 21/28 loss: 3.4786 acc: 0.6206 time 10.95s
Epoch: 24/150 Iter: 22/28 loss: 3.3890 acc: 0.6316 time 10.98s
Epoch: 24/150 Iter: 23/28 loss: 3.3521 acc: 0.6424 time 10.97s
Epoch: 24/150 Iter: 24/28 loss: 3.3099 acc: 0.6478 time 10.97s
Epoch: 24/150 Iter: 25/28 loss: 3.3590 acc: 0.6357 time 13.21s
Epoch: 24/150 Iter: 26/28 loss: 3.3051 acc: 0.6430 time 10.96s
Epoch: 24/150 Iter: 27/28 loss: 3.3357 acc: 0.6399 time 10.99s
[Train epoch 24] avg_loss=3.3357 avg_acc=0.6399 | per-class [c0: 0.609, c1: 0.750, c2: 0.672]
Final training 24/149, loss: 3.3357, time 322.40s, lr: 0.000484
Accuracy: 0.661
class                  precision    recall   specificity      f1   support
--------------------------------------------------------------------------
0                          0.778     0.609         0.879   0.683        69
1                          0.511     0.750         0.831   0.608        32
2                          0.672     0.672         0.782   0.672        67
*----------------------------------------*
0 Mon Nov  3 12:24:31 2025 Epoch: 25
Epoch: 25/150 Iter: 0/28 loss: 5.1416 acc: 0.3333 time 14.82s
Epoch: 25/150 Iter: 1/28 loss: 3.3317 acc: 0.6111 time 10.99s
Epoch: 25/150 Iter: 2/28 loss: 3.6365 acc: 0.5926 time 11.06s
Epoch: 25/150 Iter: 3/28 loss: 3.1241 acc: 0.6528 time 10.98s
Epoch: 25/150 Iter: 4/28 loss: 2.8054 acc: 0.7222 time 11.31s
Epoch: 25/150 Iter: 5/28 loss: 2.5821 acc: 0.7407 time 11.20s
Epoch: 25/150 Iter: 6/28 loss: 2.6582 acc: 0.7242 time 11.06s
Epoch: 25/150 Iter: 7/28 loss: 2.7924 acc: 0.7378 time 11.09s
Epoch: 25/150 Iter: 8/28 loss: 2.9814 acc: 0.6744 time 11.00s
Epoch: 25/150 Iter: 9/28 loss: 2.8139 acc: 0.6903 time 10.93s
Epoch: 25/150 Iter: 10/28 loss: 2.7624 acc: 0.6821 time 13.14s
Epoch: 25/150 Iter: 11/28 loss: 2.7484 acc: 0.6697 time 11.05s
Epoch: 25/150 Iter: 12/28 loss: 2.7814 acc: 0.6387 time 10.92s
Epoch: 25/150 Iter: 13/28 loss: 2.8344 acc: 0.6208 time 11.05s
Epoch: 25/150 Iter: 14/28 loss: 2.9073 acc: 0.5980 time 12.95s
Epoch: 25/150 Iter: 15/28 loss: 3.0737 acc: 0.6161 time 13.08s
Epoch: 25/150 Iter: 16/28 loss: 3.0282 acc: 0.6289 time 11.00s
Epoch: 25/150 Iter: 17/28 loss: 2.9827 acc: 0.6310 time 10.99s
Epoch: 25/150 Iter: 18/28 loss: 3.0024 acc: 0.6329 time 11.11s
Epoch: 25/150 Iter: 19/28 loss: 2.9440 acc: 0.6221 time 12.97s
Epoch: 25/150 Iter: 20/28 loss: 2.8742 acc: 0.6321 time 10.99s
Epoch: 25/150 Iter: 21/28 loss: 2.8705 acc: 0.6261 time 11.16s
Epoch: 25/150 Iter: 22/28 loss: 2.8252 acc: 0.6303 time 10.95s
Epoch: 25/150 Iter: 23/28 loss: 2.8722 acc: 0.6203 time 10.93s
Epoch: 25/150 Iter: 24/28 loss: 2.8642 acc: 0.6188 time 10.96s
Epoch: 25/150 Iter: 25/28 loss: 2.8708 acc: 0.6249 time 10.99s
Epoch: 25/150 Iter: 26/28 loss: 2.8307 acc: 0.6342 time 10.98s
Epoch: 25/150 Iter: 27/28 loss: 2.7871 acc: 0.6401 time 10.98s
[Train epoch 25] avg_loss=2.7871 avg_acc=0.6401 | per-class [c0: 0.676, c1: 0.758, c2: 0.657]
Final training 25/149, loss: 2.7871, time 320.69s, lr: 0.000483
Accuracy: 0.685
class                  precision    recall   specificity      f1   support
--------------------------------------------------------------------------
0                          0.742     0.676         0.840   0.708        68
1                          0.521     0.758         0.830   0.617        33
2                          0.759     0.657         0.861   0.704        67
*----------------------------------------*
0 Mon Nov  3 12:29:52 2025 Epoch: 26
Epoch: 26/150 Iter: 0/28 loss: 2.4258 acc: 0.7222 time 15.13s
Epoch: 26/150 Iter: 1/28 loss: 1.8421 acc: 0.8611 time 13.03s
Epoch: 26/150 Iter: 2/28 loss: 4.2023 acc: 0.6296 time 11.06s
Epoch: 26/150 Iter: 3/28 loss: 4.4858 acc: 0.5556 time 11.00s
Epoch: 26/150 Iter: 4/28 loss: 4.3888 acc: 0.5511 time 11.02s
Epoch: 26/150 Iter: 5/28 loss: 4.2849 acc: 0.5333 time 10.95s
Epoch: 26/150 Iter: 6/28 loss: 4.2762 acc: 0.5167 time 11.01s
Epoch: 26/150 Iter: 7/28 loss: 4.0949 acc: 0.5146 time 13.03s
Epoch: 26/150 Iter: 8/28 loss: 3.9731 acc: 0.5438 time 10.99s
Epoch: 26/150 Iter: 9/28 loss: 3.7402 acc: 0.5894 time 11.00s
Epoch: 26/150 Iter: 10/28 loss: 3.5477 acc: 0.6167 time 11.19s
Epoch: 26/150 Iter: 11/28 loss: 3.3480 acc: 0.6486 time 12.97s
Epoch: 26/150 Iter: 12/28 loss: 3.2764 acc: 0.6436 time 10.95s
Epoch: 26/150 Iter: 13/28 loss: 3.2360 acc: 0.6548 time 11.05s
Epoch: 26/150 Iter: 14/28 loss: 3.1283 acc: 0.6722 time 10.97s
Epoch: 26/150 Iter: 15/28 loss: 3.2105 acc: 0.6545 time 10.95s
Epoch: 26/150 Iter: 16/28 loss: 3.1668 acc: 0.6422 time 10.98s
Epoch: 26/150 Iter: 17/28 loss: 3.2733 acc: 0.6250 time 11.11s
Epoch: 26/150 Iter: 18/28 loss: 3.1868 acc: 0.6184 time 11.06s
Epoch: 26/150 Iter: 19/28 loss: 3.2798 acc: 0.6153 time 11.00s
Epoch: 26/150 Iter: 20/28 loss: 3.2400 acc: 0.6098 time 10.96s
Epoch: 26/150 Iter: 21/28 loss: 3.2151 acc: 0.6048 time 13.03s
Epoch: 26/150 Iter: 22/28 loss: 3.1618 acc: 0.6147 time 13.01s
Epoch: 26/150 Iter: 23/28 loss: 3.2341 acc: 0.5995 time 10.94s
Epoch: 26/150 Iter: 24/28 loss: 3.2061 acc: 0.6022 time 10.99s
Epoch: 26/150 Iter: 25/28 loss: 3.1694 acc: 0.6015 time 10.93s
Epoch: 26/150 Iter: 26/28 loss: 3.1526 acc: 0.5947 time 11.26s
Epoch: 26/150 Iter: 27/28 loss: 3.1314 acc: 0.5893 time 10.99s
[Train epoch 26] avg_loss=3.1314 avg_acc=0.5893 | per-class [c0: 0.621, c1: 0.636, c2: 0.768]
Final training 26/149, loss: 3.1314, time 322.61s, lr: 0.000480
Accuracy: 0.685
class                  precision    recall   specificity      f1   support
--------------------------------------------------------------------------
0                          0.759     0.621         0.873   0.683        66
1                          0.525     0.636         0.859   0.575        33
2                          0.716     0.768         0.788   0.741        69
*----------------------------------------*
0 Mon Nov  3 12:35:14 2025 Epoch: 27
Epoch: 27/150 Iter: 0/28 loss: 2.3782 acc: 0.7000 time 14.59s
Epoch: 27/150 Iter: 1/28 loss: 2.7040 acc: 0.6000 time 11.02s
Epoch: 27/150 Iter: 2/28 loss: 4.8176 acc: 0.4556 time 10.99s
Epoch: 27/150 Iter: 3/28 loss: 4.1081 acc: 0.5639 time 11.01s
Epoch: 27/150 Iter: 4/28 loss: 3.6555 acc: 0.5844 time 13.00s
Epoch: 27/150 Iter: 5/28 loss: 3.8198 acc: 0.5796 time 11.00s
Epoch: 27/150 Iter: 6/28 loss: 3.5557 acc: 0.5841 time 10.98s
Epoch: 27/150 Iter: 7/28 loss: 3.7557 acc: 0.5597 time 11.05s
Epoch: 27/150 Iter: 8/28 loss: 3.8074 acc: 0.5346 time 11.00s
Epoch: 27/150 Iter: 9/28 loss: 3.5694 acc: 0.5394 time 11.37s
Epoch: 27/150 Iter: 10/28 loss: 3.5802 acc: 0.5662 time 11.02s
Epoch: 27/150 Iter: 11/28 loss: 3.4352 acc: 0.5815 time 11.01s
Epoch: 27/150 Iter: 12/28 loss: 3.4129 acc: 0.5581 time 11.00s
Epoch: 27/150 Iter: 13/28 loss: 3.3074 acc: 0.5817 time 10.99s
Epoch: 27/150 Iter: 14/28 loss: 3.1418 acc: 0.6096 time 12.96s
Epoch: 27/150 Iter: 15/28 loss: 3.1486 acc: 0.6132 time 11.06s
Epoch: 27/150 Iter: 16/28 loss: 3.1164 acc: 0.6196 time 10.93s
Epoch: 27/150 Iter: 17/28 loss: 3.2390 acc: 0.5991 time 11.19s
Epoch: 27/150 Iter: 18/28 loss: 3.2088 acc: 0.6026 time 10.97s
Epoch: 27/150 Iter: 19/28 loss: 3.2111 acc: 0.6142 time 11.11s
Epoch: 27/150 Iter: 20/28 loss: 3.1351 acc: 0.6325 time 11.01s
Epoch: 27/150 Iter: 21/28 loss: 3.1409 acc: 0.6417 time 10.92s
Epoch: 27/150 Iter: 22/28 loss: 3.0576 acc: 0.6536 time 11.01s
Epoch: 27/150 Iter: 23/28 loss: 3.0213 acc: 0.6486 time 10.93s
Epoch: 27/150 Iter: 24/28 loss: 2.9723 acc: 0.6360 time 13.02s
Epoch: 27/150 Iter: 25/28 loss: 2.9261 acc: 0.6308 time 11.01s
Epoch: 27/150 Iter: 26/28 loss: 2.8913 acc: 0.6383 time 11.00s
Epoch: 27/150 Iter: 27/28 loss: 2.8487 acc: 0.6467 time 11.07s
[Train epoch 27] avg_loss=2.8487 avg_acc=0.6467 | per-class [c0: 0.597, c1: 0.788, c2: 0.676]
Final training 27/149, loss: 2.8487, time 318.28s, lr: 0.000478
Accuracy: 0.667
class                  precision    recall   specificity      f1   support
--------------------------------------------------------------------------
0                          0.741     0.597         0.861   0.661        67
1                          0.542     0.788         0.837   0.642        33
2                          0.697     0.676         0.800   0.687        68
*----------------------------------------*
Val 27/150 0/43, Acc: 0.0000, time 2.11s
Val 27/150 1/43, Acc: 0.5000, time 1.98s
Val 27/150 2/43, Acc: 0.6667, time 1.99s
Val 27/150 3/43, Acc: 0.7500, time 2.02s
Val 27/150 4/43, Acc: 0.8000, time 1.99s
Val 27/150 5/43, Acc: 0.6667, time 1.97s
Val 27/150 6/43, Acc: 0.7143, time 2.09s
Val 27/150 7/43, Acc: 0.6250, time 2.06s
Val 27/150 8/43, Acc: 0.6667, time 2.00s
Val 27/150 9/43, Acc: 0.6000, time 2.02s
Val 27/150 10/43, Acc: 0.6364, time 1.94s
Val 27/150 11/43, Acc: 0.5833, time 2.07s
Val 27/150 12/43, Acc: 0.5385, time 1.96s
Val 27/150 13/43, Acc: 0.5000, time 2.09s
Val 27/150 14/43, Acc: 0.5333, time 2.10s
Val 27/150 15/43, Acc: 0.5625, time 2.17s
Val 27/150 16/43, Acc: 0.5882, time 2.06s
Val 27/150 17/43, Acc: 0.6111, time 1.95s
Val 27/150 18/43, Acc: 0.6316, time 2.11s
Val 27/150 19/43, Acc: 0.6000, time 1.98s
Val 27/150 20/43, Acc: 0.6190, time 2.08s
Val 27/150 21/43, Acc: 0.6364, time 2.12s
Val 27/150 22/43, Acc: 0.6087, time 2.07s
Val 27/150 23/43, Acc: 0.5833, time 2.08s
Val 27/150 24/43, Acc: 0.5600, time 2.01s
Val 27/150 25/43, Acc: 0.5769, time 2.05s
Val 27/150 26/43, Acc: 0.5926, time 1.98s
Val 27/150 27/43, Acc: 0.6071, time 2.05s
Val 27/150 28/43, Acc: 0.6207, time 2.03s
Val 27/150 29/43, Acc: 0.6000, time 1.97s
Val 27/150 30/43, Acc: 0.6129, time 1.99s
Val 27/150 31/43, Acc: 0.5938, time 2.05s
Val 27/150 32/43, Acc: 0.5758, time 2.05s
Val 27/150 33/43, Acc: 0.5882, time 1.96s
Val 27/150 34/43, Acc: 0.6000, time 2.03s
Val 27/150 35/43, Acc: 0.5833, time 2.07s
Val 27/150 36/43, Acc: 0.5946, time 2.04s
Val 27/150 37/43, Acc: 0.5789, time 2.06s
Val 27/150 38/43, Acc: 0.5897, time 1.99s
Val 27/150 39/43, Acc: 0.6000, time 2.07s
Val 27/150 40/43, Acc: 0.6098, time 2.04s
Val 27/150 41/43, Acc: 0.6190, time 2.02s
Val 27/150 42/43, Acc: 0.6279, time 2.12s
[Val epoch 27] avg_acc=0.6279 | per-class [c0: 0.529, c1: 1.000, c2: 0.529]
Final validation 27/149, Val_acc: 0.6279, time 87.61sAccuracy: 0.628
class                  precision    recall   specificity      f1   support
--------------------------------------------------------------------------
0                          0.900     0.529         0.962   0.667        17
1                          0.429     1.000         0.647   0.600         9
2                          0.750     0.529         0.885   0.621        17
*========================================*
Saving checkpoint outputs/OrganoidsINRIA/swinunetr/2025-11-03-09-58/model_final.pt
0 Mon Nov  3 12:42:05 2025 Epoch: 28
Epoch: 28/150 Iter: 0/28 loss: 2.8633 acc: 0.6111 time 14.58s
Epoch: 28/150 Iter: 1/28 loss: 3.4934 acc: 0.5556 time 11.05s
Epoch: 28/150 Iter: 2/28 loss: 2.7854 acc: 0.6481 time 10.99s
Epoch: 28/150 Iter: 3/28 loss: 2.9838 acc: 0.5694 time 11.18s
Epoch: 28/150 Iter: 4/28 loss: 2.6389 acc: 0.5667 time 11.20s
Epoch: 28/150 Iter: 5/28 loss: 2.4826 acc: 0.5556 time 13.01s
Epoch: 28/150 Iter: 6/28 loss: 2.8641 acc: 0.5476 time 11.04s
Epoch: 28/150 Iter: 7/28 loss: 3.1001 acc: 0.5417 time 11.07s
Epoch: 28/150 Iter: 8/28 loss: 2.8135 acc: 0.5926 time 10.97s
Epoch: 28/150 Iter: 9/28 loss: 2.7460 acc: 0.6222 time 11.05s
Epoch: 28/150 Iter: 10/28 loss: 2.6277 acc: 0.6452 time 13.06s
Epoch: 28/150 Iter: 11/28 loss: 2.6257 acc: 0.6609 time 11.29s
Epoch: 28/150 Iter: 12/28 loss: 2.8153 acc: 0.6656 time 10.96s
Epoch: 28/150 Iter: 13/28 loss: 2.8449 acc: 0.6379 time 10.96s
Epoch: 28/150 Iter: 14/28 loss: 2.7587 acc: 0.6620 time 10.92s
Epoch: 28/150 Iter: 15/28 loss: 2.6795 acc: 0.6832 time 10.91s
Epoch: 28/150 Iter: 16/28 loss: 2.6494 acc: 0.6953 time 12.95s
Epoch: 28/150 Iter: 17/28 loss: 2.9446 acc: 0.6983 time 10.91s
Epoch: 28/150 Iter: 18/28 loss: 2.9052 acc: 0.6966 time 11.13s
Epoch: 28/150 Iter: 19/28 loss: 2.9461 acc: 0.6868 time 10.98s
Epoch: 28/150 Iter: 20/28 loss: 2.9643 acc: 0.6858 time 10.99s
Epoch: 28/150 Iter: 21/28 loss: 2.8808 acc: 0.6926 time 13.02s
Epoch: 28/150 Iter: 22/28 loss: 2.8818 acc: 0.6721 time 11.05s
Epoch: 28/150 Iter: 23/28 loss: 2.9039 acc: 0.6580 time 13.02s
Epoch: 28/150 Iter: 24/28 loss: 2.9822 acc: 0.6472 time 10.98s
Epoch: 28/150 Iter: 25/28 loss: 2.9325 acc: 0.6544 time 10.94s
Epoch: 28/150 Iter: 26/28 loss: 2.8614 acc: 0.6672 time 11.01s
Epoch: 28/150 Iter: 27/28 loss: 2.7986 acc: 0.6791 time 10.96s
[Train epoch 28] avg_loss=2.7986 avg_acc=0.6791 | per-class [c0: 0.657, c1: 0.765, c2: 0.746]
Final training 28/149, loss: 2.7986, time 322.24s, lr: 0.000476
Accuracy: 0.714
class                  precision    recall   specificity      f1   support
--------------------------------------------------------------------------
0                          0.846     0.657         0.921   0.739        67
1                          0.565     0.765         0.851   0.650        34
2                          0.714     0.746         0.802   0.730        67
*----------------------------------------*
0 Mon Nov  3 12:47:27 2025 Epoch: 29
Epoch: 29/150 Iter: 0/28 loss: 0.9879 acc: 0.9167 time 15.11s
Epoch: 29/150 Iter: 1/28 loss: 1.6718 acc: 0.9028 time 11.29s
Epoch: 29/150 Iter: 2/28 loss: 1.4781 acc: 0.9352 time 11.00s
Epoch: 29/150 Iter: 3/28 loss: 1.5288 acc: 0.8472 time 10.95s
Epoch: 29/150 Iter: 4/28 loss: 1.9073 acc: 0.8111 time 13.00s
Epoch: 29/150 Iter: 5/28 loss: 1.7352 acc: 0.8426 time 13.03s
Epoch: 29/150 Iter: 6/28 loss: 1.9873 acc: 0.7937 time 12.96s
Epoch: 29/150 Iter: 7/28 loss: 2.2058 acc: 0.7847 time 11.17s
Epoch: 29/150 Iter: 8/28 loss: 2.2035 acc: 0.7778 time 11.07s
Epoch: 29/150 Iter: 9/28 loss: 2.2491 acc: 0.7833 time 10.97s
Epoch: 29/150 Iter: 10/28 loss: 2.2217 acc: 0.7677 time 11.02s
Epoch: 29/150 Iter: 11/28 loss: 2.1968 acc: 0.7500 time 11.18s
Epoch: 29/150 Iter: 12/28 loss: 2.2090 acc: 0.7564 time 11.02s
Epoch: 29/150 Iter: 13/28 loss: 2.2595 acc: 0.7460 time 10.95s
Epoch: 29/150 Iter: 14/28 loss: 2.2205 acc: 0.7556 time 13.06s
Epoch: 29/150 Iter: 15/28 loss: 2.2624 acc: 0.7604 time 10.96s
Epoch: 29/150 Iter: 16/28 loss: 2.2157 acc: 0.7614 time 11.03s
Epoch: 29/150 Iter: 17/28 loss: 2.1511 acc: 0.7747 time 10.95s
Epoch: 29/150 Iter: 18/28 loss: 2.1465 acc: 0.7515 time 10.97s
Epoch: 29/150 Iter: 19/28 loss: 2.4090 acc: 0.7333 time 13.08s
Epoch: 29/150 Iter: 20/28 loss: 2.5166 acc: 0.7175 time 10.96s
Epoch: 29/150 Iter: 21/28 loss: 2.5241 acc: 0.7076 time 10.95s
Epoch: 29/150 Iter: 22/28 loss: 2.4658 acc: 0.7203 time 13.09s
Epoch: 29/150 Iter: 23/28 loss: 2.4369 acc: 0.7273 time 10.93s
Epoch: 29/150 Iter: 24/28 loss: 2.4133 acc: 0.7349 time 10.96s
Epoch: 29/150 Iter: 25/28 loss: 2.3862 acc: 0.7162 time 13.00s
Epoch: 29/150 Iter: 26/28 loss: 2.3820 acc: 0.7226 time 10.93s
Epoch: 29/150 Iter: 27/28 loss: 2.3945 acc: 0.7087 time 12.97s
[Train epoch 29] avg_loss=2.3945 avg_acc=0.7087 | per-class [c0: 0.647, c1: 0.853, c2: 0.727]
Final training 29/149, loss: 2.3945, time 328.63s, lr: 0.000474
Accuracy: 0.720
class                  precision    recall   specificity      f1   support
--------------------------------------------------------------------------
0                          0.746     0.647         0.850   0.693        68
1                          0.644     0.853         0.881   0.734        34
2                          0.750     0.727         0.843   0.738        66
*----------------------------------------*
0 Mon Nov  3 12:52:56 2025 Epoch: 30
Epoch: 30/150 Iter: 0/28 loss: 3.0077 acc: 0.5000 time 15.25s
Epoch: 30/150 Iter: 1/28 loss: 3.7387 acc: 0.5278 time 13.01s
Epoch: 30/150 Iter: 2/28 loss: 3.2382 acc: 0.6296 time 13.17s
Epoch: 30/150 Iter: 3/28 loss: 2.8117 acc: 0.6389 time 11.10s
Epoch: 30/150 Iter: 4/28 loss: 2.9708 acc: 0.6444 time 13.07s
Epoch: 30/150 Iter: 5/28 loss: 2.9710 acc: 0.6481 time 11.04s
Epoch: 30/150 Iter: 6/28 loss: 3.0240 acc: 0.6508 time 10.94s
Epoch: 30/150 Iter: 7/28 loss: 2.7276 acc: 0.6944 time 11.35s
Epoch: 30/150 Iter: 8/28 loss: 2.6019 acc: 0.6728 time 11.04s
Epoch: 30/150 Iter: 9/28 loss: 2.7838 acc: 0.6639 time 11.07s
Epoch: 30/150 Iter: 10/28 loss: 2.7247 acc: 0.6566 time 13.29s
Epoch: 30/150 Iter: 11/28 loss: 2.6277 acc: 0.6759 time 11.04s
Epoch: 30/150 Iter: 12/28 loss: 2.6352 acc: 0.6923 time 11.00s
Epoch: 30/150 Iter: 13/28 loss: 2.7085 acc: 0.6810 time 10.98s
Epoch: 30/150 Iter: 14/28 loss: 2.5638 acc: 0.7022 time 11.14s
Epoch: 30/150 Iter: 15/28 loss: 2.6273 acc: 0.6792 time 10.97s
Epoch: 30/150 Iter: 16/28 loss: 2.5850 acc: 0.6549 time 10.97s
Epoch: 30/150 Iter: 17/28 loss: 2.5578 acc: 0.6648 time 12.99s
Epoch: 30/150 Iter: 18/28 loss: 2.5127 acc: 0.6766 time 11.18s
Epoch: 30/150 Iter: 19/28 loss: 2.4657 acc: 0.6761 time 11.01s
Epoch: 30/150 Iter: 20/28 loss: 2.4630 acc: 0.6598 time 10.97s
Epoch: 30/150 Iter: 21/28 loss: 2.5324 acc: 0.6626 time 11.18s
Epoch: 30/150 Iter: 22/28 loss: 2.8031 acc: 0.6483 time 10.97s
Epoch: 30/150 Iter: 23/28 loss: 2.7225 acc: 0.6630 time 12.96s
Epoch: 30/150 Iter: 24/28 loss: 2.6927 acc: 0.6531 time 10.97s
Epoch: 30/150 Iter: 25/28 loss: 2.6856 acc: 0.6424 time 11.14s
Epoch: 30/150 Iter: 26/28 loss: 2.6870 acc: 0.6495 time 10.97s
Epoch: 30/150 Iter: 27/28 loss: 2.6774 acc: 0.6486 time 11.15s
[Train epoch 30] avg_loss=2.6774 avg_acc=0.6486 | per-class [c0: 0.646, c1: 0.706, c2: 0.797]
Final training 30/149, loss: 2.6774, time 325.98s, lr: 0.000471
Accuracy: 0.720
class                  precision    recall   specificity      f1   support
--------------------------------------------------------------------------
0                          0.808     0.646         0.903   0.718        65
1                          0.649     0.706         0.903   0.676        34
2                          0.696     0.797         0.758   0.743        69
*----------------------------------------*
0 Mon Nov  3 12:58:22 2025 Epoch: 31
Epoch: 31/150 Iter: 0/28 loss: 4.6505 acc: 0.8333 time 14.74s
Epoch: 31/150 Iter: 1/28 loss: 3.3177 acc: 0.7500 time 11.04s
Epoch: 31/150 Iter: 2/28 loss: 4.6929 acc: 0.7037 time 11.01s
Epoch: 31/150 Iter: 3/28 loss: 4.5415 acc: 0.6944 time 11.03s
Epoch: 31/150 Iter: 4/28 loss: 3.9355 acc: 0.6089 time 10.98s
Epoch: 31/150 Iter: 5/28 loss: 3.7215 acc: 0.6000 time 13.22s
Epoch: 31/150 Iter: 6/28 loss: 3.8219 acc: 0.5857 time 11.07s
Epoch: 31/150 Iter: 7/28 loss: 3.9111 acc: 0.5125 time 11.00s
Epoch: 31/150 Iter: 8/28 loss: 3.6306 acc: 0.5574 time 11.00s
Epoch: 31/150 Iter: 9/28 loss: 3.7145 acc: 0.5461 time 11.01s
Epoch: 31/150 Iter: 10/28 loss: 3.5048 acc: 0.5773 time 10.98s
Epoch: 31/150 Iter: 11/28 loss: 3.2577 acc: 0.6125 time 11.04s
Epoch: 31/150 Iter: 12/28 loss: 3.1605 acc: 0.6167 time 10.98s
Epoch: 31/150 Iter: 13/28 loss: 3.3091 acc: 0.5964 time 10.95s
Epoch: 31/150 Iter: 14/28 loss: 3.3567 acc: 0.6067 time 10.96s
Epoch: 31/150 Iter: 15/28 loss: 3.2862 acc: 0.6104 time 10.95s
Epoch: 31/150 Iter: 16/28 loss: 3.2263 acc: 0.6113 time 10.96s
Epoch: 31/150 Iter: 17/28 loss: 3.1676 acc: 0.6051 time 10.97s
Epoch: 31/150 Iter: 18/28 loss: 3.0983 acc: 0.6113 time 12.96s
Epoch: 31/150 Iter: 19/28 loss: 2.9988 acc: 0.6099 time 10.98s
Epoch: 31/150 Iter: 20/28 loss: 2.9882 acc: 0.6205 time 10.96s
Epoch: 31/150 Iter: 21/28 loss: 3.0838 acc: 0.6277 time 10.95s
Epoch: 31/150 Iter: 22/28 loss: 3.0433 acc: 0.6318 time 10.95s
Epoch: 31/150 Iter: 23/28 loss: 2.9873 acc: 0.6332 time 10.96s
Epoch: 31/150 Iter: 24/28 loss: 2.9465 acc: 0.6346 time 10.96s
Epoch: 31/150 Iter: 25/28 loss: 2.9488 acc: 0.6262 time 10.99s
Epoch: 31/150 Iter: 26/28 loss: 2.9630 acc: 0.6174 time 10.92s
Epoch: 31/150 Iter: 27/28 loss: 2.9406 acc: 0.6203 time 10.95s
[Train epoch 31] avg_loss=2.9406 avg_acc=0.6203 | per-class [c0: 0.618, c1: 0.794, c2: 0.576]
Final training 31/149, loss: 2.9406, time 315.53s, lr: 0.000468
Accuracy: 0.637
class                  precision    recall   specificity      f1   support
--------------------------------------------------------------------------
0                          0.712     0.618         0.830   0.661        68
1                          0.540     0.794         0.828   0.643        34
2                          0.644     0.576         0.794   0.608        66
*----------------------------------------*
Val 31/150 0/43, Acc: 0.0000, time 2.10s
Val 31/150 1/43, Acc: 0.5000, time 1.97s
Val 31/150 2/43, Acc: 0.6667, time 1.96s
Val 31/150 3/43, Acc: 0.7500, time 2.03s
Val 31/150 4/43, Acc: 0.8000, time 1.97s
Val 31/150 5/43, Acc: 0.6667, time 1.96s
Val 31/150 6/43, Acc: 0.7143, time 2.10s
Val 31/150 7/43, Acc: 0.6250, time 2.07s
Val 31/150 8/43, Acc: 0.6667, time 2.02s
Val 31/150 9/43, Acc: 0.7000, time 2.03s
Val 31/150 10/43, Acc: 0.7273, time 1.97s
Val 31/150 11/43, Acc: 0.7500, time 2.09s
Val 31/150 12/43, Acc: 0.6923, time 2.00s
Val 31/150 13/43, Acc: 0.6429, time 2.10s
Val 31/150 14/43, Acc: 0.6667, time 2.12s
Val 31/150 15/43, Acc: 0.6875, time 2.19s
Val 31/150 16/43, Acc: 0.7059, time 2.07s
Val 31/150 17/43, Acc: 0.7222, time 1.98s
Val 31/150 18/43, Acc: 0.7368, time 2.11s
Val 31/150 19/43, Acc: 0.7000, time 1.97s
Val 31/150 20/43, Acc: 0.7143, time 2.08s
Val 31/150 21/43, Acc: 0.7273, time 2.12s
Val 31/150 22/43, Acc: 0.6957, time 2.07s
Val 31/150 23/43, Acc: 0.6667, time 2.07s
Val 31/150 24/43, Acc: 0.6800, time 2.01s
Val 31/150 25/43, Acc: 0.6923, time 2.05s
Val 31/150 26/43, Acc: 0.7037, time 1.95s
Val 31/150 27/43, Acc: 0.7143, time 2.04s
Val 31/150 28/43, Acc: 0.7241, time 2.02s
Val 31/150 29/43, Acc: 0.7000, time 1.95s
Val 31/150 30/43, Acc: 0.7097, time 1.96s
Val 31/150 31/43, Acc: 0.6875, time 2.05s
Val 31/150 32/43, Acc: 0.6667, time 2.05s
Val 31/150 33/43, Acc: 0.6765, time 1.97s
Val 31/150 34/43, Acc: 0.6857, time 2.03s
Val 31/150 35/43, Acc: 0.6667, time 2.06s
Val 31/150 36/43, Acc: 0.6757, time 2.04s
Val 31/150 37/43, Acc: 0.6579, time 2.07s
Val 31/150 38/43, Acc: 0.6667, time 1.96s
Val 31/150 39/43, Acc: 0.6750, time 2.06s
Val 31/150 40/43, Acc: 0.6829, time 2.04s
Val 31/150 41/43, Acc: 0.6905, time 2.02s
Val 31/150 42/43, Acc: 0.6977, time 2.12s
[Val epoch 31] avg_acc=0.6977 | per-class [c0: 0.588, c1: 1.000, c2: 0.647]
Final validation 31/149, Val_acc: 0.6977, time 87.62sAccuracy: 0.698
class                  precision    recall   specificity      f1   support
--------------------------------------------------------------------------
0                          0.909     0.588         0.962   0.714        17
1                          0.474     1.000         0.706   0.643         9
2                          0.846     0.647         0.923   0.733        17
*========================================*
Saving checkpoint outputs/OrganoidsINRIA/swinunetr/2025-11-03-09-58/model_final.pt
0 Mon Nov  3 13:05:11 2025 Epoch: 32
Epoch: 32/150 Iter: 0/28 loss: 1.9926 acc: 0.8889 time 15.76s
Epoch: 32/150 Iter: 1/28 loss: 2.1659 acc: 0.8333 time 11.02s
Epoch: 32/150 Iter: 2/28 loss: 2.0555 acc: 0.8519 time 11.01s
Epoch: 32/150 Iter: 3/28 loss: 2.2522 acc: 0.8472 time 13.06s
Epoch: 32/150 Iter: 4/28 loss: 2.5553 acc: 0.7333 time 13.05s
Epoch: 32/150 Iter: 5/28 loss: 2.7944 acc: 0.6806 time 11.07s
Epoch: 32/150 Iter: 6/28 loss: 2.5570 acc: 0.7262 time 10.97s
Epoch: 32/150 Iter: 7/28 loss: 2.5376 acc: 0.7396 time 11.09s
Epoch: 32/150 Iter: 8/28 loss: 2.5025 acc: 0.7500 time 10.99s
Epoch: 32/150 Iter: 9/28 loss: 3.1029 acc: 0.7083 time 13.21s
Epoch: 32/150 Iter: 10/28 loss: 3.1838 acc: 0.7197 time 11.33s
Epoch: 32/150 Iter: 11/28 loss: 3.2464 acc: 0.6875 time 11.27s
Epoch: 32/150 Iter: 12/28 loss: 3.3981 acc: 0.6859 time 11.01s
Epoch: 32/150 Iter: 13/28 loss: 3.2797 acc: 0.6845 time 12.98s
Epoch: 32/150 Iter: 14/28 loss: 3.2232 acc: 0.6944 time 11.12s
Epoch: 32/150 Iter: 15/28 loss: 3.1245 acc: 0.6927 time 10.97s
Epoch: 32/150 Iter: 16/28 loss: 3.0584 acc: 0.6944 time 10.92s
Epoch: 32/150 Iter: 17/28 loss: 3.0202 acc: 0.7052 time 13.02s
Epoch: 32/150 Iter: 18/28 loss: 3.0575 acc: 0.7003 time 10.95s
Epoch: 32/150 Iter: 19/28 loss: 2.9736 acc: 0.7028 time 11.03s
Epoch: 32/150 Iter: 20/28 loss: 3.0386 acc: 0.6812 time 11.19s
Epoch: 32/150 Iter: 21/28 loss: 2.9790 acc: 0.6806 time 13.03s
Epoch: 32/150 Iter: 22/28 loss: 2.9305 acc: 0.6901 time 10.94s
Epoch: 32/150 Iter: 23/28 loss: 2.8525 acc: 0.6984 time 10.95s
Epoch: 32/150 Iter: 24/28 loss: 2.8640 acc: 0.7038 time 11.08s
Epoch: 32/150 Iter: 25/28 loss: 2.8098 acc: 0.7088 time 13.10s
Epoch: 32/150 Iter: 26/28 loss: 2.7554 acc: 0.7195 time 11.08s
Epoch: 32/150 Iter: 27/28 loss: 2.7915 acc: 0.7010 time 11.02s
[Train epoch 32] avg_loss=2.7915 avg_acc=0.7010 | per-class [c0: 0.647, c1: 0.848, c2: 0.716]
Final training 32/149, loss: 2.7915, time 328.27s, lr: 0.000466
Accuracy: 0.714
class                  precision    recall   specificity      f1   support
--------------------------------------------------------------------------
0                          0.830     0.647         0.910   0.727        68
1                          0.560     0.848         0.837   0.675        33
2                          0.738     0.716         0.832   0.727        67
*----------------------------------------*
0 Mon Nov  3 13:10:39 2025 Epoch: 33
Epoch: 33/150 Iter: 0/28 loss: 1.3807 acc: 0.9167 time 15.46s
Epoch: 33/150 Iter: 1/28 loss: 1.3594 acc: 0.8958 time 10.98s
Epoch: 33/150 Iter: 2/28 loss: 1.6690 acc: 0.7972 time 11.01s
Epoch: 33/150 Iter: 3/28 loss: 2.4070 acc: 0.7229 time 11.05s
Epoch: 33/150 Iter: 4/28 loss: 2.0671 acc: 0.7450 time 11.17s
Epoch: 33/150 Iter: 5/28 loss: 2.2374 acc: 0.6671 time 11.08s
Epoch: 33/150 Iter: 6/28 loss: 2.3268 acc: 0.5909 time 10.99s
Epoch: 33/150 Iter: 7/28 loss: 2.3151 acc: 0.5865 time 11.00s
Epoch: 33/150 Iter: 8/28 loss: 2.2654 acc: 0.5954 time 11.00s
Epoch: 33/150 Iter: 9/28 loss: 2.1785 acc: 0.5858 time 11.03s
Epoch: 33/150 Iter: 10/28 loss: 2.1866 acc: 0.6008 time 10.95s
Epoch: 33/150 Iter: 11/28 loss: 2.0573 acc: 0.6340 time 13.18s
Epoch: 33/150 Iter: 12/28 loss: 2.0616 acc: 0.6365 time 10.94s
Epoch: 33/150 Iter: 13/28 loss: 2.0422 acc: 0.6327 time 11.14s
Epoch: 33/150 Iter: 14/28 loss: 2.0814 acc: 0.6350 time 10.96s
Epoch: 33/150 Iter: 15/28 loss: 2.0134 acc: 0.6578 time 12.95s
Epoch: 33/150 Iter: 16/28 loss: 2.1932 acc: 0.6534 time 11.10s
Epoch: 33/150 Iter: 17/28 loss: 2.2178 acc: 0.6511 time 13.01s
Epoch: 33/150 Iter: 18/28 loss: 2.1910 acc: 0.6694 time 13.04s
Epoch: 33/150 Iter: 19/28 loss: 2.1630 acc: 0.6776 time 11.01s
Epoch: 33/150 Iter: 20/28 loss: 2.4422 acc: 0.6560 time 11.05s
Epoch: 33/150 Iter: 21/28 loss: 2.4175 acc: 0.6615 time 11.00s
Epoch: 33/150 Iter: 22/28 loss: 2.5442 acc: 0.6521 time 10.97s
Epoch: 33/150 Iter: 23/28 loss: 2.5324 acc: 0.6411 time 10.95s
Epoch: 33/150 Iter: 24/28 loss: 2.5638 acc: 0.6443 time 11.21s
Epoch: 33/150 Iter: 25/28 loss: 2.5437 acc: 0.6356 time 13.24s
Epoch: 33/150 Iter: 26/28 loss: 2.5699 acc: 0.6367 time 11.02s
Epoch: 33/150 Iter: 27/28 loss: 2.5301 acc: 0.6426 time 11.02s
[Train epoch 33] avg_loss=2.5301 avg_acc=0.6426 | per-class [c0: 0.623, c1: 0.750, c2: 0.687]
Final training 33/149, loss: 2.5301, time 323.55s, lr: 0.000463
Accuracy: 0.673
class                  precision    recall   specificity      f1   support
--------------------------------------------------------------------------
0                          0.768     0.623         0.869   0.688        69
1                          0.545     0.750         0.853   0.632        32
2                          0.676     0.687         0.782   0.681        67
*----------------------------------------*
0 Mon Nov  3 13:16:02 2025 Epoch: 34
Epoch: 34/150 Iter: 0/28 loss: 1.0123 acc: 1.0000 time 15.87s
Epoch: 34/150 Iter: 1/28 loss: 2.0817 acc: 0.9167 time 10.99s
Epoch: 34/150 Iter: 2/28 loss: 2.1592 acc: 0.8148 time 11.35s
Epoch: 34/150 Iter: 3/28 loss: 2.1103 acc: 0.7500 time 11.01s
Epoch: 34/150 Iter: 4/28 loss: 1.8725 acc: 0.7778 time 11.18s
Epoch: 34/150 Iter: 5/28 loss: 1.8006 acc: 0.7940 time 11.03s
Epoch: 34/150 Iter: 6/28 loss: 1.7032 acc: 0.8234 time 11.36s
Epoch: 34/150 Iter: 7/28 loss: 2.4435 acc: 0.7344 time 11.24s
Epoch: 34/150 Iter: 8/28 loss: 2.2093 acc: 0.7639 time 11.03s
Epoch: 34/150 Iter: 9/28 loss: 2.2599 acc: 0.7653 time 13.11s
Epoch: 34/150 Iter: 10/28 loss: 2.2291 acc: 0.7765 time 10.94s
Epoch: 34/150 Iter: 11/28 loss: 2.2825 acc: 0.7813 time 11.25s
Epoch: 34/150 Iter: 12/28 loss: 2.6322 acc: 0.7596 time 11.04s
Epoch: 34/150 Iter: 13/28 loss: 2.5643 acc: 0.7351 time 10.98s
Epoch: 34/150 Iter: 14/28 loss: 2.7367 acc: 0.7194 time 10.98s
Epoch: 34/150 Iter: 15/28 loss: 2.7122 acc: 0.7214 time 11.02s
Epoch: 34/150 Iter: 16/28 loss: 2.6751 acc: 0.7181 time 11.03s
Epoch: 34/150 Iter: 17/28 loss: 2.7301 acc: 0.7029 time 10.95s
Epoch: 34/150 Iter: 18/28 loss: 2.7986 acc: 0.6864 time 13.19s
Epoch: 34/150 Iter: 19/28 loss: 2.7591 acc: 0.6965 time 10.95s
Epoch: 34/150 Iter: 20/28 loss: 2.7794 acc: 0.6951 time 11.10s
Epoch: 34/150 Iter: 21/28 loss: 2.7991 acc: 0.6989 time 12.99s
Epoch: 34/150 Iter: 22/28 loss: 2.7375 acc: 0.7011 time 10.93s
Epoch: 34/150 Iter: 23/28 loss: 2.7373 acc: 0.6950 time 11.05s
Epoch: 34/150 Iter: 24/28 loss: 2.7175 acc: 0.6972 time 11.04s
Epoch: 34/150 Iter: 25/28 loss: 2.7062 acc: 0.6939 time 11.07s
Epoch: 34/150 Iter: 26/28 loss: 2.6597 acc: 0.6991 time 11.16s
Epoch: 34/150 Iter: 27/28 loss: 2.6395 acc: 0.7039 time 10.96s
[Train epoch 34] avg_loss=2.6395 avg_acc=0.7039 | per-class [c0: 0.682, c1: 0.824, c2: 0.691]
Final training 34/149, loss: 2.6395, time 320.86s, lr: 0.000460
Accuracy: 0.714
class                  precision    recall   specificity      f1   support
--------------------------------------------------------------------------
0                          0.738     0.682         0.843   0.709        66
1                          0.651     0.824         0.888   0.727        34
2                          0.734     0.691         0.830   0.712        68
*----------------------------------------*
0 Mon Nov  3 13:21:23 2025 Epoch: 35
Epoch: 35/150 Iter: 0/28 loss: 2.6338 acc: 0.6667 time 14.91s
Epoch: 35/150 Iter: 1/28 loss: 1.9843 acc: 0.8333 time 10.99s
Epoch: 35/150 Iter: 2/28 loss: 1.7997 acc: 0.8889 time 11.03s
Epoch: 35/150 Iter: 3/28 loss: 1.8983 acc: 0.7500 time 10.98s
Epoch: 35/150 Iter: 4/28 loss: 1.6988 acc: 0.6667 time 11.22s
Epoch: 35/150 Iter: 5/28 loss: 1.9452 acc: 0.6574 time 11.18s
Epoch: 35/150 Iter: 6/28 loss: 2.1031 acc: 0.6587 time 11.04s
Epoch: 35/150 Iter: 7/28 loss: 2.4547 acc: 0.5972 time 11.02s
Epoch: 35/150 Iter: 8/28 loss: 2.3558 acc: 0.6049 time 11.02s
Epoch: 35/150 Iter: 9/28 loss: 2.5378 acc: 0.5578 time 11.05s
Epoch: 35/150 Iter: 10/28 loss: 2.3926 acc: 0.5980 time 10.98s
Epoch: 35/150 Iter: 11/28 loss: 2.3587 acc: 0.6176 time 11.30s
Epoch: 35/150 Iter: 12/28 loss: 2.4239 acc: 0.6128 time 11.05s
Epoch: 35/150 Iter: 13/28 loss: 2.6391 acc: 0.6286 time 10.94s
Epoch: 35/150 Iter: 14/28 loss: 2.7269 acc: 0.5978 time 10.97s
Epoch: 35/150 Iter: 15/28 loss: 2.6688 acc: 0.6125 time 13.00s
Epoch: 35/150 Iter: 16/28 loss: 2.6381 acc: 0.6108 time 10.93s
Epoch: 35/150 Iter: 17/28 loss: 2.6776 acc: 0.6231 time 10.97s
Epoch: 35/150 Iter: 18/28 loss: 2.8276 acc: 0.6254 time 11.01s
Epoch: 35/150 Iter: 19/28 loss: 2.9755 acc: 0.6247 time 13.12s
Epoch: 35/150 Iter: 20/28 loss: 2.9996 acc: 0.6241 time 11.19s
Epoch: 35/150 Iter: 21/28 loss: 2.8803 acc: 0.6412 time 10.95s
Epoch: 35/150 Iter: 22/28 loss: 2.8165 acc: 0.6471 time 13.00s
Epoch: 35/150 Iter: 23/28 loss: 2.7548 acc: 0.6387 time 11.08s
Epoch: 35/150 Iter: 24/28 loss: 2.7343 acc: 0.6398 time 10.92s
Epoch: 35/150 Iter: 25/28 loss: 2.7230 acc: 0.6408 time 13.31s
Epoch: 35/150 Iter: 26/28 loss: 2.6552 acc: 0.6541 time 10.90s
Epoch: 35/150 Iter: 27/28 loss: 2.6533 acc: 0.6456 time 10.97s
[Train epoch 35] avg_loss=2.6533 avg_acc=0.6456 | per-class [c0: 0.588, c1: 0.794, c2: 0.788]
Final training 35/149, loss: 2.6533, time 321.05s, lr: 0.000457
Accuracy: 0.708
class                  precision    recall   specificity      f1   support
--------------------------------------------------------------------------
0                          0.800     0.588         0.900   0.678        68
1                          0.551     0.794         0.836   0.651        34
2                          0.754     0.788         0.833   0.770        66
*----------------------------------------*
Val 35/150 0/43, Acc: 0.0000, time 2.11s
Val 35/150 1/43, Acc: 0.5000, time 2.00s
Val 35/150 2/43, Acc: 0.6667, time 1.98s
Val 35/150 3/43, Acc: 0.7500, time 2.04s
Val 35/150 4/43, Acc: 0.8000, time 1.99s
Val 35/150 5/43, Acc: 0.6667, time 1.96s
Val 35/150 6/43, Acc: 0.7143, time 2.13s
Val 35/150 7/43, Acc: 0.7500, time 2.09s
Val 35/150 8/43, Acc: 0.7778, time 2.02s
Val 35/150 9/43, Acc: 0.8000, time 2.02s
Val 35/150 10/43, Acc: 0.8182, time 1.94s
Val 35/150 11/43, Acc: 0.7500, time 2.10s
Val 35/150 12/43, Acc: 0.6923, time 2.00s
Val 35/150 13/43, Acc: 0.6429, time 2.12s
Val 35/150 14/43, Acc: 0.6667, time 2.13s
Val 35/150 15/43, Acc: 0.6875, time 2.21s
Val 35/150 16/43, Acc: 0.6471, time 2.05s
Val 35/150 17/43, Acc: 0.6667, time 1.95s
Val 35/150 18/43, Acc: 0.6842, time 2.15s
Val 35/150 19/43, Acc: 0.7000, time 1.95s
Val 35/150 20/43, Acc: 0.7143, time 2.10s
Val 35/150 21/43, Acc: 0.7273, time 2.16s
Val 35/150 22/43, Acc: 0.6957, time 2.10s
Val 35/150 23/43, Acc: 0.6667, time 2.11s
Val 35/150 24/43, Acc: 0.6800, time 2.03s
Val 35/150 25/43, Acc: 0.6923, time 2.09s
Val 35/150 26/43, Acc: 0.7037, time 1.99s
Val 35/150 27/43, Acc: 0.7143, time 2.07s
Val 35/150 28/43, Acc: 0.7241, time 2.05s
Val 35/150 29/43, Acc: 0.7333, time 1.95s
Val 35/150 30/43, Acc: 0.7097, time 1.97s
Val 35/150 31/43, Acc: 0.7188, time 2.07s
Val 35/150 32/43, Acc: 0.7273, time 2.07s
Val 35/150 33/43, Acc: 0.7353, time 1.97s
Val 35/150 34/43, Acc: 0.7429, time 2.06s
Val 35/150 35/43, Acc: 0.7500, time 2.09s
Val 35/150 36/43, Acc: 0.7568, time 2.06s
Val 35/150 37/43, Acc: 0.7368, time 2.09s
Val 35/150 38/43, Acc: 0.7436, time 1.98s
Val 35/150 39/43, Acc: 0.7500, time 2.07s
Val 35/150 40/43, Acc: 0.7561, time 2.07s
Val 35/150 41/43, Acc: 0.7619, time 2.05s
Val 35/150 42/43, Acc: 0.7674, time 2.11s
[Val epoch 35] avg_acc=0.7674 | per-class [c0: 0.529, c1: 0.889, c2: 0.941]
Final validation 35/149, Val_acc: 0.7674, time 88.24sAccuracy: 0.767
class                  precision    recall   specificity      f1   support
--------------------------------------------------------------------------
0                          1.000     0.529         1.000   0.692        17
1                          0.667     0.889         0.882   0.762         9
2                          0.727     0.941         0.769   0.821        17
*========================================*
Saving checkpoint outputs/OrganoidsINRIA/swinunetr/2025-11-03-09-58/model_final.pt
0 Mon Nov  3 13:28:17 2025 Epoch: 36
Epoch: 36/150 Iter: 0/28 loss: 3.0514 acc: 0.6667 time 15.02s
Epoch: 36/150 Iter: 1/28 loss: 2.1019 acc: 0.7500 time 11.15s
Epoch: 36/150 Iter: 2/28 loss: 2.8572 acc: 0.6944 time 13.11s
Epoch: 36/150 Iter: 3/28 loss: 2.6169 acc: 0.7292 time 11.08s
Epoch: 36/150 Iter: 4/28 loss: 2.4059 acc: 0.6500 time 13.08s
Epoch: 36/150 Iter: 5/28 loss: 2.5352 acc: 0.6306 time 11.18s
Epoch: 36/150 Iter: 6/28 loss: 2.2855 acc: 0.6833 time 11.02s
Epoch: 36/150 Iter: 7/28 loss: 2.1096 acc: 0.7229 time 11.06s
Epoch: 36/150 Iter: 8/28 loss: 2.1852 acc: 0.6981 time 11.08s
Epoch: 36/150 Iter: 9/28 loss: 2.2325 acc: 0.6672 time 11.19s
Epoch: 36/150 Iter: 10/28 loss: 2.1560 acc: 0.6874 time 11.06s
Epoch: 36/150 Iter: 11/28 loss: 2.2440 acc: 0.6690 time 11.32s
Epoch: 36/150 Iter: 12/28 loss: 2.3711 acc: 0.6603 time 10.97s
Epoch: 36/150 Iter: 13/28 loss: 2.3164 acc: 0.6528 time 10.98s
Epoch: 36/150 Iter: 14/28 loss: 2.3393 acc: 0.6463 time 10.94s
Epoch: 36/150 Iter: 15/28 loss: 2.2824 acc: 0.6615 time 10.98s
Epoch: 36/150 Iter: 16/28 loss: 2.2163 acc: 0.6716 time 13.03s
Epoch: 36/150 Iter: 17/28 loss: 2.1667 acc: 0.6806 time 10.95s
Epoch: 36/150 Iter: 18/28 loss: 2.0963 acc: 0.6974 time 11.03s
Epoch: 36/150 Iter: 19/28 loss: 2.1353 acc: 0.6847 time 13.01s
Epoch: 36/150 Iter: 20/28 loss: 2.2043 acc: 0.6759 time 11.16s
Epoch: 36/150 Iter: 21/28 loss: 2.1581 acc: 0.6907 time 10.91s
Epoch: 36/150 Iter: 22/28 loss: 2.2263 acc: 0.6780 time 13.04s
Epoch: 36/150 Iter: 23/28 loss: 2.1629 acc: 0.6914 time 11.01s
Epoch: 36/150 Iter: 24/28 loss: 2.1595 acc: 0.6949 time 10.97s
Epoch: 36/150 Iter: 25/28 loss: 2.1880 acc: 0.6970 time 10.98s
Epoch: 36/150 Iter: 26/28 loss: 2.2185 acc: 0.6835 time 10.97s
Epoch: 36/150 Iter: 27/28 loss: 2.2014 acc: 0.6800 time 10.98s
[Train epoch 36] avg_loss=2.2014 avg_acc=0.6800 | per-class [c0: 0.642, c1: 0.765, c2: 0.761]
Final training 36/149, loss: 2.2014, time 323.31s, lr: 0.000454
Accuracy: 0.714
class                  precision    recall   specificity      f1   support
--------------------------------------------------------------------------
0                          0.768     0.642         0.871   0.699        67
1                          0.650     0.765         0.896   0.703        34
2                          0.708     0.761         0.792   0.734        67
*----------------------------------------*
0 Mon Nov  3 13:33:41 2025 Epoch: 37
Epoch: 37/150 Iter: 0/28 loss: 2.5633 acc: 0.8333 time 14.26s
Epoch: 37/150 Iter: 1/28 loss: 2.1677 acc: 0.6667 time 11.05s
Epoch: 37/150 Iter: 2/28 loss: 2.2141 acc: 0.7222 time 10.95s
Epoch: 37/150 Iter: 3/28 loss: 1.9593 acc: 0.7639 time 11.00s
Epoch: 37/150 Iter: 4/28 loss: 2.6676 acc: 0.6378 time 11.02s
Epoch: 37/150 Iter: 5/28 loss: 2.7649 acc: 0.6241 time 11.19s
Epoch: 37/150 Iter: 6/28 loss: 2.6019 acc: 0.6659 time 10.99s
Epoch: 37/150 Iter: 7/28 loss: 2.4494 acc: 0.7076 time 10.98s
Epoch: 37/150 Iter: 8/28 loss: 3.8493 acc: 0.6784 time 13.21s
Epoch: 37/150 Iter: 9/28 loss: 3.6369 acc: 0.6939 time 13.10s
Epoch: 37/150 Iter: 10/28 loss: 3.4565 acc: 0.6793 time 11.18s
Epoch: 37/150 Iter: 11/28 loss: 3.3716 acc: 0.6875 time 10.99s
Epoch: 37/150 Iter: 12/28 loss: 3.2843 acc: 0.6987 time 10.96s
Epoch: 37/150 Iter: 13/28 loss: 3.2403 acc: 0.6806 time 11.19s
Epoch: 37/150 Iter: 14/28 loss: 3.1849 acc: 0.6574 time 10.95s
Epoch: 37/150 Iter: 15/28 loss: 3.0670 acc: 0.6736 time 10.98s
Epoch: 37/150 Iter: 16/28 loss: 3.4282 acc: 0.6732 time 10.91s
Epoch: 37/150 Iter: 17/28 loss: 3.5781 acc: 0.6867 time 11.06s
Epoch: 37/150 Iter: 18/28 loss: 3.4491 acc: 0.6944 time 11.11s
Epoch: 37/150 Iter: 19/28 loss: 3.4832 acc: 0.6847 time 10.98s
Epoch: 37/150 Iter: 20/28 loss: 3.3857 acc: 0.6892 time 10.99s
Epoch: 37/150 Iter: 21/28 loss: 3.3276 acc: 0.6831 time 12.98s
Epoch: 37/150 Iter: 22/28 loss: 3.2779 acc: 0.6896 time 12.99s
Epoch: 37/150 Iter: 23/28 loss: 3.2052 acc: 0.6956 time 10.94s
Epoch: 37/150 Iter: 24/28 loss: 3.2598 acc: 0.6967 time 11.04s
Epoch: 37/150 Iter: 25/28 loss: 3.1866 acc: 0.7019 time 11.00s
Epoch: 37/150 Iter: 26/28 loss: 3.2333 acc: 0.6914 time 10.97s
Epoch: 37/150 Iter: 27/28 loss: 3.2324 acc: 0.6825 time 13.03s
[Train epoch 37] avg_loss=3.2324 avg_acc=0.6825 | per-class [c0: 0.642, c1: 0.794, c2: 0.701]
Final training 37/149, loss: 3.2324, time 322.07s, lr: 0.000450
Accuracy: 0.696
class                  precision    recall   specificity      f1   support
--------------------------------------------------------------------------
0                          0.796     0.642         0.891   0.711        67
1                          0.574     0.794         0.851   0.667        34
2                          0.701     0.701         0.802   0.701        67
*----------------------------------------*
0 Mon Nov  3 13:39:03 2025 Epoch: 38
Epoch: 38/150 Iter: 0/28 loss: 4.5648 acc: 0.5556 time 15.67s
Epoch: 38/150 Iter: 1/28 loss: 4.0368 acc: 0.3778 time 10.98s
Epoch: 38/150 Iter: 2/28 loss: 3.1320 acc: 0.5852 time 10.95s
Epoch: 38/150 Iter: 3/28 loss: 2.5548 acc: 0.6889 time 11.00s
Epoch: 38/150 Iter: 4/28 loss: 2.8365 acc: 0.6844 time 10.99s
Epoch: 38/150 Iter: 5/28 loss: 2.5644 acc: 0.7370 time 11.00s
Epoch: 38/150 Iter: 6/28 loss: 2.4712 acc: 0.6952 time 11.06s
Epoch: 38/150 Iter: 7/28 loss: 2.3407 acc: 0.7125 time 11.07s
Epoch: 38/150 Iter: 8/28 loss: 2.3882 acc: 0.7136 time 11.08s
Epoch: 38/150 Iter: 9/28 loss: 2.3343 acc: 0.6922 time 11.05s
Epoch: 38/150 Iter: 10/28 loss: 2.3571 acc: 0.6634 time 13.01s
Epoch: 38/150 Iter: 11/28 loss: 2.5421 acc: 0.6590 time 11.00s
Epoch: 38/150 Iter: 12/28 loss: 2.4263 acc: 0.6724 time 11.19s
Epoch: 38/150 Iter: 13/28 loss: 2.6706 acc: 0.6482 time 10.97s
Epoch: 38/150 Iter: 14/28 loss: 2.6096 acc: 0.6661 time 11.00s
Epoch: 38/150 Iter: 15/28 loss: 2.6123 acc: 0.6536 time 10.98s
Epoch: 38/150 Iter: 16/28 loss: 2.5692 acc: 0.6309 time 11.18s
Epoch: 38/150 Iter: 17/28 loss: 2.4969 acc: 0.6444 time 10.97s
Epoch: 38/150 Iter: 18/28 loss: 2.4826 acc: 0.6427 time 10.89s
Epoch: 38/150 Iter: 19/28 loss: 2.4949 acc: 0.6356 time 13.04s
Epoch: 38/150 Iter: 20/28 loss: 2.4942 acc: 0.6410 time 11.00s
Epoch: 38/150 Iter: 21/28 loss: 2.4828 acc: 0.6497 time 10.95s
Epoch: 38/150 Iter: 22/28 loss: 2.4357 acc: 0.6505 time 10.99s
Epoch: 38/150 Iter: 23/28 loss: 2.3989 acc: 0.6465 time 10.96s
Epoch: 38/150 Iter: 24/28 loss: 2.5483 acc: 0.6296 time 10.98s
Epoch: 38/150 Iter: 25/28 loss: 2.5774 acc: 0.6246 time 10.93s
Epoch: 38/150 Iter: 26/28 loss: 2.6089 acc: 0.6261 time 11.01s
Epoch: 38/150 Iter: 27/28 loss: 2.6464 acc: 0.6204 time 13.00s
[Train epoch 38] avg_loss=2.6464 avg_acc=0.6204 | per-class [c0: 0.642, c1: 0.727, c2: 0.662]
Final training 38/149, loss: 2.6464, time 318.93s, lr: 0.000447
Accuracy: 0.667
class                  precision    recall   specificity      f1   support
--------------------------------------------------------------------------
0                          0.754     0.642         0.861   0.694        67
1                          0.533     0.727         0.844   0.615        33
2                          0.682     0.662         0.790   0.672        68
*----------------------------------------*
0 Mon Nov  3 13:44:22 2025 Epoch: 39
Epoch: 39/150 Iter: 0/28 loss: 2.2566 acc: 0.4167 time 15.30s
Epoch: 39/150 Iter: 1/28 loss: 2.0870 acc: 0.5417 time 11.00s
Epoch: 39/150 Iter: 2/28 loss: 2.1338 acc: 0.5278 time 11.06s
Epoch: 39/150 Iter: 3/28 loss: 1.9504 acc: 0.6042 time 11.37s
Epoch: 39/150 Iter: 4/28 loss: 1.9803 acc: 0.6000 time 11.00s
Epoch: 39/150 Iter: 5/28 loss: 2.7120 acc: 0.5111 time 10.95s
Epoch: 39/150 Iter: 6/28 loss: 2.7989 acc: 0.5571 time 11.24s
Epoch: 39/150 Iter: 7/28 loss: 2.5978 acc: 0.5986 time 11.02s
Epoch: 39/150 Iter: 8/28 loss: 2.9227 acc: 0.5938 time 11.02s
Epoch: 39/150 Iter: 9/28 loss: 2.7158 acc: 0.6094 time 11.00s
Epoch: 39/150 Iter: 10/28 loss: 2.5877 acc: 0.5995 time 11.00s
Epoch: 39/150 Iter: 11/28 loss: 2.5969 acc: 0.6051 time 11.02s
Epoch: 39/150 Iter: 12/28 loss: 2.6200 acc: 0.6098 time 10.95s
Epoch: 39/150 Iter: 13/28 loss: 2.5916 acc: 0.6139 time 10.95s
Epoch: 39/150 Iter: 14/28 loss: 2.6203 acc: 0.6026 time 10.95s
Epoch: 39/150 Iter: 15/28 loss: 2.5921 acc: 0.5962 time 11.10s
Epoch: 39/150 Iter: 16/28 loss: 2.5357 acc: 0.6126 time 10.96s
Epoch: 39/150 Iter: 17/28 loss: 2.4760 acc: 0.6248 time 10.95s
Epoch: 39/150 Iter: 18/28 loss: 2.5169 acc: 0.6095 time 10.92s
Epoch: 39/150 Iter: 19/28 loss: 2.4650 acc: 0.6235 time 10.95s
Epoch: 39/150 Iter: 20/28 loss: 2.4575 acc: 0.6335 time 13.19s
Epoch: 39/150 Iter: 21/28 loss: 2.4527 acc: 0.6426 time 11.10s
Epoch: 39/150 Iter: 22/28 loss: 2.4328 acc: 0.6533 time 10.96s
Epoch: 39/150 Iter: 23/28 loss: 2.3753 acc: 0.6631 time 11.14s
Epoch: 39/150 Iter: 24/28 loss: 2.3847 acc: 0.6543 time 10.96s
Epoch: 39/150 Iter: 25/28 loss: 2.3653 acc: 0.6612 time 10.95s
Epoch: 39/150 Iter: 26/28 loss: 2.3148 acc: 0.6707 time 12.96s
Epoch: 39/150 Iter: 27/28 loss: 2.2483 acc: 0.6824 time 10.97s
[Train epoch 39] avg_loss=2.2483 avg_acc=0.6824 | per-class [c0: 0.687, c1: 0.727, c2: 0.779]
Final training 39/149, loss: 2.2483, time 316.99s, lr: 0.000443
Accuracy: 0.732
class                  precision    recall   specificity      f1   support
--------------------------------------------------------------------------
0                          0.821     0.687         0.901   0.748        67
1                          0.600     0.727         0.881   0.658        33
2                          0.736     0.779         0.810   0.757        68
*----------------------------------------*
Val 39/150 0/43, Acc: 0.0000, time 2.09s
Val 39/150 1/43, Acc: 0.5000, time 1.99s
Val 39/150 2/43, Acc: 0.6667, time 1.96s
Val 39/150 3/43, Acc: 0.7500, time 2.03s
Val 39/150 4/43, Acc: 0.8000, time 2.00s
Val 39/150 5/43, Acc: 0.6667, time 2.00s
Val 39/150 6/43, Acc: 0.7143, time 2.09s
Val 39/150 7/43, Acc: 0.6250, time 2.06s
Val 39/150 8/43, Acc: 0.6667, time 2.00s
Val 39/150 9/43, Acc: 0.7000, time 2.02s
Val 39/150 10/43, Acc: 0.7273, time 1.94s
Val 39/150 11/43, Acc: 0.6667, time 2.07s
Val 39/150 12/43, Acc: 0.6154, time 1.96s
Val 39/150 13/43, Acc: 0.5714, time 2.10s
Val 39/150 14/43, Acc: 0.6000, time 2.11s
Val 39/150 15/43, Acc: 0.6250, time 2.17s
Val 39/150 16/43, Acc: 0.5882, time 2.06s
Val 39/150 17/43, Acc: 0.6111, time 1.96s
Val 39/150 18/43, Acc: 0.6316, time 2.11s
Val 39/150 19/43, Acc: 0.6000, time 1.95s
Val 39/150 20/43, Acc: 0.6190, time 2.07s
Val 39/150 21/43, Acc: 0.6364, time 2.12s
Val 39/150 22/43, Acc: 0.6087, time 2.07s
Val 39/150 23/43, Acc: 0.5833, time 2.08s
Val 39/150 24/43, Acc: 0.6000, time 2.01s
Val 39/150 25/43, Acc: 0.6154, time 2.06s
Val 39/150 26/43, Acc: 0.6296, time 1.98s
Val 39/150 27/43, Acc: 0.6429, time 2.04s
Val 39/150 28/43, Acc: 0.6552, time 2.03s
Val 39/150 29/43, Acc: 0.6333, time 1.98s
Val 39/150 30/43, Acc: 0.6129, time 1.99s
Val 39/150 31/43, Acc: 0.6250, time 2.05s
Val 39/150 32/43, Acc: 0.6061, time 2.05s
Val 39/150 33/43, Acc: 0.6176, time 2.00s
Val 39/150 34/43, Acc: 0.6286, time 2.05s
Val 39/150 35/43, Acc: 0.6389, time 2.06s
Val 39/150 36/43, Acc: 0.6486, time 2.04s
Val 39/150 37/43, Acc: 0.6316, time 2.06s
Val 39/150 38/43, Acc: 0.6410, time 1.96s
Val 39/150 39/43, Acc: 0.6500, time 2.06s
Val 39/150 40/43, Acc: 0.6585, time 2.03s
Val 39/150 41/43, Acc: 0.6667, time 2.03s
Val 39/150 42/43, Acc: 0.6744, time 2.12s
[Val epoch 39] avg_acc=0.6744 | per-class [c0: 0.529, c1: 0.889, c2: 0.706]
Final validation 39/149, Val_acc: 0.6744, time 87.62sAccuracy: 0.674
class                  precision    recall   specificity      f1   support
--------------------------------------------------------------------------
0                          0.900     0.529         0.962   0.667        17
1                          0.500     0.889         0.765   0.640         9
2                          0.706     0.706         0.808   0.706        17
*========================================*
Saving checkpoint outputs/OrganoidsINRIA/swinunetr/2025-11-03-09-58/model_final.pt
0 Mon Nov  3 13:51:11 2025 Epoch: 40
Epoch: 40/150 Iter: 0/28 loss: 0.5544 acc: 1.0000 time 15.13s
Epoch: 40/150 Iter: 1/28 loss: 3.6148 acc: 0.8056 time 11.39s
Epoch: 40/150 Iter: 2/28 loss: 3.0300 acc: 0.8148 time 11.16s
Epoch: 40/150 Iter: 3/28 loss: 2.8292 acc: 0.7778 time 11.18s
Epoch: 40/150 Iter: 4/28 loss: 2.8435 acc: 0.7778 time 11.01s
Epoch: 40/150 Iter: 5/28 loss: 2.5693 acc: 0.8148 time 13.10s
Epoch: 40/150 Iter: 6/28 loss: 2.4571 acc: 0.7817 time 13.20s
Epoch: 40/150 Iter: 7/28 loss: 2.6143 acc: 0.7153 time 13.06s
Epoch: 40/150 Iter: 8/28 loss: 2.6168 acc: 0.7136 time 13.21s
Epoch: 40/150 Iter: 9/28 loss: 2.5135 acc: 0.7089 time 11.00s
Epoch: 40/150 Iter: 10/28 loss: 2.5134 acc: 0.7152 time 11.05s
Epoch: 40/150 Iter: 11/28 loss: 2.3735 acc: 0.7389 time 13.05s
Epoch: 40/150 Iter: 12/28 loss: 2.2712 acc: 0.7590 time 10.94s
Epoch: 40/150 Iter: 13/28 loss: 2.3554 acc: 0.7345 time 13.12s
Epoch: 40/150 Iter: 14/28 loss: 2.3185 acc: 0.7374 time 10.97s
Epoch: 40/150 Iter: 15/28 loss: 2.2912 acc: 0.7434 time 10.98s
Epoch: 40/150 Iter: 16/28 loss: 2.2811 acc: 0.7454 time 10.95s
Epoch: 40/150 Iter: 17/28 loss: 2.2353 acc: 0.7503 time 10.94s
Epoch: 40/150 Iter: 18/28 loss: 2.3361 acc: 0.7284 time 10.99s
Epoch: 40/150 Iter: 19/28 loss: 2.3090 acc: 0.7378 time 10.94s
Epoch: 40/150 Iter: 20/28 loss: 2.3905 acc: 0.7423 time 10.99s
Epoch: 40/150 Iter: 21/28 loss: 2.5286 acc: 0.7237 time 12.98s
Epoch: 40/150 Iter: 22/28 loss: 2.4523 acc: 0.7357 time 10.95s
Epoch: 40/150 Iter: 23/28 loss: 2.4880 acc: 0.7259 time 13.01s
Epoch: 40/150 Iter: 24/28 loss: 2.5313 acc: 0.7169 time 10.96s
Epoch: 40/150 Iter: 25/28 loss: 2.5437 acc: 0.6979 time 11.08s
Epoch: 40/150 Iter: 26/28 loss: 2.6018 acc: 0.6885 time 13.00s
Epoch: 40/150 Iter: 27/28 loss: 2.5670 acc: 0.6917 time 10.95s
[Train epoch 40] avg_loss=2.5670 avg_acc=0.6917 | per-class [c0: 0.612, c1: 0.853, c2: 0.776]
Final training 40/149, loss: 2.5670, time 331.31s, lr: 0.000440
Accuracy: 0.726
class                  precision    recall   specificity      f1   support
--------------------------------------------------------------------------
0                          0.788     0.612         0.891   0.689        67
1                          0.690     0.853         0.903   0.763        34
2                          0.703     0.776         0.782   0.738        67
*----------------------------------------*
0 Mon Nov  3 13:56:43 2025 Epoch: 41
Epoch: 41/150 Iter: 0/28 loss: 1.5968 acc: 0.6667 time 14.55s
Epoch: 41/150 Iter: 1/28 loss: 2.1725 acc: 0.5000 time 11.07s
Epoch: 41/150 Iter: 2/28 loss: 1.8646 acc: 0.4722 time 11.36s
Epoch: 41/150 Iter: 3/28 loss: 1.6897 acc: 0.5625 time 11.04s
Epoch: 41/150 Iter: 4/28 loss: 1.8111 acc: 0.5389 time 13.10s
Epoch: 41/150 Iter: 5/28 loss: 2.0874 acc: 0.5324 time 11.01s
Epoch: 41/150 Iter: 6/28 loss: 2.0433 acc: 0.5563 time 11.05s
Epoch: 41/150 Iter: 7/28 loss: 2.2781 acc: 0.5389 time 12.98s
Epoch: 41/150 Iter: 8/28 loss: 2.3956 acc: 0.5346 time 11.03s
Epoch: 41/150 Iter: 9/28 loss: 2.3736 acc: 0.5144 time 11.16s
Epoch: 41/150 Iter: 10/28 loss: 2.3111 acc: 0.5434 time 11.05s
Epoch: 41/150 Iter: 11/28 loss: 2.4624 acc: 0.5722 time 11.34s
Epoch: 41/150 Iter: 12/28 loss: 2.3800 acc: 0.5795 time 13.12s
Epoch: 41/150 Iter: 13/28 loss: 2.6559 acc: 0.5579 time 11.07s
Epoch: 41/150 Iter: 14/28 loss: 2.5645 acc: 0.5652 time 10.98s
Epoch: 41/150 Iter: 15/28 loss: 2.4833 acc: 0.5924 time 13.11s
Epoch: 41/150 Iter: 16/28 loss: 2.4832 acc: 0.5943 time 10.95s
Epoch: 41/150 Iter: 17/28 loss: 2.5324 acc: 0.5952 time 11.00s
Epoch: 41/150 Iter: 18/28 loss: 2.5465 acc: 0.5920 time 12.98s
Epoch: 41/150 Iter: 19/28 loss: 2.5354 acc: 0.6013 time 10.99s
Epoch: 41/150 Iter: 20/28 loss: 2.4698 acc: 0.6123 time 10.96s
Epoch: 41/150 Iter: 21/28 loss: 2.4405 acc: 0.6249 time 11.00s
Epoch: 41/150 Iter: 22/28 loss: 2.3900 acc: 0.6325 time 11.00s
Epoch: 41/150 Iter: 23/28 loss: 2.3635 acc: 0.6409 time 12.96s
Epoch: 41/150 Iter: 24/28 loss: 2.2926 acc: 0.6552 time 10.95s
Epoch: 41/150 Iter: 25/28 loss: 2.2464 acc: 0.6685 time 10.92s
Epoch: 41/150 Iter: 26/28 loss: 2.2454 acc: 0.6653 time 10.97s
Epoch: 41/150 Iter: 27/28 loss: 2.4311 acc: 0.6733 time 10.97s
[Train epoch 41] avg_loss=2.4311 avg_acc=0.6733 | per-class [c0: 0.676, c1: 0.794, c2: 0.667]
Final training 41/149, loss: 2.4311, time 324.69s, lr: 0.000436
Accuracy: 0.696
class                  precision    recall   specificity      f1   support
--------------------------------------------------------------------------
0                          0.754     0.676         0.850   0.713        68
1                          0.614     0.794         0.873   0.692        34
2                          0.698     0.667         0.814   0.682        66
*----------------------------------------*
0 Mon Nov  3 14:02:08 2025 Epoch: 42
Epoch: 42/150 Iter: 0/28 loss: 2.6670 acc: 0.6667 time 13.43s
Epoch: 42/150 Iter: 1/28 loss: 1.6866 acc: 0.8333 time 11.00s
Epoch: 42/150 Iter: 2/28 loss: 1.4790 acc: 0.8556 time 11.07s
Epoch: 42/150 Iter: 3/28 loss: 1.2023 acc: 0.8917 time 10.97s
Epoch: 42/150 Iter: 4/28 loss: 1.4583 acc: 0.7667 time 13.22s
Epoch: 42/150 Iter: 5/28 loss: 1.4549 acc: 0.7778 time 11.01s
Epoch: 42/150 Iter: 6/28 loss: 1.5400 acc: 0.7302 time 11.21s
Epoch: 42/150 Iter: 7/28 loss: 1.4270 acc: 0.7639 time 11.03s
Epoch: 42/150 Iter: 8/28 loss: 1.8100 acc: 0.7253 time 11.24s
Epoch: 42/150 Iter: 9/28 loss: 1.7669 acc: 0.7194 time 11.29s
Epoch: 42/150 Iter: 10/28 loss: 1.8498 acc: 0.7247 time 11.04s
Epoch: 42/150 Iter: 11/28 loss: 1.8832 acc: 0.6921 time 11.10s
Epoch: 42/150 Iter: 12/28 loss: 1.9122 acc: 0.6902 time 10.95s
Epoch: 42/150 Iter: 13/28 loss: 1.9846 acc: 0.7044 time 10.92s
Epoch: 42/150 Iter: 14/28 loss: 2.0171 acc: 0.7174 time 10.98s
Epoch: 42/150 Iter: 15/28 loss: 1.9999 acc: 0.7142 time 13.04s
Epoch: 42/150 Iter: 16/28 loss: 2.1758 acc: 0.7114 time 10.97s
Epoch: 42/150 Iter: 17/28 loss: 2.1768 acc: 0.7043 time 10.94s
Epoch: 42/150 Iter: 18/28 loss: 2.1912 acc: 0.7067 time 11.00s
Epoch: 42/150 Iter: 19/28 loss: 2.2318 acc: 0.6839 time 11.01s
Epoch: 42/150 Iter: 20/28 loss: 2.2119 acc: 0.6791 time 12.97s
Epoch: 42/150 Iter: 21/28 loss: 2.2023 acc: 0.6672 time 11.00s
Epoch: 42/150 Iter: 22/28 loss: 2.2918 acc: 0.6551 time 11.05s
Epoch: 42/150 Iter: 23/28 loss: 2.2672 acc: 0.6625 time 10.99s
Epoch: 42/150 Iter: 24/28 loss: 2.3002 acc: 0.6493 time 10.97s
Epoch: 42/150 Iter: 25/28 loss: 2.5172 acc: 0.6372 time 11.05s
Epoch: 42/150 Iter: 26/28 loss: 2.4843 acc: 0.6424 time 10.98s
Epoch: 42/150 Iter: 27/28 loss: 2.4625 acc: 0.6512 time 10.97s
[Train epoch 42] avg_loss=2.4625 avg_acc=0.6512 | per-class [c0: 0.697, c1: 0.765, c2: 0.721]
Final training 42/149, loss: 2.4625, time 317.42s, lr: 0.000433
Accuracy: 0.720
class                  precision    recall   specificity      f1   support
--------------------------------------------------------------------------
0                          0.821     0.697         0.902   0.754        66
1                          0.619     0.765         0.881   0.684        34
2                          0.700     0.721         0.790   0.710        68
*----------------------------------------*
0 Mon Nov  3 14:07:25 2025 Epoch: 43
Epoch: 43/150 Iter: 0/28 loss: 1.8904 acc: 0.4444 time 13.92s
Epoch: 43/150 Iter: 1/28 loss: 1.5383 acc: 0.7222 time 10.94s
Epoch: 43/150 Iter: 2/28 loss: 1.8012 acc: 0.6759 time 11.03s
Epoch: 43/150 Iter: 3/28 loss: 1.9340 acc: 0.5694 time 11.06s
Epoch: 43/150 Iter: 4/28 loss: 1.8900 acc: 0.5489 time 11.08s
Epoch: 43/150 Iter: 5/28 loss: 1.9841 acc: 0.5407 time 10.99s
Epoch: 43/150 Iter: 6/28 loss: 2.5483 acc: 0.5468 time 11.04s
Epoch: 43/150 Iter: 7/28 loss: 2.3739 acc: 0.5878 time 10.96s
Epoch: 43/150 Iter: 8/28 loss: 2.7653 acc: 0.5966 time 10.99s
Epoch: 43/150 Iter: 9/28 loss: 2.6148 acc: 0.6369 time 10.94s
Epoch: 43/150 Iter: 10/28 loss: 2.5290 acc: 0.6396 time 11.05s
Epoch: 43/150 Iter: 11/28 loss: 2.4166 acc: 0.6558 time 10.95s
Epoch: 43/150 Iter: 12/28 loss: 2.2722 acc: 0.6823 time 11.05s
Epoch: 43/150 Iter: 13/28 loss: 2.2499 acc: 0.6812 time 11.05s
Epoch: 43/150 Iter: 14/28 loss: 2.2609 acc: 0.6802 time 11.06s
Epoch: 43/150 Iter: 15/28 loss: 2.2080 acc: 0.6828 time 10.99s
Epoch: 43/150 Iter: 16/28 loss: 2.2520 acc: 0.6851 time 10.96s
Epoch: 43/150 Iter: 17/28 loss: 2.2228 acc: 0.6903 time 10.91s
Epoch: 43/150 Iter: 18/28 loss: 2.1690 acc: 0.7066 time 10.93s
Epoch: 43/150 Iter: 19/28 loss: 2.1339 acc: 0.7004 time 11.01s
Epoch: 43/150 Iter: 20/28 loss: 2.1845 acc: 0.7041 time 11.15s
Epoch: 43/150 Iter: 21/28 loss: 2.1965 acc: 0.6910 time 10.96s
Epoch: 43/150 Iter: 22/28 loss: 2.3085 acc: 0.6996 time 13.00s
Epoch: 43/150 Iter: 23/28 loss: 2.3117 acc: 0.7075 time 13.06s
Epoch: 43/150 Iter: 24/28 loss: 2.2764 acc: 0.7103 time 12.98s
Epoch: 43/150 Iter: 25/28 loss: 2.2130 acc: 0.7215 time 12.99s
Epoch: 43/150 Iter: 26/28 loss: 2.2602 acc: 0.7194 time 10.97s
Epoch: 43/150 Iter: 27/28 loss: 2.2868 acc: 0.7176 time 10.94s
[Train epoch 43] avg_loss=2.2868 avg_acc=0.7176 | per-class [c0: 0.687, c1: 0.848, c2: 0.750]
Final training 43/149, loss: 2.2868, time 319.03s, lr: 0.000429
Accuracy: 0.744
class                  precision    recall   specificity      f1   support
--------------------------------------------------------------------------
0                          0.821     0.687         0.901   0.748        67
1                          0.651     0.848         0.889   0.737        33
2                          0.739     0.750         0.820   0.745        68
*----------------------------------------*
Val 43/150 0/43, Acc: 0.0000, time 2.10s
Val 43/150 1/43, Acc: 0.5000, time 1.97s
Val 43/150 2/43, Acc: 0.6667, time 1.99s
Val 43/150 3/43, Acc: 0.7500, time 2.03s
Val 43/150 4/43, Acc: 0.8000, time 1.97s
Val 43/150 5/43, Acc: 0.6667, time 1.96s
Val 43/150 6/43, Acc: 0.7143, time 2.09s
Val 43/150 7/43, Acc: 0.7500, time 2.06s
Val 43/150 8/43, Acc: 0.7778, time 2.01s
Val 43/150 9/43, Acc: 0.8000, time 2.02s
Val 43/150 10/43, Acc: 0.8182, time 1.98s
Val 43/150 11/43, Acc: 0.7500, time 2.08s
Val 43/150 12/43, Acc: 0.6923, time 1.99s
Val 43/150 13/43, Acc: 0.6429, time 2.08s
Val 43/150 14/43, Acc: 0.6667, time 2.11s
Val 43/150 15/43, Acc: 0.6875, time 2.19s
Val 43/150 16/43, Acc: 0.6471, time 2.05s
Val 43/150 17/43, Acc: 0.6667, time 1.96s
Val 43/150 18/43, Acc: 0.6842, time 2.11s
Val 43/150 19/43, Acc: 0.7000, time 1.95s
Val 43/150 20/43, Acc: 0.7143, time 2.07s
Val 43/150 21/43, Acc: 0.7273, time 2.13s
Val 43/150 22/43, Acc: 0.6957, time 2.07s
Val 43/150 23/43, Acc: 0.6667, time 2.07s
Val 43/150 24/43, Acc: 0.6800, time 2.01s
Val 43/150 25/43, Acc: 0.6923, time 2.05s
Val 43/150 26/43, Acc: 0.7037, time 1.95s
Val 43/150 27/43, Acc: 0.7143, time 2.05s
Val 43/150 28/43, Acc: 0.7241, time 2.02s
Val 43/150 29/43, Acc: 0.7000, time 1.95s
Val 43/150 30/43, Acc: 0.6774, time 1.96s
Val 43/150 31/43, Acc: 0.6875, time 2.05s
Val 43/150 32/43, Acc: 0.6970, time 2.05s
Val 43/150 33/43, Acc: 0.7059, time 1.97s
Val 43/150 34/43, Acc: 0.7143, time 2.04s
Val 43/150 35/43, Acc: 0.6944, time 2.07s
Val 43/150 36/43, Acc: 0.7027, time 2.03s
Val 43/150 37/43, Acc: 0.6842, time 2.07s
Val 43/150 38/43, Acc: 0.6923, time 1.95s
Val 43/150 39/43, Acc: 0.7000, time 2.06s
Val 43/150 40/43, Acc: 0.7073, time 2.04s
Val 43/150 41/43, Acc: 0.7143, time 2.02s
Val 43/150 42/43, Acc: 0.7209, time 2.11s
[Val epoch 43] avg_acc=0.7209 | per-class [c0: 0.471, c1: 0.889, c2: 0.882]
Final validation 43/149, Val_acc: 0.7209, time 87.47sAccuracy: 0.721
class                  precision    recall   specificity      f1   support
--------------------------------------------------------------------------
0                          1.000     0.471         1.000   0.640        17
1                          0.571     0.889         0.824   0.696         9
2                          0.714     0.882         0.769   0.789        17
*========================================*
Saving checkpoint outputs/OrganoidsINRIA/swinunetr/2025-11-03-09-58/model_final.pt
0 Mon Nov  3 14:14:17 2025 Epoch: 44
Epoch: 44/150 Iter: 0/28 loss: 2.7574 acc: 0.5833 time 14.82s
Epoch: 44/150 Iter: 1/28 loss: 3.5963 acc: 0.4583 time 10.94s
Epoch: 44/150 Iter: 2/28 loss: 5.2298 acc: 0.5093 time 13.19s
Epoch: 44/150 Iter: 3/28 loss: 4.5078 acc: 0.6111 time 10.97s
Epoch: 44/150 Iter: 4/28 loss: 4.1328 acc: 0.5889 time 11.07s
Epoch: 44/150 Iter: 5/28 loss: 3.5500 acc: 0.6574 time 11.01s
Epoch: 44/150 Iter: 6/28 loss: 3.4962 acc: 0.6825 time 11.36s
Epoch: 44/150 Iter: 7/28 loss: 3.2161 acc: 0.7083 time 11.11s
Epoch: 44/150 Iter: 8/28 loss: 3.0297 acc: 0.7407 time 10.98s
Epoch: 44/150 Iter: 9/28 loss: 3.0207 acc: 0.7111 time 13.07s
Epoch: 44/150 Iter: 10/28 loss: 2.8802 acc: 0.7010 time 13.03s
Epoch: 44/150 Iter: 11/28 loss: 2.9265 acc: 0.6796 time 13.05s
Epoch: 44/150 Iter: 12/28 loss: 2.9481 acc: 0.6530 time 11.00s
Epoch: 44/150 Iter: 13/28 loss: 2.8623 acc: 0.6698 time 11.01s
Epoch: 44/150 Iter: 14/28 loss: 2.8023 acc: 0.6807 time 11.05s
Epoch: 44/150 Iter: 15/28 loss: 2.7157 acc: 0.6799 time 11.21s
Epoch: 44/150 Iter: 16/28 loss: 2.7124 acc: 0.6922 time 11.00s
Epoch: 44/150 Iter: 17/28 loss: 2.8659 acc: 0.6846 time 13.04s
Epoch: 44/150 Iter: 18/28 loss: 2.7602 acc: 0.7012 time 11.00s
Epoch: 44/150 Iter: 19/28 loss: 2.7573 acc: 0.7106 time 11.08s
Epoch: 44/150 Iter: 20/28 loss: 2.6819 acc: 0.7190 time 10.96s
Epoch: 44/150 Iter: 21/28 loss: 2.5780 acc: 0.7318 time 10.98s
Epoch: 44/150 Iter: 22/28 loss: 2.5789 acc: 0.7386 time 10.99s
Epoch: 44/150 Iter: 23/28 loss: 2.5341 acc: 0.7495 time 11.01s
Epoch: 44/150 Iter: 24/28 loss: 2.4596 acc: 0.7529 time 10.92s
Epoch: 44/150 Iter: 25/28 loss: 2.6042 acc: 0.7464 time 11.01s
Epoch: 44/150 Iter: 26/28 loss: 2.5693 acc: 0.7434 time 10.95s
Epoch: 44/150 Iter: 27/28 loss: 2.5107 acc: 0.7526 time 11.10s
[Train epoch 44] avg_loss=2.5107 avg_acc=0.7526 | per-class [c0: 0.739, c1: 0.818, c2: 0.788]
Final training 44/149, loss: 2.5107, time 322.94s, lr: 0.000425
Accuracy: 0.774
class                  precision    recall   specificity      f1   support
--------------------------------------------------------------------------
0                          0.823     0.739         0.889   0.779        69
1                          0.675     0.818         0.904   0.740        33
2                          0.788     0.788         0.863   0.788        66
*----------------------------------------*
0 Mon Nov  3 14:19:40 2025 Epoch: 45
Epoch: 45/150 Iter: 0/28 loss: 1.8653 acc: 0.4167 time 17.65s
Epoch: 45/150 Iter: 1/28 loss: 2.1254 acc: 0.3750 time 13.03s
Epoch: 45/150 Iter: 2/28 loss: 2.0778 acc: 0.5278 time 13.06s
Epoch: 45/150 Iter: 3/28 loss: 2.1761 acc: 0.5764 time 11.03s
Epoch: 45/150 Iter: 4/28 loss: 2.4030 acc: 0.5500 time 11.20s
Epoch: 45/150 Iter: 5/28 loss: 2.4125 acc: 0.5787 time 11.04s
Epoch: 45/150 Iter: 6/28 loss: 2.2743 acc: 0.6389 time 11.08s
Epoch: 45/150 Iter: 7/28 loss: 2.1226 acc: 0.6840 time 11.20s
Epoch: 45/150 Iter: 8/28 loss: 2.2608 acc: 0.6636 time 11.07s
Epoch: 45/150 Iter: 9/28 loss: 2.2291 acc: 0.6861 time 11.05s
Epoch: 45/150 Iter: 10/28 loss: 2.1301 acc: 0.7146 time 11.09s
Epoch: 45/150 Iter: 11/28 loss: 2.5204 acc: 0.7106 time 11.01s
Epoch: 45/150 Iter: 12/28 loss: 2.4265 acc: 0.7158 time 10.96s
Epoch: 45/150 Iter: 13/28 loss: 2.4741 acc: 0.7004 time 10.96s
Epoch: 45/150 Iter: 14/28 loss: 2.4079 acc: 0.7130 time 10.99s
Epoch: 45/150 Iter: 15/28 loss: 2.5195 acc: 0.7031 time 11.00s
Epoch: 45/150 Iter: 16/28 loss: 2.4789 acc: 0.7010 time 11.05s
Epoch: 45/150 Iter: 17/28 loss: 2.4150 acc: 0.6991 time 13.19s
Epoch: 45/150 Iter: 18/28 loss: 2.4321 acc: 0.6886 time 10.95s
Epoch: 45/150 Iter: 19/28 loss: 2.3669 acc: 0.7042 time 13.14s
Epoch: 45/150 Iter: 20/28 loss: 2.4362 acc: 0.6825 time 10.95s
Epoch: 45/150 Iter: 21/28 loss: 2.4275 acc: 0.6742 time 11.00s
Epoch: 45/150 Iter: 22/28 loss: 2.5553 acc: 0.6522 time 11.13s
Epoch: 45/150 Iter: 23/28 loss: 2.5771 acc: 0.6458 time 10.99s
Epoch: 45/150 Iter: 24/28 loss: 2.5046 acc: 0.6600 time 11.16s
Epoch: 45/150 Iter: 25/28 loss: 2.4966 acc: 0.6667 time 10.99s
Epoch: 45/150 Iter: 26/28 loss: 2.5560 acc: 0.6687 time 10.94s
Epoch: 45/150 Iter: 27/28 loss: 2.6775 acc: 0.6496 time 13.07s
[Train epoch 45] avg_loss=2.6775 avg_acc=0.6496 | per-class [c0: 0.561, c1: 0.824, c2: 0.750]
Final training 45/149, loss: 2.6775, time 326.03s, lr: 0.000421
Accuracy: 0.690
class                  precision    recall   specificity      f1   support
--------------------------------------------------------------------------
0                          0.740     0.561         0.873   0.638        66
1                          0.622     0.824         0.873   0.709        34
2                          0.699     0.750         0.780   0.723        68
*----------------------------------------*
0 Mon Nov  3 14:25:06 2025 Epoch: 46
Epoch: 46/150 Iter: 0/28 loss: 1.8890 acc: 0.3333 time 17.85s
Epoch: 46/150 Iter: 1/28 loss: 2.0844 acc: 0.6042 time 11.00s
Epoch: 46/150 Iter: 2/28 loss: 2.6085 acc: 0.4861 time 13.07s
Epoch: 46/150 Iter: 3/28 loss: 2.2624 acc: 0.6146 time 11.10s
Epoch: 46/150 Iter: 4/28 loss: 2.2636 acc: 0.5917 time 11.03s
Epoch: 46/150 Iter: 5/28 loss: 2.1329 acc: 0.6597 time 11.06s
Epoch: 46/150 Iter: 6/28 loss: 2.0837 acc: 0.6845 time 11.04s
Epoch: 46/150 Iter: 7/28 loss: 2.3022 acc: 0.6615 time 11.01s
Epoch: 46/150 Iter: 8/28 loss: 2.1454 acc: 0.6991 time 11.07s
Epoch: 46/150 Iter: 9/28 loss: 2.0637 acc: 0.7292 time 10.96s
Epoch: 46/150 Iter: 10/28 loss: 2.1079 acc: 0.7033 time 11.01s
Epoch: 46/150 Iter: 11/28 loss: 2.0554 acc: 0.7211 time 11.08s
Epoch: 46/150 Iter: 12/28 loss: 2.1353 acc: 0.7254 time 10.97s
Epoch: 46/150 Iter: 13/28 loss: 2.1558 acc: 0.7252 time 12.99s
Epoch: 46/150 Iter: 14/28 loss: 2.2272 acc: 0.7102 time 10.97s
Epoch: 46/150 Iter: 15/28 loss: 2.2164 acc: 0.7049 time 11.00s
Epoch: 46/150 Iter: 16/28 loss: 2.6256 acc: 0.7157 time 10.94s
Epoch: 46/150 Iter: 17/28 loss: 2.5257 acc: 0.7130 time 10.97s
Epoch: 46/150 Iter: 18/28 loss: 2.4410 acc: 0.7237 time 12.91s
Epoch: 46/150 Iter: 19/28 loss: 2.4494 acc: 0.7097 time 11.07s
Epoch: 46/150 Iter: 20/28 loss: 2.5025 acc: 0.6918 time 11.02s
Epoch: 46/150 Iter: 21/28 loss: 2.4693 acc: 0.7058 time 10.97s
Epoch: 46/150 Iter: 22/28 loss: 2.3959 acc: 0.7186 time 11.01s
Epoch: 46/150 Iter: 23/28 loss: 2.3841 acc: 0.7269 time 10.93s
Epoch: 46/150 Iter: 24/28 loss: 2.3660 acc: 0.7244 time 10.97s
Epoch: 46/150 Iter: 25/28 loss: 2.3733 acc: 0.7254 time 12.99s
Epoch: 46/150 Iter: 26/28 loss: 2.4562 acc: 0.7109 time 10.99s
Epoch: 46/150 Iter: 27/28 loss: 2.4708 acc: 0.6927 time 10.97s
[Train epoch 46] avg_loss=2.4708 avg_acc=0.6927 | per-class [c0: 0.647, c1: 0.812, c2: 0.779]
Final training 46/149, loss: 2.4708, time 323.01s, lr: 0.000417
Accuracy: 0.732
class                  precision    recall   specificity      f1   support
--------------------------------------------------------------------------
0                          0.863     0.647         0.930   0.739        68
1                          0.565     0.812         0.853   0.667        32
2                          0.746     0.779         0.820   0.763        68
*----------------------------------------*
0 Mon Nov  3 14:30:29 2025 Epoch: 47
Epoch: 47/150 Iter: 0/28 loss: 1.1222 acc: 0.5556 time 13.92s
Epoch: 47/150 Iter: 1/28 loss: 1.2343 acc: 0.5278 time 10.98s
Epoch: 47/150 Iter: 2/28 loss: 2.0816 acc: 0.4907 time 11.00s
Epoch: 47/150 Iter: 3/28 loss: 1.8668 acc: 0.5903 time 11.08s
Epoch: 47/150 Iter: 4/28 loss: 1.8234 acc: 0.6056 time 10.98s
Epoch: 47/150 Iter: 5/28 loss: 1.8733 acc: 0.6435 time 11.05s
Epoch: 47/150 Iter: 6/28 loss: 1.7959 acc: 0.6944 time 11.00s
Epoch: 47/150 Iter: 7/28 loss: 1.7017 acc: 0.7222 time 11.06s
Epoch: 47/150 Iter: 8/28 loss: 2.1319 acc: 0.7037 time 11.05s
Epoch: 47/150 Iter: 9/28 loss: 2.2273 acc: 0.6889 time 10.98s
Epoch: 47/150 Iter: 10/28 loss: 2.3926 acc: 0.6768 time 11.04s
Epoch: 47/150 Iter: 11/28 loss: 2.3426 acc: 0.6933 time 10.97s
Epoch: 47/150 Iter: 12/28 loss: 2.2347 acc: 0.7169 time 10.98s
Epoch: 47/150 Iter: 13/28 loss: 2.2092 acc: 0.7054 time 13.19s
Epoch: 47/150 Iter: 14/28 loss: 2.2952 acc: 0.6991 time 10.98s
Epoch: 47/150 Iter: 15/28 loss: 2.2137 acc: 0.7109 time 10.95s
Epoch: 47/150 Iter: 16/28 loss: 2.2003 acc: 0.7132 time 13.15s
Epoch: 47/150 Iter: 17/28 loss: 2.2365 acc: 0.7168 time 10.93s
Epoch: 47/150 Iter: 18/28 loss: 2.2133 acc: 0.7230 time 10.97s
Epoch: 47/150 Iter: 19/28 loss: 2.2528 acc: 0.7146 time 11.23s
Epoch: 47/150 Iter: 20/28 loss: 2.2020 acc: 0.7229 time 11.00s
Epoch: 47/150 Iter: 21/28 loss: 2.1832 acc: 0.7254 time 10.97s
Epoch: 47/150 Iter: 22/28 loss: 2.1762 acc: 0.7192 time 10.92s
Epoch: 47/150 Iter: 23/28 loss: 2.3401 acc: 0.7216 time 13.04s
Epoch: 47/150 Iter: 24/28 loss: 2.2953 acc: 0.7288 time 11.06s
Epoch: 47/150 Iter: 25/28 loss: 2.5089 acc: 0.7178 time 13.02s
Epoch: 47/150 Iter: 26/28 loss: 2.5150 acc: 0.7180 time 10.99s
Epoch: 47/150 Iter: 27/28 loss: 2.5757 acc: 0.7122 time 10.93s
[Train epoch 47] avg_loss=2.5757 avg_acc=0.7122 | per-class [c0: 0.765, c1: 0.735, c2: 0.727]
Final training 47/149, loss: 2.5757, time 319.45s, lr: 0.000413
Accuracy: 0.744
class                  precision    recall   specificity      f1   support
--------------------------------------------------------------------------
0                          0.839     0.765         0.900   0.800        68
1                          0.595     0.735         0.873   0.658        34
2                          0.750     0.727         0.843   0.738        66
*----------------------------------------*
Val 47/150 0/43, Acc: 0.0000, time 2.09s
Val 47/150 1/43, Acc: 0.5000, time 1.97s
Val 47/150 2/43, Acc: 0.6667, time 1.99s
Val 47/150 3/43, Acc: 0.7500, time 2.02s
Val 47/150 4/43, Acc: 0.8000, time 2.00s
Val 47/150 5/43, Acc: 0.6667, time 1.96s
Val 47/150 6/43, Acc: 0.7143, time 2.09s
Val 47/150 7/43, Acc: 0.6250, time 2.07s
Val 47/150 8/43, Acc: 0.6667, time 2.00s
Val 47/150 9/43, Acc: 0.7000, time 2.02s
Val 47/150 10/43, Acc: 0.7273, time 1.97s
Val 47/150 11/43, Acc: 0.6667, time 2.08s
Val 47/150 12/43, Acc: 0.6154, time 1.96s
Val 47/150 13/43, Acc: 0.5714, time 2.09s
Val 47/150 14/43, Acc: 0.6000, time 2.11s
Val 47/150 15/43, Acc: 0.6250, time 2.17s
Val 47/150 16/43, Acc: 0.5882, time 2.07s
Val 47/150 17/43, Acc: 0.6111, time 1.99s
Val 47/150 18/43, Acc: 0.6316, time 2.12s
Val 47/150 19/43, Acc: 0.6000, time 1.99s
Val 47/150 20/43, Acc: 0.6190, time 2.07s
Val 47/150 21/43, Acc: 0.6364, time 2.13s
Val 47/150 22/43, Acc: 0.6087, time 2.08s
Val 47/150 23/43, Acc: 0.5833, time 2.07s
Val 47/150 24/43, Acc: 0.6000, time 2.00s
Val 47/150 25/43, Acc: 0.6154, time 2.05s
Val 47/150 26/43, Acc: 0.6296, time 1.96s
Val 47/150 27/43, Acc: 0.6429, time 2.05s
Val 47/150 28/43, Acc: 0.6552, time 2.02s
Val 47/150 29/43, Acc: 0.6333, time 1.95s
Val 47/150 30/43, Acc: 0.6452, time 1.96s
Val 47/150 31/43, Acc: 0.6250, time 2.07s
Val 47/150 32/43, Acc: 0.6061, time 2.05s
Val 47/150 33/43, Acc: 0.6176, time 2.00s
Val 47/150 34/43, Acc: 0.6286, time 2.04s
Val 47/150 35/43, Acc: 0.6389, time 2.07s
Val 47/150 36/43, Acc: 0.6486, time 2.03s
Val 47/150 37/43, Acc: 0.6316, time 2.06s
Val 47/150 38/43, Acc: 0.6410, time 1.96s
Val 47/150 39/43, Acc: 0.6500, time 2.07s
Val 47/150 40/43, Acc: 0.6585, time 2.05s
Val 47/150 41/43, Acc: 0.6667, time 2.03s
Val 47/150 42/43, Acc: 0.6744, time 2.12s
[Val epoch 47] avg_acc=0.6744 | per-class [c0: 0.529, c1: 1.000, c2: 0.647]
Final validation 47/149, Val_acc: 0.6744, time 87.68sAccuracy: 0.674
class                  precision    recall   specificity      f1   support
--------------------------------------------------------------------------
0                          0.900     0.529         0.962   0.667        17
1                          0.500     1.000         0.735   0.667         9
2                          0.733     0.647         0.846   0.688        17
*========================================*
Saving checkpoint outputs/OrganoidsINRIA/swinunetr/2025-11-03-09-58/model_final.pt
0 Mon Nov  3 14:37:21 2025 Epoch: 48
Epoch: 48/150 Iter: 0/28 loss: 2.1910 acc: 0.6250 time 14.85s
Epoch: 48/150 Iter: 1/28 loss: 2.0457 acc: 0.7292 time 10.97s
Epoch: 48/150 Iter: 2/28 loss: 2.2227 acc: 0.6194 time 11.04s
Epoch: 48/150 Iter: 3/28 loss: 1.9668 acc: 0.7146 time 11.04s
Epoch: 48/150 Iter: 4/28 loss: 2.0894 acc: 0.7050 time 11.00s
Epoch: 48/150 Iter: 5/28 loss: 2.3073 acc: 0.7264 time 11.05s
Epoch: 48/150 Iter: 6/28 loss: 2.0193 acc: 0.7655 time 11.32s
Epoch: 48/150 Iter: 7/28 loss: 1.8234 acc: 0.7948 time 13.02s
Epoch: 48/150 Iter: 8/28 loss: 1.7681 acc: 0.8176 time 11.02s
Epoch: 48/150 Iter: 9/28 loss: 1.6874 acc: 0.8358 time 13.08s
Epoch: 48/150 Iter: 10/28 loss: 2.1827 acc: 0.8407 time 13.05s
Epoch: 48/150 Iter: 11/28 loss: 2.1006 acc: 0.8539 time 11.04s
Epoch: 48/150 Iter: 12/28 loss: 2.2128 acc: 0.8353 time 11.04s
Epoch: 48/150 Iter: 13/28 loss: 2.1644 acc: 0.8312 time 10.96s
Epoch: 48/150 Iter: 14/28 loss: 2.0788 acc: 0.8350 time 10.99s
Epoch: 48/150 Iter: 15/28 loss: 2.1372 acc: 0.8106 time 11.18s
Epoch: 48/150 Iter: 16/28 loss: 2.2228 acc: 0.7806 time 10.95s
Epoch: 48/150 Iter: 17/28 loss: 2.1453 acc: 0.7927 time 10.97s
Epoch: 48/150 Iter: 18/28 loss: 2.2295 acc: 0.7686 time 10.98s
Epoch: 48/150 Iter: 19/28 loss: 2.2740 acc: 0.7385 time 11.09s
Epoch: 48/150 Iter: 20/28 loss: 2.2249 acc: 0.7450 time 10.95s
Epoch: 48/150 Iter: 21/28 loss: 2.2158 acc: 0.7465 time 10.95s
Epoch: 48/150 Iter: 22/28 loss: 2.2519 acc: 0.7382 time 11.20s
Epoch: 48/150 Iter: 23/28 loss: 2.2194 acc: 0.7444 time 10.98s
Epoch: 48/150 Iter: 24/28 loss: 2.2272 acc: 0.7380 time 10.98s
Epoch: 48/150 Iter: 25/28 loss: 2.2498 acc: 0.7331 time 11.18s
Epoch: 48/150 Iter: 26/28 loss: 2.2614 acc: 0.7224 time 12.99s
Epoch: 48/150 Iter: 27/28 loss: 2.2187 acc: 0.7323 time 11.03s
[Train epoch 48] avg_loss=2.2187 avg_acc=0.7323 | per-class [c0: 0.731, c1: 0.882, c2: 0.701]
Final training 48/149, loss: 2.2187, time 320.94s, lr: 0.000408
Accuracy: 0.750
class                  precision    recall   specificity      f1   support
--------------------------------------------------------------------------
0                          0.860     0.731         0.921   0.790        67
1                          0.600     0.882         0.851   0.714        34
2                          0.770     0.701         0.861   0.734        67
*----------------------------------------*
0 Mon Nov  3 14:42:42 2025 Epoch: 49
Epoch: 49/150 Iter: 0/28 loss: 1.0542 acc: 1.0000 time 15.28s
Epoch: 49/150 Iter: 1/28 loss: 1.3787 acc: 0.8750 time 11.05s
Epoch: 49/150 Iter: 2/28 loss: 2.4842 acc: 0.8611 time 10.97s
Epoch: 49/150 Iter: 3/28 loss: 2.1943 acc: 0.8681 time 11.04s
Epoch: 49/150 Iter: 4/28 loss: 1.8740 acc: 0.8944 time 11.25s
Epoch: 49/150 Iter: 5/28 loss: 1.7081 acc: 0.9120 time 11.22s
Epoch: 49/150 Iter: 6/28 loss: 1.9341 acc: 0.8770 time 10.97s
Epoch: 49/150 Iter: 7/28 loss: 1.8680 acc: 0.8507 time 11.07s
Epoch: 49/150 Iter: 8/28 loss: 2.0758 acc: 0.8056 time 11.24s
Epoch: 49/150 Iter: 9/28 loss: 2.0870 acc: 0.7972 time 11.07s
Epoch: 49/150 Iter: 10/28 loss: 2.0300 acc: 0.8066 time 13.07s
Epoch: 49/150 Iter: 11/28 loss: 2.1541 acc: 0.8088 time 11.17s
Epoch: 49/150 Iter: 12/28 loss: 2.1596 acc: 0.8171 time 10.99s
Epoch: 49/150 Iter: 13/28 loss: 2.2056 acc: 0.7921 time 10.94s
Epoch: 49/150 Iter: 14/28 loss: 2.2062 acc: 0.7911 time 10.95s
Epoch: 49/150 Iter: 15/28 loss: 2.2032 acc: 0.7938 time 11.00s
Epoch: 49/150 Iter: 16/28 loss: 2.1688 acc: 0.7797 time 11.16s
Epoch: 49/150 Iter: 17/28 loss: 2.0854 acc: 0.7920 time 13.04s
Epoch: 49/150 Iter: 18/28 loss: 2.2397 acc: 0.7883 time 10.94s
Epoch: 49/150 Iter: 19/28 loss: 2.2673 acc: 0.7947 time 13.15s
Epoch: 49/150 Iter: 20/28 loss: 2.2663 acc: 0.7847 time 10.93s
Epoch: 49/150 Iter: 21/28 loss: 2.3617 acc: 0.7591 time 11.01s
Epoch: 49/150 Iter: 22/28 loss: 2.3186 acc: 0.7551 time 10.95s
Epoch: 49/150 Iter: 23/28 loss: 2.3498 acc: 0.7537 time 13.03s
Epoch: 49/150 Iter: 24/28 loss: 2.3023 acc: 0.7636 time 13.15s
Epoch: 49/150 Iter: 25/28 loss: 2.2570 acc: 0.7678 time 13.05s
Epoch: 49/150 Iter: 26/28 loss: 2.2709 acc: 0.7682 time 10.96s
Epoch: 49/150 Iter: 27/28 loss: 2.2349 acc: 0.7646 time 10.96s
[Train epoch 49] avg_loss=2.2349 avg_acc=0.7646 | per-class [c0: 0.765, c1: 0.765, c2: 0.788]
Final training 49/149, loss: 2.2349, time 325.66s, lr: 0.000404
Accuracy: 0.774
class                  precision    recall   specificity      f1   support
--------------------------------------------------------------------------
0                          0.852     0.765         0.910   0.806        68
1                          0.667     0.765         0.903   0.712        34
2                          0.765     0.788         0.843   0.776        66
*----------------------------------------*
0 Mon Nov  3 14:48:08 2025 Epoch: 50
Epoch: 50/150 Iter: 0/28 loss: 1.9317 acc: 0.8889 time 16.48s
Epoch: 50/150 Iter: 1/28 loss: 1.4858 acc: 0.8194 time 10.98s
Epoch: 50/150 Iter: 2/28 loss: 1.6001 acc: 0.8426 time 11.31s
Epoch: 50/150 Iter: 3/28 loss: 1.9689 acc: 0.7986 time 11.25s
Epoch: 50/150 Iter: 4/28 loss: 2.6959 acc: 0.7833 time 11.12s
Epoch: 50/150 Iter: 5/28 loss: 2.6342 acc: 0.7917 time 11.02s
Epoch: 50/150 Iter: 6/28 loss: 2.4934 acc: 0.8071 time 11.02s
Epoch: 50/150 Iter: 7/28 loss: 2.4312 acc: 0.8000 time 13.16s
Epoch: 50/150 Iter: 8/28 loss: 2.4009 acc: 0.7975 time 10.98s
Epoch: 50/150 Iter: 9/28 loss: 2.4141 acc: 0.7900 time 13.02s
Epoch: 50/150 Iter: 10/28 loss: 2.2672 acc: 0.7939 time 11.00s
Epoch: 50/150 Iter: 11/28 loss: 2.2020 acc: 0.8019 time 13.03s
Epoch: 50/150 Iter: 12/28 loss: 2.1878 acc: 0.7882 time 11.04s
Epoch: 50/150 Iter: 13/28 loss: 2.3367 acc: 0.7835 time 13.03s
Epoch: 50/150 Iter: 14/28 loss: 2.2924 acc: 0.7591 time 10.92s
Epoch: 50/150 Iter: 15/28 loss: 2.3849 acc: 0.7533 time 10.98s
Epoch: 50/150 Iter: 16/28 loss: 2.2987 acc: 0.7629 time 11.01s
Epoch: 50/150 Iter: 17/28 loss: 2.2215 acc: 0.7761 time 10.91s
Epoch: 50/150 Iter: 18/28 loss: 2.2649 acc: 0.7615 time 13.02s
Epoch: 50/150 Iter: 19/28 loss: 2.2933 acc: 0.7568 time 13.02s
Epoch: 50/150 Iter: 20/28 loss: 2.2169 acc: 0.7684 time 11.16s
Epoch: 50/150 Iter: 21/28 loss: 2.1333 acc: 0.7789 time 11.00s
Epoch: 50/150 Iter: 22/28 loss: 2.1353 acc: 0.7632 time 10.98s
Epoch: 50/150 Iter: 23/28 loss: 2.1428 acc: 0.7406 time 13.05s
Epoch: 50/150 Iter: 24/28 loss: 2.2933 acc: 0.7332 time 10.94s
Epoch: 50/150 Iter: 25/28 loss: 2.2224 acc: 0.7435 time 10.97s
Epoch: 50/150 Iter: 26/28 loss: 2.2500 acc: 0.7242 time 10.96s
Epoch: 50/150 Iter: 27/28 loss: 2.2311 acc: 0.7311 time 11.12s
[Train epoch 50] avg_loss=2.2311 avg_acc=0.7311 | per-class [c0: 0.672, c1: 0.824, c2: 0.761]
Final training 50/149, loss: 2.2311, time 328.51s, lr: 0.000400
Accuracy: 0.738
class                  precision    recall   specificity      f1   support
--------------------------------------------------------------------------
0                          0.849     0.672         0.921   0.750        67
1                          0.636     0.824         0.881   0.718        34
2                          0.718     0.761         0.802   0.739        67
*----------------------------------------*
0 Mon Nov  3 14:53:37 2025 Epoch: 51
Epoch: 51/150 Iter: 0/28 loss: 2.4135 acc: 0.7222 time 13.23s
Epoch: 51/150 Iter: 1/28 loss: 2.4808 acc: 0.7778 time 11.33s
Epoch: 51/150 Iter: 2/28 loss: 2.0313 acc: 0.8519 time 11.08s
Epoch: 51/150 Iter: 3/28 loss: 1.8621 acc: 0.8056 time 11.30s
Epoch: 51/150 Iter: 4/28 loss: 1.8519 acc: 0.8111 time 11.01s
Epoch: 51/150 Iter: 5/28 loss: 1.9248 acc: 0.8148 time 10.98s
Epoch: 51/150 Iter: 6/28 loss: 1.7606 acc: 0.8413 time 10.97s
Epoch: 51/150 Iter: 7/28 loss: 1.7838 acc: 0.8333 time 11.03s
Epoch: 51/150 Iter: 8/28 loss: 1.7864 acc: 0.7963 time 10.98s
Epoch: 51/150 Iter: 9/28 loss: 1.7525 acc: 0.7833 time 12.98s
Epoch: 51/150 Iter: 10/28 loss: 1.7623 acc: 0.7525 time 11.07s
Epoch: 51/150 Iter: 11/28 loss: 1.8654 acc: 0.7245 time 11.02s
Epoch: 51/150 Iter: 12/28 loss: 1.9358 acc: 0.7115 time 11.18s
Epoch: 51/150 Iter: 13/28 loss: 1.9287 acc: 0.7242 time 12.99s
Epoch: 51/150 Iter: 14/28 loss: 1.8603 acc: 0.7370 time 11.19s
Epoch: 51/150 Iter: 15/28 loss: 1.8811 acc: 0.7326 time 13.15s
Epoch: 51/150 Iter: 16/28 loss: 1.8187 acc: 0.7484 time 11.15s
Epoch: 51/150 Iter: 17/28 loss: 1.9395 acc: 0.7299 time 11.05s
Epoch: 51/150 Iter: 18/28 loss: 2.0138 acc: 0.7222 time 11.01s
Epoch: 51/150 Iter: 19/28 loss: 2.0957 acc: 0.7111 time 10.99s
Epoch: 51/150 Iter: 20/28 loss: 2.1931 acc: 0.7116 time 10.94s
Epoch: 51/150 Iter: 21/28 loss: 2.2877 acc: 0.6944 time 12.99s
Epoch: 51/150 Iter: 22/28 loss: 2.2660 acc: 0.7029 time 12.96s
Epoch: 51/150 Iter: 23/28 loss: 2.2779 acc: 0.6944 time 11.19s
Epoch: 51/150 Iter: 24/28 loss: 2.4194 acc: 0.6800 time 10.99s
Epoch: 51/150 Iter: 25/28 loss: 2.5908 acc: 0.6731 time 10.98s
Epoch: 51/150 Iter: 26/28 loss: 2.5154 acc: 0.6852 time 11.02s
Epoch: 51/150 Iter: 27/28 loss: 2.4399 acc: 0.6964 time 11.17s
[Train epoch 51] avg_loss=2.4399 avg_acc=0.6964 | per-class [c0: 0.765, c1: 0.758, c2: 0.731]
Final training 51/149, loss: 2.4399, time 321.95s, lr: 0.000395
Accuracy: 0.750
class                  precision    recall   specificity      f1   support
--------------------------------------------------------------------------
0                          0.825     0.765         0.890   0.794        68
1                          0.641     0.758         0.896   0.694        33
2                          0.742     0.731         0.832   0.737        67
*----------------------------------------*
Val 51/150 0/43, Acc: 0.0000, time 2.09s
Val 51/150 1/43, Acc: 0.5000, time 1.96s
Val 51/150 2/43, Acc: 0.6667, time 1.96s
Val 51/150 3/43, Acc: 0.7500, time 2.02s
Val 51/150 4/43, Acc: 0.8000, time 1.97s
Val 51/150 5/43, Acc: 0.6667, time 1.96s
Val 51/150 6/43, Acc: 0.7143, time 2.09s
Val 51/150 7/43, Acc: 0.6250, time 2.06s
Val 51/150 8/43, Acc: 0.6667, time 2.01s
Val 51/150 9/43, Acc: 0.7000, time 2.03s
Val 51/150 10/43, Acc: 0.7273, time 1.94s
Val 51/150 11/43, Acc: 0.6667, time 2.07s
Val 51/150 12/43, Acc: 0.6154, time 1.97s
Val 51/150 13/43, Acc: 0.5714, time 2.09s
Val 51/150 14/43, Acc: 0.6000, time 2.11s
Val 51/150 15/43, Acc: 0.6250, time 2.17s
Val 51/150 16/43, Acc: 0.5882, time 2.06s
Val 51/150 17/43, Acc: 0.6111, time 1.95s
Val 51/150 18/43, Acc: 0.6316, time 2.11s
Val 51/150 19/43, Acc: 0.6000, time 1.95s
Val 51/150 20/43, Acc: 0.6190, time 2.07s
Val 51/150 21/43, Acc: 0.6364, time 2.12s
Val 51/150 22/43, Acc: 0.6087, time 2.07s
Val 51/150 23/43, Acc: 0.5833, time 2.07s
Val 51/150 24/43, Acc: 0.6000, time 2.01s
Val 51/150 25/43, Acc: 0.6154, time 2.04s
Val 51/150 26/43, Acc: 0.6296, time 1.96s
Val 51/150 27/43, Acc: 0.6429, time 2.05s
Val 51/150 28/43, Acc: 0.6552, time 2.02s
Val 51/150 29/43, Acc: 0.6333, time 1.95s
Val 51/150 30/43, Acc: 0.6452, time 1.97s
Val 51/150 31/43, Acc: 0.6562, time 2.05s
Val 51/150 32/43, Acc: 0.6364, time 2.05s
Val 51/150 33/43, Acc: 0.6471, time 1.97s
Val 51/150 34/43, Acc: 0.6571, time 2.04s
Val 51/150 35/43, Acc: 0.6667, time 2.06s
Val 51/150 36/43, Acc: 0.6757, time 2.03s
Val 51/150 37/43, Acc: 0.6579, time 2.06s
Val 51/150 38/43, Acc: 0.6667, time 1.95s
Val 51/150 39/43, Acc: 0.6750, time 2.07s
Val 51/150 40/43, Acc: 0.6829, time 2.05s
Val 51/150 41/43, Acc: 0.6905, time 2.02s
Val 51/150 42/43, Acc: 0.6977, time 2.12s
[Val epoch 51] avg_acc=0.6977 | per-class [c0: 0.529, c1: 1.000, c2: 0.706]
Final validation 51/149, Val_acc: 0.6977, time 87.35sAccuracy: 0.698
class                  precision    recall   specificity      f1   support
--------------------------------------------------------------------------
0                          0.900     0.529         0.962   0.667        17
1                          0.529     1.000         0.765   0.692         9
2                          0.750     0.706         0.846   0.727        17
*========================================*
Saving checkpoint outputs/OrganoidsINRIA/swinunetr/2025-11-03-09-58/model_final.pt
0 Mon Nov  3 15:00:31 2025 Epoch: 52
Epoch: 52/150 Iter: 0/28 loss: 2.2220 acc: 0.8333 time 14.41s
Epoch: 52/150 Iter: 1/28 loss: 2.0326 acc: 0.7778 time 11.02s
Epoch: 52/150 Iter: 2/28 loss: 1.6243 acc: 0.8519 time 11.00s
Epoch: 52/150 Iter: 3/28 loss: 1.6540 acc: 0.8472 time 13.07s
Epoch: 52/150 Iter: 4/28 loss: 1.6072 acc: 0.8111 time 11.04s
Epoch: 52/150 Iter: 5/28 loss: 1.8905 acc: 0.8009 time 11.21s
Epoch: 52/150 Iter: 6/28 loss: 2.0648 acc: 0.7500 time 13.08s
Epoch: 52/150 Iter: 7/28 loss: 1.9238 acc: 0.7292 time 12.97s
Epoch: 52/150 Iter: 8/28 loss: 2.0121 acc: 0.7222 time 10.94s
Epoch: 52/150 Iter: 9/28 loss: 2.1039 acc: 0.6833 time 11.04s
Epoch: 52/150 Iter: 10/28 loss: 1.9814 acc: 0.7121 time 10.98s
Epoch: 52/150 Iter: 11/28 loss: 2.1048 acc: 0.6852 time 11.02s
Epoch: 52/150 Iter: 12/28 loss: 2.1460 acc: 0.6966 time 12.98s
Epoch: 52/150 Iter: 13/28 loss: 2.2777 acc: 0.6706 time 10.97s
Epoch: 52/150 Iter: 14/28 loss: 2.2672 acc: 0.6815 time 12.98s
Epoch: 52/150 Iter: 15/28 loss: 2.2137 acc: 0.6736 time 11.06s
Epoch: 52/150 Iter: 16/28 loss: 2.2211 acc: 0.6585 time 10.97s
Epoch: 52/150 Iter: 17/28 loss: 2.1865 acc: 0.6728 time 11.03s
Epoch: 52/150 Iter: 18/28 loss: 2.1315 acc: 0.6608 time 10.97s
Epoch: 52/150 Iter: 19/28 loss: 2.1263 acc: 0.6590 time 10.97s
Epoch: 52/150 Iter: 20/28 loss: 2.1366 acc: 0.6594 time 12.97s
Epoch: 52/150 Iter: 21/28 loss: 2.2203 acc: 0.6484 time 12.95s
Epoch: 52/150 Iter: 22/28 loss: 2.1600 acc: 0.6528 time 10.95s
Epoch: 52/150 Iter: 23/28 loss: 2.1972 acc: 0.6510 time 11.00s
Epoch: 52/150 Iter: 24/28 loss: 2.3127 acc: 0.6494 time 12.96s
Epoch: 52/150 Iter: 25/28 loss: 2.2671 acc: 0.6629 time 10.93s
Epoch: 52/150 Iter: 26/28 loss: 2.2160 acc: 0.6713 time 10.94s
Epoch: 52/150 Iter: 27/28 loss: 2.1715 acc: 0.6791 time 12.97s
[Train epoch 52] avg_loss=2.1715 avg_acc=0.6791 | per-class [c0: 0.706, c1: 0.765, c2: 0.667]
Final training 52/149, loss: 2.1715, time 329.43s, lr: 0.000391
Accuracy: 0.702
class                  precision    recall   specificity      f1   support
--------------------------------------------------------------------------
0                          0.800     0.706         0.880   0.750        68
1                          0.520     0.765         0.821   0.619        34
2                          0.759     0.667         0.863   0.710        66
*----------------------------------------*
0 Mon Nov  3 15:06:01 2025 Epoch: 53
Epoch: 53/150 Iter: 0/28 loss: 3.2358 acc: 0.3333 time 15.01s
Epoch: 53/150 Iter: 1/28 loss: 2.7257 acc: 0.5833 time 11.09s
Epoch: 53/150 Iter: 2/28 loss: 2.5292 acc: 0.4722 time 11.06s
Epoch: 53/150 Iter: 3/28 loss: 2.6214 acc: 0.4514 time 11.02s
Epoch: 53/150 Iter: 4/28 loss: 2.7756 acc: 0.4278 time 10.98s
Epoch: 53/150 Iter: 5/28 loss: 2.6636 acc: 0.4491 time 11.07s
Epoch: 53/150 Iter: 6/28 loss: 2.5437 acc: 0.5040 time 11.03s
Epoch: 53/150 Iter: 7/28 loss: 2.4231 acc: 0.5035 time 10.98s
Epoch: 53/150 Iter: 8/28 loss: 2.3357 acc: 0.5278 time 13.06s
Epoch: 53/150 Iter: 9/28 loss: 2.2858 acc: 0.5639 time 11.05s
Epoch: 53/150 Iter: 10/28 loss: 2.2452 acc: 0.5934 time 13.01s
Epoch: 53/150 Iter: 11/28 loss: 2.1940 acc: 0.6204 time 11.04s
Epoch: 53/150 Iter: 12/28 loss: 2.1112 acc: 0.6410 time 10.93s
Epoch: 53/150 Iter: 13/28 loss: 2.1413 acc: 0.6429 time 10.92s
Epoch: 53/150 Iter: 14/28 loss: 2.0962 acc: 0.6278 time 13.02s
Epoch: 53/150 Iter: 15/28 loss: 2.0329 acc: 0.6510 time 10.91s
Epoch: 53/150 Iter: 16/28 loss: 1.9475 acc: 0.6716 time 13.05s
Epoch: 53/150 Iter: 17/28 loss: 2.0091 acc: 0.6651 time 11.22s
Epoch: 53/150 Iter: 18/28 loss: 1.9989 acc: 0.6827 time 11.01s
Epoch: 53/150 Iter: 19/28 loss: 2.1745 acc: 0.6681 time 12.99s
Epoch: 53/150 Iter: 20/28 loss: 2.1529 acc: 0.6786 time 13.22s
Epoch: 53/150 Iter: 21/28 loss: 2.2282 acc: 0.6742 time 11.03s
Epoch: 53/150 Iter: 22/28 loss: 2.2958 acc: 0.6739 time 11.04s
Epoch: 53/150 Iter: 23/28 loss: 2.3472 acc: 0.6690 time 10.93s
Epoch: 53/150 Iter: 24/28 loss: 2.3476 acc: 0.6622 time 10.97s
Epoch: 53/150 Iter: 25/28 loss: 2.2891 acc: 0.6752 time 10.93s
Epoch: 53/150 Iter: 26/28 loss: 2.2438 acc: 0.6749 time 11.04s
Epoch: 53/150 Iter: 27/28 loss: 2.2491 acc: 0.6706 time 10.97s
[Train epoch 53] avg_loss=2.2491 avg_acc=0.6706 | per-class [c0: 0.697, c1: 0.794, c2: 0.750]
Final training 53/149, loss: 2.2491, time 324.61s, lr: 0.000386
Accuracy: 0.738
class                  precision    recall   specificity      f1   support
--------------------------------------------------------------------------
0                          0.885     0.697         0.941   0.780        66
1                          0.587     0.794         0.858   0.675        34
2                          0.729     0.750         0.810   0.739        68
*----------------------------------------*
0 Mon Nov  3 15:11:25 2025 Epoch: 54
Epoch: 54/150 Iter: 0/28 loss: 2.4892 acc: 0.7778 time 15.10s
Epoch: 54/150 Iter: 1/28 loss: 1.9609 acc: 0.5972 time 11.00s
Epoch: 54/150 Iter: 2/28 loss: 1.8984 acc: 0.7037 time 13.04s
Epoch: 54/150 Iter: 3/28 loss: 1.7660 acc: 0.7361 time 10.97s
Epoch: 54/150 Iter: 4/28 loss: 1.9454 acc: 0.6722 time 11.37s
Epoch: 54/150 Iter: 5/28 loss: 1.9971 acc: 0.6250 time 11.03s
Epoch: 54/150 Iter: 6/28 loss: 2.6060 acc: 0.6230 time 11.05s
Epoch: 54/150 Iter: 7/28 loss: 2.5111 acc: 0.6563 time 11.09s
Epoch: 54/150 Iter: 8/28 loss: 2.8662 acc: 0.6204 time 11.03s
Epoch: 54/150 Iter: 9/28 loss: 2.8775 acc: 0.6500 time 11.05s
Epoch: 54/150 Iter: 10/28 loss: 2.8394 acc: 0.6717 time 10.97s
Epoch: 54/150 Iter: 11/28 loss: 2.7048 acc: 0.6782 time 11.05s
Epoch: 54/150 Iter: 12/28 loss: 2.6379 acc: 0.6902 time 10.98s
Epoch: 54/150 Iter: 13/28 loss: 2.5423 acc: 0.7044 time 10.98s
Epoch: 54/150 Iter: 14/28 loss: 2.5195 acc: 0.7167 time 10.94s
Epoch: 54/150 Iter: 15/28 loss: 2.5226 acc: 0.7292 time 10.96s
Epoch: 54/150 Iter: 16/28 loss: 2.4209 acc: 0.7353 time 10.99s
Epoch: 54/150 Iter: 17/28 loss: 2.4205 acc: 0.7315 time 11.05s
Epoch: 54/150 Iter: 18/28 loss: 2.3473 acc: 0.7456 time 12.98s
Epoch: 54/150 Iter: 19/28 loss: 2.2949 acc: 0.7583 time 11.09s
Epoch: 54/150 Iter: 20/28 loss: 2.2467 acc: 0.7646 time 10.93s
Epoch: 54/150 Iter: 21/28 loss: 2.2489 acc: 0.7677 time 10.96s
Epoch: 54/150 Iter: 22/28 loss: 2.2324 acc: 0.7633 time 10.94s
Epoch: 54/150 Iter: 23/28 loss: 2.2289 acc: 0.7685 time 10.97s
Epoch: 54/150 Iter: 24/28 loss: 2.2184 acc: 0.7644 time 13.01s
Epoch: 54/150 Iter: 25/28 loss: 2.1903 acc: 0.7671 time 10.92s
Epoch: 54/150 Iter: 26/28 loss: 2.2188 acc: 0.7584 time 11.00s
Epoch: 54/150 Iter: 27/28 loss: 2.1949 acc: 0.7552 time 12.96s
[Train epoch 54] avg_loss=2.1949 avg_acc=0.7552 | per-class [c0: 0.721, c1: 0.818, c2: 0.761]
Final training 54/149, loss: 2.1949, time 320.44s, lr: 0.000381
Accuracy: 0.756
class                  precision    recall   specificity      f1   support
--------------------------------------------------------------------------
0                          0.860     0.721         0.920   0.784        68
1                          0.614     0.818         0.874   0.701        33
2                          0.761     0.761         0.842   0.761        67
*----------------------------------------*
0 Mon Nov  3 15:16:46 2025 Epoch: 55
Epoch: 55/150 Iter: 0/28 loss: 3.3752 acc: 0.7222 time 13.41s
Epoch: 55/150 Iter: 1/28 loss: 2.0827 acc: 0.8611 time 11.23s
Epoch: 55/150 Iter: 2/28 loss: 1.6649 acc: 0.8519 time 11.02s
Epoch: 55/150 Iter: 3/28 loss: 1.7178 acc: 0.8472 time 11.37s
Epoch: 55/150 Iter: 4/28 loss: 1.6224 acc: 0.7778 time 13.07s
Epoch: 55/150 Iter: 5/28 loss: 1.6030 acc: 0.7593 time 13.16s
Epoch: 55/150 Iter: 6/28 loss: 1.7560 acc: 0.7619 time 11.24s
Epoch: 55/150 Iter: 7/28 loss: 2.0254 acc: 0.7500 time 11.19s
Epoch: 55/150 Iter: 8/28 loss: 1.9490 acc: 0.7222 time 13.08s
Epoch: 55/150 Iter: 9/28 loss: 1.7831 acc: 0.7500 time 10.97s
Epoch: 55/150 Iter: 10/28 loss: 1.9246 acc: 0.7525 time 10.94s
Epoch: 55/150 Iter: 11/28 loss: 1.8826 acc: 0.7731 time 11.22s
Epoch: 55/150 Iter: 12/28 loss: 2.3720 acc: 0.7436 time 10.97s
Epoch: 55/150 Iter: 13/28 loss: 2.2980 acc: 0.7286 time 10.98s
Epoch: 55/150 Iter: 14/28 loss: 2.3309 acc: 0.7207 time 10.90s
Epoch: 55/150 Iter: 15/28 loss: 2.3317 acc: 0.7208 time 13.01s
Epoch: 55/150 Iter: 16/28 loss: 2.3201 acc: 0.7111 time 10.99s
Epoch: 55/150 Iter: 17/28 loss: 2.3116 acc: 0.6948 time 10.92s
Epoch: 55/150 Iter: 18/28 loss: 2.3099 acc: 0.6977 time 11.15s
Epoch: 55/150 Iter: 19/28 loss: 2.3166 acc: 0.7072 time 13.02s
Epoch: 55/150 Iter: 20/28 loss: 2.2353 acc: 0.7212 time 10.94s
Epoch: 55/150 Iter: 21/28 loss: 2.2127 acc: 0.7066 time 11.17s
Epoch: 55/150 Iter: 22/28 loss: 2.1987 acc: 0.7048 time 11.14s
Epoch: 55/150 Iter: 23/28 loss: 2.2282 acc: 0.6998 time 10.95s
Epoch: 55/150 Iter: 24/28 loss: 2.1960 acc: 0.7118 time 13.02s
Epoch: 55/150 Iter: 25/28 loss: 2.1438 acc: 0.7229 time 11.08s
Epoch: 55/150 Iter: 26/28 loss: 2.1416 acc: 0.7249 time 10.96s
Epoch: 55/150 Iter: 27/28 loss: 2.1717 acc: 0.7169 time 11.17s
[Train epoch 55] avg_loss=2.1717 avg_acc=0.7169 | per-class [c0: 0.682, c1: 0.853, c2: 0.809]
Final training 55/149, loss: 2.1717, time 324.33s, lr: 0.000377
Accuracy: 0.768
class                  precision    recall   specificity      f1   support
--------------------------------------------------------------------------
0                          0.833     0.682         0.912   0.750        66
1                          0.725     0.853         0.918   0.784        34
2                          0.743     0.809         0.810   0.775        68
*----------------------------------------*
Val 55/150 0/43, Acc: 0.0000, time 2.09s
Val 55/150 1/43, Acc: 0.5000, time 1.96s
Val 55/150 2/43, Acc: 0.6667, time 1.96s
Val 55/150 3/43, Acc: 0.7500, time 2.01s
Val 55/150 4/43, Acc: 0.8000, time 1.97s
Val 55/150 5/43, Acc: 0.6667, time 1.96s
Val 55/150 6/43, Acc: 0.7143, time 2.08s
Val 55/150 7/43, Acc: 0.7500, time 2.07s
Val 55/150 8/43, Acc: 0.7778, time 2.01s
Val 55/150 9/43, Acc: 0.8000, time 2.02s
Val 55/150 10/43, Acc: 0.8182, time 1.94s
Val 55/150 11/43, Acc: 0.7500, time 2.07s
Val 55/150 12/43, Acc: 0.6923, time 1.96s
Val 55/150 13/43, Acc: 0.6429, time 2.08s
Val 55/150 14/43, Acc: 0.6667, time 2.09s
Val 55/150 15/43, Acc: 0.6875, time 2.16s
Val 55/150 16/43, Acc: 0.6471, time 2.06s
Val 55/150 17/43, Acc: 0.6667, time 1.95s
Val 55/150 18/43, Acc: 0.6842, time 2.10s
Val 55/150 19/43, Acc: 0.7000, time 1.95s
Val 55/150 20/43, Acc: 0.7143, time 2.07s
Val 55/150 21/43, Acc: 0.7273, time 2.11s
Val 55/150 22/43, Acc: 0.6957, time 2.07s
Val 55/150 23/43, Acc: 0.6667, time 2.07s
Val 55/150 24/43, Acc: 0.6800, time 2.01s
Val 55/150 25/43, Acc: 0.6923, time 2.05s
Val 55/150 26/43, Acc: 0.7037, time 1.95s
Val 55/150 27/43, Acc: 0.7143, time 2.04s
Val 55/150 28/43, Acc: 0.7241, time 2.02s
Val 55/150 29/43, Acc: 0.7000, time 1.95s
Val 55/150 30/43, Acc: 0.6774, time 1.96s
Val 55/150 31/43, Acc: 0.6875, time 2.05s
Val 55/150 32/43, Acc: 0.6970, time 2.04s
Val 55/150 33/43, Acc: 0.7059, time 1.96s
Val 55/150 34/43, Acc: 0.7143, time 2.03s
Val 55/150 35/43, Acc: 0.6944, time 2.06s
Val 55/150 36/43, Acc: 0.7027, time 2.03s
Val 55/150 37/43, Acc: 0.6842, time 2.06s
Val 55/150 38/43, Acc: 0.6923, time 1.95s
Val 55/150 39/43, Acc: 0.7000, time 2.06s
Val 55/150 40/43, Acc: 0.7073, time 2.03s
Val 55/150 41/43, Acc: 0.7143, time 2.03s
Val 55/150 42/43, Acc: 0.7209, time 2.11s
[Val epoch 55] avg_acc=0.7209 | per-class [c0: 0.471, c1: 0.889, c2: 0.882]
Final validation 55/149, Val_acc: 0.7209, time 87.21sAccuracy: 0.721
class                  precision    recall   specificity      f1   support
--------------------------------------------------------------------------
0                          1.000     0.471         1.000   0.640        17
1                          0.615     0.889         0.853   0.727         9
2                          0.682     0.882         0.731   0.769        17
*========================================*
Saving checkpoint outputs/OrganoidsINRIA/swinunetr/2025-11-03-09-58/model_final.pt
0 Mon Nov  3 15:23:42 2025 Epoch: 56
Epoch: 56/150 Iter: 0/28 loss: 3.3031 acc: 0.6667 time 17.58s
Epoch: 56/150 Iter: 1/28 loss: 2.3759 acc: 0.7778 time 11.17s
Epoch: 56/150 Iter: 2/28 loss: 1.9383 acc: 0.8519 time 11.03s
Epoch: 56/150 Iter: 3/28 loss: 1.8758 acc: 0.8472 time 11.04s
Epoch: 56/150 Iter: 4/28 loss: 1.7133 acc: 0.8778 time 11.03s
Epoch: 56/150 Iter: 5/28 loss: 1.8641 acc: 0.8704 time 11.26s
Epoch: 56/150 Iter: 6/28 loss: 1.7976 acc: 0.8889 time 11.09s
Epoch: 56/150 Iter: 7/28 loss: 1.6405 acc: 0.9028 time 10.98s
Epoch: 56/150 Iter: 8/28 loss: 1.7557 acc: 0.8765 time 10.98s
Epoch: 56/150 Iter: 9/28 loss: 1.6933 acc: 0.8778 time 10.95s
Epoch: 56/150 Iter: 10/28 loss: 1.6428 acc: 0.8485 time 11.01s
Epoch: 56/150 Iter: 11/28 loss: 2.1626 acc: 0.8125 time 11.22s
Epoch: 56/150 Iter: 12/28 loss: 2.1520 acc: 0.7756 time 10.92s
Epoch: 56/150 Iter: 13/28 loss: 2.0907 acc: 0.7827 time 10.96s
Epoch: 56/150 Iter: 14/28 loss: 2.0614 acc: 0.7861 time 13.01s
Epoch: 56/150 Iter: 15/28 loss: 2.0737 acc: 0.7648 time 11.03s
Epoch: 56/150 Iter: 16/28 loss: 2.0538 acc: 0.7721 time 10.96s
Epoch: 56/150 Iter: 17/28 loss: 2.0722 acc: 0.7662 time 13.15s
Epoch: 56/150 Iter: 18/28 loss: 2.2014 acc: 0.7654 time 10.99s
Epoch: 56/150 Iter: 19/28 loss: 2.2115 acc: 0.7521 time 12.96s
Epoch: 56/150 Iter: 20/28 loss: 2.1534 acc: 0.7639 time 11.00s
Epoch: 56/150 Iter: 21/28 loss: 2.1349 acc: 0.7494 time 11.19s
Epoch: 56/150 Iter: 22/28 loss: 2.1287 acc: 0.7566 time 11.00s
Epoch: 56/150 Iter: 23/28 loss: 2.1319 acc: 0.7598 time 10.95s
Epoch: 56/150 Iter: 24/28 loss: 2.0769 acc: 0.7694 time 10.95s
Epoch: 56/150 Iter: 25/28 loss: 2.0518 acc: 0.7783 time 11.10s
Epoch: 56/150 Iter: 26/28 loss: 2.0178 acc: 0.7824 time 10.94s
Epoch: 56/150 Iter: 27/28 loss: 1.9726 acc: 0.7902 time 11.07s
[Train epoch 56] avg_loss=1.9726 avg_acc=0.7902 | per-class [c0: 0.761, c1: 0.848, c2: 0.794]
Final training 56/149, loss: 1.9726, time 321.55s, lr: 0.000372
Accuracy: 0.792
class                  precision    recall   specificity      f1   support
--------------------------------------------------------------------------
0                          0.836     0.761         0.901   0.797        67
1                          0.718     0.848         0.919   0.778        33
2                          0.794     0.794         0.860   0.794        68
*----------------------------------------*
0 Mon Nov  3 15:29:04 2025 Epoch: 57
Epoch: 57/150 Iter: 0/28 loss: 1.7763 acc: 0.5833 time 14.49s
Epoch: 57/150 Iter: 1/28 loss: 1.5588 acc: 0.5833 time 11.03s
Epoch: 57/150 Iter: 2/28 loss: 1.3090 acc: 0.7222 time 11.03s
Epoch: 57/150 Iter: 3/28 loss: 1.6837 acc: 0.6875 time 11.04s
Epoch: 57/150 Iter: 4/28 loss: 1.7040 acc: 0.6944 time 11.27s
Epoch: 57/150 Iter: 5/28 loss: 1.9936 acc: 0.6620 time 13.19s
Epoch: 57/150 Iter: 6/28 loss: 1.7963 acc: 0.7103 time 11.02s
Epoch: 57/150 Iter: 7/28 loss: 1.6235 acc: 0.7465 time 11.04s
Epoch: 57/150 Iter: 8/28 loss: 1.8043 acc: 0.7377 time 11.04s
Epoch: 57/150 Iter: 9/28 loss: 1.9109 acc: 0.7083 time 11.20s
Epoch: 57/150 Iter: 10/28 loss: 1.8785 acc: 0.6843 time 13.12s
Epoch: 57/150 Iter: 11/28 loss: 1.8790 acc: 0.6968 time 13.28s
Epoch: 57/150 Iter: 12/28 loss: 1.8351 acc: 0.7115 time 10.97s
Epoch: 57/150 Iter: 13/28 loss: 1.7750 acc: 0.7242 time 10.97s
Epoch: 57/150 Iter: 14/28 loss: 1.7116 acc: 0.7352 time 11.02s
Epoch: 57/150 Iter: 15/28 loss: 1.7170 acc: 0.7413 time 11.30s
Epoch: 57/150 Iter: 16/28 loss: 1.7333 acc: 0.7369 time 10.97s
Epoch: 57/150 Iter: 17/28 loss: 1.6809 acc: 0.7515 time 10.92s
Epoch: 57/150 Iter: 18/28 loss: 1.6321 acc: 0.7646 time 11.10s
Epoch: 57/150 Iter: 19/28 loss: 1.7521 acc: 0.7597 time 13.03s
Epoch: 57/150 Iter: 20/28 loss: 1.6876 acc: 0.7712 time 10.91s
Epoch: 57/150 Iter: 21/28 loss: 1.7296 acc: 0.7614 time 11.05s
Epoch: 57/150 Iter: 22/28 loss: 1.8882 acc: 0.7597 time 10.95s
Epoch: 57/150 Iter: 23/28 loss: 1.8509 acc: 0.7627 time 11.08s
Epoch: 57/150 Iter: 24/28 loss: 1.8738 acc: 0.7589 time 11.22s
Epoch: 57/150 Iter: 25/28 loss: 1.8494 acc: 0.7618 time 10.89s
Epoch: 57/150 Iter: 26/28 loss: 1.8143 acc: 0.7706 time 10.95s
Epoch: 57/150 Iter: 27/28 loss: 1.8424 acc: 0.7579 time 10.99s
[Train epoch 57] avg_loss=1.8424 avg_acc=0.7579 | per-class [c0: 0.791, c1: 0.824, c2: 0.821]
Final training 57/149, loss: 1.8424, time 321.12s, lr: 0.000367
Accuracy: 0.810
class                  precision    recall   specificity      f1   support
--------------------------------------------------------------------------
0                          0.869     0.791         0.921   0.828        67
1                          0.737     0.824         0.925   0.778        34
2                          0.797     0.821         0.861   0.809        67
*----------------------------------------*
0 Mon Nov  3 15:34:25 2025 Epoch: 58
Epoch: 58/150 Iter: 0/28 loss: 1.1766 acc: 0.8333 time 15.40s
Epoch: 58/150 Iter: 1/28 loss: 1.0673 acc: 0.9167 time 13.01s
Epoch: 58/150 Iter: 2/28 loss: 1.4873 acc: 0.7778 time 13.04s
Epoch: 58/150 Iter: 3/28 loss: 1.2920 acc: 0.8333 time 13.01s
Epoch: 58/150 Iter: 4/28 loss: 1.5923 acc: 0.7833 time 12.99s
Epoch: 58/150 Iter: 5/28 loss: 1.4865 acc: 0.7917 time 11.17s
Epoch: 58/150 Iter: 6/28 loss: 1.5853 acc: 0.7897 time 13.07s
Epoch: 58/150 Iter: 7/28 loss: 1.7328 acc: 0.7535 time 11.06s
Epoch: 58/150 Iter: 8/28 loss: 1.9057 acc: 0.7438 time 11.05s
Epoch: 58/150 Iter: 9/28 loss: 1.7648 acc: 0.7294 time 11.32s
Epoch: 58/150 Iter: 10/28 loss: 1.9111 acc: 0.7389 time 10.98s
Epoch: 58/150 Iter: 11/28 loss: 1.8907 acc: 0.7606 time 11.10s
Epoch: 58/150 Iter: 12/28 loss: 2.0872 acc: 0.7406 time 11.08s
Epoch: 58/150 Iter: 13/28 loss: 2.0792 acc: 0.7472 time 10.93s
Epoch: 58/150 Iter: 14/28 loss: 2.0286 acc: 0.7419 time 10.98s
Epoch: 58/150 Iter: 15/28 loss: 1.9503 acc: 0.7580 time 10.94s
Epoch: 58/150 Iter: 16/28 loss: 1.9888 acc: 0.7673 time 11.00s
Epoch: 58/150 Iter: 17/28 loss: 2.0167 acc: 0.7617 time 10.97s
Epoch: 58/150 Iter: 18/28 loss: 1.9360 acc: 0.7743 time 10.97s
Epoch: 58/150 Iter: 19/28 loss: 1.9327 acc: 0.7689 time 11.10s
Epoch: 58/150 Iter: 20/28 loss: 1.9628 acc: 0.7561 time 11.01s
Epoch: 58/150 Iter: 21/28 loss: 1.9581 acc: 0.7470 time 10.97s
Epoch: 58/150 Iter: 22/28 loss: 1.9078 acc: 0.7580 time 11.01s
Epoch: 58/150 Iter: 23/28 loss: 2.0685 acc: 0.7368 time 11.10s
Epoch: 58/150 Iter: 24/28 loss: 2.0519 acc: 0.7423 time 11.10s
Epoch: 58/150 Iter: 25/28 loss: 2.0035 acc: 0.7458 time 11.05s
Epoch: 58/150 Iter: 26/28 loss: 2.0703 acc: 0.7326 time 10.92s
Epoch: 58/150 Iter: 27/28 loss: 2.0898 acc: 0.7273 time 10.97s
[Train epoch 58] avg_loss=2.0898 avg_acc=0.7273 | per-class [c0: 0.768, c1: 0.839, c2: 0.735]
Final training 58/149, loss: 2.0898, time 323.30s, lr: 0.000362
Accuracy: 0.768
class                  precision    recall   specificity      f1   support
--------------------------------------------------------------------------
0                          0.828     0.768         0.889   0.797        69
1                          0.650     0.839         0.898   0.732        31
2                          0.781     0.735         0.860   0.758        68
*----------------------------------------*
0 Mon Nov  3 15:39:48 2025 Epoch: 59
Epoch: 59/150 Iter: 0/28 loss: 2.6824 acc: 0.5000 time 18.11s
Epoch: 59/150 Iter: 1/28 loss: 3.2780 acc: 0.4583 time 11.24s
Epoch: 59/150 Iter: 2/28 loss: 2.8029 acc: 0.5648 time 11.08s
Epoch: 59/150 Iter: 3/28 loss: 2.5402 acc: 0.5278 time 13.17s
Epoch: 59/150 Iter: 4/28 loss: 2.4912 acc: 0.5444 time 11.18s
Epoch: 59/150 Iter: 5/28 loss: 2.3215 acc: 0.5926 time 10.97s
Epoch: 59/150 Iter: 6/28 loss: 2.3800 acc: 0.6349 time 11.27s
Epoch: 59/150 Iter: 7/28 loss: 2.2548 acc: 0.6597 time 11.35s
Epoch: 59/150 Iter: 8/28 loss: 2.2141 acc: 0.6420 time 11.22s
Epoch: 59/150 Iter: 9/28 loss: 2.2005 acc: 0.6667 time 10.99s
Epoch: 59/150 Iter: 10/28 loss: 2.2242 acc: 0.6439 time 13.08s
Epoch: 59/150 Iter: 11/28 loss: 2.1823 acc: 0.6458 time 11.07s
Epoch: 59/150 Iter: 12/28 loss: 2.0796 acc: 0.6474 time 11.08s
Epoch: 59/150 Iter: 13/28 loss: 2.3991 acc: 0.6488 time 11.16s
Epoch: 59/150 Iter: 14/28 loss: 2.5098 acc: 0.6315 time 10.94s
Epoch: 59/150 Iter: 15/28 loss: 2.5030 acc: 0.6233 time 10.99s
Epoch: 59/150 Iter: 16/28 loss: 2.4786 acc: 0.6291 time 10.98s
Epoch: 59/150 Iter: 17/28 loss: 2.3954 acc: 0.6404 time 10.92s
Epoch: 59/150 Iter: 18/28 loss: 2.4570 acc: 0.6330 time 11.09s
Epoch: 59/150 Iter: 19/28 loss: 2.4878 acc: 0.6403 time 13.15s
Epoch: 59/150 Iter: 20/28 loss: 2.4004 acc: 0.6574 time 13.16s
Epoch: 59/150 Iter: 21/28 loss: 2.3108 acc: 0.6730 time 11.02s
Epoch: 59/150 Iter: 22/28 loss: 2.2665 acc: 0.6727 time 10.96s
Epoch: 59/150 Iter: 23/28 loss: 2.2737 acc: 0.6771 time 13.07s
Epoch: 59/150 Iter: 24/28 loss: 2.2372 acc: 0.6900 time 12.97s
Epoch: 59/150 Iter: 25/28 loss: 2.1717 acc: 0.7019 time 11.10s
Epoch: 59/150 Iter: 26/28 loss: 2.1770 acc: 0.6957 time 10.97s
Epoch: 59/150 Iter: 27/28 loss: 2.1192 acc: 0.7065 time 11.12s
[Train epoch 59] avg_loss=2.1192 avg_acc=0.7065 | per-class [c0: 0.618, c1: 0.824, c2: 0.773]
Final training 59/149, loss: 2.1192, time 329.47s, lr: 0.000357
Accuracy: 0.720
class                  precision    recall   specificity      f1   support
--------------------------------------------------------------------------
0                          0.875     0.618         0.940   0.724        68
1                          0.596     0.824         0.858   0.691        34
2                          0.699     0.773         0.784   0.734        66
*----------------------------------------*
Val 59/150 0/43, Acc: 0.0000, time 2.18s
Val 59/150 1/43, Acc: 0.5000, time 1.96s
Val 59/150 2/43, Acc: 0.6667, time 1.98s
Val 59/150 3/43, Acc: 0.7500, time 2.02s
Val 59/150 4/43, Acc: 0.8000, time 1.97s
Val 59/150 5/43, Acc: 0.6667, time 1.96s
Val 59/150 6/43, Acc: 0.7143, time 2.10s
Val 59/150 7/43, Acc: 0.6250, time 2.08s
Val 59/150 8/43, Acc: 0.6667, time 2.01s
Val 59/150 9/43, Acc: 0.7000, time 2.02s
Val 59/150 10/43, Acc: 0.7273, time 1.94s
Val 59/150 11/43, Acc: 0.6667, time 2.07s
Val 59/150 12/43, Acc: 0.6154, time 1.97s
Val 59/150 13/43, Acc: 0.5714, time 2.09s
Val 59/150 14/43, Acc: 0.6000, time 2.11s
Val 59/150 15/43, Acc: 0.6250, time 2.19s
Val 59/150 16/43, Acc: 0.5882, time 2.07s
Val 59/150 17/43, Acc: 0.6111, time 1.96s
Val 59/150 18/43, Acc: 0.5789, time 2.10s
Val 59/150 19/43, Acc: 0.6000, time 1.95s
Val 59/150 20/43, Acc: 0.6190, time 2.07s
Val 59/150 21/43, Acc: 0.6364, time 2.12s
Val 59/150 22/43, Acc: 0.6087, time 2.07s
Val 59/150 23/43, Acc: 0.5833, time 2.07s
Val 59/150 24/43, Acc: 0.6000, time 2.01s
Val 59/150 25/43, Acc: 0.6154, time 2.05s
Val 59/150 26/43, Acc: 0.6296, time 1.95s
Val 59/150 27/43, Acc: 0.6071, time 2.04s
Val 59/150 28/43, Acc: 0.6207, time 2.02s
Val 59/150 29/43, Acc: 0.6000, time 1.98s
Val 59/150 30/43, Acc: 0.5806, time 1.99s
Val 59/150 31/43, Acc: 0.5938, time 2.06s
Val 59/150 32/43, Acc: 0.6061, time 2.06s
Val 59/150 33/43, Acc: 0.6176, time 2.00s
Val 59/150 34/43, Acc: 0.6286, time 2.04s
Val 59/150 35/43, Acc: 0.6389, time 2.07s
Val 59/150 36/43, Acc: 0.6216, time 2.03s
Val 59/150 37/43, Acc: 0.6053, time 2.07s
Val 59/150 38/43, Acc: 0.6154, time 1.96s
Val 59/150 39/43, Acc: 0.6250, time 2.07s
Val 59/150 40/43, Acc: 0.6341, time 2.04s
Val 59/150 41/43, Acc: 0.6429, time 2.03s
Val 59/150 42/43, Acc: 0.6512, time 2.13s
[Val epoch 59] avg_acc=0.6512 | per-class [c0: 0.529, c1: 0.889, c2: 0.647]
Final validation 59/149, Val_acc: 0.6512, time 87.66sAccuracy: 0.651
class                  precision    recall   specificity      f1   support
--------------------------------------------------------------------------
0                          0.692     0.529         0.846   0.600        17
1                          0.615     0.889         0.853   0.727         9
2                          0.647     0.647         0.769   0.647        17
*========================================*
Saving checkpoint outputs/OrganoidsINRIA/swinunetr/2025-11-03-09-58/model_final.pt
0 Mon Nov  3 15:46:50 2025 Epoch: 60
Epoch: 60/150 Iter: 0/28 loss: 0.7637 acc: 1.0000 time 16.46s
Epoch: 60/150 Iter: 1/28 loss: 1.9705 acc: 0.8333 time 11.24s
Epoch: 60/150 Iter: 2/28 loss: 1.6076 acc: 0.7778 time 10.97s
Epoch: 60/150 Iter: 3/28 loss: 1.5277 acc: 0.8333 time 11.16s
Epoch: 60/150 Iter: 4/28 loss: 1.4877 acc: 0.7778 time 10.99s
Epoch: 60/150 Iter: 5/28 loss: 1.5440 acc: 0.7870 time 11.02s
Epoch: 60/150 Iter: 6/28 loss: 1.5739 acc: 0.7460 time 11.03s
Epoch: 60/150 Iter: 7/28 loss: 1.6016 acc: 0.7500 time 13.07s
Epoch: 60/150 Iter: 8/28 loss: 1.5045 acc: 0.7778 time 11.01s
Epoch: 60/150 Iter: 9/28 loss: 1.4682 acc: 0.7833 time 13.11s
Epoch: 60/150 Iter: 10/28 loss: 1.3962 acc: 0.8030 time 11.04s
Epoch: 60/150 Iter: 11/28 loss: 1.4521 acc: 0.7639 time 11.07s
Epoch: 60/150 Iter: 12/28 loss: 1.4562 acc: 0.7500 time 10.97s
Epoch: 60/150 Iter: 13/28 loss: 1.3898 acc: 0.7679 time 10.96s
Epoch: 60/150 Iter: 14/28 loss: 1.3905 acc: 0.7722 time 12.99s
Epoch: 60/150 Iter: 15/28 loss: 1.4343 acc: 0.7573 time 11.00s
Epoch: 60/150 Iter: 16/28 loss: 1.5214 acc: 0.7389 time 10.93s
Epoch: 60/150 Iter: 17/28 loss: 1.6456 acc: 0.7349 time 11.03s
Epoch: 60/150 Iter: 18/28 loss: 1.7537 acc: 0.7401 time 12.99s
Epoch: 60/150 Iter: 19/28 loss: 1.6971 acc: 0.7447 time 10.96s
Epoch: 60/150 Iter: 20/28 loss: 1.6827 acc: 0.7569 time 10.96s
Epoch: 60/150 Iter: 21/28 loss: 1.7638 acc: 0.7402 time 10.97s
Epoch: 60/150 Iter: 22/28 loss: 1.7118 acc: 0.7514 time 10.99s
Epoch: 60/150 Iter: 23/28 loss: 1.7981 acc: 0.7410 time 13.02s
Epoch: 60/150 Iter: 24/28 loss: 1.8648 acc: 0.7247 time 12.99s
Epoch: 60/150 Iter: 25/28 loss: 1.9331 acc: 0.7267 time 11.01s
Epoch: 60/150 Iter: 26/28 loss: 1.8939 acc: 0.7368 time 10.98s
Epoch: 60/150 Iter: 27/28 loss: 1.9257 acc: 0.7254 time 10.98s
[Train epoch 60] avg_loss=1.9257 avg_acc=0.7254 | per-class [c0: 0.806, c1: 0.824, c2: 0.761]
Final training 60/149, loss: 1.9257, time 325.92s, lr: 0.000352
Accuracy: 0.792
class                  precision    recall   specificity      f1   support
--------------------------------------------------------------------------
0                          0.831     0.806         0.891   0.818        67
1                          0.651     0.824         0.888   0.727        34
2                          0.850     0.761         0.911   0.803        67
*----------------------------------------*
0 Mon Nov  3 15:52:17 2025 Epoch: 61
Epoch: 61/150 Iter: 0/28 loss: 0.4822 acc: 1.0000 time 15.47s
Epoch: 61/150 Iter: 1/28 loss: 1.0457 acc: 0.9444 time 13.02s
Epoch: 61/150 Iter: 2/28 loss: 0.8176 acc: 0.9630 time 11.12s
Epoch: 61/150 Iter: 3/28 loss: 0.7932 acc: 0.9722 time 12.99s
Epoch: 61/150 Iter: 4/28 loss: 0.9991 acc: 0.8778 time 11.01s
Epoch: 61/150 Iter: 5/28 loss: 1.0104 acc: 0.8704 time 10.97s
Epoch: 61/150 Iter: 6/28 loss: 1.1697 acc: 0.8413 time 10.95s
Epoch: 61/150 Iter: 7/28 loss: 1.3640 acc: 0.7778 time 13.12s
Epoch: 61/150 Iter: 8/28 loss: 1.3223 acc: 0.8025 time 13.29s
Epoch: 61/150 Iter: 9/28 loss: 1.2881 acc: 0.8056 time 11.05s
Epoch: 61/150 Iter: 10/28 loss: 1.3427 acc: 0.7854 time 12.98s
Epoch: 61/150 Iter: 11/28 loss: 1.4208 acc: 0.7894 time 11.03s
Epoch: 61/150 Iter: 12/28 loss: 1.5167 acc: 0.7799 time 10.92s
Epoch: 61/150 Iter: 13/28 loss: 1.4634 acc: 0.7956 time 12.98s
Epoch: 61/150 Iter: 14/28 loss: 1.4711 acc: 0.7704 time 10.96s
Epoch: 61/150 Iter: 15/28 loss: 1.4438 acc: 0.7743 time 10.97s
Epoch: 61/150 Iter: 16/28 loss: 1.4849 acc: 0.7810 time 13.05s
Epoch: 61/150 Iter: 17/28 loss: 1.4775 acc: 0.7809 time 10.95s
Epoch: 61/150 Iter: 18/28 loss: 1.5212 acc: 0.7807 time 10.94s
Epoch: 61/150 Iter: 19/28 loss: 1.5928 acc: 0.7683 time 13.04s
Epoch: 61/150 Iter: 20/28 loss: 1.5690 acc: 0.7556 time 11.08s
Epoch: 61/150 Iter: 21/28 loss: 1.5861 acc: 0.7591 time 10.98s
Epoch: 61/150 Iter: 22/28 loss: 1.5915 acc: 0.7623 time 10.95s
Epoch: 61/150 Iter: 23/28 loss: 1.6064 acc: 0.7688 time 13.03s
Epoch: 61/150 Iter: 24/28 loss: 1.6842 acc: 0.7669 time 10.98s
Epoch: 61/150 Iter: 25/28 loss: 1.7122 acc: 0.7545 time 10.95s
Epoch: 61/150 Iter: 26/28 loss: 1.6898 acc: 0.7590 time 10.99s
Epoch: 61/150 Iter: 27/28 loss: 1.7345 acc: 0.7557 time 10.98s
[Train epoch 61] avg_loss=1.7345 avg_acc=0.7557 | per-class [c0: 0.783, c1: 0.848, c2: 0.742]
Final training 61/149, loss: 1.7345, time 330.80s, lr: 0.000347
Accuracy: 0.780
class                  precision    recall   specificity      f1   support
--------------------------------------------------------------------------
0                          0.831     0.783         0.889   0.806        69
1                          0.683     0.848         0.904   0.757        33
2                          0.790     0.742         0.873   0.766        66
*----------------------------------------*
0 Mon Nov  3 15:57:48 2025 Epoch: 62
Epoch: 62/150 Iter: 0/28 loss: 6.4676 acc: 0.4444 time 15.86s
Epoch: 62/150 Iter: 1/28 loss: 4.3120 acc: 0.5556 time 11.04s
Epoch: 62/150 Iter: 2/28 loss: 3.3377 acc: 0.6667 time 11.01s
Epoch: 62/150 Iter: 3/28 loss: 2.6684 acc: 0.7500 time 10.98s
Epoch: 62/150 Iter: 4/28 loss: 2.4285 acc: 0.7667 time 10.99s
Epoch: 62/150 Iter: 5/28 loss: 2.6850 acc: 0.7500 time 11.27s
Epoch: 62/150 Iter: 6/28 loss: 2.9434 acc: 0.7381 time 11.25s
Epoch: 62/150 Iter: 7/28 loss: 2.8394 acc: 0.7292 time 11.03s
Epoch: 62/150 Iter: 8/28 loss: 2.5507 acc: 0.7593 time 13.07s
Epoch: 62/150 Iter: 9/28 loss: 2.5834 acc: 0.7278 time 13.02s
Epoch: 62/150 Iter: 10/28 loss: 2.4397 acc: 0.7424 time 13.03s
Epoch: 62/150 Iter: 11/28 loss: 2.3714 acc: 0.7431 time 11.07s
Epoch: 62/150 Iter: 12/28 loss: 2.3425 acc: 0.7415 time 10.98s
Epoch: 62/150 Iter: 13/28 loss: 2.2788 acc: 0.7401 time 11.13s
Epoch: 62/150 Iter: 14/28 loss: 2.3311 acc: 0.7463 time 11.00s
Epoch: 62/150 Iter: 15/28 loss: 2.3780 acc: 0.7413 time 10.99s
Epoch: 62/150 Iter: 16/28 loss: 2.3114 acc: 0.7304 time 10.97s
Epoch: 62/150 Iter: 17/28 loss: 2.3144 acc: 0.7269 time 10.97s
Epoch: 62/150 Iter: 18/28 loss: 2.2508 acc: 0.7412 time 10.95s
Epoch: 62/150 Iter: 19/28 loss: 2.2088 acc: 0.7458 time 13.00s
Epoch: 62/150 Iter: 20/28 loss: 2.1787 acc: 0.7500 time 11.06s
Epoch: 62/150 Iter: 21/28 loss: 2.2130 acc: 0.7437 time 11.01s
Epoch: 62/150 Iter: 22/28 loss: 2.1707 acc: 0.7403 time 10.96s
Epoch: 62/150 Iter: 23/28 loss: 2.2594 acc: 0.7303 time 11.10s
Epoch: 62/150 Iter: 24/28 loss: 2.2400 acc: 0.7344 time 11.01s
Epoch: 62/150 Iter: 25/28 loss: 2.2112 acc: 0.7286 time 10.93s
Epoch: 62/150 Iter: 26/28 loss: 2.2200 acc: 0.7115 time 12.99s
Epoch: 62/150 Iter: 27/28 loss: 2.1894 acc: 0.7188 time 11.23s
[Train epoch 62] avg_loss=2.1894 avg_acc=0.7188 | per-class [c0: 0.657, c1: 0.824, c2: 0.776]
Final training 62/149, loss: 2.1894, time 323.92s, lr: 0.000342
Accuracy: 0.738
class                  precision    recall   specificity      f1   support
--------------------------------------------------------------------------
0                          0.863     0.657         0.931   0.746        67
1                          0.622     0.824         0.873   0.709        34
2                          0.722     0.776         0.802   0.748        67
*----------------------------------------*
0 Mon Nov  3 16:03:12 2025 Epoch: 63
Epoch: 63/150 Iter: 0/28 loss: 1.7005 acc: 0.7222 time 14.88s
Epoch: 63/150 Iter: 1/28 loss: 1.4827 acc: 0.8611 time 13.13s
Epoch: 63/150 Iter: 2/28 loss: 5.4978 acc: 0.8333 time 12.98s
Epoch: 63/150 Iter: 3/28 loss: 5.2531 acc: 0.8472 time 11.08s
Epoch: 63/150 Iter: 4/28 loss: 4.5856 acc: 0.8444 time 12.98s
Epoch: 63/150 Iter: 5/28 loss: 4.1200 acc: 0.8519 time 13.04s
Epoch: 63/150 Iter: 6/28 loss: 3.7535 acc: 0.8413 time 11.24s
Epoch: 63/150 Iter: 7/28 loss: 3.3552 acc: 0.8611 time 11.27s
Epoch: 63/150 Iter: 8/28 loss: 3.1234 acc: 0.8627 time 13.28s
Epoch: 63/150 Iter: 9/28 loss: 3.0150 acc: 0.8297 time 11.04s
Epoch: 63/150 Iter: 10/28 loss: 2.8107 acc: 0.8149 time 11.26s
Epoch: 63/150 Iter: 11/28 loss: 2.7208 acc: 0.8072 time 11.09s
Epoch: 63/150 Iter: 12/28 loss: 2.7337 acc: 0.7835 time 11.05s
Epoch: 63/150 Iter: 13/28 loss: 2.5798 acc: 0.7990 time 10.97s
Epoch: 63/150 Iter: 14/28 loss: 2.5182 acc: 0.7902 time 13.16s
Epoch: 63/150 Iter: 15/28 loss: 2.4236 acc: 0.7964 time 12.96s
Epoch: 63/150 Iter: 16/28 loss: 2.3718 acc: 0.8034 time 10.98s
Epoch: 63/150 Iter: 17/28 loss: 2.4788 acc: 0.7866 time 11.02s
Epoch: 63/150 Iter: 18/28 loss: 2.4609 acc: 0.7934 time 10.95s
Epoch: 63/150 Iter: 19/28 loss: 2.3658 acc: 0.8038 time 11.08s
Epoch: 63/150 Iter: 20/28 loss: 2.2998 acc: 0.8131 time 10.91s
Epoch: 63/150 Iter: 21/28 loss: 2.2675 acc: 0.7943 time 10.98s
Epoch: 63/150 Iter: 22/28 loss: 2.1844 acc: 0.8033 time 10.94s
Epoch: 63/150 Iter: 23/28 loss: 2.1717 acc: 0.7809 time 11.01s
Epoch: 63/150 Iter: 24/28 loss: 2.1553 acc: 0.7719 time 12.95s
Epoch: 63/150 Iter: 25/28 loss: 2.1945 acc: 0.7636 time 13.00s
Epoch: 63/150 Iter: 26/28 loss: 2.2035 acc: 0.7662 time 13.02s
Epoch: 63/150 Iter: 27/28 loss: 2.2093 acc: 0.7656 time 10.95s
[Train epoch 63] avg_loss=2.2093 avg_acc=0.7656 | per-class [c0: 0.727, c1: 0.794, c2: 0.779]
Final training 63/149, loss: 2.2093, time 333.22s, lr: 0.000337
Accuracy: 0.762
class                  precision    recall   specificity      f1   support
--------------------------------------------------------------------------
0                          0.873     0.727         0.931   0.793        66
1                          0.659     0.794         0.896   0.720        34
2                          0.736     0.779         0.810   0.757        68
*----------------------------------------*
Val 63/150 0/43, Acc: 0.0000, time 2.09s
Val 63/150 1/43, Acc: 0.5000, time 2.00s
Val 63/150 2/43, Acc: 0.6667, time 1.96s
Val 63/150 3/43, Acc: 0.7500, time 2.02s
Val 63/150 4/43, Acc: 0.8000, time 1.97s
Val 63/150 5/43, Acc: 0.6667, time 1.97s
Val 63/150 6/43, Acc: 0.7143, time 2.09s
Val 63/150 7/43, Acc: 0.7500, time 2.06s
Val 63/150 8/43, Acc: 0.7778, time 2.01s
Val 63/150 9/43, Acc: 0.8000, time 2.02s
Val 63/150 10/43, Acc: 0.7273, time 1.94s
Val 63/150 11/43, Acc: 0.6667, time 2.08s
Val 63/150 12/43, Acc: 0.6923, time 2.00s
Val 63/150 13/43, Acc: 0.6429, time 2.09s
Val 63/150 14/43, Acc: 0.6667, time 2.10s
Val 63/150 15/43, Acc: 0.6875, time 2.16s
Val 63/150 16/43, Acc: 0.6471, time 2.05s
Val 63/150 17/43, Acc: 0.6667, time 1.98s
Val 63/150 18/43, Acc: 0.6842, time 2.11s
Val 63/150 19/43, Acc: 0.7000, time 1.95s
Val 63/150 20/43, Acc: 0.7143, time 2.07s
Val 63/150 21/43, Acc: 0.7273, time 2.12s
Val 63/150 22/43, Acc: 0.6957, time 2.07s
Val 63/150 23/43, Acc: 0.6667, time 2.07s
Val 63/150 24/43, Acc: 0.6800, time 2.01s
Val 63/150 25/43, Acc: 0.6923, time 2.04s
Val 63/150 26/43, Acc: 0.7037, time 1.95s
Val 63/150 27/43, Acc: 0.7143, time 2.04s
Val 63/150 28/43, Acc: 0.7241, time 2.02s
Val 63/150 29/43, Acc: 0.7333, time 1.99s
Val 63/150 30/43, Acc: 0.7097, time 1.97s
Val 63/150 31/43, Acc: 0.7188, time 2.04s
Val 63/150 32/43, Acc: 0.7273, time 2.05s
Val 63/150 33/43, Acc: 0.7353, time 1.97s
Val 63/150 34/43, Acc: 0.7429, time 2.03s
Val 63/150 35/43, Acc: 0.7500, time 2.06s
Val 63/150 36/43, Acc: 0.7568, time 2.03s
Val 63/150 37/43, Acc: 0.7368, time 2.07s
Val 63/150 38/43, Acc: 0.7436, time 1.95s
Val 63/150 39/43, Acc: 0.7500, time 2.07s
Val 63/150 40/43, Acc: 0.7317, time 2.05s
Val 63/150 41/43, Acc: 0.7381, time 2.02s
Val 63/150 42/43, Acc: 0.7442, time 2.11s
[Val epoch 63] avg_acc=0.7442 | per-class [c0: 0.471, c1: 0.778, c2: 1.000]
Final validation 63/149, Val_acc: 0.7442, time 87.42sAccuracy: 0.744
class                  precision    recall   specificity      f1   support
--------------------------------------------------------------------------
0                          1.000     0.471         1.000   0.640        17
1                          0.700     0.778         0.912   0.737         9
2                          0.680     1.000         0.692   0.810        17
*========================================*
Saving checkpoint outputs/OrganoidsINRIA/swinunetr/2025-11-03-09-58/model_final.pt
0 Mon Nov  3 16:10:17 2025 Epoch: 64
Epoch: 64/150 Iter: 0/28 loss: 1.8637 acc: 0.6667 time 14.64s
Epoch: 64/150 Iter: 1/28 loss: 1.5684 acc: 0.7778 time 12.98s
Epoch: 64/150 Iter: 2/28 loss: 2.4054 acc: 0.6296 time 11.34s
Epoch: 64/150 Iter: 3/28 loss: 2.0438 acc: 0.7222 time 11.34s
Epoch: 64/150 Iter: 4/28 loss: 1.8316 acc: 0.7778 time 10.97s
Epoch: 64/150 Iter: 5/28 loss: 1.5828 acc: 0.8148 time 13.13s
Epoch: 64/150 Iter: 6/28 loss: 1.5191 acc: 0.8413 time 12.97s
Epoch: 64/150 Iter: 7/28 loss: 1.4635 acc: 0.8056 time 12.99s
Epoch: 64/150 Iter: 8/28 loss: 1.6301 acc: 0.7901 time 11.01s
Epoch: 64/150 Iter: 9/28 loss: 1.6238 acc: 0.7778 time 11.04s
Epoch: 64/150 Iter: 10/28 loss: 1.6643 acc: 0.7639 time 11.07s
Epoch: 64/150 Iter: 11/28 loss: 1.6183 acc: 0.7836 time 13.22s
Epoch: 64/150 Iter: 12/28 loss: 1.6109 acc: 0.7575 time 10.96s
Epoch: 64/150 Iter: 13/28 loss: 1.5808 acc: 0.7748 time 12.95s
Epoch: 64/150 Iter: 14/28 loss: 1.5676 acc: 0.7602 time 11.10s
Epoch: 64/150 Iter: 15/28 loss: 1.6114 acc: 0.7700 time 13.00s
Epoch: 64/150 Iter: 16/28 loss: 1.6107 acc: 0.7737 time 11.07s
Epoch: 64/150 Iter: 17/28 loss: 1.6791 acc: 0.7801 time 11.02s
Epoch: 64/150 Iter: 18/28 loss: 1.6991 acc: 0.7741 time 13.12s
Epoch: 64/150 Iter: 19/28 loss: 1.7009 acc: 0.7799 time 13.04s
Epoch: 64/150 Iter: 20/28 loss: 1.6710 acc: 0.7824 time 13.05s
Epoch: 64/150 Iter: 21/28 loss: 1.6404 acc: 0.7847 time 10.95s
Epoch: 64/150 Iter: 22/28 loss: 1.7477 acc: 0.7796 time 11.01s
Epoch: 64/150 Iter: 23/28 loss: 1.7782 acc: 0.7656 time 11.02s
Epoch: 64/150 Iter: 24/28 loss: 1.7764 acc: 0.7661 time 10.95s
Epoch: 64/150 Iter: 25/28 loss: 1.8239 acc: 0.7495 time 13.14s
Epoch: 64/150 Iter: 26/28 loss: 1.7728 acc: 0.7587 time 12.95s
Epoch: 64/150 Iter: 27/28 loss: 1.7866 acc: 0.7515 time 11.02s
[Train epoch 64] avg_loss=1.7866 avg_acc=0.7515 | per-class [c0: 0.776, c1: 0.848, c2: 0.779]
Final training 64/149, loss: 1.7866, time 337.10s, lr: 0.000331
Accuracy: 0.792
class                  precision    recall   specificity      f1   support
--------------------------------------------------------------------------
0                          0.852     0.776         0.911   0.812        67
1                          0.667     0.848         0.896   0.747        33
2                          0.815     0.779         0.880   0.797        68
*----------------------------------------*
0 Mon Nov  3 16:15:54 2025 Epoch: 65
Epoch: 65/150 Iter: 0/28 loss: 0.8518 acc: 1.0000 time 17.37s
Epoch: 65/150 Iter: 1/28 loss: 1.6320 acc: 0.9583 time 11.00s
Epoch: 65/150 Iter: 2/28 loss: 1.3479 acc: 0.9167 time 11.03s
Epoch: 65/150 Iter: 3/28 loss: 1.3906 acc: 0.8542 time 13.16s
Epoch: 65/150 Iter: 4/28 loss: 1.4711 acc: 0.8278 time 10.99s
Epoch: 65/150 Iter: 5/28 loss: 1.5284 acc: 0.8287 time 13.04s
Epoch: 65/150 Iter: 6/28 loss: 1.6175 acc: 0.7659 time 11.07s
Epoch: 65/150 Iter: 7/28 loss: 1.6170 acc: 0.7813 time 11.21s
Epoch: 65/150 Iter: 8/28 loss: 1.7030 acc: 0.7562 time 13.03s
Epoch: 65/150 Iter: 9/28 loss: 1.7187 acc: 0.7472 time 11.03s
Epoch: 65/150 Iter: 10/28 loss: 1.5965 acc: 0.7702 time 11.08s
Epoch: 65/150 Iter: 11/28 loss: 1.5427 acc: 0.7894 time 11.02s
Epoch: 65/150 Iter: 12/28 loss: 1.5322 acc: 0.7979 time 11.02s
Epoch: 65/150 Iter: 13/28 loss: 1.5951 acc: 0.7837 time 10.93s
Epoch: 65/150 Iter: 14/28 loss: 1.5983 acc: 0.7870 time 10.93s
Epoch: 65/150 Iter: 15/28 loss: 1.5446 acc: 0.7753 time 11.03s
Epoch: 65/150 Iter: 16/28 loss: 1.5100 acc: 0.7592 time 13.00s
Epoch: 65/150 Iter: 17/28 loss: 1.4469 acc: 0.7725 time 11.06s
Epoch: 65/150 Iter: 18/28 loss: 1.4914 acc: 0.7757 time 10.98s
Epoch: 65/150 Iter: 19/28 loss: 1.7228 acc: 0.7814 time 10.96s
Epoch: 65/150 Iter: 20/28 loss: 1.6742 acc: 0.7918 time 10.90s
Epoch: 65/150 Iter: 21/28 loss: 1.7457 acc: 0.7785 time 13.11s
Epoch: 65/150 Iter: 22/28 loss: 1.6997 acc: 0.7833 time 11.05s
Epoch: 65/150 Iter: 23/28 loss: 1.9320 acc: 0.7762 time 10.97s
Epoch: 65/150 Iter: 24/28 loss: 1.8669 acc: 0.7851 time 11.06s
Epoch: 65/150 Iter: 25/28 loss: 1.8707 acc: 0.7790 time 13.01s
Epoch: 65/150 Iter: 26/28 loss: 1.9898 acc: 0.7674 time 10.96s
Epoch: 65/150 Iter: 27/28 loss: 1.9661 acc: 0.7638 time 11.00s
[Train epoch 65] avg_loss=1.9661 avg_acc=0.7638 | per-class [c0: 0.735, c1: 0.824, c2: 0.818]
Final training 65/149, loss: 1.9661, time 327.05s, lr: 0.000326
Accuracy: 0.786
class                  precision    recall   specificity      f1   support
--------------------------------------------------------------------------
0                          0.877     0.735         0.930   0.800        68
1                          0.700     0.824         0.910   0.757        34
2                          0.761     0.818         0.833   0.788        66
*----------------------------------------*
0 Mon Nov  3 16:21:21 2025 Epoch: 66
Epoch: 66/150 Iter: 0/28 loss: 0.8224 acc: 0.8333 time 15.69s
Epoch: 66/150 Iter: 1/28 loss: 1.3346 acc: 0.8333 time 10.99s
Epoch: 66/150 Iter: 2/28 loss: 1.3504 acc: 0.8889 time 11.30s
Epoch: 66/150 Iter: 3/28 loss: 2.7317 acc: 0.7083 time 11.08s
Epoch: 66/150 Iter: 4/28 loss: 2.4137 acc: 0.6778 time 11.03s
Epoch: 66/150 Iter: 5/28 loss: 2.3028 acc: 0.6204 time 11.08s
Epoch: 66/150 Iter: 6/28 loss: 2.0523 acc: 0.6746 time 10.96s
Epoch: 66/150 Iter: 7/28 loss: 1.9052 acc: 0.7049 time 11.05s
Epoch: 66/150 Iter: 8/28 loss: 1.7639 acc: 0.7377 time 11.26s
Epoch: 66/150 Iter: 9/28 loss: 1.6577 acc: 0.7639 time 11.25s
Epoch: 66/150 Iter: 10/28 loss: 1.6987 acc: 0.7551 time 11.34s
Epoch: 66/150 Iter: 11/28 loss: 1.8379 acc: 0.7384 time 11.02s
Epoch: 66/150 Iter: 12/28 loss: 1.8157 acc: 0.7244 time 11.07s
Epoch: 66/150 Iter: 13/28 loss: 1.8615 acc: 0.7202 time 11.02s
Epoch: 66/150 Iter: 14/28 loss: 1.7650 acc: 0.7389 time 10.92s
Epoch: 66/150 Iter: 15/28 loss: 1.6799 acc: 0.7552 time 11.05s
Epoch: 66/150 Iter: 16/28 loss: 1.7196 acc: 0.7533 time 10.96s
Epoch: 66/150 Iter: 17/28 loss: 1.6806 acc: 0.7614 time 10.95s
Epoch: 66/150 Iter: 18/28 loss: 1.7227 acc: 0.7506 time 10.98s
Epoch: 66/150 Iter: 19/28 loss: 1.8361 acc: 0.7575 time 12.96s
Epoch: 66/150 Iter: 20/28 loss: 1.7955 acc: 0.7638 time 11.01s
Epoch: 66/150 Iter: 21/28 loss: 1.7978 acc: 0.7694 time 10.95s
Epoch: 66/150 Iter: 22/28 loss: 1.7895 acc: 0.7722 time 11.10s
Epoch: 66/150 Iter: 23/28 loss: 1.7564 acc: 0.7771 time 11.13s
Epoch: 66/150 Iter: 24/28 loss: 1.8946 acc: 0.7549 time 10.99s
Epoch: 66/150 Iter: 25/28 loss: 1.8647 acc: 0.7579 time 10.95s
Epoch: 66/150 Iter: 26/28 loss: 1.9107 acc: 0.7463 time 12.99s
Epoch: 66/150 Iter: 27/28 loss: 1.9214 acc: 0.7395 time 10.94s
[Train epoch 66] avg_loss=1.9214 avg_acc=0.7395 | per-class [c0: 0.735, c1: 0.818, c2: 0.776]
Final training 66/149, loss: 1.9214, time 318.06s, lr: 0.000321
Accuracy: 0.768
class                  precision    recall   specificity      f1   support
--------------------------------------------------------------------------
0                          0.909     0.735         0.950   0.813        68
1                          0.614     0.818         0.874   0.701        33
2                          0.754     0.776         0.832   0.765        67
*----------------------------------------*
0 Mon Nov  3 16:26:39 2025 Epoch: 67
Epoch: 67/150 Iter: 0/28 loss: 1.8461 acc: 0.6667 time 15.41s
Epoch: 67/150 Iter: 1/28 loss: 1.2987 acc: 0.7917 time 11.18s
Epoch: 67/150 Iter: 2/28 loss: 2.4637 acc: 0.6944 time 11.04s
Epoch: 67/150 Iter: 3/28 loss: 2.7879 acc: 0.6875 time 11.06s
Epoch: 67/150 Iter: 4/28 loss: 3.0429 acc: 0.6944 time 11.05s
Epoch: 67/150 Iter: 5/28 loss: 2.7650 acc: 0.6713 time 11.00s
Epoch: 67/150 Iter: 6/28 loss: 2.4761 acc: 0.7183 time 11.19s
Epoch: 67/150 Iter: 7/28 loss: 2.2691 acc: 0.7535 time 11.00s
Epoch: 67/150 Iter: 8/28 loss: 2.1223 acc: 0.7685 time 11.18s
Epoch: 67/150 Iter: 9/28 loss: 1.9990 acc: 0.7750 time 10.98s
Epoch: 67/150 Iter: 10/28 loss: 1.8809 acc: 0.7955 time 11.22s
Epoch: 67/150 Iter: 11/28 loss: 1.8345 acc: 0.7847 time 11.06s
Epoch: 67/150 Iter: 12/28 loss: 1.9308 acc: 0.7346 time 11.04s
Epoch: 67/150 Iter: 13/28 loss: 1.9544 acc: 0.7456 time 11.01s
Epoch: 67/150 Iter: 14/28 loss: 1.9698 acc: 0.7126 time 10.96s
Epoch: 67/150 Iter: 15/28 loss: 1.9300 acc: 0.7201 time 11.15s
Epoch: 67/150 Iter: 16/28 loss: 1.9948 acc: 0.6876 time 13.00s
Epoch: 67/150 Iter: 17/28 loss: 1.9638 acc: 0.6957 time 11.02s
Epoch: 67/150 Iter: 18/28 loss: 1.9399 acc: 0.7029 time 10.95s
Epoch: 67/150 Iter: 19/28 loss: 1.8797 acc: 0.7178 time 10.93s
Epoch: 67/150 Iter: 20/28 loss: 1.8981 acc: 0.6955 time 10.92s
Epoch: 67/150 Iter: 21/28 loss: 1.8714 acc: 0.7093 time 11.03s
Epoch: 67/150 Iter: 22/28 loss: 1.8419 acc: 0.7147 time 10.96s
Epoch: 67/150 Iter: 23/28 loss: 1.8270 acc: 0.7266 time 10.99s
Epoch: 67/150 Iter: 24/28 loss: 2.0237 acc: 0.7331 time 10.99s
Epoch: 67/150 Iter: 25/28 loss: 1.9748 acc: 0.7434 time 11.03s
Epoch: 67/150 Iter: 26/28 loss: 2.0262 acc: 0.7385 time 10.99s
Epoch: 67/150 Iter: 27/28 loss: 1.9827 acc: 0.7419 time 10.92s
[Train epoch 67] avg_loss=1.9827 avg_acc=0.7419 | per-class [c0: 0.761, c1: 0.818, c2: 0.779]
Final training 67/149, loss: 1.9827, time 315.33s, lr: 0.000316
Accuracy: 0.780
class                  precision    recall   specificity      f1   support
--------------------------------------------------------------------------
0                          0.879     0.761         0.931   0.816        67
1                          0.614     0.818         0.874   0.701        33
2                          0.803     0.779         0.870   0.791        68
*----------------------------------------*
Val 67/150 0/43, Acc: 0.0000, time 2.11s
Val 67/150 1/43, Acc: 0.5000, time 1.96s
Val 67/150 2/43, Acc: 0.6667, time 2.00s
Val 67/150 3/43, Acc: 0.7500, time 2.05s
Val 67/150 4/43, Acc: 0.8000, time 2.00s
Val 67/150 5/43, Acc: 0.6667, time 1.97s
Val 67/150 6/43, Acc: 0.7143, time 2.09s
Val 67/150 7/43, Acc: 0.6250, time 2.09s
Val 67/150 8/43, Acc: 0.6667, time 2.02s
Val 67/150 9/43, Acc: 0.7000, time 2.05s
Val 67/150 10/43, Acc: 0.7273, time 1.97s
Val 67/150 11/43, Acc: 0.6667, time 2.11s
Val 67/150 12/43, Acc: 0.6154, time 1.99s
Val 67/150 13/43, Acc: 0.5714, time 2.13s
Val 67/150 14/43, Acc: 0.6000, time 2.14s
Val 67/150 15/43, Acc: 0.6250, time 2.23s
Val 67/150 16/43, Acc: 0.5882, time 2.09s
Val 67/150 17/43, Acc: 0.6111, time 1.98s
Val 67/150 18/43, Acc: 0.6316, time 2.12s
Val 67/150 19/43, Acc: 0.6500, time 1.98s
Val 67/150 20/43, Acc: 0.6667, time 2.11s
Val 67/150 21/43, Acc: 0.6818, time 2.16s
Val 67/150 22/43, Acc: 0.6522, time 2.11s
Val 67/150 23/43, Acc: 0.6250, time 2.11s
Val 67/150 24/43, Acc: 0.6400, time 2.03s
Val 67/150 25/43, Acc: 0.6538, time 2.09s
Val 67/150 26/43, Acc: 0.6667, time 1.99s
Val 67/150 27/43, Acc: 0.6429, time 2.07s
Val 67/150 28/43, Acc: 0.6552, time 2.05s
Val 67/150 29/43, Acc: 0.6667, time 1.98s
Val 67/150 30/43, Acc: 0.6452, time 1.97s
Val 67/150 31/43, Acc: 0.6562, time 2.08s
Val 67/150 32/43, Acc: 0.6667, time 2.08s
Val 67/150 33/43, Acc: 0.6765, time 2.00s
Val 67/150 34/43, Acc: 0.6857, time 2.07s
Val 67/150 35/43, Acc: 0.6944, time 2.10s
Val 67/150 36/43, Acc: 0.7027, time 2.07s
Val 67/150 37/43, Acc: 0.6842, time 2.09s
Val 67/150 38/43, Acc: 0.6923, time 1.98s
Val 67/150 39/43, Acc: 0.7000, time 2.10s
Val 67/150 40/43, Acc: 0.7073, time 2.04s
Val 67/150 41/43, Acc: 0.7143, time 2.05s
Val 67/150 42/43, Acc: 0.7209, time 2.15s
[Val epoch 67] avg_acc=0.7209 | per-class [c0: 0.529, c1: 0.889, c2: 0.824]
Final validation 67/149, Val_acc: 0.7209, time 88.53sAccuracy: 0.721
class                  precision    recall   specificity      f1   support
--------------------------------------------------------------------------
0                          0.818     0.529         0.923   0.643        17
1                          0.667     0.889         0.882   0.762         9
2                          0.700     0.824         0.769   0.757        17
*========================================*
Saving checkpoint outputs/OrganoidsINRIA/swinunetr/2025-11-03-09-58/model_final.pt
0 Mon Nov  3 16:33:28 2025 Epoch: 68
Epoch: 68/150 Iter: 0/28 loss: 1.3683 acc: 0.5833 time 16.65s
Epoch: 68/150 Iter: 1/28 loss: 1.4233 acc: 0.7361 time 10.97s
Epoch: 68/150 Iter: 2/28 loss: 1.3841 acc: 0.7685 time 11.04s
Epoch: 68/150 Iter: 3/28 loss: 1.4791 acc: 0.6806 time 13.01s
Epoch: 68/150 Iter: 4/28 loss: 1.5034 acc: 0.6444 time 13.02s
Epoch: 68/150 Iter: 5/28 loss: 1.8447 acc: 0.6481 time 11.04s
Epoch: 68/150 Iter: 6/28 loss: 1.9718 acc: 0.6270 time 11.04s
Epoch: 68/150 Iter: 7/28 loss: 2.0695 acc: 0.6597 time 11.04s
Epoch: 68/150 Iter: 8/28 loss: 2.2849 acc: 0.6086 time 11.10s
Epoch: 68/150 Iter: 9/28 loss: 2.1818 acc: 0.6200 time 13.03s
Epoch: 68/150 Iter: 10/28 loss: 2.1262 acc: 0.6293 time 13.01s
Epoch: 68/150 Iter: 11/28 loss: 2.0341 acc: 0.6532 time 11.00s
Epoch: 68/150 Iter: 12/28 loss: 2.0665 acc: 0.6703 time 10.94s
Epoch: 68/150 Iter: 13/28 loss: 2.0173 acc: 0.6462 time 10.96s
Epoch: 68/150 Iter: 14/28 loss: 1.9338 acc: 0.6698 time 10.94s
Epoch: 68/150 Iter: 15/28 loss: 2.0397 acc: 0.6540 time 13.18s
Epoch: 68/150 Iter: 16/28 loss: 2.0075 acc: 0.6678 time 10.97s
Epoch: 68/150 Iter: 17/28 loss: 2.0122 acc: 0.6816 time 13.19s
Epoch: 68/150 Iter: 18/28 loss: 1.9817 acc: 0.6852 time 10.99s
Epoch: 68/150 Iter: 19/28 loss: 1.9661 acc: 0.6760 time 10.96s
Epoch: 68/150 Iter: 20/28 loss: 1.9760 acc: 0.6597 time 11.20s
Epoch: 68/150 Iter: 21/28 loss: 1.9372 acc: 0.6600 time 10.95s
Epoch: 68/150 Iter: 22/28 loss: 1.9626 acc: 0.6711 time 11.18s
Epoch: 68/150 Iter: 23/28 loss: 1.9480 acc: 0.6692 time 13.05s
Epoch: 68/150 Iter: 24/28 loss: 1.9742 acc: 0.6624 time 13.01s
Epoch: 68/150 Iter: 25/28 loss: 1.9866 acc: 0.6626 time 12.98s
Epoch: 68/150 Iter: 26/28 loss: 1.9454 acc: 0.6689 time 11.00s
Epoch: 68/150 Iter: 27/28 loss: 1.9243 acc: 0.6629 time 11.04s
[Train epoch 68] avg_loss=1.9243 avg_acc=0.6629 | per-class [c0: 0.612, c1: 0.818, c2: 0.735]
Final training 68/149, loss: 1.9243, time 332.51s, lr: 0.000310
Accuracy: 0.702
class                  precision    recall   specificity      f1   support
--------------------------------------------------------------------------
0                          0.774     0.612         0.881   0.683        67
1                          0.675     0.818         0.904   0.740        33
2                          0.667     0.735         0.750   0.699        68
*----------------------------------------*
0 Mon Nov  3 16:39:01 2025 Epoch: 69
Epoch: 69/150 Iter: 0/28 loss: 1.0661 acc: 0.8889 time 14.56s
Epoch: 69/150 Iter: 1/28 loss: 1.7375 acc: 0.8194 time 11.06s
Epoch: 69/150 Iter: 2/28 loss: 1.7849 acc: 0.8426 time 11.04s
Epoch: 69/150 Iter: 3/28 loss: 1.9087 acc: 0.8403 time 11.04s
Epoch: 69/150 Iter: 4/28 loss: 1.7966 acc: 0.8056 time 11.00s
Epoch: 69/150 Iter: 5/28 loss: 1.7267 acc: 0.8380 time 11.05s
Epoch: 69/150 Iter: 6/28 loss: 1.8963 acc: 0.8325 time 11.04s
Epoch: 69/150 Iter: 7/28 loss: 1.7727 acc: 0.8535 time 11.00s
Epoch: 69/150 Iter: 8/28 loss: 1.6515 acc: 0.8698 time 13.15s
Epoch: 69/150 Iter: 9/28 loss: 1.5939 acc: 0.8828 time 11.17s
Epoch: 69/150 Iter: 10/28 loss: 1.5617 acc: 0.8843 time 13.12s
Epoch: 69/150 Iter: 11/28 loss: 1.6213 acc: 0.8662 time 13.12s
Epoch: 69/150 Iter: 12/28 loss: 1.5833 acc: 0.8765 time 11.00s
Epoch: 69/150 Iter: 13/28 loss: 1.6034 acc: 0.8615 time 10.99s
Epoch: 69/150 Iter: 14/28 loss: 1.5685 acc: 0.8633 time 10.99s
Epoch: 69/150 Iter: 15/28 loss: 1.5593 acc: 0.8354 time 11.00s
Epoch: 69/150 Iter: 16/28 loss: 1.6235 acc: 0.8059 time 11.01s
Epoch: 69/150 Iter: 17/28 loss: 1.8282 acc: 0.7843 time 10.98s
Epoch: 69/150 Iter: 18/28 loss: 1.8144 acc: 0.7868 time 10.95s
Epoch: 69/150 Iter: 19/28 loss: 1.7729 acc: 0.7892 time 11.02s
Epoch: 69/150 Iter: 20/28 loss: 1.7906 acc: 0.7780 time 11.00s
Epoch: 69/150 Iter: 21/28 loss: 1.7709 acc: 0.7730 time 13.11s
Epoch: 69/150 Iter: 22/28 loss: 1.8117 acc: 0.7708 time 13.06s
Epoch: 69/150 Iter: 23/28 loss: 1.7463 acc: 0.7803 time 13.06s
Epoch: 69/150 Iter: 24/28 loss: 1.7599 acc: 0.7758 time 11.18s
Epoch: 69/150 Iter: 25/28 loss: 1.8831 acc: 0.7652 time 10.98s
Epoch: 69/150 Iter: 26/28 loss: 1.8804 acc: 0.7566 time 10.98s
Epoch: 69/150 Iter: 27/28 loss: 1.8589 acc: 0.7613 time 10.97s
[Train epoch 69] avg_loss=1.8589 avg_acc=0.7613 | per-class [c0: 0.765, c1: 0.824, c2: 0.788]
Final training 69/149, loss: 1.8589, time 324.66s, lr: 0.000305
Accuracy: 0.786
class                  precision    recall   specificity      f1   support
--------------------------------------------------------------------------
0                          0.867     0.765         0.920   0.812        68
1                          0.718     0.824         0.918   0.767        34
2                          0.754     0.788         0.833   0.770        66
*----------------------------------------*
0 Mon Nov  3 16:44:25 2025 Epoch: 70
Epoch: 70/150 Iter: 0/28 loss: 1.0639 acc: 0.8889 time 15.21s
Epoch: 70/150 Iter: 1/28 loss: 1.0569 acc: 0.8944 time 11.26s
Epoch: 70/150 Iter: 2/28 loss: 0.9874 acc: 0.9296 time 10.97s
Epoch: 70/150 Iter: 3/28 loss: 1.2174 acc: 0.9056 time 11.03s
Epoch: 70/150 Iter: 4/28 loss: 1.1442 acc: 0.9244 time 11.25s
Epoch: 70/150 Iter: 5/28 loss: 1.0464 acc: 0.9370 time 11.03s
Epoch: 70/150 Iter: 6/28 loss: 0.9652 acc: 0.9460 time 10.95s
Epoch: 70/150 Iter: 7/28 loss: 1.2292 acc: 0.9319 time 11.04s
Epoch: 70/150 Iter: 8/28 loss: 1.3731 acc: 0.9025 time 11.01s
Epoch: 70/150 Iter: 9/28 loss: 1.4200 acc: 0.9011 time 13.06s
Epoch: 70/150 Iter: 10/28 loss: 1.3729 acc: 0.9101 time 13.06s
Epoch: 70/150 Iter: 11/28 loss: 1.8041 acc: 0.8829 time 11.06s
Epoch: 70/150 Iter: 12/28 loss: 1.8550 acc: 0.8406 time 10.96s
Epoch: 70/150 Iter: 13/28 loss: 1.7695 acc: 0.8520 time 10.99s
Epoch: 70/150 Iter: 14/28 loss: 1.8451 acc: 0.8507 time 10.96s
Epoch: 70/150 Iter: 15/28 loss: 1.8427 acc: 0.8427 time 10.95s
Epoch: 70/150 Iter: 16/28 loss: 1.8296 acc: 0.8284 time 10.95s
Epoch: 70/150 Iter: 17/28 loss: 1.8502 acc: 0.8324 time 10.96s
Epoch: 70/150 Iter: 18/28 loss: 2.0129 acc: 0.8061 time 10.95s
Epoch: 70/150 Iter: 19/28 loss: 2.0404 acc: 0.7950 time 11.09s
Epoch: 70/150 Iter: 20/28 loss: 1.9715 acc: 0.8048 time 10.94s
Epoch: 70/150 Iter: 21/28 loss: 1.9484 acc: 0.8045 time 10.93s
Epoch: 70/150 Iter: 22/28 loss: 1.9128 acc: 0.8130 time 11.00s
Epoch: 70/150 Iter: 23/28 loss: 1.8797 acc: 0.8208 time 10.90s
Epoch: 70/150 Iter: 24/28 loss: 1.8575 acc: 0.8280 time 10.97s
Epoch: 70/150 Iter: 25/28 loss: 1.8336 acc: 0.8314 time 10.91s
Epoch: 70/150 Iter: 26/28 loss: 1.8883 acc: 0.8099 time 11.16s
Epoch: 70/150 Iter: 27/28 loss: 1.8497 acc: 0.8167 time 10.97s
[Train epoch 70] avg_loss=1.8497 avg_acc=0.8167 | per-class [c0: 0.806, c1: 0.848, c2: 0.794]
Final training 70/149, loss: 1.8497, time 316.58s, lr: 0.000299
Accuracy: 0.810
class                  precision    recall   specificity      f1   support
--------------------------------------------------------------------------
0                          0.857     0.806         0.911   0.831        67
1                          0.718     0.848         0.919   0.778        33
2                          0.818     0.794         0.880   0.806        68
*----------------------------------------*
0 Mon Nov  3 16:49:42 2025 Epoch: 71
Epoch: 71/150 Iter: 0/28 loss: 0.8012 acc: 1.0000 time 15.56s
Epoch: 71/150 Iter: 1/28 loss: 2.6639 acc: 0.6667 time 11.00s
Epoch: 71/150 Iter: 2/28 loss: 2.9822 acc: 0.7222 time 11.05s
Epoch: 71/150 Iter: 3/28 loss: 2.3744 acc: 0.7604 time 13.05s
Epoch: 71/150 Iter: 4/28 loss: 2.8012 acc: 0.7083 time 10.97s
Epoch: 71/150 Iter: 5/28 loss: 2.9278 acc: 0.6736 time 11.03s
Epoch: 71/150 Iter: 6/28 loss: 2.6863 acc: 0.6845 time 11.04s
Epoch: 71/150 Iter: 7/28 loss: 2.6085 acc: 0.7031 time 11.03s
Epoch: 71/150 Iter: 8/28 loss: 2.7624 acc: 0.7238 time 11.00s
Epoch: 71/150 Iter: 9/28 loss: 2.6846 acc: 0.7181 time 13.21s
Epoch: 71/150 Iter: 10/28 loss: 2.6415 acc: 0.6831 time 13.27s
Epoch: 71/150 Iter: 11/28 loss: 2.5129 acc: 0.6632 time 10.97s
Epoch: 71/150 Iter: 12/28 loss: 2.3798 acc: 0.6827 time 13.00s
Epoch: 71/150 Iter: 13/28 loss: 2.2993 acc: 0.6974 time 11.08s
Epoch: 71/150 Iter: 14/28 loss: 2.2748 acc: 0.6687 time 11.14s
Epoch: 71/150 Iter: 15/28 loss: 2.1969 acc: 0.6634 time 10.97s
Epoch: 71/150 Iter: 16/28 loss: 2.1271 acc: 0.6832 time 10.92s
Epoch: 71/150 Iter: 17/28 loss: 2.1229 acc: 0.6853 time 11.02s
Epoch: 71/150 Iter: 18/28 loss: 2.0609 acc: 0.7019 time 10.94s
Epoch: 71/150 Iter: 19/28 loss: 1.9967 acc: 0.7168 time 11.15s
Epoch: 71/150 Iter: 20/28 loss: 2.0764 acc: 0.7104 time 10.95s
Epoch: 71/150 Iter: 21/28 loss: 2.0309 acc: 0.7236 time 10.99s
Epoch: 71/150 Iter: 22/28 loss: 2.0040 acc: 0.7308 time 11.00s
Epoch: 71/150 Iter: 23/28 loss: 1.9881 acc: 0.7281 time 10.92s
Epoch: 71/150 Iter: 24/28 loss: 1.9748 acc: 0.7190 time 10.93s
Epoch: 71/150 Iter: 25/28 loss: 1.9887 acc: 0.7010 time 10.96s
Epoch: 71/150 Iter: 26/28 loss: 2.0067 acc: 0.6976 time 12.98s
Epoch: 71/150 Iter: 27/28 loss: 1.9942 acc: 0.7025 time 11.00s
[Train epoch 71] avg_loss=1.9942 avg_acc=0.7025 | per-class [c0: 0.721, c1: 0.875, c2: 0.765]
Final training 71/149, loss: 1.9942, time 323.19s, lr: 0.000294
Accuracy: 0.768
class                  precision    recall   specificity      f1   support
--------------------------------------------------------------------------
0                          0.891     0.721         0.940   0.797        68
1                          0.622     0.875         0.875   0.727        32
2                          0.765     0.765         0.840   0.765        68
*----------------------------------------*
Val 71/150 0/43, Acc: 0.0000, time 2.11s
Val 71/150 1/43, Acc: 0.5000, time 1.97s
Val 71/150 2/43, Acc: 0.6667, time 2.00s
Val 71/150 3/43, Acc: 0.7500, time 2.02s
Val 71/150 4/43, Acc: 0.8000, time 1.97s
Val 71/150 5/43, Acc: 0.6667, time 1.96s
Val 71/150 6/43, Acc: 0.7143, time 2.13s
Val 71/150 7/43, Acc: 0.6250, time 2.09s
Val 71/150 8/43, Acc: 0.6667, time 2.01s
Val 71/150 9/43, Acc: 0.7000, time 2.03s
Val 71/150 10/43, Acc: 0.7273, time 1.97s
Val 71/150 11/43, Acc: 0.7500, time 2.08s
Val 71/150 12/43, Acc: 0.6923, time 2.00s
Val 71/150 13/43, Acc: 0.6429, time 2.09s
Val 71/150 14/43, Acc: 0.6667, time 2.11s
Val 71/150 15/43, Acc: 0.6875, time 2.17s
Val 71/150 16/43, Acc: 0.6471, time 2.06s
Val 71/150 17/43, Acc: 0.6667, time 1.96s
Val 71/150 18/43, Acc: 0.6842, time 2.11s
Val 71/150 19/43, Acc: 0.6500, time 1.98s
Val 71/150 20/43, Acc: 0.6667, time 2.08s
Val 71/150 21/43, Acc: 0.6818, time 2.13s
Val 71/150 22/43, Acc: 0.6522, time 2.08s
Val 71/150 23/43, Acc: 0.6250, time 2.08s
Val 71/150 24/43, Acc: 0.6400, time 2.00s
Val 71/150 25/43, Acc: 0.6538, time 2.06s
Val 71/150 26/43, Acc: 0.6667, time 1.96s
Val 71/150 27/43, Acc: 0.6429, time 2.05s
Val 71/150 28/43, Acc: 0.6552, time 2.04s
Val 71/150 29/43, Acc: 0.6333, time 1.98s
Val 71/150 30/43, Acc: 0.6452, time 2.00s
Val 71/150 31/43, Acc: 0.6562, time 2.05s
Val 71/150 32/43, Acc: 0.6364, time 2.05s
Val 71/150 33/43, Acc: 0.6471, time 2.00s
Val 71/150 34/43, Acc: 0.6571, time 2.04s
Val 71/150 35/43, Acc: 0.6667, time 2.07s
Val 71/150 36/43, Acc: 0.6486, time 2.05s
Val 71/150 37/43, Acc: 0.6316, time 2.07s
Val 71/150 38/43, Acc: 0.6410, time 1.97s
Val 71/150 39/43, Acc: 0.6500, time 2.06s
Val 71/150 40/43, Acc: 0.6585, time 2.04s
Val 71/150 41/43, Acc: 0.6667, time 2.02s
Val 71/150 42/43, Acc: 0.6744, time 2.11s
[Val epoch 71] avg_acc=0.6744 | per-class [c0: 0.588, c1: 1.000, c2: 0.588]
Final validation 71/149, Val_acc: 0.6744, time 87.82sAccuracy: 0.674
class                  precision    recall   specificity      f1   support
--------------------------------------------------------------------------
0                          0.769     0.588         0.885   0.667        17
1                          0.529     1.000         0.765   0.692         9
2                          0.769     0.588         0.885   0.667        17
*========================================*
Saving checkpoint outputs/OrganoidsINRIA/swinunetr/2025-11-03-09-58/model_final.pt
0 Mon Nov  3 16:56:38 2025 Epoch: 72
Epoch: 72/150 Iter: 0/28 loss: 2.6482 acc: 0.5333 time 17.38s
Epoch: 72/150 Iter: 1/28 loss: 1.5145 acc: 0.7667 time 11.07s
Epoch: 72/150 Iter: 2/28 loss: 1.7854 acc: 0.6963 time 11.17s
Epoch: 72/150 Iter: 3/28 loss: 1.9211 acc: 0.7306 time 11.06s
Epoch: 72/150 Iter: 4/28 loss: 2.0463 acc: 0.7511 time 11.21s
Epoch: 72/150 Iter: 5/28 loss: 1.8538 acc: 0.7370 time 11.05s
Epoch: 72/150 Iter: 6/28 loss: 1.6438 acc: 0.7746 time 11.01s
Epoch: 72/150 Iter: 7/28 loss: 1.5811 acc: 0.7903 time 11.00s
Epoch: 72/150 Iter: 8/28 loss: 2.7960 acc: 0.7580 time 13.05s
Epoch: 72/150 Iter: 9/28 loss: 2.8181 acc: 0.7378 time 11.10s
Epoch: 72/150 Iter: 10/28 loss: 2.6636 acc: 0.7313 time 11.16s
Epoch: 72/150 Iter: 11/28 loss: 2.7344 acc: 0.7120 time 13.11s
Epoch: 72/150 Iter: 12/28 loss: 2.6831 acc: 0.7214 time 10.92s
Epoch: 72/150 Iter: 13/28 loss: 2.5798 acc: 0.7214 time 11.08s
Epoch: 72/150 Iter: 14/28 loss: 2.5104 acc: 0.7215 time 10.96s
Epoch: 72/150 Iter: 15/28 loss: 2.4310 acc: 0.7250 time 12.98s
Epoch: 72/150 Iter: 16/28 loss: 2.3791 acc: 0.7167 time 11.07s
Epoch: 72/150 Iter: 17/28 loss: 2.3993 acc: 0.7201 time 11.16s
Epoch: 72/150 Iter: 18/28 loss: 2.3077 acc: 0.7348 time 10.97s
Epoch: 72/150 Iter: 19/28 loss: 2.2989 acc: 0.7342 time 12.99s
Epoch: 72/150 Iter: 20/28 loss: 2.3108 acc: 0.7283 time 11.00s
Epoch: 72/150 Iter: 21/28 loss: 2.2662 acc: 0.7331 time 10.96s
Epoch: 72/150 Iter: 22/28 loss: 2.2122 acc: 0.7447 time 13.02s
Epoch: 72/150 Iter: 23/28 loss: 2.1574 acc: 0.7414 time 11.10s
Epoch: 72/150 Iter: 24/28 loss: 2.1207 acc: 0.7518 time 10.95s
Epoch: 72/150 Iter: 25/28 loss: 2.1279 acc: 0.7357 time 10.97s
Epoch: 72/150 Iter: 26/28 loss: 2.1230 acc: 0.7300 time 10.97s
Epoch: 72/150 Iter: 27/28 loss: 2.0901 acc: 0.7278 time 13.12s
[Train epoch 72] avg_loss=2.0901 avg_acc=0.7278 | per-class [c0: 0.727, c1: 0.882, c2: 0.721]
Final training 72/149, loss: 2.0901, time 327.64s, lr: 0.000289
Accuracy: 0.756
class                  precision    recall   specificity      f1   support
--------------------------------------------------------------------------
0                          0.828     0.727         0.902   0.774        66
1                          0.625     0.882         0.866   0.732        34
2                          0.790     0.721         0.870   0.754        68
*----------------------------------------*
0 Mon Nov  3 17:02:06 2025 Epoch: 73
Epoch: 73/150 Iter: 0/28 loss: 1.1670 acc: 1.0000 time 14.69s
Epoch: 73/150 Iter: 1/28 loss: 2.8468 acc: 0.9167 time 11.04s
Epoch: 73/150 Iter: 2/28 loss: 1.9785 acc: 0.9444 time 13.00s
Epoch: 73/150 Iter: 3/28 loss: 1.8584 acc: 0.9306 time 11.10s
Epoch: 73/150 Iter: 4/28 loss: 1.7280 acc: 0.9111 time 11.00s
Epoch: 73/150 Iter: 5/28 loss: 1.9969 acc: 0.8981 time 13.03s
Epoch: 73/150 Iter: 6/28 loss: 2.0645 acc: 0.8889 time 10.93s
Epoch: 73/150 Iter: 7/28 loss: 1.9333 acc: 0.9028 time 13.06s
Epoch: 73/150 Iter: 8/28 loss: 1.8632 acc: 0.9136 time 11.33s
Epoch: 73/150 Iter: 9/28 loss: 1.8072 acc: 0.9139 time 11.00s
Epoch: 73/150 Iter: 10/28 loss: 1.7509 acc: 0.9116 time 10.97s
Epoch: 73/150 Iter: 11/28 loss: 1.8695 acc: 0.9051 time 11.01s
Epoch: 73/150 Iter: 12/28 loss: 1.8557 acc: 0.9047 time 11.10s
Epoch: 73/150 Iter: 13/28 loss: 1.8060 acc: 0.9036 time 10.94s
Epoch: 73/150 Iter: 14/28 loss: 1.7876 acc: 0.8711 time 11.06s
Epoch: 73/150 Iter: 15/28 loss: 1.7910 acc: 0.8722 time 10.95s
Epoch: 73/150 Iter: 16/28 loss: 1.8092 acc: 0.8634 time 10.96s
Epoch: 73/150 Iter: 17/28 loss: 1.8185 acc: 0.8401 time 11.11s
Epoch: 73/150 Iter: 18/28 loss: 1.8169 acc: 0.8310 time 12.94s
Epoch: 73/150 Iter: 19/28 loss: 1.7667 acc: 0.8311 time 10.96s
Epoch: 73/150 Iter: 20/28 loss: 1.7143 acc: 0.8392 time 10.93s
Epoch: 73/150 Iter: 21/28 loss: 1.6811 acc: 0.8465 time 11.07s
Epoch: 73/150 Iter: 22/28 loss: 1.6685 acc: 0.8459 time 10.95s
Epoch: 73/150 Iter: 23/28 loss: 1.7039 acc: 0.8292 time 10.97s
Epoch: 73/150 Iter: 24/28 loss: 1.7155 acc: 0.8160 time 12.97s
Epoch: 73/150 Iter: 25/28 loss: 1.7027 acc: 0.8183 time 10.96s
Epoch: 73/150 Iter: 26/28 loss: 1.7315 acc: 0.8024 time 10.98s
Epoch: 73/150 Iter: 27/28 loss: 1.7060 acc: 0.7951 time 10.96s
[Train epoch 73] avg_loss=1.7060 avg_acc=0.7951 | per-class [c0: 0.809, c1: 0.844, c2: 0.809]
Final training 73/149, loss: 1.7060, time 322.02s, lr: 0.000283
Accuracy: 0.815
class                  precision    recall   specificity      f1   support
--------------------------------------------------------------------------
0                          0.902     0.809         0.940   0.853        68
1                          0.675     0.844         0.904   0.750        32
2                          0.821     0.809         0.880   0.815        68
*----------------------------------------*
0 Mon Nov  3 17:07:28 2025 Epoch: 74
Epoch: 74/150 Iter: 0/28 loss: 1.7298 acc: 0.6667 time 15.00s
Epoch: 74/150 Iter: 1/28 loss: 2.1425 acc: 0.5833 time 11.02s
Epoch: 74/150 Iter: 2/28 loss: 1.8756 acc: 0.7222 time 11.22s
Epoch: 74/150 Iter: 3/28 loss: 1.5490 acc: 0.7604 time 11.02s
Epoch: 74/150 Iter: 4/28 loss: 1.4984 acc: 0.7417 time 11.07s
Epoch: 74/150 Iter: 5/28 loss: 1.6303 acc: 0.7662 time 11.01s
Epoch: 74/150 Iter: 6/28 loss: 1.7219 acc: 0.7044 time 10.97s
Epoch: 74/150 Iter: 7/28 loss: 1.7482 acc: 0.6997 time 11.04s
Epoch: 74/150 Iter: 8/28 loss: 1.8462 acc: 0.6497 time 11.00s
Epoch: 74/150 Iter: 9/28 loss: 1.8349 acc: 0.6736 time 10.94s
Epoch: 74/150 Iter: 10/28 loss: 1.7048 acc: 0.7033 time 11.19s
Epoch: 74/150 Iter: 11/28 loss: 1.7244 acc: 0.6933 time 11.01s
Epoch: 74/150 Iter: 12/28 loss: 1.7382 acc: 0.7105 time 11.00s
Epoch: 74/150 Iter: 13/28 loss: 1.6612 acc: 0.7192 time 11.12s
Epoch: 74/150 Iter: 14/28 loss: 1.8507 acc: 0.7269 time 11.13s
Epoch: 74/150 Iter: 15/28 loss: 1.7808 acc: 0.7439 time 11.10s
Epoch: 74/150 Iter: 16/28 loss: 1.7956 acc: 0.7525 time 11.14s
Epoch: 74/150 Iter: 17/28 loss: 1.9149 acc: 0.7384 time 11.06s
Epoch: 74/150 Iter: 18/28 loss: 2.1057 acc: 0.7405 time 13.07s
Epoch: 74/150 Iter: 19/28 loss: 2.1767 acc: 0.7243 time 10.96s
Epoch: 74/150 Iter: 20/28 loss: 2.2095 acc: 0.7163 time 10.96s
Epoch: 74/150 Iter: 21/28 loss: 2.1934 acc: 0.7165 time 11.00s
Epoch: 74/150 Iter: 22/28 loss: 2.2176 acc: 0.6999 time 10.95s
Epoch: 74/150 Iter: 23/28 loss: 2.1919 acc: 0.7078 time 10.96s
Epoch: 74/150 Iter: 24/28 loss: 2.2028 acc: 0.7061 time 10.90s
Epoch: 74/150 Iter: 25/28 loss: 2.2285 acc: 0.7003 time 10.94s
Epoch: 74/150 Iter: 26/28 loss: 2.1951 acc: 0.7077 time 13.01s
Epoch: 74/150 Iter: 27/28 loss: 2.1588 acc: 0.7142 time 10.93s
[Train epoch 74] avg_loss=2.1588 avg_acc=0.7142 | per-class [c0: 0.712, c1: 0.727, c2: 0.783]
Final training 74/149, loss: 2.1588, time 316.77s, lr: 0.000278
Accuracy: 0.744
class                  precision    recall   specificity      f1   support
--------------------------------------------------------------------------
0                          0.825     0.712         0.902   0.764        66
1                          0.632     0.727         0.896   0.676        33
2                          0.740     0.783         0.808   0.761        69
*----------------------------------------*
0 Mon Nov  3 17:12:45 2025 Epoch: 75
Epoch: 75/150 Iter: 0/28 loss: 0.7306 acc: 0.8333 sim_loss: 0.0000 time 16.32s
Epoch: 75/150 Iter: 1/28 loss: 1.2271 acc: 0.8333 time 13.09s
Epoch: 75/150 Iter: 2/28 loss: 1.0528 acc: 0.8889 time 11.04s
Epoch: 75/150 Iter: 3/28 loss: 1.2981 acc: 0.8056 time 11.04s
Epoch: 75/150 Iter: 4/28 loss: 1.9749 acc: 0.8111 time 13.22s
Epoch: 75/150 Iter: 5/28 loss: 1.8489 acc: 0.8148 time 11.00s
Epoch: 75/150 Iter: 6/28 loss: 1.9658 acc: 0.7937 time 13.04s
Epoch: 75/150 Iter: 7/28 loss: 1.8860 acc: 0.7986 time 11.02s
Epoch: 75/150 Iter: 8/28 loss: 1.8479 acc: 0.8025 time 10.95s
Epoch: 75/150 Iter: 9/28 loss: 1.8305 acc: 0.8056 time 11.01s
Epoch: 75/150 Iter: 10/28 loss: 1.8876 acc: 0.7828 time 11.01s
Epoch: 75/150 Iter: 11/28 loss: 1.9228 acc: 0.7870 time 11.42s
Epoch: 75/150 Iter: 12/28 loss: 1.9106 acc: 0.7880 time 12.99s
Epoch: 75/150 Iter: 13/28 loss: 1.8504 acc: 0.8032 time 13.19s
Epoch: 75/150 Iter: 14/28 loss: 1.9487 acc: 0.7978 time 10.94s
Epoch: 75/150 Iter: 15/28 loss: 2.0292 acc: 0.7854 time 10.93s
Epoch: 75/150 Iter: 16/28 loss: 1.9558 acc: 0.7980 time 10.97s
Epoch: 75/150 Iter: 17/28 loss: 1.9239 acc: 0.8093 time 12.94s
Epoch: 75/150 Iter: 18/28 loss: 2.0459 acc: 0.7886 time 10.97s
Epoch: 75/150 Iter: 19/28 loss: 1.9603 acc: 0.7992 time 13.04s
Epoch: 75/150 Iter: 20/28 loss: 1.8951 acc: 0.8087 time 13.00s
Epoch: 75/150 Iter: 21/28 loss: 1.9174 acc: 0.7871 time 11.17s
Epoch: 75/150 Iter: 22/28 loss: 1.9594 acc: 0.7783 time 11.10s
Epoch: 75/150 Iter: 23/28 loss: 1.9410 acc: 0.7690 time 10.95s
Epoch: 75/150 Iter: 24/28 loss: 1.9451 acc: 0.7649 time 10.95s
Epoch: 75/150 Iter: 25/28 loss: 1.9016 acc: 0.7739 time 10.92s
Epoch: 75/150 Iter: 26/28 loss: 1.8901 acc: 0.7720 time 11.06s
Epoch: 75/150 Iter: 27/28 loss: 1.8425 acc: 0.7766 time 10.95s
[Train epoch 75] avg_loss=1.8425 avg_acc=0.7766 | per-class [c0: 0.682, c1: 0.912, c2: 0.824]
Final training 75/149, loss: 1.8425, time 330.26s, lr: 0.000272
Accuracy: 0.786
class                  precision    recall   specificity      f1   support
--------------------------------------------------------------------------
0                          0.865     0.682         0.931   0.763        66
1                          0.705     0.912         0.903   0.795        34
2                          0.778     0.824         0.840   0.800        68
*----------------------------------------*
Val 75/150 0/43, Acc: 0.0000, time 2.09s
Val 75/150 1/43, Acc: 0.5000, time 1.96s
Val 75/150 2/43, Acc: 0.6667, time 1.96s
Val 75/150 3/43, Acc: 0.7500, time 2.02s
Val 75/150 4/43, Acc: 0.6000, time 1.99s
Val 75/150 5/43, Acc: 0.5000, time 1.97s
Val 75/150 6/43, Acc: 0.5714, time 2.10s
Val 75/150 7/43, Acc: 0.5000, time 2.09s
Val 75/150 8/43, Acc: 0.5556, time 2.02s
Val 75/150 9/43, Acc: 0.6000, time 2.03s
Val 75/150 10/43, Acc: 0.6364, time 1.94s
Val 75/150 11/43, Acc: 0.6667, time 2.08s
Val 75/150 12/43, Acc: 0.6154, time 2.00s
Val 75/150 13/43, Acc: 0.5714, time 2.09s
Val 75/150 14/43, Acc: 0.6000, time 2.11s
Val 75/150 15/43, Acc: 0.6250, time 2.19s
Val 75/150 16/43, Acc: 0.6471, time 2.08s
Val 75/150 17/43, Acc: 0.6667, time 1.99s
Val 75/150 18/43, Acc: 0.6316, time 2.12s
Val 75/150 19/43, Acc: 0.6500, time 1.98s
Val 75/150 20/43, Acc: 0.6667, time 2.08s
Val 75/150 21/43, Acc: 0.6818, time 2.14s
Val 75/150 22/43, Acc: 0.6522, time 2.08s
Val 75/150 23/43, Acc: 0.6250, time 2.07s
Val 75/150 24/43, Acc: 0.6400, time 2.02s
Val 75/150 25/43, Acc: 0.6538, time 2.07s
Val 75/150 26/43, Acc: 0.6667, time 1.99s
Val 75/150 27/43, Acc: 0.6429, time 2.05s
Val 75/150 28/43, Acc: 0.6552, time 2.03s
Val 75/150 29/43, Acc: 0.6333, time 1.95s
Val 75/150 30/43, Acc: 0.6129, time 1.97s
Val 75/150 31/43, Acc: 0.6250, time 2.05s
Val 75/150 32/43, Acc: 0.6364, time 2.05s
Val 75/150 33/43, Acc: 0.6471, time 1.97s
Val 75/150 34/43, Acc: 0.6571, time 2.03s
Val 75/150 35/43, Acc: 0.6667, time 2.06s
Val 75/150 36/43, Acc: 0.6486, time 2.03s
Val 75/150 37/43, Acc: 0.6316, time 2.07s
Val 75/150 38/43, Acc: 0.6410, time 1.96s
Val 75/150 39/43, Acc: 0.6500, time 2.06s
Val 75/150 40/43, Acc: 0.6585, time 2.04s
Val 75/150 41/43, Acc: 0.6667, time 2.02s
Val 75/150 42/43, Acc: 0.6744, time 2.12s
[Val epoch 75] avg_acc=0.6744 | per-class [c0: 0.647, c1: 0.778, c2: 0.647]
Final validation 75/149, Val_acc: 0.6744, time 87.70sAccuracy: 0.674
class                  precision    recall   specificity      f1   support
--------------------------------------------------------------------------
0                          0.688     0.647         0.808   0.667        17
1                          0.583     0.778         0.853   0.667         9
2                          0.733     0.647         0.846   0.688        17
*========================================*
Saving checkpoint outputs/OrganoidsINRIA/swinunetr/2025-11-03-09-58/model_final.pt
0 Mon Nov  3 17:19:48 2025 Epoch: 76
Epoch: 76/150 Iter: 0/28 loss: 1.0344 acc: 0.8333 time 15.50s
Epoch: 76/150 Iter: 1/28 loss: 1.2748 acc: 0.7167 time 10.96s
Epoch: 76/150 Iter: 2/28 loss: 1.0991 acc: 0.8111 time 13.03s
Epoch: 76/150 Iter: 3/28 loss: 1.2572 acc: 0.8375 time 11.20s
Epoch: 76/150 Iter: 4/28 loss: 1.4537 acc: 0.8367 time 11.28s
Epoch: 76/150 Iter: 5/28 loss: 1.5491 acc: 0.8176 time 11.02s
Epoch: 76/150 Iter: 6/28 loss: 1.6007 acc: 0.7484 time 10.95s
Epoch: 76/150 Iter: 7/28 loss: 1.9469 acc: 0.6826 time 11.07s
Epoch: 76/150 Iter: 8/28 loss: 1.8111 acc: 0.7179 time 12.98s
Epoch: 76/150 Iter: 9/28 loss: 1.8063 acc: 0.7294 time 11.00s
Epoch: 76/150 Iter: 10/28 loss: 1.7454 acc: 0.7427 time 13.13s
Epoch: 76/150 Iter: 11/28 loss: 1.7347 acc: 0.7502 time 11.22s
Epoch: 76/150 Iter: 12/28 loss: 1.7115 acc: 0.7310 time 13.06s
Epoch: 76/150 Iter: 13/28 loss: 1.6911 acc: 0.7204 time 11.09s
Epoch: 76/150 Iter: 14/28 loss: 1.7287 acc: 0.7169 time 10.94s
Epoch: 76/150 Iter: 15/28 loss: 1.7591 acc: 0.7137 time 13.25s
Epoch: 76/150 Iter: 16/28 loss: 1.7357 acc: 0.7208 time 11.02s
Epoch: 76/150 Iter: 17/28 loss: 1.6461 acc: 0.7363 time 11.00s
Epoch: 76/150 Iter: 18/28 loss: 1.6924 acc: 0.7355 time 13.03s
Epoch: 76/150 Iter: 19/28 loss: 1.7273 acc: 0.7238 time 10.97s
Epoch: 76/150 Iter: 20/28 loss: 1.7043 acc: 0.7210 time 13.08s
Epoch: 76/150 Iter: 21/28 loss: 1.7372 acc: 0.7110 time 12.97s
Epoch: 76/150 Iter: 22/28 loss: 1.6879 acc: 0.7236 time 11.00s
Epoch: 76/150 Iter: 23/28 loss: 1.7778 acc: 0.7212 time 12.96s
Epoch: 76/150 Iter: 24/28 loss: 1.7474 acc: 0.7323 time 10.97s
Epoch: 76/150 Iter: 25/28 loss: 1.7263 acc: 0.7330 time 12.97s
Epoch: 76/150 Iter: 26/28 loss: 1.6749 acc: 0.7429 time 10.91s
Epoch: 76/150 Iter: 27/28 loss: 1.7199 acc: 0.7342 time 10.97s
[Train epoch 76] avg_loss=1.7199 avg_acc=0.7342 | per-class [c0: 0.841, c1: 0.794, c2: 0.769]
Final training 76/149, loss: 1.7199, time 333.56s, lr: 0.000267
Accuracy: 0.804
class                  precision    recall   specificity      f1   support
--------------------------------------------------------------------------
0                          0.866     0.841         0.909   0.853        69
1                          0.643     0.794         0.888   0.711        34
2                          0.847     0.769         0.913   0.806        65
*----------------------------------------*
0 Mon Nov  3 17:25:21 2025 Epoch: 77
Epoch: 77/150 Iter: 0/28 loss: 3.0029 acc: 0.6667 time 14.03s
Epoch: 77/150 Iter: 1/28 loss: 1.8255 acc: 0.8333 time 10.98s
Epoch: 77/150 Iter: 2/28 loss: 1.6211 acc: 0.8333 time 11.22s
Epoch: 77/150 Iter: 3/28 loss: 1.8178 acc: 0.8472 time 11.06s
Epoch: 77/150 Iter: 4/28 loss: 1.8018 acc: 0.7944 time 10.98s
Epoch: 77/150 Iter: 5/28 loss: 1.6055 acc: 0.8287 time 10.93s
Epoch: 77/150 Iter: 6/28 loss: 1.5578 acc: 0.8413 time 11.20s
Epoch: 77/150 Iter: 7/28 loss: 1.4742 acc: 0.8611 time 11.01s
Epoch: 77/150 Iter: 8/28 loss: 1.4716 acc: 0.8272 time 13.06s
Epoch: 77/150 Iter: 9/28 loss: 1.5077 acc: 0.8278 time 13.02s
Epoch: 77/150 Iter: 10/28 loss: 1.4730 acc: 0.8434 time 11.04s
Epoch: 77/150 Iter: 11/28 loss: 1.4427 acc: 0.8461 time 11.04s
Epoch: 77/150 Iter: 12/28 loss: 1.4745 acc: 0.8451 time 10.97s
Epoch: 77/150 Iter: 13/28 loss: 1.4126 acc: 0.8562 time 11.05s
Epoch: 77/150 Iter: 14/28 loss: 1.3757 acc: 0.8657 time 10.93s
Epoch: 77/150 Iter: 15/28 loss: 1.4297 acc: 0.8533 time 11.01s
Epoch: 77/150 Iter: 16/28 loss: 1.3574 acc: 0.8619 time 11.00s
Epoch: 77/150 Iter: 17/28 loss: 1.4910 acc: 0.8279 time 10.93s
Epoch: 77/150 Iter: 18/28 loss: 1.4401 acc: 0.8107 time 10.95s
Epoch: 77/150 Iter: 19/28 loss: 1.4391 acc: 0.7979 time 11.02s
Epoch: 77/150 Iter: 20/28 loss: 1.4414 acc: 0.8022 time 10.92s
Epoch: 77/150 Iter: 21/28 loss: 1.3907 acc: 0.8112 time 12.94s
Epoch: 77/150 Iter: 22/28 loss: 1.3646 acc: 0.8050 time 13.01s
Epoch: 77/150 Iter: 23/28 loss: 1.4483 acc: 0.8038 time 10.94s
Epoch: 77/150 Iter: 24/28 loss: 1.4983 acc: 0.7939 time 10.99s
Epoch: 77/150 Iter: 25/28 loss: 1.4807 acc: 0.8018 time 11.00s
Epoch: 77/150 Iter: 26/28 loss: 1.4594 acc: 0.8092 time 10.97s
Epoch: 77/150 Iter: 27/28 loss: 1.4563 acc: 0.8041 time 13.00s
[Train epoch 77] avg_loss=1.4563 avg_acc=0.8041 | per-class [c0: 0.853, c1: 0.812, c2: 0.838]
Final training 77/149, loss: 1.4563, time 321.25s, lr: 0.000261
Accuracy: 0.839
class                  precision    recall   specificity      f1   support
--------------------------------------------------------------------------
0                          0.892     0.853         0.930   0.872        68
1                          0.788     0.812         0.949   0.800        32
2                          0.814     0.838         0.870   0.826        68
*----------------------------------------*
0 Mon Nov  3 17:30:42 2025 Epoch: 78
Epoch: 78/150 Iter: 0/28 loss: 0.7280 acc: 1.0000 time 15.10s
Epoch: 78/150 Iter: 1/28 loss: 1.3200 acc: 0.7500 time 11.04s
Epoch: 78/150 Iter: 2/28 loss: 1.5520 acc: 0.8333 time 10.96s
Epoch: 78/150 Iter: 3/28 loss: 1.5591 acc: 0.7708 time 11.01s
Epoch: 78/150 Iter: 4/28 loss: 1.4053 acc: 0.8167 time 13.02s
Epoch: 78/150 Iter: 5/28 loss: 2.0110 acc: 0.7361 time 11.05s
Epoch: 78/150 Iter: 6/28 loss: 1.7973 acc: 0.7738 time 11.08s
Epoch: 78/150 Iter: 7/28 loss: 1.6673 acc: 0.7882 time 13.02s
Epoch: 78/150 Iter: 8/28 loss: 1.5544 acc: 0.8117 time 11.10s
Epoch: 78/150 Iter: 9/28 loss: 1.5211 acc: 0.8028 time 11.05s
Epoch: 78/150 Iter: 10/28 loss: 1.4426 acc: 0.8207 time 11.15s
Epoch: 78/150 Iter: 11/28 loss: 1.4866 acc: 0.8218 time 11.04s
Epoch: 78/150 Iter: 12/28 loss: 1.6129 acc: 0.8013 time 11.08s
Epoch: 78/150 Iter: 13/28 loss: 1.5614 acc: 0.8155 time 10.94s
Epoch: 78/150 Iter: 14/28 loss: 1.5600 acc: 0.8056 time 10.99s
Epoch: 78/150 Iter: 15/28 loss: 1.5506 acc: 0.8073 time 11.02s
Epoch: 78/150 Iter: 16/28 loss: 1.5123 acc: 0.8186 time 13.02s
Epoch: 78/150 Iter: 17/28 loss: 1.4955 acc: 0.8102 time 11.18s
Epoch: 78/150 Iter: 18/28 loss: 1.4687 acc: 0.8202 time 10.95s
Epoch: 78/150 Iter: 19/28 loss: 1.5059 acc: 0.8042 time 12.96s
Epoch: 78/150 Iter: 20/28 loss: 1.5331 acc: 0.8056 time 10.99s
Epoch: 78/150 Iter: 21/28 loss: 1.4913 acc: 0.8144 time 13.00s
Epoch: 78/150 Iter: 22/28 loss: 1.4680 acc: 0.8225 time 12.98s
Epoch: 78/150 Iter: 23/28 loss: 1.4508 acc: 0.8299 time 10.90s
Epoch: 78/150 Iter: 24/28 loss: 1.4528 acc: 0.8300 time 13.10s
Epoch: 78/150 Iter: 25/28 loss: 1.4752 acc: 0.8173 time 10.94s
Epoch: 78/150 Iter: 26/28 loss: 1.4675 acc: 0.8241 time 11.17s
Epoch: 78/150 Iter: 27/28 loss: 1.4566 acc: 0.8185 time 10.96s
[Train epoch 78] avg_loss=1.4566 avg_acc=0.8185 | per-class [c0: 0.836, c1: 0.941, c2: 0.821]
Final training 78/149, loss: 1.4566, time 326.84s, lr: 0.000256
Accuracy: 0.851
class                  precision    recall   specificity      f1   support
--------------------------------------------------------------------------
0                          0.933     0.836         0.960   0.882        67
1                          0.744     0.941         0.918   0.831        34
2                          0.846     0.821         0.901   0.833        67
*----------------------------------------*
0 Mon Nov  3 17:36:09 2025 Epoch: 79
Epoch: 79/150 Iter: 0/28 loss: 0.6457 acc: 1.0000 time 17.34s
Epoch: 79/150 Iter: 1/28 loss: 0.7863 acc: 1.0000 time 11.03s
Epoch: 79/150 Iter: 2/28 loss: 1.0181 acc: 1.0000 time 11.03s
Epoch: 79/150 Iter: 3/28 loss: 0.9456 acc: 1.0000 time 11.01s
Epoch: 79/150 Iter: 4/28 loss: 0.9995 acc: 0.9667 time 11.03s
Epoch: 79/150 Iter: 5/28 loss: 1.0806 acc: 0.9583 time 13.01s
Epoch: 79/150 Iter: 6/28 loss: 1.1086 acc: 0.9405 time 10.96s
Epoch: 79/150 Iter: 7/28 loss: 1.3919 acc: 0.8507 time 11.04s
Epoch: 79/150 Iter: 8/28 loss: 1.5804 acc: 0.8549 time 11.01s
Epoch: 79/150 Iter: 9/28 loss: 1.5760 acc: 0.8528 time 11.04s
Epoch: 79/150 Iter: 10/28 loss: 1.4836 acc: 0.8561 time 11.21s
Epoch: 79/150 Iter: 11/28 loss: 1.3942 acc: 0.8681 time 10.93s
Epoch: 79/150 Iter: 12/28 loss: 1.7736 acc: 0.8397 time 13.24s
Epoch: 79/150 Iter: 13/28 loss: 1.7440 acc: 0.8313 time 10.95s
Epoch: 79/150 Iter: 14/28 loss: 1.6959 acc: 0.8315 time 10.97s
Epoch: 79/150 Iter: 15/28 loss: 1.6806 acc: 0.8177 time 13.00s
Epoch: 79/150 Iter: 16/28 loss: 1.7179 acc: 0.7794 time 11.16s
Epoch: 79/150 Iter: 17/28 loss: 1.6898 acc: 0.7824 time 11.07s
Epoch: 79/150 Iter: 18/28 loss: 1.6237 acc: 0.7939 time 11.10s
Epoch: 79/150 Iter: 19/28 loss: 1.6476 acc: 0.7875 time 11.00s
Epoch: 79/150 Iter: 20/28 loss: 1.6855 acc: 0.7923 time 11.09s
Epoch: 79/150 Iter: 21/28 loss: 1.6617 acc: 0.7967 time 10.94s
Epoch: 79/150 Iter: 22/28 loss: 1.6507 acc: 0.7959 time 11.14s
Epoch: 79/150 Iter: 23/28 loss: 1.6922 acc: 0.7975 time 10.95s
Epoch: 79/150 Iter: 24/28 loss: 1.6416 acc: 0.8056 time 13.12s
Epoch: 79/150 Iter: 25/28 loss: 1.6337 acc: 0.8130 time 12.95s
Epoch: 79/150 Iter: 26/28 loss: 1.6045 acc: 0.8200 time 10.92s
Epoch: 79/150 Iter: 27/28 loss: 1.5617 acc: 0.8264 time 10.98s
[Train epoch 79] avg_loss=1.5617 avg_acc=0.8264 | per-class [c0: 0.750, c1: 0.939, c2: 0.851]
Final training 79/149, loss: 1.5617, time 325.26s, lr: 0.000250
Accuracy: 0.827
class                  precision    recall   specificity      f1   support
--------------------------------------------------------------------------
0                          0.879     0.750         0.930   0.810        68
1                          0.721     0.939         0.911   0.816        33
2                          0.851     0.851         0.901   0.851        67
*----------------------------------------*
Val 79/150 0/43, Acc: 1.0000, time 2.09s
Val 79/150 1/43, Acc: 1.0000, time 2.00s
Val 79/150 2/43, Acc: 1.0000, time 1.99s
Val 79/150 3/43, Acc: 1.0000, time 2.02s
Val 79/150 4/43, Acc: 0.8000, time 1.99s
Val 79/150 5/43, Acc: 0.6667, time 1.96s
Val 79/150 6/43, Acc: 0.7143, time 2.09s
Val 79/150 7/43, Acc: 0.6250, time 2.06s
Val 79/150 8/43, Acc: 0.6667, time 2.01s
Val 79/150 9/43, Acc: 0.7000, time 2.03s
Val 79/150 10/43, Acc: 0.7273, time 1.97s
Val 79/150 11/43, Acc: 0.7500, time 2.08s
Val 79/150 12/43, Acc: 0.6923, time 2.00s
Val 79/150 13/43, Acc: 0.6429, time 2.08s
Val 79/150 14/43, Acc: 0.6667, time 2.09s
Val 79/150 15/43, Acc: 0.6875, time 2.16s
Val 79/150 16/43, Acc: 0.7059, time 2.07s
Val 79/150 17/43, Acc: 0.7222, time 1.96s
Val 79/150 18/43, Acc: 0.6842, time 2.10s
Val 79/150 19/43, Acc: 0.7000, time 1.95s
Val 79/150 20/43, Acc: 0.7143, time 2.07s
Val 79/150 21/43, Acc: 0.7273, time 2.11s
Val 79/150 22/43, Acc: 0.7391, time 2.07s
Val 79/150 23/43, Acc: 0.7500, time 2.07s
Val 79/150 24/43, Acc: 0.7600, time 2.00s
Val 79/150 25/43, Acc: 0.7692, time 2.05s
Val 79/150 26/43, Acc: 0.7778, time 1.95s
Val 79/150 27/43, Acc: 0.7500, time 2.04s
Val 79/150 28/43, Acc: 0.7586, time 2.02s
Val 79/150 29/43, Acc: 0.7667, time 1.95s
Val 79/150 30/43, Acc: 0.7419, time 1.97s
Val 79/150 31/43, Acc: 0.7500, time 2.05s
Val 79/150 32/43, Acc: 0.7273, time 2.05s
Val 79/150 33/43, Acc: 0.7353, time 2.00s
Val 79/150 34/43, Acc: 0.7429, time 2.05s
Val 79/150 35/43, Acc: 0.7500, time 2.07s
Val 79/150 36/43, Acc: 0.7297, time 2.05s
Val 79/150 37/43, Acc: 0.7105, time 2.07s
Val 79/150 38/43, Acc: 0.7179, time 1.96s
Val 79/150 39/43, Acc: 0.7250, time 2.06s
Val 79/150 40/43, Acc: 0.7317, time 2.04s
Val 79/150 41/43, Acc: 0.7381, time 2.02s
Val 79/150 42/43, Acc: 0.7442, time 2.12s
[Val epoch 79] avg_acc=0.7442 | per-class [c0: 0.824, c1: 0.778, c2: 0.647]
Final validation 79/149, Val_acc: 0.7442, time 87.53sAccuracy: 0.744
class                  precision    recall   specificity      f1   support
--------------------------------------------------------------------------
0                          0.700     0.824         0.769   0.757        17
1                          0.778     0.778         0.941   0.778         9
2                          0.786     0.647         0.885   0.710        17
*========================================*
Saving checkpoint outputs/OrganoidsINRIA/swinunetr/2025-11-03-09-58/model_final.pt
0 Mon Nov  3 17:43:07 2025 Epoch: 80
Epoch: 80/150 Iter: 0/28 loss: 4.5021 acc: 0.6111 time 14.59s
Epoch: 80/150 Iter: 1/28 loss: 2.6902 acc: 0.8056 time 11.07s
Epoch: 80/150 Iter: 2/28 loss: 2.4733 acc: 0.8704 time 11.22s
Epoch: 80/150 Iter: 3/28 loss: 2.1572 acc: 0.7361 time 11.03s
Epoch: 80/150 Iter: 4/28 loss: 1.9491 acc: 0.7889 time 13.05s
Epoch: 80/150 Iter: 5/28 loss: 2.5497 acc: 0.7222 time 10.98s
Epoch: 80/150 Iter: 6/28 loss: 2.7394 acc: 0.7024 time 12.99s
Epoch: 80/150 Iter: 7/28 loss: 2.7067 acc: 0.6771 time 13.06s
Epoch: 80/150 Iter: 8/28 loss: 2.6395 acc: 0.6883 time 11.05s
Epoch: 80/150 Iter: 9/28 loss: 2.4553 acc: 0.7194 time 10.98s
Epoch: 80/150 Iter: 10/28 loss: 2.4567 acc: 0.7197 time 12.98s
Epoch: 80/150 Iter: 11/28 loss: 2.3258 acc: 0.7292 time 10.97s
Epoch: 80/150 Iter: 12/28 loss: 2.3231 acc: 0.6987 time 10.96s
Epoch: 80/150 Iter: 13/28 loss: 2.3160 acc: 0.6935 time 10.95s
Epoch: 80/150 Iter: 14/28 loss: 2.3534 acc: 0.7028 time 11.02s
Epoch: 80/150 Iter: 15/28 loss: 2.2934 acc: 0.6901 time 10.98s
Epoch: 80/150 Iter: 16/28 loss: 2.2185 acc: 0.6887 time 10.95s
Epoch: 80/150 Iter: 17/28 loss: 2.1391 acc: 0.7014 time 10.98s
Epoch: 80/150 Iter: 18/28 loss: 2.0913 acc: 0.7171 time 10.96s
Epoch: 80/150 Iter: 19/28 loss: 2.0504 acc: 0.7229 time 10.93s
Epoch: 80/150 Iter: 20/28 loss: 2.0833 acc: 0.7202 time 10.99s
Epoch: 80/150 Iter: 21/28 loss: 2.0646 acc: 0.7178 time 10.97s
Epoch: 80/150 Iter: 22/28 loss: 2.0630 acc: 0.7098 time 11.14s
Epoch: 80/150 Iter: 23/28 loss: 2.0397 acc: 0.7034 time 10.95s
Epoch: 80/150 Iter: 24/28 loss: 2.0004 acc: 0.7152 time 11.00s
Epoch: 80/150 Iter: 25/28 loss: 1.9474 acc: 0.7262 time 10.97s
Epoch: 80/150 Iter: 26/28 loss: 1.9745 acc: 0.7199 time 10.99s
Epoch: 80/150 Iter: 27/28 loss: 1.9447 acc: 0.7120 time 10.99s
[Train epoch 80] avg_loss=1.9447 avg_acc=0.7120 | per-class [c0: 0.721, c1: 0.875, c2: 0.809]
Final training 80/149, loss: 1.9447, time 319.77s, lr: 0.000244
Accuracy: 0.786
class                  precision    recall   specificity      f1   support
--------------------------------------------------------------------------
0                          0.875     0.721         0.930   0.790        68
1                          0.667     0.875         0.897   0.757        32
2                          0.786     0.809         0.850   0.797        68
*----------------------------------------*
0 Mon Nov  3 17:48:27 2025 Epoch: 81
Epoch: 81/150 Iter: 0/28 loss: 0.5417 acc: 1.0000 time 17.01s
Epoch: 81/150 Iter: 1/28 loss: 0.9091 acc: 1.0000 time 11.06s
Epoch: 81/150 Iter: 2/28 loss: 0.8138 acc: 1.0000 time 11.04s
Epoch: 81/150 Iter: 3/28 loss: 1.1726 acc: 0.9583 time 13.09s
Epoch: 81/150 Iter: 4/28 loss: 1.1010 acc: 0.9667 time 11.00s
Epoch: 81/150 Iter: 5/28 loss: 1.1863 acc: 0.9537 time 13.04s
Epoch: 81/150 Iter: 6/28 loss: 1.1394 acc: 0.9603 time 13.06s
Epoch: 81/150 Iter: 7/28 loss: 1.1688 acc: 0.9653 time 11.04s
Epoch: 81/150 Iter: 8/28 loss: 1.4074 acc: 0.9043 time 11.02s
Epoch: 81/150 Iter: 9/28 loss: 1.5920 acc: 0.8417 time 11.03s
Epoch: 81/150 Iter: 10/28 loss: 1.5965 acc: 0.8308 time 11.36s
Epoch: 81/150 Iter: 11/28 loss: 1.6504 acc: 0.8032 time 11.02s
Epoch: 81/150 Iter: 12/28 loss: 1.6468 acc: 0.7927 time 10.95s
Epoch: 81/150 Iter: 13/28 loss: 1.7844 acc: 0.7837 time 10.94s
Epoch: 81/150 Iter: 14/28 loss: 1.8570 acc: 0.7833 time 10.99s
Epoch: 81/150 Iter: 15/28 loss: 1.7843 acc: 0.7865 time 11.04s
Epoch: 81/150 Iter: 16/28 loss: 1.7477 acc: 0.7843 time 10.92s
Epoch: 81/150 Iter: 17/28 loss: 1.7062 acc: 0.7654 time 10.97s
Epoch: 81/150 Iter: 18/28 loss: 1.7570 acc: 0.7646 time 12.98s
Epoch: 81/150 Iter: 19/28 loss: 1.7473 acc: 0.7701 time 11.03s
Epoch: 81/150 Iter: 20/28 loss: 1.7093 acc: 0.7811 time 10.97s
Epoch: 81/150 Iter: 21/28 loss: 1.7627 acc: 0.7784 time 13.20s
Epoch: 81/150 Iter: 22/28 loss: 1.7036 acc: 0.7880 time 11.01s
Epoch: 81/150 Iter: 23/28 loss: 1.6380 acc: 0.7969 time 13.20s
Epoch: 81/150 Iter: 24/28 loss: 1.6064 acc: 0.8050 time 10.94s
Epoch: 81/150 Iter: 25/28 loss: 1.5662 acc: 0.8125 time 10.90s
Epoch: 81/150 Iter: 26/28 loss: 1.5262 acc: 0.8194 time 11.05s
Epoch: 81/150 Iter: 27/28 loss: 1.5449 acc: 0.8051 time 11.18s
[Train epoch 81] avg_loss=1.5449 avg_acc=0.8051 | per-class [c0: 0.791, c1: 0.882, c2: 0.821]
Final training 81/149, loss: 1.5449, time 327.08s, lr: 0.000239
Accuracy: 0.821
class                  precision    recall   specificity      f1   support
--------------------------------------------------------------------------
0                          0.914     0.791         0.950   0.848        67
1                          0.698     0.882         0.903   0.779        34
2                          0.821     0.821         0.881   0.821        67
*----------------------------------------*
0 Mon Nov  3 17:53:54 2025 Epoch: 82
Epoch: 82/150 Iter: 0/28 loss: 1.2317 acc: 0.8333 time 14.59s
Epoch: 82/150 Iter: 1/28 loss: 1.0878 acc: 0.8333 time 11.00s
Epoch: 82/150 Iter: 2/28 loss: 0.9252 acc: 0.8889 time 11.01s
Epoch: 82/150 Iter: 3/28 loss: 2.3675 acc: 0.8333 time 13.08s
Epoch: 82/150 Iter: 4/28 loss: 2.0250 acc: 0.8667 time 11.00s
Epoch: 82/150 Iter: 5/28 loss: 1.9690 acc: 0.8704 time 11.01s
Epoch: 82/150 Iter: 6/28 loss: 1.7159 acc: 0.8889 time 13.07s
Epoch: 82/150 Iter: 7/28 loss: 1.5853 acc: 0.8889 time 11.01s
Epoch: 82/150 Iter: 8/28 loss: 1.4846 acc: 0.9012 time 11.12s
Epoch: 82/150 Iter: 9/28 loss: 1.6568 acc: 0.8778 time 11.04s
Epoch: 82/150 Iter: 10/28 loss: 1.6379 acc: 0.8889 time 13.03s
Epoch: 82/150 Iter: 11/28 loss: 1.6026 acc: 0.8843 time 13.08s
Epoch: 82/150 Iter: 12/28 loss: 1.7075 acc: 0.8504 time 10.97s
Epoch: 82/150 Iter: 13/28 loss: 1.7102 acc: 0.8373 time 10.98s
Epoch: 82/150 Iter: 14/28 loss: 1.6312 acc: 0.8481 time 11.02s
Epoch: 82/150 Iter: 15/28 loss: 1.6638 acc: 0.8194 time 10.98s
Epoch: 82/150 Iter: 16/28 loss: 1.6648 acc: 0.8203 time 10.99s
Epoch: 82/150 Iter: 17/28 loss: 1.5860 acc: 0.8302 time 10.92s
Epoch: 82/150 Iter: 18/28 loss: 1.6020 acc: 0.8333 time 10.95s
Epoch: 82/150 Iter: 19/28 loss: 1.5780 acc: 0.8333 time 10.96s
Epoch: 82/150 Iter: 20/28 loss: 1.5326 acc: 0.8333 time 10.99s
Epoch: 82/150 Iter: 21/28 loss: 1.5094 acc: 0.8359 time 10.97s
Epoch: 82/150 Iter: 22/28 loss: 1.4973 acc: 0.8430 time 10.98s
Epoch: 82/150 Iter: 23/28 loss: 1.4933 acc: 0.8287 time 11.08s
Epoch: 82/150 Iter: 24/28 loss: 1.5812 acc: 0.8133 time 10.93s
Epoch: 82/150 Iter: 25/28 loss: 1.5524 acc: 0.8205 time 10.96s
Epoch: 82/150 Iter: 26/28 loss: 1.6245 acc: 0.8210 time 12.98s
Epoch: 82/150 Iter: 27/28 loss: 1.6832 acc: 0.8075 time 10.93s
[Train epoch 82] avg_loss=1.6832 avg_acc=0.8075 | per-class [c0: 0.742, c1: 0.853, c2: 0.868]
Final training 82/149, loss: 1.6832, time 321.67s, lr: 0.000233
Accuracy: 0.815
class                  precision    recall   specificity      f1   support
--------------------------------------------------------------------------
0                          0.875     0.742         0.931   0.803        66
1                          0.763     0.853         0.933   0.806        34
2                          0.797     0.868         0.850   0.831        68
*----------------------------------------*
0 Mon Nov  3 17:59:16 2025 Epoch: 83
Epoch: 83/150 Iter: 0/28 loss: 1.5387 acc: 0.8333 time 14.65s
Epoch: 83/150 Iter: 1/28 loss: 1.2713 acc: 0.9167 time 11.03s
Epoch: 83/150 Iter: 2/28 loss: 1.4080 acc: 0.8056 time 11.02s
Epoch: 83/150 Iter: 3/28 loss: 1.3995 acc: 0.8125 time 10.99s
Epoch: 83/150 Iter: 4/28 loss: 1.2599 acc: 0.8500 time 13.07s
Epoch: 83/150 Iter: 5/28 loss: 1.1799 acc: 0.8750 time 11.12s
Epoch: 83/150 Iter: 6/28 loss: 1.2350 acc: 0.8532 time 11.08s
Epoch: 83/150 Iter: 7/28 loss: 1.3931 acc: 0.8507 time 10.96s
Epoch: 83/150 Iter: 8/28 loss: 1.2705 acc: 0.8673 time 11.36s
Epoch: 83/150 Iter: 9/28 loss: 1.3743 acc: 0.8472 time 11.02s
Epoch: 83/150 Iter: 10/28 loss: 1.2743 acc: 0.8611 time 10.99s
Epoch: 83/150 Iter: 11/28 loss: 1.2930 acc: 0.8171 time 11.04s
Epoch: 83/150 Iter: 12/28 loss: 1.2816 acc: 0.7927 time 10.93s
Epoch: 83/150 Iter: 13/28 loss: 1.3598 acc: 0.7837 time 13.14s
Epoch: 83/150 Iter: 14/28 loss: 1.3400 acc: 0.7907 time 11.34s
Epoch: 83/150 Iter: 15/28 loss: 1.3596 acc: 0.7934 time 10.93s
Epoch: 83/150 Iter: 16/28 loss: 1.3256 acc: 0.7958 time 13.05s
Epoch: 83/150 Iter: 17/28 loss: 1.2828 acc: 0.8071 time 10.98s
Epoch: 83/150 Iter: 18/28 loss: 1.2898 acc: 0.8173 time 10.94s
Epoch: 83/150 Iter: 19/28 loss: 1.2996 acc: 0.8042 time 12.98s
Epoch: 83/150 Iter: 20/28 loss: 1.3050 acc: 0.7937 time 10.97s
Epoch: 83/150 Iter: 21/28 loss: 1.3204 acc: 0.7879 time 11.09s
Epoch: 83/150 Iter: 22/28 loss: 1.2864 acc: 0.7971 time 10.98s
Epoch: 83/150 Iter: 23/28 loss: 1.3573 acc: 0.7940 time 10.96s
Epoch: 83/150 Iter: 24/28 loss: 1.4158 acc: 0.7822 time 11.13s
Epoch: 83/150 Iter: 25/28 loss: 1.4147 acc: 0.7863 time 10.98s
Epoch: 83/150 Iter: 26/28 loss: 1.5173 acc: 0.7819 time 12.97s
Epoch: 83/150 Iter: 27/28 loss: 1.4742 acc: 0.7897 time 10.92s
[Train epoch 83] avg_loss=1.4742 avg_acc=0.7897 | per-class [c0: 0.794, c1: 0.848, c2: 0.851]
Final training 83/149, loss: 1.4742, time 322.65s, lr: 0.000228
Accuracy: 0.827
class                  precision    recall   specificity      f1   support
--------------------------------------------------------------------------
0                          0.885     0.794         0.930   0.837        68
1                          0.800     0.848         0.948   0.824        33
2                          0.792     0.851         0.851   0.820        67
*----------------------------------------*
Val 83/150 0/43, Acc: 0.0000, time 2.10s
Val 83/150 1/43, Acc: 0.5000, time 1.96s
Val 83/150 2/43, Acc: 0.6667, time 1.95s
Val 83/150 3/43, Acc: 0.7500, time 2.03s
Val 83/150 4/43, Acc: 0.8000, time 2.00s
Val 83/150 5/43, Acc: 0.6667, time 1.99s
Val 83/150 6/43, Acc: 0.7143, time 2.10s
Val 83/150 7/43, Acc: 0.6250, time 2.06s
Val 83/150 8/43, Acc: 0.6667, time 2.00s
Val 83/150 9/43, Acc: 0.7000, time 2.02s
Val 83/150 10/43, Acc: 0.7273, time 1.94s
Val 83/150 11/43, Acc: 0.7500, time 2.07s
Val 83/150 12/43, Acc: 0.6923, time 1.97s
Val 83/150 13/43, Acc: 0.6429, time 2.09s
Val 83/150 14/43, Acc: 0.6667, time 2.11s
Val 83/150 15/43, Acc: 0.6875, time 2.17s
Val 83/150 16/43, Acc: 0.6471, time 2.07s
Val 83/150 17/43, Acc: 0.6667, time 1.98s
Val 83/150 18/43, Acc: 0.6842, time 2.11s
Val 83/150 19/43, Acc: 0.7000, time 1.95s
Val 83/150 20/43, Acc: 0.7143, time 2.07s
Val 83/150 21/43, Acc: 0.7273, time 2.13s
Val 83/150 22/43, Acc: 0.6957, time 2.08s
Val 83/150 23/43, Acc: 0.6667, time 2.07s
Val 83/150 24/43, Acc: 0.6800, time 2.01s
Val 83/150 25/43, Acc: 0.6923, time 2.06s
Val 83/150 26/43, Acc: 0.7037, time 1.95s
Val 83/150 27/43, Acc: 0.6786, time 2.04s
Val 83/150 28/43, Acc: 0.6897, time 2.02s
Val 83/150 29/43, Acc: 0.6667, time 1.95s
Val 83/150 30/43, Acc: 0.6774, time 1.96s
Val 83/150 31/43, Acc: 0.6875, time 2.06s
Val 83/150 32/43, Acc: 0.6667, time 2.06s
Val 83/150 33/43, Acc: 0.6765, time 2.00s
Val 83/150 34/43, Acc: 0.6857, time 2.04s
Val 83/150 35/43, Acc: 0.6944, time 2.07s
Val 83/150 36/43, Acc: 0.7027, time 2.03s
Val 83/150 37/43, Acc: 0.6842, time 2.06s
Val 83/150 38/43, Acc: 0.6923, time 1.96s
Val 83/150 39/43, Acc: 0.7000, time 2.06s
Val 83/150 40/43, Acc: 0.7073, time 2.04s
Val 83/150 41/43, Acc: 0.7143, time 2.03s
Val 83/150 42/43, Acc: 0.7209, time 2.12s
[Val epoch 83] avg_acc=0.7209 | per-class [c0: 0.588, c1: 1.000, c2: 0.706]
Final validation 83/149, Val_acc: 0.7209, time 87.55sAccuracy: 0.721
class                  precision    recall   specificity      f1   support
--------------------------------------------------------------------------
0                          0.833     0.588         0.923   0.690        17
1                          0.600     1.000         0.824   0.750         9
2                          0.750     0.706         0.846   0.727        17
*========================================*
Saving checkpoint outputs/OrganoidsINRIA/swinunetr/2025-11-03-09-58/model_final.pt
0 Mon Nov  3 18:06:11 2025 Epoch: 84
Epoch: 84/150 Iter: 0/28 loss: 1.0384 acc: 1.0000 time 13.22s
Epoch: 84/150 Iter: 1/28 loss: 0.8265 acc: 0.8333 time 13.11s
Epoch: 84/150 Iter: 2/28 loss: 0.6626 acc: 0.8889 time 11.21s
Epoch: 84/150 Iter: 3/28 loss: 1.0672 acc: 0.7778 time 11.03s
Epoch: 84/150 Iter: 4/28 loss: 1.0717 acc: 0.7389 time 11.26s
Epoch: 84/150 Iter: 5/28 loss: 1.0461 acc: 0.7824 time 11.21s
Epoch: 84/150 Iter: 6/28 loss: 1.0956 acc: 0.7738 time 11.01s
Epoch: 84/150 Iter: 7/28 loss: 1.0191 acc: 0.7882 time 13.18s
Epoch: 84/150 Iter: 8/28 loss: 1.1106 acc: 0.7932 time 11.25s
Epoch: 84/150 Iter: 9/28 loss: 1.0375 acc: 0.8139 time 13.03s
Epoch: 84/150 Iter: 10/28 loss: 1.0664 acc: 0.7778 time 10.97s
Epoch: 84/150 Iter: 11/28 loss: 1.0308 acc: 0.7963 time 13.01s
Epoch: 84/150 Iter: 12/28 loss: 1.2434 acc: 0.7735 time 10.96s
Epoch: 84/150 Iter: 13/28 loss: 1.1911 acc: 0.7897 time 11.13s
Epoch: 84/150 Iter: 14/28 loss: 1.1828 acc: 0.7770 time 13.02s
Epoch: 84/150 Iter: 15/28 loss: 1.1370 acc: 0.7910 time 10.94s
Epoch: 84/150 Iter: 16/28 loss: 1.1688 acc: 0.7935 time 10.90s
Epoch: 84/150 Iter: 17/28 loss: 1.1576 acc: 0.7994 time 10.98s
Epoch: 84/150 Iter: 18/28 loss: 1.1910 acc: 0.7953 time 10.96s
Epoch: 84/150 Iter: 19/28 loss: 1.2240 acc: 0.7917 time 13.07s
Epoch: 84/150 Iter: 20/28 loss: 1.2089 acc: 0.7963 time 11.06s
Epoch: 84/150 Iter: 21/28 loss: 1.1929 acc: 0.8056 time 11.01s
Epoch: 84/150 Iter: 22/28 loss: 1.1740 acc: 0.8140 time 10.94s
Epoch: 84/150 Iter: 23/28 loss: 1.1688 acc: 0.8113 time 10.95s
Epoch: 84/150 Iter: 24/28 loss: 1.1644 acc: 0.8189 time 12.98s
Epoch: 84/150 Iter: 25/28 loss: 1.1475 acc: 0.8259 time 10.93s
Epoch: 84/150 Iter: 26/28 loss: 1.1584 acc: 0.8200 time 10.95s
Epoch: 84/150 Iter: 27/28 loss: 1.1820 acc: 0.8026 time 10.95s
[Train epoch 84] avg_loss=1.1820 avg_acc=0.8026 | per-class [c0: 0.824, c1: 0.912, c2: 0.848]
Final training 84/149, loss: 1.1820, time 325.28s, lr: 0.000222
Accuracy: 0.851
class                  precision    recall   specificity      f1   support
--------------------------------------------------------------------------
0                          0.918     0.824         0.950   0.868        68
1                          0.775     0.912         0.933   0.838        34
2                          0.836     0.848         0.892   0.842        66
*----------------------------------------*
0 Mon Nov  3 18:11:36 2025 Epoch: 85
Epoch: 85/150 Iter: 0/28 loss: 0.9933 acc: 1.0000 time 14.27s
Epoch: 85/150 Iter: 1/28 loss: 0.8527 acc: 0.7083 time 11.25s
Epoch: 85/150 Iter: 2/28 loss: 0.7206 acc: 0.8056 time 11.28s
Epoch: 85/150 Iter: 3/28 loss: 0.7886 acc: 0.8542 time 13.12s
Epoch: 85/150 Iter: 4/28 loss: 0.7988 acc: 0.8833 time 11.05s
Epoch: 85/150 Iter: 5/28 loss: 0.9576 acc: 0.8750 time 13.06s
Epoch: 85/150 Iter: 6/28 loss: 2.2929 acc: 0.8135 time 13.27s
Epoch: 85/150 Iter: 7/28 loss: 2.1120 acc: 0.7674 time 13.02s
Epoch: 85/150 Iter: 8/28 loss: 2.0373 acc: 0.7747 time 11.08s
Epoch: 85/150 Iter: 9/28 loss: 1.9533 acc: 0.7806 time 11.22s
Epoch: 85/150 Iter: 10/28 loss: 1.9131 acc: 0.7581 time 11.05s
Epoch: 85/150 Iter: 11/28 loss: 1.8119 acc: 0.7644 time 10.98s
Epoch: 85/150 Iter: 12/28 loss: 1.8820 acc: 0.7536 time 11.05s
Epoch: 85/150 Iter: 13/28 loss: 1.9379 acc: 0.7633 time 11.22s
Epoch: 85/150 Iter: 14/28 loss: 2.0139 acc: 0.7272 time 13.05s
Epoch: 85/150 Iter: 15/28 loss: 1.9454 acc: 0.7373 time 10.94s
Epoch: 85/150 Iter: 16/28 loss: 1.9671 acc: 0.7430 time 11.19s
Epoch: 85/150 Iter: 17/28 loss: 1.9355 acc: 0.7264 time 11.12s
Epoch: 85/150 Iter: 18/28 loss: 1.8832 acc: 0.7408 time 11.13s
Epoch: 85/150 Iter: 19/28 loss: 1.8328 acc: 0.7538 time 10.99s
Epoch: 85/150 Iter: 20/28 loss: 1.8777 acc: 0.7377 time 12.99s
Epoch: 85/150 Iter: 21/28 loss: 1.8992 acc: 0.7269 time 10.95s
Epoch: 85/150 Iter: 22/28 loss: 1.8981 acc: 0.7333 time 10.93s
Epoch: 85/150 Iter: 23/28 loss: 1.8676 acc: 0.7306 time 11.00s
Epoch: 85/150 Iter: 24/28 loss: 1.8764 acc: 0.7280 time 13.18s
Epoch: 85/150 Iter: 25/28 loss: 1.8444 acc: 0.7385 time 11.02s
Epoch: 85/150 Iter: 26/28 loss: 1.9429 acc: 0.7296 time 13.03s
Epoch: 85/150 Iter: 27/28 loss: 1.9394 acc: 0.7353 time 11.10s
[Train epoch 85] avg_loss=1.9394 avg_acc=0.7353 | per-class [c0: 0.716, c1: 0.882, c2: 0.791]
Final training 85/149, loss: 1.9394, time 329.59s, lr: 0.000217
Accuracy: 0.780
class                  precision    recall   specificity      f1   support
--------------------------------------------------------------------------
0                          0.873     0.716         0.931   0.787        67
1                          0.714     0.882         0.910   0.789        34
2                          0.746     0.791         0.822   0.768        67
*----------------------------------------*
0 Mon Nov  3 18:17:06 2025 Epoch: 86
Epoch: 86/150 Iter: 0/28 loss: 1.1278 acc: 0.8750 time 15.18s
Epoch: 86/150 Iter: 1/28 loss: 1.4102 acc: 0.7375 time 11.26s
Epoch: 86/150 Iter: 2/28 loss: 1.6756 acc: 0.7694 time 11.10s
Epoch: 86/150 Iter: 3/28 loss: 1.7970 acc: 0.7993 time 11.30s
Epoch: 86/150 Iter: 4/28 loss: 1.6710 acc: 0.8144 time 13.01s
Epoch: 86/150 Iter: 5/28 loss: 1.6335 acc: 0.8315 time 11.04s
Epoch: 86/150 Iter: 6/28 loss: 1.5062 acc: 0.8556 time 11.01s
Epoch: 86/150 Iter: 7/28 loss: 1.3411 acc: 0.8736 time 11.31s
Epoch: 86/150 Iter: 8/28 loss: 1.2935 acc: 0.8877 time 11.04s
Epoch: 86/150 Iter: 9/28 loss: 1.2159 acc: 0.8989 time 13.01s
Epoch: 86/150 Iter: 10/28 loss: 1.3787 acc: 0.8828 time 10.98s
Epoch: 86/150 Iter: 11/28 loss: 1.5900 acc: 0.8787 time 11.01s
Epoch: 86/150 Iter: 12/28 loss: 1.6280 acc: 0.8624 time 11.06s
Epoch: 86/150 Iter: 13/28 loss: 1.6984 acc: 0.8663 time 11.14s
Epoch: 86/150 Iter: 14/28 loss: 1.6924 acc: 0.8530 time 10.91s
Epoch: 86/150 Iter: 15/28 loss: 1.9802 acc: 0.8122 time 10.96s
Epoch: 86/150 Iter: 16/28 loss: 2.0051 acc: 0.8036 time 10.96s
Epoch: 86/150 Iter: 17/28 loss: 1.9607 acc: 0.8083 time 10.99s
Epoch: 86/150 Iter: 18/28 loss: 1.9014 acc: 0.8184 time 10.94s
Epoch: 86/150 Iter: 19/28 loss: 1.8858 acc: 0.8192 time 12.98s
Epoch: 86/150 Iter: 20/28 loss: 1.9168 acc: 0.8119 time 13.05s
Epoch: 86/150 Iter: 21/28 loss: 1.9480 acc: 0.7977 time 10.93s
Epoch: 86/150 Iter: 22/28 loss: 1.9244 acc: 0.8017 time 11.00s
Epoch: 86/150 Iter: 23/28 loss: 2.0414 acc: 0.7729 time 11.03s
Epoch: 86/150 Iter: 24/28 loss: 2.0164 acc: 0.7687 time 11.16s
Epoch: 86/150 Iter: 25/28 loss: 1.9632 acc: 0.7733 time 13.01s
Epoch: 86/150 Iter: 26/28 loss: 1.9683 acc: 0.7521 time 11.06s
Epoch: 86/150 Iter: 27/28 loss: 1.9066 acc: 0.7609 time 11.08s
[Train epoch 86] avg_loss=1.9066 avg_acc=0.7609 | per-class [c0: 0.721, c1: 0.848, c2: 0.836]
Final training 86/149, loss: 1.9066, time 323.55s, lr: 0.000211
Accuracy: 0.792
class                  precision    recall   specificity      f1   support
--------------------------------------------------------------------------
0                          0.891     0.721         0.940   0.797        68
1                          0.651     0.848         0.889   0.737        33
2                          0.800     0.836         0.861   0.818        67
*----------------------------------------*
0 Mon Nov  3 18:22:30 2025 Epoch: 87
Epoch: 87/150 Iter: 0/28 loss: 0.9845 acc: 1.0000 time 13.68s
Epoch: 87/150 Iter: 1/28 loss: 1.0411 acc: 0.9583 time 11.02s
Epoch: 87/150 Iter: 2/28 loss: 1.2716 acc: 0.8611 time 11.08s
Epoch: 87/150 Iter: 3/28 loss: 1.0718 acc: 0.8958 time 10.96s
Epoch: 87/150 Iter: 4/28 loss: 1.2206 acc: 0.8167 time 13.09s
Epoch: 87/150 Iter: 5/28 loss: 1.1235 acc: 0.8472 time 11.00s
Epoch: 87/150 Iter: 6/28 loss: 1.2617 acc: 0.8056 time 11.02s
Epoch: 87/150 Iter: 7/28 loss: 1.2142 acc: 0.8299 time 11.01s
Epoch: 87/150 Iter: 8/28 loss: 1.2160 acc: 0.8025 time 10.98s
Epoch: 87/150 Iter: 9/28 loss: 1.2311 acc: 0.8111 time 11.03s
Epoch: 87/150 Iter: 10/28 loss: 1.2347 acc: 0.7980 time 11.38s
Epoch: 87/150 Iter: 11/28 loss: 1.2925 acc: 0.7963 time 10.95s
Epoch: 87/150 Iter: 12/28 loss: 1.3370 acc: 0.7799 time 10.94s
Epoch: 87/150 Iter: 13/28 loss: 1.2903 acc: 0.7956 time 11.00s
Epoch: 87/150 Iter: 14/28 loss: 1.2434 acc: 0.8093 time 10.96s
Epoch: 87/150 Iter: 15/28 loss: 1.3231 acc: 0.7795 time 10.95s
Epoch: 87/150 Iter: 16/28 loss: 1.3321 acc: 0.7582 time 11.02s
Epoch: 87/150 Iter: 17/28 loss: 1.3291 acc: 0.7716 time 10.95s
Epoch: 87/150 Iter: 18/28 loss: 1.3123 acc: 0.7778 time 11.04s
Epoch: 87/150 Iter: 19/28 loss: 1.4530 acc: 0.7514 time 10.94s
Epoch: 87/150 Iter: 20/28 loss: 1.4330 acc: 0.7474 time 11.07s
Epoch: 87/150 Iter: 21/28 loss: 1.4129 acc: 0.7588 time 10.95s
Epoch: 87/150 Iter: 22/28 loss: 1.4501 acc: 0.7500 time 13.17s
Epoch: 87/150 Iter: 23/28 loss: 1.4380 acc: 0.7558 time 13.03s
Epoch: 87/150 Iter: 24/28 loss: 1.3955 acc: 0.7656 time 10.96s
Epoch: 87/150 Iter: 25/28 loss: 1.3776 acc: 0.7618 time 11.10s
Epoch: 87/150 Iter: 26/28 loss: 1.4080 acc: 0.7582 time 12.99s
Epoch: 87/150 Iter: 27/28 loss: 1.3952 acc: 0.7579 time 10.95s
[Train epoch 87] avg_loss=1.3952 avg_acc=0.7579 | per-class [c0: 0.803, c1: 0.912, c2: 0.838]
Final training 87/149, loss: 1.3952, time 319.28s, lr: 0.000206
Accuracy: 0.839
class                  precision    recall   specificity      f1   support
--------------------------------------------------------------------------
0                          0.855     0.803         0.912   0.828        66
1                          0.838     0.912         0.955   0.873        34
2                          0.826     0.838         0.880   0.832        68
*----------------------------------------*
Val 87/150 0/43, Acc: 0.0000, time 2.10s
Val 87/150 1/43, Acc: 0.5000, time 1.97s
Val 87/150 2/43, Acc: 0.6667, time 1.96s
Val 87/150 3/43, Acc: 0.7500, time 2.02s
Val 87/150 4/43, Acc: 0.8000, time 1.97s
Val 87/150 5/43, Acc: 0.6667, time 1.96s
Val 87/150 6/43, Acc: 0.7143, time 2.09s
Val 87/150 7/43, Acc: 0.7500, time 2.07s
Val 87/150 8/43, Acc: 0.7778, time 2.00s
Val 87/150 9/43, Acc: 0.8000, time 2.02s
Val 87/150 10/43, Acc: 0.8182, time 1.94s
Val 87/150 11/43, Acc: 0.7500, time 2.07s
Val 87/150 12/43, Acc: 0.6923, time 1.98s
Val 87/150 13/43, Acc: 0.6429, time 2.08s
Val 87/150 14/43, Acc: 0.6667, time 2.11s
Val 87/150 15/43, Acc: 0.6875, time 2.17s
Val 87/150 16/43, Acc: 0.6471, time 2.07s
Val 87/150 17/43, Acc: 0.6667, time 1.96s
Val 87/150 18/43, Acc: 0.6842, time 2.11s
Val 87/150 19/43, Acc: 0.7000, time 1.95s
Val 87/150 20/43, Acc: 0.7143, time 2.07s
Val 87/150 21/43, Acc: 0.7273, time 2.12s
Val 87/150 22/43, Acc: 0.6957, time 2.07s
Val 87/150 23/43, Acc: 0.6667, time 2.08s
Val 87/150 24/43, Acc: 0.6800, time 2.00s
Val 87/150 25/43, Acc: 0.6923, time 2.05s
Val 87/150 26/43, Acc: 0.7037, time 1.95s
Val 87/150 27/43, Acc: 0.7143, time 2.04s
Val 87/150 28/43, Acc: 0.7241, time 2.02s
Val 87/150 29/43, Acc: 0.7000, time 1.98s
Val 87/150 30/43, Acc: 0.7097, time 1.96s
Val 87/150 31/43, Acc: 0.7188, time 2.06s
Val 87/150 32/43, Acc: 0.6970, time 2.05s
Val 87/150 33/43, Acc: 0.7059, time 1.97s
Val 87/150 34/43, Acc: 0.7143, time 2.05s
Val 87/150 35/43, Acc: 0.6944, time 2.06s
Val 87/150 36/43, Acc: 0.7027, time 2.03s
Val 87/150 37/43, Acc: 0.6842, time 2.07s
Val 87/150 38/43, Acc: 0.6923, time 1.97s
Val 87/150 39/43, Acc: 0.7000, time 2.06s
Val 87/150 40/43, Acc: 0.6829, time 2.04s
Val 87/150 41/43, Acc: 0.6905, time 2.02s
Val 87/150 42/43, Acc: 0.6977, time 2.13s
[Val epoch 87] avg_acc=0.6977 | per-class [c0: 0.412, c1: 1.000, c2: 0.824]
Final validation 87/149, Val_acc: 0.6977, time 87.44sAccuracy: 0.698
class                  precision    recall   specificity      f1   support
--------------------------------------------------------------------------
0                          1.000     0.412         1.000   0.583        17
1                          0.529     1.000         0.765   0.692         9
2                          0.737     0.824         0.808   0.778        17
*========================================*
Saving checkpoint outputs/OrganoidsINRIA/swinunetr/2025-11-03-09-58/model_final.pt
0 Mon Nov  3 18:29:21 2025 Epoch: 88
Epoch: 88/150 Iter: 0/28 loss: 0.4632 acc: 1.0000 time 14.48s
Epoch: 88/150 Iter: 1/28 loss: 0.5687 acc: 0.7917 time 10.96s
Epoch: 88/150 Iter: 2/28 loss: 1.0396 acc: 0.8056 time 11.17s
Epoch: 88/150 Iter: 3/28 loss: 1.0140 acc: 0.8125 time 11.31s
Epoch: 88/150 Iter: 4/28 loss: 1.0610 acc: 0.7667 time 11.03s
Epoch: 88/150 Iter: 5/28 loss: 1.1149 acc: 0.7593 time 11.28s
Epoch: 88/150 Iter: 6/28 loss: 1.3587 acc: 0.7222 time 13.08s
Epoch: 88/150 Iter: 7/28 loss: 1.3004 acc: 0.7014 time 11.16s
Epoch: 88/150 Iter: 8/28 loss: 1.5507 acc: 0.6753 time 11.19s
Epoch: 88/150 Iter: 9/28 loss: 1.4536 acc: 0.7078 time 11.04s
Epoch: 88/150 Iter: 10/28 loss: 1.4175 acc: 0.7242 time 13.01s
Epoch: 88/150 Iter: 11/28 loss: 1.3503 acc: 0.7389 time 11.04s
Epoch: 88/150 Iter: 12/28 loss: 1.5571 acc: 0.7248 time 11.14s
Epoch: 88/150 Iter: 13/28 loss: 1.4771 acc: 0.7444 time 11.00s
Epoch: 88/150 Iter: 14/28 loss: 1.5225 acc: 0.7559 time 10.98s
Epoch: 88/150 Iter: 15/28 loss: 1.4760 acc: 0.7712 time 10.97s
Epoch: 88/150 Iter: 16/28 loss: 1.4403 acc: 0.7846 time 11.00s
Epoch: 88/150 Iter: 17/28 loss: 1.4870 acc: 0.7735 time 10.98s
Epoch: 88/150 Iter: 18/28 loss: 1.5449 acc: 0.7620 time 11.09s
Epoch: 88/150 Iter: 19/28 loss: 1.4807 acc: 0.7739 time 11.00s
Epoch: 88/150 Iter: 20/28 loss: 1.4890 acc: 0.7714 time 11.01s
Epoch: 88/150 Iter: 21/28 loss: 1.4893 acc: 0.7742 time 10.96s
Epoch: 88/150 Iter: 22/28 loss: 1.4742 acc: 0.7797 time 11.08s
Epoch: 88/150 Iter: 23/28 loss: 1.4527 acc: 0.7889 time 10.99s
Epoch: 88/150 Iter: 24/28 loss: 1.4182 acc: 0.7973 time 10.96s
Epoch: 88/150 Iter: 25/28 loss: 1.4687 acc: 0.7987 time 13.03s
Epoch: 88/150 Iter: 26/28 loss: 1.4653 acc: 0.8000 time 10.94s
Epoch: 88/150 Iter: 27/28 loss: 1.4940 acc: 0.8032 time 11.00s
[Train epoch 88] avg_loss=1.4940 avg_acc=0.8032 | per-class [c0: 0.812, c1: 0.824, c2: 0.846]
Final training 88/149, loss: 1.4940, time 318.93s, lr: 0.000201
Accuracy: 0.827
class                  precision    recall   specificity      f1   support
--------------------------------------------------------------------------
0                          0.903     0.812         0.939   0.855        69
1                          0.718     0.824         0.918   0.767        34
2                          0.821     0.846         0.883   0.833        65
*----------------------------------------*
0 Mon Nov  3 18:34:40 2025 Epoch: 89
Epoch: 89/150 Iter: 0/28 loss: 0.8855 acc: 0.8333 time 13.58s
Epoch: 89/150 Iter: 1/28 loss: 2.0613 acc: 0.6250 time 10.97s
Epoch: 89/150 Iter: 2/28 loss: 1.8612 acc: 0.6667 time 10.97s
Epoch: 89/150 Iter: 3/28 loss: 1.6219 acc: 0.6458 time 10.98s
Epoch: 89/150 Iter: 4/28 loss: 1.3402 acc: 0.7167 time 11.06s
Epoch: 89/150 Iter: 5/28 loss: 1.3328 acc: 0.7222 time 12.97s
Epoch: 89/150 Iter: 6/28 loss: 1.3901 acc: 0.6905 time 11.06s
Epoch: 89/150 Iter: 7/28 loss: 1.3378 acc: 0.7153 time 11.01s
Epoch: 89/150 Iter: 8/28 loss: 1.4126 acc: 0.7346 time 12.98s
Epoch: 89/150 Iter: 9/28 loss: 1.3666 acc: 0.7611 time 11.03s
Epoch: 89/150 Iter: 10/28 loss: 1.3306 acc: 0.7727 time 11.03s
Epoch: 89/150 Iter: 11/28 loss: 1.2804 acc: 0.7813 time 11.02s
Epoch: 89/150 Iter: 12/28 loss: 1.3486 acc: 0.7660 time 13.04s
Epoch: 89/150 Iter: 13/28 loss: 1.3199 acc: 0.7827 time 12.97s
Epoch: 89/150 Iter: 14/28 loss: 1.2597 acc: 0.7972 time 10.95s
Epoch: 89/150 Iter: 15/28 loss: 1.2219 acc: 0.7995 time 10.94s
Epoch: 89/150 Iter: 16/28 loss: 1.2178 acc: 0.8015 time 13.22s
Epoch: 89/150 Iter: 17/28 loss: 1.2447 acc: 0.8032 time 13.01s
Epoch: 89/150 Iter: 18/28 loss: 1.1992 acc: 0.8136 time 10.97s
Epoch: 89/150 Iter: 19/28 loss: 1.1706 acc: 0.8229 time 10.97s
Epoch: 89/150 Iter: 20/28 loss: 1.2450 acc: 0.8181 time 10.95s
Epoch: 89/150 Iter: 21/28 loss: 1.2544 acc: 0.8213 time 10.99s
Epoch: 89/150 Iter: 22/28 loss: 1.2214 acc: 0.8291 time 10.98s
Epoch: 89/150 Iter: 23/28 loss: 1.3727 acc: 0.8108 time 10.97s
Epoch: 89/150 Iter: 24/28 loss: 1.3607 acc: 0.8072 time 12.99s
Epoch: 89/150 Iter: 25/28 loss: 1.3807 acc: 0.8114 time 13.14s
Epoch: 89/150 Iter: 26/28 loss: 1.3819 acc: 0.8020 time 10.98s
Epoch: 89/150 Iter: 27/28 loss: 1.3766 acc: 0.8011 time 13.00s
[Train epoch 89] avg_loss=1.3766 avg_acc=0.8011 | per-class [c0: 0.794, c1: 0.882, c2: 0.818]
Final training 89/149, loss: 1.3766, time 328.79s, lr: 0.000195
Accuracy: 0.821
class                  precision    recall   specificity      f1   support
--------------------------------------------------------------------------
0                          0.885     0.794         0.930   0.837        68
1                          0.682     0.882         0.896   0.769        34
2                          0.857     0.818         0.912   0.837        66
*----------------------------------------*
0 Mon Nov  3 18:40:09 2025 Epoch: 90
Epoch: 90/150 Iter: 0/28 loss: 1.2902 acc: 0.5556 time 15.28s
Epoch: 90/150 Iter: 1/28 loss: 2.4088 acc: 0.5000 time 13.10s
Epoch: 90/150 Iter: 2/28 loss: 2.1931 acc: 0.5833 time 11.29s
Epoch: 90/150 Iter: 3/28 loss: 1.9889 acc: 0.5625 time 11.00s
Epoch: 90/150 Iter: 4/28 loss: 1.9522 acc: 0.6056 time 11.10s
Epoch: 90/150 Iter: 5/28 loss: 1.7878 acc: 0.6713 time 11.36s
Epoch: 90/150 Iter: 6/28 loss: 1.7598 acc: 0.6611 time 11.23s
Epoch: 90/150 Iter: 7/28 loss: 1.6330 acc: 0.6688 time 11.00s
Epoch: 90/150 Iter: 8/28 loss: 1.5814 acc: 0.6932 time 11.02s
Epoch: 90/150 Iter: 9/28 loss: 1.5804 acc: 0.6989 time 13.11s
Epoch: 90/150 Iter: 10/28 loss: 1.4734 acc: 0.7263 time 13.06s
Epoch: 90/150 Iter: 11/28 loss: 1.4214 acc: 0.7491 time 11.16s
Epoch: 90/150 Iter: 12/28 loss: 1.4173 acc: 0.7556 time 11.11s
Epoch: 90/150 Iter: 13/28 loss: 1.3901 acc: 0.7730 time 10.96s
Epoch: 90/150 Iter: 14/28 loss: 1.4079 acc: 0.7807 time 10.96s
Epoch: 90/150 Iter: 15/28 loss: 1.3864 acc: 0.7806 time 10.97s
Epoch: 90/150 Iter: 16/28 loss: 1.3599 acc: 0.7788 time 10.95s
Epoch: 90/150 Iter: 17/28 loss: 1.3278 acc: 0.7910 time 11.00s
Epoch: 90/150 Iter: 18/28 loss: 1.4002 acc: 0.7933 time 11.17s
Epoch: 90/150 Iter: 19/28 loss: 1.3509 acc: 0.8036 time 13.14s
Epoch: 90/150 Iter: 20/28 loss: 1.3205 acc: 0.8130 time 11.00s
Epoch: 90/150 Iter: 21/28 loss: 1.3097 acc: 0.8158 time 10.97s
Epoch: 90/150 Iter: 22/28 loss: 1.6548 acc: 0.8093 time 10.98s
Epoch: 90/150 Iter: 23/28 loss: 1.6444 acc: 0.8126 time 10.95s
Epoch: 90/150 Iter: 24/28 loss: 1.6017 acc: 0.8201 time 12.99s
Epoch: 90/150 Iter: 25/28 loss: 1.6441 acc: 0.8228 time 10.95s
Epoch: 90/150 Iter: 26/28 loss: 1.6143 acc: 0.8293 time 11.20s
Epoch: 90/150 Iter: 27/28 loss: 1.6171 acc: 0.8324 time 12.98s
[Train epoch 90] avg_loss=1.6171 avg_acc=0.8324 | per-class [c0: 0.788, c1: 0.853, c2: 0.838]
Final training 90/149, loss: 1.6171, time 326.03s, lr: 0.000190
Accuracy: 0.821
class                  precision    recall   specificity      f1   support
--------------------------------------------------------------------------
0                          0.912     0.788         0.951   0.846        66
1                          0.784     0.853         0.940   0.817        34
2                          0.770     0.838         0.830   0.803        68
*----------------------------------------*
0 Mon Nov  3 18:45:36 2025 Epoch: 91
Epoch: 91/150 Iter: 0/28 loss: 1.3261 acc: 0.5000 time 15.62s
Epoch: 91/150 Iter: 1/28 loss: 0.9846 acc: 0.7500 time 11.29s
Epoch: 91/150 Iter: 2/28 loss: 1.1808 acc: 0.7963 time 10.97s
Epoch: 91/150 Iter: 3/28 loss: 1.0760 acc: 0.8472 time 11.27s
Epoch: 91/150 Iter: 4/28 loss: 1.0339 acc: 0.8556 time 10.97s
Epoch: 91/150 Iter: 5/28 loss: 1.0013 acc: 0.8796 time 11.08s
Epoch: 91/150 Iter: 6/28 loss: 1.0009 acc: 0.8968 time 10.95s
Epoch: 91/150 Iter: 7/28 loss: 1.0750 acc: 0.8941 time 11.31s
Epoch: 91/150 Iter: 8/28 loss: 1.0819 acc: 0.8873 time 11.02s
Epoch: 91/150 Iter: 9/28 loss: 1.0964 acc: 0.8875 time 10.97s
Epoch: 91/150 Iter: 10/28 loss: 1.0488 acc: 0.8826 time 11.12s
Epoch: 91/150 Iter: 11/28 loss: 1.0112 acc: 0.8924 time 11.01s
Epoch: 91/150 Iter: 12/28 loss: 1.0522 acc: 0.8878 time 11.08s
Epoch: 91/150 Iter: 13/28 loss: 1.0306 acc: 0.8720 time 11.01s
Epoch: 91/150 Iter: 14/28 loss: 1.0120 acc: 0.8583 time 11.13s
Epoch: 91/150 Iter: 15/28 loss: 1.0373 acc: 0.8394 time 10.95s
Epoch: 91/150 Iter: 16/28 loss: 1.1570 acc: 0.8292 time 10.93s
Epoch: 91/150 Iter: 17/28 loss: 1.2181 acc: 0.8326 time 10.93s
Epoch: 91/150 Iter: 18/28 loss: 1.2157 acc: 0.8355 time 10.94s
Epoch: 91/150 Iter: 19/28 loss: 1.1853 acc: 0.8438 time 13.09s
Epoch: 91/150 Iter: 20/28 loss: 1.1513 acc: 0.8512 time 10.97s
Epoch: 91/150 Iter: 21/28 loss: 1.1431 acc: 0.8428 time 10.92s
Epoch: 91/150 Iter: 22/28 loss: 1.1909 acc: 0.8303 time 11.06s
Epoch: 91/150 Iter: 23/28 loss: 1.1860 acc: 0.8339 time 10.96s
Epoch: 91/150 Iter: 24/28 loss: 1.1868 acc: 0.8339 time 10.93s
Epoch: 91/150 Iter: 25/28 loss: 1.1944 acc: 0.8403 time 11.21s
Epoch: 91/150 Iter: 26/28 loss: 1.2483 acc: 0.8400 time 11.07s
Epoch: 91/150 Iter: 27/28 loss: 1.2434 acc: 0.8219 time 10.97s
[Train epoch 91] avg_loss=1.2434 avg_acc=0.8219 | per-class [c0: 0.884, c1: 0.875, c2: 0.836]
Final training 91/149, loss: 1.2434, time 315.74s, lr: 0.000184
Accuracy: 0.863
class                  precision    recall   specificity      f1   support
--------------------------------------------------------------------------
0                          0.897     0.884         0.929   0.891        69
1                          0.800     0.875         0.949   0.836        32
2                          0.862     0.836         0.911   0.848        67
*----------------------------------------*
Val 91/150 0/43, Acc: 0.0000, time 2.10s
Val 91/150 1/43, Acc: 0.5000, time 1.97s
Val 91/150 2/43, Acc: 0.6667, time 1.99s
Val 91/150 3/43, Acc: 0.7500, time 2.03s
Val 91/150 4/43, Acc: 0.8000, time 1.96s
Val 91/150 5/43, Acc: 0.6667, time 1.97s
Val 91/150 6/43, Acc: 0.7143, time 2.09s
Val 91/150 7/43, Acc: 0.7500, time 2.08s
Val 91/150 8/43, Acc: 0.7778, time 2.01s
Val 91/150 9/43, Acc: 0.8000, time 2.03s
Val 91/150 10/43, Acc: 0.8182, time 1.97s
Val 91/150 11/43, Acc: 0.7500, time 2.09s
Val 91/150 12/43, Acc: 0.6923, time 2.00s
Val 91/150 13/43, Acc: 0.6429, time 2.09s
Val 91/150 14/43, Acc: 0.6667, time 2.10s
Val 91/150 15/43, Acc: 0.6875, time 2.16s
Val 91/150 16/43, Acc: 0.6471, time 2.07s
Val 91/150 17/43, Acc: 0.6667, time 1.95s
Val 91/150 18/43, Acc: 0.6842, time 2.12s
Val 91/150 19/43, Acc: 0.7000, time 1.99s
Val 91/150 20/43, Acc: 0.7143, time 2.08s
Val 91/150 21/43, Acc: 0.7273, time 2.13s
Val 91/150 22/43, Acc: 0.6957, time 2.07s
Val 91/150 23/43, Acc: 0.6667, time 2.07s
Val 91/150 24/43, Acc: 0.6800, time 2.00s
Val 91/150 25/43, Acc: 0.6923, time 2.05s
Val 91/150 26/43, Acc: 0.7037, time 1.95s
Val 91/150 27/43, Acc: 0.6786, time 2.04s
Val 91/150 28/43, Acc: 0.6897, time 2.03s
Val 91/150 29/43, Acc: 0.6667, time 1.99s
Val 91/150 30/43, Acc: 0.6774, time 2.00s
Val 91/150 31/43, Acc: 0.6875, time 2.06s
Val 91/150 32/43, Acc: 0.6970, time 2.06s
Val 91/150 33/43, Acc: 0.7059, time 1.98s
Val 91/150 34/43, Acc: 0.7143, time 2.04s
Val 91/150 35/43, Acc: 0.7222, time 2.06s
Val 91/150 36/43, Acc: 0.7297, time 2.03s
Val 91/150 37/43, Acc: 0.7105, time 2.06s
Val 91/150 38/43, Acc: 0.7179, time 1.99s
Val 91/150 39/43, Acc: 0.7250, time 2.07s
Val 91/150 40/43, Acc: 0.7073, time 2.04s
Val 91/150 41/43, Acc: 0.7143, time 2.02s
Val 91/150 42/43, Acc: 0.7209, time 2.13s
[Val epoch 91] avg_acc=0.7209 | per-class [c0: 0.471, c1: 1.000, c2: 0.824]
Final validation 91/149, Val_acc: 0.7209, time 87.75sAccuracy: 0.721
class                  precision    recall   specificity      f1   support
--------------------------------------------------------------------------
0                          0.889     0.471         0.962   0.615        17
1                          0.600     1.000         0.824   0.750         9
2                          0.737     0.824         0.808   0.778        17
*========================================*
Saving checkpoint outputs/OrganoidsINRIA/swinunetr/2025-11-03-09-58/model_final.pt
0 Mon Nov  3 18:52:24 2025 Epoch: 92
Epoch: 92/150 Iter: 0/28 loss: 1.4211 acc: 0.6667 time 15.13s
Epoch: 92/150 Iter: 1/28 loss: 1.6230 acc: 0.7083 time 11.06s
Epoch: 92/150 Iter: 2/28 loss: 1.2410 acc: 0.8056 time 11.07s
Epoch: 92/150 Iter: 3/28 loss: 1.1082 acc: 0.8125 time 11.03s
Epoch: 92/150 Iter: 4/28 loss: 1.0684 acc: 0.8500 time 11.04s
Epoch: 92/150 Iter: 5/28 loss: 1.1851 acc: 0.7639 time 11.00s
Epoch: 92/150 Iter: 6/28 loss: 1.2395 acc: 0.7500 time 11.32s
Epoch: 92/150 Iter: 7/28 loss: 1.4912 acc: 0.7465 time 11.00s
Epoch: 92/150 Iter: 8/28 loss: 1.3718 acc: 0.7747 time 11.10s
Epoch: 92/150 Iter: 9/28 loss: 1.3789 acc: 0.7556 time 11.07s
Epoch: 92/150 Iter: 10/28 loss: 1.4379 acc: 0.7576 time 11.08s
Epoch: 92/150 Iter: 11/28 loss: 1.4869 acc: 0.7454 time 10.97s
Epoch: 92/150 Iter: 12/28 loss: 1.4679 acc: 0.7564 time 11.00s
Epoch: 92/150 Iter: 13/28 loss: 1.5604 acc: 0.7659 time 10.97s
Epoch: 92/150 Iter: 14/28 loss: 1.4876 acc: 0.7815 time 13.02s
Epoch: 92/150 Iter: 15/28 loss: 1.4201 acc: 0.7951 time 11.08s
Epoch: 92/150 Iter: 16/28 loss: 1.3987 acc: 0.7974 time 13.18s
Epoch: 92/150 Iter: 17/28 loss: 1.3364 acc: 0.8086 time 11.16s
Epoch: 92/150 Iter: 18/28 loss: 1.3747 acc: 0.8012 time 10.95s
Epoch: 92/150 Iter: 19/28 loss: 1.3845 acc: 0.8028 time 10.90s
Epoch: 92/150 Iter: 20/28 loss: 1.3634 acc: 0.8016 time 13.07s
Epoch: 92/150 Iter: 21/28 loss: 1.3365 acc: 0.8106 time 10.91s
Epoch: 92/150 Iter: 22/28 loss: 1.3653 acc: 0.8116 time 10.96s
Epoch: 92/150 Iter: 23/28 loss: 1.3201 acc: 0.8194 time 11.17s
Epoch: 92/150 Iter: 24/28 loss: 1.3815 acc: 0.8222 time 13.02s
Epoch: 92/150 Iter: 25/28 loss: 1.3937 acc: 0.8259 time 10.94s
Epoch: 92/150 Iter: 26/28 loss: 1.3662 acc: 0.8323 time 13.07s
Epoch: 92/150 Iter: 27/28 loss: 1.3821 acc: 0.8204 time 10.96s
[Train epoch 92] avg_loss=1.3821 avg_acc=0.8204 | per-class [c0: 0.768, c1: 0.879, c2: 0.833]
Final training 92/149, loss: 1.3821, time 323.26s, lr: 0.000179
Accuracy: 0.815
class                  precision    recall   specificity      f1   support
--------------------------------------------------------------------------
0                          0.914     0.768         0.949   0.835        69
1                          0.690     0.879         0.904   0.773        33
2                          0.809     0.833         0.873   0.821        66
*----------------------------------------*
0 Mon Nov  3 18:57:47 2025 Epoch: 93
Epoch: 93/150 Iter: 0/28 loss: 2.7888 acc: 0.8333 time 17.02s
Epoch: 93/150 Iter: 1/28 loss: 1.9630 acc: 0.7500 time 11.18s
Epoch: 93/150 Iter: 2/28 loss: 1.6981 acc: 0.7778 time 11.04s
Epoch: 93/150 Iter: 3/28 loss: 1.4241 acc: 0.8333 time 11.29s
Epoch: 93/150 Iter: 4/28 loss: 1.6641 acc: 0.8000 time 11.02s
Epoch: 93/150 Iter: 5/28 loss: 1.6976 acc: 0.8194 time 11.24s
Epoch: 93/150 Iter: 6/28 loss: 1.6794 acc: 0.8294 time 11.05s
Epoch: 93/150 Iter: 7/28 loss: 1.5505 acc: 0.8507 time 11.00s
Epoch: 93/150 Iter: 8/28 loss: 1.4896 acc: 0.8673 time 11.00s
Epoch: 93/150 Iter: 9/28 loss: 1.4162 acc: 0.8806 time 10.95s
Epoch: 93/150 Iter: 10/28 loss: 1.3553 acc: 0.8813 time 11.07s
Epoch: 93/150 Iter: 11/28 loss: 1.3187 acc: 0.8565 time 11.00s
Epoch: 93/150 Iter: 12/28 loss: 1.3325 acc: 0.8547 time 10.94s
Epoch: 93/150 Iter: 13/28 loss: 1.7319 acc: 0.8214 time 10.97s
Epoch: 93/150 Iter: 14/28 loss: 1.7464 acc: 0.7844 time 13.02s
Epoch: 93/150 Iter: 15/28 loss: 1.7128 acc: 0.7771 time 10.96s
Epoch: 93/150 Iter: 16/28 loss: 1.6544 acc: 0.7902 time 10.97s
Epoch: 93/150 Iter: 17/28 loss: 1.5970 acc: 0.7957 time 11.06s
Epoch: 93/150 Iter: 18/28 loss: 1.5351 acc: 0.8064 time 10.97s
Epoch: 93/150 Iter: 19/28 loss: 1.5065 acc: 0.8106 time 11.01s
Epoch: 93/150 Iter: 20/28 loss: 1.5802 acc: 0.8090 time 11.05s
Epoch: 93/150 Iter: 21/28 loss: 1.5962 acc: 0.8051 time 11.10s
Epoch: 93/150 Iter: 22/28 loss: 1.5727 acc: 0.7990 time 10.95s
Epoch: 93/150 Iter: 23/28 loss: 1.6054 acc: 0.7880 time 13.14s
Epoch: 93/150 Iter: 24/28 loss: 1.5580 acc: 0.7920 time 10.93s
Epoch: 93/150 Iter: 25/28 loss: 1.6471 acc: 0.7952 time 11.07s
Epoch: 93/150 Iter: 26/28 loss: 1.6292 acc: 0.7855 time 11.15s
Epoch: 93/150 Iter: 27/28 loss: 1.7608 acc: 0.7892 time 10.93s
[Train epoch 93] avg_loss=1.7608 avg_acc=0.7892 | per-class [c0: 0.809, c1: 0.938, c2: 0.735]
Final training 93/149, loss: 1.7608, time 319.14s, lr: 0.000174
Accuracy: 0.804
class                  precision    recall   specificity      f1   support
--------------------------------------------------------------------------
0                          0.833     0.809         0.890   0.821        68
1                          0.698     0.938         0.904   0.800        32
2                          0.847     0.735         0.910   0.787        68
*----------------------------------------*
0 Mon Nov  3 19:03:07 2025 Epoch: 94
Epoch: 94/150 Iter: 0/28 loss: 0.9604 acc: 0.9167 time 14.44s
Epoch: 94/150 Iter: 1/28 loss: 1.2839 acc: 0.9583 time 13.06s
Epoch: 94/150 Iter: 2/28 loss: 1.1606 acc: 0.9444 time 11.19s
Epoch: 94/150 Iter: 3/28 loss: 0.9697 acc: 0.9583 time 10.93s
Epoch: 94/150 Iter: 4/28 loss: 0.9359 acc: 0.9667 time 11.22s
Epoch: 94/150 Iter: 5/28 loss: 1.0112 acc: 0.9583 time 13.00s
Epoch: 94/150 Iter: 6/28 loss: 0.9927 acc: 0.9484 time 11.03s
Epoch: 94/150 Iter: 7/28 loss: 0.9598 acc: 0.9410 time 13.24s
Epoch: 94/150 Iter: 8/28 loss: 0.9501 acc: 0.9290 time 13.19s
Epoch: 94/150 Iter: 9/28 loss: 0.9601 acc: 0.9361 time 13.00s
Epoch: 94/150 Iter: 10/28 loss: 0.9124 acc: 0.9419 time 11.19s
Epoch: 94/150 Iter: 11/28 loss: 0.8734 acc: 0.9468 time 11.01s
Epoch: 94/150 Iter: 12/28 loss: 0.9768 acc: 0.9060 time 11.09s
Epoch: 94/150 Iter: 13/28 loss: 1.0091 acc: 0.8770 time 10.96s
Epoch: 94/150 Iter: 14/28 loss: 1.0566 acc: 0.8630 time 10.96s
Epoch: 94/150 Iter: 15/28 loss: 1.0871 acc: 0.8611 time 13.04s
Epoch: 94/150 Iter: 16/28 loss: 1.1332 acc: 0.8595 time 10.93s
Epoch: 94/150 Iter: 17/28 loss: 1.1575 acc: 0.8364 time 10.98s
Epoch: 94/150 Iter: 18/28 loss: 1.1421 acc: 0.8450 time 11.03s
Epoch: 94/150 Iter: 19/28 loss: 1.1560 acc: 0.8472 time 11.03s
Epoch: 94/150 Iter: 20/28 loss: 1.1836 acc: 0.8196 time 13.15s
Epoch: 94/150 Iter: 21/28 loss: 1.2200 acc: 0.8076 time 12.96s
Epoch: 94/150 Iter: 22/28 loss: 1.1888 acc: 0.8159 time 10.95s
Epoch: 94/150 Iter: 23/28 loss: 1.1548 acc: 0.8236 time 10.96s
Epoch: 94/150 Iter: 24/28 loss: 1.1353 acc: 0.8207 time 10.98s
Epoch: 94/150 Iter: 25/28 loss: 1.1057 acc: 0.8276 time 10.95s
Epoch: 94/150 Iter: 26/28 loss: 1.0822 acc: 0.8340 time 11.01s
Epoch: 94/150 Iter: 27/28 loss: 1.1296 acc: 0.8250 time 11.02s
[Train epoch 94] avg_loss=1.1296 avg_acc=0.8250 | per-class [c0: 0.868, c1: 0.879, c2: 0.866]
Final training 94/149, loss: 1.1296, time 328.53s, lr: 0.000169
Accuracy: 0.869
class                  precision    recall   specificity      f1   support
--------------------------------------------------------------------------
0                          0.952     0.868         0.970   0.908        68
1                          0.763     0.879         0.933   0.817        33
2                          0.853     0.866         0.901   0.859        67
*----------------------------------------*
0 Mon Nov  3 19:08:35 2025 Epoch: 95
Epoch: 95/150 Iter: 0/28 loss: 0.4185 acc: 1.0000 time 15.45s
Epoch: 95/150 Iter: 1/28 loss: 1.5339 acc: 0.9167 time 11.12s
Epoch: 95/150 Iter: 2/28 loss: 1.1972 acc: 0.9444 time 13.13s
Epoch: 95/150 Iter: 3/28 loss: 1.1319 acc: 0.9583 time 11.05s
Epoch: 95/150 Iter: 4/28 loss: 1.3604 acc: 0.8667 time 11.08s
Epoch: 95/150 Iter: 5/28 loss: 1.9472 acc: 0.8148 time 11.14s
Epoch: 95/150 Iter: 6/28 loss: 1.9512 acc: 0.7937 time 10.98s
Epoch: 95/150 Iter: 7/28 loss: 1.8137 acc: 0.7986 time 10.97s
Epoch: 95/150 Iter: 8/28 loss: 1.7600 acc: 0.8086 time 11.24s
Epoch: 95/150 Iter: 9/28 loss: 1.8133 acc: 0.8194 time 13.05s
Epoch: 95/150 Iter: 10/28 loss: 1.6807 acc: 0.8359 time 11.32s
Epoch: 95/150 Iter: 11/28 loss: 1.6014 acc: 0.8403 time 11.21s
Epoch: 95/150 Iter: 12/28 loss: 1.5292 acc: 0.8526 time 11.02s
Epoch: 95/150 Iter: 13/28 loss: 1.5404 acc: 0.8433 time 12.98s
Epoch: 95/150 Iter: 14/28 loss: 1.5462 acc: 0.8389 time 10.97s
Epoch: 95/150 Iter: 15/28 loss: 1.5335 acc: 0.8385 time 12.98s
Epoch: 95/150 Iter: 16/28 loss: 1.5226 acc: 0.8137 time 11.03s
Epoch: 95/150 Iter: 17/28 loss: 1.4747 acc: 0.8241 time 10.95s
Epoch: 95/150 Iter: 18/28 loss: 1.4504 acc: 0.8333 time 10.94s
Epoch: 95/150 Iter: 19/28 loss: 1.3971 acc: 0.8417 time 10.97s
Epoch: 95/150 Iter: 20/28 loss: 1.3488 acc: 0.8433 time 10.94s
Epoch: 95/150 Iter: 21/28 loss: 1.3230 acc: 0.8504 time 12.95s
Epoch: 95/150 Iter: 22/28 loss: 1.2720 acc: 0.8569 time 11.03s
Epoch: 95/150 Iter: 23/28 loss: 1.3263 acc: 0.8513 time 13.01s
Epoch: 95/150 Iter: 24/28 loss: 1.3110 acc: 0.8572 time 13.00s
Epoch: 95/150 Iter: 25/28 loss: 1.3035 acc: 0.8435 time 13.09s
Epoch: 95/150 Iter: 26/28 loss: 1.2844 acc: 0.8431 time 10.93s
Epoch: 95/150 Iter: 27/28 loss: 1.3041 acc: 0.8309 time 10.99s
[Train epoch 95] avg_loss=1.3041 avg_acc=0.8309 | per-class [c0: 0.803, c1: 0.882, c2: 0.868]
Final training 95/149, loss: 1.3041, time 329.57s, lr: 0.000163
Accuracy: 0.845
class                  precision    recall   specificity      f1   support
--------------------------------------------------------------------------
0                          0.930     0.803         0.961   0.862        66
1                          0.750     0.882         0.925   0.811        34
2                          0.831     0.868         0.880   0.849        68
*----------------------------------------*
Val 95/150 0/43, Acc: 0.0000, time 2.11s
Val 95/150 1/43, Acc: 0.5000, time 1.99s
Val 95/150 2/43, Acc: 0.6667, time 1.97s
Val 95/150 3/43, Acc: 0.7500, time 2.03s
Val 95/150 4/43, Acc: 0.8000, time 1.97s
Val 95/150 5/43, Acc: 0.6667, time 1.97s
Val 95/150 6/43, Acc: 0.7143, time 2.11s
Val 95/150 7/43, Acc: 0.6250, time 2.07s
Val 95/150 8/43, Acc: 0.6667, time 2.01s
Val 95/150 9/43, Acc: 0.7000, time 2.02s
Val 95/150 10/43, Acc: 0.7273, time 1.94s
Val 95/150 11/43, Acc: 0.6667, time 2.07s
Val 95/150 12/43, Acc: 0.6154, time 1.97s
Val 95/150 13/43, Acc: 0.5714, time 2.09s
Val 95/150 14/43, Acc: 0.6000, time 2.11s
Val 95/150 15/43, Acc: 0.6250, time 2.18s
Val 95/150 16/43, Acc: 0.5882, time 2.06s
Val 95/150 17/43, Acc: 0.6111, time 1.98s
Val 95/150 18/43, Acc: 0.6316, time 2.12s
Val 95/150 19/43, Acc: 0.6500, time 1.98s
Val 95/150 20/43, Acc: 0.6667, time 2.08s
Val 95/150 21/43, Acc: 0.6818, time 2.12s
Val 95/150 22/43, Acc: 0.6522, time 2.07s
Val 95/150 23/43, Acc: 0.6250, time 2.08s
Val 95/150 24/43, Acc: 0.6400, time 2.02s
Val 95/150 25/43, Acc: 0.6538, time 2.05s
Val 95/150 26/43, Acc: 0.6667, time 1.98s
Val 95/150 27/43, Acc: 0.6429, time 2.05s
Val 95/150 28/43, Acc: 0.6552, time 2.03s
Val 95/150 29/43, Acc: 0.6333, time 1.98s
Val 95/150 30/43, Acc: 0.6452, time 1.96s
Val 95/150 31/43, Acc: 0.6562, time 2.06s
Val 95/150 32/43, Acc: 0.6667, time 2.06s
Val 95/150 33/43, Acc: 0.6765, time 2.01s
Val 95/150 34/43, Acc: 0.6857, time 2.05s
Val 95/150 35/43, Acc: 0.6944, time 2.08s
Val 95/150 36/43, Acc: 0.6757, time 2.04s
Val 95/150 37/43, Acc: 0.6579, time 2.07s
Val 95/150 38/43, Acc: 0.6667, time 2.00s
Val 95/150 39/43, Acc: 0.6750, time 2.07s
Val 95/150 40/43, Acc: 0.6829, time 2.05s
Val 95/150 41/43, Acc: 0.6905, time 2.02s
Val 95/150 42/43, Acc: 0.6977, time 2.11s
[Val epoch 95] avg_acc=0.6977 | per-class [c0: 0.529, c1: 1.000, c2: 0.706]
Final validation 95/149, Val_acc: 0.6977, time 87.78sAccuracy: 0.698
class                  precision    recall   specificity      f1   support
--------------------------------------------------------------------------
0                          0.750     0.529         0.885   0.621        17
1                          0.600     1.000         0.824   0.750         9
2                          0.750     0.706         0.846   0.727        17
*========================================*
Saving checkpoint outputs/OrganoidsINRIA/swinunetr/2025-11-03-09-58/model_final.pt
0 Mon Nov  3 19:15:38 2025 Epoch: 96
Epoch: 96/150 Iter: 0/28 loss: 0.1258 acc: 1.0000 time 15.90s
Epoch: 96/150 Iter: 1/28 loss: 0.5676 acc: 1.0000 time 13.03s
Epoch: 96/150 Iter: 2/28 loss: 0.5312 acc: 1.0000 time 11.07s
Epoch: 96/150 Iter: 3/28 loss: 0.8696 acc: 0.9583 time 10.95s
Epoch: 96/150 Iter: 4/28 loss: 0.7439 acc: 0.9667 time 10.99s
Epoch: 96/150 Iter: 5/28 loss: 0.6700 acc: 0.9722 time 10.93s
Epoch: 96/150 Iter: 6/28 loss: 0.7064 acc: 0.9603 time 10.97s
Epoch: 96/150 Iter: 7/28 loss: 0.6690 acc: 0.9653 time 10.99s
Epoch: 96/150 Iter: 8/28 loss: 0.6693 acc: 0.9506 time 10.98s
Epoch: 96/150 Iter: 9/28 loss: 0.7082 acc: 0.9431 time 11.05s
Epoch: 96/150 Iter: 10/28 loss: 0.7360 acc: 0.9391 time 11.04s
Epoch: 96/150 Iter: 11/28 loss: 0.7150 acc: 0.9442 time 11.06s
Epoch: 96/150 Iter: 12/28 loss: 0.7102 acc: 0.9485 time 12.99s
Epoch: 96/150 Iter: 13/28 loss: 0.7737 acc: 0.9165 time 10.93s
Epoch: 96/150 Iter: 14/28 loss: 0.8047 acc: 0.9137 time 12.99s
Epoch: 96/150 Iter: 15/28 loss: 0.7823 acc: 0.9191 time 11.04s
Epoch: 96/150 Iter: 16/28 loss: 0.8692 acc: 0.8977 time 11.03s
Epoch: 96/150 Iter: 17/28 loss: 0.9164 acc: 0.8787 time 10.99s
Epoch: 96/150 Iter: 18/28 loss: 0.9088 acc: 0.8851 time 10.91s
Epoch: 96/150 Iter: 19/28 loss: 0.9042 acc: 0.8686 time 10.98s
Epoch: 96/150 Iter: 20/28 loss: 1.0742 acc: 0.8643 time 11.04s
Epoch: 96/150 Iter: 21/28 loss: 1.0432 acc: 0.8705 time 13.01s
Epoch: 96/150 Iter: 22/28 loss: 1.0389 acc: 0.8725 time 13.12s
Epoch: 96/150 Iter: 23/28 loss: 1.0251 acc: 0.8726 time 12.97s
Epoch: 96/150 Iter: 24/28 loss: 1.0559 acc: 0.8599 time 13.07s
Epoch: 96/150 Iter: 25/28 loss: 1.1306 acc: 0.8460 time 11.02s
Epoch: 96/150 Iter: 26/28 loss: 1.0958 acc: 0.8517 time 10.94s
Epoch: 96/150 Iter: 27/28 loss: 1.0768 acc: 0.8570 time 10.94s
[Train epoch 96] avg_loss=1.0768 avg_acc=0.8570 | per-class [c0: 0.896, c1: 0.875, c2: 0.870]
Final training 96/149, loss: 1.0768, time 326.99s, lr: 0.000158
Accuracy: 0.881
class                  precision    recall   specificity      f1   support
--------------------------------------------------------------------------
0                          0.909     0.896         0.941   0.902        67
1                          0.800     0.875         0.949   0.836        32
2                          0.896     0.870         0.929   0.882        69
*----------------------------------------*
0 Mon Nov  3 19:21:05 2025 Epoch: 97
Epoch: 97/150 Iter: 0/28 loss: 1.0143 acc: 0.8889 time 16.40s
Epoch: 97/150 Iter: 1/28 loss: 0.7499 acc: 0.7361 time 11.30s
Epoch: 97/150 Iter: 2/28 loss: 1.4243 acc: 0.7130 time 13.13s
Epoch: 97/150 Iter: 3/28 loss: 1.2718 acc: 0.7535 time 11.02s
Epoch: 97/150 Iter: 4/28 loss: 1.1139 acc: 0.7028 time 10.99s
Epoch: 97/150 Iter: 5/28 loss: 1.1128 acc: 0.7338 time 11.05s
Epoch: 97/150 Iter: 6/28 loss: 1.1035 acc: 0.7480 time 11.22s
Epoch: 97/150 Iter: 7/28 loss: 1.0892 acc: 0.7691 time 13.00s
Epoch: 97/150 Iter: 8/28 loss: 1.0399 acc: 0.7824 time 11.00s
Epoch: 97/150 Iter: 9/28 loss: 1.2173 acc: 0.7625 time 13.00s
Epoch: 97/150 Iter: 10/28 loss: 1.6240 acc: 0.7538 time 11.26s
Epoch: 97/150 Iter: 11/28 loss: 1.6436 acc: 0.7604 time 11.04s
Epoch: 97/150 Iter: 12/28 loss: 1.5882 acc: 0.7788 time 11.04s
Epoch: 97/150 Iter: 13/28 loss: 1.5462 acc: 0.7946 time 10.94s
Epoch: 97/150 Iter: 14/28 loss: 1.4660 acc: 0.8083 time 11.08s
Epoch: 97/150 Iter: 15/28 loss: 1.4688 acc: 0.7995 time 13.03s
Epoch: 97/150 Iter: 16/28 loss: 1.4873 acc: 0.8047 time 11.04s
Epoch: 97/150 Iter: 17/28 loss: 1.5140 acc: 0.7897 time 11.25s
Epoch: 97/150 Iter: 18/28 loss: 1.5665 acc: 0.7963 time 11.20s
Epoch: 97/150 Iter: 19/28 loss: 1.5208 acc: 0.7982 time 10.97s
Epoch: 97/150 Iter: 20/28 loss: 1.4969 acc: 0.7999 time 10.95s
Epoch: 97/150 Iter: 21/28 loss: 1.4826 acc: 0.8014 time 10.97s
Epoch: 97/150 Iter: 22/28 loss: 1.4602 acc: 0.8028 time 11.07s
Epoch: 97/150 Iter: 23/28 loss: 1.4626 acc: 0.7994 time 10.95s
Epoch: 97/150 Iter: 24/28 loss: 1.4387 acc: 0.7963 time 13.06s
Epoch: 97/150 Iter: 25/28 loss: 1.4153 acc: 0.7978 time 10.90s
Epoch: 97/150 Iter: 26/28 loss: 1.4295 acc: 0.7908 time 11.15s
Epoch: 97/150 Iter: 27/28 loss: 1.4176 acc: 0.7904 time 10.94s
[Train epoch 97] avg_loss=1.4176 avg_acc=0.7904 | per-class [c0: 0.727, c1: 0.882, c2: 0.824]
Final training 97/149, loss: 1.4176, time 325.01s, lr: 0.000153
Accuracy: 0.798
class                  precision    recall   specificity      f1   support
--------------------------------------------------------------------------
0                          0.923     0.727         0.961   0.814        66
1                          0.698     0.882         0.903   0.779        34
2                          0.767     0.824         0.830   0.794        68
*----------------------------------------*
0 Mon Nov  3 19:26:30 2025 Epoch: 98
Epoch: 98/150 Iter: 0/28 loss: 0.8096 acc: 1.0000 time 14.21s
Epoch: 98/150 Iter: 1/28 loss: 0.5565 acc: 1.0000 time 13.05s
Epoch: 98/150 Iter: 2/28 loss: 0.6456 acc: 1.0000 time 10.97s
Epoch: 98/150 Iter: 3/28 loss: 0.9504 acc: 0.9444 time 11.07s
Epoch: 98/150 Iter: 4/28 loss: 0.8807 acc: 0.9556 time 10.98s
Epoch: 98/150 Iter: 5/28 loss: 0.8286 acc: 0.9630 time 11.09s
Epoch: 98/150 Iter: 6/28 loss: 0.7523 acc: 0.9683 time 11.00s
Epoch: 98/150 Iter: 7/28 loss: 0.7945 acc: 0.9514 time 11.23s
Epoch: 98/150 Iter: 8/28 loss: 0.7857 acc: 0.9383 time 11.06s
Epoch: 98/150 Iter: 9/28 loss: 1.0136 acc: 0.8833 time 13.07s
Epoch: 98/150 Iter: 10/28 loss: 1.0292 acc: 0.8788 time 11.07s
Epoch: 98/150 Iter: 11/28 loss: 1.0329 acc: 0.8889 time 11.03s
Epoch: 98/150 Iter: 12/28 loss: 1.0258 acc: 0.8878 time 10.97s
Epoch: 98/150 Iter: 13/28 loss: 1.0012 acc: 0.8641 time 10.92s
Epoch: 98/150 Iter: 14/28 loss: 1.0169 acc: 0.8731 time 10.96s
Epoch: 98/150 Iter: 15/28 loss: 0.9730 acc: 0.8811 time 11.01s
Epoch: 98/150 Iter: 16/28 loss: 1.0056 acc: 0.8645 time 11.16s
Epoch: 98/150 Iter: 17/28 loss: 1.0954 acc: 0.8489 time 13.00s
Epoch: 98/150 Iter: 18/28 loss: 1.0811 acc: 0.8481 time 10.98s
Epoch: 98/150 Iter: 19/28 loss: 1.0646 acc: 0.8557 time 10.97s
Epoch: 98/150 Iter: 20/28 loss: 1.0533 acc: 0.8414 time 12.92s
Epoch: 98/150 Iter: 21/28 loss: 1.0298 acc: 0.8486 time 10.94s
Epoch: 98/150 Iter: 22/28 loss: 1.0726 acc: 0.8479 time 10.97s
Epoch: 98/150 Iter: 23/28 loss: 1.0506 acc: 0.8473 time 11.02s
Epoch: 98/150 Iter: 24/28 loss: 1.0133 acc: 0.8534 time 11.07s
Epoch: 98/150 Iter: 25/28 loss: 1.0713 acc: 0.8527 time 11.08s
Epoch: 98/150 Iter: 26/28 loss: 1.1237 acc: 0.8396 time 13.11s
Epoch: 98/150 Iter: 27/28 loss: 1.1388 acc: 0.8394 time 10.93s
[Train epoch 98] avg_loss=1.1388 avg_acc=0.8394 | per-class [c0: 0.881, c1: 0.853, c2: 0.881]
Final training 98/149, loss: 1.1388, time 321.85s, lr: 0.000148
Accuracy: 0.875
class                  precision    recall   specificity      f1   support
--------------------------------------------------------------------------
0                          0.908     0.881         0.941   0.894        67
1                          0.879     0.853         0.970   0.866        34
2                          0.843     0.881         0.891   0.861        67
*----------------------------------------*
0 Mon Nov  3 19:31:52 2025 Epoch: 99
Epoch: 99/150 Iter: 0/28 loss: 0.5282 acc: 1.0000 time 15.41s
Epoch: 99/150 Iter: 1/28 loss: 0.7958 acc: 0.9444 time 11.03s
Epoch: 99/150 Iter: 2/28 loss: 1.3560 acc: 0.8333 time 11.00s
Epoch: 99/150 Iter: 3/28 loss: 1.0792 acc: 0.8750 time 10.98s
Epoch: 99/150 Iter: 4/28 loss: 0.9495 acc: 0.9000 time 11.02s
Epoch: 99/150 Iter: 5/28 loss: 0.8508 acc: 0.9167 time 11.07s
Epoch: 99/150 Iter: 6/28 loss: 0.9086 acc: 0.9048 time 11.20s
Epoch: 99/150 Iter: 7/28 loss: 0.8906 acc: 0.8958 time 11.04s
Epoch: 99/150 Iter: 8/28 loss: 1.0286 acc: 0.8981 time 13.11s
Epoch: 99/150 Iter: 9/28 loss: 1.0381 acc: 0.8917 time 11.01s
Epoch: 99/150 Iter: 10/28 loss: 1.0040 acc: 0.9015 time 11.03s
Epoch: 99/150 Iter: 11/28 loss: 1.1135 acc: 0.8912 time 13.11s
Epoch: 99/150 Iter: 12/28 loss: 1.0820 acc: 0.8996 time 11.15s
Epoch: 99/150 Iter: 13/28 loss: 1.0936 acc: 0.8770 time 11.01s
Epoch: 99/150 Iter: 14/28 loss: 1.1105 acc: 0.8630 time 13.09s
Epoch: 99/150 Iter: 15/28 loss: 1.0708 acc: 0.8715 time 10.94s
Epoch: 99/150 Iter: 16/28 loss: 1.0415 acc: 0.8717 time 13.11s
Epoch: 99/150 Iter: 17/28 loss: 1.1005 acc: 0.8603 time 11.02s
Epoch: 99/150 Iter: 18/28 loss: 1.0903 acc: 0.8677 time 10.94s
Epoch: 99/150 Iter: 19/28 loss: 1.0587 acc: 0.8743 time 11.00s
Epoch: 99/150 Iter: 20/28 loss: 1.2064 acc: 0.8618 time 11.01s
Epoch: 99/150 Iter: 21/28 loss: 1.1940 acc: 0.8681 time 10.98s
Epoch: 99/150 Iter: 22/28 loss: 1.2001 acc: 0.8738 time 11.19s
Epoch: 99/150 Iter: 23/28 loss: 1.2057 acc: 0.8756 time 10.98s
Epoch: 99/150 Iter: 24/28 loss: 1.1961 acc: 0.8672 time 11.16s
Epoch: 99/150 Iter: 25/28 loss: 1.1678 acc: 0.8681 time 10.94s
Epoch: 99/150 Iter: 26/28 loss: 1.1505 acc: 0.8729 time 10.99s
Epoch: 99/150 Iter: 27/28 loss: 1.1238 acc: 0.8775 time 13.07s
[Train epoch 99] avg_loss=1.1238 avg_acc=0.8775 | per-class [c0: 0.853, c1: 0.971, c2: 0.848]
Final training 99/149, loss: 1.1238, time 323.62s, lr: 0.000143
Accuracy: 0.875
class                  precision    recall   specificity      f1   support
--------------------------------------------------------------------------
0                          0.935     0.853         0.960   0.892        68
1                          0.786     0.971         0.933   0.868        34
2                          0.875     0.848         0.922   0.862        66
*----------------------------------------*
Val 99/150 0/43, Acc: 0.0000, time 2.11s
Val 99/150 1/43, Acc: 0.5000, time 2.01s
Val 99/150 2/43, Acc: 0.6667, time 2.00s
Val 99/150 3/43, Acc: 0.7500, time 2.03s
Val 99/150 4/43, Acc: 0.8000, time 1.98s
Val 99/150 5/43, Acc: 0.6667, time 1.96s
Val 99/150 6/43, Acc: 0.7143, time 2.10s
Val 99/150 7/43, Acc: 0.7500, time 2.08s
Val 99/150 8/43, Acc: 0.7778, time 2.01s
Val 99/150 9/43, Acc: 0.8000, time 2.04s
Val 99/150 10/43, Acc: 0.8182, time 1.98s
Val 99/150 11/43, Acc: 0.7500, time 2.08s
Val 99/150 12/43, Acc: 0.6923, time 2.00s
Val 99/150 13/43, Acc: 0.6429, time 2.10s
Val 99/150 14/43, Acc: 0.6667, time 2.11s
Val 99/150 15/43, Acc: 0.6875, time 2.17s
Val 99/150 16/43, Acc: 0.6471, time 2.07s
Val 99/150 17/43, Acc: 0.6667, time 1.99s
Val 99/150 18/43, Acc: 0.6842, time 2.11s
Val 99/150 19/43, Acc: 0.7000, time 1.98s
Val 99/150 20/43, Acc: 0.7143, time 2.08s
Val 99/150 21/43, Acc: 0.7273, time 2.13s
Val 99/150 22/43, Acc: 0.7391, time 2.08s
Val 99/150 23/43, Acc: 0.7500, time 2.07s
Val 99/150 24/43, Acc: 0.7600, time 2.01s
Val 99/150 25/43, Acc: 0.7692, time 2.05s
Val 99/150 26/43, Acc: 0.7778, time 1.96s
Val 99/150 27/43, Acc: 0.7500, time 2.04s
Val 99/150 28/43, Acc: 0.7586, time 2.02s
Val 99/150 29/43, Acc: 0.7333, time 1.96s
Val 99/150 30/43, Acc: 0.7097, time 1.97s
Val 99/150 31/43, Acc: 0.7188, time 2.05s
Val 99/150 32/43, Acc: 0.7273, time 2.07s
Val 99/150 33/43, Acc: 0.7353, time 2.01s
Val 99/150 34/43, Acc: 0.7429, time 2.04s
Val 99/150 35/43, Acc: 0.7500, time 2.08s
Val 99/150 36/43, Acc: 0.7297, time 2.05s
Val 99/150 37/43, Acc: 0.7105, time 2.09s
Val 99/150 38/43, Acc: 0.7179, time 2.00s
Val 99/150 39/43, Acc: 0.7250, time 2.08s
Val 99/150 40/43, Acc: 0.7317, time 2.04s
Val 99/150 41/43, Acc: 0.7381, time 2.03s
Val 99/150 42/43, Acc: 0.7442, time 2.13s
[Val epoch 99] avg_acc=0.7442 | per-class [c0: 0.647, c1: 0.889, c2: 0.765]
Final validation 99/149, Val_acc: 0.7442, time 87.95sAccuracy: 0.744
class                  precision    recall   specificity      f1   support
--------------------------------------------------------------------------
0                          0.846     0.647         0.923   0.733        17
1                          0.727     0.889         0.912   0.800         9
2                          0.684     0.765         0.769   0.722        17
*========================================*
Saving checkpoint outputs/OrganoidsINRIA/swinunetr/2025-11-03-09-58/model_final.pt
0 Mon Nov  3 19:38:48 2025 Epoch: 100
Epoch: 100/150 Iter: 0/28 loss: 0.4725 acc: 1.0000 time 13.36s
Epoch: 100/150 Iter: 1/28 loss: 0.8146 acc: 0.9167 time 12.95s
Epoch: 100/150 Iter: 2/28 loss: 0.6429 acc: 0.9444 time 11.21s
Epoch: 100/150 Iter: 3/28 loss: 0.6924 acc: 0.9583 time 11.08s
Epoch: 100/150 Iter: 4/28 loss: 0.6675 acc: 0.9000 time 11.06s
Epoch: 100/150 Iter: 5/28 loss: 0.7114 acc: 0.8889 time 13.08s
Epoch: 100/150 Iter: 6/28 loss: 0.9817 acc: 0.8889 time 11.03s
Epoch: 100/150 Iter: 7/28 loss: 0.9010 acc: 0.9028 time 10.97s
Epoch: 100/150 Iter: 8/28 loss: 1.1326 acc: 0.8302 time 11.07s
Epoch: 100/150 Iter: 9/28 loss: 1.1034 acc: 0.8306 time 12.96s
Epoch: 100/150 Iter: 10/28 loss: 1.1831 acc: 0.8157 time 11.02s
Epoch: 100/150 Iter: 11/28 loss: 1.2267 acc: 0.8218 time 11.00s
Epoch: 100/150 Iter: 12/28 loss: 1.1690 acc: 0.8291 time 10.99s
Epoch: 100/150 Iter: 13/28 loss: 1.1255 acc: 0.8234 time 10.92s
Epoch: 100/150 Iter: 14/28 loss: 1.0970 acc: 0.8352 time 11.00s
Epoch: 100/150 Iter: 15/28 loss: 1.0668 acc: 0.8455 time 10.99s
Epoch: 100/150 Iter: 16/28 loss: 1.0404 acc: 0.8546 time 10.99s
Epoch: 100/150 Iter: 17/28 loss: 1.0039 acc: 0.8627 time 10.95s
Epoch: 100/150 Iter: 18/28 loss: 1.0020 acc: 0.8699 time 11.14s
Epoch: 100/150 Iter: 19/28 loss: 0.9800 acc: 0.8764 time 10.96s
Epoch: 100/150 Iter: 20/28 loss: 0.9745 acc: 0.8743 time 11.07s
Epoch: 100/150 Iter: 21/28 loss: 1.0086 acc: 0.8725 time 12.98s
Epoch: 100/150 Iter: 22/28 loss: 1.0081 acc: 0.8780 time 10.90s
Epoch: 100/150 Iter: 23/28 loss: 1.0123 acc: 0.8692 time 13.09s
Epoch: 100/150 Iter: 24/28 loss: 0.9888 acc: 0.8744 time 10.97s
Epoch: 100/150 Iter: 25/28 loss: 0.9828 acc: 0.8729 time 11.14s
Epoch: 100/150 Iter: 26/28 loss: 0.9659 acc: 0.8776 time 13.05s
Epoch: 100/150 Iter: 27/28 loss: 0.9585 acc: 0.8819 time 10.95s
[Train epoch 100] avg_loss=0.9585 avg_acc=0.8819 | per-class [c0: 0.879, c1: 0.912, c2: 0.897]
Final training 100/149, loss: 0.9585, time 322.95s, lr: 0.000138
Accuracy: 0.893
class                  precision    recall   specificity      f1   support
--------------------------------------------------------------------------
0                          0.921     0.879         0.951   0.899        66
1                          0.912     0.912         0.978   0.912        34
2                          0.859     0.897         0.900   0.878        68
*----------------------------------------*
0 Mon Nov  3 19:44:12 2025 Epoch: 101
Epoch: 101/150 Iter: 0/28 loss: 0.8208 acc: 1.0000 time 14.96s
Epoch: 101/150 Iter: 1/28 loss: 1.5166 acc: 0.8333 time 11.00s
Epoch: 101/150 Iter: 2/28 loss: 1.2380 acc: 0.8889 time 10.98s
Epoch: 101/150 Iter: 3/28 loss: 1.2429 acc: 0.8333 time 11.05s
Epoch: 101/150 Iter: 4/28 loss: 1.0738 acc: 0.8667 time 10.97s
Epoch: 101/150 Iter: 5/28 loss: 1.0401 acc: 0.8889 time 10.99s
Epoch: 101/150 Iter: 6/28 loss: 1.0431 acc: 0.9048 time 11.06s
Epoch: 101/150 Iter: 7/28 loss: 1.0620 acc: 0.8958 time 10.99s
Epoch: 101/150 Iter: 8/28 loss: 1.1303 acc: 0.8951 time 11.06s
Epoch: 101/150 Iter: 9/28 loss: 1.0496 acc: 0.9056 time 11.06s
Epoch: 101/150 Iter: 10/28 loss: 0.9650 acc: 0.9141 time 10.97s
Epoch: 101/150 Iter: 11/28 loss: 0.9144 acc: 0.9213 time 11.22s
Epoch: 101/150 Iter: 12/28 loss: 0.8803 acc: 0.9274 time 11.00s
Epoch: 101/150 Iter: 13/28 loss: 0.9392 acc: 0.8968 time 10.96s
Epoch: 101/150 Iter: 14/28 loss: 0.9330 acc: 0.8970 time 10.97s
Epoch: 101/150 Iter: 15/28 loss: 0.9027 acc: 0.9035 time 11.07s
Epoch: 101/150 Iter: 16/28 loss: 0.8819 acc: 0.9092 time 10.94s
Epoch: 101/150 Iter: 17/28 loss: 0.8643 acc: 0.9142 time 11.07s
Epoch: 101/150 Iter: 18/28 loss: 0.8975 acc: 0.8924 time 12.97s
Epoch: 101/150 Iter: 19/28 loss: 0.9051 acc: 0.8811 time 12.96s
Epoch: 101/150 Iter: 20/28 loss: 0.8981 acc: 0.8815 time 11.08s
Epoch: 101/150 Iter: 21/28 loss: 0.9225 acc: 0.8717 time 12.99s
Epoch: 101/150 Iter: 22/28 loss: 0.9427 acc: 0.8628 time 11.07s
Epoch: 101/150 Iter: 23/28 loss: 0.9602 acc: 0.8616 time 10.96s
Epoch: 101/150 Iter: 24/28 loss: 0.9436 acc: 0.8671 time 10.96s
Epoch: 101/150 Iter: 25/28 loss: 0.9150 acc: 0.8722 time 10.98s
Epoch: 101/150 Iter: 26/28 loss: 0.9019 acc: 0.8770 time 11.04s
Epoch: 101/150 Iter: 27/28 loss: 0.9464 acc: 0.8784 time 10.98s
[Train epoch 101] avg_loss=0.9464 avg_acc=0.8784 | per-class [c0: 0.868, c1: 0.879, c2: 0.925]
Final training 101/149, loss: 0.9464, time 318.34s, lr: 0.000133
Accuracy: 0.893
class                  precision    recall   specificity      f1   support
--------------------------------------------------------------------------
0                          0.967     0.868         0.980   0.915        68
1                          0.879     0.879         0.970   0.879        33
2                          0.838     0.925         0.881   0.879        67
*----------------------------------------*
0 Mon Nov  3 19:49:30 2025 Epoch: 102
Epoch: 102/150 Iter: 0/28 loss: 0.3761 acc: 1.0000 time 15.54s
Epoch: 102/150 Iter: 1/28 loss: 0.6756 acc: 1.0000 time 11.03s
Epoch: 102/150 Iter: 2/28 loss: 0.6563 acc: 1.0000 time 11.30s
Epoch: 102/150 Iter: 3/28 loss: 1.4868 acc: 0.9444 time 11.03s
Epoch: 102/150 Iter: 4/28 loss: 1.3734 acc: 0.9333 time 10.98s
Epoch: 102/150 Iter: 5/28 loss: 1.2577 acc: 0.9444 time 13.03s
Epoch: 102/150 Iter: 6/28 loss: 1.2237 acc: 0.8889 time 11.02s
Epoch: 102/150 Iter: 7/28 loss: 1.1691 acc: 0.9028 time 11.20s
Epoch: 102/150 Iter: 8/28 loss: 1.2005 acc: 0.8580 time 10.96s
Epoch: 102/150 Iter: 9/28 loss: 1.1379 acc: 0.8722 time 11.09s
Epoch: 102/150 Iter: 10/28 loss: 1.0772 acc: 0.8838 time 11.22s
Epoch: 102/150 Iter: 11/28 loss: 1.0490 acc: 0.8935 time 10.97s
Epoch: 102/150 Iter: 12/28 loss: 1.0529 acc: 0.8729 time 11.07s
Epoch: 102/150 Iter: 13/28 loss: 1.0677 acc: 0.8462 time 13.03s
Epoch: 102/150 Iter: 14/28 loss: 1.0763 acc: 0.8481 time 11.05s
Epoch: 102/150 Iter: 15/28 loss: 1.1044 acc: 0.8264 time 12.97s
Epoch: 102/150 Iter: 16/28 loss: 1.1572 acc: 0.8170 time 11.23s
Epoch: 102/150 Iter: 17/28 loss: 1.1080 acc: 0.8272 time 11.23s
Epoch: 102/150 Iter: 18/28 loss: 1.1085 acc: 0.8363 time 11.06s
Epoch: 102/150 Iter: 19/28 loss: 1.0788 acc: 0.8444 time 12.96s
Epoch: 102/150 Iter: 20/28 loss: 1.1129 acc: 0.8386 time 11.09s
Epoch: 102/150 Iter: 21/28 loss: 1.1863 acc: 0.8194 time 12.99s
Epoch: 102/150 Iter: 22/28 loss: 1.2118 acc: 0.8225 time 10.95s
Epoch: 102/150 Iter: 23/28 loss: 1.3204 acc: 0.8229 time 10.94s
Epoch: 102/150 Iter: 24/28 loss: 1.2899 acc: 0.8300 time 11.19s
Epoch: 102/150 Iter: 25/28 loss: 1.2524 acc: 0.8365 time 10.95s
Epoch: 102/150 Iter: 26/28 loss: 1.2410 acc: 0.8364 time 13.00s
Epoch: 102/150 Iter: 27/28 loss: 1.4014 acc: 0.8185 time 10.98s
[Train epoch 102] avg_loss=1.4014 avg_acc=0.8185 | per-class [c0: 0.882, c1: 0.879, c2: 0.821]
Final training 102/149, loss: 1.4014, time 326.11s, lr: 0.000128
Accuracy: 0.857
class                  precision    recall   specificity      f1   support
--------------------------------------------------------------------------
0                          0.896     0.882         0.930   0.889        68
1                          0.763     0.879         0.933   0.817        33
2                          0.873     0.821         0.921   0.846        67
*----------------------------------------*
0 Mon Nov  3 19:54:56 2025 Epoch: 103
Epoch: 103/150 Iter: 0/28 loss: 1.0740 acc: 0.7500 time 15.61s
Epoch: 103/150 Iter: 1/28 loss: 0.9976 acc: 0.8194 time 11.19s
Epoch: 103/150 Iter: 2/28 loss: 0.9729 acc: 0.8241 time 11.03s
Epoch: 103/150 Iter: 3/28 loss: 0.9450 acc: 0.8681 time 11.24s
Epoch: 103/150 Iter: 4/28 loss: 0.9429 acc: 0.8111 time 13.07s
Epoch: 103/150 Iter: 5/28 loss: 0.8926 acc: 0.8426 time 11.02s
Epoch: 103/150 Iter: 6/28 loss: 0.8650 acc: 0.8413 time 11.00s
Epoch: 103/150 Iter: 7/28 loss: 0.8625 acc: 0.8299 time 13.08s
Epoch: 103/150 Iter: 8/28 loss: 0.9326 acc: 0.8302 time 12.98s
Epoch: 103/150 Iter: 9/28 loss: 0.9459 acc: 0.8306 time 11.01s
Epoch: 103/150 Iter: 10/28 loss: 0.9084 acc: 0.8460 time 11.03s
Epoch: 103/150 Iter: 11/28 loss: 0.9029 acc: 0.8255 time 11.14s
Epoch: 103/150 Iter: 12/28 loss: 0.8979 acc: 0.8261 time 10.92s
Epoch: 103/150 Iter: 13/28 loss: 0.9139 acc: 0.8306 time 10.95s
Epoch: 103/150 Iter: 14/28 loss: 0.8989 acc: 0.8419 time 10.96s
Epoch: 103/150 Iter: 15/28 loss: 0.9277 acc: 0.8448 time 10.97s
Epoch: 103/150 Iter: 16/28 loss: 1.0066 acc: 0.8278 time 13.21s
Epoch: 103/150 Iter: 17/28 loss: 1.0375 acc: 0.8312 time 11.09s
Epoch: 103/150 Iter: 18/28 loss: 1.0001 acc: 0.8401 time 10.96s
Epoch: 103/150 Iter: 19/28 loss: 0.9923 acc: 0.8314 time 10.97s
Epoch: 103/150 Iter: 20/28 loss: 0.9948 acc: 0.8394 time 12.98s
Epoch: 103/150 Iter: 21/28 loss: 1.0215 acc: 0.8316 time 13.00s
Epoch: 103/150 Iter: 22/28 loss: 1.0132 acc: 0.8316 time 10.98s
Epoch: 103/150 Iter: 23/28 loss: 0.9870 acc: 0.8317 time 11.01s
Epoch: 103/150 Iter: 24/28 loss: 0.9565 acc: 0.8384 time 11.16s
Epoch: 103/150 Iter: 25/28 loss: 0.9393 acc: 0.8447 time 11.04s
Epoch: 103/150 Iter: 26/28 loss: 1.0366 acc: 0.8360 time 10.96s
Epoch: 103/150 Iter: 27/28 loss: 1.0591 acc: 0.8210 time 10.97s
[Train epoch 103] avg_loss=1.0591 avg_acc=0.8210 | per-class [c0: 0.818, c1: 0.971, c2: 0.838]
Final training 103/149, loss: 1.0591, time 325.56s, lr: 0.000123
Accuracy: 0.857
class                  precision    recall   specificity      f1   support
--------------------------------------------------------------------------
0                          0.915     0.818         0.951   0.864        66
1                          0.750     0.971         0.918   0.846        34
2                          0.877     0.838         0.920   0.857        68
*----------------------------------------*
Val 103/150 0/43, Acc: 0.0000, time 2.11s
Val 103/150 1/43, Acc: 0.5000, time 1.97s
Val 103/150 2/43, Acc: 0.6667, time 1.96s
Val 103/150 3/43, Acc: 0.7500, time 2.02s
Val 103/150 4/43, Acc: 0.8000, time 1.98s
Val 103/150 5/43, Acc: 0.6667, time 1.96s
Val 103/150 6/43, Acc: 0.7143, time 2.09s
Val 103/150 7/43, Acc: 0.7500, time 2.06s
Val 103/150 8/43, Acc: 0.7778, time 2.01s
Val 103/150 9/43, Acc: 0.8000, time 2.02s
Val 103/150 10/43, Acc: 0.8182, time 1.94s
Val 103/150 11/43, Acc: 0.7500, time 2.08s
Val 103/150 12/43, Acc: 0.7692, time 2.01s
Val 103/150 13/43, Acc: 0.7143, time 2.09s
Val 103/150 14/43, Acc: 0.7333, time 2.11s
Val 103/150 15/43, Acc: 0.7500, time 2.16s
Val 103/150 16/43, Acc: 0.7059, time 2.06s
Val 103/150 17/43, Acc: 0.7222, time 1.95s
Val 103/150 18/43, Acc: 0.7368, time 2.11s
Val 103/150 19/43, Acc: 0.7500, time 1.95s
Val 103/150 20/43, Acc: 0.7619, time 2.08s
Val 103/150 21/43, Acc: 0.7727, time 2.12s
Val 103/150 22/43, Acc: 0.7826, time 2.07s
Val 103/150 23/43, Acc: 0.7917, time 2.07s
Val 103/150 24/43, Acc: 0.8000, time 2.01s
Val 103/150 25/43, Acc: 0.8077, time 2.06s
Val 103/150 26/43, Acc: 0.8148, time 1.99s
Val 103/150 27/43, Acc: 0.7857, time 2.06s
Val 103/150 28/43, Acc: 0.7931, time 2.03s
Val 103/150 29/43, Acc: 0.8000, time 1.98s
Val 103/150 30/43, Acc: 0.7742, time 1.97s
Val 103/150 31/43, Acc: 0.7812, time 2.06s
Val 103/150 32/43, Acc: 0.7879, time 2.06s
Val 103/150 33/43, Acc: 0.7941, time 1.99s
Val 103/150 34/43, Acc: 0.8000, time 2.05s
Val 103/150 35/43, Acc: 0.8056, time 2.08s
Val 103/150 36/43, Acc: 0.8108, time 2.04s
Val 103/150 37/43, Acc: 0.7895, time 2.05s
Val 103/150 38/43, Acc: 0.7949, time 1.96s
Val 103/150 39/43, Acc: 0.8000, time 2.06s
Val 103/150 40/43, Acc: 0.8049, time 2.03s
Val 103/150 41/43, Acc: 0.8095, time 2.03s
Val 103/150 42/43, Acc: 0.8140, time 2.12s
[Val epoch 103] avg_acc=0.8140 | per-class [c0: 0.647, c1: 0.889, c2: 0.941]
Final validation 103/149, Val_acc: 0.8140, time 87.64sAccuracy: 0.814
class                  precision    recall   specificity      f1   support
--------------------------------------------------------------------------
0                          0.917     0.647         0.962   0.759        17
1                          0.889     0.889         0.971   0.889         9
2                          0.727     0.941         0.769   0.821        17
*========================================*
New best (0.790698 --> 0.813953)
Saving checkpoint outputs/OrganoidsINRIA/swinunetr/2025-11-03-09-58/model_final.pt
Copying best model to model.pt
0 Mon Nov  3 20:02:00 2025 Epoch: 104
Epoch: 104/150 Iter: 0/28 loss: 1.2079 acc: 0.5833 time 13.86s
Epoch: 104/150 Iter: 1/28 loss: 0.7172 acc: 0.7917 time 11.00s
Epoch: 104/150 Iter: 2/28 loss: 1.1809 acc: 0.8056 time 11.07s
Epoch: 104/150 Iter: 3/28 loss: 1.0779 acc: 0.8542 time 11.06s
Epoch: 104/150 Iter: 4/28 loss: 1.3513 acc: 0.8278 time 11.01s
Epoch: 104/150 Iter: 5/28 loss: 1.2597 acc: 0.8287 time 10.94s
Epoch: 104/150 Iter: 6/28 loss: 1.2655 acc: 0.8389 time 11.04s
Epoch: 104/150 Iter: 7/28 loss: 1.2308 acc: 0.8243 time 11.24s
Epoch: 104/150 Iter: 8/28 loss: 1.1641 acc: 0.8438 time 13.05s
Epoch: 104/150 Iter: 9/28 loss: 1.1721 acc: 0.8594 time 10.99s
Epoch: 104/150 Iter: 10/28 loss: 1.2212 acc: 0.8646 time 11.37s
Epoch: 104/150 Iter: 11/28 loss: 1.1588 acc: 0.8759 time 11.02s
Epoch: 104/150 Iter: 12/28 loss: 1.2290 acc: 0.8547 time 11.01s
Epoch: 104/150 Iter: 13/28 loss: 1.2433 acc: 0.8294 time 13.00s
Epoch: 104/150 Iter: 14/28 loss: 1.1775 acc: 0.8407 time 11.04s
Epoch: 104/150 Iter: 15/28 loss: 1.1293 acc: 0.8507 time 11.06s
Epoch: 104/150 Iter: 16/28 loss: 1.0742 acc: 0.8595 time 12.99s
Epoch: 104/150 Iter: 17/28 loss: 1.0350 acc: 0.8673 time 10.98s
Epoch: 104/150 Iter: 18/28 loss: 1.1098 acc: 0.8684 time 10.98s
Epoch: 104/150 Iter: 19/28 loss: 1.4491 acc: 0.8611 time 11.00s
Epoch: 104/150 Iter: 20/28 loss: 1.4499 acc: 0.8519 time 10.98s
Epoch: 104/150 Iter: 21/28 loss: 1.4309 acc: 0.8396 time 10.92s
Epoch: 104/150 Iter: 22/28 loss: 1.3890 acc: 0.8466 time 10.96s
Epoch: 104/150 Iter: 23/28 loss: 1.4005 acc: 0.8426 time 10.91s
Epoch: 104/150 Iter: 24/28 loss: 1.3829 acc: 0.8422 time 11.05s
Epoch: 104/150 Iter: 25/28 loss: 1.3668 acc: 0.8483 time 11.22s
Epoch: 104/150 Iter: 26/28 loss: 1.3358 acc: 0.8539 time 10.98s
Epoch: 104/150 Iter: 27/28 loss: 1.3926 acc: 0.8472 time 10.98s
[Train epoch 104] avg_loss=1.3926 avg_acc=0.8472 | per-class [c0: 0.894, c1: 0.853, c2: 0.824]
Final training 104/149, loss: 1.3926, time 317.73s, lr: 0.000119
Accuracy: 0.857
class                  precision    recall   specificity      f1   support
--------------------------------------------------------------------------
0                          0.937     0.894         0.961   0.915        66
1                          0.744     0.853         0.925   0.795        34
2                          0.848     0.824         0.900   0.836        68
*----------------------------------------*
0 Mon Nov  3 20:07:18 2025 Epoch: 105
Epoch: 105/150 Iter: 0/28 loss: 0.7906 acc: 0.8750 time 15.92s
Epoch: 105/150 Iter: 1/28 loss: 0.9525 acc: 0.8958 time 11.03s
Epoch: 105/150 Iter: 2/28 loss: 0.8913 acc: 0.9306 time 13.05s
Epoch: 105/150 Iter: 3/28 loss: 1.3440 acc: 0.7979 time 11.05s
Epoch: 105/150 Iter: 4/28 loss: 1.1219 acc: 0.8383 time 12.99s
Epoch: 105/150 Iter: 5/28 loss: 0.9776 acc: 0.8653 time 13.01s
Epoch: 105/150 Iter: 6/28 loss: 0.8990 acc: 0.8845 time 10.98s
Epoch: 105/150 Iter: 7/28 loss: 0.9093 acc: 0.8833 time 10.97s
Epoch: 105/150 Iter: 8/28 loss: 0.9331 acc: 0.8500 time 10.98s
Epoch: 105/150 Iter: 9/28 loss: 0.9796 acc: 0.8539 time 11.37s
Epoch: 105/150 Iter: 10/28 loss: 1.0697 acc: 0.8217 time 13.04s
Epoch: 105/150 Iter: 11/28 loss: 1.2229 acc: 0.8134 time 11.06s
Epoch: 105/150 Iter: 12/28 loss: 1.1454 acc: 0.8278 time 12.99s
Epoch: 105/150 Iter: 13/28 loss: 1.2086 acc: 0.8312 time 13.02s
Epoch: 105/150 Iter: 14/28 loss: 1.1989 acc: 0.8350 time 11.09s
Epoch: 105/150 Iter: 15/28 loss: 1.1516 acc: 0.8453 time 11.06s
Epoch: 105/150 Iter: 16/28 loss: 1.1200 acc: 0.8544 time 10.99s
Epoch: 105/150 Iter: 17/28 loss: 1.0685 acc: 0.8625 time 11.12s
Epoch: 105/150 Iter: 18/28 loss: 1.1282 acc: 0.8390 time 10.97s
Epoch: 105/150 Iter: 19/28 loss: 1.1141 acc: 0.8471 time 10.95s
Epoch: 105/150 Iter: 20/28 loss: 1.1787 acc: 0.8464 time 10.93s
Epoch: 105/150 Iter: 21/28 loss: 1.1375 acc: 0.8534 time 11.13s
Epoch: 105/150 Iter: 22/28 loss: 1.1370 acc: 0.8554 time 10.96s
Epoch: 105/150 Iter: 23/28 loss: 1.2185 acc: 0.8573 time 10.95s
Epoch: 105/150 Iter: 24/28 loss: 1.1895 acc: 0.8630 time 12.92s
Epoch: 105/150 Iter: 25/28 loss: 1.1845 acc: 0.8651 time 11.00s
Epoch: 105/150 Iter: 26/28 loss: 1.1730 acc: 0.8536 time 10.93s
Epoch: 105/150 Iter: 27/28 loss: 1.1473 acc: 0.8588 time 12.97s
[Train epoch 105] avg_loss=1.1473 avg_acc=0.8588 | per-class [c0: 0.866, c1: 0.906, c2: 0.841]
Final training 105/149, loss: 1.1473, time 329.48s, lr: 0.000114
Accuracy: 0.863
class                  precision    recall   specificity      f1   support
--------------------------------------------------------------------------
0                          0.921     0.866         0.950   0.892        67
1                          0.744     0.906         0.926   0.817        32
2                          0.879     0.841         0.919   0.859        69
*----------------------------------------*
0 Mon Nov  3 20:12:48 2025 Epoch: 106
Epoch: 106/150 Iter: 0/28 loss: 3.3731 acc: 0.6111 time 15.71s
Epoch: 106/150 Iter: 1/28 loss: 2.5368 acc: 0.7222 time 13.04s
Epoch: 106/150 Iter: 2/28 loss: 2.1991 acc: 0.7037 time 13.02s
Epoch: 106/150 Iter: 3/28 loss: 1.6944 acc: 0.7778 time 13.08s
Epoch: 106/150 Iter: 4/28 loss: 1.5492 acc: 0.8000 time 13.04s
Epoch: 106/150 Iter: 5/28 loss: 1.6863 acc: 0.7963 time 11.04s
Epoch: 106/150 Iter: 6/28 loss: 1.6005 acc: 0.8095 time 11.24s
Epoch: 106/150 Iter: 7/28 loss: 1.5636 acc: 0.8194 time 11.01s
Epoch: 106/150 Iter: 8/28 loss: 1.4343 acc: 0.8117 time 13.00s
Epoch: 106/150 Iter: 9/28 loss: 1.3473 acc: 0.8306 time 11.02s
Epoch: 106/150 Iter: 10/28 loss: 1.2825 acc: 0.8056 time 11.10s
Epoch: 106/150 Iter: 11/28 loss: 1.2144 acc: 0.8218 time 11.04s
Epoch: 106/150 Iter: 12/28 loss: 1.1426 acc: 0.8355 time 10.96s
Epoch: 106/150 Iter: 13/28 loss: 1.1322 acc: 0.8353 time 10.95s
Epoch: 106/150 Iter: 14/28 loss: 1.1074 acc: 0.8463 time 10.97s
Epoch: 106/150 Iter: 15/28 loss: 1.0738 acc: 0.8559 time 11.16s
Epoch: 106/150 Iter: 16/28 loss: 1.1300 acc: 0.8595 time 11.15s
Epoch: 106/150 Iter: 17/28 loss: 1.1211 acc: 0.8673 time 11.06s
Epoch: 106/150 Iter: 18/28 loss: 1.0684 acc: 0.8743 time 11.11s
Epoch: 106/150 Iter: 19/28 loss: 1.0646 acc: 0.8764 time 13.16s
Epoch: 106/150 Iter: 20/28 loss: 1.0368 acc: 0.8704 time 10.95s
Epoch: 106/150 Iter: 21/28 loss: 1.0169 acc: 0.8687 time 10.96s
Epoch: 106/150 Iter: 22/28 loss: 0.9976 acc: 0.8744 time 13.01s
Epoch: 106/150 Iter: 23/28 loss: 0.9918 acc: 0.8796 time 10.96s
Epoch: 106/150 Iter: 24/28 loss: 1.2423 acc: 0.8778 time 10.93s
Epoch: 106/150 Iter: 25/28 loss: 1.3242 acc: 0.8568 time 10.98s
Epoch: 106/150 Iter: 26/28 loss: 1.3092 acc: 0.8580 time 10.96s
Epoch: 106/150 Iter: 27/28 loss: 1.2849 acc: 0.8631 time 13.09s
[Train epoch 106] avg_loss=1.2849 avg_acc=0.8631 | per-class [c0: 0.838, c1: 0.853, c2: 0.879]
Final training 106/149, loss: 1.2849, time 329.75s, lr: 0.000109
Accuracy: 0.857
class                  precision    recall   specificity      f1   support
--------------------------------------------------------------------------
0                          0.905     0.838         0.940   0.870        68
1                          0.744     0.853         0.925   0.795        34
2                          0.879     0.879         0.922   0.879        66
*----------------------------------------*
0 Mon Nov  3 20:18:17 2025 Epoch: 107
Epoch: 107/150 Iter: 0/28 loss: 0.8042 acc: 0.9167 time 15.90s
Epoch: 107/150 Iter: 1/28 loss: 1.5840 acc: 0.9167 time 11.01s
Epoch: 107/150 Iter: 2/28 loss: 1.2221 acc: 0.9444 time 11.03s
Epoch: 107/150 Iter: 3/28 loss: 1.0391 acc: 0.9583 time 10.98s
Epoch: 107/150 Iter: 4/28 loss: 0.9966 acc: 0.9667 time 11.01s
Epoch: 107/150 Iter: 5/28 loss: 0.9801 acc: 0.9537 time 10.99s
Epoch: 107/150 Iter: 6/28 loss: 0.9240 acc: 0.9603 time 11.05s
Epoch: 107/150 Iter: 7/28 loss: 1.1506 acc: 0.9097 time 11.37s
Epoch: 107/150 Iter: 8/28 loss: 1.4861 acc: 0.8642 time 11.05s
Epoch: 107/150 Iter: 9/28 loss: 1.4141 acc: 0.8667 time 11.09s
Epoch: 107/150 Iter: 10/28 loss: 1.3374 acc: 0.8636 time 11.02s
Epoch: 107/150 Iter: 11/28 loss: 1.2441 acc: 0.8750 time 10.97s
Epoch: 107/150 Iter: 12/28 loss: 1.2385 acc: 0.8654 time 11.12s
Epoch: 107/150 Iter: 13/28 loss: 1.2251 acc: 0.8433 time 10.98s
Epoch: 107/150 Iter: 14/28 loss: 1.2132 acc: 0.8537 time 11.00s
Epoch: 107/150 Iter: 15/28 loss: 1.3295 acc: 0.8559 time 11.16s
Epoch: 107/150 Iter: 16/28 loss: 1.3279 acc: 0.8291 time 10.91s
Epoch: 107/150 Iter: 17/28 loss: 1.3377 acc: 0.8386 time 10.96s
Epoch: 107/150 Iter: 18/28 loss: 1.4090 acc: 0.8266 time 11.06s
Epoch: 107/150 Iter: 19/28 loss: 1.3931 acc: 0.8290 time 10.95s
Epoch: 107/150 Iter: 20/28 loss: 1.4017 acc: 0.8332 time 10.97s
Epoch: 107/150 Iter: 21/28 loss: 1.3512 acc: 0.8408 time 10.97s
Epoch: 107/150 Iter: 22/28 loss: 1.3002 acc: 0.8477 time 11.16s
Epoch: 107/150 Iter: 23/28 loss: 1.2726 acc: 0.8541 time 13.01s
Epoch: 107/150 Iter: 24/28 loss: 1.2474 acc: 0.8466 time 13.01s
Epoch: 107/150 Iter: 25/28 loss: 1.2221 acc: 0.8525 time 10.97s
Epoch: 107/150 Iter: 26/28 loss: 1.1935 acc: 0.8579 time 13.07s
Epoch: 107/150 Iter: 27/28 loss: 1.1908 acc: 0.8511 time 10.99s
[Train epoch 107] avg_loss=1.1908 avg_acc=0.8511 | per-class [c0: 0.826, c1: 0.903, c2: 0.868]
Final training 107/149, loss: 1.1908, time 319.81s, lr: 0.000105
Accuracy: 0.857
class                  precision    recall   specificity      f1   support
--------------------------------------------------------------------------
0                          0.934     0.826         0.960   0.877        69
1                          0.778     0.903         0.942   0.836        31
2                          0.831     0.868         0.880   0.849        68
*----------------------------------------*
Val 107/150 0/43, Acc: 1.0000, time 2.10s
Val 107/150 1/43, Acc: 1.0000, time 2.00s
Val 107/150 2/43, Acc: 1.0000, time 1.98s
Val 107/150 3/43, Acc: 1.0000, time 2.02s
Val 107/150 4/43, Acc: 1.0000, time 2.01s
Val 107/150 5/43, Acc: 0.8333, time 1.96s
Val 107/150 6/43, Acc: 0.8571, time 2.09s
Val 107/150 7/43, Acc: 0.7500, time 2.06s
Val 107/150 8/43, Acc: 0.7778, time 2.00s
Val 107/150 9/43, Acc: 0.8000, time 2.03s
Val 107/150 10/43, Acc: 0.8182, time 1.97s
Val 107/150 11/43, Acc: 0.7500, time 2.08s
Val 107/150 12/43, Acc: 0.7692, time 2.00s
Val 107/150 13/43, Acc: 0.7143, time 2.10s
Val 107/150 14/43, Acc: 0.7333, time 2.12s
Val 107/150 15/43, Acc: 0.7500, time 2.20s
Val 107/150 16/43, Acc: 0.7059, time 2.07s
Val 107/150 17/43, Acc: 0.7222, time 1.99s
Val 107/150 18/43, Acc: 0.7368, time 2.11s
Val 107/150 19/43, Acc: 0.7500, time 1.95s
Val 107/150 20/43, Acc: 0.7619, time 2.07s
Val 107/150 21/43, Acc: 0.7727, time 2.13s
Val 107/150 22/43, Acc: 0.7826, time 2.07s
Val 107/150 23/43, Acc: 0.7917, time 2.07s
Val 107/150 24/43, Acc: 0.8000, time 2.00s
Val 107/150 25/43, Acc: 0.8077, time 2.05s
Val 107/150 26/43, Acc: 0.8148, time 1.99s
Val 107/150 27/43, Acc: 0.7857, time 2.06s
Val 107/150 28/43, Acc: 0.7931, time 2.03s
Val 107/150 29/43, Acc: 0.8000, time 1.95s
Val 107/150 30/43, Acc: 0.7742, time 1.96s
Val 107/150 31/43, Acc: 0.7812, time 2.06s
Val 107/150 32/43, Acc: 0.7879, time 2.06s
Val 107/150 33/43, Acc: 0.7941, time 1.97s
Val 107/150 34/43, Acc: 0.8000, time 2.05s
Val 107/150 35/43, Acc: 0.8056, time 2.07s
Val 107/150 36/43, Acc: 0.7838, time 2.04s
Val 107/150 37/43, Acc: 0.7632, time 2.08s
Val 107/150 38/43, Acc: 0.7692, time 1.97s
Val 107/150 39/43, Acc: 0.7750, time 2.07s
Val 107/150 40/43, Acc: 0.7805, time 2.05s
Val 107/150 41/43, Acc: 0.7857, time 2.04s
Val 107/150 42/43, Acc: 0.7907, time 2.12s
[Val epoch 107] avg_acc=0.7907 | per-class [c0: 0.706, c1: 0.889, c2: 0.824]
Final validation 107/149, Val_acc: 0.7907, time 87.83sAccuracy: 0.791
class                  precision    recall   specificity      f1   support
--------------------------------------------------------------------------
0                          0.800     0.706         0.885   0.750        17
1                          0.889     0.889         0.971   0.889         9
2                          0.737     0.824         0.808   0.778        17
*========================================*
Saving checkpoint outputs/OrganoidsINRIA/swinunetr/2025-11-03-09-58/model_final.pt
0 Mon Nov  3 20:25:10 2025 Epoch: 108
Epoch: 108/150 Iter: 0/28 loss: 0.3607 acc: 1.0000 time 15.13s
Epoch: 108/150 Iter: 1/28 loss: 0.9004 acc: 0.7500 time 11.07s
Epoch: 108/150 Iter: 2/28 loss: 0.7459 acc: 0.8333 time 11.04s
Epoch: 108/150 Iter: 3/28 loss: 0.7243 acc: 0.8750 time 11.01s
Epoch: 108/150 Iter: 4/28 loss: 1.3401 acc: 0.8667 time 11.38s
Epoch: 108/150 Iter: 5/28 loss: 1.3136 acc: 0.8148 time 11.06s
Epoch: 108/150 Iter: 6/28 loss: 1.2874 acc: 0.8254 time 11.01s
Epoch: 108/150 Iter: 7/28 loss: 1.1966 acc: 0.8472 time 11.05s
Epoch: 108/150 Iter: 8/28 loss: 1.1594 acc: 0.8457 time 11.01s
Epoch: 108/150 Iter: 9/28 loss: 1.0493 acc: 0.8611 time 10.99s
Epoch: 108/150 Iter: 10/28 loss: 1.0803 acc: 0.8636 time 11.04s
Epoch: 108/150 Iter: 11/28 loss: 1.0233 acc: 0.8750 time 11.04s
Epoch: 108/150 Iter: 12/28 loss: 0.9668 acc: 0.8846 time 10.94s
Epoch: 108/150 Iter: 13/28 loss: 0.9735 acc: 0.8532 time 11.00s
Epoch: 108/150 Iter: 14/28 loss: 0.9689 acc: 0.8630 time 10.95s
Epoch: 108/150 Iter: 15/28 loss: 1.0230 acc: 0.8403 time 11.09s
Epoch: 108/150 Iter: 16/28 loss: 0.9872 acc: 0.8497 time 11.01s
Epoch: 108/150 Iter: 17/28 loss: 1.0136 acc: 0.8333 time 10.97s
Epoch: 108/150 Iter: 18/28 loss: 1.0522 acc: 0.8377 time 10.96s
Epoch: 108/150 Iter: 19/28 loss: 1.0466 acc: 0.8125 time 10.92s
Epoch: 108/150 Iter: 20/28 loss: 1.0260 acc: 0.8214 time 13.21s
Epoch: 108/150 Iter: 21/28 loss: 1.0120 acc: 0.8258 time 11.06s
Epoch: 108/150 Iter: 22/28 loss: 0.9873 acc: 0.8333 time 10.98s
Epoch: 108/150 Iter: 23/28 loss: 0.9684 acc: 0.8403 time 11.01s
Epoch: 108/150 Iter: 24/28 loss: 0.9383 acc: 0.8467 time 11.00s
Epoch: 108/150 Iter: 25/28 loss: 0.9522 acc: 0.8462 time 11.10s
Epoch: 108/150 Iter: 26/28 loss: 0.9489 acc: 0.8313 time 10.95s
Epoch: 108/150 Iter: 27/28 loss: 0.9318 acc: 0.8373 time 10.92s
[Train epoch 108] avg_loss=0.9318 avg_acc=0.8373 | per-class [c0: 0.864, c1: 0.882, c2: 0.897]
Final training 108/149, loss: 0.9318, time 314.94s, lr: 0.000100
Accuracy: 0.881
class                  precision    recall   specificity      f1   support
--------------------------------------------------------------------------
0                          0.934     0.864         0.961   0.898        66
1                          0.833     0.882         0.955   0.857        34
2                          0.859     0.897         0.900   0.878        68
*----------------------------------------*
0 Mon Nov  3 20:30:25 2025 Epoch: 109
Epoch: 109/150 Iter: 0/28 loss: 0.8514 acc: 0.6667 time 13.73s
Epoch: 109/150 Iter: 1/28 loss: 0.8160 acc: 0.7708 time 10.98s
Epoch: 109/150 Iter: 2/28 loss: 1.0618 acc: 0.7546 time 13.05s
Epoch: 109/150 Iter: 3/28 loss: 1.2684 acc: 0.6701 time 11.10s
Epoch: 109/150 Iter: 4/28 loss: 1.8246 acc: 0.5894 time 13.11s
Epoch: 109/150 Iter: 5/28 loss: 1.5787 acc: 0.6579 time 11.08s
Epoch: 109/150 Iter: 6/28 loss: 1.4369 acc: 0.7067 time 13.05s
Epoch: 109/150 Iter: 7/28 loss: 1.4587 acc: 0.7017 time 11.25s
Epoch: 109/150 Iter: 8/28 loss: 1.3319 acc: 0.7349 time 10.95s
Epoch: 109/150 Iter: 9/28 loss: 1.2227 acc: 0.7614 time 11.00s
Epoch: 109/150 Iter: 10/28 loss: 1.1597 acc: 0.7755 time 11.01s
Epoch: 109/150 Iter: 11/28 loss: 1.0969 acc: 0.7942 time 11.21s
Epoch: 109/150 Iter: 12/28 loss: 1.0455 acc: 0.8100 time 11.10s
Epoch: 109/150 Iter: 13/28 loss: 1.3123 acc: 0.7879 time 11.19s
Epoch: 109/150 Iter: 14/28 loss: 1.3044 acc: 0.7798 time 10.98s
Epoch: 109/150 Iter: 15/28 loss: 1.3016 acc: 0.7832 time 10.96s
Epoch: 109/150 Iter: 16/28 loss: 1.2571 acc: 0.7959 time 10.98s
Epoch: 109/150 Iter: 17/28 loss: 1.2234 acc: 0.7980 time 11.02s
Epoch: 109/150 Iter: 18/28 loss: 1.1894 acc: 0.8086 time 10.97s
Epoch: 109/150 Iter: 19/28 loss: 1.1589 acc: 0.8182 time 11.02s
Epoch: 109/150 Iter: 20/28 loss: 1.1555 acc: 0.8269 time 10.94s
Epoch: 109/150 Iter: 21/28 loss: 1.1149 acc: 0.8347 time 13.16s
Epoch: 109/150 Iter: 22/28 loss: 1.1987 acc: 0.8274 time 11.18s
Epoch: 109/150 Iter: 23/28 loss: 1.1931 acc: 0.8304 time 11.01s
Epoch: 109/150 Iter: 24/28 loss: 1.1879 acc: 0.8328 time 10.97s
Epoch: 109/150 Iter: 25/28 loss: 1.1725 acc: 0.8392 time 10.99s
Epoch: 109/150 Iter: 26/28 loss: 1.1727 acc: 0.8328 time 10.99s
Epoch: 109/150 Iter: 27/28 loss: 1.1566 acc: 0.8388 time 10.94s
[Train epoch 109] avg_loss=1.1566 avg_acc=0.8388 | per-class [c0: 0.910, c1: 0.824, c2: 0.881]
Final training 109/149, loss: 1.1566, time 319.96s, lr: 0.000096
Accuracy: 0.881
class                  precision    recall   specificity      f1   support
--------------------------------------------------------------------------
0                          0.938     0.910         0.960   0.924        67
1                          0.824     0.824         0.955   0.824        34
2                          0.855     0.881         0.901   0.868        67
*----------------------------------------*
0 Mon Nov  3 20:35:45 2025 Epoch: 110
Epoch: 110/150 Iter: 0/28 loss: 1.8155 acc: 0.8333 time 15.56s
Epoch: 110/150 Iter: 1/28 loss: 1.0371 acc: 0.9167 time 11.17s
Epoch: 110/150 Iter: 2/28 loss: 1.0282 acc: 0.7778 time 11.22s
Epoch: 110/150 Iter: 3/28 loss: 1.0463 acc: 0.7917 time 11.04s
Epoch: 110/150 Iter: 4/28 loss: 0.9875 acc: 0.8111 time 13.03s
Epoch: 110/150 Iter: 5/28 loss: 0.9965 acc: 0.8148 time 11.02s
Epoch: 110/150 Iter: 6/28 loss: 1.2982 acc: 0.7857 time 11.06s
Epoch: 110/150 Iter: 7/28 loss: 1.2716 acc: 0.7708 time 11.10s
Epoch: 110/150 Iter: 8/28 loss: 1.3770 acc: 0.7778 time 11.21s
Epoch: 110/150 Iter: 9/28 loss: 1.4311 acc: 0.7417 time 11.03s
Epoch: 110/150 Iter: 10/28 loss: 1.3346 acc: 0.7652 time 11.00s
Epoch: 110/150 Iter: 11/28 loss: 1.2608 acc: 0.7847 time 11.17s
Epoch: 110/150 Iter: 12/28 loss: 1.1810 acc: 0.8013 time 12.99s
Epoch: 110/150 Iter: 13/28 loss: 1.2329 acc: 0.7956 time 10.97s
Epoch: 110/150 Iter: 14/28 loss: 1.2290 acc: 0.8093 time 13.10s
Epoch: 110/150 Iter: 15/28 loss: 1.2509 acc: 0.7753 time 11.04s
Epoch: 110/150 Iter: 16/28 loss: 1.2402 acc: 0.7886 time 10.97s
Epoch: 110/150 Iter: 17/28 loss: 1.4354 acc: 0.7818 time 11.08s
Epoch: 110/150 Iter: 18/28 loss: 1.3759 acc: 0.7933 time 12.97s
Epoch: 110/150 Iter: 19/28 loss: 1.3218 acc: 0.8036 time 10.95s
Epoch: 110/150 Iter: 20/28 loss: 1.2779 acc: 0.8130 time 10.90s
Epoch: 110/150 Iter: 21/28 loss: 1.2261 acc: 0.8215 time 10.94s
Epoch: 110/150 Iter: 22/28 loss: 1.2179 acc: 0.8292 time 10.99s
Epoch: 110/150 Iter: 23/28 loss: 1.1838 acc: 0.8363 time 11.16s
Epoch: 110/150 Iter: 24/28 loss: 1.2042 acc: 0.8109 time 11.16s
Epoch: 110/150 Iter: 25/28 loss: 1.1740 acc: 0.8182 time 10.96s
Epoch: 110/150 Iter: 26/28 loss: 1.1430 acc: 0.8249 time 10.93s
Epoch: 110/150 Iter: 27/28 loss: 1.1365 acc: 0.8312 time 10.96s
[Train epoch 110] avg_loss=1.1365 avg_acc=0.8312 | per-class [c0: 0.826, c1: 0.969, c2: 0.821]
Final training 110/149, loss: 1.1365, time 321.71s, lr: 0.000092
Accuracy: 0.851
class                  precision    recall   specificity      f1   support
--------------------------------------------------------------------------
0                          0.934     0.826         0.960   0.877        69
1                          0.756     0.969         0.926   0.849        32
2                          0.833     0.821         0.891   0.827        67
*----------------------------------------*
0 Mon Nov  3 20:41:07 2025 Epoch: 111
Epoch: 111/150 Iter: 0/28 loss: 2.1426 acc: 0.6667 time 14.01s
Epoch: 111/150 Iter: 1/28 loss: 1.5282 acc: 0.8333 time 13.00s
Epoch: 111/150 Iter: 2/28 loss: 2.6434 acc: 0.7778 time 11.08s
Epoch: 111/150 Iter: 3/28 loss: 2.2056 acc: 0.7917 time 10.98s
Epoch: 111/150 Iter: 4/28 loss: 1.8110 acc: 0.8333 time 11.01s
Epoch: 111/150 Iter: 5/28 loss: 1.6050 acc: 0.8611 time 11.02s
Epoch: 111/150 Iter: 6/28 loss: 1.5574 acc: 0.8651 time 11.04s
Epoch: 111/150 Iter: 7/28 loss: 1.4759 acc: 0.8819 time 11.03s
Epoch: 111/150 Iter: 8/28 loss: 1.3663 acc: 0.8951 time 12.99s
Epoch: 111/150 Iter: 9/28 loss: 1.2618 acc: 0.8556 time 11.04s
Epoch: 111/150 Iter: 10/28 loss: 1.2123 acc: 0.8687 time 11.06s
Epoch: 111/150 Iter: 11/28 loss: 1.1590 acc: 0.8796 time 10.98s
Epoch: 111/150 Iter: 12/28 loss: 1.0897 acc: 0.8889 time 11.01s
Epoch: 111/150 Iter: 13/28 loss: 1.0451 acc: 0.8968 time 13.21s
Epoch: 111/150 Iter: 14/28 loss: 1.0141 acc: 0.9037 time 10.94s
Epoch: 111/150 Iter: 15/28 loss: 1.0943 acc: 0.8889 time 11.08s
Epoch: 111/150 Iter: 16/28 loss: 1.0429 acc: 0.8954 time 10.98s
Epoch: 111/150 Iter: 17/28 loss: 1.0063 acc: 0.9012 time 10.98s
Epoch: 111/150 Iter: 18/28 loss: 0.9645 acc: 0.9064 time 10.91s
Epoch: 111/150 Iter: 19/28 loss: 0.9799 acc: 0.9028 time 10.96s
Epoch: 111/150 Iter: 20/28 loss: 0.9946 acc: 0.9021 time 11.13s
Epoch: 111/150 Iter: 21/28 loss: 0.9901 acc: 0.9066 time 13.14s
Epoch: 111/150 Iter: 22/28 loss: 1.0514 acc: 0.8913 time 12.98s
Epoch: 111/150 Iter: 23/28 loss: 1.0572 acc: 0.8912 time 11.10s
Epoch: 111/150 Iter: 24/28 loss: 1.0438 acc: 0.8956 time 10.99s
Epoch: 111/150 Iter: 25/28 loss: 1.0233 acc: 0.8996 time 10.96s
Epoch: 111/150 Iter: 26/28 loss: 0.9950 acc: 0.9033 time 10.94s
Epoch: 111/150 Iter: 27/28 loss: 1.0649 acc: 0.8948 time 10.99s
[Train epoch 111] avg_loss=1.0649 avg_acc=0.8948 | per-class [c0: 0.894, c1: 0.909, c2: 0.899]
Final training 111/149, loss: 1.0649, time 321.60s, lr: 0.000087
Accuracy: 0.899
class                  precision    recall   specificity      f1   support
--------------------------------------------------------------------------
0                          0.922     0.894         0.951   0.908        66
1                          0.857     0.909         0.963   0.882        33
2                          0.899     0.899         0.929   0.899        69
*----------------------------------------*
Val 111/150 0/43, Acc: 1.0000, time 2.10s
Val 111/150 1/43, Acc: 1.0000, time 1.97s
Val 111/150 2/43, Acc: 1.0000, time 1.96s
Val 111/150 3/43, Acc: 1.0000, time 2.02s
Val 111/150 4/43, Acc: 1.0000, time 1.97s
Val 111/150 5/43, Acc: 0.8333, time 1.96s
Val 111/150 6/43, Acc: 0.8571, time 2.09s
Val 111/150 7/43, Acc: 0.7500, time 2.07s
Val 111/150 8/43, Acc: 0.7778, time 2.01s
Val 111/150 9/43, Acc: 0.8000, time 2.02s
Val 111/150 10/43, Acc: 0.8182, time 1.98s
Val 111/150 11/43, Acc: 0.7500, time 2.08s
Val 111/150 12/43, Acc: 0.6923, time 1.96s
Val 111/150 13/43, Acc: 0.6429, time 2.09s
Val 111/150 14/43, Acc: 0.6667, time 2.11s
Val 111/150 15/43, Acc: 0.6875, time 2.20s
Val 111/150 16/43, Acc: 0.6471, time 2.08s
Val 111/150 17/43, Acc: 0.6667, time 1.99s
Val 111/150 18/43, Acc: 0.6842, time 2.12s
Val 111/150 19/43, Acc: 0.7000, time 1.99s
Val 111/150 20/43, Acc: 0.7143, time 2.09s
Val 111/150 21/43, Acc: 0.7273, time 2.12s
Val 111/150 22/43, Acc: 0.7391, time 2.07s
Val 111/150 23/43, Acc: 0.7500, time 2.07s
Val 111/150 24/43, Acc: 0.7600, time 2.01s
Val 111/150 25/43, Acc: 0.7692, time 2.06s
Val 111/150 26/43, Acc: 0.7778, time 1.95s
Val 111/150 27/43, Acc: 0.7500, time 2.05s
Val 111/150 28/43, Acc: 0.7586, time 2.04s
Val 111/150 29/43, Acc: 0.7333, time 1.97s
Val 111/150 30/43, Acc: 0.7419, time 1.97s
Val 111/150 31/43, Acc: 0.7500, time 2.06s
Val 111/150 32/43, Acc: 0.7576, time 2.05s
Val 111/150 33/43, Acc: 0.7647, time 2.01s
Val 111/150 34/43, Acc: 0.7714, time 2.04s
Val 111/150 35/43, Acc: 0.7778, time 2.07s
Val 111/150 36/43, Acc: 0.7568, time 2.05s
Val 111/150 37/43, Acc: 0.7368, time 2.07s
Val 111/150 38/43, Acc: 0.7436, time 1.99s
Val 111/150 39/43, Acc: 0.7500, time 2.08s
Val 111/150 40/43, Acc: 0.7561, time 2.05s
Val 111/150 41/43, Acc: 0.7619, time 2.02s
Val 111/150 42/43, Acc: 0.7674, time 2.12s
[Val epoch 111] avg_acc=0.7674 | per-class [c0: 0.706, c1: 1.000, c2: 0.706]
Final validation 111/149, Val_acc: 0.7674, time 87.76sAccuracy: 0.767
class                  precision    recall   specificity      f1   support
--------------------------------------------------------------------------
0                          0.800     0.706         0.885   0.750        17
1                          0.750     1.000         0.912   0.857         9
2                          0.750     0.706         0.846   0.727        17
*========================================*
Saving checkpoint outputs/OrganoidsINRIA/swinunetr/2025-11-03-09-58/model_final.pt
0 Mon Nov  3 20:48:02 2025 Epoch: 112
Epoch: 112/150 Iter: 0/28 loss: 1.2123 acc: 0.8750 time 13.87s
Epoch: 112/150 Iter: 1/28 loss: 1.6515 acc: 0.8542 time 11.07s
Epoch: 112/150 Iter: 2/28 loss: 1.1967 acc: 0.9028 time 11.02s
Epoch: 112/150 Iter: 3/28 loss: 1.2533 acc: 0.8993 time 11.06s
Epoch: 112/150 Iter: 4/28 loss: 1.1434 acc: 0.8528 time 11.36s
Epoch: 112/150 Iter: 5/28 loss: 1.0613 acc: 0.8773 time 12.99s
Epoch: 112/150 Iter: 6/28 loss: 1.0791 acc: 0.8710 time 11.08s
Epoch: 112/150 Iter: 7/28 loss: 1.0834 acc: 0.8316 time 13.23s
Epoch: 112/150 Iter: 8/28 loss: 1.0224 acc: 0.8503 time 13.09s
Epoch: 112/150 Iter: 9/28 loss: 0.9845 acc: 0.8569 time 11.02s
Epoch: 112/150 Iter: 10/28 loss: 0.9427 acc: 0.8699 time 11.02s
Epoch: 112/150 Iter: 11/28 loss: 0.9118 acc: 0.8438 time 11.19s
Epoch: 112/150 Iter: 12/28 loss: 0.8842 acc: 0.8558 time 12.98s
Epoch: 112/150 Iter: 13/28 loss: 0.8767 acc: 0.8661 time 12.97s
Epoch: 112/150 Iter: 14/28 loss: 0.8515 acc: 0.8750 time 10.94s
Epoch: 112/150 Iter: 15/28 loss: 0.8613 acc: 0.8828 time 11.09s
Epoch: 112/150 Iter: 16/28 loss: 0.8409 acc: 0.8897 time 11.02s
Epoch: 112/150 Iter: 17/28 loss: 0.8383 acc: 0.8958 time 13.09s
Epoch: 112/150 Iter: 18/28 loss: 0.8464 acc: 0.9013 time 10.94s
Epoch: 112/150 Iter: 19/28 loss: 0.8390 acc: 0.8840 time 10.94s
Epoch: 112/150 Iter: 20/28 loss: 0.8020 acc: 0.8896 time 10.95s
Epoch: 112/150 Iter: 21/28 loss: 0.7883 acc: 0.8946 time 10.95s
Epoch: 112/150 Iter: 22/28 loss: 0.7761 acc: 0.8992 time 10.92s
Epoch: 112/150 Iter: 23/28 loss: 0.7585 acc: 0.9034 time 11.06s
Epoch: 112/150 Iter: 24/28 loss: 0.7350 acc: 0.9072 time 10.97s
Epoch: 112/150 Iter: 25/28 loss: 0.7324 acc: 0.9108 time 10.97s
Epoch: 112/150 Iter: 26/28 loss: 0.7606 acc: 0.8956 time 10.94s
Epoch: 112/150 Iter: 27/28 loss: 0.7741 acc: 0.8993 time 11.00s
[Train epoch 112] avg_loss=0.7741 avg_acc=0.8993 | per-class [c0: 0.899, c1: 0.970, c2: 0.955]
Final training 112/149, loss: 0.7741, time 323.79s, lr: 0.000083
Accuracy: 0.935
class                  precision    recall   specificity      f1   support
--------------------------------------------------------------------------
0                          0.984     0.899         0.990   0.939        69
1                          0.889     0.970         0.970   0.928        33
2                          0.913     0.955         0.941   0.933        66
*----------------------------------------*
0 Mon Nov  3 20:53:25 2025 Epoch: 113
Epoch: 113/150 Iter: 0/28 loss: 0.4732 acc: 1.0000 time 15.79s
Epoch: 113/150 Iter: 1/28 loss: 0.3440 acc: 1.0000 time 11.01s
Epoch: 113/150 Iter: 2/28 loss: 0.4617 acc: 0.9583 time 13.21s
Epoch: 113/150 Iter: 3/28 loss: 0.6233 acc: 0.9688 time 11.08s
Epoch: 113/150 Iter: 4/28 loss: 0.5589 acc: 0.9750 time 10.98s
Epoch: 113/150 Iter: 5/28 loss: 0.5660 acc: 0.9792 time 10.98s
Epoch: 113/150 Iter: 6/28 loss: 0.5556 acc: 0.9821 time 11.01s
Epoch: 113/150 Iter: 7/28 loss: 0.5727 acc: 0.9844 time 11.02s
Epoch: 113/150 Iter: 8/28 loss: 0.6391 acc: 0.9722 time 11.04s
Epoch: 113/150 Iter: 9/28 loss: 0.6336 acc: 0.9500 time 11.25s
Epoch: 113/150 Iter: 10/28 loss: 0.6395 acc: 0.9545 time 11.27s
Epoch: 113/150 Iter: 11/28 loss: 0.6757 acc: 0.9097 time 11.21s
Epoch: 113/150 Iter: 12/28 loss: 0.6872 acc: 0.9081 time 13.14s
Epoch: 113/150 Iter: 13/28 loss: 0.6771 acc: 0.9147 time 11.14s
Epoch: 113/150 Iter: 14/28 loss: 0.6687 acc: 0.9148 time 13.32s
Epoch: 113/150 Iter: 15/28 loss: 0.6617 acc: 0.9201 time 10.97s
Epoch: 113/150 Iter: 16/28 loss: 0.6346 acc: 0.9248 time 13.16s
Epoch: 113/150 Iter: 17/28 loss: 0.6148 acc: 0.9290 time 10.96s
Epoch: 113/150 Iter: 18/28 loss: 0.7612 acc: 0.9152 time 10.97s
Epoch: 113/150 Iter: 19/28 loss: 0.7357 acc: 0.9194 time 11.08s
Epoch: 113/150 Iter: 20/28 loss: 0.7311 acc: 0.9153 time 10.93s
Epoch: 113/150 Iter: 21/28 loss: 0.7208 acc: 0.9040 time 10.96s
Epoch: 113/150 Iter: 22/28 loss: 0.7304 acc: 0.9010 time 10.96s
Epoch: 113/150 Iter: 23/28 loss: 0.7863 acc: 0.8843 time 11.13s
Epoch: 113/150 Iter: 24/28 loss: 0.7897 acc: 0.8889 time 10.98s
Epoch: 113/150 Iter: 25/28 loss: 0.7978 acc: 0.8868 time 13.15s
Epoch: 113/150 Iter: 26/28 loss: 0.8151 acc: 0.8786 time 10.96s
Epoch: 113/150 Iter: 27/28 loss: 0.8103 acc: 0.8770 time 13.15s
[Train epoch 113] avg_loss=0.8103 avg_acc=0.8770 | per-class [c0: 0.928, c1: 0.906, c2: 0.881]
Final training 113/149, loss: 0.8103, time 326.85s, lr: 0.000079
Accuracy: 0.905
class                  precision    recall   specificity      f1   support
--------------------------------------------------------------------------
0                          0.941     0.928         0.960   0.934        69
1                          0.853     0.906         0.963   0.879        32
2                          0.894     0.881         0.931   0.887        67
*----------------------------------------*
0 Mon Nov  3 20:58:52 2025 Epoch: 114
Epoch: 114/150 Iter: 0/28 loss: 0.3807 acc: 1.0000 time 14.07s
Epoch: 114/150 Iter: 1/28 loss: 0.5011 acc: 1.0000 time 11.01s
Epoch: 114/150 Iter: 2/28 loss: 0.4892 acc: 1.0000 time 11.02s
Epoch: 114/150 Iter: 3/28 loss: 0.5195 acc: 1.0000 time 11.04s
Epoch: 114/150 Iter: 4/28 loss: 0.4571 acc: 1.0000 time 11.05s
Epoch: 114/150 Iter: 5/28 loss: 0.4723 acc: 1.0000 time 11.00s
Epoch: 114/150 Iter: 6/28 loss: 0.5310 acc: 0.9524 time 11.02s
Epoch: 114/150 Iter: 7/28 loss: 0.5217 acc: 0.9583 time 11.01s
Epoch: 114/150 Iter: 8/28 loss: 0.4737 acc: 0.9630 time 13.17s
Epoch: 114/150 Iter: 9/28 loss: 0.4390 acc: 0.9667 time 11.06s
Epoch: 114/150 Iter: 10/28 loss: 0.4932 acc: 0.9596 time 11.00s
Epoch: 114/150 Iter: 11/28 loss: 0.7431 acc: 0.9213 time 11.16s
Epoch: 114/150 Iter: 12/28 loss: 0.8702 acc: 0.9145 time 10.96s
Epoch: 114/150 Iter: 13/28 loss: 0.8357 acc: 0.9206 time 10.95s
Epoch: 114/150 Iter: 14/28 loss: 0.8375 acc: 0.9185 time 11.08s
Epoch: 114/150 Iter: 15/28 loss: 0.8469 acc: 0.9167 time 10.99s
Epoch: 114/150 Iter: 16/28 loss: 0.8587 acc: 0.9118 time 11.00s
Epoch: 114/150 Iter: 17/28 loss: 0.8422 acc: 0.9167 time 10.96s
Epoch: 114/150 Iter: 18/28 loss: 0.8666 acc: 0.9152 time 13.04s
Epoch: 114/150 Iter: 19/28 loss: 0.8598 acc: 0.9194 time 12.97s
Epoch: 114/150 Iter: 20/28 loss: 0.8895 acc: 0.9074 time 10.94s
Epoch: 114/150 Iter: 21/28 loss: 0.8679 acc: 0.9116 time 10.93s
Epoch: 114/150 Iter: 22/28 loss: 0.8484 acc: 0.9155 time 11.05s
Epoch: 114/150 Iter: 23/28 loss: 0.8917 acc: 0.9120 time 11.14s
Epoch: 114/150 Iter: 24/28 loss: 0.8818 acc: 0.9156 time 10.97s
Epoch: 114/150 Iter: 25/28 loss: 0.9435 acc: 0.9028 time 10.95s
Epoch: 114/150 Iter: 26/28 loss: 0.9220 acc: 0.9064 time 11.04s
Epoch: 114/150 Iter: 27/28 loss: 0.9213 acc: 0.9097 time 10.97s
[Train epoch 114] avg_loss=0.9213 avg_acc=0.9097 | per-class [c0: 0.881, c1: 0.939, c2: 0.926]
Final training 114/149, loss: 0.9213, time 317.60s, lr: 0.000075
Accuracy: 0.911
class                  precision    recall   specificity      f1   support
--------------------------------------------------------------------------
0                          0.983     0.881         0.990   0.929        67
1                          0.838     0.939         0.956   0.886        33
2                          0.887     0.926         0.920   0.906        68
*----------------------------------------*
0 Mon Nov  3 21:04:10 2025 Epoch: 115
Epoch: 115/150 Iter: 0/28 loss: 0.4980 acc: 1.0000 time 13.38s
Epoch: 115/150 Iter: 1/28 loss: 0.2965 acc: 1.0000 time 11.06s
Epoch: 115/150 Iter: 2/28 loss: 0.4707 acc: 0.9583 time 10.99s
Epoch: 115/150 Iter: 3/28 loss: 0.5521 acc: 0.9410 time 13.04s
Epoch: 115/150 Iter: 4/28 loss: 0.5610 acc: 0.9528 time 11.00s
Epoch: 115/150 Iter: 5/28 loss: 0.6926 acc: 0.9051 time 13.01s
Epoch: 115/150 Iter: 6/28 loss: 0.6554 acc: 0.9187 time 11.06s
Epoch: 115/150 Iter: 7/28 loss: 0.6593 acc: 0.9080 time 10.98s
Epoch: 115/150 Iter: 8/28 loss: 0.6304 acc: 0.9182 time 11.02s
Epoch: 115/150 Iter: 9/28 loss: 0.6149 acc: 0.9264 time 10.98s
Epoch: 115/150 Iter: 10/28 loss: 0.6059 acc: 0.9331 time 11.21s
Epoch: 115/150 Iter: 11/28 loss: 0.6446 acc: 0.9109 time 11.02s
Epoch: 115/150 Iter: 12/28 loss: 0.6140 acc: 0.9177 time 13.10s
Epoch: 115/150 Iter: 13/28 loss: 0.7901 acc: 0.8879 time 11.17s
Epoch: 115/150 Iter: 14/28 loss: 0.7577 acc: 0.8954 time 10.99s
Epoch: 115/150 Iter: 15/28 loss: 0.8005 acc: 0.8950 time 10.97s
Epoch: 115/150 Iter: 16/28 loss: 0.7813 acc: 0.9011 time 11.03s
Epoch: 115/150 Iter: 17/28 loss: 0.7460 acc: 0.9066 time 11.01s
Epoch: 115/150 Iter: 18/28 loss: 0.7510 acc: 0.9028 time 10.98s
Epoch: 115/150 Iter: 19/28 loss: 0.7784 acc: 0.9021 time 10.93s
Epoch: 115/150 Iter: 20/28 loss: 0.7801 acc: 0.8988 time 10.92s
Epoch: 115/150 Iter: 21/28 loss: 0.7547 acc: 0.9034 time 11.00s
Epoch: 115/150 Iter: 22/28 loss: 0.7709 acc: 0.9004 time 10.97s
Epoch: 115/150 Iter: 23/28 loss: 0.7585 acc: 0.9045 time 11.05s
Epoch: 115/150 Iter: 24/28 loss: 0.7344 acc: 0.9083 time 10.99s
Epoch: 115/150 Iter: 25/28 loss: 0.7214 acc: 0.9119 time 11.15s
Epoch: 115/150 Iter: 26/28 loss: 0.7237 acc: 0.9090 time 10.98s
Epoch: 115/150 Iter: 27/28 loss: 0.7950 acc: 0.9063 time 10.94s
[Train epoch 115] avg_loss=0.7950 avg_acc=0.9063 | per-class [c0: 0.896, c1: 0.879, c2: 0.941]
Final training 115/149, loss: 0.7950, time 316.96s, lr: 0.000071
Accuracy: 0.911
class                  precision    recall   specificity      f1   support
--------------------------------------------------------------------------
0                          0.938     0.896         0.960   0.916        67
1                          0.879     0.879         0.970   0.879        33
2                          0.901     0.941         0.930   0.921        68
*----------------------------------------*
Val 115/150 0/43, Acc: 0.0000, time 2.09s
Val 115/150 1/43, Acc: 0.5000, time 2.00s
Val 115/150 2/43, Acc: 0.6667, time 2.00s
Val 115/150 3/43, Acc: 0.7500, time 2.03s
Val 115/150 4/43, Acc: 0.8000, time 2.00s
Val 115/150 5/43, Acc: 0.6667, time 1.99s
Val 115/150 6/43, Acc: 0.7143, time 2.11s
Val 115/150 7/43, Acc: 0.6250, time 2.08s
Val 115/150 8/43, Acc: 0.6667, time 2.01s
Val 115/150 9/43, Acc: 0.7000, time 2.04s
Val 115/150 10/43, Acc: 0.7273, time 1.97s
Val 115/150 11/43, Acc: 0.6667, time 2.08s
Val 115/150 12/43, Acc: 0.6154, time 1.96s
Val 115/150 13/43, Acc: 0.5714, time 2.09s
Val 115/150 14/43, Acc: 0.6000, time 2.11s
Val 115/150 15/43, Acc: 0.6250, time 2.17s
Val 115/150 16/43, Acc: 0.5882, time 2.07s
Val 115/150 17/43, Acc: 0.6111, time 1.96s
Val 115/150 18/43, Acc: 0.5789, time 2.11s
Val 115/150 19/43, Acc: 0.6000, time 1.98s
Val 115/150 20/43, Acc: 0.6190, time 2.08s
Val 115/150 21/43, Acc: 0.6364, time 2.13s
Val 115/150 22/43, Acc: 0.6522, time 2.07s
Val 115/150 23/43, Acc: 0.6667, time 2.07s
Val 115/150 24/43, Acc: 0.6800, time 2.01s
Val 115/150 25/43, Acc: 0.6923, time 2.05s
Val 115/150 26/43, Acc: 0.7037, time 1.96s
Val 115/150 27/43, Acc: 0.6786, time 2.04s
Val 115/150 28/43, Acc: 0.6897, time 2.03s
Val 115/150 29/43, Acc: 0.6667, time 1.96s
Val 115/150 30/43, Acc: 0.6774, time 1.97s
Val 115/150 31/43, Acc: 0.6875, time 2.04s
Val 115/150 32/43, Acc: 0.6970, time 2.05s
Val 115/150 33/43, Acc: 0.7059, time 1.96s
Val 115/150 34/43, Acc: 0.7143, time 2.03s
Val 115/150 35/43, Acc: 0.7222, time 2.06s
Val 115/150 36/43, Acc: 0.7027, time 2.04s
Val 115/150 37/43, Acc: 0.6842, time 2.07s
Val 115/150 38/43, Acc: 0.6923, time 1.96s
Val 115/150 39/43, Acc: 0.7000, time 2.06s
Val 115/150 40/43, Acc: 0.7073, time 2.04s
Val 115/150 41/43, Acc: 0.7143, time 2.02s
Val 115/150 42/43, Acc: 0.7209, time 2.11s
[Val epoch 115] avg_acc=0.7209 | per-class [c0: 0.647, c1: 1.000, c2: 0.647]
Final validation 115/149, Val_acc: 0.7209, time 87.64sAccuracy: 0.721
class                  precision    recall   specificity      f1   support
--------------------------------------------------------------------------
0                          0.733     0.647         0.846   0.688        17
1                          0.750     1.000         0.912   0.857         9
2                          0.688     0.647         0.808   0.667        17
*========================================*
Saving checkpoint outputs/OrganoidsINRIA/swinunetr/2025-11-03-09-58/model_final.pt
0 Mon Nov  3 21:11:00 2025 Epoch: 116
Epoch: 116/150 Iter: 0/28 loss: 1.4335 acc: 0.5333 time 14.60s
Epoch: 116/150 Iter: 1/28 loss: 0.8245 acc: 0.7667 time 11.36s
Epoch: 116/150 Iter: 2/28 loss: 0.7820 acc: 0.8444 time 11.05s
Epoch: 116/150 Iter: 3/28 loss: 0.7455 acc: 0.7833 time 13.01s
Epoch: 116/150 Iter: 4/28 loss: 0.6652 acc: 0.8267 time 13.04s
Epoch: 116/150 Iter: 5/28 loss: 0.8075 acc: 0.8278 time 11.04s
Epoch: 116/150 Iter: 6/28 loss: 0.7780 acc: 0.8524 time 11.15s
Epoch: 116/150 Iter: 7/28 loss: 0.8112 acc: 0.8500 time 11.06s
Epoch: 116/150 Iter: 8/28 loss: 0.8003 acc: 0.8667 time 11.01s
Epoch: 116/150 Iter: 9/28 loss: 0.7735 acc: 0.8689 time 11.08s
Epoch: 116/150 Iter: 10/28 loss: 0.7473 acc: 0.8808 time 11.04s
Epoch: 116/150 Iter: 11/28 loss: 0.7749 acc: 0.8815 time 11.01s
Epoch: 116/150 Iter: 12/28 loss: 0.7243 acc: 0.8906 time 11.11s
Epoch: 116/150 Iter: 13/28 loss: 0.8004 acc: 0.8746 time 11.00s
Epoch: 116/150 Iter: 14/28 loss: 0.7646 acc: 0.8830 time 10.98s
Epoch: 116/150 Iter: 15/28 loss: 0.7377 acc: 0.8903 time 10.98s
Epoch: 116/150 Iter: 16/28 loss: 0.8176 acc: 0.8722 time 13.04s
Epoch: 116/150 Iter: 17/28 loss: 0.8742 acc: 0.8639 time 10.98s
Epoch: 116/150 Iter: 18/28 loss: 0.8450 acc: 0.8711 time 11.06s
Epoch: 116/150 Iter: 19/28 loss: 0.8145 acc: 0.8775 time 10.95s
Epoch: 116/150 Iter: 20/28 loss: 0.8014 acc: 0.8714 time 11.06s
Epoch: 116/150 Iter: 21/28 loss: 0.8064 acc: 0.8697 time 10.92s
Epoch: 116/150 Iter: 22/28 loss: 0.7898 acc: 0.8754 time 10.99s
Epoch: 116/150 Iter: 23/28 loss: 0.7716 acc: 0.8806 time 13.19s
Epoch: 116/150 Iter: 24/28 loss: 0.7440 acc: 0.8853 time 11.07s
Epoch: 116/150 Iter: 25/28 loss: 0.7400 acc: 0.8897 time 13.01s
Epoch: 116/150 Iter: 26/28 loss: 0.7552 acc: 0.8907 time 10.94s
Epoch: 116/150 Iter: 27/28 loss: 0.7351 acc: 0.8946 time 10.93s
[Train epoch 116] avg_loss=0.7351 avg_acc=0.8946 | per-class [c0: 0.912, c1: 0.970, c2: 0.866]
Final training 116/149, loss: 0.7351, time 322.72s, lr: 0.000067
Accuracy: 0.905
class                  precision    recall   specificity      f1   support
--------------------------------------------------------------------------
0                          0.954     0.912         0.970   0.932        68
1                          0.821     0.970         0.948   0.889        33
2                          0.906     0.866         0.941   0.885        67
*----------------------------------------*
0 Mon Nov  3 21:16:22 2025 Epoch: 117
Epoch: 117/150 Iter: 0/28 loss: 1.4786 acc: 0.8333 time 13.91s
Epoch: 117/150 Iter: 1/28 loss: 1.3174 acc: 0.8333 time 11.01s
Epoch: 117/150 Iter: 2/28 loss: 0.9142 acc: 0.8889 time 12.94s
Epoch: 117/150 Iter: 3/28 loss: 1.3968 acc: 0.8611 time 11.32s
Epoch: 117/150 Iter: 4/28 loss: 1.2044 acc: 0.8889 time 11.19s
Epoch: 117/150 Iter: 5/28 loss: 1.0384 acc: 0.9074 time 10.96s
Epoch: 117/150 Iter: 6/28 loss: 0.9233 acc: 0.9206 time 13.20s
Epoch: 117/150 Iter: 7/28 loss: 0.9277 acc: 0.9097 time 11.02s
Epoch: 117/150 Iter: 8/28 loss: 0.8700 acc: 0.9198 time 10.99s
Epoch: 117/150 Iter: 9/28 loss: 0.9037 acc: 0.9278 time 13.07s
Epoch: 117/150 Iter: 10/28 loss: 0.9690 acc: 0.9040 time 10.98s
Epoch: 117/150 Iter: 11/28 loss: 0.9074 acc: 0.9120 time 11.01s
Epoch: 117/150 Iter: 12/28 loss: 0.8735 acc: 0.9188 time 13.00s
Epoch: 117/150 Iter: 13/28 loss: 0.9149 acc: 0.9008 time 13.09s
Epoch: 117/150 Iter: 14/28 loss: 0.8715 acc: 0.9074 time 12.99s
Epoch: 117/150 Iter: 15/28 loss: 0.8986 acc: 0.8976 time 10.96s
Epoch: 117/150 Iter: 16/28 loss: 0.9007 acc: 0.8971 time 10.96s
Epoch: 117/150 Iter: 17/28 loss: 0.8707 acc: 0.9028 time 10.94s
Epoch: 117/150 Iter: 18/28 loss: 0.8368 acc: 0.9079 time 12.96s
Epoch: 117/150 Iter: 19/28 loss: 0.8528 acc: 0.8986 time 10.99s
Epoch: 117/150 Iter: 20/28 loss: 0.9561 acc: 0.8955 time 13.03s
Epoch: 117/150 Iter: 21/28 loss: 0.9683 acc: 0.8750 time 10.95s
Epoch: 117/150 Iter: 22/28 loss: 0.9518 acc: 0.8732 time 11.04s
Epoch: 117/150 Iter: 23/28 loss: 0.9190 acc: 0.8785 time 10.98s
Epoch: 117/150 Iter: 24/28 loss: 0.9037 acc: 0.8833 time 11.00s
Epoch: 117/150 Iter: 25/28 loss: 0.8873 acc: 0.8724 time 11.15s
Epoch: 117/150 Iter: 26/28 loss: 0.9084 acc: 0.8623 time 10.98s
Epoch: 117/150 Iter: 27/28 loss: 0.9365 acc: 0.8613 time 10.95s
[Train epoch 117] avg_loss=0.9365 avg_acc=0.8613 | per-class [c0: 0.897, c1: 0.909, c2: 0.836]
Final training 117/149, loss: 0.9365, time 327.62s, lr: 0.000064
Accuracy: 0.875
class                  precision    recall   specificity      f1   support
--------------------------------------------------------------------------
0                          0.924     0.897         0.950   0.910        68
1                          0.811     0.909         0.948   0.857        33
2                          0.862     0.836         0.911   0.848        67
*----------------------------------------*
0 Mon Nov  3 21:21:50 2025 Epoch: 118
Epoch: 118/150 Iter: 0/28 loss: 0.8699 acc: 0.7500 time 17.67s
Epoch: 118/150 Iter: 1/28 loss: 0.8864 acc: 0.8194 time 11.01s
Epoch: 118/150 Iter: 2/28 loss: 1.1941 acc: 0.8241 time 11.02s
Epoch: 118/150 Iter: 3/28 loss: 1.0982 acc: 0.8264 time 13.00s
Epoch: 118/150 Iter: 4/28 loss: 0.9287 acc: 0.8611 time 11.07s
Epoch: 118/150 Iter: 5/28 loss: 0.8236 acc: 0.8843 time 11.01s
Epoch: 118/150 Iter: 6/28 loss: 0.7601 acc: 0.9008 time 13.01s
Epoch: 118/150 Iter: 7/28 loss: 0.6914 acc: 0.9132 time 11.05s
Epoch: 118/150 Iter: 8/28 loss: 0.7029 acc: 0.9228 time 13.03s
Epoch: 118/150 Iter: 9/28 loss: 0.7359 acc: 0.9139 time 10.94s
Epoch: 118/150 Iter: 10/28 loss: 0.7276 acc: 0.9217 time 11.20s
Epoch: 118/150 Iter: 11/28 loss: 0.7548 acc: 0.9144 time 11.08s
Epoch: 118/150 Iter: 12/28 loss: 0.7433 acc: 0.9209 time 10.99s
Epoch: 118/150 Iter: 13/28 loss: 0.7465 acc: 0.9266 time 10.98s
Epoch: 118/150 Iter: 14/28 loss: 0.7215 acc: 0.9315 time 10.97s
Epoch: 118/150 Iter: 15/28 loss: 0.7036 acc: 0.9358 time 10.98s
Epoch: 118/150 Iter: 16/28 loss: 0.7417 acc: 0.9297 time 10.98s
Epoch: 118/150 Iter: 17/28 loss: 0.7138 acc: 0.9336 time 10.95s
Epoch: 118/150 Iter: 18/28 loss: 0.7137 acc: 0.9196 time 11.27s
Epoch: 118/150 Iter: 19/28 loss: 0.7192 acc: 0.9174 time 10.97s
Epoch: 118/150 Iter: 20/28 loss: 0.7043 acc: 0.9213 time 11.06s
Epoch: 118/150 Iter: 21/28 loss: 0.7760 acc: 0.9097 time 11.21s
Epoch: 118/150 Iter: 22/28 loss: 0.7728 acc: 0.9088 time 10.95s
Epoch: 118/150 Iter: 23/28 loss: 0.7535 acc: 0.9126 time 10.95s
Epoch: 118/150 Iter: 24/28 loss: 0.7644 acc: 0.9094 time 10.95s
Epoch: 118/150 Iter: 25/28 loss: 0.7664 acc: 0.9087 time 10.95s
Epoch: 118/150 Iter: 26/28 loss: 0.7764 acc: 0.8997 time 13.01s
Epoch: 118/150 Iter: 27/28 loss: 0.7584 acc: 0.9033 time 10.96s
[Train epoch 118] avg_loss=0.7584 avg_acc=0.9033 | per-class [c0: 0.881, c1: 0.969, c2: 0.913]
Final training 118/149, loss: 0.7584, time 323.27s, lr: 0.000060
Accuracy: 0.911
class                  precision    recall   specificity      f1   support
--------------------------------------------------------------------------
0                          0.922     0.881         0.950   0.901        67
1                          0.912     0.969         0.978   0.939        32
2                          0.900     0.913         0.929   0.906        69
*----------------------------------------*
0 Mon Nov  3 21:27:13 2025 Epoch: 119
Epoch: 119/150 Iter: 0/28 loss: 0.4006 acc: 1.0000 time 16.31s
Epoch: 119/150 Iter: 1/28 loss: 0.3723 acc: 1.0000 time 11.01s
Epoch: 119/150 Iter: 2/28 loss: 0.7928 acc: 0.9630 time 13.38s
Epoch: 119/150 Iter: 3/28 loss: 0.8765 acc: 0.8889 time 11.00s
Epoch: 119/150 Iter: 4/28 loss: 0.7695 acc: 0.9111 time 11.06s
Epoch: 119/150 Iter: 5/28 loss: 1.3349 acc: 0.8981 time 11.07s
Epoch: 119/150 Iter: 6/28 loss: 1.1901 acc: 0.9127 time 11.31s
Epoch: 119/150 Iter: 7/28 loss: 1.0989 acc: 0.9236 time 12.99s
Epoch: 119/150 Iter: 8/28 loss: 1.0797 acc: 0.9198 time 11.05s
Epoch: 119/150 Iter: 9/28 loss: 1.0074 acc: 0.9278 time 11.20s
Epoch: 119/150 Iter: 10/28 loss: 0.9300 acc: 0.9343 time 13.10s
Epoch: 119/150 Iter: 11/28 loss: 1.0075 acc: 0.9051 time 11.06s
Epoch: 119/150 Iter: 12/28 loss: 1.0341 acc: 0.8782 time 11.00s
Epoch: 119/150 Iter: 13/28 loss: 0.9690 acc: 0.8869 time 10.96s
Epoch: 119/150 Iter: 14/28 loss: 0.9716 acc: 0.8667 time 11.02s
Epoch: 119/150 Iter: 15/28 loss: 0.9561 acc: 0.8750 time 11.15s
Epoch: 119/150 Iter: 16/28 loss: 0.9271 acc: 0.8824 time 11.02s
Epoch: 119/150 Iter: 17/28 loss: 0.9621 acc: 0.8519 time 11.08s
Epoch: 119/150 Iter: 18/28 loss: 0.9451 acc: 0.8596 time 10.97s
Epoch: 119/150 Iter: 19/28 loss: 0.9141 acc: 0.8667 time 10.99s
Epoch: 119/150 Iter: 20/28 loss: 0.8797 acc: 0.8730 time 11.01s
Epoch: 119/150 Iter: 21/28 loss: 0.8669 acc: 0.8737 time 11.09s
Epoch: 119/150 Iter: 22/28 loss: 0.8989 acc: 0.8744 time 12.95s
Epoch: 119/150 Iter: 23/28 loss: 0.8889 acc: 0.8796 time 11.00s
Epoch: 119/150 Iter: 24/28 loss: 0.8568 acc: 0.8844 time 12.97s
Epoch: 119/150 Iter: 25/28 loss: 0.8416 acc: 0.8889 time 10.96s
Epoch: 119/150 Iter: 26/28 loss: 0.8967 acc: 0.8848 time 11.00s
Epoch: 119/150 Iter: 27/28 loss: 0.8966 acc: 0.8849 time 10.98s
[Train epoch 119] avg_loss=0.8966 avg_acc=0.8849 | per-class [c0: 0.881, c1: 0.941, c2: 0.940]
Final training 119/149, loss: 0.8966, time 324.74s, lr: 0.000057
Accuracy: 0.917
class                  precision    recall   specificity      f1   support
--------------------------------------------------------------------------
0                          0.952     0.881         0.970   0.915        67
1                          0.865     0.941         0.963   0.901        34
2                          0.913     0.940         0.941   0.926        67
*----------------------------------------*
Val 119/150 0/43, Acc: 0.0000, time 2.11s
Val 119/150 1/43, Acc: 0.5000, time 1.97s
Val 119/150 2/43, Acc: 0.6667, time 1.98s
Val 119/150 3/43, Acc: 0.7500, time 2.03s
Val 119/150 4/43, Acc: 0.8000, time 2.00s
Val 119/150 5/43, Acc: 0.6667, time 1.98s
Val 119/150 6/43, Acc: 0.7143, time 2.10s
Val 119/150 7/43, Acc: 0.7500, time 2.07s
Val 119/150 8/43, Acc: 0.7778, time 2.01s
Val 119/150 9/43, Acc: 0.8000, time 2.03s
Val 119/150 10/43, Acc: 0.8182, time 1.95s
Val 119/150 11/43, Acc: 0.7500, time 2.07s
Val 119/150 12/43, Acc: 0.6923, time 1.99s
Val 119/150 13/43, Acc: 0.6429, time 2.09s
Val 119/150 14/43, Acc: 0.6667, time 2.12s
Val 119/150 15/43, Acc: 0.6875, time 2.17s
Val 119/150 16/43, Acc: 0.6471, time 2.07s
Val 119/150 17/43, Acc: 0.6667, time 1.98s
Val 119/150 18/43, Acc: 0.6842, time 2.11s
Val 119/150 19/43, Acc: 0.7000, time 1.95s
Val 119/150 20/43, Acc: 0.7143, time 2.07s
Val 119/150 21/43, Acc: 0.7273, time 2.12s
Val 119/150 22/43, Acc: 0.7391, time 2.07s
Val 119/150 23/43, Acc: 0.7500, time 2.08s
Val 119/150 24/43, Acc: 0.7600, time 2.02s
Val 119/150 25/43, Acc: 0.7692, time 2.06s
Val 119/150 26/43, Acc: 0.7778, time 2.00s
Val 119/150 27/43, Acc: 0.7500, time 2.05s
Val 119/150 28/43, Acc: 0.7586, time 2.03s
Val 119/150 29/43, Acc: 0.7333, time 1.96s
Val 119/150 30/43, Acc: 0.7419, time 1.96s
Val 119/150 31/43, Acc: 0.7500, time 2.06s
Val 119/150 32/43, Acc: 0.7576, time 2.06s
Val 119/150 33/43, Acc: 0.7647, time 1.97s
Val 119/150 34/43, Acc: 0.7714, time 2.05s
Val 119/150 35/43, Acc: 0.7778, time 2.06s
Val 119/150 36/43, Acc: 0.7568, time 2.04s
Val 119/150 37/43, Acc: 0.7368, time 2.07s
Val 119/150 38/43, Acc: 0.7436, time 1.96s
Val 119/150 39/43, Acc: 0.7500, time 2.07s
Val 119/150 40/43, Acc: 0.7561, time 2.04s
Val 119/150 41/43, Acc: 0.7619, time 2.03s
Val 119/150 42/43, Acc: 0.7674, time 2.12s
[Val epoch 119] avg_acc=0.7674 | per-class [c0: 0.647, c1: 1.000, c2: 0.765]
Final validation 119/149, Val_acc: 0.7674, time 87.71sAccuracy: 0.767
class                  precision    recall   specificity      f1   support
--------------------------------------------------------------------------
0                          0.846     0.647         0.923   0.733        17
1                          0.750     1.000         0.912   0.857         9
2                          0.722     0.765         0.808   0.743        17
*========================================*
Saving checkpoint outputs/OrganoidsINRIA/swinunetr/2025-11-03-09-58/model_final.pt
0 Mon Nov  3 21:34:11 2025 Epoch: 120
Epoch: 120/150 Iter: 0/28 loss: 1.2528 acc: 0.5556 time 14.57s
Epoch: 120/150 Iter: 1/28 loss: 2.4332 acc: 0.4861 time 11.09s
Epoch: 120/150 Iter: 2/28 loss: 1.7549 acc: 0.6574 time 11.23s
Epoch: 120/150 Iter: 3/28 loss: 1.5942 acc: 0.7014 time 11.26s
Epoch: 120/150 Iter: 4/28 loss: 1.3496 acc: 0.7611 time 10.96s
Epoch: 120/150 Iter: 5/28 loss: 1.3445 acc: 0.7454 time 13.27s
Epoch: 120/150 Iter: 6/28 loss: 1.2600 acc: 0.7817 time 10.95s
Epoch: 120/150 Iter: 7/28 loss: 1.1643 acc: 0.8090 time 10.97s
Epoch: 120/150 Iter: 8/28 loss: 1.1314 acc: 0.8302 time 10.97s
Epoch: 120/150 Iter: 9/28 loss: 1.0986 acc: 0.8139 time 12.98s
Epoch: 120/150 Iter: 10/28 loss: 1.0518 acc: 0.8194 time 13.09s
Epoch: 120/150 Iter: 11/28 loss: 1.0807 acc: 0.8241 time 11.31s
Epoch: 120/150 Iter: 12/28 loss: 1.0438 acc: 0.8376 time 11.04s
Epoch: 120/150 Iter: 13/28 loss: 1.0329 acc: 0.8313 time 11.06s
Epoch: 120/150 Iter: 14/28 loss: 1.0750 acc: 0.8204 time 10.95s
Epoch: 120/150 Iter: 15/28 loss: 1.0460 acc: 0.8247 time 13.17s
Epoch: 120/150 Iter: 16/28 loss: 1.1510 acc: 0.8007 time 11.06s
Epoch: 120/150 Iter: 17/28 loss: 1.1657 acc: 0.8025 time 11.05s
Epoch: 120/150 Iter: 18/28 loss: 1.1067 acc: 0.8129 time 10.97s
Epoch: 120/150 Iter: 19/28 loss: 1.0828 acc: 0.8097 time 11.02s
Epoch: 120/150 Iter: 20/28 loss: 1.0536 acc: 0.8135 time 13.13s
Epoch: 120/150 Iter: 21/28 loss: 1.0640 acc: 0.7967 time 12.99s
Epoch: 120/150 Iter: 22/28 loss: 1.0429 acc: 0.8056 time 10.93s
Epoch: 120/150 Iter: 23/28 loss: 1.0305 acc: 0.8090 time 11.04s
Epoch: 120/150 Iter: 24/28 loss: 1.0319 acc: 0.8167 time 11.02s
Epoch: 120/150 Iter: 25/28 loss: 0.9973 acc: 0.8237 time 10.93s
Epoch: 120/150 Iter: 26/28 loss: 0.9783 acc: 0.8302 time 10.98s
Epoch: 120/150 Iter: 27/28 loss: 0.9824 acc: 0.8155 time 10.98s
[Train epoch 120] avg_loss=0.9824 avg_acc=0.8155 | per-class [c0: 0.870, c1: 0.912, c2: 0.846]
Final training 120/149, loss: 0.9824, time 325.01s, lr: 0.000053
Accuracy: 0.869
class                  precision    recall   specificity      f1   support
--------------------------------------------------------------------------
0                          0.923     0.870         0.949   0.896        69
1                          0.816     0.912         0.948   0.861        34
2                          0.846     0.846         0.903   0.846        65
*----------------------------------------*
0 Mon Nov  3 21:39:37 2025 Epoch: 121
Epoch: 121/150 Iter: 0/28 loss: 1.2444 acc: 0.8333 time 14.06s
Epoch: 121/150 Iter: 1/28 loss: 0.9288 acc: 0.8333 time 12.98s
Epoch: 121/150 Iter: 2/28 loss: 1.1983 acc: 0.7222 time 11.43s
Epoch: 121/150 Iter: 3/28 loss: 0.9949 acc: 0.7917 time 11.00s
Epoch: 121/150 Iter: 4/28 loss: 0.8839 acc: 0.8111 time 11.05s
Epoch: 121/150 Iter: 5/28 loss: 0.8139 acc: 0.8426 time 11.06s
Epoch: 121/150 Iter: 6/28 loss: 0.7771 acc: 0.8294 time 11.01s
Epoch: 121/150 Iter: 7/28 loss: 0.6922 acc: 0.8507 time 11.32s
Epoch: 121/150 Iter: 8/28 loss: 0.6831 acc: 0.8488 time 13.23s
Epoch: 121/150 Iter: 9/28 loss: 0.6408 acc: 0.8639 time 11.06s
Epoch: 121/150 Iter: 10/28 loss: 0.6159 acc: 0.8763 time 11.06s
Epoch: 121/150 Iter: 11/28 loss: 0.7413 acc: 0.8144 time 11.31s
Epoch: 121/150 Iter: 12/28 loss: 0.7050 acc: 0.8286 time 11.05s
Epoch: 121/150 Iter: 13/28 loss: 0.7593 acc: 0.8052 time 10.98s
Epoch: 121/150 Iter: 14/28 loss: 0.7563 acc: 0.8181 time 11.00s
Epoch: 121/150 Iter: 15/28 loss: 0.7864 acc: 0.8295 time 10.97s
Epoch: 121/150 Iter: 16/28 loss: 0.7792 acc: 0.8395 time 11.00s
Epoch: 121/150 Iter: 17/28 loss: 0.7883 acc: 0.8346 time 10.94s
Epoch: 121/150 Iter: 18/28 loss: 0.8104 acc: 0.8433 time 12.95s
Epoch: 121/150 Iter: 19/28 loss: 0.7968 acc: 0.8449 time 11.22s
Epoch: 121/150 Iter: 20/28 loss: 0.7708 acc: 0.8522 time 10.92s
Epoch: 121/150 Iter: 21/28 loss: 0.7627 acc: 0.8590 time 11.06s
Epoch: 121/150 Iter: 22/28 loss: 0.7633 acc: 0.8579 time 10.97s
Epoch: 121/150 Iter: 23/28 loss: 0.7355 acc: 0.8638 time 13.01s
Epoch: 121/150 Iter: 24/28 loss: 0.7365 acc: 0.8659 time 11.03s
Epoch: 121/150 Iter: 25/28 loss: 0.7691 acc: 0.8646 time 11.01s
Epoch: 121/150 Iter: 26/28 loss: 0.7916 acc: 0.8573 time 10.94s
Epoch: 121/150 Iter: 27/28 loss: 0.7697 acc: 0.8624 time 11.23s
[Train epoch 121] avg_loss=0.7697 avg_acc=0.8624 | per-class [c0: 0.882, c1: 0.939, c2: 0.866]
Final training 121/149, loss: 0.7697, time 320.89s, lr: 0.000050
Accuracy: 0.887
class                  precision    recall   specificity      f1   support
--------------------------------------------------------------------------
0                          0.952     0.882         0.970   0.916        68
1                          0.775     0.939         0.933   0.849        33
2                          0.892     0.866         0.931   0.879        67
*----------------------------------------*
0 Mon Nov  3 21:44:58 2025 Epoch: 122
Epoch: 122/150 Iter: 0/28 loss: 0.2209 acc: 1.0000 time 13.88s
Epoch: 122/150 Iter: 1/28 loss: 0.4793 acc: 1.0000 time 10.93s
Epoch: 122/150 Iter: 2/28 loss: 0.5153 acc: 0.9444 time 13.03s
Epoch: 122/150 Iter: 3/28 loss: 0.6134 acc: 0.9306 time 11.23s
Epoch: 122/150 Iter: 4/28 loss: 1.2835 acc: 0.8889 time 11.20s
Epoch: 122/150 Iter: 5/28 loss: 1.1647 acc: 0.8866 time 10.97s
Epoch: 122/150 Iter: 6/28 loss: 1.0365 acc: 0.9028 time 11.12s
Epoch: 122/150 Iter: 7/28 loss: 1.0319 acc: 0.8455 time 11.04s
Epoch: 122/150 Iter: 8/28 loss: 0.9614 acc: 0.8627 time 13.09s
Epoch: 122/150 Iter: 9/28 loss: 0.8876 acc: 0.8764 time 11.01s
Epoch: 122/150 Iter: 10/28 loss: 0.8719 acc: 0.8876 time 11.06s
Epoch: 122/150 Iter: 11/28 loss: 1.0134 acc: 0.8600 time 11.06s
Epoch: 122/150 Iter: 12/28 loss: 1.0366 acc: 0.8387 time 13.06s
Epoch: 122/150 Iter: 13/28 loss: 0.9986 acc: 0.8502 time 10.98s
Epoch: 122/150 Iter: 14/28 loss: 1.0233 acc: 0.8454 time 10.99s
Epoch: 122/150 Iter: 15/28 loss: 0.9654 acc: 0.8550 time 10.96s
Epoch: 122/150 Iter: 16/28 loss: 0.9253 acc: 0.8636 time 11.08s
Epoch: 122/150 Iter: 17/28 loss: 0.9004 acc: 0.8711 time 10.93s
Epoch: 122/150 Iter: 18/28 loss: 0.8721 acc: 0.8779 time 10.91s
Epoch: 122/150 Iter: 19/28 loss: 0.8327 acc: 0.8840 time 10.95s
Epoch: 122/150 Iter: 20/28 loss: 0.8207 acc: 0.8816 time 11.00s
Epoch: 122/150 Iter: 21/28 loss: 0.7950 acc: 0.8870 time 10.98s
Epoch: 122/150 Iter: 22/28 loss: 0.7759 acc: 0.8919 time 11.08s
Epoch: 122/150 Iter: 23/28 loss: 0.7699 acc: 0.8964 time 11.02s
Epoch: 122/150 Iter: 24/28 loss: 0.7584 acc: 0.9006 time 10.99s
Epoch: 122/150 Iter: 25/28 loss: 0.7568 acc: 0.9001 time 11.10s
Epoch: 122/150 Iter: 26/28 loss: 0.7797 acc: 0.8976 time 13.03s
Epoch: 122/150 Iter: 27/28 loss: 0.7668 acc: 0.9013 time 10.94s
[Train epoch 122] avg_loss=0.7668 avg_acc=0.9013 | per-class [c0: 0.897, c1: 0.938, c2: 0.897]
Final training 122/149, loss: 0.7668, time 319.67s, lr: 0.000046
Accuracy: 0.905
class                  precision    recall   specificity      f1   support
--------------------------------------------------------------------------
0                          0.924     0.897         0.950   0.910        68
1                          0.882     0.938         0.971   0.909        32
2                          0.897     0.897         0.930   0.897        68
*----------------------------------------*
0 Mon Nov  3 21:50:18 2025 Epoch: 123
Epoch: 123/150 Iter: 0/28 loss: 0.6780 acc: 1.0000 time 14.70s
Epoch: 123/150 Iter: 1/28 loss: 0.6593 acc: 0.9500 time 11.04s
Epoch: 123/150 Iter: 2/28 loss: 0.5456 acc: 0.9667 time 11.05s
Epoch: 123/150 Iter: 3/28 loss: 0.6375 acc: 0.8917 time 13.06s
Epoch: 123/150 Iter: 4/28 loss: 0.6245 acc: 0.9133 time 11.07s
Epoch: 123/150 Iter: 5/28 loss: 0.6767 acc: 0.9093 time 11.10s
Epoch: 123/150 Iter: 6/28 loss: 0.6799 acc: 0.8627 time 11.09s
Epoch: 123/150 Iter: 7/28 loss: 0.8270 acc: 0.8590 time 13.24s
Epoch: 123/150 Iter: 8/28 loss: 0.7790 acc: 0.8747 time 11.22s
Epoch: 123/150 Iter: 9/28 loss: 0.7299 acc: 0.8872 time 10.97s
Epoch: 123/150 Iter: 10/28 loss: 0.7081 acc: 0.8975 time 11.28s
Epoch: 123/150 Iter: 11/28 loss: 0.7013 acc: 0.9060 time 11.37s
Epoch: 123/150 Iter: 12/28 loss: 0.7456 acc: 0.9047 time 11.01s
Epoch: 123/150 Iter: 13/28 loss: 0.7017 acc: 0.9115 time 10.91s
Epoch: 123/150 Iter: 14/28 loss: 0.7379 acc: 0.8952 time 11.01s
Epoch: 123/150 Iter: 15/28 loss: 0.7105 acc: 0.9017 time 11.06s
Epoch: 123/150 Iter: 16/28 loss: 0.6854 acc: 0.9075 time 10.98s
Epoch: 123/150 Iter: 17/28 loss: 0.6948 acc: 0.9127 time 10.93s
Epoch: 123/150 Iter: 18/28 loss: 0.6641 acc: 0.9173 time 13.07s
Epoch: 123/150 Iter: 19/28 loss: 0.6912 acc: 0.9131 time 11.08s
Epoch: 123/150 Iter: 20/28 loss: 0.7048 acc: 0.9093 time 13.07s
Epoch: 123/150 Iter: 21/28 loss: 0.8287 acc: 0.9058 time 10.99s
Epoch: 123/150 Iter: 22/28 loss: 0.8164 acc: 0.9099 time 10.97s
Epoch: 123/150 Iter: 23/28 loss: 0.8137 acc: 0.9090 time 10.94s
Epoch: 123/150 Iter: 24/28 loss: 0.7998 acc: 0.9127 time 11.17s
Epoch: 123/150 Iter: 25/28 loss: 0.7801 acc: 0.9160 time 10.94s
Epoch: 123/150 Iter: 26/28 loss: 0.7641 acc: 0.9191 time 10.94s
Epoch: 123/150 Iter: 27/28 loss: 0.7498 acc: 0.9220 time 10.98s
[Train epoch 123] avg_loss=0.7498 avg_acc=0.9220 | per-class [c0: 0.909, c1: 0.941, c2: 0.956]
Final training 123/149, loss: 0.7498, time 321.29s, lr: 0.000043
Accuracy: 0.935
class                  precision    recall   specificity      f1   support
--------------------------------------------------------------------------
0                          0.968     0.909         0.980   0.937        66
1                          0.914     0.941         0.978   0.928        34
2                          0.915     0.956         0.940   0.935        68
*----------------------------------------*
Val 123/150 0/43, Acc: 0.0000, time 2.10s
Val 123/150 1/43, Acc: 0.5000, time 2.00s
Val 123/150 2/43, Acc: 0.6667, time 1.97s
Val 123/150 3/43, Acc: 0.7500, time 2.04s
Val 123/150 4/43, Acc: 0.8000, time 2.01s
Val 123/150 5/43, Acc: 0.6667, time 2.00s
Val 123/150 6/43, Acc: 0.7143, time 2.10s
Val 123/150 7/43, Acc: 0.6250, time 2.09s
Val 123/150 8/43, Acc: 0.6667, time 2.01s
Val 123/150 9/43, Acc: 0.7000, time 2.04s
Val 123/150 10/43, Acc: 0.7273, time 1.98s
Val 123/150 11/43, Acc: 0.6667, time 2.08s
Val 123/150 12/43, Acc: 0.6923, time 1.99s
Val 123/150 13/43, Acc: 0.6429, time 2.10s
Val 123/150 14/43, Acc: 0.6667, time 2.12s
Val 123/150 15/43, Acc: 0.6875, time 2.18s
Val 123/150 16/43, Acc: 0.6471, time 2.07s
Val 123/150 17/43, Acc: 0.6667, time 1.98s
Val 123/150 18/43, Acc: 0.6842, time 2.12s
Val 123/150 19/43, Acc: 0.7000, time 1.96s
Val 123/150 20/43, Acc: 0.7143, time 2.07s
Val 123/150 21/43, Acc: 0.7273, time 2.12s
Val 123/150 22/43, Acc: 0.7391, time 2.07s
Val 123/150 23/43, Acc: 0.7500, time 2.07s
Val 123/150 24/43, Acc: 0.7600, time 2.01s
Val 123/150 25/43, Acc: 0.7692, time 2.05s
Val 123/150 26/43, Acc: 0.7778, time 1.99s
Val 123/150 27/43, Acc: 0.7500, time 2.05s
Val 123/150 28/43, Acc: 0.7586, time 2.02s
Val 123/150 29/43, Acc: 0.7333, time 1.96s
Val 123/150 30/43, Acc: 0.7419, time 2.00s
Val 123/150 31/43, Acc: 0.7500, time 2.05s
Val 123/150 32/43, Acc: 0.7576, time 2.06s
Val 123/150 33/43, Acc: 0.7647, time 1.98s
Val 123/150 34/43, Acc: 0.7714, time 2.04s
Val 123/150 35/43, Acc: 0.7778, time 2.07s
Val 123/150 36/43, Acc: 0.7568, time 2.06s
Val 123/150 37/43, Acc: 0.7368, time 2.06s
Val 123/150 38/43, Acc: 0.7436, time 2.00s
Val 123/150 39/43, Acc: 0.7500, time 2.08s
Val 123/150 40/43, Acc: 0.7561, time 2.05s
Val 123/150 41/43, Acc: 0.7619, time 2.02s
Val 123/150 42/43, Acc: 0.7674, time 2.13s
[Val epoch 123] avg_acc=0.7674 | per-class [c0: 0.647, c1: 1.000, c2: 0.765]
Final validation 123/149, Val_acc: 0.7674, time 87.94sAccuracy: 0.767
class                  precision    recall   specificity      f1   support
--------------------------------------------------------------------------
0                          0.786     0.647         0.885   0.710        17
1                          0.818     1.000         0.941   0.900         9
2                          0.722     0.765         0.808   0.743        17
*========================================*
Saving checkpoint outputs/OrganoidsINRIA/swinunetr/2025-11-03-09-58/model_final.pt
0 Mon Nov  3 21:57:12 2025 Epoch: 124
